                                         4000_story_0004.txt 32.8  4.3 4461
  5.6  0.0  1.1 50.7 15.2  0.7  3.6  0.2 18.8  6.5  1.8  1.3  0.0  2.7  0.0
  0.2  0.2  4.0 15.0  0.2  0.7292.5132.3 49.5 36.5 44.8  9.2  4.9  1.8  5.4
  0.7  3.6 27.8  3.4  7.8 21.5  1.3  8.1  1.6  0.7  0.7  1.3  4.0  4.0  0.9
  1.8  4.7  2.0  0.7  2.2 12.8 25.3  6.7  0.4  7.8 86.5 78.9  0.4 98.6  6.5
  3.6  0.0  0.0  0.0  0.0  0.0  0.0  0.0  0.0  0.0  0.0  0.0  0.0  0.0  0.0
  0.0  0.0  0.0  0.4  0.2  0.7  0.2  0.0  0.0  0.0  0.0  0.0  0.2  0.0  0.0
  0.0  0.2  0.4  0.2  0.0  0.2  0.0  0.0  0.0  0.0  0.0  0.0  4.5  1.6  0.0
  1.6  0.0  0.2  1.8  0.9  0.2  1.1  6.1  0.0  0.0  0.0  0.0  0.0  0.0  0.0
  0.0  0.2  0.0  0.0  0.0  0.0  0.2 16.1  4.3  2.5 10.8 22.9  2.2  4.7  6.9
  1.8  1.8  2.9  4.0  0.2  0.2  0.0 17.5  8.5  8.5  1.1  2.0  3.1  1.6  0.0
    -12.18      0.15      4.10     -3.01      0.78  1.3  1.1  0.0  0.0  0.0
                                         4000_story_0005.txt 37.3  4.5 3509
 13.1  2.3 10.8 41.0  8.3  1.1  2.8  3.4  9.4 12.0  1.7  0.0  0.3  4.3  0.3
  2.6  0.3  0.9 14.5  0.9  1.7245.1104.0 57.6 66.7 51.3 35.9  4.3  2.6  5.4
  0.3  3.7 22.8  5.1  7.1 34.2  4.0  9.1  0.3  1.4  1.7  1.7  9.4  4.3  1.1
  1.4  6.0  6.0  1.4  2.6 11.7 25.6  6.8  1.1  8.3 97.2 69.0  2.0121.1  7.7
  3.1  0.3  0.0  0.0  0.0  0.0  0.0  0.0  0.0  0.0  0.0  0.0  0.0  0.0  0.0
  0.0  0.0  0.0  1.4  0.3  5.1  1.1  0.3  0.3  0.0  0.0  0.0  0.3  0.0  0.0
  0.3  0.3  0.6  0.9  0.0  0.3  0.0  0.0  0.0  0.3  0.6  0.0  1.1  0.0  0.0
  8.0  0.6  0.3  8.8  2.0  0.3  2.6  1.7  0.0  0.0  0.0  0.0  0.0  0.0  0.0
  0.3  0.6  0.3  0.0  0.0  0.0  0.6  3.7  4.6  2.6 12.0 11.1  4.3  4.8  6.0
  1.1  3.1  0.9  1.4  0.6  1.7  1.4 21.9  7.1 18.0  1.4  4.6  5.7  4.0  0.0
     -7.07      6.44      2.90     -2.20      4.24  1.1  0.0  0.0  0.0  0.0
                                         4000_story_0007.txt 35.0  4.3 2999
  9.7  2.0  3.3 26.0  1.7  0.7  0.3  0.7  2.0 10.3  2.3  1.7  0.3  2.3  0.0
  0.3  1.0  3.0 18.3  0.3  2.3266.1100.0 47.7 82.0 80.4  9.7  3.0  0.7  3.3
  0.0  6.7 17.3  9.0 14.0 39.0  7.7  4.7  0.0  1.7  2.0  0.7  6.3  3.0  0.3
  2.0  8.3  2.3  1.0  4.7  9.7 36.7  5.3  1.3  4.0 96.0 84.0  1.0131.4 14.3
  1.3  0.0  0.0  0.0  0.0  0.0  0.0  0.0  0.0  0.0  0.0  0.0  0.0  0.0  0.0
  0.0  0.0  0.0  1.7  0.3  2.3  1.3  0.0  0.0  0.0  0.0  0.0  0.0  0.0  0.0
  0.0  0.7  1.3  1.3  0.0  0.7  0.0  0.0  0.0  0.0  0.3  0.7  1.0  0.0  0.0
  5.7  0.0  0.0  5.7  3.3  0.7  4.0  2.0  0.0  0.0  0.0  0.0  0.0  0.0  0.0
  0.7  1.0  0.0  0.0  0.0  0.0  0.0 13.0  0.7  1.0 10.7 21.3  2.7  5.0  9.0
  1.0  3.3  0.0  1.7  1.3  0.3  0.0 26.7  6.7 12.3  1.3  5.7  5.0  4.0  0.0
     -8.85      2.96     -2.20     -3.52      1.69  0.0  0.0  0.0  0.0  0.0
                                         4000_story_0008.txt 33.8  4.2 4144
 16.2  3.6  8.7 39.3  9.2  1.2  2.7  3.4 77.7 10.4  0.5  1.2  0.7  2.7  0.7
  1.2  1.0  5.1 26.5  1.4  3.4217.4 98.9 44.2 62.7 24.1  7.5  3.9  0.5  1.4
  0.0  4.1 19.5  6.5 11.8 41.7  8.9  5.6  0.2  4.8  2.2  0.7 12.5  2.9  0.7
  1.2  8.0  5.3  2.7  4.1 12.8 44.6  4.8  2.4  1.9 90.7111.0  1.7121.9  9.2
  3.1  0.0  0.0  0.0  0.0  0.0  0.0  0.0  0.0  0.0  0.0  0.0  0.0  0.0  0.0
  0.0  0.0  0.0  2.9  0.5  4.1  1.4  0.0  0.0  0.0  0.0  0.2  0.2  0.0  0.0
  0.0  1.4  1.0  1.0  0.0  1.0  0.0  0.0  0.0  0.5  0.0  0.0  2.7  0.7  0.0
  8.9  0.0  0.5  9.4  3.4  1.0  4.8  3.4  0.0  0.0  0.0  0.0  0.0  0.0  0.0
  1.0  0.5  0.5  0.0  0.0  0.0  0.0  5.1  3.1  2.4 11.6 14.7  1.9  8.0  7.2
  4.8  1.9  0.7  1.9  1.0  1.4  0.5 26.8  4.6 22.0  1.7  3.6  4.8  1.9  0.0
      3.96     -0.44     -2.85     -1.69      5.60  0.7  0.0  0.0  0.0  0.0
                                         4000_story_0009.txt 35.3  4.5 4395
 10.9  2.3  2.0 28.7  3.0  0.2  1.1  2.0  3.9 11.1  0.7  0.2  1.8  3.2  0.2
  3.4  0.5  5.2 16.4  0.5  0.9244.4117.2 47.1 82.1 64.6  9.3  5.0  2.0  3.4
  2.0  3.0 38.9  8.0  9.3 31.9 13.7  4.3  0.7  2.3  0.7  5.9  3.2 10.0  1.6
  1.6  7.1  3.0  2.0  5.5 10.2 28.9 13.2  0.9  7.5 71.4 71.4  3.6134.9  7.5
  1.6  0.2  0.0  0.0  0.0  0.0  0.0  0.0  0.0  0.0  0.0  0.0  0.0  0.0  0.0
  0.0  0.0  0.0  2.7  2.0  2.0  1.1  1.1  0.2  0.0  0.0  0.0  0.2  0.0  0.9
  0.7  2.5  1.6  0.0  0.0  1.4  0.2  0.0  0.7  1.6  0.7  0.0  1.8  0.2  0.0
  8.0  1.4  0.2  9.6  5.7  2.3  9.6  2.7  0.0  0.0  0.0  0.0  0.0  0.0  0.0
  0.0  0.5  0.0  0.2  0.0  0.2  0.0 18.4  4.1  3.9 19.1 11.4  1.4  7.5  8.6
  3.0  0.9  8.6  0.5  1.4  3.0  0.9 28.9 12.1 16.4  1.1  2.3  4.6  2.7  0.0
     -8.17      2.57      2.71     -1.63      1.62  0.5  0.9  0.7  0.0  0.0
                                         4000_story_0010.txt 32.0  4.3 2347
  8.1  3.8  1.3 40.9  8.9  0.0  2.6  0.9  7.2 11.5  0.9  0.0  0.0  3.8  0.0
  0.0  0.4  8.1 16.6  0.4  1.7241.2124.0 38.8 79.7 58.8 10.2  5.5  1.7  2.1
  0.9  2.6 35.4  4.7  7.2 23.4 12.4  7.2  1.7  4.7  1.7  3.8  3.0 14.5  0.9
  2.1  7.7  5.1  3.4  6.0 17.0 31.5 17.5  0.9  4.7 63.9 75.0  5.1136.3  4.7
  3.4  0.4  0.0  0.0  0.0  0.0  0.0  0.0  0.0  0.0  0.0  0.0  0.0  0.0  0.0
  0.0  0.0  0.0  2.6  1.7  2.6  3.0  0.0  0.4  0.0  0.0  0.0  0.4  0.4  0.4
  0.9  1.3  1.3  0.4  0.9  0.4  0.0  0.0  0.0  0.4  0.4  0.0  0.4  1.3  0.0
  9.8  0.4  0.9 11.1  4.3  1.3  6.0  2.1  0.0  0.0  0.0  0.0  0.0  0.0  0.0
  0.9  0.0  0.0  0.0  0.0  0.9  0.4 11.9  6.8  5.1 15.8  6.4  3.0  8.1  8.1
  2.6  2.6  4.7  0.0  2.6  0.9  1.7 30.3  8.5 17.9  2.6  3.0  6.0  3.0  0.0
     -7.35      2.50      2.42      0.15      1.78  0.0  1.3  0.0  0.0  0.0
                                         4000_story_0013.txt 33.5  4.4 4006
  5.0  0.0  3.2 28.0  3.5  0.0  1.5  2.0  5.0  7.7  2.0  0.2  0.2  4.0  0.2
  1.0  0.2  2.2 19.5  0.2  1.5256.6121.1 32.5 68.9 36.4  8.7  3.7  0.7  2.0
  0.5  3.7 28.0  4.5  7.2 29.5 15.5  7.0  0.2  0.7  0.0  2.0  1.5 15.5  2.0
  1.5  9.0  2.5  2.2  2.5  9.2 33.2 19.0  0.5  3.2 66.2 44.9  2.2124.8 13.0
  1.2  0.2  0.0  0.0  0.0  0.0  0.0  0.0  0.0  0.0  0.0  0.0  0.0  0.0  0.0
  0.0  0.0  0.0  1.2  0.2  1.2  0.2  0.2  0.5  0.0  0.0  0.0  0.0  0.2  0.2
  0.7  0.7  2.0  0.0  0.2  0.0  0.0  0.2  0.2  1.2  0.0  0.0  0.0  1.2  0.0
  3.0  0.7  0.2  4.0  3.7  0.7  5.7  1.2  0.0  0.0  0.0  0.0  0.0  0.0  0.0
  0.2  0.0  0.0  0.0  0.0  0.0  0.0  6.2  5.5  1.5  9.5 13.2  3.2 10.7  9.0
  3.7  0.7  1.2  0.2  0.7  0.7  0.0 30.7  7.0  9.0  4.7  2.5  3.7  1.7  0.0
    -10.66      0.53      1.11     -3.72      1.67  0.5  0.2  0.0  0.0  0.2
                                         4000_story_0014.txt 31.0  4.0 3879
 13.1  2.8 23.2 70.9 29.6  0.8  3.9  2.6 48.5 11.3  1.5  0.3  0.8  4.9  0.0
  0.5  1.0  6.4 18.0  0.8  2.3217.6104.4 22.9 59.8 36.6  7.0  7.5  0.0  0.8
  0.0  1.5 15.2  4.1 12.6 34.0 15.2 12.1  1.8  4.1  2.8  1.0  5.2  3.9  0.8
  0.8  9.0  3.4  1.0  2.3 21.4 33.0  5.4  1.8  0.8 54.1114.7  4.6147.2  6.2
  2.8  0.3  0.0  0.0  0.0  0.0  0.0  0.0  0.0  0.0  0.0  0.0  0.0  0.0  0.0
  0.0  0.0  0.0  3.4  1.5  2.1  1.5  1.3  0.0  0.0  0.0  0.3  0.0  0.0  0.5
  0.8  1.8  1.5  0.8  0.0  0.3  1.0  0.5  0.0  0.5  0.3  0.0  2.3  0.3  0.0
  8.5  1.3  0.3 10.1  5.4  1.8  7.7  2.8  0.0  0.0  0.0  0.0  0.0  0.0  0.0
  0.8  0.8  0.5  0.0  0.0  0.0  0.0  9.8  3.9  3.9  7.5 10.6  2.3 10.3  7.5
  1.8  1.8  1.5  0.0  1.8  1.5  0.3 38.2 16.0 22.7  3.4  1.3  5.2  3.1  0.0
      4.57      0.59     -3.84      0.50      1.03  0.3  0.3  0.3  0.0  0.0
                                         4000_story_0016.txt 32.5  4.1 4950
  9.9  3.6 12.7 47.7  9.3  0.8  2.0  2.0 41.8 10.1  2.4  0.0  0.0  6.7  0.0
  0.0  0.2  5.1 12.3  0.8  3.2231.9110.1 24.8 80.2 40.4  9.1  9.9  1.6  2.2
  0.6  1.0 18.0  4.0 12.3 33.5 14.5  8.5  1.6  3.4  2.0  1.4  3.2  8.3  0.6
  2.6  9.5  2.4  2.0  2.4 15.6 26.3 11.5  1.0  4.4 52.7 91.5  3.0152.9 10.7
  2.6  0.2  0.0  0.0  0.0  0.0  0.0  0.0  0.0  0.0  0.0  0.0  0.0  0.0  0.0
  0.0  0.0  0.0  2.8  1.4  1.4  1.6  0.2  0.0  0.0  0.0  0.0  0.0  0.0  1.0
  1.0  2.2  2.0  0.4  0.0  0.0  0.0  0.0  0.2  1.4  0.0  0.0  2.2  0.4  0.0
  7.3  0.2  0.0  7.5  6.7  0.2  8.3  2.6  0.0  0.0  0.0  0.0  0.0  0.0  0.0
  0.2  0.0  0.2  0.2  0.0  0.0  0.2  8.3  7.1  2.0 11.3  9.3  3.4  9.9  5.5
  3.6  1.6  2.0  0.8  1.6  0.4  0.0 43.2 15.2 16.0  2.2  1.6  6.3  2.6  0.0
     -2.41      2.29     -1.48     -0.97      0.96  0.6  0.2  0.0  0.0  0.2
                                         4000_story_0018.txt 30.5  4.1 5396
 10.4  3.5 17.4 80.2 22.2  1.3  3.3  0.9 41.3 10.9  4.4  0.0  1.9  3.3  0.2
  1.9  0.9  8.3 14.6  0.9  1.9237.2101.2 28.5 48.7 33.9 10.6 12.2  1.5  2.8
  0.2  0.7 31.9  5.9  9.3 30.0 17.2 14.8  1.9  3.5  3.2  1.7  4.6  6.9  0.4
  1.5  6.3  4.3  2.0  3.5 26.3 25.2  8.7  1.9  4.4 54.9 97.5  3.2149.9  6.9
  3.2  0.4  0.0  0.0  0.0  0.0  0.0  0.0  0.0  0.0  0.0  0.0  0.0  0.0  0.0
  0.0  0.0  0.0  3.5  1.3  2.0  2.4  0.9  0.4  0.4  0.0  0.0  0.2  0.4  0.7
  0.4  3.0  1.5  0.7  0.2  1.3  0.4  0.6  0.6  0.6  0.4  0.0  3.5  0.4  0.0
  9.3  1.7  0.6 11.5  6.3  3.0  9.8  4.3  0.0  0.0  0.0  0.0  0.0  0.0  0.0
  0.9  0.7  0.0  0.0  0.4  0.0  0.2 11.7  3.3  3.3 14.3 10.7  3.2  9.6 11.5
  3.7  1.9  0.7  0.4  1.5  1.5  1.1 37.2 19.1 16.1  3.7  1.7  4.3  3.7  0.0
      2.31      1.68     -0.23      1.29      1.07  0.7  0.2  0.0  0.0  0.0
                                         4000_story_0019.txt 31.8  3.9 5581
 15.2  4.8 14.9 54.5 16.5  1.8  3.6  2.5 60.6 11.1  1.3  0.0  0.2  3.4  0.2
  0.9  0.4  5.9 19.2  2.0  5.6195.8 96.8 22.9 86.4 54.5  7.3 10.8  0.5  2.2
  0.2  2.3 10.8  7.0 12.9 36.0 18.1  9.0  1.8  4.3  1.1  2.0  5.7  5.4  0.0
  1.1  9.1  3.2  1.6  4.8 15.9 34.9  6.5  2.3  2.9 55.4131.5  4.1162.7  9.5
  2.3  0.0  0.0  0.0  0.0  0.0  0.0  0.0  0.0  0.0  0.0  0.0  0.0  0.0  0.0
  0.0  0.0  0.0  3.4  1.3  1.8  2.5  0.5  0.4  0.2  0.0  0.2  0.2  0.2  0.5
  0.4  2.7  1.1  0.7  0.9  0.9  0.4  0.0  0.2  0.7  0.0  0.0  3.4  0.2  0.0
  9.0  1.1  0.5 10.6  5.4  2.3  8.4  3.6  0.0  0.0  0.0  0.0  0.0  0.0  0.0
  0.5  0.7  0.0  0.0  0.0  0.2  0.2 10.2  2.7  3.0  9.9 11.8  2.3  9.3  6.8
  0.2  1.3  3.8  0.4  2.2  0.9  0.0 36.7 15.9 20.6  2.5  1.3  8.1  2.5  0.0
      5.74      2.94     -3.70     -0.64      1.12  0.0  0.2  0.0  0.0  0.0
                                         4000_story_0020.txt 34.3  4.5 4391
  7.1  0.7  0.9 20.7  1.1  0.2  1.6  1.1  3.4 10.0  0.9  0.0  0.9  4.3  1.8
  1.8  0.0  3.4 10.2  0.0  0.5250.7129.4 38.5 79.5 48.7 14.8  0.9  3.4  2.0
  1.6  1.4 40.1  3.6  8.0 30.1  9.6  2.3  0.0  0.9  0.5  2.7  2.7 12.1  2.0
  3.2  9.6  1.8  2.0  7.1  6.1 22.1 17.3  0.0  7.1 69.5 53.3  2.3120.9  7.3
  3.6  0.2  0.0  0.0  0.0  0.0  0.0  0.0  0.0  0.0  0.0  0.0  0.0  0.0  0.0
  0.0  0.0  0.0  1.1  0.5  1.4  0.5  0.2  0.9  0.0  0.0  0.2  0.2  0.2  0.0
  0.7  0.2  2.3  0.0  0.2  1.4  0.0  0.9  0.0  0.2  0.0  0.2  1.1  0.7  0.0
  3.4  1.1  0.7  5.2  3.2  2.5  5.9  2.0  0.0  0.0  0.0  0.0  0.0  0.0  0.0
  0.2  0.9  0.0  0.0  0.0  0.0  0.0 10.7  7.1  2.0 10.2 14.3  0.9 13.7 13.7
  1.4  1.6  0.9  0.0  1.6  1.1  0.9 31.0  2.5  9.3  0.9  1.8  3.0  4.1  0.0
    -12.22      2.07      3.65     -4.34      2.52  0.9  0.9  0.0  0.0  0.2
                                         4000_story_0022.txt 30.5  4.3 5481
  8.4  2.9  1.6 23.2  1.6  0.4  1.3  1.5  2.9  7.3  0.5  0.0  0.0  2.9  0.9
  1.6  0.0  2.4 23.0  0.7  2.0237.7116.9 37.9 89.0 88.1 11.3  1.6  0.7  5.1
  1.1  2.0 22.1  8.0 10.0 31.4 10.0  1.5  1.5  1.1  2.2  3.5  3.8  8.2  0.4
  2.2  8.0  2.0  3.3  3.3  6.0 34.1 10.8  0.7  6.9 68.8 92.7  3.1129.9  6.0
  0.9  0.4  0.0  0.0  0.0  0.0  0.0  0.0  0.0  0.0  0.0  0.0  0.0  0.0  0.0
  0.0  0.0  0.0  0.7  1.6  2.4  0.5  0.4  0.0  0.0  0.0  0.0  0.4  0.0  0.4
  0.0  0.5  2.0  0.5  0.0  0.5  0.0  0.0  0.0  1.1  0.0  0.0  2.2  0.5  0.0
  5.3  0.4  0.4  6.0  3.5  0.5  5.1  2.7  0.0  0.0  0.0  0.0  0.0  0.0  0.0
  0.4  0.2  0.0  0.0  0.0  0.0  0.4  9.7  3.8  2.2 11.5 13.7  4.2  9.3 12.4
  1.1  2.9  2.0  0.7  1.3  0.4  0.5 28.1  4.4 13.7  2.2  5.5  4.7  3.1  0.0
     -8.63      3.60      0.20     -2.86      1.00  1.1  0.2  0.2  0.0  0.2
                                         4000_story_0188.txt 34.3  4.1 5455
 20.7  5.3  7.9 61.6 13.6  2.7  2.7  3.5 28.2 11.2  2.7  0.4  1.1  6.4  0.2
  1.8  1.3  5.7 35.9  2.7  2.7210.6 91.8 52.1 73.0 50.0  6.8  6.2  0.9  2.4
  0.9  3.8  9.7  5.9  9.5 34.3 14.1  9.9  2.0  4.0  1.3  1.8  2.9  6.8  0.4
  0.5 11.2  0.7  2.0  3.5 16.9 55.4  7.7  4.0  4.2 83.0 91.8  4.8157.8  9.5
  2.9  0.0  0.0  0.0  0.0  0.0  0.0  0.0  0.0  0.0  0.0  0.0  0.0  0.0  0.0
  0.0  0.0  0.0  1.3  1.5  2.4  2.4  0.2  0.0  0.0  0.0  0.0  0.0  0.0  0.4
  0.4  2.0  0.7  2.2  0.0  0.5  0.2  0.4  0.2  0.2  0.0  0.2  3.1  0.9  0.0
  7.5  0.2  0.0  7.7  5.7  1.3  7.1  4.2  0.0  0.0  0.0  0.0  0.0  0.0  0.0
  0.4  1.5  0.2  0.0  0.4  0.0  0.5  8.6  1.3  1.6  7.1 15.2  2.7  4.8  3.8
  2.2  7.0  2.4  2.0  1.6  0.5  0.4 34.1 14.7 27.7  1.8  3.1 11.9  4.9  0.0
     10.13      1.36     -0.79     -0.42     -0.31  0.4  0.0  0.2  0.0  0.0
                                         4000_story_0190.txt 34.5  4.3 2039
  8.3  0.5  1.0 26.0  2.0  0.5  1.0  3.9  3.9  8.8  1.0  0.5  0.5  1.5  0.5
  3.4  0.5  2.0 34.3  0.5  1.5248.2106.4 51.0 77.5 50.5  8.3  2.0  0.5  2.0
  2.0  7.4 15.7  4.9  5.9 31.4 10.3  2.9  0.0  1.5  2.9  2.9  3.4 12.8  2.5
  2.0  4.9  4.4  2.0  3.4  7.8 48.6 17.2  1.0  4.4 95.1 56.4  2.9126.5  9.3
  1.5  0.5  0.0  0.0  0.0  0.0  0.0  0.0  0.0  0.0  0.0  0.0  0.0  0.0  0.0
  0.0  0.0  0.0  2.0  1.0  1.0  1.0  1.0  0.0  0.0  0.0  0.0  0.0  0.0  0.0
  0.0  1.0  1.5  1.5  0.0  0.5  0.5  0.0  0.0  1.0  0.0  0.0  3.4  0.0  0.0
  4.9  1.0  0.0  5.9  3.9  1.0  5.9  3.4  0.0  0.0  0.0  0.0  0.0  0.0  0.0
  0.5  0.5  0.0  0.0  0.0  0.0  0.5 14.7  4.4  2.9 10.8 21.1  3.4  8.8  2.9
  2.9  8.3  4.4  2.9  0.5  0.5  0.0 31.4  6.4 12.3  2.5  1.5  7.8  3.4  0.0
     -6.14      1.03      2.93     -2.66      2.97  1.0  0.0  0.0  0.0  0.0
                                         4000_story_0198.txt 34.3  4.9 5327
 10.5  0.6  9.2 46.7 10.5  0.8  1.9  2.1 19.5  9.9  1.7  0.2  0.6  3.6  0.4
  2.8  0.0  3.8 29.8  0.2  2.3290.0103.6 52.0 58.9 52.8  6.9  2.3  1.3  1.5
  0.4  2.3 29.5  4.7  6.4 27.2  9.4  6.2  0.9  3.8  1.3  1.9  2.6  4.9  0.6
  2.8  8.3  3.0  1.9  2.8 11.3 44.3  8.3  0.2  3.2 94.8 82.8  2.4128.8  9.2
  2.8  0.2  0.0  0.0  0.0  0.0  0.0  0.0  0.0  0.0  0.0  0.0  0.0  0.0  0.0
  0.0  0.0  0.0  0.0  1.1  0.9  1.9  0.4  0.0  0.0  0.0  0.0  0.2  0.0  0.2
  0.9  1.1  0.6  1.1  0.0  0.4  0.4  0.0  0.0  0.4  0.2  0.0  1.5  0.9  0.0
  3.9  0.4  0.2  4.5  3.9  0.8  5.1  2.6  0.0  0.0  0.0  0.0  0.0  0.0  0.0
  0.4  0.8  0.2  0.0  0.0  0.0  0.2  8.8  3.2  2.3 14.1 11.8  1.5  3.9  3.0
  1.1  2.1  3.9  0.4  0.6  0.6  0.4 24.4  6.0 16.7  0.9  3.8  8.3  1.9  0.0
     -7.01      0.31      0.96     -1.74      0.10  0.8  0.4  0.0  0.2  0.0
                                         4000_story_0199.txt 33.8  3.9 5308
 15.8  2.4 24.3 66.7  6.4  2.1  2.3  2.4 29.8  9.8  1.5  0.6  0.2  4.1  0.4
  3.6  1.5  7.9 35.0  1.1  3.8195.2 84.2 33.7 79.3 55.8  9.8  8.9  0.2  2.6
  0.2  5.5  6.8  5.7 12.6 42.0 16.6 11.5  1.7  3.4  1.9  2.3  4.1  7.5  0.2
  1.7  7.7  1.5  1.7  4.7 21.3 52.2  9.4  2.6  3.0 73.1 91.9  1.9174.6 13.0
  0.8  0.9  0.0  0.0  0.0  0.0  0.0  0.0  0.0  0.0  0.0  0.0  0.0  0.0  0.0
  0.0  0.0  0.0  0.6  1.3  1.9  0.9  1.5  0.4  0.0  0.0  0.0  0.0  0.0  0.2
  0.6  2.8  1.9  0.9  0.2  0.4  1.1  0.2  0.0  0.4  0.0  0.2  2.8  0.6  0.0
  4.7  1.9  0.0  6.6  6.4  1.9  8.7  3.6  0.0  0.0  0.0  0.0  0.0  0.0  0.0
  1.3  0.8  0.0  0.0  0.0  0.0  0.2 14.3  0.9  1.5 10.6 16.2  1.3  5.5  7.9
  3.8  4.7  3.2  0.6  2.8  0.6  0.0 51.2 14.7 22.8  1.9  3.8  8.5  4.7  0.0
      9.82      2.88     -2.65      0.02      0.80  0.0  0.0  0.2  0.0  0.0
                                         4000_story_0201.txt 30.3  4.1 2687
 16.4  5.2 16.0 77.4 10.0  1.9  2.6  5.6 70.3  9.3  2.2  0.0  0.4  3.7  0.0
  2.2  0.4  4.5 29.8  1.1  3.7191.7 92.3 36.1 64.0 21.6 10.8  7.4  0.4  2.6
  0.4  6.3 22.3  6.7  8.6 39.8 15.6 10.8  1.9  4.5  3.0  3.3  5.2  7.1  0.4
  1.5  6.0  3.0  2.2  6.0 18.2 46.5  8.9  1.5  3.3 75.9102.0  3.0162.6 13.4
  2.2  0.4  0.0  0.0  0.0  0.0  0.0  0.0  0.0  0.0  0.0  0.0  0.0  0.0  0.0
  0.0  0.0  0.0  2.2  2.6  2.6  1.9  0.0  0.4  0.0  0.0  0.4  0.0  0.4  0.7
  0.4  1.5  1.5  0.7  0.4  0.7  0.4  0.0  0.0  1.1  0.0  0.0  5.2  1.5  0.0
  9.3  0.4  0.7 10.4  4.8  1.5  7.4  6.7  0.0  0.0  0.0  0.0  0.0  0.0  0.0
  1.9  0.0  0.0  0.0  0.0  0.0  1.1 13.0  1.9  1.9  8.9  8.6  1.9  6.0  3.7
  4.5  2.6  1.1  1.1  1.1  0.4  0.0 30.9 16.7 22.0  0.4  3.7 10.4  6.0  0.0
      6.98      0.79      0.03      1.35      1.47  0.0  0.4  0.4  0.0  0.4
                                         4000_story_0203.txt 36.3  4.4 3121
 11.9  2.6  8.7 60.6  9.3  2.6  2.2  6.7 18.3 19.5  2.2  1.0  0.6  4.8  0.0
  1.9  0.3  5.1 31.7  1.9  1.6234.5 84.9 44.9 72.7 51.3  6.7  8.0  0.0  2.6
  0.0  3.2 12.8  6.7 12.2 40.7 14.1  8.0  1.9  5.1  0.6  1.3  5.8  4.5  0.3
  1.6  8.0  2.6  1.9  3.5 13.8 49.0  6.4  2.2  2.6 85.5 78.8  3.2157.6 11.5
  2.9  0.3  0.0  0.0  0.0  0.0  0.0  0.0  0.0  0.0  0.0  0.0  0.0  0.0  0.0
  0.0  0.0  0.0  0.3  1.0  2.2  1.0  0.3  0.3  0.0  0.0  0.0  0.0  0.0  0.3
  0.3  1.3  0.6  1.0  0.0  0.3  0.6  0.0  0.0  0.6  0.0  0.0  3.5  1.0  0.0
  4.5  0.6  0.0  5.1  3.5  1.0  5.1  4.5  0.0  0.0  0.0  0.0  0.0  0.0  0.0
  1.3  1.9  0.0  0.0  0.3  0.0  0.0 11.2  1.9  1.9  6.7 12.5  1.6  4.8  3.2
  4.8  5.8  5.1  1.6  3.5  1.0  0.0 35.9 12.8 16.3  1.9  2.2 15.4  5.1  0.0
      4.29      1.72     -3.48     -0.93      1.42  0.6  0.0  0.0  0.0  0.0
                                         4000_story_0205.txt 35.0  4.7 5115
 13.1  3.5  6.1 54.7 10.2  1.6  2.2  2.9 18.0 14.7  3.5  1.8  0.6  3.3  0.4
  3.7  1.4  4.9 30.1  1.0  3.1265.9 82.9 37.3 70.8 60.6  9.4  5.7  1.0  2.7
  0.6  2.0 22.5  4.7  9.6 36.4 14.1 14.3  1.4  4.7  3.5  2.0  3.9  7.8  0.2
  1.6  9.0  3.1  1.2  3.5 22.7 47.5  9.6  2.3  4.3 77.6 88.8  4.7151.7  6.8
  2.9  0.4  0.0  0.0  0.0  0.0  0.0  0.0  0.0  0.0  0.0  0.0  0.0  0.0  0.0
  0.0  0.0  0.0  1.2  0.6  2.5  1.6  0.4  0.2  0.2  0.0  0.0  0.0  0.0  0.0
  0.6  2.7  0.8  0.6  0.2  0.2  0.4  0.4  0.2  0.4  0.0  0.0  3.5  0.4  0.0
  5.9  0.8  0.0  6.6  4.7  1.4  6.5  3.9  0.0  0.0  0.0  0.0  0.0  0.0  0.0
  0.2  0.2  0.0  0.0  0.0  0.0  0.2  9.0  2.3  2.0  5.5 12.3  1.2  6.3  3.5
  4.7  4.5  1.6  1.2  0.6  0.8  0.0 31.3 11.1 24.4  2.2  3.5  8.6  4.7  0.0
      3.19      2.15     -0.49      1.82      0.66  0.4  0.0  0.0  0.0  0.2
                                         4000_story_0208.txt 33.8  4.4 4390
 19.6  5.0 18.5 70.4 15.7  1.8  1.8  4.6 38.5 15.0  2.5  0.9  0.9  5.9  0.0
  2.1  1.1 10.7 28.9  0.9  2.7227.6 86.6 41.7 65.1 42.6 10.5  6.4  0.5  3.2
  0.0  2.5 18.9  6.2  7.5 37.1 15.3 10.7  1.1  3.2  2.5  1.4  4.6  6.4  0.2
  2.3  6.2  2.3  1.6  4.3 23.9 41.7  8.9  2.1  3.6 80.4 96.8  3.4158.1  6.4
  3.9  0.5  0.0  0.0  0.0  0.0  0.0  0.0  0.0  0.0  0.0  0.0  0.0  0.0  0.0
  0.0  0.0  0.0  1.4  1.6  3.4  1.4  0.9  0.0  0.0  0.0  0.0  0.0  0.0  0.7
  0.7  1.1  0.7  0.0  0.2  0.9  0.7  0.5  0.0  0.7  0.0  0.0  2.5  0.9  0.0
  7.7  0.9  0.0  8.7  3.2  2.3  6.2  3.4  0.0  0.0  0.0  0.0  0.0  0.0  0.0
  0.5  0.5  0.2  0.0  0.2  0.0  0.2  6.4  2.7  2.5  9.6 16.2  1.4  5.7  4.8
  2.1  3.6  3.0  0.2  0.7  0.7  0.2 36.4 13.0 26.0  3.6  2.7  9.3  5.0  0.0
      9.04      1.50     -1.00     -0.50      1.10  0.2  0.2  0.0  0.0  0.0
                                         4000_story_0209.txt 27.5  3.8 3277
 18.0  2.4  9.5 52.8 10.7  2.4  0.6  4.0 23.2  7.9  1.5  0.3  0.3  1.5  0.0
  4.6  3.4 10.7 40.0  1.2  7.3177.3 84.8 37.8 85.1 72.6  6.1 11.0  0.0  1.2
  0.3  4.9  4.6  7.3 13.7 39.4 19.8 13.1  0.0  5.5  2.4  2.4  4.0  6.4  0.0
  2.1 11.9  1.8  1.2  7.9 26.2 62.6  8.5  4.6  1.5 86.4106.5  2.7169.7  9.5
  1.2  0.0  0.0  0.0  0.0  0.0  0.0  0.0  0.0  0.0  0.0  0.0  0.0  0.0  0.0
  0.0  0.0  0.0  1.2  0.6  2.7  0.0  1.5  0.0  0.0  0.0  0.0  0.0  0.0  0.3
  0.6  1.2  1.5  0.3  0.0  0.6  1.2  0.3  0.0  0.3  0.0  0.3  2.4  0.0  0.0
  4.6  1.5  0.0  6.1  4.0  2.1  6.4  2.7  0.0  0.0  0.0  0.0  0.0  0.0  0.0
  0.3  0.3  0.0  0.0  0.3  0.0  0.9 16.8  2.1  0.6  6.4 18.9  1.5  4.9  7.0
  1.8  9.2  0.6  1.2  3.7  0.0  0.0 54.6 15.0 20.8  3.7  3.7  9.2  4.0  0.0
     14.22      3.51     -4.38      1.15      0.51  0.0  0.0  0.0  0.0  0.0
                                         4000_story_0213.txt 30.5  4.0 5063
 15.0  4.1 12.6 61.8  9.9  1.4  2.2  3.6 26.5 13.8  2.8  0.4  0.8  2.2  0.2
  5.3  1.8  3.6 34.2  2.4  4.9213.3 98.0 47.4 77.8 52.3  7.3  6.7  0.8  3.4
  0.4  4.3 10.3  5.7 10.9 34.2 14.8  9.9  2.8  5.1  1.8  0.8  3.2  6.1  0.6
  1.4 11.1  1.2  2.0  6.7 15.2 55.1  8.1  4.1  4.5 82.2 88.7  3.4163.1  8.1
  4.0  0.2  0.0  0.0  0.0  0.0  0.0  0.0  0.0  0.0  0.0  0.0  0.0  0.0  0.0
  0.0  0.0  0.0  0.8  0.8  3.6  1.2  1.8  0.0  0.0  0.0  0.0  0.0  0.0  1.0
  0.6  3.0  0.8  1.0  0.2  1.0  1.2  0.0  0.4  0.0  0.0  0.0  4.3  0.6  0.0
  6.3  1.8  0.0  8.1  6.3  2.8  9.1  4.9  0.0  0.0  0.0  0.0  0.0  0.0  0.0
  1.4  0.4  0.2  0.0  0.0  0.0  0.4  9.9  3.8  0.6  9.1 20.5  0.8  5.5  9.9
  3.6  5.1  3.0  3.6  3.4  1.4  0.4 42.7 13.0 23.5  1.2  4.0  9.3  4.7  0.0
      8.69      1.81     -0.97      0.13      0.18  0.4  0.0  0.0  0.0  0.0
                                         4000_story_0215.txt 35.5  4.1 3610
 16.6  3.6 11.1 50.4  7.2  1.7  4.7  5.3 47.4 17.2  1.7  1.1  0.8  3.9  0.6
  1.1  0.3  8.6 30.2  0.3  5.5189.8 98.3 39.6 73.4 55.1 15.0  3.3  2.8  3.9
  0.6  3.9 20.5  6.1  7.2 47.4 12.7  5.8  1.9  4.7  1.9  1.7  6.9  4.7  0.3
  1.9 11.6  3.0  2.2  4.2 16.3 51.5  6.9  0.6  7.2 76.7109.7  1.9146.8 10.2
  1.7  0.3  0.0  0.0  0.0  0.0  0.0  0.0  0.0  0.0  0.0  0.0  0.0  0.0  0.0
  0.0  0.0  0.0  0.0  1.4  3.3  3.3  0.6  0.0  0.0  0.0  0.0  0.0  0.3  0.6
  0.0  1.1  1.1  2.8  0.0  0.3  0.3  0.3  0.3  0.3  0.0  0.3  3.0  2.2  0.0
  8.0  0.6  0.3  8.9  5.5  1.1  6.9  5.5  0.0  0.0  0.0  0.0  0.0  0.0  0.0
  0.6  0.3  0.0  0.0  0.0  0.0  0.3 13.3  6.6  4.2 11.9 15.5  3.9  5.3  3.0
  2.2  2.5  1.4  0.8  0.8  0.6  1.1 26.0 14.4 26.0  4.7  4.4 13.0  1.7  0.0
      7.35      2.63      1.35     -0.87      2.25  1.4  0.0  0.0  0.0  0.0
                                         4000_story_0218.txt 29.5  3.9 2365
 16.1  6.3 11.8 54.5  8.5  3.8  1.7  3.8 25.4 11.0  2.5  0.0  1.3  3.0  0.4
  2.1  0.4  9.3 38.1  2.1  5.9185.6 84.6 32.1 90.9 73.6  7.6 11.8  0.4  1.7
  0.0  4.7  8.5  5.1 13.1 39.3 20.7 11.4  0.8  5.1  3.0  1.3  5.9  8.9  0.0
  1.3 13.1  1.7  2.1  5.5 23.7 60.9 10.1  2.5  2.1 58.8107.4  2.1178.4  9.3
  2.1  0.0  0.0  0.0  0.0  0.0  0.0  0.0  0.0  0.0  0.0  0.0  0.0  0.0  0.0
  0.0  0.0  0.0  3.4  2.1  3.8  1.3  1.7  0.0  0.0  0.0  0.0  0.0  0.4  0.8
  0.4  5.5  3.8  1.3  0.0  0.8  1.7  0.4  0.0  0.0  0.4  0.4  3.4  0.4  0.0
 10.6  1.7  0.4 12.7 11.8  3.0 14.8  4.7  0.0  0.0  0.0  0.0  0.0  0.0  0.0
  0.8  1.3  0.8  0.0  0.0  0.0  1.3 12.7  0.4  2.1  5.9 17.3  2.1  9.3  6.3
  4.2  7.2  4.2  0.8  1.7  0.0  0.0 50.3 18.6 27.5  2.1  0.8  8.5  8.5  0.0
     11.01      4.19     -3.16      0.61      1.83  0.0  0.0  0.0  0.0  0.0
                                         4000_story_0219.txt 33.3  4.2 4350
 11.5  3.4 13.1 79.3  8.7  1.6  1.4  2.1 35.2  9.2  1.6  0.5  0.0  3.7  0.2
  1.6  0.0  3.9 29.0  0.9  3.2227.6107.4 48.7 33.8 52.0 10.3  2.5  2.8  3.7
  0.2  4.6 25.7  4.6  9.7 41.1 13.6  6.9  0.5  1.8  1.8  1.4  6.2  3.9  0.5
  2.1  5.3  3.0  1.1  6.0 12.6 41.1  6.4  0.9  6.7 86.0 95.9  3.2137.9  7.1
  4.6  0.5  0.0  0.0  0.0  0.0  0.0  0.0  0.0  0.0  0.0  0.0  0.0  0.0  0.0
  0.0  0.0  0.0  1.4  1.6  3.0  3.0  0.2  0.5  0.0  0.0  0.0  0.0  0.0  0.5
  0.0  1.4  2.1  2.3  0.0  0.5  0.5  0.5  0.2  0.2  0.5  0.0  1.8  0.0  0.0
  9.0  0.7  0.0  9.7  6.2  1.6  8.0  2.3  0.0  0.0  0.0  0.0  0.0  0.0  0.0
  0.2  0.0  0.2  0.0  0.0  0.0  0.7  5.3  4.1  0.9 12.9 14.0  1.6  5.7  5.5
  3.2  2.1  1.8  0.5  2.1  0.2  1.4 29.4  7.6 19.8  1.4  5.5  8.3  3.9  0.0
     -0.58      0.15      1.64     -2.55      1.87  0.2  0.0  0.2  0.5  0.0
                                         4000_story_0220.txt 35.0  4.4 2690
  3.3  0.7 16.0 43.5  7.8  0.4  1.5  0.7  9.7  9.7  1.1  0.0  0.0  4.1  0.4
  0.7  1.1  3.3 18.6  0.0  1.9278.4113.4 46.8 67.3 45.0 12.6  8.6  1.9  3.7
  1.5  0.7 22.7  3.3  8.6 38.7  9.7  2.6  0.7  1.9  1.5  1.9  3.3  6.7  1.1
  2.2  5.2  1.5  2.6  2.6  7.4 26.4 10.0  1.1  7.1 80.7 62.5  1.5126.4  7.4
  4.5  0.0  0.0  0.0  0.0  0.0  0.0  0.0  0.0  0.0  0.0  0.0  0.0  0.0  0.0
  0.0  0.0  0.0  2.6  0.0  0.4  1.5  0.0  0.0  0.0  0.0  0.0  0.4  0.4  1.1
  0.4  0.7  0.4  0.7  0.0  0.0  0.0  0.0  0.0  0.0  0.0  0.0  1.1  1.9  0.0
  4.5  0.0  0.7  5.2  3.3  0.0  3.3  3.0  0.0  0.0  0.0  0.0  0.0  0.0  0.0
  0.4  0.4  0.0  0.0  0.0  0.0  0.0 18.2  3.7  2.2  5.2 16.7  1.9  6.3  5.2
  3.0  2.6  2.6  1.5  1.1  0.4  0.0 23.8 14.1  7.8  1.1  1.9  7.4  3.7  0.0
     -8.87      2.50      1.46     -3.45      1.06  0.4  0.0  0.0  0.0  0.0
                                         4000_story_0222.txt 35.8  4.3 4630
 13.6  3.5  7.6 45.6  3.5  0.4  1.5  2.8 44.3 11.4  2.4  0.2  0.6  3.5  0.2
  3.2  0.9  3.2 19.7  0.9  1.7243.2113.6 42.5 66.5 38.2  9.9  6.3  1.7  1.3
  1.3  4.3 26.6  6.9  6.3 39.3 12.3  8.2  1.1  4.3  2.8  2.2  5.4  5.2  0.2
  1.9  6.7  2.6  1.7  6.3 14.3 35.2  7.3  1.7  4.3 76.7 86.0  1.9128.3  9.3
  2.6  1.1  0.0  0.0  0.0  0.0  0.0  0.0  0.0  0.0  0.0  0.0  0.0  0.0  0.0
  0.0  0.0  0.0  1.5  1.3  1.7  2.6  0.6  0.4  0.0  0.0  0.0  0.0  0.2  0.2
  0.9  1.3  0.6  0.6  0.0  0.6  0.2  0.4  0.0  1.3  0.2  0.0  3.2  1.5  0.0
  7.1  1.1  0.2  8.4  3.7  1.3  6.3  5.0  0.0  0.0  0.0  0.0  0.0  0.0  0.0
  0.2  0.2  0.0  0.0  0.0  0.2  0.2 13.0  3.0  3.0  9.5 16.0  1.9  8.2  6.0
  1.5  3.2  3.9  0.4  0.2  1.3  0.0 23.5 11.0 16.8  0.6  6.3  5.2  2.2  0.0
     -2.71      1.23      1.21     -0.14      1.33  0.0  0.2  0.0  0.2  0.0
                                         4000_story_0223.txt 33.3  4.3 4439
 10.8  2.0  2.0 30.6  1.4  0.2  1.8  1.4 52.9 14.6  1.1  0.2  0.9  2.5  0.5
  1.1  0.7  5.0 19.1  0.5  2.5239.5121.2 37.4 72.8 19.6 10.6  3.6  1.8  2.3
  1.1  2.3 20.5  6.3 10.1 36.3 11.3  3.8  0.7  2.0  0.7  1.8  3.8  5.9  0.9
  3.2  5.2  2.7  3.6  5.4  9.5 28.8  9.9  1.1  5.2 69.4 73.9  0.9129.5  9.2
  3.2  0.2  0.0  0.0  0.0  0.0  0.0  0.0  0.0  0.0  0.0  0.0  0.0  0.0  0.0
  0.0  0.0  0.0  1.6  0.7  2.3  1.8  0.2  0.2  0.2  0.0  0.0  0.0  0.0  0.5
  0.5  1.1  1.1  0.7  0.5  0.5  0.0  0.2  0.2  0.5  0.2  0.0  2.0  0.5  0.0
  6.3  0.7  0.0  7.0  3.8  1.4  5.6  2.7  0.0  0.0  0.0  0.0  0.0  0.0  0.0
  0.5  0.5  0.0  0.0  0.2  0.5  0.0  3.2  2.7  0.9  9.0 21.4  1.8  7.2  5.9
  1.4  3.4  0.9  1.8  0.2  0.5  0.2 25.0  7.7 15.3  0.7  5.0  8.6  5.0  0.0
     -4.82      0.24     -0.40     -3.51      1.37  1.8  0.0  0.0  0.2  0.0
                                         4000_story_0224.txt 28.8  4.2 2771
 10.5  4.3  2.2 57.7 11.2  0.7  4.3  4.0 17.7 16.2  2.9  0.0  0.4  5.1  0.7
  7.2  0.4  8.3 32.5  1.1  2.5201.4100.0 38.3 80.1 58.1 10.8 11.9  0.4  6.9
  0.4  3.6 28.1  7.2  5.1 36.4 13.7  4.7  1.4  1.8  4.7  3.2  4.7 11.2  0.4
  1.1  4.7  3.2  2.9  8.7 17.7 42.6 12.6  1.4  7.6 72.9 87.0  2.9154.1  4.0
  2.5  1.1  0.0  0.0  0.0  0.0  0.0  0.0  0.0  0.0  0.0  0.0  0.0  0.0  0.0
  0.0  0.0  0.0  2.5  0.7  3.2  1.4  1.1  0.4  0.0  0.0  0.0  0.0  0.0  0.4
  0.7  1.1  1.1  1.1  0.4  0.4  0.0  0.4  0.4  0.0  0.4  0.0  5.8  0.7  0.0
  7.9  1.4  0.0  9.4  4.3  1.4  5.8  6.9  0.0  0.0  0.0  0.0  0.0  0.0  0.0
  0.0  0.4  0.0  0.4  0.0  0.0  0.0 17.0  5.1  1.4 12.6 10.8  2.9  1.4  2.9
  3.6  3.6  2.9  1.1  0.7  2.2  1.1 24.5 23.8 14.1  1.8  3.6  9.7  2.2  0.0
      6.80      3.78      2.61     -0.67      1.63  0.4  1.1  0.4  0.0  0.0
                                         4000_story_0225.txt 27.8  4.1 3167
 11.4  3.8  1.6 48.0 11.1  0.6  2.8  5.4 22.7 17.1  0.9  0.0  0.9  4.1  0.0
  3.8  0.3  4.7 33.5  1.6  1.6196.7 89.0 54.6 89.7 49.3 10.7 12.9  1.9  3.2
  1.9  2.8  9.2 12.9 11.7 39.5  5.4  2.2  1.9  2.8  1.9  3.2  3.2  6.3  0.0
  1.3  7.9  1.6  0.9  4.7  8.8 47.0  7.6  1.9  6.9 85.3 83.0  2.8145.9  6.3
  1.6  0.0  0.0  0.0  0.0  0.0  0.0  0.0  0.0  0.0  0.0  0.0  0.0  0.0  0.0
  0.0  0.0  0.0  3.2  0.0  0.9  0.6  0.0  0.0  0.0  0.0  0.0  0.0  0.0  0.3
  0.0  0.0  0.3  0.0  0.0  0.0  0.0  0.6  0.0  0.0  0.0  0.0  3.2  0.6  0.0
  4.7  0.0  0.0  4.7  0.6  0.6  1.3  3.8  0.0  0.0  0.0  0.0  0.0  0.0  0.0
  0.3  0.3  0.0  0.0  0.0  0.0  0.0 21.8  0.6  0.9  4.7 22.7  2.2  6.9  4.4
  3.5  8.2 11.4  2.8  0.3  1.3  0.0 27.2 21.5 14.8  0.3  7.6 12.6  1.9  0.0
      3.87      3.87     -2.30     -2.01     -0.29  0.0  0.3  0.0  0.0  0.0
                                         4000_story_0226.txt 27.8  3.9 4442
 10.6  2.3  1.1 63.3 18.5  0.9  2.3  2.5 31.3 14.4  2.0  0.2  2.5  3.2  0.0
  3.6  3.6  8.1 35.1  1.8  2.9176.9 84.2 40.7 67.3 69.1  8.6  4.7  1.1  2.9
  1.8  2.0 10.1 13.1 13.3 39.4 10.4 14.0  1.1  4.5  4.7  2.0  6.8  5.2  0.5
  1.6  6.5  3.2  1.6  2.7 26.8 48.4  7.2  5.4  5.9 65.5118.9  4.1145.9  7.4
  0.5  0.5  0.0  0.0  0.0  0.0  0.0  0.0  0.0  0.0  0.0  0.0  0.0  0.0  0.0
  0.0  0.0  0.0  1.8  0.5  1.6  1.1  0.2  0.0  0.0  0.0  0.0  0.0  0.0  0.5
  0.5  1.6  0.7  0.5  0.0  1.4  0.0  0.0  0.0  0.2  0.0  0.0  1.6  0.2  0.0
  5.0  0.2  0.0  5.2  3.6  1.4  5.2  1.8  0.0  0.0  0.0  0.0  0.0  0.0  0.0
  0.9  1.1  0.2  0.0  0.0  0.0  0.0 12.4  0.7  0.7  5.4 13.3  1.4  4.5 10.4
  5.6  3.8  2.9  0.2  2.9  1.8  0.0 44.8  9.9 14.9  1.4  4.7  7.0  2.9  0.0
     13.36      2.08     -3.69      2.19      2.23  0.0  0.0  0.0  0.0  0.0
                                         4000_story_0230.txt 30.3  4.1 3021
 10.9  2.3  7.0 62.6  7.9  1.0  6.3  5.0 32.8 13.6  1.7  0.3  1.3  7.3  0.0
  4.6  0.7  5.6 31.8  0.7  3.0179.4 99.6 40.4 76.5 59.9 10.3 12.6  0.7  5.0
  1.0  3.3 14.6  8.6 17.2 42.0 11.3  5.0  3.0  3.0  4.6  2.0  8.3  9.9  0.0
  2.6  6.3  3.0  1.0  5.0 15.2 44.7 12.6  1.3  6.6 69.5100.6  2.6153.9  6.0
  1.7  0.0  0.0  0.0  0.0  0.0  0.0  0.0  0.0  0.0  0.0  0.0  0.0  0.0  0.0
  0.0  0.0  0.0  1.7  1.7  1.7  0.3  0.3  0.0  0.0  0.0  0.0  0.0  0.0  0.3
  0.7  1.7  1.3  0.0  0.0  0.3  0.3  0.0  0.3  0.0  0.0  0.3  6.6  0.7  0.0
  5.3  0.3  0.0  5.6  4.0  1.0  5.0  7.6  0.0  0.0  0.0  0.0  0.0  0.0  0.0
  0.0  0.3  0.3  0.0  0.0  0.0  0.7 11.3  3.0  3.0  7.0 11.3  0.3  5.3  5.3
  1.0  5.6  1.3  1.7  1.7  0.7  0.3 33.4 20.5 14.2  0.7  4.6  7.9  1.3  0.0
      7.79      3.75     -2.92     -0.11      3.90  0.7  0.0  0.0  0.3  0.0
                                         4000_story_0237.txt 29.3  4.0 3269
 14.7  4.3  4.3 59.0  5.8  1.5  5.5  5.8 24.2 13.8  1.2  0.3  1.5  5.8  0.0
  4.0  3.7  5.2 36.4  0.9  4.3185.4 86.9 30.6 90.5 44.1  8.6 11.3  0.9  2.4
  0.0  3.1 11.9 11.9  9.8 47.7  8.6  7.6  2.1  3.1  2.4  4.0  5.8 10.7  0.0
  1.5  6.1  1.5  3.7  5.8 15.3 48.9 12.2  4.6  3.4 63.3 74.0  2.4156.9  3.1
  3.1  0.3  0.0  0.0  0.0  0.0  0.0  0.0  0.0  0.0  0.0  0.0  0.0  0.0  0.0
  0.0  0.0  0.0  2.8  0.9  1.2  0.9  0.0  0.0  0.0  0.0  0.3  0.0  0.0  0.0
  0.6  1.5  0.3  0.3  0.0  0.9  0.0  0.0  0.0  0.3  0.0  0.0  4.9  0.9  0.0
  5.8  0.0  0.3  6.1  2.8  0.9  4.0  5.8  0.0  0.0  0.0  0.0  0.0  0.0  0.0
  0.3  0.0  0.0  0.0  0.0  0.0  0.6  3.4  0.6  3.7  5.5 14.7  2.8  3.7  6.7
  0.9  7.3  3.4  1.5  1.2  1.5  0.0 25.7 14.7 22.6  0.3  7.3 10.7  3.4  0.0
     14.67      2.95     -4.30      0.05      2.12  0.0  0.0  0.0  0.0  0.0
                                         4000_story_0238.txt 30.8  4.1 2225
 13.5  4.0  1.3 58.4  6.3  1.3  6.3  4.5 29.7 11.2  2.2  0.9  0.4  6.3  0.0
  8.5  0.0  7.6 29.7  0.4  1.8190.6 90.8 28.8 84.5 69.7  8.1 16.2  0.9  5.8
  1.3  3.6 20.7 11.7  5.4 31.5 11.7 12.6  0.9  4.0  1.8  1.8  5.4 12.1  0.4
  1.8  6.3  3.6  1.8  7.2 22.0 44.5 14.4  0.4  8.1 60.7105.6  4.0155.5  2.7
  1.3  0.4  0.0  0.0  0.0  0.0  0.0  0.0  0.0  0.0  0.0  0.0  0.0  0.0  0.0
  0.0  0.0  0.0  2.7  1.3  2.2  0.9  0.4  0.0  0.0  0.0  0.0  0.0  0.0  0.4
  0.0  1.8  0.4  0.9  0.0  0.4  0.0  0.9  0.0  0.9  0.4  0.0  4.0  0.0  0.0
  7.2  0.4  0.0  7.6  3.6  1.3  5.8  4.5  0.0  0.0  0.0  0.0  0.0  0.0  0.0
  1.3  0.0  0.0  0.0  0.0  0.0  0.4 15.3  1.8  2.2  5.8 15.7  5.8  5.8  6.3
  1.8  4.5  2.2  0.4  0.0  3.6  0.0 31.0 27.0 18.9  2.7  4.5  6.7  2.2  0.0
      7.55      4.70      1.70      0.09      2.51  0.0  0.4  0.0  0.0  0.0
                                         4000_story_0242.txt 31.3  4.2 2308
 14.3  2.6  0.4 48.1  8.7  0.4  3.0  2.6 12.6 24.7  3.5  0.0  0.4  2.6  0.9
  1.7  2.2  8.7 29.0  0.9  3.0224.9110.1 44.2 65.4 30.8 10.4  3.5  0.4  2.2
  0.4  9.5 19.1  6.5 10.4 40.3 10.0  4.8  0.9  3.5  0.9  2.2  5.6  7.8  0.0
  1.7  7.8  1.7  2.2  6.1 14.3 49.8  9.5  3.0  3.0 84.9 52.0  4.8130.0  3.0
  3.0  0.0  0.0  0.0  0.0  0.0  0.0  0.0  0.0  0.0  0.0  0.0  0.0  0.0  0.0
  0.0  0.0  0.0  0.9  0.9  1.3  2.2  0.0  0.0  0.0  0.0  0.0  0.0  0.4  0.0
  0.0  0.9  0.0  1.3  0.0  0.4  0.0  0.0  0.0  0.0  0.0  0.0  2.6  0.4  0.0
  5.2  0.0  0.4  5.6  2.2  0.4  2.6  3.0  0.0  0.0  0.0  0.0  0.0  0.0  0.0
  0.0  0.4  0.0  0.0  0.0  0.0  0.0  0.9  0.0  2.2  9.1 31.2  0.4 13.4  6.1
  0.4  5.6  5.6  0.4  0.0  0.9  0.9 14.7  8.7 17.3  0.0 10.0 13.4  3.5  0.0
      4.41      0.43      0.36     -2.34      1.63  0.9  0.0  0.0  0.0  0.0
                                         4000_story_0249.txt 33.0  4.2 3572
 15.4  6.7  0.0 60.5 12.3  0.8  6.2  5.0 23.2 19.9  2.2  0.0  2.0  7.3  0.0
  3.4  2.2  7.6 41.2  1.4  3.4186.7 88.7 40.0 70.8 48.4 12.3  6.4  2.0  6.7
  1.4  3.4 15.7 10.6  5.6 41.2 10.9  9.2  1.1  0.8  3.6  5.0  6.2 12.3  0.3
  2.2  5.0  2.8  2.8  4.5 20.4 50.4 14.8  3.6 10.1 70.0 84.0  3.4147.5  5.3
  1.1  0.6  0.0  0.0  0.0  0.0  0.0  0.0  0.0  0.0  0.0  0.0  0.0  0.0  0.0
  0.0  0.0  0.0  5.0  0.6  2.8  0.8  0.3  0.3  0.0  0.0  0.0  0.0  0.0  0.3
  0.3  0.3  1.1  0.3  0.0  0.3  0.0  0.3  0.3  1.1  0.0  0.0  4.8  0.3  0.0
  9.2  0.6  0.0  9.8  2.2  0.8  4.2  5.0  0.0  0.0  0.0  0.0  0.0  0.0  0.0
  0.3  0.3  0.3  0.0  0.0  0.0  0.6 14.3  2.0  1.1  7.6 13.2  0.3  2.5  7.6
  1.7  5.9  1.1  0.8  0.8  2.0  0.3 26.9 27.2 23.8  2.0  3.1  9.0  4.5  0.0
     15.13      2.32      2.07      0.09      3.03  1.1  0.0  0.0  0.0  0.0
                                         4000_story_0250.txt 33.8  4.2 5041
 11.5  2.2  0.6 51.8  2.8  1.0  4.4  2.8 12.7 18.4  1.4  0.4  0.4  6.5  0.4
  4.8  1.2  5.4 31.9  0.6  1.8212.3106.9 38.1 73.8 66.5 11.3  4.0  2.8  5.0
  1.0  4.4 16.5 11.3  7.1 42.8 11.1  9.9  0.2  2.6  2.8  3.2  5.6 10.9  1.4
  2.2  5.8  1.2  3.0  2.2 18.1 45.0 14.5  1.8  8.7 64.1 81.9  4.2136.7  3.4
  2.6  0.0  0.0  0.0  0.0  0.0  0.0  0.0  0.0  0.0  0.0  0.0  0.0  0.0  0.0
  0.0  0.0  0.0  1.0  1.0  1.4  0.6  0.2  0.0  0.0  0.0  0.0  0.0  0.0  0.6
  0.2  1.4  0.8  0.6  0.0  1.0  0.2  0.0  0.0  0.4  0.6  0.0  3.6  0.8  0.0
  4.0  0.2  0.0  4.2  3.6  1.2  5.2  5.0  0.0  0.0  0.0  0.0  0.0  0.0  0.0
  0.0  0.2  0.0  0.0  0.0  0.0  0.0  9.9  1.0  2.0  8.3 18.1  2.8  6.1  7.1
  4.4  2.8  5.8  1.2  0.4  0.8  0.4 26.8 11.3 16.3  1.2  7.3 11.3  2.8  0.0
      4.25      2.56      0.98     -0.42      3.27  0.0  0.2  0.0  0.0  0.0
                                         4000_story_0254.txt 28.0  4.1 2241
 13.4  3.6  0.9 32.6  6.2  0.9  0.9  3.6  9.4  9.8  3.1  0.0  1.3  4.5  0.0
  2.7  0.0  7.1 61.1  0.4  2.7196.3 88.8 53.1107.5 91.9 11.6  9.4  0.9  3.6
  0.0  3.6 19.6  6.7 13.4 37.9 11.2  3.6  2.7  0.4  4.0  0.4  5.4 12.0  0.9
  0.4  7.1  3.6  2.7  5.8 14.7 72.3 13.4  0.4  4.5 75.4107.5  4.0159.8  2.2
  0.4  0.4  0.0  0.0  0.0  0.0  0.0  0.0  0.0  0.0  0.0  0.0  0.0  0.0  0.0
  0.0  0.0  0.0  4.5  2.2  1.3  1.8  0.0  0.4  0.0  0.0  0.0  0.0  0.0  0.0
  1.3  2.2  1.8  0.9  0.0  0.4  0.0  0.0  0.4  0.9  0.0  0.0  2.2  0.0  0.0
  9.8  0.4  0.0 10.3  6.2  0.9  8.0  2.2  0.0  0.0  0.0  0.0  0.0  0.0  0.0
  0.4  1.8  0.0  0.0  0.0  0.0  0.0 16.1  1.3  0.0  3.6 17.0  1.3  3.1  6.7
  8.9  6.7 12.0 13.4  0.9  0.9  0.0 30.3 15.2 22.3  3.6  3.1 13.4  5.4  0.0
      6.30      5.86     -2.04     -2.60      2.38  0.0  0.0  0.0  0.0  0.0
                                         4000_story_0256.txt 30.3  4.0 5058
 18.8  6.7  2.0 79.9 22.7  2.2  5.7  6.9 45.5 24.9  4.2  0.4  1.8  7.1  0.2
  3.6  1.0  6.9 34.6  1.0  3.6161.7 85.6 30.2 75.7 44.1  9.3 16.0  0.6  2.0
  0.4  2.6 20.6 10.3 12.9 43.1 10.3 12.1  1.0  3.4  7.1  3.4  2.8  7.3  0.2
  1.0  5.1  6.9  2.4  8.1 26.1 46.1  8.5  2.0  3.0 57.5112.3  4.7162.3  2.2
  1.8  0.4  0.0  0.0  0.0  0.0  0.0  0.0  0.0  0.0  0.0  0.0  0.0  0.0  0.0
  0.0  0.0  0.0  3.8  1.0  4.5  2.4  1.0  0.0  0.0  0.0  0.0  0.0  0.2  0.0
  0.4  2.0  0.8  0.6  0.0  0.6  0.4  0.0  0.4  0.4  0.2  0.2  7.3  0.2  0.0
 11.7  1.0  0.2 12.9  3.8  1.4  5.5  7.9  0.0  0.0  0.0  0.0  0.0  0.0  0.0
  0.8  0.0  0.2  0.0  0.0  0.0  0.4 19.0  2.6  2.4  8.9  7.5  1.6  3.2  5.7
  3.2  1.6  2.2  0.0  0.4  2.0  0.2 29.3 23.5 25.7  0.6  7.3 10.9  2.6  0.0
     17.76      3.48     -4.12      2.85     -0.32  0.4  0.0  0.0  0.0  0.0
                                         4000_story_0268.txt 31.3  4.0 3791
 16.4  5.8  1.6 65.9 15.6  0.8  2.4  5.8 17.7 12.1  1.8  1.8  1.1  4.2  0.3
  4.2  1.3  7.6 38.0  1.3  3.4173.6 88.9 38.0 76.0 73.6  9.2 10.0  1.8  1.8
  1.6  5.3 21.4  8.4  9.0 44.8 12.4  6.9  1.1  2.6  2.4  2.4  7.1  7.1  0.8
  1.6  7.1  2.1  1.3  5.0 16.9 54.9  9.5  2.6  5.3 77.0106.8  3.2160.9  4.5
  1.1  0.5  0.0  0.0  0.0  0.0  0.0  0.0  0.0  0.0  0.0  0.0  0.0  0.0  0.0
  0.0  0.0  0.0  2.4  1.3  2.1  1.8  0.3  0.0  0.0  0.0  0.0  0.0  0.0  0.0
  0.8  1.8  1.6  0.0  0.0  0.8  0.0  0.0  0.3  1.1  0.0  0.0  3.2  0.3  0.0
  7.6  0.3  0.0  7.9  4.2  1.1  6.3  3.4  0.0  0.0  0.0  0.0  0.0  0.0  0.0
  0.3  0.0  0.0  0.0  0.0  0.3  0.3 13.7  1.6  2.4  6.3 16.6  0.5  3.2  4.5
  1.8  5.8  5.5  1.1  0.8  1.6  0.0 26.6 14.5 23.2  2.1  7.1  9.0  4.5  0.0
     11.99      3.67      0.26     -1.35      3.02  0.3  0.0  0.0  0.0  0.0
                                         4000_story_0271.txt 32.0  4.1 4269
  9.4  3.3  0.5 38.4  3.7  0.7  5.4  0.9 21.8 19.0  0.2  0.0  0.2  3.3  0.2
  0.9  1.6  5.2 20.6  0.7  2.3232.8101.7 40.8 89.5 63.0  8.2  5.9  1.2  3.5
  0.7  4.5 16.4  6.6 15.5 31.6  8.7  4.5  0.5  1.6  2.6  1.6  3.7  9.4  1.2
  1.4  4.5  1.6  3.7  4.0 12.2 31.2 11.9  2.3  5.4 65.6 88.5  2.1143.6  5.4
  0.2  0.0  0.0  0.0  0.0  0.0  0.0  0.0  0.0  0.0  0.0  0.0  0.0  0.0  0.0
  0.0  0.0  0.0  2.1  0.9  1.9  0.5  0.0  0.0  0.0  0.0  0.0  0.0  0.0  0.5
  0.2  1.2  1.2  0.5  0.0  0.2  0.0  0.0  0.5  0.2  0.0  0.0  2.3  0.5  0.0
  5.4  0.0  0.0  5.4  3.5  0.7  4.5  2.8  0.0  0.0  0.0  0.0  0.0  0.0  0.0
  0.2  0.5  0.0  0.0  0.0  0.0  0.7  8.7  1.6  0.9  5.2 14.5  1.9  4.7  8.0
  1.4  3.0  4.0  4.5  0.2  0.9  0.2 29.7 11.0 13.4  3.0  5.2  9.1  3.5  0.0
     -1.09      2.68     -1.37     -2.77      1.49  0.5  0.0  0.0  0.0  0.0
                                         4000_story_0276.txt 32.5  4.2 3509
 11.4  2.8  4.0 27.4  5.1  0.0  2.6  0.9 11.1  3.7  1.1  0.9  0.6  3.7  0.3
  0.9  0.0  2.0  4.6  1.4  1.1230.3125.1 25.6 93.5 92.6 14.0  5.1  0.9  1.7
  1.7  3.4 25.1  5.4 12.8 30.2 17.7  4.6  0.6  1.4  3.1  2.0  2.6  6.0  0.6
  1.7  4.8  3.7  1.1  5.4  9.7 15.1  8.3  1.4  4.3 60.1108.9  2.3152.5 10.8
  3.4  0.6  0.0  0.0  0.0  0.0  0.0  0.0  0.0  0.0  0.0  0.0  0.0  0.0  0.0
  0.0  0.0  0.0  1.4  1.4  2.0  1.7  0.3  0.3  0.0  0.0  0.3  0.6  0.0  0.6
  0.0  2.8  2.0  1.1  0.0  1.1  0.0  0.6  0.3  0.3  0.0  0.0  0.3  1.1  0.0
  6.6  0.6  0.9  8.0  6.6  2.0  8.8  1.4  0.0  0.0  0.0  0.0  0.0  0.0  0.0
  0.6  1.4  0.0  0.0  0.0  0.3  0.0 12.5  3.1  3.4 11.4  9.7  1.7  8.0 10.5
  5.4  3.7  4.8  1.4  0.3  0.3  0.0 43.3 12.0 19.1  3.1  4.6  9.1  9.7  0.0
    -10.50      5.10     -0.14     -2.40     -0.13  0.6  0.0  0.0  0.3  0.0
                                         4000_story_0277.txt 28.3  4.0 3565
  9.8  3.1  1.7 37.9  1.1  0.0  2.2  0.3 23.0  9.5  1.4  0.8  0.3  5.3  0.0
  0.6  0.3  4.8  1.7  0.3  1.1235.9125.1 28.9 84.7 82.2 13.7  6.7  1.1  4.8
  0.0  3.9 23.3  7.0 17.4 32.0  8.7  4.2  0.3  0.0  1.7  1.4  2.8  7.6  0.3
  2.2  4.2  1.1  0.6  5.0 10.7 10.7 10.1  0.6  5.9 52.5106.3  3.4142.8  5.3
  2.2  0.0  0.0  0.0  0.0  0.0  0.0  0.0  0.0  0.0  0.0  0.0  0.0  0.0  0.0
  0.0  0.0  0.0  0.8  1.1  2.0  1.1  0.8  0.0  0.0  0.0  0.0  0.6  0.0  0.3
  0.8  1.7  0.8  0.3  0.0  0.8  0.0  0.0  0.6  0.6  0.0  0.0  2.5  0.6  0.0
  5.0  0.8  0.6  6.5  3.9  1.4  5.9  3.1  0.0  0.0  0.0  0.0  0.0  0.0  0.0
  1.1  0.3  0.0  0.0  0.0  0.3  0.3 37.3  3.1  3.1 10.4 17.1  3.9  9.3 20.8
  6.2  2.5  3.9  2.2  0.0  0.8  0.0 39.6 11.5 14.9  0.6  5.6  9.5  3.9  0.0
     -9.64      4.60     -1.85     -4.15      0.21  0.6  0.0  0.0  0.0  0.0
                                         4000_story_0278.txt 33.8  4.3 2363
  6.8  1.3  2.1 22.4  8.9  0.0  1.3  0.8  4.7  3.8  0.4  0.4  0.4  5.9  0.4
  0.0  0.0  1.7  5.1  0.4  0.4260.7142.2 39.4 77.0 66.9 18.2  3.8  1.7  3.8
  2.1  8.5 24.5  5.5 11.0 30.0 14.0  2.5  0.8  0.4  2.5  0.4  1.3  3.8  2.1
  1.7  3.8  2.5  1.3  2.5  6.8 18.2  7.6  0.4  7.6 63.9 80.4  2.1128.2 12.3
  3.8  0.0  0.0  0.0  0.0  0.0  0.0  0.0  0.0  0.0  0.0  0.0  0.0  0.0  0.0
  0.0  0.0  0.0  1.3  1.3  0.0  1.3  0.0  0.0  0.0  0.0  0.0  0.0  0.4  0.4
  0.0  2.1  1.3  0.4  0.0  0.0  0.0  0.0  0.0  2.1  0.0  0.0  0.4  1.3  0.0
  3.8  0.0  0.4  4.2  4.2  0.0  6.3  1.7  0.0  0.0  0.0  0.0  0.0  0.0  0.0
  0.0  1.3  0.0  0.0  0.0  0.0  0.0 11.8  3.4  3.0  9.3 14.4  1.3  5.5  5.9
  8.0  3.4  5.1  0.8  0.4  0.0  0.4 32.6 12.3 12.7  0.8  6.3  8.5  7.2  0.0
    -15.10      3.98      4.12     -4.16     -0.08  1.7  0.0  0.4  0.0  0.0
                                         4000_story_0279.txt 31.0  3.7 4990
 13.8  4.0 23.4 63.1 14.2  1.4  5.2  4.6 57.5  8.6  1.0  2.8  0.0  8.0  3.8
  0.2  0.8  7.2 34.1  2.0  3.6186.0 89.2 14.6 74.9 45.1 12.6  7.4  0.0  1.0
  0.2  5.0  9.6  5.8 13.8 45.7 10.0  7.8  0.8  3.0  1.2  2.4  3.4  5.8  0.0
  1.0  5.4  3.2  0.6  3.4 16.2 50.3  6.8  2.8  1.2 47.1116.8  8.2153.7  8.0
  2.2  0.2  0.0  0.0  0.0  0.0  0.0  0.0  0.0  0.0  0.0  0.0  0.0  0.0  0.0
  0.0  0.0  0.0  2.8  1.0  1.4  2.0  0.4  0.0  0.0  0.0  0.0  0.0  0.0  0.0
  0.4  1.6  0.6  0.2  0.0  0.4  0.0  0.0  0.2  0.2  0.0  0.0  5.2  4.2  0.0
  7.2  0.4  0.0  7.6  2.8  0.6  3.6  9.4  0.0  0.0  0.0  0.0  0.0  0.0  0.0
  2.2  0.8  1.0  0.0  0.4  0.0  0.2 13.2  2.0  1.2 15.4  8.2  1.2  6.2  6.4
  3.6  2.2  1.0  0.4  2.6  0.4  0.0 44.7 12.6 21.0  1.2  1.4  8.4  2.6  0.0
     17.52      2.54     -4.14     -1.58     -0.29  0.6  0.2  0.2  0.0  0.0
                                         4000_story_0280.txt 30.5  3.9 4169
 22.3  5.8 25.7 84.7  9.1  2.4  4.3  8.2 58.5 16.1  1.9  1.7  0.0  7.9  2.2
  0.2  1.2  7.9 13.7  2.9  5.0202.7 86.8 13.2 68.4 33.3  9.1  4.8  0.5  2.2
  0.2  5.5  7.9  6.0 13.9 38.1 14.6  6.0  0.0  2.9  1.4  3.1  3.1  5.5  1.0
  0.2  5.3  2.6  2.2  4.1 15.4 29.0  6.7  4.1  2.9 41.7101.0  1.9166.2  8.9
  2.6  0.0  0.0  0.0  0.0  0.0  0.0  0.0  0.0  0.0  0.0  0.0  0.0  0.0  0.0
  0.0  0.0  0.0  1.9  1.4  4.8  0.7  0.5  0.0  0.0  0.0  0.0  0.0  0.0  0.5
  0.5  4.1  0.5  0.5  0.0  0.0  0.0  0.0  0.2  0.2  0.0  0.0  5.5  1.4  0.0
  8.9  0.5  0.0  9.4  6.0  0.2  6.5  7.0  0.0  0.0  0.0  0.0  0.0  0.0  0.0
  1.9  1.7  0.0  0.0  0.5  0.0  0.2 11.0  3.1  0.5 14.9  6.7  0.0  7.7  6.2
  4.6  0.7  1.2  0.7  0.7  0.0  0.0 41.3  9.4 30.9  2.6  3.4 14.4  3.6  0.0
     16.67      0.64     -2.83     -1.94     -0.03  0.2  0.0  0.0  0.0  0.0
                                         4000_story_0282.txt 35.8  4.0 2986
 12.7  2.0  5.0 69.3 14.4  0.7  2.0  1.7 43.2  6.4  3.0  0.7  0.0  7.0  0.3
  1.3  0.3  6.7  5.0  0.7  1.0186.9106.8 19.1 89.8 74.3 12.1 10.7  0.0  1.3
  0.7  8.0 10.7  6.0 11.4 31.1 17.4  6.4  0.7  0.3  1.3  1.3  1.3 10.0  2.7
  4.0  1.0  3.0  5.0  5.7 14.4 15.1 16.7  1.0  2.0 48.9131.9  2.0183.5  5.4
  3.0  0.0  0.0  0.0  0.0  0.0  0.0  0.0  0.0  0.0  0.0  0.0  0.0  0.0  0.0
  0.0  0.0  0.0  2.3  0.7  1.3  1.7  0.0  0.0  0.0  0.0  0.3  0.0  0.0  0.0
  0.3  7.0  2.7  0.3  0.0  0.3  0.0  0.0  0.0  0.3  0.0  0.0  1.0  1.0  0.0
  6.0  0.0  0.3  6.4 10.4  0.3 11.1  2.0  0.0  0.0  0.0  0.0  0.0  0.0  0.0
  0.3  0.3  0.0  0.0  0.3  0.0  0.3 18.8  1.3  4.0 10.7 10.7  2.3  3.0 14.7
  7.0  1.0  3.0  0.0  0.3  1.0  0.7 45.9 18.1 31.5  1.3  6.0  8.7  7.7  0.0
     -0.97      4.83     -0.87     -3.55      2.09  0.3  0.0  0.7  0.3  0.0
                                         4000_story_0284.txt 33.3  4.1 4432
 14.7  4.7  5.2 43.3  3.4  0.9  2.3  1.4 14.7  9.5  1.4  0.5  0.5  7.0  0.9
  1.4  0.7  5.0  4.5  0.7  1.8204.2111.0 25.9101.1101.5 12.9  4.7  0.5  3.4
  0.5  6.1 16.9  8.1 14.9 43.8 13.1  6.1  1.4  0.9  1.8  1.6  4.7  8.1  0.7
  0.7  4.5  1.4  0.2  5.2 12.9 16.5  9.5  1.4  4.3 50.8119.6  3.2164.0  8.6
  2.3  0.2  0.0  0.0  0.0  0.0  0.0  0.0  0.0  0.0  0.0  0.0  0.0  0.0  0.0
  0.0  0.0  0.0  2.0  1.1  3.2  2.3  0.5  0.0  0.0  0.0  0.0  0.2  0.0  0.7
  0.9  0.7  2.0  2.3  0.0  0.5  0.2  0.0  0.0  0.7  0.0  0.0  2.9  1.1  0.0
  8.6  0.5  0.2  9.3  6.5  0.7  7.9  4.1  0.0  0.0  0.0  0.0  0.0  0.0  0.0
  1.4  0.2  0.7  0.0  0.0  0.5  0.9 23.7  4.3  2.7 10.2 16.7  1.6  4.5 15.3
 12.6  2.7  5.0  0.2  0.7  0.9  0.0 46.3 11.1 23.0  0.7  7.2 15.8  5.9  0.0
     -2.90      5.46     -2.41     -2.82      1.30  0.9  0.0  0.0  0.0  0.0
                                         4000_story_0286.txt 32.5  4.1 4624
 10.4  2.2  1.7 42.8  3.7  1.1  2.2  1.9 30.3 11.0  0.4  0.6  0.2  2.8  0.0
  0.6  0.2  3.0  6.3  1.7  0.4236.6126.9 27.7 82.6 56.4 12.3  4.8  0.9  1.9
  1.5  3.2 24.0  6.7  8.2 30.1 17.1  6.3  2.2  1.1  2.8  2.2  2.4 10.4  1.3
  1.3  3.5  3.2  1.5  4.5 12.1 14.7 13.0  1.9  4.3 51.9 90.4  3.2150.3  6.1
  5.2  0.2  0.0  0.0  0.0  0.0  0.0  0.0  0.0  0.0  0.0  0.0  0.0  0.0  0.0
  0.0  0.0  0.0  2.2  0.4  2.2  2.8  0.2  0.2  0.0  0.0  0.0  0.6  1.3  0.0
  0.0  2.8  1.7  0.9  0.0  0.2  0.2  0.0  0.2  0.2  0.0  0.2  1.7  0.6  0.0
  7.6  0.4  1.9  9.9  5.4  0.6  6.3  2.6  0.0  0.0  0.0  0.0  0.0  0.0  0.0
  1.1  0.2  0.4  0.0  0.0  0.2  0.0 21.2  2.4  4.3 10.8 18.8  0.9  7.4 16.9
  2.8  3.5  2.2  0.2  0.4  0.2  1.3 37.8 10.4 15.6  0.4  6.7  8.7  5.6  0.0
     -8.47      2.75      0.66     -1.72      0.85  0.9  0.2  0.2  0.2  0.2
                                         4000_story_0290.txt 30.0  3.9 3554
 19.7  7.0  1.4 61.6 10.1  0.3  4.2  4.5 89.5  8.7  3.1  0.8  0.6  8.7  0.3
  5.3  0.6  4.2  8.7  1.7  2.3160.4101.9 17.2 83.6 56.3 18.0  8.7  0.0  1.4
  0.8  5.6 21.4  7.3  8.4 30.7 19.7 13.2  0.0  1.4  2.5  3.7  2.0  4.8  0.3
  1.4  9.6  3.7  2.0  5.3 20.0 26.2  6.5  2.3  2.3 46.4155.9  2.0166.6  9.3
  2.5  0.6  0.0  0.0  0.0  0.0  0.0  0.0  0.0  0.0  0.0  0.0  0.0  0.0  0.0
  0.0  0.0  0.0  4.5  1.4  3.7  3.7  0.3  0.3  0.0  0.0  0.0  0.8  0.3  0.6
  0.0  2.5  3.9  2.3  0.0  1.1  0.0  0.3  0.0  0.3  0.0  0.0  3.7  1.1  0.0
 13.2  0.6  1.1 14.9  9.3  1.4 11.0  4.8  0.0  0.0  0.0  0.0  0.0  0.0  0.0
  1.1  0.8  0.3  0.0  0.3  0.0  0.0 23.1  3.7  5.1  9.3 12.7  4.8 10.1 10.7
  4.2  2.3  1.1  0.3  0.0  0.0  0.6 38.3 18.9 29.8  1.4  4.5 14.6  3.9  0.0
      9.27      4.60     -0.30     -0.15     -1.00  1.1  1.7  0.0  0.3  0.0
                                         4000_story_0293.txt 30.8  4.0 1951
 17.4  6.2  2.6 71.8 20.5  0.5  5.1  7.7 65.6 19.0  4.1  0.0  0.0 10.8  0.0
  1.5  2.6  2.1 32.3  4.1  1.5142.5 77.9 23.1 91.2 44.6 12.8  4.6  0.5  7.2
  1.0  5.6  8.2  8.7 12.8 37.4 11.3 12.8  3.6  2.1  3.1  2.6  5.6  3.1  0.5
  0.5  8.7  4.1  2.6 10.3 17.9 48.7  4.1  6.7  8.7 69.7130.7  2.6170.7 17.4
  0.5  1.0  0.0  0.0  0.0  0.0  0.0  0.0  0.0  0.0  0.0  0.0  0.0  0.0  0.0
  0.0  0.0  0.0  2.1  0.5  4.6  6.2  1.0  0.0  0.5  0.0  0.0  0.0  0.0  0.5
  0.0  1.5  0.0  4.6  0.0  0.0  0.5  0.0  0.0  0.5  0.0  0.0  4.1  2.1  0.0
 13.3  1.5  0.0 14.9  6.7  0.5  7.7  6.2  0.0  0.0  0.0  0.0  0.0  0.0  0.0
  0.5  0.0  0.0  0.0  0.0  0.5  0.0 12.3  1.0  1.0  4.6 11.8  1.5  8.2  8.2
  0.5  3.6  2.1  1.0  0.5  0.5  0.0 22.6 12.8 22.6  1.0  8.2 14.4  2.6  0.0
     20.66      2.57      0.07      1.02      0.92  0.0  0.0  0.0  0.0  0.0
                                         4000_story_0295.txt 31.3  4.3 2120
 14.2  0.9  0.0 41.5  2.4  0.5  4.2  1.9  1.9 17.9  1.9  0.0  1.4  1.4  0.0
  2.8  1.4  4.7 25.5  0.9  0.9202.8103.8 41.5 87.7 76.4 12.3  2.8  0.9  2.4
  3.3  3.3 30.2  6.1  6.6 35.4  9.9  6.1  0.9  2.4  0.5  1.9  7.1 12.3  1.9
  0.5  9.0  4.7  1.4  8.0 11.3 40.1 14.6  2.4  6.6 77.4 80.7  3.8137.7 10.8
  2.8  2.8  0.0  0.0  0.0  0.0  0.0  0.0  0.0  0.0  0.0  0.0  0.0  0.0  0.0
  0.0  0.0  0.0  2.8  0.5  1.9  1.4  0.9  2.4  0.0  0.0  0.0  0.0  0.5  0.0
  0.0  0.9  3.3  0.9  0.0  0.5  0.0  0.0  0.5  0.5  0.0  0.0  3.3  0.0  0.0
  6.6  3.3  0.5 10.4  5.2  0.9  6.6  3.3  0.0  0.0  0.0  0.0  0.0  0.0  0.0
  0.0  0.0  0.0  0.0  0.0  0.0  0.0  9.4  4.7  2.4 10.8 12.7  3.8  9.4  6.6
  0.9  1.4  2.4  1.9  2.8  0.5  2.4 23.1  8.0 20.8  0.5  4.2  8.5  2.8  0.0
     -1.60      3.44      3.32     -2.79      4.26  1.4  0.0  0.0  0.0  0.0
                                         4000_story_0298.txt 28.8  4.4 5489
 10.0  2.7  5.8 39.2  7.7  0.5  2.4  3.8  8.0 12.0  1.1  0.0  0.5  6.2  0.7
  0.9  1.6  3.6 31.5  0.5  1.6209.9106.8 43.2 77.1 74.5 12.2  7.7  1.8  5.8
  1.6  2.6 22.6  5.8  9.5 47.4 12.9  6.7  1.1  1.8  1.8  2.2  5.5  6.4  1.3
  2.6  9.3  2.2  1.8  3.1 12.2 45.2 10.2  2.2  9.3 79.6 90.2  2.2139.0 10.9
  0.7  0.2  0.0  0.0  0.0  0.0  0.0  0.0  0.0  0.0  0.0  0.0  0.0  0.0  0.0
  0.0  0.0  0.0  1.6  1.3  1.8  2.2  0.5  0.0  0.2  0.0  0.0  0.0  0.0  0.4
  0.9  2.0  1.5  1.6  0.0  0.4  0.2  0.2  0.2  0.9  0.0  0.0  2.7  0.4  0.0
  6.9  0.7  0.0  7.7  6.4  0.9  8.2  3.1  0.0  0.0  0.0  0.0  0.0  0.0  0.0
  0.7  0.4  0.4  0.2  0.0  0.0  0.2 21.5  2.4  3.3  9.1 15.1  3.3  4.6  4.6
  3.6  3.5  1.6  1.5  0.5  0.9  0.4 28.4 11.1 14.8  0.9  6.0  9.7  4.4  0.0
      1.04      3.88      1.82     -2.08      2.56  1.5  0.2  0.0  0.0  0.0
                                         4000_story_0314.txt 29.0  4.2 2629
 11.8  2.7  4.2 97.4 24.7  2.3  6.1  3.4 39.2 14.1  4.2  0.0  1.1  5.3  0.8
  4.6  3.0  5.3 19.4  1.1  4.2220.2 94.0 20.2 32.0 14.1  6.1 11.4  0.0  3.0
  2.3  1.5 29.3  7.2  5.3 43.7  9.1 13.3  1.5  2.7  4.6  1.1  5.7  3.8  0.4
  0.8  4.2  3.4  4.9  4.6 23.2 27.8  4.9  4.2  5.3 43.4 78.0  5.3135.8  6.5
  0.8  0.0  0.0  0.0  0.0  0.0  0.0  0.0  0.0  0.0  0.0  0.0  0.0  0.0  0.0
  0.0  0.0  0.0  1.1  0.8  1.9  2.7  0.4  0.0  0.0  0.0  0.0  0.0  0.0  0.0
  0.8  1.9  0.8  0.0  0.0  0.0  0.0  0.0  0.4  0.0  1.1  0.0  7.6  1.1  0.0
  6.5  0.4  0.0  6.8  3.4  0.4  3.8  9.9  0.0  0.0  0.0  0.0  0.0  0.0  0.0
  0.4  0.0  0.4  0.0  0.0  0.0  1.1  6.1  4.2  4.6 11.0 12.9  1.5 16.7  2.7
  0.4  0.8  0.4  0.0  1.9  1.5  0.4 33.1 13.3 15.6  0.8  1.9  6.1  2.3  0.0
     11.96     -0.77      1.05      0.90      1.05  0.8  0.0  0.0  0.0  0.0
                                         4000_story_0315.txt 34.3  4.2 2721
 10.3  1.1  7.4 43.0  8.1  1.1  2.2  2.2  7.4  9.2  2.9  0.7  1.1  5.5  0.4
  1.1  1.8  2.9 30.9  0.0  4.4228.6116.5 40.4 76.1 69.8 12.5  9.6  0.4  3.3
  1.8  3.3 19.8  9.6 10.3 30.5  9.9  6.2  1.5  1.1  3.7  0.7  4.4 11.8  0.7
  2.6  9.6  4.8  1.5  4.0 12.9 45.6 15.1  1.8  5.5 72.4 85.3  2.6140.4  9.6
  2.2  0.4  0.0  0.0  0.0  0.0  0.0  0.0  0.0  0.0  0.0  0.0  0.0  0.0  0.0
  0.0  0.0  0.0  1.1  1.5  2.6  0.0  0.4  0.0  0.0  0.0  0.0  0.0  0.0  0.0
  0.7  0.0  0.4  0.4  0.4  1.1  0.4  0.0  0.4  0.0  0.0  0.0  0.4  0.0  0.0
  5.1  0.4  0.0  5.5  1.5  2.2  3.7  0.4  0.0  0.0  0.0  0.0  0.0  0.0  0.0
  1.8  0.7  0.0  0.0  0.0  0.0  0.4 23.2  5.1  3.7 13.2 18.7  1.5  7.0  4.8
  2.6  5.5  1.5  0.4  0.7  0.7  0.4 35.6 13.6 17.3  1.5  2.6  7.7  5.1  0.0
      0.74      4.05     -0.37     -2.10      2.31  0.4  0.0  0.0  0.0  0.4
                                         4000_story_0317.txt 32.0  4.2 2080
 14.4  3.4 13.9 66.8 18.3  1.4  2.4  1.4 26.4 10.6  1.4  0.0  1.4  1.9  0.0
  5.8  2.9  4.8 23.6  0.5  5.3241.3110.6 27.9 71.2 53.8  6.3  9.1  1.4  1.9
  2.4  1.9 25.0  7.7  8.2 48.1 11.5  9.6  1.4  3.8  2.4  1.9  7.2  4.8  0.5
  1.4  4.8  2.9  2.4  3.8 16.8 34.1  6.7  3.4  5.8 54.3 98.6  1.9149.0  7.7
  1.0  1.0  0.0  0.0  0.0  0.0  0.0  0.0  0.0  0.0  0.0  0.0  0.0  0.0  0.0
  0.0  0.0  0.0  2.4  3.4  1.0  1.0  0.5  0.5  0.0  0.0  0.0  0.5  0.0  1.9
  0.0  2.9  0.5  0.5  0.0  0.0  0.0  0.0  0.5  1.9  0.0  0.0  1.9  0.5  0.0
  7.7  1.0  0.5  9.1  5.8  0.5  8.2  2.4  0.0  0.0  0.0  0.0  0.0  0.0  0.0
  1.4  1.4  0.0  0.0  0.0  0.0  0.0 17.8  4.3  5.3 13.9  6.7  1.0  9.1  4.8
  0.5  0.5  0.5  0.0  1.4  0.5  0.0 36.5 24.0 19.2  1.4  2.4  8.7  1.4  0.0
      5.72      1.90      0.08     -0.19      2.44  0.5  0.0  0.0  0.0  0.0
                                         4000_story_0319.txt 33.3  4.1 3422
 18.4  7.3  8.5 80.1 13.2  2.0  4.1  5.8 39.5 29.8  2.0  1.5  0.3  7.6  0.6
  5.3  1.5  7.6 19.0  1.8  2.6196.1 95.3 25.1 53.8 47.9 14.3 10.5  0.9  3.5
  2.3  2.3 21.0  4.4  4.4 45.0 18.1 12.6  1.5  3.2  4.4  4.4  6.1  7.0  2.6
  2.0  7.3  2.6  2.3  2.6 24.5 33.3 11.7  3.2  6.7 47.0100.5  8.2154.3  3.8
  1.5  0.6  0.0  0.0  0.0  0.0  0.0  0.0  0.0  0.0  0.0  0.0  0.0  0.0  0.0
  0.0  0.0  0.0  2.9  2.0  3.8  2.3  1.2  0.3  0.3  0.0  0.9  0.9  0.0  1.5
  1.2  1.8  1.8  0.9  0.3  0.6  1.2  0.6  0.0  0.3  0.6  0.0  7.0  0.3  0.0
 11.1  1.8  1.8 14.6  7.0  2.6  9.9  7.9  0.0  0.0  0.0  0.0  0.0  0.0  0.0
  0.0  0.3  0.0  0.0  0.0  0.0  0.3 12.3  1.2  4.1 14.6 15.8  2.0  3.5  2.0
  1.8  0.9  0.6  0.0  0.6  1.2  0.3 28.6 22.8 25.7  5.0  2.3  8.5  2.0  0.0
     15.00      2.87      2.60      2.16      3.95  0.9  0.0  0.3  0.0  0.0
                                         4000_story_0323.txt 35.3  4.3 2397
 13.4  3.3  3.3 74.3 27.5  1.3  5.4  5.8 33.8 10.4  4.2  0.0  0.8  7.1  2.1
  4.6  1.3  4.2 22.9  0.4  2.9216.1116.0 43.8 50.5 39.2 11.3  6.3  3.3  3.3
  0.8  2.5 34.2  6.7  6.3 38.4  5.0 10.0  0.8  6.3  1.3  3.8  3.8  7.1  0.8
  1.7  7.9  0.8  2.9  8.8 15.4 39.6  9.6  1.7  7.5 86.8100.5  2.1133.1  7.9
  1.7  0.0  0.0  0.0  0.0  0.0  0.0  0.0  0.0  0.0  0.0  0.0  0.0  0.0  0.0
  0.0  0.0  0.0  1.7  1.7  0.8  2.5  0.4  0.4  0.4  0.0  0.0  0.0  0.4  0.0
  0.0  0.4  0.8  0.8  0.4  0.0  0.4  0.4  0.0  0.0  0.0  0.0  6.3  0.8  0.0
  6.7  1.3  0.4  8.3  2.1  1.3  3.3  7.1  0.0  0.0  0.0  0.0  0.0  0.0  0.0
  0.4  1.7  0.4  0.0  0.0  0.0  0.0  9.2  7.5  6.3 13.8 10.0  1.7  5.4  6.3
  0.8  0.4  2.1  0.4  5.4  0.8  0.8 21.7 13.4 17.9  1.7  2.1 10.4  3.3  0.0
      6.88      1.00      2.74      0.99      0.98  1.7  0.0  0.0  0.0  0.0
                                         4000_story_0336.txt 33.8  4.3 3231
 13.9  1.9  3.4 48.3  8.0  1.2  2.5  3.7 16.1 16.7  2.2  0.3  0.6  6.5  0.9
  4.3  1.9  4.6 27.5  0.0  0.9214.8119.5 42.4 66.2 62.8 15.5  5.0  0.9  2.2
  2.2  2.2 28.2  5.9  5.6 36.2 15.2  7.1  0.6  2.5  1.9  3.4  5.6 11.8  0.6
  3.4  7.1  3.4  3.1  5.6 13.6 39.6 15.8  1.9  5.3 69.0 87.0  4.6131.2  7.7
  1.9  0.0  0.0  0.0  0.0  0.0  0.0  0.0  0.0  0.0  0.0  0.0  0.0  0.0  0.0
  0.0  0.0  0.0  1.9  1.5  2.8  1.2  0.9  0.0  0.3  0.0  0.0  0.0  0.0  0.6
  0.0  1.9  1.2  1.2  0.3  0.0  0.6  0.0  0.0  1.5  0.0  0.6  3.1  0.0  0.0
  7.4  1.2  0.0  8.7  5.0  0.9  7.4  3.7  0.0  0.0  0.0  0.0  0.0  0.0  0.0
  0.3  0.0  0.0  0.0  0.0  0.0  0.0 16.7  5.9  2.8 14.2 11.8  2.5  7.1  3.7
  2.2  3.1  8.4  0.0  0.6  0.6  0.0 28.8 11.5 22.0  2.2  1.5  7.1  1.9  0.0
      3.16      3.14      1.95     -1.34      3.21  2.2  0.6  0.3  0.0  0.0
                                         4000_story_0337.txt 32.8  4.3 4618
 12.1  3.5  3.5 43.3  8.0  1.1  3.0  6.3 16.2  7.8  1.5  0.2  0.9  4.5  0.9
  2.8  0.9  5.4 26.6  0.4  2.2225.6115.9 36.8 73.8 76.7 10.4  8.0  2.2  2.4
  1.3  3.5 37.7  4.5  3.2 40.1 13.9  6.7  1.3  2.6  1.9  5.0  6.9  8.4  2.2
  2.2  3.7  6.1  2.6  5.4 14.1 36.6 12.8  1.3  5.8 67.3100.9  5.8135.8  3.5
  1.3  0.0  0.0  0.0  0.0  0.0  0.0  0.0  0.0  0.0  0.0  0.0  0.0  0.0  0.0
  0.0  0.0  0.0  2.4  0.9  3.7  1.5  0.0  0.0  0.0  0.2  0.2  0.0  0.0  0.9
  0.9  0.6  1.7  0.6  0.2  0.4  0.2  0.0  0.2  1.3  0.0  0.4  3.5  0.6  0.0
  8.4  0.0  0.4  8.9  4.8  1.1  7.1  4.5  0.0  0.0  0.0  0.0  0.0  0.0  0.0
  0.0  0.4  0.2  0.0  0.0  0.0  0.4 22.3  5.0  5.4 16.9  8.9  2.8 11.0  4.3
  7.1  1.9  1.7  0.0  1.1  0.6  0.4 24.5 12.3 17.8  2.8  2.8  7.1  1.7  0.0
      0.34      3.59      3.99     -0.49      4.35  0.6  0.2  0.0  0.0  0.2
                                         4000_story_0339.txt 32.3  4.4 3277
 11.9  1.8  0.9 38.8  1.8  0.0  3.7  3.4  7.6  8.2  2.4  0.3  0.0  4.0  1.5
  2.7  0.9  7.0 23.5  0.0  2.4225.8128.2 40.3 67.4 85.1 11.0  4.0  1.2  2.4
  2.4  4.6 39.7  2.7  5.5 50.0 10.7  4.6  1.2  2.7  2.7  2.1 13.7  7.3  1.2
  2.1  5.5  3.1  2.7  4.0 14.3 36.6 10.7  0.9  6.1 71.1 94.6  2.4121.8  5.2
  3.4  0.3  0.0  0.0  0.0  0.0  0.0  0.0  0.0  0.0  0.0  0.0  0.0  0.0  0.0
  0.0  0.0  0.0  0.6  0.9  1.2  0.6  0.6  0.0  0.0  0.0  0.0  0.0  0.3  0.0
  0.0  0.9  0.6  0.6  0.0  1.2  0.3  0.0  0.0  0.6  0.3  0.9  1.8  0.3  0.0
  3.4  0.6  0.3  4.3  2.1  1.5  4.3  3.4  0.0  0.0  0.0  0.0  0.0  0.0  0.0
  0.6  0.0  0.0  0.0  0.0  0.0  0.0 18.6  5.8  6.1 18.9 13.1  2.1  7.6  1.8
  4.3  0.6  3.1  0.0  1.2  0.6  0.9 20.8  7.9 19.8  0.3  7.0  6.1  2.1  0.0
     -3.35      3.12      4.34     -1.71      7.69  1.5  0.0  0.0  0.0  0.0
                                         4000_story_0344.txt 29.5  4.3 2111
 11.4  3.8  0.9 56.4  8.5  1.9  3.8  6.2 17.1  8.1  2.8  0.0  0.0  2.8  0.9
  2.4  1.4  7.1 26.1  0.0  2.4216.0109.0 35.1 64.9 82.0  8.5  9.0  2.4  2.8
  1.9  2.8 30.3  6.6  7.1 45.5 13.7  9.5  0.9  1.4  1.9  3.8  5.7  4.7  0.5
  3.3  6.6  3.3  1.9  7.1 18.5 36.9  8.5  1.4  7.1 65.8107.5  3.3139.7  5.7
  1.9  0.9  0.0  0.0  0.0  0.0  0.0  0.0  0.0  0.0  0.0  0.0  0.0  0.0  0.0
  0.0  0.0  0.0  1.4  0.9  1.9  2.8  0.5  0.5  0.5  0.0  0.5  0.9  0.0  0.0
  0.0  1.4  2.4  1.4  0.0  0.0  0.0  0.5  0.0  1.4  0.9  0.0  4.7  0.0  0.0
  7.1  1.4  1.4  9.9  5.2  0.5  7.1  5.7  0.0  0.0  0.0  0.0  0.0  0.0  0.0
  0.5  1.4  0.5  0.0  0.0  0.0  0.0 23.2  3.3 10.9  9.9 12.8  3.3  7.1  2.8
  2.4  1.9  5.2  0.5  0.5  1.9  0.9 28.4 14.7 18.0  0.9  5.7  9.5  0.9  0.0
      1.41      3.36      2.10     -0.98      2.08  0.9  0.9  0.0  0.5  0.0
                                         4000_story_0348.txt 34.3  4.4 4473
 11.2  2.9  1.6 57.2 11.4  1.6  6.7  4.0 30.9 14.3  2.5  0.0  0.4  7.2  0.4
  1.6  1.3 11.2 30.2  0.4  2.7211.9104.2 38.2 60.6 55.4  8.9 11.8  1.6  1.8
  1.6  5.6 40.5  7.6  4.0 40.9 11.6  7.8  2.5  2.9  2.9  4.5  7.4  7.4  1.3
  1.6  7.4  3.6  2.5  4.5 21.9 46.1 10.3  1.8  4.9 70.0 97.7  3.6135.5  5.4
  3.6  0.7  0.0  0.0  0.0  0.0  0.0  0.0  0.0  0.0  0.0  0.0  0.0  0.0  0.0
  0.0  0.0  0.0  0.9  1.8  2.5  2.0  0.7  0.0  0.0  0.0  0.0  0.0  0.0  0.0
  0.4  0.9  1.3  0.7  0.0  0.9  0.0  0.0  0.0  1.1  0.4  0.2  2.7  0.4  0.0
  7.2  0.7  0.0  7.8  3.4  0.9  5.4  3.8  0.0  0.0  0.0  0.0  0.0  0.0  0.0
  0.0  0.4  0.4  0.0  0.0  0.0  0.0 20.6  7.6  4.5 10.5 18.6  0.7  6.0  2.5
  2.9  1.6  2.0  0.2  0.4  1.6  0.0 24.4 19.5 14.3  1.8  3.4  9.4  1.8  0.0
      6.74      2.64      3.41      0.54      3.64  0.4  0.7  0.2  0.0  0.2
                                         4000_story_0350.txt 31.8  4.1 1961
 13.8  4.1 10.7 82.1  8.2  3.1  6.1  4.1 32.1 11.2  5.1  0.0  0.0  7.1  0.0
  3.1  1.5  8.7 20.9  0.5  3.1207.0104.5 33.1 52.5 66.3 13.8 15.3  0.0  7.1
  1.0  2.0 22.4  5.1  7.1 36.2 14.8  9.2  1.0  4.6  4.1  2.5  7.6  7.1  0.0
  2.5  2.5  6.1  3.6  3.6 21.9 30.1  9.7  2.0  8.2 59.7106.6  1.5151.5  5.1
  2.0  0.0  0.0  0.0  0.0  0.0  0.0  0.0  0.0  0.0  0.0  0.0  0.0  0.0  0.0
  0.0  0.0  0.0  4.6  1.0  1.5  1.0  0.0  0.0  0.0  0.0  0.0  0.0  0.0  0.5
  0.0  0.5  2.5  0.5  0.5  1.5  0.0  0.5  0.0  1.5  0.0  0.5  0.5  0.0  0.0
  8.2  0.0  0.0  8.2  4.1  2.5  8.2  1.0  0.0  0.0  0.0  0.0  0.0  0.0  0.0
  0.0  0.0  0.0  0.0  0.0  0.0  0.0  8.7  8.2  3.6 11.7 14.8  2.5  8.2  6.1
  0.0  0.0  0.5  0.0  3.6  0.5  0.0 30.1 24.5 18.9  2.5  2.5  5.1  2.0  0.0
      7.46      4.43      2.17      0.96      3.06  1.5  0.5  0.0  0.0  0.0
                                         4000_story_0352.txt 35.3  4.2 2509
 10.4  4.4  1.6 63.0 23.5  0.0  2.8  1.6 32.3  9.2  6.4  0.0  0.4  4.0  0.4
  3.2  0.4  4.8 19.9  0.0  0.8199.3106.0 37.1 76.9 65.8 10.4  8.8  0.8  3.2
  3.6  0.8 30.7  7.2 10.4 36.3 13.6 13.6  3.2  4.4  1.6  3.2  6.0  6.4  0.4
  2.0  8.8  2.8  2.0  6.4 19.9 33.9  8.8  0.4  7.6 69.7121.6  2.8152.7  4.8
  2.4  0.0  0.0  0.0  0.0  0.0  0.0  0.0  0.0  0.0  0.0  0.0  0.0  0.0  0.0
  0.0  0.0  0.0  4.0  1.2  1.6  0.4  0.4  0.0  0.0  0.0  0.0  0.0  0.0  0.0
  0.0  0.4  1.2  0.0  0.0  0.8  0.0  0.4  0.0  0.8  0.0  0.0  2.0  0.4  0.0
  7.2  0.4  0.0  7.6  1.6  1.2  3.6  2.4  0.0  0.0  0.0  0.0  0.0  0.0  0.0
  0.4  0.8  0.0  0.0  0.0  0.0  0.0 15.9  3.2  4.8 15.9 15.5  4.0  6.4  8.4
  4.8  1.2  7.2  0.0  0.8  0.8  0.0 35.9 17.5 13.9  3.6  2.4  6.0  2.0  0.0
     -0.92      3.34      1.57      1.68      2.03  1.2  0.0  0.0  0.0  0.0
                                         4000_story_0354.txt 31.8  4.2 3083
 17.5  7.8  5.5 55.8  6.8  0.6  3.9  3.9 62.6 12.3  1.3  0.6  1.0  4.9  1.3
  8.1  1.6  3.6 24.0  0.6  2.6185.9 97.6 41.8 74.6 54.5 11.7 11.0  2.6  2.3
  2.6  4.2 35.7  8.1  3.6 44.1 10.7  2.9  1.3  2.9  1.9  3.2  9.1  7.5  1.0
  1.9  8.1  3.9  2.9  6.2  8.4 39.9 10.4  2.3  7.5 82.1123.9  2.3142.7  7.8
  0.3  0.3  0.0  0.0  0.0  0.0  0.0  0.0  0.0  0.0  0.0  0.0  0.0  0.0  0.0
  0.0  0.0  0.0  5.2  1.9  3.6  0.6  1.3  0.0  0.0  0.0  0.0  0.0  0.0  0.6
  0.3  1.0  2.6  0.0  0.0  0.6  1.3  0.0  0.0  1.3  0.0  0.3  1.9  0.3  0.0
 11.4  1.3  0.0 12.7  4.5  1.9  7.8  2.6  0.0  0.0  0.0  0.0  0.0  0.0  0.0
  0.6  0.3  0.0  0.0  0.0  0.0  0.0 16.9  4.5  2.3 12.3 11.4  0.6  7.1  5.8
  5.2  2.6  3.6  0.0  0.3  0.6  0.6 30.5 17.5 23.7  1.6  2.9 10.7  1.3  0.0
      9.26      3.44      4.16     -1.94      4.56  0.3  0.3  0.0  0.0  0.0
                                         4000_story_0358.txt 28.0  3.8 4185
  8.6  3.6  5.5 42.5  7.2  1.9  4.8  4.1  9.1 19.6  1.9  0.2  0.5  3.6  0.5
  1.0  1.0  7.4 44.4  1.0  2.9181.1 84.1 19.6106.3 90.8 10.0 13.4  1.4  1.9
  0.2  6.0  6.5 10.5 14.8 38.7 20.1  6.9  1.7  3.1  4.1  2.2  4.8  7.2  0.0
  0.7 10.8  1.7  1.0  5.5 18.4 64.5  7.9  1.9  3.6 44.0107.0  5.7169.7  3.1
  1.2  0.0  0.0  0.0  0.0  0.0  0.0  0.0  0.0  0.0  0.0  0.0  0.0  0.0  0.0
  0.0  0.0  0.0  3.3  1.2  1.2  0.2  1.0  0.0  0.0  0.0  0.0  0.0  0.0  0.7
  0.7  2.4  2.2  0.5  0.0  0.5  0.5  0.0  0.5  1.0  0.0  0.0  1.4  0.0  0.0
  6.0  1.0  0.0  6.9  6.5  1.4  8.8  1.4  0.0  0.0  0.0  0.0  0.0  0.0  0.0
  1.2  0.7  0.0  0.0  0.0  0.2  0.5 12.9  3.8  0.0  4.3 20.1  3.3  4.8 11.2
  3.6  3.6  1.4  0.0  1.9  1.7  0.0 52.6 17.9 16.0  2.6  2.9  5.0  4.5  0.0
      9.84      6.21     -3.91     -0.21      0.68  0.5  0.0  0.2  0.0  0.0
                                         4000_story_0359.txt 28.3  4.1 5097
 14.5  6.7  4.7 50.4 15.1  0.8  1.0  4.5 38.1 13.1  1.4  0.6  0.0  6.5  0.4
  3.5  0.4  5.7 25.9  1.0  2.0206.8103.0 31.8 81.6 56.9  8.6 10.4  3.1  4.3
  0.6  3.1 15.9  5.5 12.4 40.6  7.8  5.5  0.6  2.2  4.5  2.7  5.5  5.9  1.2
  1.2  4.9  3.9  2.4  2.4 15.7 36.7  8.2  1.4  8.0 54.1110.1  3.3142.2  6.5
  0.4  0.4  0.0  0.0  0.0  0.0  0.0  0.0  0.0  0.0  0.0  0.0  0.0  0.0  0.0
  0.0  0.0  0.0  3.7  0.8  2.4  2.9  0.2  0.0  0.0  0.0  0.0  0.0  0.0  0.2
  0.0  1.0  0.6  0.8  0.0  0.6  0.0  0.0  0.0  0.4  0.2  0.2  3.7  0.8  0.0
  9.8  0.2  0.0 10.0  2.6  0.6  3.5  4.9  0.0  0.0  0.0  0.0  0.0  0.0  0.0
  1.4  0.0  0.2  0.0  0.0  0.0  0.2 10.0  2.2  0.6  6.1  8.4  3.1  8.2  6.7
  6.9  4.5  3.9  1.6  1.0  0.8  0.0 36.9 19.8 21.4  1.6  2.6  6.5  2.2  0.0
      4.99      3.07      0.27     -0.88      1.98  0.6  0.2  0.0  0.0  0.0
                                         4000_story_0360.txt 33.0  4.4 2718
 17.3  0.4  0.7102.6 40.5  0.4  3.3  2.6 50.8 14.0  5.9  0.7  1.5  7.0  0.0
  1.5  2.2  5.9 19.1  1.5  4.0241.4 93.8 35.3 29.1 21.3  8.1  1.8  1.5  5.2
  0.4  5.2 25.0  7.0  3.7 29.4  5.9 25.0  0.0  0.7  1.5  1.5  7.4  5.2  0.7
  0.4  4.8  2.6  2.2  7.7 32.4 30.5  6.3  3.7  7.0 61.4112.6  1.8137.6  5.5
  2.9  0.0  0.0  0.0  0.0  0.0  0.0  0.0  0.0  0.0  0.0  0.0  0.0  0.0  0.0
  0.0  0.0  0.0  0.7  0.7  0.4  0.0  0.4  0.0  0.0  0.0  0.0  0.0  0.0  0.0
  0.0  0.7  0.4  0.7  0.0  0.4  0.0  0.0  0.4  0.7  0.0  0.0  2.6  0.0  0.0
  1.8  0.4  0.0  2.2  1.8  0.7  3.3  2.6  0.0  0.0  0.0  0.0  0.0  0.0  0.0
  0.0  0.0  0.0  0.0  0.0  0.0  0.0  7.0  5.2  2.6 24.3  7.7  4.0  8.1  6.6
  0.0  0.7  4.8  0.0  0.0  1.1  1.5 14.3  8.5 18.4  1.5  5.9  7.0  2.6  0.0
      9.05     -1.93      3.64      0.98      2.44  0.0  0.0  0.0  0.0  0.0
                                         4000_story_0361.txt 29.5  4.2 4241
 13.4  3.1  4.0 39.8  8.5  0.5  4.7  3.1 83.5 14.1  1.9  0.5  0.0  5.2  0.5
  3.5  0.0  4.5 15.8  0.2  1.4190.8101.4 28.5 89.1 37.0 12.7  6.8  1.9  3.1
  0.7  2.6 30.2  7.1  4.5 42.0 15.1  8.5  1.9  2.4  1.7  2.6  5.4  6.8  0.0
  1.4  7.5  7.3  3.1  5.7 14.6 28.8  8.3  0.2  5.7 52.6129.0  2.4149.7  5.7
  3.3  1.2  0.0  0.0  0.0  0.0  0.0  0.0  0.0  0.0  0.0  0.0  0.0  0.0  0.0
  0.0  0.0  0.0  2.8  2.8  3.3  3.1  0.5  0.5  0.2  0.2  0.2  0.5  0.2  0.5
  0.2  2.4  0.9  1.7  0.2  0.5  0.2  0.0  0.0  0.9  0.0  0.0  2.8  1.4  0.0
 12.0  1.2  1.2 14.4  5.7  0.9  7.5  4.2  0.0  0.0  0.0  0.0  0.0  0.0  0.0
  0.5  0.5  0.0  0.0  0.0  0.0  0.0  4.7  2.8  5.0 14.6  9.9  1.9  7.5  7.1
  1.2  1.9  1.7  0.0  1.7  1.2  0.9 31.1 13.9 18.9  0.9  3.3  8.3  2.4  0.0
      1.16      2.56      1.59     -1.08      1.26  1.7  0.2  0.0  0.0  0.0
                                         4000_story_0362.txt 30.0  4.4 3908
 13.8  1.8  4.4 39.9  5.9  0.3  2.0  2.8 10.0 10.5  0.8  0.0  0.5  6.7  0.5
  3.8  0.5  4.9 16.9  0.5  2.3214.4 98.5 28.1 89.8 91.9 13.1  7.7  1.5  0.8
  1.3  4.1 28.1  8.4  7.7 45.3 15.6  3.8  1.0  1.8  2.3  1.3  9.2  5.6  1.5
  1.8  7.2  5.4  2.0  7.7 11.0 29.9  9.0  1.0  3.6 64.0107.7  1.0157.9 10.5
  3.3  0.8  0.0  0.0  0.0  0.0  0.0  0.0  0.0  0.0  0.0  0.0  0.0  0.0  0.0
  0.0  0.0  0.0  3.1  1.5  2.0  2.0  0.3  1.0  0.0  0.0  0.0  0.0  0.0  1.0
  0.3  2.0  1.8  1.3  0.0  0.8  0.3  0.3  0.5  0.8  0.0  0.5  0.8  0.3  0.0
  8.7  1.3  0.0 10.0  6.4  1.8  9.0  1.5  0.0  0.0  0.0  0.0  0.0  0.0  0.0
  0.5  0.0  0.0  0.0  0.0  0.0  0.3 13.1  1.8  4.1  9.5 14.1  4.6  4.1  3.3
  5.1  1.3  2.0  0.0  0.5  1.3  0.0 30.7 16.6 20.5  0.8  5.1  6.9  4.6  0.0
     -2.00      5.24     -0.35     -2.94      4.74  0.8  0.0  0.3  0.0  0.0
                                         4000_story_0363.txt 33.8  4.4 2053
 14.1  2.9  0.0 31.2  0.0  0.0  0.5  2.9  2.4 18.5  2.4  0.0  0.0  4.9  1.0
  1.0  5.8  5.8 20.5  0.0  2.9182.2 96.0 39.0 99.4109.6 17.0  1.5  0.5  3.4
  0.5  5.4 15.1  7.3  9.3 47.7 13.6  5.8  0.0  6.3  3.9  4.9  5.4  5.4  1.5
  0.5  6.3  3.9  2.9  7.3 15.6 38.5  7.3  5.8  4.4 85.2112.0  2.4152.5 15.1
  2.9  1.0  0.0  0.0  0.0  0.0  0.0  0.0  0.0  0.0  0.0  0.0  0.0  0.0  0.0
  0.0  0.0  0.0  0.5  1.9  5.4  1.5  1.5  0.5  0.0  0.0  0.0  0.0  0.0  1.5
  0.5  1.9  1.5  1.0  0.0  0.5  0.0  0.5  0.5  0.5  0.0  0.0  3.4  1.5  0.0
  9.3  1.9  0.0 11.2  6.3  1.5  8.3  4.9  0.0  0.0  0.0  0.0  0.0  0.0  0.0
  0.0  0.0  0.0  0.0  0.0  0.0  0.0  8.8  3.9  1.0  8.8 21.9  4.4  5.8  4.4
  3.4  2.9  0.0  0.5  0.0  0.0  0.5 31.7  6.3 21.9  1.0  5.4  7.3  3.9  0.0
      6.47      5.96     -1.08      1.47      1.82  1.0  0.0  0.0  0.0  0.0
                                         4000_story_0366.txt 35.5  4.5 2309
  9.1  3.9  0.4 30.7  2.6  0.0  2.6  2.6  8.2 14.7  1.7  0.0  0.0  6.1  0.4
  1.7  0.0  2.6 16.0  0.0  2.6236.0122.6 42.4 74.1 55.9 20.8  0.4  0.9  2.6
  1.3  3.9 28.6  5.2  7.8 39.0 12.1  2.6  0.4  3.5  3.9  3.5  6.1  9.5  1.3
  2.6  4.8  3.0  0.4  5.2  9.1 28.2 13.4  0.0  4.8 76.7 66.7  3.0129.1  8.2
  3.0  0.4  0.0  0.0  0.0  0.0  0.0  0.0  0.0  0.0  0.0  0.0  0.0  0.0  0.0
  0.0  0.0  0.0  0.4  0.0  3.0  2.2  0.4  0.0  0.0  0.0  0.0  0.0  0.4  0.4
  0.4  1.7  0.9  0.0  0.0  0.9  0.0  0.0  0.0  0.4  0.0  0.0  3.5  1.3  0.0
  5.6  0.4  0.4  6.5  3.5  0.9  4.8  4.8  0.0  0.0  0.0  0.0  0.0  0.0  0.0
  0.0  0.0  0.0  0.0  0.0  0.0  0.0  7.4  4.8  2.6 13.4 29.9  0.4  7.8  4.8
  3.0  1.3  0.9  1.7  0.0  1.3  0.9 22.1  3.9 19.5  2.2  4.3  9.1  1.7  0.0
     -7.85      3.27      1.40     -1.03      3.44  0.9  0.0  0.0  0.0  0.0
                                         4000_story_0367.txt 36.0  4.2 5134
 10.3  2.3  9.9 46.9 11.7  0.8  3.3  3.1 13.6 10.3  3.1  0.0  0.2  5.3  0.4
  3.9  1.9  5.3 27.1  0.6  1.4223.8 89.0 38.0 89.4 72.8  8.4 11.7  1.0  1.2
  0.2  5.1 24.3  8.0 10.9 52.6 10.7  4.3  0.6  1.8  2.9  2.7  6.0  6.2  0.6
  1.6  4.1  1.8  2.3  3.7 12.5 38.0  8.4  2.5  2.3 68.6 98.2  2.5156.2  9.7
  1.9  0.2  0.0  0.0  0.0  0.0  0.0  0.0  0.0  0.0  0.0  0.0  0.0  0.0  0.0
  0.0  0.0  0.0  1.0  0.8  1.9  2.9  0.8  0.0  0.2  0.0  0.0  0.0  0.0  0.2
  1.0  0.6  0.8  2.1  0.2  0.0  0.2  0.0  0.4  0.6  0.0  0.0  1.9  1.2  0.0
  6.6  1.0  0.0  7.6  4.7  0.8  6.0  3.1  0.0  0.0  0.0  0.0  0.0  0.0  0.0
  2.1  1.0  0.0  0.0  0.2  0.0  0.2 11.1  2.7  3.9  9.3 13.4  1.0  8.2  9.9
  1.6  1.6  8.0  0.8  0.8  0.2  0.2 33.1 18.7 13.8  1.0  2.3 11.1  5.1  0.0
      3.14      4.23     -2.60     -2.12      2.04  1.0  0.0  0.2  0.0  0.0
                                         4000_story_0420.txt 29.8  3.7 2776
 15.1  2.2  1.1 54.4 11.5  1.4  4.0  3.2 13.3  6.5  0.4  0.0  0.7  6.5  0.4
  4.7  1.1  6.1 36.4  2.5  3.2213.3 91.1 23.4 82.1 82.9  7.6  9.7  2.2  2.9
  0.4  0.4  4.0  9.4 13.3 30.3 19.8 10.8  2.9  3.6  3.2  3.2  3.2  8.3  0.4
  0.4  5.8  7.2  2.2  2.9 20.2 46.1  9.0  3.6  5.4 46.5107.7  5.8157.1  5.4
  1.8  0.4  0.0  0.0  0.0  0.0  0.0  0.0  0.0  0.0  0.0  0.0  0.0  0.0  0.0
  0.0  0.0  0.0  2.9  1.8  2.5  2.5  0.7  0.4  0.0  0.0  0.0  0.0  0.0  1.1
  1.1  2.5  1.4  1.1  0.0  0.4  0.7  0.0  0.0  0.0  0.0  0.0  1.8  0.0  0.0
  9.7  1.1  0.0 10.8  7.2  1.1  8.3  1.8  0.0  0.0  0.0  0.0  0.0  0.0  0.0
  1.1  1.1  0.0  0.0  0.0  0.0  0.0 19.5  6.1  0.4  7.2 17.7  1.1  7.9  6.5
  2.9  5.8  1.8  0.7  2.9  0.4  0.0 45.7 19.1 22.0  1.1  2.2  5.8  3.2  0.0
      9.51      3.91     -3.89      1.38      0.05  0.4  0.0  0.7  0.0  0.0
                                         4000_story_0422.txt 33.5  4.4 5358
 12.7  2.4  4.7 34.2  3.5  0.7  1.3  3.2 12.3  8.4  0.6  0.4  0.6  3.7  0.9
  0.9  0.2  4.3 17.9  0.4  3.0211.5123.4 41.1 76.3 97.8 11.2  5.4  4.7  4.5
  2.4  1.7 31.2  6.0  2.4 39.6 15.5  4.5  1.7  1.7  1.3  2.1  3.9  4.7  1.3
  2.8  5.8  1.3  1.1  3.4 10.1 27.4  8.8  0.6 11.6 73.9113.7  2.2137.2  9.5
  1.1  0.6  0.0  0.0  0.0  0.0  0.0  0.0  0.0  0.0  0.0  0.0  0.0  0.0  0.0
  0.0  0.0  0.0  1.9  1.1  1.5  1.9  0.4  0.4  0.0  0.0  0.0  0.0  0.0  0.4
  1.1  1.5  1.3  1.1  0.0  0.9  0.0  0.4  0.0  0.2  0.0  0.4  2.8  0.6  0.0
  6.3  0.7  0.0  7.1  5.4  1.3  6.9  3.7  0.0  0.0  0.0  0.0  0.0  0.0  0.0
  1.1  0.4  0.0  0.0  0.0  0.0  0.4  7.3  3.2  3.9 13.1 10.5  2.1  9.5  7.8
  0.9  1.3  1.5  0.9  1.7  0.7  0.6 30.4  8.4 18.9  2.2  4.3  7.1  3.5  0.0
     -6.19      4.29      6.28     -2.79      1.44  1.7  0.6  0.0  0.0  0.0
                                         4000_story_0425.txt 31.3  4.3 3293
 11.8  2.4  1.2 36.4  1.8  0.3  5.2  2.4  2.1  8.2  1.2  4.3  0.9  6.4  0.0
  1.8  0.9  4.3 22.5  1.2  1.2211.4112.1 35.8 73.2 82.0 14.9  5.5  5.8  6.7
  1.2  3.0 27.9  4.3  5.2 32.5 14.9  6.7  1.5  3.0  2.7  2.1  5.8  8.8  2.4
  1.8  8.8  7.6  1.2  6.4 13.7 41.6 13.1  2.1 13.7 70.8 85.9  4.6135.7  9.1
  3.0  0.0  0.0  0.0  0.0  0.0  0.0  0.0  0.0  0.0  0.0  0.0  0.0  0.0  0.0
  0.0  0.0  0.0  5.2  1.8  2.1  0.3  0.3  0.0  0.0  0.0  0.0  0.3  0.0  0.9
  0.3  1.2  3.0  0.3  0.0  1.8  0.6  0.0  0.3  1.8  0.9  0.0  4.3  0.3  0.0
  9.4  0.3  0.3 10.0  5.8  2.7 10.3  5.5  0.0  0.0  0.0  0.0  0.0  0.0  0.0
  0.3  0.9  0.0  0.3  0.0  0.0  0.0 19.1  4.9  3.9 12.1  8.5  0.9  8.8  3.0
  1.5  2.1  3.3  0.0  2.7  0.9  0.9 29.2 10.3 17.0  2.7  1.2  6.1  2.7  0.0
      0.12      4.20      7.30     -0.99      3.77  1.2  1.2  0.3  0.0  0.0
                                         4000_story_0427.txt 34.0  4.3 2506
 12.0  4.4  0.8 49.1 12.0  0.4  4.0  1.6 10.8  6.4  2.8  2.0  1.2  9.2  0.4
  1.2  0.0  3.6 27.9  0.4  1.6220.7111.3 37.9 53.1 86.2  7.6  7.2  6.0  4.0
  1.2  2.0 22.3  5.6  6.0 37.9 10.8 14.0  1.2  4.0  1.6  1.6  7.2  5.2  1.6
  2.8  4.8  6.4  1.2  3.2 19.2 40.7  9.6  0.4 11.2 66.2108.9  2.8125.3  7.2
  1.6  0.0  0.0  0.0  0.0  0.0  0.0  0.0  0.0  0.0  0.0  0.0  0.0  0.0  0.0
  0.0  0.0  0.0  4.8  2.0  1.6  1.6  0.0  0.0  0.0  0.0  0.0  0.0  0.0  0.8
  1.6  1.2  0.8  0.0  0.0  0.8  0.0  0.0  0.0  0.8  0.0  0.8  4.0  0.0  0.0
 10.0  0.0  0.0 10.0  4.4  0.8  6.0  4.8  0.0  0.0  0.0  0.0  0.0  0.0  0.0
  0.0  0.4  0.0  0.0  0.0  0.0  0.4 19.2  2.8  5.6 12.4 14.0  2.8  6.4  4.0
  2.0  3.6  2.4  0.4  2.4  1.2  0.0 23.5 12.8 14.0  3.2  2.0  5.2  3.2  0.0
      0.28      2.64      4.36      0.32      3.78  1.6  1.2  0.0  0.0  0.0
                                         4000_story_0428.txt 33.5  4.3 5530
 11.8  4.0  0.4 46.8 10.7  0.4  2.2  3.6 15.4  6.5  1.6  0.9  2.4  5.2  0.2
  2.0  0.5  4.3 22.8  0.9  0.7233.3121.2 32.9 55.7 62.0  9.2  8.3  5.4  7.4
  2.0  3.4 26.2  5.2  5.8 34.2 13.4  6.9  1.1  2.5  1.8  3.3  4.3 10.1  2.2
  2.4  6.7  3.8  1.4  3.6 13.0 36.3 14.6  1.4 14.8 61.7 88.1  3.1125.0  8.7
  0.4  0.7  0.0  0.0  0.0  0.0  0.0  0.0  0.0  0.0  0.0  0.0  0.0  0.0  0.0
  0.0  0.0  0.0  4.5  2.2  0.4  1.8  0.4  0.5  0.0  0.0  0.0  0.0  0.0  0.2
  0.2  1.6  1.6  0.7  0.0  0.4  0.2  0.0  0.0  2.0  0.0  0.5  2.5  0.5  0.0
  8.9  0.9  0.0  9.8  4.3  0.5  6.9  3.6  0.0  0.0  0.0  0.0  0.0  0.0  0.0
  0.4  1.1  0.2  0.0  0.0  0.0  0.5 16.1  1.6  3.3  9.2 11.8  3.1  4.7  5.2
  2.4  2.9  1.4  0.4  2.5  0.4  0.2 25.9 12.7 15.6  1.1  3.1  7.2  2.4  0.0
     -2.12      2.18      7.63     -1.31      3.05  2.2  0.0  0.0  0.0  0.0
                                         4000_story_0429.txt 28.3  4.2 2470
 15.8  7.3  2.8 57.1  7.7  0.8  3.2  2.0 13.4 10.1  2.8  4.5  0.8  2.4  0.0
  2.8  0.8  3.2 19.8  1.2  4.0190.7 90.3 25.1 81.0 79.4 13.0 14.2  2.8  6.1
  1.2  2.0 18.6  7.3  6.5 35.6 15.0 13.0  1.6  5.7  3.2  1.6  6.9  8.5  0.8
  1.6  8.5  5.7  1.2  5.7 19.4 40.5 10.9  2.0 10.1 54.3100.4  3.2157.1  7.7
  2.0  0.4  0.0  0.0  0.0  0.0  0.0  0.0  0.0  0.0  0.0  0.0  0.0  0.0  0.0
  0.0  0.0  0.0 10.1  2.0  1.2  1.6  0.4  0.4  0.0  0.0  0.0  0.0  0.0  0.4
  0.8  2.4  3.6  0.4  0.0  1.6  0.4  0.0  0.8  2.0  0.0  0.0  1.2  0.4  0.0
 15.0  0.8  0.0 15.8  7.7  2.8 12.6  1.6  0.0  0.0  0.0  0.0  0.0  0.0  0.0
  0.0  1.2  0.0  0.0  0.0  0.0  1.2 23.5  4.9  0.4  8.9  9.7  1.6  4.0  4.9
  0.8  4.9  3.6  0.8  2.4  0.0  0.0 40.1 21.5 16.6  3.6  3.6  6.9  5.3  0.0
      4.22      5.58      2.81      1.77      3.11  0.0  0.4  0.0  0.0  0.0
                                         4000_story_0440.txt 34.0  4.4 2079
 12.0  4.3  0.5 32.2  1.0  0.0  2.9  4.3  8.2  9.6  2.9  1.4  0.0  3.4  0.0
  1.4  0.0  2.9 22.6  0.5  1.0238.6134.7 44.3 49.5 59.6  8.7  6.3  4.3  3.8
  2.9  3.4 29.3  4.8  4.8 34.2 15.9 10.1  2.4  4.3  2.9  2.4  2.9  9.1  1.4
  1.4  3.8  9.6  0.5  5.3 15.9 35.6 12.0  0.5 11.1 77.0 68.8  3.4113.5  9.1
  2.4  0.5  0.0  0.0  0.0  0.0  0.0  0.0  0.0  0.0  0.0  0.0  0.0  0.0  0.0
  0.0  0.0  0.0  4.8  3.4  1.0  1.9  1.4  0.0  0.5  0.0  0.0  0.0  0.0  1.9
  0.0  1.4  1.0  0.0  0.0  0.0  0.5  1.0  0.0  2.4  0.5  0.0  1.4  0.0  0.0
 11.1  1.9  0.0 13.0  4.3  1.4  8.2  1.9  0.0  0.0  0.0  0.0  0.0  0.0  0.0
  0.5  0.0  0.0  0.0  0.0  0.0  0.0 24.1  1.0  3.8 10.6  6.7  3.8  1.4  4.8
  0.0  4.3  0.5  0.5  5.8  1.4  0.0 16.8 10.1 17.3  2.4  3.8  2.9  1.9  0.0
     -7.66      1.38      6.62      0.88      1.14  0.5  0.0  0.5  0.0  0.0
                                         4000_story_0445.txt 33.3  4.3 5189
 10.8  7.1  2.1 51.3 18.7  0.8  1.7  4.2 23.5  6.0  1.9  1.3  0.6  4.4  0.0
  1.0  1.2  2.5 17.7  1.2  1.7217.0110.6 41.6 55.9 70.0 10.2 10.0  3.5  4.2
  1.5  3.3 25.2  8.5  5.6 33.7 11.8  9.3  2.1  3.1  2.9  2.5  4.0  5.4  1.5
  2.3  4.2  2.3  1.7  3.5 14.6 29.7  9.3  2.3  9.3 78.0112.2  3.7129.9 11.9
  1.9  0.4  0.0  0.0  0.0  0.0  0.0  0.0  0.0  0.0  0.0  0.0  0.0  0.0  0.0
  0.0  0.0  0.0  6.4  1.3  2.5  0.4  0.6  0.0  0.0  0.0  0.0  0.0  0.0  0.2
  0.6  1.2  1.3  0.2  0.0  1.3  0.2  0.2  0.2  0.6  0.0  0.0  1.0  0.2  0.0
 10.6  0.6  0.0 11.2  3.5  1.9  6.0  1.2  0.0  0.0  0.0  0.0  0.0  0.0  0.0
  0.4  0.6  0.0  0.0  0.0  0.0  0.0  8.9  1.7  1.9  6.7  9.8  2.1  3.5  2.3
  1.3  5.0  2.7  0.8  4.4  0.4  0.0 23.5 14.6 16.0  1.9  2.9  5.2  2.1  0.0
     -1.18      3.04      3.52      0.06      1.65  1.0  0.0  0.0  0.0  0.0
                                         4000_story_0447.txt 34.5  4.3 4282
 11.9  4.4  1.6 53.0 18.2  1.4  3.0  2.8 25.2  4.7  2.3  1.6  1.2  5.4  0.2
  0.9  0.5  2.6 24.8  0.7  1.2237.3125.2 41.8 40.4 56.3  5.6  6.5  3.0  5.4
  2.8  3.7 27.8  6.8  5.6 32.0 11.2 10.5  0.7  2.6  3.0  2.1  5.8  6.5  1.2
  2.6  7.0  3.0  1.2  4.2 16.1 39.7 10.3  1.2 11.2 69.6 99.7  1.4115.6  8.4
  1.9  0.5  0.0  0.0  0.0  0.0  0.0  0.0  0.0  0.0  0.0  0.0  0.0  0.0  0.0
  0.0  0.0  0.0  5.4  1.6  1.6  0.9  0.7  0.0  0.0  0.0  0.0  0.0  0.0  0.2
  0.5  0.5  1.6  0.0  0.0  0.7  0.2  0.0  0.2  0.9  0.5  0.0  1.9  0.2  0.0
  9.6  0.7  0.0 10.3  2.8  1.2  4.9  2.6  0.0  0.0  0.0  0.0  0.0  0.0  0.0
  0.5  0.2  0.0  0.0  0.0  0.0  0.2 15.4  5.6  3.0  8.6 11.7  2.3  2.6  4.7
  2.6  4.0  1.9  0.0  4.0  1.2  0.2 19.4 10.3 15.2  2.6  3.3  3.7  1.4  0.0
     -1.96      0.39      5.91     -0.42      2.74  0.7  0.2  0.0  0.0  0.0
                                         4000_story_0449.txt 33.3  4.2 4838
 11.2  6.0  2.7 61.0 15.1  0.2  3.7  4.1 21.5  6.2  2.5  0.6  0.2  6.4  0.0
  1.2  0.6  5.2 22.5  1.0  1.7204.4102.1 35.8 53.5 82.5  9.1  7.9  2.7  9.9
  1.2  1.2 26.5  6.0  6.0 37.4 12.0 11.6  0.8  3.7  3.5  2.1  4.8  5.8  0.6
  2.1  9.9  3.9  2.7  5.0 20.3 38.0  8.5  1.7 13.8 65.9119.1  4.1137.5  9.9
  3.5  0.0  0.0  0.0  0.0  0.0  0.0  0.0  0.0  0.0  0.0  0.0  0.0  0.0  0.0
  0.0  0.0  0.0  4.8  1.2  3.1  1.2  0.4  0.0  0.2  0.0  0.0  0.2  0.0  0.2
  0.4  2.3  1.4  0.0  0.0  0.6  0.4  0.0  0.2  0.8  0.2  0.2  2.3  0.2  0.0
 10.3  0.6  0.2 11.2  4.3  1.2  6.4  2.9  0.0  0.0  0.0  0.0  0.0  0.0  0.0
  0.0  0.8  0.2  0.0  0.2  0.0  0.0 24.2  3.5  2.5  7.9  8.9  1.4  6.4  4.8
  0.6  4.1  2.7  0.6  3.7  0.4  0.0 32.9 13.4 15.7  1.4  2.7  7.4  2.5  0.0
      1.41      2.90      5.34      0.61      1.37  1.0  0.0  0.0  0.0  0.0
                                         4000_story_0452.txt 31.5  4.4 5141
 11.5  3.1  1.0 62.4 18.3  0.6  2.9  1.8 10.7 11.9  3.7  0.8  1.0  6.6  0.0
  0.6  0.6  4.1 22.0  1.0  3.1225.2110.9 35.6 53.7 51.0 10.1  8.6  3.5  7.8
  2.3  2.1 30.7  5.8  7.0 35.6 12.6  9.9  2.3  2.1  3.3  3.1  3.5  7.6  1.9
  1.9  6.0  5.6  2.1  4.5 17.3 33.1 11.5  1.6 13.6 62.8 79.9  6.0138.9 10.3
  1.9  0.4  0.0  0.0  0.0  0.0  0.0  0.0  0.0  0.0  0.0  0.0  0.0  0.0  0.0
  0.0  0.0  0.0  4.3  1.4  1.4  1.2  0.6  0.4  0.4  0.0  0.0  0.2  0.0  0.2
  0.4  1.0  1.8  0.0  0.4  1.6  0.4  0.2  0.4  0.6  0.6  0.0  1.8  0.8  0.0
  8.2  1.4  0.2  9.7  3.3  2.9  6.8  3.1  0.0  0.0  0.0  0.0  0.0  0.0  0.0
  0.2  0.2  0.2  0.0  0.0  0.0  0.4  9.1  1.2  2.7  9.9 12.6  3.7  3.9  4.3
  1.2  4.3  2.7  0.6  4.1  0.2  0.2 24.7 16.3 16.3  1.6  4.1  6.6  1.8  0.0
     -0.32      1.83      6.22      0.30      1.84  1.4  0.2  0.0  0.0  0.0
                                         4000_story_0454.txt 34.5  4.5 5503
 14.0  2.7  1.3 36.0  6.4  0.5  1.6  1.8 10.5  5.1  0.9  0.0  0.5  3.5  0.9
  2.2  0.4  4.7 20.2  0.7  1.1241.0117.6 41.1 66.7 75.0 11.4  8.9  2.0  4.0
  3.5  2.7 44.0  3.5  5.1 31.1 15.1  6.9  1.5  2.4  1.6  3.5  4.9  6.5  1.8
  1.8  5.6  4.2  1.8  3.8 13.3 30.9 10.2  1.1  9.4 67.6 91.9  1.8127.9 11.3
  2.2  0.5  0.0  0.0  0.0  0.0  0.0  0.0  0.0  0.0  0.0  0.0  0.0  0.0  0.0
  0.0  0.0  0.0  1.8  1.8  3.1  1.5  0.7  0.4  0.2  0.0  0.4  0.0  0.2  0.5
  1.5  0.7  1.5  1.1  0.2  1.1  0.2  0.0  0.5  0.2  0.2  0.0  2.2  0.2  0.0
  8.2  1.3  0.5 10.0  5.3  2.0  7.5  2.5  0.0  0.0  0.0  0.0  0.0  0.0  0.0
  0.2  0.4  0.0  0.0  0.0  0.0  0.0 15.8  4.0  4.0 14.9 10.0  2.5  8.2  7.3
  2.9  1.5  5.8  0.2  1.1  0.7  1.6 26.2 14.0 18.5  2.2  3.8  8.9  2.0  0.0
     -6.96      3.65      7.10     -1.26      2.42  1.5  0.4  0.0  0.0  0.2
                                         4000_story_0456.txt 31.8  4.2 3582
 13.4  3.9  5.0 62.3 12.3  0.3  3.4  2.0 11.2 10.9  1.4  0.8  3.1  5.6  0.0
  1.7  1.7  2.8 25.7  0.0  1.4211.1109.7 45.8 47.2 54.4  8.1  8.1  2.8  6.7
  2.0  2.8 19.5  5.3  7.3 40.2 17.3  8.4  1.1  2.2  1.1  2.8  2.5  7.0  2.5
  2.8  4.2  3.4  2.5  7.3 12.3 35.7 12.3  1.7 11.4 82.1 77.9  4.2136.0  5.9
  2.2  0.3  0.0  0.0  0.0  0.0  0.0  0.0  0.0  0.0  0.0  0.0  0.0  0.0  0.0
  0.0  0.0  0.0  5.6  0.8  2.2  0.0  0.6  0.0  0.0  0.0  0.0  0.3  0.0  0.6
  0.8  2.0  2.8  0.3  0.0  0.8  0.0  0.0  0.3  0.8  0.3  0.0  5.9  0.8  0.0
  8.7  0.6  0.3  9.5  6.4  1.1  8.4  7.0  0.0  0.0  0.0  0.0  0.0  0.0  0.0
  0.6  0.6  0.3  0.0  0.0  0.0  0.3 19.3  1.4  2.8  5.6 11.7  1.7  5.3  5.9
  1.7  3.6  3.1  0.8  5.6  0.0  0.0 26.2 11.7 19.8  1.7  2.8  7.3  2.5  0.0
      1.27      1.30      4.20     -1.59      1.83  0.3  0.0  0.3  0.0  0.3
                                         4000_story_0458.txt 34.0  4.3 4816
 10.8  5.2  1.7 46.9  8.7  0.4  2.9  1.5 13.5  6.0  2.3  0.4  1.5  8.1  0.2
  1.9  1.0  2.9 25.1  0.8  1.5218.0111.3 26.8 62.1 76.6  9.8 10.2  2.9  5.8
  1.7  3.1 26.2  7.9  7.5 38.6 14.3 10.2  1.9  3.5  2.7  2.1  5.6  5.4  1.0
  1.2  5.4  6.0  1.9  6.0 15.8 37.6  7.7  1.9 10.4 56.7 98.8  2.3139.7 18.1
  0.4  0.0  0.0  0.0  0.0  0.0  0.0  0.0  0.0  0.0  0.0  0.0  0.0  0.0  0.0
  0.0  0.0  0.0  6.2  0.8  2.3  1.0  0.4  0.0  0.2  0.0  0.0  0.2  0.0  0.8
  0.2  1.5  1.9  0.4  0.0  1.7  0.0  0.2  0.4  0.6  0.4  0.0  3.9  0.2  0.0
 10.4  0.6  0.2 11.2  4.8  2.3  7.7  4.6  0.0  0.0  0.0  0.0  0.0  0.0  0.0
  0.6  0.4  0.2  0.0  0.0  0.0  0.0 19.3  3.3  2.3  8.5 11.6  1.0  7.7  6.4
  2.3  1.2  0.8  0.0  4.2  0.8  0.2 31.1 16.0 17.4  2.1  1.5  7.1  3.5  0.0
      0.64      3.48      3.42      0.14      1.90  1.2  0.0  0.0  0.0  0.4
                                         4000_story_0461.txt 33.5  4.5 4277
 18.2  4.4 14.3 43.7 10.1  1.4  2.3  4.2 13.1 24.3  1.4  0.2  0.7  5.8  0.7
  2.3  0.5  4.0 25.3  0.5  4.2232.9102.6 32.7 90.3 63.8 13.1  7.2  1.4  2.3
  0.5  3.5 23.6  8.9  8.9 45.8  6.8  6.5  0.7  1.9  1.9  3.3 10.5  8.9  0.2
  2.1  4.9  3.5  2.8  4.0 12.4 35.8 11.2  0.9  4.2 63.1 87.0  3.7152.2  9.6
  2.6  0.2  0.0  0.0  0.0  0.0  0.0  0.0  0.0  0.0  0.0  0.0  0.0  0.0  0.0
  0.0  0.0  0.0  1.4  1.9  2.8  0.5  0.7  0.0  0.2  0.0  0.0  0.0  0.0  0.2
  0.2  0.5  0.2  0.5  0.0  0.0  0.7  0.0  0.0  0.2  0.0  0.0  2.3  0.5  0.0
  6.5  0.9  0.0  7.5  1.6  0.7  2.6  2.8  0.0  0.0  0.0  0.0  0.0  0.0  0.0
  0.5  0.2  0.0  0.0  0.0  0.5  0.5  7.0  2.6  1.6  7.9 22.9  3.3  5.1  5.4
  4.7  2.8  2.6  0.7  1.2  0.0  0.0 29.5 11.0 23.8  1.6  2.1  8.4  4.4  0.0
      3.26      3.94     -1.42     -1.77      5.15  1.4  0.2  0.0  0.0  0.0
                                         4000_story_0462.txt 33.3  3.6 4317
 22.7 13.0 28.0 92.7 20.2  0.9  3.5  3.7 72.5 16.9  1.9  0.2  1.9  3.7  1.2
  2.5  0.7  6.5 36.6  3.2  4.9155.9 89.0 19.0 60.0 65.3 13.0 16.2  1.6  0.9
  0.0  1.9  9.3  3.9 11.4 41.7 15.3 10.7  0.0  7.2  5.3  1.2  4.9  5.3  0.2
  0.5  7.2  2.3  2.3  3.7 22.5 53.0  6.0  3.9  2.5 45.4158.0  6.0165.9 12.0
  3.5  0.0  0.0  0.0  0.0  0.0  0.0  0.0  0.0  0.0  0.0  0.0  0.0  0.0  0.0
  0.0  0.0  0.0  9.0  0.5  4.2  3.5  0.5  0.0  0.0  0.0  0.0  0.0  0.2  0.9
  0.9  1.9  1.2  1.4  0.0  0.2  0.2  0.0  0.2  0.2  0.0  0.0  5.1  0.9  0.0
 17.1  0.5  0.2 17.8  6.3  0.7  7.2  6.0  0.0  0.0  0.0  0.0  0.0  0.0  0.0
  0.9  1.2  0.7  0.0  0.0  0.0  0.5 13.0  1.2  2.5  6.7 10.7  4.9  7.4  3.7
  7.4  2.1  3.2  1.6  1.9  0.7  0.2 39.4 22.5 30.8  1.6  0.5  9.7  3.5  0.0
     21.87      4.65     -3.11      2.20      0.55  0.9  0.5  0.0  0.2  0.0
                                         4000_story_0463.txt 29.5  3.7 3700
 17.6  7.8 15.1 66.5 10.5  2.7  4.3  1.9 72.4 17.6  1.1  2.7  0.3  5.9  0.5
  1.9  0.8  7.6 43.0  2.4  5.4167.6 96.5 18.1 72.4 50.3 18.4  7.8  0.0  0.8
  0.0  3.5  8.6  7.0 11.1 36.5 15.1  8.9  0.0  5.1  3.0  2.2  3.8  4.1  0.3
  1.6  8.9  3.5  1.4  4.1 19.5 63.2  5.9  3.2  0.8 45.1133.2  1.4158.9 11.1
  3.0  0.0  0.0  0.0  0.0  0.0  0.0  0.0  0.0  0.0  0.0  0.0  0.0  0.0  0.0
  0.0  0.0  0.0  2.7  0.5  5.7  3.0  0.0  0.0  0.0  0.0  0.0  0.0  0.0  0.5
  1.1  1.4  1.9  0.3  0.0  0.0  0.0  0.3  0.0  0.0  0.0  0.0  3.2  0.5  0.0
 11.9  0.0  0.0 11.9  5.1  0.3  5.4  3.8  0.0  0.0  0.0  0.0  0.0  0.0  0.0
  1.9  1.4  0.0  0.0  0.0  0.0  0.3  7.6  1.6  1.4  8.4 12.4  4.9  7.8  5.1
  3.5  2.2  3.8  1.6  0.3  0.0  0.5 40.0 13.2 28.9  1.6  2.2 13.2  2.4  0.0
     19.99      3.87     -4.06      0.13      0.08  0.0  0.0  0.0  0.0  0.0
                                         4000_story_0464.txt 34.0  4.3 2828
 12.0  2.8  1.4 15.9  1.1  0.4  1.4  2.5  2.1 14.1  0.4  0.0  0.7  1.8  2.1
  0.4  0.0  3.2 18.7  1.1  3.9243.6116.3 45.6 87.3 72.5 11.3  2.1  1.1  0.4
  0.0  5.7 12.0  9.9 13.4 41.4  5.3  3.2  0.7  2.5  1.4  2.5  5.3  4.2  0.7
  3.9  8.8  3.2  3.5  4.6  7.8 35.7  8.8  1.1  1.4 84.9 75.7  1.1127.7 14.5
  2.1  0.7  0.0  0.0  0.0  0.0  0.0  0.0  0.0  0.0  0.0  0.0  0.0  0.0  0.0
  0.0  0.0  0.0  1.1  0.7  2.8  1.8  0.0  0.4  0.7  0.0  0.0  0.0  0.0  0.0
  0.4  0.7  0.4  0.4  0.0  0.0  0.0  0.4  0.0  0.0  0.0  0.4  1.4  0.7  0.0
  6.4  1.1  0.0  7.4  1.8  0.4  2.1  2.5  0.0  0.0  0.0  0.0  0.0  0.0  0.0
  0.7  1.4  0.0  0.0  0.0  0.0  0.0  6.0  1.1  0.0  8.5 32.5  2.1  6.4  8.5
  3.9  2.8  0.7  1.8  0.0  0.7  0.0 27.2  3.9 17.7  1.4  5.0  7.1  1.8  0.0
     -7.57      2.94     -4.43     -2.83      2.13  1.1  0.4  0.0  0.0  0.0
                                         4000_story_0466.txt 25.5  3.4 4351
 15.2  9.9 40.9 84.6 16.5  1.8  2.1  1.8 77.7 17.7  4.4  0.0  0.2  1.6  0.2
  0.5  0.0  5.3 36.8  2.1  4.4184.1 93.3 20.5 61.4 36.5 13.1 20.5  0.0  1.1
  0.0  1.6  5.3  7.6  8.0 31.5 12.0 10.6  0.9  5.5  3.0  0.7  4.4  7.1  0.5
  0.5 10.1  1.6  2.1  2.3 18.8 54.0  8.0  2.1  1.1 48.7130.8  1.1159.0  3.2
  0.9  0.0  0.0  0.0  0.0  0.0  0.0  0.0  0.0  0.0  0.0  0.0  0.0  0.0  0.0
  0.0  0.0  0.0  7.4  0.7  2.1  0.9  0.0  0.0  0.0  0.0  0.0  0.0  0.0  0.2
  0.0  2.5  1.1  0.9  0.0  0.0  0.0  0.0  0.0  0.0  0.0  0.0  3.7  0.5  0.0
 11.0  0.0  0.0 11.0  4.8  0.0  4.8  4.1  0.0  0.0  0.0  0.0  0.0  0.0  0.0
  1.1  1.1  0.7  0.0  0.0  0.0  0.9 28.3  1.1  0.5  7.1  8.3  1.4  6.7  2.8
  4.4  2.1  7.8  0.7  1.1  0.0  0.0 35.4 25.7 18.8  1.1  2.5 11.0  1.8  0.0
     13.93      4.22     -3.81      0.41      0.68  0.5  0.0  0.0  0.0  0.0
                                         4000_story_0470.txt 31.5  4.2 3524
 13.9  2.6 16.2 63.0 22.7  3.4  5.1  3.1 29.8 12.2  1.7  0.0  0.6  2.3  0.3
  2.3  2.0  7.4 16.2  2.0  2.0231.0 96.2 27.5 78.3 50.2 12.5  8.5  0.9  0.9
  0.3  2.8 31.2 10.2 11.6 42.8  8.8  7.4  4.5  3.4  1.7  2.6  6.8  4.8  0.3
  1.1  5.4  4.0  1.7  3.7 16.5 27.8  6.2  4.0  2.0 53.1102.7  3.7152.4  7.7
  2.0  1.1  0.0  0.0  0.0  0.0  0.0  0.0  0.0  0.0  0.0  0.0  0.0  0.0  0.0
  0.0  0.0  0.0  1.1  0.6  1.7  2.6  0.9  0.6  0.3  0.0  0.0  0.0  0.0  0.3
  0.3  1.1  0.9  0.6  0.3  0.3  0.3  0.0  0.0  0.9  0.0  0.3  1.1  1.1  0.0
  6.0  1.7  0.0  7.7  3.1  0.9  4.8  2.6  0.0  0.0  0.0  0.0  0.0  0.0  0.0
  0.0  0.9  0.6  0.0  0.0  0.0  0.9  5.7  6.5  2.8  9.1 24.4  5.7  7.9  9.1
  2.6  2.0  1.7  0.9  1.1  1.1  0.3 32.9 18.4 19.6  1.7  2.0  6.8  6.0  0.0
      5.18      3.06     -3.40      0.00      1.95  0.9  0.3  0.0  0.3  0.0
                                         4000_story_0471.txt 32.5  4.2 2769
 13.4  3.3 13.4 54.5 13.0  0.7  3.6  1.8 51.6 14.4  1.1  0.7  0.4  4.7  0.0
  0.7  1.8  2.9 19.9  1.1  4.3225.0 97.9 28.5 79.1 37.2  7.9  9.8  0.7  2.2
  0.0  4.7 18.4  9.4  6.9 45.1  9.0  6.1  1.8  1.8  1.8  1.1  5.1  5.8  0.0
  2.2  9.0  2.9  1.4  3.3 10.8 36.1  7.9  2.9  2.9 61.8101.8  4.7147.3  5.8
  2.5  0.0  0.0  0.0  0.0  0.0  0.0  0.0  0.0  0.0  0.0  0.0  0.0  0.0  0.0
  0.0  0.0  0.0  1.8  1.4  2.5  0.7  0.0  0.4  0.0  0.0  0.0  0.4  0.0  0.0
  0.4  1.8  0.7  0.4  0.0  0.4  0.0  0.4  0.0  0.7  0.7  0.0  2.2  0.0  0.0
  6.5  0.4  0.4  7.2  3.3  0.7  4.7  2.9  0.0  0.0  0.0  0.0  0.0  0.0  0.0
  1.4  0.4  0.0  0.0  0.0  0.0  0.0  2.5  3.6  2.9  8.7 21.3  1.8  5.8  4.3
  6.1  1.8  1.1  0.4  0.0  1.1  0.4 26.7 17.7 16.6  3.3  1.8  5.1  5.1  0.0
      3.79      1.86     -1.77     -2.45      1.11  1.1  0.0  0.0  0.0  0.0
                                         4000_story_0473.txt 33.3  4.1 2564
 14.0  5.1 24.6 60.8 14.4  2.3  4.7  4.7 50.7 16.8  0.0  0.0  1.2  6.6  0.8
  2.0  0.8  6.2 23.8  0.4  2.3205.1 92.0 20.3 96.7 41.7 12.9 13.7  0.4  0.8
  0.0  2.7 15.6  5.1  9.4 43.3 12.1  9.4  2.0  2.7  1.2  3.1  5.9  5.1  0.0
  0.8  9.0  4.3  2.0  5.1 16.8 38.2  5.9  1.2  1.2 56.6106.9  6.6172.4  7.8
  2.7  0.8  0.0  0.0  0.0  0.0  0.0  0.0  0.0  0.0  0.0  0.0  0.0  0.0  0.0
  0.0  0.0  0.0  2.0  1.6  3.1  2.3  0.0  0.4  0.4  0.0  0.0  0.0  0.0  0.4
  0.8  0.8  2.0  0.0  0.4  0.0  0.0  0.0  0.4  0.4  0.4  0.0  2.3  0.4  0.0
  9.0  0.8  0.0  9.8  3.9  0.8  5.1  3.1  0.0  0.0  0.0  0.0  0.0  0.0  0.0
  1.6  1.6  0.0  0.0  0.0  0.0  0.4 10.9  4.7  2.0  8.2 12.1  2.0  7.8  3.9
  5.9  3.1  0.8  0.4  2.7  0.8  0.0 37.1 19.5 17.9  2.0  3.1  6.6  3.9  0.0
      8.78      4.31     -2.97     -0.70      1.05  0.8  0.0  0.0  0.4  0.0
                                         4000_story_0475.txt 28.3  3.7 2950
 21.0  7.8 13.2 62.7 15.3  1.4  5.1  3.1 67.1 15.9  2.7  0.3  1.4  3.1  0.7
  3.1  1.0  9.2 40.3  2.0  5.4175.3 82.4 26.4 82.4 61.4 19.7 10.5  0.0  0.3
  0.0  2.4 10.5  8.8 13.2 39.0 14.6  5.8  1.0  4.7  2.7  1.4  6.4  5.1  0.0
  1.7 10.8  4.4  0.3  3.4 17.6 58.6  6.8  3.1  0.3 54.2143.7  6.8161.0  6.8
  1.0  0.0  0.0  0.0  0.0  0.0  0.0  0.0  0.0  0.0  0.0  0.0  0.0  0.0  0.0
  0.0  0.0  0.0  5.1  2.0  3.4  4.4  0.3  0.0  0.0  0.0  0.0  0.0  0.3  0.3
  0.3  3.4  0.3  1.4  0.0  0.3  0.3  0.0  0.0  1.0  0.0  0.0  6.8  1.0  0.0
 14.9  0.3  0.3 15.6  5.8  0.7  7.5  7.8  0.0  0.0  0.0  0.0  0.0  0.0  0.0
  1.0  0.7  0.7  0.0  0.0  0.3  0.3 17.6  1.4  2.0  8.5 13.6  2.7  4.1  6.4
  2.0  2.7  9.8  0.0  1.0  0.7  0.0 29.5 15.3 30.8  1.7  3.7  9.8  4.4  0.0
     18.01      5.44     -5.87     -0.91      1.72  0.0  0.3  0.3  0.0  0.0
                                         4000_story_0478.txt 29.5  4.1 3009
 14.6  3.7 23.9 60.2 12.6  1.3  2.0  4.0 21.3 17.3  3.7  0.0  0.0  4.0  2.3
  1.7  0.0  8.0 17.6  1.3  3.7209.0 99.0 27.6 85.1 63.1 15.3 10.3  0.0  0.7
  0.3  4.7 18.9 12.3 10.6 41.9  9.6 10.0  2.0  4.7  1.0  1.7  7.0  4.7  0.0
  2.0  9.3  2.7  2.3  4.0 18.9 36.2  6.6  1.3  1.0 61.1 97.0  1.7162.5  7.6
  0.7  0.0  0.0  0.0  0.0  0.0  0.0  0.0  0.0  0.0  0.0  0.0  0.0  0.0  0.0
  0.0  0.0  0.0  1.3  0.3  3.0  1.7  0.7  0.0  0.3  0.0  0.0  0.0  0.3  0.3
  0.3  3.0  2.3  0.7  0.3  0.3  0.3  0.0  0.0  0.3  0.0  0.7  2.3  1.0  0.0
  6.3  1.0  0.3  7.6  6.6  1.0  8.0  4.0  0.0  0.0  0.0  0.0  0.0  0.0  0.0
  1.7  0.3  0.0  0.0  0.3  0.0  0.3  3.3  1.3  2.0  9.3 25.6  0.7  7.0  9.3
  2.0  1.3  2.7  0.7  1.0  0.3  0.3 40.5 15.3 21.6  1.3  4.3  5.3  3.0  0.0
      4.43      4.73     -4.37     -0.33      2.08  0.7  0.0  0.3  0.0  0.0
                                         4000_story_0479.txt 30.8  3.7 5630
 22.7  9.2 47.1 95.6 28.8  4.3  5.3  4.3 87.7 17.2  2.5  1.2  0.7  2.5  3.0
  1.2  0.4  8.3 13.0  1.8  5.0160.6 76.0 13.9 86.0 47.1  9.1 16.9  0.5  0.0
  0.2  1.2  8.3  8.9 13.9 39.6 14.4 19.2  2.1  7.1  0.5  1.2  6.2  2.3  0.2
  0.7  8.9  3.0  1.4  5.0 28.1 31.4  3.2  2.1  0.7 44.6163.6  5.9192.9  9.2
  0.9  0.4  0.0  0.0  0.0  0.0  0.0  0.0  0.0  0.0  0.0  0.0  0.0  0.0  0.0
  0.0  0.0  0.0  3.2  1.4  3.0  4.4  0.5  0.4  0.0  0.0  0.0  0.0  0.0  0.5
  0.7  3.0  2.3  0.7  0.0  0.4  0.5  0.0  0.0  0.5  0.5  0.0  2.0  3.4  0.0
 12.1  0.9  0.0 13.0  7.3  0.9  8.7  5.9  0.0  0.0  0.0  0.0  0.0  0.0  0.0
  1.6  1.2  0.2  0.0  0.2  0.0  0.5  5.3  5.3  1.4  6.2 14.2  1.4  9.4  7.1
  3.2  1.1  1.1  0.4  1.6  0.2  0.0 43.5 24.3 33.7  3.0  0.4 11.4  5.5  0.0
     19.46      4.06     -6.37      2.63      0.97  0.2  0.2  0.5  0.0  0.0
                                         4000_story_0480.txt 30.3  4.2 4131
 12.3  3.9 21.3 56.6 10.4  3.9  2.7  3.1 20.1 13.1  1.0  0.7  0.5  4.1  1.7
  1.0  0.2  6.8 16.5  0.5  3.6204.8 93.0 21.1 88.4 46.2 10.2  9.9  0.2  2.9
  0.5  3.6 33.9  9.9 11.4 48.2  9.7  9.2  2.2  1.7  0.7  1.0  5.8  6.3  0.7
  1.7  5.6  1.7  1.7  4.6 16.7 28.1  8.7  0.7  3.6 55.9 76.7  1.7158.8 12.1
  1.2  0.7  0.0  0.0  0.0  0.0  0.0  0.0  0.0  0.0  0.0  0.0  0.0  0.0  0.0
  0.0  0.0  0.0  1.0  1.5  1.5  2.4  0.2  0.7  0.0  0.0  0.0  0.0  0.2  0.5
  0.5  2.2  1.2  0.7  0.0  0.7  0.2  0.2  0.2  0.2  0.0  0.2  2.2  1.0  0.0
  6.3  1.0  0.2  7.5  5.1  1.5  6.8  3.4  0.0  0.0  0.0  0.0  0.0  0.0  0.0
  0.7  0.5  0.0  0.0  0.0  0.0  0.2  8.7  1.9  1.9 11.6 18.4  1.7  5.3  6.8
  4.8  1.2  0.5  1.5  1.9  0.5  0.0 41.4 14.0 17.2  1.2  2.7  5.3  2.9  0.0
      3.14      3.03     -2.21     -2.21      2.06  0.5  0.0  0.2  0.0  0.0
                                         4000_story_0481.txt 34.5  4.3 3280
 11.3  5.2 10.7 30.2  7.0  1.2  0.9  1.8  9.8 10.4  0.9  0.0  0.0  3.4  1.2
  0.3  0.0  5.8 27.1  0.0  2.4239.9103.4 29.6 93.9 59.8 12.8  6.1  0.9  1.5
  0.3  4.6 25.0 11.3  9.8 33.8  8.2  5.8  0.6  3.7  0.9  0.9  3.0  9.1  0.0
  1.5  3.0  1.8  2.4  5.2 12.5 38.4 10.7  0.0  2.7 78.7 76.5  3.4143.0  6.1
  1.2  0.0  0.0  0.0  0.0  0.0  0.0  0.0  0.0  0.0  0.0  0.0  0.0  0.0  0.0
  0.0  0.0  0.0  1.5  1.8  2.1  0.9  0.3  0.0  0.0  0.0  0.0  1.2  0.0  0.9
  0.3  0.6  0.6  0.6  0.0  0.0  0.3  0.0  0.3  1.2  0.0  0.0  1.2  0.0  0.0
  6.4  0.3  1.2  7.9  3.0  0.6  4.9  1.2  0.0  0.0  0.0  0.0  0.0  0.0  0.0
  0.3  0.6  0.0  0.0  0.0  0.0  0.6  9.1  4.0  3.0 10.4 25.0  3.7  3.7  8.2
  4.6  1.2  1.8  1.2  0.9  0.9  0.0 34.8 10.1 16.2  2.1  1.8  2.7  2.4  0.0
     -3.82      3.61     -2.03     -2.56      0.16  1.2  0.0  0.0  0.0  0.0
                                         4000_story_0483.txt 29.3  4.2 4570
 17.5  8.1 15.8 69.6 14.7  3.3  4.4  4.2 30.4 10.5  1.8  1.5  0.9  5.7  0.9
  2.6  2.6  5.9 17.5  1.5  1.5203.1 90.6 41.4 72.2 59.5  9.0  9.2  1.1  1.8
  0.4  0.7 25.2  5.7  8.8 40.9 13.6 14.9  1.8  6.3  2.4  2.6  4.6  5.5  1.1
  1.1  6.8  5.3  1.5  4.4 23.2 32.8  7.7  4.2  3.3 71.1104.6  5.9157.1  9.0
  3.1  0.2  0.0  0.0  0.0  0.0  0.0  0.0  0.0  0.0  0.0  0.0  0.0  0.0  0.0
  0.0  0.0  0.0  2.6  1.8  4.8  5.0  0.7  0.0  0.0  0.0  0.0  0.7  0.7  0.7
  0.7  1.5  0.7  2.2  0.0  0.7  0.2  0.0  0.2  0.7  0.2  0.0  2.2  0.7  0.0
 14.2  0.7  1.3 16.2  5.7  1.1  7.4  3.1  0.0  0.0  0.0  0.0  0.0  0.0  0.0
  0.9  1.1  0.2  0.0  0.2  0.0  0.0 16.4  3.3  3.5 10.1  9.8  3.1  8.1  7.2
  1.5  2.6  8.8  0.9  0.9  1.3  0.2 28.7 19.9 24.7  2.4  3.7  7.7  3.9  0.0
     10.30      2.72     -1.64      2.58      1.27  1.1  0.2  0.2  0.0  0.0
                                         4000_story_0487.txt 28.5  4.2 2412
 11.6  1.7  0.0 28.6  2.9  0.0  1.7  1.7  5.0 11.2  0.0  0.4  0.4  2.1  0.0
  0.8  0.0  6.2 22.0  0.4  5.0215.2123.1 48.5 88.3 61.4 12.9  5.8  3.7  4.1
  0.8  4.6 22.0  5.8 12.0 30.3 13.7  2.1  0.4  4.1  2.5  1.2  1.7 11.2  0.4
  1.2  8.3  2.1  0.8  5.0 10.8 39.4 12.9  0.4  8.7 80.4 69.2  2.9137.6  6.2
  1.2  0.0  0.0  0.0  0.0  0.0  0.0  0.0  0.0  0.0  0.0  0.0  0.0  0.0  0.0
  0.0  0.0  0.0  1.2  0.8  1.2  1.2  0.0  0.8  0.0  0.4  0.0  0.4  0.0  0.0
  1.2  0.4  4.1  0.4  0.0  0.8  0.0  1.2  0.0  0.0  0.0  0.0  2.1  0.0  0.0
  4.6  0.8  0.8  6.2  6.2  2.1  8.3  2.1  0.0  0.0  0.0  0.0  0.0  0.0  0.0
  0.4  0.8  0.0  0.0  0.0  0.0  0.0 11.2  0.8  1.2  8.7 20.3  1.7  6.2 18.7
  2.9  6.6  0.0  4.1  2.1  1.2  0.4 28.2  7.5 13.3  2.1  6.2  6.6  2.1  0.0
     -7.35      3.45      2.30     -2.41     -0.17  0.8  0.4  0.8  0.0  0.0
                                         4000_story_0489.txt 32.0  4.1 5574
 22.1  9.3 18.3 83.1 18.5  2.2  4.7  2.7 27.4 15.8  3.8  0.2  1.3  4.1  1.1
  1.8  2.0  5.2 16.5  2.3  4.5198.8 87.2 37.5 74.5 74.1  8.8  9.5  0.9  1.3
  0.2  1.8 28.3  8.4  8.1 40.5 15.1  9.3  1.4  3.8  3.9  2.5  4.8  7.0  0.4
  1.6  6.1  3.0  2.5  3.9 18.5 28.3  9.0  4.3  2.3 62.4120.0  5.2171.0  7.7
  2.3  0.5  0.0  0.0  0.0  0.0  0.0  0.0  0.0  0.0  0.0  0.0  0.0  0.0  0.0
  0.0  0.0  0.0  3.4  2.2  4.1  4.8  0.5  0.5  0.0  0.0  0.0  0.0  0.0  0.7
  0.2  4.3  0.4  0.9  0.2  0.7  0.5  0.0  0.0  0.7  0.0  0.5  3.8  1.4  0.0
 14.5  1.1  0.0 15.6  6.5  1.4  8.6  5.7  0.0  0.0  0.0  0.0  0.0  0.0  0.0
  1.1  1.1  0.4  0.0  0.0  0.0  0.7 29.2  3.2  2.5  8.1 15.4  3.0  5.2  3.9
  2.9  0.9 10.0  0.5  1.1  0.4  0.4 31.6 19.7 29.4  0.9  2.5  9.7  3.6  0.0
     11.58      3.47     -2.16      0.68      1.26  0.9  0.5  0.2  0.0  0.2
                                         4000_story_0492.txt 31.3  4.4 5003
  9.2  1.4  1.0 48.4 16.8  0.6  1.6  1.4 30.8 12.2  2.6  0.4  0.2  2.8  0.4
  0.4  0.2  4.4 19.2  0.4  2.0230.7123.5 41.6 54.2 47.2 12.2  6.4  1.4  3.0
  1.8  5.4 36.6  7.2  5.8 38.6 13.2  5.8  1.4  4.2  2.4  3.6  7.0  7.4  1.4
  1.2  6.6  3.6  1.4  3.0 12.6 35.8 10.0  0.6  6.2 73.2 94.7  2.2125.7  7.2
  2.4  0.0  0.0  0.0  0.0  0.0  0.0  0.0  0.0  0.0  0.0  0.0  0.0  0.0  0.0
  0.0  0.0  0.0  1.2  1.2  1.4  1.6  0.4  0.6  0.0  0.0  0.2  0.2  0.0  0.8
  0.4  0.8  1.8  0.8  0.2  0.2  0.4  0.2  0.2  1.4  0.0  0.4  1.8  0.8  0.0
  5.4  1.0  0.4  6.8  4.6  1.2  7.2  3.0  0.0  0.0  0.0  0.0  0.0  0.0  0.0
  0.0  0.2  0.0  0.0  0.0  0.0  0.2  9.0  2.8  1.8 10.4 13.4  2.0  2.2 10.2
  1.4  2.6  0.4  1.0  1.8  0.2  0.2 23.2 11.0 11.0  2.2  2.2  7.0  2.2  0.0
     -6.49      1.68      3.52     -0.28      3.33  0.4  0.4  0.4  0.2  0.0
                                         4000_story_0493.txt 30.3  4.0 3124
 13.4  5.8  9.3 70.1 17.6  1.0  2.9  3.5 49.6 15.0  1.3  0.6  1.0  6.1  0.3
  3.5  2.2  3.5 21.8  0.3  1.6192.4 96.7 25.6 83.9 51.9 13.4 15.0  0.6  4.2
  0.6  1.9 18.2  6.7  9.3 42.6 12.5  3.5  2.2  3.8  1.9  2.6  5.1  4.8  0.0
  1.3  5.1  4.5  2.9  2.6  9.0 33.3  6.1  2.6  5.4 46.1119.1  6.4162.0  8.0
  0.6  0.3  0.0  0.0  0.0  0.0  0.0  0.0  0.0  0.0  0.0  0.0  0.0  0.0  0.0
  0.0  0.0  0.0  3.5  0.6  3.2  3.8  1.0  0.0  0.0  0.0  0.0  0.3  0.3  0.0
  0.0  1.9  1.6  1.3  0.0  1.0  0.3  0.3  0.6  0.0  0.3  0.0  3.8  2.2  0.0
 11.2  1.0  0.6 12.8  4.8  2.2  7.0  6.4  0.0  0.0  0.0  0.0  0.0  0.0  0.0
  2.6  1.6  0.0  0.3  0.0  0.0  1.0  9.9  4.8  4.2  7.0 24.6  2.6  5.4  5.1
  1.6  3.5  5.1  0.6  2.9  1.0  0.0 40.3 22.7 21.1  1.0  1.3  6.1  2.6  0.0
      8.81      4.71     -1.08     -1.36      0.72  1.9  0.3  0.6  0.3  0.0
                                         4000_story_0497.txt 29.5  4.1 2094
 17.7  5.7  4.3 63.0  1.9  1.9  4.8  5.7 29.1  8.1  0.5  0.0  0.0  8.6  1.4
  2.4  0.0  9.6 21.5  2.4  3.8203.4108.9 34.4 61.6 39.2  6.7 11.5  1.0  3.8
  0.0  1.4 26.3 10.0 16.2 40.6 11.5  6.2  0.5  6.2  4.8  2.4  4.3  9.1  0.0
  0.0  3.8  4.3  4.3  4.3 20.5 33.0  9.1  2.4  4.8 64.9 70.2  4.8133.2  6.2
  3.8  0.0  0.0  0.0  0.0  0.0  0.0  0.0  0.0  0.0  0.0  0.0  0.0  0.0  0.0
  0.0  0.0  0.0  3.8  1.0  4.8  1.9  0.5  0.0  0.0  0.0  0.0  0.0  0.0  0.0
  1.0  0.5  2.9  0.0  0.5  0.5  0.5  0.0  0.0  0.0  0.0  0.0  1.9  2.4  0.0
 11.5  0.5  0.0 11.9  4.3  1.4  5.7  4.3  0.0  0.0  0.0  0.0  0.0  0.0  0.0
  0.0  0.5  0.0  0.0  0.0  0.0  0.5  6.7  2.9  2.9  8.1 24.8  0.5  8.6  8.6
  2.4  4.3  0.5  0.0  0.5  3.8  0.5 25.8 14.8 21.0  1.0  0.5  6.7  3.8  0.0
      6.97      1.45     -4.15      1.08      0.43  1.9  0.0  0.0  0.5  0.0
                                         4000_story_0500.txt 30.8  4.0 2327
 12.0  4.7 27.1 75.6 24.1  3.4  3.9  4.3 64.5 12.9  2.1  0.4  0.9  6.0  0.4
  0.4  0.4  4.3 18.0  0.4  5.2214.0 97.1 25.8 63.6 23.2  6.4  8.6  1.7  3.0
  0.0  3.9 24.5  5.2  9.9 49.0 10.7 18.0  0.4  6.9  0.9  2.1  8.2  9.5  0.4
  1.3  3.4  2.6  2.1  3.9 23.2 32.7 11.2  0.9  4.7 46.8111.7  3.9150.8  6.0
  2.1  0.0  0.0  0.0  0.0  0.0  0.0  0.0  0.0  0.0  0.0  0.0  0.0  0.0  0.0
  0.0  0.0  0.0  2.6  2.6  1.7  1.7  0.4  0.0  0.0  0.0  0.0  0.4  0.0  0.0
  0.9  1.3  1.7  0.9  0.0  0.4  0.4  0.0  0.0  0.4  0.0  0.0  2.1  0.4  0.0
  8.6  0.4  0.4  9.5  4.7  0.9  6.0  2.6  0.0  0.0  0.0  0.0  0.0  0.0  0.0
  2.1  0.9  0.0  0.0  0.0  0.0  0.0 11.2  4.3  2.6 14.6 13.3  3.4  7.3  6.0
  1.7  1.3  0.9  0.4  0.4  1.3  0.0 42.5 15.9 16.3  3.4  0.9  7.7  3.0  0.0
      7.34      0.23     -0.54      2.22      3.66  0.0  0.0  0.0  0.0  0.0
                                         4000_story_0501.txt 35.0  4.3 3147
 16.2  3.8  4.8 55.3 11.4  1.3  2.9  3.2 16.2 11.4  1.6  0.6  1.0  4.1  0.3
  1.9  0.3  6.7 21.3  0.3  1.0225.0107.4 37.2 63.6 57.5  7.9  5.1  1.6  2.9
  1.3  1.9 33.4  3.8  9.9 36.9 11.4  6.0  1.3  4.1  2.2  1.9  5.1  6.4  1.0
  1.6  6.0  7.0  3.5  4.8 14.9 34.0  8.9  0.6  5.7 77.2 85.2  5.4136.0  7.6
  1.9  0.3  0.0  0.0  0.0  0.0  0.0  0.0  0.0  0.0  0.0  0.0  0.0  0.0  0.0
  0.0  0.0  0.0  2.2  1.0  3.5  3.5  0.6  0.0  0.0  0.0  0.0  0.3  0.0  0.0
  0.3  1.0  1.6  1.6  1.0  1.0  0.3  0.3  0.0  0.0  0.3  0.0  3.5  1.6  0.0
 10.2  0.6  0.3 11.1  4.4  2.5  7.0  5.4  0.0  0.0  0.0  0.0  0.0  0.0  0.0
  0.0  1.0  0.3  0.0  0.0  0.3  0.0  9.2  5.1  1.6 16.2 14.9  2.2  7.0  4.8
  3.8  2.2  1.3  0.0  1.9  0.6  0.0 31.1  8.3 17.2  1.6  2.9  9.2  3.2  0.0
     -1.27      1.39      1.44     -1.06      1.76  1.9  0.6  0.3  0.3  0.0
                                         4000_story_0503.txt 31.0  4.3 4401
 14.5  4.5  7.5 48.9  7.7  0.2  1.8  2.5 10.2 14.8  1.8  0.7  0.0  3.2  0.2
  2.3  0.5  3.2 21.1  0.5  3.0220.4116.8 45.7 71.1 69.8  9.5  5.9  0.2  2.5
  1.1  1.8 28.2  4.1  8.9 44.8 12.7 11.4  2.3  3.0  4.1  2.3  5.9  5.9  0.2
  1.4  5.9  4.8  1.6  4.3 18.6 32.5  7.5  0.9  3.9 71.1 87.7  4.3135.9  7.3
  2.3  0.5  0.0  0.0  0.0  0.0  0.0  0.0  0.0  0.0  0.0  0.0  0.0  0.0  0.0
  0.0  0.0  0.0  2.0  1.1  4.3  1.1  0.7  0.5  0.0  0.0  0.0  0.0  0.0  0.5
  0.5  1.1  1.1  1.1  0.0  0.2  0.5  0.5  0.2  0.5  0.2  0.9  3.6  2.3  0.0
  8.6  1.1  0.0  9.8  4.3  1.4  6.1  7.0  0.0  0.0  0.0  0.0  0.0  0.0  0.0
  0.5  0.9  0.2  0.2  0.0  0.0  0.2 17.7  2.7  3.0 10.7 19.1  1.8  5.9  7.3
  3.4  2.0  6.1  0.2  0.9  0.5  0.0 23.4  9.1 19.3  1.4  4.3  5.2  3.0  0.0
     -3.31      2.64     -0.30      1.03      1.58  0.7  0.0  0.2  0.0  0.0
                                         4000_story_0511.txt 31.3  4.1 3177
 17.3  5.0  0.6 79.6 33.1  1.3  3.8  3.5 35.9 15.4  0.9  0.3  0.6  3.8  0.9
  1.6  3.5  9.1 16.4  0.0  2.2194.8 96.9 18.9 73.0 40.3 10.7 17.3  1.6  3.1
  1.6  0.9 23.3  9.1  9.4 36.2 11.3 11.6  4.1  4.1  3.1  2.2  6.6 14.2  1.6
  1.6 10.4  5.4  2.5  4.1 23.9 32.1 17.3  3.5  6.3 38.4109.2  4.1166.8  5.0
  2.8  0.0  0.0  0.0  0.0  0.0  0.0  0.0  0.0  0.0  0.0  0.0  0.0  0.0  0.0
  0.0  0.0  0.0  3.5  1.6  4.4  1.3  0.3  0.3  0.3  0.0  0.0  0.3  0.0  0.0
  0.3  1.3  1.6  0.3  0.3  0.3  0.3  0.6  0.0  0.6  0.0  0.0  1.9  1.6  0.0
 10.7  0.9  0.3 12.0  3.5  1.6  5.7  3.5  0.0  0.0  0.0  0.0  0.0  0.0  0.0
  0.3  0.0  0.3  0.0  0.0  0.0  0.3  4.1  7.2  2.5  9.8 10.7  4.7  7.9 10.7
  0.0  1.9  0.0  0.3  0.6  1.3  0.0 28.3 23.3 20.5  2.5  3.1  6.3  3.8  0.0
     10.23      3.73     -0.57      1.73      4.37  0.9  0.3  0.0  0.0  0.0
                                         4000_story_0514.txt 33.3  4.2 2073
 14.0  4.8  5.3 62.2 21.2  3.4  3.9  4.3 25.6 17.4  1.0  0.5  0.5  7.7  0.5
  5.3  2.9  4.3 21.2  0.5  2.9211.3 90.2 34.2 73.3 42.0 10.1  8.7  1.0  2.4
  0.5  3.9 38.6  8.2  7.7 42.5 12.5  9.2  1.9  4.3  4.3  1.9  4.8 12.1  0.0
  1.9  8.2  4.8  1.0  3.4 17.8 38.1 14.0  3.4  3.9 55.5 88.8  8.7147.6  4.3
  1.4  0.0  0.0  0.0  0.0  0.0  0.0  0.0  0.0  0.0  0.0  0.0  0.0  0.0  0.0
  0.0  0.0  0.0  2.4  1.9  2.9  2.4  0.5  0.0  0.0  0.0  0.0  0.0  0.0  0.5
  0.5  1.4  1.0  0.5  0.0  0.0  0.5  0.0  0.0  0.5  0.5  0.0  3.9  2.4  0.0
  9.6  0.5  0.0 10.1  3.9  0.5  4.8  6.8  0.0  0.0  0.0  0.0  0.0  0.0  0.0
  0.5  1.4  0.0  0.0  0.0  0.0  0.0 11.1  2.4  1.4 12.5 16.9  5.8  5.3 10.1
  5.3  2.4  0.0  1.0  1.9  1.4  0.0 25.6 16.9 16.9  1.9  5.3  9.6  1.9  0.0
     10.83      2.11      0.27      1.01      1.84  0.5  0.5  0.0  0.0  0.0
                                         4000_story_0520.txt 33.0  4.2 4022
 10.9  4.0  1.2 61.2 27.6  1.0  3.0  3.0 33.6 14.9  3.2  0.2  0.2  3.7  0.2
  1.0  0.5  6.5 21.6  0.5  0.2215.1101.7 39.3 60.7 52.5  7.2  9.7  1.2  2.0
  0.5  1.7 25.1  8.7  8.0 37.8 11.9 10.9  2.5  7.2  2.7  1.5  7.2  7.7  0.2
  1.2  5.0  4.7  2.5  3.5 20.1 35.8  9.2  1.0  3.7 64.4113.6  4.7137.0  7.5
  1.2  0.7  0.0  0.0  0.0  0.0  0.0  0.0  0.0  0.0  0.0  0.0  0.0  0.0  0.0
  0.0  0.0  0.0  4.0  2.2  3.5  1.2  0.7  0.0  0.0  0.0  0.2  0.2  0.0  0.5
  0.0  2.2  2.0  0.2  0.0  1.0  0.2  0.0  0.0  1.2  0.0  0.0  2.0  1.2  0.0
 10.9  0.7  0.5 12.2  5.0  1.2  7.5  3.2  0.0  0.0  0.0  0.0  0.0  0.0  0.0
  0.7  0.5  0.2  0.0  0.0  0.0  0.0 16.2  4.0  2.7 10.2 16.7  3.7  3.5  8.5
  2.0  1.7  7.7  1.0  0.2  1.2  1.0 25.1 16.4 16.2  2.7  2.5  5.7  4.0  0.0
      0.24      1.78     -1.43      1.98      2.64  0.7  0.2  0.2  0.0  0.0
                                         4000_story_0522.txt 32.0  4.2 2435
 14.4  4.1  0.4 60.8 25.1  2.1  2.1  2.5 20.9 17.7  3.3  0.8  0.0  3.7  0.4
  2.5  1.2  6.2 20.9  0.4  2.1202.9 99.4 29.2 82.5 71.9 14.8 11.1  1.6  3.3
  0.8  2.1 25.5 10.3  4.9 41.9  8.2 10.3  1.6  3.7  2.5  2.9  4.9  9.0  1.2
  1.6  4.5  2.1  2.1  7.4 18.9 32.0 11.9  1.6  5.7 53.8117.9  2.5154.8  5.3
  2.1  0.4  0.0  0.0  0.0  0.0  0.0  0.0  0.0  0.0  0.0  0.0  0.0  0.0  0.0
  0.0  0.0  0.0  2.5  0.8  3.7  0.8  0.4  0.0  0.0  0.0  0.0  0.4  0.0  0.4
  0.0  0.8  0.4  0.4  0.0  0.8  0.0  0.0  0.0  0.8  0.4  0.0  2.5  1.6  0.0
  7.8  0.4  0.4  8.6  2.1  0.8  3.7  4.5  0.0  0.0  0.0  0.0  0.0  0.0  0.0
  0.0  1.6  0.4  0.0  0.0  0.0  0.0 11.9  1.6  4.5  9.4 18.5  0.0  7.0  4.5
  0.0  0.8  0.8  0.8  0.4  1.2  0.0 30.0 15.2 16.8  3.7  2.9 10.3  2.9  0.0
      3.84      5.08      0.10      0.37      2.30  0.8  0.0  0.0  0.0  0.0
                                         4000_story_0529.txt 32.8  4.3 3759
  8.5  2.9  1.3 58.5  9.0  1.3  3.7  4.0 17.3  6.9  2.4  0.5  0.5  4.3  0.5
  2.7  1.1  7.2 27.7  0.5  1.3210.7 98.2 36.4 56.4 62.5 10.1  7.7  1.6  4.8
  0.3  5.9 19.7  5.3  6.1 33.3 17.0  6.9  1.1  1.9  2.7  2.4  5.3  8.8  0.8
  1.6  8.5  4.0  0.8  6.7 16.8 44.4 11.2  1.6  6.7 75.0 88.9  2.7137.0  5.3
  3.7  0.5  0.0  0.0  0.0  0.0  0.0  0.0  0.0  0.0  0.0  0.0  0.0  0.0  0.0
  0.0  0.0  0.0  1.6  0.8  4.0  1.3  0.3  0.5  0.5  0.0  0.3  0.0  0.0  0.3
  0.0  2.4  1.3  0.8  0.5  0.8  0.5  0.0  0.3  1.1  0.3  0.3  3.7  0.0  0.0
  7.7  1.3  0.3  9.3  4.8  2.1  8.0  4.3  0.0  0.0  0.0  0.0  0.0  0.0  0.0
  0.0  0.8  0.3  0.0  0.0  0.0  0.0  2.9  1.9  1.6  9.0  6.9  1.1  8.8  7.2
  0.8  6.9  1.1  0.5  1.3  0.5  0.0 22.6 10.9 15.4  1.9  3.5  4.5  2.4  0.0
      1.39      2.28      2.87     -1.54      2.16  0.3  0.5  0.0  0.0  0.0
                                         4000_story_0531.txt 33.5  4.3 3308
 10.9  3.6  0.0 67.1 22.1  1.8  4.2  3.3 31.1  8.2  3.6  0.3  0.9  1.8  0.0
  2.1  2.1  6.3 27.8  0.3  1.2208.3100.4 19.0 58.3 46.9 10.0 10.3  2.7  5.7
  0.3  3.9 24.2  6.0  4.5 38.4 16.9  8.8  2.7  2.7  2.7  4.2  7.6 10.6  0.6
  2.1  6.7  3.6  3.3  7.9 17.8 41.4 13.3  2.4  8.8 56.8100.1  1.8152.1 10.6
  4.2  0.0  0.0  0.0  0.0  0.0  0.0  0.0  0.0  0.0  0.0  0.0  0.0  0.0  0.0
  0.0  0.0  0.0  0.9  1.8  3.3  1.8  0.9  0.3  0.0  0.3  0.0  0.0  0.0  0.6
  1.2  0.9  2.1  0.0  0.0  2.7  0.9  0.6  0.9  0.9  0.3  0.6  3.3  0.0  0.0
  7.9  1.2  0.3  9.4  4.8  5.1 10.9  4.2  0.0  0.0  0.0  0.0  0.0  0.0  0.0
  0.0  0.0  0.0  0.0  0.0  0.0  0.0 13.0  2.1  2.4  9.1  8.2  0.9  9.4  8.5
  0.0  2.1  0.0  0.3  0.6  0.3  0.0 20.3 19.6 21.8  2.7  3.0  8.8  4.8  0.0
      4.34      2.10      3.61      0.58      3.85  0.3  0.0  0.6  0.0  0.0
                                         4000_story_0532.txt 28.3  4.1 2334
 15.4  4.3  6.4 60.4 13.3  1.7  3.0  4.7 30.0 11.6  4.7  0.0  0.9  3.9  0.0
  3.4  0.9  7.3 28.7  1.3  3.0189.8 89.5 28.3 84.8 65.1  5.6 12.4  0.4  3.9
  0.4  3.0 16.7  9.0  8.6 46.7 11.6 10.7  3.0  1.7  2.1  2.1  6.9  4.3  0.0
  1.7  9.9  1.7  1.3  8.1 20.1 43.3  6.0  2.1  4.7 56.1108.4  2.1166.2  9.4
  3.0  0.0  0.0  0.0  0.0  0.0  0.0  0.0  0.0  0.0  0.0  0.0  0.0  0.0  0.0
  0.0  0.0  0.0  1.3  1.7  3.0  0.9  0.0  0.4  0.4  0.0  0.0  0.0  0.0  0.0
  0.0  1.3  0.0  0.9  0.4  1.7  0.4  0.9  0.0  0.4  0.0  0.4  2.1  0.9  0.0
  6.9  0.9  0.0  7.7  2.1  3.4  6.0  3.4  0.0  0.0  0.0  0.0  0.0  0.0  0.0
  1.7  0.4  0.0  0.0  0.0  0.0  0.0  4.7  2.6  0.4  8.6 12.9  1.7  3.4  5.1
  0.4  4.3  2.1  0.9  0.9  0.0  0.0 27.8 20.6 21.4  1.3  2.6 14.1  5.1  0.0
      7.35      3.33     -1.93     -0.43      1.86  0.0  0.0  0.0  0.0  0.0
                                         4000_story_0537.txt 29.3  4.0 2155
 15.8  2.8  3.2 65.0 14.8  2.8  3.2  3.7 18.6  7.0  0.9  0.0  0.0  4.6  0.9
  6.0  3.2  5.1 31.6  3.2  4.6200.0 86.8 23.7 83.5 76.6  9.3 13.9  0.0  3.2
  0.5  6.5 10.2  5.6 14.4 41.3 14.4  9.3  2.3  2.8  6.0  3.7  8.8  9.3  0.0
  0.5  8.8  1.4  1.4  3.2 20.4 49.7  9.7  6.5  3.7 46.4110.0  2.8165.2  4.6
  3.2  0.5  0.0  0.0  0.0  0.0  0.0  0.0  0.0  0.0  0.0  0.0  0.0  0.0  0.0
  0.0  0.0  0.0  2.8  0.9  1.9  0.9  0.9  0.0  0.0  0.0  0.0  0.0  0.0  0.5
  0.5  2.8  1.4  1.4  0.0  0.0  0.5  0.0  0.5  0.5  0.0  0.0  5.6  0.0  0.0
  6.5  0.9  0.0  7.4  6.5  0.9  7.9  5.6  0.0  0.0  0.0  0.0  0.0  0.0  0.0
  1.9  0.5  0.0  0.0  0.5  0.0  0.0 27.8  3.7  0.9  8.8  8.4  2.8  7.0  8.4
  3.7  9.3  0.5  0.5  0.5  0.5  0.0 42.7 21.3 21.3  3.2  3.2 12.5  4.6  0.0
     14.30      4.79     -2.03      1.98      3.44  0.5  0.0  0.5  0.0  0.0
                                         4000_story_0542.txt 31.0  4.1 2285
  9.6  3.1  0.9 60.0 21.4  1.3  3.9  0.9 24.9 11.4  2.6  0.0  0.4  2.6  0.0
  4.4  3.1  9.2 28.9  0.4  0.4208.8 92.3 21.0 78.8 65.6  7.9 11.8  0.4  3.1
  0.0  0.9 23.6  7.9  5.3 42.9 13.6 12.7  3.9  3.5  0.9  3.1  7.9  8.8  0.4
  2.6  6.6  1.8  2.2  1.8 22.8 39.8 11.8  3.5  3.5 42.9112.0  2.6159.3  7.0
  2.2  0.0  0.0  0.0  0.0  0.0  0.0  0.0  0.0  0.0  0.0  0.0  0.0  0.0  0.0
  0.0  0.0  0.0  1.3  1.3  1.3  1.3  0.0  0.0  0.0  0.0  0.0  0.0  0.0  0.0
  0.4  1.8  0.9  0.9  0.0  1.3  0.0  0.0  0.0  0.4  0.0  0.0  4.4  1.3  0.0
  5.3  0.0  0.0  5.3  3.9  1.3  5.7  5.7  0.0  0.0  0.0  0.0  0.0  0.0  0.0
  0.9  0.9  0.0  0.0  0.0  0.0  0.0 12.3  3.1  2.6  6.1 18.8  0.4  2.2  7.4
  1.3  4.4  0.9  0.9  1.8  0.4  0.0 36.3 20.1 15.3  2.2  4.8  8.3  6.1  0.0
      7.21      3.48     -1.50      0.92      3.81  0.0  0.0  0.0  0.0  0.0
                                         4000_story_0544.txt 32.3  4.2 2801
 11.1  5.0  9.3 58.2 14.6  1.8  2.5  3.2 29.6 16.8  4.3  0.7  0.4  1.4  0.4
  1.8  1.1  4.6 13.2  0.7  1.1226.3 90.3 36.8 86.8 47.5 10.4 17.1  0.4  2.9
  0.4  5.4 14.6 11.8  6.8 43.6 12.1  9.3  3.6  2.1  6.1  3.6  3.9  7.9  1.1
  2.9  7.5  1.8  1.4  7.5 20.0 28.9 11.8  1.8  3.6 67.5 91.8  3.9166.4  6.8
  1.4  0.0  0.0  0.0  0.0  0.0  0.0  0.0  0.0  0.0  0.0  0.0  0.0  0.0  0.0
  0.0  0.0  0.0  2.1  0.7  3.6  0.7  0.0  0.0  0.0  0.0  0.0  0.0  0.0  0.0
  0.4  2.1  1.4  0.0  0.0  1.1  0.4  0.7  0.0  0.0  0.0  1.4  4.3  1.1  0.0
  7.1  0.0  0.0  7.1  3.9  2.1  6.1  6.8  0.0  0.0  0.0  0.0  0.0  0.0  0.0
  0.7  1.1  0.0  0.0  0.0  0.0  0.0 18.2  1.1  3.9  6.1 14.3  1.8  2.5  7.5
  2.9  7.1  2.1  0.7  0.4  0.0  0.0 27.1 23.6 16.1  1.4  3.2  8.6  5.0  0.0
     -0.68      4.40     -1.90      2.05      1.76  0.0  0.0  0.0  0.0  0.0
                                         4000_story_0548.txt 33.0  4.3 2578
 15.9  3.9 13.2 39.2  8.1  0.4  2.3  3.9  9.7  9.7  0.8  0.0  0.0  3.1  0.4
  1.9  0.8  3.1 23.7  1.6  5.0214.5 85.7 28.7100.5 78.7 11.6  8.5  0.0  1.9
  0.4  5.8 24.0  5.4  7.0 40.7 16.3  3.1  3.1  1.6  0.4  4.3  1.9 13.6  0.4
  2.7  9.7  1.9  1.6  4.3  6.6 40.7 16.7  2.3  2.3 59.0 96.6  1.9174.6 10.5
  3.1  0.0  0.0  0.0  0.0  0.0  0.0  0.0  0.0  0.0  0.0  0.0  0.0  0.0  0.0
  0.0  0.0  0.0  0.8  0.0  4.7  1.6  0.4  0.4  0.0  0.0  0.4  0.0  0.0  0.0
  0.0  1.2  3.1  1.2  0.4  0.8  0.4  0.0  0.0  0.4  0.0  0.0  3.5  0.0  0.0
  7.0  0.8  0.4  8.1  5.4  1.6  7.4  3.5  0.0  0.0  0.0  0.0  0.0  0.0  0.0
  1.6  0.8  0.0  0.0  0.4  0.0  0.0 20.9  0.4  4.3  6.2 20.2  1.2  4.7  9.3
  1.2  1.9  0.4  0.0  0.4  1.6  0.0 33.4 12.0 24.8  1.6  2.3 15.1  5.8  0.0
      1.04      4.89      0.20     -2.27      0.82  0.0  0.4  0.0  0.0  0.0
                                         4000_story_0549.txt 32.5  4.3 2229
 18.8  3.1  1.3 51.6 11.2  0.4  4.0  4.0 13.5  7.2  4.9  0.4  1.8  4.5  0.4
  1.8  0.9  8.1 18.8  1.3  3.1213.1 94.2 32.8 72.7 67.3 12.6  4.5  0.0  5.8
  0.4  4.0 24.2  9.9  7.2 31.0 17.0  7.2  2.7  2.2  1.8  3.6  6.3  7.6  2.2
  2.2  9.4  4.5  3.6  8.1 17.0 35.0 12.1  2.2  6.3 66.8 92.0  3.1149.8  7.2
  3.6  0.4  0.0  0.0  0.0  0.0  0.0  0.0  0.0  0.0  0.0  0.0  0.0  0.0  0.0
  0.0  0.0  0.0  0.0  1.8  4.5  1.3  1.3  0.0  0.0  0.0  0.0  0.0  0.0  0.0
  0.0  2.7  0.9  0.9  0.0  1.3  0.9  0.0  0.4  0.9  0.0  0.0  1.3  0.4  0.0
  7.6  1.3  0.0  9.0  4.5  2.7  8.1  1.8  0.0  0.0  0.0  0.0  0.0  0.0  0.0
  0.4  0.0  0.4  0.0  0.0  0.0  0.0 10.3  3.1  3.6  6.7 13.0  1.8  5.4 13.0
  1.8  4.5  0.9  0.4  0.9  1.3  0.9 22.9 10.3 24.7  3.1  3.6  7.6  4.0  0.0
      2.60      2.90      0.79     -0.72      3.90  0.4  1.3  0.0  0.0  0.0
                                         4000_story_0550.txt 31.3  4.0 2461
 17.1  6.5 20.3 67.0 28.4  2.0  4.1  4.5 27.6  7.3  2.4  2.0  2.0  3.3  0.0
  2.4  2.8  5.7 16.3  2.8  2.0198.3 89.0 29.3 83.3 64.6  8.1 14.2  0.4  1.6
  0.0  3.3 11.4  7.7  5.3 46.3 14.6  5.7  5.3  2.8  2.0  2.0  5.7  7.3  0.8
  1.6  7.3  1.6  3.3  5.3 13.4 31.7  9.8  5.7  2.0 63.8120.7  4.5168.6  8.5
  0.8  0.0  0.0  0.0  0.0  0.0  0.0  0.0  0.0  0.0  0.0  0.0  0.0  0.0  0.0
  0.0  0.0  0.0  2.8  2.0  4.1  1.6  0.0  0.0  0.0  0.0  0.0  0.0  0.0  1.6
  0.8  1.2  2.8  0.4  0.0  0.4  0.4  0.4  0.0  0.0  0.0  0.8  2.4  0.8  0.0
 10.6  0.0  0.0 10.6  6.9  1.2  8.1  4.1  0.0  0.0  0.0  0.0  0.0  0.0  0.0
  2.4  1.2  0.0  0.0  0.0  0.0  0.0 22.3  2.4  2.0  8.5 29.7  3.7  1.2  7.7
  0.8  8.9  0.0  2.0  0.0  0.0  0.0 30.1 23.2 21.1  0.8  1.6 14.2  6.1  0.0
     11.73      4.08     -2.37     -0.47      2.19  0.0  0.0  0.4  0.0  0.0
                                         4000_story_0552.txt 28.8  4.0 2060
 18.0  5.3  1.0 47.6  8.7  2.4  2.4  2.4 19.9 18.0  0.5  1.0  0.5  8.7  0.0
  5.3  1.5  2.4 32.0  1.9  1.5179.6 87.4 28.6100.5 84.5 11.7  6.3  0.0  0.5
  0.0  5.8  5.8  8.7  9.2 43.7 11.2 10.2  1.9  4.4  3.4  1.5  8.3  6.8  0.0
  1.0 13.6  2.9  0.5  5.8 16.0 56.8  7.8  3.4  0.5 53.9113.1  1.0166.5  6.8
  3.4  1.5  0.0  0.0  0.0  0.0  0.0  0.0  0.0  0.0  0.0  0.0  0.0  0.0  0.0
  0.0  0.0  0.0  1.9  1.5  6.3  1.0  0.5  1.0  0.0  0.0  0.0  0.0  0.0  0.0
  1.5  2.9  1.5  0.5  0.0  0.5  0.0  0.5  0.0  0.5  0.0  0.0  5.3  0.0  0.0
 10.7  1.5  0.0 12.1  6.3  1.0  7.8  5.3  0.0  0.0  0.0  0.0  0.0  0.0  0.0
  0.5  0.0  0.0  0.0  0.0  0.0  0.0 35.9  3.4  1.0  7.3 14.6  0.5  7.8  8.3
  3.9  6.8  4.4  0.5  0.5  0.5  0.0 35.9 19.4 29.6  2.9  6.3  8.7  3.4  0.0
     11.07      4.74     -3.91      0.63      2.87  0.0  0.0  0.0  0.0  0.0
                                         4000_story_0554.txt 31.0  4.2 3270
 12.5  3.4  0.9 37.9 13.8  0.6  1.5  2.4 17.1 10.4  0.3  1.2  0.3  4.3  0.3
  0.9  0.3  3.7 25.7  1.5  2.1223.9104.0 39.8 86.2 72.2  9.5  7.0  0.6  3.4
  1.2  5.2 21.1 11.3  7.6 24.5 14.7  9.2  0.9  4.0  2.1  2.4  3.4  5.8  0.9
  2.8  6.7  1.8  1.8  7.0 15.0 42.8  9.5  1.8  5.2 71.6103.1  2.8147.7  4.3
  3.1  0.6  0.0  0.0  0.0  0.0  0.0  0.0  0.0  0.0  0.0  0.0  0.0  0.0  0.0
  0.0  0.0  0.0  1.8  0.9  2.1  0.3  1.2  0.0  0.0  0.0  0.0  0.0  0.0  0.9
  0.0  1.8  2.1  0.0  0.0  0.6  0.6  0.3  0.3  1.2  0.0  0.3  1.2  0.3  0.0
  5.2  1.2  0.0  6.4  4.9  1.8  8.0  1.8  0.0  0.0  0.0  0.0  0.0  0.0  0.0
  0.3  0.3  0.6  0.0  0.0  0.0  0.0 16.2  1.5  0.9  8.9 10.1  0.3 10.4 13.1
  4.0  4.3  0.0  8.6  0.9  0.3  0.0 29.1 12.8 15.6  2.8  6.7  6.4  5.2  0.0
     -1.39      3.44      0.65     -0.32      0.95  0.9  0.3  0.3  0.0  0.0
                                         4000_story_0564.txt 30.3  4.1 2031
  8.4  2.5  3.0 36.9  4.4  2.0  4.9  4.9  7.9 12.3  1.0  0.0  0.0  2.0  0.5
  3.9  1.5  3.4 41.9  2.0  2.0190.5 92.6 30.0 83.7 82.2  8.9  6.9  0.0  2.5
  0.0  2.5 22.2 10.8  2.0 38.9 19.2  4.9  2.0  0.5  4.9  3.0  5.9 11.3  0.0
  4.4  7.9  1.0  3.4  6.4 13.3 52.7 15.8  3.4  2.5 56.1 94.5  4.9143.8  3.4
  2.5  0.0  0.0  0.0  0.0  0.0  0.0  0.0  0.0  0.0  0.0  0.0  0.0  0.0  0.0
  0.0  0.0  0.0  2.0  1.0  2.0  0.5  0.0  0.0  0.0  0.0  0.0  0.0  0.0  0.0
  0.5  1.5  1.0  0.0  0.0  0.5  0.0  0.5  0.0  1.0  0.5  0.0  2.5  0.0  0.0
  5.4  0.0  0.0  5.4  3.0  1.0  4.9  3.0  0.0  0.0  0.0  0.0  0.0  0.0  0.0
  0.5  1.0  0.0  0.0  0.0  0.0  0.5 19.7  4.4  0.5  5.9  7.9  2.5  9.4  4.4
  8.4  5.4 12.8  1.0  1.5  1.0  0.0 38.9  8.9 11.8  0.0  5.4  9.8  5.4  0.0
      6.16      3.66     -1.23     -1.05      3.21  0.0  0.0  0.5  0.0  0.0
                                         4000_story_0565.txt 31.8  4.1 3519
 11.9  5.1  1.7 60.5 18.2  2.0  3.1  3.1 21.6 18.8  2.8  0.9  0.6  5.4  0.0
  1.7  1.1  9.9 21.6  0.9  2.0190.7 92.6 25.9 75.9 54.6 13.4 11.9  2.0  3.1
  0.3  3.4 13.1 12.8  4.5 42.9 14.2  6.5  2.0  4.8  3.4  5.4  6.8  6.3  2.3
  1.7  7.7  1.4  3.1  4.8 19.9 38.4 10.2  2.0  5.4 51.7 94.3  2.0158.6  7.4
  3.4  0.3  0.0  0.0  0.0  0.0  0.0  0.0  0.0  0.0  0.0  0.0  0.0  0.0  0.0
  0.0  0.0  0.0  3.1  0.9  2.8  1.1  0.9  0.0  0.0  0.0  0.3  0.0  0.0  0.6
  1.4  0.9  1.4  0.0  0.0  1.1  0.3  0.0  0.0  1.1  1.1  0.3  1.7  2.0  0.0
  8.0  0.9  0.3  9.1  4.3  1.4  6.8  5.1  0.0  0.0  0.0  0.0  0.0  0.0  0.0
  0.3  0.3  0.3  0.0  0.0  0.0  0.3 22.2  4.0  1.4  8.0 16.2  0.9  7.4 11.4
  6.0  3.7  0.3  0.3  3.1  0.9  0.3 48.6 17.6 16.2  2.3  4.8  5.1  7.7  0.0
      6.89      3.97     -1.29      1.57      3.88  0.3  0.6  0.3  0.0  0.0
                                         4000_story_0571.txt 35.5  4.2 4274
 12.4  8.2 30.4 66.0 13.6  1.4  2.1  5.4 53.8  9.6  0.7  0.5  0.2  2.1  1.6
  0.2  0.5  2.3 19.2  0.9  1.4273.7108.6 29.2 57.1 42.1  8.9  9.6  0.7  0.7
  0.2  4.4 27.8  5.4 16.1 32.8  6.1 11.0  0.2  3.7  1.2  0.0  6.6  3.0  0.2
  0.9  6.1  1.4  0.7  3.3 14.5 33.9  4.2  1.4  1.6 70.0109.5  2.8131.7  2.6
  4.0  0.0  0.0  0.0  0.0  0.0  0.0  0.0  0.0  0.0  0.0  0.0  0.0  0.0  0.0
  0.0  0.0  0.0  6.3  0.0  2.6  0.7  0.0  0.0  0.0  0.0  0.0  0.0  0.0  0.2
  0.0  0.5  1.2  0.5  0.2  0.5  0.0  0.0  0.0  0.2  0.2  0.0  1.6  2.1  0.0
  9.6  0.0  0.0  9.6  2.3  0.7  3.3  4.0  0.0  0.0  0.0  0.0  0.0  0.0  0.0
  0.5  0.2  0.0  0.0  0.0  0.0  0.2  8.2  4.4  1.4  6.6 12.9  1.4  4.4  7.0
  1.9  1.2  1.9  0.7  0.5  0.7  0.0 30.4 12.9 14.0  1.6  2.1  8.2  3.5  0.0
      0.35      1.51     -2.62     -1.65      1.41  0.5  0.0  0.0  0.0  0.0
                                         4000_story_0575.txt 32.5  4.3 4218
  9.0  1.7 31.3 51.7 15.9  1.9  1.7  1.4 22.5  9.5  0.7  0.0  0.9  2.4  0.7
  0.0  0.7  2.1 16.4  0.0  1.9220.2111.7 45.8 74.0 74.9  9.2  7.6  1.7  4.5
  0.2  5.2 23.0  9.2 13.5 41.3  7.3 11.6  0.2  2.1  1.7  1.7  6.4  3.6  0.2
  1.7  7.8  0.5  1.7  2.4 15.4 31.5  5.5  0.7  6.4 82.7113.3  1.2147.5 12.8
  0.9  0.0  0.0  0.0  0.0  0.0  0.0  0.0  0.0  0.0  0.0  0.0  0.0  0.0  0.0
  0.0  0.0  0.0  0.7  0.0  0.7  0.2  0.0  0.0  0.0  0.0  0.0  0.0  0.0  0.2
  0.2  0.9  2.4  0.0  0.0  0.2  0.0  0.0  0.0  0.0  0.0  0.0  1.9  1.2  0.0
  1.7  0.0  0.0  1.7  3.8  0.2  4.0  3.1  0.0  0.0  0.0  0.0  0.0  0.0  0.0
  1.4  1.9  0.0  0.0  0.2  0.0  0.0  7.8  2.8  0.9  7.1 22.3  0.9  3.8  6.9
  0.7  4.0  0.9  0.2  0.5  0.0  0.2 30.6 11.9 11.4  1.9  5.0  5.7  3.6  0.0
     -5.32      3.22     -1.01     -1.34      1.63  0.7  0.2  0.0  0.7  0.0
                                         4000_story_0579.txt 32.0  3.9 3470
 13.3  4.6 32.9 65.4 12.7  1.4  2.9  3.2 81.6  9.2  1.2  0.6  0.3  4.6  1.2
  0.0  0.3  3.7 20.5  1.4  3.2236.0 99.1 25.4 68.6 38.9 12.1  8.1  0.9  1.4
  0.0  1.7 18.4  4.0 16.4 39.5 14.1 12.4  0.3  4.6  0.3  1.4  6.9  2.6  0.0
  1.4  6.1  1.2  1.2  2.9 16.4 33.4  4.0  1.7  2.3 52.2133.1  6.1148.1  0.0
  3.2  0.3  0.0  0.0  0.0  0.0  0.0  0.0  0.0  0.0  0.0  0.0  0.0  0.0  0.0
  0.0  0.0  0.0  1.7  0.3  2.3  1.7  0.6  0.3  0.0  0.0  0.0  0.0  0.0  0.0
  0.0  1.4  2.0  0.9  0.3  2.0  0.6  0.0  0.0  0.6  0.0  0.0  3.2  1.4  0.0
  6.1  0.9  0.0  6.9  4.3  2.9  7.8  4.6  0.0  0.0  0.0  0.0  0.0  0.0  0.0
  0.6  0.6  0.0  0.0  0.0  0.0  0.0  7.2  1.7  2.0 10.4 10.7  1.7  3.7  4.0
  4.3  0.9  5.5  0.6  2.0  1.2  0.0 39.8 10.1 19.3  2.3  0.3  6.9  4.6  0.0
      5.10      2.08     -4.10     -0.75      1.55  0.0  0.0  0.0  0.0  0.0
                                         4000_story_0582.txt 35.3  4.0 4106
 13.9  5.6 29.0 72.3 15.6  0.7  2.4  6.1 70.9 10.5  0.7  0.2  1.0  5.4  1.7
  0.0  0.2  5.1 21.7  0.7  3.7201.9 92.8 24.1 68.7 42.1  9.0 11.4  0.7  1.0
  0.2  5.8 17.0  7.3 14.9 44.6  9.3 10.0  0.2  2.4  0.7  1.9  5.8  3.2  0.0
  0.5  9.5  0.7  1.0  4.6 15.8 39.7  3.7  1.0  1.9 70.9128.6  3.7157.1 10.0
  2.4  0.0  0.0  0.0  0.0  0.0  0.0  0.0  0.0  0.0  0.0  0.0  0.0  0.0  0.0
  0.0  0.0  0.0  2.7  1.0  2.2  1.0  0.7  0.0  0.0  0.0  0.0  0.0  0.2  0.0
  0.0  0.7  2.9  0.5  0.2  0.5  0.7  0.0  0.0  0.5  0.2  0.2  2.4  1.7  0.0
  6.8  0.7  0.2  7.8  4.1  1.5  6.1  4.6  0.0  0.0  0.0  0.0  0.0  0.0  0.0
  1.5  1.2  0.0  0.0  0.2  0.0  0.5  8.0  2.2  1.2  7.8 14.4  3.9  6.1  4.1
  0.5  2.4  2.4  0.5  1.5  0.7  0.7 35.8 15.1 17.8  2.7  1.9  9.3  6.3  0.0
      7.72      2.26     -3.53     -1.91      0.66  0.5  0.0  0.0  0.0  0.0
                                         4000_story_0585.txt 34.5  4.2 5175
 10.2  3.9 33.4 66.5 12.8  2.5  4.6  1.5 24.3 17.4  1.7  0.4  1.2  2.5  0.6
  0.4  2.3  7.0 21.3  0.2  2.9217.0 89.9 33.0 74.6 75.2 13.7  6.8  0.4  0.8
  0.2  3.1 19.3  3.7  7.1 47.5 10.2 11.4  0.6  1.5  1.5  1.5  9.7  3.7  0.8
  3.5 10.2  1.7  2.7  4.4 19.9 36.5  7.9  2.5  1.4 73.6112.3  1.7164.3 11.6
  2.7  0.2  0.0  0.0  0.0  0.0  0.0  0.0  0.0  0.0  0.0  0.0  0.0  0.0  0.0
  0.0  0.0  0.0  2.5  0.8  2.1  1.4  1.0  0.0  0.2  0.0  0.0  0.0  0.0  0.6
  0.2  1.0  1.0  0.4  0.0  0.0  0.2  0.2  0.6  0.2  0.0  0.2  2.9  1.0  0.0
  6.8  1.2  0.0  7.9  3.1  1.0  4.3  4.1  0.0  0.0  0.0  0.0  0.0  0.0  0.0
  1.0  0.6  0.0  0.0  0.2  0.0  0.6  8.7  4.1  2.7  6.4 15.1  1.4  4.4  3.7
  1.7  1.7  1.2  0.4  0.6  0.2  0.0 33.6 11.4 15.5  2.5  7.7  4.6  4.1  0.0
      5.72      3.96     -1.60     -1.65      4.69  0.6  0.0  0.0  0.0  0.2
                                         4000_story_0586.txt 35.8  4.3 3668
 11.2  3.3 22.1 43.6 12.0  1.6  1.1  1.1 20.2 13.1  0.3  0.0  1.1  4.4  0.3
  0.0  1.6  2.7 18.3  0.5  2.5226.8118.9 48.3 83.7 67.3  6.8  6.0  0.3  1.1
  0.3  6.3 24.3  6.8 12.0 42.0  5.2  5.7  0.3  1.4  0.5  0.8  8.5  6.3  1.6
  2.2  6.8  1.9  1.1  2.5  9.0 32.7 10.1  2.2  1.6 85.6 99.5  0.5139.9  7.4
  3.5  0.0  0.0  0.0  0.0  0.0  0.0  0.0  0.0  0.0  0.0  0.0  0.0  0.0  0.0
  0.0  0.0  0.0  0.8  0.8  1.9  2.5  0.0  0.0  0.0  0.0  0.3  0.3  0.0  0.0
  0.3  0.5  0.8  0.5  0.0  0.3  0.0  0.3  0.0  0.3  0.3  0.3  1.6  1.1  0.0
  6.0  0.0  0.5  6.5  2.2  0.5  3.0  3.3  0.0  0.0  0.0  0.0  0.0  0.0  0.0
  0.3  0.5  0.0  0.0  0.0  0.3  0.0 12.5  1.6  2.2  6.0 16.9  2.2  3.0  6.0
  0.8  4.9  3.0  1.1  1.1  0.0  0.0 21.8 10.1 12.3  3.0  4.1  6.5  4.4  0.0
     -2.70      2.44     -1.93     -3.95      4.57  0.5  0.0  0.3  0.0  0.0
                                         4000_story_0587.txt 33.5  4.5 3926
 11.0  3.3 13.5 42.8  7.9  0.3  2.5  1.3  9.2 11.7  1.0  0.0  0.5  2.3  0.3
  0.5  0.3  2.5 16.3  0.0  3.1249.1110.3 48.1 84.3 69.5 10.2  5.1  0.8  1.3
  0.3  6.6 22.9  5.6  8.4 39.2  6.1  3.8  0.0  1.3  0.8  1.3  6.6  3.3  0.5
  2.3 10.4  2.3  2.3  4.6  7.1 34.6  6.1  0.3  2.3 95.3 86.6  1.0148.0 10.2
  4.3  0.3  0.0  0.0  0.0  0.0  0.0  0.0  0.0  0.0  0.0  0.0  0.0  0.0  0.0
  0.0  0.0  0.0  1.8  1.5  2.3  0.5  0.3  0.3  0.0  0.0  0.0  0.3  0.0  0.0
  0.0  0.5  0.8  0.8  0.0  0.8  0.0  0.0  0.0  0.3  0.0  0.0  1.5  0.3  0.0
  6.1  0.5  0.3  6.9  2.0  0.8  3.1  1.8  0.0  0.0  0.0  0.0  0.0  0.0  0.0
  0.3  0.0  0.0  0.0  0.0  0.0  0.0  7.4  2.5  3.1  7.1 19.6  1.5  5.3  6.1
  0.5  2.3  0.5  1.0  0.8  0.5  0.8 25.7  8.4 12.2  1.5  5.9  4.6  1.8  0.0
     -8.99      3.04      0.03     -4.24      2.15  1.0  0.3  0.0  0.0  0.0
                                         4000_story_0588.txt 36.5  4.0 3563
 15.4 11.2 42.1 85.6 20.2  2.5  2.8  3.1 42.4 13.5  1.1  0.3  0.8  4.8  0.8
  0.0  1.1  7.0 24.7  0.6  3.6232.1 98.8 20.5 59.8 66.0 12.6 13.5  0.3  0.3
  0.3  3.9 22.7  3.9 17.7 32.6  7.0  6.5  0.0  3.4  0.8  0.3  4.5  7.0  0.6
  1.7  7.9  2.0  2.0  1.7 14.3 40.1  9.3  1.7  0.8 55.9128.5  3.1162.5  8.7
  2.8  0.0  0.0  0.0  0.0  0.0  0.0  0.0  0.0  0.0  0.0  0.0  0.0  0.0  0.0
  0.0  0.0  0.0  7.0  0.6  2.8  1.7  0.3  0.0  0.0  0.0  0.0  0.0  0.0  0.0
  0.3  0.6  0.8  0.6  0.0  0.0  0.0  0.0  0.0  0.0  0.6  0.0  2.0  1.7  0.0
 12.1  0.3  0.0 12.3  2.2  0.0  2.2  4.2  0.0  0.0  0.0  0.0  0.0  0.0  0.0
  1.4  0.0  0.3  0.0  0.6  0.0  0.0 18.5  4.2  1.7  9.5 14.0  3.1  4.2  5.9
  2.0  0.3  0.8  1.4  0.3  0.6  0.6 32.6 18.2 19.9  1.4  1.4 10.1  3.9  0.0
     10.42      4.09     -3.60     -3.02      1.22  0.0  0.0  0.0  0.0  0.0
                                         4000_story_0589.txt 36.3  4.1 3813
 10.5  4.2 24.7 54.0 11.5  1.0  1.8  0.5 43.0 14.4  1.3  0.0  0.5  1.6  0.3
  0.5  1.3  2.9 20.5  0.8  3.1236.8112.0 33.6 83.1 71.9  9.2  7.6  0.3  0.3
  0.3  2.9 14.9  6.6 14.9 33.8  6.8  7.3  0.5  1.0  1.0  0.5  5.5  6.8  1.3
  2.1  8.7  0.5  0.5  4.7 11.3 33.0 10.2  2.1  0.8 66.4126.4  1.3155.0  5.8
  1.0  0.0  0.0  0.0  0.0  0.0  0.0  0.0  0.0  0.0  0.0  0.0  0.0  0.0  0.0
  0.0  0.0  0.0  3.1  0.5  1.6  0.3  0.0  0.0  0.0  0.3  0.0  0.0  0.0  0.3
  0.5  0.5  1.0  0.0  0.3  0.0  0.0  0.0  0.0  0.3  0.0  0.0  1.8  0.0  0.0
  5.5  0.0  0.3  5.8  2.4  0.3  2.9  1.8  0.0  0.0  0.0  0.0  0.0  0.0  0.0
  0.8  0.0  0.0  0.0  0.5  0.0  0.3 12.9  2.6  1.0  7.6 20.5  1.0  6.0 10.5
  1.8  2.9  1.3  1.0  0.8  0.0  0.0 30.9 13.1 13.6  2.9  6.3  5.2  3.1  0.0
     -0.67      3.37     -4.59     -3.50      2.53  1.0  0.0  0.0  0.0  0.0
                                         4000_story_0592.txt 25.5  4.2 3233
 10.2  2.8  0.0 77.9 30.0  1.9  1.2  0.0 22.3 15.8  7.1  4.9  2.2  2.2  0.0
  0.6  1.5  7.1 47.9  0.0  0.6192.7 96.8 10.8 63.4 50.4  8.7 11.8  1.5  6.5
  0.0  1.9 37.4  5.6  3.1 38.0  9.0 15.2  0.9  4.0  5.6  0.9  8.7  5.6  1.5
  0.9 10.2  8.4  1.2  6.2 27.8 69.0  8.0  1.5  8.0 27.8102.7  4.0150.9  3.1
  4.9  0.3  0.0  0.0  0.0  0.0  0.0  0.0  0.0  0.0  0.0  0.0  0.0  0.0  0.0
  0.0  0.0  0.0  3.1  0.3  3.7  1.2  0.9  0.0  0.0  0.0  0.0  0.0  0.0  0.0
  0.0  0.6  0.6  1.5  0.0  0.3  0.0  0.0  0.0  0.0  0.9  0.0  0.6  0.0  0.0
  8.4  0.9  0.0  9.3  2.8  0.3  3.1  1.5  0.0  0.0  0.0  0.0  0.0  0.0  0.0
  0.0  0.3  0.3  0.0  0.0  0.0  0.0 22.3  1.5  3.1 10.8 26.6  0.3  1.9  2.8
  0.0  0.9  0.0  0.3  0.0  0.0  0.0 35.6 17.0 14.5  1.2  1.9  5.3  0.9  0.0
     11.66      2.44      3.76      2.15      4.12  0.6  0.0  0.0  0.0  0.0
                                         4000_story_0594.txt 34.8  4.2 2581
 13.9  5.0 14.3 50.0 13.9  0.8  3.5  3.5 21.3  9.3  1.2  0.0  1.2  5.0  1.2
  1.5  0.4  5.8 26.3  0.0  4.3203.8 94.5 36.8 83.7 75.2 13.6  8.5  1.9  7.0
  0.4  1.9 14.7  9.3  8.9 46.1 12.0  8.1  0.4  2.3  2.7  3.1  5.8  6.6  0.0
  1.5  2.7  1.9  2.3  5.4 16.7 33.3  8.1  0.4  9.3 71.7110.4  2.7152.7 10.1
  1.5  1.2  0.0  0.0  0.0  0.0  0.0  0.0  0.0  0.0  0.0  0.0  0.0  0.0  0.0
  0.0  0.0  0.0  1.2  2.3  3.1  2.3  0.8  0.8  0.0  0.0  0.0  0.4  0.0  0.0
  0.4  2.3  0.8  0.8  0.0  0.4  0.4  0.0  0.4  0.0  0.0  0.4  3.1  0.8  0.0
  8.9  1.5  0.4 10.8  4.3  1.2  5.4  4.3  0.0  0.0  0.0  0.0  0.0  0.0  0.0
  3.1  0.8  0.0  0.0  0.0  0.0  0.4 15.9  1.5  4.3 12.0 20.9  4.3  5.0  4.6
  0.8  3.1  0.8  1.5  0.0  0.8  0.4 29.4 16.7 20.5  1.2  5.4 12.0  4.3  0.0
      3.21      4.55     -0.21     -0.95      1.50  1.2  0.8  0.0  0.0  0.0
                                         4000_story_0596.txt 32.3  4.3 4065
 13.0  3.9 15.0 49.2  9.3  1.2  2.0  3.9 16.7 20.7  3.2  0.5  0.7  3.0  0.5
  2.0  1.5  5.4 23.1  1.0  2.7228.8100.4 28.8 85.6 52.9  9.8 13.3  0.7  2.0
  1.0  1.2 21.6  7.4  9.1 48.2 10.1  6.9  3.2  1.7  4.4  2.7  6.9  6.2  0.5
  1.2  5.9  3.0  2.0  6.4 16.7 32.5  7.9  2.5  3.7 59.3 79.0  3.2149.1  8.4
  1.2  1.5  0.0  0.0  0.0  0.0  0.0  0.0  0.0  0.0  0.0  0.0  0.0  0.0  0.0
  0.0  0.0  0.0  2.5  1.2  2.2  2.0  0.7  0.2  0.7  0.0  0.0  0.0  0.0  0.0
  1.0  0.7  0.7  1.2  0.0  0.0  0.0  0.0  0.0  0.0  0.2  0.2  3.7  1.2  0.0
  7.9  1.7  0.0  9.6  3.7  0.0  3.7  5.4  0.0  0.0  0.0  0.0  0.0  0.0  0.0
  1.7  0.5  0.0  0.0  0.0  0.0  0.0  5.2  1.7  1.5  8.6 21.9  1.7 11.8  6.9
  2.5  0.7  1.2  0.7  0.5  1.0  0.2 28.8 18.0 16.5  1.0  3.2  5.2  4.9  0.0
      3.48      3.79     -2.28      0.04      2.39  0.7  0.0  0.0  0.0  0.0
                                         4000_story_0597.txt 31.3  4.2 2007
 14.0 10.5 25.4 64.3 22.9  5.0  3.5  5.0 29.9 21.4  1.0  0.0  1.0  4.0  1.0
  5.5  1.5  5.5 19.9  1.0  1.5230.7 92.2 34.9 77.2 39.4 11.0 19.4  2.5  3.0
  0.0  4.5 20.9  7.0 10.0 41.9  7.5  7.0  2.5  5.0  3.5  5.0  8.5  4.0  0.0
  2.0  2.5  3.5  2.0  4.0 15.9 31.9  6.0  2.5  5.5 63.3 92.2  2.0153.5  9.5
  2.5  0.0  0.0  0.0  0.0  0.0  0.0  0.0  0.0  0.0  0.0  0.0  0.0  0.0  0.0
  0.0  0.0  0.0  4.5  2.0  4.0  4.5  0.0  0.0  0.0  0.0  0.0  0.0  0.0  0.0
  0.5  0.0  1.5  1.0  0.0  1.0  0.0  0.0  0.0  0.0  0.5  0.0  4.0  2.0  0.0
 14.9  0.0  0.0 14.9  3.0  1.0  4.0  6.5  0.0  0.0  0.0  0.0  0.0  0.0  0.0
  0.0  1.5  0.0  0.0  0.0  0.0  0.0 16.4  3.5  2.0  9.0  9.0  0.5  4.0  3.0
  0.0  1.0  2.0  0.0  1.0  0.0  1.0 31.4 22.9 16.9  1.0  3.0  8.5  3.0  0.0
     10.19      4.27     -0.25      1.78      2.91  0.5  0.0  0.5  0.0  0.0
                                         4000_story_0598.txt 30.3  4.4 4815
 11.8  3.1  6.9 48.0  6.9  1.9  1.9  3.7 10.0 11.0  1.7  1.0  0.2  4.4  0.6
  2.9  1.0  5.8 23.3  0.4  1.9261.7106.1 40.5 64.4 64.2 11.0  9.6  0.8  2.9
  0.6  3.1 32.2  4.6  4.6 43.4 13.3  6.2  0.8  2.3  3.1  5.2  4.4  6.6  1.0
  1.9  6.4  3.3  3.3  4.2 15.2 36.1  9.6  1.5  4.4 67.3 81.0  2.9127.3  6.2
  3.1  0.4  0.0  0.0  0.0  0.0  0.0  0.0  0.0  0.0  0.0  0.0  0.0  0.0  0.0
  0.0  0.0  0.0  2.7  1.7  2.1  1.7  0.4  0.6  0.0  0.2  0.2  0.0  0.2  0.6
  0.2  1.9  0.6  0.6  0.0  0.4  0.4  0.2  0.0  0.8  0.2  0.0  4.8  1.2  0.0
  8.1  1.0  0.6  9.8  3.9  1.0  5.8  6.2  0.0  0.0  0.0  0.0  0.0  0.0  0.0
  0.4  0.2  0.0  0.0  0.2  0.0  0.0 12.7  2.7  2.7  8.5 14.3  2.1  6.0  5.2
  3.1  1.5  0.0  0.6  1.9  1.5  0.6 22.8 16.8 15.8  1.9  2.3  5.4  5.6  0.0
     -1.48      3.13      1.76     -0.26      1.51  1.2  0.4  0.6  0.0  0.0
                                         4000_story_0602.txt 30.8  4.4 4594
 10.7  2.8  6.1 41.6  7.2  0.2  1.5  3.5 12.8 11.8  2.0  0.0  0.7  4.1  0.9
  3.3  1.3  7.6 23.1  1.5  1.7242.3108.4 36.4 76.8 68.1 13.5  8.7  0.9  2.8
  0.7  3.9 33.3  6.1  5.4 37.0 11.3  4.6  1.3  2.2  3.7  3.7  3.5  6.3  2.0
  2.0  7.8  6.5  2.6  5.7 15.9 37.0 10.2  2.8  4.4 66.8 88.2  3.9134.3  6.3
  1.7  1.3  0.0  0.0  0.0  0.0  0.0  0.0  0.0  0.0  0.0  0.0  0.0  0.0  0.0
  0.0  0.0  0.0  2.8  0.7  1.7  2.2  0.9  1.1  0.0  0.0  0.0  1.5  0.0  0.7
  0.2  0.9  0.2  0.9  0.0  0.0  0.2  0.2  0.2  0.4  0.0  0.7  6.5  0.9  0.0
  7.4  2.0  1.5 10.9  2.8  0.7  3.9  8.1  0.0  0.0  0.0  0.0  0.0  0.0  0.0
  0.0  0.4  0.0  0.0  0.0  0.0  0.4 11.3  4.1  7.0  9.1  9.4  0.7  5.4  3.3
  4.6  1.5  2.2  0.4  0.2  0.9  0.4 21.5 13.3 16.8  1.1  4.4  6.7  3.3  0.0
      0.26      4.04      1.81     -0.86      1.65  1.7  0.0  0.0  0.0  0.0
                                         4000_story_0605.txt 32.5  4.5 4676
  9.8  4.1 12.0 44.1 10.7  1.5  1.5  3.2 12.6 12.6  1.3  0.9  0.9  5.3  0.4
  2.8  0.6  5.6 23.5  0.6  1.7253.2103.3 35.3 72.5 66.3 10.5 10.9  1.3  3.0
  0.6  3.2 38.3  6.0  5.8 45.8 13.9  6.6  2.4  1.7  1.9  4.5  7.7  6.4  1.1
  1.3  5.8  3.2  2.4  3.4 14.1 35.1  8.8  1.3  4.9 64.6 89.6  3.2133.7  5.8
  1.1  0.0  0.0  0.0  0.0  0.0  0.0  0.0  0.0  0.0  0.0  0.0  0.0  0.0  0.0
  0.0  0.0  0.0  2.6  1.9  1.5  2.1  0.0  0.0  0.0  0.0  0.2  0.0  0.0  0.4
  0.2  2.1  0.6  1.7  0.0  0.9  0.0  0.0  0.0  0.2  0.6  0.0  4.9  1.3  0.0
  8.1  0.0  0.2  8.3  5.1  0.9  6.2  6.8  0.0  0.0  0.0  0.0  0.0  0.0  0.0
  0.4  0.6  0.0  0.0  0.0  0.0  0.2 10.1  4.1  2.8 11.8 16.9  1.1  3.8  4.9
  3.4  1.9  1.5  0.6  0.4  2.1  1.7 22.5 17.5 15.4  1.5  3.8  5.8  5.3  0.0
     -0.61      3.64      1.65     -0.78      3.39  0.4  0.4  0.6  0.0  0.0
                                         4000_story_0606.txt 33.5  4.1 2381
 17.6  8.8 32.3 83.2 34.9  2.9  2.1  4.2 44.9 22.7  2.5  0.8  0.0  4.2  0.0
  3.8  0.8  7.6 20.6  0.8  0.8194.9 87.8 24.8 68.9 65.5 14.3 12.6  0.4  0.4
  0.4  2.5 19.7  7.1  8.8 39.9 13.0  8.8  1.7  1.7  4.2  3.4  5.5  5.0  0.4
  0.8  5.0  2.5  0.8  8.4 20.6 30.7  6.3  1.7  1.3 58.0145.3  2.9161.3  5.5
  2.9  0.8  0.0  0.0  0.0  0.0  0.0  0.0  0.0  0.0  0.0  0.0  0.0  0.0  0.0
  0.0  0.0  0.0  1.3  0.8  3.4  2.9  0.4  0.8  0.0  0.0  0.4  0.0  0.4  0.4
  0.4  0.8  1.7  0.8  0.0  0.4  0.4  0.4  0.0  0.4  0.0  0.8  2.9  0.4  0.0
  8.4  1.3  0.8 10.5  4.2  1.3  5.9  4.2  0.0  0.0  0.0  0.0  0.0  0.0  0.0
  1.3  0.4  0.0  0.0  0.0  0.0  0.4 10.1  4.6  2.1 14.3 10.5 10.1  5.9  5.9
  0.8  0.8  0.4  0.4  0.8  0.4  0.8 28.6 18.5 29.8  0.8  1.3  8.8  5.9  0.0
     11.91      4.53     -2.78      0.14      1.14  0.0  0.0  0.4  0.4  0.0
                                         4000_story_0608.txt 30.0  4.5 2701
 11.5  3.3  7.8 42.9  8.9  0.4  2.6  3.7  8.1 15.9  1.1  0.4  0.4  3.7  0.7
  1.9  1.1  5.9 25.9  0.0  1.1234.0104.4 36.3 73.3 53.7 15.5 11.5  2.2  3.3
  0.4  2.6 60.3  7.0  6.3 40.7 17.4  5.9  1.5  1.9  3.0  4.1  7.0  7.8  1.9
  1.5  4.1  7.8  3.0  5.6 14.8 34.8 11.1  1.1  5.9 67.4 70.7  4.4142.2  9.3
  2.2  0.0  0.0  0.0  0.0  0.0  0.0  0.0  0.0  0.0  0.0  0.0  0.0  0.0  0.0
  0.0  0.0  0.0  3.7  1.5  6.7  2.6  0.0  0.0  0.0  0.0  0.0  0.0  0.0  1.5
  0.7  2.2  2.6  0.4  0.4  1.5  0.0  0.0  0.4  0.4  0.0  0.4  7.8  0.0  0.0
 14.4  0.0  0.0 14.4  7.4  2.2 10.0  8.1  0.0  0.0  0.0  0.0  0.0  0.0  0.0
  0.4  0.4  0.0  0.0  0.0  0.0  0.4  7.8  2.2  1.1  9.3 13.0  2.6  6.3  3.7
  2.2  1.5  2.6  0.4  1.9  0.7  0.0 21.1 18.1 21.1  1.9  3.7  6.7  2.6  0.0
     -1.20      4.19      3.26     -0.84      3.85  0.4  0.0  0.0  0.0  0.0
                                         4000_story_0610.txt 35.0  4.4 4624
 15.6  5.0  9.5 48.4 12.3  1.1  0.9  2.8 11.7 12.1  1.5  1.1  0.6  2.2  0.2
  4.1  2.8  5.4 28.8  1.1  1.1237.5103.4 40.0 71.8 62.5 17.5  8.9  0.9  1.1
  0.4  1.7 29.8  6.5  6.7 41.1 10.8  9.1  1.5  1.5  4.3  4.1  5.2  6.1  1.1
  2.2  8.2  5.4  3.7  5.8 18.8 41.3  9.3  3.9  2.4 68.1 86.5  3.7137.8  8.7
  2.4  0.9  0.0  0.0  0.0  0.0  0.0  0.0  0.0  0.0  0.0  0.0  0.0  0.0  0.0
  0.0  0.0  0.0  1.7  1.3  3.9  2.8  0.9  0.2  0.0  0.0  0.0  0.0  0.2  0.4
  0.4  1.1  1.1  0.0  0.0  0.2  0.2  0.0  0.2  0.4  0.4  0.2  5.2  0.6  0.0
  9.7  1.1  0.2 11.0  3.0  0.6  4.1  6.5  0.0  0.0  0.0  0.0  0.0  0.0  0.0
  0.4  0.4  0.0  0.0  0.0  0.0  0.0 14.1  2.8  3.0 12.8  9.7  3.2  4.8  5.0
  2.2  2.2  5.4  0.2  0.4  0.4  0.9 18.6 15.1 22.9  0.4  3.5  6.5  6.3  0.0
      3.80      4.42     -1.03      0.44      2.06  0.6  0.0  0.2  0.0  0.0
                                         4000_story_0612.txt 32.0  4.4 2785
 12.9  4.3  7.5 45.2 11.1  1.4  2.5  4.3  9.7 14.0  2.9  1.1  0.7  4.7  0.7
  3.9  1.1  6.8 25.5  1.1  1.1223.7103.1 39.9 84.0 77.2 14.7 17.2  1.4  1.4
  0.0  0.7 27.3  2.2  7.2 38.1 11.5  8.6  1.4  1.8  4.7  5.0  6.1  4.7  1.1
  1.1  6.1  5.4  2.5  5.4 20.1 35.2  6.8  2.2  2.9 68.6 98.0  2.2143.3  7.5
  2.2  0.4  0.0  0.0  0.0  0.0  0.0  0.0  0.0  0.0  0.0  0.0  0.0  0.0  0.0
  0.0  0.0  0.0  5.4  0.7  2.2  2.2  0.0  0.4  0.0  0.4  0.0  0.0  0.0  0.7
  1.8  1.1  1.1  1.4  0.0  0.0  0.0  0.0  0.0  0.7  0.0  0.0  4.7  1.8  0.0
 10.4  0.4  0.4 11.1  6.1  0.0  6.8  6.5  0.0  0.0  0.0  0.0  0.0  0.0  0.0
  0.0  0.4  0.0  0.4  0.0  0.0  0.0  5.7  5.0  3.2 10.8  8.3  2.9  3.9  5.4
  3.2  2.9  1.4  1.4  1.1  1.1  0.7 22.3 24.1 16.5  1.8  3.2  6.1  5.7  0.0
      3.06      6.49     -0.19      0.96      2.07  1.1  0.0  0.0  0.0  0.0
                                         4000_story_0613.txt 32.5  4.4 4296
 14.2  3.5 14.9 54.9 14.0  0.9  3.5  4.4 18.6 16.8  1.9  1.2  0.2  4.2  0.0
  2.1  0.5  7.2 21.9  0.5  3.0235.6100.8 35.4 73.3 61.5 11.6 12.1  0.7  1.9
  0.7  3.0 31.0  5.4  5.6 39.1  9.1  8.8  1.2  2.6  2.8  3.0  8.4  6.1  0.5
  1.6  4.7  4.0  1.2  3.3 18.9 33.3  8.1  0.9  3.3 64.2 94.0  4.9141.8  7.0
  1.6  0.2  0.0  0.0  0.0  0.0  0.0  0.0  0.0  0.0  0.0  0.0  0.0  0.0  0.0
  0.0  0.0  0.0  2.8  1.4  1.2  1.6  0.0  0.2  0.0  0.0  0.0  0.9  0.0  0.5
  0.7  1.2  0.9  1.2  0.5  0.2  0.0  0.0  0.0  0.5  0.0  0.2  5.4  1.2  0.0
  7.0  0.2  0.9  8.1  4.4  0.7  5.6  6.8  0.0  0.0  0.0  0.0  0.0  0.0  0.0
  1.6  0.5  0.0  0.2  0.0  0.0  0.2  7.9  3.7  3.7  7.2 27.9  0.5  5.1  3.3
  2.1  1.4  2.8  0.2  1.6  0.9  0.0 22.8 17.2 20.7  0.9  3.7  4.9  1.4  0.0
      1.53      3.90      0.83     -0.42      3.41  1.6  0.2  0.2  0.0  0.0
                                         4000_story_0614.txt 32.8  4.4 2607
  8.4  2.3  4.2 39.1  4.6  0.0  3.5  2.3  3.1 11.9  1.9  0.0  0.8  3.5  0.0
  3.5  0.0  4.6 25.3  0.4  1.2274.3111.2 36.8 72.1 51.0  8.1  5.8  0.8  1.5
  1.5  4.6 23.8  6.9  9.2 44.9 10.4  8.4  1.5  0.8  1.5  3.8  9.6  5.8  1.2
  0.8  5.4  4.2  4.2  7.7 14.6 36.1  7.7  0.4  3.8 64.1 58.7  6.1121.2  4.2
  3.8  0.4  0.0  0.0  0.0  0.0  0.0  0.0  0.0  0.0  0.0  0.0  0.0  0.0  0.0
  0.0  0.0  0.0  2.3  1.2  1.2  4.2  0.4  0.0  0.0  0.0  0.0  0.0  0.0  0.8
  0.0  0.8  0.4  3.1  0.0  0.4  0.0  0.0  0.0  0.0  0.0  0.0  5.8  0.4  0.0
  8.8  0.4  0.0  9.2  5.0  0.4  5.4  6.1  0.0  0.0  0.0  0.0  0.0  0.0  0.0
  1.5  0.0  0.0  0.0  0.0  0.0  0.0  6.1  2.7  1.5 11.9 14.2  0.4  6.5  7.7
  5.4  2.7  0.4  0.0  0.8  1.2  0.4 19.9  9.2 11.5  0.8  3.1  7.3  3.5  0.0
     -6.71      1.53     -0.29     -1.49      4.37  1.2  0.0  0.0  0.0  0.0
                                         4000_story_0615.txt 29.8  4.4 4569
 14.2  4.2 13.8 54.1 10.9  0.9  1.1  4.2 14.9 17.5  1.3  0.9  0.9  5.9  0.4
  3.9  0.2  4.6 24.1  0.9  1.8238.3100.7 28.2 79.2 60.4 13.4 16.4  0.9  1.5
  0.9  1.8 28.9  7.7  3.3 48.2 11.4  6.8  2.4  1.8  5.5  4.6  7.2  5.7  0.7
  1.5  8.8  6.1  3.5  3.7 16.9 37.2  7.9  1.1  3.3 57.8 86.2  3.1145.3  6.6
  1.8  0.2  0.0  0.0  0.0  0.0  0.0  0.0  0.0  0.0  0.0  0.0  0.0  0.0  0.0
  0.0  0.0  0.0  3.3  1.5  2.8  3.7  0.2  0.2  0.0  0.0  0.0  0.2  0.0  0.2
  1.1  0.9  0.4  0.7  0.4  1.1  0.0  0.0  0.0  0.0  0.2  0.0  6.1  1.1  0.0
 11.4  0.4  0.2 12.0  3.3  1.5  4.8  7.4  0.0  0.0  0.0  0.0  0.0  0.0  0.0
  1.1  0.4  0.0  0.2  0.0  0.0  0.0  9.4  3.5  2.6  9.8 19.0  1.3  4.6  3.1
  2.6  0.9  1.3  0.2  0.9  0.4  1.3 24.1 23.6 18.4  0.7  2.8  7.0  6.6  0.0
      2.18      5.17     -0.18      1.03      2.75  1.1  0.2  0.2  0.0  0.0
                                         4000_story_0617.txt 33.5  4.3 5142
 10.1  2.9  3.5 38.5  5.6  1.4  4.9  2.9  9.7 10.3  1.8  0.6  0.2  2.9  0.4
  2.1  0.2  5.1 23.5  0.4  1.0233.0125.6 51.1 62.6 79.3 11.3  3.5  2.1  2.1
  2.7  3.7 30.3  8.2  8.2 37.1 10.3  9.1  1.8  2.7  2.9  2.1  4.9  2.7  0.0
  2.3  8.6  2.7  1.0  3.7 17.1 39.1  5.1  0.6  7.0 76.6 94.7  1.9118.2  6.2
  2.9  0.0  0.0  0.0  0.0  0.0  0.0  0.0  0.0  0.0  0.0  0.0  0.0  0.0  0.0
  0.0  0.0  0.0  1.8  0.6  1.6  2.3  0.2  0.0  0.0  0.0  0.2  0.0  0.8  0.2
  0.0  0.8  1.6  1.2  0.0  0.6  0.0  0.0  0.2  0.0  0.0  0.0  3.1  0.6  0.0
  6.2  0.2  1.0  7.4  3.7  0.8  4.5  3.7  0.0  0.0  0.0  0.0  0.0  0.0  0.0
  0.2  0.4  0.0  0.0  0.0  0.0  0.2  7.6  3.5  3.9 13.4 20.4  0.4  8.2  6.6
  0.4  1.9  0.8  2.1  0.8  1.2  0.0 26.4  7.0 15.2  1.2  3.5  6.2  2.5  0.0
     -5.78      2.68      2.41     -0.38      0.58  2.3  0.4  0.0  0.0  0.0
                                         4000_story_0628.txt 31.3  4.1 2404
 21.2  5.8  6.2 83.6 20.8  1.7  4.2  1.7 81.1 13.7  1.2  2.1  0.0  6.7  0.4
  3.7  2.9  7.9 17.5  2.1  1.2195.1104.0 24.1 53.2 51.2 10.4  7.5  1.2  1.2
  0.0  2.1 31.2  5.4  7.5 41.2 11.6  5.0  0.8  4.2  2.9  0.8  5.4  4.2  0.4
  0.4  6.2  4.2  2.1 10.0 15.8 32.0  5.0  5.0  2.5 60.3153.1  5.4145.6  7.5
  1.2  0.4  0.0  0.0  0.0  0.0  0.0  0.0  0.0  0.0  0.0  0.0  0.0  0.0  0.0
  0.0  0.0  0.0  0.8  2.1  3.7  2.9  0.4  0.4  0.0  0.0  0.0  0.0  0.8  0.0
  1.2  2.5  0.8  0.4  0.0  0.0  1.2  0.0  0.0  0.8  0.0  0.0  5.8  2.5  0.0
  9.6  0.8  0.8 11.2  5.0  1.2  7.1  8.3  0.0  0.0  0.0  0.0  0.0  0.0  0.0
  0.4  0.8  0.0  0.0  0.0  0.0  0.0  8.7  2.1  3.7 12.9 16.6  0.4  2.9  2.1
  2.1  0.4  2.1  2.1  1.2  0.4  0.0 20.8 15.8 30.0  1.7  2.5  6.2  1.2  0.0
     14.41      1.68     -0.82     -1.54      0.84  0.0  0.4  0.0  0.0  0.4
                                         4000_story_0631.txt 31.8  4.3 3904
 15.9  3.3  0.0 43.5 12.8  1.0  3.3  3.3 49.4 12.8  1.3  0.3  0.3  6.1  1.3
  1.5  0.5  4.4 13.6  0.5  1.5202.9117.8 36.9 74.5 47.9 13.8  6.1  2.0  3.8
  3.1  5.4 27.9  6.1  9.2 37.7 10.2  7.7  0.5  3.6  2.0  2.8  3.8  7.2  1.0
  1.8  5.6  3.3  3.6  3.8 14.1 28.4 10.0  1.0  9.0 65.8110.1  3.1141.4  9.7
  3.6  0.8  0.0  0.0  0.0  0.0  0.0  0.0  0.0  0.0  0.0  0.0  0.0  0.0  0.0
  0.0  0.0  0.0  1.5  2.0  2.6  3.6  0.3  0.5  0.0  0.0  0.0  0.0  0.0  0.5
  1.0  1.0  0.5  2.0  0.0  0.8  0.0  0.0  0.0  1.3  0.0  0.5  1.8  2.6  0.0
  9.7  0.8  0.0 10.5  5.1  0.8  7.2  4.9  0.0  0.0  0.0  0.0  0.0  0.0  0.0
  0.0  0.0  0.0  0.3  0.0  0.0  0.0 13.6  3.8  5.9 12.0 12.0  2.8  7.7  8.5
  2.8  1.8  1.8  0.5  1.8  0.8  0.5 24.6 14.6 23.6  2.3  3.8  8.7  4.1  0.0
     -0.70      2.65      4.22     -0.88      1.23  1.3  0.0  0.0  0.0  0.0
                                         4000_story_0634.txt 31.0  4.1 2416
 21.1  6.2  6.2 83.2 20.7  1.7  3.7  1.2 81.5 14.5  1.2  2.1  0.4  7.5  0.4
  3.7  2.5  7.9 23.2  2.1  1.2190.8103.1 24.4 53.4 51.3 10.3  7.9  1.2  1.7
  0.0  2.9 31.5  5.0  7.9 42.6 12.0  5.0  0.8  4.1  2.9  0.4  6.6  3.7  0.4
  0.4  5.8  4.1  2.1  9.5 15.7 38.1  4.6  4.6  2.9 61.3153.6  5.8145.3  7.5
  1.7  0.4  0.0  0.0  0.0  0.0  0.0  0.0  0.0  0.0  0.0  0.0  0.0  0.0  0.0
  0.0  0.0  0.0  0.8  2.1  3.7  3.3  0.8  0.4  0.0  0.0  0.0  0.0  0.4  0.0
  1.2  2.5  0.8  0.4  0.0  0.0  1.2  0.0  0.4  0.8  0.0  0.0  6.2  2.5  0.0
  9.9  1.2  0.4 11.6  5.0  1.7  7.5  8.7  0.0  0.0  0.0  0.0  0.0  0.0  0.0
  0.4  0.8  0.0  0.0  0.0  0.0  0.0  8.3  2.1  3.7 13.2 15.7  0.4  2.9  2.1
  2.1  0.4  2.1  2.1  0.8  0.4  0.0 20.7 15.7 29.8  1.7  2.5  6.2  1.2  0.0
     15.57      1.76     -0.36     -1.73      1.53  0.0  0.4  0.0  0.0  0.4
                                         4000_story_0640.txt 36.3  4.4 1991
 13.6  0.5  2.5 44.2 10.5  0.0  3.5  0.5 17.1 16.1  1.5  0.0  0.0  3.5  1.0
  1.5  1.5  4.0 11.6  1.0  1.5229.0121.0 38.7 68.8 58.8 12.1  6.0  2.5  0.0
  1.5  4.0 36.2  5.5 11.0 41.7  5.5  3.5  0.0  3.5  3.5  1.0  5.5  4.5  1.5
  2.0  4.5  2.0  2.0  5.5 11.0 23.6  8.0  2.5  4.0 72.8 86.4  1.0126.6  7.0
  1.0  0.5  0.0  0.0  0.0  0.0  0.0  0.0  0.0  0.0  0.0  0.0  0.0  0.0  0.0
  0.0  0.0  0.0  0.5  0.0  1.0  1.0  0.0  0.5  0.0  0.0  0.0  0.0  0.0  0.0
  0.5  1.0  0.0  0.0  0.0  1.5  0.0  0.0  0.0  0.0  0.0  1.5  2.0  2.0  0.0
  2.5  0.5  0.0  3.0  1.5  1.5  3.0  5.5  0.0  0.0  0.0  0.0  0.0  0.0  0.0
  0.0  0.0  0.0  0.0  0.0  0.0  0.0 14.6  4.5  6.0 13.1 15.6  3.5 12.1 13.1
  1.0  1.5  0.5  0.5  1.0  0.5  1.0 23.6 10.5 18.1  1.0  3.5  7.0  1.5  0.0
     -4.59      2.58      0.62     -2.09      2.32  0.5  0.5  0.0  0.0  0.0
                                         4000_story_0647.txt 30.5  4.3 3357
 14.0  1.5  1.2 45.0  6.0  0.6  3.6  1.5 70.9 14.0  0.6  0.6  0.6  5.4  0.9
  1.5  0.9  5.4 17.3  0.9  2.7199.6117.7 43.2 73.9 31.3 15.2  5.7  1.8  1.2
  2.1  3.9 43.2  5.7  6.6 36.3 15.2  4.5  1.5  0.6  2.1  2.4  6.3  4.8  2.7
  2.7  5.4  2.7  4.2  7.4 11.9 27.7 10.1  1.8  5.1 75.4108.1  2.4140.3  8.0
  4.2  0.6  0.0  0.0  0.0  0.0  0.0  0.0  0.0  0.0  0.0  0.0  0.0  0.0  0.0
  0.0  0.0  0.0  0.9  0.6  1.2  3.0  0.9  0.6  0.3  0.0  0.0  0.0  0.0  0.0
  0.6  2.1  1.8  1.8  0.0  0.3  0.9  0.0  0.0  0.9  0.0  0.3  1.8  2.4  0.0
  5.7  1.8  0.0  7.4  6.3  1.2  8.3  4.5  0.0  0.0  0.0  0.0  0.0  0.0  0.0
  0.3  0.0  0.0  0.0  0.0  0.0  0.3  5.7  6.0  8.9 14.0 12.5  3.9  5.7  6.9
  2.1  2.1  1.5  0.6  1.5  0.6  1.8 27.1 11.9 21.4  3.0  2.7  8.9  2.1  0.0
      0.57      2.06      3.34     -2.84      3.93  0.6  0.3  0.3  0.0  0.0
                                         4000_story_0666.txt 29.3  4.2 2624
 19.1  4.6  2.7 48.8 20.2  1.5  3.0  1.9 80.0 12.2  1.5  0.0  0.0  5.7  0.0
  2.7  1.9  5.3 15.6  0.8  0.4188.6107.9 31.3 82.3 37.0  9.9  5.0  2.3  0.8
  2.7  4.6 40.4  7.2  5.3 34.7 16.0  4.6  1.1  3.4  1.5  2.3  5.7  7.6  1.9
  0.8  6.5  3.8  2.3  5.3 11.4 30.1 10.3  2.7  5.7 63.3137.2  5.0148.2  5.0
  3.4  1.1  0.0  0.0  0.0  0.0  0.0  0.0  0.0  0.0  0.0  0.0  0.0  0.0  0.0
  0.0  0.0  0.0  1.9  0.8  3.4  1.5  0.4  1.1  0.0  0.0  0.0  0.0  0.4  0.8
  0.0  1.5  4.2  1.1  0.4  0.4  1.1  0.0  0.0  0.4  0.4  0.4  1.9  0.8  0.0
  7.6  1.5  0.4  9.5  7.6  1.9  9.9  3.4  0.0  0.0  0.0  0.0  0.0  0.0  0.0
  0.8  0.0  0.0  0.0  0.0  0.0  0.0 14.1  4.6  6.5 11.4 10.7  3.4  6.1  3.4
  3.4  1.5  1.9  0.0  1.9  0.8  0.8 27.4 11.1 26.3  1.1  3.4  8.8  1.1  0.0
      4.68      1.45      4.02     -1.95      2.81  0.0  0.4  0.0  0.0  0.0
                                         4000_story_0668.txt 32.3  4.4 2415
 11.2  2.5  1.2 62.1 17.0  0.8  2.9  1.7 24.0 19.0  1.2  0.8  0.4  5.8  0.8
  0.0  0.8  3.7 10.4  0.0  2.5224.4113.9 35.2 62.1 46.0 13.3  9.1  0.0  1.7
  2.1  5.0 36.9  6.2  6.6 34.4 12.8  4.1  0.4  1.7  2.5  2.5  5.4  9.1  0.0
  0.8  7.0  4.1  2.9  5.0 10.4 24.8  9.9  0.8  3.7 67.5 87.0  3.3144.9 11.2
  2.1  0.0  0.0  0.0  0.0  0.0  0.0  0.0  0.0  0.0  0.0  0.0  0.0  0.0  0.0
  0.0  0.0  0.0  2.1  0.8  3.3  2.1  0.4  0.0  0.0  0.0  0.0  0.0  0.0  0.0
  0.4  2.5  1.7  0.8  0.0  1.2  0.0  0.0  0.0  2.5  0.0  0.0  3.3  1.7  0.0
  8.3  0.4  0.0  8.7  5.4  1.2  9.1  5.0  0.0  0.0  0.0  0.0  0.0  0.0  0.0
  0.0  0.0  0.0  0.0  0.0  0.0  0.4  9.1  7.5  5.0 12.0  8.7  3.3  5.0  2.9
  0.4  1.7  0.4  0.4  1.2  1.2  0.4 20.7 14.5 15.7  0.0  4.6  8.3  3.7  0.0
     -3.01      2.59      2.41     -2.56      1.39  0.4  0.4  0.0  0.8  0.0
                                         4000_story_0672.txt 31.0  4.5 3282
 10.7  3.0  3.4 36.3  4.0  0.3  1.8  1.2 10.1 14.6  0.3  0.3  0.0  7.0  0.9
  1.5  1.2  3.0 10.7  0.9  2.4243.8119.7 39.3 74.3 43.0 11.0  9.4  3.0  2.7
  0.6  3.7 33.5  4.9  8.5 35.3 11.3  4.0  0.9  1.8  2.1  2.4  3.4  9.4  2.4
  1.5  4.3  3.0  4.6  7.3  9.1 20.7 13.4  2.1  6.4 79.5 57.0  1.2128.6  9.4
  0.0  0.3  0.0  0.0  0.0  0.0  0.0  0.0  0.0  0.0  0.0  0.0  0.0  0.0  0.0
  0.0  0.0  0.0  3.4  0.3  1.2  1.2  0.3  0.0  0.0  0.0  0.0  0.0  0.0  0.3
  0.0  2.4  0.6  1.2  0.0  0.3  0.0  0.0  0.0  0.9  0.0  0.6  0.9  1.5  0.0
  6.1  0.3  0.0  6.4  4.6  0.3  5.8  3.0  0.0  0.0  0.0  0.0  0.0  0.0  0.0
  0.0  0.0  0.0  0.0  0.0  0.0  0.0  9.8  4.3  1.5 12.2 17.7  4.0  5.2 13.4
  2.4  1.2  1.2  1.5  0.6  1.8  0.3 18.0 13.7 14.0  1.5  4.0  9.1  2.1  0.0
     -5.13      2.49      2.46     -2.55      2.27  1.5  0.6  0.0  0.6  0.0
                                         4000_story_0683.txt 30.8  4.3 4293
 13.7  3.3 16.3 39.1  4.9  1.2  3.3  2.8 46.1 13.7  0.9  0.5  0.2  5.6  1.2
  0.7  0.9  2.8 22.8  1.4  1.4202.4110.6 48.2 78.7 35.9 12.6  3.7  0.9  3.5
  0.2  3.3 31.0  6.3 11.6 45.9 10.5  2.8  1.9  3.7  1.9  2.8  5.1  6.1  0.9
  1.2  7.9  3.0  2.6  4.4  7.5 38.2  8.2  2.3  4.7 86.9 86.9  4.0132.5  7.9
  2.1  0.2  0.0  0.0  0.0  0.0  0.0  0.0  0.0  0.0  0.0  0.0  0.0  0.0  0.0
  0.0  0.0  0.0  1.2  1.2  2.6  1.6  0.2  0.0  0.0  0.0  0.5  0.2  0.5  0.5
  0.5  0.7  0.5  1.2  0.0  0.2  0.2  0.0  0.0  0.2  0.2  0.0  1.9  1.9  0.0
  6.5  0.2  1.2  7.9  3.3  0.5  4.0  4.0  0.0  0.0  0.0  0.0  0.0  0.0  0.0
  0.2  1.4  0.0  0.2  0.0  0.0  0.0  4.4  6.5  3.0  8.9 13.0  1.6  5.1  5.1
  0.7  4.0  1.9  1.2  0.9  1.6  0.9 25.6  7.0 16.3  1.4  4.4  8.6  3.0  0.0
      1.34      1.57     -0.99     -1.64      1.59  0.9  0.0  0.0  0.2  0.0
                                         4000_story_0688.txt 32.0  4.5 3236
  7.4  1.2  2.2 42.3  6.8  0.0  3.7  0.9  8.7 13.6  0.9  0.3  0.0  7.1  0.0
  1.5  0.0  3.7 10.2  0.3  0.9231.8125.8 44.2 65.2 38.3 13.3  6.5  3.1  6.2
  2.5  5.6 34.9  6.2  6.5 33.4  6.8  5.9  0.3  1.9  1.5  6.2  3.7  8.7  1.5
  2.8  4.0  4.3  4.3  6.8 11.1 21.9 13.0  0.3 11.7 84.7 53.8  4.0126.1  8.7
  2.5  0.0  0.0  0.0  0.0  0.0  0.0  0.0  0.0  0.0  0.0  0.0  0.0  0.0  0.0
  0.0  0.0  0.0  1.2  0.3  1.5  1.9  0.6  0.0  0.3  0.3  0.0  0.3  0.0  0.6
  0.0  0.0  1.2  0.9  0.3  0.0  0.6  0.0  0.0  0.3  0.0  0.3  2.2  2.2  0.0
  4.9  0.9  0.6  6.5  2.8  0.9  4.0  4.6  0.0  0.0  0.0  0.0  0.0  0.0  0.0
  0.0  0.0  0.0  0.0  0.0  0.0  0.0 10.5  4.0  4.3 15.8 15.8  5.6  5.6 11.7
  4.3  1.2  1.5  1.2  1.2  0.9  1.2 18.5 12.7 10.2  0.6  2.5 10.8  2.2  0.0
     -9.47      1.88      7.04     -1.06      2.09  1.9  0.6  0.0  0.0  0.3
                                         4000_story_0693.txt 30.0  4.3 2467
 15.8  3.2  0.4 48.2  9.3  1.6  3.2  2.4 61.2 10.9  0.0  0.0  0.0  6.5  1.2
  0.4  2.4  5.3 13.4  0.4  2.0217.3122.4 38.1 73.0 34.0 13.8  9.7  2.4  1.6
  2.0  6.1 30.0  4.9  7.3 32.4  9.3  2.0  2.0  0.0  0.4  3.2  1.6  8.9  0.8
  3.2  5.3  5.3  4.5  6.9  7.7 24.7 13.0  2.8  6.1 73.4104.6  3.2138.6 10.9
  2.0  0.0  0.0  0.0  0.0  0.0  0.0  0.0  0.0  0.0  0.0  0.0  0.0  0.0  0.0
  0.0  0.0  0.0  2.0  0.8  4.5  0.4  1.6  0.0  0.0  0.0  0.0  1.2  0.0  0.0
  0.8  0.4  1.2  0.8  0.0  0.0  1.6  0.0  0.0  1.2  0.0  0.4  1.2  0.4  0.0
  7.7  1.6  1.2 10.5  3.2  1.6  6.1  2.0  0.0  0.0  0.0  0.0  0.0  0.0  0.0
  0.4  0.0  0.0  0.0  0.0  0.0  0.0  8.5  3.2  4.9 13.8 10.9  2.8  6.1  6.5
  2.0  1.2  0.4  2.4  0.4  1.6  1.2 21.9 14.6 23.1  2.0  4.9 11.3  1.6  0.0
      1.42      2.64      4.01     -3.98      0.41  0.4  0.4  0.0  0.0  0.0
                                         4000_story_0696.txt 33.0  4.5 2525
 12.7  4.0  2.0 40.8 24.6  0.0  2.8  1.2 22.6 11.5  1.6  0.4  0.0  2.0  0.0
  0.4  0.4  3.6 11.5  0.8  0.8233.7110.5 36.4 76.0 42.0 16.2  8.7  4.4  4.4
  2.0  4.4 43.2  6.7  2.8 35.2 11.1  7.1  1.6  4.0  2.8  5.9  3.6  7.5  3.2
  2.4  4.8  3.6  3.2  3.6 13.5 25.0 13.1  1.2 10.7 65.0 89.1  2.8139.4  9.5
  2.0  0.4  0.0  0.0  0.0  0.0  0.0  0.0  0.0  0.0  0.0  0.0  0.0  0.0  0.0
  0.0  0.0  0.0  4.4  1.2  2.4  2.4  1.2  0.0  0.4  0.0  0.0  0.0  0.0  0.4
  0.8  1.6  1.6  0.4  0.4  0.4  0.0  0.4  0.4  0.8  0.0  0.4  1.6  3.2  0.0
 10.3  1.6  0.0 11.9  4.8  1.6  7.1  5.1  0.0  0.0  0.0  0.0  0.0  0.0  0.0
  0.4  0.8  0.0  0.0  0.0  0.0  0.0  8.7  5.1  4.0 10.3 17.8  2.8  4.8  7.9
  0.8  2.4  0.4  0.8  0.4  1.6  0.0 23.8 13.9 22.2  3.6  2.8  5.1  2.8  0.0
     -7.41      3.38      7.38      1.10      2.95  1.6  0.4  0.4  0.0  0.0
                                         4000_story_0698.txt 30.3  4.3 2497
 19.6  4.0  1.6 58.9 26.8  0.8  2.8  3.6 23.2 18.4  0.8  0.0  0.4  3.6  0.8
  2.0  0.8  6.4  8.4  0.8  1.6225.1110.5 36.4 60.5 34.0 10.0  6.0  4.4  4.4
  2.8  4.4 34.8  2.0  6.8 26.8 15.6  6.8  0.4  2.4  1.6  2.0  2.4  8.4  2.0
  2.0  3.2  6.4  2.0  6.8 14.8 18.4 12.4  1.6 11.6 66.5 84.1  4.4143.4  7.6
  4.0  0.0  0.0  0.0  0.0  0.0  0.0  0.0  0.0  0.0  0.0  0.0  0.0  0.0  0.0
  0.0  0.0  0.0  3.2  1.6  4.0  2.4  0.8  0.0  0.0  0.0  0.0  0.0  0.0  0.0
  2.0  0.4  2.0  0.8  0.0  1.2  0.4  0.0  0.0  1.6  0.0  0.0  2.4  0.8  0.0
 11.2  0.8  0.0 12.0  5.2  1.6  8.4  3.2  0.0  0.0  0.0  0.0  0.0  0.0  0.0
  0.0  0.8  0.0  0.0  0.0  0.0  0.4 17.2  2.8  4.0 10.4 23.6  2.8  5.6 10.4
  4.8  1.2  0.4  0.8  0.8  1.2  0.0 21.6 10.0 25.2  2.4  2.4  6.0  6.4  0.0
     -0.50      0.81      8.27     -2.20      1.34  0.8  0.0  0.0  0.4  0.4
                                         4000_story_0708.txt 32.5  4.5 2521
 16.7  4.0  4.0 26.2  2.4  0.4  1.2  4.0  3.2 15.9  1.2  1.2  0.4  4.8  1.2
  1.2  2.0  4.4 20.2  0.0  0.8202.7103.1 44.4 96.4 88.1 14.7  1.2  0.4  2.0
  0.0  3.6 34.1  9.1  8.7 48.8  9.1  3.6  2.4  1.2  2.8  2.8  4.8  5.2  0.4
  3.6  7.5  2.4  2.0  8.3 10.7 33.7  9.1  2.0  2.4 87.7 93.6  3.2144.4  9.9
  6.7  0.4  0.0  0.0  0.0  0.0  0.0  0.0  0.0  0.0  0.0  0.0  0.0  0.0  0.0
  0.0  0.0  0.0  1.2  1.2  3.6  0.4  0.4  0.0  0.0  0.4  0.0  0.4  0.4  0.4
  0.4  1.2  0.4  0.0  0.0  0.8  0.0  0.4  0.0  1.6  0.0  0.0  2.8  0.8  0.0
  6.3  0.4  1.2  7.9  2.4  1.2  5.2  3.6  0.0  0.0  0.0  0.0  0.0  0.0  0.0
  0.0  0.4  0.0  0.0  0.0  0.0  0.4  5.6  4.4  4.4 17.1 13.9  2.4  9.5  6.0
  0.4  2.8  0.4  1.2  0.8  0.8  0.8 32.9  6.3 24.2  1.6  6.7  6.7  2.8  0.0
     -0.89      4.40     -2.06     -2.01      1.59  0.8  0.0  0.0  0.0  0.0
                                         4000_story_0710.txt 36.5  4.3 2559
 15.2  2.7  6.6 27.0  2.3  0.0  3.5  5.1  5.9 18.4  0.8  0.4  0.4  2.7  1.2
  0.8  0.0  2.0 24.6  0.8  3.9227.0105.9 37.5 91.4 69.9 11.7  6.3  0.4  0.0
  0.0  3.5 20.7 12.9 21.5 50.8 10.9  3.5  0.4  1.2  3.1  2.3  7.8  3.9  0.0
  2.0  5.5  2.3  3.1  5.1  8.6 35.2  5.9  0.8  0.4 72.3 78.2  1.6144.6  9.8
  3.5  0.0  0.0  0.0  0.0  0.0  0.0  0.0  0.0  0.0  0.0  0.0  0.0  0.0  0.0
  0.0  0.0  0.0  1.6  0.4  3.1  0.8  0.0  0.0  0.0  0.0  0.0  0.0  0.4  0.0
  0.4  1.2  1.6  1.2  0.0  0.4  0.0  0.0  0.0  0.4  0.0  0.0  3.5  1.2  0.0
  5.9  0.0  0.4  6.3  4.3  0.4  5.1  4.7  0.0  0.0  0.0  0.0  0.0  0.0  0.0
  0.0  0.0  0.0  0.0  0.0  0.0  0.0  5.5  1.2  3.5 14.1 25.8  5.1  7.0  7.4
  2.3  3.9  1.2  2.7  0.8  2.0  0.0 34.8  8.2 18.0  0.4  5.1  7.4  6.3  0.0
     -2.90      3.80     -8.95     -2.68      2.48  0.8  0.0  0.0  0.0  0.0
                                         4000_story_0711.txt 33.8  4.2 4465
 15.9  2.9  1.3 37.2  4.9  0.0  2.7  3.1  5.4 15.2  1.3  0.2  0.4  4.7  1.6
  4.0  0.7  6.3 26.7  1.1  1.3200.7117.6 33.6 79.7 69.9  9.9  4.3  1.1  2.5
  0.7  4.9 31.8  6.5  9.4 47.7 15.2  4.9  0.9  2.9  2.0  2.2  8.3  7.2  0.0
  1.8  5.2  3.1  1.8  4.5 13.2 39.9  9.0  1.8  4.3 63.4 80.2  1.3140.0  8.5
  1.6  0.2  0.0  0.0  0.0  0.0  0.0  0.0  0.0  0.0  0.0  0.0  0.0  0.0  0.0
  0.0  0.0  0.0  1.1  0.9  3.6  1.1  0.2  0.2  0.2  0.0  0.0  0.2  0.2  0.0
  0.2  1.1  1.1  0.9  0.2  1.1  0.0  0.2  0.0  0.0  0.2  0.0  2.7  1.3  0.0
  6.7  0.7  0.4  7.8  3.4  1.6  4.9  4.3  0.0  0.0  0.0  0.0  0.0  0.0  0.0
  0.7  0.2  0.0  0.0  0.0  0.2  0.4 13.0  4.3  3.4 12.3 19.0  2.5  7.8  9.6
  0.4  2.2  1.6  0.4  0.9  2.2  0.2 34.9  8.7 21.7  2.2  1.8  6.3  5.2  0.0
      1.81      2.68      0.18     -1.96      3.22  1.3  0.0  0.2  0.0  0.0
                                         4000_story_0715.txt 32.0  4.3 3607
 14.7  4.4  5.3 29.9  2.2  0.8  0.6  4.4 33.8 16.9  0.3  0.3  1.4  6.1  1.9
  1.9  0.3  4.7 29.7  0.0  3.3222.6115.1 37.7 80.1 46.6 13.6  5.3  0.8  1.1
  0.3  3.6 23.8  9.7 10.3 49.3 10.5  4.2  0.3  1.7  1.7  1.7  7.2  3.0  0.6
  1.1  7.2  3.6  1.9  5.0 10.5 42.4  4.7  0.3  2.2 66.0 82.6  2.5137.0 11.1
  3.9  0.0  0.0  0.0  0.0  0.0  0.0  0.0  0.0  0.0  0.0  0.0  0.0  0.0  0.0
  0.0  0.0  0.0  2.5  1.7  2.2  1.9  0.0  0.3  0.0  0.0  0.0  0.0  0.0  0.0
  0.0  1.9  0.8  1.1  0.0  0.8  0.0  0.6  0.6  0.0  0.0  0.0  2.8  2.2  0.0
  8.3  0.3  0.0  8.6  3.9  1.9  5.8  5.0  0.0  0.0  0.0  0.0  0.0  0.0  0.0
  0.3  0.8  0.0  0.0  0.0  0.0  0.3  5.8  3.9  2.8 12.8 13.6  5.0  4.4  2.8
  0.0  1.4  0.8  0.0  1.4  1.1  0.3 26.9 11.1 19.7  4.2  3.6  6.4  6.1  0.0
      1.97      2.57     -3.33     -3.31      2.13  1.1  0.3  0.0  0.0  0.0
                                         4000_story_0719.txt 37.3  4.4 2719
 17.3  4.4  8.8 36.0  6.3  1.1  1.5  4.8  5.9 20.2  1.8  0.0  0.7  8.8  2.6
  4.8  0.0  4.4 16.2  0.0  0.7194.9 89.0 51.1 95.3 84.2 14.7  9.2  0.7  1.1
  0.0  7.0 22.8  7.4  8.1 55.5  9.6  6.6  1.8  2.2  0.4  1.8  7.7  4.8  0.0
  1.5  9.2  0.4  2.9  3.7 11.4 34.6  6.3  0.0  1.8100.8 96.4  1.5154.1 11.0
  2.2  0.4  0.0  0.0  0.0  0.0  0.0  0.0  0.0  0.0  0.0  0.0  0.0  0.0  0.0
  0.0  0.0  0.0  1.8  0.4  1.1  0.7  0.0  0.4  0.0  0.0  0.4  0.0  0.4  0.0
  0.4  0.4  1.1  0.0  0.0  1.1  0.0  0.0  0.0  0.4  0.0  0.4  2.9  1.5  0.0
  4.0  0.4  0.7  5.1  1.8  1.1  3.3  4.8  0.0  0.0  0.0  0.0  0.0  0.0  0.0
  0.4  0.4  0.0  0.0  0.0  0.0  1.5  3.3  3.7  2.6  7.0 25.0  2.6  5.5  7.0
  0.0  7.7  0.0  0.0  0.0  1.1  1.8 42.7 13.2 22.4  0.4  6.6  7.4  5.5  0.0
      1.82      5.68     -1.51     -2.52      2.40  1.1  0.0  0.0  0.0  0.0
                                         4000_story_0721.txt 34.3  4.2 4671
 18.4  2.4  7.7 36.0  6.4  0.9  2.8  4.3 12.6 17.8  0.9  0.2  0.2  9.0  1.3
  4.3  0.2  3.0 26.3  1.5  2.8204.5109.6 34.9 86.5 72.6 11.1  6.0  0.9  0.6
  0.2  4.9 17.6  7.7  6.0 45.4 10.5  4.7  0.6  1.3  1.5  3.4  8.1  5.4  0.6
  2.4  9.2  4.3  2.4  6.0  9.2 42.0  8.3  1.7  1.7 73.9 91.6  2.6142.4  9.6
  2.4  0.2  0.0  0.0  0.0  0.0  0.0  0.0  0.0  0.0  0.0  0.0  0.0  0.0  0.0
  0.0  0.0  0.0  1.1  1.1  3.4  0.2  0.2  0.2  0.0  0.0  0.0  0.2  0.0  0.2
  0.2  1.7  0.6  0.2  0.0  0.2  0.2  0.2  0.0  1.1  0.2  0.2  1.7  0.9  0.0
  5.8  0.4  0.2  6.4  3.0  0.6  4.7  3.0  0.0  0.0  0.0  0.0  0.0  0.0  0.0
  1.5  0.4  0.0  0.0  0.0  0.0  0.4  6.6  2.8  3.4 10.1 22.5  2.4  9.8 10.1
  0.6  1.9  0.9  2.4  0.2  0.4  0.9 30.4  8.6 25.5  1.7  4.1  8.3  3.9  0.0
      4.63      3.59     -1.51     -2.61      3.52  0.6  0.0  0.0  0.2  0.0
                                         4000_story_0725.txt 34.5  4.3 4041
 17.8  4.7  9.7 37.4 10.6  0.7  2.2  2.5 12.9 18.3  1.7  0.7  0.0  3.5  0.7
  1.7  0.7  2.5 13.9  1.0  3.5202.2 94.3 46.0100.2102.4 15.3  5.4  0.5  0.7
  1.0  4.2 20.5  9.9 10.9 45.5  8.2  2.2  1.5  1.0  2.0  0.5  7.9  3.2  0.2
  0.5  7.2  2.0  1.2  4.9  6.7 27.0  4.0  1.7  2.2 82.9126.0  1.5156.9  9.9
  2.0  0.2  0.0  0.0  0.0  0.0  0.0  0.0  0.0  0.0  0.0  0.0  0.0  0.0  0.0
  0.0  0.0  0.0  2.0  1.2  2.2  1.0  0.2  0.5  0.0  0.0  0.0  0.0  0.0  0.0
  0.2  1.5  0.7  0.2  0.2  0.2  0.2  0.0  0.0  0.0  0.0  0.0  2.2  1.0  0.0
  6.4  0.7  0.0  7.2  2.7  0.7  3.5  3.2  0.0  0.0  0.0  0.0  0.0  0.0  0.0
  0.5  0.7  0.0  0.0  0.0  0.0  0.2  7.4  1.7  1.0  7.7 18.1  3.0  4.9  8.4
  4.0  2.7  1.2  2.0  0.5  0.7  0.2 34.9  8.2 22.0  1.5  5.2  8.4  4.9  0.0
     -1.05      6.08     -3.10     -4.01      2.16  0.2  0.0  0.0  0.0  0.0
                                         4000_story_0726.txt 31.5  4.4 1935
 22.2  3.6  2.6 24.3  1.0  0.0  3.1  5.2  4.7 26.4  0.5  1.0  0.5  6.2  1.0
  2.1  0.5  5.7 15.0  1.6  2.6191.7104.4 41.3100.3 87.9 17.6  3.1  0.5  1.0
  0.5  3.1 37.7  8.3  7.8 59.9  9.3  2.1  0.5  1.0  1.6  5.2  7.2  4.7  0.5
  1.6 13.4  2.1  4.1  4.1  9.3 33.6  6.7  2.1  2.1 78.0 93.5  1.0145.2 10.3
  8.3  0.5  0.0  0.0  0.0  0.0  0.0  0.0  0.0  0.0  0.0  0.0  0.0  0.0  0.0
  0.0  0.0  0.0  0.0  1.0  5.7  1.6  0.5  0.0  0.5  0.0  0.0  0.0  1.0  0.0
  0.0  1.0  0.0  1.6  0.0  1.0  0.0  0.5  0.0  0.5  0.0  0.0  7.2  2.1  0.0
  8.3  1.0  1.0 10.3  2.6  1.6  4.7  9.3  0.0  0.0  0.0  0.0  0.0  0.0  0.0
  1.0  0.0  0.5  0.0  0.0  0.0  0.5  4.1  6.2  5.7 12.9 12.9  3.6  6.2  6.2
  1.6  2.1  2.1  0.0  0.5  1.6  0.0 26.4  5.7 27.4  1.6  5.2  7.8  3.6  0.0
      1.95      5.43     -2.02     -2.67      2.50  0.5  0.0  0.0  0.0  0.5
                                         4000_story_0727.txt 32.8  4.4 2671
 23.6  6.7  1.1 44.2  6.0  1.1  1.5  7.5  3.7 20.6  2.2  1.1  0.4  4.5  1.1
  4.5  1.5  4.1 20.2  0.4  2.2164.4 85.7 41.9 95.5110.8 19.5  2.6  0.0  0.4
  0.0  3.0 29.2 10.1 12.0 62.5  7.5  8.6  2.2  4.1  2.2  5.2  7.5  4.1  0.0
  1.9 10.5  3.7  3.4  8.6 15.0 38.9  6.0  1.9  0.4 81.6120.6  4.5150.9  6.0
  7.5  1.1  0.0  0.0  0.0  0.0  0.0  0.0  0.0  0.0  0.0  0.0  0.0  0.0  0.0
  0.0  0.0  0.0  3.4  0.7  3.7  1.5  0.4  0.7  0.0  0.0  0.0  0.0  0.7  0.4
  0.0  1.1  0.7  2.2  0.0  0.4  0.0  0.0  0.0  0.0  0.0  0.0  6.0  3.4  0.0
  9.4  1.1  0.7 11.2  4.5  0.4  4.9  9.4  0.0  0.0  0.0  0.0  0.0  0.0  0.0
  0.0  0.0  0.0  0.0  0.0  0.0  0.0  6.7  4.5  4.5 10.9 14.2  3.7  6.0  3.0
  2.2  4.5  0.7  0.0  0.4  1.9  0.4 27.0 10.1 30.3  1.9  4.1 13.5  2.6  0.0
      6.31      6.57     -5.67      1.21      2.28  0.4  0.0  0.0  0.0  0.0
                                         4000_story_0728.txt 34.5  4.4 3742
 13.1  2.4  5.9 28.6  4.3  0.0  1.3  2.9  8.6 18.7  0.3  0.3  0.3  3.7  0.8
  2.7  1.1  4.5 17.9  0.5  2.4206.6110.4 40.9 90.6 73.8 14.2  6.9  0.5  2.4
  1.1  5.6 31.8  9.6 10.2 49.2  9.6  2.4  0.3  1.1  0.3  1.1 10.2  5.1  0.5
  1.6  8.3  2.7  2.1  2.9  7.2 33.1  7.2  1.6  4.0 78.3 86.6  1.1135.8  9.1
  4.5  0.3  0.0  0.0  0.0  0.0  0.0  0.0  0.0  0.0  0.0  0.0  0.0  0.0  0.0
  0.0  0.0  0.0  1.1  0.5  1.1  1.9  0.5  0.0  0.0  0.0  0.0  0.0  0.3  0.3
  0.8  0.8  1.9  0.8  0.3  0.3  0.0  0.5  0.0  0.0  0.3  0.3  1.3  1.6  0.0
  4.5  0.5  0.3  5.3  4.5  1.1  5.6  3.5  0.0  0.0  0.0  0.0  0.0  0.0  0.0
  0.8  0.5  0.0  0.0  0.0  0.0  0.0 18.2  4.5  4.0 14.7 16.6  1.9  9.1 11.5
  1.9  6.1  1.3  0.8  0.5  0.5  0.0 29.9 11.8 18.2  1.9  4.3 10.2  7.2  0.0
     -2.66      4.54     -0.78     -4.91      4.42  0.5  0.0  0.0  0.3  0.0
                                         4000_story_0730.txt 31.0  4.0 3771
 22.0  4.5  9.8 58.6 24.1  0.8  2.7  6.1 98.4 10.3  2.4  0.3  0.5  4.5  0.3
  1.1  1.3  8.0 29.2  1.6  3.7175.8 98.9 28.6 81.1 21.5 11.7  6.6  0.3  2.7
  0.0  3.4 22.0  8.2  8.2 44.0 14.9  5.3  0.8  4.5  0.8  2.1  6.4  5.6  0.5
  0.8  5.0  3.4  3.2  5.8 14.1 42.4  6.9  2.9  2.9 58.6144.0  2.7160.2  8.2
  3.2  0.8  0.0  0.0  0.0  0.0  0.0  0.0  0.0  0.0  0.0  0.0  0.0  0.0  0.0
  0.0  0.0  0.0  1.1  2.9  3.4  1.9  0.5  0.5  0.3  0.0  0.0  0.0  0.3  0.0
  0.3  2.7  2.1  1.9  0.3  1.6  0.0  0.8  0.0  1.9  0.3  0.0  3.2  1.9  0.0
  9.3  1.3  0.3 10.9  6.9  2.7 11.4  5.3  0.0  0.0  0.0  0.0  0.0  0.0  0.0
  1.9  0.5  0.3  0.0  0.0  0.0  0.0  9.5  4.8  2.9 13.3 16.4  1.9  4.8  6.9
  5.0  1.6  1.1  0.8  0.8  1.1  0.0 32.6 11.9 28.6  3.4  3.4  8.0  8.0  0.0
     12.72      1.37     -2.01     -1.81      1.86  1.6  0.3  0.0  0.0  0.0
                                         4000_story_0731.txt 34.0  4.2 5297
 11.9  2.8  2.5 30.6  4.7  0.0  1.9  2.8 45.9  8.9  0.6  0.2  0.4  5.9  2.3
  4.0  0.4  2.3 28.1  0.4  1.7193.5127.8 48.5 78.5 43.2 11.9  7.4  0.4  1.7
  0.6  5.5 28.5  8.5  9.6 48.0 12.5  2.5  1.3  1.5  1.7  4.3  7.7  4.7  0.9
  3.0  8.5  2.8  1.3  3.4  6.4 43.8  8.7  0.8  2.6 78.3 93.8  2.1134.0  9.8
  3.0  0.6  0.0  0.0  0.0  0.0  0.0  0.0  0.0  0.0  0.0  0.0  0.0  0.0  0.0
  0.0  0.0  0.0  2.3  0.8  2.1  1.9  0.9  0.2  0.0  0.0  0.2  0.6  0.2  0.4
  0.8  0.4  1.1  2.1  0.0  0.4  0.2  0.4  0.0  0.9  0.0  0.9  4.5  1.5  0.0
  7.0  1.1  0.9  9.1  4.7  0.9  6.6  7.0  0.0  0.0  0.0  0.0  0.0  0.0  0.0
  0.2  0.4  0.0  0.0  0.0  0.0  0.4 10.6  2.6  3.2 14.2 18.1  1.7  9.8  8.9
  0.8  2.6  4.0  1.7  1.5  1.5  0.6 30.4 13.4 17.9  0.9  7.2  8.7  3.8  0.0
     -0.36      2.43     -1.42     -2.36      3.63  0.9  0.0  0.0  0.0  0.2
                                         4000_story_0733.txt 34.8  4.4 3270
  5.2  0.6  1.2 37.3  3.7  0.9  1.2  2.8 12.5  5.5  0.0  0.0  0.9  3.7  0.6
  1.5  1.2  1.5 18.3  0.0  2.8277.7120.5 58.7 59.3 43.4  9.5  4.3  0.9  2.4
  0.0  2.4 34.6  7.0 11.0 33.6 10.1  1.8  0.0  0.6  1.2  5.8  4.3 17.4  1.5
  1.2  3.4  3.1  1.8  3.4  4.6 24.8 20.2  1.2  3.4 74.9 59.6  3.4111.3  3.4
  0.6  0.0  0.0  0.0  0.0  0.0  0.0  0.0  0.0  0.0  0.0  0.0  0.0  0.0  0.0
  0.0  0.0  0.0  1.8  0.6  2.1  0.3  0.3  0.0  0.0  0.0  0.0  0.0  0.0  0.6
  0.3  0.6  0.3  0.3  0.0  0.9  0.0  0.0  0.3  0.3  0.3  0.3  1.2  0.0  0.0
  4.9  0.3  0.0  5.2  2.1  1.2  3.7  1.8  0.0  0.0  0.0  0.0  0.0  0.0  0.0
  0.6  1.2  0.6  0.0  0.0  0.3  0.3  7.0  6.7  0.3  5.8 16.2  4.3  8.3  8.0
  0.9  3.7  9.8  0.6  0.3  1.2  0.0 30.0 10.1  5.8  1.5  0.9  2.4  1.8  0.0
    -10.19      0.77     -1.12     -2.98      3.26  0.0  0.3  0.0  0.0  0.0
                                         4000_story_0735.txt 32.5  4.3 2716
 11.0  1.5  1.1 33.5  4.8  0.7  2.2  3.3 12.9  7.0  1.1  0.4  0.7  2.2  0.4
  0.7  1.5  2.2 19.9  0.0  2.6254.1113.4 50.4 75.5 60.0  8.8  5.2  1.1  1.5
  0.4  1.1 27.2  6.3  8.1 33.5 21.4  3.7  1.8  1.8  2.2  3.3  3.7 14.4  1.5
  1.8  3.3  4.1  1.1  5.2  8.1 26.5 17.7  1.5  2.9 79.9 77.7  2.6135.5  7.0
  1.5  1.5  0.0  0.0  0.0  0.0  0.0  0.0  0.0  0.0  0.0  0.0  0.0  0.0  0.0
  0.0  0.0  0.0  2.9  1.1  1.1  1.5  1.1  0.7  0.0  0.0  0.0  0.0  0.0  0.4
  1.8  1.5  1.1  0.4  0.0  2.9  0.0  0.0  0.7  1.1  0.0  0.0  1.8  1.1  0.0
  6.6  1.8  0.0  8.5  5.2  3.7  9.9  2.9  0.0  0.0  0.0  0.0  0.0  0.0  0.0
  0.4  1.5  1.5  0.0  0.0  0.0  0.7 13.3  5.2  1.8 10.7 13.3  1.5  8.8  7.7
  4.8  2.2  5.2  0.0  1.1  0.7  0.0 28.7 14.0 14.0  1.8  2.6  4.8  2.6  0.0
     -7.48      2.08     -1.08     -1.92      2.58  1.1  0.0  0.0  0.0  0.4
                                         4000_story_0736.txt 30.3  4.0 2320
 17.7  6.5  0.9 57.3 25.4  1.7  5.6  4.3 31.5 17.7  3.9  3.4  0.9  6.0  0.0
  5.6  1.7  8.2 29.3  3.4  1.3162.1101.7 19.8 71.6 92.7 15.5  6.9  3.0  3.0
  2.2  4.3 19.0  6.9  6.0 31.5 18.1  9.5  4.3  4.7  2.6  1.7  6.9  3.9  1.3
  1.7 12.5  6.5  2.6  4.7 20.3 54.3  6.9  5.2  8.2 44.4149.6  3.4153.4  9.1
  3.4  0.9  0.0  0.0  0.0  0.0  0.0  0.0  0.0  0.0  0.0  0.0  0.0  0.0  0.0
  0.0  0.0  0.0  6.5  3.0  5.2  1.7  2.2  0.9  0.9  0.0  0.0  0.9  0.0  0.4
  0.9  2.6  1.7  0.4  0.4  2.2  0.9  0.9  0.0  2.6  0.4  0.0  4.3  0.9  0.0
 16.4  3.9  0.9 21.1  6.0  4.3 12.9  5.6  0.0  0.0  0.0  0.0  0.0  0.0  0.0
  0.0  0.0  0.0  0.0  0.0  0.0  0.0 25.0  2.2  2.6 10.3  6.0  1.3  7.8  3.0
  2.2  1.7  1.7  0.0  2.6  0.9  0.0 35.3 15.1 27.2  1.7  6.5  4.7  4.3  0.0
     18.08      5.01      3.60      1.12      2.82  1.3  0.0  0.4  0.0  0.0
                                         4000_story_0737.txt 34.0  4.2 2565
 14.8  3.5 21.8 49.9  9.4  0.0  3.9  2.3 23.8 13.3  1.6  0.8  2.3  9.7  0.8
  1.6  0.0  6.6 23.0  1.2  1.9235.9 99.4 38.2 75.2 58.5 12.1 11.3  0.4  1.9
  0.4  5.1 12.9  4.7 14.8 41.3 14.0  7.4  0.4  0.8  0.8  2.3  7.8  7.0  0.0
  1.6  3.5  1.6  2.3  1.2 14.8 33.1  8.6  1.2  2.7 60.4 91.6  3.5152.0 12.1
  1.6  0.4  0.0  0.0  0.0  0.0  0.0  0.0  0.0  0.0  0.0  0.0  0.0  0.0  0.0
  0.0  0.0  0.0  1.9  0.8  1.6  0.4  0.0  0.0  0.0  0.0  0.0  0.0  0.0  0.0
  0.8  1.9  1.2  0.0  0.0  0.8  0.0  0.0  0.0  0.0  0.0  0.4  1.6  0.8  0.0
  4.7  0.0  0.0  4.7  3.9  0.8  4.7  2.7  0.0  0.0  0.0  0.0  0.0  0.0  0.0
  0.4  1.9  0.0  0.0  0.0  0.0  0.4  2.7  0.8  2.7  7.8 17.2  3.9  8.6  3.9
  1.6  2.7  3.1  1.9  2.3  1.2  0.4 33.5 15.6 16.8  2.7  3.5  7.4  2.7  0.0
      4.16      3.76     -2.74     -3.05      2.81  0.4  0.0  0.0  0.0  0.0
                                         4000_story_0738.txt 35.8  4.3 3665
 10.4  1.9 15.8 57.0 15.6  0.8  4.1  2.2 21.3 11.2  1.9  0.0  2.5  4.4  1.1
  1.1  3.3  5.7  9.5  0.8  4.4253.5 82.4 41.5 76.4 70.7  4.4  7.9  0.0  1.1
  0.3  3.5 24.6  6.8 10.1 36.0  6.8 10.6  1.1  3.8  2.2  0.0  6.5  2.7  0.0
  0.5  4.6  1.1  1.4  6.8 18.6 21.6  3.3  4.1  1.4 75.9107.5  1.6149.2 10.4
  0.3  0.0  0.0  0.0  0.0  0.0  0.0  0.0  0.0  0.0  0.0  0.0  0.0  0.0  0.0
  0.0  0.0  0.0  0.5  0.3  1.6  0.5  0.0  0.0  0.0  0.0  0.0  0.3  0.0  0.0
  0.3  1.6  0.5  0.0  0.0  0.0  0.0  0.0  0.0  0.5  0.0  0.0  0.5  1.6  0.0
  3.0  0.0  0.3  3.3  2.5  0.0  3.0  2.2  0.0  0.0  0.0  0.0  0.0  0.0  0.0
  2.5  0.0  0.5  0.0  0.0  0.0  0.3  2.5  3.5  2.2  9.3 21.0  1.4  9.3  4.6
  0.0  3.3  0.8  1.6  0.5  0.5  0.0 27.8 11.5 17.7  0.0  6.5  4.9  2.2  0.0
      3.32      2.23     -2.18     -0.94      1.06  0.3  0.0  0.0  0.0  0.0
                                         4000_story_0743.txt 33.5  4.1 2536
 26.4  2.0  3.5115.5 71.0  0.4  4.3  3.2 21.7 31.2  5.5  0.4  0.4  5.1  0.8
  0.8  2.0  6.3 16.2  0.8  3.5171.9 93.8 15.0 28.8 12.2 15.8  1.2  1.2  0.8
  0.8  1.6 18.5 13.0  5.9 35.1 14.6  9.5  0.0  1.6  5.1  6.3  7.1  5.5  0.4
  0.4  7.9  3.5  2.8  6.7 20.9 27.6  6.3  2.8  2.8 46.5104.9  1.6159.7 14.2
  3.9  0.4  0.0  0.0  0.0  0.0  0.0  0.0  0.0  0.0  0.0  0.0  0.0  0.0  0.0
  0.0  0.0  0.0  0.8  0.8  3.2  1.6  0.4  0.0  0.0  0.0  0.0  0.8  0.0  0.0
  1.6  1.6  0.8  0.4  0.0  1.2  1.2  0.0  0.4  1.2  0.0  0.0  1.6  0.4  0.0
  6.3  0.4  0.8  7.5  4.3  2.8  8.3  2.0  0.0  0.0  0.0  0.0  0.0  0.0  0.0
  0.0  0.8  0.8  0.0  0.0  0.0  0.0  4.7  6.7  5.9  9.9 24.4  5.5 12.6  5.9
  0.4  0.4  1.6  0.0  0.0  0.4  0.0 35.1  6.7 33.9  1.6  3.5 11.8  4.7  0.0
     15.54     -0.99     -2.80      1.33      2.08  0.8  0.0  0.4  0.0  0.0
                                         4000_story_0744.txt 31.0  4.2 5478
 11.9  2.0  3.1 39.1  6.4  0.4  3.8  2.0  8.0 11.1  2.4  0.5  1.6  5.7  1.1
  1.1  0.9  5.7 27.2  1.5  1.8211.6102.4 34.5 85.4 85.6 15.0  5.1  0.5  1.8
  0.7  3.1 21.2  9.3 10.6 40.3  6.4  8.4  1.3  1.8  1.8  2.2  7.1  3.5  0.2
  1.5  7.7  2.6  1.1  6.9 15.9 40.3  5.1  2.4  3.1 67.5100.0  1.3137.1  5.8
  3.5  0.5  0.0  0.0  0.0  0.0  0.0  0.0  0.0  0.0  0.0  0.0  0.0  0.0  0.0
  0.0  0.0  0.0  0.9  1.8  1.6  0.7  0.4  0.2  0.2  0.0  0.4  0.0  0.0  0.2
  0.0  0.9  0.2  0.5  0.2  0.4  0.0  0.0  0.0  0.2  0.0  0.4  2.9  1.1  0.0
  5.1  0.7  0.4  6.2  1.8  0.5  2.6  4.4  0.0  0.0  0.0  0.0  0.0  0.0  0.0
  0.2  0.7  0.0  0.0  0.2  0.0  0.2  5.1  1.6  1.3  8.9 13.9  2.4  3.5  4.4
  0.9  1.3  0.9  1.6  0.7  0.4  0.2 30.1  9.1 18.1  1.5  5.1  7.1  3.3  0.0
      1.91      4.71     -2.57     -1.62      1.96  0.9  0.2  0.0  0.0  0.0
                                         4000_story_0748.txt 32.3  4.1 2989
 13.4  4.0 14.1 63.6 83.6  3.0  4.7  3.3 49.2 17.1  2.3  0.7  1.0  7.7  0.7
  3.0  2.0  4.7 27.1  2.3  3.0166.6 89.0 27.1 74.3 11.0  6.0 14.4  0.7  1.0
  1.0  2.3 20.4 12.0  3.0 46.5 19.1 13.0  1.3  2.3  1.7  2.7  9.4  4.3  1.3
  0.7  7.4  5.0  2.3  6.0 19.4 39.8  6.4  4.3  2.7 58.5143.9  2.3161.3 15.7
  1.7  0.7  0.0  0.0  0.0  0.0  0.0  0.0  0.0  0.0  0.0  0.0  0.0  0.0  0.0
  0.0  0.0  0.0  5.7  2.3  3.0  0.0  0.0  0.7  0.0  0.0  0.0  0.3  0.0  0.7
  1.0  1.7  2.0  1.0  0.0  0.0  0.0  0.0  0.0  1.3  0.0  0.7  4.3  0.3  0.0
 11.0  0.7  0.3 12.0  6.4  0.0  7.7  5.4  0.0  0.0  0.0  0.0  0.0  0.0  0.0
  1.0  0.3  0.0  0.0  0.0  0.0  0.3  4.0  2.3  4.3  5.7 19.4  2.0  7.4  6.0
  0.3  2.7  1.0  0.3  1.7  1.7  0.3 31.1 23.8 20.7  1.0  5.4  7.0  9.4  0.0
     19.59      1.03     -1.90     -0.14      4.13  0.7  0.0  0.0  0.0  0.0
                                         4000_story_0750.txt 32.3  4.3 5571
 13.8  3.2  4.3 38.6  5.0  0.5  2.2  3.2 39.8 14.4  1.1  0.2  0.4  4.5  0.9
  3.6  0.0  6.1 28.9  0.5  1.6210.6108.6 43.6 70.2 59.2 13.8  3.1  3.1  3.8
  1.3  4.1 29.8  5.4  6.3 40.0 12.7  5.2  0.5  2.9  2.3  2.5  4.1  5.4  1.3
  1.4  6.3  6.5  4.5  5.2 13.6 42.4  8.1  0.5  8.1 74.1104.1  3.4124.2  5.7
  2.9  0.4  0.0  0.0  0.0  0.0  0.0  0.0  0.0  0.0  0.0  0.0  0.0  0.0  0.0
  0.0  0.0  0.0  1.8  0.9  3.2  1.4  0.7  0.2  0.2  0.0  0.2  0.2  0.0  0.0
  0.7  2.0  1.1  0.2  0.2  0.9  0.5  0.0  0.0  0.7  0.4  0.2  5.6  1.1  0.0
  7.4  1.1  0.4  8.8  3.9  1.6  6.3  7.2  0.0  0.0  0.0  0.0  0.0  0.0  0.0
  0.5  0.7  0.5  0.0  0.0  0.0  0.2 20.3  2.9  3.2 11.7 10.8  2.0  7.2  3.8
  5.2  2.0  3.1  0.5  1.1  2.0  0.5 25.3  9.0 18.8  1.1  2.7  8.1  3.1  0.0
      0.49      2.44      3.73     -1.77      1.20  0.5  0.4  0.0  0.0  0.0
                                         4000_story_0751.txt 28.8  4.0 3313
 18.1  6.9 20.2 58.6 14.8  0.9  4.5  1.5 61.9 12.7  1.8  0.6  1.5  2.4  0.3
  1.2  1.5  4.8 19.6  3.0  1.8214.9 87.2 37.4 82.1 49.2  9.7 15.7  0.9  0.3
  1.2  2.1 17.2  3.9 11.8 37.7 11.2  6.0  1.5  2.4  2.4  1.2  4.5  3.9  0.0
  0.6  9.1  3.3  1.8  4.2 13.3 33.8  4.5  4.5  2.4 67.9125.9  3.3151.2  8.5
  4.5  0.9  0.0  0.0  0.0  0.0  0.0  0.0  0.0  0.0  0.0  0.0  0.0  0.0  0.0
  0.0  0.0  0.0  3.9  1.2  2.7  3.9  0.3  0.6  0.0  0.3  0.0  0.0  0.0  0.3
  0.0  2.1  0.6  1.8  0.0  0.3  0.0  0.0  0.0  0.3  0.0  0.0  1.8  0.6  0.0
 11.8  0.9  0.3 13.0  4.8  0.3  5.4  2.4  0.0  0.0  0.0  0.0  0.0  0.0  0.0
  0.0  0.9  0.0  0.3  0.0  0.0  0.0 17.5  2.7  3.3 10.6  9.7  2.1  6.0  6.3
  3.6  3.9  1.2  1.5  1.5  0.6  1.2 28.1 22.6 23.8  1.8  1.8 12.4  2.4  0.0
      7.49      3.92     -1.99     -1.95     -0.01  0.6  0.0  0.0  0.0  0.0
                                         4000_story_0752.txt 32.8  4.1 3793
 18.7  6.1 19.2 60.9 14.5  1.8  2.1  4.5 23.7 17.9  1.8  0.0  1.3  5.3  0.0
  1.1  2.4  7.4 21.1  1.6  2.4233.3 91.2 37.7 74.6 62.7 13.7  8.2  1.1  2.1
  0.5  2.1 22.7  4.7  7.6 36.1 11.3  7.4  2.6  4.5  1.6  1.8  4.0  5.3  0.5
  2.4  5.0  3.4  1.8  4.2 16.3 32.7  8.2  4.0  3.7 70.9101.0  4.2147.4  6.3
  3.2  0.3  0.0  0.0  0.0  0.0  0.0  0.0  0.0  0.0  0.0  0.0  0.0  0.0  0.0
  0.0  0.0  0.0  2.4  1.3  4.5  2.6  0.3  0.0  0.0  0.0  0.0  0.0  0.8  0.3
  1.1  2.4  0.8  0.3  0.0  0.8  0.3  0.3  0.0  0.5  0.0  0.0  2.6  0.5  0.0
 10.8  0.3  0.8 11.9  4.7  1.3  6.6  3.2  0.0  0.0  0.0  0.0  0.0  0.0  0.0
  1.3  1.1  0.3  0.0  0.0  0.0  0.0  9.8  3.2  2.6  7.9 10.8  2.1  8.4  4.0
  4.0  1.6  4.0  0.8  2.6  2.1  0.5 29.3 17.9 25.3  0.5  1.8  9.2  3.2  0.0
      8.18      3.67     -0.17     -0.47      0.82  0.3  0.0  0.0  0.0  0.0
                                         4000_story_0753.txt 30.3  3.9 5563
 14.4  5.0 26.1 67.1 18.7  2.2  4.5  4.1 63.3 14.2  2.0  1.4  0.7  5.4  1.1
  1.3  0.5  5.9 21.2  1.1  2.3229.2 79.5 25.2 86.8 39.5 10.4 21.4  0.0  0.5
  0.9  2.2 11.3  5.9 12.4 34.2 11.0  9.5  3.1  1.3  2.7  0.7  4.5  5.0  0.9
  1.3  3.1  3.2  1.6  2.3 18.2 29.1  7.2  1.6  1.4 54.6121.5  2.0169.3  4.5
  1.8  0.2  0.0  0.0  0.0  0.0  0.0  0.0  0.0  0.0  0.0  0.0  0.0  0.0  0.0
  0.0  0.0  0.0  2.9  0.4  4.5  2.0  0.2  0.2  0.0  0.0  0.0  0.2  0.0  0.2
  0.2  2.0  0.7  0.9  0.0  0.9  0.2  0.0  0.0  0.0  0.2  0.2  2.3  1.1  0.0
  9.7  0.4  0.2 10.2  4.0  1.1  5.0  3.8  0.0  0.0  0.0  0.0  0.0  0.0  0.0
  0.0  0.9  0.7  0.0  0.0  0.0  0.2 11.0  1.8  1.3  8.4 18.5  0.7  5.4  4.1
  3.6  2.7  3.2  1.4  1.3  0.0  0.2 32.2 27.9 21.8  1.3  0.5  8.6  4.9  0.0
      9.29      4.85     -3.64     -1.21      1.04  0.5  0.2  0.0  0.0  0.0
                                         4000_story_0754.txt 23.8  3.5 4477
  9.4  0.7 84.2 94.3  9.2  2.5  0.0  2.5  9.6  3.1  1.3  0.0  0.0  1.6  0.0
  0.0  0.0  2.2 34.4  0.0  2.5433.5 46.0 43.6 17.2 64.6  3.1 14.1  0.4  0.9
  0.0  0.0 10.1  0.4  4.9 24.8  5.1  0.9  0.4  0.7  0.4  0.0  0.9  2.7  0.4
  1.1  0.7  0.0  0.0  0.7  3.6 35.7  4.2  0.0  1.3 75.5 83.3  0.4119.5  0.0
  0.0  0.0  0.0  0.0  0.0  0.0  0.0  0.0  0.0  0.0  0.0  0.0  0.0  0.0  0.0
  0.0  0.0  0.0  0.0  0.0  0.7  0.0  0.0  0.4  0.0  0.0  0.0  0.0  0.0  0.0
  0.0  1.1  0.4  0.2  0.0  0.7  0.0  0.2  0.4  0.0  0.0  0.0  0.4  0.0  0.0
  0.7  0.4  0.0  1.1  1.8  1.3  3.1  0.4  0.0  0.0  0.0  0.0  0.0  0.0  0.0
  0.2  0.7  0.0  0.0  0.0  0.0  0.4  9.2  0.7  0.2  6.9 19.2  0.2  4.0  3.6
  5.1  3.6  0.7 16.1  3.6  1.6  0.0 20.5 18.5 12.1  1.3  0.9  5.8  1.1  0.0
     -2.97      0.91     -0.60     -5.73     -1.96  0.0  0.0  0.0  0.0  0.0
                                         4000_story_0755.txt 33.0  4.1 3541
 10.7  2.5  8.2 92.1  8.8  2.0  3.4  3.7 60.2 13.3  1.7  1.4  0.3  6.2  0.0
  2.5  0.6 10.2 20.6  0.8  1.7249.4101.4 35.6 15.0 18.9  9.6  4.0  0.3  2.0
  0.3  1.7 41.2  6.2  7.1 22.3 15.0  9.0  0.6  4.2  3.1  1.1  2.0  4.0  0.0
  0.6  6.2  5.1  1.7  3.1 22.3 34.2  4.5  1.4  2.5 57.9 87.8  5.6126.0  7.1
  2.3  0.6  0.0  0.0  0.0  0.0  0.0  0.0  0.0  0.0  0.0  0.0  0.0  0.0  0.0
  0.0  0.0  0.0  1.4  0.8  2.3  0.8  0.0  0.3  0.3  0.3  0.0  0.0  0.3  0.6
  0.3  1.7  0.8  0.3  0.3  0.3  0.0  0.0  0.3  0.8  0.0  0.0  2.3  0.6  0.0
  5.4  0.6  0.6  6.5  3.7  0.8  5.4  2.8  0.0  0.0  0.0  0.0  0.0  0.0  0.0
  0.6  0.3  0.0  0.0  0.0  0.0  0.0 11.3  3.1  2.3 15.8  7.9  3.4 10.4  3.1
  4.2  2.3  1.4  0.0  2.3  1.7  0.6 29.1 10.7 11.6  0.6  0.6  3.4  5.4  0.0
      4.73     -1.82      0.76     -0.41     -1.61  0.8  0.0  0.6  0.0  0.3
                                         4000_story_0757.txt 33.0  4.3 3459
 15.0  3.5 16.8 62.4 10.4  2.3  1.4  1.4 15.3  9.3  5.2  0.3  0.3  2.0  0.3
  0.3  0.9  4.0 13.6  0.6  0.9285.1 94.8 28.6 73.7 55.8  9.8 12.1  0.3  0.9
  0.3  3.2 42.5  5.5  6.9 33.5 10.7  7.2  0.3  1.4  1.7  1.4  3.2  8.1  0.0
  2.3  4.0  2.6  1.2  2.9 13.0 22.5 10.4  1.4  1.4 51.2 81.5  3.2150.6  5.2
  1.7  0.0  0.0  0.0  0.0  0.0  0.0  0.0  0.0  0.0  0.0  0.0  0.0  0.0  0.0
  0.0  0.0  0.0  1.4  0.6  3.2  0.6  0.0  0.0  0.0  0.0  0.0  0.3  0.0  0.3
  0.3  1.7  0.3  0.3  0.3  1.4  0.0  0.0  0.0  0.9  0.0  0.0  0.9  0.3  0.0
  5.8  0.0  0.3  6.1  2.9  1.7  5.5  1.2  0.0  0.0  0.0  0.0  0.0  0.0  0.0
  0.0  0.6  0.3  0.0  0.3  0.0  0.0  9.3  3.2  1.4 11.9 18.5  9.8  7.2  6.9
  3.8  0.6  0.0  0.3  0.6  0.9  0.6 35.3 20.5 15.3  2.0  1.4  3.5  4.9  0.0
     -5.30      3.32      0.45     -2.73      0.33  0.9  0.3  0.0  0.0  0.0
                                         4000_story_0758.txt 31.5  4.1 3133
 15.6  5.1  7.7 68.0 10.9  1.9  2.9  3.5 65.1 10.9  1.3  1.0  0.3  4.8  0.3
  1.0  0.3  7.3 16.6  1.0  0.6211.3 92.9 34.5 71.5 32.9 12.8 15.0  0.0  2.9
  0.0  4.1 42.1  4.1  6.7 31.9 18.8 10.9  0.6  2.6  1.9  3.5  6.7  5.7  0.3
  0.6  4.5  5.7  1.0  5.4 20.1 28.7  6.7  1.3  2.9 59.0108.8  3.5157.0 10.5
  2.9  0.0  0.0  0.0  0.0  0.0  0.0  0.0  0.0  0.0  0.0  0.0  0.0  0.0  0.0
  0.0  0.0  0.0  4.8  1.0  6.1  1.9  0.6  0.0  0.0  0.0  0.0  0.0  0.0  1.6
  0.0  5.1  1.0  1.0  0.0  0.6  1.0  0.0  0.0  0.6  0.0  0.0  3.5  0.0  0.0
 13.7  0.6  0.0 14.4  8.6  1.6 10.9  3.5  0.0  0.0  0.0  0.0  0.0  0.0  0.0
  0.0  1.0  0.0  0.0  0.0  0.0  0.3  8.6  4.5  2.6  8.9 17.9  5.1  6.7  5.1
  1.0  2.6  4.8  0.0  0.6  0.6  0.0 30.6 21.4 26.2  1.3  3.2  6.4  5.1  0.0
      2.60      3.32      1.90     -0.34      1.88  0.6  0.0  0.3  0.0  0.0
                                         4000_story_0759.txt 34.8  4.0 4684
 15.6  6.8 27.5 73.7 22.4  2.8  4.9  3.4 28.8 15.8  2.6  1.5  0.4  6.6  1.7
  1.3  1.3  5.3 22.6  1.1  2.1231.4 90.9 19.0 80.9 62.6  7.3 16.0  0.0  0.0
  0.6  1.5 13.9  4.7 11.3 34.2 14.1  7.5  2.6  5.6  1.5  0.2  7.5  5.8  0.4
  1.5  4.3  4.1  1.7  4.3 14.3 35.4  7.7  2.3  0.6 45.3113.8  2.3168.0  4.9
  1.9  0.4  0.0  0.0  0.0  0.0  0.0  0.0  0.0  0.0  0.0  0.0  0.0  0.0  0.0
  0.0  0.0  0.0  3.2  0.6  3.4  3.4  0.2  0.4  0.0  0.0  0.0  0.2  0.0  0.6
  0.0  1.1  3.6  0.4  0.0  0.4  0.2  0.2  0.0  0.4  0.0  0.0  2.1  0.4  0.0
 10.7  0.6  0.2 11.5  5.8  0.9  7.0  2.6  0.0  0.0  0.0  0.0  0.0  0.0  0.0
  0.4  0.4  0.2  0.0  0.0  0.0  0.0  1.9  2.8  1.5  8.5 13.2  2.3  4.1  4.1
  1.3  1.3  0.6  1.7  0.4  0.6  0.0 35.4 20.7 20.7  1.7  4.1  7.3  3.8  0.0
     11.32      4.08     -3.54     -0.68      2.73  1.1  0.0  0.2  0.0  0.0
                                         4000_story_0760.txt 31.5  3.7 5522
  9.8  2.5 46.0 67.2  8.3  4.3  2.7  2.4 13.0  2.9  1.3  0.0  0.5  2.7  0.9
  0.9  1.1  2.5 30.2  0.4  3.1330.5 63.0 23.9 58.7 66.8 10.5 18.7  0.0  0.4
  0.4  3.3 11.0  2.2  8.0 32.1 13.9  2.5  2.9  1.6  1.1  0.2  2.7  2.7  0.2
  2.9  2.7  1.6  0.2  1.6  6.2 37.8  5.8  1.4  0.7 53.4 88.2  0.5150.9  2.4
  1.3  0.0  0.0  0.0  0.0  0.0  0.0  0.0  0.0  0.0  0.0  0.0  0.0  0.0  0.0
  0.0  0.0  0.0  2.4  0.2  0.7  0.9  0.0  0.0  0.0  0.0  0.0  0.2  0.2  0.5
  0.2  0.4  2.2  0.0  0.0  0.2  0.0  0.0  0.0  0.2  0.0  0.2  0.5  0.4  0.0
  4.2  0.0  0.4  4.5  3.3  0.2  3.6  1.1  0.0  0.0  0.0  0.0  0.0  0.0  0.0
  1.1  0.2  0.0  0.0  0.0  0.0  0.4  9.1  1.1  1.6 10.7 16.5  1.3  5.1  1.3
  2.2  0.7  2.0  1.6  1.3  0.7  0.0 33.0 25.5 12.5  1.8  2.0  9.1  3.3  0.0
      1.85      4.65     -1.33     -3.74     -0.44  0.0  0.0  0.0  0.0  0.0
                                         4000_story_0761.txt 29.8  3.9 3339
 12.6  3.6 39.2 89.8 28.5  2.1  6.3  3.9 39.8 18.0  2.4  0.6  0.9  6.6  4.5
  1.5  1.5  6.6 14.4  0.6  3.0236.6 77.6 27.9 63.8 41.9  6.6 22.5  0.6  0.3
  0.3  2.1 12.0  8.1  9.0 35.3 10.2 12.9  6.0  7.8  3.9  1.2  4.8  3.0  0.9
  2.4  5.4  2.1  2.1  3.6 23.4 30.2  6.3  2.1  1.2 53.3110.2  2.4169.8  6.3
  2.1  0.3  0.0  0.0  0.0  0.0  0.0  0.0  0.0  0.0  0.0  0.0  0.0  0.0  0.0
  0.0  0.0  0.0  1.2  1.8  1.2  1.5  0.6  0.0  0.0  0.0  0.0  0.0  0.0  0.0
  0.3  1.5  2.7  0.3  0.3  0.0  0.3  0.0  0.6  0.6  0.3  0.0  1.2  3.6  0.0
  5.7  0.6  0.0  6.3  4.8  1.2  6.6  5.1  0.0  0.0  0.0  0.0  0.0  0.0  0.0
  0.9  0.3  1.2  0.0  0.0  0.0  0.0  8.7  4.2  1.8  9.6 22.2  1.5  8.7  3.0
  3.3  0.6 12.3  0.6  1.2  0.0  0.3 37.4 29.9 18.6  2.7  1.8  4.8  4.2  0.0
     13.58      3.66     -3.60      4.27      1.29  0.0  0.3  0.0  0.0  0.0
                                         4000_story_0762.txt 30.3  3.9 4618
 14.5  3.9 31.6 94.8 18.0  4.5  5.0  3.9 41.4 16.9  2.4  0.2  0.9  2.4  0.0
  0.6  0.9  4.8 27.5  1.1  1.9233.7 65.6 15.2 66.5 54.8  8.7 18.6  0.9  0.6
  0.0  2.2 12.8  9.5  8.2 45.9 10.2  6.7  1.9  3.9  1.9  1.5  7.6  3.9  0.0
  1.1  3.7  2.4  0.9  5.4 13.4 37.5  5.0  1.9  1.5 51.8114.1  6.9169.6  4.3
  1.5  0.0  0.0  0.0  0.0  0.0  0.0  0.0  0.0  0.0  0.0  0.0  0.0  0.0  0.0
  0.0  0.0  0.0  2.4  0.2  2.6  1.7  0.6  0.0  0.0  0.0  0.0  0.0  0.6  0.4
  0.0  1.5  1.7  0.6  0.2  0.2  0.0  0.2  0.6  0.6  0.2  0.2  1.9  0.4  0.0
  6.9  0.6  0.6  8.2  4.3  1.3  6.3  2.8  0.0  0.0  0.0  0.0  0.0  0.0  0.0
  0.9  0.4  0.0  0.0  0.0  0.0  0.0  6.9  2.6  2.4  6.9  8.4  0.4  5.8  0.4
  4.8  0.9  0.4  0.9  1.3  1.1  0.0 38.1 24.5 20.6  1.7  1.3 12.6  5.8  0.0
      9.55      4.01     -4.25     -1.07      2.05  0.9  0.0  0.2  0.0  0.0
                                         4000_story_0764.txt 28.8  4.1 4401
 17.0  4.8 20.9 71.3 18.9  1.4  4.1  3.0 34.8 16.4  1.8  0.5  2.0  4.3  0.7
  0.9  1.1  6.4 19.1  0.9  2.5267.2 85.9 22.9 72.3 45.7  8.0 17.5  0.0  0.5
  0.2  0.9 21.6  4.5 13.4 32.7 11.8 10.9  1.8  3.4  1.8  0.7  3.6  5.9  0.5
  3.6  4.3  1.8  0.9  1.4 19.1 28.2 10.0  2.0  0.7 42.0 99.3  4.3165.4  8.4
  0.7  0.2  0.0  0.0  0.0  0.0  0.0  0.0  0.0  0.0  0.0  0.0  0.0  0.0  0.0
  0.0  0.0  0.0  1.4  0.5  3.4  2.3  0.2  0.0  0.5  0.0  0.0  0.0  0.0  0.7
  0.5  2.3  1.6  0.5  0.2  0.2  0.2  0.0  0.0  0.2  0.5  0.0  2.3  0.9  0.0
  7.5  0.7  0.0  8.2  5.5  0.7  6.4  3.6  0.0  0.0  0.0  0.0  0.0  0.0  0.0
  0.2  0.5  0.0  0.0  0.0  0.0  0.0  6.6  1.6  1.4  9.1 25.4  1.8  4.3  5.5
  7.0  1.4  3.6  0.7  0.5  0.5  0.0 37.5 22.9 23.4  2.0  3.0  7.0  2.5  0.0
      5.89      3.45     -3.86     -0.73      1.06  1.1  0.2  0.2  0.0  0.0
                                         4000_story_0766.txt 29.3  4.0 5309
 16.8  3.2 18.8 61.8 19.4  1.5  3.6  3.6 27.1 13.8  1.5  0.6  0.6  5.1  0.8
  0.9  0.6  6.8 14.7  0.8  1.1262.4 85.0 23.4 85.7 50.3 10.9 22.4  0.6  0.6
  1.5  2.1 15.6  7.7  7.3 33.2 13.2 14.7  3.0  4.5  3.4  1.3  5.7  7.0  0.4
  1.3  6.6  0.9  1.3  2.8 24.9 28.4  8.7  1.3  2.6 40.9 96.8  3.0162.9  7.5
  1.1  0.0  0.0  0.0  0.0  0.0  0.0  0.0  0.0  0.0  0.0  0.0  0.0  0.0  0.0
  0.0  0.0  0.0  1.9  1.1  1.1  1.5  0.4  0.0  0.0  0.0  0.0  0.4  0.2  0.6
  1.3  2.1  0.6  0.9  0.0  0.9  0.2  0.0  0.0  0.2  0.4  0.0  2.4  1.3  0.0
  5.7  0.4  0.6  6.6  5.5  1.1  6.8  4.1  0.0  0.0  0.0  0.0  0.0  0.0  0.0
  0.4  0.9  0.6  0.0  0.0  0.0  0.0 13.2  1.9  2.3 14.1 17.9  2.1  7.7  6.2
  4.5  1.3  1.9  0.2  0.2  1.3  0.2 32.4 36.0 23.0  1.1  2.1  5.8  2.1  0.0
      2.20      5.58     -1.44      2.06      1.68  1.1  0.2  0.0  0.0  0.0
                                         4000_story_0767.txt 30.0  4.6 4535
  5.5  0.9  1.8 36.6  9.0  0.7  3.1  1.5 12.1 11.2  0.9  0.4  1.3  3.7  0.9
  1.1  1.3  2.0 33.5  0.0  1.5250.5120.0 45.9 65.7 58.4 11.2  4.2  1.5  4.2
  0.9  1.5 36.8  6.8  3.3 39.5  7.3  3.3  0.9  2.0  1.8  2.9  6.4  7.9  1.1
  1.5  5.7  1.3  1.5  4.0  7.1 43.2 10.6  1.3  6.6 77.6 79.6  1.3114.9  5.5
  1.3  0.0  0.0  0.0  0.0  0.0  0.0  0.0  0.0  0.0  0.0  0.0  0.0  0.0  0.0
  0.0  0.0  0.0  1.5  0.4  0.0  0.7  0.0  0.0  0.0  0.0  0.2  0.0  0.0  0.4
  0.7  0.0  0.4  0.9  0.0  0.7  0.0  0.0  0.0  0.7  0.4  0.2  1.3  0.7  0.0
  2.6  0.0  0.2  2.9  2.4  0.7  3.7  2.6  0.0  0.0  0.0  0.0  0.0  0.0  0.0
  0.0  0.2  0.2  0.0  0.0  0.0  0.0  9.0  2.9  4.2  9.5 16.5  0.9  5.1  2.2
  1.1  2.0  0.9  1.5  1.3  1.1  0.4 20.5  7.9  9.3  1.3  3.1  5.3  1.8  0.0
     -4.30      1.97      2.74     -2.64      2.92  1.1  0.2  0.0  0.0  0.0
                                         4000_story_0768.txt 35.3  4.0 4334
 14.3  4.4  8.1 59.8 20.8  1.2  5.8  2.5 28.6 18.5  1.8  0.2  1.4  6.0  0.5
  1.8  1.6  5.1 17.5  1.6  1.8175.1 88.8 34.1 79.6 84.9 21.7  3.5  0.0  1.6
  0.5  3.7 23.3 12.0  9.9 50.5 12.2  8.5  0.5  2.8  1.8  3.5  5.8  6.7  0.7
  1.4  6.7  3.5  1.2  6.7 15.5 30.9  8.8  3.2  2.1 64.8134.3  4.2153.7  3.2
  5.5  0.0  0.0  0.0  0.0  0.0  0.0  0.0  0.0  0.0  0.0  0.0  0.0  0.0  0.0
  0.0  0.0  0.0  2.5  2.1  1.6  1.4  0.5  0.0  0.0  0.0  0.0  0.0  0.0  0.0
  0.0  0.9  1.4  0.7  0.0  0.5  0.0  0.0  0.2  0.9  0.0  0.0  3.7  0.2  0.0
  7.6  0.5  0.0  8.1  3.0  0.7  4.6  3.9  0.0  0.0  0.0  0.0  0.0  0.0  0.0
  0.2  0.7  0.0  0.0  0.0  0.0  0.0 12.7  1.8  2.5 11.3 12.0  2.1  6.5  6.2
  2.5  3.7  3.0  1.4  0.7  1.6  0.0 33.0  8.5 20.5  1.6  1.8 10.4  5.3  0.0
      7.98      5.48     -4.03     -0.90      1.97  0.2  0.0  0.0  0.0  0.0
                                         4000_story_0769.txt 33.3  4.4 3340
 12.9  3.9  1.8 27.2  1.5  0.0  1.8  3.6 43.1  7.5  1.2  0.9  0.0  3.6  0.9
  0.3  0.3  4.5 14.1  2.4  1.5235.3129.3 41.6 70.1 60.2 22.5  2.1  2.1  3.0
  1.5  3.9 31.7  5.4  8.4 40.4  7.8  2.1  1.5  0.6  0.6  4.5  5.4  6.0  0.3
  2.1 10.5  3.0  1.2  2.1  7.2 29.9  8.4  2.7  6.6 78.1104.8  2.4115.0  6.6
  3.3  0.9  0.0  0.0  0.0  0.0  0.0  0.0  0.0  0.0  0.0  0.0  0.0  0.0  0.0
  0.0  0.0  0.0  1.8  0.9  2.7  1.5  0.9  0.0  0.0  0.0  0.0  0.0  0.0  0.3
  0.6  1.2  0.3  0.6  0.0  0.6  0.3  0.0  0.3  0.6  0.0  0.0  2.7  0.6  0.0
  6.9  0.9  0.0  7.8  3.0  1.2  4.8  3.3  0.0  0.0  0.0  0.0  0.0  0.0  0.0
  0.0  1.2  0.0  0.0  0.0  0.0  0.0  5.4  3.3  0.6  7.5 14.7  2.1  9.0  6.9
  2.4  1.2  2.4  2.4  0.6  0.3  0.0 27.2  7.8 19.5  0.0  4.5  5.7  1.5  0.0
     -5.65      3.96      2.41     -3.27      1.56  0.6  0.3  0.0  0.0  0.0
                                         4000_story_0774.txt 32.5  4.2 4849
 14.2  4.7 22.7 59.6 14.2  1.4  4.1  3.7 23.9 10.3  0.4  0.8  0.8  6.2  0.2
  2.7  1.2  5.4 18.1  1.0  2.3213.0 98.2 30.7 82.7 85.8 13.2  5.8  0.8  3.5
  0.2  3.3 21.4  5.2  9.5 45.4 15.7 10.5  1.9  2.3  2.5  3.9  4.3  7.6  0.2
  2.3  8.5  3.1  1.9  2.9 18.4 33.0 10.1  2.3  4.5 64.5123.9  4.9161.1  9.1
  1.9  0.0  0.0  0.0  0.0  0.0  0.0  0.0  0.0  0.0  0.0  0.0  0.0  0.0  0.0
  0.0  0.0  0.0  2.9  1.2  2.7  3.1  0.6  0.0  0.0  0.0  0.0  0.2  0.0  0.6
  1.4  2.7  0.6  1.9  0.0  0.4  0.4  0.0  0.2  0.2  0.2  0.0  6.4  1.0  0.0
  9.9  0.6  0.2 10.7  7.2  1.0  8.5  7.6  0.0  0.0  0.0  0.0  0.0  0.0  0.0
  1.0  1.9  0.2  0.0  0.0  0.0  1.0  7.8  3.7  2.7 12.4 14.4  1.6  6.6  5.6
  2.5  2.1  3.3  0.8  2.1  0.0  0.6 43.9 11.1 24.3  1.2  2.3 10.9  3.7  0.0
      4.76      4.41     -0.73      0.27      1.13  1.2  0.4  0.0  0.0  0.0
                                         4000_story_0775.txt 33.8  4.2 3854
 14.8  5.4  8.3 48.8  4.7  1.0  3.4  2.6 33.7 13.0  1.3  0.5  0.8  6.7  1.8
  1.3  0.5  4.7 23.6  1.8  1.8219.0101.2 43.3 82.0 43.1 12.7  4.9  0.8  1.6
  0.5  2.9 12.7  4.2 20.2 53.2 12.2  3.1  1.8  1.8  2.9  3.1  4.7  3.6  0.3
  1.8  7.5  3.9  1.8  3.6 10.6 36.3  5.7  2.3  2.9 69.5 81.5  2.1149.5  6.0
  4.2  0.5  0.0  0.0  0.0  0.0  0.0  0.0  0.0  0.0  0.0  0.0  0.0  0.0  0.0
  0.0  0.0  0.0  4.2  1.3  2.1  2.1  0.0  0.5  0.0  0.0  0.3  0.0  0.0  0.5
  0.8  1.8  1.6  0.3  0.3  0.3  0.0  0.3  0.3  0.8  0.5  0.0  5.7  2.1  0.0
  9.6  0.5  0.3 10.4  4.9  1.0  6.7  8.3  0.0  0.0  0.0  0.0  0.0  0.0  0.0
  3.9  0.8  0.3  0.0  0.3  0.0  1.3  8.8  1.8  1.0  7.0 22.1  3.9  4.9 11.2
  2.9  6.5  3.1  2.9  0.5  0.5  0.0 39.4 10.6 18.7  0.3  4.7  7.0  4.4  0.0
      3.79      2.24     -5.54     -1.85      0.63  0.8  0.0  0.3  0.0  0.0
                                         4000_story_0776.txt 30.8  4.5 4808
 12.3  3.7  2.7 28.9  2.7  0.4  2.5  3.5  2.9 16.6  1.0  1.0  0.2  4.4  0.8
  1.7  0.4  3.5 13.7  0.2  2.5213.4117.3 37.2 76.7 86.9 17.7  2.7  2.3  4.4
  1.7  6.4 33.9  4.0  5.2 42.8 16.0  2.5  1.2  0.8  1.7  2.7  5.2  6.0  1.2
  2.3 10.4  4.6  2.3  5.4  7.7 32.4  9.6  0.6  8.3 76.1 92.6  2.7128.7  7.5
  2.5  0.0  0.0  0.0  0.0  0.0  0.0  0.0  0.0  0.0  0.0  0.0  0.0  0.0  0.0
  0.0  0.0  0.0  1.0  1.7  2.7  2.5  0.0  0.0  0.0  0.0  0.0  0.2  0.6  0.2
  0.2  1.7  0.2  2.1  0.2  1.5  0.0  0.0  0.4  0.4  0.0  0.4  3.7  0.4  0.0
  7.9  0.0  0.8  8.7  4.4  2.1  6.9  4.6  0.0  0.0  0.0  0.0  0.0  0.0  0.0
  1.0  0.8  0.0  0.0  0.0  0.0  0.6  9.2  4.8  3.7 13.7  9.4  1.2  8.9  5.0
  3.7  2.5  0.6  1.0  0.2  0.6  0.0 26.0  7.1 16.6  2.5  5.6  6.9  2.7  0.0
     -5.39      4.56      5.67     -3.36      2.24  1.9  0.0  0.2  0.2  0.0
                                         4000_story_0777.txt 31.8  4.3 4754
 13.5  2.9  2.7 20.6  1.3  0.2  2.3  3.8 45.6 14.1  0.0  0.8  0.0  6.1  2.1
  2.1  0.2  2.9 17.0  0.8  2.9221.1130.0 40.6 74.5 43.1 15.6  2.1  1.5  3.4
  1.5  5.0 22.3  2.9 10.9 45.6 14.9  1.1  0.2  1.1  1.3  1.7  5.3  7.6  0.8
  2.3  6.9  3.6  3.2  2.7  5.3 30.9 10.7  1.1  6.3 73.8 90.0  1.7121.6  8.2
  3.6  0.2  0.0  0.0  0.0  0.0  0.0  0.0  0.0  0.0  0.0  0.0  0.0  0.0  0.0
  0.0  0.0  0.0  1.3  1.3  2.9  2.7  0.2  0.0  0.0  0.0  0.0  0.0  0.2  0.2
  0.2  1.1  0.6  2.9  0.2  0.8  0.0  0.0  0.0  0.4  0.0  0.2  3.8  0.8  0.0
  8.2  0.2  0.2  8.6  5.0  1.1  6.5  4.8  0.0  0.0  0.0  0.0  0.0  0.0  0.0
  0.4  0.6  0.0  0.2  0.0  0.0  0.0  9.7  3.6  2.7 10.9 15.4  2.7  8.6  8.4
  5.0  4.0  3.6  0.8  1.1  0.6  0.4 21.9  4.6 19.6  0.8  4.0 10.1  1.9  0.0
     -2.21      2.02      1.63     -4.53      2.20  0.8  0.0  0.2  0.4  0.0
                                         4000_story_0778.txt 37.8  4.5 4468
 15.0  3.1  0.9 30.9  2.2  0.4  1.3  3.8  2.9 15.9  1.6  0.0  0.0  2.9  1.6
  2.2  0.2  5.4 14.1  0.2  2.2218.2120.4 37.6 80.1102.3 18.8  3.8  2.5  4.3
  1.6  4.5 33.1  5.1  6.7 47.9 13.4  5.4  2.5  1.3  2.7  3.8  8.5  6.0  1.3
  2.2  7.8  6.5  4.0  5.4 13.4 27.8  9.6  0.4  8.3 70.3107.4  2.5132.9  7.6
  1.8  0.2  0.0  0.0  0.0  0.0  0.0  0.0  0.0  0.0  0.0  0.0  0.0  0.0  0.0
  0.0  0.0  0.0  2.2  2.9  2.0  1.8  0.7  0.2  0.0  0.0  0.2  0.0  0.4  0.7
  0.4  1.3  0.9  1.1  0.0  0.2  0.0  0.0  0.2  0.4  0.0  0.0  6.5  1.6  0.0
  9.0  0.9  0.7 10.5  4.5  0.4  5.4  8.1  0.0  0.0  0.0  0.0  0.0  0.0  0.0
  0.2  0.9  0.0  0.0  0.0  0.0  0.9 14.8  5.1  4.5 11.2 12.1  2.5  6.0  6.7
  3.6  1.8  2.2  0.0  0.2  0.2  1.1 28.9 10.1 18.1  1.6  4.5  9.0  3.1  0.0
     -6.28      5.77      3.76     -1.12      4.36  1.1  0.4  0.4  0.2  0.0
                                         4000_story_0779.txt 32.0  4.2 3307
 14.2  5.7 16.0 67.1 13.9  3.0  3.9  5.7 18.7 14.8  2.7  1.2  1.2  5.1  0.9
  5.4  0.3  7.6 26.3  0.9  2.7209.3101.6 33.6 67.1 69.2  9.1  6.4  0.6  2.7
  0.3  5.7 23.6  3.3 10.3 50.5  9.1  4.2  0.0  2.1  3.0  2.4  5.1  6.4  1.2
  1.8  5.4  2.4  6.4  7.0 14.8 40.8  9.4  1.2  3.6 70.5101.9  3.3148.2  6.0
  4.2  0.0  0.0  0.0  0.0  0.0  0.0  0.0  0.0  0.0  0.0  0.0  0.0  0.0  0.0
  0.0  0.0  0.0  3.9  1.2  2.4  1.5  0.9  0.3  0.0  0.0  0.0  0.0  0.0  0.6
  0.9  1.2  0.3  0.0  0.0  0.0  0.0  0.3  0.3  0.3  0.6  0.3  6.0  0.9  0.0
  9.1  1.2  0.0 10.3  3.0  0.6  3.9  7.9  0.0  0.0  0.0  0.0  0.0  0.0  0.0
  0.6  0.3  0.0  0.0  0.0  0.0  0.9 10.0  3.3  4.2 12.4  8.5  0.9  6.4  6.0
  5.4  2.4  5.1  1.5  1.5  0.3  0.3 35.7 10.3 18.7  1.5  2.7  5.7  3.3  0.0
      8.46      2.48     -0.11     -2.23      2.06  0.9  0.3  0.3  0.0  0.3
                                         4000_story_0783.txt 33.8  4.1 5603
 11.4  3.0  5.7 25.5  1.8  0.0  1.6  0.0  4.8 13.9  0.5  0.2  0.7  1.2  0.0
  0.2  0.0  1.6 25.2  0.2  1.8272.7112.4 35.0 91.2 68.5  5.4  3.7  0.7  1.1
  0.0  6.6  8.7  7.0 14.3 34.1  4.1  3.6  0.4  0.4  0.5  0.7  4.5  2.9  0.4
  3.4  4.6  1.6  1.4  1.4  5.7 36.9  6.6  0.2  1.8 74.2 75.1  0.4136.9  8.6
  2.7  0.2  0.0  0.0  0.0  0.0  0.0  0.0  0.0  0.0  0.0  0.0  0.0  0.0  0.0
  0.0  0.0  0.0  1.2  0.9  2.0  0.7  0.2  0.0  0.0  0.0  0.2  0.2  0.0  0.0
  0.0  0.2  0.5  0.9  0.0  0.0  0.0  0.2  0.0  0.2  0.0  0.0  1.8  0.2  0.0
  4.8  0.2  0.4  5.4  1.6  0.2  2.0  2.0  0.0  0.0  0.0  0.0  0.0  0.0  0.0
  0.7  0.2  0.0  0.0  0.2  0.0  0.0  8.0  1.1  0.7  3.0 21.6  3.9  4.5  8.0
  0.7  0.5  0.9  3.4  0.0  0.2  0.0 20.9  7.3 14.3  0.4  7.1  5.7  3.2  0.0
     -9.69      2.04     -3.14     -4.94      0.96  0.2  0.0  0.0  0.0  0.0
                                         4000_story_0794.txt 28.3  4.3 4304
 14.9  3.7  9.1 41.6  3.5  0.0  2.3  3.7 11.4  9.1  2.1  0.2  0.5  3.9  1.4
  3.3  0.9  6.5 27.6  0.7  2.8229.6110.6 37.2 81.3 69.9 18.4  5.1  2.3  3.9
  1.6  3.3 28.1  4.2  7.9 39.0 12.5  5.8  3.5  3.5  1.9  3.9  5.8 10.7  0.9
  2.8  7.0  1.9  3.3  4.6 14.2 41.6 14.4  1.6  7.9 63.0 84.8  2.8140.1  5.1
  0.9  0.2  0.0  0.0  0.0  0.0  0.0  0.0  0.0  0.0  0.0  0.0  0.0  0.0  0.0
  0.0  0.0  0.0  1.4  2.8  2.1  1.2  0.5  0.0  0.0  0.0  0.0  0.5  0.2  0.2
  0.7  2.1  0.5  0.9  0.0  1.4  0.2  0.0  0.0  1.2  0.2  0.0  3.0  1.6  0.0
  7.4  0.5  0.7  8.6  4.4  1.6  7.2  4.9  0.0  0.0  0.0  0.0  0.0  0.0  0.0
  0.5  0.2  0.0  0.0  0.2  0.0  0.0 16.7  7.0  3.7 12.3  9.8  0.9  7.4  5.6
  8.4  2.3  1.6  3.7  0.7  0.5  0.9 31.6 12.3 23.2  1.4  5.1  9.1  4.6  0.0
      0.85      4.53      3.21     -0.05      3.24  0.7  0.2  0.0  0.0  0.0
                                         4000_story_0798.txt 33.3  4.1 4529
 12.8  3.1 14.6 46.6  6.2  0.9  2.4  2.4 30.5  9.5  2.9  0.4  0.0  2.0  0.7
  2.0  1.3  4.9 26.3  0.2  0.7243.1 97.6 38.4 71.5 72.4 20.3  5.3  2.0  4.6
  1.1  3.3 31.4  3.5  4.9 32.2 10.2  9.5  0.9  2.0  2.6  2.2  4.4  6.8  0.7
  2.4  5.1  4.0  1.8  6.4 17.0 37.1  9.9  1.5  7.7 71.3109.1  3.5133.6  4.6
  1.8  0.4  0.0  0.0  0.0  0.0  0.0  0.0  0.0  0.0  0.0  0.0  0.0  0.0  0.0
  0.0  0.0  0.0  1.3  1.3  3.3  1.5  0.0  0.4  0.0  0.0  0.0  0.2  0.2  0.4
  0.9  1.3  0.9  0.4  0.0  0.4  0.0  0.2  0.0  0.2  0.4  0.4  1.5  0.9  0.0
  7.5  0.4  0.4  8.4  4.0  0.7  4.9  3.3  0.0  0.0  0.0  0.0  0.0  0.0  0.0
  0.4  0.2  0.2  0.0  0.0  0.0  0.0 14.4  6.0  2.4 14.4 11.7  2.4  7.5  4.2
  2.6  2.0  1.8  1.3  1.1  1.3  2.0 28.5 10.6 19.2  1.8  2.6 10.2  3.1  0.0
     -0.99      4.73      4.60     -1.01      1.46  0.4  0.2  0.0  0.2  0.0
                                         4000_story_0801.txt 34.3  4.3 5392
 12.8  3.7 12.6 56.4 14.1  1.7  2.8  3.9 22.3 11.5  1.7  0.7  1.7  5.0  1.5
  3.3  1.1  5.7 18.5  0.4  2.8226.1106.8 56.0 60.3 42.7 10.0  9.3  0.7  4.8
  1.9  3.5 27.6  7.2  8.0 44.0  9.5  5.9  1.3  3.3  2.4  2.6  6.3  5.7  0.6
  2.0  5.0  2.2  2.8  4.1 14.1 31.2  8.3  1.5  7.4 93.7 79.0  1.9134.5  9.5
  2.2  0.2  0.0  0.0  0.0  0.0  0.0  0.0  0.0  0.0  0.0  0.0  0.0  0.0  0.0
  0.0  0.0  0.0  1.3  0.9  2.0  2.4  0.0  0.2  0.2  0.0  0.0  0.0  0.0  0.4
  0.4  1.7  0.6  1.3  0.0  0.2  0.0  0.4  0.2  0.4  0.0  0.0  3.3  0.2  0.0
  6.7  0.4  0.0  7.0  4.3  0.7  5.4  3.5  0.0  0.0  0.0  0.0  0.0  0.0  0.0
  1.5  0.6  0.2  0.0  0.0  0.2  0.6 15.9  2.4  1.3 12.1 14.1  1.7  3.5  4.8
  3.3  5.0  4.3  1.1  1.3  1.3  0.6 27.3 13.5 16.5  2.0  3.0  8.5  5.9  0.0
      1.89      1.79      1.82     -1.07      2.27  0.9  0.0  0.0  0.0  0.0
                                         4000_story_0804.txt 33.5  4.2 5364
 17.7  4.5  8.8 49.4 13.6  0.4  3.0  2.4 29.6 12.3  1.7  0.4  0.4  4.8  1.1
  3.4  0.4  5.4 24.8  0.7  2.2202.8103.1 43.8 78.3 42.7  9.1  9.5  1.5  3.7
  1.5  3.7 19.6  8.4  8.0 48.8  9.5  5.4  0.9  2.1  3.2  3.7  6.3  7.3  0.4
  2.6  7.3  4.1  4.5  2.8 14.0 38.2 10.3  1.1  6.7 88.9 85.9  2.2143.7  7.5
  2.2  0.2  0.0  0.0  0.0  0.0  0.0  0.0  0.0  0.0  0.0  0.0  0.0  0.0  0.0
  0.0  0.0  0.0  1.7  0.6  3.0  4.1  0.6  0.0  0.2  0.0  0.0  0.0  0.0  0.0
  0.7  0.9  0.7  1.5  0.0  0.6  0.4  0.2  0.0  0.4  0.0  0.4  3.7  0.9  0.0
  9.3  0.7  0.0 10.1  3.9  1.1  5.4  5.0  0.0  0.0  0.0  0.0  0.0  0.0  0.0
  0.7  0.4  0.0  0.0  0.0  0.2  0.4  8.6  3.4  2.1  8.0 19.4  2.6  6.3  4.7
  3.5  2.8  0.9  2.4  0.2  1.1  0.4 25.0 14.7 25.0  1.1  3.9 10.6  2.8  0.0
      2.56      2.26      0.28     -1.08      2.57  0.6  0.2  0.0  0.0  0.0
                                         4000_story_0806.txt 32.5  4.3 5073
 12.8  3.9 10.1 53.2 11.6  2.4  3.9  4.9 20.3 12.6  1.6  0.6  0.2  4.1  1.6
  4.1  1.0  5.5 23.1  0.8  1.2214.9 99.7 48.3 78.8 54.8 12.4 13.2  0.8  1.4
  1.2  3.7 25.2  5.9  7.1 45.5  7.3  6.5  1.4  2.6  1.8  3.2  8.3  7.3  0.8
  1.2  5.9  4.1  3.4  7.3 13.8 35.9  9.3  1.8  3.4 86.9 86.7  2.8143.1  7.3
  1.8  0.4  0.0  0.0  0.0  0.0  0.0  0.0  0.0  0.0  0.0  0.0  0.0  0.0  0.0
  0.0  0.0  0.0  3.4  0.0  2.8  1.6  0.2  0.6  0.2  0.0  0.2  0.0  0.2  0.2
  0.2  0.2  1.6  0.6  0.2  0.0  0.0  0.4  0.2  0.0  0.0  0.0  3.9  1.0  0.0
  7.7  1.0  0.4  9.1  2.8  0.8  3.5  4.9  0.0  0.0  0.0  0.0  0.0  0.0  0.0
  0.6  1.0  0.2  0.0  0.0  0.0  0.8 17.3  2.0  1.6  9.3 17.1  3.0  2.6  6.3
  3.7  3.4  2.8  1.8  0.2  0.8  1.2 23.9 20.1 18.3  2.0  1.6  7.3  3.9  0.0
      3.12      4.14     -0.02     -1.34      3.64  0.8  0.0  0.0  0.0  0.0
                                         4000_story_0813.txt 34.0  4.2 3011
 12.6  3.3 16.9 47.5  9.0  0.7  2.7  1.3 15.9  8.6  2.3  0.0  0.3  3.3  0.7
  1.7  0.3  6.3 14.6  0.7  2.0243.8 96.0 35.5 73.4 78.0 16.3  4.0  2.3  3.3
  1.0  5.3 30.6  6.0  8.6 31.6 14.3  8.0  0.7  5.0  2.3  3.7  2.7  6.3  0.0
  1.3  4.3  2.0  3.0  2.0 16.6 29.2  7.6  1.0  6.6 63.1103.0  2.3145.5  7.6
  2.0  0.3  0.0  0.0  0.0  0.0  0.0  0.0  0.0  0.0  0.0  0.0  0.0  0.0  0.0
  0.0  0.0  0.0  1.3  0.7  1.7  2.3  0.3  0.3  0.0  0.0  0.0  0.0  0.0  0.3
  0.3  0.7  2.0  0.7  0.0  1.0  0.3  0.3  0.3  0.3  0.0  0.0  2.0  0.7  0.0
  6.0  0.7  0.0  6.6  4.0  2.0  6.3  2.7  0.0  0.0  0.0  0.0  0.0  0.0  0.0
  0.3  0.3  0.0  0.0  0.0  0.0  0.3  7.0  2.7  3.3  9.0 12.6  1.0  9.6  8.0
  5.3  2.3  3.3  1.0  0.7  1.0  0.3 37.2  8.0 17.9  2.0  2.3  7.6  4.6  0.0
     -3.84      4.02      2.96      0.34     -0.58  3.0  0.3  0.0  0.0  0.0
                                         4000_story_0817.txt 32.0  4.4 2597
  9.2  2.7  1.5 36.6  5.0  1.2  3.5  2.7  9.6 11.9  0.8  0.4  0.0  5.0  0.8
  3.9  0.8  3.9 17.7  0.8  2.7234.9 99.3 53.5 74.7 73.2 12.3  5.8  0.8  3.5
  1.5  8.9 34.7  5.8  9.2 35.0 11.6 10.8  1.2  2.7  1.9  1.9  5.8  5.4  1.5
  1.5  9.2  0.8  1.5  5.4 16.6 38.9  8.5  1.5  5.8 84.7 87.8  2.3130.5 11.2
  4.2  0.4  0.0  0.0  0.0  0.0  0.0  0.0  0.0  0.0  0.0  0.0  0.0  0.0  0.0
  0.0  0.0  0.0  1.5  0.4  0.8  1.5  0.4  0.0  0.0  0.0  0.4  0.0  0.0  0.4
  0.4  0.0  1.5  1.2  0.0  0.0  0.4  0.4  0.0  1.2  0.4  0.0  2.7  0.0  0.0
  4.2  0.4  0.4  5.0  3.5  0.8  5.4  3.1  0.0  0.0  0.0  0.0  0.0  0.0  0.0
  0.0  0.8  0.0  0.0  0.0  0.0  0.0 25.4  3.5  3.5  7.7 12.3  3.1  5.0  3.9
  3.5  7.7  5.0  1.9  0.0  0.4  0.4 23.1 11.2 14.2  3.1  3.1  8.5  2.7  0.0
     -3.60      3.42      3.89     -0.75      2.48  0.8  0.0  0.0  0.0  0.0
                                         4000_story_0825.txt 34.5  4.7 4291
 12.1  2.3  4.7 32.9  4.2  0.7  1.4  2.1  5.8 15.8  1.4  0.0  0.0  4.2  0.5
  1.6  0.9  4.9 13.1  0.5  0.9221.4136.3 51.5 68.0 79.9 16.5  2.8  4.7  2.8
  3.0  3.0 49.6  4.0  4.2 28.9 16.3  2.1  1.2  1.4  1.4  2.3  3.7  7.0  1.4
  2.3  6.8  2.6  1.2  3.3  8.4 24.2 10.7  1.4 10.5 86.9 90.0  1.6129.1 10.7
  7.2  0.5  0.0  0.0  0.0  0.0  0.0  0.0  0.0  0.0  0.0  0.0  0.0  0.0  0.0
  0.0  0.0  0.0  0.7  1.4  2.3  3.3  0.5  0.2  0.0  0.0  0.0  0.0  0.2  0.2
  1.4  2.1  1.4  0.7  0.0  0.7  0.0  0.0  0.5  0.9  0.0  0.0  1.6  0.0  0.0
  7.7  0.7  0.2  8.6  5.8  1.2  7.9  1.6  0.0  0.0  0.0  0.0  0.0  0.0  0.0
  0.0  0.2  0.2  0.0  0.0  0.0  0.0 12.1  5.8  6.1 14.4  8.9  3.3  6.5  4.0
  2.3  2.3  1.6  0.2  0.5  0.9  0.2 25.9  7.7 21.2  2.3  2.3  9.1  2.1  0.0
     -8.27      3.76      8.43     -3.50      1.59  4.4  0.0  0.2  0.0  0.0
                                         4000_story_0831.txt 34.8  4.2 4285
 19.6  5.8  3.3 38.7  3.5  0.5  2.3  3.5  7.2 13.1  0.7  0.2  0.5  6.8  0.5
  0.7  0.5  7.0 19.1  2.3  2.8200.2103.4 37.8 93.1109.0 19.4  4.2  2.6  4.0
  0.5  4.4 17.0  5.6 11.0 39.7 11.7  5.6  0.9  2.1  3.3  2.8  3.3  3.5  0.7
  0.9  5.8  6.3  2.1  3.5 15.9 31.7  5.1  2.8  7.0 64.9119.7  1.9152.4 12.8
  5.4  0.0  0.0  0.0  0.0  0.0  0.0  0.0  0.0  0.0  0.0  0.0  0.0  0.0  0.0
  0.0  0.0  0.0  3.0  2.8  5.8  0.9  1.2  0.0  0.0  0.0  0.0  0.2  0.0  0.0
  0.2  2.6  0.9  0.7  0.0  0.2  0.9  0.0  0.2  0.7  0.0  0.0  3.3  0.7  0.0
 12.6  1.2  0.2 14.0  4.4  1.4  6.5  4.0  0.0  0.0  0.0  0.0  0.0  0.0  0.0
  0.2  0.2  0.2  0.0  0.0  0.0  0.2 11.0  3.0  2.3  7.0 14.0  1.4 10.5  2.8
  3.5  3.7  4.4  0.7  0.2  1.9  0.0 26.4 13.8 28.2  2.1  3.0 11.2  5.8  0.0
      2.08      6.68      0.64     -1.34     -0.21  0.7  0.0  0.2  0.0  0.0
                                         4000_story_0833.txt 34.0  4.1 3729
 12.1  5.9 14.7 50.4 13.9  1.3  4.0  2.4 18.8 14.5  2.1  0.5  1.6  5.1  0.8
  1.1  0.3  4.0 20.6  0.5  1.1256.1 93.6 29.8 80.7 75.1 12.9  9.4  0.8  4.0
  0.8  2.7 19.6  5.4 12.3 35.1 11.5  5.6  1.6  3.5  2.1  2.1  6.7  1.6  0.5
  1.1  6.2  3.8  1.6  3.2 11.8 33.5  3.2  0.8  5.6 62.5107.8  2.4147.2  9.1
  2.7  0.0  0.0  0.0  0.0  0.0  0.0  0.0  0.0  0.0  0.0  0.0  0.0  0.0  0.0
  0.0  0.0  0.0  3.8  2.1  3.8  1.1  0.0  0.0  0.0  0.0  0.0  0.0  0.0  0.8
  0.5  1.3  0.5  1.1  0.0  0.5  0.0  0.0  0.3  0.3  0.0  0.0  0.8  0.8  0.0
 10.7  0.0  0.0 10.7  4.3  0.8  5.4  1.6  0.0  0.0  0.0  0.0  0.0  0.0  0.0
  0.3  0.0  0.0  0.0  0.0  0.0  0.3  4.8  2.4  0.5  3.8 15.8  2.1  6.4  6.2
  2.4  1.3  3.5  1.6  0.8  0.5  0.0 30.6 15.8 21.5  1.3  4.0  7.2  3.5  0.0
      0.67      4.48     -0.61     -1.28      1.57  0.5  0.3  0.0  0.0  0.0
                                         4000_story_0838.txt 32.3  4.0 3623
 14.1  6.1 19.3 52.7 14.1  0.8  1.9  0.8 19.6 12.7  0.8  0.0  0.3  5.0  1.1
  1.9  0.3  5.2 19.6  0.8  1.1234.9101.8 33.1 87.2105.2  9.9  6.9  1.1  2.8
  1.4  3.0 14.1  6.9  6.3 34.5 13.8  5.5  1.4  1.7  0.6  1.7  4.1  4.4  0.8
  0.6  5.2  1.9  1.1  2.8 11.3 29.5  5.8  1.1  5.2 65.4138.8  1.9158.4  9.1
  5.8  0.6  0.0  0.0  0.0  0.0  0.0  0.0  0.0  0.0  0.0  0.0  0.0  0.0  0.0
  0.0  0.0  0.0  1.7  1.7  3.9  1.9  0.3  0.3  0.0  0.0  0.0  0.0  0.3  0.0
  0.3  2.5  2.2  1.4  0.0  1.4  0.3  0.0  0.3  0.6  0.0  0.0  2.8  0.0  0.0
  9.1  0.6  0.3  9.9  6.3  1.9  8.8  2.8  0.0  0.0  0.0  0.0  0.0  0.0  0.0
  0.0  1.1  0.0  0.0  0.0  0.0  0.3  5.5  3.0  2.8  8.3 14.4  2.5  4.1 13.0
  2.5  2.5  1.1  1.7  0.6  0.3  0.0 32.0 12.1 20.7  2.5  1.7  6.9  5.2  0.0
      0.16      5.00      0.56     -3.17      0.45  0.8  0.0  0.0  0.0  0.0
                                         4000_story_0839.txt 32.8  4.2 2271
  9.7  4.0  8.8 32.1  4.4  0.9  1.3  3.5  4.8  8.4  1.3  0.9  0.4  4.4  0.0
  1.3  0.0  2.6 16.7  0.9  1.3237.3101.3 42.3 95.6104.8 26.9  1.3  0.9  2.2
  1.3  7.0 14.1  8.8 12.3 36.1  6.2  3.1  0.0  2.2  0.0  2.2  4.4  7.5  0.0
  3.1  4.4  3.5  2.6  2.6  5.7 31.3 10.6  0.9  4.4 66.1114.0  3.1146.2  6.6
  4.8  0.0  0.0  0.0  0.0  0.0  0.0  0.0  0.0  0.0  0.0  0.0  0.0  0.0  0.0
  0.0  0.0  0.0  1.3  0.9  3.1  1.8  0.0  0.0  0.0  0.0  0.0  0.0  0.0  0.0
  0.0  0.9  0.0  0.4  0.0  0.4  0.0  0.0  0.0  0.0  0.0  0.0  2.6  0.0  0.0
  7.0  0.0  0.0  7.0  1.3  0.4  1.8  2.6  0.0  0.0  0.0  0.0  0.0  0.0  0.0
  0.0  0.0  0.0  0.0  0.0  0.0  0.0 11.0  1.3  2.2  8.4 15.9  0.9  4.4  7.5
  3.5  3.5  5.3  5.3  0.4  0.0  0.4 30.8  6.6 15.4  0.0  5.3  7.5  4.0  0.0
     -6.67      7.48     -0.81     -3.99      1.25  0.0  0.0  0.0  0.0  0.0
                                         4000_story_0842.txt 30.8  4.5 2255
 15.5  3.5  4.4 45.7  5.3  0.4  2.7  2.2 50.1 12.0  0.0  0.9  0.0  4.9  0.4
  0.9  0.0  6.2 19.5  2.2  2.7235.5102.0 41.2 63.0 43.9 16.4  2.2  3.5  4.4
  0.9  2.7 32.4  5.3  5.3 39.0 12.0  8.9  0.9  1.8  1.3  3.5  7.5  5.8  0.9
  1.8  8.4  4.4  1.8  4.4 16.4 33.3  8.4  2.2  8.9 65.6 99.3  1.3129.5  5.3
  4.4  0.9  0.0  0.0  0.0  0.0  0.0  0.0  0.0  0.0  0.0  0.0  0.0  0.0  0.0
  0.0  0.0  0.0  2.2  1.3  4.0  1.8  1.3  0.4  0.0  0.0  0.0  0.4  0.0  0.4
  0.0  2.2  1.8  0.9  0.0  0.4  0.9  0.0  0.0  2.2  0.0  0.9  4.0  2.2  0.0
  9.3  1.8  0.4 11.5  5.3  1.3  8.9  7.1  0.0  0.0  0.0  0.0  0.0  0.0  0.0
  0.0  0.0  0.0  0.0  0.0  0.0  0.0  9.8  6.2  2.2 16.0 15.1  0.9  7.5  4.4
  2.2  3.1  0.4  1.3  2.2  0.4  0.0 15.1 11.5 26.2  1.8  1.3  6.7  1.3  0.0
     -0.86      1.86      4.01     -1.35      3.21  0.4  0.9  0.4  0.0  0.0
                                         4000_story_0852.txt 33.5  4.0 2219
 10.8  1.4  5.9 46.4 11.3  0.5  4.5  2.7 17.6  7.7  2.3  0.0  0.9  3.6  0.0
  0.9  0.9  3.6 20.7  0.9  1.8247.4 94.2 27.5 62.6 67.1 12.6  5.4  1.8  5.9
  0.5  3.2 18.9  7.7  9.5 41.0 14.0 10.4  0.9  1.4  1.8  5.0  5.0  7.2  0.0
  0.5  2.3  2.3  2.7  4.5 15.8 27.5  7.7  1.8  8.1 65.8 96.0  1.8126.6  8.6
  5.0  0.0  0.0  0.0  0.0  0.0  0.0  0.0  0.0  0.0  0.0  0.0  0.0  0.0  0.0
  0.0  0.0  0.0  3.2  0.0  0.9  0.9  0.0  0.5  0.0  0.0  0.0  0.0  0.0  0.0
  0.0  2.3  0.9  0.5  0.5  1.4  0.0  0.0  0.0  0.5  0.0  0.9  4.1  0.5  0.0
  5.0  0.5  0.0  5.4  3.6  1.8  5.9  5.4  0.0  0.0  0.0  0.0  0.0  0.0  0.0
  0.0  0.0  0.0  0.0  0.0  0.0  0.0 17.1  2.7  1.8  7.7 14.0  0.9  5.0  4.1
  0.0  4.1  1.8  2.3  0.5  0.0  0.0 19.4  9.0 18.5  1.8  3.2  4.5  1.4  0.0
     -2.35      2.75      0.55     -0.39      0.71  0.0  0.9  0.0  0.0  0.0
                                         4000_story_0853.txt 31.5  4.3 4784
 15.3  4.8  1.3 52.7 13.0  1.3  1.0  1.5 30.3 14.4  1.3  0.2  0.4  3.6  0.4
  2.3  1.7  5.6 15.1  1.3  1.5223.7107.7 49.3 60.8 57.1 12.1  3.6  4.6  5.0
  1.7  4.4 20.5  6.1  7.5 36.0 14.2  6.7  0.0  2.1  2.7  2.5  2.1  7.9  0.4
  1.7  4.4  3.6  1.7  3.1 15.1 26.1 10.0  2.9 11.3 78.8100.3  1.7133.4 10.5
  3.8  0.2  0.0  0.0  0.0  0.0  0.0  0.0  0.0  0.0  0.0  0.0  0.0  0.0  0.0
  0.0  0.0  0.0  2.1  2.3  2.7  1.7  0.2  0.0  0.2  0.0  0.2  0.0  0.0  0.8
  0.2  0.6  0.8  0.6  0.0  0.4  0.2  0.0  0.0  0.4  0.0  0.0  3.1  0.6  0.0
  8.8  0.4  0.2  9.4  3.1  0.6  4.2  3.8  0.0  0.0  0.0  0.0  0.0  0.0  0.0
  0.4  1.3  0.0  0.0  0.0  0.0  0.0  6.5  2.1  1.5  7.7 18.4  2.1  5.9  6.5
  1.7  3.1  3.6  2.5  1.7  0.2  0.0 26.5 11.9 16.3  1.5  3.8  8.8  3.6  0.0
     -0.62      1.80      4.77     -1.77     -0.26  0.6  0.0  0.0  0.0  0.0
                                         4000_story_0854.txt 32.3  4.2 2658
  9.4  3.4 15.0 40.6  7.5  1.1  4.9  2.6 12.0  9.8  0.8  0.4  0.4  2.3  0.4
  0.8  0.0  3.8 14.7  0.8  4.5250.2103.1 30.9 83.1 74.5 11.3  4.9  0.8  4.1
  0.8  5.6 19.6  6.0 12.4 31.2 18.8  3.4  1.9  3.0  1.1  1.1  3.4  7.1  0.4
  3.0  4.5  3.4  4.5  4.9  8.3 28.2 10.5  0.8  5.6 70.7 94.1  1.5153.1 10.9
  5.6  0.0  0.0  0.0  0.0  0.0  0.0  0.0  0.0  0.0  0.0  0.0  0.0  0.0  0.0
  0.0  0.0  0.0  1.9  0.8  3.0  0.8  0.4  0.0  0.0  0.0  0.0  0.0  0.0  1.1
  0.4  2.3  2.3  0.0  0.0  0.8  0.0  0.4  0.4  0.4  0.0  0.0  0.4  0.4  0.0
  6.4  0.4  0.0  6.8  6.0  1.5  7.9  0.8  0.0  0.0  0.0  0.0  0.0  0.0  0.0
  0.8  0.8  0.0  0.0  0.0  0.0  0.8 19.6  4.1  1.5 13.5 12.4  0.4  5.6  4.9
  3.0  1.9  0.8  0.8  1.1  0.4  0.0 35.4  8.3 15.4  1.1  2.3  6.8  5.3  0.0
     -5.11      3.39      0.47     -2.84      0.83  0.8  0.0  0.0  0.0  0.0
                                         4000_story_0858.txt 32.8  4.1 2836
 13.0  1.8 20.8 58.5 12.0  2.1  2.8  1.8 27.5 13.8  2.1  0.0  1.1  4.2  0.0
  2.5  1.8  5.3 13.4  1.8  3.9275.4 88.5 33.9 75.8 62.1 14.5  7.4  2.5  4.2
  0.4  3.2 18.3  7.8  8.5 35.6 15.2  3.5  2.8  3.2  1.1  3.2  4.6  3.9  0.0
  2.8  3.2  2.1  1.1  4.6  9.9 22.9  6.7  3.5  7.1 62.1101.6  0.7154.8  8.5
  3.9  0.4  0.0  0.0  0.0  0.0  0.0  0.0  0.0  0.0  0.0  0.0  0.0  0.0  0.0
  0.0  0.0  0.0  1.4  0.7  1.1  2.8  1.4  0.0  0.0  0.0  0.0  0.0  0.0  0.0
  0.0  1.8  1.4  1.1  0.0  1.1  0.4  0.0  0.4  0.4  0.4  0.4  2.1  0.4  0.0
  6.0  1.4  0.0  7.4  4.2  1.8  6.3  3.2  0.0  0.0  0.0  0.0  0.0  0.0  0.0
  1.1  0.4  0.0  0.0  0.0  0.0  0.0 18.3  3.5  1.4  7.8 15.9  4.9  5.3  4.2
  1.8  2.5  2.5  1.1  0.7  0.4  0.4 26.8 16.2 18.0  2.1  1.1 10.9  5.6  0.0
      2.19      3.68      0.58     -1.64      0.74  0.4  0.0  0.0  0.0  0.0
                                         4000_story_0872.txt 32.3  4.2 2150
 10.2  1.9  4.7 27.0  4.7  0.5  1.4  1.9  6.0 19.5  0.5  0.0  0.0  4.2  0.0
  0.5  1.4  3.7  8.8  0.5  2.3230.2120.5 49.8 87.0 83.3 17.2  2.3  1.9  4.7
  1.4  6.0 25.1  6.0 14.4 27.9  6.0  1.9  1.4  2.8  0.9  2.3  1.4  7.4  0.0
  0.5  4.7  1.9  0.5  5.1  6.5 22.3  7.9  1.9  7.9 82.3 94.0  1.4129.8 11.6
  2.8  0.0  0.0  0.0  0.0  0.0  0.0  0.0  0.0  0.0  0.0  0.0  0.0  0.0  0.0
  0.0  0.0  0.0  1.4  0.9  0.5  1.9  0.0  0.0  0.0  0.0  0.0  0.0  0.0  0.5
  0.0  0.5  0.9  1.4  0.0  0.0  0.0  0.0  0.0  0.5  0.0  0.0  3.7  0.5  0.0
  4.7  0.0  0.0  4.7  3.3  0.0  3.7  4.2  0.0  0.0  0.0  0.0  0.0  0.0  0.0
  0.5  0.5  0.0  0.0  0.0  0.0  0.5  7.4  1.4  1.4 10.7 15.3  5.6  7.0  5.1
  2.3  2.8  7.4  3.7  0.9  1.4  0.0 25.1  8.8 15.3  0.5  1.9  5.1  2.3  0.0
     -7.63      4.57      2.09     -3.07     -1.48  0.5  0.0  0.0  0.0  0.0
                                         4000_story_0879.txt 28.8  4.4 4457
 11.2  2.9  0.7 32.5  2.5  0.0  1.6  2.9 85.3  9.0  0.0  0.0  0.2  4.5  0.0
  1.3  0.4  4.5 20.9  0.7  0.7213.8137.3 36.6 60.4 37.2 11.9  5.4  4.3  4.7
  1.8  1.8 42.4  4.9  4.3 40.2 21.3  2.2  2.0  2.2  1.3  3.1  5.2  7.6  0.4
  1.6  6.3  6.3  1.8  2.7  8.1 31.2  9.6  1.1 10.8 55.9125.0  1.8121.6  5.4
  2.0  0.0  0.0  0.0  0.0  0.0  0.0  0.0  0.0  0.0  0.0  0.0  0.0  0.0  0.0
  0.0  0.0  0.0  3.6  1.6  2.7  0.9  0.2  0.4  0.2  0.0  0.0  0.0  0.4  0.9
  0.4  1.6  1.3  0.9  0.2  0.9  0.2  0.7  0.0  1.3  0.9  0.0  3.8  0.9  0.0
  8.8  0.9  0.4 10.1  5.2  2.0  8.5  5.6  0.0  0.0  0.0  0.0  0.0  0.0  0.0
  0.2  0.4  0.7  0.0  0.0  0.0  0.4  8.5  5.4  2.9 13.9  7.0  2.0  8.8  2.0
  3.8  2.5  0.4  0.0  0.9  1.8  0.7 27.6 13.2 14.1  2.7  3.6  5.2  3.6  0.0
     -4.43      1.20      6.13     -2.50      1.61  2.2  0.2  0.9  0.0  0.0
                                         4000_story_0887.txt 33.3  4.3 4689
 12.6  4.5 18.3 59.5 14.1  1.1  1.9  8.7 27.5 11.1  0.4  0.0  0.9  2.6  1.5
  2.8  1.5  6.4 12.6  0.4  2.1244.4 92.6 44.4 82.7 68.0  8.1 17.5  1.3  1.9
  0.9  3.6 44.1  8.1  9.2 35.4 10.9  6.8  3.0  1.5  4.1  2.6  4.7  6.0  0.4
  2.1  4.9  3.4  2.6  3.0 17.3 22.6  8.5  1.9  4.1 69.7109.6  4.5156.1  7.5
  2.1  0.4  0.0  0.0  0.0  0.0  0.0  0.0  0.0  0.0  0.0  0.0  0.0  0.0  0.0
  0.0  0.0  0.0  2.1  1.1  2.3  3.0  0.0  0.2  0.0  0.0  0.0  0.0  0.0  0.4
  0.2  1.7  0.4  1.1  0.0  0.0  0.0  0.0  0.0  0.0  0.0  0.2  3.2  1.9  0.0
  8.5  0.2  0.0  8.7  3.8  0.0  3.8  5.3  0.0  0.0  0.0  0.0  0.0  0.0  0.0
  0.0  0.6  0.0  0.0  0.0  0.0  1.1 13.0  2.8  1.7  8.5 19.8  1.3  7.9  4.9
  3.6  3.0  1.9  1.7  2.3  0.9  0.2 29.6 25.0 20.5  1.7  3.4  6.8  4.1  0.0
      1.10      4.81      0.85     -0.39      1.23  0.4  0.2  0.4  0.0  0.0
                                         4000_story_0888.txt 31.8  4.4 2276
  5.3  0.4  1.3 49.2  6.2  1.3  3.1  2.2 18.5 13.2  0.9  0.0  0.4  0.4  0.0
  0.9  0.0  4.0 17.6  0.0  0.0275.0120.8 44.8 60.6 51.4 10.1  7.9  0.9  0.9
  0.9  1.8 29.4  6.6  4.4 38.2  9.2  3.5  0.9  1.8  2.6  1.8  4.0 11.0  0.0
  2.6  4.0  1.8  2.2  6.2 10.1 25.0 13.6  0.0  2.6 75.6 76.0  3.5123.0  2.2
  1.3  0.0  0.0  0.0  0.0  0.0  0.0  0.0  0.0  0.0  0.0  0.0  0.0  0.0  0.0
  0.0  0.0  0.0  1.8  0.4  0.4  0.9  0.4  0.0  0.0  0.0  0.0  0.0  0.0  0.9
  0.4  0.9  0.9  0.9  0.0  0.0  0.0  0.0  0.4  0.4  0.0  0.0  2.6  0.0  0.0
  3.5  0.4  0.0  4.0  4.0  0.4  4.8  2.6  0.0  0.0  0.0  0.0  0.0  0.0  0.0
  0.9  0.0  0.0  0.4  0.0  0.0  0.0  6.2  4.0  2.6  7.9 12.3  3.1  6.2  5.3
  1.3  4.0  1.3  0.0  0.9  0.4  0.0 19.3 14.9  7.5  0.9  3.5  5.3  1.8  0.0
    -12.32      1.96      0.08     -2.73      1.36  1.8  0.0  0.0  0.0  0.0
                                         4000_story_0889.txt 30.5  4.0 5491
 11.8  3.6 17.5 54.6 10.9  1.6  4.4  3.5 28.8 14.8  0.9  0.2  0.9  4.6  0.0
  2.5  1.1  5.3 16.6  0.4  4.4248.2 96.5 35.3 77.2 54.8  9.8 11.5  1.6  3.8
  0.5  3.5 18.4  7.5  7.5 36.2  7.5  7.8  1.6  2.9  2.4  1.8  6.0  5.8  1.1
  1.8  6.2  1.8  1.1  2.0 15.5 29.3  8.7  1.5  6.0 64.8 94.5  2.4143.9  7.5
  2.5  0.2  0.0  0.0  0.0  0.0  0.0  0.0  0.0  0.0  0.0  0.0  0.0  0.0  0.0
  0.0  0.0  0.0  2.2  1.1  2.4  1.3  0.2  0.0  0.0  0.2  0.0  0.2  0.2  0.2
  0.5  1.8  0.9  0.5  0.0  0.2  0.2  0.0  0.2  0.5  0.0  0.4  3.8  0.2  0.0
  6.9  0.2  0.5  7.6  4.0  0.5  5.1  4.4  0.0  0.0  0.0  0.0  0.0  0.0  0.0
  0.7  1.3  0.0  0.2  0.0  0.0  0.4  8.7  2.7  4.0  7.8 15.3  0.7  5.3  8.0
  1.5  3.8  2.4  1.8  0.7  0.4  0.0 31.1 15.5 18.6  1.1  1.3  4.7  3.5  0.0
      1.86      3.26      0.52     -1.03      2.44  0.9  0.2  0.0  0.0  0.0
                                         4000_story_0890.txt 36.0  4.4 3653
 14.5  3.8 14.0 68.2 15.6  2.5  2.2  3.3 24.1 12.0  1.1  0.3  0.0  2.2  0.5
  2.7  1.4  4.1 11.5  0.8  4.1297.6 92.8 44.1 75.0 59.1  6.3 22.2  0.5  0.8
  0.8  1.1 22.4  3.6  2.2 35.9  7.1  3.3  3.3  1.6  1.1  0.8  8.2  3.3  0.3
  4.7  1.4  3.3  2.5  4.7  8.5 15.9  8.2  2.2  2.2 75.6 98.8  2.7152.8  3.8
  1.6  0.0  0.0  0.0  0.0  0.0  0.0  0.0  0.0  0.0  0.0  0.0  0.0  0.0  0.0
  0.0  0.0  0.0  3.3  1.1  2.2  1.4  0.3  0.0  0.0  0.0  0.0  0.0  0.0  0.3
  0.3  0.8  0.5  0.5  0.0  0.5  0.3  0.0  0.0  0.3  0.0  0.0  1.1  1.4  0.0
  7.9  0.3  0.0  8.2  2.5  0.8  3.6  2.5  0.0  0.0  0.0  0.0  0.0  0.0  0.0
  0.5  0.3  0.3  0.0  0.0  0.0  1.9  8.8  1.9  1.1  9.3 10.1  1.6  3.6  5.5
  0.8  1.4  0.5  0.0  1.4  0.5  0.3 21.6 33.1 17.8  1.4  2.2  7.7  4.4  0.0
     -2.22      4.68      0.72     -3.17      3.72  0.8  0.0  0.0  0.0  0.0
                                         4000_story_0891.txt 28.8  4.2 3147
 16.2  6.0 29.9 82.9 17.2  1.9  5.1  4.1 39.4  9.9  3.2  1.0  1.6  6.0  0.6
  1.3  4.4  6.0 14.0  1.0  3.5258.3 80.4 37.8 66.1 56.9  5.4 22.2  0.3  2.5
  0.0  3.2 25.4  6.0  6.4 36.2 11.4 14.6  2.2  3.2  3.5  1.6  5.7  3.8  1.0
  3.8  3.2  3.5  2.5  2.9 24.1 24.5  8.6  5.4  2.9 59.7113.4  3.5157.9  2.9
  1.3  0.0  0.0  0.0  0.0  0.0  0.0  0.0  0.0  0.0  0.0  0.0  0.0  0.0  0.0
  0.0  0.0  0.0  3.8  0.6  2.2  3.8  0.3  0.0  0.0  0.0  0.0  0.0  0.0  0.0
  0.3  1.9  0.3  1.3  0.0  0.3  0.0  0.0  0.3  1.0  0.0  0.0  3.8  1.3  0.0
 10.5  0.3  0.0 10.8  3.8  0.6  5.4  5.1  0.0  0.0  0.0  0.0  0.0  0.0  0.0
  1.0  1.0  0.3  0.0  0.0  0.0  0.3 14.6  3.8  1.6  8.3 10.2  2.9  3.2  4.8
  1.6  1.3  3.5  3.2  1.9  0.0  0.0 28.0 26.4 19.7  1.6  2.5  5.1  2.5  0.0
     11.96      4.13     -0.28      1.34      2.49  0.6  0.0  0.0  0.3  0.0
                                         4000_story_0894.txt 35.5  4.4 1991
 12.1  4.0 12.6 39.2  7.0  1.0  3.0  1.5 10.5  7.0  1.0  1.0  0.5  8.5  1.0
  1.5  0.0  4.0 15.1  1.0  2.5271.7101.0 57.8 70.8 77.9 17.6  6.5  0.5  2.5
  0.5  4.0 25.6  2.5  3.5 34.7 10.5  6.0  1.5  1.0  2.0  3.5  7.0  4.0  0.0
  3.5  6.0  5.5  1.5  5.0 12.1 27.1  7.5  1.0  3.5 94.4 95.4  2.0129.6  6.5
  2.0  0.5  0.0  0.0  0.0  0.0  0.0  0.0  0.0  0.0  0.0  0.0  0.0  0.0  0.0
  0.0  0.0  0.0  2.0  2.0  2.5  3.0  1.0  0.0  0.0  0.0  0.0  1.0  0.0  0.0
  0.5  0.0  2.5  0.5  0.0  0.0  0.0  0.0  0.0  1.5  0.5  0.5  2.5  0.5  0.0
  9.5  1.0  1.0 11.6  3.5  0.0  5.0  4.0  0.0  0.0  0.0  0.0  0.0  0.0  0.0
  0.0  1.5  0.5  0.0  0.0  0.0  1.0  9.5  6.5  2.0 14.6 14.6  1.5  7.0  3.0
  2.5  6.0  3.0  3.5  3.0  0.0  0.0 23.6 14.1 16.6  1.5  1.0  4.0  2.0  0.0
     -4.47      4.65      2.53     -1.86      2.51  1.0  0.0  0.0  0.0  0.0
                                         4000_story_0895.txt 32.5  4.4 2155
 13.9  4.6 17.2 54.8 19.0  0.5  1.4  0.9 15.3 13.9  0.9  0.5  0.5  2.3  1.4
  1.4  0.9  6.0 16.2  0.9  1.4247.8 95.1 42.2 74.7 66.8 13.9  8.8  0.5  0.5
  0.5  2.3 28.8  3.7  9.7 39.0  7.0  6.0  1.4  1.4  3.2  2.8  6.0  4.6  0.0
  0.9  2.8  3.7  2.3  3.7 15.3 23.2  5.6  1.9  1.4 82.1101.2  5.1139.2  2.8
  2.3  1.9  0.0  0.0  0.0  0.0  0.0  0.0  0.0  0.0  0.0  0.0  0.0  0.0  0.0
  0.0  0.0  0.0  1.9  1.9  3.2  1.9  0.0  1.9  0.0  0.0  0.0  0.0  0.0  0.0
  0.0  0.0  1.4  0.5  0.0  0.0  0.0  0.5  0.0  0.0  0.0  0.5  2.8  0.9  0.0
  8.8  1.9  0.0 10.7  1.9  0.5  2.3  4.2  0.0  0.0  0.0  0.0  0.0  0.0  0.0
  0.0  0.0  0.9  0.0  0.0  0.0  0.0 11.6  3.2  3.2 10.2 21.8  1.4  8.4  6.0
  1.9  2.3  3.7  2.3  0.0  0.0  0.0 21.3 13.9 20.9  0.9  1.9  7.0  2.8  0.0
     -1.67      4.01     -1.38     -1.43      1.15  0.0  0.0  0.0  0.0  0.0
                                         4000_story_0896.txt 34.0  4.4 4488
 11.1  2.0  7.8 50.4 12.0  1.1  1.6  3.3 10.7 11.6  2.2  0.2  1.3  3.8  0.7
  0.9  0.4  4.5  7.6  0.7  2.7267.2104.7 42.1 66.0 66.4  9.1  6.2  0.4  1.1
  0.4  2.0 25.8  6.7  7.4 39.0  9.8  7.6  0.7  2.7  1.6  2.0  2.5  4.0  0.4
  2.0  5.1  3.1  1.6  3.3 13.6 17.6  6.5  1.1  2.0 69.3 89.1  4.0129.5  7.8
  2.0  0.2  0.0  0.0  0.0  0.0  0.0  0.0  0.0  0.0  0.0  0.0  0.0  0.0  0.0
  0.0  0.0  0.0  1.1  0.9  2.0  1.1  0.4  0.0  0.0  0.0  0.0  0.0  0.2  0.0
  0.0  0.2  1.8  0.9  0.0  0.0  0.2  0.0  0.0  0.0  0.4  0.0  2.2  0.9  0.0
  5.1  0.4  0.2  5.8  2.9  0.2  3.1  3.6  0.0  0.0  0.0  0.0  0.0  0.0  0.0
  0.7  0.7  0.2  0.0  0.0  0.0  0.7  9.8  5.8  2.0 10.5 18.3  2.7  9.4  6.0
  2.0  5.1  1.1  0.7  0.7  1.8  0.0 24.3 13.8 14.5  1.8  2.9  4.5  4.5  0.0
     -6.73      2.31     -1.55     -1.83     -0.50  0.4  0.0  0.0  0.0  0.2
                                         4000_story_0898.txt 31.3  4.3 4610
 12.4  4.1  2.2 67.5 13.2  1.1  4.8  2.4 38.2 10.6  3.7  0.2  0.7  5.6  0.4
  0.9  0.7  5.9 12.4  0.9  1.5237.3 98.5 42.1 59.4 60.1  8.9 11.7  1.1  1.7
  0.7  1.7 19.5  4.3  6.9 29.1  6.7 10.8  2.2  2.4  3.3  1.3  3.9  5.2  0.0
  2.2  4.3  3.5  2.6  4.8 20.0 21.0  7.4  1.5  3.5 73.5111.5  3.5134.1  5.2
  0.9  0.2  0.0  0.0  0.0  0.0  0.0  0.0  0.0  0.0  0.0  0.0  0.0  0.0  0.0
  0.0  0.0  0.0  3.7  1.1  2.4  1.5  0.2  0.2  0.0  0.0  0.0  0.0  0.2  1.3
  0.0  0.7  0.4  0.2  0.0  0.4  0.0  0.2  0.2  0.7  0.0  0.4  2.4  0.9  0.0
  8.7  0.4  0.2  9.3  2.6  0.9  4.1  3.7  0.0  0.0  0.0  0.0  0.0  0.0  0.0
  0.0  0.7  0.0  0.0  0.0  0.0  0.0  8.5  3.0  3.0  9.3 10.2  2.6  2.8  5.6
  0.4  5.2  2.0  0.7  0.2  0.2  0.0 19.7 19.7 16.5  1.1  1.7  5.2  3.3  0.0
     -1.19      2.78      0.14     -0.17      0.30  1.1  0.0  0.2  0.2  0.0
                                         4000_story_0899.txt 34.0  4.3 5100
 13.7  1.8 15.7 57.1 15.3  2.0  3.5  1.6 13.7 12.2  2.4  0.2  0.6  1.8  0.4
  0.8  0.6  7.3 11.4  1.0  1.8256.7104.7 39.6 71.4 69.8 11.0  7.5  0.2  2.7
  0.6  3.3 30.6  3.9 10.0 34.5 11.0  6.5  1.4  3.5  0.8  1.2  4.3  4.5  0.6
  2.2  4.7  1.6  1.2  4.3 14.5 23.1  7.3  1.6  3.5 71.8 98.8  1.8145.9  6.7
  2.5  0.4  0.0  0.0  0.0  0.0  0.0  0.0  0.0  0.0  0.0  0.0  0.0  0.0  0.0
  0.0  0.0  0.0  0.8  0.4  1.2  1.2  0.4  0.4  0.2  0.0  0.0  0.6  0.2  0.0
  0.2  1.0  1.2  0.2  0.4  0.8  0.2  0.4  0.2  0.6  0.2  0.2  2.5  0.2  0.0
  3.5  1.0  0.8  5.3  2.5  2.0  5.1  3.1  0.0  0.0  0.0  0.0  0.0  0.0  0.0
  0.2  0.6  0.0  0.0  0.0  0.0  0.4 13.7  5.7  3.3  7.6 15.9  1.8  5.5  3.5
  3.1  3.3  1.6  0.6  1.4  1.8  0.8 27.1 12.7 17.6  1.8  2.7  8.6  3.9  0.0
     -4.37      3.21      0.33     -2.17      0.90  1.2  0.0  0.0  0.0  0.0
                                         4000_story_0920.txt 34.0  4.3 4953
 13.5  4.4 23.0 63.4 17.4  1.8  2.2  3.0 25.0 11.9  1.4  0.6  0.2  4.4  0.4
  0.8  2.6  6.1 10.9  1.4  2.8241.5107.6 32.3 77.3 59.8 11.5 10.9  0.6  1.8
  0.2  2.0 22.6  3.6  9.1 40.0 13.1 10.5  2.8  3.8  2.4  1.6  2.8  5.9  0.2
  2.8  7.7  2.0  1.2  2.4 19.0 25.0  8.9  4.0  2.6 60.2102.2  0.8166.4 11.5
  1.2  0.4  0.0  0.0  0.0  0.0  0.0  0.0  0.0  0.0  0.0  0.0  0.0  0.0  0.0
  0.0  0.0  0.0  1.8  1.6  2.2  1.4  0.4  0.2  0.2  0.0  0.0  0.2  0.0  0.4
  0.6  1.2  1.2  0.8  0.2  0.0  0.2  0.2  0.2  1.0  0.4  0.2  1.2  0.6  0.0
  7.1  0.8  0.2  8.1  4.2  0.8  6.1  2.4  0.0  0.0  0.0  0.0  0.0  0.0  0.0
  1.4  0.4  0.6  0.0  0.0  0.0  0.0 12.7  2.8  1.8  6.9 18.4  3.0  2.6  6.1
  4.2  2.2  2.8  1.0  0.4  0.6  0.8 36.3 22.6 16.8  2.0  4.6  9.1  3.4  0.0
      3.24      3.70     -1.24      0.35      0.09  0.4  0.0  0.0  0.0  0.0
                                         4000_story_0921.txt 34.8  4.0 5030
 11.3  4.0 45.1 57.5 23.5  2.6  4.6  0.8 41.4 12.9  1.4  0.0  1.4  2.0  0.8
  1.6  1.0  4.4 20.9  1.4  2.4230.2 97.8 32.2 77.1 63.6 12.9  6.4  1.2  2.2
  0.4  2.0 23.7  5.2 10.5 40.6 11.3  9.7  0.6  1.2  1.4  1.0  4.6  5.8  0.6
  1.4  7.4  2.0  0.4  3.0 15.5 31.4  7.8  2.4  3.8 61.6128.4  3.8147.9  4.6
  1.4  0.0  0.0  0.0  0.0  0.0  0.0  0.0  0.0  0.0  0.0  0.0  0.0  0.0  0.0
  0.0  0.0  0.0  2.4  0.8  1.2  1.8  0.4  0.0  0.2  0.0  0.0  0.0  0.0  0.0
  0.0  1.2  0.6  0.6  0.0  0.4  0.4  0.0  0.0  0.4  0.0  0.0  1.4  0.2  0.0
  6.2  0.6  0.0  6.8  2.4  0.8  3.6  1.6  0.0  0.0  0.0  0.0  0.0  0.0  0.0
  0.4  0.0  0.0  0.0  0.0  0.0  1.4 15.7  1.2  3.2  8.3 16.9  3.0  6.8  7.6
  2.2  4.4  1.0  1.2  0.8  0.6  0.0 29.0 12.5 18.1  1.0  1.8  7.4  3.6  0.0
      4.86      3.30     -1.37     -2.49      1.01  1.4  0.0  0.0  0.0  0.0
                                         4000_story_0922.txt 31.3  4.2 4114
 18.2  2.2  1.7 83.6 25.5  3.4  4.9  3.6 30.9 16.3  4.1  0.0  0.2  2.7  0.0
  2.2  0.5 10.7 25.8  2.7  0.7197.1 96.3 28.0 46.2 44.7 11.2  4.1  0.7  4.1
  1.2  1.2 38.9  5.8  5.6 29.7 18.7 13.9  0.5  3.9  2.9  5.8  4.6 12.2  1.7
  2.2  7.3  4.1  2.4  9.7 27.5 38.2 16.0  3.2  6.1 59.3101.1  4.4150.2  4.1
  4.1  0.5  0.0  0.0  0.0  0.0  0.0  0.0  0.0  0.0  0.0  0.0  0.0  0.0  0.0
  0.0  0.0  0.0  1.0  2.9  4.1  1.5  1.0  0.2  0.5  0.0  0.0  0.0  0.0  0.5
  1.2  3.6  1.5  0.0  0.2  1.0  0.2  0.2  0.7  2.2  0.5  0.2  1.7  0.5  0.0
  9.5  1.7  0.0 11.2  6.8  2.4 11.4  2.9  0.0  0.0  0.0  0.0  0.0  0.0  0.0
  1.0  0.0  0.0  0.0  0.0  0.0  0.0 11.2  5.3  1.5 12.4  8.8  0.5  2.7  2.7
  0.2  2.7  2.2  0.7  0.7  0.5  0.5 23.8  9.5 25.0  3.6  1.9  5.1  2.9  0.0
      7.86      0.69      2.73      2.34      3.12  2.7  0.7  0.0  0.0  0.0
                                         4000_story_0924.txt 30.3  4.6 5059
  7.1  0.4  0.2 19.4  0.2  0.0  1.8  1.8 28.1 10.3  0.6  0.2  0.2  3.0  2.0
  4.9  0.0  4.3 21.2  0.0  1.2243.9141.9 62.1 63.3 19.0 12.5  1.2  2.0  3.6
  1.4  3.8 45.1  7.7  4.7 38.1  9.9  2.0  0.4  1.8  0.8  5.9  5.7 10.7  2.6
  2.0  5.9  2.0  2.8  3.8  7.1 32.8 15.2  0.0  6.9 92.5 47.2  1.2102.2  8.5
  2.0  0.4  0.0  0.0  0.0  0.0  0.0  0.0  0.0  0.0  0.0  0.0  0.0  0.0  0.0
  0.0  0.0  0.0  0.8  0.0  0.6  2.8  0.2  0.2  0.0  0.0  0.0  0.0  0.4  0.6
  0.4  0.2  0.8  2.2  0.0  0.0  0.0  0.0  0.0  0.4  0.4  0.2  3.2  1.6  0.0
  4.2  0.4  0.4  4.9  4.2  0.0  4.5  5.3  0.0  0.0  0.0  0.0  0.0  0.0  0.0
  0.0  0.0  0.2  0.0  0.0  0.0  0.0  8.9  4.2  6.3 11.3 10.9  7.1 12.5 17.4
  2.6  3.6  0.6  1.8  0.4  2.8  2.4 15.4  6.7 11.7  0.8  6.3 12.1  3.6  0.0
     -9.96     -0.19      3.93     -2.45      4.19  1.0  0.2  0.0  0.2  0.0
                                         4000_story_0925.txt 32.5  4.3 4896
 14.5  3.3  1.6 60.9  4.1  1.0  3.9  4.3 12.5 17.2  2.0  0.4  0.2  3.3  0.4
  2.0  1.0  8.8 24.7  0.6  1.2214.7115.6 41.3 48.8 45.5 10.8  5.1  2.0  3.5
  1.2  3.1 27.8  4.3  5.5 33.5 14.9  5.7  1.0  1.2  2.2  1.8  4.9 11.0  0.6
  1.2  8.4  5.7  2.7  3.9 16.7 37.8 12.9  1.6  6.7 85.2 62.1  2.0128.9  6.5
  2.5  0.4  0.0  0.0  0.0  0.0  0.0  0.0  0.0  0.0  0.0  0.0  0.0  0.0  0.0
  0.0  0.0  0.0  2.9  1.4  2.9  1.2  0.4  0.2  0.4  0.0  0.2  0.0  0.0  0.2
  0.6  1.2  2.0  0.8  0.6  1.0  0.0  0.2  0.4  0.6  0.2  0.0  3.5  0.6  0.0
  8.4  1.0  0.2  9.6  4.9  2.2  7.8  4.3  0.0  0.0  0.0  0.0  0.0  0.0  0.0
  0.4  0.4  0.0  0.4  0.0  0.0  0.2 11.4  4.3  2.5 15.7 19.0  1.2  7.1  9.8
  0.6  1.6  4.5  1.6  0.6  1.2  0.2 21.7 10.6 19.6  1.8  4.5  7.8  3.1  0.0
      0.93      0.93      3.34     -2.55      1.98  0.4  0.2  0.2  0.0  0.0
                                         4000_story_0926.txt 31.5  4.3 2355
  8.9  3.0  0.8 19.5  0.0  0.4  0.4  2.5  0.0 10.2  1.3  1.7  0.0  1.3  0.0
  4.2  0.0  2.5 16.1  0.4  2.5230.1114.6 42.5 88.7 83.2  5.1  0.8  0.4  1.7
  0.0  5.1 24.6  4.2  4.7 43.7 13.2  4.7  0.4  1.7  0.4  2.5  6.4 11.0  0.4
  1.3  6.8  3.4  0.8  3.4  7.6 31.4 12.7  0.4  2.1 76.9 83.2  2.1132.1  9.8
  2.1  0.0  0.0  0.0  0.0  0.0  0.0  0.0  0.0  0.0  0.0  0.0  0.0  0.0  0.0
  0.0  0.0  0.0  1.7  0.8  2.1  1.7  0.0  0.0  0.0  0.0  0.4  0.0  0.0  0.0
  0.4  0.8  1.3  0.8  0.0  0.4  0.4  0.0  0.0  0.4  0.0  0.0  2.5  0.4  0.0
  6.4  0.0  0.4  6.8  3.4  0.8  4.7  3.0  0.0  0.0  0.0  0.0  0.0  0.0  0.0
  1.3  0.8  0.4  0.0  0.0  0.0  0.0 62.4  1.7  1.7 12.3 17.0  0.8  7.2  5.5
  3.0  6.4  0.4  1.3  0.0  0.4  0.0 31.8  6.4  9.3  3.4  8.5  4.7  5.5  0.0
     -9.46      2.03      0.60     -3.36      2.76  0.4  0.4  0.4  0.0  0.0
                                         4000_story_0928.txt 33.3  4.2 5239
 13.0  4.6 13.0 45.0 11.5  2.3  0.4  1.1 18.7  8.2  0.8  0.8  0.6  5.7  0.8
  2.1  1.0  3.6 17.4  1.0  1.0203.7105.4 35.1 90.5 73.9  8.0 12.2  1.0  1.9
  0.0  3.8 28.1  7.4 13.9 53.8  8.6  7.1  0.6  2.3  1.0  1.7  6.1  4.6  0.4
  3.4  4.4  1.3  0.4  4.6 11.6 28.6  8.4  1.9  2.9 66.8104.0  1.9148.9  8.6
  0.8  0.2  0.0  0.0  0.0  0.0  0.0  0.0  0.0  0.0  0.0  0.0  0.0  0.0  0.0
  0.0  0.0  0.0  2.7  0.6  3.4  2.7  1.0  0.2  0.0  0.0  0.0  0.0  0.2  0.2
  0.2  1.3  0.2  1.5  0.0  0.2  0.4  0.0  0.2  0.8  0.0  0.4  3.1  1.3  0.0
  9.4  1.1  0.2 10.7  3.4  0.8  5.0  4.8  0.0  0.0  0.0  0.0  0.0  0.0  0.0
  0.8  0.2  0.2  0.0  0.0  0.0  0.6 12.2  1.7  1.3  7.8 17.0  1.5  4.0  4.6
  5.0  2.7  4.4  0.6  0.0  0.4  0.0 25.8 16.8 15.5  1.7  2.1 14.1  5.7  0.0
     -0.38      4.34     -3.43     -2.56      2.29  1.0  0.0  0.2  0.0  0.0
                                         4000_story_0929.txt 32.8  4.3 3438
  7.3  2.0  8.1 32.9  3.2  0.6  1.5  1.5  8.4 15.7  1.2  0.3  0.3  3.2  0.6
  1.5  0.3  3.5 14.8  0.3  2.0233.9125.1 38.7 89.9 66.0  9.0  5.2  1.2  4.4
  0.6  4.7 28.2  6.4  9.9 39.8  7.0  4.9  1.5  4.4  0.9  3.5  4.7  6.4  1.2
  2.6  5.5  2.3  1.2  5.2  9.3 29.7 10.2  0.6  6.1 67.8 77.7  2.3140.2  8.4
  2.3  0.9  0.0  0.0  0.0  0.0  0.0  0.0  0.0  0.0  0.0  0.0  0.0  0.0  0.0
  0.0  0.0  0.0  0.6  1.2  1.7  1.7  0.3  0.3  0.3  0.0  0.0  0.0  0.0  0.0
  0.0  1.5  2.0  0.3  0.0  0.3  0.0  0.3  0.0  0.9  0.3  0.0  1.2  1.5  0.0
  5.2  0.9  0.0  6.1  3.8  0.6  5.2  2.9  0.0  0.0  0.0  0.0  0.0  0.0  0.0
  0.6  0.3  0.0  0.0  0.0  0.0  0.0 10.2  3.2  1.2  5.8 24.1  1.7  2.9  8.4
  3.5  2.6  1.7  1.7  0.0  1.5  0.6 27.3  9.9 12.2  1.5  4.9  9.9  2.0  0.0
     -8.25      2.87      1.05     -1.16      1.99  1.2  0.0  0.0  0.0  0.0
                                         4000_story_0931.txt 33.0  4.4 3982
  8.0  0.8 14.1 32.4  3.5  1.0  1.8  1.3 15.6  6.8  1.0  0.0  1.0  0.5  0.3
  0.3  0.3  4.5 17.8  0.8  1.3243.6119.3 68.6 75.1 56.0  6.3  7.0  2.0  4.0
  1.3  5.8 27.1  4.5 10.3 33.7  7.3  5.0  0.0  3.8  0.3  1.8  5.3  6.5  0.3
  3.0  5.5  3.3  1.8  2.5  9.8 32.9  9.8  1.0  7.3 99.9 75.1  1.5129.6 11.3
  2.8  0.0  0.0  0.0  0.0  0.0  0.0  0.0  0.0  0.0  0.0  0.0  0.0  0.0  0.0
  0.0  0.0  0.0  1.5  0.5  0.5  2.0  0.0  0.0  0.3  0.0  0.0  0.0  0.0  0.0
  0.3  1.0  1.0  1.0  0.0  0.5  0.0  0.3  0.0  0.0  0.0  0.3  0.8  0.3  0.0
  4.5  0.3  0.0  4.8  3.3  0.8  4.0  1.3  0.0  0.0  0.0  0.0  0.0  0.0  0.0
  0.5  0.0  0.0  0.0  0.0  0.0  0.0 14.8  2.3  1.3  8.5 16.1  1.3  6.5  7.0
  0.0  3.0  8.0  3.8  0.8  1.0  0.3 25.9 10.3 11.8  1.5  3.8  9.8  5.0  0.0
    -11.68      1.74      3.10     -2.87      1.82  1.0  0.0  0.0  0.5  0.0
                                         4000_story_0932.txt 35.0  4.3 3387
 12.7  3.0 20.1 43.7  4.4  2.1  1.5  0.9 13.3  7.1  0.0  0.3  0.6  3.0  0.0
  1.5  1.8  3.8 10.3  0.3  2.1231.5107.2 43.4 92.4 65.8  9.7 14.2  1.5  5.3
  0.6  4.7 21.8  9.4 10.6 46.9  9.2  2.7  1.5  3.0  0.9  1.8 10.9  3.2  0.3
  3.5  3.5  2.1  0.3  2.7  7.4 21.8  7.1  2.1  7.4 73.5 83.6  0.6155.3  7.7
  1.8  0.3  0.0  0.0  0.0  0.0  0.0  0.0  0.0  0.0  0.0  0.0  0.0  0.0  0.0
  0.0  0.0  0.0  1.2  1.2  1.2  1.5  0.0  0.3  0.0  0.0  0.0  0.0  0.0  0.0
  0.6  0.3  1.8  0.9  0.0  0.9  0.0  0.0  0.0  0.6  0.0  0.0  0.9  0.0  0.0
  5.0  0.3  0.0  5.3  3.5  0.9  5.0  0.9  0.0  0.0  0.0  0.0  0.0  0.0  0.0
  1.2  0.0  0.0  0.0  0.0  0.0  0.3  6.2  2.1  1.5  7.7 10.0  3.8  5.9  8.9
  0.3  6.5  3.2  0.3  0.3  2.4  0.3 32.5 17.4 18.0  2.4  2.1  8.3  4.4  0.0
     -5.47      4.74     -0.19     -3.02      5.06  0.9  0.3  0.0  0.0  0.0
                                         4000_story_0935.txt 36.0  4.4 3642
  4.4  0.3  4.1 39.3  1.1  0.0  1.4  1.1 23.1 11.8  0.8  0.3  0.3  1.9  0.3
  0.5  0.5  5.2  9.9  0.0  1.6246.0129.3 61.0 61.8 39.5  8.5  2.2  0.3  1.4
  1.6  5.8 25.8  4.1  6.9 41.7 11.3  3.8  0.3  2.2  0.8  0.8  3.0  6.6  0.5
  2.5  6.3  1.9  2.5  2.5  9.9 24.4  9.6  0.5  3.3 90.1 63.7  1.9121.1  8.5
  4.4  0.3  0.0  0.0  0.0  0.0  0.0  0.0  0.0  0.0  0.0  0.0  0.0  0.0  0.0
  0.0  0.0  0.0  0.5  0.3  1.1  0.5  0.3  0.0  0.0  0.0  0.0  0.0  0.0  0.0
  0.5  1.4  0.8  0.3  0.3  0.5  0.0  0.0  0.0  1.1  0.5  0.0  1.6  0.8  0.0
  2.5  0.3  0.0  2.7  3.0  0.8  4.9  3.0  0.0  0.0  0.0  0.0  0.0  0.0  0.0
  0.0  0.3  0.0  0.0  0.0  0.0  0.0  3.3  3.0  1.6  8.0 11.3  3.8  6.0 14.3
  0.3  5.5  0.8  2.5  0.5  1.4  0.0 29.9  5.8  6.6  0.8  6.6  8.2  6.0  0.0
    -13.16      0.11      1.68     -3.88      0.48  0.8  0.0  0.0  0.0  0.3
                                         4000_story_0936.txt 30.3  4.3 4778
 11.5  1.3  2.1 39.3  1.7  0.0  1.5  2.5 35.0 15.7  0.6  1.7  0.8  2.5  0.6
  2.1  0.2  8.6 20.7  0.2  0.0236.5114.3 43.3 64.0 33.7 13.0  2.9  1.3  3.6
  1.0  2.1 44.0  6.1  6.5 38.7 12.1  3.8  0.6  2.5  2.7  3.6  5.0  8.0  1.7
  2.5  5.0  6.3  3.6  3.8 15.1 32.0 12.1  0.4  5.9 67.6 70.3  2.5121.4  5.0
  4.6  0.6  0.0  0.0  0.0  0.0  0.0  0.0  0.0  0.0  0.0  0.0  0.0  0.0  0.0
  0.0  0.0  0.0  2.1  1.3  3.8  1.7  0.4  0.4  0.4  0.2  0.2  0.2  0.2  0.4
  0.4  1.5  1.0  1.3  0.4  0.6  0.2  0.0  0.0  0.6  0.2  0.4  2.9  3.3  0.0
  8.8  1.3  0.8 10.9  4.6  1.3  6.5  6.9  0.0  0.0  0.0  0.0  0.0  0.0  0.0
  0.0  0.0  0.2  0.2  0.0  0.0  0.2 11.1  4.0  5.9 13.4  9.0  3.1  4.0  9.0
  0.8  4.0  3.1  0.6  1.0  1.9  1.0 18.8  8.6 18.4  0.8  2.7  6.9  0.8  0.0
     -4.35      0.91      2.43     -1.65      2.82  2.3  1.0  0.0  0.0  0.0
                                         4000_story_0938.txt 33.0  4.1 2561
  5.9  0.4 28.1 59.0 16.8  1.2  0.8  2.0 29.7  9.4  1.6  0.0  1.6  4.3  0.8
  2.7  0.8  2.7 14.4  0.8  2.7207.7 91.8 28.5 73.8 69.5  7.0  9.8  0.0  3.5
  0.8  2.7 20.7  5.1 11.7 46.9  9.0 19.1  0.8  8.2  2.0  1.2  9.0  5.1  0.0
  1.2  4.3  1.2  1.6  2.3 23.8 29.7  6.2  1.6  4.3 74.2116.0  4.7148.0 11.3
  2.0  0.0  0.0  0.0  0.0  0.0  0.0  0.0  0.0  0.0  0.0  0.0  0.0  0.0  0.0
  0.0  0.0  0.0  0.4  0.0  1.6  0.0  0.0  0.0  0.0  0.0  0.0  0.0  0.0  0.4
  0.0  2.0  1.6  0.4  0.0  0.4  0.0  0.0  0.0  0.4  0.4  0.0  1.2  0.4  0.0
  2.0  0.0  0.0  2.0  4.3  0.4  5.1  2.0  0.0  0.0  0.0  0.0  0.0  0.0  0.0
  1.6  0.0  0.4  0.0  0.4  0.0  0.0  7.0  2.7  0.8  2.0 16.4  2.7  4.7  2.0
  0.8  4.7  0.8  0.8  0.4  0.4  0.0 27.3  9.8 12.5  0.4  4.7  5.1  4.7  0.0
      0.09      2.95     -1.67      3.33      3.13  0.4  0.0  0.0  0.4  0.0
                                         4000_story_0939.txt 32.8  4.3 2169
 12.9  4.1 12.0 47.5 11.5  0.5  1.8  2.3 17.5  7.4  1.4  0.0  0.0  3.2  0.0
  3.7  3.2  7.8  8.8  0.9  0.9222.7110.7 34.6 89.9 69.6  7.8 11.5  1.4  5.1
  0.0  4.1 42.4  8.3 11.5 41.5  9.2  4.1  0.5  4.1  1.8  1.8  3.7  8.3  0.5
  2.8  6.9  1.4  1.4  7.4 13.8 24.0 11.5  4.1  6.5 61.8 98.7  1.8150.3  6.0
  0.0  0.0  0.0  0.0  0.0  0.0  0.0  0.0  0.0  0.0  0.0  0.0  0.0  0.0  0.0
  0.0  0.0  0.0  2.3  0.0  1.8  3.2  0.5  0.0  0.0  0.0  0.0  0.0  0.0  0.9
  0.9  0.5  0.5  0.5  0.0  1.4  0.0  0.0  0.5  0.0  0.0  0.0  1.8  1.4  0.0
  7.4  0.5  0.0  7.8  3.2  1.8  5.1  3.2  0.0  0.0  0.0  0.0  0.0  0.0  0.0
  2.3  0.9  0.5  0.0  0.0  0.0  0.5 12.4  1.8  2.3  8.8 12.9  0.5  5.5 11.1
  4.1  2.3  0.5  0.9  2.3  0.9  0.0 26.7 16.6 15.2  0.5  4.1 12.4  3.2  0.0
     -0.05      3.97      0.69     -1.97      1.18  0.9  0.5  0.0  0.0  0.0
                                         4000_story_0943.txt 30.5  4.4 3719
 15.3  4.0  4.0 30.9  4.8  0.0  1.6  2.4  5.4  9.9  1.6  0.3  0.0  1.9  0.3
  3.0  0.0  3.8 12.6  0.5  1.1219.4119.4 52.7 93.0 89.0  9.4  5.9  0.5  3.0
  0.3  6.2 30.7  4.0  8.6 39.5  9.9  4.0  1.1  1.9  1.1  2.4  5.6  6.5  0.8
  3.8  7.0  5.4  1.1  5.1  8.9 28.0 11.0  0.5  3.8 86.0 99.2  1.6142.5  7.0
  4.6  0.3  0.0  0.0  0.0  0.0  0.0  0.0  0.0  0.0  0.0  0.0  0.0  0.0  0.0
  0.0  0.0  0.0  2.7  1.9  4.0  1.1  0.3  0.3  0.0  0.0  0.0  0.3  0.0  0.5
  0.5  2.2  0.5  0.8  0.0  1.3  0.3  0.0  0.0  1.6  0.3  0.0  3.0  0.3  0.0
  9.7  0.5  0.3 10.5  4.6  1.6  7.8  3.5  0.0  0.0  0.0  0.0  0.0  0.0  0.0
  0.5  0.3  0.0  0.0  0.0  0.0  0.3 18.8  1.9  3.5  9.1 12.1  3.0  7.3  2.2
  1.1  4.8  7.3  0.8  0.8  1.1  0.0 26.1  8.6 19.4  1.1  5.9  8.1  6.5  0.0
     -9.67      4.19      1.50     -2.96      2.72  0.8  0.0  0.3  0.0  0.0
                                         4000_story_0945.txt 31.0  4.4 5047
  5.2  0.4  1.2 45.4  0.0  0.4  1.8  1.6  2.0 15.3  0.8  0.6  0.0  3.2  0.8
  1.6  0.2  3.4 19.4  0.0  0.0265.7140.5 50.7 47.6 19.8  6.5  0.4  1.4  5.7
  0.8  3.4 37.6  4.8  7.1 34.9  6.1  2.8  0.8  3.4  1.8  3.0  3.6  6.5  1.0
  1.8  3.6  1.6  2.2  3.2  7.9 30.3  9.3  0.2  7.9 80.8 21.8  1.6103.8  7.1
  4.2  0.6  0.0  0.0  0.0  0.0  0.0  0.0  0.0  0.0  0.0  0.0  0.0  0.0  0.0
  0.0  0.0  0.0  0.0  0.2  1.0  1.2  0.4  0.2  0.2  0.0  0.0  0.6  0.2  0.0
  0.2  0.2  0.6  0.0  0.2  0.6  0.0  0.0  0.0  0.2  0.4  0.0  2.8  1.4  0.0
  2.4  0.8  0.8  4.0  1.0  0.8  2.0  4.6  0.0  0.0  0.0  0.0  0.0  0.0  0.0
  0.0  0.0  0.0  0.0  0.0  0.0  0.2  9.5  4.8  3.8 15.9 27.1  3.2  6.7 13.7
  3.0  4.8  1.2  1.4  0.6  0.8  0.2 15.5  2.6  8.7  1.2  4.0  9.3  2.8  0.0
    -11.79     -1.95      3.81     -2.12      0.93  0.8  0.0  0.2  0.0  0.0
                                         4000_story_0951.txt 29.8  4.2 3692
 13.8  3.3 32.8 69.9 19.0  1.9  0.5  2.7 28.4 14.1  2.2  2.2  0.0  6.8  0.0
  1.9  1.1  9.5 16.5  0.5  1.4224.5 85.9 28.2 84.0 80.7 12.2 17.6  0.5  2.4
  1.1  2.7 22.5  6.0  5.4 42.8 16.8 13.5  1.1  2.7  3.8  3.5  3.8  7.9  0.5
  1.4  5.7  1.6  2.2  4.6 26.8 29.8  9.8  1.6  4.1 57.7128.1  4.3170.9  8.4
  0.3  0.3  0.0  0.0  0.0  0.0  0.0  0.0  0.0  0.0  0.0  0.0  0.0  0.0  0.0
  0.0  0.0  0.0  3.0  1.1  2.7  1.9  0.3  0.3  0.0  0.0  0.0  0.0  0.0  1.4
  0.5  4.1  0.5  0.8  0.0  0.3  0.3  0.0  0.0  0.3  0.3  0.0  4.1  0.8  0.0
  8.7  0.5  0.0  9.2  7.3  0.5  8.1  5.1  0.0  0.0  0.0  0.0  0.0  0.0  0.0
  0.3  0.5  0.0  0.0  0.0  0.0  0.8  7.6  1.4  0.5 10.6 17.6  0.5  6.2  2.4
  2.7  3.0  0.8  0.8  1.1  0.5  0.3 26.0 23.6 19.0  1.4  2.7  8.7  5.1  0.0
      5.85      6.23      0.33      1.41      0.79  0.5  0.3  0.0  0.0  0.0
                                         4000_story_0952.txt 29.3  4.2 3736
 10.4  4.0 36.1 67.7 12.6  1.9  2.9  2.4 24.1 41.2  1.3  0.0  0.3  2.7  0.0
  1.1  1.9  2.4 11.5  0.5  5.4242.8 98.0 25.4 77.1 41.2  8.3 17.9  0.8  2.1
  0.0  3.7 16.1  5.1 10.7 61.8 11.5  7.5  0.5  3.7  1.9  1.3 10.2  6.2  2.1
  2.9  3.2  2.4  1.3  2.7 11.8 22.2 11.2  2.4  2.9 46.6 77.9  0.5165.7 10.4
  0.8  0.3  0.0  0.0  0.0  0.0  0.0  0.0  0.0  0.0  0.0  0.0  0.0  0.0  0.0
  0.0  0.0  0.0  2.7  0.8  1.9  1.9  0.5  0.0  0.0  0.0  0.0  0.0  0.0  0.3
  0.0  3.2  1.1  0.3  0.0  0.0  0.0  0.0  0.0  0.3  0.5  0.3  1.6  0.3  0.0
  7.2  0.5  0.0  7.8  4.8  0.0  5.1  2.7  0.0  0.0  0.0  0.0  0.0  0.0  0.0
  2.9  1.1  0.0  0.0  0.0  0.0  1.3 18.7  3.2  2.9  6.2 24.1  2.7  6.2  8.3
  1.9  1.6  0.8  0.0  1.9  1.1  0.0 41.5 20.9 14.2  1.9  1.3  6.2  5.1  0.0
      4.78      3.56     -3.10     -1.52      6.26  1.1  0.0  0.3  0.3  0.0
                                         4000_story_0953.txt 35.5  4.2 4021
 12.2  8.0 28.4 58.2 15.2  1.5  3.2  3.2 23.6 17.2  2.5  1.2  1.5  2.5  0.7
  3.0  1.7  3.5  7.5  1.0  2.5231.5 94.5 35.3 82.8 76.3 11.4 18.4  0.7  1.5
  0.2  5.5 18.2 10.2  7.5 51.2  9.5  5.5  0.5  1.5  2.5  3.0  4.0  6.5  2.0
  3.0  3.7  1.0  3.0  4.7 11.4 19.4 11.4  2.7  2.5 72.1115.1  1.5156.7 10.2
  1.5  0.2  0.0  0.0  0.0  0.0  0.0  0.0  0.0  0.0  0.0  0.0  0.0  0.0  0.0
  0.0  0.0  0.0  3.2  0.5  3.0  2.2  0.2  0.2  0.0  0.0  0.0  0.5  0.0  0.0
  0.0  2.0  0.7  0.0  0.2  0.0  0.5  0.0  0.0  0.2  0.2  0.5  3.5  0.7  0.0
  9.0  0.5  0.5  9.9  2.7  0.7  3.7  5.0  0.0  0.0  0.0  0.0  0.0  0.0  0.0
  0.5  0.5  0.2  0.0  0.0  0.0  0.7 12.9  3.0  3.2  8.0 19.6  3.0  7.2  8.2
  3.7  1.5  4.7  0.0  4.2  0.5  0.2 34.8 20.1 20.1  1.2  4.0  8.0  6.0  0.0
      3.22      6.00     -2.35     -2.09      2.33  0.7  0.2  0.2  0.0  0.0
                                         4000_story_0954.txt 29.0  4.2 3846
 10.9  4.2 37.7 68.4 25.7  3.4  6.0  1.3 26.8 12.5  2.6  0.3  1.0  8.1  0.8
  2.1  1.3  6.2  4.4  0.3  2.9227.0 93.9 30.4 84.0 71.8  8.3 25.7  0.0  0.8
  0.3  3.4 20.5  7.3  4.4 59.0 12.5 13.8  1.0  3.6  0.8  0.8  9.9  4.7  1.3
  2.3  3.1  1.3  2.3  3.4 20.8 14.8  8.3  1.6  1.0 64.5124.3  1.6172.9  9.4
  1.0  0.3  0.0  0.0  0.0  0.0  0.0  0.0  0.0  0.0  0.0  0.0  0.0  0.0  0.0
  0.0  0.0  0.0  1.3  0.0  3.4  2.9  0.0  0.5  0.0  0.0  0.0  0.0  0.0  0.3
  0.3  1.6  0.8  2.3  0.3  0.5  0.0  0.0  0.0  0.3  0.5  0.5  1.8  0.5  0.0
  7.5  0.5  0.0  8.1  5.2  0.8  6.2  3.4  0.0  0.0  0.0  0.0  0.0  0.0  0.0
  2.3  0.3  0.5  0.0  0.0  0.0  2.6  9.6  1.3  2.1  6.8 19.0  1.3  7.3  7.8
  2.1  4.2  0.5  1.3  1.6  0.8  0.5 37.7 30.9 16.1  1.3  2.9  9.6  3.9  0.0
      4.89      6.59     -2.46     -0.65      5.01  1.3  0.0  0.0  0.0  0.0
                                         4000_story_0955.txt 32.5  4.2 4821
 11.8  4.1  5.4 55.6 18.7  0.4  1.9  3.3 24.1 17.0  2.9  0.6  0.8  2.7  0.6
  1.5  1.0  6.8 22.8  0.2  2.7204.9105.6 25.7 80.7 79.9 12.7  9.1  0.4  2.5
  1.9  2.1 20.5  5.8  4.6 35.1  9.1  8.3  2.3  3.3  3.7  2.9  5.8  6.2  0.6
  1.2  8.7  3.5  2.7  6.2 18.9 37.5  8.1  1.2  4.8 54.6122.6  2.3153.1  8.5
  2.3  0.4  0.0  0.0  0.0  0.0  0.0  0.0  0.0  0.0  0.0  0.0  0.0  0.0  0.0
  0.0  0.0  0.0  1.2  1.0  3.1  1.5  0.4  0.2  0.0  0.0  0.0  0.2  0.0  0.2
  0.6  0.8  0.6  0.6  0.4  0.4  0.0  0.2  0.0  0.6  0.2  0.2  2.3  0.8  0.0
  6.8  0.6  0.2  7.7  2.9  1.0  4.6  3.5  0.0  0.0  0.0  0.0  0.0  0.0  0.0
  0.2  0.4  0.0  0.0  0.0  0.0  0.2  8.9  4.6  2.1  7.3 14.3  2.1  6.6  6.6
  1.7  1.5  1.9  1.0  0.8  0.4  0.0 28.4 14.5 17.0  3.1  6.2  6.8  4.1  0.0
      2.64      4.60      1.36      0.55      1.83  0.6  0.2  0.2  0.0  0.0
                                         4000_story_0957.txt 34.0  4.4 5153
 12.8  4.3  8.7 44.6 11.6  0.8  2.9  1.9 10.1 13.0  1.7  0.8  1.4  1.2  0.8
  0.8  0.4  4.3 21.3  0.8  1.0241.4106.3 33.2 92.6 85.2 13.4 11.1  1.9  2.7
  0.8  2.9 28.9  4.9  5.4 33.4 11.3  7.4  2.3  1.6  2.1  1.7  4.7  6.2  1.2
  2.9  5.2  3.3  2.7  4.3 13.8 31.8 10.3  1.2  5.4 64.6106.9  1.4153.3  7.0
  1.2  0.6  0.0  0.0  0.0  0.0  0.0  0.0  0.0  0.0  0.0  0.0  0.0  0.0  0.0
  0.0  0.0  0.0  1.6  0.4  4.1  1.2  0.0  0.4  0.0  0.0  0.0  0.2  0.0  0.8
  0.2  1.7  1.6  1.0  0.0  0.0  0.2  0.0  0.0  0.8  0.0  0.2  1.0  0.6  0.0
  7.2  0.4  0.2  7.8  5.2  0.2  6.2  1.7  0.0  0.0  0.0  0.0  0.0  0.0  0.0
  1.6  0.2  0.0  0.0  0.0  0.0  0.2 29.9  2.7  3.3  9.9 13.6  3.7  7.6 12.2
  1.7  3.7  6.2  0.0  0.8  0.8  0.8 33.6 19.0 19.0  2.9  3.7  8.2  4.5  0.0
     -3.81      5.73      2.38     -1.68      2.06  0.4  0.0  0.0  0.0  0.0
                                         4000_story_0968.txt 33.0  4.2 4791
 16.9  4.6  7.3 45.9 16.3  0.6  1.9  4.0 21.5 10.9  2.3  0.6  0.2  2.9  1.3
  1.5  1.0  7.5 24.4  0.2  1.3219.2110.0 31.5 85.4 82.4 14.0  6.9  0.2  1.3
  0.8  3.8 27.6  3.8  6.9 31.7  9.4  7.9  1.7  3.5  2.1  3.3  3.1  5.4  0.4
  2.5  8.6  6.3  2.3  3.5 17.5 40.9  8.3  1.3  2.3 55.9120.2  1.9146.9  9.2
  2.5  0.4  0.0  0.0  0.0  0.0  0.0  0.0  0.0  0.0  0.0  0.0  0.0  0.0  0.0
  0.0  0.0  0.0  2.3  1.5  4.8  1.9  0.2  0.4  0.0  0.0  0.0  0.8  0.0  0.4
  0.0  2.1  0.6  0.8  0.0  0.6  0.2  0.0  0.0  1.0  0.2  0.0  2.3  0.6  0.0
 10.4  0.6  0.8 11.9  4.0  0.8  5.8  3.1  0.0  0.0  0.0  0.0  0.0  0.0  0.0
  0.2  0.2  0.0  0.2  0.0  0.0  0.6  8.3  4.0  2.7 11.3 17.5  2.9  6.1  9.2
  4.0  2.7  1.0  1.5  0.2  0.4  0.4 28.4 14.0 24.4  1.7  5.4  8.3  2.9  0.0
      1.37      4.71      0.88     -0.24      0.28  1.7  0.0  0.0  0.0  0.0
                                         4000_story_0969.txt 31.3  4.3 4702
 14.2  6.4 15.5 57.0 10.2  1.3  4.0  3.2 15.3 12.3  2.8  0.0  0.2  2.8  0.4
  1.7  0.9  7.2 22.3  1.1  1.1242.0102.3 29.1 73.8 75.9 10.8  9.4  0.6  2.6
  1.5  1.9 24.7  4.7  6.2 30.4 12.3 12.3  1.3  3.2  1.9  3.6  3.2  6.8  0.2
  1.7  7.2  3.6  2.6  4.9 21.5 34.7  8.7  1.9  4.7 57.4101.4  0.9149.9  7.7
  2.6  0.2  0.0  0.0  0.0  0.0  0.0  0.0  0.0  0.0  0.0  0.0  0.0  0.0  0.0
  0.0  0.0  0.0  3.8  1.7  3.6  1.9  0.0  0.4  0.0  0.0  0.0  0.2  0.0  0.0
  1.1  1.5  1.7  0.2  0.2  1.1  0.2  0.2  0.0  0.0  0.0  0.0  1.7  0.2  0.0
 11.1  0.4  0.2 11.7  4.5  1.7  6.2  1.9  0.0  0.0  0.0  0.0  0.0  0.0  0.0
  0.2  0.4  0.2  1.3  0.0  0.0  0.0 10.8  2.8  1.7 15.1 15.3  1.1  4.7  7.0
  3.2  2.3  1.3  0.2  0.4  0.6  0.2 26.4 13.0 21.7  1.7  3.2  6.4  2.8  0.0
      0.97      3.89      1.52      0.55      0.11  0.6  0.0  0.0  0.0  0.0
                                         4000_story_0972.txt 30.5  4.1 3694
 19.2 11.6  1.4 77.4 11.6  1.4  1.9  3.8 25.7 16.5  1.1  1.1  1.1  4.1  0.5
  3.0  0.8  6.5 38.4  0.3  1.9227.4 95.6 22.2 63.3 83.4  8.4 21.9  3.0  4.6
  1.4  2.2 29.8  7.9  5.4 31.1 16.0  9.7  3.2  4.1  4.3  3.0  4.9  7.6  0.8
  1.9  7.6  5.7  1.4  4.6 20.6 53.3 10.3  1.1  8.9 41.1120.7  7.9155.4  6.2
  1.6  0.5  0.0  0.0  0.0  0.0  0.0  0.0  0.0  0.0  0.0  0.0  0.0  0.0  0.0
  0.0  0.0  0.0  9.7  1.1  2.7  3.2  1.1  0.3  0.0  0.0  0.0  0.3  0.0  0.8
  0.8  0.0  1.4  1.1  0.3  0.8  0.5  0.0  0.0  0.5  0.3  0.0  4.1  0.3  0.0
 16.8  1.4  0.3 18.4  4.1  1.6  6.2  4.6  0.0  0.0  0.0  0.0  0.0  0.0  0.0
  0.8  0.8  0.0  0.0  0.0  0.0  0.0 12.2  4.1  3.5 12.5  6.8  2.4  7.6  1.4
  1.9  1.4  1.4  0.0  1.1  1.1  0.0 24.1 29.2 27.3  2.4  0.8 13.0  1.6  0.0
      9.47      5.74      3.52      1.86      1.80  0.0  0.3  0.0  0.0  0.0
                                         4000_story_0973.txt 33.8  4.2 5283
 15.3  5.7 17.8 63.8 21.8  1.1  1.9  2.5 30.5 14.0  2.8  0.2  0.4  4.4  1.3
  2.7  1.1  4.4 17.2  0.2  2.7197.8 91.6 32.0 84.6 86.3  9.3 16.7  0.4  1.5
  1.1  2.5 26.7  7.2  7.4 51.9 14.0  9.1  1.5  4.2  3.0  2.5  8.0  3.6  0.0
  1.9  6.4  1.9  1.9  6.8 16.5 30.5  5.5  1.3  3.0 68.3138.6  2.8165.1  7.8
  2.8  0.4  0.0  0.0  0.0  0.0  0.0  0.0  0.0  0.0  0.0  0.0  0.0  0.0  0.0
  0.0  0.0  0.0  3.2  0.6  3.8  2.8  0.6  0.4  0.0  0.0  0.0  0.0  0.6  1.7
  0.2  2.5  0.2  0.6  0.0  0.8  0.6  0.0  0.2  0.6  0.0  0.0  3.8  0.8  0.0
 10.4  0.9  0.6 11.9  5.1  1.5  7.2  4.5  0.0  0.0  0.0  0.0  0.0  0.0  0.0
  1.3  1.1  0.4  0.0  0.0  0.0  0.0 11.7  4.0  2.5  9.8 20.4  1.1  5.3  4.9
  2.5  2.3  0.8  0.4  0.6  0.8  0.2 25.0 28.4 24.2  1.3  3.4  9.3  3.4  0.0
      4.19      5.76     -1.42      0.37      2.50  1.1  0.0  0.6  0.6  0.0
                                         4000_story_0976.txt 33.3  4.1 3540
 18.6  4.5 16.9 50.0 18.4  1.1  3.7  1.1 24.3 15.5  0.3  0.0  0.8  2.8  0.6
  1.4  0.6  6.5 21.8  1.4  3.1189.5 87.9 41.5 97.2 76.3 14.1 12.1  0.8  4.0
  1.1  4.0 19.2  8.5 10.5 45.5 12.4  4.8  0.6  2.5  2.3  2.0  7.6  6.5  0.3
  0.6  5.4  1.7  1.7  2.0 13.6 33.6  7.3  2.0  5.9 74.6118.9  4.0162.7  7.9
  4.5  0.0  0.0  0.0  0.0  0.0  0.0  0.0  0.0  0.0  0.0  0.0  0.0  0.0  0.0
  0.0  0.0  0.0  0.6  1.1  3.1  3.4  0.6  0.0  0.0  0.0  0.0  0.0  0.0  0.0
  0.3  1.1  0.8  2.0  0.0  0.3  0.3  0.3  0.3  0.0  0.0  0.0  3.4  1.1  0.0
  8.2  0.6  0.0  8.8  4.2  1.1  5.4  4.5  0.0  0.0  0.0  0.0  0.0  0.0  0.0
  0.0  1.1  0.3  0.0  0.0  0.0  0.8 20.1  2.0  1.1  8.5 15.8  2.3  4.8  3.4
  1.7  3.1  2.8  0.8  1.4  1.1  0.3 31.9 18.6 23.7  1.4  5.4  8.8  4.5  0.0
      3.84      5.82     -0.80     -2.26      2.52  0.6  0.0  0.0  0.0  0.0
                                         4000_story_0979.txt 30.3  4.0 5046
 16.3  5.4 30.5 75.1 23.2  2.8  3.6  4.4 30.9 18.8  3.4  0.8  0.2  3.0  1.6
  3.4  1.8  4.8 17.0  0.4  2.2163.3 86.2 28.9 91.8113.0 14.3 20.6  0.2  0.4
  0.8  2.8 16.4  7.3  7.5 47.2 13.5 12.5  0.4  6.3  2.0  1.8  5.0  6.5  0.8
  1.2  5.7  3.4  2.2  6.3 19.2 32.7  8.5  2.2  1.4 63.0167.1  4.0180.3  6.7
  2.0  0.2  0.0  0.0  0.0  0.0  0.0  0.0  0.0  0.0  0.0  0.0  0.0  0.0  0.0
  0.0  0.0  0.0  1.8  2.2  3.4  3.8  0.4  0.4  0.0  0.0  0.0  0.0  0.2  0.2
  0.6  2.2  0.2  1.8  0.2  0.0  0.4  0.0  0.0  0.2  0.2  0.4  2.4  1.4  0.0
 11.1  0.8  0.2 12.1  5.0  0.6  5.7  4.4  0.0  0.0  0.0  0.0  0.0  0.0  0.0
  1.2  1.2  0.0  0.0  0.0  0.0  0.4 11.7  3.4  5.4 10.3 12.5  1.4  7.1  1.6
  0.8  2.4  2.0  0.6  1.2  0.0  0.4 31.9 23.6 23.2  2.6  2.6 10.3  4.8  0.0
     10.59      8.87     -2.81      1.04      1.45  0.4  0.0  0.2  0.0  0.0
                                         4000_story_0980.txt 35.8  4.1 4847
 16.9  7.2 32.6 84.8 26.8  5.2  3.9  5.6 36.5 20.4  2.3  0.8  0.6  6.6  0.4
  2.5  1.7  8.0 25.8  0.4  2.5153.9 86.9 25.4 81.3 93.9 13.6 17.5  0.4  1.2
  0.8  1.2 21.3  7.6  4.7 59.6 15.3 13.4  2.1  5.8  3.7  5.0  9.1  4.7  0.0
  0.6  8.5  2.5  2.5  5.0 25.2 42.1  5.4  2.1  2.5 61.9157.2  2.5176.6  6.8
  2.3  0.4  0.0  0.0  0.0  0.0  0.0  0.0  0.0  0.0  0.0  0.0  0.0  0.0  0.0
  0.0  0.0  0.0  3.5  1.0  2.9  3.1  0.0  0.4  0.0  0.0  0.2  0.2  0.0  0.6
  0.2  2.9  1.2  1.2  0.0  0.2  0.6  0.0  0.2  1.4  0.2  0.0  3.5  1.7  0.0
 10.5  0.4  0.4 11.3  6.2  1.0  8.7  5.4  0.0  0.0  0.0  0.0  0.0  0.0  0.0
  2.1  0.4  0.0  0.2  0.0  0.0  0.6  8.9  5.6  3.3 10.1  8.9  3.7  5.6  1.9
  0.2  1.4  0.6  0.2  1.2  0.8  0.2 30.9 26.2 26.8  1.4  3.1  8.7  4.1  0.0
     16.62      6.98     -2.44      3.63      2.97  1.0  0.2  0.4  0.6  0.0
                                         4000_story_0983.txt 32.5  4.2 3704
 17.0  5.9 25.1 72.1 20.2  1.3  3.8  3.0 32.7 22.1  2.2  0.3  0.8  4.3  1.3
  1.9  1.6  4.0 18.1  1.1  5.4179.5102.3 32.1 85.9 68.0 13.5 12.7  0.5  1.6
  0.3  2.2 34.8  8.9  8.6 55.3 10.0  8.1  0.5  2.7  2.2  3.0  8.6  4.9  0.3
  1.6 10.3  2.4  3.2  5.1 14.3 33.5  6.7  2.7  2.4 65.1121.0  5.7169.3  9.4
  2.4  0.0  0.0  0.0  0.0  0.0  0.0  0.0  0.0  0.0  0.0  0.0  0.0  0.0  0.0
  0.0  0.0  0.0  1.6  0.5  2.7  4.3  0.3  0.0  0.0  0.0  0.0  0.3  0.0  0.5
  0.8  0.5  0.0  1.6  0.0  0.5  0.3  0.0  0.3  0.3  0.0  0.0  7.0  1.1  0.0
  9.2  0.3  0.3  9.7  3.5  1.1  4.9  8.1  0.0  0.0  0.0  0.0  0.0  0.0  0.0
  1.3  1.3  0.0  0.0  0.0  0.0  0.3  9.2  2.2  1.9  9.2 17.8  1.6  5.4  2.7
  0.8  0.5  2.2  0.3  0.8  0.5  0.3 32.1 18.9 23.5  0.8  2.7  9.4  5.4  0.0
      9.69      5.07     -2.67     -1.06      3.24  0.8  0.0  0.3  0.0  0.0
                                         4000_story_0986.txt 32.3  4.1 2645
 13.2  6.4 23.1 88.1 24.2  4.2  4.5  2.6 48.0 39.7  2.3  0.0  0.8  6.0  1.5
  3.8  3.8  7.6  4.9  0.4  5.7203.0 75.2 20.0 94.5 41.6  6.4 26.1  0.0  0.4
  0.0  3.0 13.6  5.3 12.1 46.5 10.6  6.0  0.4  3.4  3.4  0.8  6.8  3.8  0.0
  0.4  1.9  2.3  1.1  5.3 17.0 13.2  4.2  4.2  0.4 60.5113.8  3.0203.4 17.4
  1.1  0.4  0.0  0.0  0.0  0.0  0.0  0.0  0.0  0.0  0.0  0.0  0.0  0.0  0.0
  0.0  0.0  0.0  4.2  0.0  2.6  2.6  1.1  0.0  0.0  0.0  0.0  0.0  0.0  0.4
  0.4  1.9  0.8  0.8  0.0  0.0  0.4  0.0  0.4  0.4  0.0  0.0  0.8  1.1  0.0
  9.5  1.1  0.0 10.6  4.2  0.8  5.3  1.9  0.0  0.0  0.0  0.0  0.0  0.0  0.0
  6.0  1.9  0.8  0.0  0.4  0.0  1.5  3.0  3.4  2.3  7.9 19.7  2.6  2.3  7.6
  0.8  1.9  0.8  0.0  1.1  1.1  0.4 45.7 31.8 22.7  1.5  1.9 16.3 11.0  0.0
     18.15      5.30     -4.48     -1.57      1.32  0.8  0.4  0.4  0.0  0.0
                                         4000_story_0987.txt 33.0  4.0 2471
 13.4  4.0 27.5 70.0 23.9  1.6  2.4  6.9 24.3 26.3  1.6  1.6  0.0  4.5  1.6
  2.8  2.4  3.6 10.9  1.6  2.8171.6 80.9 16.6 95.9 92.7  8.9  9.7  0.0  0.0
  0.0  2.4  6.5  6.5 15.0 55.4  8.5 10.9  0.8  3.6  6.5  0.8  7.7  6.1  0.0
  1.6  7.3  0.8  2.0  6.5 21.0 25.9  7.7  4.0  0.0 55.4140.8  2.8184.9 12.1
  1.2  0.8  0.0  0.0  0.0  0.0  0.0  0.0  0.0  0.0  0.0  0.0  0.0  0.0  0.0
  0.0  0.0  0.0  2.0  0.4  2.4  0.8  0.4  0.8  0.0  0.0  0.0  0.0  0.0  0.0
  0.4  2.8  0.4  0.0  0.0  0.4  0.0  0.4  0.0  0.0  0.0  0.4  4.9  1.6  0.0
  5.7  1.2  0.0  6.9  3.6  0.8  4.5  6.9  0.0  0.0  0.0  0.0  0.0  0.0  0.0
  2.4  1.6  0.0  0.0  0.0  0.0  0.4  4.0  0.8  1.2  6.9 36.4  2.0  8.1  6.1
  0.8  2.8  1.6  0.0  1.2  0.0  0.0 47.3 14.2 26.7  0.8  1.6 13.0  5.7  0.0
     12.90      5.06     -7.08      1.32      2.62  0.8  0.0  0.0  0.0  0.0
                                         4000_story_0989.txt 29.8  4.3 2881
  9.7  2.8 17.4 46.2  8.0  1.0  3.1  1.0 21.9 19.4  1.7  0.0  0.7  4.9  2.1
  0.7  2.4  4.9  4.2  0.7  4.9227.4 87.1 43.4101.7 75.3  8.3  8.7  0.0  0.0
  0.0 11.8 11.5  6.2 13.5 56.9  5.9  3.5  1.0  1.7  1.4  1.4  5.6  4.2  0.0
  4.5  2.1  0.0  2.1  7.3  9.7 19.8  8.7  3.1  0.0 86.4105.2  0.3173.2 18.4
  0.7  0.0  0.0  0.0  0.0  0.0  0.0  0.0  0.0  0.0  0.0  0.0  0.0  0.0  0.0
  0.0  0.0  0.0  1.4  0.7  0.3  0.3  0.0  0.0  0.0  0.0  0.0  0.0  0.0  0.0
  0.0  1.0  1.7  0.0  0.0  0.0  0.0  0.0  0.0  0.0  0.0  0.0  1.4  1.0  0.0
  2.8  0.0  0.0  2.8  2.8  0.0  2.8  2.4  0.0  0.0  0.0  0.0  0.0  0.0  0.0
  1.7  1.4  0.0  0.0  0.0  0.0  0.3  4.9  0.3  1.0  8.0 33.0  1.4  6.2 13.5
  2.1  3.8  3.1  3.5  0.3  0.0  0.0 43.7 12.5 13.2  1.4  5.9  6.2  6.2  0.0
      1.34      4.17     -2.86     -3.44      1.93  0.3  0.0  0.0  0.0  0.0
                                         4000_story_0996.txt 33.8  4.2 4868
 19.5  7.0 28.1 82.6 10.9  1.8  7.4  2.7 38.0 25.3  2.7  0.0  0.0  9.4  2.1
  1.2  2.9  6.8  6.6  2.1  6.4201.9 81.6 24.9 90.0 49.3  8.6 13.8  0.2  0.0
  0.2  4.3 12.3  8.6 14.4 50.9  9.0  8.6  0.4  1.4  3.1  0.8  6.2  6.2  0.4
  1.4  4.5  2.3  1.8  4.7 18.5 16.8  8.0  4.9  0.4 60.0 98.2  2.7188.4 13.6
  1.6  0.4  0.0  0.0  0.0  0.0  0.0  0.0  0.0  0.0  0.0  0.0  0.0  0.0  0.0
  0.0  0.0  0.0  1.2  1.8  2.3  4.3  0.2  0.2  0.0  0.0  0.0  0.0  0.0  0.0
  0.4  2.5  1.4  0.2  0.0  0.6  0.0  0.2  0.0  0.0  0.2  0.4  1.0  2.7  0.0
  9.7  0.4  0.0 10.1  4.5  0.8  5.3  4.3  0.0  0.0  0.0  0.0  0.0  0.0  0.0
  1.4  2.9  0.2  0.0  0.0  0.0  0.8  2.3  3.9  1.4 13.6 30.4  3.3  6.8 12.3
  1.4  3.1  0.6  1.8  0.8  0.8  0.4 43.1 15.8 27.1  2.9  5.3 11.1  7.4  0.0
     16.14      3.63     -5.85     -1.97      1.94  0.0  0.0  0.0  0.0  0.0
                                         4000_story_0997.txt 34.3  4.2 5269
 12.5  3.6 20.3 46.7  9.9  0.9  2.8  1.7 18.6 17.5  1.3  0.2  1.5  7.8  1.7
  0.8  3.0  3.6  5.3  0.4  5.5237.6 98.3 31.1 96.8 72.9 10.1  3.6  0.0  0.4
  0.2  4.2 18.2  4.7 19.0 45.2  5.9  4.0  0.8  0.9  1.9  0.9  4.6  8.2  0.4
  2.7  0.9  1.1  0.9  4.6  9.5 11.6 11.2  3.4  0.6 66.6101.3  1.1165.7 15.8
  0.4  0.0  0.0  0.0  0.0  0.0  0.0  0.0  0.0  0.0  0.0  0.0  0.0  0.0  0.0
  0.0  0.0  0.0  0.6  0.0  2.7  2.1  0.6  0.0  0.0  0.0  0.0  0.0  0.0  0.0
  0.6  0.4  0.9  0.6  0.0  0.0  0.6  0.0  0.0  0.2  0.0  0.2  1.1  1.9  0.0
  5.3  0.6  0.0  5.9  2.5  0.6  3.2  3.2  0.0  0.0  0.0  0.0  0.0  0.0  0.0
  1.9  1.7  0.0  0.0  0.0  0.0  0.8 15.0  3.4  2.3 10.4 21.4  2.3  5.3  9.3
  2.8  2.7  1.9  2.3  0.8  0.6  0.6 40.8  7.4 17.5  0.8  4.0  8.4  5.7  0.0
      4.25      3.30     -5.36     -3.70      1.61  0.4  0.0  0.0  0.0  0.0
                                         4000_story_1000.txt 35.0  4.3 4809
 11.0  3.7 29.9 68.6 18.7  1.0  2.9  2.5 32.4 18.9  2.1  0.6  1.5  6.9  1.0
  0.8  2.7  3.7  8.5  0.6  4.2230.6 86.7 32.9 94.0 59.7 10.6 10.8  0.2  0.2
  0.2  3.7 17.9  9.1 19.5 46.4  6.2  8.1  1.5  2.7  3.3  2.1  4.4  8.1  0.0
  2.9  3.1  0.0  0.8  5.0 15.2 18.7 11.0  3.3  0.6 65.3110.8  3.7172.0 13.1
  0.4  0.0  0.0  0.0  0.0  0.0  0.0  0.0  0.0  0.0  0.0  0.0  0.0  0.0  0.0
  0.0  0.0  0.0  1.7  0.4  1.7  0.4  0.0  0.0  0.0  0.0  0.0  0.0  0.0  0.2
  0.0  0.4  0.8  0.0  0.0  0.2  0.0  0.0  0.0  0.0  0.6  0.2  3.1  0.6  0.0
  4.2  0.0  0.0  4.2  1.5  0.2  1.7  4.6  0.0  0.0  0.0  0.0  0.0  0.0  0.0
  2.5  0.4  0.2  0.0  0.0  0.0  0.2  9.4  4.0  1.7 13.1 19.1  2.9 12.5  7.7
  1.5  1.7  1.5  1.0  1.9  0.6  0.4 37.0 13.9 16.6  1.5  6.0  4.4  4.6  0.0
      6.56      4.06     -6.98     -0.56      1.27  0.2  0.0  0.0  0.0  0.0
                                         4000_story_1009.txt 29.8  4.4 5026
  9.4  4.0  4.0 41.6  5.0  0.6  3.0  2.8 45.2  9.6  2.2  0.2  0.0  2.6  0.2
  2.2  1.2  5.2 22.7  0.4  2.2240.2121.4 38.4 63.9 37.0  9.4  8.4  2.8  4.2
  1.2  2.4 38.0  6.0  6.2 35.8 10.5  5.4  1.0  3.8  2.6  4.8  6.2  9.9  1.4
  3.6  4.2  4.8  2.8  2.8 13.1 33.2 14.9  1.6  8.2 65.5 87.1  3.8130.5 10.1
  2.0  0.4  0.0  0.0  0.0  0.0  0.0  0.0  0.0  0.0  0.0  0.0  0.0  0.0  0.0
  0.0  0.0  0.0  3.4  0.2  2.8  1.8  0.2  0.6  0.0  0.0  0.0  0.2  0.2  0.2
  0.8  0.2  0.6  1.0  0.2  0.0  0.0  0.2  0.2  0.8  0.6  0.0  1.4  0.6  0.0
  8.2  0.8  0.4  9.4  2.8  0.6  4.2  2.6  0.0  0.0  0.0  0.0  0.0  0.0  0.0
  0.0  0.4  0.0  0.0  0.2  0.0  0.2  6.4  6.2  1.8 11.5 15.3  7.0  9.4  4.0
  3.6  3.6  2.8  0.8  0.4  2.0  0.6 22.5 12.1 12.1  1.8  3.0  6.2  2.6  0.0
     -3.07      1.36      3.76     -0.15      3.96  2.6  0.2  0.6  0.0  0.0
                                         4000_story_1014.txt 33.0  4.4 4034
  8.4  2.5  6.2 41.2  3.0  0.7  2.7  3.5 24.0 11.4  2.2  1.2  1.0  3.0  0.7
  2.5  0.0  4.5 30.2  0.7  4.7243.7127.2 37.7 56.8 38.9  7.2  5.7  2.5  1.7
  1.2  1.5 23.3  6.4 10.4 43.4 10.2  3.2  1.0  3.0  0.7  2.2  8.2  6.7  1.0
  1.2  3.7  3.0  2.2  4.2  8.4 39.7  8.9  0.7  5.5 77.3 65.9  2.5120.5 10.2
  1.5  0.2  0.0  0.0  0.0  0.0  0.0  0.0  0.0  0.0  0.0  0.0  0.0  0.0  0.0
  0.0  0.0  0.0  2.5  0.5  0.2  1.7  0.2  0.2  0.0  0.0  0.0  0.0  0.0  0.0
  0.2  2.0  0.7  1.2  0.2  0.5  0.2  0.2  0.2  0.5  0.7  0.2  3.2  0.7  0.0
  5.0  0.5  0.0  5.5  4.2  1.5  6.2  5.0  0.0  0.0  0.0  0.0  0.0  0.0  0.0
  0.7  0.0  0.0  0.0  0.0  0.0  1.0 10.4  3.0  2.7 10.9 14.4  2.2  5.9 10.7
  1.2  3.2  3.0  2.0  0.5  1.7  0.7 28.0  9.4 12.6  1.7  1.5  7.2  1.5  0.0
     -1.69      0.31     -0.77     -2.92      3.66  1.2  0.0  0.5  0.0  0.0
                                         4000_story_1017.txt 32.0  4.7 5562
 11.5  1.3  1.1 61.7  2.9  0.4  1.3  5.4 21.4 10.2  2.3  0.2  0.0  4.0  0.5
  5.2  0.4  6.8 23.6  0.4  1.4245.1125.7 51.4 30.4 27.1 18.7  5.4  2.0  3.6
  1.8  3.8 58.1  4.1  4.5 32.4 16.2  6.1  1.4  1.8  3.4  8.5  2.9 12.8  2.3
  1.6  4.9  9.7  1.3  5.4 16.4 34.2 16.7  0.7  7.4 78.9 51.4  3.1114.5  5.8
  1.6  0.5  0.0  0.0  0.0  0.0  0.0  0.0  0.0  0.0  0.0  0.0  0.0  0.0  0.0
  0.0  0.0  0.0  3.4  2.3  3.8  1.8  1.1  0.2  0.4  0.0  0.2  0.4  0.7  0.7
  1.1  2.2  1.6  0.4  0.0  0.5  0.5  0.0  0.4  2.0  0.4  0.0  3.4  0.7  0.0
 11.3  1.6  1.3 14.2  5.9  1.4  9.3  4.5  0.0  0.0  0.0  0.0  0.0  0.0  0.0
  0.4  0.2  0.0  0.4  0.2  0.0  0.0  7.0  7.7  3.8 13.8 14.7  1.1  8.3  5.2
  0.5  4.3  1.8  1.3  1.3  2.5  2.0 20.5 10.1 16.9  2.0  2.5  4.1  0.5  0.0
     -4.57      1.07      6.66      1.14      2.43  2.7  0.2  0.4  0.0  0.2
                                         4000_story_1028.txt 31.0  4.3 3338
 15.6  4.5  5.7 65.9 14.4  0.9  6.0  4.2 26.7 15.9  1.8  0.9  1.2  5.1  0.0
  2.4  0.3  4.2 27.0  1.2  2.7209.7107.0 41.0 52.4 59.6 10.8 10.5  1.2  2.7
  1.8  1.2 34.5  4.8  7.2 45.5 13.2  5.4  0.6  2.1  1.5  3.6  7.5  8.7  1.8
  1.2  6.3  9.6  1.8  7.2 11.1 37.4 11.7  1.5  5.7 71.0100.7  1.5137.2  6.0
  1.5  0.9  0.0  0.0  0.0  0.0  0.0  0.0  0.0  0.0  0.0  0.0  0.0  0.0  0.0
  0.0  0.0  0.0  4.2  1.5  5.7  1.8  0.6  0.0  0.3  0.6  0.0  0.0  0.0  0.0
  0.6  0.9  0.3  1.5  0.0  1.5  0.3  0.0  0.0  0.3  0.9  0.0  6.3  2.1  0.0
 13.2  0.9  0.6 14.7  3.3  1.8  5.4  9.3  0.0  0.0  0.0  0.0  0.0  0.0  0.0
  0.9  0.0  0.3  0.0  0.0  0.3  0.9 10.2  4.2  3.9 15.6 11.1  1.5  9.9  6.0
  0.9  2.7  2.4  0.0  0.3  2.1  0.6 24.9 17.7 31.5  0.0  2.4  6.3  2.1  0.0
      4.09      2.66      1.43     -2.02      4.14  1.2  0.0  0.0  0.0  0.0
                                         4000_story_1030.txt 32.8  4.5 5583
  5.9  1.4  1.3 60.0  4.7  0.4  2.7  2.3 19.7 14.3  1.1  0.0  0.5  3.9  0.2
  2.5  0.0  5.0 26.7  0.0  2.3232.7129.9 57.1 20.2 42.1  5.6  3.9  2.5  2.5
  1.4  4.1 32.6  4.8  5.7 42.1 11.8  4.7  1.1  2.7  0.5  3.0  5.2  7.9  1.4
  0.9  3.4  3.6  2.7  6.3 10.2 36.9 10.2  0.0  6.4103.7 66.5  4.1103.5  9.0
  2.9  0.4  0.0  0.0  0.0  0.0  0.0  0.0  0.0  0.0  0.0  0.0  0.0  0.0  0.0
  0.0  0.0  0.0  1.3  0.5  0.9  1.4  0.4  0.2  0.4  0.0  0.0  0.0  0.0  0.5
  0.7  0.4  1.1  0.9  0.0  0.0  0.0  0.5  0.4  0.7  0.9  0.4  6.8  0.4  0.0
  4.1  0.9  0.0  5.0  3.6  0.9  5.2  8.4  0.0  0.0  0.0  0.0  0.0  0.0  0.0
  0.4  0.2  0.2  0.2  0.0  0.0  0.4  8.4  2.3  1.6  8.6 14.0  2.3  4.8 12.4
  3.4  3.2  3.4  1.1  1.3  2.1  2.1 19.3  7.5  9.0  1.4  3.8  6.1  1.3  0.0
     -6.27     -1.39      3.34     -2.45      2.21  2.0  0.2  0.2  0.0  0.0
                                         4000_story_1031.txt 32.5  4.6 2288
 19.7  1.3  2.6 58.6  3.1  2.2  5.2  2.6 31.5 14.9  3.5  0.0  0.4  3.9  0.4
  2.2  0.9  4.8 27.5  4.4  0.4212.0109.3 68.6 42.4 51.6 14.4  8.3  3.9  2.6
  3.5  4.8 46.8  6.6  3.1 37.6 14.4  6.6  0.4  2.6  1.3  3.1  3.9  8.7  1.3
  2.2  3.1 13.5  0.9  4.4 12.7 38.0 12.2  5.2 10.1 98.3 86.1  1.7119.8  3.1
  2.6  0.4  0.0  0.0  0.0  0.0  0.0  0.0  0.0  0.0  0.0  0.0  0.0  0.0  0.0
  0.0  0.0  0.0  3.9  1.3  5.2  0.9  0.4  0.4  0.0  0.0  0.0  0.0  0.0  0.9
  0.0  3.9  0.0  0.4  0.0  1.3  1.7  0.0  0.0  1.3  0.9  0.4  7.4  0.4  0.0
 11.4  0.9  0.0 12.2  5.2  3.1  9.6  9.2  0.0  0.0  0.0  0.0  0.0  0.0  0.0
  0.0  1.3  0.0  0.0  0.0  0.0  0.0 28.0  4.8  3.1 15.7  7.4  2.6  3.1  4.8
  2.6  3.5  0.0  0.0  3.5  4.8  2.2 15.3 14.0 23.2  0.9  0.4  3.5  1.7  0.0
      2.51      2.27      7.90     -1.86      1.87  1.3  0.0  0.4  0.0  0.0
                                         4000_story_1032.txt 34.5  4.4 3008
 11.0  1.3  1.3 33.6  2.0  0.3  1.3  1.3 30.3 12.3  0.7  1.0  0.3  5.7  0.3
  3.7  0.3  2.0 32.6  0.3  1.7220.7117.4 50.9 70.1 48.9 12.0  3.7  3.3  5.7
  3.7  1.3 31.9  3.7  6.3 42.6 16.0  4.0  0.7  3.7  1.0  5.3  4.7 16.0  0.0
  1.7  6.0  6.0  3.3  6.6  7.0 44.5 17.6  0.7 12.6 85.1 81.1  6.6127.0  6.0
  1.0  0.0  0.0  0.0  0.0  0.0  0.0  0.0  0.0  0.0  0.0  0.0  0.0  0.0  0.0
  0.0  0.0  0.0  3.0  0.7  2.7  2.7  0.0  0.0  0.0  0.0  0.0  0.0  0.7  0.7
  2.0  0.3  0.7  0.3  0.0  1.0  0.0  0.0  0.0  0.7  1.0  0.0  7.3  0.7  0.0
  9.0  0.0  0.7  9.6  4.0  1.0  5.7  9.0  0.0  0.0  0.0  0.0  0.0  0.0  0.0
  0.3  0.3  0.7  0.0  0.0  0.0  0.0 10.6  4.0  5.0 13.3 10.6  1.0  7.0  4.7
  4.0  3.3  1.7  2.3  1.3  0.7  0.3 22.6 10.0 17.3  0.7  2.0  7.0  1.7  0.0
     -3.02      1.73      6.47     -1.18      2.24  0.3  0.3  0.3  0.0  0.0
                                         4000_story_1045.txt 33.5  4.3 3572
 10.1  1.4  8.1 49.3  3.9  1.4  5.9  2.5 19.6  9.8  1.7  2.2  0.0  4.8  0.0
  3.4  1.1  3.9 33.3  0.6  3.4215.6 98.5 37.8 73.3 50.1  8.4 16.8  0.8  5.0
  2.2  1.7 25.8  7.8  5.0 39.5  7.8  5.0  1.1  3.6  1.7  1.1  9.5  5.6  0.6
  1.4  5.9  7.0  1.1  2.8 10.6 46.8  7.6  1.7  8.1 67.5 73.6  4.5139.7  9.8
  0.6  0.0  0.0  0.0  0.0  0.0  0.0  0.0  0.0  0.0  0.0  0.0  0.0  0.0  0.0
  0.0  0.0  0.0  2.8  0.8  1.4  1.4  0.6  0.0  0.0  0.0  0.0  0.0  0.0  0.3
  0.6  0.6  1.1  0.0  0.0  0.0  0.6  0.0  0.3  0.8  0.6  0.3  3.4  1.4  0.0
  6.4  0.6  0.0  7.0  2.5  0.8  4.2  5.6  0.0  0.0  0.0  0.0  0.0  0.0  0.0
  0.6  0.8  0.0  0.0  0.0  0.8  0.0 11.2  3.1  3.4  6.2 14.3  1.7  6.7  5.0
  0.8  3.9  3.9  0.6  1.1  1.4  0.0 21.8 21.0 13.2  1.4  4.8  6.7  2.2  0.0
      3.24      3.64      2.47     -2.14      4.05  1.7  0.0  0.6  0.0  0.0
                                         4000_story_1049.txt 30.0  4.1 2706
 11.8  9.6 11.8 61.7  8.5  0.4  2.2  3.0 76.5 18.5  2.6  0.0  0.7  3.0  0.4
  1.8  3.3  7.0 28.1  0.7  2.2214.0110.9 25.9 63.2 41.0 11.1 11.5  1.1  1.8
  1.5  3.0 29.6  4.1  7.4 46.9  8.1  8.1  0.4  5.5  1.1  2.6  8.1  6.3  0.0
  0.7  6.7  3.7  1.1  2.6 16.3 43.2  7.0  4.1  4.4 49.2126.0  1.8137.1  9.6
  1.5  1.5  0.0  0.0  0.0  0.0  0.0  0.0  0.0  0.0  0.0  0.0  0.0  0.0  0.0
  0.0  0.0  0.0  7.0  0.7  1.5  3.0  0.7  0.7  0.4  0.0  0.0  0.0  0.4  0.0
  0.4  1.1  0.4  1.5  0.4  0.0  0.0  0.0  0.0  0.0  0.7  0.0  5.2  1.8  0.0
 12.2  1.8  0.4 14.4  3.3  0.4  3.7  7.8  0.0  0.0  0.0  0.0  0.0  0.0  0.0
  0.0  1.5  0.0  0.0  0.0  0.0  0.0  7.0  5.2  3.0  9.6 13.3  1.5  6.7  4.1
  1.8  1.8  1.5  1.1  0.0  0.4  0.0 26.2 14.8 16.3  1.1  4.4 10.0  1.8  0.0
     10.67      2.43      1.04     -0.47      2.65  1.5  0.0  0.0  0.0  0.0
                                         4000_story_1052.txt 32.8  4.4 3685
  7.9  0.5  0.0 56.7  0.8  0.3  1.4  1.1  8.4  8.1  1.6  0.3  0.5  1.6  0.5
  2.4  0.8  7.6 25.0  0.0  3.8227.1137.3 41.0 40.2 69.7 13.6  1.6  0.8  5.7
  3.0  3.3 34.2  7.6  7.3 37.2  9.8  4.3  1.6  0.8  2.2  5.7  3.5 11.9  1.6
  2.2  6.0  4.3  2.2  2.4 14.1 35.3 15.7  0.8  9.5 68.1 79.0  1.6113.4  7.1
  3.3  0.3  0.0  0.0  0.0  0.0  0.0  0.0  0.0  0.0  0.0  0.0  0.0  0.0  0.0
  0.0  0.0  0.0  1.1  0.8  2.4  1.4  0.0  0.3  0.0  0.0  0.0  0.0  0.0  0.3
  0.8  0.8  1.4  1.1  0.0  0.3  0.0  0.3  0.0  0.5  0.3  0.0  3.0  0.5  0.0
  5.7  0.3  0.0  6.0  4.3  0.5  5.4  3.8  0.0  0.0  0.0  0.0  0.0  0.0  0.0
  0.5  0.0  0.0  0.0  0.0  0.0  0.5  8.7  2.2  2.2 13.0 17.4  3.3  9.8  4.1
  3.8  1.9  1.1  1.1  0.8  0.5  0.0 25.0  5.4 11.4  1.4  4.9  5.2  1.6  0.0
     -6.04      1.60      4.16     -1.36      2.34  0.8  0.0  0.0  0.0  0.0
                                         4000_story_1055.txt 31.8  4.6 3286
  7.9  0.6  3.7 73.0  0.6  2.1  1.8  5.5 23.1  7.3  1.2  1.2  1.2  3.7  0.0
  6.1  0.3  4.9 28.0  0.6  2.7237.7125.4 58.1 11.3 41.1 10.0  2.7  4.0  6.7
  2.4  5.2 47.2  4.3  4.9 48.7  7.0  3.3  0.0  1.2  0.9  4.0  7.9  7.6  0.9
  2.4  4.0  4.3  3.3  3.3  9.1 39.6 11.0  0.9 13.1 91.0 64.8  0.9100.4  9.1
  1.5  0.6  0.0  0.0  0.0  0.0  0.0  0.0  0.0  0.0  0.0  0.0  0.0  0.0  0.0
  0.0  0.0  0.0  0.9  0.3  1.5  0.3  0.6  0.3  0.0  0.0  0.0  0.9  0.0  0.0
  0.3  0.3  1.2  0.3  0.0  1.2  0.3  0.0  0.0  0.6  1.5  0.0  3.3  0.9  0.0
  3.0  0.9  0.9  4.9  2.1  1.5  4.3  5.8  0.0  0.0  0.0  0.0  0.0  0.0  0.0
  0.6  0.0  0.0  0.0  0.0  0.3  0.0  8.5  3.7  3.7 17.0 10.7  2.4  8.2  4.9
  1.2  3.0  4.0  0.3  0.6  1.8  0.9 17.3  5.2 11.6  0.9  2.7  4.3  1.5  0.0
     -2.55     -1.09      8.64     -3.24      3.96  2.1  0.0  0.0  0.0  0.0
                                         4000_story_1060.txt 29.5  4.0 5123
 18.3  5.7  2.7 48.0  7.4  1.2  3.7  2.7 64.8 21.5  1.8  0.4  0.2  4.5  0.2
  3.3  2.7  6.1 29.1  0.2  3.3167.9107.2 27.9 82.4 51.5 16.2  8.4  0.8  0.6
  2.3  1.8 20.1  6.6 15.6 41.0 15.2  5.7  1.2  3.5  3.9  2.5  6.1  7.0  0.2
  1.6 10.0  6.2  2.5  3.7 15.6 44.7  8.8  2.9  3.7 61.7123.8  3.3151.3  9.2
  2.0  0.0  0.0  0.0  0.0  0.0  0.0  0.0  0.0  0.0  0.0  0.0  0.0  0.0  0.0
  0.0  0.0  0.0  3.1  1.2  3.7  2.9  0.0  0.0  0.0  0.2  0.2  0.0  0.6  1.4
  1.0  0.8  1.0  1.4  0.2  0.2  0.0  0.6  0.2  0.6  0.2  0.0  2.0  0.6  0.0
 10.9  0.0  1.0 11.9  5.5  1.2  7.2  2.7  0.0  0.0  0.0  0.0  0.0  0.0  0.0
  0.8  1.2  0.0  0.4  0.2  0.0  0.6  6.8  3.9  5.7 13.7 21.3  3.1  6.4  3.5
  0.2  2.1  0.2  1.0  0.4  0.4  1.0 30.8 17.0 22.4  2.0  3.9 11.5  3.5  0.0
     11.27      3.94     -2.92     -0.41      1.87  0.4  0.4  0.4  0.0  0.0
                                         4000_story_1064.txt 32.5  3.9 3708
 18.9 15.6 26.4 77.9 19.4  1.1  5.4  2.4 64.2 15.4  0.8  0.8  0.0  5.4  0.3
  4.9  1.1  5.7 33.7  1.1  5.4200.9101.1 20.0 59.1 44.0 10.5 19.4  0.3  2.2
  0.3  1.6 19.1  5.7 15.4 41.5 11.3  7.6  0.0  3.2  4.0  0.8  8.9  8.6  0.3
  2.2  5.9  2.2  1.3  2.7 17.3 45.3 11.1  2.2  2.7 46.9127.6  4.6155.1  8.4
  1.6  0.3  0.0  0.0  0.0  0.0  0.0  0.0  0.0  0.0  0.0  0.0  0.0  0.0  0.0
  0.0  0.0  0.0 11.1  0.3  2.4  2.7  0.3  0.8  0.0  0.0  0.0  0.3  0.3  0.5
  0.0  0.3  1.1  0.5  0.3  0.3  0.3  0.3  0.0  0.0  0.0  0.5  3.0  1.3  0.0
 16.5  1.1  0.5 18.1  2.4  1.1  3.5  4.9  0.0  0.0  0.0  0.0  0.0  0.0  0.0
  1.3  1.1  0.8  0.5  0.0  0.3  0.0 11.1  2.7  3.5  9.4 11.3  1.1  6.7  9.4
  3.0  0.5  5.1  0.3  2.2  0.8  0.5 39.6 26.2 22.9  1.3  0.8  9.4  1.9  0.0
     17.04      3.79     -4.11     -1.09      4.15  0.3  0.3  0.0  0.0  0.0
                                         4000_story_1070.txt 29.3  4.0 5189
 17.0  4.0 11.8 73.0 25.6  2.3  6.2  4.8 91.7 18.1  0.8  0.0  0.6  5.0  1.0
  2.3  3.3  5.6 15.2  1.3  3.3190.2 87.5 21.4 82.5 36.6 11.8  7.9  0.6  1.9
  0.6  2.3 18.9  8.3  7.9 44.9 15.0  7.3  0.6  1.7  2.9  2.7 10.0  6.4  0.2
  0.6  6.9  2.9  2.5  5.0 15.8 26.2  7.1  4.6  3.1 52.8154.0  4.4166.9  7.3
  0.6  0.4  0.0  0.0  0.0  0.0  0.0  0.0  0.0  0.0  0.0  0.0  0.0  0.0  0.0
  0.0  0.0  0.0  3.3  0.8  3.3  1.0  0.4  0.0  0.2  0.0  0.0  0.0  0.0  0.2
  0.6  3.3  1.2  0.4  0.2  0.4  0.4  0.0  0.0  0.2  0.0  0.0  3.5  1.3  0.0
  8.3  0.6  0.0  8.9  5.6  1.0  6.7  4.8  0.0  0.0  0.0  0.0  0.0  0.0  0.0
  1.3  1.0  0.2  0.0  0.0  0.4  1.0 11.4  4.0  3.5  6.7 10.8  2.1  5.6  3.7
  4.0  0.8  2.1  0.0  1.2  1.0  0.0 33.5 17.9 27.0  0.6  4.4  6.6  3.3  0.0
     15.06      2.34     -2.27     -1.43      3.94  0.6  0.0  0.0  0.0  0.0
                                         4000_story_1071.txt 31.3  4.4 2831
 12.0  1.8  5.3 40.6  9.2  0.0  1.8  3.5 35.3  6.0  0.7  0.4  0.7  2.8  1.4
  4.2  1.4  2.8 14.5  1.4  2.5206.3 98.2 31.4 86.2 71.0  9.9  6.7  2.1  2.5
  1.1  5.7 33.6  3.2 12.7 49.1 13.4  2.8  2.5  1.4  1.8  4.2  5.7  6.7  1.1
  2.1  6.7  3.2  3.2  4.9  7.4 28.6  9.9  2.8  5.7 72.4115.5  1.8150.1 10.6
  2.1  0.0  0.0  0.0  0.0  0.0  0.0  0.0  0.0  0.0  0.0  0.0  0.0  0.0  0.0
  0.0  0.0  0.0  2.1  0.4  2.5  1.8  0.0  0.0  0.4  0.0  0.0  0.0  0.4  0.4
  0.0  1.4  1.4  1.8  0.4  1.4  0.0  0.0  0.0  0.4  0.4  0.0  1.4  0.7  0.0
  6.7  0.4  0.4  7.4  4.9  1.8  7.1  2.5  0.0  0.0  0.0  0.0  0.0  0.0  0.0
  1.1  0.7  0.4  0.0  0.0  0.0  0.0 29.7  1.1  3.5  9.2 11.7  1.8  3.9  7.1
  0.7  2.8  1.1  0.4  1.4  1.4  0.0 32.1 13.8 14.5  1.8  1.4  9.9  4.6  0.0
     -0.73      3.41      1.41     -1.96      2.42  0.7  0.0  0.0  0.0  0.0
                                         4000_story_1075.txt 35.3  4.2 4635
 15.5  5.6  7.1 67.7 15.7  0.6  1.9  3.7 77.5 13.8  3.2  0.0  0.2  3.9  0.4
  2.2  1.5  5.8 19.8  0.6  1.9203.9104.9 38.2 71.0 27.2 11.7 14.5  2.2  2.8
  1.3  1.7 30.0  6.3  8.2 36.2 12.1  8.6  1.9  1.9  2.8  3.2  6.0  9.1  0.9
  0.2  4.5  3.5  3.7  5.0 17.3 28.0 10.1  2.2  6.3 70.3120.4  3.7151.7  6.3
  1.3  0.2  0.0  0.0  0.0  0.0  0.0  0.0  0.0  0.0  0.0  0.0  0.0  0.0  0.0
  0.0  0.0  0.0  4.3  1.9  2.2  3.2  0.4  0.2  0.2  0.2  0.0  0.0  0.2  0.0
  0.2  1.5  1.3  2.2  0.2  1.1  0.6  0.2  0.0  0.4  0.0  0.0  3.5  1.5  0.0
 11.7  0.9  0.4 12.9  5.2  2.2  7.8  5.0  0.0  0.0  0.0  0.0  0.0  0.0  0.0
  0.9  0.9  0.0  0.0  0.0  0.0  0.0  9.3  1.7  5.8 13.2 15.5  3.7  3.9  7.1
  1.3  2.4  1.1  0.9  0.9  1.7  0.6 23.7 20.5 19.0  0.9  2.6  8.6  4.1  0.0
      4.88      2.73      1.29     -0.41      2.26  0.2  0.2  0.2  0.0  0.0
                                         4000_story_1091.txt 32.0  4.2 4417
 15.2  5.4  2.5 47.8 13.1  1.6  1.6  4.1 20.6 15.4  2.5  0.0  0.7  3.8  0.2
  3.2  0.5  5.7 23.5  1.1  2.0210.3111.4 36.7 74.3 82.9 14.0  7.5  2.9  4.5
  1.4  2.5 32.4  3.8  6.6 44.6  8.8  5.4  0.2  2.5  4.1  4.5  5.2  7.0  1.1
  0.7  6.6  7.5  1.6  3.8 15.2 35.1  8.8  1.6  8.8 66.6116.6  5.2134.5  5.9
  2.0  0.9  0.0  0.0  0.0  0.0  0.0  0.0  0.0  0.0  0.0  0.0  0.0  0.0  0.0
  0.0  0.0  0.0  5.0  1.8  2.7  2.3  1.1  0.2  0.0  0.0  0.0  0.0  0.0  0.5
  0.2  0.9  1.4  0.7  0.0  0.2  0.5  0.0  0.0  0.2  0.0  0.0  4.1  0.5  0.0
 11.8  1.4  0.0 13.1  3.6  0.7  4.5  4.5  0.0  0.0  0.0  0.0  0.0  0.0  0.0
  0.2  0.5  0.0  0.0  0.0  0.0  0.0 14.5  8.2  2.7 12.2 15.2  2.3  5.7  6.6
  1.8  2.3  0.9  0.7  0.9  1.1  0.0 21.7 12.0 19.7  2.7  2.9  5.2  2.0  0.0
      1.49      4.48      3.81     -0.35      1.78  0.7  0.2  0.2  0.0  0.0
                                         4000_story_1096.txt 30.3  4.0 4708
 15.1  5.3 14.9 64.6 14.4  1.7  3.6  1.9 66.5 20.6  2.1  0.0  1.1  6.6  1.1
  2.3  0.6  6.4 26.6  1.5  4.7203.5107.1 28.2 66.7 25.1 12.5  9.6  1.9  2.1
  1.7  3.0 18.1  7.2 13.8 45.5  9.8  7.9  0.6  2.3  2.1  2.8  9.8  6.8  0.6
  0.6  7.9  3.4  1.5  3.6 16.4 39.7  8.1  2.1  5.7 55.2106.0  4.2150.8 11.5
  1.3  0.6  0.0  0.0  0.0  0.0  0.0  0.0  0.0  0.0  0.0  0.0  0.0  0.0  0.0
  0.0  0.0  0.0  2.8  0.8  3.8  2.5  0.2  0.4  0.2  0.0  0.0  0.0  0.0  0.0
  0.6  0.8  1.3  0.8  0.0  0.6  0.0  0.2  0.0  0.2  0.2  0.0  3.2  1.7  0.0
 10.0  0.8  0.0 10.8  3.6  0.8  4.7  5.1  0.0  0.0  0.0  0.0  0.0  0.0  0.0
  0.6  0.6  0.2  0.2  0.0  0.0  0.4  3.8  2.1  2.1 12.3 16.1  5.7  8.3  6.8
  0.8  3.0  1.7  0.8  0.6  1.1  0.0 30.8 13.6 21.9  1.3  1.9 11.9  5.1  0.0
     10.71      1.76     -1.65     -1.35      4.21  0.4  0.0  0.0  0.0  0.0
                                         4000_story_1103.txt 32.5  4.1 5136
 10.9  4.3  1.4 65.2 29.0  1.0  3.3  1.0 82.9 11.7  3.3  1.0  0.4  3.1  0.4
  1.9  1.8  2.9 15.6  0.2  1.0202.9101.1 22.6 71.5 39.1 11.9 10.1  1.6  1.9
  1.4  1.6 27.3  8.2  6.4 28.2 12.9 13.4  1.8  4.9  3.5  2.5  4.1  9.5  0.4
  1.0  5.5  3.9  1.2  5.6 19.9 28.4 10.9  1.9  4.9 49.8151.1  3.5149.9  4.9
  1.8  0.4  0.0  0.0  0.0  0.0  0.0  0.0  0.0  0.0  0.0  0.0  0.0  0.0  0.0
  0.0  0.0  0.0  3.3  1.8  2.5  1.6  0.4  0.4  0.0  0.0  0.0  0.0  0.0  0.4
  0.2  2.1  1.0  1.2  0.2  0.4  0.0  0.2  0.6  1.6  0.0  0.2  1.2  0.4  0.0
  9.2  0.8  0.0  9.9  4.9  1.4  7.8  1.8  0.0  0.0  0.0  0.0  0.0  0.0  0.0
  0.4  0.4  0.0  0.0  0.0  0.0  0.0 16.2  2.1  1.6 12.5 13.4  3.3  9.2  2.9
  3.1  1.9  1.4  0.2  1.6  1.0  0.0 31.9 20.8 16.4  1.6  2.9  6.8  2.5  0.0
      3.66      2.52      0.74      2.05      0.99  1.6  0.2  0.0  0.0  0.0
                                         4000_story_1104.txt 32.8  4.1 2829
 15.6  4.9 13.8 46.3 13.8  1.4  3.2  1.8 21.9 11.0  0.4  0.7  0.0  4.9  0.7
  1.1  0.0  1.8 24.0  1.4  1.4227.6 95.1 34.6 80.6 81.3 10.6 10.6  1.4  1.8
  0.0  2.5 32.2  4.9  7.8 39.6 18.4  8.8  1.1  3.2  2.5  2.1  7.4  6.0  0.4
  1.8  5.7  3.9  3.5  4.9 13.1 36.1  8.1  1.4  3.2 61.9117.0  2.8148.5  4.6
  1.4  1.1  0.0  0.0  0.0  0.0  0.0  0.0  0.0  0.0  0.0  0.0  0.0  0.0  0.0
  0.0  0.0  0.0  2.1  1.1  4.2  2.1  1.4  0.0  0.0  0.0  0.0  0.0  0.4  0.7
  0.4  2.8  3.2  0.7  0.0  0.0  0.4  0.0  0.0  1.1  0.0  0.4  1.4  0.0  0.0
  9.5  1.4  0.4 11.3  7.8  0.4  9.2  1.8  0.0  0.0  0.0  0.0  0.0  0.0  0.0
  0.7  0.7  0.0  0.0  0.0  0.0  0.0 36.4  7.4  5.7 13.1  7.4  2.1  7.4  5.3
  7.8  2.5  7.4  0.7  1.8  1.1  0.0 28.3 20.1 22.3  1.4  2.8 11.7  0.7  0.0
      0.01      4.54     -0.11     -0.69      2.77  1.4  0.4  0.0  0.0  0.0
                                         4000_story_1105.txt 30.8  4.1 2545
 14.1  4.3 27.1 46.4 13.4  0.8  2.4  2.0 22.4 12.6  2.8  0.0  0.8  8.6  0.4
  1.6  0.4  3.1 27.1  0.4  1.6269.2 96.3 31.0 84.1 81.7  7.1  6.7  0.8  0.8
  0.4  4.7 27.9  8.3  6.7 33.4 12.6  8.6  0.4  0.8  1.6  2.4  7.1  5.1  0.4
  1.2  7.1  3.5  1.6  3.1 13.4 39.7  6.7  0.8  2.0 62.1117.5  2.8145.4  4.3
  2.0  0.0  0.0  0.0  0.0  0.0  0.0  0.0  0.0  0.0  0.0  0.0  0.0  0.0  0.0
  0.0  0.0  0.0  2.8  0.0  3.9  3.1  0.4  0.0  0.0  0.0  0.4  0.0  0.8  0.0
  0.4  1.6  0.0  0.8  0.0  1.6  0.8  0.0  0.0  0.0  0.0  0.0  1.2  0.4  0.0
  9.8  0.4  1.2 11.4  2.8  2.4  5.1  1.6  0.0  0.0  0.0  0.0  0.0  0.0  0.0
  0.4  0.0  0.0  0.0  0.0  0.0  0.4 14.1  1.2  3.9  3.1  8.6  1.2  8.6  1.2
  4.3  2.0  4.3  2.4  0.4  0.0  0.0 27.9 11.0 20.8  0.8  3.5  8.6  4.3  0.0
      2.09      3.27     -0.35     -2.37      2.25  0.0  0.0  0.0  0.0  0.0
                                         4000_story_1106.txt 33.0  4.2 2816
 13.5  3.9 18.5 44.0  9.9  0.4  1.8  4.3 13.5 14.2  1.8  1.1  0.0  6.4  0.0
  2.1  1.4  3.9 22.0  1.4  3.2221.6103.7 24.9 89.5 71.4 13.8  7.1  0.0  1.8
  0.4  3.6 18.1  5.7  8.5 36.6 14.2  7.1  1.4  3.6  1.8  0.7  7.5  5.0  0.0
  1.4  7.1  2.8  1.8  6.0 12.8 37.3  6.4  2.8  2.1 58.2 94.8  1.4150.9  8.2
  1.8  0.0  0.0  0.0  0.0  0.0  0.0  0.0  0.0  0.0  0.0  0.0  0.0  0.0  0.0
  0.0  0.0  0.0  1.8  0.4  3.9  1.8  0.4  0.0  0.0  0.0  0.0  0.4  0.0  0.0
  0.4  2.5  0.7  0.7  0.0  0.4  1.4  0.0  0.0  0.7  0.7  0.0  2.1  0.4  0.0
  7.8  0.4  0.4  8.5  4.3  1.8  6.7  3.2  0.0  0.0  0.0  0.0  0.0  0.0  0.0
  1.4  0.4  0.0  0.0  0.0  0.0  0.0 13.8  5.3  2.8 12.1 10.7  1.8  6.7  2.1
  7.5  1.8  1.1  1.4  0.4  1.4  0.0 29.1 12.8 19.2  1.4  2.8  5.7  1.8  0.0
      3.96      4.37     -1.45     -1.71      2.25  0.0  0.0  0.0  0.0  0.0
                                         4000_story_1107.txt 32.0  4.3 5126
 14.0  2.3  9.8 45.3  9.6  0.2  2.9  2.5 19.3 15.0  2.0  0.0  0.8  4.5  0.4
  3.1  0.8  3.1 18.5  0.6  2.5237.4104.4 34.9 84.1 65.7 10.7  6.2  2.0  2.5
  2.3  5.7 41.0  6.0  6.0 38.0 12.9  5.1  1.0  2.0  2.0  2.7  7.2 11.5  1.2
  2.9  6.8  2.7  2.5  3.9 10.1 33.0 15.6  1.4  6.8 65.2 94.6  3.9145.5  6.0
  2.9  0.2  0.0  0.0  0.0  0.0  0.0  0.0  0.0  0.0  0.0  0.0  0.0  0.0  0.0
  0.0  0.0  0.0  1.4  1.2  2.5  1.6  1.0  0.2  0.0  0.0  0.0  0.4  0.0  0.6
  0.6  1.0  1.0  1.2  0.0  0.2  1.0  0.0  0.0  1.0  0.2  0.2  2.1  0.2  0.0
  6.6  1.2  0.4  8.2  4.3  1.2  6.4  2.7  0.0  0.0  0.0  0.0  0.0  0.0  0.0
  1.0  0.2  0.2  0.0  0.0  0.0  0.2  9.9  3.3  2.9 10.9 10.9  4.1  3.7  6.0
  4.3  3.5  2.0  0.6  1.8  0.2  0.2 30.0 15.0 17.0  1.6  2.7  9.4  5.1  0.0
     -1.61      3.18      4.79     -2.17      4.47  1.4  0.4  0.0  0.0  0.0
                                         4000_story_1108.txt 28.0  4.2 4786
 12.7  4.4 10.0 47.8 11.3  1.7  5.4  3.6 15.9 15.0  2.3  0.6  0.2  5.2  0.0
  2.3  0.8  6.3 22.8  0.8  3.1211.7102.2 30.5 94.0 83.8 14.0  8.6  0.6  3.1
  0.4  2.7 34.5  4.8  4.8 35.5 15.5  5.4  0.6  1.9  2.9  2.7  6.7  9.4  0.2
  2.1  5.4  6.3  4.4  8.1 14.6 33.4 11.7  1.7  4.2 57.7110.9  4.4158.0  4.6
  2.7  0.4  0.0  0.0  0.0  0.0  0.0  0.0  0.0  0.0  0.0  0.0  0.0  0.0  0.0
  0.0  0.0  0.0  1.9  0.6  5.0  2.9  1.5  0.2  0.0  0.0  0.0  0.0  0.6  0.6
  0.4  1.7  1.5  0.8  0.0  0.8  0.8  0.0  0.4  0.6  0.0  0.0  3.3  0.2  0.0
 10.4  1.7  0.6 12.7  5.0  2.1  7.7  3.6  0.0  0.0  0.0  0.0  0.0  0.0  0.0
  1.0  1.7  0.0  0.0  0.0  0.0  0.6 16.5  3.6  2.1 14.6  6.9  2.3  7.1  8.1
  2.5  2.9  2.5  1.5  0.6  0.6  0.6 32.0 13.8 20.9  2.3  2.7  7.1  4.4  0.0
      3.58      5.37      1.88     -1.78      2.81  0.6  0.4  0.0  0.0  0.0
                                         4000_story_1111.txt 34.5  4.5 1981
 11.1  2.5  0.5 28.3  8.6  0.0  3.5  1.0  1.5 11.6  1.0  0.0  0.5  3.5  0.5
  0.5  0.0  4.5 30.3  0.0  3.0274.1112.1 52.0 76.2 37.9  6.6  3.5  0.5  2.0
  0.5  5.0 21.2  5.6  9.1 29.8  8.6  2.0  0.5  1.0  2.5  1.0  4.5  4.0  1.0
  1.5  3.5  4.5  0.5  4.0  9.1 39.9  6.6  0.0  3.0 88.3 48.0  0.0116.6  4.5
  5.0  0.0  0.0  0.0  0.0  0.0  0.0  0.0  0.0  0.0  0.0  0.0  0.0  0.0  0.0
  0.0  0.0  0.0  2.5  1.0  3.0  0.0  0.0  0.0  0.0  0.0  0.0  0.0  0.0  0.5
  0.5  0.5  0.0  0.0  0.0  0.0  0.0  0.0  0.0  1.5  0.0  0.5  1.0  0.0  0.0
  6.6  0.0  0.0  6.6  1.5  0.0  3.0  1.5  0.0  0.0  0.0  0.0  0.0  0.0  0.0
  0.0  0.0  0.0  0.0  0.0  0.0  0.0  5.0  0.5  1.0  4.0 18.2  2.0  5.6  7.1
  1.0  7.6  1.5  3.5  0.5  0.5  0.0 21.2  5.6 13.6  1.0  4.5  5.6  1.0  0.0
     -7.53      0.38      0.13     -3.90      1.09  0.0  0.0  0.5  0.0  0.0
                                         4000_story_1112.txt 33.0  4.3 2326
  9.9  2.1  6.9 40.8  6.4  0.4  2.1  3.4  5.2 19.3  2.1  0.0  0.0  3.0  0.9
  1.3  1.3  3.9 19.8  1.7  1.7261.0 92.9 59.3 65.8 52.9 12.5  2.1  0.4  1.7
  0.0  4.7 22.4  3.9  9.0 34.8  9.5 10.7  0.0  1.7  5.2  1.3  9.0  3.0  0.9
  1.3  6.0  2.6  1.3  1.7 19.8 32.2  5.2  3.0  2.1105.3 64.5  3.9123.0  3.9
  2.1  0.0  0.0  0.0  0.0  0.0  0.0  0.0  0.0  0.0  0.0  0.0  0.0  0.0  0.0
  0.0  0.0  0.0  0.4  0.4  2.1  3.0  0.0  0.0  0.0  0.0  0.0  0.0  0.0  0.0
  0.0  0.0  0.9  1.7  0.0  0.0  0.4  0.0  0.0  0.4  0.0  0.4  1.7  2.6  0.0
  6.0  0.0  0.0  6.0  2.6  0.4  3.4  4.7  0.0  0.0  0.0  0.0  0.0  0.0  0.0
  0.4  0.0  0.0  0.0  0.0  0.0  0.0  4.3  2.1  1.7  5.6 20.6  1.7  5.2  5.2
  3.0  9.9  0.4  3.0  0.0  0.4  0.0 21.5  3.9 15.9  0.9  3.4  8.6  3.4  0.0
     -3.28      1.58     -0.35     -0.29      3.55  0.9  0.0  0.0  0.0  0.0
                                         4000_story_1114.txt 32.0  4.3 2342
  8.5  2.1 17.9 44.4  9.4  1.3  1.3  4.7 28.2 12.0  0.9  0.0  0.4  3.8  0.4
  0.9  0.4  7.7 22.6  0.4  2.1274.6 95.6 42.7 58.1 34.6  6.4  3.4  0.4  2.6
  0.4  2.6 33.7  7.3  6.4 41.0  9.8  6.8  0.0  1.3  1.7  0.9  4.3  4.3  0.4
  3.0  9.4  1.7  2.6  4.3 16.2 35.9  7.7  0.9  3.4 79.4 72.2  1.7124.7  7.7
  2.1  0.0  0.0  0.0  0.0  0.0  0.0  0.0  0.0  0.0  0.0  0.0  0.0  0.0  0.0
  0.0  0.0  0.0  0.0  1.7  2.1  0.9  0.4  0.0  0.0  0.0  0.0  0.0  0.0  0.0
  0.0  0.4  1.3  0.4  0.0  0.4  0.0  0.4  0.0  0.9  0.4  0.0  1.7  0.0  0.0
  4.7  0.4  0.0  5.1  2.1  0.9  3.8  2.1  0.0  0.0  0.0  0.0  0.0  0.0  0.0
  0.0  0.0  0.0  0.0  0.0  0.0  0.0 11.1  4.3  0.0  8.5 10.7  1.7  6.8  3.8
  4.7  4.3  5.6  3.8  1.7  0.0  0.9 28.6  9.4 11.1  1.3  3.4  6.4  3.4  0.0
     -2.62     -0.42     -0.10     -3.24      0.98  0.9  0.0  0.0  0.0  0.0
                                         4000_story_1116.txt 37.0  4.5 2481
 10.1  0.4  4.8 34.7  2.4  0.4  2.0  5.2 10.1 12.9  2.4  0.0  0.4  1.6  0.8
  0.8  1.6  4.4 24.2  0.0  1.2258.0104.4 61.3 72.6 45.5  8.1  2.0  0.4  2.0
  0.4  4.0 31.0  6.4  6.9 35.9  8.9  5.2  2.4  1.2  1.2  1.6  4.4  4.4  0.4
  2.8  4.8  4.0  1.2  5.6 10.9 34.3  7.7  1.6  2.8110.0 58.0  0.4123.7  6.9
  4.0  0.0  0.0  0.0  0.0  0.0  0.0  0.0  0.0  0.0  0.0  0.0  0.0  0.0  0.0
  0.0  0.0  0.0  0.4  0.4  1.2  0.8  0.4  0.0  0.0  0.0  0.4  0.0  0.0  0.0
  0.0  1.2  0.0  0.4  0.0  0.0  0.4  0.4  0.0  0.4  0.0  0.0  3.2  0.8  0.0
  2.8  0.4  0.4  3.6  1.6  0.8  2.8  4.0  0.0  0.0  0.0  0.0  0.0  0.0  0.0
  0.0  0.8  0.0  0.0  0.0  0.0  0.4  8.9  3.2  1.6 14.1 12.9  1.2  6.9  2.0
  1.6  4.4  2.0  2.8  0.4  1.6  0.4 16.5  6.4 13.7  2.4  3.2  5.2  2.4  0.0
     -6.51      0.61      0.34     -2.81      1.04  0.8  0.0  0.0  0.0  0.0
                                         4000_story_1117.txt 33.5  4.4 3712
 11.3  3.0  5.9 56.3 15.6  0.3  1.9  2.2 17.0 12.1  1.6  0.3  0.5  3.2  0.5
  4.0  1.1  3.5 18.3  0.5  2.2255.1105.9 39.6 68.4 45.8  9.4  8.9  0.5  2.2
  0.0  4.3 41.2  5.7  7.3 39.9 10.8  8.4  1.1  1.6  2.4  3.8  4.3  5.4  0.8
  2.4  5.7  1.3  1.3  8.1 14.3 30.2  8.6  1.6  2.7 77.0 78.4  2.2142.8  9.7
  1.6  0.0  0.0  0.0  0.0  0.0  0.0  0.0  0.0  0.0  0.0  0.0  0.0  0.0  0.0
  0.0  0.0  0.0  2.2  0.0  2.2  0.8  0.3  0.0  0.0  0.0  0.0  0.5  0.0  0.3
  0.0  1.1  0.8  0.3  0.0  0.5  0.0  0.5  0.3  1.3  0.5  0.0  1.9  0.3  0.0
  5.1  0.3  0.5  5.9  2.4  1.3  5.1  2.7  0.0  0.0  0.0  0.0  0.0  0.0  0.0
  0.3  0.5  0.0  0.0  0.0  0.0  0.0  4.3  3.2  1.9  7.5 15.4  1.9  5.9  4.3
  2.4  3.2  0.8  1.9  0.3  0.5  0.3 22.6 14.5 11.6  1.9  1.9  8.9  3.2  0.0
     -2.88      2.02      0.81     -0.87      1.29  1.1  0.3  0.3  0.3  0.0
                                         4000_story_1121.txt 35.3  4.3 2066
  5.8  2.4  9.7 43.6 10.6  1.9  0.5  0.5  3.9 10.2  2.4  1.9  0.0  1.5  0.0
  1.9  0.0  3.9 28.1  0.0  2.9257.0107.0 57.1 70.7 73.1  9.2  4.8  1.5  1.9
  0.0  4.8 30.5  4.8 10.6 34.4  8.2  7.7  0.5  0.0  3.4  1.0  4.4  5.8  0.5
  4.4  6.3  0.5  2.4  4.4 15.0 41.1 10.6  0.0  3.4 89.5 87.6  1.5132.6  1.9
  1.5  0.0  0.0  0.0  0.0  0.0  0.0  0.0  0.0  0.0  0.0  0.0  0.0  0.0  0.0
  0.0  0.0  0.0  0.5  0.5  1.5  0.0  0.0  0.0  0.0  0.0  0.0  0.0  0.0  0.0
  0.5  0.5  1.0  1.0  0.0  0.0  0.0  0.0  0.0  0.5  0.0  0.5  2.4  0.5  0.0
  2.4  0.0  0.0  2.4  2.9  0.0  3.4  3.4  0.0  0.0  0.0  0.0  0.0  0.0  0.0
  1.5  1.0  0.5  0.0  0.0  0.0  1.9 16.5  1.5  1.5  5.3 21.3  1.9  7.7  7.3
  1.5  5.3  1.0  4.4  0.5  0.0  1.0 33.4  8.7 11.1  1.0  6.8  7.7  2.4  0.0
     -7.07      2.51      0.24     -2.60      1.75  0.0  1.0  0.0  0.0  0.0
                                         4000_story_1128.txt 32.0  4.3 5291
 11.5  4.2  5.3 42.7  8.7  0.2  2.1  3.6 65.8 12.9  1.5  0.0  0.6  2.5  0.9
  3.0  1.3  4.0 30.2  0.6  3.4211.7121.1 40.1 69.7 29.1 13.6  6.8  1.1  1.7
  2.5  3.6 29.1  7.7 10.0 43.3  9.3  4.7  1.3  2.8  1.5  3.2  8.1  7.9  0.8
  1.9  6.0  3.2  3.6  3.0 10.2 42.7 10.6  1.9  5.3 74.3103.6  2.1129.3  6.4
  1.3  0.4  0.0  0.0  0.0  0.0  0.0  0.0  0.0  0.0  0.0  0.0  0.0  0.0  0.0
  0.0  0.0  0.0  1.9  1.5  2.8  1.1  0.2  0.2  0.2  0.0  0.0  0.0  0.0  0.0
  0.2  0.6  1.1  0.9  0.0  0.4  0.2  0.6  0.0  0.2  0.0  0.0  1.9  1.3  0.0
  7.4  0.6  0.0  7.9  2.8  1.1  4.2  3.2  0.0  0.0  0.0  0.0  0.0  0.0  0.0
  0.2  0.6  0.0  0.0  0.0  0.0  0.0  4.7  4.0  2.5 13.4 21.9  4.3  7.4  9.6
  1.5  2.3  2.3  1.5  0.4  1.5  0.2 24.4 12.5 17.0  1.5  5.1  7.9  3.8  0.0
      2.74      1.74      0.46     -1.76      3.85  0.9  0.0  0.0  0.0  0.0
                                         4000_story_1130.txt 29.5  4.6 2894
 11.7  1.0  0.7 75.7  4.8  0.0  3.8  2.4 29.7  8.3  1.0  0.7  0.3  3.8  0.0
  2.8  0.7  4.5 23.2  0.7  1.0245.7122.0 37.7 38.7 45.3  7.9  9.0  2.4  6.2
  1.0  2.4 48.7  6.6  4.5 34.9  8.6  2.8  2.1  0.3  3.5  2.1  3.1 11.7  0.7
  1.4  5.2  3.8  6.2  5.9 10.7 31.8 13.8  1.4  9.7 66.7 79.8  2.4128.5  5.5
  0.3  0.3  0.0  0.0  0.0  0.0  0.0  0.0  0.0  0.0  0.0  0.0  0.0  0.0  0.0
  0.0  0.0  0.0  1.0  0.3  2.1  0.7  0.7  0.0  0.3  0.0  0.0  0.0  0.0  0.3
  0.0  1.0  2.1  0.0  0.3  0.3  0.0  0.0  0.0  0.7  0.7  0.0  1.4  1.0  0.0
  4.1  1.0  0.0  5.2  3.5  0.7  4.8  3.1  0.0  0.0  0.0  0.0  0.0  0.0  0.0
  0.0  0.0  0.0  0.0  0.0  0.0  0.0 13.8  5.2  9.7 15.5  7.9  3.1  7.3  3.1
  1.4  2.8  0.7  0.3  1.7  1.7  1.0 14.9 12.8 18.3  1.0  3.5  5.2  1.0  0.0
     -4.42      0.75      5.55     -2.65      1.07  0.7  0.0  0.3  0.0  0.0
                                         4000_story_1132.txt 32.5  4.2 3731
 12.6  4.0  5.1 36.5  4.0  1.1  2.7  5.9 18.5 10.2  1.1  0.8  0.8  5.4  0.8
  0.8  0.3  2.7 14.2  0.3  1.3234.5108.3 33.8 82.0 63.8 15.3  7.5  1.3  1.9
  1.3  4.3 23.9  8.0  7.2 30.8 11.5  8.0  0.5  2.7  2.1  3.2  2.9  6.7  0.8
  0.8  9.6  4.8  1.9  4.3 12.9 31.6  8.3  0.5  4.6 63.8 86.3  3.2135.6  6.2
  2.4  1.1  0.0  0.0  0.0  0.0  0.0  0.0  0.0  0.0  0.0  0.0  0.0  0.0  0.0
  0.0  0.0  0.0  2.7  0.3  4.3  2.1  0.5  0.5  0.0  0.0  0.0  0.0  0.0  0.5
  0.0  0.8  2.1  0.5  0.0  0.3  0.3  0.0  0.0  0.3  0.0  0.0  2.9  2.1  0.0
  9.4  1.1  0.0 10.5  4.0  0.5  4.8  5.1  0.0  0.0  0.0  0.0  0.0  0.0  0.0
  0.5  0.0  0.3  0.0  0.0  0.0  0.3 16.9  5.1  0.8  6.4 19.8  2.9  7.0  4.8
  3.5  1.6  3.2  0.5  0.3  0.5  0.0 24.9 15.5 16.9  2.7  7.0  9.6  4.3  0.0
     -4.21      4.13      0.99     -0.99      0.11  1.1  0.0  0.3  0.3  0.0
                                         4000_story_1133.txt 32.0  4.1 3852
 14.0  2.9 23.1 67.2 17.7  4.7  3.1  4.7 20.8  8.3  1.3  0.3  1.6  3.9  0.8
  0.8  4.2  3.6 23.6  0.8  2.3271.0 95.0 34.5 64.9 56.6  5.2  9.1  0.3  2.1
  0.3  0.8 18.7  6.5  7.8 34.3  9.1  9.1  0.8  3.4  1.6  0.8  5.2  4.4  0.0
  2.3  4.4  2.3  2.6  3.1 14.3 32.5  6.7  4.9  2.6 59.7 95.0  3.4144.6  8.0
  2.1  0.0  0.0  0.0  0.0  0.0  0.0  0.0  0.0  0.0  0.0  0.0  0.0  0.0  0.0
  0.0  0.0  0.0  1.6  0.5  2.9  0.5  0.5  0.0  0.0  0.0  0.0  0.3  0.0  0.0
  0.8  1.3  1.6  0.3  0.0  0.3  0.8  0.0  0.0  0.3  0.8  0.3  1.3  1.3  0.0
  5.5  0.5  0.3  6.2  3.9  1.0  5.2  3.6  0.0  0.0  0.0  0.0  0.0  0.0  0.0
  1.0  1.6  0.0  0.0  0.3  0.0  0.3 13.2  1.0  1.6  9.6 27.8  1.6  7.3  4.7
  4.2  1.3  2.6  1.8  1.6  0.5  0.5 35.0 16.1 18.4  2.1  3.1 11.7  3.4  0.0
      7.71      1.60     -2.10     -1.60      1.04  1.0  0.0  0.0  0.0  0.0
                                         4000_story_1136.txt 37.0  4.4 3516
  8.0  2.3  8.0 53.8 10.0  2.0  4.0  6.0  6.8 16.2  1.1  0.0  2.0  4.6  0.3
  1.1  2.0  4.8 28.2  0.3  2.0275.0103.8 44.4 57.5 49.8  8.5  4.6  0.9  2.3
  0.3  3.1 27.6  2.8  9.1 31.3  8.0  5.1  0.9  2.0  2.0  0.6  5.1  3.4  0.3
  4.0  4.6  3.4  0.6  2.8 11.9 37.8  7.7  2.3  3.4 83.0 66.6  2.0126.0 10.0
  3.1  0.0  0.0  0.0  0.0  0.0  0.0  0.0  0.0  0.0  0.0  0.0  0.0  0.0  0.0
  0.0  0.0  0.0  2.0  0.3  1.7  0.0  0.3  0.0  0.0  0.0  0.3  0.0  0.0  0.3
  0.0  0.6  0.6  0.6  0.3  0.0  0.0  0.0  0.3  0.3  0.0  0.0  1.4  0.3  0.0
  4.0  0.3  0.3  4.6  2.0  0.6  2.8  1.7  0.0  0.0  0.0  0.0  0.0  0.0  0.0
  0.3  0.3  0.0  0.0  0.0  0.0  0.3 14.2  2.3  4.8  7.1 25.6  2.8  5.4  6.8
  0.3  2.3  1.4  1.7  0.6  0.9  0.3 23.0  7.1 13.9  0.9  3.4  9.7  4.0  0.0
      1.09      0.86      0.68     -3.03      1.59  1.4  0.0  0.0  0.0  0.0
                                         4000_story_1137.txt 36.3  4.1 3825
 14.9  6.0 37.6 90.2 27.5  2.6  3.4  5.2 47.8  9.4  3.1  1.0  1.0  6.8  1.3
  0.8  0.0  6.8 22.2  2.1  3.4226.1 79.5 28.0 54.1 36.9 13.1 12.5  0.3  1.0
  0.0  2.1 20.7  5.5  7.6 38.4 12.5 16.2  0.8  5.5  1.6  0.8  5.5  4.2  0.0
  1.0  4.4  2.9  2.4  5.0 24.6 35.3  5.2  2.1  1.3 61.7112.2  4.4161.6 11.0
  3.9  0.5  0.0  0.0  0.0  0.0  0.0  0.0  0.0  0.0  0.0  0.0  0.0  0.0  0.0
  0.0  0.0  0.0  1.8  0.8  4.4  2.6  0.8  0.3  0.0  0.0  0.0  0.0  0.0  0.3
  1.0  1.3  2.1  0.8  0.0  1.3  0.0  0.0  0.0  0.0  0.0  0.0  2.4  0.8  0.0
  9.7  1.0  0.0 10.7  5.5  1.3  6.8  3.1  0.0  0.0  0.0  0.0  0.0  0.0  0.0
  1.3  0.5  0.0  0.0  0.0  0.0  0.3 11.0  2.6  1.8  8.4 15.9  2.1  8.9  4.7
  3.1  0.3  4.2  0.8  2.4  0.3  0.5 38.4 16.2 20.1  2.1  2.1 10.2  3.9  0.0
     11.58      2.53     -2.12      1.06      0.78  1.6  0.0  0.0  0.0  0.0
                                         4000_story_1138.txt 33.0  4.1 3196
 12.2  2.5 23.5 73.2 26.3  0.9  2.2  6.9 23.2 14.4  0.9  0.9  0.6  4.1  1.3
  1.6  1.3  5.0 39.1  0.3  2.5240.9 91.7 45.4 51.6 43.8 10.6  8.4  0.3  1.3
  0.3  0.9 12.8 11.3 13.8 45.1  5.3  7.5  2.8  2.2  0.9  1.6 10.0  2.2  0.0
  1.3  7.5  2.8  1.6  1.3 13.5 50.7  3.4  1.6  1.9 68.5 93.2  1.3138.6 10.0
  3.8  0.0  0.0  0.0  0.0  0.0  0.0  0.0  0.0  0.0  0.0  0.0  0.0  0.0  0.0
  0.0  0.0  0.0  0.6  0.3  1.6  1.9  0.0  0.0  0.0  0.0  0.0  0.0  0.0  0.3
  0.0  0.9  1.6  0.6  0.0  0.3  0.0  0.0  0.0  0.0  0.0  0.3  2.8  0.3  0.0
  4.4  0.0  0.0  4.4  3.4  0.3  3.8  3.4  0.0  0.0  0.0  0.0  0.0  0.0  0.0
  1.9  1.3  0.0  0.0  0.0  0.0  0.6 12.2  3.4  2.2  7.2 19.4  2.5  8.4 10.3
  2.5  4.1  3.4  0.6  1.3  1.6  0.0 28.5 18.8 16.0  1.6  2.8  9.1  2.8  0.0
      7.91      1.53     -6.52     -1.84      3.37  0.3  0.0  0.0  0.3  0.0
                                         4000_story_1139.txt 32.3  4.1 4022
 10.7  6.5 25.6 82.0 21.1  1.2  3.0  5.5 48.2 15.7  2.2  1.2  1.2  5.0  2.0
  1.7  0.7  4.0 33.1  1.0  1.7267.5 88.8 29.3 48.2 35.6  7.5 12.2  0.7  0.5
  0.7  1.0 16.9  4.0 13.7 32.6  9.9 10.4  0.7  3.2  1.2  1.2  4.7  2.2  0.0
  3.0  3.5  3.5  0.2  7.0 15.7 42.0  5.2  1.7  2.0 63.6104.9  2.5145.0  6.5
  2.5  0.0  0.0  0.0  0.0  0.0  0.0  0.0  0.0  0.0  0.0  0.0  0.0  0.0  0.0
  0.0  0.0  0.0  4.0  0.0  2.7  2.2  1.0  0.0  0.0  0.0  0.0  0.2  0.0  0.0
  0.0  2.0  1.0  0.7  0.5  0.2  1.0  0.0  0.2  0.5  0.2  0.0  3.0  2.7  0.0
  9.0  1.0  0.2 10.2  3.7  2.0  6.2  6.0  0.0  0.0  0.0  0.0  0.0  0.0  0.0
  0.2  1.0  0.5  0.0  0.0  0.0  0.2 13.9  1.7  1.2 10.7 16.4  1.7  4.5  6.7
  7.2  1.5  1.5  2.7  0.5  0.2  0.0 29.6 16.7 15.7  2.0  3.2 10.4  3.2  0.0
      9.85      1.13     -3.13     -1.32      0.63  0.7  0.2  0.2  0.2  0.0
                                         4000_story_1141.txt 31.8  4.2 3193
 11.3  3.8 31.9 77.0 16.6  1.9  3.8  4.1 39.1 16.6  0.9  1.6  0.9  5.0  0.9
  0.6  0.3  5.6 17.9  0.6  3.4244.0106.8 35.4 49.2 41.3  9.7  6.6  0.0  2.2
  1.3  2.5 16.9  2.8 11.0 38.8  5.0  6.6  0.9  1.9  2.5  1.9  4.1  4.4  0.6
  1.9  5.0  2.8  1.6  3.4 14.7 28.8  6.9  0.9  3.4 68.0 97.1  2.5135.6  8.8
  3.4  0.0  0.0  0.0  0.0  0.0  0.0  0.0  0.0  0.0  0.0  0.0  0.0  0.0  0.0
  0.0  0.0  0.0  1.3  0.0  3.4  1.9  0.0  0.0  0.0  0.0  0.0  0.0  0.0  0.0
  0.0  0.9  0.6  0.0  0.0  0.3  0.0  0.0  0.0  0.0  0.3  0.3  2.5  0.6  0.0
  6.6  0.0  0.0  6.6  1.6  0.3  1.9  3.8  0.0  0.0  0.0  0.0  0.0  0.0  0.0
  0.9  0.6  0.0  0.0  0.0  0.3  0.0  9.1  1.9  1.3  8.1 17.2  1.6  5.3 11.0
  2.5  2.5  0.6  1.3  0.9  0.0  0.0 26.6 11.6 18.8  1.9  2.2  5.3  5.6  0.0
      3.90      0.81     -0.92     -1.94      0.67  0.9  0.6  0.0  0.0  0.0
                                         4000_story_1143.txt 34.0  4.1 3459
 10.1  3.5 19.1 72.3 22.0  0.9  2.6  8.1 28.9 10.4  2.3  0.6  1.2  3.5  0.6
  0.3  1.2  9.3 33.0  0.6  3.5235.3110.1 39.0 48.6 52.3 13.3  8.7  0.0  2.6
  0.6  1.7 22.3  4.3  6.1 39.3 11.0  7.2  1.4  2.9  1.7  2.6  5.2  5.5  0.3
  1.4  3.8  4.0  1.7  5.2 18.2 41.9  7.2  1.7  3.2 73.7103.2  3.5136.2  7.8
  3.5  0.0  0.0  0.0  0.0  0.0  0.0  0.0  0.0  0.0  0.0  0.0  0.0  0.0  0.0
  0.0  0.0  0.0  4.0  0.9  1.7  1.2  0.6  0.0  0.0  0.3  0.3  0.0  0.3  0.9
  1.2  0.9  1.2  0.0  0.0  0.6  0.3  0.0  0.0  0.6  0.3  0.6  4.3  0.3  0.0
  7.8  0.6  0.9  9.3  4.0  0.9  5.5  5.5  0.0  0.0  0.0  0.0  0.0  0.0  0.0
  0.9  2.0  0.0  0.0  0.0  0.3  0.0 12.1  0.9  1.4  9.3 17.9  1.7  4.6  4.9
  4.3  2.0  1.7  2.3  0.6  0.0  0.3 28.3 15.3 14.7  1.4  0.9  6.1  1.2  0.0
      6.47      2.36     -0.27     -1.24      1.15  1.7  0.0  0.0  0.0  0.0
                                         4000_story_1144.txt 35.8  4.3 4697
 11.9  2.3 12.8 39.8 12.1  0.2  2.1  4.5 10.4 10.4  1.9  0.9  0.9  3.6  0.4
  1.1  0.2  4.7 18.9  0.6  2.1266.3106.7 43.9 71.7 56.8 11.7  5.7  0.4  3.0
  1.1  4.9 20.0  5.5 10.2 37.3  9.2  5.3  0.2  1.5  1.9  1.3  4.5  5.7  0.9
  3.4  7.2  2.6  0.9  2.6 11.9 33.4 10.0  0.9  4.5 85.8 79.4  1.9129.9  9.4
  3.6  0.2  0.0  0.0  0.0  0.0  0.0  0.0  0.0  0.0  0.0  0.0  0.0  0.0  0.0
  0.0  0.0  0.0  0.9  0.2  2.8  1.7  0.2  0.2  0.0  0.0  0.2  0.4  0.0  0.6
  0.2  1.7  0.6  0.9  0.0  0.4  0.0  0.2  0.0  0.0  0.0  0.0  2.3  0.6  0.0
  5.5  0.4  0.6  6.6  4.0  0.6  4.7  3.0  0.0  0.0  0.0  0.0  0.0  0.0  0.0
  0.4  0.4  0.0  0.0  0.0  0.0  0.4  6.4  2.8  1.7  9.8 20.7  2.8  4.9  8.1
  1.1  3.0  0.4  1.9  0.9  0.0  0.0 29.2  9.4 14.9  1.3  3.6  9.8  4.5  0.0
     -4.93      2.48      0.18     -3.17      1.79  2.6  0.0  0.0  0.0  0.0
                                         4000_story_1145.txt 30.5  4.2 3338
 11.1  5.7 21.9 62.6 15.9  0.3  4.5  2.1 23.4 12.0  0.9  0.3  0.6  3.0  0.3
  0.3  0.6  3.3 21.0  0.3  1.2251.6 98.0 37.7 62.6 45.5 11.1  5.4  0.6  0.9
  0.3  0.9 14.7  4.8  8.1 43.4 12.0  8.7  1.2  1.8  1.5  2.1  4.2  5.1  0.6
  0.9  6.0  0.9  1.5  2.7 13.5 30.0  6.6  0.9  1.8 76.1 84.8  3.0144.1  9.6
  2.4  0.0  0.0  0.0  0.0  0.0  0.0  0.0  0.0  0.0  0.0  0.0  0.0  0.0  0.0
  0.0  0.0  0.0  3.6  0.9  1.5  1.5  0.6  0.0  0.0  0.0  0.0  0.0  0.0  0.6
  0.6  0.9  1.8  0.0  0.0  0.6  0.0  0.0  0.0  0.0  0.0  0.0  1.5  0.0  0.0
  7.5  0.6  0.0  8.1  3.9  0.6  4.5  1.5  0.0  0.0  0.0  0.0  0.0  0.0  0.0
  3.6  1.8  0.0  0.0  0.0  0.0  0.0 26.4  3.0  2.1  6.0 23.1  1.8  6.0  7.2
  7.2  1.5  2.4  1.8  0.9  0.9  0.3 38.9 12.3 15.3  1.2  4.8 11.1  3.9  0.0
     -1.94      1.49     -2.82     -1.78      0.52  0.6  0.0  0.0  0.3  0.0
                                         4000_story_1146.txt 34.0  4.0 4246
 13.0  4.5 30.4 74.7 24.0  1.9  3.3  2.8 34.1 14.1  1.2  0.7  1.4  4.9  0.5
  0.5  0.0  7.5 17.7  1.4  1.9258.8 86.0 34.9 62.2 48.0  9.2  9.9  0.7  1.2
  0.5  3.1 22.4  4.7  8.2 42.2 13.0 11.1  0.9  4.2  1.9  2.4  6.1  5.9  0.5
  1.9  8.0  3.5  2.1  2.8 20.5 33.7  8.2  1.4  2.4 63.1106.2  4.2152.1  6.1
  2.8  0.0  0.0  0.0  0.0  0.0  0.0  0.0  0.0  0.0  0.0  0.0  0.0  0.0  0.0
  0.0  0.0  0.0  3.1  0.7  1.9  3.3  0.5  0.0  0.0  0.0  0.0  0.0  0.0  0.5
  0.5  1.4  1.6  0.7  0.0  0.0  0.5  0.2  0.0  0.7  0.0  0.5  3.3  0.5  0.0
  8.9  0.5  0.0  9.4  4.7  0.7  6.1  4.2  0.0  0.0  0.0  0.0  0.0  0.0  0.0
  1.6  0.7  0.0  0.0  0.0  0.5  0.2 10.4  2.8  1.4 11.5 16.0  1.4  9.2  4.2
  2.6  3.1  2.6  0.7  1.4  0.9  0.0 35.1 16.7 17.7  1.6  5.2  6.8  4.5  0.0
      3.89      2.05     -1.07      0.10      2.06  0.9  0.5  0.0  0.0  0.0
                                         4000_story_1148.txt 34.0  4.3 4526
 12.2  5.5 14.6 51.0  5.3  1.3  2.7  2.4 19.2 10.6  1.3  0.4  0.9  4.2  0.4
  5.1  0.2  3.5 17.0  0.2  3.3236.4103.0 49.7 68.1 72.5  9.9  6.6  0.0  1.8
  0.0  4.0 16.6  6.8 12.2 40.7 11.0  8.4  0.0  2.0  2.2  1.1  4.2  5.1  0.9
  2.7  6.2  2.7  1.1  2.9 14.1 29.6  8.6  0.4  1.8 78.9 97.0  1.1143.0  9.7
  5.1  0.2  0.0  0.0  0.0  0.0  0.0  0.0  0.0  0.0  0.0  0.0  0.0  0.0  0.0
  0.0  0.0  0.0  3.3  0.7  4.0  0.4  0.0  0.0  0.0  0.0  0.0  0.0  0.0  0.0
  0.4  1.8  2.4  0.9  0.0  0.7  0.0  0.2  0.0  0.2  0.0  0.0  2.2  1.3  0.0
  8.4  0.0  0.0  8.4  5.5  0.9  6.6  3.5  0.0  0.0  0.0  0.0  0.0  0.0  0.0
  1.3  1.5  0.2  0.0  0.0  0.0  0.4 10.4  1.5  0.9  8.4 23.0  1.8  8.4  4.9
  4.6  4.0  0.7  2.4  1.5  0.2  0.2 36.2 11.9 16.8  0.4  4.0 10.2  4.6  0.0
     -2.31      2.87     -3.36     -2.21      1.30  1.3  0.0  0.0  0.0  0.0
                                         4000_story_1150.txt 33.8  4.1 4044
 16.6  4.0 18.8 68.7 16.8  2.5  3.0  2.5 19.5 17.3  1.0  0.0  0.7  4.7  1.2
  1.7  2.2  4.7 20.0  1.5  1.7239.6100.6 37.6 66.0 56.6 13.4  7.2  0.5  1.7
  0.7  2.0 13.6  3.5  9.6 40.3  9.1  4.9  1.2  2.7  2.0  2.0  5.4  6.4  0.5
  1.5  5.4  3.5  2.2  2.2 11.6 30.2  8.4  3.7  3.0 71.0 93.0  2.5145.4  6.4
  2.5  0.0  0.0  0.0  0.0  0.0  0.0  0.0  0.0  0.0  0.0  0.0  0.0  0.0  0.0
  0.0  0.0  0.0  2.2  0.0  2.2  2.0  0.0  0.0  0.0  0.0  0.0  0.0  0.0  0.7
  0.2  1.0  1.0  0.0  0.5  0.5  0.0  0.0  0.0  0.0  0.7  0.0  2.0  1.0  0.0
  6.4  0.0  0.0  6.4  3.0  1.0  4.0  3.7  0.0  0.0  0.0  0.0  0.0  0.0  0.0
  0.5  1.2  0.0  0.0  0.0  0.2  0.2 12.4  3.7  2.7  8.7 12.9  2.0  6.2  7.2
  4.0  2.7  0.7  2.0  0.7  0.5  0.2 34.4 14.6 20.5  0.7  0.0  9.4  3.5  0.0
      5.99      2.86     -1.63     -2.06      1.61  1.2  0.2  0.0  0.0  0.0
                                         4000_story_1151.txt 34.0  4.2 4310
 14.6  3.5 13.9 48.5  6.0  2.3  2.3  3.0 22.7 14.6  1.4  1.2  1.4  5.8  0.0
  0.2  0.5  2.8 30.9  0.9  1.6250.6104.6 45.0 68.4 61.0 13.0  4.6  1.2  1.9
  0.2  3.2 19.0  2.8  6.7 37.6  6.7  5.6  0.2  0.7  0.9  3.2  2.6  3.0  0.9
  0.9  8.8  5.8  2.1  2.8  9.3 44.8  4.9  1.4  3.2 78.7 89.8  3.9135.5 13.2
  4.4  0.7  0.0  0.0  0.0  0.0  0.0  0.0  0.0  0.0  0.0  0.0  0.0  0.0  0.0
  0.0  0.0  0.0  1.4  0.9  6.0  0.9  0.2  0.5  0.0  0.0  0.0  0.0  0.0  0.5
  0.0  0.9  0.2  0.7  0.0  0.2  0.0  0.0  0.0  0.7  0.0  0.2  4.6  0.5  0.0
  9.3  0.7  0.0 10.0  2.3  0.2  3.2  5.3  0.0  0.0  0.0  0.0  0.0  0.0  0.0
  0.9  1.6  0.0  0.0  0.0  0.0  0.0 20.0  4.2  1.4  9.7 20.0  0.7  6.5  9.3
  4.9  4.4  4.2  1.6  0.7  0.2  0.0 25.5  9.5 20.4  0.2  3.0 11.1  5.6  0.0
      0.82      2.59      0.41     -3.15     -0.56  1.9  0.0  0.0  0.2  0.0
                                         4000_story_1158.txt 33.0  4.2 2175
 10.6  4.6 23.4100.7 17.5  0.5  3.7  2.3 44.1 13.8  5.1  0.0  0.9  3.2  1.4
  2.3  3.2  7.8  5.5  0.5  2.3295.6 92.9 23.9 17.9 38.2  8.3  3.2  0.9  1.8
  0.0  2.3 23.9  5.5 12.0 45.1  6.0 12.0  0.5  1.8  2.8  1.4  2.3  6.9  0.9
  0.5  3.2  2.8  1.4  3.7 22.5 12.9  8.3  3.7  2.8 63.0 99.8  3.2129.7 15.2
  2.8  0.0  0.0  0.0  0.0  0.0  0.0  0.0  0.0  0.0  0.0  0.0  0.0  0.0  0.0
  0.0  0.0  0.0  2.3  0.5  0.9  2.3  0.0  0.0  0.0  0.0  0.0  0.5  0.0  0.0
  0.5  1.8  0.5  0.0  0.0  0.0  0.0  0.0  0.0  0.0  0.0  1.4  2.8  0.9  0.0
  6.0  0.0  0.5  6.4  2.8  0.0  2.8  5.1  0.0  0.0  0.0  0.0  0.0  0.0  0.0
  0.0  0.9  0.5  0.0  0.0  0.0  0.5  8.7  3.2  2.3 11.0 12.9  0.9  4.1  2.8
  0.9  1.4  3.7  0.0  1.8  0.0  0.5 28.5  6.0 18.9  0.9  0.9  4.1  1.4  0.0
      4.80     -1.25     -2.71     -0.91     -0.29  0.0  0.0  0.0  0.0  0.0
                                         4000_story_1160.txt 24.8  4.0 3080
 14.0  7.8 38.0112.3 36.4  2.3  4.2  5.8 48.7 18.8  2.9  1.0  1.0  6.5  0.3
  3.6  1.9  5.2  8.8  1.0  2.3241.6 80.8 40.3 22.4 26.3  7.5  5.2  0.0  1.6
  0.3  2.3 16.9  4.9 10.7 47.1  5.2 10.1  0.0  3.6  1.6  1.6  4.9  3.6  1.3
  0.0  3.6  1.3  4.2  5.2 16.9 19.2  4.9  2.9  1.9 74.4111.4  4.9141.6 11.0
  1.6  0.3  0.0  0.0  0.0  0.0  0.0  0.0  0.0  0.0  0.0  0.0  0.0  0.0  0.0
  0.0  0.0  0.0  1.3  1.9  2.3  3.9  0.3  0.0  0.0  0.0  0.0  0.0  0.0  0.3
  0.0  1.3  1.0  0.3  0.0  0.3  0.0  0.3  0.0  0.0  0.3  0.3  3.2  0.6  0.0
  9.4  0.3  0.0  9.7  2.9  0.6  3.6  4.5  0.0  0.0  0.0  0.0  0.0  0.0  0.0
  1.0  0.6  0.0  0.0  0.0  0.0  0.0  7.8  3.2  1.3  9.4 18.2  1.6  5.5  7.8
  2.3  1.9  3.2  0.3  0.3  0.0  0.3 26.0  7.8 22.1  1.9  1.3  7.8  3.2  0.0
     12.28     -1.42     -3.12     -1.16      0.96  1.0  0.0  0.0  0.0  0.0
                                         4000_story_1161.txt 33.0  4.4 2364
 10.2  1.3  6.3 39.8  7.6  0.4  1.3  2.1 14.8  8.9  0.8  0.0  0.0  2.5  0.4
  1.3  0.8  3.0 13.1  0.0  4.2248.3122.7 48.2 74.0 54.1  5.9  5.9  1.3  0.0
  1.3  5.9 20.3  5.5 11.0 44.8  4.7  3.0  0.8  0.4  1.3  0.8  5.5  5.9  0.4
  3.4  3.8  1.7  3.0  1.3  7.2 23.3  9.7  0.8  2.5 87.6 76.6  0.8131.1 10.6
  1.3  0.0  0.0  0.0  0.0  0.0  0.0  0.0  0.0  0.0  0.0  0.0  0.0  0.0  0.0
  0.0  0.0  0.0  0.4  0.4  1.3  0.8  0.0  0.0  0.0  0.0  0.0  0.0  0.0  0.0
  0.8  0.8  0.8  0.4  0.0  0.0  0.0  0.0  0.0  0.0  0.0  0.8  1.7  0.0  0.0
  3.0  0.0  0.0  3.0  3.0  0.0  3.0  2.5  0.0  0.0  0.0  0.0  0.0  0.0  0.0
  0.8  1.3  0.0  0.0  0.0  0.0  0.4  9.7  3.0  0.8  4.7 24.5  1.7  4.2  8.5
  0.8  2.5  1.7  1.3  0.4  0.0  0.8 25.4  9.7 14.0  2.5  2.5  4.7  4.7  0.0
     -9.30      1.35     -0.88     -4.49      2.12  0.8  0.0  0.4  0.0  0.0
                                         4000_story_1171.txt 37.0  4.3 2923
  5.8  0.0  4.4 85.5 26.0  1.4  0.3  1.0 67.4  8.2  2.4  1.0  0.7  1.7  0.0
  0.3  1.4  3.8 22.9  1.0  1.0282.9115.6 40.7  9.2 19.5  7.9  1.0  1.7  2.4
  1.0  2.4 15.7  9.2  6.8 36.9  4.8 17.1  0.7  1.0  4.8  0.7  5.8  3.1  0.7
  1.7  8.9  1.0  1.7  3.1 25.7 36.3  5.5  2.4  5.1 67.7112.9  1.0105.0  5.1
  4.1  0.0  0.0  0.0  0.0  0.0  0.0  0.0  0.0  0.0  0.0  0.0  0.0  0.0  0.0
  0.0  0.0  0.0  0.0  0.0  0.0  1.0  0.0  0.0  0.0  0.0  0.0  0.0  0.0  0.0
  0.0  0.3  0.7  0.7  0.0  0.3  0.0  0.0  0.0  0.3  0.0  0.0  0.7  0.0  0.0
  1.0  0.0  0.0  1.0  1.7  0.3  2.4  0.7  0.0  0.0  0.0  0.0  0.0  0.0  0.0
  0.0  0.0  0.3  0.0  0.0  0.0  0.0  3.1  4.1  0.3  7.2 14.7  2.7  5.1  6.5
  0.0  2.4  0.3  1.0  0.0  0.7  0.3 18.5  3.1 10.3  0.3  7.9  8.2  1.7  0.0
     -2.82     -2.85     -0.66      0.71      1.55  1.0  0.0  0.0  0.3  0.0
                                         4000_story_1181.txt 34.8  4.4 2072
 11.1  3.9  7.2 35.7  2.4  0.0  1.0  1.9  3.4 13.5  3.4  0.0  0.0  2.9  0.0
  0.0  1.9  8.7 18.3  0.5  3.4237.0125.5 43.4 80.1 80.1 14.0  6.8  1.9  2.4
  0.0  2.9 25.1  3.4  6.3 33.3  6.3  5.8  1.0  1.9  1.4  1.4  1.9 10.6  0.5
  2.9  7.2  4.3  2.9  1.9 15.9 30.4 14.0  2.4  4.3 73.8 85.9  1.4133.2  5.8
  1.4  0.5  0.0  0.0  0.0  0.0  0.0  0.0  0.0  0.0  0.0  0.0  0.0  0.0  0.0
  0.0  0.0  0.0  3.4  1.4  1.9  1.4  0.0  0.0  0.0  0.0  0.0  0.0  0.0  0.0
  0.0  1.0  1.0  0.5  0.0  0.0  0.0  0.0  0.0  0.5  0.5  0.0  2.9  0.5  0.0
  8.2  0.0  0.0  8.2  2.4  0.0  2.9  3.9  0.0  0.0  0.0  0.0  0.0  0.0  0.0
  1.0  0.5  0.5  0.0  0.0  0.0  0.0 16.4  1.9  1.4 11.6 11.1  1.9  3.9 12.1
  2.9  2.4  1.9  1.0  0.5  0.5  1.0 27.0 11.1 13.5  4.3  2.9  8.7  4.8  0.0
     -4.26      4.41      1.43     -2.77      0.49  1.0  0.0  0.0  0.0  0.0
                                         4000_story_1182.txt 32.0  3.9 4385
 13.2  5.5 37.9 46.5  4.8  0.0  2.7  4.6 11.2 18.0  1.8  0.2  0.5  6.2  2.7
  0.5  0.7  5.9 24.6  0.9  3.4226.9114.7 36.5 70.2 82.8 10.9  3.4  0.2  0.9
  0.7  2.7 10.3  3.6 17.6 37.9  9.6  4.8  0.2  2.7  0.7  1.8  2.5  7.3  0.5
  0.7  8.9  2.1  0.7  1.6 11.4 39.2  8.4  1.6  1.8 70.7 98.7  4.8128.6  2.1
  3.0  0.0  0.0  0.0  0.0  0.0  0.0  0.0  0.0  0.0  0.0  0.0  0.0  0.0  0.0
  0.0  0.0  0.0  1.1  1.1  3.4  1.1  0.0  0.0  0.0  0.0  0.2  0.0  0.5  0.0
  0.0  1.6  0.9  1.6  0.0  0.2  0.0  0.2  0.2  0.2  0.0  0.0  4.6  3.6  0.0
  6.8  0.0  0.7  7.5  4.1  0.7  5.0  8.2  0.0  0.0  0.0  0.0  0.0  0.0  0.0
  0.2  0.7  0.2  0.0  0.0  0.2  0.0  8.4  2.1  2.5  6.8 21.4  1.6  5.7  5.7
  1.6  3.6  8.0  1.8  1.1  0.7  0.5 27.6  9.6 17.3  1.4  2.1  9.4  0.9  0.0
      5.78      3.00     -4.45     -3.09     -0.38  0.0  0.0  0.0  0.0  0.0
                                         4000_story_1186.txt 30.8  3.9 4809
 22.0  9.6 51.8 96.3 24.3  4.4  3.7  4.4 50.9 19.5  1.5  0.6  0.8  5.8  1.0
  1.9  1.5 10.0 16.2  2.5  5.4164.3 83.0 25.0 70.9 77.1 12.7  8.5  1.0  1.7
  1.0  1.7 13.3  8.7  8.5 51.4 12.1 15.4  0.2  6.9  2.5  2.7  6.4  6.0  0.4
  0.4  9.8  2.5  0.6  5.8 27.9 35.1  6.9  4.0  3.7 57.4152.4  4.2173.4  8.9
  1.0  0.6  0.0  0.0  0.0  0.0  0.0  0.0  0.0  0.0  0.0  0.0  0.0  0.0  0.0
  0.0  0.0  0.0  4.8  1.2  3.5  2.9  0.2  0.2  0.4  0.0  0.0  0.0  0.0  0.4
  0.6  1.0  1.0  1.0  0.0  1.2  0.2  0.4  0.2  0.2  0.2  0.2  4.0  0.4  0.0
 12.5  0.8  0.0 13.3  4.2  2.1  6.4  4.8  0.0  0.0  0.0  0.0  0.0  0.0  0.0
  2.1  2.1  0.6  0.0  0.0  0.0  0.4 13.1  3.3  3.5 10.2  6.7  2.1  5.0  2.9
  5.2  1.2  4.4  1.2  2.5  1.0  0.0 36.0 13.5 29.5  2.7  3.5 13.5  5.2  0.0
     20.38      4.05     -3.02      2.51      1.77  0.8  0.0  0.2  0.0  0.0
                                         4000_story_1193.txt 31.0  4.1 5646
 14.0  6.9 21.3 44.5  9.7  2.1  1.9  3.0 14.9 17.0  1.2  0.0  0.4  3.5  0.5
  3.7  0.7  6.9 23.4  1.1  2.5238.9 81.5 27.8105.2 78.8 11.0 10.1  0.7  1.4
  0.5  5.1 17.5  6.7 10.1 41.6 12.4  5.1  0.9  3.0  2.8  1.4  4.3  5.7  0.2
  2.1  7.8  3.0  1.6  5.8 14.9 39.3  8.0  1.8  2.7 59.0103.4  4.6162.4  5.8
  2.5  0.7  0.0  0.0  0.0  0.0  0.0  0.0  0.0  0.0  0.0  0.0  0.0  0.0  0.0
  0.0  0.0  0.0  5.5  1.4  1.2  2.7  0.4  0.9  0.0  0.0  0.2  0.0  0.0  0.4
  0.2  0.7  0.9  1.2  0.2  0.7  0.4  0.2  0.2  0.0  0.4  0.2  2.3  0.5  0.0
 10.8  1.2  0.2 12.2  3.4  1.6  5.0  3.4  0.0  0.0  0.0  0.0  0.0  0.0  0.0
  1.4  2.1  0.2  0.0  0.0  0.0  0.0 12.2  2.5  1.4  5.5 19.7  3.0  6.0  6.4
  8.0  3.4  3.0  2.8  1.2  0.4  0.2 40.4 12.8 19.7  1.4  1.2 10.3  5.0  0.0
      4.49      5.22     -1.56     -1.81      0.71  0.5  0.0  0.2  0.2  0.0
                                         4000_story_1194.txt 31.0  4.0 5149
 18.8 10.1 35.0 63.9 16.1  1.6  2.1  5.8 28.2 16.1  0.6  0.0  0.4  4.1  0.4
  0.6  1.4  5.6 18.8  1.2  4.7191.7 87.2 28.9 99.2102.7 10.7 11.7  1.2  1.6
  0.0  3.5 16.1  4.9 12.6 46.6  8.2  7.8  1.4  5.4  2.3  1.7  6.2  6.6  0.2
  2.1  6.8  1.2  0.6  4.7 15.7 34.6  8.9  2.5  2.7 61.4147.0  5.2174.0  8.0
  1.0  0.2  0.0  0.0  0.0  0.0  0.0  0.0  0.0  0.0  0.0  0.0  0.0  0.0  0.0
  0.0  0.0  0.0  6.2  0.6  3.3  2.1  0.0  0.2  0.0  0.0  0.0  0.0  0.0  0.0
  0.2  2.1  1.0  0.8  0.0  0.0  0.0  0.0  0.0  0.0  0.0  0.0  4.7  0.8  0.0
 12.2  0.2  0.0 12.4  4.1  0.0  4.1  5.4  0.0  0.0  0.0  0.0  0.0  0.0  0.0
  1.7  1.4  0.2  0.0  0.4  0.0  0.4 16.9  2.3  2.5  9.5 14.8  1.4  4.9  4.7
  7.0  1.9  4.7  0.6  2.7  0.2  0.0 33.0 20.0 28.9  2.1  3.9 12.6  5.6  0.0
      9.17      6.32     -2.90     -0.04      2.10  0.2  0.0  0.0  0.2  0.0
                                         4000_story_1197.txt 30.0  4.1 5589
 14.0  7.2 37.8 61.5 13.4  1.1  1.4  2.0 29.2 16.6  1.4  0.0  1.4  3.2  1.3
  1.4  1.6  5.5 20.6  1.3  4.1213.1 84.3 36.1 88.4 80.0 15.0  9.7  0.2  1.4
  0.5  4.5 20.0  7.2  9.8 44.6 16.1  9.5  0.9  3.9  2.1  2.9  4.7  5.7  0.4
  1.6  5.4  2.7  1.4  4.5 17.2 34.4  7.7  2.9  2.1 68.3122.6  4.5165.7  7.0
  2.1  0.0  0.0  0.0  0.0  0.0  0.0  0.0  0.0  0.0  0.0  0.0  0.0  0.0  0.0
  0.0  0.0  0.0  4.5  1.8  1.8  2.7  0.0  0.0  0.2  0.0  0.0  0.2  0.0  1.1
  0.5  3.2  1.4  1.3  0.0  0.5  0.0  0.0  0.0  0.5  0.0  0.0  3.2  1.3  0.0
 10.7  0.2  0.2 11.1  7.5  0.5  8.6  4.5  0.0  0.0  0.0  0.0  0.0  0.0  0.0
  2.0  1.3  0.4  0.0  0.0  0.2  0.2 12.7  2.9  3.0  8.4 15.2  3.0  6.1  3.4
  5.7  1.3  5.0  1.4  1.1  1.6  0.5 37.0 22.2 20.9  1.6  3.0 11.8  4.8  0.0
      7.47      5.41     -2.14     -0.10      0.94  0.2  0.0  0.2  0.0  0.2
                                         4000_story_1199.txt 28.5  4.1 3928
 14.0  8.4 14.8 70.3 13.5  2.3  4.1  3.6 26.2 10.7  1.8  0.5  1.8  6.4  1.5
  2.3  1.0  4.8 24.2  1.0  1.8227.6 74.3 36.2 92.4 67.5 13.5 16.8  1.3  2.0
  0.5  1.8 17.1  7.1  6.4 44.3 14.3  8.7  0.0  6.4  3.3  1.0  5.6  5.3  0.0
  1.5  7.1  3.8  2.0  4.6 16.8 40.0  6.9  2.0  3.8 57.8107.2  6.6177.7  7.1
  1.5  0.5  0.0  0.0  0.0  0.0  0.0  0.0  0.0  0.0  0.0  0.0  0.0  0.0  0.0
  0.0  0.0  0.0  6.9  1.5  2.5  1.8  0.8  0.3  0.0  0.0  0.0  0.0  0.0  1.0
  0.0  3.1  1.3  0.5  0.0  0.3  0.8  0.0  0.0  0.0  0.0  0.0  4.1  1.5  0.0
 12.7  1.0  0.0 13.7  5.9  1.0  6.9  5.6  0.0  0.0  0.0  0.0  0.0  0.0  0.0
  1.0  1.8  0.0  0.0  0.0  0.0  0.3 17.6  3.6  1.5  6.6  7.1  2.3  3.6  2.8
  6.1  1.0  5.6  0.8  1.5  0.8  0.3 30.5 24.7 25.5  1.0  1.5  9.2  5.9  0.0
      8.06      6.02     -1.38      0.33      1.18  1.0  0.5  0.3  0.0  0.0
                                         4000_story_1205.txt 34.8  3.9 4386
 14.8  6.2 57.2 75.7 29.0  5.0  1.6  2.7 43.5 21.0  1.8  0.2  0.2  5.0  0.2
  1.1  0.9  4.3 17.1  1.4  2.3226.6 71.8 28.3 79.8 83.2 12.1  5.7  1.1  1.4
  0.2  2.3  8.4  5.7  9.8 52.9 12.3 14.4  0.9  1.6  1.8  2.1  5.7  3.6  0.2
  1.1  4.6  2.1  0.5  4.1 20.5 25.8  5.0  2.3  2.7 60.9155.7  2.5162.8  4.6
  1.4  0.0  0.0  0.0  0.0  0.0  0.0  0.0  0.0  0.0  0.0  0.0  0.0  0.0  0.0
  0.0  0.0  0.0  2.7  0.2  3.0  2.5  0.2  0.0  0.0  0.0  0.0  0.0  0.0  0.2
  0.0  2.5  2.1  1.1  0.0  0.2  0.0  0.0  0.2  0.7  0.2  0.0  4.6  0.2  0.0
  8.4  0.2  0.0  8.7  5.9  0.5  7.1  5.0  0.0  0.0  0.0  0.0  0.0  0.0  0.0
  0.9  1.1  0.0  0.0  0.0  0.0  0.5 11.4  3.0  3.0  6.2 13.2  2.7  4.8  4.3
  5.5  3.0  3.9  0.9  2.3  0.5  0.0 37.6 11.6 24.2  1.1  2.7 11.9  6.2  0.0
     10.23      3.98     -3.55     -0.48      1.03  0.9  0.2  0.2  0.0  0.0
                                         4000_story_1212.txt 31.0  4.3 4312
 14.1  2.8  7.2 40.4  5.3  1.2  2.8  2.3  8.1 13.5  1.2  0.7  0.2  3.7  0.9
  3.0  0.9  4.9 22.3  0.2  1.6229.4102.5 50.8 91.6 82.3 17.4  8.3  3.0  5.1
  1.6  1.6 24.8  2.8  6.3 30.8  9.3  3.2  1.9  2.6  1.9  1.4  3.7  7.9  0.2
  4.4  8.3  2.6  2.1  6.0 10.0 35.5 12.5  1.2  9.7 89.7 95.8  5.8147.5  3.0
  1.2  0.7  0.0  0.0  0.0  0.0  0.0  0.0  0.0  0.0  0.0  0.0  0.0  0.0  0.0
  0.0  0.0  0.0  1.4  0.7  3.0  1.4  0.7  0.5  0.0  0.0  0.0  0.2  0.0  0.5
  0.0  1.4  1.9  0.7  0.0  0.7  0.2  0.0  0.0  0.7  0.0  0.5  3.9  0.5  0.0
  6.5  1.2  0.2  7.9  4.4  0.9  6.0  4.9  0.0  0.0  0.0  0.0  0.0  0.0  0.0
  0.2  0.9  0.2  0.0  0.0  0.0  0.2 17.6  2.8  4.4 15.1  7.9  0.7  6.3  4.9
  3.0  3.0  5.3  2.1  2.6  0.5  1.2 23.9 14.1 18.8  1.9  1.9 10.7  2.6  0.0
     -2.30      5.84      4.71     -2.63      1.49  1.9  0.0  0.0  0.0  0.2
                                         4000_story_1216.txt 34.0  4.2 3525
 13.9 13.3 19.3 89.6 22.4  3.4  0.3  5.4 22.7  9.9  1.1  0.3  0.3  3.1  0.0
  1.7  1.4  4.0 18.2  0.6  3.1205.4 82.0 30.9 94.2 78.3  8.5 34.6  0.9  1.7
  0.6  3.1 15.3  6.5 13.0 42.8  5.7 10.2  0.9  8.5  2.3  1.1  3.4  4.0  0.6
  1.4  3.7  0.0  0.9  6.8 16.5 33.8  6.0  2.0  3.1 75.7123.4  4.0185.8  7.7
  2.6  0.6  0.0  0.0  0.0  0.0  0.0  0.0  0.0  0.0  0.0  0.0  0.0  0.0  0.0
  0.0  0.0  0.0  7.1  0.0  2.3  3.7  0.0  0.0  0.0  0.0  0.0  0.0  0.0  0.3
  0.3  0.9  1.1  0.0  0.0  0.3  0.0  0.0  0.0  0.0  0.0  0.0  0.6  0.0  0.0
 13.0  0.0  0.0 13.0  2.6  0.3  2.8  0.6  0.0  0.0  0.0  0.0  0.0  0.0  0.0
  1.1  0.9  0.3  0.0  0.0  0.0  0.0 16.7  3.4  0.6  3.1 21.0  1.1  5.4  3.1
  4.3  4.3  2.3  2.0  1.4  0.0  0.0 34.0 19.9 16.5  1.7  1.4 11.6  6.2  0.0
      6.10      8.90     -3.08      1.50      0.00  0.3  0.0  0.0  0.0  0.0
                                         4000_story_1218.txt 29.3  4.2 4820
 15.1  6.4 28.8 53.5 17.0  2.3  2.3  2.5 21.2 17.4  0.8  0.0  0.4  4.1  0.4
  1.9  1.5  4.1 17.2  1.9  1.5241.5102.5 48.5 85.3 71.4  6.8 12.7  1.5  1.5
  0.4  4.1 16.8  6.0  8.7 40.0 11.2  6.2  0.6  3.5  1.2  1.2  5.4  5.6  0.0
  1.2  5.8  0.6  1.7  5.0 11.6 30.7  6.8  3.3  3.3 86.7109.5  2.1153.7  4.8
  1.0  0.2  0.0  0.0  0.0  0.0  0.0  0.0  0.0  0.0  0.0  0.0  0.0  0.0  0.0
  0.0  0.0  0.0  4.1  0.2  1.9  2.5  0.2  0.0  0.0  0.0  0.0  0.0  0.0  0.2
  0.2  2.7  0.6  1.5  0.0  0.4  0.0  0.0  0.2  0.2  0.0  0.0  3.5  0.6  0.0
  8.7  0.2  0.0  8.9  5.2  0.6  6.0  4.1  0.0  0.0  0.0  0.0  0.0  0.0  0.0
  1.2  0.0  0.0  0.0  0.0  0.0  0.0 12.0  3.3  2.7 10.2 19.7  1.2  7.1  5.6
  4.4  3.3  4.8  0.2  1.0  1.0  0.2 26.8 15.4 20.5  1.7  3.5 11.0  3.7  0.0
      2.76      3.91     -0.92     -2.23      1.00  1.0  0.0  0.0  0.2  0.0
                                         4000_story_1227.txt 27.0  4.2 3425
 13.7  3.5  1.5 37.4  6.7  0.3  2.0  2.9  6.7 17.2  2.3  0.3  0.0  2.3  0.6
  6.7  0.6  5.8 35.6  0.3  2.6214.6 88.2 47.3 79.1 79.4 10.8  6.4  0.6  2.9
  0.6  3.5 26.6  8.5  6.1 49.9 16.9  5.5  0.6  3.2  3.2  4.1  8.2  7.3  0.9
  2.0  7.0  2.6  0.9  4.7 14.6 49.6 10.2  0.9  4.1 79.7 92.8  5.0141.3  5.8
  0.3  0.6  0.0  0.0  0.0  0.0  0.0  0.0  0.0  0.0  0.0  0.0  0.0  0.0  0.0
  0.0  0.0  0.0  2.6  0.6  1.8  1.5  0.3  0.3  0.0  0.0  0.0  0.0  0.0  0.6
  0.6  1.5  1.8  0.3  0.0  1.5  0.3  0.0  0.0  0.9  0.0  0.0  4.7  1.5  0.0
  6.4  0.6  0.0  7.0  4.7  1.8  7.3  6.1  0.0  0.0  0.0  0.0  0.0  0.0  0.0
  0.6  0.9  0.0  0.0  0.3  0.0  0.6 13.1  2.0  1.2  5.0 12.3  2.3  6.4  4.7
  3.5  4.7  5.3  4.1  0.6  2.3  0.0 29.2  9.9 19.3  2.0  4.7  9.6  4.4  0.0
      2.50      3.67     -0.61     -0.47      3.92  0.3  0.0  0.0  0.0  0.0
                                         4000_story_1228.txt 30.8  4.2 5490
 11.7  3.8  1.5 36.6  7.3  0.4  1.6  0.5  5.1 12.0  0.7  0.5  0.4  5.5  0.7
  0.5  0.2  4.9 32.1  0.7  2.0217.7112.9 36.2 83.8 87.4 20.2  5.5  2.4  5.5
  0.5  4.4 15.1  6.7  8.0 35.7  8.7  3.3  0.2  2.7  2.4  2.0  6.9  7.1  1.5
  2.6  7.7  3.6  2.0  4.0 10.6 47.4 11.1  0.9  8.4 65.9 99.8  5.5137.2  6.4
  1.8  0.4  0.0  0.0  0.0  0.0  0.0  0.0  0.0  0.0  0.0  0.0  0.0  0.0  0.0
  0.0  0.0  0.0  4.4  0.4  1.6  2.2  0.4  0.2  0.0  0.0  0.0  0.0  0.2  0.0
  0.4  0.2  0.2  1.5  0.0  0.4  0.0  0.0  0.0  0.2  0.2  0.2  2.2  0.4  0.0
  8.6  0.5  0.2  9.3  2.2  0.4  2.7  2.9  0.0  0.0  0.0  0.0  0.0  0.0  0.0
  0.4  0.4  0.4  0.0  0.0  0.0  0.2 21.7  4.6  2.6  5.6 17.1  5.8  4.7  8.2
  8.4  1.8  5.3  1.1  1.3  0.5  0.0 25.1 10.9 17.5  1.5  3.5 12.9  4.2  0.0
     -1.52      5.81      1.95     -2.59      3.72  0.4  0.0  0.0  0.0  0.0
                                         4000_story_1239.txt 30.3  4.2 5416
 14.2  8.1  9.0 60.6 10.9  1.7  1.8  3.5 20.9 16.8  2.0  0.4  0.0  7.6  1.3
  2.4  5.0  5.0 14.8  1.1  2.0223.4 98.6 29.0 97.3 72.9  7.6 18.3  0.9  2.6
  0.7  2.4 17.0 10.5 12.0 43.0  7.6  4.4  3.1  2.8  5.5  0.9  6.1  3.9  0.6
  2.2  5.0  1.5  2.2  5.2 15.0 25.3  6.6  6.1  4.2 55.2104.7  6.3166.4  8.1
  1.7  0.2  0.0  0.0  0.0  0.0  0.0  0.0  0.0  0.0  0.0  0.0  0.0  0.0  0.0
  0.0  0.0  0.0  5.9  0.4  2.2  3.1  0.0  0.2  0.0  0.0  0.2  0.0  0.0  0.4
  0.7  0.9  0.9  1.5  0.0  0.2  0.0  0.0  0.0  0.4  0.2  0.0  4.2  0.4  0.0
 11.6  0.2  0.2 12.0  4.4  0.2  5.0  4.8  0.0  0.0  0.0  0.0  0.0  0.0  0.0
  0.6  0.2  0.0  0.0  0.0  0.0  0.0  6.1  7.8  3.3  7.0 26.2  3.1  3.5 11.6
  1.7  1.7  0.9  1.7  0.0  1.1  0.0 27.0 27.1 16.8  0.9  4.6 16.6  6.6  0.0
     11.04      5.56     -3.43     -0.27      1.91  0.6  0.0  0.0  0.0  0.0
                                         4000_story_1244.txt 30.3  4.4 3582
 10.1  2.5  7.5 29.9  2.5  0.3  2.0  0.8  5.9 11.7  0.8  0.3  0.0  5.6  0.8
  3.1  0.3  3.9 24.0  0.8  1.7221.4110.3 48.6 82.4 80.4 13.4  3.1  2.5  2.2
  0.3  7.0 26.8  5.6  6.4 56.7  8.4  3.9  0.6  2.0  1.7  4.5  4.7  4.7  0.0
  2.2  6.1  2.5  2.2  6.1  9.5 39.4  7.0  1.1  5.0 81.5 88.8  3.6130.1  7.0
  2.2  0.8  0.0  0.0  0.0  0.0  0.0  0.0  0.0  0.0  0.0  0.0  0.0  0.0  0.0
  0.0  0.0  0.0  1.1  0.3  1.7  2.8  0.0  0.8  0.0  0.3  0.0  0.3  0.0  0.6
  0.3  1.4  0.8  1.1  0.0  0.8  0.0  0.0  0.0  0.6  0.6  0.6  6.4  0.8  0.0
  5.9  0.8  0.6  7.3  4.2  0.8  5.6  8.4  0.0  0.0  0.0  0.0  0.0  0.0  0.0
  0.8  1.1  0.0  0.0  0.0  0.0  0.3 12.0  2.2  1.4  9.8 11.7  1.7  8.1  6.1
  5.0  2.8  5.0  2.2  2.5  2.0  0.3 21.5  5.9 15.1  2.0  3.1  8.4  2.8  0.0
     -4.26      3.70      1.56     -2.02      0.78  1.4  0.3  0.0  0.0  0.0
                                         4000_story_1250.txt 32.3  4.0 5091
 12.6  2.4  2.6 82.9  5.1  0.6  4.5  4.3 85.2 22.0  3.9  1.6  0.2  5.5  0.4
  2.7  6.3  5.9 18.7  0.8  1.2178.6 84.9 28.1 55.8 32.0 13.2  2.4  0.8  0.4
  1.0  3.5 15.7  8.4 13.6 46.0 12.0 11.0  0.6  2.7  3.5  2.6  6.5  7.7  0.6
  2.0  7.7  2.4  4.5  6.9 20.4 34.2 10.2  7.1  2.2 61.7122.4  4.1150.9  6.7
  1.4  0.2  0.0  0.0  0.0  0.0  0.0  0.0  0.0  0.0  0.0  0.0  0.0  0.0  0.0
  0.0  0.0  0.0  1.6  0.8  2.0  1.4  0.4  0.2  0.0  0.0  0.0  0.2  0.0  0.2
  0.0  0.6  2.4  0.8  0.0  0.4  0.0  0.4  0.8  0.8  0.0  0.0  1.6  1.8  0.0
  5.7  0.6  0.2  6.5  3.9  1.6  6.3  3.3  0.0  0.0  0.0  0.0  0.0  0.0  0.0
  0.6  0.6  0.0  0.0  0.0  0.0  0.0  7.3  4.1  2.0 10.0 14.9  1.8  8.8  4.5
  1.6  2.0  0.6  0.8  0.2  2.2  0.4 30.6  4.7 15.5  2.0  8.2  7.9  3.9  0.0
     17.42      0.50     -4.09      0.16      2.67  1.4  0.0  0.0  0.2  0.0
                                         4000_story_1252.txt 32.0  4.0 4054
 12.1  1.7  2.0 62.4 15.8  0.2  1.7  3.0 21.5 15.8  2.2  0.2  1.5  4.9  0.7
  3.7  2.5  3.7 23.9  0.7  3.2212.9 87.6 23.9 77.0 64.1  5.4  6.9  0.5  2.0
  0.2  2.5 18.7  6.2 12.1 44.6 12.8 11.6  1.5  3.0  2.7  2.2  6.9  6.2  0.0
  2.0  6.4  1.5  2.0  3.0 18.0 36.0  8.1  3.2  2.7 46.6101.4  3.5157.6  9.6
  0.7  0.0  0.0  0.0  0.0  0.0  0.0  0.0  0.0  0.0  0.0  0.0  0.0  0.0  0.0
  0.0  0.0  0.0  2.2  0.2  2.0  2.2  0.2  0.0  0.2  0.0  0.0  0.0  0.0  0.2
  0.2  1.0  1.0  2.2  0.0  0.7  0.0  0.2  0.5  0.0  0.0  0.0  1.0  1.2  0.0
  6.7  0.5  0.0  7.2  4.7  1.5  6.2  2.2  0.0  0.0  0.0  0.0  0.0  0.0  0.0
  1.0  1.0  0.2  0.0  0.0  0.0  2.0 18.5  4.9  1.2 12.3 19.7  2.7  9.4 10.1
  5.9  2.7  2.0  1.0  1.0  1.5  0.2 44.2 15.0 15.3  1.5  5.9 11.3  5.2  0.0
      6.87      1.98     -3.16      0.16      2.26  0.5  0.0  0.0  0.0  0.2
                                         4000_story_1258.txt 33.3  4.4 4639
 16.6  3.7 11.9 55.8 15.1  2.4  2.6  5.6 20.7  9.3  2.6  0.4  0.4  4.1  0.2
  2.6  1.7 14.7 25.9  0.6  1.9225.5105.2 36.2 71.4 65.1 11.6  8.4  1.9  4.7
  1.7  1.5 34.7  7.1  5.0 39.0 13.1  9.9  2.2  2.2  5.0  4.3  4.3  6.3  0.6
  1.7  3.9  3.9  3.2  3.4 29.5 33.8  8.6  2.4  8.4 64.7100.9  4.7145.1  6.7
  1.1  0.4  0.0  0.0  0.0  0.0  0.0  0.0  0.0  0.0  0.0  0.0  0.0  0.0  0.0
  0.0  0.0  0.0  3.0  1.7  1.7  2.2  0.6  0.2  0.2  0.2  0.0  0.0  0.4  0.9
  0.2  1.9  0.9  1.1  0.2  0.6  0.4  0.0  0.0  0.9  0.0  0.0  5.0  1.3  0.0
  8.6  1.1  0.6 10.3  5.0  1.3  7.1  6.3  0.0  0.0  0.0  0.0  0.0  0.0  0.0
  0.4  0.4  0.0  0.0  0.2  0.2  0.0 20.5  4.5  3.2 14.4 10.1  2.4  8.6  5.6
  1.5  0.9  3.7  0.2  1.5  0.4  0.2 30.4 14.9 25.9  1.7  2.4  7.3  2.8  0.0
      6.20      3.31      3.32      1.52      1.07  0.9  0.2  0.2  0.4  0.0
                                         4000_story_1260.txt 35.3  4.4 4992
 16.0  3.0  5.8 49.5  9.8  0.8  1.0  3.8 20.2 13.2  1.8  0.2  0.6  3.8  0.4
  3.8  3.2  6.2 20.2  0.6  1.0230.6111.4 43.3 69.5 75.5 10.4  3.8  3.2  3.0
  1.0  3.2 35.3  4.6  3.0 42.9 10.8  6.2  1.2  2.0  3.4  2.6  3.6  6.0  0.6
  1.8  5.6  4.6  3.0  4.4 15.8 31.3  8.4  3.8  7.2 74.5105.6  3.6134.0  6.8
  1.8  0.4  0.0  0.0  0.0  0.0  0.0  0.0  0.0  0.0  0.0  0.0  0.0  0.0  0.0
  0.0  0.0  0.0  1.4  1.0  3.4  2.0  0.6  0.0  0.6  0.0  0.0  0.4  0.0  0.6
  0.0  0.8  1.0  1.2  0.4  0.2  0.4  0.2  0.0  0.6  0.2  0.6  3.6  0.8  0.0
  7.8  1.2  0.4  9.4  3.6  1.2  5.4  5.2  0.0  0.0  0.0  0.0  0.0  0.0  0.0
  0.2  0.0  0.2  0.0  0.0  0.0  0.2 10.2  6.2  4.4 15.2 10.2  2.6  7.8  4.6
  2.4  2.2  1.8  0.4  0.8  0.6  1.4 22.4 11.4 20.8  2.8  3.6  9.6  2.8  0.0
      2.49      2.62      4.27     -1.17      0.58  1.6  0.0  0.2  0.0  0.0
                                         4000_story_1262.txt 37.3  4.4 3398
  9.4  3.2  6.2 48.0  9.7  1.8  3.5  6.8 12.1 16.2  3.2  0.0  0.6  3.5  0.3
  3.8  0.6  5.9 21.8  0.3  2.6229.8105.9 40.0 73.3 64.7 10.6  4.1  1.5  3.8
  1.2  2.4 44.7  3.8  5.6 39.4 14.1  9.7  1.5  3.5  3.2  2.6  5.0  5.6  0.3
  1.5  5.0  2.9  3.8  3.5 18.8 32.7  7.4  0.9  6.5 68.6 86.5  5.9138.3  5.6
  2.1  0.3  0.0  0.0  0.0  0.0  0.0  0.0  0.0  0.0  0.0  0.0  0.0  0.0  0.0
  0.0  0.0  0.0  1.8  1.2  2.1  1.8  0.3  0.6  0.0  0.0  0.3  1.5  0.0  0.6
  0.0  0.9  1.5  1.8  0.3  0.3  0.3  0.0  0.0  0.9  0.6  0.0  5.9  0.9  0.0
  6.8  0.9  1.8  9.4  4.7  0.9  6.5  7.4  0.0  0.0  0.0  0.0  0.0  0.0  0.0
  0.6  0.9  0.0  0.0  0.3  0.0  0.6 15.6  6.2  6.5  8.8 12.9  3.2  7.1 11.8
  1.8  2.9  2.1  0.3  1.2  0.9  0.9 26.8 10.3 13.2  1.5  2.1  7.9  4.1  0.0
     -0.20      2.36      3.82      0.39      1.05  1.8  0.0  0.3  0.0  0.0
                                         4000_story_1267.txt 32.8  4.5 5063
 12.0  4.0  2.8 45.4  9.5  1.0  2.4  2.8  7.7 10.9  2.2  0.2  0.8  4.3  0.4
  4.5  1.6  6.7 21.9  1.4  1.4227.9118.1 40.1 67.4 86.9 14.6  3.4  1.0  2.8
  2.0  3.2 35.9  4.3  4.0 46.6 12.0  6.1  1.2  1.8  2.8  4.5  4.7  4.9  0.2
  3.2  5.7  2.6  2.8  1.8 15.6 32.8  8.3  3.0  5.7 68.7104.1  4.3130.4  6.3
  2.2  0.2  0.0  0.0  0.0  0.0  0.0  0.0  0.0  0.0  0.0  0.0  0.0  0.0  0.0
  0.0  0.0  0.0  1.4  1.8  2.6  2.2  0.0  0.4  0.2  0.0  0.2  0.4  0.0  0.4
  0.6  0.8  0.8  0.6  0.2  0.6  0.0  0.2  0.0  1.0  0.0  0.4  6.7  1.4  0.0
  7.9  0.6  0.6  9.1  3.2  1.0  5.1  8.5  0.0  0.0  0.0  0.0  0.0  0.0  0.0
  0.4  1.0  0.0  0.0  0.0  0.0  0.4 11.3  5.7  5.7 16.4  7.3  2.8 10.1  4.0
  7.7  1.6  2.4  0.0  0.6  0.4  1.0 25.9  9.7 20.1  1.0  4.1  9.3  4.1  0.0
      0.35      3.78      3.35     -0.82      1.26  1.6  0.2  0.2  0.2  0.0
                                         4000_story_1269.txt 36.0  4.3 3813
 16.8  4.5 21.5 58.2 12.3  1.6  2.4  5.0 19.9 13.1  1.8  0.0  2.1  4.2  0.0
  2.9  0.3  5.0 25.4  0.5  2.4222.7111.2 32.0 66.9 73.4 11.3  3.7  2.1  2.4
  1.6  3.4 26.8  5.5  7.6 49.8 11.8  8.9  0.8  2.1  1.8  3.1  8.4  3.4  0.8
  2.6  4.5  2.9  2.6  6.6 15.7 35.4  6.8  0.8  6.0 72.6105.7  5.2139.0  7.1
  0.8  0.3  0.0  0.0  0.0  0.0  0.0  0.0  0.0  0.0  0.0  0.0  0.0  0.0  0.0
  0.0  0.0  0.0  1.0  1.3  3.4  1.8  0.3  0.8  0.3  0.0  0.0  0.0  0.0  0.3
  0.3  1.8  1.0  0.8  0.3  0.8  0.0  1.0  0.0  0.8  0.0  0.0  4.7  1.6  0.0
  7.6  1.3  0.0  8.9  4.2  2.1  7.1  6.3  0.0  0.0  0.0  0.0  0.0  0.0  0.0
  0.8  0.0  0.0  0.0  0.0  0.0  0.3 13.4  6.3  2.9 10.2  8.9  3.7 11.0  3.9
  3.9  0.3  2.1  0.3  2.6  0.0  0.3 25.7 12.1 23.3  1.0  3.9  6.6  3.9  0.0
      2.21      2.58      1.30     -1.14      3.59  2.1  0.0  0.5  0.0  0.0
                                         4000_story_1270.txt 35.0  4.5 4887
 15.8  3.9  6.1 38.5  8.6  0.4  3.1  3.7 22.3 13.5  1.4  0.0  0.2  3.3  0.6
  3.3  0.6  4.7 15.6  0.4  1.4217.3101.3 40.9 86.1 82.1 12.9  6.8  3.3  2.0
  0.8  2.9 45.6  6.1  3.1 47.7 12.7  5.5  1.8  1.4  2.0  2.0  6.3  3.3  0.8
  1.8  5.5  3.7  3.1  5.3 12.3 25.4  5.9  1.0  6.1 80.0113.0  3.1142.6  5.3
  1.4  0.6  0.0  0.0  0.0  0.0  0.0  0.0  0.0  0.0  0.0  0.0  0.0  0.0  0.0
  0.0  0.0  0.0  2.7  1.2  1.6  2.9  0.4  0.4  0.2  0.0  0.0  0.0  0.0  0.2
  0.2  1.4  0.6  1.8  0.2  1.0  0.0  0.0  0.4  0.4  0.2  0.0  4.7  1.6  0.0
  8.4  1.0  0.0  9.4  4.3  1.6  6.3  6.5  0.0  0.0  0.0  0.0  0.0  0.0  0.0
  0.2  0.2  0.0  0.0  0.0  0.0  0.4 18.8  4.9  4.3 14.3 12.9  3.9  7.2  4.1
  2.3  1.6  2.5  0.6  2.0  0.4  0.8 21.9 15.3 20.3  2.3  3.5  7.2  4.1  0.0
     -3.07      4.48      3.53     -2.25      2.06  0.8  0.2  0.0  0.0  0.0
                                         4000_story_1271.txt 35.5  4.3 3645
 15.1  4.4 12.9 70.2 19.5  1.6  3.8  6.6 40.3  9.6  3.0  0.0  0.8  3.8  0.3
  3.6  0.5  7.1 21.1  1.1  2.2210.4 94.1 30.7 62.8 50.2 13.4  8.5  1.6  3.6
  1.6  1.6 36.5  5.5  3.3 51.6 17.3  8.5  1.1  4.1  3.8  2.5 11.5  6.0  0.3
  1.9  7.1  4.4  1.9  4.9 19.5 34.0  8.2  1.6  6.9 65.8110.0  5.8156.7  8.8
  0.8  0.5  0.0  0.0  0.0  0.0  0.0  0.0  0.0  0.0  0.0  0.0  0.0  0.0  0.0
  0.0  0.0  0.0  3.0  1.6  1.9  2.2  1.1  0.3  0.3  0.0  0.0  0.3  0.3  0.3
  0.5  3.3  1.1  1.4  0.0  1.6  1.4  0.0  0.5  1.6  0.5  0.3  8.5  0.5  0.0
  8.8  1.6  0.5 11.0  6.6  3.6 11.8  9.9  0.0  0.0  0.0  0.0  0.0  0.0  0.0
  0.3  0.5  0.3  0.0  0.0  0.0  0.5 11.2  5.5  3.6 13.4 11.0  1.9 10.7  4.1
  1.1  1.6  1.1  0.0  2.5  0.3  0.3 25.0 21.4 20.6  1.4  4.1  8.5  4.1  0.0
      5.11      2.73      2.90      0.46      5.32  1.4  0.0  0.0  0.0  0.0
                                         4000_story_1273.txt 31.8  4.1 4378
 16.0  3.9  5.9 43.6  4.3  1.6  4.6  5.0  2.7 29.2  2.7  1.6  0.5  5.7  0.5
  3.4  0.9  7.8 14.4  1.1  3.7170.2120.6 20.6 90.9 97.8 23.1  5.5  2.3  2.3
  2.1  2.1 21.9  6.2  8.0 39.5 12.8  5.9  0.9  1.1  4.1  2.5  3.9  3.4  0.7
  2.3  7.5  5.7  1.4  4.1 17.8 26.7  6.4  2.1  6.6 50.3104.8  5.0155.8 13.7
  4.1  0.2  0.0  0.0  0.0  0.0  0.0  0.0  0.0  0.0  0.0  0.0  0.0  0.0  0.0
  0.0  0.0  0.0  1.1  2.3  3.0  2.1  0.5  0.0  0.0  0.0  0.0  0.2  0.0  0.2
  0.0  2.7  1.8  0.7  0.0  1.4  0.0  0.5  0.2  0.5  0.2  0.2  3.7  1.4  0.0
  8.5  0.5  0.2  9.1  5.5  2.1  8.0  5.5  0.0  0.0  0.0  0.0  0.0  0.0  0.0
  0.2  0.2  0.0  0.0  0.0  0.0  0.7  8.0  4.1  6.4 19.6 11.0  2.1  9.6  6.4
  3.7  1.4  1.4  0.0  0.5  0.9  0.9 33.8 12.1 27.4  1.8  2.3 11.4  4.6  0.0
      6.76      7.06      1.25     -1.41      0.58  1.8  1.1  0.2  0.0  0.0
                                         4000_story_1274.txt 30.8  3.9 3839
 24.0  9.4 29.4 83.1 15.4  2.6  4.2 12.0 41.7 24.7  3.9  2.1  0.5  6.5  1.8
  1.6  1.0 10.7 22.4  2.9  2.6159.2 74.5 17.7 77.6 70.3 10.7 12.8  0.3  3.6
  1.0  1.3 14.1  8.6 14.1 38.3 15.9 14.6  1.6  3.6  3.6  3.1  6.3  3.6  0.0
  1.3 10.4  4.4  1.6  4.2 28.9 39.9  4.9  3.9  4.9 47.9127.4  2.9178.4  9.6
  1.8  0.0  0.0  0.0  0.0  0.0  0.0  0.0  0.0  0.0  0.0  0.0  0.0  0.0  0.0
  0.0  0.0  0.0  4.9  1.0  5.2  3.1  0.5  0.3  0.0  0.0  0.0  0.3  0.5  0.3
  0.5  3.6  1.8  0.5  0.3  0.3  0.0  0.3  0.5  1.0  0.0  0.0  2.1  1.8  0.0
 14.3  0.8  0.8 15.9  6.8  1.3  9.1  3.9  0.0  0.0  0.0  0.0  0.0  0.0  0.0
  1.8  1.6  0.3  0.0  0.0  0.0  0.3 18.2  2.1  2.6  4.9 16.9  1.3  4.7  7.6
  5.7  3.6  1.3  0.3  0.0  0.5  0.5 41.7 18.0 33.9  0.8  4.7 20.8  2.3  0.0
     22.79      4.37     -3.41      2.02      1.25  0.8  0.0  0.3  0.0  0.0
                                         4000_story_1275.txt 29.8  4.3 3240
 14.2  3.1 10.8 42.6  9.9  0.9  3.1  6.8 12.3 18.2  1.2  0.9  0.3  7.1  0.6
  2.5  1.5  4.9 21.0  0.3  4.3217.0 98.5 24.7100.3 62.3 11.4  5.2  0.0  2.8
  1.5  2.5 22.2  7.1  6.2 48.5  9.9 10.5  1.2  3.1  1.9  1.9  5.2  8.6  0.3
  2.5  6.8  3.7  1.5  5.6 17.3 34.3 11.4  1.9  4.3 59.3 84.6  3.1154.6 10.2
  2.2  0.0  0.0  0.0  0.0  0.0  0.0  0.0  0.0  0.0  0.0  0.0  0.0  0.0  0.0
  0.0  0.0  0.0  1.2  1.5  3.1  1.9  0.0  0.0  0.0  0.0  0.0  0.3  0.3  0.9
  0.3  1.5  0.3  0.9  0.0  0.9  0.0  0.0  0.0  0.6  0.0  0.0  3.7  1.2  0.0
  7.7  0.0  0.6  8.3  4.0  0.9  5.6  4.9  0.0  0.0  0.0  0.0  0.0  0.0  0.0
  1.2  1.9  0.0  0.0  0.0  0.0  0.9  7.7  6.2  2.8  5.9 16.7  2.8  6.8  9.3
  1.9  4.6  0.3  0.0  0.9  0.3  0.0 38.3 13.0 19.4  1.5  1.9  8.6  3.7  0.0
      5.59      3.51     -0.37     -0.68      2.00  1.5  0.6  0.3  0.0  0.0
                                         4000_story_1279.txt 30.3  3.9 4928
 21.9  7.9 12.0 60.7  6.5  1.8  5.9  5.7  6.5 28.4  1.8  1.2  1.2  6.7  1.0
  0.8  1.2  9.7 14.6  3.0  4.1150.8 87.1 14.6 95.0107.1 20.1  5.1  0.2  2.8
  1.2  2.0 10.8 11.8 15.6 36.1 19.3 13.8  0.8  6.9  6.7  4.5  3.9  4.7  0.4
  1.0 14.4  4.9  2.4  2.4 30.2 39.2  6.1  4.3  4.3 37.1120.1  4.9177.8 15.6
  3.4  0.0  0.0  0.0  0.0  0.0  0.0  0.0  0.0  0.0  0.0  0.0  0.0  0.0  0.0
  0.0  0.0  0.0  2.2  1.4  7.3  2.2  0.4  0.0  0.0  0.0  0.4  0.0  1.0  0.4
  0.6  2.4  2.0  1.0  0.0  0.0  0.0  0.8  0.2  0.6  0.0  0.0  4.9  1.2  0.0
 13.2  0.4  1.4 15.0  6.5  1.0  8.1  6.1  0.0  0.0  0.0  0.0  0.0  0.0  0.0
  1.2  0.4  0.4  0.0  0.0  0.0  0.6 18.9  1.4  2.8 14.4  9.9  1.2  7.7  4.5
  2.0  2.2  1.0  0.2  0.8  0.8  0.0 48.9 14.0 30.4  1.8  3.0 14.8  6.9  0.0
     15.64      6.96     -4.89      5.05      0.13  0.6  0.0  0.4  0.2  0.2
                                         4000_story_1280.txt 34.3  4.2 3832
 20.1  3.4 25.3 75.7 11.2  1.6  6.0  6.8 26.4 18.3  2.3  0.3  1.3  6.3  1.0
  1.8  0.8  5.5 22.2  1.6  3.9211.4 93.2 29.5 67.6 49.6  9.4  9.1  0.8  2.1
  0.3  1.6 20.6  8.1 11.0 48.3 14.1 12.0  2.1  1.3  2.9  2.9  5.2  6.3  0.3
  1.0  5.5  2.3  1.3  6.0 20.4 30.8  7.6  2.3  3.1 62.4 87.2  2.3157.6 11.7
  1.3  0.5  0.0  0.0  0.0  0.0  0.0  0.0  0.0  0.0  0.0  0.0  0.0  0.0  0.0
  0.0  0.0  0.0  1.3  0.3  3.4  0.5  0.8  0.5  0.0  0.0  0.3  0.0  0.0  0.3
  0.3  1.8  1.6  0.0  0.5  1.0  0.3  0.0  0.5  0.3  0.0  0.0  3.1  0.8  0.0
  5.5  1.3  0.3  7.0  3.9  2.3  6.5  3.9  0.0  0.0  0.0  0.0  0.0  0.0  0.0
  0.8  1.8  0.0  0.0  0.0  0.0  1.0  9.9  4.7  3.1 13.0  7.8  1.6  8.4  6.3
  3.4  3.9  2.1  0.0  2.9  1.0  0.3 36.0 14.1 24.0  1.8  0.5 13.6  5.0  0.0
      9.78      2.20     -3.55      0.03      1.12  1.3  0.3  0.3  0.0  0.0
                                         4000_story_1284.txt 32.3  4.2 2961
 11.5  3.7  7.1 47.6  5.7  1.4  1.7  4.4  5.4 21.6  2.4  0.3  0.0  4.4  1.4
  1.4  0.7  6.8 15.9  1.7  4.7196.2112.5 38.2 74.0 79.0 14.9  5.7  1.7  1.4
  1.7  2.7 26.3 12.8 11.5 39.2  9.1 12.2  1.0  2.0  0.7  3.4  2.7  5.4  0.0
  1.7  6.4  3.7  1.4  2.0 19.6 27.4  7.1  2.4  4.7 68.2 90.2  4.7142.2 16.5
  2.7  0.3  0.0  0.0  0.0  0.0  0.0  0.0  0.0  0.0  0.0  0.0  0.0  0.0  0.0
  0.0  0.0  0.0  2.4  1.4  2.4  1.0  0.0  0.3  0.0  0.0  0.0  0.3  0.0  0.0
  0.0  2.0  0.7  0.7  0.0  0.3  0.0  0.3  0.0  0.3  0.0  0.3  3.4  0.3  0.0
  7.1  0.3  0.3  7.8  3.4  0.7  4.4  4.1  0.0  0.0  0.0  0.0  0.0  0.0  0.0
  1.0  1.4  0.0  0.0  0.0  0.0  0.7 12.8  4.7  3.7 11.8 20.6  2.7  9.1  6.1
  0.7  2.4  8.1  1.4  1.7  1.4  1.4 35.1 10.5 16.2  0.3  3.4 12.2  4.4  0.0
      1.92      4.14     -2.26     -0.79     -0.57  0.3  0.0  0.3  0.0  0.0
                                         4000_story_1285.txt 30.8  4.1 4881
 16.6  5.7 17.0 68.8 16.6  1.0  3.3  3.1 36.9 19.7  2.3  2.3  0.2  4.7  1.6
  2.7  1.4  6.6 22.9  2.0  2.9179.7106.5 29.5 68.2 42.6 16.4  5.1  3.1  7.8
  2.5  2.3 27.0  5.7  9.4 31.3 13.1  9.2  0.6  4.7  2.5  1.8  4.5  7.8  0.2
  1.6  5.5  5.9  2.0  5.9 18.2 37.7  9.6  3.5 13.3 61.3 96.1  2.9150.0 11.3
  3.5  0.4  0.0  0.0  0.0  0.0  0.0  0.0  0.0  0.0  0.0  0.0  0.0  0.0  0.0
  0.0  0.0  0.0  3.3  1.6  2.7  3.3  0.6  0.0  0.0  0.0  0.4  0.4  0.2  0.2
  0.6  0.6  1.0  0.2  0.0  0.8  0.4  0.6  0.2  1.0  0.2  0.0  1.0  3.5  0.0
 10.9  0.6  1.0 12.5  2.7  2.0  5.7  4.7  0.0  0.0  0.0  0.0  0.0  0.0  0.0
  1.2  0.4  0.2  0.0  0.0  0.0  0.8 11.3  3.3  4.9 13.9  7.0  1.4  3.9  4.7
  2.0  2.0  1.4  0.0  1.0  1.0  2.9 30.3 12.5 23.8  1.2  3.5 13.3  3.7  0.0
     11.78      2.51      5.43     -0.16      1.06  1.4  0.4  0.2  0.0  0.0
                                         4000_story_1286.txt 35.5  4.3 3534
 16.1  6.5  0.8 36.2  5.4  0.6  2.3  2.3  7.9 23.5  2.0  0.3  0.3  4.8  0.8
  0.8  0.6  3.1 21.5  2.8  0.8212.2109.5 27.7 91.1 81.2 20.7  7.9  0.0  3.1
  1.1  2.5 31.7  5.9  7.4 30.0 16.4  9.1  1.4  3.4  1.1  3.1  3.1  9.6  0.6
  0.6  5.1  4.2  2.5  5.4 13.3 32.8 10.8  3.4  4.2 52.3 94.5  2.3146.9 12.5
  2.5  0.6  0.0  0.0  0.0  0.0  0.0  0.0  0.0  0.0  0.0  0.0  0.0  0.0  0.0
  0.0  0.0  0.0  3.4  1.7  3.4  2.5  0.3  0.0  0.0  0.0  0.0  0.0  0.0  2.0
  1.4  2.3  2.5  0.8  0.0  0.6  0.0  0.3  0.0  1.7  0.0  0.0  3.7  0.3  0.0
 11.0  0.3  0.0 11.3  9.1  0.8 11.6  4.0  0.0  0.0  0.0  0.0  0.0  0.0  0.0
  1.4  0.3  0.0  0.0  0.0  0.3  0.3 19.8  3.4  4.0  9.9  9.6  2.3  8.2  4.0
  3.4  1.7  0.3  0.3  0.3  1.1  0.3 24.1 18.1 24.6  1.1  5.4 13.6  4.5  0.0
      1.56      6.32      1.14     -0.67      0.39  0.3  0.3  0.0  0.0  0.0
                                         4000_story_1287.txt 28.5  4.2 4059
 18.7  7.4 22.4 74.9 19.5  2.5  3.9  5.2 17.2 21.7  2.0  0.0  0.2  4.2  0.7
  1.7  0.7  5.7 19.5  1.2  2.2205.0 92.4 31.8 72.2 59.1 12.8  9.6  1.5  1.7
  0.2  2.0 26.6  7.4  8.4 36.0 15.0  8.9  1.5  4.7  2.7  4.7  6.9  5.7  0.7
  1.0  6.7  8.1  1.0  4.4 17.2 32.8  7.4  2.0  3.4 58.1 95.8  4.7159.6  9.4
  2.2  0.2  0.0  0.0  0.0  0.0  0.0  0.0  0.0  0.0  0.0  0.0  0.0  0.0  0.0
  0.0  0.0  0.0  4.4  3.2  2.7  4.9  0.2  0.0  0.5  0.0  0.0  0.5  0.2  0.2
  0.0  2.0  2.0  1.5  0.5  0.5  0.0  0.0  0.5  0.7  0.0  0.2  4.9  0.5  0.0
 15.3  0.7  0.7 16.8  5.7  1.5  7.9  5.7  0.0  0.0  0.0  0.0  0.0  0.0  0.0
  0.2  0.5  0.0  0.0  0.0  0.0  0.5 19.5  5.2  3.4  9.1 10.1  4.9  9.6  5.7
  1.7  1.7  2.5  0.0  1.2  0.5  1.7 28.6 16.5 30.1  2.0  4.2  9.6  2.5  0.0
      7.09      3.52     -1.11      1.27      2.43  1.5  0.0  0.0  0.0  0.0
                                         4000_story_1288.txt 33.0  4.0 1977
 12.6  4.6  6.6 92.1 29.8  2.0  3.5  1.0 42.0 11.6  2.0  0.5  1.0  3.5  1.0
  1.5  0.5  3.5 29.8  0.5  6.1210.9100.7 32.4 43.0 51.1  8.1  7.6  2.0  1.5
  0.0  2.0 19.2  4.6  7.1 40.0  8.1 10.6  0.5  4.0  1.5  2.5  8.6  4.0  1.0
  0.5  6.1  3.0  3.0  6.1 15.7 42.5  5.6  1.0  3.5 63.7122.9  2.5150.7 12.6
  1.5  0.5  0.0  0.0  0.0  0.0  0.0  0.0  0.0  0.0  0.0  0.0  0.0  0.0  0.0
  0.0  0.0  0.0  2.5  0.5  3.5  1.0  0.0  0.5  0.0  0.0  0.0  0.0  0.0  0.0
  1.0  2.0  0.0  1.0  0.0  0.5  0.0  0.0  0.0  0.0  0.0  0.0  2.0  0.5  0.0
  7.6  0.5  0.0  8.1  4.0  0.5  4.6  2.5  0.0  0.0  0.0  0.0  0.0  0.0  0.0
  0.5  0.0  0.0  0.0  0.0  0.0  2.5 25.8  2.5  1.5  2.5 19.2  2.5  7.6 10.6
  7.1  2.0  7.1  3.0  1.5  1.0  0.0 25.3 14.7 21.8  1.0  4.0 12.6  4.0  0.0
      6.98      0.92     -0.65     -0.34      3.30  0.0  0.0  0.0  0.5  0.0
                                         4000_story_1292.txt 33.8  4.4 4291
  8.4  1.9  1.6 54.1 14.0  0.7  1.9  2.1 15.6 12.8  1.9  0.0  0.2  5.8  0.2
  6.5  1.4  4.4 18.4  0.5  1.2214.9109.5 32.6 60.1 62.2 13.3  5.4  2.3  5.8
  3.0  2.3 32.4  5.6 11.4 44.0 11.9  4.0  0.9  3.0  1.2  3.5  4.2  8.4  1.4
  1.2  4.4  4.2  1.2  4.7  9.6 28.2 11.0  1.9 11.2 67.8 91.8  4.0132.4  8.6
  0.7  0.2  0.0  0.0  0.0  0.0  0.0  0.0  0.0  0.0  0.0  0.0  0.0  0.0  0.0
  0.0  0.0  0.0  1.6  1.4  1.2  1.4  0.2  0.0  0.2  0.0  0.0  0.0  0.0  0.2
  0.0  0.7  1.6  1.2  0.0  0.7  0.0  0.2  0.0  0.2  0.5  0.0  2.3  1.6  0.0
  5.6  0.5  0.0  6.1  3.7  0.9  4.9  4.4  0.0  0.0  0.0  0.0  0.0  0.0  0.0
  2.6  1.4  0.0  0.0  0.0  0.2  0.2  8.6  3.3  2.8  6.8 14.2  3.0  6.8  6.3
  6.5  3.0  1.9  0.5  0.7  1.4  0.0 35.0 10.0 11.4  2.1  4.9  7.0  2.6  0.0
     -0.13      2.56      3.67     -2.03      1.72  1.4  0.0  0.0  0.0  0.0
                                         4000_story_1302.txt 32.8  4.0 1998
 16.5  7.0 12.0 74.6 23.0  2.0  6.5  5.5 81.1 19.5  0.5  0.0  2.5  7.0  0.0
  7.0  4.0  4.5 34.5  1.5  1.5171.2 95.1 23.0 66.1 45.5  8.5 11.0  0.5  1.5
  0.0  2.0 17.0  4.0  9.5 51.1 16.0  4.5  1.5  4.5  2.5  1.0 12.5  5.5  0.5
  1.0  7.0  2.5  1.5  3.5 11.5 48.0  7.0  5.5  2.0 52.6149.6  2.5150.2  4.5
  0.0  1.0  0.0  0.0  0.0  0.0  0.0  0.0  0.0  0.0  0.0  0.0  0.0  0.0  0.0
  0.0  0.0  0.0  4.0  3.0  2.5  1.0  0.5  0.5  0.0  0.0  0.0  0.0  0.0  0.5
  0.5  5.0  1.5  1.0  0.0  0.0  0.0  0.0  0.0  0.5  0.0  0.0  4.0  2.0  0.0
 10.5  1.0  0.0 11.5  8.5  0.0  9.0  6.0  0.0  0.0  0.0  0.0  0.0  0.0  0.0
  1.5  0.0  0.0  0.0  0.0  0.5  0.0  9.0  1.5  2.0  5.5 14.5  5.0  4.5  2.0
  1.5  2.0  2.0  0.5  1.0  1.5  1.5 22.5 26.0 26.5  0.0  5.0 10.0  2.5  0.0
     23.02      2.15     -2.90     -1.41      5.74  0.5  0.5  0.5  0.0  0.0
                                         4000_story_1304.txt 32.5  4.2 5282
 12.3  3.4  8.0 65.1 16.3  1.1  1.5  2.1 64.6 12.9  2.1  0.6  0.6  6.2  0.6
  4.0  1.1  5.7 25.4  0.6  2.5193.9104.5 36.9 65.9 34.5 11.7  8.3  1.3  0.2
  0.4  5.9 26.3  5.5  8.0 45.4 12.1  7.6  1.3  4.0  2.7  2.3  6.6  2.5  0.6
  0.8  4.5  2.5  3.0  5.1 15.9 40.3  3.8  1.7  1.9 70.8115.3  2.7147.1 10.8
  0.8  0.2  0.0  0.0  0.0  0.0  0.0  0.0  0.0  0.0  0.0  0.0  0.0  0.0  0.0
  0.0  0.0  0.0  2.3  0.9  1.7  1.7  0.2  0.0  0.2  0.0  0.0  0.0  0.0  0.0
  0.0  1.5  0.8  0.8  0.0  0.4  0.0  0.2  0.0  0.6  0.2  0.2  2.3  1.1  0.0
  6.6  0.4  0.0  7.0  3.0  0.6  4.2  3.8  0.0  0.0  0.0  0.0  0.0  0.0  0.0
  0.8  0.6  0.2  0.0  0.0  0.0  0.2 12.9  3.2  3.2  7.2 10.8  4.2  4.0  6.1
  0.8  2.1  0.0  1.7  0.6  1.1  0.2 29.7 12.7 15.9  1.3  7.2  6.1  2.7  0.0
      6.42      1.77     -0.30     -0.40      1.57  0.6  0.0  0.2  0.0  0.0
                                         4000_story_1308.txt 31.5  4.2 5461
 11.7  3.7 22.3 83.7 31.5  2.4  4.0  0.9 31.1 15.0  4.0  1.1  0.4  3.5  0.2
  1.1  5.7  6.8 28.9  0.7  2.2207.1 99.8 40.1 47.8 50.4  4.8 10.3  1.8  2.4
  0.2  3.7 17.0  8.6 11.0 40.7 11.9 10.1  0.2  5.3  3.1  1.5  7.3  6.0  1.5
  1.1  6.6  1.1  2.4  4.4 20.0 45.6  8.6  6.4  4.4 77.6113.0  2.4151.4 13.7
  1.3  0.2  0.0  0.0  0.0  0.0  0.0  0.0  0.0  0.0  0.0  0.0  0.0  0.0  0.0
  0.0  0.0  0.0  3.1  0.4  1.3  2.4  0.2  0.2  0.0  0.0  0.0  0.0  0.0  0.2
  0.2  1.5  1.1  2.0  0.0  0.0  0.0  0.2  0.2  0.7  0.4  0.5  2.2  0.5  0.0
  7.1  0.4  0.0  7.5  4.9  0.4  6.0  3.7  0.0  0.0  0.0  0.0  0.0  0.0  0.0
  0.5  0.5  0.0  0.0  0.0  0.0  0.2 14.5  3.3  1.6 15.6 15.2  2.0  4.0  5.5
  0.5  2.9  1.6  1.5  1.3  0.4  0.0 23.4 16.1 16.1  1.8  5.3 14.3  4.0  0.0
     14.52      0.90     -2.05      0.33      3.35  0.7  0.0  0.0  0.0  0.0
                                         4000_story_1310.txt 31.5  4.2 3438
 10.5  2.3  6.1 43.0 13.4  0.9  4.7  4.9 60.8 15.7  2.3  0.6  0.6  8.7  0.3
  4.4  2.6  5.8 25.6  0.9  2.3174.2108.5 39.6 77.4 41.6 10.2  3.5  2.9  1.7
  1.7  9.0 19.8  7.3  9.3 54.7 12.2  6.4  1.7  5.5  1.2  3.8  8.7  3.2  0.6
  0.6  7.3  4.7  1.5  8.1 13.4 48.0  4.4  3.5  6.4 76.2115.8  2.3140.5 14.5
  0.9  0.6  0.0  0.0  0.0  0.0  0.0  0.0  0.0  0.0  0.0  0.0  0.0  0.0  0.0
  0.0  0.0  0.0  1.2  1.5  1.2  2.9  0.0  0.6  0.3  0.0  0.0  0.3  0.0  0.0
  0.3  1.5  0.9  1.5  0.0  1.5  0.0  0.3  0.0  0.6  0.3  0.3  3.5  0.6  0.0
  6.7  0.9  0.3  7.9  4.1  1.7  6.4  4.7  0.0  0.0  0.0  0.0  0.0  0.0  0.0
  0.3  0.6  0.0  0.0  0.0  0.0  0.3  4.9  2.0  4.1  9.6 11.9  1.2  6.4  5.5
  0.0  1.5  0.6  0.6  1.2  0.9  1.2 28.5 11.3 14.5  1.2  4.7  7.6  6.1  0.0
     10.67      1.27      1.93      0.06      2.95  0.9  0.0  0.0  0.0  0.0
                                         4000_story_1312.txt 35.0  4.1 4774
 12.8  3.4 20.3 72.3 23.3  1.9  2.9  5.0 48.4 18.9  1.0  0.4  0.8  6.1  0.8
  2.7  2.1  5.7 21.2  0.2  6.1196.1110.0 36.2 55.5 49.0  4.0  9.2  1.0  1.5
  0.0  5.0 18.0  8.6 11.1 46.3 10.5 10.9  1.9  3.6  2.1  2.3  8.0  5.0  0.6
  1.5  3.4  1.7  2.9  4.2 18.6 33.5  7.1  2.3  2.5 76.5120.7  1.9146.8 12.8
  0.8  0.2  0.0  0.0  0.0  0.0  0.0  0.0  0.0  0.0  0.0  0.0  0.0  0.0  0.0
  0.0  0.0  0.0  2.3  0.6  1.3  1.5  0.2  0.2  0.0  0.0  0.0  0.0  0.0  0.4
  0.4  2.1  1.5  0.6  0.0  0.2  0.0  0.2  0.0  0.4  0.4  0.4  3.8  1.0  0.0
  5.7  0.4  0.0  6.1  5.0  0.4  5.9  5.7  0.0  0.0  0.0  0.0  0.0  0.0  0.0
  0.8  0.0  0.0  0.0  0.0  0.0  0.6  9.8  4.0  1.5  8.2 15.1  1.0  6.3  3.6
  3.6  2.9  6.7  0.0  1.3  0.6  0.2 37.9 16.1 18.9  1.3  2.1  8.0  4.8  0.0
     10.47      0.75     -2.91      0.13      3.07  0.6  0.0  0.4  0.0  0.0
                                         4000_story_1314.txt 31.3  4.3 4888
  7.4  1.6  0.8 41.9 10.6  1.2  2.5  2.3 40.3 13.1  1.6  0.4  1.2  2.0  0.4
  1.6  1.2  3.3 26.4  0.8  1.8212.6120.7 43.4 63.0 45.4 13.7  5.3  1.2  2.7
  1.0  6.1 19.6  9.4  5.7 41.5 12.7  4.9  0.6  0.6  3.5  1.6  8.8  5.3  0.4
  2.7  9.8  2.7  1.4  2.7 11.7 43.4  8.4  2.0  4.9 77.9 96.4  2.3129.9 12.9
  1.6  0.0  0.0  0.0  0.0  0.0  0.0  0.0  0.0  0.0  0.0  0.0  0.0  0.0  0.0
  0.0  0.0  0.0  1.2  0.6  2.3  1.2  0.0  0.0  0.0  0.0  0.2  0.4  0.0  0.0
  0.4  0.6  1.6  1.0  0.0  0.2  0.0  0.0  0.0  0.2  0.0  0.0  2.9  0.0  0.0
  5.3  0.0  0.6  5.9  3.7  0.2  4.1  2.9  0.0  0.0  0.0  0.0  0.0  0.0  0.0
  0.0  0.0  0.0  0.0  0.0  0.0  0.2 11.9  2.7  4.1 11.3 17.2  3.3  2.3  5.3
  0.8  1.8  1.0  1.4  0.8  0.6  1.2 21.1  8.4 10.8  2.9  3.3  5.7  4.1  0.0
     -1.57      1.98      0.86     -2.65      3.85  1.4  0.0  0.2  0.0  0.0
                                         4000_story_1319.txt 30.8  4.2 5359
  9.3  2.6  4.3 46.1  4.9  0.9  4.7  2.6 64.0  9.9  1.5  1.3  0.4  8.4  0.4
  2.1  1.5  5.4 27.8  0.7  2.2179.0109.3 32.3 73.1 59.9  6.2  6.2  0.9  2.1
  0.4  6.2 17.2  5.8 10.1 53.9 10.4  3.5  1.9  1.5  1.7  2.2 10.8  6.0  1.3
  0.6  9.5  4.7  1.5  7.3 10.6 46.3  7.8  2.2  3.4 73.0128.8  3.2134.0  9.9
  2.1  0.0  0.0  0.0  0.0  0.0  0.0  0.0  0.0  0.0  0.0  0.0  0.0  0.0  0.0
  0.0  0.0  0.0  2.8  0.6  3.0  0.9  0.4  0.0  0.0  0.0  0.0  0.0  0.2  0.6
  0.2  1.1  0.7  0.6  0.0  0.2  0.4  0.0  0.2  0.6  0.6  0.2  5.4  1.9  0.0
  7.3  0.4  0.2  7.8  3.2  0.7  4.5  8.0  0.0  0.0  0.0  0.0  0.0  0.0  0.0
  0.0  0.7  0.0  0.0  0.2  0.0  0.2  4.9  3.4  2.2  7.7 14.2  2.8  8.6  3.7
  0.9  3.0  0.4  2.4  1.1  0.7  0.4 25.9 15.3 14.9  1.1  4.3 10.1  5.6  0.0
      6.65      1.67     -1.32     -2.79      5.23  0.6  0.0  0.0  0.0  0.0
                                         4000_story_1320.txt 34.3  4.2 5581
 13.8  4.5  9.5 74.5 17.6  1.1  7.0  3.0 38.0 19.2  2.0  1.3  0.9  6.8  0.9
  1.6  2.0  5.6 21.1  1.3  2.0204.3103.0 34.8 55.7 48.6  7.7  8.1  0.7  4.3
  0.9  2.9 28.1  9.9  8.6 48.0 12.9  5.4  2.0  4.5  2.9  1.8  9.3  7.7  0.5
  1.6  6.1  2.2  2.0  4.7 13.8 35.8  9.9  3.2  5.9 67.2104.1  2.9150.9 12.0
  0.9  0.2  0.0  0.0  0.0  0.0  0.0  0.0  0.0  0.0  0.0  0.0  0.0  0.0  0.0
  0.0  0.0  0.0  2.7  0.9  2.5  3.4  0.2  0.4  0.0  0.0  0.0  0.2  0.0  0.7
  1.1  1.3  0.9  1.8  0.2  0.2  0.0  0.2  0.4  0.4  0.0  0.0  2.7  1.1  0.0
  9.5  0.5  0.2 10.2  5.7  0.9  7.0  3.8  0.0  0.0  0.0  0.0  0.0  0.0  0.0
  1.1  0.7  0.0  0.0  0.0  0.0  0.0  9.9  6.3  2.3 13.1 17.9  1.6  4.7  7.2
  2.2  3.2  0.5  0.9  1.6  0.9  0.4 29.6 15.6 18.3  0.9  1.4 11.8  4.3  0.0
      9.50      1.24     -0.70     -0.57      4.30  0.9  0.0  0.0  0.2  0.0
                                         4000_story_1321.txt 35.3  4.3 2820
 10.6  2.8 16.3 48.2  8.9  0.4  2.8  3.9 48.2 11.0  2.1  0.0  0.4  5.3  0.7
  3.2  1.1  5.3 30.9  0.7  5.3208.2105.7 40.8 81.6 42.2  9.6  8.9  0.0  2.1
  0.4  5.3 25.5  7.1 13.5 47.2  9.6  5.7  2.5  2.8  3.2  3.5  7.4  6.4  1.1
  2.8  5.0  1.4  3.2  3.2 14.2 44.0 10.3  1.8  2.5 74.8 99.3  3.5146.5 10.6
  3.2  1.4  0.0  0.0  0.0  0.0  0.0  0.0  0.0  0.0  0.0  0.0  0.0  0.0  0.0
  0.0  0.0  0.0  1.4  0.0  1.1  1.4  0.4  0.4  0.4  0.0  0.0  0.0  0.0  0.4
  0.0  1.1  1.4  1.1  0.0  0.4  0.0  0.4  0.0  0.0  0.4  0.4  5.7  1.4  0.0
  3.9  1.1  0.0  5.0  3.9  0.7  4.6  7.8  0.0  0.0  0.0  0.0  0.0  0.0  0.0
  0.7  0.4  0.0  0.0  0.0  0.0  0.4  7.8  3.9  2.5  7.8 13.8  2.5  8.2  7.1
  3.2  2.5  3.9  0.7  3.2  1.1  1.4 28.0 15.2 17.0  3.5  3.2  7.1  2.5  0.0
      5.21      2.31     -2.57     -0.23      3.73  0.7  0.4  0.0  0.0  0.0
                                         4000_story_1322.txt 31.0  4.4 4220
 10.0  3.1  5.0 37.2  2.8  0.5  3.6  5.0 47.4 13.3  2.8  0.2  0.9  6.6  0.2
  2.4  0.7  4.5 22.7  0.5  3.6207.3112.8 44.8 73.9 37.2  9.2  4.3  0.9  2.6
  0.9  7.3 29.1  8.5  9.2 46.7 14.7  5.9  0.5  2.1  4.0  1.4  6.2  4.3  0.9
  1.7  6.2  4.0  2.6  4.3 14.5 38.6  6.9  1.2  4.5 90.5 87.4  1.9136.3 11.1
  1.9  0.0  0.0  0.0  0.0  0.0  0.0  0.0  0.0  0.0  0.0  0.0  0.0  0.0  0.0
  0.0  0.0  0.0  2.1  0.2  1.7  1.9  0.5  0.0  0.0  0.0  0.0  0.0  0.2  0.5
  0.0  0.7  1.4  0.7  0.0  0.5  0.2  0.2  0.2  0.7  0.2  0.9  6.6  0.5  0.0
  5.9  0.5  0.2  6.6  3.3  1.2  5.2  8.3  0.0  0.0  0.0  0.0  0.0  0.0  0.0
  1.2  0.2  0.0  0.0  0.0  0.0  0.2  4.5  3.8  3.1 14.9 10.9  3.8  7.6  4.5
  1.2  3.1  1.7  1.4  0.2  0.9  0.5 21.6  9.0 13.7  0.7  4.0  5.9  2.4  0.0
      0.94      0.92      0.63     -1.59      2.13  0.9  0.0  0.0  0.0  0.2
                                         4000_story_1324.txt 31.8  4.2 4560
 13.6  3.3  7.2 45.0  4.6  0.9  3.1  2.6 26.1 16.0  0.9  0.2  0.4  3.3  0.7
  1.8  0.7  3.9 20.8  0.7  1.8248.0 94.7 35.5 82.9 45.6  8.8  3.7  1.1  2.4
  0.2  2.4 31.6  8.1 10.7 39.3 14.7  6.8  0.7  1.8  0.9  1.1  5.9  4.2  0.2
  2.4  5.7  2.0  2.0  3.7 11.6 30.9  6.8  1.3  3.7 66.4 76.3  3.7149.8  8.6
  2.4  0.0  0.0  0.0  0.0  0.0  0.0  0.0  0.0  0.0  0.0  0.0  0.0  0.0  0.0
  0.0  0.0  0.0  0.9  0.7  3.1  1.1  1.5  0.4  0.0  0.0  0.2  0.0  0.0  0.2
  0.7  2.0  2.2  0.9  0.0  1.3  0.9  0.9  0.2  0.7  0.0  0.0  3.1  1.3  0.0
  5.7  2.0  0.2  7.9  5.9  3.3  9.9  4.4  0.0  0.0  0.0  0.0  0.0  0.0  0.0
  0.4  0.2  0.0  0.0  0.0  0.0  0.0  4.2  4.8  2.4  9.2 22.8  3.3  5.7  5.7
  0.9  5.0  2.4  0.2  0.2  1.5  0.0 28.1  8.3 19.3  2.4  2.2  7.7  1.8  0.0
     -1.79      1.40     -1.60     -3.12      1.65  0.7  0.2  0.2  0.0  0.0
                                         4000_story_1325.txt 32.8  4.3 4544
 10.8  2.6 10.8 51.5 10.1  1.1  1.5  1.5 20.9 11.4  1.8  0.0  0.4  2.6  0.0
  0.9  0.2  3.7 25.3  0.4  1.8257.3100.8 34.1 84.5 65.6 11.2  5.5  0.7  0.7
  0.2  2.6 23.1  6.8  9.9 38.7 12.1  9.5  1.3  4.8  1.3  1.3  5.3  4.2  0.7
  3.5  6.2  2.6  2.0  2.9 14.5 39.0  8.4  0.7  1.5 68.4 96.6  3.7154.3  7.3
  2.6  0.0  0.0  0.0  0.0  0.0  0.0  0.0  0.0  0.0  0.0  0.0  0.0  0.0  0.0
  0.0  0.0  0.0  1.8  1.1  4.0  0.9  0.2  0.0  0.0  0.0  0.0  0.4  0.0  0.7
  0.0  2.9  2.2  0.2  0.0  1.1  0.2  0.0  0.0  1.5  0.4  0.2  2.2  0.2  0.0
  7.7  0.2  0.4  8.4  5.9  1.3  8.8  3.1  0.0  0.0  0.0  0.0  0.0  0.0  0.0
  0.7  0.7  0.0  0.0  0.0  0.0  0.0  5.5  2.0  3.1 10.8 20.7  2.4  3.5  5.7
  3.1  1.5  0.7  1.3  0.9  0.4  0.0 32.4 10.6 18.9  1.1  3.7  5.7  2.9  0.0
     -4.68      3.14     -2.59     -0.57      1.95  0.2  0.2  0.2  0.0  0.2
                                         4000_story_1326.txt 34.0  4.4 3549
 10.7  2.5  3.9 31.8  1.1  0.3  1.4  0.6 16.9  8.2  0.3  0.6  0.0  2.8  0.6
  1.1  0.3  4.2  9.9  0.6  2.0238.1103.4 44.8 96.4 49.0 10.4  1.7  0.6  1.7
  0.0  3.1 26.2  6.8  8.5 46.2 11.0  3.1  0.3  3.1  0.8  0.6  3.9  6.2  1.4
  2.8  4.2  0.8  1.7  4.5  8.2 20.9 10.4  0.8  2.3 97.2 67.1  1.4150.5 10.1
  2.0  0.6  0.0  0.0  0.0  0.0  0.0  0.0  0.0  0.0  0.0  0.0  0.0  0.0  0.0
  0.0  0.0  0.0  0.3  0.3  2.3  0.6  0.0  0.6  0.0  0.0  0.0  0.3  0.0  0.0
  0.3  1.7  0.8  0.8  0.0  0.3  0.0  0.3  0.0  1.4  0.0  0.3  1.7  0.8  0.0
  3.4  0.6  0.3  4.2  3.7  0.6  5.6  2.8  0.0  0.0  0.0  0.0  0.0  0.0  0.0
  0.6  0.3  0.3  0.0  0.0  0.0  0.3  4.5  2.8  2.3 10.7 28.2  3.1  5.1  5.4
  2.5  2.3  3.4  0.8  0.3  0.6  0.6 35.2  4.2 14.1  1.1  3.4  9.3  4.8  0.0
     -9.92      1.94     -1.93     -3.74      1.77  0.6  0.0  0.3  0.0  0.0
                                         4000_story_1327.txt 32.5  4.3 5324
 13.1  3.8 18.4 48.1 10.1  1.3  3.4  2.4 15.4 11.5  0.9  0.4  0.8  3.4  0.8
  0.8  0.4  3.0 14.7  0.6  0.9263.1 99.4 35.7 81.1 61.4 11.6  4.9  0.0  1.5
  0.0  2.6 28.0  8.1 10.1 42.1 14.1  4.5  0.8  2.3  0.4  2.4  4.3  4.7  0.4
  3.4  5.3  1.7  1.9  3.8  7.9 25.2  8.5  0.9  1.5 76.3 87.0  2.4153.3  6.9
  2.8  0.2  0.0  0.0  0.0  0.0  0.0  0.0  0.0  0.0  0.0  0.0  0.0  0.0  0.0
  0.0  0.0  0.0  1.3  0.6  2.8  2.3  0.9  0.0  0.0  0.0  0.0  0.2  0.4  0.2
  0.4  1.5  1.1  1.1  0.0  0.0  0.4  0.2  0.4  0.9  0.4  0.0  3.2  0.0  0.0
  6.9  0.9  0.6  8.5  4.3  0.9  6.2  3.6  0.0  0.0  0.0  0.0  0.0  0.0  0.0
  0.2  0.2  0.0  0.0  0.0  0.0  0.2  5.3  2.8  2.3 12.4 22.7  2.8  4.7  5.8
  1.7  2.3  1.5  0.4  1.1  0.8  0.2 31.7 10.0 18.4  1.7  2.3 10.3  3.2  0.0
     -4.96      2.82     -3.04     -3.11      1.16  0.9  0.6  0.2  0.0  0.0
                                         4000_story_1329.txt 33.3  4.3 5511
  5.8  1.1  8.5 34.8  3.6  0.5  2.7  3.4  6.2 15.2  0.4  0.0  0.2  4.2  1.1
  1.6  0.2  4.0 18.9  0.5  3.8258.2 97.6 35.6 97.4 46.6  9.4  4.7  0.4  0.9
  0.2  4.4 25.0  7.6  8.2 41.4 13.6  4.9  0.4  2.2  0.7  1.8  4.9  5.3  0.2
  2.2  5.6  0.9  2.0  3.8  9.6 31.0  7.6  0.7  1.5 84.7 56.4  2.4155.1  8.3
  1.5  0.5  0.0  0.0  0.0  0.0  0.0  0.0  0.0  0.0  0.0  0.0  0.0  0.0  0.0
  0.0  0.0  0.0  0.2  0.2  1.3  1.5  0.0  0.4  0.4  0.0  0.0  0.2  0.0  0.9
  0.2  0.9  1.5  0.7  0.2  0.7  0.0  0.5  0.0  1.1  0.0  0.2  2.7  0.9  0.0
  3.1  0.7  0.2  4.0  4.2  1.5  6.7  3.8  0.0  0.0  0.0  0.0  0.0  0.0  0.0
  0.2  0.0  0.0  0.0  0.2  0.0  0.4  7.3  2.9  0.9 14.5 21.8  5.4  4.0  6.9
  1.1  2.4  1.1  0.5  0.5  1.1  0.0 37.6  9.1  8.7  1.5  2.2  8.2  3.1  0.0
     -5.08      2.24     -1.77     -3.26      1.07  0.0  0.0  0.0  0.0  0.0
                                         4000_story_1330.txt 32.0  4.1 5192
 13.7  2.3 13.1 46.2  7.9  0.6  3.5  1.5 49.3 11.7  1.3  0.4  0.8  2.5  0.2
  0.2  0.6  6.9 21.0  1.9  2.1241.7 90.1 30.4 95.3 47.6 11.6  5.8  0.2  1.2
  0.4  2.9 24.7  9.8  9.6 43.0 10.0  3.9  1.2  1.7  1.3  1.2  4.6  4.6  0.4
  1.7  5.8  0.4  2.7  3.9 12.1 31.8  6.7  2.5  1.7 68.2104.8  4.8157.4  7.9
  3.3  0.0  0.0  0.0  0.0  0.0  0.0  0.0  0.0  0.0  0.0  0.0  0.0  0.0  0.0
  0.0  0.0  0.0  0.8  0.4  1.9  1.2  0.0  0.0  0.0  0.0  0.0  0.0  0.2  0.2
  0.2  1.3  1.7  1.0  0.0  0.4  0.0  0.2  0.2  0.2  0.2  0.0  1.2  0.4  0.0
  4.2  0.0  0.2  4.4  4.4  0.8  5.4  1.7  0.0  0.0  0.0  0.0  0.0  0.0  0.0
  0.2  1.3  0.2  0.0  0.0  0.0  0.2  5.2  4.0  1.7 10.6 22.9  3.1  5.2  4.8
  1.2  1.7  2.5  0.6  0.6  0.8  0.2 38.1 10.8 18.3  1.2  1.7  6.9  3.3  0.0
      0.62      2.82     -3.28     -3.42      0.82  0.4  0.2  0.0  0.0  0.0
                                         4000_story_1331.txt 34.3  4.1 5403
 15.9  4.1 18.7 44.6  6.8  1.1  3.3  3.7 47.4 12.4  1.3  0.6  0.0  4.3  0.6
  2.4  0.4  3.7 22.4  0.4  0.9241.7101.8 28.9 85.7 44.2 10.7  7.4  0.0  0.7
  1.1  2.2 24.1  7.6  8.0 34.6 13.9  8.0  1.1  3.9  1.1  1.5  4.6  4.3  0.7
  1.9  5.4  2.2  1.5  4.1 12.8 34.4  6.8  0.7  1.9 58.3 98.5  1.9150.5  5.2
  2.6  0.4  0.0  0.0  0.0  0.0  0.0  0.0  0.0  0.0  0.0  0.0  0.0  0.0  0.0
  0.0  0.0  0.0  3.5  0.9  2.2  1.1  0.6  0.2  0.4  0.0  0.0  0.4  0.0  0.2
  0.6  2.2  2.4  0.6  0.0  0.6  0.4  0.2  0.2  0.2  0.0  0.0  2.8  0.9  0.0
  7.8  1.1  0.4  9.3  5.9  1.3  7.4  3.7  0.0  0.0  0.0  0.0  0.0  0.0  0.0
  1.1  1.3  0.2  0.0  0.0  0.0  1.1  6.3  2.8  1.9  8.1 16.5  1.9  7.0  4.4
  1.3  2.8  2.0  0.7  1.5  0.4  0.2 36.8 11.1 18.9  3.0  3.7  9.6  3.9  0.0
      0.44      2.49     -1.63     -1.46      1.08  0.6  0.0  0.2  0.0  0.0
                                         4000_story_1332.txt 30.8  4.1 5145
 12.8  4.1 16.1 46.8  5.6  0.4  3.1  0.6 28.4 16.5  1.0  0.4  0.2  2.5  1.0
  0.4  0.0  3.9 22.2  0.4  4.5252.5 91.0 30.3101.5 47.4 10.7  3.3  0.2  0.4
  0.0  2.9 25.7  8.9  9.5 43.0 12.4  5.8  1.0  3.7  0.2  0.6  6.6  3.9  0.6
  1.9  6.2  2.9  1.6  3.5  9.9 35.4  6.4  0.4  0.6 61.8 81.4  5.8169.7  8.7
  2.1  0.4  0.0  0.0  0.0  0.0  0.0  0.0  0.0  0.0  0.0  0.0  0.0  0.0  0.0
  0.0  0.0  0.0  0.6  0.6  5.2  1.2  0.2  0.4  0.0  0.0  0.2  0.0  0.0  0.2
  0.2  1.0  1.9  0.4  0.2  0.0  0.0  0.2  0.0  0.6  0.0  0.2  2.1  0.8  0.0
  7.6  0.6  0.2  8.4  3.7  0.4  4.7  3.1  0.0  0.0  0.0  0.0  0.0  0.0  0.0
  1.4  0.4  0.0  0.0  0.2  0.0  0.2  3.1  3.1  1.0 11.9 22.4  5.2  5.2  4.1
  1.4  2.7  1.4  0.4  0.8  0.2  0.0 45.3  8.4 15.2  2.3  2.3  4.3  4.1  0.0
     -1.74      2.39     -3.65     -2.90      2.17  0.6  0.0  0.0  0.0  0.0
                                         4000_story_1333.txt 30.8  4.0 5051
 13.3  3.8 23.6 60.2 13.3  0.6  2.4  4.0 59.6 11.9  1.6  0.4  1.4  5.1  1.0
  0.8  1.0  6.7 17.2  1.0  1.4235.2 90.7 27.3 87.3 51.3 12.1  6.5  0.0  1.8
  0.2  3.6 24.9  8.7  8.3 40.2 13.9  8.1  1.2  4.2  1.2  0.8  3.4  4.6  0.4
  1.6  7.5  1.4  2.6  3.8 16.0 32.9  6.5  2.0  2.0 58.4124.1  4.8163.9  6.7
  2.8  0.4  0.0  0.0  0.0  0.0  0.0  0.0  0.0  0.0  0.0  0.0  0.0  0.0  0.0
  0.0  0.0  0.0  2.2  0.6  2.0  2.2  0.4  0.2  0.0  0.0  0.0  0.0  0.6  0.6
  0.2  2.0  1.4  1.0  0.0  0.6  0.2  0.0  0.0  1.2  0.2  0.0  2.6  0.2  0.0
  6.9  0.6  0.6  8.1  5.1  0.8  7.1  3.0  0.0  0.0  0.0  0.0  0.0  0.0  0.0
  1.2  0.2  0.2  0.0  0.2  0.2  0.0  7.1  1.8  1.2 10.5 19.6  3.2  4.0  3.8
  2.4  2.6  1.8  0.6  0.4  0.8  0.2 44.1 13.5 19.2  2.4  2.0  7.5  4.2  0.0
      4.64      2.96     -2.12     -1.52     -0.02  0.8  0.4  0.0  0.0  0.0
                                         4000_story_1334.txt 34.0  4.3 4146
  9.9  2.4 13.5 44.4  7.5  0.2  1.7  2.9 34.2 20.5  1.7  0.7  1.0  4.1  0.2
  1.9  0.5  4.8 19.5  0.7  1.9246.0101.3 30.6 93.3 35.2  9.2  3.4  1.0  1.7
  0.5  2.9 25.3  7.0  8.4 42.2 11.8  5.5  0.2  3.4  1.4  1.2  4.1  4.3  0.2
  2.4  8.2  1.0  1.7  6.0 11.8 34.7  7.0  1.2  3.1 73.1 76.9  2.2153.2  4.3
  2.9  0.0  0.0  0.0  0.0  0.0  0.0  0.0  0.0  0.0  0.0  0.0  0.0  0.0  0.0
  0.0  0.0  0.0  0.5  0.7  1.4  1.2  0.2  0.0  0.2  0.0  0.0  0.7  0.2  0.0
  0.5  1.7  1.7  0.7  0.0  0.2  0.0  0.2  0.2  1.0  0.0  0.2  2.4  1.4  0.0
  3.9  0.5  1.0  5.3  4.6  0.7  6.3  4.1  0.0  0.0  0.0  0.0  0.0  0.0  0.0
  0.7  0.5  0.0  0.0  0.0  0.2  0.0  6.0  1.4  2.9 11.1 26.5  2.4  4.3  5.5
  1.0  2.2  1.0  0.2  0.7  0.7  0.0 37.9  7.5 14.0  0.2  3.1  7.0  6.0  0.0
     -0.89      1.30     -1.23     -2.50      0.56  0.7  0.0  0.0  0.0  0.0
                                         4000_story_1337.txt 34.0  4.6 5009
  7.0  1.6  0.4 32.3  0.4  0.0  2.6  1.8  3.6  8.6  1.4  0.2  0.4  2.8  0.6
  1.2  0.6  2.8 17.2  0.0  0.4253.5138.8 57.5 57.7 60.7 10.4  3.2  2.8  4.2
  3.8  3.8 48.5  3.8  5.4 30.3 11.0  7.0  1.2  1.6  1.8  5.0  3.8 10.0  2.2
  1.6  5.6  3.4  4.0  2.4 11.6 28.3 13.8  0.6 10.8 85.0 64.7  0.8109.2  7.2
  6.6  0.0  0.0  0.0  0.0  0.0  0.0  0.0  0.0  0.0  0.0  0.0  0.0  0.0  0.0
  0.0  0.0  0.0  2.2  0.6  1.8  2.8  0.2  0.0  0.0  0.0  0.0  0.2  0.4  0.4
  0.4  1.8  2.0  1.4  0.0  0.2  0.0  0.0  0.2  0.6  0.8  0.0  4.0  0.4  0.0
  7.4  0.2  0.6  8.2  6.0  0.4  7.0  5.2  0.0  0.0  0.0  0.0  0.0  0.0  0.0
  0.2  0.0  0.0  0.0  0.0  0.0  0.0  7.2  6.4  2.0 11.0 13.2  3.2  7.0  9.0
  1.0  3.8  1.4  1.0  1.2  0.8  0.6 18.2  6.4 12.6  2.2  3.6  4.0  1.2  0.0
    -13.21      1.46      8.54     -0.98      2.46  3.4  0.2  0.6  0.0  0.4
                                         4000_story_1342.txt 34.3  4.7 5580
 10.6  3.0  2.7 24.6  1.6  0.0  1.6  1.4  2.2 12.9  0.4  0.0  0.4  2.9  0.7
  1.3  0.5  1.4 20.6  0.4  2.5224.2122.6 67.4 72.2 81.0 13.8  2.7  0.9  2.7
  0.9  7.0 40.9  4.5  6.1 40.5  7.2  3.2  0.4  2.0  0.9  2.5  3.0  7.5  1.8
  3.2  5.9  3.6  5.6  3.8  5.6 35.5 12.5  0.9  4.5105.4 84.8  1.8113.4  7.0
  3.6  0.5  0.0  0.0  0.0  0.0  0.0  0.0  0.0  0.0  0.0  0.0  0.0  0.0  0.0
  0.0  0.0  0.0  1.3  1.3  2.7  1.4  0.4  0.2  0.5  0.0  0.0  0.5  0.0  0.0
  0.4  0.5  0.9  0.7  0.2  0.2  0.2  0.2  0.0  1.1  0.4  0.0  2.0  1.4  0.0
  6.6  1.1  0.5  8.2  2.5  0.7  4.3  3.8  0.0  0.0  0.0  0.0  0.0  0.0  0.0
  0.0  0.2  0.2  0.0  0.0  0.0  0.0  8.1  4.5  5.6 14.9 10.9  1.1  4.3  6.3
  2.3  2.0  2.3  2.0  0.5  1.4  0.5 17.0  4.3 15.1  3.0  4.5  6.1  3.6  0.0
    -10.33      3.40      3.71     -3.40      1.84  1.3  0.2  0.2  0.0  0.0
                                         4000_story_1343.txt 35.3  4.3 3094
 10.3  2.3  0.6 49.8  2.3  0.0  5.5  2.6 60.1 11.3  2.3  0.3  0.3  1.3  0.0
  1.0  0.6  2.6 21.7  0.0  2.6226.6129.3 34.3 57.5 38.5  7.4  3.9  3.6  4.8
  3.6  3.9 28.1  3.6  6.1 33.3  8.4  7.1  1.6  1.6  2.9  7.1  6.8  9.0  1.6
  1.3  9.0  5.5  1.3  2.9 12.6 36.5 12.0  0.6 12.0 61.4100.8  3.2124.8 12.3
  1.6  0.6  0.0  0.0  0.0  0.0  0.0  0.0  0.0  0.0  0.0  0.0  0.0  0.0  0.0
  0.0  0.0  0.0  2.3  0.0  1.9  1.0  0.3  0.0  0.0  0.0  0.0  0.0  0.0  0.0
  0.0  0.0  1.0  0.3  0.0  0.3  0.3  0.0  0.3  0.0  0.0  0.6  1.3  0.0  0.0
  5.2  0.3  0.0  5.5  1.3  1.0  2.3  1.9  0.0  0.0  0.0  0.0  0.0  0.0  0.0
  0.0  0.0  0.0  0.0  0.0  0.0  0.0 10.3  3.2  3.2  9.4 13.9  1.9  3.6  1.3
  0.3  3.9  0.0  0.0  1.9  0.6  0.0 21.0  9.0 15.5  3.9  2.3  4.8  0.6  0.0
     -4.91      0.02      7.40      0.57      3.65  1.0  0.6  0.3  0.0  0.0
                                         4000_story_1345.txt 34.0  4.6 2267
 10.6  2.2  1.3 36.2  0.9  0.0  1.3  2.2 57.3 17.6  0.4  0.9  0.0  3.5  0.0
  0.4  0.9  4.4 19.4  0.0  2.2224.5124.4 65.3 64.4 10.1 10.6  2.2  1.3  4.9
  0.0  6.6 39.3  5.7  4.4 39.3 10.6  1.8  0.0  0.4  1.8  2.6  4.0  6.6  2.2
  1.8  4.0  5.7  2.6  2.6  7.9 31.3 10.6  0.9  6.2 99.3 68.4  3.5120.9  8.8
  4.0  0.4  0.0  0.0  0.0  0.0  0.0  0.0  0.0  0.0  0.0  0.0  0.0  0.0  0.0
  0.0  0.0  0.0  1.3  0.9  2.2  2.6  0.4  0.0  0.0  0.0  0.0  0.0  0.9  0.0
  0.0  0.0  1.8  0.0  0.0  0.0  0.4  0.0  0.0  0.0  0.0  0.4  0.4  0.0  0.0
  7.1  0.4  0.9  8.4  1.8  0.4  2.2  0.9  0.0  0.0  0.0  0.0  0.0  0.0  0.0
  0.0  0.0  0.0  0.0  0.0  0.0  0.0 10.6  5.3  4.9 15.9 20.3  2.2  5.7  7.5
  3.5  0.9  0.9  2.2  0.9  3.1  0.4 13.7  5.7 16.3  0.9  6.2  4.9  3.5  0.0
     -6.49     -0.71      4.19     -4.09      2.12  1.3  0.4  0.4  0.0  0.0
                                         4000_story_1346.txt 32.5  4.5 3236
  8.0  1.5  7.4 32.1  6.2  0.3  3.1  4.0 11.1 16.1  1.9  0.0  0.0  2.8  0.0
  2.5  0.6  3.4 26.9  0.3  1.9244.7118.0 56.2 64.9 50.4  9.6  3.1  0.6  1.9
  0.6  3.1 32.4  6.5  4.0 46.4  9.9  2.2  0.0  0.3  1.9  4.6  4.0 12.1  0.9
  2.2  3.7  4.3  3.7  4.9  7.4 34.0 15.1  0.9  3.1 92.4 67.7  1.9114.0  8.0
  2.8  0.6  0.0  0.0  0.0  0.0  0.0  0.0  0.0  0.0  0.0  0.0  0.0  0.0  0.0
  0.0  0.0  0.0  1.2  0.6  3.7  1.2  0.6  0.6  0.0  0.0  0.0  0.3  0.0  0.3
  1.2  0.3  1.5  0.0  0.0  0.3  0.0  0.0  0.0  0.3  1.2  0.3  3.1  0.6  0.0
  6.8  1.2  0.3  8.3  3.4  0.3  4.0  5.3  0.0  0.0  0.0  0.0  0.0  0.0  0.0
  0.3  0.9  0.0  0.0  0.0  0.3  0.0 11.7  5.9  1.5  9.6 13.6  3.7  4.3  4.9
  2.2  2.5  2.2  0.6  0.6  1.5  0.3 21.6  7.4 16.1  1.2  1.2  7.1  3.1  0.0
     -6.07      1.06      0.55     -3.21      2.12  0.6  0.3  0.3  0.0  0.0
                                         4000_story_1348.txt 31.5  4.6 5611
 10.0  1.8  8.0 41.7 12.1  1.2  2.3  2.9  9.8 14.6  1.1  0.0  0.4  2.9  0.5
  3.9  2.0  2.9 26.2  0.4  2.1232.4104.6 50.4 69.9 59.5 11.4  7.7  1.1  2.9
  1.8  3.4 35.8  7.5  8.2 47.2  9.3  3.4  1.6  2.0  0.7  2.9  8.0  8.0  1.4
  3.2  5.5  3.2  3.2  3.7  7.0 37.1 12.7  2.3  5.7 83.9 81.4  1.8130.5  8.9
  3.2  0.4  0.0  0.0  0.0  0.0  0.0  0.0  0.0  0.0  0.0  0.0  0.0  0.0  0.0
  0.0  0.0  0.0  2.1  0.7  2.3  1.6  0.0  0.2  0.2  0.0  0.2  0.2  0.2  0.0
  0.9  0.7  0.5  0.7  0.2  0.9  0.0  0.4  0.0  0.5  0.5  0.4  1.8  2.1  0.0
  6.8  0.4  0.5  7.7  2.9  1.4  4.8  4.8  0.0  0.0  0.0  0.0  0.0  0.0  0.0
  0.2  0.4  0.0  0.2  0.0  0.0  0.0 14.3  3.0  5.0  9.4  8.4  2.0  4.6  3.4
  2.5  3.6  0.9  0.7  0.4  1.1  0.0 24.6 12.3 15.7  2.1  1.8  4.5  3.7  0.0
     -1.39      2.83      1.16     -2.91      4.73  0.0  0.4  0.2  0.0  0.0
                                         4000_story_1354.txt 34.0  4.5 3702
 11.1  3.8  3.8 34.3  3.5  0.8  2.4  1.1 22.7  8.9  0.5  0.0  0.0  3.8  0.0
  1.9  0.8  2.7 24.9  0.5  2.2222.3123.7 50.2 65.9 67.3  9.2  3.0  1.9  3.0
  1.1  1.9 41.3  4.6  8.9 48.6 11.3  6.8  1.1  2.4  1.6  5.9  6.8 14.0  2.2
  3.0  6.2  2.4  4.9  5.4 11.1 35.4 19.2  1.4  5.9 82.7 93.5  1.4121.6  9.2
  3.2  0.5  0.0  0.0  0.0  0.0  0.0  0.0  0.0  0.0  0.0  0.0  0.0  0.0  0.0
  0.0  0.0  0.0  2.2  0.5  1.9  3.5  0.5  0.0  0.0  0.0  0.0  0.5  0.5  0.0
  1.1  0.5  2.2  0.8  0.0  0.5  0.0  0.3  0.0  0.3  0.8  0.0  3.8  1.9  0.0
  8.1  0.5  1.1  9.7  4.6  0.8  5.7  6.5  0.0  0.0  0.0  0.0  0.0  0.0  0.0
  0.3  0.0  0.0  0.5  0.0  0.0  0.3 12.4  3.2  5.4  8.4 11.3  1.4  8.9  4.1
  1.6  0.8  2.2  0.8  1.1  1.9  1.1 20.0  8.4 17.6  2.4  3.5  7.3  1.6  0.0
     -5.97      1.75      1.43     -0.39      5.34  1.6  0.5  0.5  0.0  0.0
                                         4000_story_1357.txt 30.5  4.4 4004
 10.5  3.2 18.2 46.2  7.7  0.7  2.2  2.5 14.7 13.5  1.2  0.5  0.2  3.0  0.5
  1.0  1.5  3.2 34.7  0.5  3.5243.0112.6 42.0 75.4 61.9  7.2  6.7  3.7  1.7
  1.7  5.7 30.0  6.5  7.7 38.5  8.2  2.0  0.7  2.2  1.5  1.7  6.0  8.7  1.0
  1.0  7.2  4.0  1.5  3.7  6.7 50.4 10.7  2.0  7.2 77.7 84.4  1.7133.1  8.0
  2.5  0.2  0.0  0.0  0.0  0.0  0.0  0.0  0.0  0.0  0.0  0.0  0.0  0.0  0.0
  0.0  0.0  0.0  3.2  0.7  2.2  1.7  0.5  0.2  0.0  0.0  0.2  0.0  0.0  0.7
  0.0  1.0  0.5  0.5  0.0  0.2  0.5  0.0  0.0  0.0  0.2  0.2  1.0  3.2  0.0
  8.0  0.7  0.2  9.0  2.7  0.7  3.5  4.7  0.0  0.0  0.0  0.0  0.0  0.0  0.0
  0.7  0.5  0.0  0.0  0.0  0.0  0.2 13.2  3.0  3.0 10.2 21.2  3.2  6.0  7.0
  1.5  0.7  1.7  0.7  1.2  0.0  0.2 25.5 11.2 15.2  1.0  3.7  9.0  2.7  0.0
      0.59      2.15      3.53     -3.45      2.54  0.0  0.0  0.0  0.0  0.0
                                         4000_story_1361.txt 32.0  4.5 5620
 11.9  4.3  8.5 45.4 15.8  0.5  5.2  3.2 21.9 10.5  1.2  0.2  0.2  3.0  0.4
  2.0  0.2  5.5 20.1  0.2  3.7226.2101.8 47.0 67.3 76.2  9.1 14.8  1.2  2.1
  1.2  2.0 35.9  5.3  6.4 47.2  6.9  6.0  0.7  1.6  2.1  3.4  7.7  4.8  1.8
  3.9  4.3  2.7  3.7  2.3 13.7 28.1 10.5  0.4  4.6 79.4113.9  3.6129.0  5.7
  2.3  0.4  0.0  0.0  0.0  0.0  0.0  0.0  0.0  0.0  0.0  0.0  0.0  0.0  0.0
  0.0  0.0  0.0  2.7  1.1  2.1  1.2  0.4  0.4  0.0  0.0  0.0  0.0  0.0  0.2
  0.0  0.7  0.5  0.7  0.2  0.7  0.4  0.0  0.0  0.2  0.5  0.2  5.3  2.3  0.0
  7.1  0.7  0.0  7.8  2.1  1.2  3.6  8.4  0.0  0.0  0.0  0.0  0.0  0.0  0.0
  0.7  1.2  0.0  0.0  0.0  0.0  0.4 15.1  4.8  4.8  9.3 14.4  6.2  4.3  5.5
  2.3  0.7  2.5  1.6  0.7  1.4  0.4 21.2 20.5 15.5  2.5  2.7  4.6  2.3  0.0
     -2.99      4.35      1.04     -1.84      4.52  0.7  0.2  0.2  0.0  0.0
                                         4000_story_1363.txt 35.5  4.2 3433
 16.6  5.2  4.1 32.0  2.6  0.0  2.9  4.1  2.6 22.4  1.5  0.0  0.0  5.5  0.0
  0.3  0.3  6.4 39.0  0.3  1.7188.5107.8 48.4 86.2 68.7 10.8  1.2  1.5  4.4
  0.6  7.9 17.2  9.9  7.3 46.9 10.8  3.8  0.0  1.5  2.6  2.9  8.2  6.1  1.2
  1.2  6.7  6.4  2.3  3.8 12.8 55.1  8.4  0.6  6.4 86.5 74.0  2.0141.9  8.7
  2.6  0.0  0.0  0.0  0.0  0.0  0.0  0.0  0.0  0.0  0.0  0.0  0.0  0.0  0.0
  0.0  0.0  0.0  2.0  1.5  5.8  1.5  0.3  0.0  0.0  0.0  0.0  0.0  0.0  0.0
  0.0  1.7  2.9  1.2  0.0  0.6  0.3  0.0  0.0  0.0  0.0  0.0  2.0  1.5  0.0
 10.8  0.3  0.0 11.1  5.8  0.9  6.7  3.5  0.0  0.0  0.0  0.0  0.0  0.0  0.0
  0.6  1.2  0.0  0.0  0.0  0.0  0.0 11.4  2.0  1.5  7.3 21.0  2.3  2.9  8.2
  2.9  7.9  2.9  2.6  0.0  0.6  0.0 28.5  4.7 22.7  1.2  4.4  9.3  2.9  0.0
      2.06      2.45      1.01     -2.63      3.67  0.9  0.0  0.0  0.0  0.0
                                         4000_story_1369.txt 33.5  4.7 2359
 13.1  2.1  0.4 33.5  3.4  0.0  4.7  3.4 41.1 11.0  0.4  0.0  0.4  3.0  0.0
  2.5  0.0  3.4 17.8  0.4  3.8220.4119.1 50.4 73.3 47.9 12.3  3.8  1.3  3.4
  0.8  5.5 39.8  6.8  3.0 51.7 10.6  4.7  0.8  2.5  2.5  3.8  3.4  8.5  2.1
  3.0  5.9  5.1  2.1  3.8 10.6 31.8 13.6  0.4  5.5 83.1 92.4  2.5128.4  8.1
  3.0  0.8  0.0  0.0  0.0  0.0  0.0  0.0  0.0  0.0  0.0  0.0  0.0  0.0  0.0
  0.0  0.0  0.0  2.5  0.8  1.3  1.7  0.4  0.8  0.0  0.0  0.0  0.8  0.4  0.4
  0.0  1.3  1.7  0.4  0.0  0.8  0.0  0.4  0.0  0.4  0.8  0.0  8.1  1.3  0.0
  6.4  1.3  1.3  8.9  3.8  1.3  5.5 10.2  0.0  0.0  0.0  0.0  0.0  0.0  0.0
  0.0  0.0  0.0  0.0  0.0  0.0  0.0  7.6  6.4  5.5 10.2 16.1  0.8 10.2  9.3
  0.8  3.8  1.3  0.0  0.0  0.0  0.0 17.8  9.3 15.7  2.1  2.5  6.8  3.0  0.0
     -6.82      1.88      3.25     -1.33      2.37  2.5  0.0  0.4  0.0  0.0
                                         4000_story_1375.txt 33.0  4.2 4141
 21.3  5.8 11.1 76.1 21.5  3.1  5.1  5.3 52.9 16.9  1.4  0.5  1.0  7.2  0.0
  1.7  2.2  5.1 22.0  1.4  1.7209.9 92.5 28.5 77.0 45.4 11.8 18.4  1.4  2.7
  1.0  1.4 23.4  6.8  8.9 44.9  6.5  7.0  2.2  2.7  2.2  4.1  9.7  6.0  1.4
  1.9  5.8  5.1  1.4  6.8 14.2 32.4  9.4  3.6  5.1 56.5119.8  3.4160.8  7.5
  2.2  0.0  0.0  0.0  0.0  0.0  0.0  0.0  0.0  0.0  0.0  0.0  0.0  0.0  0.0
  0.0  0.0  0.0  2.4  1.2  4.6  1.9  0.2  0.0  0.0  0.0  0.0  0.0  0.0  0.5
  0.2  1.0  1.4  0.2  0.0  0.0  0.2  0.2  0.0  0.2  0.2  0.0  7.0  1.0  0.0
 10.1  0.2  0.0 10.4  3.4  0.5  4.1  8.2  0.0  0.0  0.0  0.0  0.0  0.0  0.0
  1.2  0.5  0.2  0.0  0.5  0.0  0.2  7.2  3.6  3.4  9.4 10.9  1.0  3.4  7.5
  1.9  2.4  2.4  0.5  0.5  0.7  0.2 27.0 25.4 24.4  1.7  4.1  3.6  3.6  0.0
     12.13      4.50     -0.92     -0.35      5.06  0.5  0.2  0.0  0.0  0.0
                                         4000_story_1380.txt 33.0  4.4 3691
 12.5  2.7  6.0 43.3 12.2  0.5  3.0  1.4 18.4 10.3  1.1  0.3  0.8  2.7  0.3
  1.9  0.3  4.3 28.4  0.0  2.2226.0107.0 54.5 66.1 69.4 13.0  3.3  3.8  0.5
  1.4  4.1 34.1  7.3  8.9 44.4 10.6  5.7  0.8  2.4  2.7  3.5  4.6  5.1  0.8
  2.2  3.8  4.9  1.9  4.9 12.7 39.0  8.1  0.3  5.7 88.9100.0  1.6130.0  9.5
  3.0  0.5  0.0  0.0  0.0  0.0  0.0  0.0  0.0  0.0  0.0  0.0  0.0  0.0  0.0
  0.0  0.0  0.0  0.3  0.3  3.0  0.5  0.5  0.0  0.0  0.0  0.8  0.3  0.0  0.5
  0.5  1.4  0.5  0.8  0.3  0.3  0.0  0.0  0.0  0.3  0.0  0.5  2.7  2.7  0.0
  4.1  0.5  1.1  5.7  3.8  0.5  4.6  6.0  0.0  0.0  0.0  0.0  0.0  0.0  0.0
  1.1  0.0  0.0  0.0  0.0  0.0  0.8 13.8  2.2  3.8  9.5 13.0  0.8  6.5  3.8
  3.3  3.5  1.9  1.9  0.8  0.3  1.4 30.9 10.3 20.0  1.4  3.8  7.0  3.3  0.0
     -4.33      2.63      1.34     -1.18      1.36  0.8  0.0  0.3  0.3  0.0
                                         4000_story_1386.txt 32.5  4.7 2973
  7.4  1.3  1.0 24.6  3.4  0.3  2.0  1.0  4.0 10.8  1.0  0.0  0.3  3.4  0.0
  1.7  0.0  2.4 24.9  0.0  1.3266.1126.1 62.6 71.0 48.8 11.4  2.4  1.0  3.0
  0.3  4.0 48.4  5.4  4.7 31.3  7.4  3.4  1.0  1.3  1.3  1.7  5.0 10.1  1.3
  1.3  3.0  4.0  2.0  5.0  7.1 33.3 12.8  0.0  4.4 90.1 56.2  1.0111.0  3.7
  4.0  0.3  0.0  0.0  0.0  0.0  0.0  0.0  0.0  0.0  0.0  0.0  0.0  0.0  0.0
  0.0  0.0  0.0  2.0  0.7  1.0  2.7  0.0  0.3  0.0  0.0  0.0  0.0  0.0  0.7
  0.0  0.0  0.3  2.4  0.0  0.0  0.0  0.0  0.0  1.0  0.0  0.0  1.7  0.7  0.0
  6.4  0.3  0.0  6.7  3.4  0.0  4.4  2.4  0.0  0.0  0.0  0.0  0.0  0.0  0.0
  0.7  0.3  0.0  0.0  0.0  0.0  0.0  7.7  3.0  2.0 12.4 16.5  1.3  5.0  5.0
  1.0  3.0  1.3  0.3  4.0  0.3  0.7 18.5  8.1 10.4  1.0  6.1  8.1  2.7  0.0
    -12.80      1.41      3.55     -3.55      2.52  1.7  0.3  0.0  0.0  0.0
                                         4000_story_1393.txt 31.0  4.0 2016
 22.3  6.0 11.4 57.5 14.4  1.5  5.0  7.4 49.1  9.4  0.5  0.0  0.5  4.5  0.5
  4.5  0.0  6.4 18.8  1.5  4.0209.8107.1 28.3 80.4 43.7 13.4  9.9  2.0  3.5
  0.0  1.0 15.4  6.4 10.4 30.8 15.4  5.5  0.5  2.5  3.0  2.5  2.0  6.9  0.5
  0.5  9.4  3.0  6.4  5.5 14.9 31.7  7.9  1.5  5.5 56.5107.1  4.5153.8  6.9
  3.5  0.0  0.0  0.0  0.0  0.0  0.0  0.0  0.0  0.0  0.0  0.0  0.0  0.0  0.0
  0.0  0.0  0.0  1.5  1.5  2.5  4.0  1.0  0.0  0.0  0.0  0.0  0.0  0.5  0.5
  0.0  1.0  2.0  2.0  0.0  0.0  1.0  0.0  0.0  0.5  0.0  0.0  4.0  1.0  0.0
  9.4  1.0  0.5 10.9  5.5  1.0  6.9  5.0  0.0  0.0  0.0  0.0  0.0  0.0  0.0
  0.0  0.5  0.5  0.0  0.0  0.0  1.0 11.9  2.5  4.0 10.9 11.9  2.5  8.4 10.4
  2.5  1.0  1.0  0.5  0.0  1.0  0.5 38.2 12.4 25.3  1.0  3.0  8.4  4.5  0.0
      6.31      3.27     -1.34     -1.61     -0.79  2.5  0.0  0.0  0.0  0.0
                                         4000_story_1399.txt 35.3  4.5 3930
  9.7  3.1  1.0 36.6  2.5  0.0  1.8  3.6 21.9 10.9  1.3  0.3  0.5  4.1  0.3
  2.0  0.3  5.3 15.0  0.5  1.3235.9129.3 58.0 49.6 47.8 16.0  5.3  4.3  5.3
  3.1  3.3 41.7  3.6  5.1 36.9 12.7  5.9  1.0  2.0  2.3  4.8  4.8  7.9  1.8
  2.0  8.7  2.3  2.0  4.6 13.5 29.3 11.7  0.8 12.7 89.6 72.3  2.3105.9  3.3
  2.0  1.0  0.0  0.0  0.0  0.0  0.0  0.0  0.0  0.0  0.0  0.0  0.0  0.0  0.0
  0.0  0.0  0.0  2.8  0.8  1.3  1.0  0.3  0.3  0.0  0.0  0.3  0.3  0.3  0.3
  0.3  0.0  0.8  1.3  0.0  1.5  0.0  0.0  0.3  0.0  0.3  0.0  2.3  2.8  0.0
  5.9  0.5  0.8  7.1  2.5  1.8  4.3  5.3  0.0  0.0  0.0  0.0  0.0  0.0  0.0
  0.3  0.5  0.0  0.0  0.0  0.5  0.0 15.8  4.6  4.6 19.1 10.2  1.5  5.9  4.1
  0.8  2.0  4.3  0.3  3.6  1.8  0.5 16.3  8.4 13.5  0.8  2.5  6.1  1.8  0.0
     -8.63      2.10      8.48     -0.93      2.62  1.3  0.3  0.0  0.0  0.0
                                         4000_story_1402.txt 31.5  4.6 3682
  8.4  1.1  1.6 31.5  6.5  0.0  0.5  2.2 14.7 17.1  1.9  0.3  0.8  1.6  1.1
  2.2  0.3  4.9 20.9  1.1  0.8244.2117.1 58.9 71.4 42.4 16.6  5.4  4.1  2.7
  3.3  2.7 31.8  7.6  5.4 42.9  8.7  3.3  1.6  3.3  1.9  4.9  5.7  9.5  1.1
  1.9  8.4  1.4  2.7  4.3 10.0 35.6 12.5  1.4 10.0 92.1 63.6  1.1121.9  8.4
  1.4  0.5  0.0  0.0  0.0  0.0  0.0  0.0  0.0  0.0  0.0  0.0  0.0  0.0  0.0
  0.0  0.0  0.0  0.8  1.4  0.8  1.4  0.0  0.3  0.3  0.0  0.0  0.0  0.3  0.3
  0.5  0.3  0.0  1.1  0.0  0.5  0.5  0.0  0.0  0.0  0.3  0.3  3.5  0.5  0.0
  4.3  0.5  0.3  5.2  2.2  1.1  3.3  4.6  0.0  0.0  0.0  0.0  0.0  0.0  0.0
  0.3  0.0  0.0  0.0  0.0  0.0  0.0 12.0  6.8  1.6  8.1 18.2  1.4  9.0  3.5
  0.3  1.9  7.1  1.1  0.3  0.5  1.1 15.5 12.0  9.8  0.3  3.8  9.2  3.8  0.0
     -7.86      2.70      4.69     -0.96      2.83  1.1  0.5  0.3  0.0  0.0
                                         4000_story_1405.txt 32.5  4.6 5086
  9.6  1.8  1.2 36.8  7.3  0.4  1.4  2.6 10.2 20.4  2.6  0.0  0.4  4.3  0.6
  1.2  1.4  6.1 23.0  0.0  1.0238.5114.4 52.7 64.1 55.4 13.0  5.1  3.3  3.9
  2.0  3.9 41.1  5.5  4.7 34.4  9.8  1.8  1.6  3.3  2.2  2.0  7.3  7.3  2.4
  2.0  5.1  5.5  2.9  3.1 10.0 35.4 11.6  1.4  9.2 83.8 72.9  1.6119.9  8.1
  3.3  0.2  0.0  0.0  0.0  0.0  0.0  0.0  0.0  0.0  0.0  0.0  0.0  0.0  0.0
  0.0  0.0  0.0  1.6  1.0  2.8  2.8  0.2  0.2  0.0  0.0  0.0  0.0  0.2  0.4
  0.2  0.4  0.8  1.0  0.0  0.2  0.0  0.2  0.2  0.2  0.2  0.4  1.8  1.0  0.0
  8.1  0.4  0.2  8.7  2.8  0.6  3.5  3.3  0.0  0.0  0.0  0.0  0.0  0.0  0.0
  0.2  0.2  0.2  0.0  0.0  0.0  0.0 13.6  3.1  2.8 12.6 12.8  1.2  6.3  4.5
  0.6  1.6  1.8  1.0  0.8  2.0  2.6 13.2  9.2 14.4  2.0  2.9  7.1  1.8  0.0
     -4.29      2.29      6.09     -2.34      4.47  1.0  0.2  0.2  0.0  0.2
                                         4000_story_1412.txt 34.8  4.3 3114
  7.4  1.6  0.3 77.1  6.4  0.6  2.2  2.2 36.0 11.6  4.2  0.6  0.6  1.9  1.3
  0.6  2.2  6.7 35.0  0.3  1.9218.0108.5 55.6 29.9 51.7 11.9  1.9  4.2  4.5
  1.3  2.9 27.3  5.8  9.0 41.7 10.9 11.2  0.6  1.9  3.9  2.6 10.3  6.1  0.6
  0.6 10.0  4.8  1.6  5.1 21.8 50.4  7.4  2.6 10.0 92.5 94.1  2.2122.0  6.1
  2.2  0.0  0.0  0.0  0.0  0.0  0.0  0.0  0.0  0.0  0.0  0.0  0.0  0.0  0.0
  0.0  0.0  0.0  0.6  0.6  1.0  0.3  0.6  0.0  0.0  0.0  0.0  0.0  0.0  0.0
  0.0  0.6  1.0  0.3  0.0  0.6  0.3  0.0  0.3  0.0  0.0  0.0  2.6  0.0  0.0
  2.6  0.6  0.0  3.2  1.9  1.3  3.2  2.6  0.0  0.0  0.0  0.0  0.0  0.0  0.0
  0.0  0.3  0.0  0.3  0.0  0.0  0.0  7.4  1.3  1.3 11.9 11.2  1.3  5.1  8.3
  3.2  1.6  2.2  1.0  0.6  0.3  0.0 22.8  7.1 13.8  1.0  2.9  5.1  3.2  0.0
      2.51      0.19      3.14      0.02      4.42  0.3  0.0  0.0  0.0  0.0
                                         4000_story_1414.txt 31.5  4.4 1962
  8.7  5.6  1.0 36.7 10.7  0.5  2.0  0.5  9.2 12.7  0.5  0.0  0.0  4.1  1.5
  2.5  0.5  6.1 24.0  0.0  1.5226.3116.7 36.7 79.0 85.1 16.8  5.1  4.1  3.6
  0.5  5.1 35.7  7.1  8.7 41.3  7.6  4.6  0.0  3.1  2.5  2.0  9.7  6.6  3.1
  1.5 11.2  3.6  3.6  2.0 13.3 43.3 11.2  0.5  8.2 61.2105.0  1.0125.4  8.7
  4.1  1.0  0.0  0.0  0.0  0.0  0.0  0.0  0.0  0.0  0.0  0.0  0.0  0.0  0.0
  0.0  0.0  0.0  4.1  2.5  1.5  1.5  0.5  0.0  0.5  0.0  0.0  0.0  0.5  0.0
  0.0  1.0  0.0  1.0  0.0  0.0  0.0  0.0  0.0  0.5  0.0  1.5  1.0  1.0  0.0
  9.7  1.0  0.5 11.2  2.0  0.0  2.5  3.6  0.0  0.0  0.0  0.0  0.0  0.0  0.0
  0.5  1.0  0.0  0.0  0.0  0.0  0.0 26.0  1.5  1.0  4.6 24.0  4.6  5.1  4.1
  2.0  0.0  2.0  0.5  2.5  0.0  0.0 21.9  8.7  9.7  1.5  3.6 10.7  4.1  0.0
     -3.35      4.83      3.05     -2.09      6.28  0.5  0.0  0.0  0.0  0.0
                                         4000_story_1418.txt 36.3  4.5 4350
  6.7  1.4  0.9 34.5  4.4  0.0  1.8  2.1 12.2 13.1  0.5  0.0  0.2  1.1  0.5
  0.9  1.1  2.3 26.2  0.2  0.9254.3120.7 55.6 56.8 52.6 17.2  4.8  3.0  3.4
  0.9  2.3 30.3  6.4  8.0 37.7 10.1  7.4  0.9  3.4  1.8  2.5  7.1  6.2  0.5
  3.4  6.2  3.2  2.8  2.3 11.5 38.2 10.1  1.4  7.4 84.8 69.2  2.1114.9  9.4
  5.1  0.5  0.0  0.0  0.0  0.0  0.0  0.0  0.0  0.0  0.0  0.0  0.0  0.0  0.0
  0.0  0.0  0.0  1.8  0.9  0.9  1.8  0.0  0.2  0.0  0.0  0.0  0.2  0.7  0.5
  0.2  0.2  0.5  1.4  0.0  0.2  0.0  0.0  0.0  0.2  0.0  0.0  2.3  0.5  0.0
  5.5  0.2  0.9  6.7  2.8  0.2  3.2  2.8  0.0  0.0  0.0  0.0  0.0  0.0  0.0
  0.0  0.2  0.0  0.0  0.0  0.0  0.0  9.7  3.2  2.5 11.0 10.8  3.0  6.0  3.0
  1.4  2.1  6.2  0.5  0.5  0.9  0.5 17.7 10.6  9.0  2.5  4.1  6.0  3.0  0.0
     -9.33      2.69      1.90     -1.10      3.23  0.9  0.0  0.2  0.0  0.0
                                         4000_story_1420.txt 33.5  4.5 4316
  8.1  1.6  0.2 73.4  3.0  0.2  1.4  3.9 53.1  9.5  2.1  0.7  0.2  3.9  0.2
  1.6  0.9  8.8 27.3  0.2  1.4218.0114.9 51.7 19.7 41.2 11.4  3.0  3.9  1.9
  2.5  3.5 39.2  3.9  7.2 41.7 15.5 11.8  0.7  5.1  3.7  2.8  9.0  7.4  0.9
  0.5  9.0  4.6  2.1  2.1 24.3 45.6  8.8  1.2  8.3 82.3 97.3  3.7112.4  4.4
  4.2  0.0  0.0  0.0  0.0  0.0  0.0  0.0  0.0  0.0  0.0  0.0  0.0  0.0  0.0
  0.0  0.0  0.0  0.9  3.2  1.4  3.0  0.0  0.2  0.0  0.0  0.5  0.2  0.2  0.0
  1.4  0.9  0.7  1.6  0.5  0.2  0.0  0.5  0.0  0.5  0.7  0.5  3.7  1.9  0.0
  8.6  0.2  0.9  9.7  4.6  1.2  6.3  6.7  0.0  0.0  0.0  0.0  0.0  0.0  0.0
  0.2  0.7  0.0  0.0  0.0  0.0  0.0  7.9  4.4  5.1 14.1  9.3  3.0  4.9  3.2
  0.7  1.6  1.9  1.2  0.7  1.9  0.7 20.2  8.1 15.3  0.9  3.0  8.8  2.3  0.0
     -1.07     -0.51      4.93      1.63      4.01  0.9  0.0  0.5  0.0  0.0
                                         4000_story_1434.txt 33.3  4.6 4267
  4.7  0.0  0.0 30.9  0.5  0.5  0.9  0.9 15.7 10.8  1.4  0.0  0.9  3.7  0.9
  2.3  0.5  3.7 28.1  0.9  0.9268.1138.7 66.6 43.6 21.1 11.2  0.5  1.4  3.7
  2.3  4.7 32.8  2.3  9.8 33.3  6.1  5.2  0.0  2.3  1.9  1.4  5.6  8.0  0.9
  0.5  6.6  2.3  3.3  4.2 10.8 41.7  9.4  1.4  7.5 98.4 37.3  2.8 94.2 12.7
  2.8  0.0  0.0  0.0  0.0  0.0  0.0  0.0  0.0  0.0  0.0  0.0  0.0  0.0  0.0
  0.0  0.0  0.0  0.0  0.0  0.9  0.9  0.0  0.5  0.0  0.0  0.0  0.0  0.0  0.0
  0.0  0.5  0.5  0.9  0.0  0.0  0.0  0.9  0.0  0.0  0.0  0.0  1.4  0.5  0.0
  1.9  0.5  0.0  2.3  1.9  0.9  2.8  1.9  0.0  0.0  0.0  0.0  0.0  0.0  0.0
  0.0  0.0  0.0  0.0  0.0  0.0  0.0  4.7  2.8  1.9  8.4 10.8  4.2  3.3 11.7
  3.7  4.7  0.5  0.9  0.5  3.3  0.5 15.5  3.7  6.1  0.0  3.3  7.0  3.3  0.0
     -9.72     -1.11      4.37     -2.86      1.97  0.9  0.0  0.0  0.0  0.0
                                         4000_story_1446.txt 35.0  4.4 2814
 12.8  3.6  0.7 54.7  7.5  0.7  2.1  3.2 50.8  8.2  2.8  0.4  1.1  5.3  1.8
  1.8  0.4  5.3 26.7  0.7  0.7238.1114.4 50.5 50.8 32.3 10.7  5.3  3.9  2.8
  1.8  6.4 39.1  4.3  5.0 36.2  8.2 10.3  0.7  3.6  2.1  2.1  5.7  5.0  1.4
  1.4  7.1  2.5  2.1  1.1 17.8 44.1  7.8  1.1  8.5 72.1 90.6  2.5123.0  7.1
  2.1  0.0  0.0  0.0  0.0  0.0  0.0  0.0  0.0  0.0  0.0  0.0  0.0  0.0  0.0
  0.0  0.0  0.0  2.8  0.0  1.4  1.4  0.0  0.0  0.0  0.0  0.0  0.0  0.0  0.0
  0.0  1.1  0.7  1.1  0.0  0.4  0.0  0.0  0.0  0.4  0.0  0.0  2.1  0.7  0.0
  5.7  0.0  0.0  5.7  2.8  0.4  3.6  2.8  0.0  0.0  0.0  0.0  0.0  0.0  0.0
  0.0  0.0  0.4  0.0  0.0  0.0  0.4  9.2  1.8  3.6  8.9 14.2  7.8  3.6  5.0
  0.4  3.2  0.7  1.8  0.4  2.1  1.4 18.8 11.7 14.6  0.7  3.6  7.1  2.8  0.0
     -0.59      0.42      6.65     -0.44      2.23  0.0  0.7  0.0  0.0  0.0
                                         4000_story_1474.txt 32.5  4.5 3376
  7.4  1.8  1.2 35.2  4.7  0.3  1.2  1.5  9.5  8.6  1.8  0.3  0.3  4.1  0.6
  1.5  0.3  5.6 16.6  0.0  0.6239.3120.9 58.4 60.4 63.4 20.1  4.1  3.3  3.0
  3.6  4.7 34.1  6.2  4.4 36.7  9.8  4.1  0.0  2.7  1.8  3.0  5.6  7.7  1.2
  0.3  5.0  2.7  1.8  2.1 11.6 29.3  9.2  0.3  9.8 89.8 77.6  1.8113.7  8.6
  2.7  0.0  0.0  0.0  0.0  0.0  0.0  0.0  0.0  0.0  0.0  0.0  0.0  0.0  0.0
  0.0  0.0  0.0  1.8  0.9  1.2  1.8  0.0  0.3  0.0  0.0  0.0  0.0  0.6  0.6
  0.3  0.0  0.9  1.5  0.3  0.0  0.0  0.0  0.0  0.0  0.6  0.3  0.6  0.9  0.0
  5.6  0.3  0.6  6.5  3.3  0.3  3.6  2.4  0.0  0.0  0.0  0.0  0.0  0.0  0.0
  0.3  0.0  0.0  0.0  0.0  0.0  0.0 10.7  2.7  3.6 12.4 18.7  2.1  4.7  8.6
  1.8  3.0  3.3  1.5  0.9  0.3  0.6 21.3  7.4 11.3  0.3  2.1  7.1  2.1  0.0
    -10.36      3.72      6.55     -2.37      2.06  0.0  0.0  0.0  0.0  0.0
                                         4000_story_1479.txt 33.0  4.5 2284
 11.4  2.6  0.4 62.2  3.1  0.9  3.1  6.1 33.7 14.9  2.2  0.9  0.0  4.4  0.9
  4.4  0.9  2.6 28.9  1.3  2.6213.7121.7 52.1 39.8 42.0 13.1  7.4  3.9  1.8
  3.1  2.2 32.0  3.9  3.9 41.2 18.4  7.0  0.4  1.3  3.1  4.8  8.3  6.6  0.4
  0.0  4.8  7.4  2.6  4.4 12.7 38.1  7.0  2.2  8.8 83.2 78.8  1.8119.1  4.4
  1.8  0.0  0.0  0.0  0.0  0.0  0.0  0.0  0.0  0.0  0.0  0.0  0.0  0.0  0.0
  0.0  0.0  0.0  1.8  3.1  1.3  3.9  1.8  0.0  0.4  0.0  0.0  0.0  0.0  0.4
  1.8  0.0  3.1  1.3  0.4  0.4  1.8  0.0  0.0  0.4  0.4  0.0  3.1  1.3  0.0
 10.1  2.2  0.0 12.3  6.6  2.6  9.6  4.8  0.0  0.0  0.0  0.0  0.0  0.0  0.0
  0.9  0.4  0.4  0.0  0.0  0.4  0.0  5.7  4.4  3.5 15.3  7.0  1.8  9.2  4.4
  4.4  3.9  3.9  0.4  1.3  1.8  0.4 17.5 13.6 17.5  3.1  3.9  5.3  0.9  0.0
      1.93      1.36      5.36     -0.81      2.90  1.8  0.0  0.0  0.0  0.0
                                         4000_story_1480.txt 34.3  4.5 3197
  4.1  3.1  0.6 37.8  5.6  0.0  2.5  2.2 19.7 11.3  1.3  0.3  0.3  3.8  0.3
  0.3  2.2  4.7 28.2  0.0  1.6235.2126.1 58.8 49.7 43.2 16.0  3.8  3.1  2.5
  2.2  3.1 40.7  5.9  5.0 32.2 11.6  2.5  0.3  3.1  1.6  0.9  4.7 10.0  1.9
  3.1  9.7  3.4  1.9  2.2  8.8 44.4 15.0  2.2  7.8 93.5 68.5  2.5107.9  6.6
  1.9  0.3  0.0  0.0  0.0  0.0  0.0  0.0  0.0  0.0  0.0  0.0  0.0  0.0  0.0
  0.0  0.0  0.0  1.6  1.3  1.6  2.8  0.6  0.0  0.3  0.0  0.0  0.0  0.0  0.3
  0.3  0.3  0.6  2.2  0.0  0.9  0.0  0.0  0.0  0.3  0.3  0.0  1.3  1.3  0.0
  7.2  0.9  0.0  8.1  3.8  0.9  5.0  2.8  0.0  0.0  0.0  0.0  0.0  0.0  0.0
  0.0  0.3  0.3  0.0  0.0  0.3  0.0  9.1  7.2  2.5 13.1 16.6  0.6  5.3  1.6
  4.7  0.6  2.8  0.3  0.6  1.6  0.3 14.1  7.8  8.8  1.6  3.1  8.8  3.4  0.0
     -4.47      1.59      5.04     -3.37      3.28  1.3  0.3  0.0  0.0  0.0
                                         4000_story_1483.txt 34.8  4.5 3496
  9.7  2.0  0.6 74.4  4.9  0.6  1.4  2.9 12.0 12.0  3.4  0.6  0.9  1.4  1.4
  0.9  0.6  4.6 28.6  0.3  1.1226.3119.9 49.5 17.7 81.5 10.3  1.1  1.4  1.4
  1.4  4.0 34.0  4.3  7.4 47.8 10.0  9.4  0.3  2.6  4.0  2.9 10.3  9.7  1.4
  0.9  6.3  3.4  3.7  5.4 18.0 42.0 12.0  0.9  4.3 85.8 98.4  2.9109.3  6.6
  2.0  0.3  0.0  0.0  0.0  0.0  0.0  0.0  0.0  0.0  0.0  0.0  0.0  0.0  0.0
  0.0  0.0  0.0  0.3  2.3  1.1  1.4  0.6  0.0  0.3  0.0  0.0  0.0  0.6  0.0
  0.3  1.1  0.3  0.6  0.3  0.6  0.6  0.0  0.0  0.3  0.0  0.0  3.4  1.4  0.0
  5.1  0.9  0.6  6.6  2.3  1.4  4.0  4.9  0.0  0.0  0.0  0.0  0.0  0.0  0.0
  0.0  0.0  0.3  0.0  0.0  0.0  0.0 13.7  3.7  3.7 13.4 15.7  2.3 10.6  3.7
  3.7  2.9  1.1  0.3  2.3  3.1  1.4 20.0  6.3 12.6  1.4  3.4  5.1  1.7  0.0
     -4.16      0.67      1.55     -0.04      5.66  1.1  0.0  0.0  0.3  0.0
                                         4000_story_1487.txt 31.3  4.3 4949
 10.9  2.2  0.0 42.2 10.9  0.2  1.4  3.0 18.4  6.7  1.0  0.4  0.8  1.6  0.0
  1.0  0.2  5.7 29.3  0.6  2.2248.1121.4 40.0 57.6 59.6 10.7  3.4  2.6  2.6
  1.0  2.0 29.9  4.8  4.0 31.1 15.2  4.6  1.2  1.0  1.2  3.0  4.6  5.3  1.4
  3.4  8.1  5.7  2.8  2.4 11.5 40.8 10.1  0.8  6.3 67.9 88.9  1.2127.1  5.1
  2.4  0.2  0.0  0.0  0.0  0.0  0.0  0.0  0.0  0.0  0.0  0.0  0.0  0.0  0.0
  0.0  0.0  0.0  1.6  1.4  2.4  2.8  0.4  0.0  0.0  0.0  0.6  0.0  0.0  0.8
  0.4  1.8  1.6  2.6  0.0  0.2  0.2  0.0  0.0  0.6  0.0  0.2  3.0  0.4  0.0
  8.3  0.4  0.6  9.3  7.3  0.4  8.3  3.6  0.0  0.0  0.0  0.0  0.0  0.0  0.0
  0.0  0.2  0.0  0.0  0.0  0.0  0.0 16.2  1.8  2.4  9.5 10.7  1.8  7.1  6.3
  3.8  3.8  1.8  0.4  0.2  0.2  0.0 20.8 12.1 16.8  2.2  4.8  7.1  1.2  0.0
     -5.70      1.51      3.23     -2.86      2.27  3.2  0.0  0.0  0.0  0.0
                                         4000_story_1490.txt 28.8  4.1 2191
 12.8  4.1 13.7 52.9 16.0  0.0  2.3  4.6 24.2 18.3  0.5  0.5  0.5 10.5  1.4
  1.4  0.5  5.5  3.2  0.5  2.3218.6 96.3 28.3 81.2 58.4  9.1 13.2  0.0  0.9
  0.0  4.6 20.1  7.3 14.6 39.3  7.3  8.2  1.8  1.4  4.1  1.4  1.4  6.4  0.5
  1.4  2.3  0.0  0.5  3.2 17.8 11.9  8.2  0.9  0.9 54.3 98.6  5.5155.6 13.2
  0.5  0.5  0.0  0.0  0.0  0.0  0.0  0.0  0.0  0.0  0.0  0.0  0.0  0.0  0.0
  0.0  0.0  0.0  2.3  0.9  0.9  0.0  0.9  0.0  0.0  0.0  0.0  0.0  0.0  0.0
  0.0  0.9  0.9  0.0  0.0  0.9  0.0  0.0  0.0  0.0  0.0  0.0  0.0  1.8  0.0
  4.1  0.9  0.0  5.0  1.8  0.9  2.7  1.8  0.0  0.0  0.0  0.0  0.0  0.0  0.0
  0.9  0.9  0.0  0.0  0.0  0.0  1.4 12.8  0.5  0.0  5.9 12.3  2.3 11.4  9.1
  6.8  0.5 11.9  0.0  1.4  0.5  0.0 49.7 20.1 13.7  0.9  1.4  7.3  5.0  0.0
      2.03      3.75     -4.10     -0.93     -1.01  0.0  0.0  0.5  0.0  0.0
                                         4000_story_1515.txt 33.5  4.6 4283
  9.8  1.6  9.8 32.2  6.8  0.5  1.6  1.9 10.3  9.8  0.5  0.2  0.7  2.8  0.2
  0.7  0.9  2.1 17.0  0.5  1.2271.8120.0 60.7 65.1 58.6 10.0  4.0  0.5  1.4
  0.2  5.8 34.8  5.6 10.0 33.2  7.7  6.3  1.2  1.2  0.7  0.5  5.8  5.6  0.7
  3.5  3.3  1.9  1.4  2.1  9.1 27.6  9.8  1.4  2.1104.1 75.6  0.5119.8  7.0
  2.6  0.2  0.0  0.0  0.0  0.0  0.0  0.0  0.0  0.0  0.0  0.0  0.0  0.0  0.0
  0.0  0.0  0.0  0.5  0.5  1.2  1.4  0.5  0.0  0.0  0.0  0.0  0.0  0.0  0.0
  0.5  0.2  0.9  0.2  0.0  0.2  0.2  0.0  0.0  0.0  0.7  0.0  2.6  0.7  0.0
  3.5  0.5  0.0  4.0  1.9  0.5  2.3  4.0  0.0  0.0  0.0  0.0  0.0  0.0  0.0
  0.2  0.5  0.0  0.2  0.0  0.0  0.0  7.2  2.3  1.2 10.7 21.2  2.1  5.6  5.4
  1.9  3.3  1.4  3.0  0.0  0.7  1.2 21.5  5.4 13.5  1.6  1.6  5.1  4.4  0.0
    -10.86      1.69      0.30     -3.68      2.54  1.4  0.0  0.2  0.0  0.0
                                         4000_story_1525.txt 32.5  4.1 2156
 13.9  6.0 20.9 76.5 21.8  0.9  3.7  4.2 32.5 12.5  2.3  0.0  0.5  5.1  0.5
  2.3  0.9  6.0 23.2  0.0  2.8246.8 86.7 32.0 52.9 43.6  5.1 11.6  0.0  0.0
  0.0  2.8 19.0  5.1  9.3 33.4  8.8  6.0  2.3  3.7  3.2  0.0  4.2  1.9  0.0
  2.3  5.6  0.5  2.8  5.6 15.3 35.3  4.2  0.9  0.0 70.5 97.9  5.1139.6  6.5
  1.4  0.0  0.0  0.0  0.0  0.0  0.0  0.0  0.0  0.0  0.0  0.0  0.0  0.0  0.0
  0.0  0.0  0.0  0.9  1.4  1.9  2.8  0.0  0.0  0.0  0.0  0.0  0.0  0.0  0.0
  0.0  1.4  0.0  0.5  0.0  0.5  0.0  0.0  0.0  0.5  0.0  0.0  3.2  0.5  0.0
  7.0  0.0  0.0  7.0  1.9  0.5  2.8  3.7  0.0  0.0  0.0  0.0  0.0  0.0  0.0
  0.5  0.9  0.5  0.0  0.5  0.5  0.5  7.9  4.6  1.9 10.2 14.8  2.8  7.0  4.6
  3.7  3.2  2.3  1.4  1.4  0.0  0.0 30.1 16.2 17.2  1.4  2.3  8.8  3.2  0.0
      5.22      1.08     -2.76     -1.19      0.01  0.9  0.0  0.0  0.0  0.0
                                         4000_story_1533.txt 33.3  4.3 3372
  8.3  1.8  0.9 46.0  7.4  0.0  1.5  1.5  6.8 15.7  0.9  0.0  0.6  2.7  0.3
  1.2  0.6  4.2 21.9  0.0  1.8244.1124.6 45.1 49.5 42.7 11.6  3.0  1.5  1.8
  1.2  5.9 33.2  6.8  8.9 33.5  5.9  5.0  0.6  2.1  1.5  3.3  3.9 11.9  3.9
  3.6  6.2  1.8  1.5  3.6 10.7 36.2 19.3  0.6  4.4 80.7 56.9  0.6115.4  7.7
  4.2  0.3  0.0  0.0  0.0  0.0  0.0  0.0  0.0  0.0  0.0  0.0  0.0  0.0  0.0
  0.0  0.0  0.0  1.5  0.3  0.9  0.9  0.0  0.0  0.3  0.0  0.0  0.3  0.3  0.0
  0.3  0.3  0.9  0.0  0.0  0.3  0.0  0.0  0.0  1.5  0.3  0.3  2.4  0.6  0.0
  3.6  0.3  0.6  4.4  1.5  0.3  3.3  3.6  0.0  0.0  0.0  0.0  0.0  0.0  0.0
  0.6  0.6  0.3  0.0  0.0  0.0  0.0  8.0  4.7  2.7 15.1 24.0  2.1  8.6 22.8
  2.1  4.2  3.0  1.5  1.2  0.6  0.9 21.9  9.2 13.0  0.9  2.4  8.6  3.0  0.0
     -7.62      0.57      1.85     -2.26      4.69  0.9  0.0  0.6  0.3  0.0
                                         4000_story_1557.txt 32.8  4.2 4368
 11.0  4.3 17.9 59.1 21.3  1.1  2.1  1.1 30.2  8.5  2.3  0.0  0.0  3.2  0.2
  0.5  1.1  3.9 21.7  0.5  2.1263.5110.1 31.6 69.4 49.2 11.9 10.8  0.2  1.1
  0.0  2.1 26.6  5.5 10.1 31.1  6.6  7.3  1.1  3.4  1.8  1.1  3.7  8.0  1.4
  2.1  5.0  1.8  1.1  3.0 13.0 32.3 11.4  1.6  1.4 60.9100.7  1.6140.8  3.0
  3.9  0.0  0.0  0.0  0.0  0.0  0.0  0.0  0.0  0.0  0.0  0.0  0.0  0.0  0.0
  0.0  0.0  0.0  3.2  0.5  2.3  0.5  0.0  0.0  0.0  0.0  0.0  0.0  0.2  0.5
  0.2  0.5  0.9  0.2  0.0  0.2  0.0  0.0  0.0  0.2  0.0  0.2  1.6  0.9  0.0
  6.4  0.0  0.2  6.6  2.3  0.2  2.7  2.7  0.0  0.0  0.0  0.0  0.0  0.0  0.0
  0.0  0.2  0.2  0.0  0.0  0.2  0.0 13.5  3.0  1.8  8.5 14.2  2.5  7.3  3.9
  3.9  1.4  3.9  0.9  0.5  1.1  0.0 25.9 16.9 13.5  1.1  2.7  8.0  4.1  0.0
     -1.92      3.02     -2.01     -1.60      1.60  0.0  0.0  0.0  0.0  0.2
                                         4000_story_1595.txt 35.5  4.4 2782
  7.9  4.0 10.4 39.5  7.2  1.1  2.5  2.2 14.0  6.8  0.7  0.4  1.1  5.0  0.7
  0.7  0.4  3.6 18.3  1.1  1.4267.1119.0 49.2 68.7 54.3  9.3  7.9  0.0  0.7
  1.1  4.3 29.8  6.5  9.0 36.7 12.2  6.1  1.4  1.8  0.4  1.4  5.4  7.2  1.4
  4.0  4.0  0.7  1.1  2.9 10.1 28.8 12.6  1.4  1.8 74.4 75.5  1.4132.6  7.5
  4.7  0.0  0.0  0.0  0.0  0.0  0.0  0.0  0.0  0.0  0.0  0.0  0.0  0.0  0.0
  0.0  0.0  0.0  2.2  0.0  1.4  1.1  0.0  0.0  0.0  0.0  0.0  0.0  0.0  0.4
  0.4  1.4  0.7  0.4  0.0  0.0  0.0  0.0  0.0  0.4  0.4  0.0  2.2  0.4  0.0
  4.7  0.0  0.0  4.7  3.2  0.0  3.6  2.9  0.0  0.0  0.0  0.0  0.0  0.0  0.0
  0.7  1.8  0.0  0.0  0.4  0.0  0.0  7.9  4.7  0.4  8.3 12.6  0.7  9.7  8.6
  2.5  1.8  3.2  0.7  0.4  1.1  0.7 35.2 10.8 12.6  0.7  3.6  5.4  4.0  0.0
     -6.60      2.20     -0.59     -3.12      3.21  1.1  0.0  0.0  0.0  0.0
                                         4000_story_1596.txt 34.5  4.3 3177
 12.0  3.8 29.0 76.2 15.7  1.9  4.4  1.9 27.7  6.6  3.1  0.6  1.6  2.8  0.9
  1.6  1.3  2.2 13.8  0.6  1.9266.3109.5 33.7 52.3 42.5  9.8  9.8  0.3  1.9
  0.6  3.1 31.5  4.4  9.4 37.5 13.2 16.7  1.3  3.8  0.9  2.5  3.5  5.4  0.3
  1.6  4.4  1.3  0.3  2.8 19.8 25.8  7.2  1.9  2.8 55.7 85.9  2.5145.4  8.2
  2.2  0.0  0.0  0.0  0.0  0.0  0.0  0.0  0.0  0.0  0.0  0.0  0.0  0.0  0.0
  0.0  0.0  0.0  1.6  0.6  1.6  1.3  0.6  0.0  0.0  0.3  0.0  0.0  0.3  0.3
  0.0  1.9  1.6  0.6  0.0  0.3  0.9  0.0  0.0  0.6  0.3  0.3  3.1  0.3  0.0
  5.0  0.6  0.6  6.3  4.4  1.3  6.3  4.1  0.0  0.0  0.0  0.0  0.0  0.0  0.0
  0.9  1.9  0.6  0.0  0.0  0.0  0.9  9.8  4.1  3.5  9.1 12.9  4.4  4.4 10.1
  4.4  1.9  3.8  0.6  0.0  1.3  0.0 31.5 16.7 21.1  1.9  2.2  6.3  3.5  0.0
     -1.03      1.56     -0.14      0.95      0.10  1.6  0.0  0.3  0.3  0.0
                                         4000_story_1634.txt 33.0  4.1 3846
 14.8  6.5 13.0 62.1 12.5  1.3  3.9  1.8 57.5 15.6  1.3  0.3  0.5  4.9  0.3
  0.8  0.5  3.4 23.4  1.0  0.8246.2108.2 32.5 64.5 49.1 10.1  9.9  0.0  0.5
  1.3  2.1 22.1  7.3  7.8 34.8  7.3  5.5  2.1  1.3  2.6  0.8  4.4  3.4  0.3
  1.3  4.7  4.4  1.0  4.7 11.4 31.7  4.9  1.6  1.8 64.2119.1  3.6139.4  6.0
  4.4  0.0  0.0  0.0  0.0  0.0  0.0  0.0  0.0  0.0  0.0  0.0  0.0  0.0  0.0
  0.0  0.0  0.0  4.7  1.6  3.1  1.3  0.3  0.0  0.0  0.0  0.0  0.0  0.3  0.3
  0.3  0.3  1.0  0.3  0.0  0.3  0.3  0.0  0.0  0.0  0.3  0.3  1.6  0.5  0.0
 10.7  0.3  0.3 11.2  2.1  0.5  2.6  2.6  0.0  0.0  0.0  0.0  0.0  0.0  0.0
  0.3  1.0  0.0  0.0  0.0  0.0  0.8  7.5  2.3  0.8  9.6 15.9  1.6  6.0  5.5
  1.3  1.3  4.7  0.8  0.3  0.0  0.8 21.6 17.2 18.5  1.6  2.3  6.5  2.6  0.0
      2.14      2.36     -1.63     -2.49      0.27  0.5  0.0  0.0  0.0  0.0
                                         4000_story_1637.txt 31.8  4.4 4811
 15.0  4.2 10.0 54.0 14.5  1.7  2.1  2.1 29.1 12.9  1.0  0.0  0.4  3.5  1.0
  1.5  0.8  4.2 16.4  0.4  1.9263.1 99.4 49.7 68.4 47.4  8.1  8.5  0.6  2.1
  0.6  3.7 35.5  2.5  5.2 34.7 11.4  8.3  0.4  1.7  1.5  1.9  2.9  8.5  0.2
  3.1  3.9  2.5  1.9  4.2 13.9 25.8 11.8  1.2  3.3 85.8 91.0  2.1140.9  6.4
  2.1  0.0  0.0  0.0  0.0  0.0  0.0  0.0  0.0  0.0  0.0  0.0  0.0  0.0  0.0
  0.0  0.0  0.0  1.7  0.8  2.7  2.7  1.2  0.0  0.0  0.0  0.0  0.0  0.0  0.6
  0.4  2.7  1.2  1.0  0.0  0.4  1.0  0.0  0.0  0.4  0.4  0.0  3.1  0.8  0.0
  7.9  1.2  0.0  9.1  6.0  1.5  7.9  4.4  0.0  0.0  0.0  0.0  0.0  0.0  0.0
  0.8  0.6  0.2  0.0  0.0  0.0  0.2  6.9  4.4  2.1 11.6 13.9  2.7  8.1  5.0
  3.5  2.1  6.4  1.5  1.2  1.9  0.4 30.6 15.2 20.0  3.5  2.3 10.6  3.3  0.0
     -3.13      1.77      2.59     -2.29      0.65  0.4  0.0  0.2  0.0  0.0
                                         4000_story_1652.txt 34.3  4.1 2108
  8.5  5.2 13.3 57.4 13.3  1.9  0.9  4.3 19.9 20.4  2.8  0.5  1.4  3.3  1.4
  2.4  2.4  5.2 17.1  1.4  1.9220.1104.4 37.5 70.2 57.9 12.3  7.1  0.5  0.0
  1.9  4.3 19.9  7.6  9.5 43.2  6.6  7.1  0.9  1.4  2.4  1.9  4.7 10.0  0.5
  2.8  5.7  1.9  1.9  4.3 14.7 28.9 13.3  3.8  2.4 65.0 91.1  4.3143.7  7.1
  3.8  0.0  0.0  0.0  0.0  0.0  0.0  0.0  0.0  0.0  0.0  0.0  0.0  0.0  0.0
  0.0  0.0  0.0  3.3  0.0  1.9  1.9  0.9  0.0  0.0  0.0  0.0  0.0  0.0  0.0
  0.5  0.5  0.9  0.5  0.0  0.9  0.0  0.0  0.5  0.0  0.0  0.5  2.8  0.5  0.0
  7.1  0.9  0.0  8.1  2.4  1.4  3.8  3.8  0.0  0.0  0.0  0.0  0.0  0.0  0.0
  0.5  0.9  0.0  0.0  0.0  0.0  0.5  4.3  5.2  0.9  7.6 24.2  1.9  7.6  0.9
  3.8  0.5  1.9  0.9  0.9  0.5  0.0 38.4  9.5 13.3  3.8  2.8 14.2  3.3  0.0
      5.49      2.84     -1.47     -2.07      2.13  1.4  0.0  0.5  0.0  0.0
                                         4000_story_1659.txt 35.0  4.1 2339
  7.3  3.8 23.5 56.0 12.4  1.3  1.7  3.8 24.8  9.4  1.7  0.0  2.6  1.3  0.4
  1.3  2.6  2.6 16.2  0.4  2.6251.8105.6 47.9 62.8 47.5  5.6 10.3  0.4  1.3
  1.3  7.7 20.5  5.1 13.3 35.9  7.3  9.4  1.3  2.1  0.4  0.9  4.3  8.6  0.4
  1.3  4.3  0.4  0.9  0.9 12.4 30.4 10.3  3.0  3.0 85.5 84.7  1.3136.0 11.5
  3.0  0.0  0.0  0.0  0.0  0.0  0.0  0.0  0.0  0.0  0.0  0.0  0.0  0.0  0.0
  0.0  0.0  0.0  2.1  0.0  1.7  1.3  0.0  0.0  0.0  0.0  0.0  0.0  0.4  0.0
  0.4  2.1  0.9  0.4  0.0  0.0  0.0  0.0  0.0  0.0  0.0  0.0  0.9  0.9  0.0
  5.1  0.0  0.4  5.6  3.8  0.0  3.8  1.7  0.0  0.0  0.0  0.0  0.0  0.0  0.0
  0.4  0.4  0.4  0.0  0.4  0.0  0.4 17.1  0.9  0.4  8.6 18.4  2.6  4.3  7.3
  2.1  5.1  0.9  2.1  0.9  0.0  0.4 33.3 13.7 13.7  2.1  1.7  4.3  0.9  0.0
     -0.99      1.42     -0.10     -2.43      1.08  0.0  0.0  0.0  0.0  0.0
                                         4000_story_1696.txt 34.5  4.1 1981
 18.2  5.6 17.7 77.7 18.2  1.5  2.0  4.0 23.2 13.6  1.0  1.0  1.0  5.6  0.5
  1.5  1.5  8.6 16.7  1.5  2.0234.7 96.9 39.9 53.0 48.5  9.6  9.6  1.0  0.5
  0.0  2.0 14.6  4.0  6.1 32.3 10.6 11.6  0.0  2.5  3.0  2.5  4.0  7.1  0.0
  1.5  4.0  2.5  0.5  5.0 23.2 26.2  8.6  3.0  1.5 83.3 89.9  5.0145.4  6.1
  1.5  0.0  0.0  0.0  0.0  0.0  0.0  0.0  0.0  0.0  0.0  0.0  0.0  0.0  0.0
  0.0  0.0  0.0  4.5  0.0  2.0  3.5  0.0  0.0  0.0  0.0  0.0  0.0  0.0  1.0
  0.0  0.0  2.0  0.5  0.0  0.0  0.0  0.5  0.0  0.5  0.0  0.0  3.5  0.0  0.0
 10.1  0.0  0.0 10.1  3.5  0.5  4.5  3.5  0.0  0.0  0.0  0.0  0.0  0.0  0.0
  0.5  1.0  0.0  0.0  0.0  0.0  0.0  3.5  2.0  1.0  7.1 15.1  0.0  7.1 10.1
  3.0  1.5  4.5  3.0  0.5  0.5  0.0 38.9 13.1 24.2  0.5  2.0 11.1  1.5  0.0
      6.27      1.79     -1.19     -0.24      0.46  1.0  0.0  0.0  0.0  0.0
                                         4000_story_1707.txt 34.0  4.4 4100
 12.2  5.4 20.7 73.9 14.6  1.2  2.7  2.2 36.3 18.3  1.7  0.2  2.4  4.1  0.0
  0.5  0.7  4.9 13.9  1.2  1.5278.5117.3 33.2 42.7 23.2 13.2 12.9  1.7  2.2
  0.2  1.7 41.0  2.4 11.0 35.1  8.8  7.8  1.2  2.9  2.9  2.7  4.6  7.3  1.2
  2.2  2.9  1.5  2.2  2.2 15.6 21.7 10.7  2.0  4.1 55.9 74.1  2.9128.8  5.6
  7.1  0.2  0.0  0.0  0.0  0.0  0.0  0.0  0.0  0.0  0.0  0.0  0.0  0.0  0.0
  0.0  0.0  0.0  2.9  0.0  2.4  1.2  0.0  0.0  0.2  0.0  0.0  0.0  0.5  0.2
  0.0  0.7  1.5  0.2  0.0  0.7  0.0  0.0  0.0  0.0  0.7  0.2  2.7  0.5  0.0
  6.6  0.2  0.5  7.3  2.7  0.7  3.4  4.1  0.0  0.0  0.0  0.0  0.0  0.0  0.0
  0.5  1.5  0.0  0.2  0.0  0.0  0.0 12.9  3.9  3.2 11.7 16.8  4.4  5.6  5.6
  2.2  1.5  1.2  1.5  1.5  1.0  0.5 24.6 20.0 14.9  1.5  2.0  7.6  2.7  0.0
     -0.76      1.63      0.85     -0.56      2.02  1.5  0.0  0.0  0.0  0.0
                                         4000_story_1719.txt 35.0  3.9 2217
 16.2  9.9 23.9 77.1 20.7  2.7  2.3  3.2 50.1 11.7  2.3  1.8  0.9  6.8  0.9
  0.5  1.4  3.2 13.5  0.5  2.3236.8119.1 27.1 56.4 26.2  7.7 13.1  0.0  0.5
  0.5  2.7 24.4  4.5  7.7 34.3  9.5  8.6  1.4  3.6  0.9  1.4  2.3  7.2  0.5
  2.3  2.3  1.8  0.5  2.3 12.6 23.9  9.9  1.8  0.9 49.2 97.0  1.8144.8  6.3
  6.3  0.0  0.0  0.0  0.0  0.0  0.0  0.0  0.0  0.0  0.0  0.0  0.0  0.0  0.0
  0.0  0.0  0.0  7.2  1.4  1.8  1.8  0.9  0.0  0.0  0.0  0.0  0.0  0.0  0.0
  0.5  1.4  0.9  0.5  0.0  0.5  0.5  0.0  0.0  0.5  0.0  0.0  6.3  1.4  0.0
 12.2  0.9  0.0 13.1  3.2  0.9  4.5  7.7  0.0  0.0  0.0  0.0  0.0  0.0  0.0
  1.4  1.8  0.0  0.0  0.0  0.5  0.9  9.9  4.5  0.5 11.3 18.5  4.5  9.9  5.0
  3.6  1.8  1.8  0.9  1.4  0.0  0.0 31.6 18.5 22.6  0.5  3.6  8.1  2.3  0.0
      6.47      1.19     -1.19     -1.52     -0.05  1.4  0.0  0.0  0.0  0.0
                                         4000_story_1757.txt 32.3  3.9 3365
 19.6 11.6 12.8 53.8 10.4  0.9  3.6  5.3 78.2 33.0  2.7  0.3  0.9  5.6  0.0
  2.7  0.9  4.8 33.0  0.9  3.6178.0 96.9 21.1 98.7 47.0 10.4 17.2  1.2  0.6
  0.0  2.4 22.0  6.8  9.8 41.3 12.2 10.7  1.8  2.7  3.6  2.1 10.1  5.3  0.6
  0.6  7.4  3.3  2.7  5.1 19.0 45.8  6.5  1.8  1.8 47.5135.5  3.9163.2  7.7
  2.1  0.3  0.0  0.0  0.0  0.0  0.0  0.0  0.0  0.0  0.0  0.0  0.0  0.0  0.0
  0.0  0.0  0.0  8.0  1.2  3.0  3.3  0.3  1.8  0.0  0.0  0.0  0.3  0.0  0.6
  0.6  1.8  0.3  0.9  1.5  0.0  0.3  0.0  0.0  0.0  0.0  0.0  4.5  0.9  0.0
 15.5  2.1  0.3 17.8  4.2  1.8  5.9  5.3  0.0  0.0  0.0  0.0  0.0  0.0  0.0
  1.5  0.6  0.0  0.0  0.0  0.3  0.9 11.6  1.8  4.2  9.2 27.3  0.9  6.8  5.9
  0.6  0.9  1.5  0.0  1.2  2.4  0.0 41.6 23.5 26.7  2.4  2.1  7.1  5.3  0.0
     15.77      4.80     -2.81      0.26      4.15  2.4  0.0  0.0  0.3  0.0
                                         4000_story_1761.txt 31.8  4.3 4298
 14.2  4.2  9.1 47.5  6.3  0.5  4.2  2.1 44.2 17.9  0.7  0.2  1.4  5.1  0.7
  4.9  0.7  6.5 27.0  0.9  1.9191.7113.8 29.1 83.8 63.5 12.3  8.1  2.3  3.5
  1.2  2.1 30.2  8.4  7.7 45.6 11.6  5.4  2.1  3.3  3.3  2.1  9.1  6.0  0.7
  2.3  8.6  3.7  2.8  4.2 15.1 41.2  9.1  1.6  7.0 57.9114.0  5.1148.2 11.2
  2.3  0.5  0.0  0.0  0.0  0.0  0.0  0.0  0.0  0.0  0.0  0.0  0.0  0.0  0.0
  0.0  0.0  0.0  2.3  1.4  1.9  3.7  0.7  0.0  0.0  0.0  0.2  0.0  0.5  0.0
  0.2  1.4  2.3  0.5  0.5  0.5  0.0  0.0  0.0  0.7  0.0  0.0  5.6  1.9  0.0
  9.3  0.7  0.7 10.7  4.4  0.9  6.0  7.4  0.0  0.0  0.0  0.0  0.0  0.0  0.0
  0.2  0.7  0.0  0.0  0.2  0.0  0.9 11.4  6.0  3.7 15.6  5.8  1.6  5.8  3.5
  3.3  2.6  0.5  0.2  0.5  0.9  0.5 33.3 15.4 19.8  1.6  3.7  5.4  3.7  0.0
      5.71      3.73      0.78     -0.79      4.25  1.4  0.0  0.0  0.5  0.0
                                         4000_story_1764.txt 30.3  4.1 2761
 16.7  5.8 11.2 75.3 21.0  1.1  4.3  5.4 55.1 22.5  1.1  1.8  0.4  4.3  1.1
  4.3  1.8  8.0 34.4  0.7  1.4173.1103.9 33.0 59.4 32.6 10.5 11.6  1.1  4.0
  0.0  2.5 32.6  5.4  5.1 41.7  9.1  5.4  2.5  4.3  5.1  4.3  4.0  5.4  0.4
  0.0  6.5 10.1  2.9  6.2 18.5 49.6  5.8  2.5  5.1 63.4108.7  5.1138.4  4.7
  1.4  0.4  0.0  0.0  0.0  0.0  0.0  0.0  0.0  0.0  0.0  0.0  0.0  0.0  0.0
  0.0  0.0  0.0  5.4  2.5  3.3  5.1  1.1  0.0  0.0  0.0  0.0  0.0  0.7  0.7
  0.0  2.2  0.4  1.1  0.0  0.4  0.7  0.0  0.0  0.4  0.7  0.0  5.1  2.2  0.0
 16.3  1.1  0.7 18.1  4.3  1.1  5.8  8.0  0.0  0.0  0.0  0.0  0.0  0.0  0.0
  0.7  0.4  0.7  0.0  0.0  0.0  1.1 15.2  6.9  2.2 13.0  8.0  2.9  6.9  4.7
  0.4  3.6  1.8  0.4  3.6  0.7  0.4 25.4 19.2 21.0  0.7  1.4  7.6  3.6  0.0
     15.14      1.84      1.40      1.63     -0.03  0.0  0.4  0.0  0.4  0.0
                                         4000_story_1770.txt 30.0  4.2 2945
 10.9  5.4 17.3 45.8 10.2  2.0  2.4  8.5  6.8 24.4  0.3  1.7  1.4  7.5  0.7
  4.8  2.7  4.1 54.0  1.7  2.7194.6 77.1 28.9 90.3 71.0 10.2 10.9  0.0  0.3
  0.0  2.0 13.6 15.3  9.8 50.9 16.0  8.1  2.0  2.4  2.0  1.0 13.9  4.4  0.0
  2.0  7.8  2.7  2.4  5.1 14.3 67.9  6.5  4.4  0.3 56.7 87.9  4.4155.2  6.8
  3.7  0.3  0.0  0.0  0.0  0.0  0.0  0.0  0.0  0.0  0.0  0.0  0.0  0.0  0.0
  0.0  0.0  0.0  4.8  1.0  1.0  1.7  0.3  0.3  0.0  0.0  0.0  0.0  0.0  0.3
  0.7  2.0  3.1  1.0  0.3  0.7  0.7  0.0  0.0  0.0  0.0  0.0  3.1  1.0  0.0
  8.5  0.7  0.0  9.2  7.1  1.7  8.8  4.1  0.0  0.0  0.0  0.0  0.0  0.0  0.0
  1.0  0.7  1.4  0.0  0.3  0.0  2.0 20.7  0.7  0.3  4.1 12.2  2.0  9.2  4.4
  3.1 14.3  3.7  0.0  0.3  1.4  0.3 42.1 20.4 17.7  1.7  2.0  6.1  7.1  0.0
     20.36      4.37     -7.31     -1.55      6.40  0.3  0.0  0.0  0.0  0.0
                                         4000_story_1779.txt 29.0  4.2 4142
  7.7  2.2  1.0 36.5  3.9  0.5  1.9  1.9 16.2  9.7  0.7  1.0  0.0  4.3  0.2
  1.7  0.7  3.4 30.9  0.5  0.7235.9122.2 31.1 75.1 86.4  9.7  3.9  4.8  5.8
  0.2  3.9 24.4  6.8  7.0 25.6 15.7  3.6  1.2  2.2  2.2  3.6  1.0 10.6  1.2
  1.4  7.5  3.9  1.7  1.9  9.2 45.4 13.3  1.2 10.9 57.7106.5  3.6130.6  3.6
  1.2  0.5  0.0  0.0  0.0  0.0  0.0  0.0  0.0  0.0  0.0  0.0  0.0  0.0  0.0
  0.0  0.0  0.0  2.4  1.4  1.7  2.2  0.7  0.2  0.0  0.0  0.0  0.0  0.2  0.7
  1.4  1.4  2.2  1.0  0.0  1.2  1.0  0.0  0.0  0.7  0.2  0.0  2.7  0.0  0.0
  7.7  1.0  0.2  8.9  6.8  2.2  9.7  2.9  0.0  0.0  0.0  0.0  0.0  0.0  0.0
  0.2  0.2  0.0  0.0  0.0  0.0  0.2 20.3  7.0  3.1 10.4  6.8  2.9  5.6  2.9
  1.4  3.1  1.2  4.8  0.2  0.7  0.5 34.8 12.6 12.8  1.4  3.1  4.8  3.9  0.0
     -3.71      3.16      4.61     -1.88     -0.02  1.0  0.7  0.2  0.0  0.0
                                         4000_story_1796.txt 29.3  4.0 2613
 18.0  7.7 33.3 94.5 23.7  3.1  1.9  5.0 35.6 19.1  1.5  1.1  0.4  4.6  0.0
  0.4  2.7 11.5 25.3  2.7  3.4204.4 93.8 23.7 54.7 60.8 11.1  9.2  1.9  3.8
  0.0  1.1 20.7  4.6  7.3 36.0 16.5 12.2  1.1  8.8  5.0  2.7  7.7  2.7  0.4
  2.3  5.0  2.7  0.8  1.9 28.7 41.3  5.4  5.4  5.7 49.8120.2  3.4164.2 10.0
  2.3  0.0  0.0  0.0  0.0  0.0  0.0  0.0  0.0  0.0  0.0  0.0  0.0  0.0  0.0
  0.0  0.0  0.0  1.9  1.5  1.1  5.7  0.4  0.0  0.0  0.0  0.0  0.4  0.0  0.0
  0.0  2.7  1.1  1.5  0.0  0.8  0.4  0.0  0.0  1.9  0.0  0.0  2.7  0.0  0.0
 10.3  0.4  0.4 11.1  5.4  1.1  8.4  2.7  0.0  0.0  0.0  0.0  0.0  0.0  0.0
  0.8  0.4  0.0  0.0  0.0  0.0  0.8 13.4  3.1  0.4 14.5 19.9  1.9  2.7  8.0
  0.4  1.5  2.3  0.0  0.8  1.1  0.0 38.3 15.3 25.3  4.2  1.5 10.3  4.2  0.0
     17.36      2.61      0.38      4.12      2.60  0.4  0.4  0.0  0.0  0.0
                                         4000_story_1797.txt 30.8  4.2 3190
 10.7  1.9  0.3 21.6  2.5  0.0  2.2  0.9  2.5  7.5  0.0  0.9  0.3  2.5  0.0
  1.9  0.3  3.4 32.9  0.6  1.6220.1130.7 32.9 84.6101.6 12.2  3.1  3.1  6.6
  0.0  2.5 22.9  9.4  9.1 27.0 18.2  1.9  0.9  0.6  2.2  3.1  3.1 14.7  2.2
  1.3  7.8  2.5  0.6  2.2  7.5 44.8 18.2  0.9  9.7 54.9106.6  2.5128.8  3.1
  2.8  0.3  0.0  0.0  0.0  0.0  0.0  0.0  0.0  0.0  0.0  0.0  0.0  0.0  0.0
  0.0  0.0  0.0  1.6  1.9  2.2  1.6  0.0  0.3  0.0  0.0  0.0  0.0  0.0  0.6
  0.6  1.6  2.2  1.6  0.0  1.6  0.0  0.0  0.0  1.9  0.0  0.0  2.8  1.3  0.0
  7.2  0.3  0.0  7.5  6.6  1.6 10.0  4.1  0.0  0.0  0.0  0.0  0.0  0.0  0.0
  0.0  1.3  0.9  0.0  0.0  0.0  0.3 11.9  3.1  0.3 11.0  3.4  2.2  5.6  6.3
  2.5  1.3  2.2  3.1  0.0  1.9  0.0 33.9  9.7 12.9  2.2  6.0  3.1  5.6  0.0
     -5.96      4.50      1.73     -3.27      2.66  1.3  0.0  0.0  0.0  0.0
                                         4000_story_1799.txt 32.8  4.1 5343
 19.5  7.5 15.5 57.5 10.3  0.9  3.2  4.3 53.0 22.6  1.5  0.6  0.4  4.5  0.7
  3.2  1.1  7.3 37.1  1.9  2.6193.9101.6 31.3 79.0 44.9  9.9  9.0  1.1  1.9
  0.7  2.2 19.3  5.1  9.7 40.1 11.8  6.4  1.1  3.6  4.3  1.9  7.3  3.9  0.6
  2.1 10.1  6.6  2.2  3.7 18.0 53.5  6.6  3.0  3.7 55.6108.2  5.6149.0  6.6
  3.6  0.0  0.0  0.0  0.0  0.0  0.0  0.0  0.0  0.0  0.0  0.0  0.0  0.0  0.0
  0.0  0.0  0.0  3.9  0.7  4.1  4.3  0.2  0.0  0.0  0.2  0.0  0.2  0.0  0.0
  0.4  1.5  2.1  0.6  0.0  0.2  0.2  0.0  0.0  0.4  0.2  0.4  3.4  2.1  0.0
 13.1  0.2  0.4 13.7  4.5  0.4  5.2  6.0  0.0  0.0  0.0  0.0  0.0  0.0  0.0
  0.4  1.3  0.0  0.0  0.2  0.0  0.6 11.8  2.1  1.5  9.7  8.2  1.1  7.9  5.1
  3.4  2.2  2.6  0.0  1.9  0.7  0.7 30.9 14.4 29.6  2.4  1.7  6.4  5.1  0.0
     13.24      2.44     -1.16     -0.31      2.63  0.7  0.0  0.0  0.0  0.0
                                         4000_story_1808.txt 33.3  4.5 3187
  8.5  1.3  0.3 23.5  0.0  0.3  1.9  1.9  1.6  8.2  0.6  0.3  0.3  3.5  0.9
  1.3  0.6  4.1 32.6  0.6  1.3260.7143.4 39.2 68.7 56.8  6.9  1.6  1.6  5.3
  0.3  2.8 38.3  6.3  7.8 32.0 10.0  0.9  2.2  1.6  2.2  1.6  1.9 11.3  2.2
  1.3  6.9  2.5  1.9  2.2  7.2 44.2 14.7  1.3  7.2 60.9 58.4  2.8107.3  1.3
  2.2  0.3  0.0  0.0  0.0  0.0  0.0  0.0  0.0  0.0  0.0  0.0  0.0  0.0  0.0
  0.0  0.0  0.0  1.3  0.6  1.9  0.6  0.0  0.0  0.0  0.0  0.0  0.0  0.0  0.3
  0.3  0.9  0.3  0.6  0.0  0.6  0.0  0.0  0.0  0.3  0.0  0.6  1.6  0.3  0.0
  4.4  0.0  0.0  4.4  2.5  0.6  3.5  2.5  0.0  0.0  0.0  0.0  0.0  0.0  0.0
  0.3  0.9  0.0  0.0  0.3  0.0  0.0  7.8  2.5  1.3 11.0 12.6  1.3  3.1 11.0
  5.3  2.2  0.6  1.3  0.9  0.3  0.6 24.5  6.6 12.2  0.9  2.2  2.8  4.4  0.0
     -7.60      0.67      2.63     -3.29      1.36  0.9  0.9  0.3  0.0  0.3
                                         4000_story_1812.txt 33.3  4.4 2479
  8.9  3.2  0.0 31.5  0.8  0.0  3.6  2.8  5.2 14.5  0.8  0.0  0.0  4.4  0.0
  1.2  0.4  6.5 31.5  0.0  3.2233.6120.6 36.3 75.4 69.0 11.3  4.8  5.2  8.5
  0.4  2.0 29.4  6.5  8.9 36.3  9.3  3.6  0.0  1.2  2.4  5.2  2.4 13.3  2.4
  3.2  8.9  3.6  3.6  2.4 12.5 43.6 19.0  0.4 14.1 58.1 75.0  2.4124.6  3.2
  2.8  1.2  0.0  0.0  0.0  0.0  0.0  0.0  0.0  0.0  0.0  0.0  0.0  0.0  0.0
  0.0  0.0  0.0  1.2  0.4  3.2  1.2  0.0  1.2  0.0  0.0  0.4  0.4  0.4  0.4
  0.0  0.8  2.0  0.4  0.0  0.0  0.0  0.0  0.0  0.8  0.0  0.0  2.4  1.6  0.0
  6.1  1.2  1.2  8.5  3.6  0.0  4.4  4.0  0.0  0.0  0.0  0.0  0.0  0.0  0.0
  0.4  1.2  0.4  0.0  0.0  0.0  0.0  4.8  4.4  0.8  8.9  6.9  0.8  4.8  8.9
  0.4  4.0  1.2  2.0  0.0  0.8  0.8 33.1  6.5 12.1  2.4  3.2  3.6  3.6  0.0
     -3.54      2.89      4.94     -1.94      2.81  0.0  0.0  0.0  0.0  0.0
                                         4000_story_1818.txt 27.8  3.9 2783
 14.7  8.3 13.7 52.1  7.2  0.7  2.2 10.8 10.1 56.1  1.4  0.4  2.9  3.2  2.2
  2.5  2.2  9.7 39.9  1.1  7.5180.4 84.4 21.2 91.3 56.1  7.5 15.1  0.0  0.7
  0.0  0.0  7.5 11.9 11.1 51.7 15.8  6.8  3.2  4.0  4.0  4.3  9.0  5.7  1.1
  1.4  9.3  2.5  2.2  1.8 20.5 53.5  8.3  3.2  0.7 53.2 73.3  4.0158.5  8.6
  1.1  0.0  0.0  0.0  0.0  0.0  0.0  0.0  0.0  0.0  0.0  0.0  0.0  0.0  0.0
  0.0  0.0  0.0  3.2  0.7  5.0  2.5  0.4  0.0  0.0  0.0  0.0  0.0  0.0  0.7
  0.4  1.4  3.2  0.4  0.0  0.4  0.4  0.4  0.4  0.0  0.0  0.4  6.5  1.8  0.0
 11.5  0.4  0.0 11.9  6.1  1.4  7.5  8.6  0.0  0.0  0.0  0.0  0.0  0.0  0.0
  1.1  1.8  0.4  0.0  0.4  0.0  1.8 18.0  2.2  0.4 11.5 12.9  0.4  5.4  2.9
  1.4 10.1  1.1  0.7  1.4  0.7  0.4 34.1 22.3 21.6  0.0  3.2  4.3 10.8  0.0
     24.02      4.01     -7.75      1.47      4.15  0.0  0.0  0.0  0.0  0.0
                                         4000_story_1819.txt 27.3  3.9 5088
 13.6  6.3 15.5 51.7  5.9  0.8  3.5  8.5  6.5 45.2  1.0  2.8  1.4  6.5  1.2
  3.5  1.6  7.3 51.7  2.0  4.5163.5 72.5 14.9 97.3 65.4  9.6 12.4  0.2  0.2
  0.0  2.2 10.0  8.6 12.0 46.6 15.1  9.6  1.0  4.1  4.3  3.1  7.7  3.3  0.2
  1.4  8.1  3.1  2.8  3.5 21.2 68.8  4.9  3.5  0.4 46.6 77.8  3.7161.9  8.8
  3.9  0.2  0.0  0.0  0.0  0.0  0.0  0.0  0.0  0.0  0.0  0.0  0.0  0.0  0.0
  0.0  0.0  0.0  3.7  1.8  2.8  2.4  0.6  0.0  0.0  0.0  0.0  0.0  0.0  0.2
  1.0  1.4  2.0  0.6  0.0  0.0  0.4  0.0  0.2  1.0  0.0  0.0  1.8  1.2  0.0
 10.6  0.6  0.0 11.2  5.1  0.6  6.7  2.9  0.0  0.0  0.0  0.0  0.0  0.0  0.0
  1.8  1.6  0.2  0.0  0.2  0.0  1.4 15.5  2.0  1.0  6.7 11.4  0.8  9.4  5.7
  2.0  4.1  0.2  0.0  1.8  0.8  0.2 41.3 15.3 21.0  2.6  3.7  8.5  9.6  0.0
     25.44      4.53     -5.96      1.20      2.27  0.4  0.2  0.0  0.0  0.0
                                         4000_story_1823.txt 27.3  4.4 2061
  5.8  0.5  0.0 25.2  0.0  0.5  2.9  2.9  5.3 12.6  1.5  0.0  0.5  2.9  0.5
  1.0  0.0  5.8 31.1  0.5  0.5247.9136.8 43.2 72.8 52.4 14.1  2.4  4.4  5.8
  0.0  0.5 24.3  5.3  6.3 29.6 13.1  1.9  0.0  3.9  2.9  3.4  2.9 16.5  1.0
  2.4  6.3  2.4  1.9  2.4 10.7 41.7 19.9  0.5 10.2 63.1 57.7  1.9116.9  2.4
  2.9  1.0  0.0  0.0  0.0  0.0  0.0  0.0  0.0  0.0  0.0  0.0  0.0  0.0  0.0
  0.0  0.0  0.0  0.5  0.5  1.0  1.0  0.0  0.5  0.5  0.0  0.0  0.0  0.0  0.0
  0.0  1.5  1.9  0.0  0.0  1.5  0.0  0.0  0.0  0.5  0.5  0.0  1.5  1.0  0.0
  2.9  1.0  0.0  3.9  3.4  1.5  5.3  2.9  0.0  0.0  0.0  0.0  0.0  0.0  0.0
  0.5  0.0  1.0  0.0  0.0  0.0  0.0  2.9  6.3  1.9 10.2  9.7  1.5  6.8  6.8
  0.0  4.9  2.9  0.0  0.5  1.5  0.5 27.2  6.3  9.7  3.4  5.3  2.9  2.9  0.0
     -8.16      2.15      3.26     -1.63      2.22  2.9  0.0  0.0  0.0  0.0
                                         4000_story_1831.txt 35.0  4.4 3721
  4.3  0.5  0.3 43.3  2.7  0.5  1.9  2.4  1.1 29.0  0.8  0.0  1.3  3.8  0.0
  0.8  1.6  6.7 16.9  0.3  2.7252.9119.6 31.2 65.0 23.6 15.0  4.6  0.5  4.8
  0.5  1.3 33.3  4.8  6.7 29.0 13.4  3.5  0.5  2.7  1.9  3.0  4.8 11.0  1.3
  2.4  5.1  0.5  0.0  3.0 12.1 26.1 14.8  1.9  5.9 62.3 27.4  2.1133.6  9.9
  0.5  0.0  0.0  0.0  0.0  0.0  0.0  0.0  0.0  0.0  0.0  0.0  0.0  0.0  0.0
  0.0  0.0  0.0  1.3  0.5  0.3  4.0  0.3  0.5  0.0  0.0  0.0  0.3  0.0  0.3
  0.5  0.8  0.3  3.2  0.0  0.3  0.0  0.5  0.3  0.0  0.0  0.3  0.3  1.1  0.0
  6.2  0.8  0.3  7.3  5.1  1.1  6.2  1.6  0.0  0.0  0.0  0.0  0.0  0.0  0.0
  0.0  0.3  0.3  0.0  0.0  0.0  1.1 11.3  4.0  2.4 14.2 29.6  3.8  3.2  1.3
  0.0  1.1  3.5  0.0  0.3  2.4  0.3 28.8  8.6  7.3  1.6  4.3  9.4  5.9  0.0
     -3.60      1.20      2.00     -2.30      2.88  0.8  0.0  0.0  0.0  0.0
                                         4000_story_1834.txt 30.0  3.9 2598
 19.6  7.7 40.8 90.8 34.6  3.5 10.4  2.7 46.2 18.5  0.8  0.0  1.9  8.9  1.5
  0.8  1.2  8.5 13.9  0.4  3.8209.0 59.3 18.1107.0 61.6  6.5 28.9  0.0  0.4
  0.0  0.8 15.4 13.1  7.7 41.2 10.4  8.1  4.6  2.3  1.5  0.4 11.5  2.7  0.0
  1.9  2.7  2.7  1.9  5.8 18.1 19.6  4.6  1.5  0.4 47.0142.4  0.4214.4 11.2
  1.5  1.2  0.0  0.0  0.0  0.0  0.0  0.0  0.0  0.0  0.0  0.0  0.0  0.0  0.0
  0.0  0.0  0.0  2.3  1.2  4.2  3.8  0.0  0.8  0.0  0.0  0.0  0.0  0.0  0.4
  0.8  3.1  5.0  0.8  0.0  0.0  0.0  0.0  0.0  0.4  0.0  0.4  3.1  1.9  0.0
 11.5  0.8  0.0 12.3 10.0  0.0 10.4  5.4  0.0  0.0  0.0  0.0  0.0  0.0  0.0
  0.4  2.3  0.0  0.0  0.0  0.4  0.8  8.5  2.7  1.2  7.7 40.8  1.9  4.2  6.5
  0.4  2.7  2.3  0.4  2.3  0.0  0.0 47.3 36.2 32.3  1.5  1.9  7.3  8.9  0.0
     17.47      7.13     -5.82     -1.25      4.62  0.0  0.0  0.0  0.0  0.0
                                         4000_story_1836.txt 32.8  4.3 2427
 13.6  4.9 11.9 44.1  7.8  0.4  2.9  4.5 62.6 12.4  2.1  0.4  0.4  4.9  0.8
  2.9  1.6  4.9 21.4  0.8  2.1192.4104.2 33.0 94.4 52.3 12.4 10.7  1.2  2.9
  0.8  3.3 27.2  7.4  6.2 55.2 14.0  4.1  1.2  1.2  1.2  2.5  9.5  5.8  0.4
  0.0  6.2  7.0  2.9  5.4 10.3 32.6  6.2  2.5  4.9 61.4122.8  2.9159.5  8.7
  2.1  0.8  0.0  0.0  0.0  0.0  0.0  0.0  0.0  0.0  0.0  0.0  0.0  0.0  0.0
  0.0  0.0  0.0  3.3  1.6  4.9  2.5  0.0  0.4  0.4  0.0  0.0  0.0  1.2  0.4
  0.8  0.8  0.0  1.2  0.0  0.0  0.0  0.0  0.4  0.0  0.4  0.4  5.8  0.8  0.0
 12.4  0.8  1.2 14.4  3.3  0.4  3.7  7.4  0.0  0.0  0.0  0.0  0.0  0.0  0.0
  0.0  0.8  0.0  0.0  0.0  0.4  0.8  4.9  2.9  5.4 16.9  6.2  2.5  8.2  7.0
  0.8  0.8  1.6  0.8  0.4  2.9  0.0 29.7 16.1 18.5  2.1  3.3 12.4  4.5  0.0
      5.33      4.06     -0.07     -3.09      3.49  1.2  0.0  0.0  0.4  0.0
                                         4000_story_1837.txt 33.3  4.6 3265
 12.6  3.1  0.6 57.9  4.3  0.6  4.0  4.6 31.2 18.4  2.5  0.6  0.0  4.3  0.6
  4.9  0.9  7.0 12.6  0.9  2.1223.6116.7 47.8 54.8 50.5 12.3  5.5  1.8  1.5
  1.2  3.7 37.7  7.4  4.3 44.4 12.9  5.5  1.5  0.6  3.1  4.9  7.4  4.9  0.9
  0.9  6.4  3.1  1.8  3.7 15.6 23.9  6.7  1.8  4.6 77.2 86.1  3.1132.6  6.7
  2.5  0.3  0.0  0.0  0.0  0.0  0.0  0.0  0.0  0.0  0.0  0.0  0.0  0.0  0.0
  0.0  0.0  0.0  1.2  0.6  2.1  3.4  0.0  0.3  0.0  0.0  0.0  0.3  0.3  0.3
  0.0  2.1  1.5  1.8  0.0  0.9  0.0  0.0  0.0  0.6  1.2  0.3  5.5  1.2  0.0
  7.4  0.3  0.6  8.3  5.8  0.9  7.4  8.3  0.0  0.0  0.0  0.0  0.0  0.0  0.0
  0.0  0.9  0.6  0.0  0.0  0.0  0.3  4.9  5.5  2.8 15.0  9.5  2.1  5.5  4.0
  0.6  1.2  2.1  1.5  1.2  0.6  0.6 25.7 11.3 19.6  1.5  4.3  7.4  2.5  0.0
     -0.68      1.70      2.03     -1.10      2.71  2.1  0.6  0.0  0.0  0.0
                                         4000_story_1838.txt 32.0  4.3 3836
 16.2  3.6 24.2 99.6 20.1  2.3  6.5  8.3 31.5 16.4  1.8  0.0  0.8  2.3  0.8
  5.7  2.1  5.7  9.9  0.8  4.2277.9 89.7 44.8 14.3 43.5  7.3  1.8  0.8  1.8
  0.0  5.2 21.1  4.2  4.2 41.4  7.0  5.2  0.3  1.6  2.1  1.8  3.1  3.4  0.3
  2.6  3.9  1.3  2.6  4.4 13.0 20.6  6.3  2.9  2.6 87.6 95.2  1.3125.1  9.4
  1.6  0.0  0.0  0.0  0.0  0.0  0.0  0.0  0.0  0.0  0.0  0.0  0.0  0.0  0.0
  0.0  0.0  0.0  1.0  1.6  1.6  0.8  0.3  0.0  0.0  0.0  0.0  0.0  0.0  0.5
  0.5  1.0  0.3  0.5  0.0  0.5  0.0  0.0  0.3  0.0  0.0  0.3  4.2  1.3  0.0
  5.0  0.3  0.0  5.2  2.9  0.8  3.6  5.7  0.0  0.0  0.0  0.0  0.0  0.0  0.0
  1.0  0.5  0.0  0.0  0.0  0.0  0.3  7.0  3.6  0.5 11.2 22.7  1.3  3.1  4.2
  0.3  1.8  1.0  2.1  2.9  0.5  0.0 20.3  7.8 21.4  1.6  3.6  6.5  1.8  0.0
      6.44     -1.58      0.97     -2.85     -0.12  0.3  0.0  0.0  0.0  0.0
                                         4000_story_1840.txt 34.0  4.2 4448
 12.1  2.7  4.3 55.1  8.8  1.1  2.0  1.1 19.3 15.5  2.9  0.4  0.4  5.4  0.2
  2.5  1.1  4.9 18.4  0.7  1.8209.8109.3 37.5 70.1 79.6 11.7  7.4  0.4  0.9
  0.7  4.0 20.9  4.9 11.9 47.4  9.4  8.5  2.7  1.1  2.5  1.8  7.9  5.6  0.4
  0.9  8.8  2.2  1.3  6.1 16.0 32.8  7.0  1.8  2.0 70.4107.7  3.1140.3  7.9
  3.1  0.2  0.0  0.0  0.0  0.0  0.0  0.0  0.0  0.0  0.0  0.0  0.0  0.0  0.0
  0.0  0.0  0.0  1.3  0.7  0.9  1.3  0.2  0.2  0.0  0.0  0.0  0.0  0.2  0.0
  0.4  1.1  1.1  0.7  0.0  0.2  0.0  0.0  0.2  0.7  0.0  0.2  2.0  0.7  0.0
  4.3  0.4  0.2  4.9  3.4  0.4  4.5  2.9  0.0  0.0  0.0  0.0  0.0  0.0  0.0
  0.7  0.2  0.0  0.0  0.0  0.0  0.2 14.6  4.3  2.0 10.3 17.1  2.2  5.8  2.7
  0.4  1.6  4.0  2.0  0.9  0.4  0.0 27.2 13.3 18.4  1.3  3.8  5.4  1.8  0.0
     -0.02      3.74     -2.36     -1.29      2.78  0.2  0.0  0.7  0.0  0.0
                                         4000_story_1841.txt 35.3  4.5 4585
  7.0  1.3  1.5 25.1  4.6  0.0  1.5  2.8  3.5  7.2  1.5  0.0  0.2  3.7  0.4
  1.7  1.1  3.3 34.0  0.0  1.7250.8130.2 56.9 60.9 53.4 10.0  2.0  1.1  3.1
  1.3  5.9 32.7  4.4  7.0 38.6 10.0  5.0  0.4  2.8  1.1  2.0  7.9 11.8  1.7
  1.5  6.1  3.5  3.1  3.3  9.4 48.9 15.0  1.1  5.5 94.7 61.5  2.6111.2  9.4
  0.7  0.0  0.0  0.0  0.0  0.0  0.0  0.0  0.0  0.0  0.0  0.0  0.0  0.0  0.0
  0.0  0.0  0.0  1.1  0.0  2.8  1.3  0.7  0.4  0.0  0.0  0.0  0.0  0.0  0.0
  0.9  0.2  0.4  1.7  0.7  0.9  0.4  0.0  0.0  0.0  0.2  0.0  2.0  0.7  0.0
  5.2  1.1  0.0  6.3  3.3  2.0  5.2  2.8  0.0  0.0  0.0  0.0  0.0  0.0  0.0
  0.7  0.7  0.0  0.0  0.0  0.0  0.0  7.0  0.9  1.7  8.3 13.7  1.3  4.1  9.2
  7.0  2.2  5.0  0.2  0.9  1.3  0.7 18.5  5.5 13.3  0.2  4.8  7.0  2.4  0.0
     -7.34      0.94      3.29     -2.68      4.90  0.7  0.0  0.0  0.0  0.0
                                         4000_story_1843.txt 31.0  4.7 2897
  4.8  1.7  0.3 45.6  2.4  0.0  2.4  2.1  5.5 14.2  2.4  0.0  0.0  4.1  0.7
  1.0  0.3  3.8 24.2  0.3  0.3264.1138.4 64.9 27.3 34.9  9.3  2.8  2.4  4.8
  1.4  5.9 46.9  2.1  5.2 33.8  9.7  4.1  0.0  1.4  2.4  3.1  4.1 11.4  2.1
  6.2  5.5  0.7  0.7  3.8 10.4 36.9 19.7  0.7  8.6108.0 42.8  1.0 94.9  5.5
  1.0  0.0  0.0  0.0  0.0  0.0  0.0  0.0  0.0  0.0  0.0  0.0  0.0  0.0  0.0
  0.0  0.0  0.0  1.4  0.0  0.7  0.3  0.3  0.3  0.0  0.0  0.0  0.3  0.0  0.0
  0.0  0.3  0.3  0.3  0.3  1.0  0.3  0.0  0.0  0.7  0.7  0.0  3.1  0.0  0.0
  2.4  0.7  0.3  3.5  1.0  1.7  3.5  3.8  0.0  0.0  0.0  0.0  0.0  0.0  0.0
  0.0  0.3  0.0  0.0  0.0  0.0  0.0  5.9  2.4  2.4 11.7  7.2  2.4  5.9 14.8
  6.2  5.5  3.5  0.3  1.4  1.0  0.3 14.5  5.5 10.0  1.0  3.5  5.2  4.5  0.0
    -10.78     -0.98      7.46     -2.60      4.29  0.7  0.3  0.3  0.0  0.0
                                         4000_story_1844.txt 34.0  4.7 2161
  8.8  1.4  0.9 47.2 13.0  0.0  1.9  1.4 17.1 11.1  0.5  0.0  0.0  3.2  0.5
  1.4  0.5  2.3 24.5  0.5  0.0284.1150.9 65.2 23.6 23.1  8.8  1.4  0.9  2.8
  3.2  5.6 50.9  4.2  5.1 24.5  4.2  6.9  0.0  1.4  2.8  4.6  2.8  8.8  1.9
  1.9  3.2  1.4  1.4  0.5 12.0 34.7 12.5  0.9  6.9 99.0 53.2  3.2 86.1  7.4
  2.3  0.5  0.0  0.0  0.0  0.0  0.0  0.0  0.0  0.0  0.0  0.0  0.0  0.0  0.0
  0.0  0.0  0.0  0.0  0.0  0.0  0.9  0.0  0.5  0.0  0.0  0.0  0.0  0.0  0.0
  0.0  0.0  0.0  0.0  0.0  0.5  0.0  0.0  0.0  0.0  0.0  0.0  1.4  0.0  0.0
  0.9  0.5  0.0  1.4  0.0  0.5  0.5  1.4  0.0  0.0  0.0  0.0  0.0  0.0  0.0
  0.5  0.5  0.0  0.0  0.0  0.0  0.5  6.0  3.7  0.9  7.9 13.9  2.3  3.7 12.5
  3.7  3.2  2.3  0.5  0.5  1.4  0.9 15.7  2.8 13.4  0.9  0.9  6.5  0.9  0.0
    -11.80     -1.98      7.36     -1.15      1.46  1.9  0.0  0.0  0.0  0.0
                                         4000_story_1846.txt 32.5  4.6 5109
  5.7  1.4  0.2 57.3  0.2  0.4  2.0  2.2 11.4 11.2  0.6  0.2  0.0  3.5  0.2
  2.7  0.8  5.1 31.7  0.0  1.4268.3128.6 61.9 25.2 36.2 12.5  2.5  2.3  4.7
  1.4  4.5 42.7  5.7  5.3 39.1 11.9  4.1  0.0  1.0  0.4  5.3  5.9 10.2  1.0
  1.4  3.1  2.3  1.8  2.9  9.6 40.5 12.5  0.8  8.4 91.8 47.8  3.1103.0  5.9
  1.6  0.6  0.0  0.0  0.0  0.0  0.0  0.0  0.0  0.0  0.0  0.0  0.0  0.0  0.0
  0.0  0.0  0.0  1.6  0.4  0.4  1.0  0.8  0.6  0.0  0.0  0.0  0.0  0.6  0.0
  0.6  0.2  1.2  0.6  0.2  0.4  0.2  0.0  0.6  0.0  0.2  0.0  2.5  0.4  0.0
  3.3  1.4  0.6  5.3  2.5  1.4  3.9  3.1  0.0  0.0  0.0  0.0  0.0  0.0  0.0
  0.8  1.2  0.4  0.0  0.0  0.0  0.4  8.4  3.1  1.8  9.8 11.7  1.4  5.1  9.6
  2.3  7.0  5.7  0.6  1.6  2.3  0.8 22.1  5.7 10.8  0.8  2.9  5.7  2.2  0.0
     -7.37     -0.41      5.18     -2.88      2.78  1.2  0.2  0.0  0.0  0.0
                                         4000_story_1847.txt 33.0  4.5 2115
  3.3  1.4  0.0 65.2  0.5  0.9  4.3  0.9 40.7 19.4  4.3  0.0  1.4  2.8  0.5
  5.2  0.9  8.0 26.5  0.5  0.9243.5136.6 61.5 13.2 13.7 10.4  1.4  2.4  5.7
  1.9  4.7 48.2  2.8  3.8 35.0 12.8  9.5  1.9  3.3  3.3  3.8  3.8 10.4  1.9
  2.4  5.2  2.8  0.5  2.4 20.8 39.7 14.7  1.4  9.9 91.7 54.8  7.1 96.5  3.8
  2.4  0.0  0.0  0.0  0.0  0.0  0.0  0.0  0.0  0.0  0.0  0.0  0.0  0.0  0.0
  0.0  0.0  0.0  1.4  0.0  0.5  0.9  0.0  0.0  0.0  0.0  0.0  0.0  0.5  0.5
  0.5  0.0  0.5  0.9  0.0  0.5  0.5  0.0  0.0  0.5  0.0  0.9  0.5  0.5  0.0
  2.8  0.0  0.5  3.3  2.4  0.9  3.8  1.9  0.0  0.0  0.0  0.0  0.0  0.0  0.0
  0.0  0.5  0.0  0.0  0.0  0.0  0.0  5.2  1.4  3.8 19.9  6.1  1.4  4.7 14.2
  0.5  3.3  3.8  0.0  0.9  3.8  5.7 10.4  9.0 10.9  0.0  2.8  3.8  1.4  0.0
     -2.20     -2.42      8.11      0.85      2.53  1.4  0.0  0.0  0.0  0.0
                                         4000_story_1848.txt 34.0  4.4 3461
  7.5  4.6  0.0 33.8  5.2  0.0  2.3  1.4  5.5  7.8  0.6  0.3  0.9  3.2  0.0
  0.0  0.0  3.5 37.3  0.3  1.2240.4134.6 35.2 68.8 87.5  9.2  4.6  2.0  4.9
  2.6  3.5 39.6  4.6  5.5 31.2 10.4  6.1  1.7  1.4  1.4  3.5  2.9 14.2  3.5
  2.6  5.8  2.6  1.4  2.6 11.0 48.3 20.2  0.3  9.5 62.1 98.2  2.0125.4  5.5
  1.7  0.3  0.0  0.0  0.0  0.0  0.0  0.0  0.0  0.0  0.0  0.0  0.0  0.0  0.0
  0.0  0.0  0.0  3.5  1.4  1.4  0.9  0.3  0.0  0.0  0.0  0.0  0.0  0.0  0.6
  1.2  0.9  1.7  0.0  0.0  0.6  0.3  0.0  0.0  0.6  0.0  0.0  2.9  0.0  0.0
  7.2  0.3  0.0  7.5  4.3  0.9  5.8  2.9  0.0  0.0  0.0  0.0  0.0  0.0  0.0
  0.0  0.6  0.3  0.0  0.0  0.0  0.0 11.6  3.2  1.2  7.8 18.8  2.0  6.6  7.5
  0.6  1.4  1.7  0.0  1.4  1.2  0.0 21.4  8.7 13.9  1.2  4.0  7.5  2.0  0.0
     -6.62      3.06      6.31     -1.87      3.83  0.3  0.0  0.3  0.3  0.0
                                         4000_story_1854.txt 33.3  4.6 4229
  5.9  0.9  0.2 30.0  0.5  0.2  1.4  4.0 13.5  6.4  1.4  0.0  0.0  3.5  0.5
  1.2  0.9  4.7 32.4  0.0  1.2263.9139.5 50.4 49.7 40.7  8.5  1.4  2.1  2.8
  2.1  5.2 32.9  4.5  6.6 32.6 10.4  4.3  0.5  1.4  1.7  4.3  6.9 13.0  1.2
  2.6  5.4  2.8  0.7  1.4 10.6 44.5 16.8  0.9  7.1 77.3 54.6  2.4 99.8  5.2
  2.1  0.0  0.0  0.0  0.0  0.0  0.0  0.0  0.0  0.0  0.0  0.0  0.0  0.0  0.0
  0.0  0.0  0.0  0.5  0.5  1.7  0.9  0.0  0.0  0.0  0.0  0.0  0.0  0.0  0.2
  0.0  0.7  0.7  0.7  0.0  0.7  0.0  0.0  0.0  0.7  0.2  0.0  1.2  0.7  0.0
  3.5  0.0  0.0  3.5  2.4  0.7  3.8  2.1  0.0  0.0  0.0  0.0  0.0  0.0  0.0
  0.2  0.0  0.5  0.0  0.0  0.0  0.2  3.5  4.5  2.4 12.1 14.0  1.9  7.6  8.7
  4.0  3.1  0.7  0.2  0.5  2.1  0.2 16.6  3.8 10.4  0.0  2.1  5.2  2.4  0.0
     -8.45     -0.39      4.70     -2.30      4.38  1.7  0.0  0.0  0.0  0.2
                                         4000_story_1855.txt 33.5  4.4 2052
  5.4  1.5  2.9 69.2  6.8  0.0  2.9  4.9 21.0  3.4  1.0  0.0  1.5  3.9  1.5
  0.5  1.0  4.4 33.6  0.0  0.0259.3123.8 58.0 18.5 58.0  6.8  0.5  1.9  2.9
  1.0  4.4 33.1  7.3  2.9 34.6 10.2  4.4  0.0  1.9  0.5  1.0  1.5  6.3  2.4
  0.5  5.4  1.0  1.9  4.4  9.3 45.3  9.3  1.0  5.8 91.1 85.8  1.0103.3  5.4
  1.5  0.0  0.0  0.0  0.0  0.0  0.0  0.0  0.0  0.0  0.0  0.0  0.0  0.0  0.0
  0.0  0.0  0.0  0.0  0.5  0.5  1.0  0.0  0.0  0.0  0.0  0.0  0.0  0.5  0.0
  0.0  0.0  1.0  0.5  0.5  0.5  0.0  0.0  0.0  1.0  0.0  0.0  1.9  0.0  0.0
  1.9  0.0  0.5  2.4  1.5  1.0  3.4  1.9  0.0  0.0  0.0  0.0  0.0  0.0  0.0
  0.0  0.5  1.0  0.0  0.0  0.0  0.0  8.8  1.9  2.9 14.6  8.8  1.0  7.3  8.3
  4.9  5.8  1.5  1.0  1.9  2.4  0.0 15.6  7.8 10.2  0.5  4.4  6.3  4.4  0.0
     -4.51     -1.14      3.48     -4.05      0.28  1.5  0.0  0.0  0.0  0.0
                                         4000_story_1856.txt 30.5  4.6 4830
  5.0  2.5  0.2 24.2  2.3  0.0  1.0  3.7  4.8  6.0  0.4  0.0  0.0  1.4  0.2
  1.2  0.4  2.3 24.6  0.4  1.7258.0145.5 50.1 60.5 55.7 12.6  4.6  1.4  5.2
  1.7  3.9 55.1  2.3  2.7 24.8 12.2  1.9  0.4  1.0  2.1  2.5  5.4 16.6  2.7
  2.5  4.1  6.6  1.4  2.3  6.2 33.7 21.7  0.8  8.3 68.1 62.7  1.7103.5  4.1
  1.2  0.2  0.0  0.0  0.0  0.0  0.0  0.0  0.0  0.0  0.0  0.0  0.0  0.0  0.0
  0.0  0.0  0.0  3.7  0.6  0.8  0.8  0.0  0.2  0.2  0.0  0.0  0.0  0.0  1.2
  0.4  0.2  1.9  0.4  0.0  0.2  0.0  0.2  0.0  0.8  0.2  0.0  1.2  0.2  0.0
  6.0  0.4  0.0  6.4  4.1  0.4  5.4  1.7  0.0  0.0  0.0  0.0  0.0  0.0  0.0
  0.0  0.0  0.0  0.0  0.0  0.0  0.2  9.3  6.4  1.9 16.4  6.2  1.9  6.2  3.5
  4.6  4.3  1.9  0.0  0.8  2.1  0.8 22.2 10.1  6.6  1.4  1.7  4.3  2.1  0.0
    -12.86      2.01      8.35     -3.58      5.12  1.0  0.2  0.2  0.0  0.0
                                         4000_story_1857.txt 31.0  4.3 4806
  8.1  2.5  1.2 35.4  4.2  0.2  2.5  3.7  6.2 11.2  0.6  0.2  0.0  5.0  0.4
  1.9  0.6  3.1 20.8  0.6  2.7229.7119.6 48.5 72.8 64.1 16.0  8.7  1.7  3.5
  2.3  4.0 27.7  3.5  6.2 35.0 13.5  5.2  1.0  2.5  2.3  3.1  5.8 13.5  1.5
  3.5  6.2  3.1  1.5  3.3 10.6 33.7 18.5  1.2  7.5 85.5 74.5  3.7132.5  5.4
  2.3  0.2  0.0  0.0  0.0  0.0  0.0  0.0  0.0  0.0  0.0  0.0  0.0  0.0  0.0
  0.0  0.0  0.0  2.3  0.2  1.5  1.5  0.0  0.2  0.4  0.2  0.0  0.0  0.0  0.4
  0.2  0.2  1.5  0.6  0.6  0.8  0.0  0.0  0.0  0.0  1.0  0.0  2.3  0.8  0.0
  5.4  0.6  0.2  6.2  2.9  1.5  4.4  4.2  0.0  0.0  0.0  0.0  0.0  0.0  0.0
  0.2  0.6  0.0  0.0  0.0  0.0  0.2 14.1  1.7  1.9  9.8 13.1  1.5  7.3  9.8
  3.1  4.6  3.1  7.7  1.5  1.2  0.2 23.1 13.5 15.0  2.1  3.7  8.1  2.7  0.0
     -5.49      4.22      4.36     -1.56      4.33  0.8  0.0  0.2  0.0  0.0
                                         4000_story_1860.txt 32.5  4.4 2162
  6.9  2.3  0.0 26.8  6.0  0.0  1.9  1.4 14.3  3.2  0.9  0.0  0.0  1.4  0.5
  0.5  0.5  0.5 37.9  0.0  1.4290.9137.4 43.0 61.5 64.8  7.9  3.2  1.4  1.9
  0.9  3.2 35.2  2.8  4.2 25.0  8.8  2.3  1.4  2.8  1.4  2.8  3.7 13.0  0.9
  1.9  4.2  0.5  1.4  1.9  4.2 48.1 15.7  0.5  4.2 56.9 85.1  1.4108.7  5.6
  1.4  0.0  0.0  0.0  0.0  0.0  0.0  0.0  0.0  0.0  0.0  0.0  0.0  0.0  0.0
  0.0  0.0  0.0  1.4  0.5  1.4  0.0  0.0  0.0  0.0  0.0  0.0  0.0  0.0  0.0
  0.5  0.5  0.5  0.5  0.0  0.0  0.0  0.0  0.0  0.0  0.0  0.0  0.5  0.0  0.0
  3.2  0.0  0.0  3.2  1.9  0.0  1.9  0.5  0.0  0.0  0.0  0.0  0.0  0.0  0.0
  0.0  0.0  0.5  0.0  0.0  0.0  0.0  8.8  2.3  0.9  8.8 11.6  1.4  4.6  6.0
  1.4  0.5  2.8  0.5  1.4  0.9  0.0 19.4  7.4  9.7  0.5  1.4  5.1  0.9  0.0
    -10.88      1.29      3.76     -2.57      1.96  2.3  0.0  0.5  0.0  0.0
                                         4000_story_1863.txt 31.5  4.3 3777
  8.7  2.9  2.4 32.0  0.0  0.3  2.6  2.6 34.2  9.8  3.2  0.0  0.0  6.1  0.8
  2.6  1.3  6.4 31.5  0.3  2.9226.9124.2 42.1 68.6 36.3  7.9  2.6  1.1  2.6
  1.6  3.2 33.9  7.9  5.3 32.8 10.1  3.2  0.0  1.1  2.1  5.0  4.8  7.9  1.6
  0.8  4.8  0.8  2.1  4.2 11.6 40.5 10.3  1.6  5.3 85.5 70.4  3.2122.1  9.8
  2.1  0.0  0.0  0.0  0.0  0.0  0.0  0.0  0.0  0.0  0.0  0.0  0.0  0.0  0.0
  0.0  0.0  0.0  1.6  0.3  1.1  1.3  0.0  0.0  0.0  0.0  0.0  0.0  0.0  0.0
  0.3  0.0  0.0  0.8  1.1  0.3  0.0  0.0  0.0  0.0  0.0  0.5  0.8  2.1  0.0
  4.2  0.0  0.0  4.2  1.1  1.3  2.4  3.4  0.0  0.0  0.0  0.0  0.0  0.0  0.0
  0.0  0.3  0.0  0.0  0.0  0.0  0.0  9.3  1.9  3.4 12.4 19.1  2.1  6.6  8.2
  3.4  1.3  2.6  0.0  0.5  2.1  0.3 20.4  6.6 12.4  0.5  4.2  6.9  5.3  0.0
      0.51      0.16      2.20     -2.35      2.03  1.3  0.5  0.0  0.0  0.0
                                         4000_story_1864.txt 32.8  4.6 1931
  5.7  0.5  0.0 28.0  0.0  0.0  3.1  4.1  5.7 12.9  0.5  1.0  0.0  3.6  0.0
  3.6  1.6  0.5 21.2  0.0  1.0237.7135.7 60.1 55.4 54.4  9.8  2.6  1.6  4.7
  2.6  5.2 41.4  1.6  2.1 35.2  9.3  6.7  0.5  1.0  3.1  4.7  3.1 12.4  3.1
  1.6  3.6  5.7  2.1  2.6 10.4 32.1 17.1  1.6  8.8 90.1 60.1  2.1 99.9  5.7
  5.7  0.0  0.0  0.0  0.0  0.0  0.0  0.0  0.0  0.0  0.0  0.0  0.0  0.0  0.0
  0.0  0.0  0.0  1.0  0.0  3.6  1.6  0.0  0.0  0.0  0.0  0.0  0.0  0.5  0.5
  1.0  0.5  0.5  1.6  0.0  0.0  0.5  0.0  0.0  0.0  0.0  2.1  1.6  0.0  0.0
  6.2  0.0  0.5  6.7  4.1  0.5  4.7  3.6  0.0  0.0  0.0  0.0  0.0  0.0  0.0
  0.5  1.0  0.5  0.0  0.0  0.0  0.0  6.2  5.7  5.2 11.4 14.5  3.1  7.8  4.1
  0.0  4.1  1.6  0.5  1.0  1.6  0.5 20.2  5.7 12.9  1.0  1.0  3.6  0.5  0.0
     -8.82      0.88      8.31     -1.02      3.09  1.6  0.0  0.0  0.0  0.0
                                         4000_story_1879.txt 31.5  4.2 4089
 16.6  3.4 11.0 45.2 19.1  1.5  1.7  3.4 41.3  9.5  2.9  0.0  0.0  3.2  0.2
  1.5  1.5  3.7 13.0  0.5  3.9241.1 91.2 21.8 95.4 69.7 11.5 20.8  0.5  2.0
  0.2  0.7 17.9  9.8  7.3 45.7 13.2  6.6  2.0  1.7  3.2  2.4  6.8  3.9  0.2
  3.9  4.4  3.9  2.7  5.4 13.5 19.8  8.1  2.0  2.7 54.5130.1  1.5164.8 10.3
  1.5  0.0  0.0  0.0  0.0  0.0  0.0  0.0  0.0  0.0  0.0  0.0  0.0  0.0  0.0
  0.0  0.0  0.0  2.7  2.4  1.2  1.5  0.2  0.0  0.0  0.0  0.2  0.5  0.2  0.0
  0.5  1.7  1.5  0.2  0.0  0.7  0.2  0.0  0.0  0.5  0.2  0.0  4.4  1.0  0.0
  7.8  0.2  1.0  9.0  3.9  1.0  5.4  5.6  0.0  0.0  0.0  0.0  0.0  0.0  0.0
  0.7  2.0  0.2  0.0  0.0  0.0  0.2  6.4  3.9  2.2 11.2 14.9  2.9  9.3  3.4
  1.2  2.4  1.2  0.0  0.7  0.0  0.0 33.0 27.6 22.5  0.5  2.4  8.3  6.6  0.0
      0.37      6.57     -3.58     -1.13      2.70  0.5  0.5  0.0  0.0  0.0
                                         4000_story_1886.txt 31.3  4.1 2233
  8.5  2.7 20.6 47.0 14.3  2.2  1.3  1.8 18.4 11.2  1.3  0.0  0.0  3.6  0.4
  0.0  0.0  2.7 32.2  0.4  7.2206.4116.9 27.3 88.7 63.1  9.9 11.6  0.9  4.0
  0.0  5.4 11.6 12.5  6.7 43.0  7.2  7.2  0.4  2.2  0.9  2.2  6.3  5.4  0.0
  2.2  5.8  0.9  2.2  2.7 10.7 45.7  7.6  0.4  4.9 56.0 95.8  0.0156.3 12.1
  0.9  0.9  0.0  0.0  0.0  0.0  0.0  0.0  0.0  0.0  0.0  0.0  0.0  0.0  0.0
  0.0  0.0  0.0  0.9  0.9  0.9  1.8  0.0  0.0  0.0  0.0  0.0  0.0  0.0  0.0
  0.0  0.4  0.9  0.9  0.0  0.0  0.0  0.0  0.0  0.0  0.4  0.0  0.0  1.8  0.0
  4.5  0.0  0.0  4.5  2.2  0.0  2.2  2.2  0.0  0.0  0.0  0.0  0.0  0.0  0.0
  0.9  2.2  0.0  0.0  0.0  0.0  0.4  5.8  2.7  1.3 10.7 21.0  1.8  7.6  2.7
  0.0  3.1  0.0  0.0  0.9  0.0  0.0 44.3 15.2  9.4  3.1  7.2 10.3  9.4  0.0
      0.64      4.05     -1.69     -2.41      1.83  0.4  0.0  0.0  0.0  0.0
                                         4000_story_1894.txt 31.0  3.6 4106
 17.5  3.9 43.6 98.6 21.7  1.9  3.4  2.2 61.6 27.0  1.5  0.7  0.2  5.8  0.0
  1.2  0.7  9.5 27.5  0.7  4.1196.1 81.8 14.1 75.0 10.7 11.7 25.6  1.5  1.0
  0.0  2.4  9.7  9.5 12.7 33.4 15.1 15.6  1.0  3.9  1.7  0.7  5.4  4.4  1.0
  0.5  7.1  2.7  1.2  3.9 26.8 41.6  5.8  1.5  2.4 42.1 94.0  0.0194.3 11.4
  1.0  0.0  0.0  0.0  0.0  0.0  0.0  0.0  0.0  0.0  0.0  0.0  0.0  0.0  0.0
  0.0  0.0  0.0  2.2  1.0  3.7  1.7  0.0  0.0  0.0  0.0  0.0  0.0  0.2  0.5
  0.5  2.2  2.4  0.7  0.0  0.5  0.0  0.0  0.0  0.2  0.5  0.0  1.9  0.0  0.0
  8.5  0.0  0.2  8.8  6.3  0.5  7.1  2.4  0.0  0.0  0.0  0.0  0.0  0.0  0.0
  2.9  0.0  0.0  0.0  0.0  0.0  0.0 11.9  1.2  1.7  7.8  6.8  0.5  7.1  1.2
  0.0  1.7  2.7  0.2  0.7  0.2  0.0 51.6 35.3 26.5  0.7  1.2 11.7  5.6  0.0
     16.16      4.20     -4.44      0.30      1.29  0.5  0.0  0.2  0.0  0.0
                                         4000_story_1911.txt 32.0  3.6 4013
 15.7  6.7 40.1 73.8 20.7  2.2  2.7  4.5 39.4 21.4  2.2  1.0  0.2  2.7  0.0
  1.7  0.5  9.0 22.7  1.2  3.2215.8 74.3 16.2 72.0 62.8  6.2  8.7  0.5  0.2
  0.0  2.5  5.5  5.5 10.2 38.9 13.5 10.7  1.0  4.2  3.7  2.0  5.0  4.7  0.0
  0.7  6.5  1.2  1.7  6.2 23.4 36.9  5.5  1.7  0.7 50.6122.9  1.0165.0 15.4
  2.5  0.2  0.0  0.0  0.0  0.0  0.0  0.0  0.0  0.0  0.0  0.0  0.0  0.0  0.0
  0.0  0.0  0.0  3.7  1.5  1.0  2.7  1.2  0.0  0.0  0.0  0.0  0.0  0.2  0.7
  0.2  0.7  1.2  0.7  0.0  0.2  0.0  0.0  0.5  0.5  0.0  0.0  2.0  0.0  0.0
  9.0  1.2  0.2 10.5  3.7  0.7  5.0  2.0  0.0  0.0  0.0  0.0  0.0  0.0  0.0
  2.7  2.2  0.0  0.2  0.0  0.2  0.5  9.0  2.2  1.0  5.7  9.2  2.2  6.2  1.0
  0.7  1.2  2.5  0.0  1.2  0.2  0.2 48.1 15.7 23.9  2.5  1.0  8.7  4.5  0.0
     11.63      2.25     -4.08      0.77      0.45  0.5  0.0  0.0  0.0  0.0
                                         4000_story_1914.txt 31.0  4.0 3980
 13.1  5.5 29.4 66.3 23.6  1.8  3.3  2.0 38.2 26.1  2.0  0.5  0.8  3.5  0.3
  1.3  1.8  6.3 17.6  0.3  4.5237.2100.5 27.4 70.1 59.3 10.8 18.6  0.5  0.8
  0.5  2.3 16.3  7.0  7.5 35.9 12.1  7.0  1.5  3.5  3.5  1.5  3.5  5.3  0.5
  3.3  4.0  1.5  3.0  1.3 16.8 27.9  9.0  2.0  1.8 53.3121.1  3.0161.3 11.8
  2.0  0.0  0.0  0.0  0.0  0.0  0.0  0.0  0.0  0.0  0.0  0.0  0.0  0.0  0.0
  0.0  0.0  0.0  2.0  0.3  2.8  1.8  0.0  0.0  0.0  0.0  0.0  0.3  0.5  0.3
  0.3  1.0  1.3  0.3  0.0  1.8  0.0  0.0  0.0  0.5  0.0  0.0  1.5  0.0  0.0
  6.8  0.0  0.8  7.5  3.0  1.8  5.3  1.5  0.0  0.0  0.0  0.0  0.0  0.0  0.0
  0.5  0.3  1.3  0.3  0.0  0.0  0.5 15.1  2.0  3.5  6.3 16.1  1.0  7.5  6.0
  3.0  2.5  1.0  0.3  1.0  0.0  0.3 40.7 23.9 20.4  0.8  2.0  5.0  3.5  0.0
      7.47      4.73     -2.19     -0.57      0.81  0.3  0.0  0.3  0.0  0.0
                                         4000_story_1915.txt 31.3  3.7 3695
 16.8  3.5 54.4 73.3 17.1  3.0  4.9  5.1 40.3 21.1  1.9  0.5  0.0  4.9  0.0
  3.0  1.1  8.4 21.7  0.3  8.1229.0 92.8 17.3 68.5 42.5  4.3  6.0  0.3  1.6
  0.0  4.1 14.1  7.0  9.2 43.6 13.3 10.3  0.8  5.4  2.2  0.8  8.7  9.5  0.0
  1.1  4.6  1.4  2.2  3.0 20.8 36.3 10.6  1.4  1.9 44.4 99.9  0.5158.3 10.3
  0.5  0.3  0.0  0.0  0.0  0.0  0.0  0.0  0.0  0.0  0.0  0.0  0.0  0.0  0.0
  0.0  0.0  0.0  1.4  0.3  3.0  2.2  0.8  0.3  0.0  0.0  0.0  0.0  0.0  0.5
  0.0  2.4  1.4  0.8  0.3  0.3  0.5  0.0  0.5  0.3  0.0  0.0  3.0  0.3  0.0
  6.8  1.1  0.0  7.8  5.1  1.6  7.0  3.2  0.0  0.0  0.0  0.0  0.0  0.0  0.0
  1.9  0.8  0.0  0.0  0.3  0.0  0.8  5.4  2.2  1.1 11.1 10.8  3.5  4.1  2.4
  0.0  1.4  0.3  1.4  1.1  0.0  0.3 41.1 10.8 19.2  1.9  0.5  8.9  3.2  0.0
     13.40      0.35     -2.77     -0.08      3.57  0.5  0.3  0.0  0.3  0.0
                                         4000_story_1921.txt 33.0  4.1 4040
 11.1  3.0 25.5 56.7 18.8  1.7  1.0  2.7 20.0  8.7  2.7  0.5  0.2  3.5  1.0
  1.5  3.2  3.5 18.6  0.0  2.7244.1 98.8 27.7 88.6 72.0  7.4 19.3  0.7  3.0
  0.2  2.5 13.1  8.4 11.6 48.5  7.9  9.9  0.2  5.0  1.0  1.2  5.2  4.5  0.7
  3.5  4.5  2.2  1.5  3.0 14.4 30.9  8.7  3.2  4.0 58.9110.9  1.7163.4  9.9
  0.7  0.0  0.0  0.0  0.0  0.0  0.0  0.0  0.0  0.0  0.0  0.0  0.0  0.0  0.0
  0.0  0.0  0.0  2.2  0.7  1.0  2.2  0.0  0.0  0.0  0.0  0.0  0.0  0.2  0.2
  0.2  0.7  2.0  0.2  0.0  0.7  0.0  0.2  0.2  0.0  0.0  0.2  0.7  0.5  0.0
  6.2  0.0  0.2  6.4  3.5  1.2  4.7  1.5  0.0  0.0  0.0  0.0  0.0  0.0  0.0
  1.5  0.7  0.2  0.0  0.2  0.0  0.5 14.6  3.0  2.7  5.4 27.0  0.7  6.2  5.2
  5.0  3.5  3.7  0.0  1.0  0.5  0.0 40.6 21.5 14.6  1.5  4.5  8.2  5.4  0.0
      3.33      5.39     -3.63     -0.95      1.99  0.2  0.0  0.0  0.0  0.0
                                         4000_story_1930.txt 28.8  4.2 3625
 15.2  3.3  6.3 39.4 13.8  0.3  1.7  2.2 14.9 16.8  1.1  0.0  1.1  4.4  0.3
  0.3  0.8  3.6 26.5  0.8  4.7207.7100.4 27.0 98.2 66.5 10.8 11.9  1.4  1.4
  0.6  4.1 30.6 11.3 12.7 49.4 10.8  6.6  1.4  1.1  1.7  2.2  6.6  3.6  1.1
  1.9  4.4  2.2  1.7  3.3 11.9 36.1  6.6  1.7  3.3 59.6 95.2  1.4157.2  7.2
  0.3  0.6  0.0  0.0  0.0  0.0  0.0  0.0  0.0  0.0  0.0  0.0  0.0  0.0  0.0
  0.0  0.0  0.0  1.9  0.6  2.2  0.6  0.0  0.3  0.0  0.0  0.0  0.0  0.0  0.0
  0.0  1.1  2.8  0.3  0.0  0.0  0.0  0.0  0.0  0.6  0.0  0.3  1.4  0.6  0.0
  5.2  0.3  0.0  5.5  4.1  0.0  4.7  2.2  0.0  0.0  0.0  0.0  0.0  0.0  0.0
  1.1  1.1  0.0  0.0  0.3  0.6  0.0  8.6  2.5  1.9  7.7 29.8  2.2  3.6 14.9
  4.4  1.4  0.8  1.7  0.6  0.6  0.3 42.8 14.6 17.4  3.0  6.3  9.9  5.0  0.0
      1.86      4.72     -3.13     -2.41      2.53  0.0  0.0  0.0  0.0  0.0
                                         4000_story_1932.txt 31.0  3.8 3724
 19.9  5.6 36.0 66.6 19.6  1.1  2.4  3.2 26.3 23.4  2.1  0.5  0.0  6.4  0.3
  1.9  0.8  6.7 23.9  0.3  5.9233.6 90.5 14.2 65.5 52.4 10.5  4.8  0.5  0.3
  0.0  3.8  7.5  7.3  8.6 37.3 16.1 10.2  0.5  3.8  3.0  1.6  3.5  5.6  0.5
  2.1  6.7  1.9  1.3  4.3 19.9 38.7  8.3  1.1  0.8 47.0 98.3  0.5158.2 12.6
  3.5  0.0  0.0  0.0  0.0  0.0  0.0  0.0  0.0  0.0  0.0  0.0  0.0  0.0  0.0
  0.0  0.0  0.0  1.9  2.1  1.6  2.7  0.3  0.0  0.0  0.0  0.0  0.0  0.0  0.0
  1.1  0.8  2.1  0.8  0.0  0.3  0.3  0.0  0.3  0.3  0.5  0.0  1.9  0.3  0.0
  8.3  0.3  0.0  8.6  4.8  0.8  5.9  2.7  0.0  0.0  0.0  0.0  0.0  0.0  0.0
  1.3  0.3  0.5  0.0  0.0  0.0  0.5  9.4  1.3  1.9  7.0 16.1  1.6  8.9  4.0
  0.0  0.5  1.1  0.8  1.1  0.0  0.0 38.4 12.6 26.9  1.6  3.0 12.9  5.4  0.0
     10.86      1.66     -3.38     -0.24      0.52  1.1  0.0  0.5  0.0  0.0
                                         4000_story_1934.txt 32.5  4.1 4141
  9.7  3.4 28.3 64.7 20.5  2.2  2.2  0.7 28.7 12.6  1.7  0.0  0.2  5.3  0.7
  1.2  1.4  4.6 13.3  0.2  3.4232.3 97.8 30.2 76.6 62.8 10.6 21.5  0.5  2.4
  0.2  4.1 26.1  8.0 11.6 39.1 13.3  8.5  1.9  5.6  1.9  1.9  5.8  5.3  1.0
  3.1  7.2  2.2  2.2  4.1 15.0 30.2  9.4  1.7  3.1 59.9112.1  3.4169.5 13.8
  0.5  0.5  0.0  0.0  0.0  0.0  0.0  0.0  0.0  0.0  0.0  0.0  0.0  0.0  0.0
  0.0  0.0  0.0  3.4  1.0  1.4  1.7  0.0  0.7  0.0  0.0  0.0  0.0  0.0  0.5
  0.5  1.4  1.9  1.0  0.2  0.7  0.0  0.0  0.0  0.7  0.2  0.0  1.9  0.2  0.0
  7.5  0.7  0.0  8.2  5.3  1.0  7.0  2.4  0.0  0.0  0.0  0.0  0.0  0.0  0.0
  0.2  1.7  0.5  0.0  0.0  0.0  0.2 16.7  3.1  4.1 10.9 14.7  1.2  6.5  5.1
  2.9  0.7  1.9  0.2  0.7  1.0  0.2 34.8 27.0 18.6  2.4  5.8  8.7  4.3  0.0
      1.68      5.60     -1.89      0.25      2.56  0.5  0.0  0.0  0.0  0.0
                                         4000_story_1943.txt 29.8  3.7 4570
 12.0  4.6 44.2 80.7 20.6  4.6  2.2  2.2 31.5 29.1  2.4  0.9  0.0  7.9  0.0
  2.4  0.7  9.2 20.8  0.2  5.0212.5 87.7 14.2 63.5 32.4  9.6  6.1  0.2  0.9
  0.0  2.0 12.7  8.5 10.7 38.7 13.3 13.8  2.4  5.7  1.8  2.0  4.6  7.7  0.0
  1.5  4.6  2.4  0.9  3.7 24.7 33.9  9.2  0.9  1.1 55.4 84.5  0.7165.4 11.8
  1.5  0.2  0.0  0.0  0.0  0.0  0.0  0.0  0.0  0.0  0.0  0.0  0.0  0.0  0.0
  0.0  0.0  0.0  3.1  0.4  2.4  2.0  0.4  0.4  0.2  0.0  0.0  0.0  0.0  1.1
  0.2  2.4  1.1  0.7  0.4  0.2  0.2  0.0  0.2  0.2  0.0  0.0  1.3  0.4  0.0
  7.9  1.1  0.0  9.0  5.5  1.1  6.8  1.8  0.0  0.0  0.0  0.0  0.0  0.0  0.0
  2.8  1.8  0.0  0.2  0.0  0.2  0.4  4.8  1.1  0.2  7.9 11.6  3.1  5.3  3.7
  0.0  1.1  1.3  0.7  1.1  0.2  0.0 45.5 14.4 17.5  1.3  0.2 10.1  4.2  0.0
     13.67      0.79     -4.64      1.66      0.90  0.4  0.0  0.2  0.0  0.0
                                         4000_story_1952.txt 32.5  3.8 3081
 17.5  4.5 59.4 63.0 10.7  1.0  2.6  7.1 44.1 35.4  0.6  0.3  0.6  9.7  0.0
  3.2  0.6  8.8 29.2  1.9  3.6198.0 93.5 12.0 67.8 38.6 10.4  4.5  0.0  1.0
  0.0  4.2  9.1  5.2  9.7 42.5  7.1  6.5  0.6  6.2  1.3  4.2  6.5  4.5  0.3
  1.9  9.1  1.9  2.9  2.9 16.6 49.0  6.8  2.6  1.0 53.6 93.5  3.2146.4 15.6
  0.6  0.0  0.0  0.0  0.0  0.0  0.0  0.0  0.0  0.0  0.0  0.0  0.0  0.0  0.0
  0.0  0.0  0.0  2.6  1.0  1.0  1.6  0.3  0.0  0.0  0.0  0.0  0.0  0.0  0.0
  0.0  0.3  0.3  0.3  0.0  0.6  0.3  0.0  0.0  0.0  0.0  0.0  1.3  0.3  0.0
  6.2  0.3  0.0  6.5  1.0  1.0  1.9  1.6  0.0  0.0  0.0  0.0  0.0  0.0  0.0
  1.3  0.6  0.0  0.0  0.0  0.0  1.0  5.5  2.6  1.0  9.4 13.0  1.6  5.8  1.6
  0.0  0.3  0.3  0.6  0.3  0.0  0.0 41.5  8.8 20.8  2.6  1.0 12.7  4.2  0.0
     19.38      1.06     -3.11      0.26      2.00  1.0  0.0  0.3  0.0  0.0
                                         4000_story_1999.txt 31.0  4.1 3912
 10.5  4.3 23.0 59.8 21.2  2.0  4.9  2.6 28.6 15.1  1.5  0.5  0.3  5.1  0.0
  1.0  2.8  3.3 16.1  0.5  3.1229.8 95.9 34.8 76.7 70.6 10.5 17.6  0.3  0.5
  0.3  4.3 18.7  7.2  8.7 36.0 12.0  8.4  1.0  2.8  3.6  1.5  4.3  5.1  1.0
  3.3  2.8  1.0  2.3  3.1 15.3 26.6  9.5  3.3  1.0 69.5120.4  2.0160.8 13.0
  1.3  0.3  0.0  0.0  0.0  0.0  0.0  0.0  0.0  0.0  0.0  0.0  0.0  0.0  0.0
  0.0  0.0  0.0  1.8  0.5  1.3  1.5  1.0  0.3  0.0  0.0  0.0  1.0  0.0  0.3
  0.0  1.3  1.3  0.3  0.0  1.0  1.0  0.3  0.5  0.0  0.0  0.0  2.3  0.5  0.0
  5.1  1.3  1.0  7.4  3.1  2.8  5.9  2.8  0.0  0.0  0.0  0.0  0.0  0.0  0.0
  1.5  0.8  0.5  0.0  0.0  0.0  1.3 18.1  5.1  2.0 10.5 16.9  4.1 12.5  3.8
  3.6  3.6  2.8  0.0  1.0  1.0  0.0 43.7 23.0 16.6  2.6  3.3  6.9  4.3  0.0
      5.02      5.21     -2.13     -0.67      1.72  0.5  0.5  0.3  0.0  0.0
                                         4000_story_2016.txt 32.3  3.9 2595
 23.1  7.7 15.0 58.2  8.1  0.0  6.2  5.0 68.6 23.5  0.4  0.4  0.8 10.4  0.0
  4.6  2.3  5.8 30.1  1.5  3.1158.8 91.3 23.9 90.9 41.6 13.1 12.3  3.9  2.3
  1.2  2.3 15.4  8.5  8.1 46.2 12.3  2.7  1.5  3.1  3.1  2.3  7.7  7.7  0.4
  1.9  6.2  3.9  2.7  2.7 11.6 42.0 10.0  3.9  7.3 50.9118.3  5.0159.9  6.2
  3.5  0.4  0.0  0.0  0.0  0.0  0.0  0.0  0.0  0.0  0.0  0.0  0.0  0.0  0.0
  0.0  0.0  0.0  3.9  0.4  2.3  6.2  0.0  0.4  0.0  0.0  0.0  0.4  0.0  0.4
  0.0  1.9  1.2  2.3  0.0  0.8  0.0  0.0  0.0  0.4  0.0  0.0  3.5  1.9  0.0
 12.7  0.4  0.4 13.5  5.8  0.8  6.9  5.4  0.0  0.0  0.0  0.0  0.0  0.0  0.0
  1.5  1.2  0.0  0.0  0.4  0.8  1.2  6.6  3.5  1.9 11.6 15.0  1.5 10.4  5.4
  6.6  1.5  0.8  1.2  1.9  1.5  0.0 31.6 23.1 32.8  1.2  2.3 10.8  2.3  0.0
     19.90      3.92     -0.06     -1.67      3.28  0.8  0.4  0.0  0.0  0.0
                                         4000_story_2017.txt 33.3  4.4 4691
 12.4  2.1  2.8 42.6  4.5  0.4  2.1  2.1 18.1 12.8  2.3  0.2  0.6  5.8  1.1
  2.6  1.3  4.1 17.5  0.6  3.0228.7118.3 38.6 66.5 49.9 10.4  5.8  2.3  3.8
  1.1  2.6 31.3  6.2  7.9 45.0 11.5  7.9  0.2  3.2  2.1  3.4  6.8  9.2  1.3
  2.3  5.5  3.0  2.8  4.3 14.1 29.0 12.8  1.9  7.2 67.4 72.5  2.6126.2  7.0
  2.6  0.0  0.0  0.0  0.0  0.0  0.0  0.0  0.0  0.0  0.0  0.0  0.0  0.0  0.0
  0.0  0.0  0.0  1.1  1.1  2.1  2.6  0.4  0.0  0.2  0.0  0.0  0.4  0.0  0.0
  1.1  0.4  0.4  1.9  0.2  0.4  0.2  0.0  0.2  0.2  0.2  0.0  3.4  3.0  0.0
  6.8  0.6  0.4  7.9  3.8  1.1  5.1  6.6  0.0  0.0  0.0  0.0  0.0  0.0  0.0
  0.4  0.6  0.0  0.0  0.0  0.0  0.2  8.7  4.1  2.8 11.5 19.2  1.5  8.7  4.3
  4.9  4.1  1.7  1.5  1.5  1.1  0.9 20.7 11.9 18.5  0.6  3.2 10.4  3.2  0.0
     -1.76      1.75      1.72     -0.83      3.77  2.1  0.0  0.0  0.0  0.0
                                         4000_story_2019.txt 31.5  4.2 5410
 17.0  3.5  0.7 50.1  4.8  0.7  3.1  2.2 21.4 15.3  1.5  0.7  0.2  5.5  0.6
  2.8  0.6  5.9 30.5  0.9  1.1214.0112.0 33.6 66.4 56.7 12.9  5.9  2.2  2.8
  1.8  2.0 25.0  6.8  8.7 37.7 10.4  3.3  0.7  1.5  4.1  2.4  5.0  8.7  0.7
  1.3  5.2  7.0  3.3  6.8 13.3 39.9 10.7  1.5  6.8 62.3 83.0  2.2132.5  6.5
  1.5  1.3  0.0  0.0  0.0  0.0  0.0  0.0  0.0  0.0  0.0  0.0  0.0  0.0  0.0
  0.0  0.0  0.0  3.7  1.8  4.6  1.7  0.6  0.6  0.4  0.0  0.0  0.0  0.0  0.6
  0.7  1.3  0.6  1.1  0.0  1.3  0.2  0.4  0.2  0.7  0.0  0.2  2.0  2.6  0.0
 11.8  1.5  0.0 13.3  4.3  2.0  7.0  4.8  0.0  0.0  0.0  0.0  0.0  0.0  0.0
  0.0  0.2  0.4  0.0  0.0  0.7  0.2  6.1  3.3  3.1  9.6 17.4  2.6 10.0  7.2
  5.5  2.4  0.7  1.3  0.9  2.2  0.0 24.0 13.7 23.1  0.2  3.1  9.4  3.0  0.0
      2.43      2.56      1.18     -2.00      1.80  1.7  0.6  0.0  0.0  0.0
                                         4000_story_2020.txt 32.5  4.2 3990
 10.5  2.3  7.5 46.9  9.5  1.3  2.8  3.3 20.3  9.3  2.5  0.3  0.8  2.8  0.5
  2.5  1.8  6.5 19.5  1.0  1.5241.9123.1 41.6 64.7 51.9  9.8  6.3  3.0  2.8
  1.8  2.8 27.1  4.3  8.8 33.3 11.3  2.8  1.0  2.0  1.8  1.3  5.0  7.3  1.8
  2.8  3.0  2.5  1.8  5.0 11.0 27.6 11.8  2.8  7.5 68.7 81.7  3.5127.3  9.3
  3.0  0.8  0.0  0.0  0.0  0.0  0.0  0.0  0.0  0.0  0.0  0.0  0.0  0.0  0.0
  0.0  0.0  0.0  1.8  0.8  2.0  1.8  0.5  0.3  0.0  0.0  0.0  0.5  0.0  0.3
  0.5  1.8  1.0  1.3  0.3  1.0  0.0  0.0  0.0  0.8  0.3  0.3  2.8  0.3  0.0
  6.3  0.8  0.5  7.5  4.8  1.3  6.8  3.5  0.0  0.0  0.0  0.0  0.0  0.0  0.0
  0.5  0.5  0.0  0.0  0.0  0.0  0.0 10.0  5.5  2.8 13.0 16.3  3.5  8.8 10.5
  3.0  3.3  1.3  1.3  1.3  2.3  0.8 21.8 11.3 16.8  1.0  2.3 10.3  3.3  0.0
     -1.42      1.75      2.93     -3.38      2.85  0.8  0.0  0.0  0.0  0.0
                                         4000_story_2025.txt 31.8  4.2 5443
 10.5  2.8  2.4 51.6  7.9  0.0  5.7  3.5 22.4 18.9  2.8  0.0  0.4  4.6  0.2
  2.6  1.1  6.6 26.6  0.6  2.6226.0116.3 30.3 64.9 34.9 10.7  4.8  2.8  3.5
  2.0  2.2 26.3  7.3  8.8 41.7 10.7  7.2  0.4  1.8  3.1  3.9  7.3 11.9  1.7
  0.7  8.1  4.2  2.4  4.4 16.9 38.8 14.3  1.7  8.3 58.8 65.2  4.0128.4  5.5
  2.2  0.2  0.0  0.0  0.0  0.0  0.0  0.0  0.0  0.0  0.0  0.0  0.0  0.0  0.0
  0.0  0.0  0.0  1.1  0.9  3.3  1.7  0.2  0.0  0.0  0.0  0.0  0.0  0.2  0.4
  0.0  0.7  0.6  0.7  0.2  0.2  0.4  0.2  0.4  0.9  0.0  0.2  3.9  1.1  0.0
  7.0  0.2  0.2  7.3  2.4  1.3  4.6  5.1  0.0  0.0  0.0  0.0  0.0  0.0  0.0
  0.4  0.7  0.0  0.0  0.0  0.0  0.6  5.0  2.6  1.7 10.7 13.0  2.9  8.3  7.3
  3.9  2.9  1.8  0.7  0.9  1.5  0.0 25.7  8.3 18.2  1.1  3.3  8.8  3.1  0.0
      2.45      0.89      1.76     -0.92      4.29  0.6  0.2  0.2  0.0  0.0
                                         4000_story_2026.txt 32.0  4.2 4550
 14.1  6.2 13.0 58.7 11.2  1.1  4.0  2.9 28.4 26.8  1.8  0.0  1.1  3.5  0.7
  3.5  1.8  5.9 22.9  0.7  2.2210.3112.1 25.3 68.6 45.3 11.9  8.8  3.5  3.5
  2.4  2.2 22.9  7.0  7.5 41.3 14.5  7.9  0.4  2.9  2.9  3.5  7.7 10.1  0.7
  1.8  6.8  5.1  2.6  5.9 16.7 34.7 12.5  2.4  9.5 51.0 84.8  4.0141.1  7.3
  3.7  0.4  0.0  0.0  0.0  0.0  0.0  0.0  0.0  0.0  0.0  0.0  0.0  0.0  0.0
  0.0  0.0  0.0  3.7  0.4  2.4  5.1  0.7  0.2  0.0  0.0  0.0  0.2  0.2  0.7
  0.4  1.3  1.1  1.8  0.2  1.8  0.4  0.2  0.2  0.9  0.4  0.2  3.3  0.9  0.0
 11.6  0.9  0.4 13.0  5.3  2.9  9.0  4.8  0.0  0.0  0.0  0.0  0.0  0.0  0.0
  0.7  0.4  0.2  0.0  0.0  0.2  0.2  5.9  4.2  5.1 13.4 11.6  2.4  9.9  6.4
  2.0  0.7  3.1  0.2  0.2  2.2  0.2 21.3 14.3 22.4  1.8  2.0  7.3  2.0  0.0
      7.11      2.45      2.84     -0.51      3.79  2.0  0.4  0.2  0.0  0.0
                                         4000_story_2027.txt 29.8  4.2 4611
 21.0  5.2 13.0 67.2  8.7  1.5  4.8  4.3 24.1 27.5  2.4  0.2  0.7  4.3  0.4
  3.7  0.7  8.2 28.2  0.9  1.7204.9105.0 27.1 64.2 38.0 10.8  9.5  3.3  3.5
  2.4  1.7 21.3  8.0  7.2 45.5 15.8  7.6  0.9  3.0  5.2  4.6  8.7 13.0  0.2
  0.7  8.7  3.9  3.5  6.3 21.0 41.9 13.9  1.5  9.1 55.3 70.7  3.3147.7  5.2
  0.9  0.7  0.0  0.0  0.0  0.0  0.0  0.0  0.0  0.0  0.0  0.0  0.0  0.0  0.0
  0.0  0.0  0.0  1.3  1.7  3.7  3.7  1.7  0.0  0.7  0.0  0.0  0.0  0.4  0.4
  0.4  1.7  0.7  1.7  0.7  1.3  1.1  0.2  0.2  1.1  0.2  0.2  3.3  1.3  0.0
 10.4  2.4  0.4 13.2  5.0  3.5  9.5  5.0  0.0  0.0  0.0  0.0  0.0  0.0  0.0
  0.4  1.5  0.9  0.0  0.2  0.2  0.2  7.4  4.8  3.9  9.8 15.4  2.2 10.4  8.9
  4.8  1.1  1.1  1.5  1.5  0.9  0.0 29.7 15.2 27.3  0.7  2.0 10.8  2.2  0.0
      8.75      1.92      1.92      1.16      4.14  0.7  0.2  0.0  0.0  0.0
                                         4000_story_2029.txt 29.0  4.0 4654
 23.2  4.9 14.8 77.1 21.9  1.9  4.9  9.0 56.3 17.6  2.4  0.6  0.0  6.9  0.6
  4.7  1.1  9.2 29.7  2.4  1.7177.9 95.0 21.3 64.5 32.7 13.5  7.7  0.6  1.5
  0.9  2.6 21.9  9.2 10.1 41.9 12.2  8.4  1.1  4.7  7.3  2.8  6.7  6.2  0.0
  0.4  5.8  3.9  2.4  8.4 24.9 43.4  6.7  3.4  3.0 52.2110.9  5.2154.5 11.0
  3.4  1.5  0.0  0.0  0.0  0.0  0.0  0.0  0.0  0.0  0.0  0.0  0.0  0.0  0.0
  0.0  0.0  0.0  1.9  1.7  2.8  4.5  0.6  1.3  0.0  0.2  0.0  0.0  0.0  0.9
  1.7  2.1  1.9  1.3  0.2  1.1  0.2  0.2  0.0  0.4  0.0  0.0  6.4  1.5  0.0
 11.0  1.9  0.2 13.1  8.0  1.7 10.1  8.0  0.0  0.0  0.0  0.0  0.0  0.0  0.0
  0.4  0.6  0.0  0.0  0.0  0.0  0.4  7.3  3.2  2.4  7.5 12.0  1.7 11.6  6.7
  3.0  1.9  2.6  0.6  0.4  0.4  0.0 33.1 17.0 28.4  1.7  3.9 11.2  2.8  0.0
     17.88      1.88     -2.63      2.48      1.62  1.1  0.0  0.0  0.0  0.0
                                         4000_story_2034.txt 32.8  4.0 3613
 14.4 10.2  0.6 55.6  8.3  1.1  4.7  2.2 53.4 17.4  1.7  0.8  0.3  3.3  0.3
  2.5  0.6  7.5 25.5  1.1  1.1177.4107.1 22.7 73.6 58.4 10.2 15.2  2.8  3.9
  1.7  2.2 22.7  6.4  7.7 36.5 16.6  8.0  0.8  4.2  5.5  2.8  5.3 10.8  1.1
  0.8  9.1  5.3  3.0  5.8 21.0 41.8 12.7  1.7  8.3 49.3120.1  3.9149.7  5.3
  2.5  1.1  0.0  0.0  0.0  0.0  0.0  0.0  0.0  0.0  0.0  0.0  0.0  0.0  0.0
  0.0  0.0  0.0  8.9  1.4  2.5  3.6  0.6  0.8  0.0  0.0  0.3  0.0  0.0  0.0
  0.3  1.9  0.8  1.9  0.0  1.1  0.3  0.0  0.6  0.6  0.6  0.0  4.7  0.3  0.0
 16.3  1.4  0.3 18.0  5.0  1.9  7.5  5.5  0.0  0.0  0.0  0.0  0.0  0.0  0.0
  0.6  0.3  0.0  0.0  0.0  0.0  0.0  7.2  6.6  4.2  9.1  9.4  4.4  6.9  5.0
  3.9  1.7  1.1  0.6  1.1  1.9  0.3 27.4 23.2 18.5  1.1  2.8  9.7  2.2  0.0
      6.91      4.08      2.27      1.20      2.42  0.6  0.0  0.0  0.0  0.0
                                         4000_story_2035.txt 33.0  4.1 1943
 20.1 11.3 10.8 63.3 12.9  1.0  1.5  4.6 73.6 11.3  2.6  0.0  0.0  3.6  0.5
  2.6  0.0  6.2 20.6  1.0  1.5186.3107.1 48.4 60.2 59.2 16.0 14.9  0.5  2.6
  2.1  2.6 22.1  6.2  4.1 30.4 18.5  7.2  0.5  0.5  3.1  2.1  5.7  2.1  1.5
  4.1  4.6  3.6  3.1  5.1 16.5 28.3  7.7  1.0  5.1 79.8145.7  1.0150.8 11.8
  3.6  0.0  0.0  0.0  0.0  0.0  0.0  0.0  0.0  0.0  0.0  0.0  0.0  0.0  0.0
  0.0  0.0  0.0  6.2  1.5  6.7  2.6  0.5  0.0  0.0  0.0  0.0  0.5  0.0  0.0
  0.0  5.1  2.1  1.5  0.0  0.5  2.1  0.5  0.0  1.0  0.0  0.0  5.1  1.5  0.0
 17.0  0.5  0.5 18.0  8.7  3.1 12.9  6.7  0.0  0.0  0.0  0.0  0.0  0.0  0.0
  0.5  0.0  0.0  0.0  0.0  0.0  0.5 26.2  1.0  4.1  8.2  8.7  1.5  7.2  3.1
  1.5  3.6  5.1  0.0  2.1  1.0  1.5 28.3 23.7 27.8  3.1  2.1  9.3  3.1  0.0
      4.25      4.72      2.22     -2.20      2.74  0.0  0.0  1.0  0.0  0.0
                                         4000_story_2036.txt 30.3  4.1 2918
 13.7  6.2  9.9 52.8  6.9  1.7  1.7  3.1 30.2 18.8  2.1  0.3  1.4  2.7  0.0
  3.4  1.0  5.1 28.4  0.7  2.4188.5102.8 31.2 78.5 90.8  9.3 13.4  0.0  1.0
  0.3  5.1 21.9  6.5  5.5 40.8 14.1  9.9  1.0  0.7  1.4  2.4  7.5  7.2  1.4
  0.7  3.8  1.4  3.8  4.8 16.4 38.4  9.3  1.7  1.4 65.5127.8  4.1153.9 10.6
  1.4  0.3  0.0  0.0  0.0  0.0  0.0  0.0  0.0  0.0  0.0  0.0  0.0  0.0  0.0
  0.0  0.0  0.0  3.1  1.0  2.1  3.1  0.3  0.0  0.0  0.0  0.3  0.0  0.0  0.0
  0.3  1.0  1.4  1.0  0.0  2.1  0.0  0.7  0.0  0.0  0.3  0.7  2.4  1.0  0.0
  9.3  0.3  0.3  9.9  3.8  2.7  6.5  4.5  0.0  0.0  0.0  0.0  0.0  0.0  0.0
  0.3  0.3  0.3  0.0  0.0  0.0  0.7 19.2  4.5  1.0  9.3 16.1  1.4 11.7  5.1
  3.4  1.0  2.7  0.3  1.7  0.3  0.3 27.4 18.5 23.0  0.3  5.5  6.5  3.8  0.0
      5.15      5.14     -0.56     -1.98      3.45  1.0  0.0  0.3  0.0  0.0
                                         4000_story_2038.txt 31.3  4.2 4109
 15.8  6.6  6.6 54.5 10.5  0.5  1.0  4.9 47.7 11.0  2.4  0.2  0.5  3.2  0.5
  4.1  0.5  5.1 28.0  0.5  1.2194.7102.0 27.3 83.2 72.0 15.8 12.7  1.0  2.4
  0.7  2.4 22.4  5.6  7.8 32.9 14.6 10.5  2.2  1.7  3.2  3.7  2.7  6.6  0.7
  1.7  7.3  4.9  2.2  7.1 18.7 39.7  9.0  1.0  4.1 64.2130.2  1.5157.7  9.2
  2.7  0.0  0.0  0.0  0.0  0.0  0.0  0.0  0.0  0.0  0.0  0.0  0.0  0.0  0.0
  0.0  0.0  0.0  3.7  1.7  3.2  3.4  0.5  0.2  0.2  0.0  0.0  0.2  0.2  0.5
  1.0  1.5  0.5  1.0  0.2  1.5  0.0  0.2  0.0  0.0  0.2  0.2  4.6  1.0  0.0
 11.9  1.0  0.5 13.4  4.4  1.9  6.3  6.1  0.0  0.0  0.0  0.0  0.0  0.0  0.0
  0.7  1.0  0.0  0.0  0.0  0.0  0.0 10.7  6.1  4.6  9.7  9.2  1.5  7.3  3.9
  2.9  0.7  0.5  0.2  1.0  0.7  1.5 31.2 22.1 25.6  1.7  3.4  8.8  2.2  0.0
      3.67      5.60      0.13      0.33      0.15  1.0  0.0  0.0  0.2  0.0
                                         4000_story_2043.txt 31.3  4.1 4234
 14.9  3.8  1.9 56.9  2.6  0.9  3.3  4.0 74.6 24.1  3.1  0.7  0.2  3.1  0.7
  1.7  2.6  5.0 28.3  1.7  1.7181.4107.0 38.5 67.5 42.0 16.8  4.0  0.7  1.4
  1.4  2.1 21.7  7.6 11.1 39.2  9.2  6.1  1.2  2.6  2.1  2.4  5.2  5.2  0.2
  1.7  8.3  1.7  2.1  6.4 13.2 42.0  7.1  4.3  3.5 70.6119.3  2.6145.3 13.9
  4.5  0.0  0.0  0.0  0.0  0.0  0.0  0.0  0.0  0.0  0.0  0.0  0.0  0.0  0.0
  0.0  0.0  0.0  1.4  0.7  0.9  2.1  0.2  0.0  0.0  0.0  0.2  0.2  0.0  0.5
  0.7  0.5  1.2  1.4  0.0  0.7  0.0  0.0  0.0  0.7  0.0  0.0  3.3  1.4  0.0
  5.2  0.2  0.5  5.9  4.3  0.7  5.7  4.7  0.0  0.0  0.0  0.0  0.0  0.0  0.0
  0.7  0.0  0.0  0.0  0.0  0.2  0.0 10.4  3.3  3.3  9.2 15.8  2.1  7.8  7.8
  1.4  3.1  2.1  0.2  0.2  0.5  0.7 29.5 13.5 24.3  1.4  5.4 11.3  2.6  0.0
      9.59      2.33     -1.97     -1.62      1.12  0.9  0.0  0.2  0.0  0.0
                                         4000_story_2046.txt 29.3  4.0 2299
 16.1  8.3 18.3 76.6 24.4  1.3  0.4  2.6 59.2 19.6  3.0  0.4  0.0  4.3  0.0
  1.3  1.7  3.0 24.4  1.7  2.6177.9 98.7 15.7 80.5 66.1 13.5 19.1  0.0  1.3
  0.4  0.9 15.7  4.3 11.7 39.1 13.5 13.0  5.2  3.5  2.6  2.2  4.3  5.7  0.4
  0.4  5.2  4.3  1.7  4.8 18.7 34.4  6.5  3.5  1.7 40.5149.6  3.5170.9 13.5
  0.4  0.9  0.0  0.0  0.0  0.0  0.0  0.0  0.0  0.0  0.0  0.0  0.0  0.0  0.0
  0.0  0.0  0.0  4.8  3.5  1.3  2.2  0.9  0.9  0.4  0.0  0.0  0.4  0.4  0.4
  1.3  0.9  1.7  0.4  0.4  1.3  0.4  0.0  0.0  0.0  0.0  0.0  3.5  1.3  0.0
 11.7  2.2  0.9 14.8  4.8  2.2  7.0  4.8  0.0  0.0  0.0  0.0  0.0  0.0  0.0
  1.3  1.3  0.0  0.0  0.0  0.0  0.0 10.9  3.9  3.5  9.1 15.2  1.3  9.6  5.7
  3.9  0.9  1.3  0.9  0.4  0.9  0.0 36.5 30.0 23.9  0.4  2.6  7.8  6.5  0.0
     11.05      6.00     -3.49      1.88      0.42  0.9  0.4  0.0  0.0  0.0
                                         4000_story_2047.txt 33.3  4.1 3859
 21.2  7.0  4.1 61.2  9.1  1.0  3.1  2.9 69.4 14.0  1.3  1.8  0.3  3.4  0.0
  1.6  0.5  6.2 23.6  1.0  2.1187.4104.9 32.9 76.7 71.0 18.7  9.8  0.8  1.3
  0.3  3.1 29.8  2.6  6.0 28.0 13.7 11.7  2.3  1.6  2.9  2.6  4.9  4.1  0.5
  1.3  5.7  3.9  3.4  4.7 20.7 35.8  6.0  1.6  2.3 63.7149.5  3.4158.6 11.1
  2.9  0.3  0.0  0.0  0.0  0.0  0.0  0.0  0.0  0.0  0.0  0.0  0.0  0.0  0.0
  0.0  0.0  0.0  1.3  1.3  4.4  3.6  0.5  0.0  0.0  0.0  0.0  0.0  0.3  0.3
  0.5  1.0  1.0  1.0  0.0  0.3  0.0  0.0  0.0  0.8  0.3  0.3  1.6  1.0  0.0
 10.6  0.5  0.3 11.4  3.9  0.3  4.9  3.1  0.0  0.0  0.0  0.0  0.0  0.0  0.0
  0.5  0.0  0.0  0.0  0.0  0.0  0.0 13.2  6.5  2.1 10.9  6.5  2.6  7.8  2.9
  2.3  2.1  2.9  0.5  0.5  0.3  0.8 31.6 20.7 29.3  0.5  1.3 10.1  4.4  0.0
      5.48      5.36      1.45      0.02      0.90  1.0  0.0  0.0  0.0  0.0
                                         4000_story_2051.txt 35.0  4.3 2403
 12.5  3.7  7.1 45.8  6.2  2.1  0.8  2.1 33.3 15.0  2.5  0.4  0.0  7.5  0.4
  2.9  1.2  4.2 22.9  1.2  2.5216.0103.6 37.0 80.7 63.7  9.6 12.1  1.2  2.5
  0.4  2.5 23.7  5.4  7.1 42.0  8.3  7.9  1.7  1.2  2.9  2.9  5.4  5.0  1.7
  3.3  6.2  2.9  3.3  1.2 15.0 33.3 10.0  2.5  4.2 65.3103.2  2.5144.8  9.2
  2.5  0.0  0.0  0.0  0.0  0.0  0.0  0.0  0.0  0.0  0.0  0.0  0.0  0.0  0.0
  0.0  0.0  0.0  1.7  1.2  1.2  3.3  0.0  0.0  0.0  0.0  0.0  0.4  0.4  0.0
  0.4  1.2  0.8  2.1  0.4  0.4  0.0  0.0  0.0  0.4  0.8  0.8  2.5  0.8  0.0
  7.5  0.0  0.8  8.3  4.6  0.8  5.8  5.0  0.0  0.0  0.0  0.0  0.0  0.0  0.0
  1.2  1.7  0.0  0.0  0.0  0.0  0.0 12.9  8.7  5.8 10.8 15.0  1.2  8.7  4.6
  2.5  2.5  5.0  0.8  0.8  0.4  0.0 35.0 18.3 15.8  0.8  4.6  8.3  2.5  0.0
      3.15      3.83     -0.11     -1.07      2.87  2.1  0.4  0.4  0.0  0.0
                                         4000_story_2053.txt 32.8  3.9 3356
 14.9  6.6 15.5 49.2  8.0  1.2  4.2  3.0 84.3 35.8  0.3  0.9  0.0  6.6  0.6
  2.4  0.6  6.6 24.1  1.5  3.3163.6 90.6 20.3104.9 47.7 13.7 15.8  1.2  2.7
  0.0  3.0 16.7  4.8  9.8 41.7 17.3  8.9  3.6  2.4  2.1  3.6  7.7  6.6  0.0
  1.2  4.5  4.2  1.2  2.4 17.6 34.9  7.7  2.1  3.9 43.5140.0  5.1175.5 10.7
  0.9  0.3  0.0  0.0  0.0  0.0  0.0  0.0  0.0  0.0  0.0  0.0  0.0  0.0  0.0
  0.0  0.0  0.0  5.1  1.8  2.7  3.0  0.3  0.0  0.0  0.0  0.0  0.3  0.0  0.3
  0.9  3.0  1.5  1.8  0.0  1.8  0.3  0.0  0.0  1.5  0.3  0.3  5.7  2.4  0.0
 12.5  0.3  0.3 13.1  7.4  2.1 11.0  8.6  0.0  0.0  0.0  0.0  0.0  0.0  0.0
  0.0  1.5  0.0  0.3  0.0  0.6  0.6 11.6  3.6  3.0  9.8 13.4  0.9  5.7  3.0
  2.4  1.5  1.8  0.9  0.9  1.2  0.3 39.9 23.8 24.4  1.5  2.4 10.1  6.6  0.0
     14.19      5.40     -1.35      0.18      2.59  0.9  0.0  0.3  0.0  0.0
                                         4000_story_2054.txt 34.0  4.1 2325
 16.3  6.5 17.6 48.2 16.3  1.3  3.0  2.6 45.6 11.2  1.7  0.0  0.0  3.4  0.0
  1.3  1.3  4.3 26.2  0.4  3.0202.6115.7 30.5 83.4 79.6  5.6 17.6  0.4  2.2
  0.0  3.9 21.9  8.6  7.3 37.0 11.2  9.0  2.6  3.4  3.4  1.3  3.9  4.7  0.4
  1.7  3.4  4.3  3.9  5.2 16.8 37.0  6.9  1.7  2.6 62.8141.5  3.9158.7 17.6
  0.4  0.4  0.0  0.0  0.0  0.0  0.0  0.0  0.0  0.0  0.0  0.0  0.0  0.0  0.0
  0.0  0.0  0.0  3.4  0.9  2.2  4.3  0.9  0.0  0.0  0.0  0.0  0.0  0.0  0.4
  0.0  0.4  0.4  3.0  0.0  0.4  0.4  0.0  0.0  0.0  0.9  0.0  2.6  1.7  0.0
 10.8  0.9  0.0 11.6  4.3  0.9  5.2  5.2  0.0  0.0  0.0  0.0  0.0  0.0  0.0
  1.3  1.3  0.0  0.0  0.0  0.0  0.4 10.3  2.2  4.3  8.2 18.9  1.7  9.9  7.3
  4.3  1.3  2.6  0.9  0.0  0.4  0.4 32.3 22.8 19.8  1.7  6.0  8.2  5.6  0.0
      3.44      4.89     -1.45      0.10      0.40  0.4  0.4  0.0  0.0  0.0
                                         4000_story_2056.txt 33.8  4.3 2384
 11.7  2.9 10.1 47.8 14.3  0.4  4.6  2.1 37.3 13.8  1.7  0.8  0.0  4.2  0.0
  0.8  1.3  2.5 20.6  0.8  3.8185.0104.9 33.1 81.4 75.1 14.3 12.2  0.4  2.5
  0.4  1.7 41.9  8.0  7.6 33.6 17.2 13.4  2.1  2.5  2.5  2.9  4.2  7.1  0.8
  1.7  5.0  2.9  3.4  5.0 18.5 30.6  9.6  2.1  3.4 61.7126.7  2.9158.1 15.1
  1.7  0.8  0.0  0.0  0.0  0.0  0.0  0.0  0.0  0.0  0.0  0.0  0.0  0.0  0.0
  0.0  0.0  0.0  1.7  0.4  2.5  4.2  0.4  0.4  0.4  0.0  0.0  0.8  0.0  1.7
  0.8  2.1  2.1  1.7  0.4  1.3  0.0  0.0  0.0  1.3  0.8  0.0  3.8  0.4  0.0
  8.8  1.3  0.8 10.9  8.4  1.7 11.3  5.0  0.0  0.0  0.0  0.0  0.0  0.0  0.0
  1.3  0.8  0.4  0.8  0.0  0.0  0.0 16.8  6.7  2.5  7.6 12.2  2.1  5.9  4.2
  2.1  2.1  1.7  0.0  0.4  1.3  0.0 38.2 22.2 18.9  1.7  0.8  8.8  4.6  0.0
      1.63      5.28     -0.01      0.78      1.26  0.4  0.0  0.4  0.0  0.0
                                         4000_story_2057.txt 34.5  4.4 3978
 14.1  2.5  1.3 42.0  3.8  0.5  2.5  4.5 12.6 15.6  1.8  0.5  0.3  3.3  0.0
  2.0  0.5  5.3 31.4  1.0  2.3211.9112.4 35.2 76.9 75.2 18.1  7.0  1.0  1.5
  0.8  3.5 21.1  6.5  6.5 42.0 14.1  9.6  1.0  1.5  1.0  3.3  7.5  4.3  0.8
  0.3  9.3  5.3  3.5  5.0 15.8 46.3  5.3  1.5  3.3 70.4 91.5  2.8143.5  9.6
  2.5  0.5  0.0  0.0  0.0  0.0  0.0  0.0  0.0  0.0  0.0  0.0  0.0  0.0  0.0
  0.0  0.0  0.0  1.0  2.0  3.5  1.5  0.3  0.5  0.0  0.0  0.0  0.8  0.3  0.5
  1.3  1.5  0.5  1.3  0.0  0.5  0.0  0.0  0.0  0.3  0.0  0.5  3.3  1.5  0.0
  8.0  0.8  1.0  9.8  5.0  0.5  5.8  5.3  0.0  0.0  0.0  0.0  0.0  0.0  0.0
  0.8  0.8  0.3  0.0  0.0  0.0  0.5 10.1  4.5  4.0  5.0 12.8  2.3  8.0  6.5
  1.3  2.3  3.3  0.8  0.3  0.3  0.3 27.9 13.6 23.9  0.3  4.8  8.5  4.0  0.0
     -0.17      4.93     -0.40     -1.53      2.40  0.8  0.0  0.3  0.0  0.0
                                         4000_story_2063.txt 31.5  4.0 4700
 18.7 15.1 27.0 69.4 17.2  1.5  5.3  3.4 36.2 20.0  0.9  0.6  1.1  4.9  1.7
  2.3  0.4  7.4 20.6  0.2  3.2174.7100.9 19.1 77.4 96.2 18.3 16.0  0.4  1.1
  1.1  2.1 18.1  8.9  8.5 39.4 14.9  7.7  1.5  3.2  1.5  1.7  5.5  2.8  0.0
  1.5  9.4  3.2  4.5  4.9 16.6 36.0  4.3  0.6  2.6 49.4149.6  4.0163.6  8.3
  4.0  0.0  0.0  0.0  0.0  0.0  0.0  0.0  0.0  0.0  0.0  0.0  0.0  0.0  0.0
  0.0  0.0  0.0  8.7  0.6  6.2  3.6  0.2  0.0  0.0  0.0  0.0  0.2  0.0  0.9
  0.6  1.7  2.1  2.1  0.2  0.2  0.4  0.0  0.0  0.6  0.4  0.2  4.9  3.0  0.0
 19.1  0.2  0.2 19.6  7.4  0.9  8.9  8.5  0.0  0.0  0.0  0.0  0.0  0.0  0.0
  0.4  0.2  0.6  0.0  0.0  0.2  0.6 15.1  4.9  3.8 11.5  6.0  3.6 11.5  1.7
  1.3  0.6  3.2  0.0  1.7  0.6  0.0 33.4 26.0 28.9  0.9  3.4 10.4  3.0  0.0
     12.32      7.57     -2.53     -1.46      0.73  0.9  0.0  0.0  0.0  0.0
                                         4000_story_2064.txt 31.3  4.3 3397
  8.5  2.6  3.2 34.4  3.2  0.9  2.6  2.9 37.7 15.3  0.6  0.6  0.3  2.1  0.0
  3.5  0.6  2.9 25.0  0.0  1.2219.9118.6 39.4 70.4 53.6 15.0  6.5  0.9  2.1
  2.6  5.6 36.8  7.1  8.2 37.1 13.2  4.4  0.6  1.2  2.9  3.2  6.2  7.1  1.2
  0.3  7.4  3.8  2.1  2.6 10.3 39.7  8.5  0.6  5.6 73.9 94.5  1.5127.2  7.9
  3.5  0.0  0.0  0.0  0.0  0.0  0.0  0.0  0.0  0.0  0.0  0.0  0.0  0.0  0.0
  0.0  0.0  0.0  3.2  2.1  1.5  2.1  0.3  0.0  0.0  0.0  0.3  0.6  0.3  1.5
  0.3  0.6  2.1  1.5  0.0  0.6  0.3  0.0  0.3  1.2  0.9  0.9  2.4  0.9  0.0
  8.8  0.3  1.2 10.3  5.9  1.2  8.2  5.0  0.0  0.0  0.0  0.0  0.0  0.0  0.0
  1.5  0.3  0.0  0.0  0.0  0.0  0.0 14.7  4.1  4.7 15.9 13.5  0.9  5.0  5.6
  2.1  2.6  1.8  0.3  0.6  0.0  0.3 25.3 12.7 11.5  1.2  3.8  9.1  4.4  0.0
     -4.13      3.05      3.01     -2.13      2.31  0.6  0.3  0.0  0.0  0.0
                                         4000_story_2067.txt 31.5  3.9 3393
 20.0  4.1 59.2 82.2 22.4  2.7  2.7  1.8 56.9  8.0  3.2  0.0  1.2  7.4  2.1
  0.6  0.3  6.8 26.5  1.5  3.2240.8 83.7 28.0 64.8 48.0 12.4 13.9  0.6  2.1
  0.3  2.1 15.6  7.1 13.0 38.3 14.7 13.0  1.5  3.5  3.5  2.4  5.0  7.4  0.0
  2.1  4.7  2.1  2.1  3.5 23.3 36.8  9.4  1.8  2.9 57.8127.3  4.7158.3  2.1
  1.8  0.0  0.0  0.0  0.0  0.0  0.0  0.0  0.0  0.0  0.0  0.0  0.0  0.0  0.0
  0.0  0.0  0.0  1.8  2.4  2.1  1.2  0.0  0.0  0.0  0.0  0.0  0.0  0.3  0.3
  0.6  3.5  1.5  0.6  0.0  0.0  0.0  0.0  0.0  0.3  0.0  0.3  2.9  2.9  0.0
  7.4  0.0  0.3  7.7  6.5  0.0  6.8  6.2  0.0  0.0  0.0  0.0  0.0  0.0  0.0
  0.3  0.6  0.3  0.0  0.0  0.0  0.0  7.4  3.5  3.2  7.7 10.6  1.5  8.3  5.0
  3.8  2.4  0.9  0.9  1.5  0.0  0.0 28.0 18.3 28.0  3.8  1.8  8.5  3.8  0.0
     12.03      3.49     -3.54      1.19      1.29  0.3  0.0  0.3  0.0  0.0
                                         4000_story_2068.txt 30.5  4.0 5586
 16.8  4.7 53.0 58.2  5.9  1.1  2.7  3.0 39.6 17.0  2.5  0.2  0.5  5.5  2.3
  0.4  0.0  7.2 27.0  1.3  3.6228.1 94.3 39.0 74.5 55.9 14.1  9.5  0.9  2.9
  0.0  2.1 17.0  6.4 13.4 39.6 14.7  6.6  0.7  3.8  3.0  1.4  4.1  6.1  0.7
  1.6  6.6  1.3  0.7  3.6 16.8 39.7  8.4  1.3  3.8 65.3101.3  3.6152.5  4.8
  3.2  0.0  0.0  0.0  0.0  0.0  0.0  0.0  0.0  0.0  0.0  0.0  0.0  0.0  0.0
  0.0  0.0  0.0  3.8  0.9  1.6  1.4  0.2  0.2  0.0  0.0  0.2  0.0  0.0  0.2
  0.5  1.6  1.3  1.4  0.2  0.4  0.2  0.0  0.0  0.4  0.0  0.4  3.4  2.1  0.0
  7.7  0.4  0.2  8.2  5.0  0.7  6.1  5.9  0.0  0.0  0.0  0.0  0.0  0.0  0.0
  1.8  0.7  0.0  0.0  0.2  0.0  0.4  6.4  5.7  2.9  7.5  8.1  1.3  9.1 10.6
  5.7  4.8  5.5  1.1  2.3  0.4  0.9 36.3 15.9 22.6  1.6  2.5 10.6  4.3  0.0
      7.91      3.68     -3.13     -1.07      0.94  0.7  0.0  0.0  0.0  0.0
                                         4000_story_2069.txt 34.8  3.9 4022
 18.6  6.2 51.5 75.8  8.0  1.7  2.5  5.0 63.9 14.4  7.7  0.2  0.5  5.0  1.7
  1.0  0.5  9.2 30.6  0.7  3.5201.6 93.7 37.5 68.6 53.7 17.4  8.0  0.2  1.5
  0.0  1.2 14.4  6.0 12.9 35.8 19.4  8.5  2.5  5.0  4.2  3.5  4.2  9.4  0.0
  1.0  9.0  4.5  1.7  4.2 21.9 46.0 10.4  1.2  1.7 71.9125.6  2.7163.1  2.5
  2.2  0.0  0.0  0.0  0.0  0.0  0.0  0.0  0.0  0.0  0.0  0.0  0.0  0.0  0.0
  0.0  0.0  0.0  3.0  2.7  3.2  1.0  0.7  0.0  0.0  0.0  0.0  0.0  0.0  0.5
  0.2  2.7  2.2  0.7  0.0  0.5  0.7  0.7  0.2  0.7  0.0  0.2  5.7  2.5  0.0
  9.9  0.7  0.0 10.7  6.5  2.2  9.4  8.5  0.0  0.0  0.0  0.0  0.0  0.0  0.0
  0.5  0.0  0.5  0.0  0.0  0.2  0.0  7.5  4.2  2.7  8.0 10.4  1.2  6.0  8.2
  4.5  3.5  7.0  0.0  2.7  0.7  0.5 32.3 16.2 25.6  2.2  2.0 12.9  5.0  0.0
     12.92      3.74     -4.21      1.87      0.77  0.2  0.7  0.2  0.0  0.0
                                         4000_story_2070.txt 34.8  4.4 2717
 11.8  0.7  3.7 40.5  3.7  0.7  3.7  4.0 43.8  7.4  0.7  0.4  0.4  6.3  0.4
  1.8  0.7  3.3 28.0  0.4  1.1246.6132.1 60.7 53.7 27.2  9.2  3.3  1.8  6.3
  1.8  4.4 39.7  4.4  5.5 38.3 12.5  1.1  1.5  3.3  0.7  4.0  2.6  9.9  1.5
  0.7  4.4  1.8  1.1  5.2  5.2 40.5 12.1  1.1  9.9 83.5 74.7  3.3108.9  5.5
  2.6  0.0  0.0  0.0  0.0  0.0  0.0  0.0  0.0  0.0  0.0  0.0  0.0  0.0  0.0
  0.0  0.0  0.0  1.1  0.0  1.1  1.5  0.4  0.0  0.4  0.0  0.0  0.0  0.0  1.5
  0.0  0.4  1.1  0.7  0.0  0.7  0.4  0.7  0.0  0.7  0.4  0.0  5.9  0.7  0.0
  3.7  0.7  0.0  4.4  3.7  1.8  6.3  7.0  0.0  0.0  0.0  0.0  0.0  0.0  0.0
  0.7  0.0  0.0  0.0  0.0  0.0  0.0 13.6  5.5  4.0 14.7  9.9  1.1  6.3 11.8
  4.4  5.5  4.8  0.7  4.0  0.7  1.1 25.4 10.7 17.7  1.8  2.2  3.3  4.0  0.0
     -4.11     -0.37      6.19     -2.39      0.86  1.5  0.7  0.4  0.0  0.0
                                         4000_story_2073.txt 34.0  4.1 4618
 18.4  7.6 53.5 65.8 11.9  1.5  0.9  5.2 45.0 11.5  2.6  0.4  0.4  7.4  0.4
  1.9  0.6  8.4 23.8  0.6  4.3211.3 94.6 29.2 74.7 64.1 13.0 10.8  0.0  1.1
  0.6  3.2 15.8  8.2 11.7 40.7 17.5  7.8  1.5  5.4  4.3  3.0  5.0 10.4  1.1
  0.9  8.2  1.7  0.9  3.5 20.6 41.1 12.3  1.3  1.7 61.7121.0  5.0163.5  6.7
  2.2  0.2  0.0  0.0  0.0  0.0  0.0  0.0  0.0  0.0  0.0  0.0  0.0  0.0  0.0
  0.0  0.0  0.0  3.0  2.6  4.1  3.5  0.4  0.2  0.0  0.0  0.0  0.0  0.4  0.4
  1.7  3.2  0.4  1.5  0.0  0.0  0.4  0.0  0.0  0.9  0.0  0.4  5.6  1.1  0.0
 13.2  0.6  0.4 14.3  7.4  0.4  8.7  7.1  0.0  0.0  0.0  0.0  0.0  0.0  0.0
  0.6  1.3  0.2  0.0  0.0  0.0  0.4  6.7  3.0  4.1 10.4  6.1  2.6  6.3  3.9
  3.5  3.0  1.5  0.2  1.9  0.2  0.4 33.6 19.5 26.9  0.6  3.0 10.2  3.5  0.0
     10.54      4.08     -3.70      1.48      2.17  0.6  0.0  0.0  0.0  0.0
                                         4000_story_2074.txt 32.8  3.9 4986
 16.4  4.2 73.2 78.6 11.6  3.0  2.0  6.0 46.9 13.2  4.0  0.2  0.6  4.4  1.0
  1.6  0.2  7.2 28.5  1.4  2.6224.2 85.0 35.7 65.6 50.9 14.4  9.4  0.0  1.2
  0.2  3.0 16.8  7.0 11.6 42.1 16.2  8.6  1.6  4.8  4.2  3.2  5.0  6.2  0.8
  2.0  7.2  1.2  1.0  5.0 20.1 43.7  9.0  1.6  1.4 67.8109.5  4.4161.7  4.0
  1.6  0.2  0.0  0.0  0.0  0.0  0.0  0.0  0.0  0.0  0.0  0.0  0.0  0.0  0.0
  0.0  0.0  0.0  1.8  1.8  1.0  0.8  0.8  0.2  0.0  0.0  0.0  0.0  0.0  0.0
  0.4  1.0  1.6  0.4  0.0  0.8  1.0  0.4  0.0  1.0  0.0  0.0  4.4  2.0  0.0
  5.4  1.0  0.0  6.4  3.4  2.2  6.6  6.4  0.0  0.0  0.0  0.0  0.0  0.0  0.0
  0.8  0.4  0.2  0.0  0.0  0.0  0.0  6.4  3.4  2.4  7.6 13.0  2.4  8.0  8.0
  4.6  3.8  3.6  0.2  4.8  0.6  0.2 35.5 14.4 23.1  2.0  2.2 10.2  4.2  0.0
     11.02      3.22     -3.78      1.44      1.71  0.0  0.2  0.0  0.0  0.0
                                         4000_story_2075.txt 34.5  4.3 4781
 12.1  1.7  1.3 46.4  3.1  0.8  1.5  2.7 19.9  8.4  1.0  0.4  0.2  4.4  0.8
  1.9  0.4  7.3 25.3  0.4  3.8235.3119.4 64.2 50.8 35.8 12.8  2.3  0.8  4.0
  0.6  4.8 23.2  5.2 11.5 36.0 10.2  2.9  0.6  2.9  2.5  3.3  4.2  7.3  2.1
  1.7  5.2  2.7  3.1  4.2 12.8 38.7 11.1  0.8  5.4 95.2 58.8  1.7116.7  9.0
  4.2  0.8  0.0  0.0  0.0  0.0  0.0  0.0  0.0  0.0  0.0  0.0  0.0  0.0  0.0
  0.0  0.0  0.0  1.5  0.6  2.1  2.7  0.4  0.8  0.0  0.0  0.0  0.0  0.4  0.2
  1.0  1.0  1.0  1.0  0.6  0.2  0.0  0.0  0.2  0.0  0.0  0.0  1.5  0.8  0.0
  6.9  1.3  0.4  8.6  4.4  1.0  5.4  2.3  0.0  0.0  0.0  0.0  0.0  0.0  0.0
  0.0  0.2  0.0  0.0  0.0  0.0  0.0 10.5  3.6  3.3 10.5 12.5  0.2  7.3 17.2
  6.5  6.7  6.7  2.1  1.5  0.6  0.4 27.2  5.9 18.4  0.4  4.2  9.4  2.3  0.0
     -3.99      0.41      0.50     -1.84      2.25  1.3  0.0  0.0  0.0  0.0
                                         4000_story_2076.txt 30.8  4.5 2238
  8.5  0.4  1.3 20.1  0.0  0.0  1.8  2.7  0.0 10.7  0.0  1.8  0.4  3.1  0.4
  3.1  0.0  0.4  4.0  0.0  1.3273.5122.0 53.2 90.3 60.3 17.4  1.8  1.8  2.2
  0.9  2.2 32.6  4.9  2.7 39.8 11.6  4.0  0.0  0.9  1.3  3.1  4.9  8.9  0.9
  2.2  3.1  1.3  1.3  5.4  5.8 12.1 12.1  0.0  4.9 80.4 60.3  4.5128.2  8.0
  1.3  0.0  0.0  0.0  0.0  0.0  0.0  0.0  0.0  0.0  0.0  0.0  0.0  0.0  0.0
  0.0  0.0  0.0  0.0  0.4  1.3  0.9  0.0  0.0  0.0  0.0  0.0  0.0  0.4  0.0
  0.0  0.0  0.4  0.9  0.0  0.0  0.0  0.0  0.0  0.0  0.0  0.9  1.8  0.9  0.0
  2.7  0.0  0.4  3.1  1.3  0.0  1.3  3.6  0.0  0.0  0.0  0.0  0.0  0.0  0.0
  1.8  0.0  0.0  0.0  0.0  0.0  0.0 17.0  6.3  1.8 12.5 17.0  2.7  4.5  4.9
  3.1  3.6  6.3  0.4  3.6  0.4  0.4 28.6  6.3 11.2  0.0  2.2  5.8  5.8  0.0
    -15.27      3.60      2.59     -3.35      2.21  0.4  0.0  0.0  0.0  0.0
                                         4000_story_2077.txt 32.3  4.2 4965
 15.9  4.8 17.1 56.4 15.1  2.2  3.4  2.8 21.6 17.7  1.2  0.4  0.4  5.6  0.0
  1.8  2.2  7.3 11.7  1.0  1.2224.4 96.1 31.2 86.6 85.8 13.3 13.5  1.6  1.4
  0.6  3.4 35.4  5.0  8.1 37.5 13.5  5.8  1.0  3.0  2.0  1.4  5.2  5.0  0.6
  1.8  6.0  2.0  2.4  5.0 15.1 24.6  7.5  3.2  3.6 59.6122.5  4.2161.3  6.4
  0.8  0.6  0.0  0.0  0.0  0.0  0.0  0.0  0.0  0.0  0.0  0.0  0.0  0.0  0.0
  0.0  0.0  0.0  2.4  1.8  3.8  1.6  0.4  0.4  0.0  0.0  0.0  0.0  0.0  0.2
  0.6  1.4  1.8  1.0  0.0  0.6  0.2  0.0  0.4  0.6  0.0  0.2  2.6  0.6  0.0
  9.7  0.8  0.0 10.5  5.0  1.2  6.8  3.4  0.0  0.0  0.0  0.0  0.0  0.0  0.0
  0.6  1.2  0.0  0.0  0.0  0.0  0.0 12.9  2.2  1.8 10.5 15.1  2.4  5.4  5.6
  2.2  1.8  4.0  1.0  1.0  0.2  0.2 31.6 18.9 24.0  1.2  3.0  9.3  5.8  0.0
      4.40      5.99      0.97     -1.99      1.46  1.8  0.0  0.0  0.0  0.0
                                         4000_story_2078.txt 33.0  4.3 4559
 12.7  3.7  8.8 32.2  5.3  0.9  2.6  1.3  8.3  7.9  1.1  0.7  0.7  5.9  0.0
  2.6  0.2  2.9  8.1  0.9  1.5250.7 98.0 32.7100.7 89.3  9.7 13.4  1.1  3.7
  0.7  3.9 27.4  3.1  5.5 30.3 14.0  7.7  3.5  1.8  2.6  2.6  3.7 10.7  0.4
  3.1  4.8  6.6  1.5  5.9 13.2 19.3 14.3  1.1  5.5 58.8102.9  2.6153.1 10.1
  0.2  0.4  0.0  0.0  0.0  0.0  0.0  0.0  0.0  0.0  0.0  0.0  0.0  0.0  0.0
  0.0  0.0  0.0  6.8  1.5  2.6  1.8  0.2  0.0  0.0  0.0  0.0  0.0  0.0  0.7
  0.4  3.5  0.4  0.7  0.0  0.4  0.0  0.0  0.0  0.4  0.2  0.2  2.2  0.4  0.0
 12.7  0.2  0.0 12.9  5.7  0.4  6.6  3.1  0.0  0.0  0.0  0.0  0.0  0.0  0.0
  0.7  0.4  0.2  0.0  0.0  0.0  0.7 17.5  1.8  2.0 13.2 10.7  0.7  9.0  9.0
  4.4  2.9  2.4  0.4  2.2  0.9  0.0 35.3 26.1 18.4  2.2  3.7  9.0  5.9  0.0
     -6.68      5.89      3.24     -0.54      1.66  0.0  0.2  0.0  0.0  0.0
                                         4000_story_2079.txt 33.0  4.1 3253
 12.3  4.3  3.4 30.4  4.6  0.3  2.2  0.9 69.5  7.1  1.2  1.2  0.6  7.4  0.6
  1.5  0.9  2.5  8.3  0.9  0.9198.6 99.9 28.9105.4 55.3  7.4 12.9  2.8  3.7
  0.9  4.0 16.6  7.1 10.5 43.3 15.1  5.2  3.7  3.1  3.7  1.5  4.3  5.2  0.0
  0.9  9.5  7.1  1.8  8.0 11.4 26.1  6.1  1.8  7.4 61.5129.4  6.1158.3 12.0
  0.3  0.0  0.0  0.0  0.0  0.0  0.0  0.0  0.0  0.0  0.0  0.0  0.0  0.0  0.0
  0.0  0.0  0.0  6.8  1.2  2.2  3.7  0.3  0.0  0.0  0.0  0.3  0.3  0.3  0.3
  0.3  0.0  0.9  3.1  0.0  0.3  0.3  0.0  0.0  0.3  0.0  0.3  1.8  0.6  0.0
 13.8  0.3  0.9 15.1  4.6  0.6  5.5  2.8  0.0  0.0  0.0  0.0  0.0  0.0  0.0
  2.8  1.2  0.0  0.0  0.0  0.0  0.3 10.5  1.2  0.6  7.7 13.8  0.9  9.2  5.8
  6.5  3.7  1.2  0.6  1.8  0.0  0.3 35.4 22.7 16.3  0.6  1.8  8.3  6.1  0.0
     -0.91      4.01      0.36     -0.40      0.15  0.9  0.0  0.0  0.0  0.0
                                         4000_story_2080.txt 31.3  4.4 3638
 12.6  4.9  0.8 23.1  0.3  0.0  1.4  1.6  1.1  5.8  1.1  1.1  0.5  2.5  0.5
  2.2  0.8  2.7  3.6  0.3  0.5243.0119.0 39.9 89.1110.2 14.6  4.4  1.1  3.3
  2.2  3.8 31.3  5.8  6.9 35.2 14.0  2.2  2.2  0.3  1.6  1.6  2.7  5.8  1.1
  0.8  4.4  5.8  1.1  3.6  6.6 13.2  7.7  1.1  6.6 68.4111.6  3.6137.2  7.7
  0.5  0.3  0.0  0.0  0.0  0.0  0.0  0.0  0.0  0.0  0.0  0.0  0.0  0.0  0.0
  0.0  0.0  0.0  3.8  2.2  1.9  2.7  0.5  0.0  0.3  0.0  0.0  0.0  0.0  0.5
  0.8  0.5  2.7  1.1  0.5  0.3  0.0  0.0  0.0  0.5  0.3  0.0  1.6  0.5  0.0
 10.7  0.8  0.0 11.5  5.8  0.8  7.1  2.5  0.0  0.0  0.0  0.0  0.0  0.0  0.0
  0.3  0.3  0.0  0.0  0.0  0.0  0.0 10.7  3.0  2.7 17.0 19.0  3.8  5.2  7.7
  5.2  1.1  1.4  2.2  0.8  0.5  1.9 29.1 11.5 18.1  3.3  3.6  8.8  4.1  0.0
    -11.83      5.72      3.20     -3.80      0.08  0.8  0.0  0.0  0.0  0.0
                                         4000_story_2081.txt 32.5  4.1 2349
 16.2  9.4  5.1 26.8  4.3  0.0  0.4  1.3 83.0  7.7  0.9  0.9  0.4  3.4  0.0
  1.3  0.0  6.0  7.2  0.4  0.0218.4113.2 43.8103.9 44.7  9.4  6.8  0.9  2.1
  2.1  2.6 21.7  2.1  6.8 34.5  8.1  4.3  3.4  2.1  0.9  0.9  0.0  5.1  0.4
  3.0  5.1  1.7  0.9  4.3 11.1 17.9  8.5  0.4  5.1 63.0132.0  0.4152.4  9.8
  2.6  0.4  0.0  0.0  0.0  0.0  0.0  0.0  0.0  0.0  0.0  0.0  0.0  0.0  0.0
  0.0  0.0  0.0  6.8  2.6  2.6  2.1  0.4  0.0  0.0  0.0  0.0  0.0  0.4  0.9
  0.0  2.1  0.0  1.3  0.0  0.0  0.0  0.0  0.0  1.7  0.0  0.0  1.7  0.0  0.0
 14.0  0.4  0.4 14.9  4.3  0.0  6.0  1.7  0.0  0.0  0.0  0.0  0.0  0.0  0.0
  0.9  0.0  0.0  0.0  0.0  0.0  0.0  8.1  2.6  1.7  8.9 17.5  3.8  7.2 11.9
  5.5  0.9  3.8  3.4  0.4  0.0  0.0 37.5 18.7 21.3  1.7  3.8 12.8  6.0  0.0
     -5.39      2.74      2.36     -2.78     -1.56  0.0  0.0  0.0  0.0  0.0
                                         4000_story_2082.txt 30.0  4.0 2556
 11.0  8.6  5.5 32.5  3.9  0.8  1.6  4.7  3.9 11.7  2.0  1.6  0.4  8.6  0.0
  5.9  0.0  3.1 12.9  2.0  1.6196.0 85.7 27.8105.2 95.5 12.5 14.9  1.6  1.2
  0.0  3.9 13.3 10.6  7.8 30.1 17.2  9.4  2.7  2.3  2.7  2.3  1.2  2.3  0.0
  0.8  6.3  5.9  3.9  6.7 15.3 27.0  3.1  2.0  2.7 54.4103.3  6.7158.5  7.0
  0.4  1.6  0.0  0.0  0.0  0.0  0.0  0.0  0.0  0.0  0.0  0.0  0.0  0.0  0.0
  0.0  0.0  0.0  8.6  2.0  3.1  0.8  1.2  2.0  0.0  0.0  0.0  0.0  0.0  1.6
  0.0  2.0  0.4  0.8  1.2  0.8  0.4  0.4  0.0  0.0  0.0  0.0  4.3  0.4  0.0
 14.5  3.1  0.0 17.6  4.7  2.7  7.4  4.7  0.0  0.0  0.0  0.0  0.0  0.0  0.0
  1.6  1.2  0.0  0.0  0.0  0.0  0.8 10.2  2.3  2.0  7.4 21.9  3.9  3.5  3.5
  2.0  5.9  3.1  0.4  3.5  0.4  0.0 39.5 23.9 19.6  0.8  1.6  7.0  3.5  0.0
      2.99      7.14     -2.18     -0.18     -2.28  0.8  0.4  0.0  0.0  0.0
                                         4000_story_2083.txt 32.5  4.2 4120
 12.9  2.9 12.1 41.7 13.3  1.0  3.2  2.9 11.4  8.3  1.5  0.5  0.0  4.1  0.2
  1.5  1.7  4.1  6.3  0.7  1.7234.5103.4 30.3 88.8 80.1  7.8 10.9  0.5  2.7
  0.7  1.9 19.9  8.3 10.2 36.4 11.4  9.0  0.7  2.4  1.9  1.2  3.2  5.8  0.7
  2.2  6.3  3.9  1.9  3.4 15.0 17.5  8.7  2.4  3.9 63.3104.9  4.6150.7 14.6
  1.0  0.2  0.0  0.0  0.0  0.0  0.0  0.0  0.0  0.0  0.0  0.0  0.0  0.0  0.0
  0.0  0.0  0.0  3.9  1.5  1.7  0.7  0.2  0.0  0.0  0.0  0.0  0.0  0.0  1.7
  0.2  1.2  1.0  0.2  0.0  0.5  0.0  0.0  0.0  0.5  0.5  0.0  1.7  0.2  0.0
  7.8  0.2  0.0  8.0  4.4  0.5  5.3  2.4  0.0  0.0  0.0  0.0  0.0  0.0  0.0
  2.4  0.2  0.0  0.0  0.0  0.0  0.0 13.1  3.4  0.2  7.0 24.8  3.2  5.8  7.5
  2.4  5.3  1.2  1.7  1.0  0.5  0.2 35.4 18.7 15.5  2.2  0.5 10.4  8.7  0.0
     -3.42      4.27     -2.07     -1.72      0.49  0.5  0.0  0.0  0.0  0.0
                                         4000_story_2086.txt 31.0  3.9 5283
 11.9  5.9 30.5 82.3 16.8  1.9  4.7  2.8 30.5 10.4  1.9  0.6  2.3  3.8  0.0
  1.9  2.5  3.2  7.8  0.9  2.1257.1 84.8 35.0 74.4 63.6  5.3 28.8  1.1  1.1
  0.4  2.1 17.2  9.7  9.8 34.5  7.8  9.8  3.4  2.5  1.1  1.1  5.3  3.0  0.4
  0.8  4.7  3.2  1.3  3.2 14.2 17.6  4.2  3.4  2.7 63.2110.9  3.0167.0  9.3
  0.9  0.0  0.0  0.0  0.0  0.0  0.0  0.0  0.0  0.0  0.0  0.0  0.0  0.0  0.0
  0.0  0.0  0.0  4.5  0.8  0.8  3.2  0.0  0.2  0.0  0.0  0.0  0.0  0.0  0.6
  0.2  1.1  0.6  0.8  0.0  0.4  0.0  0.4  0.2  0.2  0.0  0.0  1.9  0.6  0.0
  9.3  0.2  0.0  9.5  3.2  0.9  4.4  2.5  0.0  0.0  0.0  0.0  0.0  0.0  0.0
  2.5  0.9  0.2  0.0  0.0  0.2  0.4 19.7  2.7  2.1  8.9 16.5  6.2  4.9  4.5
  1.1  2.5 10.2  0.8  0.9  0.2  0.2 31.4 39.2 15.7  1.7  1.5  6.1  4.4  0.0
      4.35      5.89     -3.09     -1.05      0.68  0.6  0.0  0.2  0.0  0.0
                                         4000_story_2087.txt 32.0  4.2 2808
 13.5  2.8  2.1 38.8  1.8  0.7  1.1  2.8  2.8  7.8  3.2  0.7  0.0  4.6  1.1
  2.1  1.4  4.3  7.1  0.7  1.8225.1100.4 38.8 83.7109.7 17.5  4.3  0.4  3.2
  0.7  3.6 27.8  5.7  7.8 37.7 17.8  8.5  0.7  2.5  2.1  2.8  3.2  8.2  0.4
  1.8  5.7  4.6  2.8  5.7 15.0 19.6 10.3  2.1  4.3 67.7114.3  5.7147.1  8.5
  1.4  0.0  0.0  0.0  0.0  0.0  0.0  0.0  0.0  0.0  0.0  0.0  0.0  0.0  0.0
  0.0  0.0  0.0  1.4  1.4  2.5  2.1  0.0  1.8  0.0  0.0  0.0  0.0  0.4  1.1
  0.4  3.2  1.8  0.4  1.8  1.1  0.4  0.0  0.0  1.1  0.0  0.0  3.6  0.7  0.0
  7.5  1.8  0.4  9.6  6.8  3.2 11.0  4.3  0.0  0.0  0.0  0.0  0.0  0.0  0.0
  0.7  2.8  0.0  0.0  0.0  0.0  0.7 16.4  2.5  2.1 10.7 13.9  1.4  7.1  6.1
  5.3  4.3  4.3  1.8  1.4  0.7  0.4 33.8 11.4 21.0  1.4  2.8  5.7  5.7  0.0
     -4.67      6.05      0.60     -1.05      0.47  0.7  0.0  0.0  0.0  0.0
                                         4000_story_2089.txt 29.8  4.0 3121
 23.4  7.7 13.1 42.3  6.7  1.0  3.2  2.9 67.3 14.1  1.0  1.0  0.6  3.8  0.0
  1.6  0.3  4.5 10.6  1.3  1.0188.7 98.7 33.3 95.2 70.8 13.1 14.4  0.6  0.6
  1.0  5.4 17.0  9.9  7.7 39.4 12.8  7.0  2.9  2.9  1.3  2.6  3.2  6.4  0.3
  2.2  9.3  6.4  2.2  3.8 12.8 29.2  9.0  1.6  2.2 70.2144.8  3.2159.2  8.3
  1.6  0.3  0.0  0.0  0.0  0.0  0.0  0.0  0.0  0.0  0.0  0.0  0.0  0.0  0.0
  0.0  0.0  0.0  3.8  1.9  8.0  2.2  0.6  0.0  0.0  0.0  0.0  0.0  0.0  0.6
  0.6  1.3  1.0  0.6  0.0  0.0  0.3  0.3  0.3  0.3  0.3  0.0  3.2  0.0  0.0
 16.0  0.6  0.0 16.7  4.2  1.0  5.4  3.5  0.0  0.0  0.0  0.0  0.0  0.0  0.0
  1.0  0.6  0.0  0.0  0.0  0.0  0.3  5.4  2.9  1.6  6.7 15.1  2.9  4.2  5.1
  2.9  3.8  5.4  1.9  0.0  0.6  0.0 29.2 22.7 27.9  1.3  2.9  9.6  3.2  0.0
      2.12      5.75     -1.60     -1.05      0.32  0.3  0.0  0.3  0.0  0.0
                                         4000_story_2090.txt 34.0  4.2 3947
 13.9  4.6  8.1 36.7  5.6  0.3  2.3  0.8 13.7  8.9  1.0  0.0  0.5  2.5  0.3
  0.8  0.3  3.5  5.8  0.8  2.0228.3111.0 33.7 98.6107.4 12.7 13.4  1.3  1.5
  1.3  2.8 19.0  7.1  8.1 43.3  9.1  5.1  1.5  1.8  0.8  1.5  2.8  4.8  0.3
  2.0  5.1  2.5  1.3  4.6  9.4 15.5  7.1  1.0  4.1 64.1126.7  2.3151.3  6.8
  0.3  1.0  0.0  0.0  0.0  0.0  0.0  0.0  0.0  0.0  0.0  0.0  0.0  0.0  0.0
  0.0  0.0  0.0  3.8  0.8  3.0  2.5  0.5  0.5  0.0  0.0  0.0  0.0  0.0  0.5
  0.5  0.8  1.0  0.8  0.0  1.3  0.0  0.0  0.0  0.5  0.3  0.0  1.8  1.0  0.0
 10.1  1.0  0.0 11.1  3.5  1.3  5.3  3.0  0.0  0.0  0.0  0.0  0.0  0.0  0.0
  0.8  0.5  0.0  0.0  0.3  0.0  0.3  9.9  3.5  1.5 10.1 21.8  3.0  4.8  5.6
  2.0  2.3  3.5  3.0  1.0  0.5  0.0 43.1 22.0 17.2  1.3  2.3  9.4  5.6  0.0
     -8.61      7.21     -0.89     -3.13     -0.31  1.3  0.0  0.0  0.0  0.0
                                         4000_story_2091.txt 32.8  4.0 2555
 14.9  2.3 18.8100.6 10.2  2.0  3.1  2.3 73.6 10.6  0.4  0.8  0.8  5.5  0.8
  2.7  2.3  3.5 16.8  3.1  3.1202.3110.8 29.7 25.8 35.6  5.5  5.9  1.2  2.7
  0.0  2.7 18.0 10.2 15.3 46.2  8.6  6.7  1.2  4.7  3.1  4.7  5.1  4.7  0.8
  1.2  2.7  3.1  4.7  4.7 13.3 27.8  6.7  5.5  3.9 64.2119.4  2.3136.6 18.4
  0.0  0.0  0.0  0.0  0.0  0.0  0.0  0.0  0.0  0.0  0.0  0.0  0.0  0.0  0.0
  0.0  0.0  0.0  2.0  0.4  2.3  1.6  0.0  0.4  0.0  0.0  0.0  0.4  0.0  0.0
  1.2  2.0  0.4  0.4  0.0  0.4  0.0  1.2  0.0  1.2  0.0  0.0  3.1  2.0  0.0
  6.3  0.4  0.4  7.0  3.9  1.6  6.7  5.1  0.0  0.0  0.0  0.0  0.0  0.0  0.0
  0.8  0.4  1.2  0.0  0.0  0.0  0.0 23.5  2.0  2.7  8.2 20.4  3.1  4.3  7.8
  3.9  1.6  6.3  0.8  0.8  0.4  0.0 28.6 10.2 22.7  2.0  3.5  9.8  2.3  0.0
     10.33     -1.15     -4.72      0.86      1.25  0.0  0.0  0.0  0.0  0.0
                                         4000_story_2092.txt 34.5  4.5 4156
 13.0  1.9  4.1 35.1  1.9  0.7  4.3  5.5  3.6 14.2  1.0  2.2  0.7 10.1  1.4
  2.9  2.4  9.1 17.3  1.4  1.4187.0111.2 33.7 73.6 65.9  8.4  5.1  2.9  6.7
  0.7  2.9 26.5 12.3  8.2 57.5 15.9  6.3  0.5  4.1  1.7  3.4  6.7  6.3  1.7
  1.9  7.0  2.9  5.8  4.6 17.1 33.4  9.9  3.8 10.3 70.5 71.5  3.4132.1 11.3
  1.0  1.0  0.0  0.0  0.0  0.0  0.0  0.0  0.0  0.0  0.0  0.0  0.0  0.0  0.0
  0.0  0.0  0.0  1.7  1.4  2.4  1.4  0.7  1.0  0.0  0.0  0.0  1.0  0.2  0.0
  0.5  4.1  1.7  0.5  0.0  1.0  0.5  0.5  0.0  0.5  0.7  0.0  6.7  1.2  0.0
  7.0  1.7  1.2  9.9  6.7  1.9  9.1  8.7  0.0  0.0  0.0  0.0  0.0  0.0  0.0
  0.7  1.2  0.0  0.0  0.0  0.0  0.7 24.5  4.1  7.2 12.5  7.2  0.7 11.8  2.4
  0.7  4.6  1.0  0.2  0.7  1.7  0.0 23.8 12.3 20.5  2.2  4.3  9.6  5.8  0.0
      7.44      2.18      0.42     -0.95      3.45  3.6  0.2  0.2  0.0  0.0
                                         4000_story_2094.txt 33.8  4.2 3890
 13.1  2.8  9.5 64.8  4.9  1.5  4.1  2.8 83.0 14.9  1.5  1.3  0.8  8.0  1.0
  2.6  0.3  6.2 17.5  0.8  2.1177.9106.9 31.6 54.8 24.7 12.3  3.6  2.1  3.1
  0.8  2.8 27.0 12.6 13.9 55.8 10.3 11.3  0.3  7.7  3.9  3.6  8.0  5.4  1.3
  0.8  9.0  3.6  6.2  3.6 21.3 38.3  7.5  1.0  5.9 60.2112.6  4.1130.8  7.2
  1.0  0.5  0.0  0.0  0.0  0.0  0.0  0.0  0.0  0.0  0.0  0.0  0.0  0.0  0.0
  0.0  0.0  0.0  2.1  2.1  2.3  1.5  0.3  0.5  0.3  0.0  0.5  0.0  0.3  0.3
  1.0  2.3  1.5  0.5  0.0  0.3  0.0  0.5  0.0  1.3  0.8  0.5  7.2  2.1  0.0
  8.0  1.0  0.8  9.8  5.7  0.8  7.7 10.5  0.0  0.0  0.0  0.0  0.0  0.0  0.0
  1.5  0.8  0.3  0.0  0.0  0.0  0.0  6.9  5.9  5.7 19.0 10.8  1.3  8.7  4.1
  1.3  3.3  1.0  0.8  1.0  1.3  3.9 27.8  6.2 19.0  2.6  2.8  6.7  1.8  0.0
      6.28      0.21     -3.50      2.95      3.41  1.0  0.3  0.0  0.0  0.0
                                         4000_story_2098.txt 31.8  4.5 5332
 11.1  1.7  3.6 63.4  2.3  0.8  3.6  5.3 25.5 14.1  0.9  1.1  0.9  7.5  0.8
  2.3  1.7  7.3 18.6  0.8  0.8208.6123.6 42.4 35.1 33.0  9.6  2.6  3.6  6.9
  1.5  4.5 41.1  8.1 13.5 58.3  9.9  6.0  1.1  4.3  1.7  6.0  8.8  9.2  0.6
  0.6  6.2  2.6  6.6  4.7 15.0 34.7 10.3  2.4 12.0 73.0 60.8  3.0110.8  4.7
  1.1  1.9  0.0  0.0  0.0  0.0  0.0  0.0  0.0  0.0  0.0  0.0  0.0  0.0  0.0
  0.0  0.0  0.0  1.7  0.2  1.1  2.1  0.4  1.3  0.4  0.0  0.2  0.2  0.4  0.4
  0.0  0.9  1.7  0.8  0.0  0.6  0.0  0.4  0.0  0.9  0.4  0.0  5.8  1.3  0.0
  5.1  2.1  0.8  7.9  3.8  0.9  5.6  7.5  0.0  0.0  0.0  0.0  0.0  0.0  0.0
  0.0  1.3  0.4  0.0  0.2  0.0  0.0 10.1 10.3  7.3 18.9 12.9  3.2  7.1 10.1
  2.1  4.3  0.8  0.2  1.1  3.2  1.3 20.4  5.8 16.1  1.9  3.9  6.8  2.8  0.0
      1.97     -0.78      2.83      0.35      3.89  1.3  0.4  0.2  0.0  0.0
                                         4000_story_2100.txt 32.5  4.3 4534
 16.1  6.0 23.4 71.9 31.1  1.5  6.4  5.5 31.1 10.6  2.2  1.5  0.9  5.7  1.1
  3.7  0.9  7.1 14.8  1.1  2.2181.5107.9 31.3 59.6 79.0 18.3  7.1  3.1  4.2
  0.9  2.2 26.5 11.0 10.6 55.4 11.5 10.8  2.2  3.7  4.2  6.6  7.3  3.5  0.0
  1.5  6.2  4.2  4.9  3.5 22.1 28.5  5.1  2.0  8.2 56.9141.2  4.6144.5 10.1
  1.1  0.2  0.0  0.0  0.0  0.0  0.0  0.0  0.0  0.0  0.0  0.0  0.0  0.0  0.0
  0.0  0.0  0.0  3.1  1.3  3.7  3.7  0.2  0.2  0.0  0.0  0.0  0.2  0.0  0.4
  0.4  3.7  0.7  0.4  0.0  0.4  0.0  0.0  0.0  1.5  0.0  0.2  6.0  2.0  0.0
 11.9  0.4  0.2 12.6  5.7  0.4  7.7  8.2  0.0  0.0  0.0  0.0  0.0  0.0  0.0
  0.7  1.8  0.2  0.0  0.0  0.0  0.2 26.9  4.0  5.1 12.6 15.0  3.1  6.2  5.7
  2.0  2.2  2.2  0.2  1.8  1.1  0.9 31.5 16.1 24.9  3.1  3.3  9.0  3.7  0.0
      9.09      4.57     -1.07      3.03      1.96  0.0  0.2  0.0  0.0  0.0
                                         4000_story_2102.txt 30.3  4.3 1938
 13.9  5.2  2.1 54.7 10.3  1.0  4.1  3.1 22.7 11.9  2.6  0.0  0.5  6.7  0.5
  3.6  2.1  6.7 24.3  0.5  0.5187.3 98.6 38.2 67.6 68.1 15.0  9.8  3.1  6.2
  1.5  4.1 36.1  6.2  5.7 48.0 11.9  7.2  1.0  1.5  4.1  4.1  6.7  8.3  1.0
  1.5  4.1 10.3  5.2  7.7 18.1 34.1 10.8  2.6 10.8 73.8101.1  2.6140.4  7.2
  3.6  0.0  0.0  0.0  0.0  0.0  0.0  0.0  0.0  0.0  0.0  0.0  0.0  0.0  0.0
  0.0  0.0  0.0  8.3  2.1  2.6  1.5  0.5  0.5  0.0  0.0  0.0  0.0  0.5  0.5
  0.0  0.5  3.1  0.0  0.5  1.0  0.5  0.0  0.0  0.5  0.5  0.0  5.2  0.0  0.0
 14.4  1.0  0.5 16.0  4.1  2.1  6.7  5.7  0.0  0.0  0.0  0.0  0.0  0.0  0.0
  0.5  0.5  0.0  0.5  0.0  0.0  0.5 28.4  7.2  4.6 12.4  9.8  4.1  6.7  2.6
  3.1  1.0  7.2  0.0  1.0  1.0  0.5 24.8 17.5 19.6  2.6  4.6  7.7  4.6  0.0
      5.48      4.22      5.17     -0.23      3.11  3.1  0.0  0.0  0.0  0.0
                                         4000_story_2103.txt 31.3  4.3 2703
 11.5  1.8  4.1 44.4  8.1  1.1  3.7  4.4 13.3 14.1  1.1  0.7  1.5  7.4  0.0
  1.5  0.0  8.9 30.3  1.5  3.0188.3 94.0 39.2 81.8 43.3 10.7  7.8  0.7  4.4
  0.0  3.3 18.5 10.4  9.6 59.6 12.6  4.1  0.0  2.6  3.3  7.4  9.6  9.2  0.0
  1.5  7.8  3.7  3.7  5.5 16.3 44.8 10.7  1.5  5.2 78.4 64.7  3.7141.7  4.8
  1.5  0.4  0.0  0.0  0.0  0.0  0.0  0.0  0.0  0.0  0.0  0.0  0.0  0.0  0.0
  0.0  0.0  0.0  2.6  0.4  0.7  3.0  0.0  0.4  0.0  0.0  0.0  0.4  0.0  0.4
  0.7  0.7  0.7  1.5  0.0  0.4  0.0  0.0  0.4  0.4  0.0  0.7  5.2  0.7  0.0
  6.7  0.4  0.4  7.4  4.1  0.7  5.2  6.7  0.0  0.0  0.0  0.0  0.0  0.0  0.0
  0.4  0.4  0.0  0.0  0.0  0.0  0.4  7.0  3.3  0.7  6.3 11.5  3.0  8.1  1.8
  0.4  3.7  5.5  0.4  2.6  1.8  0.4 28.9 12.9 17.8  2.2  3.7  7.8  3.3  0.0
      4.58      2.39     -3.03      0.09      4.26  1.1  0.4  1.1  0.0  0.0
                                         4000_story_2107.txt 34.8  4.3 2468
 13.0  3.6  8.1 51.9  6.9  0.8  1.2  2.8 10.1  5.3  2.4  0.8  0.8  4.1  0.0
  2.8  0.4  5.7 30.0  0.8  2.8254.5116.3 33.6 68.5 69.7  9.3  8.9  1.2  2.4
  0.4  4.9 35.7  3.6  5.7 34.0 10.5  8.9  0.4  3.6  1.6  1.2  3.6  4.1  0.4
  2.0  3.6  4.5  1.2  8.9 16.2 42.9  6.5  1.2  4.1 73.3 86.7  4.9137.0 10.1
  3.2  0.4  0.0  0.0  0.0  0.0  0.0  0.0  0.0  0.0  0.0  0.0  0.0  0.0  0.0
  0.0  0.0  0.0  3.2  1.2  2.8  0.0  0.0  0.4  0.0  0.0  0.0  0.0  0.8  0.0
  0.4  0.4  0.4  0.0  0.4  1.2  0.0  0.0  0.4  0.4  0.0  0.0  4.1  0.0  0.0
  7.3  0.4  0.8  8.5  1.2  2.0  3.6  4.1  0.0  0.0  0.0  0.0  0.0  0.0  0.0
  1.2  0.0  0.4  0.0  0.0  0.4  0.4 10.5  6.1  5.3 13.0 10.9  4.9  8.1  6.5
  1.2  3.2  1.6  0.0  1.2  0.4  0.4 25.9 15.0 18.2  1.2  4.5  3.2  2.0  0.0
     -1.45      3.07      2.91     -1.44      0.23  0.4  0.4  0.4  0.0  0.0
                                         4000_story_2118.txt 30.5  3.9 1963
  9.2  2.5  1.0 70.8  7.6  1.0  2.0  1.5 44.3  8.2  4.1  0.5  1.5  1.0  0.0
  1.0  1.5  3.6 33.1  0.0  0.5273.6110.5 18.3 62.1 28.5  7.6  8.2  1.0  2.5
  1.5  1.0 21.4  4.6  3.6 28.0  4.1 10.7  0.0  1.5  1.0  1.5  5.6  7.6  0.0
  1.0  3.1  2.5  1.0  8.7 15.3 39.2  8.7  1.5  5.1 44.8 80.5  4.1142.1  6.6
  4.1  1.0  0.0  0.0  0.0  0.0  0.0  0.0  0.0  0.0  0.0  0.0  0.0  0.0  0.0
  0.0  0.0  0.0  3.1  0.5  1.0  0.0  0.0  1.0  0.0  0.0  0.0  0.0  0.0  0.0
  0.0  0.5  0.0  0.5  0.0  0.0  0.0  0.0  0.0  0.0  1.0  0.0  2.5  0.0  0.0
  4.6  1.0  0.0  5.6  1.0  0.0  1.0  3.6  0.0  0.0  0.0  0.0  0.0  0.0  0.0
  0.0  0.0  0.0  0.0  0.0  0.0  0.0 10.7  4.6  0.5  8.7 10.7  2.0  3.1  4.1
  0.5  3.6  1.0  1.0  0.5  0.0  0.0 37.2 12.2  9.7  0.0  1.5  3.6  0.5  0.0
     -0.53      0.56      2.15     -2.27      1.36  0.0  0.0  0.0  0.0  0.0
                                         4000_story_2133.txt 33.8  4.3 1940
 16.5  4.6  3.1 50.0 10.8  2.1  3.1  4.6 11.9 12.4  1.0  3.6  1.5  6.2  0.5
  3.1  1.5  5.7 27.8  5.2  2.6222.2108.2 52.1 71.1 55.2  5.7  8.2  1.0  4.1
  0.5  2.1 42.8  6.2  6.2 36.6 15.5  3.6  0.5  2.1  4.1  0.5  5.7  5.7  0.0
  1.5  3.6  3.6  2.6  6.7 13.4 39.2  7.2  6.7  5.7 77.8 77.8  4.6135.6  3.6
  1.0  0.5  0.0  0.0  0.0  0.0  0.0  0.0  0.0  0.0  0.0  0.0  0.0  0.0  0.0
  0.0  0.0  0.0  4.1  1.0  3.6  0.5  1.0  0.0  0.5  0.0  0.0  0.0  0.0  0.0
  0.0  1.5  0.5  0.5  0.0  0.0  0.5  0.0  0.5  1.0  0.0  0.0  4.1  0.0  0.0
  9.3  1.5  0.0 10.8  2.6  1.0  4.6  4.1  0.0  0.0  0.0  0.0  0.0  0.0  0.0
  0.5  0.0  0.0  0.0  0.0  0.0  0.5 11.3  4.6  3.6 12.4  9.8  3.1  6.7  1.5
  0.0  4.6  0.0  1.5  5.7  1.0  0.5 22.2 13.9 21.1  1.0  0.5  5.2  2.6  0.0
     10.60      1.68      2.18     -2.47      1.28  1.5  0.0  0.5  0.0  0.0
                                         4000_story_2136.txt 35.3  4.1 3219
 16.8  4.3  2.2 41.0  7.1  1.6  4.0  4.0 52.2  9.9  0.3  1.6  0.3  6.2  0.6
  3.4  1.6  6.5 27.0  2.2  3.4206.0107.2 25.5 86.1 38.8  6.8  7.5  0.6  1.6
  0.6  5.0 21.1  7.1 10.6 33.9 12.7  6.5  0.6  2.5  3.4  2.2  3.7  7.5  0.9
  0.9  8.4  4.3  2.5  7.8 16.5 44.4  9.3  3.7  2.8 60.6 98.2  1.9147.9 12.1
  1.2  0.3  0.0  0.0  0.0  0.0  0.0  0.0  0.0  0.0  0.0  0.0  0.0  0.0  0.0
  0.0  0.0  0.0  3.7  1.9  2.8  2.5  0.0  0.3  0.0  0.0  0.0  0.3  0.3  0.0
  0.0  2.5  0.9  1.6  0.0  0.3  0.0  0.0  0.0  0.3  0.0  0.0  2.5  0.6  0.0
 10.9  0.3  0.6 11.8  5.0  0.3  5.6  3.1  0.0  0.0  0.0  0.0  0.0  0.0  0.0
  0.0  0.9  0.3  0.0  0.3  0.0  0.3  7.1  1.2  2.2 10.6 14.9  2.2  4.3  5.0
  3.4  1.9  0.9  1.2  0.9  0.9  0.3 32.6 14.3 23.9  1.9  2.8  7.8  1.6  0.0
      9.27      1.52     -1.08     -1.22      0.85  0.3  0.0  0.0  0.0  0.0
                                         4000_story_2143.txt 31.0  4.2 4047
  8.2  2.5 11.4 48.4  4.7  0.5  1.0  2.0 23.5 17.0  1.2  1.0  0.2  3.2  0.2
  2.7  1.7  3.5 27.9  0.7  2.7261.9 96.1 32.4 71.2 70.7 12.6  8.9  0.7  4.0
  1.2  3.5 26.2  4.4  5.2 29.4 10.6 10.1  1.0  3.2  1.2  1.5  5.2  6.2  0.7
  2.7  4.9  3.5  3.2  3.2 14.8 40.5  9.6  2.5  5.9 66.5 98.8  2.2136.2  4.2
  2.2  0.2  0.0  0.0  0.0  0.0  0.0  0.0  0.0  0.0  0.0  0.0  0.0  0.0  0.0
  0.0  0.0  0.0  2.0  1.2  1.7  1.5  0.2  0.2  0.0  0.0  0.0  0.2  0.2  0.5
  0.2  0.7  0.7  1.0  0.0  0.5  0.2  0.0  0.2  0.5  0.0  0.2  3.0  0.7  0.0
  6.4  0.5  0.5  7.4  3.2  1.0  4.7  4.0  0.0  0.0  0.0  0.0  0.0  0.0  0.0
  0.5  0.2  0.0  0.0  0.0  0.0  0.2 16.1  3.2  1.7  7.7 22.0  2.2  3.5  3.2
  1.2  4.0  1.0  0.7  0.5  0.5  0.0 26.2 15.8 13.8  1.7  2.5  4.2  2.7  0.0
      0.83      3.82      3.14     -1.23      2.00  0.2  0.0  0.0  0.0  0.0
                                         4000_story_2148.txt 24.5  4.1 2057
 22.8  3.4 23.8 74.4 23.8  1.9  6.3  2.4 25.8 17.0  1.0  2.4  0.5  3.4  0.0
  3.9  2.4 13.1 31.6  1.5  2.4204.2 88.0 32.6 62.7 43.3  9.2 19.4  0.0  1.0
  0.0  3.9  6.8 10.7  9.7 34.5  6.8  9.7  0.0  3.4  4.4  1.5  3.9  1.5  0.0
  1.5  6.3  2.4  0.5  0.5 27.2 47.6  2.9  3.9  1.0 83.6 92.9  1.9143.9  2.9
  1.5  0.0  0.0  0.0  0.0  0.0  0.0  0.0  0.0  0.0  0.0  0.0  0.0  0.0  0.0
  0.0  0.0  0.0  1.5  0.5  3.9  0.5  0.0  0.0  0.0  0.0  0.0  0.0  0.0  0.5
  0.5  1.0  0.0  0.0  0.0  0.0  0.0  0.0  0.0  0.5  0.0  0.0  3.9  0.5  0.0
  6.3  0.0  0.0  6.3  1.9  0.0  2.4  4.4  0.0  0.0  0.0  0.0  0.0  0.0  0.0
  1.5  0.5  0.0  0.0  0.0  0.0  0.0  2.4  3.9  0.0  3.4 12.2  0.5  7.3  6.3
  0.0  3.9  1.0  3.4  0.0  0.0  0.0 29.2 21.4 23.8  1.5  5.8 14.1  2.4  0.0
     15.77      3.64     -4.50     -0.08     -0.50  0.5  0.0  0.5  0.0  0.0
                                         4000_story_2178.txt 32.0  4.7 2298
 17.0  3.5  5.2 53.5  7.8  1.3  3.5  2.6 14.8  7.4  0.0  0.0  0.4  1.7  0.4
  3.9  0.9  7.0 27.9  0.9  0.0258.9122.3 42.6 61.8 46.1 10.4  7.4  3.0  2.6
  0.9  2.6 46.6  4.4  4.8 32.2 10.9  6.1  3.5  2.6  0.9  3.0  2.6  8.3  1.7
  2.2  7.8 10.4  2.2  3.5 13.9 40.9 12.2  1.7  6.5 71.8 68.8  3.5128.4  1.7
  3.0  0.4  0.0  0.0  0.0  0.0  0.0  0.0  0.0  0.0  0.0  0.0  0.0  0.0  0.0
  0.0  0.0  0.0  5.2  2.6  4.4  2.2  0.4  0.4  0.0  0.0  0.0  0.0  0.0  0.0
  0.9  1.7  1.3  0.9  0.4  0.4  0.0  0.0  0.0  2.2  0.0  0.4  0.9  0.9  0.0
 14.4  0.9  0.0 15.2  4.8  0.9  7.8  2.2  0.0  0.0  0.0  0.0  0.0  0.0  0.0
  0.9  0.4  0.0  0.0  0.0  0.0  0.0  8.3  7.8  1.7 19.1  7.4  3.9  3.9  3.5
  0.4  2.2  1.3  0.4  1.7  0.4  0.4 20.5 18.3 20.0  0.9  3.9  6.1  3.0  0.0
     -3.47      1.73      4.58     -1.21      1.30  1.7  0.0  0.0  0.0  0.0
                                         4000_story_2186.txt 34.3  4.2 2946
 14.9  3.4  5.4 72.0 20.7  2.0  5.4  0.7 28.5 13.2  2.0  1.0  0.3  5.1  1.0
  3.7  2.4  4.1 17.0  1.4  4.4197.2 83.2 28.5 79.4 65.2 14.3 19.7  1.0  1.0
  0.3  3.4 11.9  9.5 15.6 38.4 12.9  6.4  1.7  2.0  7.5  2.0  7.5  7.1  0.7
  2.7  8.1  2.0  1.7  5.1 18.0 31.6 10.5  3.7  2.4 62.5114.4  2.7171.8  5.8
  1.4  0.3  0.0  0.0  0.0  0.0  0.0  0.0  0.0  0.0  0.0  0.0  0.0  0.0  0.0
  0.0  0.0  0.0  1.4  1.0  3.4  1.0  0.0  0.3  0.0  0.0  0.0  0.0  0.0  1.4
  0.3  1.0  1.0  0.3  0.0  0.3  0.0  0.3  0.0  0.0  0.0  0.3  3.1  0.7  0.0
  6.8  0.3  0.0  7.1  4.1  0.7  4.8  4.1  0.0  0.0  0.0  0.0  0.0  0.0  0.0
  0.3  0.7  0.0  0.0  1.0  0.0  0.0 19.7  1.7  1.7  6.1 17.3  0.3  4.8  5.4
  1.7  2.4  0.3  1.0  1.4  0.3  0.0 46.5 26.5 16.6  0.7  4.4  7.5  2.0  0.0
      8.89      6.17     -5.01      0.77      3.52  0.0  0.0  0.0  0.3  0.0
                                         4000_story_2199.txt 34.3  4.3 2692
  8.2  1.5  1.9 31.2  2.2  0.0  4.5  3.0  5.2  9.3  0.7  0.7  0.4  4.1  0.4
  2.6  0.0  5.2 24.5  1.1  2.2233.7115.9 23.4 79.1 40.1 10.4  4.1  0.7  3.7
  0.7  3.0 32.3  5.2 12.3 35.7 10.4  3.3  0.4  0.7  1.9  1.9  4.8 11.9  0.0
  3.7  7.4  1.9  3.7  4.8 10.4 36.4 15.6  1.1  5.2 65.4 47.5  1.9127.8  5.2
  0.7  0.4  0.0  0.0  0.0  0.0  0.0  0.0  0.0  0.0  0.0  0.0  0.0  0.0  0.0
  0.0  0.0  0.0  1.1  0.7  1.5  1.5  1.1  0.0  0.0  0.0  0.4  0.0  0.0  0.0
  0.0  1.1  2.2  0.7  0.0  0.4  0.4  0.0  0.4  0.7  0.0  0.0  0.0  2.6  0.0
  4.8  1.1  0.4  6.3  4.1  1.1  5.9  2.6  0.0  0.0  0.0  0.0  0.0  0.0  0.0
  0.4  1.1  0.0  0.4  0.0  0.4  0.4  4.5  5.2  0.4  8.9 21.2  4.5  6.3  4.8
  0.0  1.1  0.4  0.4  1.1  0.4  0.4 32.3  9.3 10.4  1.5  2.2  4.5  3.3  0.0
     -3.92      1.41      0.17     -3.72      2.39  1.1  0.0  0.0  0.0  0.0
                                         4000_story_2222.txt 31.5  3.8 3478
 13.5  3.7 62.4 56.9 21.6  1.2  7.8  0.9 62.7  6.6  2.6  0.3  0.6  1.2  0.0
  0.6  0.0  1.2 22.7  0.6  2.0320.0 84.0 22.1 75.6 39.1  6.3  9.8  1.4  1.2
  0.3  2.9 18.1  4.6 10.1 23.9  7.2  8.3  0.3  0.0  1.2  0.9  4.0  6.6  0.3
  0.3  6.0  2.0  0.0  3.7 10.6 31.9  7.2  0.6  2.9 56.6123.3  2.0142.3  2.0
  2.0  0.3  0.0  0.0  0.0  0.0  0.0  0.0  0.0  0.0  0.0  0.0  0.0  0.0  0.0
  0.0  0.0  0.0  1.7  0.3  1.7  1.2  0.0  0.3  0.0  0.0  0.0  0.0  0.0  0.0
  0.3  0.3  0.3  0.3  0.0  0.0  0.0  0.0  0.3  0.0  0.0  0.0  1.2  0.0  0.0
  4.9  0.3  0.0  5.2  1.2  0.3  1.4  1.2  0.0  0.0  0.0  0.0  0.0  0.0  0.0
  0.6  0.0  0.0  0.0  0.3  0.0  0.0 12.7  2.9  0.6  8.3  8.6  3.5  2.6  4.3
  1.7  0.9  0.9  1.2  1.2  0.6  0.3 23.3 14.4 18.1  1.2  2.3  2.6  2.9  0.0
      0.34      1.52     -0.65     -3.63      0.21  0.0  0.0  0.0  0.0  0.0
                                         4000_story_2245.txt 30.5  4.2 4466
 14.3  3.1  8.1 50.2  6.9  0.7  3.1  2.0 45.2 11.2  0.9  1.6  0.2  2.7  0.4
  3.4  1.1  6.0 28.4  1.6  2.2225.9106.8 24.4 88.7 50.8 13.2 12.1  0.4  2.5
  0.4  2.7 21.5  3.1  8.3 34.0 11.0  5.4  0.2  2.0  1.3  1.6  5.6  8.1  1.3
  2.7  6.7  3.8  2.2  5.4 12.8 41.4 12.1  2.7  3.4 55.3103.0  1.1158.1  8.7
  1.6  0.0  0.0  0.0  0.0  0.0  0.0  0.0  0.0  0.0  0.0  0.0  0.0  0.0  0.0
  0.0  0.0  0.0  2.0  1.3  2.2  1.3  0.4  0.2  0.0  0.0  0.0  0.0  0.0  0.4
  0.2  1.6  1.6  0.4  0.2  0.4  0.4  0.0  0.2  1.6  0.2  0.0  1.1  0.0  0.0
  6.9  0.7  0.0  7.6  4.3  1.3  7.2  1.3  0.0  0.0  0.0  0.0  0.0  0.0  0.0
  0.7  0.7  0.2  0.0  0.0  0.0  0.0  9.2  3.6  1.8  8.3 14.3  1.3  5.2  9.0
  2.2  2.7  0.2  0.9  0.4  0.0  0.9 39.9 18.6 18.6  2.0  4.7 11.6  2.7  0.0
      4.13      4.23      0.10     -3.07      2.99  0.4  0.0  0.0  0.0  0.0
                                         4000_story_2254.txt 32.5  4.0 2060
  8.7  3.4 81.1 55.8 12.1  1.0  2.9  1.9 65.0  6.8  0.5  0.0  1.0  1.0  0.5
  0.5  0.0  2.4 28.6  1.0  6.3360.7 89.8 25.2 57.3 31.6  8.3  3.4  1.0  0.0
  0.0  2.4 12.6  1.9 10.2 17.5  4.4  6.8  0.0  0.0  0.5  0.5  3.4  5.3  0.5
  0.0  4.9  1.9  1.0  0.5  9.7 35.9  5.8  1.0  1.0 58.7108.7  2.4116.0  1.9
  1.9  0.0  0.0  0.0  0.0  0.0  0.0  0.0  0.0  0.0  0.0  0.0  0.0  0.0  0.0
  0.0  0.0  0.0  2.9  0.5  1.0  1.5  0.0  0.0  0.0  0.0  0.0  0.0  0.0  0.0
  0.5  0.5  0.0  0.0  0.0  0.0  0.0  0.0  0.5  0.0  0.0  0.0  0.5  0.5  0.0
  5.8  0.0  0.0  5.8  1.0  0.5  1.5  1.0  0.0  0.0  0.0  0.0  0.0  0.0  0.0
  0.5  0.5  0.0  0.0  0.0  0.0  1.0  5.8  1.5  0.5  9.2  6.8  0.5  3.4  3.4
  1.9  1.9  2.4  0.5  0.5  0.5  0.0 22.3  4.9 14.1  0.5  1.0  1.9  2.4  0.0
      1.01     -0.22     -1.23     -4.56     -0.32  0.0  0.0  0.0  0.0  0.0
                                         4000_story_2259.txt 35.5  4.0 2753
 17.1  4.4 51.6118.1 32.0  6.9  3.6  5.1 64.7 21.8  3.3  1.5  0.4  5.1  0.7
  2.2  3.6  6.2  9.8  0.0  5.1286.2 59.6 18.5 20.0 30.1  8.4  8.0  0.0  1.1
  0.0  2.5  9.4  5.8 10.5 34.9 11.3 14.5  1.1  5.1  3.6  1.8  4.4  2.2  0.4
  1.1  6.2  1.1  3.6  2.2 24.3 25.1  3.6  3.6  1.1 58.5126.8  3.3145.3  5.8
  1.1  0.0  0.0  0.0  0.0  0.0  0.0  0.0  0.0  0.0  0.0  0.0  0.0  0.0  0.0
  0.0  0.0  0.0  1.5  1.1  2.2  0.4  0.0  0.0  0.0  0.0  0.0  0.0  0.0  0.7
  0.4  1.8  0.4  0.4  0.0  0.4  0.0  0.0  0.0  0.4  0.4  0.0  7.3  0.4  0.0
  5.1  0.0  0.0  5.1  3.6  0.4  4.4  8.0  0.0  0.0  0.0  0.0  0.0  0.0  0.0
  0.0  0.0  0.0  0.0  0.0  0.0  0.0  7.6  3.6  0.7  5.8  9.4  0.4  5.4  1.8
  2.2  1.5  0.4  0.4  1.1  0.4  0.0 22.5 12.0 26.2  4.0  3.3  5.4  2.9  0.0
     17.68     -0.64     -3.62      1.97      0.06  0.4  0.0  0.0  0.0  0.0
                                         4000_story_2286.txt 32.3  4.2 2076
 13.0  7.2 22.2 68.4 12.5  2.4  2.9  8.2 26.5 19.3  2.9  0.5  0.0  6.3  1.0
  4.8  1.9  4.8 22.2  0.0  2.4191.2 83.8 25.0 76.1 76.1 11.6 10.6  0.0  0.5
  0.0  6.3 20.7  6.7  9.6 46.2 14.5  7.2  1.9  3.9  4.3  3.9  7.7  4.3  0.5
  1.0  6.7  3.9  6.7  5.8 16.4 39.5  5.8  1.9  0.5 61.7115.1  3.9159.4  9.2
  1.0  1.4  0.0  0.0  0.0  0.0  0.0  0.0  0.0  0.0  0.0  0.0  0.0  0.0  0.0
  0.0  0.0  0.0  5.8  0.5  2.4  0.5  0.5  1.9  0.5  0.0  0.0  0.0  0.0  0.0
  0.5  2.9  1.4  0.5  0.0  0.5  0.5  1.0  0.0  0.5  1.0  0.0  2.4  1.0  0.0
  9.2  2.9  0.0 12.0  5.3  1.9  7.7  4.3  0.0  0.0  0.0  0.0  0.0  0.0  0.0
  1.4  1.9  0.0  0.0  0.0  0.0  0.0 16.9  6.7  0.5  6.7 18.3  1.0  6.7  3.4
  2.4  2.9  2.4  0.5  0.0  0.5  0.0 40.5 20.2 20.2  1.4  2.9  6.7  7.2  0.0
     11.32      4.34     -2.42      1.09      2.53  0.0  0.0  0.0  0.0  0.0
                                         4000_story_2287.txt 34.3  4.3 3172
  6.3  1.9  6.9 42.6  6.9  0.6  3.8  1.3 14.5 10.1  1.9  0.0  0.3  2.2  0.6
  1.6  1.3  6.0 22.7  0.0  2.2258.2117.0 37.5 55.2 63.1  9.8  2.5  1.3  2.8
  0.3  4.4 29.6  4.7  8.8 38.5  8.2  6.3  0.6  1.3  3.2  1.3  4.1  6.3  1.6
  1.9  3.8  2.2  2.5  4.1 15.4 32.2  9.8  1.3  4.4 70.9 84.5  1.6111.9  6.0
  0.3  0.0  0.0  0.0  0.0  0.0  0.0  0.0  0.0  0.0  0.0  0.0  0.0  0.0  0.0
  0.0  0.0  0.0  2.2  0.6  0.6  1.6  0.0  0.0  0.0  0.0  0.0  0.0  0.3  0.0
  0.0  1.3  1.3  0.3  0.0  0.3  0.0  0.3  0.3  0.0  0.6  0.0  2.8  0.9  0.0
  5.0  0.0  0.3  5.4  2.8  0.9  3.8  4.4  0.0  0.0  0.0  0.0  0.0  0.0  0.0
  0.6  0.3  0.3  0.0  0.0  0.0  1.3 13.2  2.8  3.5  8.5 16.1  1.3  5.4  3.2
  3.5  1.9  1.6  0.6  0.9  1.6  0.0 28.7  5.4 10.7  1.6  3.2  4.4  4.4  0.0
     -5.12      1.24      0.98     -2.32      1.71  0.3  0.0  0.0  0.0  0.0
                                         4000_story_2288.txt 34.3  4.3 3775
 12.2  3.4  9.3 50.3  8.5  1.3  2.9  1.3 33.1  6.6  0.5  0.0  0.5  6.1  0.8
  4.0  1.1  5.3 18.8  1.3  2.1215.1115.2 35.5 59.1 67.8  6.4  6.6  2.4  2.6
  1.9  5.6 29.4  8.2 10.6 49.5 10.9 13.5  2.4  1.3  1.3  2.1  3.7  7.4  0.8
  1.1  4.8  2.6  4.5  3.7 20.1 30.5  9.3  2.4  6.9 67.5109.4  3.4128.5  9.5
  2.1  0.8  0.0  0.0  0.0  0.0  0.0  0.0  0.0  0.0  0.0  0.0  0.0  0.0  0.0
  0.0  0.0  0.0  2.4  1.3  1.9  2.1  0.3  0.8  0.0  0.0  0.0  0.3  0.3  0.3
  0.0  0.8  2.1  1.6  0.0  0.5  0.3  0.0  0.0  0.3  0.3  0.0  4.8  1.1  0.0
  7.7  1.1  0.5  9.3  4.8  0.8  5.8  6.1  0.0  0.0  0.0  0.0  0.0  0.0  0.0
  1.1  1.6  0.0  0.0  0.3  0.3  0.0 17.0  3.4  2.9 10.3  9.5  1.3  6.1  6.4
  2.4  2.4  2.4  0.3  1.1  0.8  0.5 32.6 12.7 15.9  2.4  5.0  7.9  4.5  0.0
      1.04      1.68      1.21     -0.54      0.77  2.1  0.8  0.0  0.0  0.0
                                         4000_story_2289.txt 33.5  4.4 3061
 11.4  2.9  8.5 53.6 19.3  0.7  2.6  2.0 21.9  8.2  1.0  0.0  0.3  2.3  0.3
  1.6  2.6  2.6 22.2  0.3  0.3227.0112.1 49.7 53.9 50.6 11.8  5.2  1.6  3.6
  1.0  4.2 33.6  5.6  6.9 43.1 10.1  7.5  1.0  3.9  1.0  2.9  8.8  9.1  2.0
  2.3  7.8  2.3  3.9  4.2 11.1 38.2 13.4  2.9  6.2 85.9 91.8  1.0123.8  5.9
  1.6  0.7  0.0  0.0  0.0  0.0  0.0  0.0  0.0  0.0  0.0  0.0  0.0  0.0  0.0
  0.0  0.0  0.0  1.3  0.7  2.0  2.3  0.0  0.7  0.0  0.0  0.0  0.0  0.0  0.0
  0.7  1.6  1.3  1.3  0.0  0.0  0.0  0.0  0.0  0.7  0.3  0.7  2.3  0.7  0.0
  6.2  0.7  0.0  6.9  4.9  0.0  5.6  3.9  0.0  0.0  0.0  0.0  0.0  0.0  0.0
  0.7  0.7  0.0  0.0  0.0  0.0  0.3 12.4  3.6  4.2  7.5 12.7  3.6  7.5  7.5
  2.0  2.3  6.5  0.7  0.3  2.0  0.7 22.2 11.4 16.3  1.0  4.9  7.5  3.9  0.0
     -2.32      1.53      2.48     -1.08      5.52  0.0  0.0  0.0  0.0  0.0
                                         4000_story_2290.txt 32.3  4.3 2996
 12.3  1.3 12.7 58.4  8.3  1.3  5.3  4.0 20.7  8.7  1.7  0.3  0.3  3.7  0.7
  2.0  1.0  5.0 19.4  0.7  1.0215.6105.5 46.4 57.1 59.7  9.3  6.0  1.0  3.0
  1.3  6.0 25.4  5.7  9.3 49.1 10.7  6.3  1.0  1.7  1.7  6.0  7.3 12.0  1.0
  3.0  2.0  4.0  2.3  5.7 13.0 29.4 16.0  1.7  5.3 90.1 88.8  3.7133.2 10.0
  1.7  0.3  0.0  0.0  0.0  0.0  0.0  0.0  0.0  0.0  0.0  0.0  0.0  0.0  0.0
  0.0  0.0  0.0  2.3  1.0  1.3  1.7  0.7  0.0  0.3  0.0  0.0  0.0  0.3  0.0
  0.0  0.7  1.0  0.0  0.0  0.7  0.7  0.0  0.0  0.7  0.3  0.3  4.3  1.7  0.0
  6.3  1.0  0.3  7.7  1.7  1.3  3.7  6.7  0.0  0.0  0.0  0.0  0.0  0.0  0.0
  0.3  0.7  0.0  0.0  0.0  0.0  1.0 17.7  2.3  3.0 14.7  6.7  2.3  5.3  6.0
  3.7  3.3  4.0  2.7  1.3  0.7  0.3 30.0  9.7 15.4  0.7  1.0  6.7  5.0  0.0
     -1.38      1.72      1.11     -0.82      4.52  1.7  0.0  0.0  0.0  0.0
                                         4000_story_2291.txt 32.5  4.5 4241
  8.5  3.1  6.6 35.4  7.8  0.5  1.9  3.5 14.9  6.6  0.5  0.0  0.5  3.8  0.9
  0.9  0.2  2.6 23.1  0.7  0.7239.6107.8 55.4 70.3 76.2 11.6  5.2  0.5  0.7
  1.2  7.8 25.2  6.1  6.8 50.7  7.1  4.0  0.2  0.7  1.2  3.1  5.7  5.9  0.9
  1.4  5.2  1.4  2.6  3.3  7.8 36.8  8.3  0.9  2.4 89.6 98.8  2.1122.6  9.7
  0.9  0.0  0.0  0.0  0.0  0.0  0.0  0.0  0.0  0.0  0.0  0.0  0.0  0.0  0.0
  0.0  0.0  0.0  1.9  0.9  1.4  0.7  0.2  0.0  0.0  0.0  0.0  0.0  0.2  0.0
  0.0  0.5  0.2  0.7  0.0  0.0  0.2  0.0  0.0  0.2  0.0  0.2  2.8  0.9  0.0
  5.0  0.2  0.2  5.4  1.4  0.2  1.9  4.0  0.0  0.0  0.0  0.0  0.0  0.0  0.0
  1.2  0.7  0.0  0.0  0.0  0.0  0.0 12.7  2.1  2.4  6.8 13.7  1.7  6.8  5.0
  5.2  2.1  6.8  1.2  0.9  0.5  0.0 26.9  9.2 11.6  1.2  6.4  7.1  4.2  0.0
     -7.27      3.15      0.67     -3.47      1.99  1.4  0.0  0.0  0.2  0.0
                                         4000_story_2292.txt 32.0  4.4 5214
 12.5  4.0 11.9 59.6 15.3  1.2  2.5  3.6 17.5 10.5  1.7  0.2  0.8  2.7  1.0
  2.7  2.1  6.3 19.6  0.6  1.7213.8108.9 47.6 60.8 65.6 17.3  6.9  1.9  4.4
  0.6  5.9 26.1  4.6 10.9 45.3 10.5  5.4  1.5  2.1  1.3  5.4  5.0  6.9  1.9
  1.3  4.2  3.3  4.4  3.8 13.0 32.0 10.2  2.7  6.9 78.3 98.4  4.0139.2 11.5
  1.2  0.8  0.0  0.0  0.0  0.0  0.0  0.0  0.0  0.0  0.0  0.0  0.0  0.0  0.0
  0.0  0.0  0.0  2.9  1.0  2.1  1.0  0.2  0.4  0.2  0.0  0.0  0.0  0.4  0.0
  0.0  1.9  1.2  0.4  0.0  0.0  0.0  0.0  0.0  0.0  0.0  0.0  3.1  0.8  0.0
  6.9  0.8  0.4  8.1  3.5  0.0  3.5  3.8  0.0  0.0  0.0  0.0  0.0  0.0  0.0
  1.3  0.4  0.0  0.0  0.2  0.0  1.0 17.1  3.3  2.9 12.5 10.2  1.5  5.9  5.0
  0.8  3.3  2.3  1.3  0.4  1.9  0.2 31.3 13.6 18.6  1.2  3.1  8.2  4.8  0.0
      1.34      3.79      1.74     -1.09      2.44  0.2  0.0  0.0  0.0  0.0
                                         4000_story_2293.txt 33.8  4.5 3595
  7.8  1.4  0.0 66.5  3.3  0.3  3.3  4.2 19.7 13.6  1.9  0.0  0.0  4.5  0.0
  2.2  0.8  5.3 20.6  0.3  3.6252.9121.0 42.6 31.2 19.7  5.8  3.1  1.1  1.7
  2.5  3.9 46.2  5.6  6.1 38.7  8.1  8.1  0.8  1.4  1.4  1.9  4.7 11.7  1.4
  2.5  3.9  3.1  3.1  4.5 14.7 29.8 15.6  1.1  5.3 75.1 42.8  1.4115.7  7.2
  0.3  0.3  0.0  0.0  0.0  0.0  0.0  0.0  0.0  0.0  0.0  0.0  0.0  0.0  0.0
  0.0  0.0  0.0  1.1  0.3  1.1  1.7  0.6  0.8  0.3  0.0  0.0  0.6  0.0  0.3
  0.0  0.3  0.6  0.3  0.0  0.3  0.0  1.4  0.3  0.0  0.3  0.0  1.9  0.0  0.0
  4.2  1.7  0.6  6.4  1.4  1.9  3.3  2.2  0.0  0.0  0.0  0.0  0.0  0.0  0.0
  0.3  0.6  0.0  0.0  0.0  0.0  1.1  9.5  6.1  3.1 13.4 23.9  2.2  7.0  4.5
  1.4  1.4  1.4  0.8  0.3  1.7  0.8 26.1  8.6  7.8  3.1  4.5  7.8  4.2  0.0
     -4.37     -2.14      3.80     -2.34      2.98  0.6  0.6  0.0  0.0  0.0
                                         4000_story_2294.txt 34.0  4.3 3914
 19.7  4.6 12.3 64.1 13.5  1.3  2.6  5.1 40.4 14.3  1.5  0.3  0.5  8.2  1.0
  4.1  2.0  6.9 25.5  0.8  3.1205.7101.9 48.5 44.7 50.1 11.8  4.6  0.0  2.0
  0.5  6.4 34.2 10.2  5.9 44.5 11.5  5.9  0.3  4.6  4.1  3.3  7.2  4.3  0.8
  1.0  5.6  3.8  2.8  2.6 16.9 42.4  6.1  2.8  2.6 79.5104.0  3.3126.2 10.2
  1.3  0.3  0.0  0.0  0.0  0.0  0.0  0.0  0.0  0.0  0.0  0.0  0.0  0.0  0.0
  0.0  0.0  0.0  2.3  1.3  2.3  2.8  0.3  0.8  0.3  0.3  0.0  0.0  0.0  0.5
  0.8  1.0  0.8  0.8  0.0  0.8  0.0  0.8  0.3  0.3  0.3  0.0  3.6  3.1  0.0
  8.7  1.3  0.3 10.2  3.8  1.8  5.9  6.9  0.0  0.0  0.0  0.0  0.0  0.0  0.0
  0.8  0.3  0.0  0.0  0.0  0.0  0.0 16.4  3.6  1.8 15.3 15.6  1.3  7.2  6.1
  2.0  2.8  2.3  1.5  1.8  1.0  0.0 22.7 11.2 26.6  0.8  2.8 11.2  3.1  0.0
      9.94      1.08      0.03      0.24      2.42  1.3  0.8  0.0  0.0  0.0
                                         4000_story_2295.txt 31.3  4.0 4039
 14.9  3.5 28.0 72.3 14.1  0.5  3.2  5.4 20.3 13.4  3.7  0.2  0.0  6.9  0.2
  5.0  1.2  6.2 28.7  0.7  1.7198.6 77.0 38.6 69.1 71.8  5.7  6.7  1.0  1.0
  0.2  3.7 25.5  7.7  9.9 47.8 11.1 10.4  2.2  3.7  3.5  2.0  5.9  9.2  1.0
  1.5  4.5  3.2  4.0  5.7 20.1 40.9 11.6  2.0  2.2 72.3106.2  5.7149.3  5.4
  2.0  0.0  0.0  0.0  0.0  0.0  0.0  0.0  0.0  0.0  0.0  0.0  0.0  0.0  0.0
  0.0  0.0  0.0  2.7  0.7  1.7  1.5  0.5  0.5  0.2  0.0  0.0  0.0  0.0  0.5
  0.0  1.7  1.0  1.0  0.0  0.2  0.2  0.7  0.2  0.2  0.0  0.5  2.0  0.7  0.0
  6.7  1.2  0.0  7.9  4.2  1.5  5.9  3.2  0.0  0.0  0.0  0.0  0.0  0.0  0.0
  1.7  1.2  0.0  0.0  0.0  0.0  0.2 22.5  2.7  0.5  5.4 18.6  2.0  9.2  5.4
  2.2 13.6  1.0  1.0  1.7  1.2  0.0 36.4 12.6 22.0  1.7  2.0  9.4  2.5  0.0
      9.48      2.07     -2.40      0.72      2.72  0.0  0.0  0.5  0.0  0.0
                                         4000_story_2296.txt 34.8  4.2 3181
 14.5  4.4 12.9 44.6  6.0  2.8  1.9  2.5 68.2 11.9  0.3  0.0  0.3  4.1  0.9
  1.3  1.6  3.1 19.2  0.9  1.9217.2107.2 44.6 77.0 46.2  3.8  7.2  0.6  1.3
  0.6  3.1 25.1  5.7  8.5 42.1 13.2  4.7  1.9  1.9  2.8  2.8  3.1  4.7  0.9
  0.9  6.3  1.6  2.5  3.8 10.7 30.5  6.6  2.5  2.5 72.9120.4  2.2142.4  8.5
  0.3  0.0  0.0  0.0  0.0  0.0  0.0  0.0  0.0  0.0  0.0  0.0  0.0  0.0  0.0
  0.0  0.0  0.0  3.5  1.6  1.3  3.5  0.6  0.0  0.6  0.0  0.0  0.0  0.0  0.9
  0.0  1.6  1.3  1.3  0.0  0.6  0.3  1.3  0.3  0.9  0.6  0.3  2.5  0.3  0.0
  9.7  1.3  0.0 11.0  5.0  2.5  8.5  3.8  0.0  0.0  0.0  0.0  0.0  0.0  0.0
  0.9  0.3  0.0  0.0  0.0  0.0  0.3 14.5  1.9  3.5 11.9 11.0  0.6  6.0  8.2
  0.9  3.1  0.6  1.3  1.6  1.3  0.9 30.8 14.5 18.2  1.3  2.5 10.4  5.3  0.0
      1.55      0.92     -1.05     -1.54      0.08  0.9  0.3  0.0  0.0  0.0
                                         4000_story_2297.txt 33.8  4.1 2078
 11.5  2.9 12.0 79.9 17.3  0.5  2.4  3.4 61.1  9.1  2.4  0.5  1.0  3.8  0.0
  1.0  1.4  1.9 21.2  1.0  3.4247.4113.1 23.6 51.5 59.7 11.5  5.8  0.0  1.9
  0.0  1.9 35.1  5.3  7.7 28.4  8.2 10.1  0.5  2.4  1.9  1.4  5.3  0.5  1.0
  1.4  3.8  1.9  1.4  5.3 14.0 29.8  2.9  2.4  1.9 41.4138.1  2.9133.3  7.7
  1.4  0.0  0.0  0.0  0.0  0.0  0.0  0.0  0.0  0.0  0.0  0.0  0.0  0.0  0.0
  0.0  0.0  0.0  1.9  0.0  1.9  1.0  0.0  1.0  0.0  0.0  0.0  0.0  0.0  0.0
  0.0  0.5  2.4  0.0  1.0  0.0  0.0  0.0  0.0  0.5  0.0  0.0  3.4  0.0  0.0
  4.8  1.0  0.0  5.8  2.9  1.0  4.3  3.4  0.0  0.0  0.0  0.0  0.0  0.0  0.0
  0.5  0.5  0.0  0.0  0.0  0.0  1.4 17.8  2.9  1.0  7.7 16.4  1.9  2.4  4.8
  1.4  2.9  0.0  0.0  0.5  1.0  0.5 29.8 13.0 17.8  1.4  1.9  5.8  2.4  0.0
      2.23      1.91     -0.30     -1.46      0.96  0.5  0.0  0.5  0.0  0.0
                                         4000_story_2302.txt 33.0  4.2 2670
 17.2  6.4 13.9 55.8 11.2  0.7  1.9  3.7 18.0  7.5  0.4  1.1  1.1  6.7  1.1
  1.1  1.9  8.2 21.3  3.0  1.9206.7 94.4 26.6 80.5 74.9 14.2  9.7  0.7  1.9
  1.1  1.5 19.9  5.6 10.1 42.7 13.1  7.5  0.7  5.2  3.0  2.6 10.9  6.0  1.1
  0.7 10.1  1.1  3.0  3.4 18.7 39.3  7.9  4.9  3.7 53.2104.1  3.4150.9 10.5
  2.6  0.0  0.0  0.0  0.0  0.0  0.0  0.0  0.0  0.0  0.0  0.0  0.0  0.0  0.0
  0.0  0.0  0.0  4.1  0.7  3.0  0.7  0.0  0.4  0.4  0.0  0.0  0.0  0.7  0.0
  0.0  1.9  1.5  0.0  0.4  1.1  0.0  0.4  0.0  0.4  0.4  0.0  4.1  0.0  0.0
  8.6  0.7  0.7 10.1  3.4  1.9  5.6  4.5  0.0  0.0  0.0  0.0  0.0  0.0  0.0
  0.4  0.7  0.0  0.0  0.0  0.0  0.0  9.4  2.6  2.6 11.6  7.9  1.1  8.2  7.9
  0.0  1.5  1.1  0.0  2.2  0.4  0.0 35.2 12.4 23.6  3.7  2.2  8.6  2.2  0.0
      9.06      4.79     -1.70      0.28      5.18  0.4  0.0  0.0  0.0  0.0
                                         4000_story_2305.txt 31.5  3.7 4903
 13.7 10.6 32.0 63.8  8.8  0.6  4.9  7.3 20.4 15.1  1.4  0.8  1.4  5.9  1.4
  0.4  0.2  8.6 15.5  1.2  3.7223.9 88.7 18.4 83.4 98.3 13.5 14.3  0.0  0.2
  0.0  1.6  7.1  5.3 15.7 40.6 13.1 16.3  1.2  2.9  2.9  1.4  8.6  4.5  0.0
  1.6  6.1  2.9  2.9  3.9 27.7 26.9  6.1  1.4  0.2 38.8127.5  6.1160.9  0.4
  2.9  0.2  0.0  0.0  0.0  0.0  0.0  0.0  0.0  0.0  0.0  0.0  0.0  0.0  0.0
  0.0  0.0  0.0  7.5  0.2  2.9  2.2  0.0  0.0  0.0  0.0  0.0  0.0  0.0  0.8
  0.0  1.6  1.2  0.6  0.0  0.4  0.0  0.0  0.4  0.6  0.2  0.0  7.8  3.1  0.0
 12.8  0.0  0.0 12.8  4.3  0.8  5.7 11.0  0.0  0.0  0.0  0.0  0.0  0.0  0.0
  1.4  0.6  0.2  0.2  0.0  0.0  0.0 13.5  1.6  2.4  8.2 13.9  1.2  8.0  7.8
  2.9  1.2  3.7  0.0  1.6  1.8  0.0 39.2 22.6 18.8  1.4  2.4  9.6  2.2  0.0
      9.19      6.62     -6.26      0.90      2.93  0.0  0.0  0.0  0.0  0.0
                                         4000_story_2311.txt 33.5  3.8 4031
 14.6  8.7  2.7 44.9  6.0  0.2  1.7  1.2102.0 15.9  0.7  0.5  0.2  2.7  0.5
  0.5  0.5  3.5 12.9  0.7  3.7186.6110.1 20.3108.4 54.8  6.5 13.6  0.7  1.2
  0.2  4.0 12.7 12.9 10.2 36.5  6.5  6.0  0.7  2.2  1.0  1.0  5.5  5.7  0.5
  2.2  9.7  0.7  3.2  8.4 10.4 29.3  8.4  1.2  2.2 56.3162.7  2.0172.4  9.7
  2.0  0.0  0.0  0.0  0.0  0.0  0.0  0.0  0.0  0.0  0.0  0.0  0.0  0.0  0.0
  0.0  0.0  0.0  5.0  1.0  2.7  0.7  0.2  0.0  0.0  0.0  0.0  0.0  0.0  0.0
  0.2  0.0  0.5  0.5  0.0  0.0  0.2  0.2  0.0  0.0  0.0  0.0  0.7  0.0  0.0
  9.4  0.2  0.0  9.7  1.2  0.5  1.7  0.7  0.0  0.0  0.0  0.0  0.0  0.0  0.0
  0.0  0.7  0.0  0.0  0.2  0.0  0.0  5.7  2.0  0.7  5.7 33.0  4.0  4.0  6.7
  1.2  2.2  1.0  1.5  0.7  0.2  0.0 36.7 15.6 16.9  2.0  6.5  6.7  3.5  0.0
      2.36      4.04     -4.14     -3.06      1.75  0.5  0.0  0.0  0.0  0.0
                                         4000_story_2312.txt 32.8  4.0 2432
 17.3  6.2 32.9 71.1 15.6  1.6  2.5  2.5 26.3 15.2  1.6  0.8  0.0  4.5  0.8
  2.5  1.2  5.3 12.3  1.2  7.4217.5 92.1 27.1 90.9103.6  6.6 14.0  0.4  0.8
  0.4  3.7 14.4  4.9  7.8 32.9  7.4  7.8  1.6  2.5  1.2  1.6  5.3  4.5  0.0
  2.1  2.9  0.0  2.5  7.4 14.4 22.2  6.6  2.5  1.6 73.6145.6  2.1181.3 18.1
  0.0  0.0  0.0  0.0  0.0  0.0  0.0  0.0  0.0  0.0  0.0  0.0  0.0  0.0  0.0
  0.0  0.0  0.0  1.6  0.0  3.7  0.4  0.0  0.0  0.0  0.0  0.0  0.0  0.0  0.0
  0.0  1.2  0.4  0.0  0.0  0.4  0.0  0.0  0.0  0.0  0.0  0.0  0.8  0.4  0.0
  5.8  0.0  0.0  5.8  1.6  0.4  2.1  1.2  0.0  0.0  0.0  0.0  0.0  0.0  0.0
  2.1  0.8  0.0  0.0  0.8  0.0  0.4  9.5  1.2  0.0  4.9 18.1  4.1  3.7  4.1
  3.3  3.3  1.6  3.3  1.2  0.0  0.8 41.5 19.3 21.4  2.1  0.4  9.0  4.9  0.0
      7.63      5.72     -1.21     -1.85      1.06  0.0  0.0  0.0  0.0  0.0
                                         4000_story_2314.txt 34.0  4.2 3936
 15.0  4.3 16.3 47.3  8.1  1.0  0.8  2.5 15.8 12.4  1.5  0.3  0.8  5.1  1.0
  2.5  1.8  5.1 22.4  1.3  1.5199.7 97.1 35.3 99.1 95.5  7.6  7.6  0.5  2.3
  0.0  5.6 16.3  7.9 12.2 53.1 10.2  9.7  1.8  3.0  2.8  1.8  4.6  7.4  0.3
  1.3  5.6  0.8  1.8  6.1 17.5 36.8  8.9  3.0  2.8 71.6119.4  3.0167.2 11.4
  0.8  0.0  0.0  0.0  0.0  0.0  0.0  0.0  0.0  0.0  0.0  0.0  0.0  0.0  0.0
  0.0  0.0  0.0  0.5  1.8  2.5  1.3  0.3  0.0  0.0  0.0  0.0  0.0  0.0  0.5
  0.8  1.5  1.0  0.0  0.0  0.5  0.3  0.0  0.0  0.0  0.0  0.5  1.3  0.3  0.0
  6.1  0.3  0.0  6.4  3.8  0.8  4.6  2.0  0.0  0.0  0.0  0.0  0.0  0.0  0.0
  2.3  1.5  0.0  0.0  0.0  0.0  0.3 17.0  2.5  0.8  9.4 15.8  5.3  6.1  5.6
  2.8  2.0  1.8  2.5  0.8  0.5  0.0 38.1 13.2 22.4  0.8  3.3 12.7  5.1  0.0
      4.14      4.65     -3.24     -0.30      0.95  1.3  0.0  0.0  0.0  0.0
                                         4000_story_2316.txt 34.0  4.3 3036
 15.2  4.3 27.0 55.0 14.5  2.3  2.0  2.6 19.1 20.8  0.0  0.3  0.3  4.0  0.7
  2.3  1.6  3.0 16.1  1.0  2.0204.9 93.2 44.1 96.2 90.9  4.9 15.8  1.3  0.7
  0.7  5.6 37.2  6.6 11.2 42.2  9.2  8.6  4.3  2.3  3.3  0.7  8.2  5.9  0.3
  2.6  3.0  1.0  2.6  5.3 14.8 27.3  8.9  2.6  2.6 86.6124.5  3.0169.3 12.2
  1.6  0.0  0.0  0.0  0.0  0.0  0.0  0.0  0.0  0.0  0.0  0.0  0.0  0.0  0.0
  0.0  0.0  0.0  1.0  1.0  1.6  2.3  0.7  0.0  0.3  0.0  0.0  0.0  0.0  0.3
  0.3  1.3  1.0  0.0  0.3  1.0  0.0  0.0  0.0  1.0  0.3  0.0  2.3  1.0  0.0
  5.9  1.0  0.0  6.9  3.0  1.3  5.3  3.6  0.0  0.0  0.0  0.0  0.0  0.0  0.0
  0.3  0.7  0.0  0.0  0.0  0.0  0.0  6.9  1.6  2.6  8.9 16.8  1.0  6.6  4.3
  0.3  3.6  2.3  2.3  1.3  0.3  0.3 31.9 24.0 20.8  1.3  3.0  8.6  4.0  0.0
      3.21      5.35     -0.24     -0.30      3.52  0.0  0.0  0.0  0.0  0.0
                                         4000_story_2317.txt 34.8  4.2 3532
  8.2  2.5 21.2 46.4 14.4  1.4  0.6  2.3 19.0 15.9  1.1  1.1  0.3  2.3  0.8
  2.0  2.0  3.7 20.4  0.0  1.7226.2 98.0 43.3 90.6 82.1 10.8  7.4  0.6  1.7
  0.3  6.8 21.8  8.8  6.2 44.2  7.6  4.2  2.8  2.3  0.8  2.0  7.1  5.4  0.0
  1.4  3.4  0.3  1.4  7.1  8.8 34.0  6.8  2.0  2.5 84.1115.5  1.7160.8 13.3
  1.7  0.0  0.0  0.0  0.0  0.0  0.0  0.0  0.0  0.0  0.0  0.0  0.0  0.0  0.0
  0.0  0.0  0.0  1.1  0.8  0.6  1.1  0.0  0.0  0.0  0.0  0.0  0.0  0.3  0.0
  0.3  0.6  0.6  0.6  0.0  0.0  0.0  0.0  0.0  0.0  0.0  0.0  2.0  1.7  0.0
  3.7  0.0  0.3  4.0  2.0  0.0  2.0  3.7  0.0  0.0  0.0  0.0  0.0  0.0  0.0
  0.3  0.8  0.0  0.0  0.0  0.0  0.8 37.9  1.1  0.8  6.2 21.2  3.7  2.5  4.2
  3.1  3.4  6.8  4.0  1.1  0.8  0.0 30.0 15.9 11.6  3.1  4.5  9.1  7.6  0.0
     -0.12      4.33     -0.41     -2.45      2.07  0.0  0.0  0.0  0.0  0.3
                                         4000_story_2320.txt 25.5  4.0 5498
 22.2  6.9 27.3 81.1 26.0  3.6  3.1  1.8 35.5 19.5  3.5  1.5  1.3  5.8  0.4
  3.3  2.5  6.2 20.0  1.3  2.9196.4 79.1 22.9 85.3 76.0  6.5 18.6  0.7  1.8
  0.0  2.9 11.5  6.0  5.3 50.2  7.5  9.3  2.4  6.2  5.6  1.6  7.3  3.6  0.2
  0.5  5.3  1.8  2.7  8.0 21.1 35.8  4.4  3.8  2.5 60.9137.5  6.4174.1 11.1
  0.7  0.2  0.0  0.0  0.0  0.0  0.0  0.0  0.0  0.0  0.0  0.0  0.0  0.0  0.0
  0.0  0.0  0.0  1.8  1.3  3.1  1.6  0.2  0.5  0.0  0.0  0.0  0.2  0.0  0.4
  0.0  1.5  1.3  0.4  0.4  0.5  0.4  0.0  0.2  0.2  0.0  0.4  5.5  1.1  0.0
  7.8  0.7  0.2  8.7  3.5  1.5  5.1  6.9  0.0  0.0  0.0  0.0  0.0  0.0  0.0
  0.9  0.5  0.0  0.0  0.0  0.0  0.0 29.5  1.8  2.5  5.8  8.2  2.0  3.3  2.4
  4.2  3.1  1.6  0.5  0.5  0.7  0.2 31.3 27.6 28.7  1.5  2.5  6.4  6.4  0.0
     15.82      5.15     -1.93      2.52      1.79  0.4  0.0  0.2  0.0  0.0
                                         4000_story_2321.txt 32.0  4.1 5414
 17.2  5.9  8.7 47.5 18.3  0.6  3.0  3.0 27.3 11.1  0.9  0.4  1.3  3.1  2.0
  3.1  2.2  4.1 19.8  0.7  2.0196.5 91.1 40.8103.3 92.0 10.5 19.4  1.5  1.7
  0.6  2.4 17.2  6.3  9.6 41.9  8.7  6.1  3.9  1.8  1.3  1.7  5.4  5.9  0.2
  1.1  3.9  0.7  1.5  7.6 11.5 28.3  7.2  3.0  3.7 81.5137.6  2.8165.9 11.5
  1.3  0.0  0.0  0.0  0.0  0.0  0.0  0.0  0.0  0.0  0.0  0.0  0.0  0.0  0.0
  0.0  0.0  0.0  0.7  0.7  3.7  1.8  0.6  0.0  0.0  0.0  0.0  0.0  0.2  0.2
  0.2  1.8  0.6  0.6  0.0  0.2  0.6  0.0  0.0  0.4  0.0  0.4  3.5  0.6  0.0
  7.0  0.6  0.2  7.8  3.3  0.7  4.4  4.4  0.0  0.0  0.0  0.0  0.0  0.0  0.0
  0.2  0.6  0.4  0.0  0.0  0.0  0.2  7.6  1.5  1.5  7.4 18.7  0.9  3.7  8.3
  1.3  3.9  3.5  3.5  0.6  0.7  0.4 31.0 25.5 24.0  1.1  2.8 11.3  5.2  0.0
      5.67      7.37     -1.74     -1.78      1.12  0.0  0.0  0.0  0.0  0.0
                                         4000_story_2322.txt 30.5  4.1 4858
 18.1  6.4 11.9 47.1 15.2  1.0  2.3  1.2 20.4 12.1  2.3  1.2  0.6  3.7  1.4
  1.2  1.0  5.8 18.3  1.2  2.3160.4 93.0 26.3115.1135.9  7.6 12.6  0.2  1.2
  0.4  3.9 13.2 10.1 11.7 50.4  9.3  5.4  3.7  4.5  3.7  2.7  9.5  5.4  0.2
  1.4  6.6  0.8  2.5  7.4 14.8 34.6  7.0  2.3  1.9 67.3171.5  1.9178.9 14.0
  2.5  0.0  0.0  0.0  0.0  0.0  0.0  0.0  0.0  0.0  0.0  0.0  0.0  0.0  0.0
  0.0  0.0  0.0  1.2  0.4  3.5  2.9  0.0  0.0  0.0  0.0  0.0  0.0  0.0  0.4
  0.2  2.3  1.0  1.2  0.0  0.4  0.0  0.2  0.0  0.0  0.2  0.0  3.1  0.6  0.0
  8.0  0.0  0.0  8.0  5.1  0.6  5.8  3.9  0.0  0.0  0.0  0.0  0.0  0.0  0.0
  1.2  1.0  0.0  0.0  0.0  0.0  0.4  8.6  1.2  2.5  4.5 21.8  2.1  6.0  3.7
  1.9  2.5  1.9  3.5  0.2  0.4  0.0 44.9 18.7 23.7  1.0  5.6 14.2  6.8  0.0
      5.32      7.89     -4.75      0.76      3.73  0.2  0.0  0.0  0.0  0.0
                                         4000_story_2325.txt 29.5  3.9 2010
 17.9  2.5 28.9 65.7 15.9  2.5  1.0  2.0 49.8 18.9  3.0  0.0  0.5  5.5  0.0
  0.5  2.0  5.0 32.8  1.5  5.5211.4 92.5 19.4 89.6 47.8  7.5 18.9  1.5  1.0
  0.5  2.0 13.4  6.5  9.5 38.8 13.4  7.5  1.5  3.0  4.5  1.0  7.0  8.5  0.5
  0.5  8.0  1.5  2.5  4.5 16.9 45.8  9.5  3.5  3.0 60.2113.4  7.5168.7  4.5
  1.5  0.0  0.0  0.0  0.0  0.0  0.0  0.0  0.0  0.0  0.0  0.0  0.0  0.0  0.0
  0.0  0.0  0.0  1.5  1.0  3.0  1.5  0.0  1.0  0.0  0.0  0.0  0.0  0.0  1.0
  1.0  3.0  0.5  0.5  1.0  0.0  0.0  0.0  0.5  0.0  0.5  0.0  2.5  1.5  0.0
  7.0  1.0  0.0  8.0  6.0  1.5  7.5  4.5  0.0  0.0  0.0  0.0  0.0  0.0  0.0
  1.5  0.5  0.5  0.0  0.0  0.0  0.0 10.0  3.0  4.0 11.4 10.0  0.5  7.5  2.5
  1.5  2.0  4.5  0.0  0.0  0.5  0.0 32.8 26.4 24.9  0.0  1.5  7.0  5.5  0.0
     12.42      4.28     -2.36     -0.46      2.55  1.0  0.0  0.0  0.0  0.0
                                         4000_story_2326.txt 31.3  3.9 2668
 13.1  2.6 20.2 54.7 20.2  2.6  1.9  0.7 24.7 13.9  3.7  0.0  1.5  4.1  0.4
  1.1  3.0  3.0 32.2  0.4  6.0232.0100.1 25.9 70.8 33.7  7.1  4.9  0.0  1.1
  0.4  3.0 11.2 13.1 11.2 36.0 11.2  4.9  1.5  2.6  3.7  1.5  4.9  4.9  0.4
  1.1  5.2  1.1  2.2  3.4 11.6 43.1  6.4  3.4  1.5 68.2 78.7  3.0140.2  9.4
  2.6  0.0  0.0  0.0  0.0  0.0  0.0  0.0  0.0  0.0  0.0  0.0  0.0  0.0  0.0
  0.0  0.0  0.0  1.9  0.7  0.7  1.1  0.0  0.0  0.0  0.0  0.0  0.0  0.0  0.7
  0.4  1.1  1.1  0.0  0.0  0.0  0.0  0.0  0.4  0.4  0.0  0.0  1.9  1.1  0.0
  4.5  0.0  0.0  4.5  3.4  0.4  4.1  3.0  0.0  0.0  0.0  0.0  0.0  0.0  0.0
  1.1  0.7  0.0  0.0  0.0  0.0  0.7 38.6  2.6  0.4  3.7 30.0  4.9  4.1  7.9
  1.5  2.2  1.1  1.1  0.4  0.4  0.0 33.7 11.6 16.5  0.4  3.0  3.4  2.6  0.0
      9.06      0.37     -5.33     -1.38      0.81  0.7  0.0  0.0  0.0  0.0
                                         4000_story_2327.txt 29.8  4.2 3731
  8.3  3.5 11.8 35.9  2.4  0.8  2.7  0.5  2.4  9.1  0.5  0.5  0.5  5.1  0.0
  3.2  0.5  6.2 31.4  0.3  3.2222.5111.2 33.2 87.4 85.8 12.6  7.5  0.3  3.5
  2.1  4.8 35.1  5.4  7.8 37.8 11.8  7.0  0.3  1.6  2.1  1.1  5.6  9.1  1.1
  1.1  5.9  7.0  1.9  4.8 15.3 44.2 11.3  0.8  5.9 63.0 90.6  6.7138.0  4.0
  0.8  0.3  0.0  0.0  0.0  0.0  0.0  0.0  0.0  0.0  0.0  0.0  0.0  0.0  0.0
  0.0  0.0  0.0  5.6  1.1  1.3  2.4  0.3  0.3  0.3  0.0  0.0  0.0  0.3  0.8
  0.5  1.3  0.3  0.8  0.5  1.1  0.0  0.0  0.0  0.3  0.8  0.5  1.3  0.8  0.0
 10.5  0.8  0.3 11.5  3.8  1.6  5.6  3.5  0.0  0.0  0.0  0.0  0.0  0.0  0.0
  1.1  1.3  0.3  0.0  0.3  0.0  0.0 32.4  4.3  3.2 15.8 11.3  2.9  9.9  2.4
  8.6  1.9  2.1  0.5  1.1  1.6  0.8 37.8 12.6 14.7  1.3  1.9  5.9  1.6  0.0
     -0.84      4.77      3.08     -2.68      2.44  0.8  0.3  0.0  0.0  0.0
                                         4000_story_2328.txt 33.0  4.1 2594
 12.0  4.6 32.8 76.3 19.7  2.7  5.0  1.9 36.6 12.0  0.8  0.0  1.2  4.2  0.8
  0.8  2.7  5.4 23.9  0.4  2.7203.5108.3 16.6 62.5 49.7 11.6 11.2  0.4  2.3
  0.8  2.3 34.3  9.3 10.4 40.1 12.3 11.2  1.9  7.7  1.9  2.7  7.3  5.0  0.8
  0.8  5.4  1.2  0.8  1.9 18.5 39.3  6.6  3.1  3.5 54.4106.0  5.0150.7  7.7
  0.8  0.4  0.0  0.0  0.0  0.0  0.0  0.0  0.0  0.0  0.0  0.0  0.0  0.0  0.0
  0.0  0.0  0.0  1.9  0.8  1.9  1.9  0.8  0.0  0.0  0.0  0.0  0.0  0.0  0.0
  1.2  1.5  1.2  0.4  0.0  1.2  0.0  0.0  0.4  0.4  0.0  0.0  2.3  1.5  0.0
  6.6  0.8  0.0  7.3  4.2  1.5  6.2  3.9  0.0  0.0  0.0  0.0  0.0  0.0  0.0
  0.4  1.2  0.0  0.0  0.0  0.0  0.4  3.5  3.1  1.9 10.8 13.9  2.3  4.6  5.4
  1.9  0.0  0.4  0.0  0.0  0.4  0.0 45.1 17.0 19.7  0.8  2.7  7.7  1.5  0.0
      9.14      2.83     -1.69      2.18      2.55  0.4  0.0  0.0  0.0  0.0
                                         4000_story_2330.txt 32.5  4.3 2470
  7.7  2.4  8.1 37.2  6.9  0.8  0.8  1.2  2.0 15.0  0.4  0.4  0.4  3.6  1.2
  2.0  0.8  2.0 36.0  0.0  3.6214.2120.6 34.8 82.6 80.2  6.9  5.3  0.8  2.8
  2.0  2.4 24.3  7.7 13.4 47.0  8.1  2.8  0.4  1.2  1.2  3.6  6.1  8.1  0.0
  1.6  6.9  2.8  2.8  3.6  6.1 47.0  9.7  0.8  5.7 78.5 89.1  2.8136.8  6.1
  2.0  0.0  0.0  0.0  0.0  0.0  0.0  0.0  0.0  0.0  0.0  0.0  0.0  0.0  0.0
  0.0  0.0  0.0  2.4  0.4  0.4  1.2  0.0  0.0  0.0  0.0  0.0  0.0  0.0  0.0
  0.0  0.0  1.2  0.0  0.0  0.0  0.0  0.0  0.0  1.2  0.4  0.0  1.6  2.0  0.0
  4.5  0.0  0.0  4.5  1.2  0.0  2.4  4.0  0.0  0.0  0.0  0.0  0.0  0.0  0.0
  0.8  0.8  0.0  0.0  0.0  0.4  0.0  8.9  2.8  3.2  8.5 19.8  2.0  7.7  8.9
  1.6  2.8  1.2  0.8  0.4  0.8  0.0 27.5  9.7  9.3  1.2  4.9  6.9  4.9  0.0
     -0.98      2.85     -1.50     -3.21      1.92  0.4  0.0  0.0  0.0  0.0
                                         4000_story_2339.txt 29.8  3.8 2330
 14.2  9.0 34.3 75.1 14.2  0.0  1.7  1.7 63.1 12.0  0.9  0.9  0.4  3.4  0.0
  0.4  0.4  8.6 23.2  1.3  6.9195.3104.7 23.2 79.0 58.8 12.0 21.0  0.0  0.0
  0.0  3.0 14.2  8.6 13.3 30.9 12.4  9.0  1.3  3.9  1.7  1.3  3.0  5.2  0.0
  0.9  8.6  3.4  2.1  1.7 19.3 39.5  6.0  1.7  0.0 57.5136.1  6.0172.5  8.2
  3.0  0.0  0.0  0.0  0.0  0.0  0.0  0.0  0.0  0.0  0.0  0.0  0.0  0.0  0.0
  0.0  0.0  0.0  6.4  1.7  1.7  3.9  0.0  0.0  0.0  0.0  0.0  0.0  0.0  0.9
  0.4  2.6  1.3  0.4  0.0  0.4  0.0  0.0  0.4  0.0  0.4  0.0  1.7  0.9  0.0
 13.7  0.0  0.0 13.7  5.6  0.9  6.4  3.0  0.0  0.0  0.0  0.0  0.0  0.0  0.0
  2.6  0.9  0.0  0.0  0.0  0.0  0.4 11.6  0.4  0.4  9.4 10.7  0.4  6.9  8.6
  1.7  1.3  0.0  1.3  3.0  0.4  0.0 47.6 27.9 20.2  0.4  0.4  6.9  4.3  0.0
      8.93      5.69     -5.05     -0.96     -0.69  0.4  0.0  0.0  0.0  0.0
                                         4000_story_2341.txt 32.8  4.1 1994
  9.0  3.0  7.5 54.7  1.0  1.0  1.5  6.0 40.6 14.5  2.0  3.0  0.0  4.0  1.5
  2.5  0.0  2.0 35.1  0.5  3.0249.7119.4 37.6 41.6 15.0  4.5  0.0  0.5  1.0
  0.5  4.0 22.1  3.0 11.5 46.1 18.1  3.0  2.0  3.0  2.0  1.5  5.5  6.5  0.0
  2.0  5.5  0.5  1.0  6.0  7.0 50.7  8.5  0.5  2.0 74.2 56.7  1.5121.4  7.5
  1.5  0.0  0.0  0.0  0.0  0.0  0.0  0.0  0.0  0.0  0.0  0.0  0.0  0.0  0.0
  0.0  0.0  0.0  1.5  1.0  3.0  2.5  0.0  0.5  0.0  0.0  0.0  0.0  0.0  0.0
  1.5  1.0  1.0  2.5  0.5  0.5  0.0  0.5  0.0  0.0  0.0  0.0  4.5  1.0  0.0
  8.0  0.5  0.0  8.5  6.0  1.5  7.5  5.5  0.0  0.0  0.0  0.0  0.0  0.0  0.0
  0.5  1.0  0.0  0.0  0.0  0.0  0.0  6.0  3.5  2.0 11.5 33.1  2.0 10.0  7.0
  6.5  2.0  4.5  1.0  1.5  1.0  0.0 36.1  2.5 11.5  1.5  3.0  6.5  2.5  0.0
      2.33     -2.82     -1.63     -2.32      1.46  1.5  0.0  0.0  0.0  0.0
                                         4000_story_2343.txt 34.0  4.0 2558
 14.9  5.1 37.9 55.5 20.7  0.8  3.5  2.0 28.9 11.3  2.0  0.0  2.3  2.7  1.2
  2.3  0.8  2.3 30.9  1.2  2.7251.4109.9 42.6 62.2 51.6  9.4  9.4  0.8  1.6
  0.4  2.0 21.5  3.5  7.8 45.0  8.2 11.7  0.4  4.3  1.2  0.4  6.6  2.7  0.0
  2.7  3.1  1.2  1.6  3.9 15.2 40.3  5.5  2.0  2.7 65.7101.3  2.0128.6  3.5
  1.2  0.0  0.0  0.0  0.0  0.0  0.0  0.0  0.0  0.0  0.0  0.0  0.0  0.0  0.0
  0.0  0.0  0.0  2.0  0.0  2.3  1.6  0.4  0.0  0.0  0.0  0.0  0.0  0.0  0.0
  0.8  0.4  0.0  0.0  0.0  0.0  0.0  0.0  0.0  0.4  0.0  0.0  3.5  1.6  0.0
  5.9  0.4  0.0  6.3  1.2  0.0  1.6  5.1  0.0  0.0  0.0  0.0  0.0  0.0  0.0
  2.0  0.4  0.0  0.0  0.0  0.0  0.4  8.2  0.8  0.0  9.4 20.3  4.3  3.9  5.5
  3.5  2.3  2.0  2.0  3.1  0.8  0.8 28.5 12.9 19.2  2.7  1.6  5.5  2.7  0.0
      4.57      2.15     -1.07     -1.02      1.82  0.4  0.0  0.0  0.0  0.0
                                         4000_story_2347.txt 28.8  4.1 3063
 10.4  1.6  9.8 29.1  2.6  1.0  1.3  2.6  3.6 18.3  1.3  0.0  0.0  2.3  0.0
  1.0  0.0  3.6 26.4  1.6  2.0243.6114.9 32.3 84.6 55.2  8.5  4.9  0.3  4.2
  0.3  5.2 15.7  7.8 13.7 35.3 16.3  7.2  0.0  3.3  1.6  1.0  4.9  4.2  0.7
  2.3  5.2  2.0  3.3  6.5 12.4 40.2  7.2  1.6  4.9 65.0 61.4  2.9146.6  9.8
  2.6  0.3  0.0  0.0  0.0  0.0  0.0  0.0  0.0  0.0  0.0  0.0  0.0  0.0  0.0
  0.0  0.0  0.0  1.3  0.3  2.0  2.0  0.3  0.0  0.0  0.0  0.0  0.0  0.3  0.3
  0.7  2.0  2.6  0.7  0.0  0.3  0.0  0.0  0.0  0.7  0.0  0.0  1.3  0.7  0.0
  5.6  0.3  0.3  6.2  6.2  0.3  7.2  2.0  0.0  0.0  0.0  0.0  0.0  0.0  0.0
  1.0  0.3  0.0  0.0  0.0  0.0  0.0 12.7  2.0  2.3  9.5 25.5  3.6  6.9  6.5
  2.3  2.0  2.0  0.7  1.3  0.0  0.0 39.8  6.5 14.4  1.0  4.9  7.8  5.2  0.0
     -4.63      2.05     -1.67     -2.24      1.32  1.6  0.0  0.0  0.0  0.0
                                         4000_story_2350.txt 33.0  4.1 4075
 15.5  3.7 19.4 56.2 14.0  1.7  2.5  0.7 23.1 11.0  2.0  0.7  0.5  4.2  0.7
  1.2  2.0  4.2 23.1  0.7  2.9225.3 96.7 34.8 87.4 65.5  9.8  4.4  0.2  1.7
  1.2  4.7 12.0 12.0 13.5 36.6  8.8  6.4  1.5  2.0  1.0  0.7  5.4  8.1  0.2
  2.2  4.9  1.2  3.4  4.9 11.5 35.3 10.6  2.7  3.2 74.4102.6  2.9157.8  8.8
  1.0  0.0  0.0  0.0  0.0  0.0  0.0  0.0  0.0  0.0  0.0  0.0  0.0  0.0  0.0
  0.0  0.0  0.0  1.7  1.5  2.5  1.2  0.0  0.0  0.0  0.0  0.0  0.0  0.0  0.7
  1.2  1.2  1.7  0.2  0.0  0.5  0.0  0.0  0.5  1.0  0.5  0.2  0.7  0.7  0.0
  6.9  0.0  0.0  6.9  5.2  1.0  7.1  2.2  0.0  0.0  0.0  0.0  0.0  0.0  0.0
  2.2  1.0  0.2  0.0  0.0  0.0  0.2 29.7  1.7  1.0 11.3 17.2  2.9  2.9  5.9
  2.5  1.7  7.1  1.0  0.0  1.2  0.0 41.0  8.8 19.6  1.7  4.9  7.6  4.7  0.0
      3.92      2.76     -3.83     -2.96      1.88  0.5  0.0  0.0  0.0  0.0
                                         4000_story_2351.txt 32.8  4.0 2550
 12.9  3.5 23.9 62.0 16.5  1.6  2.4  2.7 44.3 12.9  2.0  0.0  1.2  6.7  0.0
  0.8  0.4  7.5 25.5  1.2  2.7190.6 95.3 26.3 82.0 37.6  9.8 17.3  1.2  3.5
  0.0  3.5 17.6  7.5 15.3 45.5 12.2  7.8  2.4  4.3  2.4  2.0  7.8  5.5  0.8
  1.6  5.5  2.4  3.1  4.7 17.6 38.8  7.8  1.6  4.7 61.2 98.4  3.1157.3  4.3
  0.8  0.4  0.0  0.0  0.0  0.0  0.0  0.0  0.0  0.0  0.0  0.0  0.0  0.0  0.0
  0.0  0.0  0.0  1.6  0.8  2.0  2.7  0.8  0.0  0.4  0.0  0.0  0.0  0.0  0.4
  0.4  1.6  2.0  1.6  0.4  0.4  0.4  0.0  0.4  0.0  0.4  0.0  2.0  0.8  0.0
  7.1  1.2  0.0  8.2  5.9  1.6  7.5  3.1  0.0  0.0  0.0  0.0  0.0  0.0  0.0
  2.0  0.4  0.0  0.0  0.0  0.0  0.4 18.8  2.7  3.1  8.6 14.1  2.4  3.1  6.3
  0.4  2.0  0.4  0.8  0.0  0.8  0.0 32.5 24.7 16.1  3.1  2.7  9.4  2.0  0.0
      6.90      3.72     -3.25     -0.11      3.22  0.4  0.0  0.0  0.0  0.0
                                         4000_story_2352.txt 31.0  3.9 3322
 19.9  6.0 24.4 70.4  7.8  3.0  2.4  3.3 14.1 17.5  0.9  0.9  0.9  6.6  0.6
  1.8  0.6  5.4 31.6  1.8  3.0205.3 98.4 22.3 76.5 87.9  9.3  4.5  0.3  3.6
  0.0  3.0  9.9  8.7 11.4 44.6 12.0  6.6  1.5  3.9  1.5  1.8  7.2  6.0  0.6
  0.6  9.0  2.4  3.3  1.8 13.5 48.5  7.2  2.4  3.9 49.1109.9  3.6157.7  7.5
  4.2  0.0  0.0  0.0  0.0  0.0  0.0  0.0  0.0  0.0  0.0  0.0  0.0  0.0  0.0
  0.0  0.0  0.0  0.9  0.0  2.7  4.8  0.0  0.0  0.3  0.3  0.0  0.0  0.6  0.0
  0.6  3.0  1.5  0.3  0.3  0.0  0.0  0.0  0.0  0.0  0.3  0.0  5.7  2.1  0.0
  8.4  0.3  0.9  9.6  5.4  0.3  5.7  8.1  0.0  0.0  0.0  0.0  0.0  0.0  0.0
  0.9  0.3  0.3  0.0  0.0  0.0  1.5 18.1  2.1  1.2 14.4  5.7  3.9  5.4  4.5
  0.9  2.1  4.8  0.9  0.3  0.0  0.0 35.2 10.8 26.8  1.5  2.1  9.3  4.2  0.0
     10.73      3.32     -3.63     -1.32      2.46  0.9  0.0  0.0  0.0  0.0
                                         4000_story_2353.txt 26.0  3.9 2240
 13.8  4.0 20.1 46.9  7.6  0.9  1.8  2.2 37.1 10.7  0.0  0.0  0.9  2.2  0.0
  3.1  0.9  8.0 28.6  0.4  6.3197.3110.3 27.2 72.3 67.0  9.8  6.7  0.0  0.0
  0.0  4.9 12.9  7.6 17.0 45.1 14.3  6.7  0.9  2.2  3.1  1.3  4.0  2.7  0.0
  1.8  7.1  3.6  2.2  3.6 17.9 42.9  4.5  1.3  0.0 64.7111.6  6.3147.8 16.1
  4.0  0.4  0.0  0.0  0.0  0.0  0.0  0.0  0.0  0.0  0.0  0.0  0.0  0.0  0.0
  0.0  0.0  0.0  2.2  1.3  1.3  5.4  0.0  0.0  0.0  0.0  0.0  0.0  0.9  0.0
  0.4  2.2  0.9  3.6  0.0  0.9  0.4  0.0  0.4  0.0  0.4  0.0  6.3  1.8  0.0
 10.3  0.0  0.9 11.2  7.1  1.8  8.9  8.5  0.0  0.0  0.0  0.0  0.0  0.0  0.0
  0.4  1.3  0.4  0.0  0.0  0.0  0.4 17.0  2.2  2.7 13.4 12.9  4.5  7.6  3.6
  4.0  4.5  2.7  0.0  0.9  1.3  0.0 41.1 10.7 23.2  0.0  1.3 18.3  4.0  0.0
      4.70      2.76     -6.03     -1.68     -0.13  0.9  0.0  0.0  0.4  0.0
                                         4000_story_2369.txt 31.0  4.5 1967
 10.7  1.5  1.5 38.6  7.6  0.0  3.6  3.6 14.7 12.2  2.0  0.0  0.0  2.5  0.5
  1.0  1.5  3.1 11.7  0.5  1.5266.4108.8 42.2 66.6 74.7 16.3  7.6  0.5  2.5
  0.0  2.0 31.0  8.6  5.6 37.6  9.7  3.6  0.0  3.1  1.0  4.1  8.1  4.1  0.5
  2.5  6.1  2.5  1.5  5.1  7.6 22.9  7.1  2.0  3.1 80.8 97.1  2.5123.0  5.6
  5.1  0.0  0.0  0.0  0.0  0.0  0.0  0.0  0.0  0.0  0.0  0.0  0.0  0.0  0.0
  0.0  0.0  0.0  1.0  1.0  1.0  0.5  0.0  0.0  0.0  0.5  0.0  0.0  0.0  0.5
  0.5  2.0  0.0  0.5  0.0  1.5  0.0  0.0  0.0  0.0  0.5  0.0  6.1  1.5  0.0
  3.6  0.0  0.5  4.1  3.6  1.5  5.1  8.1  0.0  0.0  0.0  0.0  0.0  0.0  0.0
  0.0  0.0  0.0  0.0  0.0  0.0  0.5 29.5  2.5  0.5 12.2 20.3  0.5  6.6  3.1
  1.5  2.5  4.6  0.5  0.0  1.0  0.0 17.8 12.2 16.3  0.5  2.5  5.6  3.1  0.0
     -7.75      4.33     -0.80     -2.26      3.28  0.0  0.0  0.0  0.0  0.0
                                         4000_story_2370.txt 31.8  4.3 3065
 10.4  0.7  2.6 78.3 10.4  1.3  2.6  2.0  5.9 11.1  0.7  0.7  0.0  2.0  0.0
  2.6  0.7  5.9 20.9  0.0  1.3248.6127.2 32.6  9.8 56.1  9.1  2.0  3.3  0.7
  0.0  2.0 50.2  9.8  5.2 33.9 18.3  3.9  0.7  3.9  1.3  4.6  3.9  9.8  1.3
  1.6  5.9  2.0  5.9  5.9 11.1 33.3 12.7  0.7  3.9 56.4 72.4  0.0110.0  5.2
  3.3  0.7  0.0  0.0  0.0  0.0  0.0  0.0  0.0  0.0  0.0  0.0  0.0  0.0  0.0
  0.0  0.0  0.0  0.7  0.0  2.6  0.7  0.7  0.7  0.7  0.0  0.0  0.7  0.7  0.0
  0.7  0.0  1.3  0.0  0.7  1.3  0.7  0.0  0.7  0.7  0.0  0.7  2.0  0.7  0.0
  3.9  2.0  1.3  7.2  2.0  3.3  5.9  3.3  0.0  0.0  0.0  0.0  0.0  0.0  0.0
  0.0  0.7  0.0  0.0  0.0  0.0  0.0 18.9 11.7  1.3 17.6 22.2  0.7  9.1  8.5
  0.7  2.6  0.7  0.0  2.0  2.6  0.7 22.8  9.8 13.1  7.2  2.6  6.5  2.6  0.0
     -5.58     -0.79      1.17     -1.23      1.83  2.0  0.0  0.0  1.3  0.7
                                         4000_story_2371.txt 33.0  4.1 3143
 18.5  3.5  8.6 72.5 17.2  2.9  6.4  0.6 48.4 19.4  1.0  0.0  1.0  6.4  1.0
  1.6  2.5  6.7 11.1  0.6  2.9203.0 93.9 39.1 68.4 57.9  9.2 20.4  0.0  0.3
  1.0  5.7  9.5 10.2 11.1 38.2  8.6  7.0  1.6  2.9  1.3  0.6  7.0  3.8  0.3
  2.2  3.8  2.9  2.9  4.1 15.0 23.5  6.4  3.2  1.3 79.9123.4  3.8158.1  8.3
  3.8  0.0  0.0  0.0  0.0  0.0  0.0  0.0  0.0  0.0  0.0  0.0  0.0  0.0  0.0
  0.0  0.0  0.0  1.6  0.3  1.9  4.1  1.0  0.0  0.0  0.0  0.0  0.0  0.3  0.0
  0.0  0.6  1.0  2.9  0.0  0.3  0.0  0.0  0.6  0.0  0.0  0.0  1.9  1.3  0.0
  8.0  1.0  0.3  9.2  4.5  1.0  5.4  3.2  0.0  0.0  0.0  0.0  0.0  0.0  0.0
  1.0  1.0  0.0  0.0  0.0  0.0  0.0  5.1  1.6  2.2  5.4 17.5  4.8  6.4  2.9
  2.2  3.5  4.1  1.0  1.6  0.3  0.3 20.4 25.1 26.1  1.9  3.8 16.9  5.7  0.0
      8.15      4.64     -3.57     -2.26      2.29  0.3  0.0  0.3  0.0  0.0
                                         4000_story_2373.txt 30.5  4.2 4565
 15.3  2.6  0.0 34.6  2.2  0.0  1.8  3.5 65.3  9.6  0.0  0.0  0.4  3.9  0.4
  1.8  0.0  4.4 17.5  0.0  1.8208.3136.3 52.6 76.2 53.5 15.8  2.6  2.6  3.1
  2.2  1.8 33.3  5.3  3.1 29.8  8.3  3.5  0.9  0.9  0.4  3.9  3.1  5.7  1.3
  1.3  6.6  4.8  1.8  1.3  8.3 26.7  8.3  0.0  7.9 71.9120.9  2.2125.7  6.6
  4.8  0.4  0.0  0.0  0.0  0.0  0.0  0.0  0.0  0.0  0.0  0.0  0.0  0.0  0.0
  0.0  0.0  0.0  1.3  0.9  3.1  3.1  0.4  0.4  0.0  0.0  0.0  0.9  0.0  0.0
  0.0  0.0  1.3  1.8  0.0  0.0  0.0  0.4  0.0  0.9  0.0  0.0  4.8  0.4  0.0
  8.3  0.9  0.9 10.1  3.1  0.4  4.4  5.3  0.0  0.0  0.0  0.0  0.0  0.0  0.0
  0.9  0.4  0.0  0.0  0.0  0.0  0.9 10.1  4.4  6.1 16.2 14.0  0.4 10.1  5.3
  1.8  3.5  1.3  2.2  0.4  3.1  0.0 25.0  7.9 17.1  1.8  4.8  6.6  3.1  0.0
     -6.29      2.68      4.91     -3.30      0.59  0.9  0.0  0.0  0.0  0.0
                                         4000_story_2376.txt 33.3  3.9 2179
 11.9  6.4 27.5 84.4 28.5  0.9  3.7  3.7 54.2 12.8  0.9  0.0  0.0  5.5  0.9
  0.0  0.9  8.3 26.6  1.8  5.5215.7106.5 38.5 39.5 19.7 11.0  8.3  0.0  1.8
  0.9  0.9 19.3  4.6 11.0 51.4  3.7 15.6  0.9  2.8  0.9  1.8  8.3  5.5  0.0
  0.9  4.6  2.8  0.9  0.0 24.8 34.9  6.4  2.8  2.8 60.6102.3 10.1131.3  6.4
  2.8  0.0  0.0  0.0  0.0  0.0  0.0  0.0  0.0  0.0  0.0  0.0  0.0  0.0  0.0
  0.0  0.0  0.0  2.8  2.8  1.8  1.8  0.0  0.0  0.0  0.0  0.0  0.0  0.0  0.0
  0.0  1.8  0.9  0.0  0.0  0.9  0.0  0.0  0.0  0.0  0.0  0.0  2.8  2.8  0.0
  9.2  0.0  0.0  9.2  2.8  0.9  3.7  5.5  0.0  0.0  0.0  0.0  0.0  0.0  0.0
  2.8  0.0  0.0  0.0  0.0  0.0  0.9  2.8  4.6  5.5  9.2 25.7  0.9  4.6  6.4
  0.9  1.8  4.6  0.0  2.8  0.0  0.0 32.1 17.4 19.3  0.0  1.8  7.3  2.8  0.0
     10.58      0.10     -3.07     -0.17      2.67  0.0  0.0  0.0  0.0  0.0
                                         4000_story_2387.txt 31.3  4.4 5205
 14.6  3.3  0.2 27.5  0.6  0.0  2.3  3.8 33.6 11.9  0.6  0.0  0.0  6.0  0.2
  7.9  0.2  3.5 34.8  0.2  1.7194.2119.1 34.8 73.0 47.1 16.5  4.2  4.0  6.1
  3.1  6.0 34.8  6.1  8.6 46.9 10.0  2.1  0.2  1.3  1.5  4.6  7.5  8.6  2.3
  1.2  8.3  4.4  2.5  4.8  7.1 50.3 12.1  0.4 13.3 70.7 81.3  3.3125.3 12.1
  1.3  0.4  0.0  0.0  0.0  0.0  0.0  0.0  0.0  0.0  0.0  0.0  0.0  0.0  0.0
  0.0  0.0  0.0  2.7  0.8  2.1  2.9  0.0  0.4  0.0  0.0  0.0  0.4  0.8  0.4
  0.2  0.2  0.8  2.9  0.0  0.4  0.2  0.0  0.0  0.2  0.6  0.0  5.2  1.0  0.0
  8.5  0.4  1.2 10.0  4.4  0.6  5.2  6.7  0.0  0.0  0.0  0.0  0.0  0.0  0.0
  0.4  0.4  0.4  0.2  0.0  0.0  0.4 14.2  4.2  5.0 13.1 16.3  3.5  7.1  7.1
  5.6  2.9  1.0  1.3  0.8  3.1  1.3 23.8 11.1 21.3  1.0  3.5 13.8  3.1  0.0
      1.22      2.73      6.87     -2.85      4.51  1.7  0.4  0.2  0.0  0.0
                                         4000_story_2388.txt 35.5  4.0 5355
  7.3 27.5 49.3 77.3 12.9  0.9  3.9  2.4 14.8 17.7  4.5  0.4  0.4  2.1  0.2
  0.6  1.3  4.5 35.3  0.2  2.6271.9 89.8 28.9 40.1 86.6  1.9 27.8  0.4  0.7
  0.6  2.4 14.9  3.4 11.4 37.2  8.8  8.0  0.0  2.1  1.1  0.6  9.5  4.3  0.9
  1.1  6.3  0.7  2.2  4.3 13.6 46.5  6.3  1.5  1.7 61.4114.3  3.0127.2  3.4
  1.9  0.0  0.0  0.0  0.0  0.0  0.0  0.0  0.0  0.0  0.0  0.0  0.0  0.0  0.0
  0.0  0.0  0.0 25.0  0.7  1.1  0.9  0.0  0.0  0.0  0.0  0.0  0.0  0.0  0.2
  0.0  0.6  0.0  0.0  0.0  0.6  0.0  0.0  0.0  0.2  0.0  0.2  3.4  0.4  0.0
 27.8  0.0  0.0 27.8  0.7  0.6  1.5  3.9  0.0  0.0  0.0  0.0  0.0  0.0  0.0
  0.4  0.2  0.0  0.0  0.0  0.0  0.2  8.6  2.2  0.2 10.8  8.4  1.1  6.3  5.0
  2.8  1.5  0.7  0.6  0.4  0.7  0.2 16.4 31.4 10.8  1.9  2.6  3.2  2.8  0.0
     10.74      4.96     -2.41     -3.00      4.06  0.4  0.2  0.0  0.0  0.0
                                         4000_story_2389.txt 33.3  4.0 4178
 14.8  4.1  6.9 33.7  5.7  0.2  2.9  1.9 41.4 15.6  3.4  0.2  0.5  4.5  0.7
  4.8  0.2  4.8 31.4  0.5  3.1217.6113.7 37.3 79.7 38.3  8.9  6.7  1.0  1.9
  2.6  4.1 19.1  6.5  8.6 40.0  9.6  5.0  1.0  1.0  1.7  1.9  4.5  5.5  1.4
  0.5  6.9  2.6  1.0  5.3 11.5 43.6  7.4  0.7  5.5 77.1 85.4  2.2130.0  9.3
  3.6  0.0  0.0  0.0  0.0  0.0  0.0  0.0  0.0  0.0  0.0  0.0  0.0  0.0  0.0
  0.0  0.0  0.0  2.4  0.2  2.2  1.0  0.7  0.5  0.0  0.0  0.0  0.0  0.0  0.0
  0.0  0.5  0.7  1.0  0.5  0.5  0.7  0.0  0.0  0.7  0.0  0.0  2.4  0.2  0.0
  5.7  1.2  0.0  6.9  2.2  1.7  4.5  2.6  0.0  0.0  0.0  0.0  0.0  0.0  0.0
  0.5  0.2  0.0  0.0  0.0  0.0  0.2  4.5  2.9  1.7  8.9 20.6  4.1  7.4 12.0
  6.7  5.7  6.2  1.7  1.0  0.0  0.2 23.7 11.7 18.2  0.5  5.0  8.6  3.4  0.0
      2.98      1.54      1.07     -3.10      1.31  0.5  0.2  0.0  0.0  0.0
                                         4000_story_2391.txt 27.3  3.7 3973
  7.0 32.7 76.8102.7 23.4  1.5  4.5  0.8 18.4 18.4  5.3  0.0  0.0  1.5  1.3
  0.8  1.5  4.3 36.2  1.0  5.0257.0 79.5 18.6 43.5 95.4  2.0 41.5  0.3  0.8
  0.0  1.3 16.4  3.0  8.1 33.5  8.3  9.3  0.5  2.5  1.0  1.3  9.6  4.8  0.3
  0.8  5.0  0.5  1.0  3.8 14.6 45.1  5.8  2.5  1.0 56.4137.2  5.0150.5  0.8
  2.0  0.0  0.0  0.0  0.0  0.0  0.0  0.0  0.0  0.0  0.0  0.0  0.0  0.0  0.0
  0.0  0.0  0.0 31.2  0.0  1.3  0.3  0.3  0.0  0.0  0.0  0.0  0.0  0.0  0.0
  0.0  0.3  0.3  0.0  0.0  0.0  0.0  0.0  0.0  0.0  0.0  0.0  0.8  0.3  0.0
 32.7  0.3  0.0 33.0  0.5  0.0  0.5  1.0  0.0  0.0  0.0  0.0  0.0  0.0  0.0
  0.5  0.3  0.0  0.0  0.0  0.0  0.0 10.3  1.3  0.5  8.1 12.8  3.3  9.6  3.3
  3.8  1.5  1.0  0.8  1.0  0.0  0.0 21.6 42.8  9.6  1.8  0.8  2.5  1.3  0.0
     19.63      8.02     -2.03     -2.10      3.51  0.0  0.0  0.0  0.0  0.0
                                         4000_story_2392.txt 36.8  4.1 5030
 10.3  2.2 14.3 53.1 16.9  0.6  3.8  1.0 19.9 11.9  1.4  0.2  0.0  2.8  0.2
  1.2  1.4  3.2 38.2  1.0  3.0260.6 96.8 38.8 60.2 66.8  8.2  8.9  1.8  2.8
  2.2  2.8 15.1  5.4 10.7 37.8 10.3  6.2  1.2  2.4  1.2  2.4  5.4  8.5  0.8
  1.2  7.4  1.6  2.2  2.2 10.5 50.9 10.5  2.4  6.8 72.8103.6  1.2132.4  8.2
  3.6  0.0  0.0  0.0  0.0  0.0  0.0  0.0  0.0  0.0  0.0  0.0  0.0  0.0  0.0
  0.0  0.0  0.0  1.8  0.8  1.0  0.6  0.0  0.0  0.0  0.2  0.0  0.0  0.0  0.2
  0.0  1.2  0.6  0.2  0.0  0.4  0.0  0.0  0.0  0.2  0.2  0.2  3.4  0.2  0.0
  4.2  0.0  0.2  4.4  2.2  0.4  2.8  4.0  0.0  0.0  0.0  0.0  0.0  0.0  0.0
  0.0  0.2  0.0  0.0  0.2  0.4  0.2 16.1  2.0  1.8  8.9 16.3  2.0  5.4  6.8
  3.2  3.0  6.0  3.0  0.4  0.4  0.0 23.3 15.9 14.5  1.6  4.6  8.3  5.4  0.0
      2.15      2.45      0.65     -2.15      2.02  0.2  0.0  0.0  0.0  0.0
                                         4000_story_2396.txt 33.3  4.3 2754
  9.4  4.4 38.5 56.6 11.3  0.4  2.5  2.9 24.7  9.8  2.2  0.0  0.0  1.8  0.4
  2.5  0.0  4.7 43.2  0.0  1.1255.3120.2 41.4 53.4 55.2  6.9  5.8  2.9  4.7
  2.2  4.0 34.1  4.7  3.6 33.4  6.9  6.9  0.7  2.2  1.8  2.5  6.5  9.4  2.2
  1.1  6.2  2.5  1.1  6.2 13.4 55.6 12.7  0.0  9.8 73.0 91.1  1.5121.3  2.9
  3.3  0.0  0.0  0.0  0.0  0.0  0.0  0.0  0.0  0.0  0.0  0.0  0.0  0.0  0.0
  0.0  0.0  0.0  3.6  0.0  1.1  0.4  0.0  0.4  0.0  0.0  0.0  0.4  0.4  0.4
  0.4  0.0  1.1  0.4  0.0  0.4  0.0  0.7  0.0  0.0  0.0  0.0  3.3  0.7  0.0
  5.1  0.4  0.7  6.2  2.2  1.1  3.3  4.0  0.0  0.0  0.0  0.0  0.0  0.0  0.0
  0.4  1.1  0.0  0.0  0.0  0.0  0.0  9.4  4.4  4.4 10.9 16.0  4.0  4.4  5.8
  0.7  1.5  0.7  1.1  0.4  0.4  0.4 16.3  9.8 18.5  1.1  3.3  9.1  4.0  0.0
     -0.28      0.88      6.56     -1.86      3.92  1.1  0.0  0.0  0.0  0.0
                                         4000_story_2397.txt 32.8  4.4 4352
  9.9  3.0  0.2 26.4  1.4  0.0  2.1  2.8  5.5 12.6  0.2  0.0  0.0  3.4  0.2
  3.7  0.2  1.6 31.0  0.2  3.4231.2126.6 53.1 65.5 68.2 11.0  3.7  3.0  4.4
  2.3  6.2 27.1  6.4  5.1 37.0 10.8  2.1  0.2  0.9  0.9  3.2  5.7  9.2  2.1
  3.4  6.0  3.0  1.6  2.5  4.6 44.1 14.7  0.5  9.7 83.6 75.1  2.3118.6  8.7
  2.5  0.5  0.0  0.0  0.0  0.0  0.0  0.0  0.0  0.0  0.0  0.0  0.0  0.0  0.0
  0.0  0.0  0.0  2.3  0.7  2.1  2.5  0.2  0.0  0.2  0.0  0.0  0.0  0.0  0.2
  0.5  0.7  0.9  1.8  0.0  0.0  0.2  0.0  0.0  0.5  0.0  0.0  1.6  0.9  0.0
  7.6  0.5  0.0  8.0  4.1  0.2  4.8  2.5  0.0  0.0  0.0  0.0  0.0  0.0  0.0
  0.2  0.0  0.2  0.2  0.0  0.0  0.0 11.3  5.5  2.5  9.7 18.4  2.3  8.7 14.5
  3.2  3.9  5.7  1.1  1.4  1.1  0.2 17.5  8.0 13.3  0.5  4.8 14.9  4.1  0.0
     -6.17      2.26      5.76     -3.90      4.06  0.7  0.0  0.0  0.2  0.0
                                         4000_story_2400.txt 33.3  4.3 3702
 11.3  2.7  9.5 33.8  4.1  1.1  1.6  2.2  9.2 11.9  0.3  0.0  0.5  4.1  0.8
  1.4  1.1  3.2 39.2  1.4  3.2225.6124.5 48.4 70.8 65.6  6.2  2.4  2.2  3.0
  1.6  6.2 20.8  3.0  8.6 43.5  6.8  3.8  0.5  1.4  0.0  1.6  5.7 10.0  1.4
  1.6  3.5  1.1  2.7  3.0  7.0 50.2 13.0  2.4  6.8 82.1 78.9  1.4122.9 11.9
  3.2  0.0  0.0  0.0  0.0  0.0  0.0  0.0  0.0  0.0  0.0  0.0  0.0  0.0  0.0
  0.0  0.0  0.0  1.4  0.3  1.6  1.9  0.3  0.0  0.0  0.0  0.0  0.0  0.0  0.3
  0.5  0.3  0.3  1.1  0.0  0.3  0.3  0.0  0.0  0.0  0.0  0.0  2.2  0.3  0.0
  5.1  0.3  0.0  5.4  2.4  0.5  3.0  2.4  0.0  0.0  0.0  0.0  0.0  0.0  0.0
  1.4  1.4  0.0  0.0  0.0  0.0  0.0 18.1  1.1  0.5  7.6 14.3  2.2  4.1 10.8
  1.6  8.9  2.4  1.9  0.5  0.0  0.0 26.5  7.8 14.6  1.1  4.6 14.3  4.3  0.0
      0.25      1.16      3.09     -4.27      3.00  0.5  0.0  0.0  0.0  0.0
                                         4000_story_2402.txt 34.0  4.3 5056
 13.1  3.4  4.2 44.5  5.1  0.4  2.8  3.6 50.4 12.5  1.0  0.2  0.0  3.4  1.4
  2.2  1.0 10.3 28.5  0.4  3.0186.5115.1 43.7 69.0 42.1 13.8  7.5  5.7  6.5
  3.4  7.3 36.6  5.1  5.9 42.3 13.4  3.8  0.6  3.0  2.2  4.4  6.7  9.1  1.0
  0.6  8.7  4.4  2.6  3.4 16.2 47.7 10.7  1.4 15.6 78.5 97.7  3.8132.1  6.9
  1.2  0.6  0.0  0.0  0.0  0.0  0.0  0.0  0.0  0.0  0.0  0.0  0.0  0.0  0.0
  0.0  0.0  0.0  1.8  0.6  2.2  3.2  0.2  0.2  0.4  0.0  0.0  0.0  0.0  0.6
  0.4  0.2  0.6  2.2  0.2  0.0  0.0  0.0  0.0  1.4  0.0  0.2  4.5  1.2  0.0
  7.7  0.8  0.0  8.5  4.0  0.2  5.5  5.9  0.0  0.0  0.0  0.0  0.0  0.0  0.0
  1.4  0.0  0.0  0.0  0.0  0.0  0.0  9.7  7.7  2.6 14.0 13.1  2.4  6.1  7.9
  1.6  3.6  0.8  0.4  0.6  0.6  1.2 24.1 15.2 18.2  1.6  3.4 11.9  2.6  0.0
      3.38      2.47     10.30     -1.39      2.91  1.2  0.2  0.0  0.0  0.0
                                         4000_story_2405.txt 30.8  3.9 3780
  9.8 22.2 45.8 78.6 15.9  1.1  2.6  3.4 38.6 21.2  3.7  0.0  0.0  2.4  0.3
  2.9  0.3  6.9 25.9  1.1  2.4247.6 88.6 25.1 46.0 69.6  2.6 26.7  0.8  0.0
  1.1  2.1 20.9  3.4  9.8 34.1 14.8  5.8  0.0  3.4  2.1  1.6  8.5  3.2  0.0
  0.8  8.2  5.0  2.1  3.7 14.8 39.7  4.0  1.3  1.9 64.6124.1  3.2139.9  1.3
  2.1  0.0  0.0  0.0  0.0  0.0  0.0  0.0  0.0  0.0  0.0  0.0  0.0  0.0  0.0
  0.0  0.0  0.0 20.1  1.1  3.4  0.8  0.8  0.0  0.0  0.0  0.0  0.0  0.0  0.3
  0.5  1.1  0.0  0.3  0.0  0.3  0.0  0.0  0.8  1.1  0.0  0.3  3.2  0.8  0.0
 25.4  0.8  0.0 26.2  2.1  1.1  4.2  4.2  0.0  0.0  0.0  0.0  0.0  0.0  0.0
  1.6  0.3  0.3  0.0  0.0  0.3  0.5 17.2  2.4  0.3  9.0 12.7  2.4  3.4  4.5
  0.5  3.4  0.5  0.0  0.5  1.3  0.3 19.8 30.7 13.5  1.9  1.3  3.4  3.7  0.0
     10.76      4.34     -1.16     -2.01      2.40  0.3  0.3  0.0  0.0  0.0
                                         4000_story_2408.txt 36.5  4.0 3633
  6.1 25.9 55.1 88.9 17.3  1.1  4.1  1.4 22.6 19.0  3.0  0.0  0.3  1.7  0.0
  1.1  0.8  4.7 32.8  0.6  1.4252.7 87.8 29.5 44.6 76.2  4.4 35.2  0.3  0.6
  0.8  1.1 26.7  4.4  9.4 32.8  8.8  5.2  0.8  3.3  1.1  1.7  6.6  5.8  0.6
  1.1  4.7  2.2  0.6  0.6 11.0 41.8  7.4  1.4  1.7 64.4116.2  2.2141.5  1.9
  2.2  0.0  0.0  0.0  0.0  0.0  0.0  0.0  0.0  0.0  0.0  0.0  0.0  0.0  0.0
  0.0  0.0  0.0 25.0  0.0  1.1  0.3  0.0  0.0  0.0  0.0  0.0  0.0  0.0  0.0
  0.3  0.3  0.3  0.8  0.0  0.3  0.0  0.0  0.0  0.0  0.0  0.3  1.1  0.6  0.0
 26.4  0.0  0.0 26.4  1.7  0.3  1.9  1.9  0.0  0.0  0.0  0.0  0.0  0.0  0.0
  0.3  0.6  0.0  0.0  0.0  0.0  0.0  6.6  2.5  0.3  6.1  8.5  1.1  6.1  8.3
  1.1  1.9  0.3  0.6  0.6  0.3  0.3 17.3 38.3  7.4  3.3  5.0  3.0  2.2  0.0
     10.29      6.50     -1.45     -2.41      2.16  0.3  0.3  0.3  0.0  0.0
                                         4000_story_2409.txt 34.3  4.3 5202
 11.7  2.9  7.1 35.6  6.0  1.3  3.1  1.9  8.1 10.8  0.6  0.0  0.4  3.7  0.2
  1.9  0.4  3.5 30.9  0.2  2.7224.7123.8 44.0 75.9 81.1 11.7  4.4  2.5  1.9
  2.7  4.2 24.8  5.4 10.8 37.9 10.0  5.0  0.4  1.9  1.5  2.5  5.6  6.3  0.2
  1.7  2.9  1.9  2.3  3.5 10.0 40.0  8.3  0.6  7.1 79.0 95.2  2.1129.8  8.1
  3.7  0.0  0.0  0.0  0.0  0.0  0.0  0.0  0.0  0.0  0.0  0.0  0.0  0.0  0.0
  0.0  0.0  0.0  1.7  0.8  2.1  1.3  0.0  0.0  0.2  0.0  0.0  0.0  0.0  0.6
  0.2  0.6  0.2  1.5  0.2  0.6  0.0  0.0  0.0  0.4  0.0  0.0  2.3  0.8  0.0
  6.0  0.2  0.0  6.2  3.1  0.8  4.2  3.1  0.0  0.0  0.0  0.0  0.0  0.0  0.0
  0.8  0.4  0.2  0.2  0.0  0.2  0.0 13.8  5.2  1.9 12.9 14.4  1.9  6.3  6.0
  3.5  2.7  3.5  1.0  1.3  0.0  0.2 22.7 10.6 16.0  2.5  6.2  9.8  4.6  0.0
     -3.72      3.45      2.28     -2.69      1.52  1.3  0.4  0.0  0.0  0.2
                                         4000_story_2410.txt 32.0  4.4 5180
 10.0  1.9  2.5 27.8  3.7  0.2  1.5  2.3 13.5 10.6  0.8  0.0  0.6  3.9  0.6
  4.1  0.4  2.3 42.1  0.6  1.7218.9116.2 48.8 74.7 63.5  9.5  2.5  1.9  4.6
  2.3  5.2 28.4  6.9  7.5 46.3  8.9  2.7  0.8  1.5  0.8  2.7  6.6  8.1  1.2
  2.3  6.4  2.3  2.5  3.9  5.8 55.2 11.6  1.0  8.9 86.5 80.7  2.3122.2  8.3
  2.3  0.2  0.0  0.0  0.0  0.0  0.0  0.0  0.0  0.0  0.0  0.0  0.0  0.0  0.0
  0.0  0.0  0.0  0.4  0.6  0.8  2.7  0.2  0.0  0.4  0.0  0.0  0.0  0.0  0.0
  0.4  0.6  0.6  1.4  0.4  0.0  0.2  0.2  0.2  0.2  0.6  0.0  3.1  0.6  0.0
  4.4  0.6  0.0  5.0  2.9  1.0  4.1  4.2  0.0  0.0  0.0  0.0  0.0  0.0  0.0
  0.6  0.8  0.0  0.0  0.0  0.2  0.6  7.9  3.3  2.1 12.5 16.8  3.9  6.2  4.4
  1.9  2.9  5.0  1.4  1.9  0.6  1.0 21.4  7.1 14.3  1.2  4.1  9.3  2.9  0.0
     -1.80      1.84      3.60     -3.56      3.34  0.8  0.2  0.4  0.0  0.2
                                         4000_story_2412.txt 30.3  4.2 3640
 16.5  1.1  0.3 54.7 17.0  0.8  3.0  1.9 18.7 13.7  2.2  2.2  0.8  1.6  0.0
  2.2  1.4  6.3 30.5  0.5  0.3234.6107.4 28.8 67.0 51.1 12.1  1.9  1.1  6.9
  0.5  3.8 40.7  3.3  6.0 26.9  9.9  8.0  1.6  2.2  2.2  2.7  5.2 15.1  1.9
  0.8  7.4  3.8  1.6  3.6 16.5 46.2 17.9  1.9  8.5 53.3 86.8  1.6135.2  6.0
  2.7  0.5  0.0  0.0  0.0  0.0  0.0  0.0  0.0  0.0  0.0  0.0  0.0  0.0  0.0
  0.0  0.0  0.0  1.4  0.5  2.7  0.3  0.3  0.3  0.0  0.0  0.0  0.0  0.0  0.8
  1.6  1.6  1.4  0.3  0.0  0.8  0.0  0.0  0.0  0.3  0.3  0.3  2.2  0.3  0.0
  4.9  0.5  0.0  5.5  5.8  0.8  6.9  3.0  0.0  0.0  0.0  0.0  0.0  0.0  0.0
  0.0  0.3  0.0  0.0  0.0  0.0  0.3 20.6  5.2  0.5  8.0 13.5  3.0  6.6  8.0
  0.5  1.6  1.9  1.1  1.4  1.1  0.3 23.1 14.3 19.8  1.1  8.2  6.0  1.4  0.0
      1.68      1.43      5.55     -1.03      3.67  0.5  0.0  0.3  0.0  0.0
                                         4000_story_2432.txt 36.8  4.3 5310
 12.8  5.1 16.9 57.3 20.9  0.6  4.1  3.2 31.6 13.4  1.5  0.2  0.6  1.9  0.6
  0.6  1.5  3.8 18.5  0.9  3.2234.1102.3 26.7 82.5 56.7 11.7 10.0  0.8  1.1
  0.6  3.4 16.6  7.5 11.5 37.5  7.7  8.7  1.5  2.3  1.5  2.6  6.2  7.3  0.8
  2.3  4.5  3.0  2.3  4.9 13.9 28.8 10.4  2.4  2.4 60.1109.2  1.7157.3 13.0
  2.1  0.2  0.0  0.0  0.0  0.0  0.0  0.0  0.0  0.0  0.0  0.0  0.0  0.0  0.0
  0.0  0.0  0.0  3.0  0.4  2.4  0.8  0.4  0.2  0.2  0.2  0.0  0.0  0.0  0.0
  0.0  0.9  1.1  0.2  0.0  0.4  0.2  0.2  0.4  0.6  0.0  0.0  3.0  0.2  0.0
  6.6  0.8  0.2  7.5  2.3  1.1  4.0  3.2  0.0  0.0  0.0  0.0  0.0  0.0  0.0
  0.4  0.9  0.2  0.0  0.0  0.0  0.8  7.5  3.8  1.5  5.3 16.0  4.0  6.6  3.8
  0.0  2.1  0.8  1.5  0.6  0.2  0.0 36.9 16.2 17.3  0.9  4.0  5.5  3.6  0.0
      1.69      3.60     -2.76     -1.26      2.68  0.6  0.0  0.2  0.0  0.0
                                         4000_story_2453.txt 33.8  4.1 2695
  8.9  1.5 21.2 61.2 17.8  2.6  3.3  0.7 23.7 12.2  0.7  0.7  2.2  0.0  0.0
  0.0  0.0  4.1 23.7  0.0  4.1288.7 93.1 33.8 51.6 37.5  9.6  3.0  0.7  2.2
  0.7  5.2 19.7  4.1  7.1 34.9 11.1  5.6  0.7  2.2  1.5  0.0  4.1  7.1  1.1
  3.3  3.7  1.1  1.1  2.6 11.1 35.6 11.5  0.0  3.7 72.0 79.0  0.0138.0  5.6
  0.7  0.0  0.0  0.0  0.0  0.0  0.0  0.0  0.0  0.0  0.0  0.0  0.0  0.0  0.0
  0.0  0.0  0.0  0.4  0.0  1.5  0.0  0.0  0.0  0.0  0.0  0.4  0.0  0.0  0.4
  0.0  0.7  0.4  0.0  0.0  0.0  0.0  0.0  0.0  0.4  0.0  0.4  1.5  0.0  0.0
  1.9  0.0  0.4  2.2  1.5  0.0  1.9  1.9  0.0  0.0  0.0  0.0  0.0  0.0  0.0
  0.7  0.0  0.0  0.0  0.0  0.0  0.4 12.2  1.9  2.6  9.6 21.5  1.1  5.2  7.1
  0.4  0.7  0.0  0.7  1.1  0.4  0.7 28.6  7.8  8.9  3.7  4.1  5.6  1.1  0.0
     -3.81      0.04      1.27     -3.32      1.93  0.0  0.0  0.0  0.0  0.0
                                         4000_story_2461.txt 30.3  4.2 4704
  9.6  1.5  1.1 50.0 13.4  1.1  3.4  1.3 16.2 10.8  4.5  0.2  0.0  2.3  0.0
  1.1  1.1  5.5 21.5  0.2  2.6233.0105.7 35.1 80.6 56.1 21.9  5.5  1.3  3.2
  1.5  2.3 21.9  5.1 11.9 34.4  9.1 12.1  1.7  2.1  3.6  1.3  6.2  8.9  0.4
  1.7  4.0  3.8  1.5  5.7 21.3 30.2 11.1  1.3  6.0 60.8 85.7  0.9146.7  8.7
  3.6  0.9  0.0  0.0  0.0  0.0  0.0  0.0  0.0  0.0  0.0  0.0  0.0  0.0  0.0
  0.0  0.0  0.0  1.1  0.6  3.0  0.4  0.9  0.2  0.0  0.0  0.0  0.0  0.0  0.4
  0.2  0.6  0.4  0.4  0.0  0.2  0.2  0.0  0.4  0.2  0.2  0.4  1.7  0.0  0.0
  5.1  1.1  0.0  6.2  2.1  0.9  3.2  2.3  0.0  0.0  0.0  0.0  0.0  0.0  0.0
  0.4  1.1  0.0  0.0  0.2  0.0  0.6  7.4  4.5  0.9 10.0 15.9  2.1  4.0  6.2
  1.1  3.8  1.1  0.9  0.9  0.4  0.2 28.1 10.6 13.6  1.1  6.8  7.4  4.3  0.0
     -3.50      4.65      0.14      0.03      2.46  0.4  0.2  0.0  0.0  0.0
                                         4000_story_2479.txt 33.5  4.1 5037
 10.3  3.8 18.3 54.0 13.1  1.0  2.8  2.0 48.2 11.5  2.6  0.4  0.2  5.0  0.6
  0.4  0.8  3.0 28.0  1.0  1.8230.7103.4 25.4 74.1 54.8  9.1  8.5  0.6  1.6
  0.4  2.8 16.3  4.8 11.5 31.6  8.9  7.3  1.8  2.2  1.2  0.6  3.4  3.4  0.2
  2.4  6.4  1.4  0.8  5.2 11.5 39.7  6.0  1.8  2.6 72.1116.1  2.2147.3  8.5
  1.2  0.0  0.0  0.0  0.0  0.0  0.0  0.0  0.0  0.0  0.0  0.0  0.0  0.0  0.0
  0.0  0.0  0.0  2.4  0.2  0.8  1.6  0.2  0.0  0.0  0.0  0.0  0.0  0.0  0.2
  0.0  1.2  1.4  0.4  0.0  0.8  0.0  0.2  0.0  0.2  0.0  0.0  2.2  0.6  0.0
  5.0  0.2  0.0  5.2  3.2  1.0  4.4  2.8  0.0  0.0  0.0  0.0  0.0  0.0  0.0
  0.0  0.0  0.2  0.0  0.0  0.0  0.2 12.3  2.0  1.6  9.5 15.7  2.4  3.6  4.0
  0.6  1.6  0.8  1.2  0.6  0.8  0.0 31.2 13.3 13.5  2.2  2.6  6.2  3.6  0.0
      2.80      2.48     -1.90     -2.48     -0.08  0.2  0.0  0.0  0.0  0.0
                                         4000_story_2489.txt 30.3  4.2 3640
 16.5  1.1  0.3 54.7 17.0  0.8  3.0  1.9 18.7 13.7  2.2  2.2  0.8  1.6  0.0
  2.2  1.4  6.3 30.5  0.5  0.3234.6107.4 28.8 67.0 51.1 12.1  1.9  1.1  6.9
  0.5  3.8 40.7  3.3  6.0 26.9  9.9  8.0  1.6  2.2  2.2  2.7  5.2 15.1  1.9
  0.8  7.4  3.8  1.6  3.6 16.5 46.2 17.9  1.9  8.5 53.3 86.8  1.6135.2  6.0
  2.7  0.5  0.0  0.0  0.0  0.0  0.0  0.0  0.0  0.0  0.0  0.0  0.0  0.0  0.0
  0.0  0.0  0.0  1.4  0.5  2.7  0.3  0.3  0.3  0.0  0.0  0.0  0.0  0.0  0.8
  1.6  1.6  1.4  0.3  0.0  0.8  0.0  0.0  0.0  0.3  0.3  0.3  2.2  0.3  0.0
  4.9  0.5  0.0  5.5  5.8  0.8  6.9  3.0  0.0  0.0  0.0  0.0  0.0  0.0  0.0
  0.0  0.3  0.0  0.0  0.0  0.0  0.3 20.6  5.2  0.5  8.0 13.5  3.0  6.6  8.0
  0.5  1.6  1.9  1.1  1.4  1.1  0.3 23.1 14.3 19.8  1.1  8.2  6.0  1.4  0.0
      1.68      1.43      5.55     -1.03      3.67  0.5  0.0  0.3  0.0  0.0
                                         4000_story_2490.txt 32.0  4.0 3638
  9.6  2.7  0.0 41.2  8.5  0.8  1.9  1.1 34.4 14.6  5.2  0.8  0.0  1.4  0.3
  3.0  0.0  3.0 46.2  0.3  1.1234.5116.3 20.9 82.5 52.2  5.2  8.2  0.3  5.5
  0.5  4.4 11.0  3.8  8.8 32.2  7.1  2.2  0.3  0.5  1.4  0.0  5.2  5.8  0.8
  1.6  6.3  3.8  0.5  8.2  6.6 58.3  8.2  0.3  6.3 61.0 95.1  1.6134.7  5.2
  1.9  0.5  0.0  0.0  0.0  0.0  0.0  0.0  0.0  0.0  0.0  0.0  0.0  0.0  0.0
  0.0  0.0  0.0  1.6  0.5  2.5  1.1  1.1  0.3  0.0  0.0  0.0  0.0  0.0  0.0
  0.5  0.8  0.0  0.3  0.0  0.0  0.3  0.0  0.8  0.3  0.5  0.0  0.8  0.0  0.0
  5.8  1.4  0.0  7.1  1.6  1.1  3.0  1.4  0.0  0.0  0.0  0.0  0.0  0.0  0.0
  0.3  0.0  0.0  0.0  0.0  0.0  0.0  9.9  1.6  1.6  8.5 16.5  4.9  2.7  4.7
  0.8  3.0  3.3  0.5  0.0  0.0  0.0 21.7 12.6 11.3  0.3  3.6  6.9  2.7  0.0
      1.04      1.84      1.26     -5.09      1.68  0.5  0.0  0.0  0.0  0.0
                                         4000_story_2497.txt 31.0  4.1 3461
  7.2  0.6 35.0 54.9 11.0  4.3  2.6  1.4 19.4 21.1  6.4  0.0  0.0  4.9  0.3
  1.2  0.9  2.9 17.0  0.0  4.3238.1102.0 28.6 87.5 46.5  7.2  7.2  0.6  3.5
  0.6  4.3 16.5  2.6  9.5 38.7  9.5 12.7  2.0  2.6  0.9  1.7  3.2 10.4  0.0
  4.3  5.5  1.4  2.3  6.4 16.5 29.5 14.7  0.9  4.6 60.7 76.9  2.3164.7  7.5
  3.5  0.0  0.0  0.0  0.0  0.0  0.0  0.0  0.0  0.0  0.0  0.0  0.0  0.0  0.0
  0.0  0.0  0.0  0.3  0.3  0.9  0.0  0.0  0.0  0.0  0.0  0.3  0.3  0.3  0.3
  0.0  0.0  1.7  0.0  0.0  0.9  0.0  0.0  0.3  0.3  0.0  0.0  0.0  0.6  0.0
  1.4  0.0  0.9  2.3  2.0  1.2  3.5  0.6  0.0  0.0  0.0  0.0  0.0  0.0  0.0
  0.6  0.6  0.3  0.0  0.0  0.0  1.2  7.2  2.9  1.2  9.2 20.2  0.0  4.6  1.7
  0.0  2.3  0.3  0.3  1.7  0.9  0.3 28.9 10.7  5.8  3.2  6.1  7.2  2.9  0.0
      0.94      1.95      0.57     -0.64      1.33  0.6  0.3  0.0  0.0  0.0
                                         4000_story_2519.txt 31.5  4.2 4480
  9.8  1.3 24.6 47.1 23.0  2.9  2.9  4.2 14.3 17.6  1.6  0.9  0.9  1.3  0.0
  2.0  0.2  2.9 21.7  0.0  4.5243.5111.4 27.5 71.9 60.3 10.5  4.9  0.7  2.5
  0.7  0.9 25.9  5.4  8.0 36.8  9.8 10.5  1.1  2.7  0.7  2.2  5.4  5.8  0.7
  2.0  6.5  1.3  1.3  3.1 14.1 32.6  8.5  0.2  3.8 62.3 97.5  2.0138.8 10.5
  2.0  0.4  0.0  0.0  0.0  0.0  0.0  0.0  0.0  0.0  0.0  0.0  0.0  0.0  0.0
  0.0  0.0  0.0  0.7  1.8  0.9  0.0  0.2  0.0  0.0  0.2  0.0  0.2  0.0  0.2
  0.7  1.3  1.3  0.4  0.2  0.2  0.0  0.0  0.0  0.7  0.0  0.4  1.6  0.7  0.0
  3.3  0.2  0.4  4.0  4.0  0.4  5.1  2.7  0.0  0.0  0.0  0.0  0.0  0.0  0.0
  1.1  0.9  0.0  0.0  0.2  0.0  0.7  6.3  2.2  2.9  9.6 21.0  3.8  8.3  4.5
  0.9  0.4  0.4  0.7  0.4  0.4  0.2 27.7  7.8 14.5  1.1  3.3  5.4  4.5  0.0
     -0.84      2.24     -0.65     -1.32      1.76  0.9  0.0  0.0  0.0  0.0
                                         4000_story_2544.txt 33.5  4.2 4744
  9.3  2.5  7.4 36.5  1.7  0.6  4.2  3.4 49.7 15.4  0.8  0.0  0.4  2.7  0.2
  1.9  0.2  6.7 22.3  0.2  2.1214.0111.3 20.0 86.2 43.4  6.5  5.5  0.6  2.1
  1.5  2.7 21.7  4.6 12.0 45.5 12.4  4.4  0.6  2.5  1.5  2.7  5.1  7.4  0.2
  1.3 11.2  3.0  3.2  4.0 12.6 38.8  8.9  0.4  4.2 52.9 94.9  1.1141.7 11.2
  1.5  0.2  0.0  0.0  0.0  0.0  0.0  0.0  0.0  0.0  0.0  0.0  0.0  0.0  0.0
  0.0  0.0  0.0  1.5  0.6  2.1  1.1  0.2  0.4  0.0  0.0  0.0  0.2  0.0  0.2
  0.4  1.1  2.5  1.1  0.4  0.8  0.0  0.0  0.2  0.6  0.0  0.0  1.9  1.1  0.0
  5.3  0.6  0.2  6.1  5.3  1.5  7.4  3.0  0.0  0.0  0.0  0.0  0.0  0.0  0.0
  2.3  1.5  0.4  0.0  0.2  0.0  0.2  3.6  4.6  1.5 13.5 20.4  1.7  8.2  3.2
  0.2  2.5  1.1  0.4  0.8  0.4  0.4 36.9  8.6 12.9  2.5  3.6  7.2  4.6  0.0
     -1.23      1.31     -1.18     -2.40      1.22  0.0  0.2  0.4  0.0  0.0
                                         4000_story_2559.txt 33.5  4.0 4301
 13.7  3.7  2.8 60.9 12.6  0.7  3.7  2.1 46.0 12.1  2.3  0.2  0.2  5.1  0.2
  2.1  0.5  3.5 29.3  0.5  2.8226.7107.2 31.6 63.0 40.2 10.0  5.3  0.9  2.8
  0.9  3.0 21.2  4.9 10.0 30.9  8.6  7.0  0.7  0.2  1.2  1.6  4.2  5.1  1.2
  1.6  5.3  4.2  2.1  4.2 11.6 38.1  7.9  0.9  4.7 63.5 98.8  2.3136.0  7.4
  3.5  0.2  0.0  0.0  0.0  0.0  0.0  0.0  0.0  0.0  0.0  0.0  0.0  0.0  0.0
  0.0  0.0  0.0  0.9  2.6  1.9  1.2  0.7  0.0  0.0  0.0  0.0  0.2  0.0  0.0
  0.2  0.7  0.9  0.7  0.0  0.0  0.0  0.0  0.9  0.0  0.0  0.0  2.1  0.7  0.0
  6.5  0.7  0.2  7.4  2.6  0.9  3.5  2.8  0.0  0.0  0.0  0.0  0.0  0.0  0.0
  0.0  0.7  0.2  0.0  0.0  0.0  0.2 14.4  3.3  1.9  9.3 16.3  1.2  7.2  6.0
  0.2  2.6  6.0  0.5  0.5  0.2  0.2 23.5 13.5 17.0  0.9  3.7  5.1  3.0  0.0
      2.30      1.05      0.26     -3.41      1.18  0.0  0.0  0.0  0.0  0.0
                                         4000_story_2573.txt 33.0  4.3 4704
  7.7  1.5  8.1 30.4  3.0  0.2  2.6  1.9 58.5 14.9  0.2  0.0  0.4  3.8  0.0
  0.9  0.4  3.6 29.1  0.6  2.8251.7103.1 33.6 86.7 17.0  8.3  2.8  0.4  1.5
  0.4  1.3 28.9  5.1 13.0 36.1 11.7  5.1  0.6  2.1  1.3  1.7  6.4  8.5  1.7
  1.9  5.5  2.3  0.9  3.2 10.0 38.1 12.1  1.1  2.3 57.2 78.4  3.6132.4  3.8
  2.8  0.0  0.0  0.0  0.0  0.0  0.0  0.0  0.0  0.0  0.0  0.0  0.0  0.0  0.0
  0.0  0.0  0.0  1.3  0.0  0.9  0.4  0.0  0.0  0.0  0.0  0.0  0.0  0.2  0.2
  0.0  0.9  2.1  0.4  0.0  0.2  0.0  0.0  0.0  0.0  0.0  0.2  2.6  0.2  0.0
  2.6  0.0  0.2  2.8  3.6  0.2  3.8  3.0  0.0  0.0  0.0  0.0  0.0  0.0  0.0
  0.9  0.9  0.0  0.0  0.0  0.4  0.4  6.2  2.8  0.2  8.3 24.2  2.1  9.4  5.5
  4.3  2.1  0.4  0.0  1.7  2.1  1.3 40.6  4.7  9.6  1.3  4.0  3.6  3.0  0.0
     -2.35     -0.01     -2.49     -2.93      3.57  1.5  0.0  0.2  0.0  0.0
                                         4000_story_2582.txt 31.0  4.2 3950
 10.1  2.0  5.3 37.7  5.8  1.0  1.3  2.8 52.7 12.2  0.8  0.3  0.0  2.0  0.0
  1.0  0.5  6.1 28.1  0.0  5.8212.9117.2 29.4 81.8 34.4  9.9  6.3  0.3  1.8
  0.8  2.8 32.4  8.1 13.4 40.5 13.2  5.3  1.0  2.3  1.3  1.5  4.8  8.9  0.8
  1.8  5.3  2.3  1.3  2.5 12.7 38.7 11.4  0.5  2.8 57.7 92.9  1.8141.5 11.4
  1.3  0.3  0.0  0.0  0.0  0.0  0.0  0.0  0.0  0.0  0.0  0.0  0.0  0.0  0.0
  0.0  0.0  0.0  0.5  0.3  3.5  0.5  0.3  0.0  0.0  0.0  0.0  0.0  0.0  0.8
  0.5  1.8  1.5  0.0  0.0  0.0  0.0  0.0  0.0  0.3  0.0  0.3  0.8  0.3  0.0
  4.8  0.3  0.0  5.1  4.6  0.0  4.8  1.3  0.0  0.0  0.0  0.0  0.0  0.0  0.0
  1.3  0.8  0.3  0.3  0.0  0.0  0.0  0.8  2.5  0.8 10.6 21.8  0.8  4.8  7.6
  0.3  2.5  0.0  0.8  0.8  0.5  0.0 31.1  7.6 13.2  2.0  4.1  6.8  3.5  0.0
     -0.93      1.56     -2.58     -2.77      1.88  2.0  0.0  0.0  0.0  0.0
                                         4000_story_2588.txt 31.8  4.1 2335
 19.3  3.9  2.1 94.2  2.1  0.9  1.3  3.9 80.9  9.9  2.1  0.0  0.4  2.6  0.9
  3.4  0.9  7.3  8.1  0.4  1.7167.9 87.8 40.7 42.0 56.5 18.8  3.0  0.9  2.6
  0.4  0.9 29.6  7.3  6.0 47.5 14.1  6.4  1.3  6.0  7.7  5.6  7.3  3.9  0.9
  3.0  6.0  5.1  5.6  9.4 21.4 21.0  7.7  1.3  3.9 77.9139.6  3.9151.2  6.0
  3.4  0.9  0.0  0.0  0.0  0.0  0.0  0.0  0.0  0.0  0.0  0.0  0.0  0.0  0.0
  0.0  0.0  0.0  0.4  1.7  3.4  4.3  0.9  0.4  0.0  0.0  0.0  0.0  0.0  0.0
  0.9  1.7  2.6  0.0  0.0  2.6  0.4  0.4  0.0  0.4  0.4  0.9  4.3  0.9  0.0
  9.9  1.3  0.0 11.1  5.1  3.4  9.0  6.4  0.0  0.0  0.0  0.0  0.0  0.0  0.0
  0.4  0.4  0.4  0.0  0.0  0.0  0.0 20.1  3.4  1.7 13.7  9.9  0.4  6.4 15.8
  6.9  2.6  2.1  0.9  0.0  0.4  1.3 29.6  7.3 30.0  1.3  3.0  4.7  1.3  0.0
      2.29      2.34     -1.02      3.96      3.13  0.4  0.4  0.9  0.4  0.0
                                         4000_story_2594.txt 35.3  4.5 2231
 16.1  4.5  0.0 34.1  0.9  0.0  0.4  3.6 65.9 13.9  0.4  0.0  0.4  3.1  0.9
  3.6  0.0  7.6 18.4  0.4  1.8219.2127.3 63.6 65.4  8.1 13.9  2.2  4.9  4.9
  1.8  3.1 31.8  5.4  9.4 35.9  8.5  4.0  0.0  0.4  1.3  3.1  2.7  4.5  0.4
  2.2  8.5  7.2  4.0  5.4 13.0 30.5  7.2  0.4 11.7101.7 74.9  1.8114.7  5.8
  2.7  0.0  0.0  0.0  0.0  0.0  0.0  0.0  0.0  0.0  0.0  0.0  0.0  0.0  0.0
  0.0  0.0  0.0  0.9  0.9  4.0  4.9  0.4  0.0  0.4  0.0  0.0  0.4  0.4  0.0
  0.4  0.4  0.4  1.3  0.0  0.9  0.0  0.4  0.4  0.0  0.0  0.0  2.7  0.4  0.0
 10.8  0.9  0.9 12.6  2.7  1.8  4.5  3.1  0.0  0.0  0.0  0.0  0.0  0.0  0.0
  0.0  0.4  0.0  0.0  0.0  0.4  0.0  3.6  3.6  3.1 11.2 22.4  0.0  8.1 13.4
  0.4  2.2  0.4  2.2  0.4  1.8  0.0 13.0  7.6 22.9  0.0  6.3  9.0  3.1  0.0
     -4.31     -0.13      5.00     -3.55     -0.20  1.3  0.0  0.0  0.0  0.0
                                         4000_story_2597.txt 35.8  4.5 3035
 29.3  6.9  5.6 64.6 15.8  0.3  1.3  2.0 66.9 11.9  1.3  0.3  0.7  1.0  1.6
  2.0  0.7  6.9 23.7  2.3  2.3189.5 94.6 56.0 71.8 28.7 16.1  4.9  3.0  3.0
  0.3  4.6 25.7  8.6  4.3 41.5 11.2  6.6  0.3  2.6  2.0  3.3  3.0  5.6  0.7
  1.3  6.6  5.9  2.3  6.3 15.5 37.9  7.6  3.0  6.3 92.6111.4  1.3148.6  6.3
  4.0  0.3  0.0  0.0  0.0  0.0  0.0  0.0  0.0  0.0  0.0  0.0  0.0  0.0  0.0
  0.0  0.0  0.0  2.0  2.3  5.3  4.6  0.3  0.0  0.0  0.0  0.0  0.3  0.3  0.0
  0.7  0.7  0.7  2.0  0.0  0.3  0.0  0.3  0.0  0.3  0.0  0.3  3.6  1.3  0.0
 14.2  0.3  0.7 15.2  4.0  0.7  4.9  5.3  0.0  0.0  0.0  0.0  0.0  0.0  0.0
  0.0  1.0  0.3  0.0  0.0  0.0  0.0  5.9  4.3  4.3 14.5 11.5  2.3  4.0  4.0
  4.0  1.3  1.0  1.3  0.3  1.6  0.7 20.1 12.9 38.2  1.3  2.6 16.8  2.3  0.0
      5.30      1.93      1.93     -1.47      0.01  1.6  0.0  0.0  0.0  0.0
                                         4000_story_2599.txt 31.5  4.7 5580
 10.4  1.8  0.0 28.7  0.0  0.0  1.1  3.4 35.5 12.9  0.9  1.1  0.5  2.0  1.6
  3.4  0.2  5.0 22.4  0.5  0.7242.8121.9 70.1 69.4 23.5 16.1  2.5  2.9  2.3
  0.4  4.3 43.7  6.3 11.5 42.8  8.2  3.6  0.7  1.8  2.2  4.7  2.9  5.6  2.2
  1.8  9.1  3.0  3.8  6.6 10.8 38.7  9.5  0.7  5.6110.0 59.0  2.9109.7  3.4
  2.3  0.5  0.0  0.0  0.0  0.0  0.0  0.0  0.0  0.0  0.0  0.0  0.0  0.0  0.0
  0.0  0.0  0.0  0.9  1.6  1.8  0.4  0.2  0.5  0.2  0.0  0.0  0.2  0.0  0.0
  0.0  1.1  1.4  0.4  0.2  0.9  0.0  0.4  0.2  0.7  0.2  0.5  3.9  0.9  0.0
  4.7  0.9  0.2  5.7  2.9  1.6  5.2  5.6  0.0  0.0  0.0  0.0  0.0  0.0  0.0
  0.0  0.4  0.0  0.0  0.0  0.0  0.0  9.0  9.9  2.7 14.2 10.9  2.7  6.3  8.2
  9.5  2.3  1.6  1.6  0.4  3.2  4.5 16.1  5.2 12.7  2.2  3.6  3.6  2.9  0.0
     -7.73      1.16      1.18     -1.82      1.24  0.9  0.0  0.4  0.0  0.0
                                         4000_story_2609.txt 35.5  4.3 2694
  8.9  2.6  1.5 50.5 14.8  0.4  2.6  3.0 37.5  5.2  2.2  0.0  0.4  3.0  1.5
  1.1  1.5  2.2 17.4  0.0  1.1245.7 89.5 57.2 59.0 53.8  9.7  4.8  1.1  4.5
  0.0  4.5 27.8  5.9  7.4 39.7 11.1 10.8  1.1  1.9  1.9  4.1  3.0  7.1  0.7
  1.1  6.7  2.2  1.9  4.8 14.8 30.4  8.9  1.5  5.6 91.3106.2  2.6127.7  7.8
  1.5  0.4  0.0  0.0  0.0  0.0  0.0  0.0  0.0  0.0  0.0  0.0  0.0  0.0  0.0
  0.0  0.0  0.0  1.9  1.9  1.9  0.4  0.0  0.7  0.0  0.0  0.0  0.0  0.0  0.0
  0.4  1.1  1.5  0.0  0.4  0.7  0.4  0.0  0.0  1.1  0.0  0.0  5.6  0.4  0.0
  5.9  0.7  0.0  6.7  3.0  1.5  5.6  5.9  0.0  0.0  0.0  0.0  0.0  0.0  0.0
  0.0  1.1  0.0  0.0  0.0  0.4  0.0 17.4  1.5  1.9  8.2 16.3  1.1  7.1 10.0
  4.8  3.3  7.4  1.1  0.4  0.4  0.7 21.9  8.9 11.5  1.1  2.6  4.8  2.2  0.0
     -4.76      1.36      1.30     -0.32      0.23  0.4  0.4  0.0  0.0  0.0
                                         4000_story_2611.txt 34.5  4.6 2485
 12.9  1.6  0.0 31.4  0.0  0.0  2.4  1.6 72.4 12.1  0.8  0.0  1.6  3.6  1.6
  3.6  0.0  6.4 16.5  0.8  0.8201.6128.8 58.8 75.3  7.2 16.9  2.0  4.8  3.2
  1.6  6.8 36.6  5.2  2.8 47.5 10.5  3.2  0.4  1.2  4.0  4.8  9.7  6.4  1.2
  3.2  7.2  5.6  0.8  3.2 13.7 31.8 10.9  0.8  9.7 95.0 79.7  2.8126.8  7.2
  1.6  0.4  0.0  0.0  0.0  0.0  0.0  0.0  0.0  0.0  0.0  0.0  0.0  0.0  0.0
  0.0  0.0  0.0  2.4  2.0  1.6  4.0  0.4  0.4  0.0  0.0  0.0  0.8  0.0  0.0
  0.4  0.4  0.8  2.8  0.0  0.4  0.0  0.4  0.4  0.8  0.0  0.4  2.4  2.8  0.0
 10.1  0.8  0.8 11.7  4.4  1.2  6.4  5.6  0.0  0.0  0.0  0.0  0.0  0.0  0.0
  0.0  0.4  0.0  0.0  0.0  0.0  0.0  3.2  5.6  4.4 16.9 12.5  1.6  6.4 10.5
  0.8  2.4  0.0  1.6  0.4  1.6  1.6 18.9  4.8 16.9  0.4  4.4 11.3  4.8  0.0
     -4.45      0.69      6.94     -1.31      5.35  1.6  0.0  0.4  0.0  0.0
                                         4000_story_2613.txt 35.0  4.8 5497
  8.9  1.5  0.7 26.2  0.0  0.2  1.3  3.5 12.7 12.2  0.7  0.2  0.2  3.1  0.5
  4.4  0.2  4.4 21.8  0.2  2.0254.7129.3 74.9 64.4 25.8 16.0  5.3  4.9  4.7
  2.2  5.6 48.0  4.9  6.7 35.8  7.5  2.2  0.9  0.7  1.6  3.3  5.3  6.9  2.2
  1.5  6.5  2.7  4.5  2.7  8.2 34.9 10.6  0.4 11.8112.1 38.6  2.0106.2  4.2
  1.6  0.4  0.0  0.0  0.0  0.0  0.0  0.0  0.0  0.0  0.0  0.0  0.0  0.0  0.0
  0.0  0.0  0.0  0.9  1.5  2.0  1.5  0.0  0.4  0.0  0.0  0.0  0.0  0.0  0.2
  0.4  0.5  1.1  0.7  0.0  0.9  0.0  0.0  0.0  0.0  0.0  0.2  3.1  1.3  0.0
  5.8  0.4  0.0  6.2  2.9  0.9  3.8  4.5  0.0  0.0  0.0  0.0  0.0  0.0  0.0
  0.0  0.2  0.0  0.0  0.2  0.0  0.0  8.9  2.7  3.1 15.1 11.5  1.8  6.2  4.5
  1.1  2.0  2.7  2.5  0.2  1.5  1.5 14.4  9.3 14.9  1.1  2.0  7.1  3.5  0.0
    -10.74      1.59      8.22     -3.37      2.87  1.1  0.7  0.0  0.2  0.0
                                         4000_story_2616.txt 32.3  4.5 3013
 12.9  1.7  0.0 30.5  0.7  0.0  1.0  2.0 55.1 14.9  0.3  0.3  0.7  1.3  2.0
  2.0  0.0  6.3 26.2  0.3  1.7223.0110.2 62.4 73.7  5.6 13.6  0.3  2.0  2.7
  1.3 10.6 23.2 10.0  8.6 44.1  6.6  1.0  0.3  1.7  1.3  3.7  3.0  4.6  0.7
  2.3  9.6  2.0  3.7  7.3  8.6 48.5  7.6  0.3  6.0107.9 61.4  2.3123.8  5.0
  3.0  0.0  0.0  0.0  0.0  0.0  0.0  0.0  0.0  0.0  0.0  0.0  0.0  0.0  0.0
  0.0  0.0  0.0  0.0  1.3  1.7  2.0  0.0  0.0  0.0  0.0  0.0  0.0  0.0  0.0
  0.7  0.7  0.7  1.3  0.0  0.0  0.0  0.3  0.0  0.3  0.0  0.3  4.0  1.3  0.0
  5.0  0.0  0.0  5.0  3.3  0.3  4.0  5.6  0.0  0.0  0.0  0.0  0.0  0.0  0.0
  0.3  0.0  0.3  0.0  0.0  0.0  0.0  6.0  3.3  3.7 12.6 11.9  3.0  3.0 13.3
  2.3  1.0  0.7  3.0  0.0  0.7  0.3 15.3  5.0 20.2  1.7  4.3 12.3  4.0  0.0
     -4.77     -0.37      2.34     -3.41      0.20  1.7  0.0  0.0  0.0  0.0
                                         4000_story_2630.txt 27.3  4.2 2010
 16.9  2.5  0.5 50.7  0.0  0.5  0.5  1.5  3.5 10.0  0.5  0.0  0.5  0.0  0.0
  2.0  0.0  3.0 30.8  0.0  1.5264.7117.4 45.8 58.2 44.8 10.4  2.0  1.0  4.5
  0.5  7.5 12.4  7.5  5.5 34.8 12.4  4.5  1.5  1.5  0.5  1.0  3.0  7.5  0.5
  2.0  6.0  2.0  1.5  9.0  8.0 45.8 10.0  0.0  6.0 91.0 48.3  1.5130.3  5.5
  8.0  0.0  0.0  0.0  0.0  0.0  0.0  0.0  0.0  0.0  0.0  0.0  0.0  0.0  0.0
  0.0  0.0  0.0  1.5  0.5  3.0  1.0  0.0  0.0  0.0  0.0  0.0  0.0  0.0  0.0
  0.5  1.5  2.5  0.5  0.0  0.0  0.0  0.5  0.0  0.5  0.0  1.0  1.0  0.0  0.0
  6.0  0.0  0.0  6.0  5.0  0.5  6.0  2.0  0.0  0.0  0.0  0.0  0.0  0.0  0.0
  0.0  0.0  0.0  0.0  0.0  0.0  0.0  6.0  0.5  2.0  7.5 11.4  3.5  4.0 24.4
  0.0  2.5  2.5  1.5  0.5  1.0  0.0 19.9  9.0 26.9  0.5  8.5  5.5  2.0  0.0
     -9.06      0.55      2.16     -3.74      0.39  0.0  0.0  0.0  0.0  0.0
                                         4000_story_2632.txt 36.3  4.4 3375
 12.4  2.1 16.0 37.9  4.4  1.2  0.9  4.1 52.4 14.5  1.8  0.3  0.6  2.7  2.1
  1.8  0.6  5.3 21.6  0.3  1.5235.6115.3 57.8 67.3 27.9 11.0  3.3  1.8  3.6
  1.5  4.1 33.5  3.3  8.0 37.9  6.5  2.1  0.3  1.2  1.5  3.0  4.4  5.3  2.7
  1.8  6.2  3.0  3.0  4.1  8.9 33.5  9.8  0.9  6.8102.2 84.7  1.2122.4  6.2
  0.9  0.0  0.0  0.0  0.0  0.0  0.0  0.0  0.0  0.0  0.0  0.0  0.0  0.0  0.0
  0.0  0.0  0.0  0.9  0.9  2.7  2.1  0.0  0.0  0.0  0.0  0.0  0.0  0.0  0.3
  0.0  0.6  0.3  2.7  0.0  0.3  0.0  0.0  0.3  0.3  0.0  0.6  2.1  1.5  0.0
  6.5  0.0  0.0  6.5  3.9  0.6  4.7  4.1  0.0  0.0  0.0  0.0  0.0  0.0  0.0
  0.6  0.6  0.0  0.0  0.0  0.0  0.0  7.7  3.3  3.0 12.1 16.6  0.9  7.7  9.5
  1.8  2.7  4.4  1.8  0.9  1.2  0.0 19.3  6.2 18.7  1.2  3.9 10.4  2.7  0.0
     -2.40      0.43      3.57     -3.59      2.58  0.6  0.3  0.0  0.0  0.0
                                         4000_story_2633.txt 31.0  4.1 2772
 15.5  2.9  0.7 50.9 12.6  0.4  2.9  1.4 26.3  4.0  2.5  0.4  0.0  2.5  0.0
  1.1  1.1  3.2 39.7  0.4  1.1258.7131.3 34.6 62.8 35.0  9.4  5.8  1.8  4.0
  1.1  5.1 16.6  4.7 10.8 23.4  5.8  8.3  1.1  1.8  1.4  0.4  2.5  4.7  0.0
  2.2  9.4  2.5  2.2  4.7 13.0 56.3  6.9  1.4  6.9 65.3 74.0  1.1125.2  2.9
  4.3  0.0  0.0  0.0  0.0  0.0  0.0  0.0  0.0  0.0  0.0  0.0  0.0  0.0  0.0
  0.0  0.0  0.0  2.5  0.4  2.2  0.7  0.0  0.0  0.0  0.0  0.0  0.0  0.0  0.4
  0.0  0.0  0.4  0.7  0.0  0.0  0.0  0.0  0.0  0.0  0.0  0.0  2.5  0.0  0.0
  5.8  0.0  0.0  5.8  1.4  0.0  1.4  2.5  0.0  0.0  0.0  0.0  0.0  0.0  0.0
  0.0  0.0  0.0  0.0  0.0  0.0  0.0  5.4  1.8  0.7  4.3 10.8  2.2  4.3 18.0
  1.1  3.2  1.8  0.7  0.0  0.0  0.0 22.0 18.0 21.3  0.0  3.2  7.6  1.1  0.0
     -2.11      0.76      2.17     -2.63     -0.64  0.7  0.0  0.0  0.4  0.0
                                         4000_story_2639.txt 35.3  4.4 3793
 14.2  2.4  0.8 48.2  0.0  0.3  2.1  1.6  0.0  9.0  0.3  0.8  0.5  3.7  0.0
  2.1  0.0  5.0 33.2  1.6  0.5254.9119.4 79.9 49.6 38.5  6.9  4.5  1.3  2.9
  1.1  5.8 21.6  5.3 15.6 38.5  5.5  2.9  0.5  1.8  2.4  1.8  3.7  5.8  0.8
  1.1  7.6  4.5  3.4  4.5 10.3 49.3  7.6  1.6  5.3116.5 38.5  0.5110.2  4.2
  4.0  1.3  0.0  0.0  0.0  0.0  0.0  0.0  0.0  0.0  0.0  0.0  0.0  0.0  0.0
  0.0  0.0  0.0  2.1  0.8  1.6  1.3  0.3  1.1  0.0  0.0  0.0  0.0  0.0  0.0
  0.0  0.8  0.8  0.3  0.3  0.3  0.0  0.0  0.0  0.3  0.0  0.3  1.6  0.8  0.0
  5.8  1.3  0.0  7.1  1.8  0.5  2.6  2.6  0.0  0.0  0.0  0.0  0.0  0.0  0.0
  0.0  1.1  0.0  0.0  0.0  0.0  0.0  6.9  1.1  0.3  6.9 14.5  1.8  6.1 12.1
  3.7  7.6  3.4  2.6  0.5  0.0  0.3 21.9  9.2 19.2  0.8  3.2  8.2  1.8  0.0
     -6.83     -0.24     -0.46     -3.04      0.51  0.3  0.0  0.0  0.0  0.0
                                         4000_story_2644.txt 33.8  4.4 4175
 10.3  1.9  4.1 41.4  2.4  0.7  1.7  1.2 69.9  8.1  0.5  0.0  0.2  1.7  0.5
  1.4  0.0  3.6 18.2  0.0  1.0232.1128.9 59.6 55.3  7.9 15.3  3.4  4.1  5.5
  2.2  6.2 36.4  6.2  4.6 35.4  9.1  6.0  0.2  0.5  2.9  4.3  2.6  7.4  1.0
  2.4  8.1  4.3  3.8  3.4 12.5 33.1 10.8  0.0 11.7 91.0 80.2  2.6114.7  5.7
  2.2  0.7  0.0  0.0  0.0  0.0  0.0  0.0  0.0  0.0  0.0  0.0  0.0  0.0  0.0
  0.0  0.0  0.0  2.6  1.4  1.9  1.4  0.2  0.5  0.0  0.0  0.0  0.7  0.0  0.0
  0.2  0.5  1.4  1.2  0.0  0.5  0.0  0.2  0.0  1.0  0.2  0.2  3.4  0.2  0.0
  7.4  0.7  0.7  8.9  3.4  0.7  5.0  4.1  0.0  0.0  0.0  0.0  0.0  0.0  0.0
  0.0  0.2  0.0  0.0  0.0  0.0  0.0  6.2  2.4  3.8 11.5 14.6  2.9  8.4  6.7
  4.3  1.2  1.4  1.0  0.0  1.2  1.2 19.6  9.3 16.8  2.2  3.8  5.7  2.4  0.0
     -9.77      0.01      7.79     -1.79      0.65  1.4  0.5  0.0  0.0  0.2
                                         4000_story_2648.txt 33.0  4.6 2536
  6.7  0.0  0.0 21.7  0.0  0.0  2.4  2.4 20.9  4.7  1.2  0.0  0.0  2.4  0.4
  3.5  0.0  6.7 24.4  0.8  1.2252.4119.1 63.5 65.9 19.3 14.6  2.0  3.9  3.9
  1.2  5.9 35.9  5.5  8.7 32.7 13.4  3.9  1.2  1.2  1.2  3.5  2.8  6.3  1.6
  1.2  7.5  4.3  3.2  2.8 11.8 39.0  9.1  0.8  9.1 99.8 40.2  1.2110.8  5.5
  2.0  0.0  0.0  0.0  0.0  0.0  0.0  0.0  0.0  0.0  0.0  0.0  0.0  0.0  0.0
  0.0  0.0  0.0  0.4  0.4  0.8  3.5  0.4  0.0  0.4  0.0  0.4  0.4  0.0  0.4
  0.8  0.4  1.6  2.8  0.4  0.8  0.0  0.0  0.4  0.0  0.4  0.4  0.8  0.0  0.0
  5.1  0.8  0.8  6.7  5.9  1.6  7.5  1.6  0.0  0.0  0.0  0.0  0.0  0.0  0.0
  0.8  0.0  0.0  0.8  0.0  0.0  0.0  3.5  3.9  2.8  9.5  6.3  1.6  2.4  5.9
  0.0  2.0  3.2  0.0  0.0  2.4  0.8 14.6  7.5 10.6  2.4  5.1  8.7  1.2  0.0
    -10.48      0.47      5.03     -2.76      0.65  1.2  0.0  0.0  0.0  0.0
                                         4000_story_2654.txt 31.0  4.9 4508
  3.3  0.2  0.0 14.6  0.0  0.2  1.6  1.6  1.8  5.8  0.0  0.2  0.4  2.0  0.0
  3.3  0.0  1.8 23.5  0.2  1.1273.3158.2 56.6 64.1 40.8  5.5  3.5  1.8  4.0
  1.3  3.1 78.3  3.8  1.8 25.3  9.8  1.8  1.3  0.7  1.1  4.0  3.5 16.0  5.1
  4.0  3.8  2.2  1.8  3.3  4.7 31.3 25.1  0.2  7.1 79.0 42.6  0.4 97.8  2.9
  0.7  0.2  0.0  0.0  0.0  0.0  0.0  0.0  0.0  0.0  0.0  0.0  0.0  0.0  0.0
  0.0  0.0  0.0  1.8  0.2  0.4  0.2  0.4  0.0  0.0  0.0  0.2  0.7  0.0  0.0
  0.2  0.4  2.0  0.2  0.0  0.7  0.0  0.0  0.0  1.3  1.8  0.0  0.9  0.2  0.0
  2.7  0.4  0.9  4.0  2.9  0.7  4.9  2.9  0.0  0.0  0.0  0.0  0.0  0.0  0.0
  0.0  0.0  0.0  0.2  0.0  0.0  0.0 10.2 11.8  3.5 18.4  5.5  2.2  4.0  7.3
  6.7  3.5  2.4  0.0  0.7  4.4  4.0 17.7  9.5  7.5  1.3  1.6  3.1  0.9  0.0
    -16.87     -0.08      8.78     -3.33      6.22  0.4  0.2  0.2  0.0  0.0
                                         4000_story_2655.txt 30.3  4.0 2721
 24.3  8.8 14.0 68.4 28.7  1.5  4.4  9.9 41.5 16.2  1.1  1.1  1.5  5.9  0.7
  5.1  1.5  3.7 20.9  0.7  2.6155.1 80.5 24.3 82.7 82.0 16.2  8.5  0.0  1.8
  0.0  2.6 17.3 11.4  9.2 50.3  7.7  5.1  0.4  0.4  3.3  3.7  9.6  4.0  0.4
  0.7  9.2  8.1  3.7  3.3 12.1 34.2  5.1  2.2  1.8 56.2152.1  5.1161.3  9.6
  4.0  0.4  0.0  0.0  0.0  0.0  0.0  0.0  0.0  0.0  0.0  0.0  0.0  0.0  0.0
  0.0  0.0  0.0  4.0  2.6  5.9  1.5  0.4  0.7  0.0  0.0  0.0  0.4  0.0  0.4
  0.0  1.5  0.0  0.7  0.0  0.0  0.4  0.0  0.4  0.0  0.0  0.0  5.9  1.1  0.0
 14.0  1.1  0.4 15.4  2.6  0.7  3.3  7.0  0.0  0.0  0.0  0.0  0.0  0.0  0.0
  0.7  1.5  0.0  0.0  0.0  0.0  0.7  8.1  0.7  2.9  8.8 11.8  1.1  5.9  3.3
  0.0  2.9  0.4  1.1  0.0  0.7  0.7 29.4 14.3 31.2  1.8  4.0  8.1  2.2  0.0
     15.90      5.31     -4.77     -2.05      3.48  0.7  0.0  0.0  0.0  0.0
                                         4000_story_2656.txt 31.5  4.2 2476
 10.9  1.6 22.6 50.1 12.5  1.2  3.2  2.4 10.9 16.2  1.6  0.0  1.6  5.7  0.0
  4.4  5.7  4.8 21.8  0.4  5.3223.7 83.6 40.4 82.4 79.2 12.1  7.3  0.4  0.8
  0.0  0.8 12.5  5.3 11.7 42.4 13.3  5.3  0.8  3.6  1.2  2.0  6.1  5.7  0.4
  1.6  7.7  0.4  2.8  3.6 11.3 33.9  7.7  6.1  1.2 84.4102.6  4.8151.9 11.3
  3.6  0.0  0.0  0.0  0.0  0.0  0.0  0.0  0.0  0.0  0.0  0.0  0.0  0.0  0.0
  0.0  0.0  0.0  0.4  0.8  0.0  2.0  0.0  0.0  0.0  0.0  0.0  0.0  0.0  0.0
  0.4  1.2  0.0  2.0  0.0  0.0  0.0  0.0  0.0  0.8  0.0  0.4  4.0  0.4  0.0
  3.2  0.0  0.0  3.2  3.6  0.0  4.4  4.8  0.0  0.0  0.0  0.0  0.0  0.0  0.0
  0.8  0.4  0.0  0.0  0.0  0.4  0.0 18.6  1.2  1.6  7.3 19.8  2.4  4.8  8.1
  5.7  2.4  6.5  2.0  0.0  1.2  0.0 28.3 10.9 17.8  1.2  5.7  8.5  5.7  0.0
     11.49      4.18     -4.57     -2.06      1.85  0.8  0.4  0.0  0.0  0.0
                                         4000_story_2659.txt 31.0  4.1 4830
 12.8  3.1 18.2 58.2 11.8  1.2  3.5  9.5 19.5 18.8  1.7  0.4  0.8  5.8  1.2
  3.3  2.7  4.6 17.8  0.6  2.1197.1 85.1 36.0 81.0 76.6 10.8  9.7  0.2  1.7
  0.2  3.9  9.3  6.4  8.1 47.4 11.8  7.9  0.4  2.3  4.6  0.8  7.0  3.1  0.4
  0.4  8.3  2.1  1.4  3.5 17.0 32.7  3.9  3.3  2.1 74.5107.9  3.7153.2 10.6
  2.5  0.2  0.0  0.0  0.0  0.0  0.0  0.0  0.0  0.0  0.0  0.0  0.0  0.0  0.0
  0.0  0.0  0.0  1.2  0.6  2.1  2.5  0.2  0.0  0.2  0.0  0.0  0.0  0.2  0.2
  0.0  2.3  0.6  1.9  0.2  0.0  0.0  0.0  0.0  0.2  0.0  0.0  3.9  0.8  0.0
  6.4  0.4  0.2  7.0  5.0  0.2  5.4  4.8  0.0  0.0  0.0  0.0  0.0  0.0  0.0
  1.4  2.3  0.2  0.0  0.2  0.0  0.2  8.5  0.6  3.9  7.9 16.8  5.0  5.0  7.2
  0.8  2.9  1.9  3.1  1.4  0.2  0.2 34.2 14.9 20.7  2.1  3.9  8.9  4.3  0.0
      9.41      4.21     -2.69     -1.06      1.70  1.2  0.2  0.2  0.0  0.0
                                         4000_story_2663.txt 32.3  4.0 2584
 10.8  5.4 24.0 44.9 12.4  0.4  3.1  3.1 11.2 15.1  0.8  0.8  0.4  8.1  0.0
  2.7  3.1  8.1 20.1  0.8  2.7208.2 92.9 33.7 95.6 92.1 13.2 10.8  0.4  0.4
  0.0  3.1 13.9  7.7 14.7 44.5 11.6 11.6  0.4  3.9  2.3  4.3  4.3  6.6  0.4
  1.9 10.4  0.8  1.5  2.7 22.1 38.3  8.9  3.9  0.8 56.9115.7  3.9161.0 10.4
  2.7  0.0  0.0  0.0  0.0  0.0  0.0  0.0  0.0  0.0  0.0  0.0  0.0  0.0  0.0
  0.0  0.0  0.0  2.7  0.4  3.5  0.4  0.8  0.0  0.0  0.0  0.0  0.0  0.0  0.0
  0.8  0.8  0.0  0.8  0.0  0.0  0.4  0.0  0.4  0.4  0.0  0.0  7.7  0.4  0.0
  7.0  0.8  0.0  7.7  2.3  0.8  3.5  8.1  0.0  0.0  0.0  0.0  0.0  0.0  0.0
  1.2  1.5  0.0  0.0  0.8  0.0  0.4 13.5  3.1  2.3  8.5 14.7  1.5  5.8  5.0
  2.7  6.6  5.4  2.7  0.0  0.4  0.0 36.4 16.6 19.3  3.1  1.9 11.2  5.4  0.0
      9.17      6.05     -5.56      0.85      0.95  0.8  0.4  0.4  0.0  0.0
                                         4000_story_2666.txt 30.8  4.0 3454
 20.6  7.5 29.8 69.5 20.0  3.8  6.1  6.7 22.6 23.7  2.3  0.6  0.3  4.6  1.2
  2.9  2.0  9.0 25.2  2.6  3.5184.4 79.9 24.0 86.6 90.3  9.3 13.9  0.0  0.3
  0.0  2.9 10.7  6.7 15.3 46.9  9.0  6.4  0.9  2.9  2.0  1.7  8.4  5.2  0.0
  0.6  8.1  3.5  4.6  5.8 17.4 39.7  5.8  4.6  0.3 66.0132.9  3.5171.4 11.0
  2.6  1.4  0.0  0.0  0.0  0.0  0.0  0.0  0.0  0.0  0.0  0.0  0.0  0.0  0.0
  0.0  0.0  0.0  1.7  1.2  4.3  2.3  0.0  1.2  0.0  0.0  0.3  0.9  0.0  0.3
  0.6  1.2  0.3  0.9  0.0  0.0  0.0  0.6  0.0  0.3  0.0  0.0  3.5  0.9  0.0
  9.6  1.2  1.2 11.9  3.2  0.6  4.1  4.3  0.0  0.0  0.0  0.0  0.0  0.0  0.0
  0.6  0.3  0.0  0.0  0.0  0.0  0.3  6.4  1.2  4.1  8.1 12.7  2.9  4.6  4.3
  1.7  2.9  0.3  1.2  0.3  0.9  0.0 27.2 16.5 24.9  1.2  0.9 11.0  4.6  0.0
     18.88      5.49     -6.15     -1.83      2.60  1.4  0.0  0.0  0.0  0.0
                                         4000_story_2667.txt 30.5  4.1 3219
 18.6  8.4 14.3 75.2 20.2  2.5  3.4  5.9 31.7 17.7  4.0  0.6  0.9  5.6  0.9
  4.0  2.2 10.9 17.7  1.6  3.7183.0 80.8 30.8 76.1 87.6  6.8  8.7  0.0  0.3
  0.0  1.9 15.5  9.6  6.2 49.7 13.0  4.7  2.8  5.3  4.7  1.2  7.5  1.9  0.0
  0.6  7.1  3.7  3.7  5.3 20.2 32.6  2.5  3.7  0.3 62.8139.5  5.6168.1 10.3
  2.2  0.6  0.0  0.0  0.0  0.0  0.0  0.0  0.0  0.0  0.0  0.0  0.0  0.0  0.0
  0.0  0.0  0.0  3.1  3.1  4.7  1.6  0.3  0.6  0.0  0.0  0.0  0.0  0.0  0.3
  0.3  1.9  1.6  0.6  0.0  0.0  0.0  0.6  0.6  0.3  0.0  0.0  3.4  1.2  0.0
 12.4  0.9  0.0 13.4  4.7  1.2  6.2  4.7  0.0  0.0  0.0  0.0  0.0  0.0  0.0
  2.5  0.6  0.3  0.0  0.0  0.0  1.2 11.2  3.4  3.4 11.5 15.5  2.8  7.8  3.4
  1.6  1.9  0.0  2.2  0.9  0.0  0.0 28.3 22.7 25.5  3.7  1.2  5.6  3.4  0.0
     15.57      3.59     -4.51      0.52      1.52  0.6  0.3  0.0  0.0  0.0
                                         4000_story_2670.txt 32.8  4.1 2728
 18.3  6.6 18.7 58.7 10.3  0.7  3.3 12.5 24.2 21.6  1.5  0.4  0.4  7.0  0.7
  5.1  2.9  3.7 17.2  1.1  4.0154.0 86.9 38.5 80.6 89.4 13.2  8.8  0.4  1.1
  1.1  3.7 12.8  9.9 13.9 52.4 12.8  5.5  0.4  1.8  3.7  1.5  7.3  5.9  0.4
  0.7  8.4  2.2  0.7  5.5 12.8 31.5  7.0  4.0  2.6 71.8123.9  3.7158.7 12.1
  1.8  0.0  0.0  0.0  0.0  0.0  0.0  0.0  0.0  0.0  0.0  0.0  0.0  0.0  0.0
  0.0  0.0  0.0  2.2  0.4  4.8  1.5  0.4  0.0  0.0  0.0  0.0  0.0  0.0  0.4
  0.0  0.7  0.7  0.7  0.0  0.4  0.4  0.0  0.0  0.0  0.0  0.0  7.3  0.7  0.0
  8.8  0.4  0.0  9.2  2.6  0.7  3.3  8.1  0.0  0.0  0.0  0.0  0.0  0.0  0.0
  1.1  0.7  0.0  0.0  0.0  0.0  0.7  4.4  3.3  2.2  8.1 20.2  4.4  8.8  4.0
  0.0  2.6  1.1  1.8  2.2  0.0  0.0 33.4 12.5 21.6  1.8  3.7  9.2  2.9  0.0
     14.59      5.07     -4.92     -2.01      2.36  2.6  0.0  0.0  0.0  0.0
                                         4000_story_2671.txt 33.3  4.2 2387
 14.7  5.9 14.7 46.1  7.1  2.5  3.8  6.3 15.9 17.2  2.1  0.0  0.0  6.3  1.7
  0.8  3.4  5.9 20.5  0.8  2.5191.5 73.7 39.4 97.2 92.6 10.9  7.1  0.4  2.9
  0.0  3.4 15.9  8.0 13.0 46.9 11.3  7.5  1.7  2.9  2.1  2.1  8.0  2.5  0.4
  0.8  7.5  2.1  2.1  5.4 15.5 34.4  3.8  4.2  3.4 86.7115.6  3.4163.0 11.7
  0.4  0.0  0.0  0.0  0.0  0.0  0.0  0.0  0.0  0.0  0.0  0.0  0.0  0.0  0.0
  0.0  0.0  0.0  2.5  0.8  3.8  1.7  0.4  0.0  0.0  0.0  0.0  0.4  0.4  0.4
  0.0  1.3  1.3  0.8  0.0  0.0  0.4  0.0  0.0  0.0  0.0  0.0  3.8  1.7  0.0
  8.8  0.4  0.8 10.1  3.8  0.4  4.2  5.4  0.0  0.0  0.0  0.0  0.0  0.0  0.0
  0.4  1.7  0.0  0.0  0.4  0.0  0.4  5.9  0.4  2.1  6.7 25.6  4.2  7.1  5.9
  0.8  2.9  2.1  5.9  0.0  0.0  0.0 30.2 12.1 20.5  0.8  6.7 10.5  3.8  0.0
     10.26      5.00     -3.73     -1.10      2.32  0.4  0.0  0.0  0.0  0.0
                                         4000_story_2672.txt 33.0  3.9 2292
 10.9  3.5 17.9 51.0 12.2  1.3  3.1  4.8 13.1 14.0  0.0  0.0  0.0  4.4  0.4
  1.7  0.9  2.2 16.1  0.0  3.9209.9 88.1 32.3106.0 74.6  8.7 16.6  0.0  2.2
  0.0  3.5  7.4 13.5 11.3 44.1  9.2  2.6  1.3  1.7  1.3  3.1  2.6  7.0  0.0
  3.1  5.7  0.0  3.5  2.2  6.1 27.1 10.0  0.9  2.2 63.7 99.9  4.4179.3  9.6
  2.2  0.0  0.0  0.0  0.0  0.0  0.0  0.0  0.0  0.0  0.0  0.0  0.0  0.0  0.0
  0.0  0.0  0.0  1.7  1.7  0.4  1.7  0.0  0.0  0.0  0.0  0.0  0.0  0.0  0.4
  0.9  1.3  0.9  0.9  0.0  0.0  0.0  0.0  0.0  0.0  0.0  0.0  4.8  0.4  0.0
  5.7  0.0  0.0  5.7  4.4  0.0  4.4  5.2  0.0  0.0  0.0  0.0  0.0  0.0  0.0
  2.2  0.4  0.0  0.0  0.0  0.0  0.0 10.5  0.0  0.4  4.8 29.7  0.4  3.5  6.5
  2.2  3.5  0.9  5.2  1.7  0.4  0.0 43.2 19.6 16.6  4.4  1.7 13.5  7.4  0.0
      0.32      5.82     -5.83     -2.92      0.05  0.4  0.0  0.0  0.4  0.0
                                         4000_story_2675.txt 32.8  4.2 2088
 20.1  9.6 14.8 46.9 11.5  0.5  2.9  4.3 20.1 23.5  1.4  1.0  1.4  7.2  0.5
  2.4  2.4  4.8 19.6  1.0  4.3186.8 86.7 36.9 92.4 88.1 12.5  4.8  0.5  1.0
  0.0  4.3 19.6  6.7 12.0 42.1 12.0  7.2  0.0  3.8  1.4  1.0  6.7  7.2  0.0
  1.9  8.6  2.4  0.5  4.3 13.4 37.4  9.1  3.4  1.4 66.6119.7  1.0160.9 13.4
  3.8  0.0  0.0  0.0  0.0  0.0  0.0  0.0  0.0  0.0  0.0  0.0  0.0  0.0  0.0
  0.0  0.0  0.0  4.3  2.9  5.3  1.4  0.0  0.0  0.0  0.0  0.0  0.0  0.0  0.5
  0.5  2.4  2.4  1.0  0.0  0.0  0.0  0.0  0.0  0.0  0.0  0.0  2.4  0.5  0.0
 13.9  0.0  0.0 13.9  6.7  0.0  6.7  2.9  0.0  0.0  0.0  0.0  0.0  0.0  0.0
  1.4  0.5  0.0  0.0  0.0  0.0  1.0 11.5  1.4  1.0  5.7 21.6  1.4  6.7 10.1
  0.5  5.3  1.0  2.4  0.0  0.5  1.0 34.5 11.0 25.9  1.9  7.7  8.1  4.8  0.0
     11.59      4.51     -3.14     -2.09      2.27  0.0  0.0  0.5  0.0  0.0
                                         4000_story_2676.txt 33.0  4.1 2205
 11.8  1.8 17.7 45.8  4.5  0.9  4.1  1.4 10.0 36.3  0.9  0.9  0.5  6.3  0.9
  1.8  1.8  5.4 19.5  0.5  5.4190.9 99.8 44.9 93.4 65.8 18.1  7.3  0.0  0.9
  0.5  1.8 10.9  8.6 11.8 44.9 14.1  4.5  0.9  1.8  0.5  1.4  6.3  5.0  0.5
  0.0  8.2  1.8  1.8  6.3 10.4 32.2  5.4  2.3  1.4 79.8 80.3  3.6160.5  8.2
  3.2  0.0  0.0  0.0  0.0  0.0  0.0  0.0  0.0  0.0  0.0  0.0  0.0  0.0  0.0
  0.0  0.0  0.0  1.8  0.0  2.3  1.4  0.9  0.0  0.5  0.0  0.0  0.0  0.0  0.5
  0.0  3.2  1.4  1.4  0.5  0.5  0.5  0.0  0.5  0.0  0.0  0.0  1.8  0.9  0.0
  5.4  1.4  0.0  6.8  6.3  1.8  8.2  2.7  0.0  0.0  0.0  0.0  0.0  0.0  0.0
  0.9  0.5  0.0  0.0  0.0  0.0  0.0 26.3  4.5  5.0  4.1 23.6  1.8  9.1  5.0
  1.8  3.2  8.2  1.4  1.4  1.4  0.5 30.8 11.3 16.8  1.8  5.9 10.0  6.3  0.0
      7.02      5.10     -5.21     -3.65      1.45  2.7  0.0  0.0  0.0  0.0
                                         4000_story_2678.txt 29.8  3.6 2181
 24.8  9.2 38.5 75.7 20.2  3.2  3.2 11.0 94.9 25.2  0.9  0.0  0.5  5.5  0.0
  0.9  0.9  8.7 25.7  2.3  6.9152.7 72.4 17.9 85.3 55.0 12.8 11.5  0.0  0.5
  0.0  1.4 12.8  7.8 12.8 42.6 16.5 14.2  1.8  5.5  6.4  1.8  5.0  1.8  0.0
  1.4  6.0  1.4  2.3  3.7 29.3 38.5  3.2  3.2  0.5 44.5170.1  4.1172.4 10.1
  1.4  0.0  0.0  0.0  0.0  0.0  0.0  0.0  0.0  0.0  0.0  0.0  0.0  0.0  0.0
  0.0  0.0  0.0  4.6  1.8  3.7  1.8  0.9  0.0  0.0  0.0  0.0  0.0  0.0  0.5
  0.9  1.8  1.8  0.0  0.0  0.5  0.0  0.0  0.9  0.0  0.0  0.0  9.2  0.5  0.0
 11.9  0.9  0.0 12.8  5.0  1.4  6.4  9.6  0.0  0.0  0.0  0.0  0.0  0.0  0.0
  1.4  0.5  0.0  0.0  0.5  0.0  1.4 11.9  0.5  0.5  3.7 16.5  1.8  9.2  5.5
  0.9  3.7  1.8  1.4  0.9  0.0  0.0 38.1 16.5 31.2  1.4  0.5 13.3  8.7  0.0
     23.43      4.11     -5.82      3.66      0.25  0.0  0.0  0.0  0.0  0.0
                                         4000_story_2682.txt 30.3  4.0 4607
 14.8  4.8 25.6 58.8 13.2  2.6  3.5  6.7 24.5 12.8  2.0  0.2  2.0  6.7  0.2
  1.3  2.6  5.9 15.0  0.9  5.9190.6 78.4 22.6 95.3 97.2 10.9 11.3  0.0  0.2
  0.0  2.0 14.3  9.6 11.7 56.7 13.9 10.0  1.3  2.2  1.3  1.3 10.6  4.6  0.0
  0.7  5.2  2.2  1.1  2.8 17.1 24.5  5.2  3.5  0.2 55.1135.0  5.9174.1 11.9
  1.1  0.2  0.0  0.0  0.0  0.0  0.0  0.0  0.0  0.0  0.0  0.0  0.0  0.0  0.0
  0.0  0.0  0.0  1.1  1.7  1.5  2.8  0.4  0.2  0.0  0.0  0.0  0.0  0.2  0.4
  0.2  3.0  1.5  1.1  0.0  1.1  0.4  0.0  0.0  0.0  0.0  0.0  4.8  0.4  0.0
  7.2  0.7  0.2  8.0  6.3  1.5  7.8  5.2  0.0  0.0  0.0  0.0  0.0  0.0  0.0
  1.5  0.9  0.0  0.0  0.2  0.0  0.2  7.4  1.1  1.5  7.4 18.5  3.3  6.3  4.8
  2.0  3.5  2.6  1.7  0.7  0.7  0.0 34.3 18.5 24.5  1.7  3.9  8.0  3.3  0.0
     11.44      5.91     -6.59     -1.68      3.92  0.2  0.0  0.0  0.0  0.0
                                         4000_story_2689.txt 29.8  4.0 2855
 17.2  3.9  4.9 67.6 16.8  0.0  2.8  1.8 27.0  5.3  1.1  0.0  0.0  4.2  0.4
  5.3  2.5  6.7 21.4  1.1  2.8169.2 91.4 33.6 70.8 92.5 16.1 10.5  2.8  4.9
  0.7  5.3 10.5 10.9  7.0 36.4 14.4  5.3  1.4  4.2  3.5  3.2  5.3  5.6  1.1
  2.1  7.4  5.3  3.9  4.9 15.4 38.2  8.8  3.5  8.4 59.9136.3  5.6155.9 12.6
  2.1  0.0  0.0  0.0  0.0  0.0  0.0  0.0  0.0  0.0  0.0  0.0  0.0  0.0  0.0
  0.0  0.0  0.0  2.5  1.4  1.4  3.2  0.0  0.0  0.0  0.0  0.0  0.0  0.0  0.0
  0.0  1.8  2.5  0.7  0.0  0.7  0.0  0.0  0.0  0.7  0.0  0.0  6.3  0.0  0.0
  8.4  0.0  0.0  8.4  4.9  0.7  6.3  6.3  0.0  0.0  0.0  0.0  0.0  0.0  0.0
  1.1  0.7  0.4  0.0  0.0  0.0  0.4 17.5  0.7  2.5  7.7 13.0  1.8  6.3  8.1
  5.6  4.2  2.1  2.8  0.7  0.4  0.7 36.4 15.4 27.0  2.5  3.2 13.3  5.3  0.0
      6.94      5.75      1.15     -0.06      1.99  0.7  0.0  0.4  0.0  0.0
                                         4000_story_2704.txt 33.0  4.2 2959
 17.2  6.1  2.0 70.3 19.3  1.0  3.0  5.7 31.8 13.5  1.7  0.0  0.0  4.4  0.7
  3.7  2.7  8.8 33.1  1.4  1.7152.1 79.8 25.0 81.1 86.9 13.2 10.1  2.0  5.7
  1.0  4.4 28.4 11.2  6.1 46.6 15.2  6.8  1.0  2.4  2.7  4.7  9.1  6.8  0.0
  1.0  7.8  3.0  4.7  6.8 18.2 47.7  7.8  4.1  8.8 60.5137.9  4.4163.6 10.8
  1.7  0.3  0.0  0.0  0.0  0.0  0.0  0.0  0.0  0.0  0.0  0.0  0.0  0.0  0.0
  0.0  0.0  0.0  2.7  2.7  4.1  2.7  0.0  0.3  0.0  0.0  0.0  0.0  0.0  0.0
  0.7  3.0  2.4  0.7  0.0  0.3  0.3  0.0  0.0  2.0  1.0  0.3  5.4  0.7  0.0
 12.2  0.3  0.0 12.5  6.8  0.7  9.5  7.4  0.0  0.0  0.0  0.0  0.0  0.0  0.0
  1.4  0.7  0.3  0.0  0.0  0.0  0.3 11.2  2.7  2.4  8.1 12.8  1.7  4.1  4.1
  0.0  3.7  1.4  0.7  1.7  1.7  0.0 29.4 15.5 26.4  0.7  7.1 15.5  3.4  0.0
     14.47      5.21      1.93     -0.41      3.43  1.0  0.3  0.0  0.0  0.0
                                         4000_story_2718.txt 35.3  4.1 2474
 13.7  4.0  1.2 52.5  7.7  1.2  2.8  4.0 63.1 41.2  1.2  0.4  0.0  3.2  2.0
  2.4  3.2  4.4 13.7  0.8  2.4199.7110.3 43.7 70.3 28.7 15.4  1.2  2.0  4.9
  0.8  4.0 21.0  4.4  4.9 29.9  8.5  2.0  0.0  2.4  4.0  2.0  4.9  4.9  1.6
  0.4 10.5  1.6  1.6  6.5 10.5 31.1  6.9  4.0  7.7 80.4 99.4  1.2136.2  4.4
  5.3  0.8  0.0  0.0  0.0  0.0  0.0  0.0  0.0  0.0  0.0  0.0  0.0  0.0  0.0
  0.0  0.0  0.0  0.8  2.4  2.4  1.2  1.6  0.0  0.0  0.0  0.0  0.0  0.0  0.0
  0.0  2.0  0.4  1.2  0.0  0.0  0.0  0.0  1.2  0.8  0.0  0.0  2.8  0.4  0.0
  6.9  1.6  0.0  8.5  3.6  1.2  5.7  3.2  0.0  0.0  0.0  0.0  0.0  0.0  0.0
  1.2  0.4  0.0  0.0  0.0  0.0  0.4  9.3  1.2  6.1  6.9 22.2  1.2 12.5  5.7
  1.6  1.2  1.2  0.4  0.4  0.8  0.4 28.3  4.0 19.8  1.6  2.8 11.7  4.0  0.0
      9.11      1.04      3.88     -2.29      1.51  0.4  0.0  0.4  0.0  0.0
                                         4000_story_2746.txt 32.3  4.3 1969
 12.2  2.5  0.5 57.9 11.7  0.5  2.5  1.5 46.2 11.7  1.5  0.5  1.5  8.6  0.5
  2.0  1.0  8.6 10.7  1.0  3.0193.5116.3 25.9 67.5 53.8  8.1  7.6  1.5  4.6
  1.0  7.1 34.0  7.1  6.6 43.7 10.2  6.1  2.0  1.5  0.0  1.5  4.1 11.7  2.5
  4.6  4.6  4.6  3.0  7.1 14.7 24.4 18.8  2.0  7.1 60.4111.7  4.6143.2  8.1
  1.5  0.0  0.0  0.0  0.0  0.0  0.0  0.0  0.0  0.0  0.0  0.0  0.0  0.0  0.0
  0.0  0.0  0.0  1.5  0.5  2.0  3.6  0.5  0.0  0.0  0.0  0.0  0.0  0.0  0.0
  0.0  1.5  1.0  2.0  0.0  0.0  0.0  0.0  0.0  0.5  0.0  0.0  5.6  1.5  0.0
  7.6  0.5  0.0  8.1  4.6  0.0  5.1  7.1  0.0  0.0  0.0  0.0  0.0  0.0  0.0
  0.5  0.0  0.0  0.0  0.0  0.0  0.0 11.7  2.5  1.0  7.6  9.6  1.0  3.6  5.6
  1.5  0.5  4.1  0.5  0.0  1.0  0.0 20.3 15.7 20.3  2.5  4.6 13.2  2.0  0.0
      3.04      1.86      3.62     -3.20      4.11  1.5  0.0  0.0  0.0  0.0
                                         4000_story_2748.txt 32.3  4.1 2355
 16.6  3.8  0.4 60.7 12.7  0.4  5.1  5.9 67.9 17.8  1.7  0.0  0.0  6.4  0.8
  2.5  0.4  3.4 26.3  1.7  1.3195.8 99.8 33.5 73.9 39.1  5.1  8.9  2.5  4.7
  1.3  3.0 25.9  7.2  4.2 43.3 15.7  5.5  0.4  3.4  3.4  3.0  9.3  4.2  0.8
  1.3  5.9  2.5  0.8  4.2 12.3 38.6  6.4  2.1  8.5 65.0119.7  2.5153.7 10.2
  2.5  0.0  0.0  0.0  0.0  0.0  0.0  0.0  0.0  0.0  0.0  0.0  0.0  0.0  0.0
  0.0  0.0  0.0  3.8  0.8  3.0  3.8  0.0  0.0  0.0  0.0  0.0  0.0  0.0  0.0
  0.8  0.8  2.1  3.4  0.0  1.3  0.0  0.0  0.0  2.1  0.0  0.4  3.8  0.0  0.0
 11.5  0.0  0.0 11.5  7.2  1.3 10.6  4.2  0.0  0.0  0.0  0.0  0.0  0.0  0.0
  2.5  0.4  0.0  0.0  0.0  0.0  0.4 10.2  2.1  3.8 11.5  8.9  3.8  5.1  4.7
  0.8  2.5  0.4  0.0  0.4  0.4  0.4 36.5 18.7 19.1  1.3  2.5 14.9  3.4  0.0
      6.99      1.07      3.09     -0.80      3.92  0.8  0.0  0.0  0.0  0.4
                                         4000_story_2770.txt 32.8  4.0 1998
 23.0  5.0  1.0 67.1 13.5  1.5  3.0  4.0 90.1  8.0  2.0  0.5  0.5  2.0  0.5
  1.0  5.0  8.0 14.0  1.0  1.0167.7 99.1 43.5 65.6 54.1  8.5  6.5  3.0  5.0
  0.5  5.0 26.5  5.5  8.0 41.0 22.0  7.5  3.0  5.0  3.5  1.5  9.0  4.5  2.0
  1.0  6.0  6.5  1.5  4.5 19.0 30.5  7.5  6.0  8.5 70.6157.7  4.5152.2  9.5
  1.0  0.0  0.0  0.0  0.0  0.0  0.0  0.0  0.0  0.0  0.0  0.0  0.0  0.0  0.0
  0.0  0.0  0.0  4.0  0.5  3.5  1.5  0.0  0.0  0.0  0.0  0.0  0.0  0.5  0.5
  0.5  4.0  3.0  1.0  0.0  0.5  0.0  0.0  0.5  1.5  0.0  0.0  4.5  1.5  0.0
  9.5  0.0  0.5 10.0  9.0  1.0 11.5  6.0  0.0  0.0  0.0  0.0  0.0  0.0  0.0
  0.5  0.0  0.0  0.0  0.0  0.0  0.0 27.5  1.0  6.0 10.0 11.0  2.0  6.5  3.0
  1.0  2.0  2.5  0.0  0.5  0.5  0.5 25.0 15.0 30.5  2.5  7.5  9.0  4.5  0.0
     10.69      1.67      3.13      0.69      4.55  0.0  0.0  0.0  0.0  0.0
                                         4000_story_2772.txt 33.0  4.2 2907
 10.7  2.8  1.4 74.6  3.1  0.0  4.8  3.8 37.2 11.4  3.4  0.0  1.0  6.2  1.4
  3.8  1.0  4.8 14.4  0.3  0.3247.7118.3 42.0 23.0 27.5  9.3  2.1  3.8  6.2
  2.8  2.4 27.9  6.2  5.2 30.3 10.7  4.8  0.3  2.8  2.4  1.7  3.4  4.8  2.8
  2.1  4.1  3.1  2.4  7.2 12.0 23.7  9.6  1.4 12.7 70.2 67.8  2.4112.8  6.2
  2.1  0.3  0.0  0.0  0.0  0.0  0.0  0.0  0.0  0.0  0.0  0.0  0.0  0.0  0.0
  0.0  0.0  0.0  1.7  0.7  0.7  3.4  0.3  0.0  0.0  0.0  0.0  0.3  0.0  0.3
  0.3  0.7  0.3  1.7  0.0  0.3  0.0  0.0  0.3  0.0  0.0  0.0  2.4  0.7  0.0
  6.5  0.3  0.3  7.2  3.4  0.7  4.1  3.1  0.0  0.0  0.0  0.0  0.0  0.0  0.0
  0.7  0.0  0.0  0.3  0.0  0.0  0.0 13.1  3.1  3.8 11.4 12.7  2.4  5.5 19.6
  3.1  3.8  0.3  0.3  2.4  0.3  0.3 23.4  6.5 13.1  1.0  1.0  7.9  2.4  0.0
     -1.09     -1.58      6.62     -2.26      2.04  1.4  0.3  0.0  0.0  0.0
                                         4000_story_2775.txt 36.0  4.1 2292
 14.8  3.9  7.0 58.0 17.9  1.3  3.5  0.9 90.8 11.8  1.7  0.0  1.3  3.5  0.0
  3.5  2.6  5.7 14.8  1.3  1.7185.4 88.6 34.9 90.3 25.7 10.9  9.2  0.4  2.2
  0.4  3.1 22.3 14.0  9.6 44.1 14.0  7.4  0.9  1.3  2.6  3.5  4.4  8.7  1.7
  0.4  7.0  3.5  2.6  5.2 15.7 26.2 10.9  3.9  3.1 55.8134.4  3.1163.2  8.7
  0.4  0.9  0.0  0.0  0.0  0.0  0.0  0.0  0.0  0.0  0.0  0.0  0.0  0.0  0.0
  0.0  0.0  0.0  4.4  3.5  2.6  2.2  0.0  1.3  0.0  0.0  0.0  0.0  0.0  0.0
  0.9  2.2  2.6  0.9  0.4  0.9  0.0  0.0  0.4  1.3  0.0  0.4  3.9  1.7  0.0
 12.7  1.3  0.0 14.0  6.5  1.7  9.6  6.1  0.0  0.0  0.0  0.0  0.0  0.0  0.0
  3.1  0.0  0.0  0.0  0.0  0.0  0.0 10.9  3.9  3.1  7.9 15.7  2.6  9.6  8.3
  3.5  3.1  3.1  0.9  0.9  3.1  0.0 34.5 14.0 20.5  2.2  3.5  5.7  4.8  0.0
      7.50      2.18     -3.92     -1.32      1.91  0.9  0.0  0.0  0.0  0.0
                                         4000_story_2779.txt 31.3  4.1 2280
 16.2  2.2  0.0 43.9  3.9  0.0  1.8  2.6 82.0 19.7  2.2  0.0  0.0  6.6  2.2
  2.6  0.0  6.6 23.2  0.4  1.3189.9108.8 32.9 83.8 13.2  5.7  3.9  3.1  3.5
  0.4  1.8 16.2  6.1  8.8 43.4 11.4  3.9  1.8  2.6  2.2  3.5  6.1  5.3  1.3
  2.2  8.8  3.1  1.3 10.5 12.7 36.4  8.8  0.4  7.0 75.9 99.1  1.8142.5  8.3
  3.1  0.0  0.0  0.0  0.0  0.0  0.0  0.0  0.0  0.0  0.0  0.0  0.0  0.0  0.0
  0.0  0.0  0.0  2.2  2.2  0.9  2.2  0.4  0.0  0.4  0.0  0.0  0.0  0.0  0.4
  0.0  1.8  1.8  0.4  0.0  0.4  0.4  0.9  0.0  0.9  0.0  0.0  2.6  0.9  0.0
  7.5  0.9  0.0  8.3  4.4  1.8  7.0  3.5  0.0  0.0  0.0  0.0  0.0  0.0  0.0
  2.2  0.9  0.9  0.0  0.0  0.0  0.0  3.1  1.3  3.1  8.3 25.4  1.8  3.5 15.8
  4.4  5.3  0.9  3.1  0.4  0.9  0.0 27.6  9.6 21.9  2.2  8.8  8.3  4.8  0.0
      4.03     -0.56     -0.09     -1.46      2.73  1.3  0.0  0.0  0.0  0.0
                                         4000_story_2816.txt 33.5  4.2 2879
 12.9  2.4  1.7 53.5  8.0  0.0  1.0  1.0  8.7  9.4  1.7  0.3  0.7  4.2  0.3
  1.7  2.4  5.2 21.5  0.3  2.4211.2118.1 35.1 69.5 99.3  7.6  3.5  2.1  3.5
  0.3  2.4 21.5  6.9 11.8 45.8  9.4 10.1  1.7  1.7  3.5  2.1  7.3  6.9  0.7
  0.3  6.9  4.9  2.1  4.2 18.8 33.0  8.0  2.8  5.9 70.5116.0  3.8136.9  7.3
  2.1  0.0  0.0  0.0  0.0  0.0  0.0  0.0  0.0  0.0  0.0  0.0  0.0  0.0  0.0
  0.0  0.0  0.0  2.1  0.0  2.8  3.8  0.0  0.0  0.0  0.0  0.0  0.0  0.0  0.0
  0.0  0.3  0.0  2.1  0.0  0.0  0.0  0.0  0.0  0.3  0.3  0.0  3.8  0.3  0.0
  8.7  0.0  0.0  8.7  2.4  0.0  2.8  4.5  0.0  0.0  0.0  0.0  0.0  0.0  0.0
  2.1  1.0  0.0  0.0  0.0  0.0  0.3  9.0  0.3  3.1 10.4 21.9  2.4  8.7 10.1
  3.5  3.1  1.7  1.7  1.4  0.0  0.3 33.0 10.4 20.1  0.7  5.6 11.5  3.5  0.0
     -0.63      3.09     -1.42     -0.37      2.63  2.1  0.7  0.0  0.0  0.0
                                         4000_story_2823.txt 33.0  4.4 2098
 13.3  2.9  0.0 37.2  3.8  0.0  3.8  1.0 24.8  6.2  1.0  0.0  0.0  7.6  0.5
  1.9  1.9  1.9 19.5  0.5  4.8205.4124.9 37.7 70.1 54.8  9.5  3.8  2.9  8.1
  0.5  3.8 30.0  8.1  6.7 44.3 10.0  3.8  1.0  0.0  2.4  1.9  6.2  6.7  0.5
  2.4  5.2  3.3  3.8  2.9  8.1 28.6  9.5  2.4 11.4 70.5 83.4  1.9125.8 13.8
  1.4  0.5  0.0  0.0  0.0  0.0  0.0  0.0  0.0  0.0  0.0  0.0  0.0  0.0  0.0
  0.0  0.0  0.0  2.9  0.0  1.9  1.9  0.0  0.5  0.0  0.0  0.5  0.0  0.0  0.0
  0.0  0.5  1.0  1.0  0.0  1.0  0.0  0.5  0.0  0.0  0.0  0.0  1.9  2.4  0.0
  6.7  0.5  0.5  7.6  2.4  1.4  3.8  4.3  0.0  0.0  0.0  0.0  0.0  0.0  0.0
  1.4  1.0  0.0  0.0  0.0  0.5  0.5  8.6  3.3  3.3  7.6 12.9  1.9  5.7  8.1
  1.4  1.9  0.0  0.5  0.5  1.0  1.0 23.8  8.1 13.3  1.4  6.2  9.1  7.1  0.0
     -1.29      1.55      3.84     -3.49      2.39  0.0  0.0  0.0  0.0  0.0
                                         4000_story_2860.txt 31.8  4.1 3077
 15.9  1.9  1.3 66.0 19.5  1.6  4.9  4.2 31.5 28.3  1.6  0.0  0.0  8.1  1.0
  7.1  3.2  9.1 29.9  1.6  3.9162.5 87.4 24.0 78.3 69.9  9.7 12.3  2.3  4.5
  0.6  1.3 18.8  4.2  7.1 47.4 12.0 12.3  0.6  1.9  5.8  3.9  9.4  6.2  0.0
  1.9  5.2  5.5  5.5  1.9 27.3 38.3  8.1  4.9  7.5 49.7120.9  4.9158.6  9.7
  1.0  0.3  0.0  0.0  0.0  0.0  0.0  0.0  0.0  0.0  0.0  0.0  0.0  0.0  0.0
  0.0  0.0  0.0  3.6  1.9  2.3  1.6  0.3  0.0  0.0  0.0  0.0  0.0  0.0  0.6
  0.3  2.3  0.6  0.6  0.0  1.9  0.0  0.0  0.3  1.0  0.0  0.3  3.9  1.0  0.0
  9.4  0.3  0.0  9.7  4.5  2.3  7.8  5.2  0.0  0.0  0.0  0.0  0.0  0.0  0.0
  2.6  0.3  0.6  0.3  0.0  0.0  1.0 10.7  1.9  1.6  5.8 10.1  4.5  7.1  7.1
  2.9  4.2  2.6  0.0  2.3  1.0  0.0 45.8 19.8 20.5  2.3  2.6  8.8  1.6  0.0
     19.88      4.12      0.96      1.78      3.83  1.0  0.3  0.6  0.0  0.0
                                         4000_story_2870.txt 34.3  4.3 2596
 14.3  1.9  1.2 54.7  6.5  0.4  1.9  5.4 51.6  7.3  0.8  0.4  0.0  4.2  0.8
  4.2  0.0  1.9 13.5  1.9  1.9188.8112.1 36.2 74.3 66.6  8.9  4.6  2.7  5.0
  2.3  3.5 34.7  6.9  6.2 42.8  9.6  4.6  1.2  1.2  1.9  1.5  6.2  5.8  1.2
  0.4  4.6  3.1  1.2  4.6  8.5 23.1  7.3  1.9 10.0 80.1124.8  2.7144.1 10.0
  2.7  0.4  0.0  0.0  0.0  0.0  0.0  0.0  0.0  0.0  0.0  0.0  0.0  0.0  0.0
  0.0  0.0  0.0  2.7  0.4  1.2  2.3  0.0  0.4  0.0  0.0  0.0  0.0  0.0  0.0
  0.0  0.8  0.8  1.9  0.0  0.4  0.0  0.0  0.0  0.8  0.4  0.0  1.5  2.3  0.0
  6.5  0.4  0.0  6.9  3.5  0.4  4.6  4.2  0.0  0.0  0.0  0.0  0.0  0.0  0.0
  0.4  1.2  0.4  0.0  0.0  0.0  0.4 10.0  1.9  4.6  8.5 10.8  0.8  8.5  4.2
  1.9  4.6  0.0  0.4  3.5  0.4  0.8 28.1 10.4 19.3  1.2  3.1  8.1  2.7  0.0
     -1.66      2.24      4.63     -3.07      2.11  1.2  0.0  0.4  0.0  0.0
                                         4000_story_2877.txt 34.8  4.4 4255
  9.6  1.9  1.9 31.7  1.2  0.7  3.1  1.9  4.2 12.5  1.4  0.2  0.7  4.7  0.7
  4.0  0.5  3.3 22.8  0.9  3.5240.4101.5 40.2 75.2 32.9  9.6  0.9  0.9  3.1
  0.9  3.8 18.6  9.2  8.5 46.1 16.0  4.2  1.2  0.9  2.1  5.4  6.1 15.3  1.2
  3.3  9.4  1.9  7.1  6.3  9.6 37.1 19.7  1.4  4.9 73.8 38.3  1.4132.8  8.2
  1.6  0.0  0.0  0.0  0.0  0.0  0.0  0.0  0.0  0.0  0.0  0.0  0.0  0.0  0.0
  0.0  0.0  0.0  2.1  1.2  1.2  1.9  0.2  0.7  0.5  0.0  0.0  0.2  0.2  0.9
  0.7  1.2  2.4  0.7  0.0  0.2  0.0  1.2  0.5  0.9  0.2  0.0  0.9  1.4  0.0
  6.3  1.4  0.5  8.2  5.9  1.9  8.7  2.6  0.0  0.0  0.0  0.0  0.0  0.0  0.0
  0.0  0.9  0.0  0.0  0.0  0.0  0.2  7.5  2.8  1.9 11.0 22.1  5.6  9.4  6.1
  0.2  4.9  0.7  1.2  0.0  0.7  0.2 27.0  4.5 13.9  2.8  5.2  7.8  4.0  0.0
     -3.28      0.24     -1.13     -1.62      4.47  1.4  0.0  0.2  0.0  0.0
                                         4000_story_2878.txt 32.5  4.4 4640
  6.5  0.4  5.0 29.7  0.9  0.0  1.7  2.6  8.6  7.5  1.1  0.2  0.4  3.9  0.6
  0.9  0.2  3.9 23.1  0.0  5.0250.9119.6 39.2 76.5 37.5 13.4  2.4  1.1  3.0
  1.5  1.5 23.9  4.5 10.6 44.8  8.0  2.8  0.6  2.4  2.6  5.4  7.1 17.5  1.3
  3.0 11.9  1.9  3.7  4.5  9.3 39.0 21.8  0.2  5.6 61.4 47.0  1.5130.8 11.4
  1.9  0.0  0.0  0.0  0.0  0.0  0.0  0.0  0.0  0.0  0.0  0.0  0.0  0.0  0.0
  0.0  0.0  0.0  0.9  0.2  1.9  0.6  0.0  0.2  0.0  0.0  0.0  0.4  0.2  0.0
  0.2  0.2  1.3  0.6  0.0  0.9  0.0  0.4  0.0  0.2  0.0  0.0  1.1  1.5  0.0
  3.7  0.2  0.6  4.5  2.4  1.3  3.9  2.6  0.0  0.0  0.0  0.0  0.0  0.0  0.0
  0.4  1.5  0.2  0.0  0.0  0.0  0.4  1.7  3.2  2.2 12.3 19.8  2.2 10.1  5.6
  1.5  4.7  0.0  0.6  0.9  1.3  0.2 28.7  5.8  9.5  1.7  6.0  7.3  3.4  0.0
     -8.01      1.46     -0.24     -1.27      5.43  0.4  0.2  0.9  0.2  0.2
                                         4000_story_2879.txt 35.0  4.4 5178
 10.6  1.9  7.5 46.5  8.1  1.2  2.9  2.9 13.9  8.5  0.8  0.2  0.8  3.7  0.2
  2.3  0.8  6.4 28.8  0.8  3.3231.0101.2 33.6 77.6 51.2 14.7  5.4  1.5  2.9
  2.1  1.9 21.1  6.4  8.3 38.8 13.3  6.8  0.6  1.7  2.1  3.5  5.2 14.1  1.7
  3.1  7.3  3.7  2.9  2.7 15.3 40.0 18.9  1.5  6.6 63.7 73.2  3.7146.6  7.3
  1.7  0.4  0.0  0.0  0.0  0.0  0.0  0.0  0.0  0.0  0.0  0.0  0.0  0.0  0.0
  0.0  0.0  0.0  1.5  1.0  1.5  2.1  0.8  0.0  0.0  0.0  0.0  0.4  0.2  0.8
  0.4  1.2  1.4  0.8  0.0  1.0  0.2  0.0  0.2  0.2  0.4  0.0  3.7  0.4  0.0
  6.2  0.8  0.6  7.5  4.4  1.4  6.0  4.4  0.0  0.0  0.0  0.0  0.0  0.0  0.0
  0.8  0.8  0.0  0.0  0.2  0.0  0.0 10.0  4.2  3.9 10.2 13.3  1.0  7.9  5.2
  0.2  1.7  1.4  1.0  1.0  1.2  0.0 29.4  9.8 17.8  1.7  2.3  7.5  1.9  0.0
     -0.29      2.92      0.97     -1.62      4.10  1.0  0.6  0.4  0.0  0.0
                                         4000_story_2880.txt 36.3  4.0 3173
 13.9  4.1 15.1 43.5  7.6  0.3  4.4  4.7 62.4 11.3  1.9  0.0  0.6  7.6  0.0
  1.9  1.6  2.8 28.4  0.6  5.0204.2 93.3 25.2 92.3 26.8 17.0  4.7  0.0  2.2
  0.0  0.9 21.4  6.0 12.6 42.5 12.6  7.6  1.6  2.2  3.5  3.8  4.4  8.2  1.3
  1.3  8.5  2.8  1.9  2.8 13.9 40.0 10.7  2.2  2.2 53.3 96.8  3.5155.1 10.1
  2.8  0.0  0.0  0.0  0.0  0.0  0.0  0.0  0.0  0.0  0.0  0.0  0.0  0.0  0.0
  0.0  0.0  0.0  1.3  1.3  3.8  0.6  0.9  0.0  0.0  0.0  0.0  0.6  0.3  0.3
  0.3  0.9  2.2  0.9  0.0  1.3  0.3  0.0  0.3  0.0  0.0  0.0  4.1  1.3  0.0
  6.9  0.9  0.9  8.8  4.7  1.9  6.6  5.4  0.0  0.0  0.0  0.0  0.0  0.0  0.0
  1.6  1.3  0.3  0.0  0.3  0.3  0.0  5.4  4.7  1.3  6.3 17.6  1.6  8.2  2.5
  0.6  3.2  1.6  0.3  1.6  0.6  0.0 33.7 11.3 19.9  3.5  4.7  9.5  2.5  0.0
      8.51      2.65     -3.92     -0.13      1.75  0.6  0.6  0.0  0.0  0.0
                                         4000_story_2881.txt 34.0  4.1 4909
 16.1  5.1  5.7 49.7  5.7  0.8  2.9  2.6 63.6 15.9  2.4  0.0  0.6  6.3  0.0
  2.6  1.0  4.1 28.1  1.0  3.7216.3110.6 28.5 77.8 18.3 11.0  6.9  1.2  3.3
  2.4  1.4 17.7  6.9 15.1 38.1 11.8  6.1  0.8  2.0  4.3  3.9  5.3  9.6  0.0
  0.8 11.4  3.5  2.9  2.4 14.5 43.0 10.4  2.0  6.9 53.8 87.6  4.1145.9  8.6
  1.6  0.4  0.0  0.0  0.0  0.0  0.0  0.0  0.0  0.0  0.0  0.0  0.0  0.0  0.0
  0.0  0.0  0.0  2.6  0.4  4.7  1.2  0.6  0.2  0.0  0.2  0.0  0.2  0.2  0.4
  0.6  0.8  1.6  0.6  0.0  0.8  0.2  0.0  0.2  0.8  0.2  0.2  3.3  2.2  0.0
  9.0  0.8  0.6 10.4  4.1  1.2  6.1  5.9  0.0  0.0  0.0  0.0  0.0  0.0  0.0
  0.8  0.4  0.2  0.0  0.0  0.2  0.0  3.9  2.4  1.8 10.2 20.6  1.0  9.8  6.7
  1.4  3.5  0.8  0.4  1.2  0.6  0.0 29.9 12.0 19.8  1.2  3.1 10.0  4.1  0.0
      5.87      1.04     -1.27     -0.38      1.40  0.6  0.2  0.2  0.0  0.0
                                         4000_story_2883.txt 35.0  3.9 5340
 13.1  3.6 32.0 73.4 14.0  1.5  3.0  2.2 47.6 14.0  1.9  0.0  0.6  4.3  0.2
  0.9  0.9  5.8 21.5  1.7  3.9281.1 74.7 24.5 69.5 31.1  8.4  8.4  0.9  1.5
  0.2  1.5 21.0  6.0  9.6 33.3 11.4  9.2  0.6  4.3  3.7  1.3  2.4  8.8  0.2
  1.5  8.1  1.7  1.5  3.4 18.7 35.4 10.5  2.6  2.6 56.4 92.7  3.9157.1  4.7
  1.5  0.0  0.0  0.0  0.0  0.0  0.0  0.0  0.0  0.0  0.0  0.0  0.0  0.0  0.0
  0.0  0.0  0.0  3.2  0.2  0.7  1.7  0.2  0.0  0.2  0.0  0.0  0.0  0.0  0.6
  0.6  1.1  0.7  0.4  0.0  0.4  0.0  0.4  0.0  0.2  0.0  0.0  2.2  0.9  0.0
  5.8  0.4  0.0  6.2  3.4  0.7  4.3  3.2  0.0  0.0  0.0  0.0  0.0  0.0  0.0
  0.6  1.1  0.7  0.0  0.0  0.2  0.0  3.6  2.8  0.6  6.6 11.4  2.4  9.7  2.4
  0.6  1.3  0.7  1.3  2.2  0.7  0.0 31.1 16.9 17.8  1.9  3.0  8.2  4.7  0.0
      5.74      1.12     -1.96      0.03     -0.14  0.0  0.0  0.2  0.0  0.0
                                         4000_story_2884.txt 32.3  4.5 3524
  7.4  1.4  0.0 20.1  0.0  0.0  1.4  2.0  0.0 13.3  0.0  0.0  0.9  4.3  1.7
  0.9  0.3  3.7 24.4  0.0  1.7250.0118.0 42.6 78.3 31.8 13.1  2.8  2.6  3.1
  2.6  1.7 32.6  6.2  9.9 30.1 15.9  1.4  0.3  0.3  2.0  5.7  2.8 20.1  0.9
  3.1  8.8  2.8  3.1  5.4  7.1 35.2 24.1  0.3  8.2 69.8 31.8  1.7125.7  6.2
  4.8  0.3  0.0  0.0  0.0  0.0  0.0  0.0  0.0  0.0  0.0  0.0  0.0  0.0  0.0
  0.0  0.0  0.0  0.3  0.9  3.4  0.0  0.0  1.1  0.0  0.0  0.0  0.3  0.0  1.7
  0.6  0.0  3.7  0.0  0.3  1.1  0.0  0.6  0.0  1.4  0.0  0.0  0.6  2.0  0.0
  4.5  1.1  0.3  6.0  6.0  2.0  9.4  2.6  0.0  0.0  0.0  0.0  0.0  0.0  0.0
  0.0  0.9  0.0  0.0  0.0  0.0  0.0  2.6  4.0  2.8 11.9 19.3  3.1  7.1 12.8
  1.4  2.8  0.0  1.1  1.1  0.9  0.9 27.8  4.5 10.2  2.6  2.8  2.0  1.7  0.0
     -8.16      1.30      2.84     -2.83      2.86  1.4  0.0  0.6  0.0  0.0
                                         4000_story_2887.txt 36.8  5.2 5157
  3.9  0.2  1.2 29.9  1.0  0.4  1.9  2.3  2.5  8.3  2.3  0.0  1.0  3.5  1.4
  1.0  0.0  6.0 19.4  0.0  3.3278.5128.8 56.6 49.3 38.0 11.1  1.4  3.7  1.7
  2.1  2.9 43.4  5.4  6.6 46.7  8.1  2.1  0.4  1.6  0.8  1.6  7.8  8.7  2.1
  2.5  9.3  1.6  2.3  3.1  8.9 33.2 13.4  0.0  7.6103.0 41.5  3.5105.3 10.7
  0.8  0.0  0.0  0.0  0.0  0.0  0.0  0.0  0.0  0.0  0.0  0.0  0.0  0.0  0.0
  0.0  0.0  0.0  0.0  0.2  0.8  1.2  0.0  0.0  0.0  0.0  0.0  0.0  0.0  0.0
  0.2  0.2  0.6  0.6  0.0  0.4  0.0  0.2  0.2  0.2  0.2  0.2  1.4  1.0  0.0
  2.1  0.0  0.0  2.1  1.6  0.8  2.5  2.7  0.0  0.0  0.0  0.0  0.0  0.0  0.0
  0.0  0.4  0.0  0.0  0.0  0.0  0.2  5.4  2.1  1.7 11.8 17.1  0.8  6.6  2.9
  0.4  2.9  0.8  1.2  0.8  1.9  0.4 18.4  4.3  7.6  1.2  2.3  8.1  2.1  0.0
    -12.94     -0.04      3.90     -4.28      5.00  1.2  0.2  0.0  0.0  0.0
                                         4000_story_2890.txt 34.8  4.4 4212
  8.8  1.2  0.9 35.1  3.8  0.0  1.7  4.3 26.8 11.4  0.7  0.2  0.9  3.1  0.0
  1.4  0.9  6.2 23.7  0.7  3.3237.2117.3 66.7 58.2 41.1 10.2  3.8  1.4  1.7
  0.9  2.6 30.2  6.9  6.4 49.4  9.0  4.7  0.0  3.1  0.9  0.9  9.7  7.4  0.9
  1.9  9.3  2.4  1.9  3.1 11.9 38.9 10.2  1.7  4.0107.8 71.7  2.4111.1  7.4
  1.7  0.2  0.0  0.0  0.0  0.0  0.0  0.0  0.0  0.0  0.0  0.0  0.0  0.0  0.0
  0.0  0.0  0.0  1.2  0.5  1.2  1.2  0.2  0.2  0.0  0.0  0.0  0.0  0.0  0.0
  0.5  0.0  1.2  1.2  0.0  0.2  0.5  0.2  0.0  0.2  0.2  0.2  1.7  0.7  0.0
  4.0  0.5  0.0  4.5  2.8  0.9  4.0  2.8  0.0  0.0  0.0  0.0  0.0  0.0  0.0
  0.0  0.5  0.2  0.0  0.0  0.0  0.0 10.2  1.7  1.4 11.4 12.1  0.9  5.7  5.5
  3.6  3.6  6.6  0.9  0.2  2.4  0.7 18.3  8.1 12.8  1.4  2.1  6.9  1.9  0.0
     -5.04      0.68     -0.09     -3.24      4.92  0.2  0.0  0.0  0.0  0.0
                                         4000_story_2891.txt 33.8  4.2 5584
 12.7  5.6  5.0 74.7 16.5  0.9  2.9  4.1 47.6 14.1  3.2  0.4  1.8  3.0  0.0
  2.1  1.4  6.3 23.3  0.4  3.6226.0104.0 56.9 41.9 25.4  7.3  8.4  2.1  1.3
  0.5  1.8 26.9  7.7  7.0 46.0  6.6  6.8  0.5  2.0  2.9  2.3  9.3  7.5  1.1
  1.8  5.9  3.6  3.0  5.7 15.9 33.3 10.4  1.8  3.9 91.3 89.5  3.4128.2  6.8
  0.5  0.2  0.0  0.0  0.0  0.0  0.0  0.0  0.0  0.0  0.0  0.0  0.0  0.0  0.0
  0.0  0.0  0.0  4.1  1.3  2.0  1.6  0.2  0.0  0.0  0.0  0.0  0.0  0.0  0.4
  0.4  0.4  0.0  0.2  0.0  0.4  0.0  0.0  0.0  0.2  0.0  0.5  3.4  0.7  0.0
  9.0  0.2  0.0  9.1  1.3  0.4  1.8  4.7  0.0  0.0  0.0  0.0  0.0  0.0  0.0
  0.2  0.7  0.2  0.0  0.0  0.0  0.2 12.2  1.6  0.9 10.7 13.3  1.4  6.3  7.2
  1.3  1.8  1.3  0.4  1.8  0.4  0.9 20.4 16.1 18.4  2.1  1.6  7.9  2.5  0.0
      3.59     -0.25     -0.99     -1.62      4.74  0.4  0.0  0.0  0.0  0.0
                                         4000_story_2893.txt 36.3  5.0 5159
  6.6  1.0  1.2 38.2  5.0  0.4  3.5  1.6  4.8 20.5  2.1  0.2  1.7  3.3  0.4
  1.0  0.4  3.5 20.0  0.4  2.9272.7122.1 50.2 51.6 28.3  8.9  4.1  1.0  2.5
  0.6  1.6 35.5  6.6  7.9 43.0  9.1  5.0  1.4  2.1  3.7  1.4  9.7 11.2  1.0
  1.7  6.6  4.8  1.9  2.1 12.2 30.4 14.0  0.8  4.1 90.1 38.2  2.7112.2  9.1
  0.8  0.0  0.0  0.0  0.0  0.0  0.0  0.0  0.0  0.0  0.0  0.0  0.0  0.0  0.0
  0.0  0.0  0.0  0.6  0.8  1.7  1.7  0.0  0.0  0.0  0.0  0.0  0.0  0.2  0.2
  0.6  0.6  0.0  0.2  0.0  0.4  0.0  0.0  0.2  0.2  0.0  0.2  1.4  0.8  0.0
  4.8  0.0  0.2  5.0  1.6  0.6  2.3  2.3  0.0  0.0  0.0  0.0  0.0  0.0  0.0
  0.0  0.2  0.0  0.0  0.0  0.0  0.0  5.2  4.7  2.3 14.7 20.2  1.7  7.8  2.7
  0.2  1.9  0.6  0.2  0.0  1.9  1.0 11.8  7.6 11.8  1.0  3.7  6.8  1.9  0.0
     -9.00     -0.31     -0.30     -1.70      5.44  1.0  0.0  0.0  0.0  0.0
                                         4000_story_2894.txt 33.0  4.4 3580
  6.4  1.1  5.0 35.5  4.2  0.0  3.1  2.0  5.3 14.5  0.8  0.0  0.8  2.8  1.1
  0.8  0.6  3.6 26.8  0.3  5.3234.1111.7 58.1 53.9 50.8  5.6  2.5  1.1  1.1
  0.3  2.5 19.0 14.5 12.8 55.0  8.7  3.1  0.6  2.5  1.4  4.7  7.8  6.7  0.8
  2.2  7.8  1.7  4.2  2.8  8.1 39.7  9.8  0.8  2.5106.7 60.3  0.3116.5 12.3
  1.4  0.0  0.0  0.0  0.0  0.0  0.0  0.0  0.0  0.0  0.0  0.0  0.0  0.0  0.0
  0.0  0.0  0.0  0.6  0.6  1.4  0.8  0.0  0.3  0.0  0.0  0.0  0.0  0.0  0.3
  0.0  0.8  0.8  0.8  0.0  0.0  0.0  0.3  0.0  0.6  0.0  0.0  0.0  0.3  0.0
  3.4  0.3  0.0  3.6  2.8  0.3  3.6  0.3  0.0  0.0  0.0  0.0  0.0  0.0  0.0
  0.0  0.8  0.0  0.0  0.0  0.0  0.0  5.3  0.8  1.1  7.3 21.8  1.7  6.4  3.6
  0.3  2.2  1.1  4.5  0.0  2.0  0.3 13.7  4.5 11.2  0.6  5.9  9.8  2.2  0.0
     -5.21     -0.16     -6.36     -1.99      3.64  0.3  0.0  0.0  0.0  0.0
                                         4000_story_2895.txt 39.3  5.0 5294
  6.8  0.6  0.8 56.9  3.0  0.6  3.0  4.3 14.2  9.3  1.5  0.4  0.4  2.5  0.2
  1.5  0.2  4.7 20.2  0.0  1.7292.4125.0 68.4 25.5 22.3  4.5  1.5  2.1  1.5
  0.8  2.3 34.2  4.0 11.3 40.6  5.7  2.6  0.2  1.9  1.1  1.3  7.0  5.5  1.9
  3.2  6.0  1.9  2.3  2.3  8.5 30.8 10.6  0.2  4.3109.2 39.5  2.3100.9  6.6
  0.9  0.2  0.0  0.0  0.0  0.0  0.0  0.0  0.0  0.0  0.0  0.0  0.0  0.0  0.0
  0.0  0.0  0.0  0.9  0.2  0.6  0.9  0.2  0.0  0.2  0.0  0.0  0.2  0.2  0.0
  0.2  0.2  0.9  0.8  0.0  0.4  0.0  0.2  0.0  0.0  0.4  0.6  1.9  0.8  0.0
  2.6  0.4  0.4  3.4  2.1  0.6  2.6  3.6  0.0  0.0  0.0  0.0  0.0  0.0  0.0
  0.2  0.2  0.0  0.2  0.0  0.0  0.0  2.8  2.5  4.0  9.8 11.9  1.1  4.9  7.4
  1.1  3.4  0.4  1.9  0.2  1.5  0.9 11.1  4.7  8.3  0.9  2.5  7.7  1.1  0.0
    -12.65     -2.75      0.08     -3.99      4.06  1.1  0.0  0.0  0.0  0.0
                                         4000_story_2896.txt 36.0  4.5 2291
 11.8  2.6  4.8 51.5 19.2  0.4  3.1  3.5 50.6  9.6  1.3  1.7  2.6  4.8  0.0
  5.7  2.2  3.1 18.8  0.0  2.6211.7111.3 54.6 58.1 40.2  7.4  8.3  1.3  1.3
  1.3  2.6 29.7 10.9  5.7 51.1  8.3  4.8  0.0  1.3  1.3  2.6  3.5  6.5  0.9
  2.6  2.2  2.2  1.7  4.8  9.2 26.6 10.0  2.2  3.9103.0110.0  2.2124.8  7.4
  0.4  0.9  0.0  0.0  0.0  0.0  0.0  0.0  0.0  0.0  0.0  0.0  0.0  0.0  0.0
  0.0  0.0  0.0  2.6  1.3  0.0  2.6  0.4  0.4  0.0  0.0  0.0  0.0  0.0  0.9
  0.0  0.0  0.0  1.7  0.0  0.0  0.0  0.0  0.0  0.9  0.0  0.4  1.7  0.4  0.0
  6.5  0.9  0.0  7.4  2.6  0.0  3.5  2.6  0.0  0.0  0.0  0.0  0.0  0.0  0.0
  1.7  0.4  0.0  0.0  0.0  0.0  0.0  8.3  4.4  3.9 11.8 10.0  2.6  3.5  2.6
  1.7  2.2  3.1  0.9  3.1  2.6  0.9 19.2 12.2 14.4  0.9  1.7  7.9  1.3  0.0
      2.96      0.93     -1.07     -3.20      1.06  0.4  0.4  0.0  0.0  0.0
                                         4000_story_2897.txt 33.3  4.4 2509
  6.4  0.4  1.2 72.1  0.8  0.0  3.2  4.4  5.2  8.8  3.2  0.4  1.2  2.8  1.2
  0.8  0.0  5.2 16.3  0.8  0.0242.3126.7 51.8 17.1 41.1  5.6  4.4  1.6  1.2
  1.6  4.4 34.7  4.4  9.6 53.0 12.0  6.0  0.4  2.8  3.2  1.6 11.2 14.3  2.0
  2.4  8.8  0.8  2.4  4.4 14.3 32.7 18.7  0.8  4.4 92.5 47.0  2.8107.6  4.0
  0.8  0.0  0.0  0.0  0.0  0.0  0.0  0.0  0.0  0.0  0.0  0.0  0.0  0.0  0.0
  0.0  0.0  0.0  0.8  0.8  0.4  0.4  0.0  0.4  0.0  0.0  0.0  0.0  0.0  0.0
  0.8  0.8  0.4  0.0  1.2  0.8  0.0  0.0  0.0  0.4  0.8  0.0  2.4  0.4  0.0
  2.4  0.4  0.0  2.8  2.0  2.0  4.4  3.6  0.0  0.0  0.0  0.0  0.0  0.0  0.0
  0.8  0.0  0.0  0.0  0.0  0.0  0.0  6.4  4.8  4.4 15.1 10.4  3.2  4.0  2.0
  1.6  3.2  2.4  0.0  0.0  2.8  1.6 19.1  9.2  9.6  0.8  2.8  6.0  0.8  0.0
     -8.83     -1.45      0.91     -1.63      7.83  2.8  0.4  0.0  0.0  0.0
                                         4000_story_2898.txt 31.3  4.1 2803
 11.1  6.4 13.2 81.7 18.6  3.6  2.9  2.9 57.1 20.0  2.9  0.7  1.4  3.9  0.7
  2.5  0.4  4.3 21.8  0.4  4.6227.6 92.0 46.4 45.3 19.3  5.7  8.6  0.7  0.4
  0.4  2.1 22.5 16.8 13.9 54.6  8.6  6.4  0.0  4.6  1.1  1.4 10.0  5.7  0.4
  3.2  5.4  2.1  0.7  6.1 11.8 34.6  9.3  0.7  1.4 82.8 94.9  1.4143.1  7.8
  0.0  0.0  0.0  0.0  0.0  0.0  0.0  0.0  0.0  0.0  0.0  0.0  0.0  0.0  0.0
  0.0  0.0  0.0  2.5  0.7  3.9  1.8  0.0  0.0  0.0  0.0  0.0  0.0  0.0  0.0
  0.0  1.1  1.8  0.7  0.0  1.1  0.4  0.0  0.0  0.0  0.0  0.0  1.4  0.0  0.0
  8.9  0.0  0.0  8.9  3.6  1.4  5.0  1.4  0.0  0.0  0.0  0.0  0.0  0.0  0.0
  0.0  0.0  0.4  0.0  0.0  0.0  0.0  9.6  5.4  0.7 10.3 23.9  2.9  5.7  3.9
  0.4  2.9  7.1  1.1  1.8  0.7  0.4 25.3 10.7 12.5  1.1  1.1 11.1  3.6  0.0
      6.05     -0.70     -7.73     -1.89      4.79  0.7  0.0  0.4  0.0  0.0
                                         4000_story_2899.txt 37.8  4.3 2630
  9.1  4.6  1.1 79.8 34.2  1.9  4.2  3.4 42.2 11.0  1.9  1.1  0.4  3.8  0.0
  2.3  3.0  4.9 20.9  0.0  1.5260.8104.6 42.2 28.1 19.8  6.8  6.1  0.4  1.5
  0.0  1.5 21.7  5.3  9.1 43.0  5.3  7.2  1.5  4.2  2.7  1.5  6.5  6.8  0.0
  1.9  3.4  5.7  4.2  4.9 14.8 31.2  8.7  3.0  1.9 77.2 96.2  1.9121.3  9.1
  0.0  0.0  0.0  0.0  0.0  0.0  0.0  0.0  0.0  0.0  0.0  0.0  0.0  0.0  0.0
  0.0  0.0  0.0  3.4  0.0  0.8  1.1  0.4  0.0  0.0  0.0  0.0  0.0  0.0  0.4
  0.0  0.4  0.0  0.0  0.0  0.4  0.0  0.0  0.4  0.4  0.4  0.0  1.1  0.4  0.0
  5.3  0.4  0.0  5.7  0.8  0.8  1.9  1.9  0.0  0.0  0.0  0.0  0.0  0.0  0.0
  0.4  0.4  0.0  0.0  0.0  0.0  0.0  7.2  4.6  0.4  6.8 25.9  4.9  7.2  9.9
  5.3  1.1  0.8  0.8  2.7  1.1  0.0 16.7 11.8  9.1  2.3  1.9  6.1  1.9  0.0
      4.27     -1.48     -2.62     -0.62      2.06  0.8  0.8  1.1  0.0  0.0
                                         4000_story_2900.txt 35.0  4.6 5633
  7.8  2.3  1.4 33.7  4.8  0.4  2.5  2.7 21.7  8.7  1.4  0.0  1.1  3.2  0.4
  1.6  1.2  3.4 23.8  0.4  2.5269.5126.0 79.7 43.5 18.5  4.4  2.3  1.6  0.5
  0.7  3.2 28.6  7.1  8.9 40.8  6.7  1.1  0.7  2.7  1.2  2.1  6.9  6.7  1.1
  2.5  5.1  1.6  1.6  1.2  5.7 34.8 10.3  1.6  2.8121.2 44.9  1.4 98.3  7.6
  0.2  0.2  0.0  0.0  0.0  0.0  0.0  0.0  0.0  0.0  0.0  0.0  0.0  0.0  0.0
  0.0  0.0  0.0  0.9  0.2  3.0  0.4  0.5  0.0  0.0  0.0  0.0  0.0  0.0  0.2
  0.2  0.4  0.4  0.2  0.0  0.0  0.2  0.0  0.0  0.2  0.2  0.4  1.6  0.2  0.0
  4.4  0.5  0.0  5.0  1.2  0.2  1.6  2.3  0.0  0.0  0.0  0.0  0.0  0.0  0.0
  0.2  0.0  0.0  0.0  0.0  0.0  0.0  8.7  3.0  2.3 14.4 19.0  3.2  4.1 10.1
  2.0  2.3  2.5  0.9  3.0  2.5  0.4 13.5  5.3  9.8  0.9  3.0  8.7  2.8  0.0
     -8.64     -2.20     -0.97     -3.47      3.34  0.5  0.0  0.2  0.0  0.0
                                         4000_story_2901.txt 35.5  4.6 4948
 10.7  2.6  4.4 55.6  9.5  2.0  5.1  5.3 31.1 16.2  1.4  1.0  1.6  4.9  0.2
  1.0  0.6  5.5 26.7  0.4  6.9280.5108.3 44.1 37.4 19.6  8.3  2.6  2.0  1.0
  0.0  2.0 17.8  7.7 20.0 48.7  5.5  3.4  0.0  1.8  1.8  1.6 11.7  4.2  0.6
  1.6  7.3  2.8  2.0  3.2 10.7 38.8  6.5  1.0  3.0 82.3 60.2  2.0109.5  8.3
  1.0  0.0  0.0  0.0  0.0  0.0  0.0  0.0  0.0  0.0  0.0  0.0  0.0  0.0  0.0
  0.0  0.0  0.0  1.0  0.4  1.6  1.4  0.0  0.0  0.0  0.0  0.0  0.0  0.0  0.0
  0.0  0.4  0.8  0.2  0.0  0.2  0.0  0.0  0.0  0.2  0.2  0.2  5.1  0.6  0.0
  4.4  0.0  0.0  4.4  1.4  0.2  1.8  6.1  0.0  0.0  0.0  0.0  0.0  0.0  0.0
  0.0  0.2  0.0  0.0  0.0  0.0  0.0  4.4  2.0  2.0 11.5 16.0  2.6  6.7 14.6
  4.6  1.8  1.2  1.0  0.6  1.0  0.4 20.4  5.5 13.5  0.4  1.8  7.7  1.6  0.0
      1.36     -1.55     -6.20     -3.45      5.33  0.2  0.0  0.0  0.0  0.0
                                         4000_story_2902.txt 33.8  4.2 4493
 10.7  2.2 13.6 67.2 21.8  0.4  1.8  3.1 27.6 10.2  2.4  0.0  0.2  3.1  0.4
  1.3  1.6  5.8 17.4  0.7  2.0231.7104.4 24.7 68.3 64.5 13.1  8.0  1.3  3.8
  1.3  2.9 22.5  6.9  7.8 35.6 12.7 13.4  1.6  5.1  1.6  3.1  4.5  6.7  0.9
  3.1  6.9  1.8  1.8  4.2 20.7 32.3 10.7  2.2  6.5 50.7114.0  2.4155.4 10.0
  2.0  0.0  0.0  0.0  0.0  0.0  0.0  0.0  0.0  0.0  0.0  0.0  0.0  0.0  0.0
  0.0  0.0  0.0  4.0  0.4  2.0  1.6  0.2  0.0  0.0  0.0  0.0  0.2  0.2  2.0
  0.2  1.1  2.9  1.1  0.0  0.7  0.2  0.0  0.0  0.2  0.0  0.0  1.1  0.9  0.0
  8.0  0.2  0.4  8.7  7.3  0.9  8.5  2.0  0.0  0.0  0.0  0.0  0.0  0.0  0.0
  0.7  0.7  0.0  0.0  0.0  0.2  0.2 24.0  1.8  2.2  7.8 14.5  2.2  4.7  2.9
  3.8  4.2  0.4  1.1  2.4  1.6  0.0 36.9 16.7 14.9  1.3  3.3  9.8  3.6  0.0
      0.54      3.40      1.21      1.39      1.86  0.4  0.0  0.2  0.0  0.4
                                         4000_story_2903.txt 32.0  4.6 2395
 11.3  0.8  1.7 81.8  0.0  0.4  1.7  3.8 18.0  9.2  1.3  1.7  0.4  2.5  0.4
  2.5  0.0  5.4 18.8  0.0  0.4248.4127.3 47.2 15.0 47.6  6.7  1.3  6.3  6.7
  3.3  4.6 48.0  5.0  2.9 37.2 10.4  3.8  0.4  3.3  2.5  4.2  4.2  9.6  1.3
  1.3  5.8  2.9  5.8  7.5 11.7 34.2 12.1  0.0 16.3 82.3 65.6  2.5109.0  4.6
  1.3  0.4  0.0  0.0  0.0  0.0  0.0  0.0  0.0  0.0  0.0  0.0  0.0  0.0  0.0
  0.0  0.0  0.0  1.3  0.8  0.4  2.5  0.0  0.4  0.0  0.0  0.4  0.0  0.0  0.4
  0.0  1.3  1.7  0.8  0.0  2.1  0.0  0.4  0.0  0.4  0.4  0.4  2.9  1.3  0.0
  5.0  0.4  0.4  5.8  4.2  2.5  7.1  5.0  0.0  0.0  0.0  0.0  0.0  0.0  0.0
  0.0  0.4  0.0  0.0  0.0  0.0  0.4 10.0  7.1  6.7 16.7  7.5  1.7  8.8  6.7
  1.3  2.9  0.4  0.0  1.3  0.8  0.8 16.3  4.6 15.9  2.1  2.5  5.8  0.8  0.0
     -8.20     -1.60     11.67     -1.19      1.81  1.3  0.8  0.0  0.0  0.0
                                         4000_story_2907.txt 33.8  4.0 2020
 17.8  5.4 37.1 82.7 22.8  3.0  4.0  6.9 37.6 17.8  2.0  0.0  0.5  5.0  2.0
  1.5  1.5 10.4 14.4  2.0  2.5227.7 77.2 28.2 65.8 49.5 17.3 11.4  0.0  1.0
  0.5  0.5 14.4  4.0 11.9 51.0 10.9 12.4  0.0  3.0  3.5  3.0  6.4  8.4  0.5
  0.5  5.4  0.5  1.0  3.5 26.2 23.3  9.4  3.5  1.5 57.4109.9  5.9157.9  7.9
  0.0  0.5  0.0  0.0  0.0  0.0  0.0  0.0  0.0  0.0  0.0  0.0  0.0  0.0  0.0
  0.0  0.0  0.0  1.5  0.0  3.0  2.0  0.0  0.5  0.5  0.0  0.0  0.5  0.0  0.0
  0.0  1.5  1.0  0.0  0.5  0.0  0.0  0.0  0.0  0.0  0.0  0.0  3.0  2.0  0.0
  6.4  1.0  0.5  7.9  2.5  0.5  3.0  5.0  0.0  0.0  0.0  0.0  0.0  0.0  0.0
  1.0  1.0  0.0  0.0  0.0  0.5  0.0  7.4  1.0  1.5  5.4 11.9  2.0  3.5  6.9
  9.9  2.5  8.9  0.0  0.5  0.0  0.0 36.6 13.9 25.2  2.0  3.0 11.4  4.5  0.0
     12.94      4.08     -4.42      0.53      2.21  0.0  0.0  0.0  0.0  0.0
                                         4000_story_2908.txt 33.3  4.1 5109
 17.0  5.9 29.6 71.1 16.1  1.0  2.7  5.3 32.9 15.1  2.3  1.6  0.2  4.5  0.8
  1.8  1.0  7.4 17.8  2.2  2.9206.1 97.5 28.2 74.6 63.0 11.7 11.2  0.4  1.2
  0.6  3.7 13.9  6.3 11.2 48.5 16.2 14.7  0.8  5.3  3.7  3.1  6.3  5.3  0.0
  1.8  6.7  3.7  1.4  4.3 25.8 35.0  7.0  3.1  2.2 60.7112.0  4.9161.9  6.9
  2.2  0.2  0.0  0.0  0.0  0.0  0.0  0.0  0.0  0.0  0.0  0.0  0.0  0.0  0.0
  0.0  0.0  0.0  2.5  2.0  2.9  3.3  0.4  0.0  0.0  0.0  0.0  0.4  0.6  0.6
  0.2  2.2  1.2  0.4  0.0  0.8  0.0  0.0  0.4  0.6  0.4  0.4  6.5  0.8  0.0
 10.8  0.4  1.0 12.1  4.5  1.2  6.3  8.0  0.0  0.0  0.0  0.0  0.0  0.0  0.0
  2.5  1.2  0.4  0.0  0.0  0.0  0.2  6.5  3.3  2.7  5.5 13.7  2.5  7.0  4.1
  6.7  2.2  1.4  0.6  1.8  0.4  0.2 33.1 18.2 25.1  1.2  2.0 10.6  4.5  0.0
      8.81      3.85     -3.16      2.57      1.66  0.6  0.0  0.0  0.0  0.4
                                         4000_story_2910.txt 31.5  4.0 4916
 21.8  7.5 18.9 66.1 17.9  1.2  2.6  6.5 36.4 16.9  2.4  1.0  0.2  4.5  0.8
  3.5  0.8  7.9 14.4  0.4  2.0195.3 85.8 26.9 78.3 76.3  8.7  7.3  0.6  1.2
  0.2  5.3 10.0  7.1 13.8 49.6  9.8 10.6  1.2  3.7  3.3  3.3  6.7  3.9  0.4
  1.0  6.1  1.8  2.8  5.7 21.8 30.5  5.3  1.2  2.0 65.7130.6  5.5156.4  9.0
  1.8  0.4  0.0  0.0  0.0  0.0  0.0  0.0  0.0  0.0  0.0  0.0  0.0  0.0  0.0
  0.0  0.0  0.0  1.0  1.8  4.9  2.8  1.4  0.2  0.0  0.0  0.0  0.0  0.2  0.4
  0.4  1.8  0.6  0.2  0.0  1.0  0.4  0.2  0.2  0.4  0.2  0.0  6.9  1.2  0.0
 10.6  1.6  0.2 12.4  3.5  1.8  5.7  8.3  0.0  0.0  0.0  0.0  0.0  0.0  0.0
  0.4  0.6  0.4  0.0  0.0  0.0  0.2 10.2  2.4  1.4  5.9 18.7  1.0  4.7  3.1
  4.5  2.6  1.0  1.2  0.4  0.4  0.0 30.9 14.6 30.7  1.6  3.9 10.0  2.2  0.0
      8.29      3.28     -4.14      0.82      1.80  0.6  0.2  0.2  0.0  0.0
                                         4000_story_2911.txt 27.3  4.0 4688
 13.0  5.5 33.3 72.3 16.4  2.1  6.6  5.1 59.7 17.1  3.2  1.3  0.2  6.0  0.6
  2.8  1.5  7.7 17.1  0.6  2.1197.3 85.8 27.9 81.3 57.0 10.9  9.6  0.2  1.9
  0.4  1.9 19.8  6.0 10.7 45.2 16.0 13.2  3.2  6.0  3.6  2.8  4.3  6.6  1.1
  1.7  6.2  1.5  0.6  6.6 24.5 32.4  9.4  2.1  2.6 59.1133.1  4.3170.2  6.4
  2.1  0.2  0.0  0.0  0.0  0.0  0.0  0.0  0.0  0.0  0.0  0.0  0.0  0.0  0.0
  0.0  0.0  0.0  2.1  0.9  1.9  2.1  0.4  0.0  0.2  0.0  0.0  0.0  0.0  0.9
  0.2  3.2  1.7  0.9  0.2  0.9  0.2  0.0  0.4  0.2  0.0  0.0  6.8  1.3  0.0
  7.0  0.6  0.0  7.7  6.8  1.7  8.7  8.1  0.0  0.0  0.0  0.0  0.0  0.0  0.0
  1.3  0.9  0.4  0.0  0.0  0.0  0.4 16.4  0.6  3.6  6.6  8.1  3.4  6.4  4.3
  2.6  0.4  2.6  0.6  3.0  0.2  0.2 34.6 16.4 21.5  2.6  3.6  7.0  1.9  0.0
     11.75      3.35     -2.88      3.13      1.41  1.5  0.2  0.0  0.0  0.0
                                         4000_story_2912.txt 29.8  4.1 3348
 17.0  5.1 20.9 57.6 12.8  1.2  2.7  6.3 18.2 20.3  3.3  0.3  0.6  6.6  1.5
  6.0  0.6  5.4 21.2  2.4  2.1224.0 82.1 26.6 90.2 70.8 13.4  9.3  0.3  3.0
  0.0  4.5 13.7  5.7 10.5 42.7 15.5 14.9  0.9  4.5  2.4  4.5  4.5  7.2  0.3
  2.1  5.4  2.1  1.8  6.6 22.7 35.8  9.6  3.0  3.3 65.4101.9  5.7166.7  7.5
  1.2  0.3  0.0  0.0  0.0  0.0  0.0  0.0  0.0  0.0  0.0  0.0  0.0  0.0  0.0
  0.0  0.0  0.0  1.8  1.8  3.6  0.0  0.3  0.3  0.3  0.0  0.3  0.0  0.0  1.5
  0.6  1.5  0.9  0.3  0.3  0.9  0.0  0.0  0.0  1.5  0.0  0.0  6.9  1.5  0.0
  7.2  0.9  0.3  8.4  4.8  1.2  7.5  8.4  0.0  0.0  0.0  0.0  0.0  0.0  0.0
  0.0  0.6  0.3  0.0  0.0  0.0  0.0 11.1  1.5  2.1  7.2  9.3  0.6  7.8  5.1
  4.5  3.6  1.2  0.0  1.2  0.3  0.0 36.1 14.9 27.5  1.2  1.5 11.1  3.6  0.0
     10.22      4.69     -1.87      2.21      1.16  0.3  0.3  0.0  0.0  0.0
                                         4000_story_2916.txt 32.0  4.0 2288
 17.0  5.7 32.3 81.3 30.6  2.2  4.8  3.9 40.6 13.1  3.1  0.0  1.7  3.5  0.9
  3.1  3.9  5.2 14.9  1.3  3.9218.1 87.0 25.8 74.7 60.8  8.7  7.9  0.0  0.9
  0.0  7.0 11.8  9.6 12.7 40.2 13.5 12.7  0.4  3.1  2.6  2.2  5.2  3.5  0.0
  1.3  5.2  0.9  1.7  9.6 20.5 30.2  4.8  5.2  0.9 61.6132.0  3.9165.6  6.1
  1.7  0.0  0.0  0.0  0.0  0.0  0.0  0.0  0.0  0.0  0.0  0.0  0.0  0.0  0.0
  0.0  0.0  0.0  0.4  2.6  2.6  1.7  0.4  0.0  0.0  0.0  0.0  0.0  0.0  0.0
  0.4  4.8  1.7  0.9  0.0  0.4  0.4  0.0  0.4  0.0  0.0  0.0  4.4  0.0  0.0
  7.4  0.4  0.0  7.9  7.9  1.3  9.2  4.4  0.0  0.0  0.0  0.0  0.0  0.0  0.0
  1.3  0.0  0.0  0.0  0.0  0.0  0.4 12.7  1.7  0.9  6.1 10.9  0.9  8.7 14.0
  5.7  4.4  2.2  0.4  0.4  0.4  0.0 31.5 13.5 29.7  0.4  4.8 12.2  3.1  0.0
     14.30      2.57     -3.94      0.07      0.60  0.4  0.0  0.0  0.0  0.0
                                         4000_story_2919.txt 30.8  4.2 3122
 14.4  4.8  9.3 48.7  9.3  1.9  1.3  3.5 16.7 17.3  1.0  1.0  0.3  5.1  0.3
  1.0  0.6  7.0  7.7  0.3  1.6228.7 98.7 35.2 73.4 80.7 20.2  3.8  1.0  1.0
  0.3  4.8 22.4  8.3  7.0 44.2  9.0  7.0  1.3  5.4  1.6  3.8  4.2  4.8  1.0
  1.3  6.4  3.5  1.6  6.4 15.7 25.3  7.0  1.0  2.2 75.6106.7  6.1131.6  4.2
  3.2  0.3  0.0  0.0  0.0  0.0  0.0  0.0  0.0  0.0  0.0  0.0  0.0  0.0  0.0
  0.0  0.0  0.0  2.6  1.3  3.5  1.3  2.6  0.0  0.0  0.0  0.0  0.3  0.3  0.6
  0.3  0.6  0.0  0.3  0.0  0.3  1.3  0.3  0.3  0.3  0.3  0.6  4.8  0.0  0.0
  8.6  2.6  0.6 11.9  1.9  2.2  4.5  5.8  0.0  0.0  0.0  0.0  0.0  0.0  0.0
  0.3  0.0  0.0  0.0  0.0  0.0  0.3 16.7  1.3  2.9  6.7 13.1  1.6  7.0 13.5
  3.5  4.8  5.8  1.3  1.3  0.3  0.0 24.3  9.0 21.1  1.0  3.5  9.0  1.9  0.0
     -1.86      4.86     -1.32      0.26      0.86  1.3  0.3  0.3  0.0  0.0
                                         4000_story_2920.txt 32.5  4.1 2693
 18.6  8.5 26.4 68.0 26.4  0.7  1.9  2.6 44.6 16.3  3.7  0.0  0.7  8.9  0.4
  2.6  0.4  6.3 18.6  0.7  3.0205.0 92.5 26.0 77.2 54.2 17.1 11.5  0.4  1.1
  0.0  4.1 15.2  4.8  8.5 50.1 13.0 18.6  1.1  7.1  4.8  4.1  8.9  7.8  1.1
  2.2  4.8  3.3  2.2  4.5 29.7 34.5 11.1  1.1  1.5 53.8125.1  6.3163.0  6.3
  2.6  0.4  0.0  0.0  0.0  0.0  0.0  0.0  0.0  0.0  0.0  0.0  0.0  0.0  0.0
  0.0  0.0  0.0  2.2  3.3  5.6  1.9  0.0  0.4  0.0  0.0  0.0  0.0  0.0  0.7
  1.9  0.7  3.0  0.7  0.0  1.1  0.0  0.0  0.0  1.5  0.0  0.0  3.3  0.4  0.0
 13.0  0.4  0.0 13.4  7.1  1.1  9.7  3.7  0.0  0.0  0.0  0.0  0.0  0.0  0.0
  0.0  0.4  0.4  0.0  0.0  0.0  0.4 17.5  8.9  1.1  9.3  9.3  1.1 10.0  8.5
  2.6  0.7  1.1  0.0  2.2  0.4  0.0 37.1 18.2 25.3  2.2  3.0 10.0  5.2  0.0
      9.19      4.64     -2.42      5.31      4.70  1.9  0.4  0.4  0.0  0.0
                                         4000_story_2921.txt 32.0  4.0 3384
 26.3  8.3  5.9 68.6 11.5  1.2  2.7  3.8 67.1 22.2  2.7  1.2  0.0  7.7  0.6
  2.4  0.3  8.0 16.0  0.9  0.6173.2 83.6 28.1 81.3 64.1 22.8  5.9  0.9  1.8
  0.0  4.1 15.7  9.5  7.7 37.8 11.5  9.5  1.2  3.8  5.6  4.7  2.1  7.1  0.6
  1.5  5.9  8.0  3.0  5.9 23.0 31.0  9.2  1.2  2.7 55.9142.7  3.0161.1  5.3
  2.4  2.1  0.0  0.0  0.0  0.0  0.0  0.0  0.0  0.0  0.0  0.0  0.0  0.0  0.0
  0.0  0.0  0.0  3.3  2.4  8.6  3.5  1.5  0.3  0.0  0.0  0.0  0.0  0.3  0.9
  1.2  2.4  1.5  0.3  0.0  0.6  0.0  0.6  0.0  1.5  0.3  0.0  5.9  1.2  0.0
 17.7  1.8  0.3 19.8  6.2  1.2  8.9  7.4  0.0  0.0  0.0  0.0  0.0  0.0  0.0
  0.0  0.6  0.3  0.0  0.0  0.0  0.0  9.8  3.0  3.0  9.2 10.0  2.7  8.9  4.7
  3.3  2.1  3.0  1.5  0.6  0.9  0.0 25.4 13.9 42.6  3.5  4.1  8.3  2.7  0.0
     10.25      5.27     -2.11      2.34     -0.33  1.5  0.0  0.3  0.0  0.0
                                         4000_story_2924.txt 32.5  4.3 2731
 17.9  5.9 21.2 51.3  9.5  1.1  1.8  1.5 27.5 23.4  2.6  1.8  1.1  4.0  0.7
  3.7  0.4  7.0 15.4  0.7  1.1213.8 81.7 44.7 97.0 69.2 17.2 16.1  0.0  3.3
  0.0  2.6 18.3  5.1  9.5 49.4 12.8 13.2  2.2  5.5  1.8  4.0  7.3  5.1  0.0
  1.5  4.8  5.1  2.9  7.0 22.0 30.0  6.6  1.1  3.3 79.5106.2  3.3161.8 11.0
  1.1  0.7  0.0  0.0  0.0  0.0  0.0  0.0  0.0  0.0  0.0  0.0  0.0  0.0  0.0
  0.0  0.0  0.0  4.4  1.5  2.9  3.3  0.4  0.7  0.0  0.0  0.0  0.4  0.0  0.4
  0.7  1.1  1.1  0.7  0.0  0.7  0.4  0.0  0.0  0.7  0.0  0.0  6.2  1.5  0.0
 12.1  1.1  0.4 13.5  4.0  1.1  5.9  7.7  0.0  0.0  0.0  0.0  0.0  0.0  0.0
  2.9  1.1  0.7  0.0  0.0  0.0  0.4 14.3  3.3  2.6  3.7 13.2  1.8  6.2  4.0
  4.0  1.8  1.8  0.0  1.8  1.1  0.0 26.4 20.1 27.8  1.5  2.6  9.2  4.0  0.0
      3.62      6.83     -2.23      2.22      2.20  0.7  0.4  0.0  0.0  0.0
                                         4000_story_2926.txt 35.3  4.1 4400
 20.5  6.6 19.5 53.6  6.6  1.1  1.4  3.9 51.8 24.1  2.7  0.9  0.0  5.0  0.9
  1.4  0.2  5.9 12.3  1.6  1.1213.2 94.3 39.1 75.9 52.5 11.4  6.4  0.7  1.8
  0.7  6.8 15.9  5.2 10.5 46.4 13.4  8.9  0.5  3.9  1.6  2.5  3.4  6.4  0.2
  1.6  7.0  2.3  2.5  5.0 16.4 30.9  8.2  1.8  3.2 80.5110.9  2.7150.0  7.5
  2.0  0.0  0.0  0.0  0.0  0.0  0.0  0.0  0.0  0.0  0.0  0.0  0.0  0.0  0.0
  0.0  0.0  0.0  2.0  1.6  3.0  2.5  0.5  0.2  0.2  0.0  0.0  0.0  0.2  0.2
  0.0  2.7  1.4  0.2  0.5  0.7  0.7  0.9  0.0  0.9  0.0  0.7  3.9  1.4  0.0
  9.1  0.9  0.2 10.2  4.5  2.7  8.2  5.9  0.0  0.0  0.0  0.0  0.0  0.0  0.0
  1.1  0.5  0.2  0.0  0.0  0.2  0.0  5.0  1.6  1.6 11.4 18.4  3.0  8.6  3.2
  2.5  3.6  3.6  1.4  1.1  0.5  0.5 35.5 13.6 27.7  1.8  2.5 11.1  1.8  0.0
      4.06      2.47     -0.67     -0.83      0.16  1.4  0.5  0.2  0.0  0.0
                                         4000_story_2927.txt 27.3  4.2 2777
 16.2  3.2  6.1 78.9 21.2  3.2  1.8  5.8 31.3 16.2  2.9  3.2  0.0  7.2  0.4
  7.9  1.4  8.6 18.0  0.7  2.5211.0 68.1 40.0 70.9 55.1 10.4  9.0  0.0  3.6
  0.4  6.5 16.6  4.7  7.2 43.9 15.5 14.0  1.4  6.1  2.9  3.2  5.0  3.6  0.4
  0.7  5.4  2.5  0.7  2.9 25.6 39.3  4.7  2.2  4.0 69.1107.7  4.0161.7  7.2
  1.1  0.0  0.0  0.0  0.0  0.0  0.0  0.0  0.0  0.0  0.0  0.0  0.0  0.0  0.0
  0.0  0.0  0.0  1.4  0.7  4.0  0.7  0.4  0.0  0.0  0.0  0.0  0.0  0.0  0.4
  0.0  5.0  0.0  0.7  0.0  2.2  0.0  0.0  0.0  0.0  0.0  0.0  6.5  0.4  0.0
  6.8  0.4  0.0  7.2  6.1  2.2  8.3  6.8  0.0  0.0  0.0  0.0  0.0  0.0  0.0
  1.1  0.0  0.0  0.0  0.0  0.0  0.0 12.2  1.1  1.4  5.4 14.0  1.1  4.0  2.5
  2.5  4.3  1.4  7.9  0.4  0.0  0.0 23.8 27.7 31.7  0.7  5.8 11.2  3.2  0.0
     12.19      2.73      0.70      2.65      0.58  1.1  0.0  0.0  0.4  0.0
                                         4000_story_2929.txt 32.5  4.2 4693
 12.4  5.5 18.8 65.2 12.6  2.6  4.5  4.7 25.8 19.4  1.7  0.6  0.2  4.7  0.2
  1.7  0.9  6.4 14.9  1.7  3.0206.5 90.3 35.4 77.8 68.8 16.2  9.6  0.2  1.9
  0.2  4.9 20.9  6.6 10.2 50.1 16.8  8.1  0.9  3.8  2.3  3.4  5.8  7.9  0.4
  1.1  6.6  3.4  2.8  6.0 16.8 30.9  9.4  2.6  2.3 73.9107.2  4.0163.9  7.2
  2.8  0.4  0.0  0.0  0.0  0.0  0.0  0.0  0.0  0.0  0.0  0.0  0.0  0.0  0.0
  0.0  0.0  0.0  3.0  1.1  3.8  2.8  0.2  0.0  0.2  0.0  0.2  0.2  0.0  0.6
  0.6  2.6  0.6  0.6  0.2  0.9  0.4  0.4  0.2  0.4  0.4  0.0  4.9  1.1  0.0
 10.7  0.4  0.4 11.5  5.1  2.1  7.7  6.4  0.0  0.0  0.0  0.0  0.0  0.0  0.0
  2.6  0.4  0.2  0.0  0.0  0.0  0.9  5.3  3.2  3.0  8.5  9.4  0.6  9.8  5.1
  2.1  1.1  3.4  1.1  0.6  0.6  0.4 32.0 15.3 21.3  3.0  2.6  8.1  2.1  0.0
      5.49      4.78     -2.22     -0.18      1.84  0.2  0.2  0.2  0.0  0.0
                                         4000_story_2933.txt 33.8  4.1 2671
 14.2  3.4 13.5 89.9 43.4  1.5  9.0  1.5 38.9 11.2  2.6  0.4  2.2  4.9  0.0
  1.9  0.4  6.4 24.7  1.1  1.9192.8 98.1 39.3 37.1 21.0 14.6  4.5  2.2  3.0
  1.1  3.4 31.4  6.7  6.0 40.1 12.0  7.5  0.7  4.5  2.6  1.9  4.9  2.2  0.4
  1.5  5.6  2.6  3.7  6.0 16.5 38.6  4.1  1.5  6.4 70.8103.3  2.6140.4  8.2
  4.5  0.4  0.0  0.0  0.0  0.0  0.0  0.0  0.0  0.0  0.0  0.0  0.0  0.0  0.0
  0.0  0.0  0.0  1.9  0.7  1.5  1.1  0.0  0.4  0.4  0.0  0.0  0.4  0.0  0.4
  0.0  2.6  1.1  0.4  0.0  0.4  0.0  0.4  0.0  0.4  0.0  0.4  1.1  0.4  0.0
  5.2  0.7  0.4  6.4  4.5  0.7  5.6  1.9  0.0  0.0  0.0  0.0  0.0  0.0  0.0
  0.0  0.7  0.0  0.0  0.0  0.0  0.4 18.3  4.1  1.5 15.0 20.6  3.4  2.6  1.9
  0.7  1.1  3.0  2.2  0.7  0.7  0.0 32.6  9.0 16.8  1.5  2.2  9.0  2.6  0.0
      8.10      0.06      2.28     -0.54      0.53  1.1  0.7  0.0  0.0  0.0
                                         4000_story_2934.txt 31.3  4.4 2033
 19.7  4.9  2.5 58.0  5.9  0.0  5.4  3.4 49.2 13.8  3.4  0.5  0.5  6.4  0.5
  2.0  1.5  8.9 31.0  1.5  0.0180.5 97.9 44.8 63.5 50.7 15.2  7.9  4.9  3.0
  0.0  2.5 28.5  4.4  4.9 49.2 11.3 10.8  1.5  3.0  1.5  2.5  5.4  8.9  1.0
  2.0  5.9  7.9  3.0  8.4 21.2 42.8 11.8  3.0  7.9 87.6105.8  3.4136.7  7.4
  3.4  1.5  0.0  0.0  0.0  0.0  0.0  0.0  0.0  0.0  0.0  0.0  0.0  0.0  0.0
  0.0  0.0  0.0  2.0  0.5  6.9  2.5  0.5  1.0  0.0  0.0  0.0  0.0  0.5  1.0
  0.0  1.0  0.0  0.0  0.0  0.0  0.0  0.0  0.0  2.0  0.0  0.5  3.0  0.5  0.0
 11.8  1.5  0.5 13.8  2.0  0.0  3.9  3.9  0.0  0.0  0.0  0.0  0.0  0.0  0.0
  1.5  0.0  0.0  0.0  0.0  0.0  0.0 15.2  6.9  1.5 13.3 14.3  6.9  2.5  3.4
  0.0  0.0  2.5  0.5  0.0  2.0  0.5 19.2 12.8 27.1  1.5  3.0  7.9  3.4  0.0
      8.14      3.00      2.73     -0.52      2.49  1.0  0.0  0.5  0.0  0.0
                                         4000_story_2935.txt 29.8  4.5 4130
 10.7  0.7  0.0 65.6  0.5  1.0  7.0  3.4  3.6 16.9  7.3  0.5  0.0  3.9  0.0
  1.9  2.7  9.9 18.2  0.5  1.7207.7103.1 36.8 46.5 83.3 10.4  1.2  5.1  4.4
  1.9  4.4 45.5  8.2  5.3 36.1 13.8 15.3  0.2  4.1  8.7  1.2  5.6 11.6  1.7
  1.2  5.6  3.6  3.1  7.0 33.9 32.7 14.5  3.1 11.4 71.9 87.4  4.8132.0  7.3
  1.7  0.2  0.0  0.0  0.0  0.0  0.0  0.0  0.0  0.0  0.0  0.0  0.0  0.0  0.0
  0.0  0.0  0.0  1.5  0.2  1.5  0.5  0.2  0.0  0.5  0.2  0.0  0.0  0.2  0.2
  0.7  0.5  1.2  0.0  0.0  0.2  0.2  0.5  0.2  1.7  0.0  0.0  1.9  0.2  0.0
  3.6  0.7  0.5  4.8  2.7  1.2  5.6  2.2  0.0  0.0  0.0  0.0  0.0  0.0  0.0
  0.2  0.5  0.0  0.0  0.0  0.2  0.0 18.2  7.5  7.0 20.8  9.2  2.2  3.1  5.8
  1.5  2.2  0.7  1.5  0.5  1.0  1.5 16.2  3.6 19.1  1.5  3.9  4.6  1.9  0.0
      2.42      1.73      6.71      3.61      3.31  1.9  0.0  0.7  0.0  0.0
                                         4000_story_2936.txt 28.8  4.3 5353
 11.8  1.3  0.4 45.2  1.5  0.9  4.1  2.2 53.2 12.3  1.5  0.0  0.4  5.4  0.0
  1.9  0.6  4.7 23.7  0.4  1.5201.6118.6 40.7 61.8 29.0 11.0  2.2  4.3  3.2
  1.1  2.1 32.5  7.5  5.6 40.7 12.9  7.7  0.4  1.5  3.7  1.5  6.2 12.5  1.1
  3.0  7.1  4.7  2.8  4.5 16.1 34.4 16.6  0.9  8.6 70.6 83.7  3.5127.2  4.5
  1.5  0.7  0.0  0.0  0.0  0.0  0.0  0.0  0.0  0.0  0.0  0.0  0.0  0.0  0.0
  0.0  0.0  0.0  2.1  0.7  1.9  1.3  0.9  0.0  0.0  0.0  0.0  0.2  0.2  0.2
  0.2  1.1  1.9  0.9  0.0  0.6  0.0  0.4  0.2  1.1  0.0  0.0  1.1  1.7  0.0
  6.0  0.9  0.4  7.3  4.3  1.1  6.5  2.8  0.0  0.0  0.0  0.0  0.0  0.0  0.0
  0.2  0.2  0.2  0.0  0.0  0.0  0.0 14.6  6.5  5.4 14.8  9.9  2.1  5.8  6.4
  3.2  2.8  2.2  0.2  0.4  1.3  0.6 33.3  7.3 16.4  1.1  4.3  5.6  3.0  0.0
     -1.76      0.13      3.03     -1.60      3.95  1.3  0.7  0.2  0.0  0.0
                                         4000_story_2937.txt 31.8  4.5 3918
  8.9  2.0  1.3 23.5  0.0  0.0  1.3  4.1 20.2 10.5  1.0  0.0  0.3  2.8  0.5
  2.0  0.8  5.4 26.3  0.0  2.8214.9129.9 51.3 74.3 74.8 15.3  1.8  3.3  3.1
  2.0  6.1 35.2  7.7  6.1 38.0  7.1  4.1  0.8  0.5  4.1  4.1  7.7 12.8  0.8
  2.3  8.2  4.1  3.1  5.6 13.5 41.1 15.8  0.8  8.4 82.7 94.9  1.0119.2 11.5
  3.3  1.0  0.0  0.0  0.0  0.0  0.0  0.0  0.0  0.0  0.0  0.0  0.0  0.0  0.0
  0.0  0.0  0.0  1.8  0.8  3.3  0.3  0.3  0.5  0.3  0.0  0.0  0.0  0.0  0.3
  0.3  0.3  1.3  0.0  0.0  0.8  0.0  0.0  0.0  0.8  0.0  0.3  1.8  0.3  0.0
  6.1  1.0  0.0  7.1  2.0  0.8  3.6  2.3  0.0  0.0  0.0  0.0  0.0  0.0  0.0
  0.0  0.3  0.0  0.0  0.0  0.0  0.0  2.6  9.2  3.6 20.4 16.1  2.8  3.6 10.0
  1.3  3.8  0.8  0.5  0.3  0.3  0.3 17.9  4.6 13.0  2.6  4.6  5.6  2.3  0.0
     -6.11      3.31      4.88     -1.58      4.42  1.5  0.5  0.0  0.0  0.0
                                         4000_story_2938.txt 31.8  4.3 3891
 11.1  2.6  3.3 53.5  6.2  1.0  4.1  2.6 11.3 14.4  1.0  0.0  0.3  3.6  0.0
  3.1  0.0  7.7 26.7  0.3  1.5193.0 86.1 35.7 77.1 74.8 14.9  4.4  2.1  2.3
  1.3  6.7 26.5  8.7  6.2 39.1 13.1  9.8  1.0  1.3  2.6  3.1  5.4  6.4  0.8
  1.5  9.8  3.9  2.8  6.9 20.0 44.5  8.7  0.3  5.7 77.1 92.3  3.9153.2  7.2
  3.3  0.8  0.0  0.0  0.0  0.0  0.0  0.0  0.0  0.0  0.0  0.0  0.0  0.0  0.0
  0.0  0.0  0.0  1.3  1.0  2.6  1.8  1.3  0.3  0.0  0.0  0.3  0.0  0.3  0.3
  0.3  1.3  0.8  0.3  0.0  0.5  0.0  0.0  0.3  0.0  0.0  0.5  0.3  1.0  0.0
  6.7  1.5  0.5  8.7  2.8  0.8  3.6  1.8  0.0  0.0  0.0  0.0  0.0  0.0  0.0
  0.3  0.5  0.0  0.0  0.0  0.0  0.0  6.7  4.1  2.8  7.7 28.3  1.8  3.9  3.9
  0.8  3.3  2.8  0.3  0.5  1.8  0.5 42.1  6.2 17.5  1.5  4.4  6.7 10.0  0.0
     -0.40      3.81      2.29     -0.91      1.81  0.8  0.0  0.3  0.3  0.0
                                         4000_story_2939.txt 35.8  4.5 3570
 10.6  2.2  0.8 27.2  0.6  0.0  3.1  4.2  2.2 16.2  0.8  0.3  0.3  4.2  0.3
  2.2  0.3  4.5 17.6  0.6  0.8226.1115.4 57.7 81.2 56.0 13.7  4.2  3.4  5.0
  1.1  5.0 33.3  7.8  8.1 26.3  9.0  4.5  1.1  1.4  2.8  2.5  2.5 14.3  2.8
  1.4  7.6  7.0  4.5  5.6 11.8 31.9 18.5  0.8  9.5 86.6 58.8  2.2129.4  7.8
  4.8  0.8  0.0  0.0  0.0  0.0  0.0  0.0  0.0  0.0  0.0  0.0  0.0  0.0  0.0
  0.0  0.0  0.0  2.8  0.3  4.5  2.8  0.8  0.6  0.3  0.0  0.0  0.0  0.6  0.0
  0.8  0.3  2.2  0.6  0.0  0.6  0.3  0.0  0.3  0.6  0.3  0.0  2.0  0.0  0.0
 10.4  1.7  0.6 12.6  3.9  1.1  5.6  2.2  0.0  0.0  0.0  0.0  0.0  0.0  0.0
  0.0  0.0  0.0  0.0  0.0  0.0  0.0  9.5  2.2  3.4 10.1 21.0  1.7  6.2  4.8
  1.7  4.5  1.4  0.6  1.1  1.1  0.6 24.1  7.0 16.5  1.1  5.6  7.6  3.4  0.0
     -7.57      2.85      4.55     -2.20      2.72  1.4  0.0  0.3  0.0  0.0
                                         4000_story_2940.txt 33.3  4.3 4435
 10.8  1.8 13.3 46.9 17.4  2.0  2.7  2.5 16.7 12.4  0.5  0.0  1.4  5.0  0.5
  2.5  2.0  2.9 26.8  0.2  2.5217.8 93.6 37.4 82.5 72.4 10.8  7.2  0.5  2.5
  0.7  5.9 28.6  7.0  7.7 44.4  7.9  9.5  2.7  2.0  1.1  2.7  7.9  9.9  0.7
  3.6  6.5  2.9  1.8  4.3 13.5 41.3 14.2  2.3  3.6 74.0106.4  2.5145.7  9.0
  2.5  0.7  0.0  0.0  0.0  0.0  0.0  0.0  0.0  0.0  0.0  0.0  0.0  0.0  0.0
  0.0  0.0  0.0  0.7  0.7  1.8  1.8  0.9  0.2  0.0  0.0  0.0  0.0  0.2  0.2
  0.5  0.5  1.6  0.5  0.0  0.2  0.5  0.2  0.0  0.0  0.0  0.5  1.6  1.1  0.0
  5.0  1.1  0.2  6.3  3.2  0.9  4.1  3.2  0.0  0.0  0.0  0.0  0.0  0.0  0.0
  0.5  1.1  0.2  0.0  0.0  0.0  0.0 10.8  5.4  2.5  9.5 20.7  1.4  6.3  6.1
  4.7  1.8  1.4  0.7  1.8  0.9  0.5 31.3 16.5 18.3  1.6  4.5  9.9  5.0  0.0
      3.01      3.62      0.48     -0.94      4.49  0.5  0.2  0.0  0.0  0.0
                                         4000_story_2941.txt 30.8  4.0 5348
 10.7  6.2 10.8 55.5 20.2  0.9  4.7  2.2 61.3 13.1  0.7  0.7  0.4  4.5  0.4
  2.1  0.4  5.2 30.1  0.9  2.8180.1 92.7 26.2 85.5 56.1 12.9 12.2  0.9  3.0
  0.6  6.9 17.6  8.0  8.0 35.3 11.8 11.0  1.9  4.9  1.1  2.2  6.0  7.1  0.0
  1.5  7.5  3.4  3.4  4.1 17.4 50.1  8.6  1.3  4.5 58.5137.6  2.8156.5  5.8
  1.9  0.4  0.0  0.0  0.0  0.0  0.0  0.0  0.0  0.0  0.0  0.0  0.0  0.0  0.0
  0.0  0.0  0.0  4.7  1.1  2.8  0.7  0.4  0.0  0.0  0.0  0.0  0.0  0.0  1.3
  0.2  2.6  1.1  0.4  0.0  0.6  0.2  0.2  0.2  1.3  0.0  0.2  1.7  0.6  0.0
  9.3  0.4  0.0  9.7  5.6  1.1  8.0  2.4  0.0  0.0  0.0  0.0  0.0  0.0  0.0
  0.4  0.9  0.0  0.0  0.0  0.0  0.2  8.6  5.4  1.9  9.2 18.3  3.7  2.6  6.4
  0.6  0.6  0.9  0.4  0.9  0.4  1.3 37.8 19.8 16.1  2.1  6.5  7.1  3.4  0.0
      7.72      4.31      0.64      0.27      1.67  0.9  0.2  0.2  0.0  0.0
                                         4000_story_2943.txt 33.3  4.4 4270
 11.2  3.0  1.9 74.7 15.2  2.6  3.7  3.0 30.9 16.4  3.7  1.2  0.5  4.9  0.5
  4.7  1.4  8.7 14.8  0.5  1.2215.5 86.9 34.7 65.8 43.6 14.1 10.5  1.6  3.0
  0.7  5.2 25.8  7.7  7.0 41.0 10.3  9.8  3.5  4.9  4.2  3.5  8.2  7.0  1.9
  0.2  5.2  2.1  1.9  7.7 22.7 31.1  9.1  1.9  5.4 73.1 89.7  2.3154.8  8.2
  0.9  0.7  0.0  0.0  0.0  0.0  0.0  0.0  0.0  0.0  0.0  0.0  0.0  0.0  0.0
  0.0  0.0  0.0  2.3  0.7  1.4  0.9  0.2  0.2  0.2  0.0  0.0  0.7  0.0  0.9
  0.0  1.4  1.6  0.2  0.0  0.0  0.0  0.0  0.5  0.5  0.2  0.2  2.3  2.3  0.0
  5.4  0.7  0.7  6.8  4.2  0.5  5.2  5.2  0.0  0.0  0.0  0.0  0.0  0.0  0.0
  0.0  0.2  0.0  0.0  0.0  0.0  0.0 12.2  6.6  4.7 10.3 15.0  0.5  4.9  2.1
  1.2  2.1  2.1  0.2  0.7  0.0  0.0 21.1 20.1 14.5  4.7  4.7  7.0  4.9  0.0
      4.61      3.03      1.19      2.52      4.08  0.2  0.0  0.0  0.0  0.0
                                         4000_story_2944.txt 30.5  4.4 3194
 11.0  1.3  0.0 17.2  0.9  0.0  2.8  3.1  1.3 10.0  0.3  0.0  0.3  3.8  0.3
  1.3  1.3  5.6 31.0  0.3  0.9236.4127.1 60.4 74.2 58.2 14.4  1.3  3.4  2.8
  2.5  5.9 30.4  7.2  8.1 31.6  6.6  1.3  0.0  0.3  2.8  0.9  2.5  8.5  0.6
  4.7  5.6  3.4  3.8  3.8  9.7 42.9 13.8  1.6  8.8 97.1 60.4  2.2115.8  8.1
  3.4  0.3  0.0  0.0  0.0  0.0  0.0  0.0  0.0  0.0  0.0  0.0  0.0  0.0  0.0
  0.0  0.0  0.0  0.3  0.3  2.2  0.3  0.0  0.0  0.0  0.0  0.0  0.3  0.0  0.0
  0.6  0.0  0.6  0.3  0.0  0.3  0.0  0.0  0.0  0.0  0.0  0.0  1.3  0.0  0.0
  3.1  0.0  0.3  3.4  1.6  0.3  1.9  1.3  0.0  0.0  0.0  0.0  0.0  0.0  0.0
  0.3  0.3  0.0  0.0  0.3  0.0  0.0  8.5  4.1  5.6 16.3 15.3  0.9  3.8  6.6
  2.2  6.9  1.3  1.3  0.0  1.6  0.9 25.4  2.2 13.1  1.3  2.2  6.3  2.8  0.0
     -6.29      2.30      4.75     -4.45      1.22  0.9  0.0  0.0  0.0  0.0
                                         4000_story_2945.txt 30.8  4.3 4324
 14.3  3.0  2.3 43.7 13.4  0.2  2.8  3.0 21.7  7.9  1.4  0.0  0.9  3.2  0.5
  2.8  0.9  7.2 25.9  0.0  0.7206.5114.7 32.4 71.2 87.4 12.0  5.1  1.4  3.2
  1.4  5.3 25.4  6.2  8.1 35.2 10.2  9.0  2.8  3.7  2.8  2.5  6.2  7.6  0.7
  1.2  5.1  3.2  2.5  6.0 19.0 40.0  9.5  0.9  6.0 72.2122.6  1.9132.5  7.2
  3.7  0.5  0.0  0.0  0.0  0.0  0.0  0.0  0.0  0.0  0.0  0.0  0.0  0.0  0.0
  0.0  0.0  0.0  1.6  0.7  2.8  0.5  0.0  0.5  0.0  0.0  0.0  0.2  0.2  0.9
  0.7  0.5  1.2  0.0  0.0  0.2  0.0  0.0  0.2  0.9  0.0  0.0  1.4  0.2  0.0
  5.6  0.5  0.5  6.5  3.2  0.5  4.6  1.6  0.0  0.0  0.0  0.0  0.0  0.0  0.0
  0.2  0.7  0.0  0.0  0.0  0.0  0.0 13.4  2.3  1.9 14.3 15.0  1.9  3.7  5.1
  3.2  2.1  1.4  0.7  0.5  0.9  1.2 27.1  9.5 17.8  3.7  4.9  6.5  2.1  0.0
     -0.89      3.76      2.24      0.46      2.34  0.9  0.2  0.0  0.2  0.0
                                         4000_story_2946.txt 33.5  4.4 3613
 13.3  1.9  5.0 34.3 11.1  0.0  2.8  3.3 15.5 11.9  0.6  0.6  0.3  2.5  0.0
  2.8  0.8  5.0 19.1  0.3  0.6248.8 93.3 49.8 75.0 68.1 11.9  4.7  1.7  4.7
  0.6  4.7 23.5  8.3  4.2 39.6  9.7  2.2  1.1  0.8  3.9  1.9 10.5  6.4  0.6
  2.5  6.6  5.0  2.5  8.0 11.1 31.8  9.4  1.1  6.9 96.0 94.7  3.0129.0  9.4
  1.7  0.8  0.0  0.0  0.0  0.0  0.0  0.0  0.0  0.0  0.0  0.0  0.0  0.0  0.0
  0.0  0.0  0.0  1.9  0.8  3.3  0.8  0.6  0.6  0.0  0.0  0.0  0.3  0.0  0.0
  0.6  1.1  1.4  0.6  0.0  0.3  0.0  0.3  0.0  0.0  0.3  0.6  1.9  1.1  0.0
  6.9  1.1  0.3  8.3  3.6  0.6  4.2  3.9  0.0  0.0  0.0  0.0  0.0  0.0  0.0
  0.0  0.3  0.0  0.0  0.0  0.0  0.0 14.4  3.3  2.8 13.3 11.9  0.8  6.6  2.2
  0.3  2.8  1.1  1.1  1.1  0.3  0.6 22.4  9.4 18.0  0.0  4.7  6.9  3.3  0.0
     -5.54      2.93      2.34     -2.72      5.14  1.1  0.3  0.0  0.0  0.0
                                         4000_story_2950.txt 31.0  4.2 2016
 18.8  6.0 21.3 83.8 18.4  3.0  3.0  4.5 48.6 11.4  2.5  1.0  1.5  8.9  1.0
  0.5  0.5  9.9 17.9  1.5  1.0215.8101.2 30.8 54.1 41.2 13.9  9.4  1.0  3.5
  0.0  3.0 32.2  4.0 10.4 41.7  8.4 11.4  2.5  6.9  3.0  4.0  6.9  4.5  0.5
  2.0  5.5  4.0  4.0  3.5 24.3 34.2  6.9  2.0  4.5 55.6108.1  5.0147.3  6.9
  3.5  1.5  0.0  0.0  0.0  0.0  0.0  0.0  0.0  0.0  0.0  0.0  0.0  0.0  0.0
  0.0  0.0  0.0  3.5  1.0  3.0  2.5  0.5  1.0  0.0  0.0  0.0  0.5  1.0  0.0
  0.5  0.5  2.0  1.0  0.0  1.5  0.0  0.0  0.5  0.5  0.5  0.0  5.0  1.0  0.0
  9.9  1.5  1.5 12.9  4.0  2.0  6.4  6.4  0.0  0.0  0.0  0.0  0.0  0.0  0.0
  0.0  0.5  2.0  0.0  0.0  0.0  0.5 14.4  3.0  5.0 18.4 12.4  4.5  7.4  6.0
  4.0  1.0  2.5  0.0  1.5  1.5  0.5 34.7 16.4 21.8  2.0  3.5  6.0  3.0  0.0
      9.51      2.30      0.07      3.07      2.41  3.0  0.0  0.0  0.0  0.0
                                         4000_story_2965.txt 32.8  4.5 2465
 11.4  0.8  4.1 35.7  2.4  0.0  3.2  4.5  4.1  8.1  2.4  0.4  0.8  4.5  0.0
  3.7  1.6  4.5 20.7  0.8  1.6234.9117.2 54.0 70.6 70.6 16.6  2.0  0.8  4.9
  2.8  2.8 43.8  2.4  6.1 39.8 11.8  8.5  1.2  1.2  3.2  3.2  4.5  8.1  0.8
  2.4  3.7  6.1  2.4  5.7 16.2 28.8 11.4  2.4  8.5 88.4 77.1  3.2120.5  5.7
  4.1  0.8  0.0  0.0  0.0  0.0  0.0  0.0  0.0  0.0  0.0  0.0  0.0  0.0  0.0
  0.0  0.0  0.0  0.8  1.6  1.6  1.6  0.8  0.8  0.4  0.0  0.0  0.4  0.0  0.4
  0.8  0.4  1.6  1.2  0.4  0.0  0.4  0.4  0.8  0.0  0.0  0.0  4.5  2.0  0.0
  5.7  2.0  0.4  8.1  4.5  2.0  6.5  6.5  0.0  0.0  0.0  0.0  0.0  0.0  0.0
  0.4  0.4  0.0  0.4  0.0  0.4  0.0 13.0  6.5  4.1 12.6 11.8  2.4  5.3  6.5
  1.6  2.4  2.4  0.4  2.0  0.4  4.1 23.5  7.3 15.8  2.4  0.8  7.7  2.0  0.0
     -4.21      3.31      5.82     -0.79      1.80  1.2  1.2  0.0  0.4  0.0
                                         4000_story_2968.txt 30.8  4.4 2479
 14.5  4.8  6.5 39.9 11.3  2.0  2.4  5.6 15.7 10.1  0.8  0.0  0.0  7.3  2.0
  2.8  2.0  4.8 16.9  1.2  1.2218.6103.7 48.8 84.7 58.9 17.3 10.5  0.4  3.2
  0.8  2.0 21.0  4.8  8.9 41.1 10.1  4.0  2.8  0.8  3.2  3.6  4.0  7.3  0.8
  0.8  3.2  4.8  3.2  4.4 12.1 23.0  8.9  3.2  4.4 77.0 85.9  2.0139.2 14.5
  3.2  1.2  0.0  0.0  0.0  0.0  0.0  0.0  0.0  0.0  0.0  0.0  0.0  0.0  0.0
  0.0  0.0  0.0  0.8  2.8  2.0  3.2  0.4  0.0  0.4  0.0  0.0  0.8  0.8  0.0
  0.8  2.0  0.8  0.4  0.0  0.8  0.0  0.0  0.4  0.0  0.0  0.0  4.0  0.8  0.0
  8.9  0.8  1.6 11.3  4.0  1.2  5.2  4.8  0.0  0.0  0.0  0.0  0.0  0.0  0.0
  0.0  0.0  0.0  0.0  0.0  0.0  0.0 20.6  0.8  6.1  9.7  9.7  2.0  5.2  7.7
  5.2  2.4  0.8  0.4  1.2  1.2  0.4 24.2 15.7 22.6  0.8  4.0  9.7  3.2  0.0
      3.13      4.95     -0.57     -1.38      0.88  2.0  0.4  0.0  0.0  0.0
                                         4000_story_2979.txt 32.5  4.5 2025
  8.9  1.0  7.4 51.4  5.9  1.5  0.5  4.0 16.8 12.8  3.5  0.5  0.5  4.9  0.5
  1.5  0.5  5.9 17.8  0.0  1.5248.4114.6 42.5 55.3 44.4 13.3  4.0  1.0  5.9
  1.0  2.0 41.0  7.4  4.0 44.4 13.3  5.4  1.5  3.0  4.0  2.5  4.9  8.9  2.0
  3.0  5.4  2.0  2.0  4.9 15.3 28.6 13.8  0.5  7.9 69.1 67.2  1.5126.9  6.4
  4.4  0.5  0.0  0.0  0.0  0.0  0.0  0.0  0.0  0.0  0.0  0.0  0.0  0.0  0.0
  0.0  0.0  0.0  0.5  0.5  2.0  1.0  1.0  0.0  0.0  0.0  0.0  0.0  0.0  0.0
  2.0  0.5  1.5  1.0  0.0  0.5  0.5  0.5  0.0  1.0  1.0  0.0  6.9  2.5  0.0
  4.0  1.0  0.0  4.9  4.9  1.5  7.4 10.4  0.0  0.0  0.0  0.0  0.0  0.0  0.0
  0.0  0.0  0.0  0.0  0.0  0.0  0.0 10.9  3.5  2.5  9.9 14.8  2.0  5.9  6.9
  1.5  4.4  3.0  0.5  1.0  1.0  1.5 27.7 13.3 10.4  0.5  2.0  6.9  2.5  0.0
     -5.35      1.36      3.19     -0.62      3.28  3.0  0.0  0.5  0.0  0.0
                                         4000_story_2980.txt 35.8  4.5 2218
  9.0  1.8  9.0 46.0  4.5  0.9  0.5  3.2 17.6 11.3  1.8  0.5  0.5  3.2  2.3
  2.7  0.0  6.3 13.1  0.9  0.9255.6113.6 42.4 70.8 46.9 14.0 14.0  1.8  2.7
  0.9  1.8 35.2  6.8 12.2 39.7 11.7  3.2  1.8  2.3  1.8  5.9  5.9  5.4  0.5
  1.8  5.9  1.4  2.7  1.8 11.3 23.4  7.7  0.9  5.4 69.0 69.0  5.9137.5  8.6
  3.2  0.0  0.0  0.0  0.0  0.0  0.0  0.0  0.0  0.0  0.0  0.0  0.0  0.0  0.0
  0.0  0.0  0.0  0.5  0.5  1.4  2.7  0.0  0.0  0.9  0.0  0.0  0.5  0.0  0.0
  0.0  1.4  0.9  1.8  0.9  1.4  0.0  0.5  0.0  0.5  0.5  0.0  4.5  3.2  0.0
  5.0  0.9  0.5  6.3  4.1  2.7  7.2  8.1  0.0  0.0  0.0  0.0  0.0  0.0  0.0
  0.0  0.5  0.0  0.0  0.5  0.0  0.0 17.6  5.4  3.6 11.7 14.0  1.8  7.7  7.7
  1.4  3.6  0.5  1.8  1.4  1.8  0.9 26.6 19.8 19.4  1.4  1.4  7.7  4.1  0.0
     -6.28      3.96     -0.45     -1.04      1.79  2.3  0.5  0.0  0.0  0.5
                                         4000_story_3020.txt 33.8  4.3 2866
 12.6  3.8 14.3 46.4 13.6  1.0  1.0  0.7  5.6  7.3  3.5  0.0  0.0  5.6  1.4
  0.7  0.3  6.3 15.4  0.0  2.8220.5115.8 59.7 71.9 62.1 15.0  4.9  1.0  5.2
  0.7  3.1 27.2  5.6 12.2 40.1 12.2 12.2  0.7  1.0  1.0  2.4  4.2  5.9  0.7
  2.8  4.9  1.7  3.1  3.8 19.5 24.4  9.4  0.3  7.0 89.7 81.3  2.1140.3  5.9
  4.2  0.3  0.0  0.0  0.0  0.0  0.0  0.0  0.0  0.0  0.0  0.0  0.0  0.0  0.0
  0.0  0.0  0.0  1.0  0.3  3.8  1.7  0.3  0.0  0.3  0.3  0.0  0.7  0.0  0.0
  0.3  2.1  0.7  1.0  0.3  0.7  0.0  0.3  0.0  0.3  0.0  0.0  2.8  0.7  0.0
  7.0  0.7  1.0  8.7  4.2  1.4  5.9  3.5  0.0  0.0  0.0  0.0  0.0  0.0  0.0
  0.7  0.0  0.0  0.0  0.0  0.0  0.3  9.1  2.1  3.8 13.6 13.6  3.1  5.9 10.8
  2.1  1.4  9.1  0.0  0.7  1.0  1.0 33.1  8.4 16.7  2.1  5.2 11.5  5.9  0.0
     -5.00      3.19      0.43     -1.52      1.33  0.3  0.3  0.0  0.3  0.0
                                         4000_story_3027.txt 24.8  4.4 2248
  8.9  4.0 10.7 48.5  8.9  0.4  0.4  1.8 10.7 16.9  4.0  2.2  0.0  3.1  0.0
  1.8  0.4  7.6 17.3  0.0  3.6229.5121.4 38.3 77.0 46.7 15.6  9.8  0.0  4.0
  3.6  4.0 26.2  4.4  6.2 32.5 14.2  6.2  2.2  1.3  1.3  5.3  4.4  8.0  0.4
  0.4  3.1  5.8  2.2  4.4 15.1 28.0  8.9  0.4  7.6 63.2 66.3  4.0140.6  6.2
  5.8  0.0  0.0  0.0  0.0  0.0  0.0  0.0  0.0  0.0  0.0  0.0  0.0  0.0  0.0
  0.0  0.0  0.0  3.6  0.4  2.7  2.2  0.0  0.0  0.0  0.0  0.4  0.9  0.4  0.9
  0.9  1.3  1.3  0.0  0.0  1.8  0.0  0.4  0.0  0.0  0.0  0.0  2.2  2.2  0.0
  8.9  0.0  1.8 10.7  4.4  2.2  6.7  4.4  0.0  0.0  0.0  0.0  0.0  0.0  0.0
  0.9  0.4  0.0  0.0  0.0  0.0  0.0  5.8  3.6  4.4 10.2 23.1  2.2  5.8  5.8
  1.3  3.1  0.0  0.4  0.9  0.9  0.0 21.8 19.1 14.2  0.0  3.1  5.3  2.7  0.0
     -3.31      3.69      4.57     -1.03      0.85  1.8  0.9  0.4  0.0  0.0
                                         4000_story_3031.txt 32.8  4.5 2182
 14.2  4.6  7.3 36.2  6.0  0.5  2.7  4.1  7.8 12.4  0.5  0.0  0.5  3.7  2.3
  2.3  0.0  2.3 21.5  0.5  1.8238.8124.2 52.7 75.2 66.5 18.8  6.0  0.5  2.7
  0.9  4.1 34.8  8.2  7.3 40.8 12.4  5.0  1.4  3.2  1.4  3.7  4.1  4.6  0.5
  1.8  6.4  3.2  3.7  5.0  8.7 35.3  6.9  0.5  4.1 94.9 80.2  0.5130.6  3.2
  4.6  0.0  0.0  0.0  0.0  0.0  0.0  0.0  0.0  0.0  0.0  0.0  0.0  0.0  0.0
  0.0  0.0  0.0  2.3  0.9  2.3  6.0  0.0  0.0  0.5  0.0  0.5  0.5  0.0  0.0
  0.0  1.4  0.9  3.2  0.9  0.5  0.0  0.0  0.5  0.0  0.0  0.0  4.1  1.4  0.0
 11.5  0.5  0.9 12.8  5.5  1.8  7.3  5.5  0.0  0.0  0.0  0.0  0.0  0.0  0.0
  0.0  0.0  0.0  0.0  0.0  0.0  0.0  7.3  2.7  3.2 15.1 11.0  0.5  6.0 10.1
  2.3  2.7  0.5  0.9  0.5  0.9  0.9 24.7 13.3 18.8  0.9  4.6 11.0  2.3  0.0
     -5.20      4.41      0.57     -1.38      0.59  1.4  0.0  0.0  0.0  0.0
                                         4000_story_3032.txt 36.5  4.5 2053
 10.2  1.5  1.0 50.2  4.4  0.0  1.5  1.5 18.0 12.7  1.9  0.5  0.0  2.4  0.5
  2.4  0.0  7.3 17.0  0.5  1.9234.8114.5 42.4 67.7 52.6 16.1  8.8  1.5  1.9
  1.9  1.9 34.1  3.9 11.2 36.0 12.2  9.7  1.9  3.4  1.0  3.4  5.4  9.7  1.0
  1.9  4.9  1.5  1.9  5.4 18.0 27.8 12.7  0.5  5.4 70.1 75.0  3.9134.4  7.8
  3.4  0.5  0.0  0.0  0.0  0.0  0.0  0.0  0.0  0.0  0.0  0.0  0.0  0.0  0.0
  0.0  0.0  0.0  1.5  1.0  1.0  1.0  0.5  0.0  0.5  0.0  0.0  0.0  0.5  0.0
  0.5  1.5  1.5  0.5  0.5  1.9  0.0  0.5  0.0  0.5  0.5  0.0  2.4  1.5  0.0
  4.4  1.0  0.5  5.8  3.9  2.9  7.3  4.4  0.0  0.0  0.0  0.0  0.0  0.0  0.0
  0.0  1.0  1.0  0.0  0.0  0.0  0.0 11.2  2.4  1.5 14.1 20.5  0.5  7.8  8.8
  2.4  2.4  2.9  0.5  1.9  0.0  1.0 29.7 11.7 12.7  2.9  5.8  7.3  2.9  0.0
     -7.16      3.55      1.21     -0.28      2.58  1.0  0.5  0.5  1.0  0.0
                                         4000_story_3052.txt 29.3  4.5 2266
 10.6  3.1  8.4 44.6  8.8  0.9  2.6  5.3 18.1 21.6  0.9  0.4  0.4  5.7  0.4
  1.8  0.0  5.7 13.2  0.9  1.8231.7123.1 47.7 68.0 51.2 13.2  9.3  3.1  4.4
  1.3  2.6 38.0  8.4  7.5 36.2  8.4  3.1  0.9  3.1  1.8  4.0  3.5  7.1  0.9
  1.8  4.0  0.9  5.3  1.8 10.6 23.4  9.7  0.9  8.8 78.6 78.1  4.0128.0  7.1
  4.4  0.0  0.0  0.0  0.0  0.0  0.0  0.0  0.0  0.0  0.0  0.0  0.0  0.0  0.0
  0.0  0.0  0.0  1.8  0.9  0.9  0.9  0.4  0.0  0.0  0.0  0.0  0.4  0.4  0.0
  0.4  0.0  1.3  0.9  0.0  0.4  0.0  0.4  0.0  0.0  0.0  0.4  3.5  0.4  0.0
  4.4  0.4  0.9  5.7  2.6  0.9  3.5  4.4  0.0  0.0  0.0  0.0  0.0  0.0  0.0
  0.0  0.9  0.0  0.4  0.4  0.0  0.0 13.2  4.4  6.2 16.8 12.4  2.2  9.3  3.5
  3.1  1.8  1.3  0.0  0.4  2.2  0.9 24.3 17.7 10.2  0.9  4.0  7.5  4.9  0.0
     -3.61      3.05      3.16     -1.75      0.90  1.3  0.0  0.4  0.0  0.0
                                         4000_story_3054.txt 29.3  4.5 1978
  9.6  2.5  9.1 43.5  4.0  1.0  1.5  4.6 15.2  8.1  1.0  1.0  1.5  2.0  0.0
  1.5  0.0  4.0 18.7  0.5  0.5246.2120.8 53.1 60.2 49.0 15.2  7.1  2.5  1.5
  0.0  7.6 30.3  3.0  9.1 39.9 12.1  4.6  0.5  1.5  2.5  3.0  2.0  7.1  0.0
  1.0  1.0  1.5  3.0  3.0 11.1 29.8  8.1  0.5  4.0 81.9 68.3  3.0125.9  8.6
  2.0  0.0  0.0  0.0  0.0  0.0  0.0  0.0  0.0  0.0  0.0  0.0  0.0  0.0  0.0
  0.0  0.0  0.0  0.0  1.0  0.5  4.0  0.0  0.0  0.0  0.0  0.0  0.0  0.0  0.0
  0.5  0.5  0.5  1.0  0.0  0.0  0.0  0.0  0.0  2.0  0.0  0.0  3.0  1.0  0.0
  5.6  0.0  0.0  5.6  2.5  0.0  4.6  4.0  0.0  0.0  0.0  0.0  0.0  0.0  0.0
  0.0  0.0  0.0  0.0  0.0  0.0  0.0 10.6  6.6  1.5 12.6 20.2  1.5  7.1  6.6
  1.5  4.0  1.5  1.5  1.5  1.0  3.0 25.8  9.6 13.7  1.5  4.6  6.1  1.5  0.0
     -8.72      2.66      2.32     -2.25     -0.96  3.0  0.0  0.0  0.0  0.0
                                         4000_story_3061.txt 26.8  4.3 1977
  9.6  1.5  9.1 42.0  3.5  1.5  1.0  6.1  7.1 13.2  0.5  1.0  0.0  4.0  0.5
  3.0  1.5  6.1 15.2  0.0  1.5210.9 94.1 41.5 95.1 59.2 14.2 12.6  0.5  4.0
  0.0  3.5 26.8  4.6  8.1 38.9 13.7  4.0  3.5  2.5  1.5  4.6  6.1  6.1  1.0
  2.0  6.1  4.0  2.5  7.1 11.6 28.3  9.1  1.5  4.6 70.3 69.8  2.5153.8  4.0
  5.1  0.0  0.0  0.0  0.0  0.0  0.0  0.0  0.0  0.0  0.0  0.0  0.0  0.0  0.0
  0.0  0.0  0.0  1.0  1.5  3.5  3.5  1.0  0.0  0.5  0.0  0.0  0.0  0.0  0.0
  0.0  3.0  3.0  1.5  0.5  1.0  0.5  0.0  0.5  0.0  0.0  0.0  3.0  1.0  0.0
  9.6  1.5  0.0 11.1  7.6  2.5 10.1  4.0  0.0  0.0  0.0  0.0  0.0  0.0  0.0
  1.0  0.0  0.0  0.0  0.0  0.0  0.0 17.7  4.6  3.5  6.6  8.6  2.0  4.0 12.1
  0.0  9.1  0.5  2.0  1.5  0.5  0.0 23.8 22.8 19.7  4.6  2.5  6.6  7.6  0.0
     -1.64      5.10      0.57     -0.81      2.52  0.5  0.0  0.0  0.0  0.0
                                         4000_story_3069.txt 31.8  4.5 2493
 14.8  2.4 10.4 61.8  8.4  0.4  1.6  4.8 15.2 12.0  1.6  0.0  0.0  2.8  0.4
  5.2  0.4  5.2 17.2  1.2  4.4218.6102.7 37.7 66.6 59.8 14.4 10.8  0.8  5.2
  0.0  2.4 32.5  2.8  7.2 44.1 11.2  9.2  1.6  2.8  5.6  2.0  4.0  5.2  0.4
  0.4  6.0  2.4  3.2  4.8 20.1 28.5  6.0  1.6  6.0 65.0 83.4  5.2142.8  9.6
  2.8  0.0  0.0  0.0  0.0  0.0  0.0  0.0  0.0  0.0  0.0  0.0  0.0  0.0  0.0
  0.0  0.0  0.0  2.0  0.8  2.4  0.8  0.0  0.0  0.8  0.0  0.0  0.8  0.0  0.4
  0.4  0.4  0.4  0.4  0.8  1.2  0.0  0.4  0.0  0.0  0.0  0.4  3.2  0.0  0.0
  6.0  0.8  0.8  7.6  2.0  2.4  4.4  3.6  0.0  0.0  0.0  0.0  0.0  0.0  0.0
  0.0  0.4  0.0  0.0  0.0  0.8  0.4  5.2  4.8  5.2 12.8  3.6  1.6  8.8  1.2
  2.0  2.8  2.8  0.0  4.0  0.4  0.0 31.3 16.0 21.3  0.4  1.6 11.6  2.8  0.0
     -0.87      3.90      1.77      0.86      0.11  1.6  0.0  0.8  0.0  0.0
                                         4000_story_3074.txt 32.8  4.2 3637
 16.2  3.8  9.3 55.0 12.1  0.0  2.2  5.2 17.0 22.3  3.8  0.8  0.3  3.3  0.3
  2.5  1.4  4.9 20.3  0.8  3.8215.8100.9 34.4 83.0 49.8 12.1 11.8  0.8  1.9
  0.8  4.9 14.3  7.1 15.4 39.9  8.5  8.5  1.1  3.3  4.9  1.1  5.2  6.9  0.3
  2.5  5.2  2.7  2.7  6.3 18.4 34.6  9.6  2.2  3.6 73.1 78.9  4.1152.6  5.8
  2.5  0.0  0.0  0.0  0.0  0.0  0.0  0.0  0.0  0.0  0.0  0.0  0.0  0.0  0.0
  0.0  0.0  0.0  1.6  1.1  2.7  1.6  0.3  0.0  0.0  0.0  0.0  0.0  0.3  0.0
  0.5  0.8  0.3  1.1  0.0  0.3  0.0  0.3  0.3  0.0  0.0  0.0  6.9  0.3  0.0
  7.1  0.3  0.3  7.7  2.7  0.8  3.6  7.1  0.0  0.0  0.0  0.0  0.0  0.0  0.0
  1.6  0.0  0.0  0.0  0.3  0.3  0.0 18.4  1.4  1.1  7.7 17.6  0.5  4.7  1.9
  8.8  1.4  2.2  3.0  0.3  0.3  0.0 37.4 18.1 18.1  1.6  3.6 11.0  2.2  0.0
      3.93      3.73     -2.84      0.08      1.69  0.3  0.0  0.0  0.3  0.0
                                         4000_story_3078.txt 33.3  4.0 2918
 13.7  4.1  0.0 50.4 11.0  0.7  3.4  0.3 62.0 14.1  1.4  0.0  0.0  3.8  0.0
  0.0  2.7  2.1 59.3  0.0  0.7189.2110.3 14.7 77.1 79.8 12.0 11.7  1.7  1.7
  1.7  1.4 18.8  6.5  8.2 25.4  8.2  8.6  1.0  2.7  1.4  2.1 11.3 10.6  1.4
  1.0  7.2  3.4  0.0  2.4 12.0 70.6 13.0  2.7  5.1 32.6152.8  3.1147.4  7.9
  0.7  0.7  0.0  0.0  0.0  0.0  0.0  0.0  0.0  0.0  0.0  0.0  0.0  0.0  0.0
  0.0  0.0  0.0  9.3  1.0  2.4  0.0  0.3  0.3  0.0  0.0  0.0  0.0  0.0  1.0
  0.3  1.0  1.4  0.0  0.0  0.0  0.0  0.0  0.0  0.0  0.0  0.0  0.3  0.0  0.0
 12.7  0.7  0.0 13.4  3.8  0.0  3.8  0.3  0.0  0.0  0.0  0.0  0.0  0.0  0.0
  0.3  1.0  0.0  0.0  0.0  0.0  0.0 21.2  4.5  2.7  6.9  5.5  0.3  6.5  4.8
  3.4  0.0  6.5  0.7  0.0  0.3  0.0 38.4 17.1 17.5  0.7  2.1  2.7  1.0  0.0
     10.56      4.82      0.49     -1.51      6.44  0.0  0.0  0.0  0.0  0.0
                                         4000_story_3079.txt 30.0  3.8 3646
 10.4  2.7 73.8 72.1 17.6  0.8  2.7  5.8 41.1 15.4  0.5  1.4  0.3  2.5  1.4
  1.4  0.5  4.9 26.6  1.1  4.1243.3 99.3 20.3 46.6 47.7  7.1  6.9  1.1  0.3
  0.0  2.2 18.1  8.5 16.2 37.6 11.2  6.9  0.3  2.2  1.4  0.0  6.3  3.6  0.3
  1.1  6.3  2.2  2.5  3.6 13.2 38.7  4.9  1.6  1.4 60.3106.4  2.2130.8  3.0
  2.2  0.5  0.0  0.0  0.0  0.0  0.0  0.0  0.0  0.0  0.0  0.0  0.0  0.0  0.0
  0.0  0.0  0.0  2.2  0.3  1.6  0.8  0.3  0.0  0.3  0.0  0.3  0.3  0.0  0.0
  0.0  1.4  0.5  0.3  0.0  0.0  0.0  0.0  0.3  0.3  0.0  0.0  3.3  1.1  0.0
  4.9  0.5  0.5  6.0  2.2  0.3  2.7  4.4  0.0  0.0  0.0  0.0  0.0  0.0  0.0
  1.1  0.5  0.0  0.0  0.3  0.0  0.5  9.3  1.1  1.4  6.9 30.4  3.6  6.6  4.9
  1.1  1.4  1.1  0.0  1.4  0.5  0.0 29.1 10.4 16.7  1.9  2.2  6.6  3.6  0.0
      9.18      0.57     -5.50     -3.23      1.42  0.0  0.0  0.0  0.0  0.0
                                         4000_story_3080.txt 32.0  4.4 2064
 11.6  1.9 15.0 46.5  3.9  0.0  3.4  4.8 15.5  8.2  1.0  0.0  0.0  1.0  1.5
  1.0  1.5  6.8 16.0  0.0  4.4251.0118.7 22.8 70.7 40.2 18.9  7.3  0.5  1.9
  1.0  2.4 25.2  3.9  9.7 37.8  7.3  7.8  1.0  2.4  0.5  1.9  5.8 11.1  1.0
  3.4  4.8  1.5  1.0  2.9 15.0 25.7 15.5  1.5  3.4 48.9 59.6  1.5138.6  9.7
  3.4  0.5  0.0  0.0  0.0  0.0  0.0  0.0  0.0  0.0  0.0  0.0  0.0  0.0  0.0
  0.0  0.0  0.0  0.5  0.5  1.0  1.5  0.0  0.5  0.0  0.5  0.0  0.0  0.0  0.0
  0.0  0.5  0.5  0.5  0.0  1.5  0.0  0.0  0.5  0.0  0.0  0.5  1.9  1.0  0.0
  3.4  0.5  0.5  4.4  1.5  1.9  3.4  3.4  0.0  0.0  0.0  0.0  0.0  0.0  0.0
  1.0  1.0  0.5  0.0  0.0  0.0  0.0  8.7  3.9  0.0 10.2 16.0  1.9 11.6  4.8
  1.0  1.0  1.0  0.0  0.5  1.5  0.0 36.3 14.5 12.6  1.5  3.4  7.8  4.4  0.0
     -3.60      3.37     -0.35     -2.34      3.54  0.0  0.0  0.0  0.0  0.0
                                         4000_story_3082.txt 32.8  4.2 5239
 12.8  2.5 32.1 52.9 10.5  1.3  5.7  1.3 23.7 11.6  0.6  0.0  1.7  3.2  0.2
  1.3  1.3  4.4 13.0  0.8  4.2270.1109.0 29.8 63.4 45.2  9.0  7.4  0.6  1.5
  0.8  2.9 23.3 11.3 13.0 40.8  8.8  5.7  0.8  2.7  1.0  1.1  5.5  5.3  0.6
  3.2  4.6  1.3  1.9  2.1 11.1 23.1  9.2  2.1  2.9 62.0 79.4  2.3133.6  4.6
  0.6  0.2  0.0  0.0  0.0  0.0  0.0  0.0  0.0  0.0  0.0  0.0  0.0  0.0  0.0
  0.0  0.0  0.0  1.1  0.6  2.1  1.0  0.2  0.2  0.0  0.0  0.0  0.0  0.0  0.2
  0.4  1.1  1.3  0.2  0.0  0.2  0.2  0.4  0.2  0.4  0.2  0.2  2.5  1.0  0.0
  4.8  0.4  0.0  5.2  3.2  1.0  4.6  3.8  0.0  0.0  0.0  0.0  0.0  0.0  0.0
  0.6  1.0  0.0  0.0  0.0  0.0  0.2  6.5  2.7  1.1  8.6 18.5  3.1  6.7  5.2
  1.9  1.5  0.8  0.0  0.6  0.8  0.2 30.7 13.0 15.1  1.1  2.1  6.5  3.1  0.0
     -0.88      1.47     -3.91     -2.87      2.13  0.6  0.0  0.2  0.2  0.2
                                         4000_story_3083.txt 32.5  4.1 4452
 11.7  3.1 19.3 40.7  4.9  0.7  3.1  3.1 40.7 20.2  0.7  0.2  0.7  3.8  0.0
  2.5  0.7  5.8 19.5  0.9  2.7232.3121.5 27.0 71.0 34.4 11.5  5.2  0.0  0.9
  0.4  4.0 23.8  7.0  9.4 40.7  8.5  3.4  0.9  3.6  0.9  1.3  5.2  7.6  0.7
  2.0  7.9  2.7  1.6  3.6 10.1 35.3 10.3  1.6  1.3 58.2 80.0  2.0128.3  6.5
  2.9  0.7  0.0  0.0  0.0  0.0  0.0  0.0  0.0  0.0  0.0  0.0  0.0  0.0  0.0
  0.0  0.0  0.0  1.3  0.4  2.5  1.1  1.3  0.2  0.0  0.0  0.0  0.2  0.0  0.0
  0.4  0.9  1.1  0.2  0.0  0.4  0.7  0.2  0.4  0.2  0.2  0.0  2.5  0.7  0.0
  5.4  1.6  0.2  7.2  2.7  1.8  4.7  3.4  0.0  0.0  0.0  0.0  0.0  0.0  0.0
  0.2  0.7  0.7  0.2  0.0  0.0  0.4  3.1  3.6  2.7 12.4 14.8  2.7  9.0  4.5
  0.7  1.1  2.2  0.2  0.2  1.3  0.2 26.5 10.6 14.6  0.7  4.3 11.2  4.5  0.0
      0.85      1.29     -2.09     -2.91      1.93  1.3  0.0  0.0  0.0  0.0
                                         4000_story_3084.txt 34.8  4.0 4510
 11.1  3.3 36.1 61.4  4.9  1.3  2.9  4.2 27.1 17.3  0.4  0.7  1.6  3.1  1.1
  0.7  0.2  4.2 31.0  1.1  5.3246.8105.5 29.7 53.0 43.0  8.9  4.7  0.9  1.1
  0.2  3.8 14.6  5.1 12.9 37.7 11.1  4.2  0.4  2.2  1.8  0.4  4.0  4.2  0.0
  1.3  7.5  1.1  1.3  2.2 10.2 45.2  5.5  1.3  2.2 64.1 74.9  1.8132.2  8.9
  2.7  0.2  0.0  0.0  0.0  0.0  0.0  0.0  0.0  0.0  0.0  0.0  0.0  0.0  0.0
  0.0  0.0  0.0  2.4  0.0  1.3  0.4  0.4  0.0  0.2  0.0  0.0  0.0  0.0  0.4
  0.7  0.7  1.3  0.2  0.2  0.2  0.0  0.0  0.0  0.2  0.7  0.0  2.0  1.6  0.0
  4.2  0.7  0.0  4.9  3.3  0.4  4.0  4.2  0.0  0.0  0.0  0.0  0.0  0.0  0.0
  0.2  0.7  0.2  0.0  0.0  0.0  0.0  8.2  2.9  1.1 10.2 20.8  4.2  7.8  6.9
  1.6  3.5  0.7  0.4  0.2  1.6  0.2 36.8 10.0 16.9  0.4  2.9  5.3  4.7  0.0
      4.90      0.50     -2.72     -3.43     -0.06  0.9  0.0  0.7  0.0  0.0
                                         4000_story_3087.txt 31.8  4.3 5387
  9.8  0.7  5.4 30.8  5.4  0.7  4.1  3.3  7.6 13.0  1.5  0.2  2.0  3.2  0.4
  3.2  0.4  4.3 16.5  0.7  2.0254.5122.3 29.7 73.3 60.1 10.8  3.2  0.7  0.9
  0.2  4.3 29.0  7.8  8.4 42.7  7.2  3.3  0.2  0.9  1.5  0.9  5.6  5.6  0.7
  2.2  6.7  2.8  1.7  4.5  9.1 28.6  8.5  1.1  1.9 72.2 73.1  2.8121.0  6.9
  3.2  0.2  0.0  0.0  0.0  0.0  0.0  0.0  0.0  0.0  0.0  0.0  0.0  0.0  0.0
  0.0  0.0  0.0  0.4  0.0  2.2  0.9  0.6  0.0  0.2  0.0  0.0  0.4  0.2  0.0
  0.2  0.7  0.7  0.7  0.2  0.0  0.2  0.0  0.4  0.0  0.0  0.2  2.8  0.2  0.0
  3.5  0.7  0.6  4.8  2.4  0.7  3.2  3.2  0.0  0.0  0.0  0.0  0.0  0.0  0.0
  0.4  0.0  0.2  0.0  0.0  0.0  0.4 10.2  3.3  3.0  9.8 18.9  2.6  5.6  5.8
  2.0  1.1  2.0  0.9  1.1  1.3  0.0 25.4  7.4 13.7  1.7  4.3  5.4  3.5  0.0
     -5.44      2.01     -1.47     -4.25      1.99  1.1  0.0  0.0  0.0  0.0
                                         4000_story_3088.txt 33.5  3.9 4347
  7.1  3.7 81.0 89.5 13.3  2.1  1.4  2.1 48.5  8.5  1.8  1.8  0.5  1.6  0.5
  1.2  0.0  4.6 25.1  0.7  6.9262.7 98.0 21.4 29.0 40.0  6.4 13.6  1.2  1.2
  0.2  2.5 20.7  7.6 12.2 40.0 10.6  5.5  0.7  1.8  1.2  0.7  7.1  3.2  0.2
  0.9  6.2  1.4  1.2  2.3 11.3 37.5  4.4  0.7  2.5 58.4101.9  1.8130.0  1.4
  3.5  0.2  0.0  0.0  0.0  0.0  0.0  0.0  0.0  0.0  0.0  0.0  0.0  0.0  0.0
  0.0  0.0  0.0  3.2  0.2  0.9  0.2  0.5  0.0  0.0  0.2  0.0  0.2  0.0  0.9
  0.5  0.5  0.7  0.0  0.0  0.7  0.0  0.0  0.0  0.2  0.0  0.2  2.8  0.7  0.0
  4.6  0.5  0.5  5.5  2.5  0.7  3.5  3.7  0.0  0.0  0.0  0.0  0.0  0.0  0.0
  1.2  0.7  0.2  0.0  0.0  0.0  0.0  7.8  2.3  0.7  7.6 19.8  1.2  8.5  5.1
  0.9  1.2  0.7  0.5  1.4  0.5  0.5 30.1 18.9  9.4  1.4  1.4  5.3  2.5  0.0
      5.84      0.76     -3.22     -3.41      1.79  0.2  0.0  0.0  0.0  0.0
                                         4000_story_3089.txt 32.5  4.5 5157
 16.5  2.5  2.7 44.8  4.7  0.8  3.9  2.7 63.4 23.1  1.4  0.2  0.2  5.6  0.6
  2.9  1.6  5.8 18.6  1.0  2.1218.3115.0 47.1 68.8 15.9  8.9  3.7  3.7  2.9
  2.5  3.7 36.6  6.2  5.0 31.8 11.6  5.4  0.6  2.5  2.7  3.3  4.7  9.7  1.0
  2.1  6.0  3.7  1.9  6.0 14.0 31.0 12.8  2.5  9.1 81.1 84.0  2.9135.4  6.6
  4.5  1.0  0.0  0.0  0.0  0.0  0.0  0.0  0.0  0.0  0.0  0.0  0.0  0.0  0.0
  0.0  0.0  0.0  1.2  1.9  1.9  1.2  0.2  0.6  0.2  0.0  0.0  0.0  0.0  0.2
  0.0  1.0  1.2  1.0  0.0  0.4  0.2  0.0  0.0  1.4  0.4  0.0  1.9  0.8  0.0
  6.2  1.0  0.0  7.2  3.3  0.6  5.2  3.1  0.0  0.0  0.0  0.0  0.0  0.0  0.0
  0.0  0.0  0.2  0.0  0.0  0.0  0.2  4.5  4.5  4.1 10.1 15.7  1.6  6.8  5.6
  4.1  2.5  0.4  0.8  0.0  1.4  1.6 19.6  6.8 18.8  2.1  2.5  9.1  2.3  0.0
      2.88     -0.36      5.73     -1.37      2.19  0.8  0.2  0.0  0.0  0.0
                                         4000_story_3091.txt 36.8  4.2 4149
 24.6 10.8 23.6 65.6 23.6  1.9  3.9  6.5 29.2 12.1  1.2  0.7  1.4  9.4  2.2
  0.7  1.4  5.3 12.5  3.4  1.9229.0 83.2 22.7 92.8 79.1  8.9  7.2  1.7  1.0
  0.7  0.5 21.9 11.3  9.9 34.5  8.7  7.0  1.2  4.1  2.4  3.6  4.1  5.1  0.0
  1.9  5.5  1.9  1.7  2.2 14.7 23.4  7.0  4.8  3.4 54.7131.8  3.1167.0  9.6
  0.7  0.0  0.0  0.0  0.0  0.0  0.0  0.0  0.0  0.0  0.0  0.0  0.0  0.0  0.0
  0.0  0.0  0.0  3.4  1.4  4.3  3.6  0.0  0.0  0.0  0.0  0.0  0.0  0.0  0.0
  1.2  3.6  1.2  0.5  0.0  0.2  0.0  0.0  0.0  0.0  0.2  0.0  2.7  2.4  0.0
 12.8  0.0  0.0 12.8  6.5  0.2  6.7  5.3  0.0  0.0  0.0  0.0  0.0  0.0  0.0
  0.0  0.7  1.0  0.0  0.0  0.0  0.2 15.4  3.9  3.1  9.9 21.0  2.4  5.5  4.6
  1.7  1.4  1.2  1.4  1.4  0.0  0.0 31.8 12.5 35.9  1.7  3.4  8.0  2.7  0.0
     13.93      3.89     -3.29     -0.10      0.32  1.0  0.0  0.2  0.0  0.0
                                         4000_story_3094.txt 27.5  3.9 4782
 18.6  8.8  9.4 64.2 18.4  2.5  4.0  3.1 29.7 18.0  0.6  0.4  0.0  5.9  0.4
  1.9  1.0  6.7 18.0  1.7  1.9164.2 85.3 25.1 96.0108.1 13.8 15.9  1.9  4.0
  1.5  2.9 14.8  5.6  9.2 42.5 11.1  5.9  2.1  3.1  2.5  1.3  7.1  8.8  0.2
  2.5  4.2  3.1  2.3  6.1 15.1 28.6 11.5  2.7  7.3 54.8156.2  4.8174.6  8.4
  1.7  0.4  0.0  0.0  0.0  0.0  0.0  0.0  0.0  0.0  0.0  0.0  0.0  0.0  0.0
  0.0  0.0  0.0  4.0  1.0  4.2  3.1  0.6  0.0  0.0  0.0  0.0  0.0  0.0  1.0
  0.2  2.7  0.4  0.8  0.0  0.4  0.2  0.2  0.0  0.4  0.2  0.2  4.0  1.7  0.0
 12.3  0.6  0.0 13.0  5.2  0.8  6.5  6.1  0.0  0.0  0.0  0.0  0.0  0.0  0.0
  1.0  0.6  0.2  0.2  0.0  0.0  0.4 17.1  1.7  3.6 11.9 11.5  2.7  4.6  3.6
  2.3  4.6  3.1  0.8  0.4  0.0  0.0 33.0 27.6 25.7  2.5  3.6 10.2  3.1  0.0
      9.90      7.83      0.78     -1.41      3.12  0.4  0.2  0.4  0.0  0.0
                                         4000_story_3098.txt 24.0  3.6 2489
 30.1 18.9 76.3161.5 35.4  9.2 14.5 12.9 96.4 21.3 10.4  2.4  0.0  8.8  8.0
  2.0  3.2 19.3 10.8  2.0  4.8 96.0 46.6  9.6 29.3 73.1  6.8  8.8  0.4  0.0
  0.0  4.0  6.0 12.9  4.0 39.4 10.0 36.6  1.2 12.9  8.8  2.0  4.4  1.2  0.0
  0.0  3.2  4.8  4.4 14.1 64.7 33.3  1.2  5.2  0.4 49.4204.9  2.0184.8  7.6
  0.0  0.8  0.0  0.0  0.0  0.0  0.0  0.0  0.0  0.0  0.0  0.0  0.0  0.0  0.0
  0.0  0.0  0.0  6.4  4.0  8.0  4.0  0.4  0.4  0.4  0.0  0.0  0.0  0.0  1.2
  0.0  2.8  1.2  0.0  0.0  0.0  0.0  0.8  0.4  0.4  0.0  0.0  6.8  1.2  0.0
 22.5  1.2  0.0 23.7  5.2  1.2  6.8  8.0  0.0  0.0  0.0  0.0  0.0  0.0  0.0
  0.8  0.0  0.0  0.0  0.0  0.0  0.8  5.2  0.4  0.0  6.8 15.3  0.8  2.8  4.0
  0.4  1.2  0.4  0.4  0.0  0.0  0.0 18.5 25.3 43.0  8.8  3.2  8.4  3.2  0.0
     52.38      1.44     -3.98     13.35     -0.68  0.0  0.0  0.0  0.0  0.0
                                         4000_story_3099.txt 33.5  4.6 2249
 12.0  2.2  4.9104.9 13.8  2.2  3.6  7.1  5.8 19.6  1.8  0.0  0.4  4.4  0.9
  1.3  0.4  5.8 10.2  0.0  1.3211.6115.6 61.4  5.8 72.0  4.0  5.3  3.6  6.7
  1.3  0.9 32.5  2.7  6.7 59.6 11.1  5.8  1.3  2.7  5.8  8.0  7.6  8.0  0.9
  0.4  6.2  3.6  1.8  7.1 17.3 20.0  9.3  0.4 11.6 98.3 91.6  3.1126.7  8.4
  1.8  0.0  0.0  0.0  0.0  0.0  0.0  0.0  0.0  0.0  0.0  0.0  0.0  0.0  0.0
  0.0  0.0  0.0  0.4  0.9  1.3  2.7  0.0  0.4  0.0  0.0  0.0  0.0  0.0  0.0
  0.0  0.4  0.9  1.3  0.0  0.9  0.0  0.0  0.0  0.9  0.0  0.0  9.8  0.9  0.0
  5.3  0.4  0.0  5.8  2.7  0.9  4.4 10.7  0.0  0.0  0.0  0.0  0.0  0.0  0.0
  0.4  0.4  0.0  0.4  0.0  0.0  0.0  8.9  4.4  2.7 12.4  5.8  2.2  4.9  4.4
  1.3  4.9  0.0  0.0  2.7  0.0  1.3 28.9 12.0 18.2  1.3  2.2  6.2  0.4  0.0
     -3.03     -0.58      4.09      2.37      3.14  1.3  0.4  0.4  0.0  0.0
                                         4000_story_3106.txt 33.8  4.3 2015
 10.4  2.0  4.0 94.8  3.5  2.0  2.5  2.5  0.5  8.4  1.0  0.5  0.0  3.5  0.5
  1.0  0.5  6.9 25.8  0.5  2.5231.3103.2 42.2 16.9 66.0  3.5  2.5  1.0  2.5
  0.0  3.5 26.8  8.4 15.4 39.2 12.4  9.4  0.5  5.5  1.5  4.5  2.5  8.4  0.5
  0.5  8.9  2.0  2.0  3.0 17.9 44.2  9.4  1.0  3.5 85.4 70.0  1.0133.0 10.9
  4.5  0.5  0.0  0.0  0.0  0.0  0.0  0.0  0.0  0.0  0.0  0.0  0.0  0.0  0.0
  0.0  0.0  0.0  0.5  1.0  2.0  1.5  0.0  0.5  0.0  0.0  0.0  0.0  0.0  0.0
  0.5  0.5  3.5  0.0  0.0  2.0  0.0  0.5  1.0  1.0  0.5  0.0  4.5  1.0  0.0
  5.0  0.5  0.0  5.5  4.5  3.5  8.9  6.0  0.0  0.0  0.0  0.0  0.0  0.0  0.0
  0.5  1.0  0.0  0.0  0.0  0.0  1.5 11.9  2.5  1.0 14.9  9.4  1.5  3.5  6.5
  0.5  4.5  1.5  0.0  0.0  3.0  0.0 41.7  5.5 16.9  2.0  4.5  4.0  2.0  0.0
     -2.23     -1.11     -3.22      0.78     -0.26  0.0  1.0  0.0  0.0  0.0
                                         4000_story_3107.txt 35.0  4.3 3543
  9.0  1.7 13.8 48.0  7.1  1.1  2.8  2.5  5.9 13.8  1.1  0.3  0.0  5.1  0.0
  2.0  1.1  3.4 30.5  0.6  2.0242.7109.5 37.5 69.2 63.8 13.3  8.2  1.1  3.4
  0.8  3.4 33.6  5.9 11.3 35.0 13.5  9.3  0.8  3.7  1.4  1.7  6.5  7.6  1.1
  3.4  3.7  2.0  2.3  1.7 14.1 41.5 12.1  1.7  5.4 72.8 76.8  3.1141.7  9.0
  2.5  0.6  0.0  0.0  0.0  0.0  0.0  0.0  0.0  0.0  0.0  0.0  0.0  0.0  0.0
  0.0  0.0  0.0  2.0  1.1  1.4  0.3  0.3  0.3  0.0  0.0  0.0  0.3  0.0  0.6
  0.6  0.8  0.6  0.6  0.3  0.3  0.0  0.0  0.0  0.8  0.3  0.0  1.1  0.0  0.0
  4.8  0.6  0.3  5.6  3.1  0.6  4.5  1.4  0.0  0.0  0.0  0.0  0.0  0.0  0.0
  2.0  0.6  0.0  0.0  0.0  0.0  0.3  9.6  3.4  1.7  9.9 16.4  3.7  5.1  7.3
  1.4  3.4  0.6  1.1  1.7  1.1  0.3 37.5 15.2  9.3  2.0  2.5  5.9  4.2  0.0
     -0.87      3.45      0.69     -1.10      3.55  1.4  0.0  0.0  0.0  0.0
                                         4000_story_3115.txt 32.8  3.9 2821
 16.3  3.9 23.4 74.8  9.2  0.7  2.8  5.0 16.0 12.4  1.4  0.0  0.4  4.3  0.0
  1.4  1.1  4.3 34.0  1.1  3.5233.6 93.6 31.5 57.8 70.9  5.0 12.1  0.0  1.4
  0.0  1.4 18.8  2.8 15.6 42.5  5.7  8.2  0.7  2.8  1.4  1.4  6.0  3.9  0.4
  1.4  6.0  2.5  3.5  1.8 13.8 44.3  5.7  2.1  1.4 56.7 96.1  3.5138.2  7.4
  4.3  0.4  0.0  0.0  0.0  0.0  0.0  0.0  0.0  0.0  0.0  0.0  0.0  0.0  0.0
  0.0  0.0  0.0  0.4  0.0  3.5  2.1  0.0  0.4  0.0  0.0  0.0  0.0  0.0  0.0
  0.0  0.0  1.4  0.7  0.0  0.4  0.0  0.0  0.0  0.7  0.0  0.0  5.3  0.4  0.0
  6.0  0.4  0.0  6.4  2.1  0.4  3.2  5.7  0.0  0.0  0.0  0.0  0.0  0.0  0.0
  0.0  1.4  0.4  0.0  0.0  0.0  0.7 10.6  1.1  2.5 11.7 26.9  0.4  9.2  9.9
  1.1  3.9  9.9  0.0  0.7  0.7  0.7 37.2 15.6 18.8  4.3  1.1  6.4  2.8  0.0
      5.96      2.51     -4.30     -1.90      1.46  0.4  0.4  0.4  0.0  0.0
                                         4000_story_3117.txt 35.3  4.1 2577
  8.9  3.5 26.0 49.7  9.3  0.4  1.9  3.9 29.9  7.8  1.2  0.4  0.0  3.1  0.0
  1.2  1.2  4.3 25.6  0.8  1.9244.1107.9 31.0 67.9 49.7  8.9  7.8  1.9  1.9
  0.8  2.3 20.2  6.6 11.3 38.4 14.4  6.6  0.8  1.9  1.9  2.3  4.3  8.1  0.0
  1.9  6.6  1.2  3.9  4.3 12.8 36.9 10.1  1.9  4.7 68.7 88.9  2.3137.4  4.7
  3.1  0.8  0.0  0.0  0.0  0.0  0.0  0.0  0.0  0.0  0.0  0.0  0.0  0.0  0.0
  0.0  0.0  0.0  2.3  0.0  1.2  1.6  0.0  0.4  0.4  0.0  0.0  0.0  0.0  0.8
  0.4  1.6  1.6  1.9  0.0  0.4  0.0  0.4  0.4  0.0  0.8  0.0  4.3  0.8  0.0
  5.0  0.8  0.0  5.8  6.2  1.2  7.4  5.8  0.0  0.0  0.0  0.0  0.0  0.0  0.0
  0.0  0.4  0.0  0.0  0.0  0.4  0.4 10.5  4.7  1.9  9.7  6.6  1.9  8.9  7.8
  1.2  1.6  6.2  0.0  1.9  1.2  0.4 37.6 14.0 14.4  0.0  2.3  7.4  1.6  0.0
     -0.47      1.87     -1.32     -2.05      0.90  0.8  0.0  0.0  0.0  0.0
                                         4000_story_3119.txt 28.8  4.5 2237
 13.4  3.6  8.5 36.7  4.9  1.3  3.6  5.4 12.1 12.5  3.6  0.4  0.4  7.2  0.4
  4.5  0.4  4.5 20.1  0.4  0.9258.8112.7 39.8 77.8 54.1  8.5 10.3  2.2  2.2
  1.3  2.7 47.4  0.4  8.0 35.8 11.2  7.2  0.4  3.1  1.8  2.2  2.7  6.3  1.3
  2.2  4.5  2.2  1.3  4.9 13.4 30.8  9.8  0.9  5.8 74.2 71.1  4.5131.0  5.8
  1.3  0.9  0.0  0.0  0.0  0.0  0.0  0.0  0.0  0.0  0.0  0.0  0.0  0.0  0.0
  0.0  0.0  0.0  0.9  1.3  2.7  3.6  1.3  0.4  0.4  0.0  0.0  0.4  0.4  0.0
  0.0  1.3  0.0  1.3  0.0  0.4  0.9  0.0  0.0  0.0  0.0  0.0  2.2  0.0  0.0
  8.5  2.2  0.9 11.6  2.7  1.3  4.0  2.2  0.0  0.0  0.0  0.0  0.0  0.0  0.0
  0.4  0.4  0.4  0.0  0.0  0.0  0.0 10.7  5.4  5.4 11.6  8.5  1.8  3.6  7.6
  2.2  0.9  3.6  0.0  0.4  0.0  0.0 21.9 14.8 17.4  0.4  4.5 12.1  3.1  0.0
     -1.66      2.77      4.38     -1.59      0.75  1.3  0.0  0.4  0.0  0.0
                                         4000_story_3120.txt 34.5  4.3 3321
 12.0  3.0  6.3 42.5 10.5  0.0  1.2  1.2 11.1 11.1  1.8  0.0  0.3  2.4  0.3
  1.2  0.9  4.5 28.0  0.6  1.2220.4111.7 52.1 69.0 91.8 10.8  9.3  2.4  1.2
  0.9  3.6 25.0  9.3  7.5 37.9  5.7  4.5  0.6  1.8  1.5  1.2  8.7  3.0  0.6
  1.8  4.5  2.1  0.9  2.7 10.5 37.9  5.4  1.5  4.5 86.4113.5  1.5126.2  8.1
  1.2  0.3  0.0  0.0  0.0  0.0  0.0  0.0  0.0  0.0  0.0  0.0  0.0  0.0  0.0
  0.0  0.0  0.0  2.1  0.0  1.2  0.9  0.6  0.0  0.0  0.0  0.0  0.0  0.0  0.0
  0.0  0.6  0.6  0.3  0.0  0.3  0.0  0.0  0.0  0.6  0.0  0.0  3.9  1.2  0.0
  4.2  0.6  0.0  4.8  1.5  0.3  2.4  5.1  0.0  0.0  0.0  0.0  0.0  0.0  0.0
  0.0  0.0  0.0  0.0  0.0  0.0  0.0 10.8  1.8  0.6 13.6 12.6  1.5  5.1  7.2
  3.9  5.7  0.9  2.7  2.1  0.3  0.3 23.5 17.2 14.8  2.1  4.2  7.8  3.0  0.0
     -4.05      4.44     -0.15     -3.32      3.33  0.3  0.3  0.0  0.0  0.0
                                         4000_story_3121.txt 36.3  4.3 2770
 13.0  4.3  1.8 27.8  2.5  0.4  1.4  1.1  2.5 10.5  1.4  0.0  1.4  4.3  0.7
  0.4  0.7  5.8 19.1  0.4  2.5236.8112.3 44.0 87.4 85.2  9.0  4.0  0.4  1.1
  1.4  7.6 23.8  6.1  4.7 30.0  9.0  5.1  0.7  2.9  0.4  2.2  4.7  6.5  1.4
  2.9  6.1  2.2  1.4  1.8 11.2 35.7 10.8  1.1  2.9 76.9 90.3  2.5140.8 11.6
  4.3  0.0  0.0  0.0  0.0  0.0  0.0  0.0  0.0  0.0  0.0  0.0  0.0  0.0  0.0
  0.0  0.0  0.0  1.1  1.1  2.9  2.5  0.4  0.0  0.0  0.0  0.0  0.0  0.4  0.0
  0.7  0.4  1.8  1.4  0.0  0.4  0.4  0.0  0.0  0.4  0.0  0.7  2.5  0.0  0.0
  7.6  0.4  0.4  8.3  4.3  0.7  5.4  3.2  0.0  0.0  0.0  0.0  0.0  0.0  0.0
  0.0  0.7  0.0  0.0  0.0  0.0  0.4 11.2  2.9  2.2 11.2 11.2  1.1 10.1 10.5
  0.7  1.8  0.0  0.7  0.4  1.8  0.0 35.0  9.0 18.8  1.1  5.8 10.8  6.1  0.0
     -5.44      3.40      2.67     -2.82      2.33  1.1  0.0  0.0  0.0  0.0
                                         4000_story_3123.txt 32.8  4.4 2370
 15.6  2.5  0.4 25.3  1.3  0.4  2.1  3.8  1.3 10.5  2.1  0.0  0.4  3.4  0.4
  0.0  0.0  3.8 30.0  0.0  3.4231.2119.4 47.7 82.3 86.5 15.2  3.0  2.1  6.8
  0.4  2.5 39.7  4.2  5.5 34.2 11.0  5.9  0.0  3.0  1.3  2.5  3.4  8.4  0.4
  2.5  3.8  3.0  2.5  4.6 11.0 39.2 11.4  0.0  9.3 75.9 89.0  4.2129.5  6.3
  0.4  0.8  0.0  0.0  0.0  0.0  0.0  0.0  0.0  0.0  0.0  0.0  0.0  0.0  0.0
  0.0  0.0  0.0  0.8  3.0  0.8  0.8  0.0  0.0  0.4  0.0  0.0  0.4  0.0  0.0
  1.3  0.0  1.7  0.4  0.0  0.8  0.0  0.0  0.0  0.4  0.0  0.4  3.8  0.4  0.0
  5.5  0.4  0.4  6.3  3.4  0.8  4.6  4.6  0.0  0.0  0.0  0.0  0.0  0.0  0.0
  0.4  0.0  0.0  0.0  0.0  0.0  0.4 11.0  2.5  4.2 15.6 13.9  3.8  6.8  7.2
  3.8  3.4  0.4  0.8  0.8  0.0  0.0 29.5  7.6 17.7  0.8  6.8  4.2  4.2  0.0
     -6.38      4.29      4.91     -2.24      0.90  1.7  0.4  0.0  0.0  0.0
                                         4000_story_3124.txt 31.3  4.2 4939
 21.7  6.9  5.7 61.8 20.2  1.0  4.5  6.1 29.6 16.6  2.2  0.4  0.8  4.9  0.8
  3.4  0.8  6.9 23.1  2.0  2.8187.7103.1 37.1 69.9 62.8 17.2  4.3  0.6  3.2
  1.6  4.9 25.5  6.3  7.7 38.7 13.2  7.7  1.0  2.8  2.2  2.6  4.7  8.5  0.2
  1.6  6.3  3.4  2.2  6.3 16.8 37.5 10.3  2.8  5.5 71.5112.6  2.0149.8  8.3
  4.9  0.0  0.0  0.0  0.0  0.0  0.0  0.0  0.0  0.0  0.0  0.0  0.0  0.0  0.0
  0.0  0.0  0.0  2.0  2.0  4.9  2.6  0.2  0.2  0.0  0.0  0.0  0.2  0.0  0.8
  0.6  1.6  0.8  0.8  0.2  0.4  0.4  0.2  0.2  0.8  0.4  0.0  6.7  0.8  0.0
 11.5  0.4  0.2 12.1  4.7  1.4  6.9  7.9  0.0  0.0  0.0  0.0  0.0  0.0  0.0
  0.6  1.0  0.4  0.0  0.0  0.0  0.0 11.5  2.2  2.6 12.8 12.1  2.8  6.5  7.3
  3.4  1.2  2.2  0.2  0.6  0.8  0.0 25.9 10.5 32.2  2.6  4.5  8.9  2.8  0.0
      9.45      3.46      1.74     -1.04      1.25  0.2  0.0  0.0  0.0  0.0
                                         4000_story_3126.txt 29.3  4.1 2412
 17.4  2.5  1.2 60.1  2.9  0.4  2.5  1.2  4.1 13.3  0.0  1.2  0.0  2.1  0.0
  1.7  0.8  4.6 33.2  1.7  0.0232.6111.9 32.8 62.2 85.0  6.6  6.2  1.2  3.7
  0.0  5.0 22.0  5.4  9.5 25.7 10.8  3.7  0.4  0.8  2.5  1.7  1.7  7.5  0.4
  1.7  6.2  3.7  1.7  4.6 10.8 46.4  9.5  2.5  5.0 56.4 92.0  2.9143.0  5.4
  2.1  0.4  0.0  0.0  0.0  0.0  0.0  0.0  0.0  0.0  0.0  0.0  0.0  0.0  0.0
  0.0  0.0  0.0  2.9  0.4  2.1  0.0  0.0  0.4  0.4  0.0  0.4  0.0  0.0  0.4
  0.4  0.8  0.4  0.4  0.4  0.4  0.0  0.0  0.0  0.0  0.0  0.0  1.2  0.0  0.0
  5.4  0.8  0.4  6.6  2.5  0.8  3.3  1.2  0.0  0.0  0.0  0.0  0.0  0.0  0.0
  0.8  0.0  0.0  0.0  0.0  0.0  0.0 17.0  2.5  0.4  2.9 17.4  5.8  9.1  7.0
  3.7  3.3  3.3  1.2  0.0  0.0  0.0 27.4 16.2 21.1  0.4  7.0 10.8  4.6  0.0
     -0.74      2.52      1.13     -3.36     -0.61  0.0  0.0  0.0  0.4  0.0
                                         4000_story_3127.txt 28.8  4.3 2951
 16.3  3.4  8.5 42.0  4.1  0.0  2.0  4.1  6.8 16.6  1.7  0.7  0.3  5.8  0.3
  1.4  1.4 10.5 26.4  1.7  1.4207.7 98.9 38.3 79.3 39.0 10.8  6.4  0.7  4.7
  1.0  4.7 23.0  2.7  5.4 39.3 15.6  6.8  0.7  5.8  2.0  1.7  7.5  9.5  0.7
  1.7  7.5  4.1  4.1  4.1 19.3 45.1 11.9  3.0  6.4 70.8 49.8  3.0140.3  4.1
  2.7  0.7  0.0  0.0  0.0  0.0  0.0  0.0  0.0  0.0  0.0  0.0  0.0  0.0  0.0
  0.0  0.0  0.0  3.4  1.4  2.7  2.4  0.0  0.3  0.7  0.0  0.3  0.7  0.0  0.7
  0.7  1.0  1.4  1.0  0.7  0.3  0.0  0.0  0.0  0.0  0.0  0.0  3.7  0.7  0.0
  9.8  1.0  1.0 11.9  4.7  1.0  5.8  4.4  0.0  0.0  0.0  0.0  0.0  0.0  0.0
  2.7  1.0  0.3  0.0  0.0  0.0  0.7  7.1  1.7  2.0  8.1  8.5  0.7  8.1  6.1
  1.7  3.7  0.7  0.3  0.7  1.0  0.7 29.5 13.6 19.0  3.7  4.7 12.5  2.7  0.0
      4.58      1.89      3.42     -0.51      3.54  1.0  0.0  0.0  0.0  0.0
                                         4000_story_3133.txt 29.0  4.1 2148
 25.1 11.6  5.1 54.5  7.9  3.7  2.8  7.4 71.2 11.6  0.5  0.9  0.0  6.1  0.5
  5.1  1.9  6.5 27.9  1.4  1.4177.4 82.4 43.3 93.6 54.5 13.0  8.4  1.4  1.4
  1.4  5.6  9.3  5.6  7.0 34.5 12.1  3.7  2.8  2.8  3.3  2.8  4.7  7.4  0.0
  1.4  6.5  2.3  4.7  4.7 13.5 43.8  8.8  3.3  4.2 80.1133.6  1.9165.7  6.1
  1.4  0.0  0.0  0.0  0.0  0.0  0.0  0.0  0.0  0.0  0.0  0.0  0.0  0.0  0.0
  0.0  0.0  0.0  5.6  0.5  4.2  5.1  0.0  0.0  0.0  0.0  0.0  0.0  0.0  0.9
  0.0  0.9  2.8  1.4  0.0  0.5  0.0  0.0  0.9  0.0  0.5  0.0  2.8  0.0  0.0
 15.4  0.0  0.0 15.4  6.1  1.4  7.4  3.3  0.0  0.0  0.0  0.0  0.0  0.0  0.0
  0.5  1.4  0.0  0.0  0.0  0.0  0.9  9.3  1.4  1.4  6.1  7.9  2.3  6.5  6.1
  2.8  7.9  0.9  1.4  0.0  0.5  0.0 33.5 14.9 29.3  2.3  1.9 11.2  4.2  0.0
     14.63      3.83      0.87     -0.88      0.86  0.5  0.0  0.0  0.0  0.0
                                         4000_story_3136.txt 29.8  4.2 2172
 18.4  4.6  7.8 47.4  8.7  0.0  2.3  3.2 11.0 16.1  0.9  0.9  0.5  2.8  0.5
  1.8  1.8  1.8 30.4  1.8  1.4207.6116.9 38.7 78.7 88.4 11.5  3.7  4.6  7.8
  0.5  5.1 28.5  3.7  6.4 32.7 12.9  4.1  0.5  1.4  2.3  0.5  4.6  7.8  0.5
  1.4  4.1  5.1  1.4  5.1  8.3 41.9  9.7  3.7 12.9 74.6108.2  3.7147.8  6.0
  1.4  0.5  0.0  0.0  0.0  0.0  0.0  0.0  0.0  0.0  0.0  0.0  0.0  0.0  0.0
  0.0  0.0  0.0  1.4  1.8  5.5  0.9  0.5  0.0  0.0  0.0  0.0  0.0  0.0  0.0
  0.9  0.9  0.9  0.5  0.0  1.8  0.0  0.0  0.0  0.0  0.0  0.0  1.8  0.5  0.0
  9.7  0.5  0.0 10.1  3.2  1.8  5.1  2.3  0.0  0.0  0.0  0.0  0.0  0.0  0.0
  1.8  0.9  0.0  0.0  0.0  0.5  0.0 11.0  3.2  3.2  9.2 13.8  1.4  4.6  5.5
  1.8  3.2  0.9  0.5  0.5  0.0  0.5 27.6 12.9 19.8  2.8  5.1  7.8  2.8  0.0
      3.15      3.69      7.07     -3.56      1.24  0.9  0.0  0.0  0.0  0.0
                                         4000_story_3138.txt 32.3  4.3 4296
 10.9  3.7  1.2 45.2 10.5  0.5  3.0  0.7  9.1 11.9  0.9  0.2  0.7  2.3  0.2
  2.1  0.2  3.3 26.8  0.0  1.9233.7108.2 43.8 74.5 61.5 12.8  5.8  0.9  4.4
  2.3  2.8 26.3  4.4  6.1 34.9 12.6  6.3  2.3  2.6  0.9  2.8  4.4  8.4  0.9
  1.9  4.4  1.2  4.4  7.4 10.5 36.8 11.2  0.2  7.7 77.3 81.0  4.4138.0  6.3
  3.5  0.2  0.0  0.0  0.0  0.0  0.0  0.0  0.0  0.0  0.0  0.0  0.0  0.0  0.0
  0.0  0.0  0.0  1.9  0.5  2.6  2.1  0.0  0.0  0.0  0.0  0.2  0.2  0.0  0.5
  0.7  0.9  0.7  0.7  0.0  0.2  0.0  0.2  0.0  0.5  0.0  0.2  3.5  0.5  0.0
  7.0  0.0  0.5  7.4  3.5  0.5  4.4  4.2  0.0  0.0  0.0  0.0  0.0  0.0  0.0
  0.2  0.2  0.5  0.0  0.0  0.0  0.2  8.6  2.6  2.3  7.4 11.2  0.9  6.8  8.1
  2.8  1.2  0.7  1.4  1.6  0.5  0.5 29.6 10.9 13.3  1.6  3.3  5.1  3.0  0.0
     -5.33      2.99      3.68     -1.63      1.72  0.2  0.5  0.0  0.0  0.0
                                         4000_story_3140.txt 33.3  4.3 4956
 16.3  3.8  3.0 57.5  2.8  0.2  2.8  3.0 52.3 15.1  3.0  1.0  1.2  4.0  0.2
  3.0  0.2  6.1 26.2  1.2  3.4217.5115.4 47.0 51.0 33.1 10.1  4.2  3.8  4.0
  3.4  3.8 40.2  5.0  3.0 34.3 15.1  3.0  0.8  1.8  2.2  3.8  2.6  9.3  0.8
  1.6  7.3  6.5  2.2  7.1 11.3 40.2 11.7  1.4 11.3 76.7 88.2  4.0126.7  5.2
  1.4  0.4  0.0  0.0  0.0  0.0  0.0  0.0  0.0  0.0  0.0  0.0  0.0  0.0  0.0
  0.0  0.0  0.0  2.0  1.4  4.2  1.6  0.2  1.0  0.2  0.0  0.2  0.6  0.0  0.4
  1.2  1.2  0.8  1.0  0.2  1.0  0.2  1.0  0.2  0.4  0.2  0.0  2.6  0.6  0.0
  9.3  1.4  0.8 11.5  4.6  2.6  7.7  3.4  0.0  0.0  0.0  0.0  0.0  0.0  0.0
  0.2  0.2  0.0  0.0  0.2  0.0  0.2 21.0  6.1  3.0 16.9 12.5  1.4  7.7  4.0
  3.0  2.8  2.0  0.8  0.4  1.0  1.0 20.6 11.9 24.4  2.0  4.2  6.5  2.8  0.0
      2.26      0.15      8.29     -2.21      0.56  0.4  0.2  0.0  0.0  0.0
                                         4000_story_3144.txt 32.5  3.8 2954
 21.0  6.4 15.9 75.5 14.9  3.0  5.4  5.1 26.1 17.6  2.0  2.4  0.7  7.1  0.0
  6.4  0.3  7.8 27.8  3.7  1.0161.5 64.7 16.6 82.3 94.8 12.9 13.5  0.3  2.0
  0.3  2.0  4.4  9.5  5.8 43.7 20.3 12.9  0.3  3.4  2.0  2.4  7.8  8.8  0.7
  0.3 10.8  4.7  1.0  5.1 22.7 46.4  9.8  4.1  2.7 50.8135.7  6.4174.0  7.4
  1.7  1.0  0.0  0.0  0.0  0.0  0.0  0.0  0.0  0.0  0.0  0.0  0.0  0.0  0.0
  0.0  0.0  0.0  5.8  0.7  4.7  0.7  0.7  0.3  0.0  0.0  0.0  0.0  0.0  1.4
  0.7  2.4  3.4  1.0  0.3  0.3  0.0  0.3  0.0  0.0  0.0  0.0  3.7  0.0  0.0
 11.8  1.0  0.0 12.9  8.8  1.0  9.8  3.7  0.0  0.0  0.0  0.0  0.0  0.0  0.0
  0.0  0.3  0.0  0.0  0.0  0.3  0.3 13.2  3.0  2.0 10.8  7.4  1.7  6.4  3.4
  0.7  1.4  0.7  0.7  1.4  0.0  0.0 28.8 22.0 31.5  4.1  3.0  7.8  7.1  0.0
     18.84      6.17     -3.33      0.02      3.20  0.3  0.3  0.7  0.3  0.0
                                         4000_story_3145.txt 30.5  4.0 2047
 19.5  7.8 10.7 70.8 15.1  2.4  3.4  5.9 16.6 11.7  2.9  2.9  0.0  8.3  0.5
  3.4  1.5  5.9 26.4  2.0  2.0167.6 73.8 26.4 82.6 94.8 14.2 11.7  0.0  2.4
  1.0  2.9 11.7 11.2  8.3 45.9 13.2 11.2  1.5  5.4  4.4  3.4  3.9  2.9  0.0
  0.0 11.7  6.4  2.4  8.3 21.5 49.3  2.9  3.4  3.4 55.2126.5  5.4165.1  5.9
  1.5  0.5  0.0  0.0  0.0  0.0  0.0  0.0  0.0  0.0  0.0  0.0  0.0  0.0  0.0
  0.0  0.0  0.0  5.4  2.0  5.4  3.4  0.5  0.5  0.0  0.0  0.0  0.0  0.0  1.0
  1.0  2.0  0.5  1.0  0.0  0.5  0.5  0.0  0.0  0.5  0.0  0.0  5.4  0.0  0.0
 16.1  1.0  0.0 17.1  5.4  1.0  6.8  5.4  0.0  0.0  0.0  0.0  0.0  0.0  0.0
  0.5  0.5  1.0  0.0  0.5  0.0  0.5 13.2  0.5  1.5  8.3 11.2  2.4  7.8  2.4
  0.0  5.4  1.5  1.5  0.5  0.0  0.0 27.4 20.0 28.8  1.5  5.4  8.8  3.4  0.0
     15.12      6.10     -3.28      2.45     -0.74  0.0  0.5  0.0  0.0  0.0
                                         4000_story_3150.txt 31.0  4.0 2076
 16.9  4.3  3.9 59.7 12.0  0.5  4.3  3.4 10.1 19.7  4.8  1.0  1.4  7.7  0.5
  3.9  1.9 12.0 25.0  1.9  3.4154.6 77.1 30.3 85.3104.0 14.9  6.3  0.0  1.4
  0.0  3.4 20.2  7.2  8.2 36.1 15.4  8.7  1.4  2.9  5.3  1.4  8.2  8.2  0.0
  1.0 11.6  4.3  1.4  9.2 26.0 43.8  9.2  3.9  1.4 71.3126.2  3.9162.3 11.1
  1.0  1.0  0.0  0.0  0.0  0.0  0.0  0.0  0.0  0.0  0.0  0.0  0.0  0.0  0.0
  0.0  0.0  0.0  3.9  0.5  2.9  1.0  0.5  0.5  0.0  0.0  0.5  0.0  0.0  0.0
  0.5  1.0  1.4  1.0  0.0  1.0  0.0  0.5  0.0  0.5  0.0  0.0  4.8  0.0  0.0
  8.2  1.0  0.5  9.6  3.9  1.4  5.8  4.8  0.0  0.0  0.0  0.0  0.0  0.0  0.0
  0.0  0.0  0.0  0.0  0.0  0.0  0.5 15.9  1.0  1.4  5.3 14.5  1.0  9.2  1.9
  0.5  2.4  5.8  1.9  0.5  0.0  0.0 26.5 14.9 31.3  2.9  4.8 15.4  3.4  0.0
     15.14      5.73     -2.18      0.34      3.04  0.5  0.5  0.5  0.0  0.0
                                         4000_story_3152.txt 30.8  4.0 2197
 24.6  8.2  3.2 59.2 11.8  0.5  4.1  6.4 16.8  8.6  1.8  0.0  0.9  4.6  0.0
  4.6  1.4  8.6 23.7  3.2  3.2156.1 86.9 20.0 84.2110.2 14.6  8.6  1.4  1.8
  0.9  9.1  9.6  9.6  8.2 54.2 12.7  6.8  0.0  3.6  1.8  3.6  9.6  7.7  0.0
  1.4  6.4  5.0  2.7  7.7 17.3 42.8  9.1  4.6  4.1 60.5138.8  5.9157.0  5.5
  1.4  0.5  0.0  0.0  0.0  0.0  0.0  0.0  0.0  0.0  0.0  0.0  0.0  0.0  0.0
  0.0  0.0  0.0  4.6  0.9  6.8  4.6  0.5  0.0  0.0  0.0  0.0  0.0  0.0  0.0
  0.0  2.7  0.5  1.8  0.0  0.0  0.0  0.0  0.0  0.5  0.0  0.0  8.6  0.5  0.0
 16.8  0.5  0.0 17.3  5.0  0.0  5.5  9.1  0.0  0.0  0.0  0.0  0.0  0.0  0.0
  0.0  0.5  0.0  0.0  0.0  0.0  0.0 35.0  1.8  1.8  5.9 13.2  0.0  3.6  2.7
  0.5  2.7  2.7  0.9  0.9  0.0  0.0 31.4 13.7 33.7  1.4  1.8 12.7  7.3  0.0
     12.59      6.34     -0.67     -1.00      3.96  0.9  0.0  0.5  0.0  0.0
                                         4000_story_3162.txt 33.0  4.3 2426
  6.2  1.6  0.0 25.1  2.1  0.0  2.5  1.2 44.5 14.4  0.0  0.4  0.0  2.5  0.0
  0.8  0.0  2.1 37.1  0.0  1.6219.7155.0 50.3 57.3 26.4 13.6  0.8  2.9  4.9
  2.9  5.8 30.9  7.0  8.7 43.7  4.1  3.7  0.0  2.1  0.8  2.9  8.2  6.2  0.0
  1.2  4.9  5.4  2.9  2.1  6.6 50.3  7.4  0.0 10.7 82.9 73.0  1.2 96.0  5.8
  3.7  0.0  0.0  0.0  0.0  0.0  0.0  0.0  0.0  0.0  0.0  0.0  0.0  0.0  0.0
  0.0  0.0  0.0  0.4  0.8  2.5  1.2  0.0  0.0  0.0  0.0  0.0  0.0  0.0  0.0
  0.0  0.4  0.4  0.4  0.0  0.0  0.0  0.0  0.0  0.0  0.0  0.4  2.1  0.0  0.0
  4.9  0.0  0.0  4.9  1.2  0.0  1.2  2.5  0.0  0.0  0.0  0.0  0.0  0.0  0.0
  0.0  0.0  0.0  0.0  0.0  0.0  0.0  3.3  4.1  3.7  9.1  7.0  3.3  3.3 10.3
  1.2  1.6  0.8  2.1  0.0  1.6  0.0 16.1  5.8  9.1  1.2  4.5  5.4  1.2  0.0
     -7.38      0.10      5.02     -3.24      2.86  0.4  0.0  0.0  0.0  0.0
                                         4000_story_3164.txt 34.3  4.4 3660
  6.8  2.2  0.5 35.2  4.9  0.5  3.3  3.3 14.2 13.9  1.4  0.0  0.0  4.9  0.3
  3.8  0.8  5.5 25.4  0.8  1.9228.7125.1 35.2 60.1 45.4 13.1  5.2  1.6  3.8
  1.4  1.6 41.3  6.3  5.7 41.5 16.4  3.6  0.3  2.2  0.5  5.7  5.7 11.2  2.2
  3.0  5.7  2.7  3.6  3.3  9.6 35.0 16.4  1.6  6.8 65.3 64.5  1.9124.0  7.4
  0.8  0.0  0.0  0.0  0.0  0.0  0.0  0.0  0.0  0.0  0.0  0.0  0.0  0.0  0.0
  0.0  0.0  0.0  0.5  1.4  1.4  3.3  0.0  0.5  0.0  0.0  0.0  0.0  0.0  0.0
  1.9  0.3  1.1  1.9  0.3  0.8  0.0  0.5  0.0  1.1  0.3  0.0  3.6  0.8  0.0
  6.6  0.5  0.0  7.1  5.2  1.6  7.9  4.6  0.0  0.0  0.0  0.0  0.0  0.0  0.0
  0.8  0.8  0.3  0.0  0.0  0.0  0.0 15.0  3.3  3.6 13.9 12.6  2.7  3.8  7.9
  1.4  3.6  0.3  0.0  1.4  2.2  0.0 18.9 10.9 13.1  1.6  4.4  8.5  2.5  0.0
     -2.25      1.75      2.72     -2.12      4.31  1.1  0.5  0.0  0.0  0.0
                                         4000_story_3166.txt 34.0  4.6 4775
  5.7  1.5  0.4 26.8  5.4  0.0  1.0  4.2 11.7  6.7  0.8  0.0  0.2  2.3  0.4
  2.7  0.0  3.1 25.3  0.0  1.5249.6143.9 59.3 49.8 39.2  6.9  4.0  6.5  4.2
  1.7  6.7 43.1  2.1  7.7 44.8  9.0  2.9  0.0  0.2  0.8  3.4  5.4 10.1  0.8
  1.7  4.2  1.0  1.5  1.9  6.9 36.4 12.6  0.0 12.4 95.5 56.3  1.3 97.2  8.0
  0.6  0.0  0.0  0.0  0.0  0.0  0.0  0.0  0.0  0.0  0.0  0.0  0.0  0.0  0.0
  0.0  0.0  0.0  0.6  0.2  1.3  2.7  0.2  0.2  0.0  0.0  0.0  0.0  0.0  0.4
  0.6  0.0  0.4  1.9  0.0  0.0  0.2  0.2  0.2  0.6  0.4  0.2  1.7  1.7  0.0
  4.8  0.4  0.0  5.2  3.4  0.6  4.6  4.0  0.0  0.0  0.0  0.0  0.0  0.0  0.0
  0.2  0.0  0.0  0.0  0.0  0.0  0.0  8.0  4.6  2.7 13.6 16.1  4.0  4.6  7.1
  1.5  2.3  0.8  1.0  1.0  4.2  0.8 11.3  8.0  8.2  2.1  2.9  5.4  2.1  0.0
    -11.96     -0.28      8.46     -4.07      2.48  1.0  0.2  0.0  0.0  0.0
                                         4000_story_3172.txt 32.3  4.6 3751
 10.1  3.5  0.0 86.4  9.6  1.3  6.4  1.9 34.9 15.2  3.2  0.3  0.8  3.2  0.5
  4.0  1.3  6.1 21.1  0.5  0.8222.3119.7 55.7 16.0 14.4  9.6  6.1  3.5  3.7
  3.7  2.1 57.3  5.3  3.2 40.0  8.5  7.7  0.0  1.6  3.2  3.7  9.3  9.9  1.6
  1.6  5.6  8.0  5.6  6.9 17.1 30.7 13.1  1.9 10.9 85.0 58.9  1.9115.2  4.3
  0.3  0.0  0.0  0.0  0.0  0.0  0.0  0.0  0.0  0.0  0.0  0.0  0.0  0.0  0.0
  0.0  0.0  0.0  4.0  0.5  3.5  2.1  0.5  1.1  0.0  0.0  0.0  0.0  0.3  0.3
  0.3  0.3  1.1  0.8  0.0  0.8  0.0  1.6  0.3  0.8  0.3  0.0  4.8  0.8  0.0
 10.1  1.6  0.3 12.0  2.7  2.7  6.1  5.9  0.0  0.0  0.0  0.0  0.0  0.0  0.0
  0.0  0.0  0.0  0.0  0.0  0.0  0.0  4.5  9.9  9.6 23.7  9.6 14.4  3.7  2.1
  0.5  1.1  0.5  0.0  0.8  3.7  1.6  8.5 11.7 16.5  1.1  1.6  5.6  0.8  0.0
      0.10     -1.58      8.31     -1.02      5.45  0.8  0.0  0.0  0.0  0.0
                                         4000_story_3173.txt 35.3  4.9 3157
  7.9  1.6  1.0 26.6  2.9  0.0  1.0  4.1  7.0  4.1  1.3  0.0  0.3  3.8  0.3
  3.5  0.6  2.9 18.1  0.6  1.0238.2138.7 71.0 50.4 39.6  6.0  5.7  2.5  4.8
  0.6  9.2 52.6  3.5  5.1 45.6  9.8  1.9  0.3  1.9  1.0  2.5  6.7  6.0  1.6
  2.9  5.7  2.9  0.6  4.8  5.7 34.8 10.5  1.3  7.9109.9 49.4  3.2 94.7  4.8
  0.6  0.3  0.0  0.0  0.0  0.0  0.0  0.0  0.0  0.0  0.0  0.0  0.0  0.0  0.0
  0.0  0.0  0.0  1.9  0.6  1.6  1.9  0.3  0.0  0.0  0.0  0.0  0.0  0.0  0.0
  0.6  0.6  0.0  1.0  0.3  0.0  0.0  0.0  0.0  1.9  0.0  0.0  3.2  1.9  0.0
  6.0  0.3  0.0  6.3  2.2  0.3  4.4  5.1  0.0  0.0  0.0  0.0  0.0  0.0  0.0
  0.0  0.0  0.0  0.0  0.0  0.0  0.0  7.9  3.8  4.8 12.4  7.3  2.9  6.3  4.8
  1.6  1.6  5.1  0.6  0.0  1.9  1.3 11.4  7.3 12.0  0.6  3.8  6.3  1.6  0.0
    -12.27     -0.10      7.39     -3.72      3.58  1.9  0.3  0.0  0.0  0.0
                                         4000_story_3177.txt 34.8  4.2 4016
 10.7  5.2  3.7 54.3  5.0  2.2  4.2  3.0 55.5 13.4  1.2  0.5  0.5  4.5  0.0
  5.0  1.0  6.5 23.2  0.5  1.5195.7103.1 29.9 64.7 59.8 10.5 12.5  2.2  1.2
  1.0  1.0 33.6  6.0  6.2 49.3 16.9  8.5  1.0  3.0  1.2  1.2  9.5  7.2  1.5
  1.5  8.0  5.7  3.0  4.7 16.2 35.6 10.2  1.5  4.5 61.0120.3  3.5137.7  4.5
  2.0  1.2  0.0  0.0  0.0  0.0  0.0  0.0  0.0  0.0  0.0  0.0  0.0  0.0  0.0
  0.0  0.0  0.0  3.5  0.7  3.2  3.7  0.0  1.5  0.0  0.0  0.0  0.0  0.0  1.5
  0.2  2.2  1.0  1.2  0.2  1.2  0.2  0.0  0.0  1.0  0.0  0.0  2.7  0.2  0.0
 11.2  1.5  0.0 12.7  6.2  1.7  9.0  3.0  0.0  0.0  0.0  0.0  0.0  0.0  0.0
  0.5  0.7  0.2  0.0  0.0  0.0  0.2  9.7  5.5  3.5 14.4  7.7  3.2  4.0  4.0
  0.7  1.7  2.2  0.5  0.7  1.0  0.2 26.9 14.9 15.2  1.7  3.2  5.5  1.7  0.0
      4.53      3.37      0.18     -1.82      5.01  1.0  0.2  0.5  0.0  0.0
                                         4000_story_3183.txt 33.3  4.3 3778
 11.1  5.3  2.6 34.9 10.3  1.6  0.5  2.9 75.7 11.1  0.8  0.0  0.0  4.2  0.3
  4.8  1.1  4.5 23.0  0.8  1.3223.7118.8 35.5 67.8 22.2  9.5  6.1  4.0  3.4
  2.4  1.6 25.7  5.8  4.8 43.1 12.4  3.2  1.3  0.0  1.3  2.9  7.9  5.0  1.6
  1.1  5.3  4.0  2.6  2.4  9.0 29.9  7.7  1.9  9.8 69.1108.3  3.4120.7  7.9
  1.1  0.0  0.0  0.0  0.0  0.0  0.0  0.0  0.0  0.0  0.0  0.0  0.0  0.0  0.0
  0.0  0.0  0.0  3.2  1.3  3.4  2.6  0.0  0.3  0.0  0.0  0.0  0.0  0.3  0.0
  0.5  0.3  1.3  1.1  0.0  0.8  0.0  0.3  0.0  1.1  0.3  0.3  2.1  0.5  0.0
 10.6  0.3  0.3 11.1  3.2  1.1  5.3  3.2  0.0  0.0  0.0  0.0  0.0  0.0  0.0
  0.3  0.5  0.3  0.0  0.0  0.0  0.0  1.9  2.9  3.4  7.4 19.1  2.6  5.6  5.3
  1.1  4.2  0.3  0.0  1.3  0.8  0.5 16.7  9.5 16.7  2.4  4.2  4.2  2.9  0.0
      1.12      0.45      4.05     -3.63      3.66  0.5  0.5  0.0  0.0  0.0
                                         4000_story_3188.txt 31.8  4.2 2352
  8.9  3.0  0.0 52.3 14.0  0.4  2.1  1.3 77.4 19.6  1.3  0.0  0.0  3.4  0.0
  1.3  0.0  3.0 17.9  0.0  3.4196.0110.5 29.3 78.2 42.1 10.2 14.5  1.7  0.0
  2.1  4.3 20.8  7.2  2.6 34.0  9.8  6.4  0.4  0.4  3.4  2.1  7.2 10.6  1.7
  3.4  3.0  2.1  3.0  6.4 12.8 25.5 15.7  0.0  3.8 57.8133.5  6.8150.9  6.8
  2.1  0.0  0.0  0.0  0.0  0.0  0.0  0.0  0.0  0.0  0.0  0.0  0.0  0.0  0.0
  0.0  0.0  0.0  1.3  0.4  1.3  2.1  0.4  0.4  0.0  0.0  0.0  0.0  0.0  0.0
  0.0  0.0  1.7  0.9  0.0  0.0  0.4  0.4  0.0  0.0  0.0  0.0  1.7  0.0  0.0
  5.1  0.9  0.0  6.0  2.6  0.9  3.4  1.7  0.0  0.0  0.0  0.0  0.0  0.0  0.0
  0.4  0.4  0.0  0.0  0.0  0.0  0.4  5.5  3.4  2.1  9.4 14.9  3.4  6.4  2.1
  0.9  3.4  1.3  0.9  0.9  0.4  0.9 23.0 18.3 13.2  4.7  3.0  6.4  3.8  0.0
     -1.77      3.36      2.18     -2.29      4.91  0.9  0.4  0.0  0.0  0.0
                                         4000_story_3189.txt 31.5  4.4 3270
  4.3  1.5  1.5 64.2  0.3  0.3  2.4  4.9  8.9 14.7  0.9  0.0  0.0  5.5  0.0
  6.1  0.0  4.0 24.2  0.0  1.2238.5124.2 54.1 30.9 37.9  6.7  6.4  2.4  4.0
  1.2  3.7 29.7  5.5  6.4 39.4  8.9  3.4  0.0  0.6  2.1  6.1  7.0  8.0  1.2
  1.2  4.0  2.4  4.0  5.2  9.5 32.4 10.4  0.0  7.6 89.0 47.1  4.0109.8  6.1
  1.8  0.0  0.0  0.0  0.0  0.0  0.0  0.0  0.0  0.0  0.0  0.0  0.0  0.0  0.0
  0.0  0.0  0.0  1.2  0.0  1.2  1.2  0.0  0.0  0.0  0.0  0.3  0.3  0.0  0.0
  0.9  0.0  0.9  0.3  0.0  0.6  0.0  0.0  0.3  0.3  0.3  0.0  4.6  0.9  0.0
  3.7  0.0  0.6  4.3  2.1  0.9  3.4  5.8  0.0  0.0  0.0  0.0  0.0  0.0  0.0
  0.0  0.6  0.0  0.0  0.0  0.0  0.0  7.0  1.5  4.3 11.9 20.5  1.5  9.2  5.2
  1.2 10.1  4.3  3.4  3.4  0.6  0.3 15.6  8.6  8.9  0.9  0.6  9.2  1.8  0.0
     -5.45     -0.54      3.23     -2.06      3.31  0.3  0.0  0.3  0.0  0.0
                                         4000_story_3190.txt 33.5  4.7 5557
  7.0  1.3  0.5 48.6  0.2  0.4  3.2  4.9 13.0 14.8  2.0  0.2  0.4  2.7  0.0
  3.6  0.5  6.3 17.1  0.2  0.7247.1146.1 57.2 32.4 22.5 10.8  4.0  4.1  4.7
  3.1  4.1 59.4  2.9  4.7 37.3 10.8  4.7  0.0  1.8  0.7  4.0  6.5 11.3  1.4
  1.8  4.3  4.3  3.6  4.5 11.7 27.5 14.6  0.7 11.9 90.5 35.6  0.9 98.1  4.3
  1.6  0.7  0.0  0.0  0.0  0.0  0.0  0.0  0.0  0.0  0.0  0.0  0.0  0.0  0.0
  0.0  0.0  0.0  0.9  0.7  2.5  3.4  0.2  0.5  0.2  0.0  0.0  0.2  0.4  0.0
  1.4  0.5  1.8  0.7  0.0  0.2  0.0  0.2  0.0  0.4  0.2  0.0  3.2  0.7  0.0
  7.6  0.9  0.5  9.0  4.5  0.4  5.2  4.1  0.0  0.0  0.0  0.0  0.0  0.0  0.0
  0.0  0.4  0.0  0.0  0.0  0.0  0.0  8.5  7.6  9.5 22.3 12.8  1.8  4.7  8.6
  1.3  1.4  1.1  0.4  1.1  3.6  3.4  8.6  6.3 14.6  1.8  4.3  8.5  0.2  0.0
     -9.40     -0.85      9.87     -2.75      3.83  1.8  0.2  0.0  0.0  0.0
                                         4000_story_3196.txt 35.3  4.5 1970
  4.6  2.5  0.0 50.3  0.0  0.5  3.6  3.0 25.4 19.3  1.0  0.0  0.5  1.0  0.0
  4.1  0.0  5.1 25.9  0.0  1.0218.3127.9 45.2 44.7 23.4  9.6  3.0  4.1  5.1
  1.0  6.1 33.0  3.6  8.1 53.3  8.1  1.5  1.0  1.0  1.5  3.0 11.2  5.1  2.0
  0.0  9.6  3.6  2.5  4.1  8.1 42.6  7.1  0.0 10.2 85.8 48.7  1.0110.2  5.1
  4.1  0.0  0.0  0.0  0.0  0.0  0.0  0.0  0.0  0.0  0.0  0.0  0.0  0.0  0.0
  0.0  0.0  0.0  1.0  1.0  1.5  3.0  0.0  0.0  0.5  0.0  0.0  0.0  0.0  0.0
  0.0  0.5  2.0  2.0  0.0  0.0  0.0  0.5  0.5  0.0  0.0  0.0  1.5  0.5  0.0
  6.6  0.5  0.0  7.1  4.6  1.0  5.6  2.0  0.0  0.0  0.0  0.0  0.0  0.0  0.0
  0.0  0.0  0.0  0.0  0.0  0.0  0.0  2.0  5.6  6.1 17.8  9.6  3.0  4.1  9.6
  0.5  1.0  0.0  1.5  0.5  0.0  1.5 12.2  6.6  9.6  0.5  7.6  8.6  1.5  0.0
     -6.09     -0.80      4.94     -3.51      5.68  0.0  0.0  0.5  0.0  0.0
                                         4000_story_3218.txt 31.5  3.9 2500
  4.8  8.0 41.6 57.2 16.4  0.0  6.8  1.6 41.2 25.6  2.4  0.0  0.0  1.2  0.4
  1.6  0.0  4.4 32.4  0.4  0.4246.8105.2 23.2 45.2 38.4  2.8 11.2  0.8  0.4
  0.4  2.0 29.6  5.2  6.0 29.6  6.4 10.4  0.0  2.8  0.4  0.4  1.6  3.2  0.0
  0.0  5.6  4.8  0.4  4.0 15.2 42.8  3.2  0.4  1.6 82.4 96.0  3.2107.6  2.4
  9.6  0.0  0.0  0.0  0.0  0.0  0.0  0.0  0.0  0.0  0.0  0.0  0.0  0.0  0.0
  0.0  0.0  0.0  6.0  0.4  0.4  1.2  0.4  0.0  0.0  0.0  0.0  0.0  0.0  0.4
  0.0  1.2  0.0  0.0  0.0  0.0  0.0  0.0  0.4  0.0  0.0  0.0  0.0  0.4  0.0
  8.0  0.4  0.0  8.4  1.6  0.4  2.0  0.4  0.0  0.0  0.0  0.0  0.0  0.0  0.0
  0.0  1.2  0.4  0.0  0.0  0.0  0.4  2.8  1.2  0.4  6.0 11.6  0.8  2.4  1.2
  0.0  4.8  0.4  0.0  0.8  0.4  0.0 15.6 12.4  7.2  0.8  1.2  2.8  1.2  0.0
      4.15      0.08     -0.13     -2.51     -2.14  0.8  0.0  0.0  0.0  0.0
                                         4000_story_3220.txt 27.8  4.0 2622
 13.3  4.2 16.8 70.9 11.1  3.1  3.1  7.2 11.8 14.9  2.3  0.0  0.8  6.1  0.4
  1.5  0.8  6.1 15.6  0.8  0.4259.0 92.3 33.6 42.3 45.8  6.9  9.2  0.8  1.1
  1.9  1.1 28.6  3.4  9.5 42.0  8.0  7.6  0.4  2.7  1.9  1.9  9.5  7.2  0.4
  1.1  3.8  6.5  2.3  3.1 15.6 23.3  8.8  1.5  3.8 62.2 68.6  2.3123.2  5.0
  1.1  0.4  0.0  0.0  0.0  0.0  0.0  0.0  0.0  0.0  0.0  0.0  0.0  0.0  0.0
  0.0  0.0  0.0  2.7  0.8  2.3  2.7  0.4  0.0  0.0  0.0  0.0  0.0  0.4  0.0
  0.8  0.4  1.9  0.4  0.0  0.8  0.0  0.0  0.0  0.4  0.0  0.4  6.5  0.4  0.0
  8.4  0.4  0.4  9.2  3.4  0.8  4.6  7.2  0.0  0.0  0.0  0.0  0.0  0.0  0.0
  0.4  1.1  0.0  0.0  0.0  0.0  0.0  3.1  1.5  4.2  8.4 13.7  5.7  5.3  4.6
  1.5  3.1  2.3  0.0  0.8  3.4  0.0 21.4 14.5 15.6  2.3  1.5  5.3  1.5  0.0
      2.10      0.71     -0.03     -1.78      4.09  1.1  1.1  0.0  0.0  0.0
                                         4000_story_3221.txt 29.0  4.2 5227
 17.4  4.4 12.2 54.7  9.8  1.7  4.4  1.1 18.4 18.7  1.7  0.2  0.8  4.8  0.0
  1.9  2.1  6.3 10.9  1.5  2.7239.3107.5 29.3 80.4 58.7  9.8 15.3  0.6  1.0
  0.8  0.4 27.4  6.5  9.2 35.4 14.3  5.5  1.1  1.9  3.1  1.7  4.6  5.5  0.2
  1.9  3.8  3.4  1.9  1.9 14.9 17.2  7.7  3.6  2.3 51.3 86.9  1.7149.2  5.0
  4.6  0.2  0.0  0.0  0.0  0.0  0.0  0.0  0.0  0.0  0.0  0.0  0.0  0.0  0.0
  0.0  0.0  0.0  3.1  0.8  2.9  1.9  0.8  0.0  0.0  0.0  0.0  0.0  0.0  0.8
  0.4  1.7  1.0  0.6  0.0  0.8  0.4  0.2  0.0  0.4  0.2  0.0  1.9  1.9  0.0
  8.6  0.8  0.0  9.4  4.4  1.3  6.1  4.0  0.0  0.0  0.0  0.0  0.0  0.0  0.0
  2.7  1.9  0.6  0.0  0.0  0.2  0.2 13.2  2.3  1.3 11.5 19.5  9.8  9.2  6.1
  2.7  2.9  2.9  0.0  1.0  0.4  1.0 39.0 22.2 20.5  0.6  0.6 12.2  4.8  0.0
      2.77      4.24     -2.04     -1.90      0.85  1.1  0.0  0.0  0.0  0.0
                                         4000_story_3222.txt 31.8  4.2 3928
  9.9  1.5 15.5 43.3  4.1  0.8  5.6  1.0 11.7 18.8  0.3  1.0  0.0  5.1  0.0
  1.0  0.3  4.6 16.8  0.3  2.8236.3113.5 44.6 89.6 62.6 11.2 12.0  0.0  0.5
  0.5  2.0 33.4  4.6 11.7 29.5 15.8  4.1  0.5  3.8  3.3  1.5  2.0  7.4  1.0
  2.3  2.8  3.8  2.5  5.3 12.0 26.5 10.7  0.5  1.0 67.7 78.4  2.3147.4  3.3
  5.3  0.5  0.0  0.0  0.0  0.0  0.0  0.0  0.0  0.0  0.0  0.0  0.0  0.0  0.0
  0.0  0.0  0.0  2.5  0.5  1.5  1.5  0.3  0.5  0.3  0.0  0.0  0.3  0.0  0.3
  0.0  1.0  1.3  1.3  0.3  1.0  0.0  0.3  0.8  0.5  0.3  0.0  3.8  0.0  0.0
  6.1  1.0  0.3  7.4  3.8  2.3  6.6  4.1  0.0  0.0  0.0  0.0  0.0  0.0  0.0
  2.0  1.0  0.0  0.0  0.0  0.0  1.0 10.7  3.8  6.6 11.7 15.5  4.1  6.6  5.3
  2.3  4.1  0.8  0.8  0.5  1.0  0.8 30.5 14.5 15.8  2.8  3.1  9.4  4.3  0.0
     -4.17      4.37     -1.67     -1.55      0.29  0.3  0.0  0.0  0.0  0.0
                                         4000_story_3223.txt 33.3  4.2 4923
 14.8  3.3 12.0 47.1  6.9  0.8  4.7  3.5 24.8 14.6  0.8  1.0  0.6  5.1  0.2
  4.1  0.4  5.3 12.0  0.6  4.7230.1114.2 43.3 87.5 58.5  9.5 11.8  0.0  1.0
  0.6  1.8 23.8  4.7 13.8 38.4 12.8  4.5  0.8  1.0  0.6  2.0  2.2  4.3  0.4
  2.2  4.9  3.7  2.6  6.7 10.4 20.7  6.9  1.0  1.6 77.6 90.2  4.1148.7  5.3
  2.2  0.2  0.0  0.0  0.0  0.0  0.0  0.0  0.0  0.0  0.0  0.0  0.0  0.0  0.0
  0.0  0.0  0.0  1.8  1.6  1.8  3.7  0.0  0.4  0.0  0.0  0.0  0.0  0.2  0.4
  0.6  1.4  1.6  1.8  0.2  0.4  0.0  0.0  0.0  1.0  0.0  0.0  4.3  0.2  0.0
  8.9  0.4  0.2  9.5  5.9  0.6  7.5  4.5  0.0  0.0  0.0  0.0  0.0  0.0  0.0
  1.6  0.8  0.0  0.0  0.0  0.0  2.2 21.9  3.7  1.8 11.2 22.8  2.0  6.5  5.5
  2.4  3.0  4.1  0.8  0.4  0.4  0.6 34.1 16.9 20.9  0.6  3.3 10.2  2.4  0.0
     -0.41      3.77     -3.22     -3.71     -0.55  1.0  0.0  0.0  0.0  0.0
                                         4000_story_3225.txt 33.3  4.2 5133
 16.2  3.1  8.8 50.5  9.0  0.4  2.7  1.8 15.2 20.3  2.9  0.2  0.4  5.3  0.2
  1.8  1.4  7.2 15.2  1.0  4.1234.8114.9 33.7 84.2 63.7 11.9  7.0  0.4  1.4
  1.2  1.8 23.6  5.6  9.2 31.8  8.0  8.4  0.2  2.5  3.3  1.0  3.1  7.2  1.4
  2.1  4.7  1.8  3.9  7.0 18.9 24.4 10.7  2.3  2.9 61.2 87.9  4.9143.6  4.5
  2.3  0.0  0.0  0.0  0.0  0.0  0.0  0.0  0.0  0.0  0.0  0.0  0.0  0.0  0.0
  0.0  0.0  0.0  0.8  0.8  2.9  1.6  0.0  0.0  0.0  0.0  0.0  0.0  0.0  0.2
  0.8  1.2  0.6  0.4  0.0  0.4  0.0  0.4  0.2  0.4  0.0  0.4  1.9  1.4  0.0
  6.0  0.0  0.0  6.0  3.1  1.0  4.5  3.7  0.0  0.0  0.0  0.0  0.0  0.0  0.0
  0.4  0.8  0.2  0.0  0.2  0.0  0.2 11.7  3.7  2.9 15.2 26.1  1.6  5.8  7.2
  3.1  2.5  0.8  0.4  0.2  0.6  0.2 31.4  9.7 19.1  1.2  3.3  9.7  4.5  0.0
      1.26      3.46     -0.88     -1.43      1.15  0.4  0.0  0.0  0.0  0.0
                                         4000_story_3226.txt 31.8  4.2 4653
 20.0  6.7  0.2 55.4 15.0  1.1  4.1  0.9 35.9 17.0  1.3  0.6  0.9  2.4  0.0
  2.1  1.9  4.5 19.1  0.6  2.8242.4102.9 31.4 82.5 56.5  5.6 16.3  0.4  2.1
  0.0  3.9 29.7  5.4 11.6 27.1 10.5 13.3  1.1  2.4  0.9  1.1  3.4  4.9  1.3
  1.3  4.9  4.5  1.5  4.1 18.7 30.9  7.5  2.6  2.6 56.3107.5  3.0149.6  3.9
  3.0  0.2  0.0  0.0  0.0  0.0  0.0  0.0  0.0  0.0  0.0  0.0  0.0  0.0  0.0
  0.0  0.0  0.0  3.7  1.3  3.9  2.8  0.0  0.4  0.2  0.0  0.0  0.0  0.0  0.0
  0.9  0.4  0.4  0.6  0.4  0.4  0.0  0.0  0.0  0.6  0.0  0.0  0.9  0.2  0.0
 11.6  0.6  0.0 12.3  2.4  0.9  3.9  1.1  0.0  0.0  0.0  0.0  0.0  0.0  0.0
  1.9  0.9  0.0  0.0  0.0  0.0  0.6 29.2  5.2  1.9 13.8 22.8  0.6  2.6  7.5
  0.9  3.0  4.3  0.2  1.1  0.0  0.6 27.9 25.4 21.1  2.4  2.8 13.1  6.2  0.0
      2.83      3.60     -0.69     -1.17      0.68  0.2  0.2  0.0  0.0  0.0
                                         4000_story_3227.txt 32.3  4.2 4851
 13.4  3.1  0.4 39.4 20.4  0.2  1.4  0.4 41.0 13.4  1.0  0.4  0.4  2.1  0.0
  0.6  1.0  2.1 15.3  1.6  1.9241.6112.3 38.5 90.7 59.8  8.2 14.0  0.4  1.4
  0.4  2.9 19.8  3.9 12.0 25.6 11.3  6.4  0.4  2.1  2.3  1.4  5.4  7.4  0.2
  2.5  9.1  3.1  1.6  4.7 10.7 29.7 10.1  2.7  2.3 61.4121.2  1.9144.9  2.5
  2.9  0.2  0.0  0.0  0.0  0.0  0.0  0.0  0.0  0.0  0.0  0.0  0.0  0.0  0.0
  0.0  0.0  0.0  2.1  0.8  2.9  0.8  0.2  0.0  0.2  0.0  0.0  0.0  0.0  0.4
  0.4  0.2  0.6  0.0  0.2  0.0  0.0  0.0  0.0  0.0  0.2  0.0  1.0  0.2  0.0
  6.6  0.4  0.0  7.0  1.6  0.2  1.9  1.4  0.0  0.0  0.0  0.0  0.0  0.0  0.0
  1.6  0.8  0.0  0.0  0.0  0.0  0.8 37.5  2.7  1.4  9.3 23.5  3.1  3.7  9.1
  3.5  4.7  2.3  0.8  0.4  0.2  0.2 36.9 17.9 16.9  2.1  4.1  8.0  5.4  0.0
     -4.17      4.09     -1.33     -2.36      1.80  0.4  0.0  0.0  0.2  0.0
                                         4000_story_3229.txt 29.5  3.9 5030
 14.7  5.6 29.6 64.8 11.7  1.0  3.8  1.2 40.0 21.5  1.0  0.0  0.6  4.8  0.8
  0.0  0.6  7.4 16.5  2.0  4.4229.4107.4 36.6 75.9 50.5 10.7 11.7  0.0  0.0
  0.4  1.0 18.3  5.6 16.1 34.8  8.2  8.9  0.4  1.8  1.8  0.4  3.4  3.6  0.2
  1.2  4.8  2.8  2.4  1.4 18.1 24.1  5.0  2.6  0.4 54.7102.2  2.8149.9  4.8
  3.8  0.0  0.0  0.0  0.0  0.0  0.0  0.0  0.0  0.0  0.0  0.0  0.0  0.0  0.0
  0.0  0.0  0.0  3.6  0.8  2.4  1.4  0.0  0.0  0.2  0.0  0.0  0.0  0.2  0.0
  0.2  1.0  2.0  0.4  0.2  0.6  0.0  0.2  0.0  0.8  0.0  0.0  2.0  1.4  0.0
  8.2  0.2  0.2  8.5  3.6  1.0  5.4  3.4  0.0  0.0  0.0  0.0  0.0  0.0  0.0
  1.4  1.4  0.2  0.0  0.0  0.0  2.0  7.0  2.6  3.2  9.5 14.9  5.2  6.8 11.1
  1.6  6.6  5.6  0.8  0.2  0.8  0.2 41.4 14.9 19.3  0.4  2.6  6.8  3.6  0.0
      5.37      3.25     -5.33     -2.52     -0.43  0.2  0.0  0.0  0.0  0.0
                                         4000_story_3231.txt 33.0  4.5 3874
 15.5  3.9  0.5 60.4 10.6  0.3  2.8  1.0 23.7 15.5  1.5  0.3  0.0  3.9  0.0
  1.8  1.0  5.9 13.2  0.5  2.1239.5112.5 43.6 70.5 46.7  5.9 10.8  1.0  2.6
  1.5  3.9 39.8  3.1  8.8 24.8  8.5  4.9  1.3  2.1  4.1  1.8  4.1  8.8  1.0
  5.2  5.4  5.2  3.4  5.9 15.0 24.8 15.0  1.5  5.2 69.4 81.1  2.6142.2  4.9
  3.9  0.8  0.0  0.0  0.0  0.0  0.0  0.0  0.0  0.0  0.0  0.0  0.0  0.0  0.0
  0.0  0.0  0.0  2.3  1.3  1.5  3.6  0.5  0.5  0.0  0.0  0.0  0.0  0.3  0.0
  0.3  0.8  1.3  1.3  0.0  1.0  0.3  0.0  0.3  0.8  0.3  0.3  2.6  0.3  0.0
  8.8  1.0  0.3 10.1  3.6  1.5  5.9  3.4  0.0  0.0  0.0  0.0  0.0  0.0  0.0
  0.3  0.3  0.0  0.3  0.0  0.0  0.8 15.7  8.0  2.8 16.5  9.3  5.7  4.1  8.0
  0.8  4.9  1.8  0.3  0.0  1.8  0.5 20.7 16.3 19.4  2.3  3.1  8.8  4.4  0.0
     -3.97      1.82      3.60     -1.39      2.74  0.0  0.0  0.0  0.0  0.0
                                         4000_story_3232.txt 30.8  4.3 5450
 14.3  3.5  3.5 41.8  9.4  1.3  2.2  0.0 11.7 11.7  0.7  0.2  0.9  2.4  0.2
  0.6  0.6  3.9 11.7  1.1  2.0225.9119.6 38.2 84.8 65.3 16.0 10.3  3.1  2.6
  0.7  2.4 27.0  7.3  7.7 27.9 11.6  5.5  0.7  2.0  1.7  1.8  2.4  8.6  1.3
  3.3  6.4  2.2  2.2  5.0 11.0 22.8 13.2  1.7  6.4 60.7 86.4  2.4147.0  5.3
  3.7  0.9  0.0  0.0  0.0  0.0  0.0  0.0  0.0  0.0  0.0  0.0  0.0  0.0  0.0
  0.0  0.0  0.0  0.6  1.3  2.8  1.7  0.9  0.7  0.0  0.0  0.0  0.0  0.2  0.2
  0.0  0.9  1.7  0.4  0.0  1.1  0.4  0.0  0.4  1.5  0.0  0.0  1.8  0.4  0.0
  6.2  1.7  0.2  8.1  3.1  1.8  6.4  2.2  0.0  0.0  0.0  0.0  0.0  0.0  0.0
  0.7  1.1  0.2  0.0  0.0  0.0  1.7 32.7  5.3  2.4 16.0 24.0  1.1  4.4 13.8
  1.5  1.8  1.1  0.0  1.1  0.7  0.4 33.2 17.6 15.4  1.7  3.9 13.0  4.8  0.0
     -6.77      4.94      1.57     -2.62      1.22  0.2  0.0  0.0  0.0  0.0
                                         4000_story_3233.txt 32.8  4.0 5423
 15.1  3.1 21.6 53.1 12.9  1.3  3.9  0.9 54.2 20.3  1.8  0.4  0.6  6.1  0.9
  1.7  1.1  5.7 19.0  1.8  4.1209.7104.4 30.2 90.7 59.6 12.2 11.2  0.2  1.3
  0.6  2.0 20.7  7.4 13.1 34.7  9.4  8.5  1.1  2.8  1.5  1.7  3.1  3.7  0.2
  1.1  4.6  2.4  1.7  4.8 15.7 28.8  5.0  3.0  2.0 51.6126.7  2.8159.0  7.2
  2.4  0.4  0.0  0.0  0.0  0.0  0.0  0.0  0.0  0.0  0.0  0.0  0.0  0.0  0.0
  0.0  0.0  0.0  1.5  0.6  3.5  1.7  0.4  0.4  0.0  0.0  0.0  0.2  0.2  0.4
  0.2  1.8  0.2  0.6  0.0  0.2  0.2  0.0  0.0  1.3  0.0  0.0  1.8  1.7  0.0
  7.2  0.7  0.4  8.3  3.1  0.4  4.8  3.5  0.0  0.0  0.0  0.0  0.0  0.0  0.0
  1.5  1.5  0.2  0.2  0.0  0.0  1.8  7.9  3.9  3.0 12.7 24.2  1.3  3.5  6.6
  1.7  3.0  2.0  0.4  0.6  0.9  1.1 38.7 15.3 19.5  0.7  2.6  9.2  7.9  0.0
      7.70      4.33     -3.51     -1.61     -0.61  0.2  0.4  0.4  0.0  0.0
                                         4000_story_3235.txt 32.3  4.3 5213
 15.9  3.8  1.3 37.0  4.4  0.2  2.5  0.6 26.5 20.1  0.6  0.6  0.8  3.8  0.2
  1.0  0.4  6.5 17.1  1.3  2.5225.4124.5 45.1 82.3 43.5 12.5  5.6  1.0  2.1
  0.8  2.1 28.4  6.5  8.6 32.2  8.4  5.0  0.0  1.0  1.9  1.9  4.0  6.9  0.2
  1.7  5.4  3.6  2.1  5.8 13.4 26.1  8.8  1.7  3.8 76.7 74.4  1.9132.7  5.9
  4.0  0.4  0.0  0.0  0.0  0.0  0.0  0.0  0.0  0.0  0.0  0.0  0.0  0.0  0.0
  0.0  0.0  0.0  1.9  0.8  2.9  1.7  0.4  0.8  0.0  0.0  0.0  0.4  0.0  0.0
  0.0  1.0  0.6  1.2  0.2  0.6  0.0  0.4  0.4  0.6  0.0  0.2  1.9  0.4  0.0
  7.3  1.2  0.4  8.8  2.7  1.5  4.8  2.5  0.0  0.0  0.0  0.0  0.0  0.0  0.0
  1.0  0.4  0.0  0.0  0.0  0.2  0.8  6.1  5.4  5.6 15.7 17.8  4.2  5.4  9.2
  1.5  2.9  0.8  1.3  0.4  2.7  2.3 31.5 10.4 18.4  1.2  2.1 10.7  5.2  0.0
     -3.22      2.34     -0.19     -3.30      0.64  0.0  0.0  0.2  0.0  0.0
                                         4000_story_3236.txt 29.5  4.1 5359
 13.8  3.0  3.9 50.0 18.5  1.1  1.5  0.9 31.2 11.8  0.9  0.6  0.7  3.0  0.0
  2.2  1.9  3.2 18.3  1.5  2.6251.5125.2 40.9 78.0 59.7  8.6 13.4  0.2  0.7
  0.7  3.2 25.9  5.6 11.4 20.7  8.2  6.7  0.7  0.9  1.7  0.7  3.0  4.5  0.7
  1.7  4.7  5.0  1.5  5.2 11.6 27.6  6.9  3.4  1.7 62.5109.3  2.8136.4  1.9
  3.9  0.0  0.0  0.0  0.0  0.0  0.0  0.0  0.0  0.0  0.0  0.0  0.0  0.0  0.0
  0.0  0.0  0.0  2.6  0.7  2.2  1.1  0.0  0.0  0.0  0.0  0.0  0.2  0.2  0.0
  0.0  0.9  0.2  0.0  0.2  0.0  0.0  0.0  0.0  0.6  0.0  0.0  0.7  0.0  0.0
  6.7  0.0  0.4  7.1  1.1  0.2  1.9  0.7  0.0  0.0  0.0  0.0  0.0  0.0  0.0
  1.5  0.4  0.2  0.0  0.2  0.0  0.7 28.2  7.1  3.2 14.9 20.3  1.9  4.9  5.0
  3.7  6.3  3.5  0.4  0.2  1.3  0.7 28.4 17.7 19.0  0.9  1.5 12.1  3.5  0.0
     -1.08      3.63     -1.01     -3.24      0.03  0.4  0.0  0.0  0.2  0.0
                                         4000_story_3237.txt 31.8  4.3 4469
 12.5  0.7  0.4 31.8  4.9  0.4  2.0  0.4 20.6 17.0  0.7  0.2  0.2  3.8  0.9
  3.6  1.6  6.3 13.9  0.9  2.2224.0120.6 52.4 85.9 57.5 11.6  7.4  1.1  0.9
  1.8  1.3 32.0  6.5  5.8 32.7 12.5  3.1  0.2  0.9  1.6  3.1  6.7 11.2  0.7
  2.0  8.1  3.4  3.6  4.7 11.0 24.4 13.9  2.5  3.8 83.7 83.0  3.6137.2  6.0
  2.5  0.4  0.0  0.0  0.0  0.0  0.0  0.0  0.0  0.0  0.0  0.0  0.0  0.0  0.0
  0.0  0.0  0.0  0.9  2.2  1.1  2.9  1.1  0.0  0.2  0.0  0.0  0.2  0.2  0.0
  0.9  1.6  0.7  2.0  0.0  1.3  0.2  0.2  0.2  1.6  0.0  0.2  1.8  1.1  0.0
  7.2  1.3  0.4  9.0  5.1  2.0  8.7  3.1  0.0  0.0  0.0  0.0  0.0  0.0  0.0
  1.6  0.0  0.2  0.4  0.0  0.4  1.8 21.7  7.4  4.9 13.9 21.5  4.3  7.4  5.8
  1.3  5.8  1.6  0.9  0.4  2.0  2.0 25.7 11.9 15.7  1.3  1.8 13.2  6.0  0.0
     -3.59      3.26      1.00     -3.38      3.43  1.1  0.0  0.0  0.0  0.0
                                         4000_story_3238.txt 33.3  4.1 2635
 12.9  3.0  3.4 49.3  2.7  0.0  1.9  3.0 19.0  9.9  1.1  0.8  0.0  4.9  0.0
  5.3  1.5  4.6 30.4  0.8  2.3245.5 88.4 28.8 85.4 62.6 11.8  9.1  0.0  1.5
  0.0  3.0 11.8  4.9  8.7 41.0 14.0  3.8  0.4  0.8  0.4  4.2  2.3  8.0  0.0
  1.5  3.0  2.3  1.5  2.3  8.7 38.0  9.5  2.3  1.5 68.3 84.3  1.5151.4  9.1
  1.1  0.0  0.0  0.0  0.0  0.0  0.0  0.0  0.0  0.0  0.0  0.0  0.0  0.0  0.0
  0.0  0.0  0.0  1.9  1.1  1.5  2.3  0.0  0.0  0.0  0.0  0.4  0.0  0.0  1.1
  0.0  0.4  1.5  1.9  0.0  2.7  0.0  0.0  0.0  0.4  0.0  0.0  2.3  0.0  0.0
  6.8  0.0  0.4  7.2  4.9  2.7  8.0  2.3  0.0  0.0  0.0  0.0  0.0  0.0  0.0
  1.9  1.1  0.0  0.0  0.0  0.0  0.8  9.1  0.0  0.4  7.2 14.4  1.9  3.8  7.6
  2.7  3.0  4.6  0.4  1.1  0.0  0.0 39.8 12.9 15.2  1.5  4.2 10.2  3.8  0.0
      2.92      3.81     -2.63     -3.38     -0.51  0.8  0.0  0.0  0.0  0.0
                                         4000_story_3248.txt 32.8  4.2 4894
  5.7  1.8  1.2 28.8  0.6  0.2  0.2  2.7  7.6 12.1  0.8  1.4  0.2  3.9  0.2
  3.5  0.0  3.5 27.4  0.4  2.0275.8 98.7 28.0 97.7 58.8 11.9  3.7  0.6  2.7
  0.0  4.9  9.8  6.3 11.0 46.4  7.2  4.7  0.2  0.4  1.4  2.2  2.7  9.4  0.6
  1.8  3.5  2.0  2.2  6.3  9.6 37.6 11.9  0.4  3.3 62.1 67.0  2.5141.6  7.6
  1.8  0.0  0.0  0.0  0.0  0.0  0.0  0.0  0.0  0.0  0.0  0.0  0.0  0.0  0.0
  0.0  0.0  0.0  2.0  0.2  1.0  1.4  0.0  0.2  0.0  0.0  0.0  0.0  0.0  0.2
  0.0  0.8  0.8  0.4  0.0  1.0  0.0  0.2  0.0  0.0  0.4  0.4  3.3  0.4  0.0
  4.7  0.2  0.0  4.9  2.2  1.2  3.5  4.5  0.0  0.0  0.0  0.0  0.0  0.0  0.0
  1.4  0.4  0.0  0.0  0.0  0.4  0.2  6.1  1.0  0.8  9.8 32.3  1.8  4.5 10.0
  6.7  1.6  4.3  1.0  0.2  0.0  0.0 39.0  6.1  9.0  0.4  3.3  6.1  3.3  0.0
     -5.38      3.06     -2.53     -3.65      0.52  0.8  0.0  0.0  0.2  0.0
                                         4000_story_3250.txt 33.5  4.1 2633
 12.9  3.0  3.4 49.4  2.7  0.0  1.9  3.0 19.0  9.9  1.1  0.8  0.0  4.9  0.0
  5.3  1.5  4.6 30.4  0.8  2.3245.0 88.9 29.2 85.5 62.7 11.8  9.1  0.0  1.5
  0.0  3.0 11.8  4.9  8.7 41.4 14.1  3.8  0.4  0.8  0.4  4.2  2.7  8.0  0.0
  1.5  3.0  2.3  1.5  2.3  8.7 38.0  9.5  2.3  1.5 67.6 84.3  1.5151.5  9.1
  1.1  0.0  0.0  0.0  0.0  0.0  0.0  0.0  0.0  0.0  0.0  0.0  0.0  0.0  0.0
  0.0  0.0  0.0  1.9  1.1  1.5  2.3  0.0  0.0  0.0  0.0  0.4  0.0  0.0  1.1
  0.0  0.4  1.5  1.9  0.0  2.7  0.0  0.0  0.0  0.4  0.0  0.0  2.3  0.0  0.0
  6.8  0.0  0.4  7.2  4.9  2.7  8.0  2.3  0.0  0.0  0.0  0.0  0.0  0.0  0.0
  1.9  1.1  0.0  0.0  0.0  0.0  0.8  9.1  0.0  0.4  7.2 13.7  1.9  3.8  7.6
  2.7  3.0  4.6  0.4  1.1  0.4  0.0 39.9 12.9 15.2  1.5  4.2 10.3  3.8  0.0
      2.90      3.82     -2.66     -3.38     -0.27  0.8  0.0  0.0  0.0  0.0
                                         4000_story_3253.txt 27.5  3.9 1975
 17.2  5.1  6.1 77.0 11.1  5.1  0.5  6.6 54.7 18.2  2.5  1.0  0.5  4.6  0.0
  7.1  4.6  6.1 19.7  1.0  2.5223.8 73.9 24.8 81.5 31.9 16.7 12.2  0.0  1.5
  0.0  2.0 31.4  7.1 10.6 38.0  9.1 11.1  0.5  1.5  5.1  1.5  5.1  1.5  0.5
  1.5  3.0  3.5  3.0  6.1 22.3 27.3  3.5  5.6  1.5 51.6 97.7  2.0170.1  8.6
  1.0  1.0  0.0  0.0  0.0  0.0  0.0  0.0  0.0  0.0  0.0  0.0  0.0  0.0  0.0
  0.0  0.0  0.0  2.0  0.5  1.5  6.1  1.0  0.5  0.0  0.0  0.0  0.0  0.0  0.0
  0.0  1.5  0.5  1.0  0.0  0.0  0.5  0.0  0.0  0.0  0.0  0.0  4.6  1.0  0.0
 10.1  1.5  0.0 11.6  3.0  0.5  3.5  5.6  0.0  0.0  0.0  0.0  0.0  0.0  0.0
  3.0  1.5  0.0  0.0  0.5  0.0  0.5  6.1  1.5  2.5  3.0 23.3  4.6  3.5  7.6
  5.6  2.5  0.0  2.0  1.5  0.0  0.0 48.1 16.7 21.8  2.5  3.5  8.1  4.1  0.0
     16.58      3.84     -2.65     -0.08      0.65  0.5  0.0  0.0  0.0  0.0
                                         4000_story_3256.txt 34.0  4.3 3369
 14.2  3.3  1.2 33.2  5.3  0.0  4.5  5.0 72.1 13.7  0.0  0.0  0.6  3.9  0.3
  5.3  0.0  2.4 23.7  0.0  1.2187.6117.8 37.7 76.3 26.7 10.7  5.0  2.1  4.7
  2.4  3.6 29.1  5.9  9.2 51.1 16.6  1.2  0.3  0.6  0.9  3.0  9.5  8.3  1.2
  1.5  7.4  6.2  2.4  4.7  4.5 35.3 11.0  0.0  9.2 64.4104.2  2.7134.5  8.3
  5.3  0.3  0.0  0.0  0.0  0.0  0.0  0.0  0.0  0.0  0.0  0.0  0.0  0.0  0.0
  0.0  0.0  0.0  2.4  1.8  4.5  2.7  0.3  0.6  0.0  0.0  0.0  0.0  0.6  0.0
  0.6  1.5  2.4  1.8  0.0  1.8  0.0  0.6  0.3  0.9  0.0  0.3  4.2  0.3  0.0
 11.3  0.9  0.6 12.8  6.2  2.7  9.8  4.7  0.0  0.0  0.0  0.0  0.0  0.0  0.0
  0.6  1.5  0.0  0.0  0.0  0.0  0.0 14.0  2.7  5.0 13.1 14.2  3.3  7.1 11.9
  2.1  2.7  2.4  0.9  0.9  0.3  0.6 21.4 10.1 20.8  3.6  6.5 11.9  3.3  0.0
     -0.33      0.96      2.77     -4.35      4.96  1.2  0.6  0.0  0.0  0.6
                                         4000_story_3257.txt 31.0  4.6 2388
 10.9  2.5  0.8 33.9  3.8  0.8  2.1  1.3 16.3  7.1  1.3  0.0  0.4  5.9  0.4
  0.8  1.3  2.1 17.6  2.9  2.5240.4121.9 31.8 80.4 71.2  5.9  5.0  1.3  1.7
  2.1  3.4 34.8  4.6  8.0 34.3 17.2  3.4  4.2  0.4  2.1  3.4  2.5 10.1  1.7
  3.4  1.7  3.4  1.3  5.0  7.5 23.0 15.1  4.2  5.0 57.0 91.3  1.3138.6  8.8
  0.8  0.4  0.0  0.0  0.0  0.0  0.0  0.0  0.0  0.0  0.0  0.0  0.0  0.0  0.0
  0.0  0.0  0.0  2.1  0.4  2.5  0.8  1.3  0.8  0.0  0.0  0.0  0.0  0.0  0.0
  0.8  0.8  1.7  0.8  0.4  1.3  0.8  0.4  0.0  0.0  0.4  0.0  2.1  0.8  0.0
  5.9  2.1  0.0  8.0  4.2  2.9  7.1  3.4  0.0  0.0  0.0  0.0  0.0  0.0  0.0
  1.3  0.0  0.0  0.0  0.0  0.0  0.0 12.1  3.4  1.7  9.2 11.3  0.8  5.0  5.9
  1.3  2.1  2.9  0.4  0.4  1.7  0.4 28.9 11.3 15.1  1.7  5.0  8.4  7.5  0.0
     -3.75      2.14      2.50     -1.93      1.84  0.4  0.0  0.4  0.0  0.0
                                         4000_story_3258.txt 31.0  4.5 2869
  9.8  1.7  2.4 41.1 11.5  2.1  1.7  1.7 17.4  4.5  0.3  0.0  0.3  3.8  0.3
  1.4  2.8  4.2 24.4  0.0  2.4251.3117.5 34.9 68.3 60.0  8.7  4.2  3.8  3.8
  1.4  4.2 35.2  9.1  8.4 30.0 11.5  4.5  2.1  0.7  0.0  4.5  4.2  9.1  1.0
  3.1  4.2  3.8  1.0  3.1  8.7 33.5 13.2  2.8  9.1 60.6 88.9  3.1126.2  7.7
  1.0  0.3  0.0  0.0  0.0  0.0  0.0  0.0  0.0  0.0  0.0  0.0  0.0  0.0  0.0
  0.0  0.0  0.0  1.4  1.0  2.1  0.7  0.3  0.0  0.0  0.0  0.0  0.0  0.0  0.3
  0.3  1.4  1.0  0.7  0.0  1.0  0.3  0.0  0.0  0.7  0.3  0.0  0.7  0.0  0.0
  5.2  0.3  0.0  5.6  3.8  1.4  5.9  1.0  0.0  0.0  0.0  0.0  0.0  0.0  0.0
  1.0  0.7  0.0  0.0  0.0  0.0  0.0 18.5  3.5  1.7 12.9 12.9  0.3  7.0  2.4
  5.9  0.3  3.8  1.4  2.1  1.4  0.0 29.3 10.5 14.6  1.7  4.5  6.3  4.5  0.0
     -2.60      1.63      3.65     -2.72      2.18  0.0  0.7  0.3  0.0  0.0
                                         4000_story_3259.txt 31.5  4.6 3786
 16.1  2.1  2.1 52.0 12.9  0.3  2.1  1.8 18.0  7.1  3.4  0.0  0.3  5.8  0.0
  3.4  3.2  3.7 20.6  0.3  1.6240.9108.3 45.4 60.2 62.6  6.1  6.9  1.6  4.5
  0.5  1.8 33.8  3.2  4.5 28.3 13.7  7.4  1.8  2.6  3.4  1.8  2.9  9.0  1.1
  2.4  4.2  5.5  1.8  3.4 14.5 29.3 12.4  3.4  6.6 72.1 93.5  2.6131.0  6.3
  0.8  1.1  0.0  0.0  0.0  0.0  0.0  0.0  0.0  0.0  0.0  0.0  0.0  0.0  0.0
  0.0  0.0  0.0  2.6  1.8  2.6  1.8  0.3  1.1  0.0  0.0  0.0  0.0  0.0  0.0
  0.3  1.8  2.9  1.6  0.0  1.1  0.0  0.5  0.0  1.3  0.0  0.0  2.4  0.0  0.0
  9.0  1.3  0.0 10.3  6.6  1.6  9.5  2.4  0.0  0.0  0.0  0.0  0.0  0.0  0.0
  0.0  0.0  0.0  0.0  0.0  0.0  0.5 11.4  4.5  2.1 13.7 12.4  1.1  5.8  3.2
  1.3  2.6  1.8  1.6  1.1  1.1  0.5 21.7 15.8 20.9  1.6  4.5  7.9  2.6  0.0
     -0.14      1.48      3.83     -0.67      1.13  0.3  0.0  0.0  0.0  0.0
                                         4000_story_3260.txt 32.8  4.3 4848
 12.6  2.7  1.2 47.0  6.2  1.0  2.3  1.2 35.1  4.1  1.2  0.0  1.0  3.5  0.2
  2.3  3.1  5.2 25.8  0.8  2.1217.6109.7 40.0 74.1 68.3 10.9  5.4  0.4  1.7
  1.4  2.3 39.4  7.6  6.4 29.1 14.2  3.9  5.4  1.9  1.0  2.1  5.4  8.9  0.8
  2.9  4.7  5.0  3.5  4.7 10.1 34.7 12.6  3.9  3.5 61.5109.5  1.4138.2  6.0
  1.2  0.0  0.0  0.0  0.0  0.0  0.0  0.0  0.0  0.0  0.0  0.0  0.0  0.0  0.0
  0.0  0.0  0.0  3.1  2.5  1.9  1.7  0.2  0.0  0.0  0.2  0.0  0.4  0.0  1.0
  0.2  2.7  0.8  1.0  0.0  1.2  0.4  0.0  0.0  0.8  0.4  0.0  0.8  1.0  0.0
  9.1  0.2  0.6  9.9  5.8  1.7  8.3  2.3  0.0  0.0  0.0  0.0  0.0  0.0  0.0
  0.4  0.2  0.4  0.0  0.4  0.0  0.8 18.2  1.9  2.3  9.5 14.6  2.5  7.8  6.8
  2.9  3.3  8.0  1.4  0.4  0.2  0.4 24.8 14.2 17.3  1.0  3.7  7.6  7.8  0.0
      1.60      2.84      1.22     -1.78      2.64  0.0  0.0  0.0  0.0  0.0
                                         4000_story_3262.txt 34.5  4.3 5066
 14.0  4.1  1.2 40.9 12.6  0.6  2.2  3.4 72.6  9.1  1.2  0.0  0.0  4.1  0.4
  2.6  0.2  3.0 26.5  0.8  1.0203.3104.2 33.2 90.2 49.3  8.9  7.9  0.8  2.4
  1.2  2.6 35.1  7.1  4.9 34.3 17.0  7.5  1.6  2.0  1.2  4.5  3.8  7.1  0.8
  2.0  4.3  5.1  3.0  6.1 11.6 35.3  9.9  1.0  4.3 56.8134.6  2.8152.4  8.5
  3.0  1.0  0.0  0.0  0.0  0.0  0.0  0.0  0.0  0.0  0.0  0.0  0.0  0.0  0.0
  0.0  0.0  0.0  4.9  1.8  2.2  2.0  0.4  0.8  0.2  0.0  0.0  0.2  0.2  0.4
  0.0  1.8  3.0  1.6  0.2  0.4  0.2  0.0  0.0  0.8  0.4  0.0  4.3  0.6  0.0
 10.9  1.4  0.4 12.6  6.7  0.8  8.3  5.3  0.0  0.0  0.0  0.0  0.0  0.0  0.0
  0.6  0.0  0.2  0.0  0.0  0.2  0.4 10.7  4.5  4.3 11.8 15.0  3.2  7.7  3.9
  2.2  2.8  2.2  0.6  0.8  1.0  0.2 25.9 15.4 19.1  1.4  4.9  9.3  5.1  0.0
      0.37      2.60      1.66     -1.03      1.04  0.4  0.2  0.0  0.0  0.0
                                         4000_story_3263.txt 33.3  4.5 4797
 11.9  2.1  0.6 40.2  8.1  0.6  1.5  1.7 20.2  8.1  1.3  0.0  0.2  4.0  0.4
  2.1  2.1  4.0 27.7  0.6  2.7219.1111.5 37.9 80.9 69.4 10.6  5.4  0.8  3.1
  1.0  2.7 32.1  8.5  8.1 38.1 14.0  6.3  2.1  1.5  2.1  6.3  3.1 10.8  0.4
  2.3  4.0  5.8  2.5  4.2 12.3 35.9 13.6  2.7  5.0 61.9 97.8  1.7138.2  8.3
  1.0  0.2  0.0  0.0  0.0  0.0  0.0  0.0  0.0  0.0  0.0  0.0  0.0  0.0  0.0
  0.0  0.0  0.0  3.3  1.0  1.3  1.9  0.0  0.2  0.0  0.0  0.0  0.4  0.0  0.4
  0.0  0.6  2.3  0.8  0.0  0.6  0.0  0.0  0.0  0.2  0.0  0.0  2.5  0.8  0.0
  7.5  0.2  0.4  8.1  4.2  0.6  5.0  3.3  0.0  0.0  0.0  0.0  0.0  0.0  0.0
  0.6  0.2  0.0  0.2  0.0  0.0  0.4 14.4  2.5  3.5 11.0 10.8  3.1  8.3  7.7
  3.3  2.1  6.0  1.3  1.3  0.8  0.2 27.9 11.0 16.3  1.0  5.4  7.9  4.8  0.0
     -0.89      3.07      0.21     -0.29      1.03  0.6  0.4  0.0  0.0  0.0
                                         4000_story_3266.txt 30.8  4.0 4748
 16.6  6.5 14.3 56.2 13.3  1.1  4.6  3.4 67.4 19.2  1.5  1.1  0.8  5.7  0.2
  2.7  0.6  5.3 28.2  1.9  3.6203.9 94.4 25.5 80.9 33.7 12.6  7.8  1.3  1.9
  0.2  4.6 17.9  6.3  9.5 43.4 12.2  4.6  0.8  1.3  4.2  2.1  3.8  4.0  0.6
  1.5  6.7  2.5  2.9  6.7 14.1 41.9  6.1  2.5  3.4 59.8114.4  1.5153.3  5.5
  0.6  0.2  0.0  0.0  0.0  0.0  0.0  0.0  0.0  0.0  0.0  0.0  0.0  0.0  0.0
  0.0  0.0  0.0  3.6  1.1  3.2  1.5  0.2  0.2  0.0  0.0  0.0  0.0  0.4  0.0
  0.2  2.1  0.8  1.3  0.0  0.8  0.2  0.0  0.0  0.2  0.0  0.0  4.4  0.6  0.0
  9.3  0.4  0.4 10.1  4.4  1.1  5.7  5.1  0.0  0.0  0.0  0.0  0.0  0.0  0.0
  0.6  0.2  0.2  0.0  0.0  0.0  0.0  7.8  2.9  3.2 10.7 15.8  2.9  7.4  8.2
  4.2  4.8  0.6  0.4  1.1  0.2  0.2 31.6 13.3 25.1  1.1  5.1  8.8  5.5  0.0
     11.22      2.30     -1.24     -1.81      0.31  0.4  0.0  0.0  0.0  0.0
                                         4000_story_3271.txt 33.8  4.2 2166
 11.5  3.7 14.8 51.2  6.0  0.9  3.7  4.6 36.0 21.7  1.4  0.5  0.0  3.2  1.4
  2.3  0.5  4.6 30.0  0.5  2.3219.3106.6 24.9 72.0 46.2 12.0  6.9  2.3  2.3
  0.0  4.2 24.5  4.2 12.9 32.3 12.5  9.7  1.4  4.2  1.4  0.9  4.6  6.9  0.0
  1.8  7.4  1.4  4.6  2.3 15.7 46.2  8.8  0.9  4.6 54.9 88.2  2.3141.7  6.5
  1.4  0.0  0.0  0.0  0.0  0.0  0.0  0.0  0.0  0.0  0.0  0.0  0.0  0.0  0.0
  0.0  0.0  0.0  1.8  0.5  2.3  0.9  0.0  0.0  0.0  0.0  0.0  0.0  0.0  0.0
  0.5  0.5  1.4  1.4  0.0  0.0  0.5  0.0  0.0  0.9  0.0  0.0  1.8  1.4  0.0
  5.5  0.0  0.0  5.5  3.7  0.5  5.1  3.2  0.0  0.0  0.0  0.0  0.0  0.0  0.0
  0.0  2.3  0.9  0.0  0.0  0.0  0.5 13.4  3.7  1.4  7.8 11.1  5.1 10.2  6.9
  1.4  1.8  1.4  0.0  0.0  2.8  0.0 30.0 14.3 12.9  2.8  6.5 10.2  4.2  0.0
      3.92      2.28     -0.10     -0.93      0.90  0.9  0.5  0.9  0.0  0.5
                                         4000_story_3275.txt 33.3  4.3 4283
 12.6  2.1  1.4 31.3  5.8  0.5  4.7  2.1 45.3 11.9  0.5  0.0  0.5  1.6  0.7
  1.2  0.7  4.9 25.2  0.2  2.6239.1119.8 37.1 68.9 25.2 10.7  4.9  1.2  4.4
  1.4  3.5 21.7  7.2 11.2 42.5  7.9  2.6  0.5  1.9  0.7  2.8  5.6  5.4  0.2
  2.6  8.4  3.0  0.7  4.0  8.2 39.0  8.2  0.9  7.0 69.6 76.3  1.9119.8  6.8
  1.9  0.0  0.0  0.0  0.0  0.0  0.0  0.0  0.0  0.0  0.0  0.0  0.0  0.0  0.0
  0.0  0.0  0.0  0.5  0.2  2.6  1.9  0.0  0.0  0.0  0.0  0.0  0.0  0.0  0.0
  0.2  0.2  0.5  0.9  0.0  0.0  0.0  0.0  0.0  0.2  0.0  0.0  2.3  0.7  0.0
  5.1  0.0  0.0  5.1  1.9  0.0  2.1  3.0  0.0  0.0  0.0  0.0  0.0  0.0  0.0
  0.2  0.5  0.0  0.0  0.0  0.0  0.2  5.8  3.5  2.6 11.4 19.6  2.6  6.5  9.1
  0.2  4.0  1.2  0.7  0.2  1.6  1.2 24.3  8.6 16.8  0.9  3.7  7.5  3.7  0.0
     -3.55      0.63      0.18     -3.54      1.70  0.5  0.0  0.0  0.0  0.0
                                         4000_story_3277.txt 33.8  4.1 4477
 14.3  4.5 28.6 50.9 13.4  1.1  3.6  4.0 20.1 13.8  2.5  0.7  0.2  3.4  0.9
  1.6  0.7  4.2 25.7  0.4  2.7222.9106.8 33.3 76.8 75.7  6.3  6.9  0.2  1.1
  1.6  3.4 22.1  6.9 10.9 42.9 10.1  8.0  1.6  2.7  2.0  2.2  4.7  8.5  0.2
  1.8  4.7  2.7  2.5  7.6 14.3 37.1 10.5  1.1  2.9 68.6109.2  3.1145.0  6.5
  2.5  0.9  0.0  0.0  0.0  0.0  0.0  0.0  0.0  0.0  0.0  0.0  0.0  0.0  0.0
  0.0  0.0  0.0  2.0  0.7  1.8  2.9  0.4  0.4  0.0  0.0  0.2  0.0  0.0  0.2
  0.0  1.6  0.2  0.9  0.2  0.4  0.0  0.0  0.0  0.0  0.0  0.0  2.0  0.9  0.0
  7.4  0.9  0.2  8.5  2.9  0.7  3.6  2.9  0.0  0.0  0.0  0.0  0.0  0.0  0.0
  0.4  1.3  0.2  0.0  0.0  0.0  0.2 18.5  3.1  2.7  8.9 24.1  2.2  7.1  6.5
  1.8  3.6  5.8  0.9  1.1  0.4  0.2 29.7 10.5 16.8  2.9  2.2  8.7  4.0  0.0
      2.87      2.65     -1.77     -1.12      1.34  0.0  0.0  0.0  0.2  0.0
                                         4000_story_3281.txt 31.3  3.9 4684
 16.9  6.6  4.3 45.9 14.7  0.9  4.3  2.1 68.3 18.8  1.3  0.2  0.2  3.2  0.4
  3.4  0.4  4.7 28.8  0.2  3.8192.4107.6 25.0 74.9 26.0 11.5  5.8  1.1  1.3
  0.9  2.3 14.7 10.2 13.7 45.0 12.8  4.3  1.3  2.3  2.1  2.3  6.8  6.4  0.0
  1.9  9.2  3.0  1.9  3.8 11.1 42.9  8.3  0.6  3.2 54.7109.1  2.3141.5  7.7
  1.5  0.2  0.0  0.0  0.0  0.0  0.0  0.0  0.0  0.0  0.0  0.0  0.0  0.0  0.0
  0.0  0.0  0.0  3.4  0.6  3.0  1.7  0.6  0.0  0.2  0.0  0.0  0.0  0.0  0.2
  0.4  1.1  1.9  0.2  0.2  0.9  0.0  0.0  0.2  0.6  0.0  0.4  0.6  1.1  0.0
  8.8  0.9  0.0  9.6  3.8  1.3  5.8  2.1  0.0  0.0  0.0  0.0  0.0  0.0  0.0
  0.6  1.1  0.0  0.0  0.0  0.0  1.1  6.4  4.3  2.1  8.3 16.9  3.6  9.6 11.1
  1.1  1.7  0.9  1.7  1.3  0.2  0.0 32.5 10.0 21.6  2.1  2.3  7.0  5.3  0.0
      6.51      1.18     -4.59     -2.15      2.23  0.9  0.0  0.2  0.0  0.0
                                         4000_story_3285.txt 35.5  4.1 5489
 16.6  6.2 44.6 78.0 24.8  1.6  6.0  1.6 31.3 14.8  3.1  0.7  1.1  3.1  0.5
  0.7  1.3  3.8 25.5  0.9  2.9214.1 99.3 26.8 79.4 61.8 10.9  6.7  0.7  1.8
  1.1  2.4 16.0  6.9 11.5 45.2 10.0  8.2  0.9  2.2  2.6  1.6  7.5  7.8  1.3
  1.8  5.1  2.2  1.6  7.5 14.6 35.9 10.9  2.2  3.6 63.0117.9  2.6172.2  6.4
  1.8  0.2  0.0  0.0  0.0  0.0  0.0  0.0  0.0  0.0  0.0  0.0  0.0  0.0  0.0
  0.0  0.0  0.0  1.1  0.5  3.3  4.0  0.2  0.0  0.0  0.0  0.0  0.0  0.0  0.5
  0.7  1.5  1.3  0.2  0.0  0.4  0.0  0.0  0.0  0.2  0.2  0.0  2.7  1.1  0.0
  8.9  0.2  0.0  9.1  4.2  0.4  4.7  4.0  0.0  0.0  0.0  0.0  0.0  0.0  0.0
  0.4  0.9  0.2  0.0  0.0  0.0  0.5 13.5  2.4  1.5  9.5 19.7  3.3  6.0  5.5
  4.2  0.7  2.7  0.9  1.3  0.5  0.4 30.6 13.1 21.9  2.7  2.7  9.5  4.4  0.0
      8.62      2.98     -2.62     -1.50      3.80  0.7  0.4  0.0  0.2  0.0
                                         4000_story_3290.txt 32.5  4.1 5057
 13.1  4.9 16.6 45.5  9.3  0.0  3.0  2.6 24.9 14.8  1.0  0.8  0.2  2.6  1.2
  3.6  0.8  7.7 33.8  1.0  4.4215.3105.4 16.6 73.2 74.4 12.7 11.5  0.4  1.8
  0.2  3.2 31.4  4.5 16.0 42.3  8.1  6.7  0.8  3.6  3.0  2.0  6.3  6.1  0.0
  1.4 10.5  4.0  2.0  2.0 17.4 51.8  7.5  1.8  2.4 47.9108.6  3.0138.4  8.7
  3.0  0.2  0.0  0.0  0.0  0.0  0.0  0.0  0.0  0.0  0.0  0.0  0.0  0.0  0.0
  0.0  0.0  0.0  3.6  0.8  2.8  1.2  0.2  0.0  0.4  0.0  0.2  0.0  0.2  0.4
  0.8  0.8  1.2  0.0  0.4  0.2  0.0  0.2  0.0  0.4  0.4  0.2  3.4  1.0  0.0
  8.3  0.6  0.4  9.3  3.2  0.8  4.4  4.9  0.0  0.0  0.0  0.0  0.0  0.0  0.0
  1.0  1.2  0.0  0.0  0.0  0.4  0.2  9.5  2.0  1.6  6.9 13.2  2.8  9.9  8.3
  3.4  2.0  1.0  0.4  2.0  0.6  0.0 34.8 15.4 17.6  3.8  1.8  8.3  4.2  0.0
      6.99      4.54     -2.78     -0.93      1.70  1.0  0.0  0.4  0.0  0.0
                                         4000_story_3291.txt 34.5  4.2 3626
 14.3  5.0  4.4 49.1 13.8  0.0  2.2  3.0 54.1  8.3  2.5  0.0  0.6  5.0  2.2
  2.5  0.0  2.8 28.4  0.6  3.6226.1114.2 38.9 67.8 37.5 11.9  6.6  0.6  2.8
  1.1  4.4 25.1  3.9 10.2 40.5 12.1  6.3  0.3  2.8  4.7  1.1  6.1  4.1  0.6
  2.5  5.5  2.5  1.1  4.4 13.8 41.1  7.2  0.6  4.4 72.3105.4  2.8135.1  5.2
  2.2  0.0  0.0  0.0  0.0  0.0  0.0  0.0  0.0  0.0  0.0  0.0  0.0  0.0  0.0
  0.0  0.0  0.0  2.8  1.1  2.5  2.5  0.3  0.0  0.0  0.0  0.0  0.0  0.0  0.3
  0.3  0.8  0.0  0.8  0.0  0.3  0.3  0.0  0.0  0.3  0.3  0.3  4.1  1.4  0.0
  8.8  0.3  0.0  9.1  2.2  0.6  3.0  6.1  0.0  0.0  0.0  0.0  0.0  0.0  0.0
  0.0  0.8  0.0  0.0  0.0  0.0  0.3  9.1  3.0  1.1 10.5 20.7  2.8  8.0  6.9
  4.1  2.8  3.9  0.8  0.6  0.3  0.0 26.8 14.1 19.6  1.9  5.0  5.5  3.0  0.0
      1.76      1.68      0.65     -1.08      2.02  0.8  0.0  0.0  0.0  0.0
                                         4000_story_3298.txt 29.3  4.1 2006
 11.0  0.5  7.5 32.9  9.0  1.0  1.5  1.5 13.0 16.9  1.5  0.0  1.5  2.0  1.0
  1.0  0.5  3.0 24.9  0.0  3.5236.3111.7 28.4 80.8 59.3  7.5  6.0  0.0  1.5
  0.5  5.0 17.4  5.0 18.9 42.4  7.5  5.0  1.5  0.0  0.5  1.0  5.5  5.5  0.5
  3.5  6.5  2.5  1.5  3.5  8.5 36.4  9.5  0.5  2.0 62.3 81.3  2.0144.1 15.0
  6.0  0.5  0.0  0.0  0.0  0.0  0.0  0.0  0.0  0.0  0.0  0.0  0.0  0.0  0.0
  0.0  0.0  0.0  1.0  0.0  0.5  0.0  0.5  0.0  0.0  0.0  0.0  0.0  0.0  0.0
  0.0  0.0  0.5  0.5  0.0  1.0  0.0  0.0  0.0  0.0  0.0  0.5  0.5  0.5  0.0
  1.5  0.5  0.0  2.0  1.0  1.0  2.0  1.5  0.0  0.0  0.0  0.0  0.0  0.0  0.0
  1.0  1.0  0.0  0.5  0.5  0.0  0.5 13.5  1.0  1.5  5.0 20.4  3.0  8.0  9.0
  1.5  3.0  3.5  2.0  0.0  1.0  0.0 33.9  9.5 12.0  1.0  4.5  9.0  4.5  0.0
     -3.47      2.11     -4.17     -4.30      2.14  0.0  0.0  0.0  0.0  0.0
                                         4000_story_3302.txt 31.5  4.2 4502
 13.3  4.2 11.3 39.5  8.0  0.4  4.4  2.4 15.5 17.5  1.8  0.2  0.4  6.4  1.3
  0.2  1.8  3.8 30.0  0.7  3.1236.8106.2 24.0 84.2 64.6  9.3  7.6  0.4  2.2
  0.2  3.8 10.4 10.2 14.7 45.1  6.2  4.9  0.9  2.4  1.6  1.1  4.7  5.1  0.4
  3.3  4.4  1.3  3.1  3.1 10.2 40.9  8.9  2.4  2.9 55.1 88.2  1.8141.0  9.3
  0.7  0.0  0.0  0.0  0.0  0.0  0.0  0.0  0.0  0.0  0.0  0.0  0.0  0.0  0.0
  0.0  0.0  0.0  1.8  0.7  1.8  0.4  0.2  0.0  0.0  0.0  0.0  0.0  0.4  0.0
  0.0  0.2  0.7  0.0  0.0  0.4  0.0  0.0  0.0  0.0  0.2  0.0  1.6  0.7  0.0
  4.7  0.2  0.4  5.3  0.9  0.4  1.3  2.4  0.0  0.0  0.0  0.0  0.0  0.0  0.0
  0.4  1.1  0.0  0.0  0.0  0.0  0.2  4.2  1.1  2.2  6.4 18.7  5.6  5.6  4.2
  0.0  2.9  0.7  0.0  0.4  0.7  0.2 28.4 11.1 20.7  0.9  3.1  5.1  4.2  0.0
      5.06      3.11     -5.12     -2.86      1.48  0.9  0.0  0.0  0.2  0.0
                                         4000_story_3303.txt 33.3  4.0 4350
 14.9  4.1  2.5 34.7  9.9  0.0  3.7  3.0 58.4 12.4  2.3  0.0  0.2  3.7  0.7
  1.4  0.5  3.7 38.4  0.7  4.6208.5114.0 27.8 74.5 34.7  6.7  5.3  0.5  2.1
  0.2  3.7 11.3  9.4 13.8 36.8 12.0  4.8  0.5  1.4  2.5  1.6  6.7  5.7  0.5
  2.1  6.7  3.2  1.4  3.9 11.0 50.1  8.3  1.1  2.8 65.5103.0  1.8131.3  6.7
  2.5  0.0  0.0  0.0  0.0  0.0  0.0  0.0  0.0  0.0  0.0  0.0  0.0  0.0  0.0
  0.0  0.0  0.0  3.0  0.2  2.1  1.8  0.0  0.0  0.0  0.0  0.0  0.0  0.0  0.7
  0.2  0.2  0.9  1.4  0.0  0.5  0.0  0.0  0.0  0.7  0.2  0.0  2.8  0.2  0.0
  7.1  0.0  0.0  7.1  3.4  0.5  4.6  3.2  0.0  0.0  0.0  0.0  0.0  0.0  0.0
  0.5  0.5  0.2  0.0  0.2  0.0  0.0 12.9  1.8  1.1  7.4 19.1  3.7  6.4  5.5
  1.1  4.6  0.5  1.6  0.7  0.7  0.0 28.0 10.3 17.2  1.4  4.8  8.3  2.8  0.0
      4.76      0.53     -4.21     -2.83      2.43  1.4  0.0  0.2  0.0  0.0
                                         4000_story_3305.txt 34.3  4.0 4656
 14.0  5.2  6.0 46.4 17.0  0.9  3.0  1.7 70.0 13.5  0.9  0.2  0.9  3.0  0.9
  1.5  0.9  3.9 27.5  0.0  3.0214.8121.6 27.5 71.3 23.8  9.5  5.8  0.6  1.7
  1.5  0.9 22.8  6.2 11.4 37.4 12.5  5.8  0.4  2.4  1.9  1.7  5.6  5.6  0.2
  1.9  5.8  3.2  1.5  5.2 11.6 36.7  7.7  0.9  3.9 61.2110.8  1.3139.8  9.0
  2.1  0.2  0.0  0.0  0.0  0.0  0.0  0.0  0.0  0.0  0.0  0.0  0.0  0.0  0.0
  0.0  0.0  0.0  2.6  1.7  2.4  2.1  0.2  0.2  0.0  0.0  0.0  0.0  0.0  0.6
  1.5  0.6  0.4  0.9  0.2  0.6  0.2  0.0  0.0  1.3  0.0  0.0  2.1  0.9  0.0
  8.8  0.4  0.0  9.2  4.1  1.1  6.4  3.0  0.0  0.0  0.0  0.0  0.0  0.0  0.0
  0.4  0.9  0.0  0.0  0.2  0.0  0.6  6.7  2.4  3.4 10.3 26.8  6.4  8.6  8.6
  3.0  1.7  1.1  2.1  0.6  0.4  1.3 29.2 10.5 20.4  2.1  3.7  8.4  4.7  0.0
      3.14      0.57     -1.77     -2.40      1.50  0.4  0.2  0.2  0.2  0.0
                                         4000_story_3306.txt 33.5  3.9 2277
 15.8  6.1 30.3 65.0 18.9  2.6  4.4  2.6 34.3 19.8  2.6  0.4  0.9  5.3  0.4
  5.7  2.6  7.9 25.9  1.8  4.4221.8 96.2 16.2 79.5 58.4  7.5 12.3  0.0  0.9
  0.0  3.1  7.0 10.5 14.1 34.3 13.2  8.8  1.3  4.8  4.4  0.9  4.8  3.1  0.0
  1.8  8.3  3.1  1.8  3.1 21.1 42.6  4.8  4.4  0.9 45.2111.6  2.6165.1  9.2
  0.4  0.4  0.0  0.0  0.0  0.0  0.0  0.0  0.0  0.0  0.0  0.0  0.0  0.0  0.0
  0.0  0.0  0.0  3.5  0.4  1.8  1.8  0.4  0.0  0.0  0.0  0.0  0.0  0.0  0.9
  0.0  1.3  0.4  0.4  0.0  0.0  0.0  0.0  0.0  0.4  0.4  0.0  4.8  0.4  0.0
  7.5  0.4  0.0  7.9  3.1  0.0  3.5  5.7  0.0  0.0  0.0  0.0  0.0  0.0  0.0
  3.5  0.4  0.9  0.0  0.0  0.0  0.4 18.0  1.3  1.8  5.3 16.2  1.3  6.1  6.1
  4.8  1.3  0.4  0.4  1.3  0.9  0.0 36.0 21.1 24.2  0.9  4.4  7.5  4.4  0.0
     16.55      3.20     -6.05      0.55      0.43  0.4  0.0  0.4  0.0  0.0
                                         4000_story_3309.txt 32.5  4.1 3423
 19.9  7.6 21.9 59.6 10.5  2.0  2.9  2.9 20.2 11.7  2.0  0.0  1.2  5.6  0.3
  0.6  2.0  7.0 33.0  0.9  2.6216.8 87.6 33.6 85.3 77.1 13.4  9.1  0.6  0.9
  0.6  4.7 18.7 11.7 14.3 37.1  9.6  4.7  0.3  2.9  4.1  2.6  7.3  6.4  0.9
  1.2  5.0  0.9  2.3  4.7 15.8 45.6  8.5  2.9  2.0 71.0107.8  1.8164.2 14.0
  3.2  0.6  0.0  0.0  0.0  0.0  0.0  0.0  0.0  0.0  0.0  0.0  0.0  0.0  0.0
  0.0  0.0  0.0  2.0  3.8  2.9  1.5  0.6  0.6  0.3  0.0  0.0  0.0  0.0  0.6
  0.3  1.8  0.9  1.2  0.3  0.0  0.6  0.0  0.0  0.9  0.0  0.0  1.2  0.9  0.0
 10.2  1.5  0.0 11.7  4.7  0.9  6.4  2.0  0.0  0.0  0.0  0.0  0.0  0.0  0.0
  0.9  0.3  0.0  0.0  0.0  0.0  0.6 11.1  1.2  1.2  8.5 21.6  1.5  7.6  6.1
  3.5  2.0  2.3  1.2  0.6  0.0  0.0 36.8 14.9 26.3  2.3  4.1 12.3  2.6  0.0
      9.54      4.77     -4.34     -1.07      2.96  1.8  0.3  0.0  0.0  0.0
                                         4000_story_3310.txt 30.8  4.1 3853
 17.6  6.2 21.8 91.9 21.5  2.1  3.6  6.0 39.4 15.8  3.4  0.3  1.0  7.5  0.5
  0.5  3.4  5.5 25.7  2.1  3.9220.6 75.5 30.1 69.3 55.0  8.6 23.6  0.3  1.8
  0.3  3.9 13.8  9.3  6.5 36.6 11.9 11.9  1.6  2.9  4.2  1.0  6.7  7.5  1.0
  0.3  2.9  2.1  1.3  5.7 21.5 35.6  8.8  5.5  2.3 75.5116.0  1.8175.2 12.2
  1.3  0.0  0.0  0.0  0.0  0.0  0.0  0.0  0.0  0.0  0.0  0.0  0.0  0.0  0.0
  0.0  0.0  0.0  2.3  2.3  2.6  2.1  0.0  0.0  0.0  0.0  0.0  0.3  0.0  0.3
  0.3  2.1  0.8  0.8  0.0  0.3  0.3  0.3  0.3  0.3  0.0  0.0  3.6  1.0  0.0
  9.3  0.0  0.3  9.6  4.2  1.0  5.5  4.7  0.0  0.0  0.0  0.0  0.0  0.0  0.0
  0.5  1.0  0.3  0.0  0.0  0.5  0.5 34.8  2.6  2.1 11.2 14.5  3.1  7.0  2.1
  2.6  3.1  3.1  0.3  1.8  1.0  0.0 31.7 28.3 26.7  2.3  1.0 13.2  6.2  0.0
     16.87      5.02     -1.99      0.43      2.61  0.5  0.0  0.0  0.0  0.0
                                         4000_story_3311.txt 31.3  4.2 3422
 10.2  2.3  9.4 53.8 14.0  0.9  2.6  3.8 24.0 17.5  2.0  0.9  0.9  6.4  0.6
  0.6  3.2  5.8 31.6  0.3  3.5220.0 92.3 37.4 80.1 59.3  7.9  8.8  2.0  5.3
  0.3  1.8 12.9  8.2 12.9 43.5  7.6  7.6  0.9  1.8  1.5  3.2  7.9  6.1  0.3
  1.2  5.6  0.9  2.9  5.3 14.9 41.5  7.6  3.5  7.6 73.3 97.3  3.5149.9 14.0
  0.3  0.0  0.0  0.0  0.0  0.0  0.0  0.0  0.0  0.0  0.0  0.0  0.0  0.0  0.0
  0.0  0.0  0.0  0.3  0.3  2.3  0.3  0.0  0.0  0.0  0.0  0.0  0.0  0.0  0.0
  0.0  0.3  2.3  0.3  0.0  0.0  0.0  0.0  0.0  0.6  0.3  0.6  4.1  0.9  0.0
  3.2  0.0  0.0  3.2  2.9  0.0  3.5  5.8  0.0  0.0  0.0  0.0  0.0  0.0  0.0
  0.3  2.0  0.0  0.0  0.0  0.0  0.9 14.9  1.8  1.5  7.0 28.1  1.5  5.6  4.4
  7.3  3.2  1.5  2.0  1.2  0.3  0.0 38.9 11.4 11.7  2.6  2.6  7.9  2.6  0.0
      9.00      2.68     -1.98     -1.73      2.84  0.6  0.6  0.0  0.0  0.0
                                         4000_story_3315.txt 30.8  4.0 2899
 14.5  4.5  0.3 43.1 13.1  1.0  3.4  2.1 78.3 14.1  3.1  0.0  0.0  3.4  0.3
  2.1  1.4  7.2 30.4  0.7  2.4217.0102.4 46.2 78.6 25.2  7.9  9.0  0.7  2.8
  1.7  1.0 16.6  6.6  5.2 44.8 10.3  8.6  1.0  2.4  2.1  2.4 10.7  3.8  0.7
  1.4  4.5  4.8  3.4  5.5 17.9 38.3  5.9  2.1  5.2 72.1116.6  3.1140.7 12.1
  1.4  0.7  0.0  0.0  0.0  0.0  0.0  0.0  0.0  0.0  0.0  0.0  0.0  0.0  0.0
  0.0  0.0  0.0  3.4  2.1  1.7  0.7  0.3  0.3  0.0  0.0  0.0  0.3  0.0  0.3
  0.0  2.1  2.1  0.0  0.0  0.3  0.0  0.0  0.0  0.3  0.0  0.0  5.5  1.0  0.0
  7.9  0.7  0.3  9.0  4.5  0.3  5.2  6.6  0.0  0.0  0.0  0.0  0.0  0.0  0.0
  0.7  0.7  0.0  0.3  0.0  0.0  0.0  9.0  1.4  3.8  5.9 18.3  2.4 11.4  3.4
  2.8  3.8  3.1  0.7  1.0  0.7  0.0 28.3 14.8 23.8  1.7  5.2 12.1  2.8  0.0
      5.25      1.17     -0.08     -1.17      4.61  0.7  0.7  0.0  0.0  0.0
                                         4000_story_3319.txt 34.5  4.1 3794
 23.5  7.4 16.1100.9 21.3  5.3  4.0  5.8 52.7 15.8  4.7  0.5  1.1  6.1  0.5
  2.6  5.3  7.1 29.0  1.6  3.7205.3 75.1 35.1 60.4 48.5  8.4 15.6  0.5  1.3
  0.5  2.6 17.4  6.3 11.9 39.8  9.8 12.9  0.5  2.9  5.0  1.6  6.3  5.8  0.3
  0.8  4.7  3.2  0.8  5.8 25.0 39.8  6.9  6.9  2.4 64.8122.6  4.2168.7  8.4
  2.4  0.0  0.0  0.0  0.0  0.0  0.0  0.0  0.0  0.0  0.0  0.0  0.0  0.0  0.0
  0.0  0.0  0.0  3.2  0.3  5.3  2.4  0.5  0.0  0.0  0.0  0.0  0.0  0.0  0.3
  0.0  1.8  0.3  0.3  0.0  0.0  0.0  0.0  0.8  0.3  0.0  0.3  4.7  0.5  0.0
 11.1  0.5  0.0 11.6  2.6  0.8  3.7  5.5  0.0  0.0  0.0  0.0  0.0  0.0  0.0
  1.1  0.0  0.3  0.3  0.0  0.0  0.5  5.5  4.0  1.8  6.9 12.9  1.8  4.7  3.4
  1.8  1.8  1.6  1.8  1.3  1.1  0.3 25.3 23.2 27.9  2.6  3.7  8.2  3.2  0.0
     23.22      2.91     -2.95      0.98      1.66  0.5  0.0  0.3  0.0  0.0
                                         4000_story_3321.txt 31.0  3.8 3472
 26.8 10.9  7.5 44.4  4.9  0.6  1.7  5.8 84.1 17.0  0.9  0.0  0.6  6.9  2.0
  2.0  0.0  7.5 34.6  2.3  3.2170.8 82.1 20.4111.5 51.3 12.1  9.2  0.0  1.2
  0.0  5.2  7.8 10.7  9.5 41.2 15.0  4.0  2.9  4.6  4.3  3.2  5.5  3.7  0.0
  0.0  6.3  3.5  3.5  5.5 15.8 50.7  3.7  2.3  1.2 52.4140.3  4.3175.7  7.8
  0.6  0.0  0.0  0.0  0.0  0.0  0.0  0.0  0.0  0.0  0.0  0.0  0.0  0.0  0.0
  0.0  0.0  0.0  5.5  2.9  4.0  4.0  0.0  0.0  0.0  0.0  0.0  0.0  0.0  1.2
  0.3  2.6  1.2  2.0  0.0  0.6  0.3  0.0  0.3  0.3  0.0  0.0  5.5  0.6  0.0
 16.4  0.0  0.0 16.4  7.2  1.2  8.6  6.0  0.0  0.0  0.0  0.0  0.0  0.0  0.0
  0.6  0.9  0.0  0.0  0.0  0.0  0.3 13.2  1.2  1.4  9.5 13.8  1.7  8.6  6.0
  6.3  4.0  0.9  1.2  2.0  0.9  0.0 45.5 17.3 37.4  1.4  2.9 15.3  3.5  0.0
     16.50      4.25     -4.17      0.70      0.36  0.6  0.3  0.3  0.3  0.0
                                         4000_story_3322.txt 34.0  3.9 3596
 23.9  5.6  5.8 47.3  8.6  0.6  2.5  6.1 58.4 19.2  1.1  1.1  1.7  7.2  0.3
  1.9  0.6  7.5 13.1  2.8  0.6168.2 98.2 22.8 99.8 54.8 13.1  8.1  0.3  1.7
  0.3  1.7 20.6  7.2  8.6 46.4 13.9  3.9  1.9  1.1  3.6  1.9  7.0 10.8  1.1
  1.9  5.8  6.4  2.2  5.8 15.0 22.8 13.9  3.3  2.2 53.9121.8  3.1166.3 11.7
  4.4  0.3  0.0  0.0  0.0  0.0  0.0  0.0  0.0  0.0  0.0  0.0  0.0  0.0  0.0
  0.0  0.0  0.0  2.2  1.4  5.6  5.0  0.0  0.3  0.0  0.0  0.3  0.0  0.0  0.0
  0.3  1.9  2.2  2.8  0.0  0.6  0.0  0.0  0.0  0.8  0.0  0.0  3.1  0.8  0.0
 14.2  0.3  0.3 14.7  7.2  0.6  8.6  3.9  0.0  0.0  0.0  0.0  0.0  0.0  0.0
  0.6  0.6  0.0  0.0  0.0  0.0  0.0 16.4  2.8  5.3 10.8 20.0  5.8  5.8  9.2
  1.4  2.5  2.8  0.3  0.0  1.7  0.3 38.4 15.3 28.9  1.1  6.1 10.8  3.9  0.0
      9.53      4.00     -2.97     -2.04      3.85  1.1  0.0  0.0  0.0  0.0
                                         4000_story_3323.txt 32.5  4.0 2864
 13.3  5.9 34.2 61.1 14.7  2.8  1.7  8.7 52.4 15.4  2.1  0.0  0.7  5.9  1.4
  1.4  0.7  3.5 28.3  1.0  5.6221.4101.3 32.8 66.0 38.8  7.3 15.0  1.0  0.3
  0.3  5.2 15.0  7.3 12.2 44.7 12.6  9.1  0.0  1.7  2.4  4.2  7.3  4.9  0.3
  1.0  6.3  2.1  1.0  2.4 15.0 41.6  6.3  1.7  1.7 70.9105.8  1.7147.0  6.6
  3.1  0.3  0.0  0.0  0.0  0.0  0.0  0.0  0.0  0.0  0.0  0.0  0.0  0.0  0.0
  0.0  0.0  0.0  5.2  0.3  1.7  0.7  1.7  0.0  0.0  0.0  0.0  0.0  0.3  0.3
  0.3  0.7  0.3  0.7  0.0  0.7  0.3  0.0  1.0  0.7  0.7  0.0  6.3  1.0  0.0
  8.0  1.7  0.3 10.1  2.4  2.1  5.2  8.0  0.0  0.0  0.0  0.0  0.0  0.0  0.0
  0.0  0.7  0.0  0.0  0.0  0.3  1.0 12.9  0.3  3.8 11.9  7.0  1.0  7.7  7.0
  5.6  1.4  4.2  0.3  0.3  1.4  1.4 24.1 18.5 20.6  1.4  2.4  8.4  2.8  0.0
     10.43      2.36     -3.16     -0.81      2.30  0.0  0.0  0.0  0.0  0.0
                                         4000_story_3326.txt 33.0  4.1 1963
  8.7  3.1  3.1 68.8 16.8  2.0  3.1  6.6 33.6  8.7  5.1  0.0  0.5  3.6  0.5
  2.0  3.1  9.2 20.9  0.0  4.1223.1107.0 46.4 48.9 44.3  6.6 10.2  2.5  2.0
  2.5  5.6 26.5  8.2  4.1 38.2 15.3 10.2  1.5  2.5  3.6  3.6  3.1  4.6  1.0
  1.0  3.1  2.0  2.5  5.1 22.9 32.1  6.6  3.1  7.1 86.1 94.8  1.0135.5  4.6
  2.0  0.0  0.0  0.0  0.0  0.0  0.0  0.0  0.0  0.0  0.0  0.0  0.0  0.0  0.0
  0.0  0.0  0.0  0.5  2.0  2.5  0.0  0.0  0.0  0.0  0.0  0.0  0.0  0.0  2.0
  0.0  2.5  0.5  0.0  0.0  0.5  0.5  0.0  0.0  1.5  0.0  0.5  3.1  0.5  0.0
  5.1  0.0  0.0  5.1  5.1  1.0  7.6  4.1  0.0  0.0  0.0  0.0  0.0  0.0  0.0
  0.0  1.0  0.0  0.0  0.0  0.0  0.0 17.8  8.7  5.1 14.8  8.2  4.1  6.6  3.1
  4.1  2.5  1.5  0.5  0.0  1.0  0.0 20.4 19.9 15.8  0.0  5.6  8.2  1.5  0.0
      5.65      1.01      4.02      0.60      0.09  1.0  0.0  0.0  0.0  0.0
                                         4000_story_3327.txt 33.5  4.1 2095
 11.5  1.9 10.0 40.6  4.8  1.0  2.4  1.4 42.5  9.5  1.0  0.0  0.5  3.8  1.4
  3.8  0.5  5.3 29.1  0.0  3.3198.6109.3 50.1 80.7 46.8  9.5  9.1  2.4  2.4
  3.3  3.3 20.0 10.5  9.1 47.7  9.1  3.3  1.0  2.4  1.0  1.4  9.1  8.6  0.0
  1.0  8.6  1.9  1.4  3.8  9.5 43.4  9.5  0.5  8.1 84.5 94.0  2.9134.6  9.5
  1.9  0.0  0.0  0.0  0.0  0.0  0.0  0.0  0.0  0.0  0.0  0.0  0.0  0.0  0.0
  0.0  0.0  0.0  1.9  0.5  1.0  0.5  0.5  0.0  0.0  0.0  0.0  0.0  0.0  0.5
  1.0  1.9  0.5  0.0  0.0  0.5  0.5  0.0  0.5  0.0  0.0  0.0  1.4  0.5  0.0
  3.8  0.5  0.0  4.3  3.8  1.4  5.3  1.9  0.0  0.0  0.0  0.0  0.0  0.0  0.0
  1.0  0.5  0.0  0.0  0.0  0.0  1.9 23.4  4.3  1.9 15.3 20.5  5.3  5.7  9.1
  2.9  5.7  2.4  0.0  1.0  0.0  1.0 25.8 17.2 18.1  1.4  1.9 10.5  3.3  0.0
      0.55      2.52      0.86     -3.39      3.65  0.0  0.0  0.0  0.0  0.0
                                         4000_story_3333.txt 32.0  4.3 3316
 14.5  2.4  4.5 74.8 19.0  1.5  2.7  2.4 22.9 10.6  3.9  0.3  0.9  4.2  0.6
  2.4  4.8  8.4 20.8  0.6  1.2236.4 98.0 40.1 53.7 53.4 10.3 12.1  1.2  2.4
  2.7  2.7 35.6  7.2  3.9 41.0 10.3  6.9  3.0  2.7  4.5  3.3  9.0 10.3  1.5
  1.8  3.9  3.0  3.6  4.5 19.9 30.5 13.6  5.4  6.3 68.2 95.3  1.8140.5  5.7
  1.2  0.6  0.0  0.0  0.0  0.0  0.0  0.0  0.0  0.0  0.0  0.0  0.0  0.0  0.0
  0.0  0.0  0.0  0.9  2.4  1.5  1.8  0.0  0.3  0.0  0.0  0.0  0.6  0.0  0.6
  0.6  2.4  0.6  0.9  0.0  0.3  0.0  0.0  0.0  2.1  0.0  0.0  4.2  0.6  0.0
  6.6  0.3  0.6  7.5  5.1  0.3  7.5  4.8  0.0  0.0  0.0  0.0  0.0  0.0  0.0
  0.0  0.9  0.0  0.0  0.0  0.0  0.0 19.3  6.0  3.9 15.1  9.3  2.7  7.8  3.3
  1.5  2.4  4.5  0.0  0.3  1.5  0.3 22.6 23.8 22.6  1.8  4.2  7.2  1.5  0.0
      8.02      2.62      3.28      0.73      5.33  0.3  0.0  0.0  0.3  0.0
                                         4000_story_3335.txt 32.8  4.2 3991
 20.0  5.5 19.3 78.2 20.5  2.5  5.5  3.5 26.1 19.0  2.3  0.0  0.3  4.8  0.8
  1.0  3.8  4.8 27.3  0.3  2.8224.0102.0 35.8 51.4 47.9  9.0  8.8  1.3  2.8
  0.8  1.0 27.8  5.3  5.5 37.8 10.8 10.3  2.0  2.3  4.5  1.8  8.0  8.8  0.5
  1.5  4.5  3.3  3.5  6.0 19.5 35.1 10.8  4.0  4.8 64.9 94.5  2.3140.6  5.5
  0.0  0.3  0.0  0.0  0.0  0.0  0.0  0.0  0.0  0.0  0.0  0.0  0.0  0.0  0.0
  0.0  0.0  0.0  1.5  1.0  2.5  4.0  0.5  0.5  0.0  0.0  0.0  0.0  0.0  0.3
  1.0  1.3  0.8  0.8  0.0  0.5  0.3  0.3  0.5  0.3  0.5  0.0  4.0  0.0  0.0
  9.0  1.0  0.0 10.0  4.0  1.5  5.8  4.5  0.0  0.0  0.0  0.0  0.0  0.0  0.0
  0.8  0.0  0.0  0.0  0.0  0.5  0.0 30.3  4.8  4.0 13.8 13.3  5.8 10.0  3.8
  1.5  3.5  1.0  0.0  0.5  1.5  0.3 25.6 18.3 23.3  2.8  2.5  3.3  1.5  0.0
     11.30      1.45      0.80      0.36      3.58  0.5  0.3  0.0  0.3  0.0
                                         4000_story_3336.txt 32.8  4.5 2486
  7.2  2.8  4.8 43.8  5.6  2.0  3.2  2.8 10.9  9.7  2.0  1.2  0.4  4.4  1.2
  4.0  1.6  5.2 27.8  0.4  2.0230.5107.0 35.0 76.0 72.8 16.5  8.8  2.0  2.8
  1.6  3.2 35.8  7.6  3.2 48.3 10.9  6.4  0.8  1.6  2.4  5.2 12.9 10.9  0.8
  0.4  8.4  3.2  3.6  4.4 14.1 42.2 12.1  2.0  6.4 67.6 89.3  2.0131.9  7.2
  4.0  0.4  0.0  0.0  0.0  0.0  0.0  0.0  0.0  0.0  0.0  0.0  0.0  0.0  0.0
  0.0  0.0  0.0  2.4  2.4  1.6  0.4  0.0  0.4  0.0  0.0  0.0  0.4  0.0  0.0
  0.0  2.0  1.2  0.0  0.0  0.8  0.0  0.0  0.4  1.2  0.0  0.8  2.4  0.4  0.0
  6.8  0.4  0.4  7.6  3.2  1.2  5.6  3.6  0.0  0.0  0.0  0.0  0.0  0.0  0.0
  0.4  0.0  0.0  0.0  0.0  0.0  0.0 12.5  4.4  5.6 16.9 12.5  3.6 11.7  4.8
  4.0  2.0  1.2  0.0  1.2  1.2  0.0 22.1 10.9 14.9  0.8  6.4  4.4  1.2  0.0
      1.42      4.82      2.83     -0.84      6.81  0.8  0.0  0.0  0.0  0.0
                                         4000_story_3338.txt 32.8  4.3 2620
 11.1  5.3 10.7 52.3 12.2  1.1  3.1  2.7 24.4 10.7  1.1  0.4  1.1  1.9  1.5
  2.7  1.5  5.3 20.2  0.0  0.8244.3114.1 35.5 66.0 56.9  7.6  9.9  0.8  1.1
  1.5  3.1 42.4  3.8  5.3 39.3  8.8  7.6  1.5  2.7  0.4  3.4  6.5  9.5  0.4
  0.4  3.8  5.0  2.3  3.4 13.4 30.2 10.3  1.5  3.4 64.1 93.5  6.5131.7  8.0
  2.7  0.0  0.0  0.0  0.0  0.0  0.0  0.0  0.0  0.0  0.0  0.0  0.0  0.0  0.0
  0.0  0.0  0.0  5.0  0.8  1.9  1.1  0.0  0.0  0.0  0.0  0.0  0.0  0.0  0.0
  0.8  0.0  0.0  0.0  0.4  1.1  0.0  0.0  0.0  2.3  0.0  0.8  6.5  0.0  0.0
  8.8  0.0  0.0  8.8  0.8  1.5  4.6  7.3  0.0  0.0  0.0  0.0  0.0  0.0  0.0
  0.0  0.4  0.0  0.0  0.0  0.0  0.4 14.1  6.9  5.3 16.8  6.5  3.8 11.1  4.2
  1.1  0.4  2.3  0.0  1.5  1.5  0.4 29.8 14.9 14.1  1.9  2.7  5.3  0.8  0.0
     -0.78      2.28      2.56     -1.52      2.29  1.1  0.4  0.4  0.0  0.0
                                         4000_story_3342.txt 33.3  4.3 2388
  8.4  0.8 10.1 79.6 10.9  0.8  3.4  2.1 35.6 16.8  3.8  1.7  0.4  2.9  2.5
  1.3  2.5  5.4 26.8  0.0  2.1217.3 93.4 38.5 41.9 52.3 10.1  5.9  2.1  1.3
  1.7  2.9 26.4  7.1  7.5 41.9 11.3 10.1  0.0  3.4  2.5  2.9  5.4 10.9  0.0
  2.5  8.0  3.4  2.9  8.0 18.0 42.7 13.4  2.5  5.0 77.1 98.8  1.3142.4  8.8
  3.4  0.0  0.0  0.0  0.0  0.0  0.0  0.0  0.0  0.0  0.0  0.0  0.0  0.0  0.0
  0.0  0.0  0.0  0.8  1.3  0.4  0.4  1.3  0.0  0.0  0.0  0.4  0.0  0.0  0.0
  0.8  0.8  1.3  0.0  0.0  0.4  0.0  0.0  0.8  0.4  0.0  0.8  4.2  0.0  0.0
  2.9  1.3  0.4  4.6  2.9  1.3  4.6  5.0  0.0  0.0  0.0  0.0  0.0  0.0  0.0
  0.8  0.0  0.0  0.0  0.0  0.0  0.4 18.4  2.1  3.4 15.5 14.2  2.9  7.5  4.6
  3.8  2.1  0.0  0.4  1.3  0.4  0.0 32.7 17.2 14.7  1.7  3.8  3.4  2.5  0.0
      6.14      0.99      0.64     -0.32      2.24  1.3  0.0  0.0  0.0  0.0
                                         4000_story_3343.txt 33.0  4.1 2815
 19.2  5.7 12.4 68.2 16.0  1.4  1.1  2.8 33.7 18.8  2.5  0.7  1.1  4.6  1.1
  2.1  0.7  4.6 19.2  0.7  2.1209.6 88.5 34.1 80.3 67.1 12.4 13.9  0.4  3.2
  0.0  1.1 19.2  4.3 12.1 45.1  8.9  7.1  0.4  3.9  1.8  1.1  7.8  5.0  0.4
  2.1  7.8  3.2  2.5  8.5 13.5 32.7  7.5  1.4  3.6 65.7116.9  1.8160.9  9.6
  2.1  0.0  0.0  0.0  0.0  0.0  0.0  0.0  0.0  0.0  0.0  0.0  0.0  0.0  0.0
  0.0  0.0  0.0  1.1  0.4  4.6  2.8  0.4  0.4  0.0  0.0  0.0  0.0  0.0  0.0
  0.0  1.4  1.8  0.7  0.4  0.4  0.0  0.0  0.4  0.4  0.0  0.0  2.5  1.1  0.0
  8.9  0.7  0.0  9.6  3.9  1.1  5.3  3.6  0.0  0.0  0.0  0.0  0.0  0.0  0.0
  1.1  1.4  0.0  0.0  0.0  0.0  0.0 14.2  2.8  1.1  8.9 13.5  1.1  4.3  5.7
  1.1  1.4  1.1  1.8  0.7  0.7  0.0 33.4 16.7 27.7  1.8  3.6 10.7  2.8  0.0
      5.14      4.85     -2.83     -1.75      2.97  0.0  0.0  0.0  0.0  0.0
                                         4000_story_3344.txt 29.8  4.1 2131
 12.2  2.3  0.5 64.8 11.3  0.9  0.5  1.9 23.5 15.0  2.8  0.0  0.0  3.3  1.4
  0.5  2.3  2.3 22.1  0.0  1.9208.8114.5 38.0 48.3 72.7 15.0  1.9  1.4  0.9
  1.9  4.7 25.3  9.9  8.4 48.8  8.9  6.6  0.9  1.4  1.9  0.5  4.7  2.8  1.4
  0.9  6.6  0.9  1.4  8.4 10.8 34.7  5.2  2.3  4.2 82.1107.5  1.9127.2  8.0
  1.9  0.0  0.0  0.0  0.0  0.0  0.0  0.0  0.0  0.0  0.0  0.0  0.0  0.0  0.0
  0.0  0.0  0.0  0.9  0.0  0.5  0.0  0.5  0.5  0.0  0.0  0.0  0.0  0.0  0.0
  0.0  0.0  0.9  0.5  0.0  0.9  0.0  0.5  0.5  0.0  0.0  0.0  2.3  0.0  0.0
  1.4  0.9  0.0  2.3  1.4  1.9  3.3  2.3  0.0  0.0  0.0  0.0  0.0  0.0  0.0
  0.0  0.5  0.0  0.0  0.0  0.0  0.0 12.7  3.3  0.9 12.7 13.1  4.7  5.2  1.9
  4.2  0.0  3.3  0.9  0.9  0.5  0.5 22.1  6.1 16.0  0.5  3.3  7.5  2.8  0.0
     -0.09      2.33     -0.60     -3.02      1.12  0.0  0.0  0.0  0.5  0.5
                                         4000_story_3346.txt 27.0  4.2 3578
 11.2  4.8 10.9 65.7 23.2  1.7  4.2  2.5 39.7 10.1  1.1  0.0  0.0  2.5  0.3
  4.8  1.4  5.0 18.2  0.3  2.2239.0114.0 33.0 61.8 43.0  7.8 12.0  2.5  3.9
  1.1  1.7 35.8  7.8  4.5 29.1 11.2 13.7  1.4  4.2  2.2  1.1  5.9  8.1  0.3
  1.7  4.5  2.5  2.8  2.0 21.0 28.5 10.1  1.7  7.5 52.5105.9  5.0137.5  2.8
  3.1  0.3  0.0  0.0  0.0  0.0  0.0  0.0  0.0  0.0  0.0  0.0  0.0  0.0  0.0
  0.0  0.0  0.0  3.4  0.6  1.1  2.8  0.3  0.3  0.0  0.0  0.0  0.3  0.0  0.3
  0.8  0.8  1.7  0.6  0.3  0.8  0.0  0.0  0.3  0.0  0.3  0.0  2.0  0.0  0.0
  7.8  0.6  0.3  8.7  4.2  1.4  5.6  2.2  0.0  0.0  0.0  0.0  0.0  0.0  0.0
  0.0  0.3  0.0  0.0  0.0  0.0  0.0 10.3  7.3  5.6 13.1  7.8  1.4 12.0  8.4
  3.1  2.8  0.8  0.0  2.8  0.0  0.6 27.9 21.0 17.9  2.0  1.7  5.3  0.6  0.0
      1.24      1.95      3.33      0.52      2.03  0.6  1.1  0.0  0.0  0.0
                                         4000_story_3347.txt 36.0  4.5 3707
  9.4  2.2  2.4 29.1  3.2  1.1  1.9  1.6  4.3  4.9  0.3  0.3  0.8  3.0  2.7
  0.5  0.0  5.4 22.9  0.8  1.9232.5118.2 47.7 73.6 72.3 15.4  3.0  2.2  4.9
  0.8  5.9 27.8  9.2  8.4 35.6 11.1  4.0  0.8  2.7  2.2  3.2  3.8  9.2  1.6
  2.4  7.0  4.9  2.2  5.7 11.6 38.8 13.2  0.8  7.8 80.9 79.8  1.3125.4  8.4
  4.3  1.1  0.0  0.0  0.0  0.0  0.0  0.0  0.0  0.0  0.0  0.0  0.0  0.0  0.0
  0.0  0.0  0.0  1.1  1.3  3.8  1.9  0.5  0.5  0.0  0.0  0.5  0.0  0.0  0.0
  0.0  0.8  1.1  0.3  0.0  0.8  0.0  0.0  0.3  0.5  0.0  0.0  2.2  1.1  0.0
  8.1  1.1  0.5  9.7  2.2  1.1  3.8  3.2  0.0  0.0  0.0  0.0  0.0  0.0  0.0
  0.0  0.5  0.0  0.0  0.0  0.0  0.0 24.3  2.7  2.4 11.1 11.6  3.2  8.1  8.6
  3.0  3.2  2.2  0.5  1.3  0.8  0.5 23.7  4.9 15.9  0.5  4.6  3.2  2.2  0.0
     -6.89      3.41      2.43     -1.83      2.15  1.1  0.0  0.0  0.3  0.0
                                         4000_story_3351.txt 32.5  4.2 4114
 16.8  4.4 11.2 67.3 22.6  1.9  2.2  1.7 31.8  8.3  5.6  0.0  0.5  2.4  1.0
  5.6  1.0  8.3 18.2  1.5  1.7182.1 84.6 28.0 71.9 82.6 13.1  8.0  1.9  1.9
  0.7  2.4 24.8  8.8  8.8 54.0 15.8 12.6  1.7  1.9  6.1  3.6  7.5  4.1  0.2
  2.2  5.3  6.8  4.6  7.3 27.0 28.0  6.6  2.4  4.6 63.4137.1  1.9159.2  7.8
  1.7  1.5  0.0  0.0  0.0  0.0  0.0  0.0  0.0  0.0  0.0  0.0  0.0  0.0  0.0
  0.0  0.0  0.0  1.2  2.7  5.3  2.7  1.5  0.7  0.0  0.0  0.0  0.0  0.0  0.5
  0.2  1.9  1.9  1.0  0.0  1.2  0.7  0.0  0.0  1.2  0.5  0.2  3.4  2.7  0.0
 11.9  2.2  0.0 14.1  5.6  1.9  8.8  6.8  0.0  0.0  0.0  0.0  0.0  0.0  0.0
  0.2  1.5  0.0  0.0  0.7  0.0  0.5  9.7  3.6  4.6 13.4 15.3  1.0  6.8  2.9
  2.7  1.0  1.5  0.7  1.5  0.0  0.0 29.9 10.2 25.8  1.7  3.9  9.7  4.9  0.0
      6.24      4.32     -1.77      2.19      2.60  1.5  0.7  0.0  0.0  0.0
                                         4000_story_3362.txt 25.5  4.1 1970
  8.6  1.0  1.5 54.3  5.6  0.0  1.5  2.5  9.1 14.7  0.5  1.0  0.0  7.1  0.0
  0.0  1.0  0.5 13.2  0.5  6.6261.9 89.8 31.5 68.0 57.4  2.0  8.1  0.5  1.0
  0.0  6.6 20.3  9.6 16.2 34.5  8.1  4.1  3.0  3.0  1.5  0.0  4.1  3.6  0.0
  1.5  4.6  0.5  1.0  1.5  6.1 28.4  5.1  1.5  1.5 54.8 72.1  9.1137.6  9.6
  0.0  0.0  0.0  0.0  0.0  0.0  0.0  0.0  0.0  0.0  0.0  0.0  0.0  0.0  0.0
  0.0  0.0  0.0  1.5  0.5  2.0  0.0  0.0  0.0  0.0  0.0  0.0  0.0  0.0  0.0
  1.0  3.0  0.0  0.0  0.0  0.0  0.0  0.0  0.0  0.0  0.0  0.0  6.1  0.0  0.0
  4.1  0.0  0.0  4.1  4.1  0.0  4.1  6.1  0.0  0.0  0.0  0.0  0.0  0.0  0.0
  1.0  0.0  0.0  0.0  0.5  0.0  0.0 17.3  1.0  0.0  3.6 28.9  3.6  2.0  8.6
  3.6  5.6  1.0  3.0  0.0  0.5  0.0 47.7 13.7 10.2  1.5  3.6  5.6  5.1  0.0
     -3.34      0.95     -3.86     -2.55     -0.06  0.0  0.0  0.0  0.0  0.0
                                         4000_story_3365.txt 29.8  3.9 2171
 16.1  3.7 35.0 95.8 30.4  6.4  5.1  2.8 39.6 15.7  4.1  0.5  0.9  6.0  0.0
  2.3  2.8  8.3 19.8  2.3  1.8184.2 92.6 19.3 56.7 84.3 11.5  6.9  0.0  0.9
  0.5  3.2 21.6  8.3 10.1 39.6 17.0 20.3  2.3  4.6  5.1  1.4  7.8  4.6  0.5
  0.9  7.8  0.9  1.8  4.1 33.6 35.9  6.0  5.1  1.4 46.5154.3  2.3166.7  8.3
  0.5  0.0  0.0  0.0  0.0  0.0  0.0  0.0  0.0  0.0  0.0  0.0  0.0  0.0  0.0
  0.0  0.0  0.0  2.3  0.5  4.6  0.5  0.9  0.5  0.0  0.5  0.0  0.0  0.0  1.4
  0.5  3.2  0.5  0.0  0.0  1.4  0.5  0.9  0.0  0.5  0.5  0.0  2.3  0.0  0.0
  7.8  1.4  0.5  9.7  5.5  2.8  8.8  2.8  0.0  0.0  0.0  0.0  0.0  0.0  0.0
  0.0  0.9  0.0  0.0  0.0  0.0  0.0 17.0 11.1  2.3 14.3  6.0  1.8  9.7  8.3
  2.3  1.4  5.1  0.0  1.8  0.5  0.0 41.9 15.7 24.4  2.3  1.8  7.8  2.8  0.0
     17.43      3.38     -3.05      4.02      2.62  1.4  0.0  0.5  0.0  0.0
                                         4000_story_3369.txt 30.8  4.3 5480
  8.2  2.2  0.0 45.6  6.6  0.4  2.2  2.0 86.3  9.5  1.6  0.4  0.5  0.9  0.2
  2.4  0.2  6.2 26.6  0.0  1.5202.6106.9 39.4 78.3 44.7 14.8  3.5  1.8  1.8
  1.1  4.2 30.8  6.6  4.7 43.1 10.8  9.3  0.4  1.1  2.9  3.5  5.7  9.3  2.4
  2.2  5.8  4.6  2.0  5.1 18.4 38.1 13.9  0.2  4.7 76.3137.6  3.1140.3  3.5
  1.8  0.5  0.0  0.0  0.0  0.0  0.0  0.0  0.0  0.0  0.0  0.0  0.0  0.0  0.0
  0.0  0.0  0.0  1.8  1.6  1.6  1.3  0.9  0.2  0.2  0.0  0.0  0.0  0.2  0.2
  0.4  0.4  1.1  0.0  0.2  0.7  0.4  0.0  0.2  0.5  0.0  0.4  4.0  0.5  0.0
  6.4  1.3  0.2  7.8  2.0  1.5  4.0  4.9  0.0  0.0  0.0  0.0  0.0  0.0  0.0
  0.2  0.0  0.0  0.0  0.0  0.2  0.0  7.8  4.6  2.0 12.0 11.9  2.4  7.5  3.8
  0.4  1.1  2.4  0.5  0.7  0.4  1.3 18.8  7.8 18.2  2.7  5.8  8.4  5.3  0.0
     -2.32      2.32      1.93     -1.00      3.85  0.9  0.4  0.0  0.0  0.0
                                         4000_story_3374.txt 34.5  4.3 4819
  8.9  1.7 19.1 52.1  9.3  0.6  2.5  4.8 17.6 10.4  2.3  0.6  1.2  4.2  1.2
  1.5  0.6  4.6  6.2  0.2  3.7266.0102.7 34.7 77.2 47.1  9.1  6.2  0.8  2.3
  0.6  1.9 21.4  7.3 11.8 36.9 11.8  8.1  0.8  2.1  1.5  2.5  5.4  8.1  0.2
  1.7  5.8  2.1  2.7  2.7 14.1 16.6 10.0  0.8  3.7 69.9 74.1  2.5156.0 14.7
  0.4  0.6  0.0  0.0  0.0  0.0  0.0  0.0  0.0  0.0  0.0  0.0  0.0  0.0  0.0
  0.0  0.0  0.0  0.2  0.6  1.9  0.6  0.4  0.4  0.2  0.0  0.0  0.2  0.2  0.0
  0.4  1.5  2.9  0.0  0.0  0.4  0.2  0.4  0.0  1.7  0.4  0.0  1.7  0.8  0.0
  3.3  1.0  0.4  4.8  4.8  1.0  7.5  2.9  0.0  0.0  0.0  0.0  0.0  0.0  0.0
  0.4  1.0  0.0  0.0  0.0  0.2  0.2  3.5  5.6  2.3 14.1 22.8  4.8  6.2  4.2
  0.8  2.5  1.0  0.4  1.9  0.4  0.4 35.1  9.5 12.0  1.5  3.7  6.0  4.4  0.0
     -4.52      1.81     -2.31     -1.78      1.67  0.8  0.0  0.0  0.2  0.0
                                         4000_story_3377.txt 29.0  4.0 3285
 14.0  6.4 12.8 49.3  5.8  0.6  2.1  2.7 17.0 20.7  4.0  0.0  0.6  4.9  0.9
  1.5  0.0  4.6 21.3  0.6  0.9197.6102.6 29.2 76.4 99.5 16.1 11.0  0.6  0.9
  1.2  4.3 12.8  7.0  9.1 44.7 12.5  7.9  0.6  5.2  2.4  1.8  6.4  5.8  0.0
  2.1  7.6  2.4  2.1  3.3 14.9 38.4  7.9  0.6  2.7 60.6122.4  4.3144.9  9.7
  2.7  0.0  0.0  0.0  0.0  0.0  0.0  0.0  0.0  0.0  0.0  0.0  0.0  0.0  0.0
  0.0  0.0  0.0  4.0  1.8  2.1  1.8  0.3  0.0  0.3  0.0  0.3  0.3  0.0  0.9
  0.0  1.5  0.0  1.5  0.0  0.3  0.0  0.3  0.9  0.0  0.0  0.0  4.9  0.9  0.0
  9.7  0.6  0.6 11.0  4.0  1.5  5.5  5.8  0.0  0.0  0.0  0.0  0.0  0.0  0.0
  0.0  1.8  0.0  0.0  0.0  0.0  0.0 14.3  2.1  3.3 11.6 14.6  1.5  7.3  2.4
  3.0  4.9  3.7  0.9  0.6  0.3  0.3 32.0 14.3 21.9  1.2  3.0  8.8  3.3  0.0
      1.59      6.34     -1.87     -0.28      1.93  0.9  0.0  0.0  0.0  0.0
                                         4000_story_3378.txt 31.8  4.0 4648
 12.0  4.7 47.3 70.4 14.6  2.8  3.9  2.6 33.3 16.4  3.7  0.6  1.3  4.5  0.6
  0.2  1.5  6.2 21.5  1.3  4.3245.5 90.1 33.1 71.0 74.4 11.4  9.3  0.0  1.3
  0.4  2.6 20.2  6.9 11.0 28.8  9.9  8.4  1.1  5.6  1.7  0.6  4.3  5.4  0.4
  1.1  5.4  1.9  2.6  3.2 16.4 35.7  6.9  2.8  1.7 62.6122.4  2.8154.5  4.9
  2.4  0.0  0.0  0.0  0.0  0.0  0.0  0.0  0.0  0.0  0.0  0.0  0.0  0.0  0.0
  0.0  0.0  0.0  1.7  1.5  1.7  1.9  0.2  0.0  0.0  0.0  0.0  0.2  0.0  0.2
  0.2  1.1  0.2  0.4  0.0  0.0  0.0  0.0  0.2  0.4  0.0  0.0  4.7  1.1  0.0
  6.9  0.2  0.2  7.3  2.2  0.2  2.8  5.8  0.0  0.0  0.0  0.0  0.0  0.0  0.0
  1.1  0.2  0.2  0.0  0.0  0.0  0.2 17.4  2.8  2.2 10.5 20.2  1.7  5.8  4.9
  2.8  3.4  4.3  1.3  0.6  0.6  0.0 30.1 13.6 18.9  1.3  3.4  7.1  2.4  0.0
      8.76      3.82     -2.46     -0.64      0.56  1.1  0.2  0.0  0.2  0.0
                                         4000_story_3380.txt 31.0  3.9 4969
 13.9  6.2 47.3 73.9 33.4  2.6  2.6  1.8 39.0 16.9  3.2  0.0  0.2  3.0  0.6
  0.8  1.2  5.6 18.9  1.6  2.0242.9 80.5 24.8 81.5 64.4 11.3 16.7  0.4  1.0
  0.6  2.6 13.7  5.6  8.7 29.2  8.5 13.3  1.6  3.6  2.2  0.8  3.4  4.8  0.4
  1.0  5.4  2.6  1.0  2.8 21.1 30.6  6.2  2.8  2.0 58.8136.8  2.4164.8  6.6
  3.0  0.2  0.0  0.0  0.0  0.0  0.0  0.0  0.0  0.0  0.0  0.0  0.0  0.0  0.0
  0.0  0.0  0.0  1.8  0.8  3.4  2.0  0.2  0.2  0.0  0.0  0.0  0.0  0.0  0.0
  0.8  1.6  0.2  0.4  0.2  0.4  0.2  0.0  0.2  0.0  0.0  0.2  2.2  2.0  0.0
  8.0  0.4  0.0  8.5  3.0  1.0  4.0  4.4  0.0  0.0  0.0  0.0  0.0  0.0  0.0
  0.8  0.8  0.0  0.0  0.0  0.0  0.2 11.9  4.0  1.2 10.1 11.7  5.0  4.6  4.6
  1.4  3.4  1.2  0.2  0.2  0.4  0.0 28.2 24.4 23.9  1.2  3.6  8.5  2.4  0.0
      8.38      5.08     -1.63      0.10     -0.12  0.4  0.0  0.0  0.0  0.0
                                         4000_story_3382.txt 28.5  4.1 5479
 12.8  4.7 20.1 64.8  8.2  1.5  3.7  4.9 29.2 15.7  2.2  0.7  0.5  5.8  0.4
  3.8  1.1  8.4 30.8  2.0  1.8221.9 92.0 29.0 67.5 59.5 15.3  9.1  0.9  1.3
  0.5  3.5 23.5  7.8 10.6 40.7 10.8  6.8  1.5  5.7  4.0  2.9  6.6  4.6  0.2
  1.1  7.3  4.2  2.6  4.0 19.2 48.0  5.8  3.1  2.7 57.9 96.9  7.1144.7  5.7
  1.6  0.2  0.0  0.0  0.0  0.0  0.0  0.0  0.0  0.0  0.0  0.0  0.0  0.0  0.0
  0.0  0.0  0.0  1.8  0.9  3.5  2.2  0.2  0.0  0.0  0.0  0.4  0.2  0.2  0.4
  0.0  2.2  1.5  0.4  0.0  0.9  0.0  0.2  0.0  0.0  0.0  0.0  7.3  1.1  0.0
  8.4  0.2  0.7  9.3  4.4  1.1  5.5  8.4  0.0  0.0  0.0  0.0  0.0  0.0  0.0
  0.7  0.9  0.0  0.0  0.2  0.0  0.2  7.8  2.7  4.4 13.1 11.3  1.6  7.5  5.3
  8.2  2.7  3.5  0.7  0.9  1.6  0.5 29.6 15.1 21.2  1.1  2.2  7.1  2.4  0.0
     10.06      3.78     -2.10      1.13      1.67  1.3  0.0  0.5  0.0  0.2
                                         4000_story_3383.txt 30.0  4.1 4442
 17.1  5.6  4.1 64.2 17.3  1.4  1.6  4.5 30.2 14.2  2.7  0.5  0.2  5.4  1.1
  3.2  0.9  5.6 23.9  0.5  1.8190.2 88.5 24.1 75.6 92.1 10.8  6.3  0.9  0.7
  1.1  2.7 14.9  5.4  9.5 35.8  8.6  8.8  1.8  5.4  2.3  1.6  5.4  4.7  0.7
  1.1  8.6  4.5  2.3  7.7 16.7 41.0  6.5  1.4  2.7 61.5139.6  4.5155.1  9.7
  3.6  0.2  0.0  0.0  0.0  0.0  0.0  0.0  0.0  0.0  0.0  0.0  0.0  0.0  0.0
  0.0  0.0  0.0  3.2  1.4  3.2  2.3  0.0  0.2  0.0  0.0  0.0  0.5  0.0  0.0
  0.0  0.9  0.9  1.1  0.0  0.2  0.0  0.0  0.0  1.1  0.0  0.0  5.9  0.7  0.0
  9.9  0.2  0.5 10.6  2.9  0.2  4.3  6.5  0.0  0.0  0.0  0.0  0.0  0.0  0.0
  0.9  0.0  0.2  0.0  0.0  0.0  0.0 10.8  0.9  3.8 13.5  9.7  2.5  3.4  5.0
  1.6  2.5  1.1  0.7  0.0  0.0  0.0 25.2 10.8 21.4  2.7  4.3  8.6  1.8  0.0
      6.96      4.10     -1.46      0.22      1.35  0.7  0.0  0.0  0.0  0.0
                                         4000_story_3384.txt 33.3  4.1 4266
 14.5  4.5  3.8 57.7  5.4  1.2  4.0  1.9 17.3 26.7  3.0  0.0  0.7  5.2  0.2
  1.4  2.3  7.5 25.8  0.2  2.8210.3 92.6 32.1 69.4 48.8 11.7  8.9  1.6  1.4
  1.4  3.8 15.2  6.8 14.3 37.7 15.7 10.1  0.9  6.6  0.9  0.2  4.0  7.7  0.5
  2.1 10.3  2.3  1.9  6.6 18.5 46.4 10.3  2.6  4.5 62.6 71.5  4.0151.0  6.6
  2.1  0.5  0.0  0.0  0.0  0.0  0.0  0.0  0.0  0.0  0.0  0.0  0.0  0.0  0.0
  0.0  0.0  0.0  2.1  1.2  2.8  2.8  0.7  0.2  0.2  0.0  0.0  0.0  0.0  0.0
  0.5  1.2  0.2  2.1  0.0  0.5  0.2  0.2  0.7  0.2  0.0  0.0  2.3  1.9  0.0
  8.9  1.2  0.0 10.1  4.0  1.6  5.9  4.2  0.0  0.0  0.0  0.0  0.0  0.0  0.0
  0.7  1.4  0.0  0.0  0.0  0.2  0.7 13.8  2.6  2.1 12.2 18.0  2.1  4.0 12.0
  4.7  4.7  2.3  0.5  1.2  0.7  0.0 36.3 14.1 20.4  0.9  2.8  8.2  3.5  0.0
      7.25      2.63     -1.92     -0.38      1.08  0.9  0.2  0.2  0.0  0.0
                                         4000_story_3385.txt 31.0  3.8 3315
 17.2 11.5 38.6 90.2 31.4  1.8  3.6  3.6 46.8 15.1  2.7  0.3  0.3  6.0  0.6
  0.9  3.0  8.7 25.3  1.8  4.2169.8 98.0 17.2 55.5 64.3 18.4 10.0  0.6  0.0
  0.9  1.8 16.6  5.4 13.0 35.3 14.5 16.0  0.3  9.4  2.4  1.8  6.0  3.6  0.6
  0.9 10.3  2.7  1.8  4.8 27.1 47.1  5.1  4.8  1.5 43.1142.4  7.2158.7 10.0
  1.5  1.2  0.0  0.0  0.0  0.0  0.0  0.0  0.0  0.0  0.0  0.0  0.0  0.0  0.0
  0.0  0.0  0.0  7.5  0.9  4.5  1.8  0.3  0.6  0.0  0.0  0.0  0.3  0.0  0.9
  0.3  2.1  0.6  0.9  0.0  0.0  0.3  0.0  0.0  0.0  0.0  0.0  4.8  1.5  0.0
 14.8  0.9  0.3 16.0  4.8  0.3  5.1  6.3  0.0  0.0  0.0  0.0  0.0  0.0  0.0
  2.1  0.6  0.0  0.0  0.0  0.0  0.3 11.8  2.7  2.7  8.7 20.2  1.8  4.8  3.3
  2.7  3.6  0.0  0.9  0.3  1.5  0.0 33.2 16.6 25.6  0.3  2.1 10.0  3.0  0.0
     20.29      4.34     -3.40      3.42      1.45  0.3  0.0  0.0  0.0  0.0
                                         4000_story_3388.txt 32.3  4.2 2979
 10.1  1.0  0.7101.7  2.0  1.3  3.7  3.7 38.3 14.8  6.4  1.7  0.0  2.7  0.7
  1.3  0.0  8.7 23.5  1.0  2.3206.4101.0 38.3 10.7 39.3  8.1  2.0  1.3  2.7
  1.0  4.0 35.6  3.0  7.0 38.3 21.5  8.4  1.7  5.0  8.4  3.7  2.3  9.1  1.3
  1.3  5.0  3.0  3.4  9.4 25.5 39.3 11.7  1.0  5.0 80.9 79.6  3.0136.0  5.4
  2.3  0.7  0.0  0.0  0.0  0.0  0.0  0.0  0.0  0.0  0.0  0.0  0.0  0.0  0.0
  0.0  0.0  0.0  1.0  0.7  1.0  1.3  0.7  0.0  0.3  0.0  0.0  0.0  0.0  0.3
  0.3  1.7  1.7  0.7  0.0  0.7  0.3  1.3  0.3  1.0  0.3  0.3  3.0  1.3  0.0
  4.0  1.0  0.0  5.0  4.7  2.7  8.4  5.0  0.0  0.0  0.0  0.0  0.0  0.0  0.0
  0.0  0.0  0.0  0.0  0.3  0.0  0.3 10.7  5.4  3.7 17.8  7.7  3.0  7.4  2.7
  0.3  2.7  1.0  0.0  0.3  1.3  2.0 17.8  8.7 15.4  3.7  3.4  6.0  1.3  0.0
      2.18     -1.71      2.87      3.70      0.68  1.0  0.3  0.0  0.0  0.0
                                         4000_story_3397.txt 34.5  4.3 3532
  8.2  1.4  0.8 34.3  0.3  0.0  2.5  4.0 36.8 22.4  0.0  0.0  0.6  2.5  0.6
  2.5  0.0  4.2 22.4  0.0  1.7227.1131.4 46.1 61.4 17.0 13.6  0.3  1.4  3.1
  2.0  4.2 21.2  6.8 12.2 42.8  8.8  2.3  0.6  1.1  2.0  5.4  4.5  9.6  1.1
  1.7  7.6  2.3  4.2  4.2  8.5 35.4 12.5  0.0  6.5 77.0 54.1  0.8109.9  6.5
  4.5  0.3  0.0  0.0  0.0  0.0  0.0  0.0  0.0  0.0  0.0  0.0  0.0  0.0  0.0
  0.0  0.0  0.0  0.3  0.3  1.7  2.0  0.3  0.0  0.0  0.0  0.0  0.0  0.3  0.0
  0.3  0.6  0.3  1.4  0.0  0.0  0.0  0.0  0.3  0.6  0.0  0.3  2.3  1.1  0.0
  4.2  0.3  0.3  4.8  2.5  0.3  3.4  3.7  0.0  0.0  0.0  0.0  0.0  0.0  0.0
  0.0  0.3  0.0  0.0  0.0  0.0  0.0  2.8  4.5  2.8 10.8 11.3  2.8  8.8 15.0
  2.3  4.5  0.6  2.0  0.3  2.0  0.3 20.4  5.1 12.2  0.6  4.5  9.1  2.8  0.0
     -5.76     -0.29      0.26     -2.27      2.08  1.7  0.0  0.3  0.0  0.0
                                         4000_story_3400.txt 32.8  3.9 4431
  8.4  4.3 44.0 32.7  3.8  0.0  5.0  0.9  5.2 13.3  0.7  0.0  0.2  1.1  1.1
  0.9  0.0  3.6 40.4  0.0  2.7309.4102.2 28.7 72.4 77.9  8.1  5.0  0.2  1.6
  0.0  2.5 16.5  2.7  6.8 24.4  7.9  1.6  0.9  2.3  0.5  1.4  2.3  5.9  0.9
  1.8  5.2  1.8  1.1  3.6  5.6 50.3  8.6  0.0  1.8 62.7 86.9  3.4120.5  1.8
  5.9  0.2  0.0  0.0  0.0  0.0  0.0  0.0  0.0  0.0  0.0  0.0  0.0  0.0  0.0
  0.0  0.0  0.0  2.9  0.0  1.6  0.9  0.7  0.0  0.0  0.0  0.0  0.0  0.0  0.0
  0.2  0.5  0.2  0.2  0.0  0.0  0.2  0.0  0.2  0.0  0.0  0.0  1.4  1.4  0.0
  5.4  0.7  0.0  6.1  1.1  0.5  1.6  2.7  0.0  0.0  0.0  0.0  0.0  0.0  0.0
  0.5  0.2  0.0  0.0  0.0  0.0  0.0 13.8  1.1  1.1  8.4 14.7  1.8  6.5  5.2
  2.0  1.4  1.4  4.1  0.0  0.5  0.2 16.5  9.9 13.1  0.9  1.8  9.0  3.6  0.0
     -1.55      2.60     -0.19     -4.16     -0.05  0.2  0.0  0.0  0.0  0.2
                                         4000_story_3403.txt 33.3  4.2 4419
 17.2  7.0  1.6 54.1 11.8  0.7  2.3  5.9 81.5 22.9  3.6  0.0  0.0  6.1  0.0
  5.7  0.5  5.9 25.3  0.7  0.7183.1107.5 41.4 74.5 26.0 14.7 11.1  2.3  5.0
  3.4  4.1 24.9  7.2  2.9 30.5 14.9  9.3  0.9  2.5  2.9  3.8  2.5  6.8  1.4
  1.1  4.8  5.7  1.4  3.6 18.1 36.7  9.3  1.1 10.6 74.0119.3  4.5145.1  2.3
  2.0  0.2  0.0  0.0  0.0  0.0  0.0  0.0  0.0  0.0  0.0  0.0  0.0  0.0  0.0
  0.0  0.0  0.0  4.3  2.0  2.5  3.2  0.2  0.2  0.0  0.0  0.0  0.0  0.5  0.2
  0.0  1.6  1.4  1.1  0.0  1.6  0.0  0.0  0.7  0.9  0.5  0.0  3.8  0.9  0.0
 12.0  0.5  0.5 12.9  4.3  2.3  7.5  5.2  0.0  0.0  0.0  0.0  0.0  0.0  0.0
  0.0  0.2  0.2  0.0  0.0  0.0  0.0  8.1  4.5  3.2 11.1 13.6  3.2  7.9  4.5
  2.0  3.6  2.0  0.0  1.8  1.6  0.2 24.9 20.4 22.2  2.9  3.8  9.1  4.8  0.0
      7.85      2.76      6.45     -0.03      0.37  2.3  0.2  0.0  0.0  0.0
                                         4000_story_3409.txt 29.3  3.7 5608
 18.2 12.8 27.1 61.0 11.8  2.0  4.8  5.3 71.7 18.2  4.1  0.7  0.2  5.0  0.4
  2.5  1.1  7.8 28.5  1.2  3.9185.3 85.9 17.3 85.1 44.4  8.6 14.1  0.5  1.8
  1.1  2.5 10.2  9.5 14.3 38.2 16.8 15.7  1.2  5.5  2.9  2.7  6.1  5.3  0.4
  0.7  9.1  4.3  1.2  5.0 26.4 46.4  6.4  2.3  3.4 46.2127.9  3.9160.7  3.4
  1.4  0.5  0.0  0.0  0.0  0.0  0.0  0.0  0.0  0.0  0.0  0.0  0.0  0.0  0.0
  0.0  0.0  0.0 11.2  0.9  3.7  1.1  1.1  0.2  0.2  0.0  0.0  0.2  0.0  0.2
  0.5  2.5  1.1  0.7  0.2  1.8  0.7  0.0  0.2  0.4  0.0  0.0  2.9  1.1  0.0
 16.9  1.4  0.2 18.5  5.0  2.9  8.2  3.9  0.0  0.0  0.0  0.0  0.0  0.0  0.0
  1.1  0.7  0.4  0.0  0.0  0.2  1.2 12.7  2.1  1.2 11.4 11.2  2.9  5.9  4.8
  5.0  1.6  1.2  0.2  0.9  0.4  0.0 38.5 20.0 24.3  2.5  2.3  9.1  4.8  0.0
     16.91      3.30     -4.28      2.47      1.48  0.4  0.0  0.0  0.0  0.0
                                         4000_story_3412.txt 30.3  4.3 2353
 15.7  2.1  1.3 48.0 12.3  1.7  2.1  5.5 24.6  8.1  0.8  0.0  0.4  7.6  0.0
  3.8  0.8  5.9 21.2  0.0  0.4209.5 97.7 36.1 71.0 65.0 11.0  8.9  2.1  5.5
  1.7  3.4 34.4 12.3  9.8 34.4 14.4 10.2  2.1  3.0  1.7  1.7  4.2 12.7  0.4
  1.7  6.8  2.5  1.7  3.0 17.8 34.4 14.9  0.8  9.3 60.3102.0  0.8138.5  5.1
  1.3  1.3  0.0  0.0  0.0  0.0  0.0  0.0  0.0  0.0  0.0  0.0  0.0  0.0  0.0
  0.0  0.0  0.0  2.5  0.8  1.7  0.8  0.4  0.8  0.0  0.0  0.0  0.0  0.0  1.3
  0.4  1.7  2.1  1.7  0.0  0.8  0.0  0.0  0.0  1.3  0.0  0.0  0.4  0.4  0.0
  5.9  1.3  0.0  7.2  7.2  0.8  9.3  0.8  0.0  0.0  0.0  0.0  0.0  0.0  0.0
  0.0  0.4  0.0  0.0  0.0  0.0  0.0 23.8  4.7  0.0  8.1 14.0  1.7  5.1  8.9
  0.0  3.0  0.4  0.0  0.8  0.0  0.0 28.5 15.7 21.7  0.4  2.5  7.2  3.0  0.0
      0.99      3.27      1.83     -0.65      1.84  0.4  0.4  0.0  0.0  0.0
                                         4000_story_3413.txt 32.0  4.2 3470
 15.0  5.8  0.6 40.3  7.8  0.0  3.2  0.9 18.4 25.4  2.9  0.3  0.6  9.5  0.9
  3.7  2.0  6.9 17.3  1.2  1.7174.9100.0 31.1104.0 78.1 14.7  6.6  1.4  3.2
  2.3  3.7 19.3  6.1  9.8 51.9 14.1  6.3  0.6  4.3  2.9  1.4  4.9  7.5  0.6
  1.2  7.8  2.6  2.6  5.8 16.1 33.4  9.2  3.2  6.9 60.5104.3  1.2163.7  8.9
  0.6  1.2  0.0  0.0  0.0  0.0  0.0  0.0  0.0  0.0  0.0  0.0  0.0  0.0  0.0
  0.0  0.0  0.0  1.4  2.0  4.6  3.5  0.6  0.6  0.3  0.0  0.0  0.0  0.0  0.3
  0.6  1.7  1.2  2.6  0.3  1.2  0.0  0.0  0.6  0.3  0.0  0.0  2.6  0.3  0.0
 11.5  1.4  0.0 13.0  6.3  2.0  8.6  2.9  0.0  0.0  0.0  0.0  0.0  0.0  0.0
  0.9  0.0  0.9  0.0  0.3  0.0  0.0  1.7  0.6  2.3 10.4 31.7  4.9  6.3 16.4
  0.6  4.6  0.0  0.3  0.0  2.6  0.0 39.5 13.8 20.7  2.6  4.6 11.2  4.6  0.0
      8.35      5.22      0.67     -1.00      1.39  1.4  0.0  0.3  0.0  0.0
                                         4000_story_3415.txt 32.0  4.4 2709
 11.4  3.0  0.0 28.8  0.7  0.0  2.2  4.8  2.2 15.1  0.4  0.0  0.7  4.8  0.0
  2.2  0.7  4.8 29.5  0.7  0.7206.7123.7 49.5 77.2 75.3 14.8  1.5  2.6  3.3
  6.3  8.9 40.6  3.0  8.1 28.1  8.5  5.5  0.4  2.2  3.0  3.0  4.4 17.3  0.7
  1.8  5.5  3.7  1.5  5.9 13.3 46.1 19.9  1.5 12.2 86.7 78.3  3.3118.9  1.8
  1.5  0.7  0.0  0.0  0.0  0.0  0.0  0.0  0.0  0.0  0.0  0.0  0.0  0.0  0.0
  0.0  0.0  0.0  1.1  0.0  3.3  0.7  0.0  0.4  0.4  0.0  0.0  0.0  0.0  0.0
  0.7  0.7  0.4  0.0  0.0  1.1  0.0  0.4  0.0  0.0  0.0  0.0  1.5  0.0  0.0
  5.2  0.7  0.0  5.9  1.8  1.5  3.3  1.5  0.0  0.0  0.0  0.0  0.0  0.0  0.0
  0.4  0.0  0.0  0.0  0.0  0.4  0.0 26.6  6.3  4.1 17.7 14.8  2.2  5.2  3.7
  1.5  2.6  1.1  0.4  0.7  1.5  1.5 26.6  4.8 22.1  1.5  3.0  8.5  2.2  0.0
     -2.99      3.27     11.13     -1.57      2.93  1.8  0.7  0.0  0.0  0.0
                                         4000_story_3416.txt 27.5  4.1 5371
 24.8  6.5  1.7 75.8 24.2  1.5  2.8  2.6 32.8 15.5  2.0  0.2  3.4  6.1  1.1
  6.3  1.1  8.4 31.8  2.0  1.3167.9 98.9 31.3 67.4 47.3 14.2  7.3  2.0  5.4
  1.3  2.4 25.1  8.6  8.8 44.1 10.8 11.4  0.6  3.7  1.5  3.7  5.0  8.0  1.1
  1.5  5.6  6.1  3.4  6.7 21.2 43.8 10.6  3.2  8.8 60.5104.3  3.0154.7  8.4
  2.2  0.6  0.0  0.0  0.0  0.0  0.0  0.0  0.0  0.0  0.0  0.0  0.0  0.0  0.0
  0.0  0.0  0.0  3.4  1.3  4.3  4.1  0.4  0.7  0.4  0.0  0.0  0.2  0.2  0.6
  0.6  1.7  0.7  1.1  0.4  0.4  0.0  0.4  0.2  0.9  0.0  0.0  3.2  0.2  0.0
 13.0  1.5  0.4 14.9  4.7  1.3  6.9  3.4  0.0  0.0  0.0  0.0  0.0  0.0  0.0
  0.9  0.9  0.2  0.0  0.0  0.0  0.4  9.3  5.4  3.0 13.6 19.4  2.6  4.1  3.0
  1.1  3.4  0.9  0.9  2.0  1.7  0.6 27.7 14.9 26.1  0.9  3.7 16.4  4.8  0.0
     15.38      2.66      1.18      0.17      2.07  0.6  0.2  0.2  0.0  0.0
                                         4000_story_3418.txt 29.3  4.2 3419
 11.1  4.1 32.8 49.1 10.5  0.3  3.5  2.6 13.2  9.9  0.3  0.3  0.3  5.0  0.0
  2.9  0.0  3.8 29.2  0.6  0.9275.5 98.3 38.3 65.8 69.0 14.3 10.2  2.9  4.4
  1.2  2.3 35.7  4.1  7.0 26.3  9.1  3.8  0.0  2.0  2.3  2.3  2.3  9.9  2.3
  1.5  3.8  2.3  3.5  1.8  9.9 37.7 13.7  0.6  8.5 70.2 92.7  3.5126.9  2.0
  1.8  0.3  0.0  0.0  0.0  0.0  0.0  0.0  0.0  0.0  0.0  0.0  0.0  0.0  0.0
  0.0  0.0  0.0  3.8  0.3  2.0  2.0  0.3  0.0  0.0  0.0  0.0  0.6  0.9  0.9
  0.3  0.0  0.9  0.9  0.0  0.9  0.0  0.0  0.0  0.3  0.3  0.0  1.2  0.6  0.0
  8.2  0.3  1.5  9.9  2.9  0.9  4.1  2.0  0.0  0.0  0.0  0.0  0.0  0.0  0.0
  0.6  0.6  0.0  0.3  0.0  0.0  0.0 12.9  5.3  4.7  9.4  4.7  2.3  6.1  2.9
  8.2  2.6  3.8  1.5  2.6  1.8  0.0 26.6 17.5 18.7  1.5  2.0  6.7  1.5  0.0
     -1.35      4.16      4.57     -2.72      1.61  0.3  0.0  0.0  0.0  0.0
                                         4000_story_3419.txt 31.8  4.0 4630
 24.4  6.7  1.7 76.2 19.2  0.9  5.0  3.5 81.6 10.4  5.4  0.4  0.6  5.0  0.6
  6.3  1.3 12.1 25.7  0.6  2.6159.0 91.4 23.3 69.8 38.9 13.0 13.0  1.1  3.5
  1.5  1.3 32.8  4.1  8.2 36.1 21.6 13.6  0.6  7.8  6.7  4.5  3.2  4.3  1.3
  0.6  7.8  7.1  2.8  6.3 32.4 43.0  6.3  1.9  6.0 49.0139.7  5.8165.4  6.3
  2.4  0.9  0.0  0.0  0.0  0.0  0.0  0.0  0.0  0.0  0.0  0.0  0.0  0.0  0.0
  0.0  0.0  0.0  2.8  3.5  3.9  7.1  1.3  0.4  0.6  0.0  0.4  0.2  0.2  0.4
  0.6  3.7  1.1  2.4  0.4  1.9  0.6  0.0  0.4  1.7  0.4  0.0  5.2  1.3  0.0
 17.3  2.4  0.9 20.5  8.2  3.5 13.4  6.9  0.0  0.0  0.0  0.0  0.0  0.0  0.0
  0.4  0.2  0.2  0.0  0.0  0.0  0.2  6.5  2.6  4.3 16.0  7.1  2.4  6.7  6.0
  2.2  1.9  1.5  0.2  1.1  0.6  0.0 22.2 25.5 33.5  2.6  2.6  8.4  3.0  0.0
     15.32      3.19      1.84      5.38      0.26  1.1  0.0  0.0  0.0  0.0
                                         4000_story_3421.txt 33.5  3.9 4277
 21.0  5.1  4.0 62.0 11.7  1.2  4.2  3.0 65.2 17.5  2.1  0.2  0.2  4.7  1.9
  2.6  0.7 10.8 28.8  1.4  3.5160.4104.5 29.5 81.1 53.3 10.5  6.5  0.9  3.5
  0.5  3.0 22.0  9.1 10.1 42.1 15.0  7.9  1.4  2.6  3.3  2.6  8.4  7.7  0.7
  0.7 11.9  8.2  1.9  4.9 22.0 46.5  9.1  2.1  4.9 61.5130.2  2.3161.8  7.5
  3.5  0.2  0.0  0.0  0.0  0.0  0.0  0.0  0.0  0.0  0.0  0.0  0.0  0.0  0.0
  0.0  0.0  0.0  2.8  3.0  4.0  3.3  0.5  0.0  0.2  0.0  0.0  0.2  0.2  0.7
  0.2  1.6  2.6  1.6  0.0  0.9  0.5  0.5  0.0  0.7  0.2  0.0  3.7  0.2  0.0
 13.1  0.7  0.5 14.3  6.8  1.9  9.4  4.2  0.0  0.0  0.0  0.0  0.0  0.0  0.0
  0.7  0.9  0.0  0.0  0.0  0.0  0.7  6.5  2.8  3.3  8.9 13.8  0.7  5.4  4.0
  2.3  1.4  1.4  2.1  0.7  1.2  0.7 35.5 15.0 25.5  2.1  4.2 13.6  3.5  0.0
     12.45      2.55     -1.60     -0.50      3.57  0.2  0.0  0.2  0.2  0.0
                                         4000_story_3424.txt 34.0  4.2 4762
 17.4  3.1  0.4 27.9  2.5  0.2  3.6  2.7 60.3 12.6  0.2  0.0  0.4  3.6  0.4
  1.9  0.4  4.0 18.1  0.4  1.7189.4108.8 30.7104.4 37.0 10.5  6.5  1.3  3.1
  2.1  4.8 19.7 11.3 14.3 48.7 14.7  2.1  1.3  2.3  2.1  1.9  4.6  7.8  1.0
  0.8 10.3  4.2  3.1  5.5  8.2 35.5  9.7  0.8  6.5 63.8 99.7  0.6157.3 10.1
  2.9  0.2  0.0  0.0  0.0  0.0  0.0  0.0  0.0  0.0  0.0  0.0  0.0  0.0  0.0
  0.0  0.0  0.0  1.3  0.8  2.9  4.6  0.2  0.4  0.0  0.0  0.0  0.0  0.2  0.4
  0.0  0.6  0.8  3.8  0.0  0.2  0.2  0.4  0.0  0.2  0.2  0.0  2.1  1.0  0.0
  9.7  0.6  0.2 10.5  5.7  0.8  6.7  3.4  0.0  0.0  0.0  0.0  0.0  0.0  0.0
  0.8  0.4  0.0  0.0  0.0  0.0  0.2  6.9  2.5  2.9 11.3 12.8  1.9  4.6 10.1
  1.3  3.8  1.0  2.1  0.2  1.3  0.2 34.2 13.0 18.9  1.0  5.7 14.5  4.2  0.0
     -1.74      2.57     -1.85     -2.89      1.52  1.7  0.0  0.4  0.0  0.0
                                         4000_story_3426.txt 28.3  4.0 3445
 16.8  3.2  3.8 58.6 14.5  1.5  2.9  1.2 75.8 17.4  3.2  1.7  0.0  4.4  0.3
  3.5  1.5  6.1 22.1  0.6  2.9182.0102.8 22.9 75.5 39.8 12.2  8.7  0.9  2.3
  0.3  2.0 22.1  5.8 10.4 43.0 15.7  7.0  2.9  3.8  5.5  3.2  8.1  5.8  1.2
  2.9  7.5  3.5  5.2  5.2 18.6 37.2  9.9  2.0  3.5 50.8130.0  5.2152.7  7.3
  1.2  0.3  0.0  0.0  0.0  0.0  0.0  0.0  0.0  0.0  0.0  0.0  0.0  0.0  0.0
  0.0  0.0  0.0  2.6  2.0  1.5  1.5  0.3  0.0  0.0  0.0  0.0  0.0  0.0  1.7
  0.3  1.7  0.3  0.3  0.0  1.7  0.0  0.0  0.3  1.2  0.0  0.0  3.2  1.7  0.0
  7.5  0.3  0.0  7.8  4.4  2.0  7.5  4.9  0.0  0.0  0.0  0.0  0.0  0.0  0.0
  0.0  0.6  0.3  0.0  0.0  0.0  0.9 10.4  5.5  2.9  9.3  7.8  2.0  6.1  4.6
  6.1  1.2  3.5  0.0  1.2  0.3  0.6 30.5 20.3 24.7  3.8  1.7  6.4  4.6  0.0
      8.50      2.48     -1.98      1.61      4.16  0.3  0.9  0.3  0.0  0.0
                                         4000_story_3429.txt 29.0  4.0 5081
 14.4  3.3  0.2 75.8  8.9  0.6  2.0  1.0 64.0 12.8  3.0  0.0  0.0  2.6  0.8
  0.0  0.6  5.3 28.7  0.2  1.2236.8120.3 26.8 30.9 32.1  6.7  2.0  1.2  1.6
  1.2  3.9 17.3  6.1  9.3 40.7  7.7  8.7  0.8  2.2  4.1  1.6  4.9  7.1  0.6
  1.6  8.9  3.5  1.2  3.5 18.1 43.7  9.3  0.8  3.9 59.2104.9  1.4120.8  4.5
  4.5  0.6  0.0  0.0  0.0  0.0  0.0  0.0  0.0  0.0  0.0  0.0  0.0  0.0  0.0
  0.0  0.0  0.0  1.4  1.2  2.4  2.4  0.6  0.0  0.0  0.0  0.0  0.0  0.0  0.0
  0.0  0.8  0.4  2.2  0.0  0.0  0.2  0.0  0.0  0.0  0.0  0.2  2.6  0.6  0.0
  7.3  0.6  0.0  7.9  3.3  0.2  3.5  3.3  0.0  0.0  0.0  0.0  0.0  0.0  0.0
  0.6  0.4  0.0  0.0  0.0  0.0  0.8  6.9  6.3  3.0 16.5 14.8  3.3  4.9  6.9
  2.2  1.6  2.0  0.2  0.2  2.0  0.0 24.6  7.7 16.3  1.0 11.2 13.4  1.6  0.0
      0.00     -1.63     -0.59     -0.71      1.48  0.4  0.0  0.0  0.2  0.0
                                         4000_story_3430.txt 32.5  4.1 3525
 14.8  4.3  1.7 60.4 16.2  1.1  2.0  3.7 27.5 13.3  2.6  0.0  0.0  4.8  0.6
  1.4  0.9  6.2 25.8  0.9  4.3204.5 98.7 28.4 80.6 61.3 11.3 13.3  2.3  3.7
  0.3  4.0 20.7  8.2 10.8 37.4 10.8  6.2  0.9  3.4  2.6  2.8  5.7  7.1  0.9
  1.1  8.8  1.7  4.3  5.7 15.0 42.0  9.1  1.7  6.2 60.1105.0  2.8157.2  9.1
  2.0  0.0  0.0  0.0  0.0  0.0  0.0  0.0  0.0  0.0  0.0  0.0  0.0  0.0  0.0
  0.0  0.0  0.0  3.1  0.3  3.1  2.0  0.0  0.0  0.0  0.0  0.0  0.0  0.0  0.9
  0.0  0.6  1.4  2.0  0.0  0.6  0.0  0.3  0.0  0.0  0.3  0.3  2.6  0.3  0.0
  8.5  0.0  0.0  8.5  4.8  0.9  5.7  3.4  0.0  0.0  0.0  0.0  0.0  0.0  0.0
  0.9  0.6  0.0  0.3  0.0  0.0  0.9 11.1  3.1  2.6 11.6 16.2  2.0  5.7  4.0
  2.6  4.3  2.6  0.0  1.1  0.3  0.0 35.2 21.0 18.7  3.1  3.7 11.9  5.7  0.0
      4.61      4.30     -0.33     -0.95      2.02  0.6  0.3  0.3  0.0  0.0
                                         4000_story_3433.txt 30.3  4.3 5135
 13.8  2.9  1.2 39.3  4.7  0.6  1.8  1.4 11.3 11.7  0.2  0.2  0.2  2.7  1.2
  1.2  0.8  3.3 30.2  0.6  1.8211.7112.4 36.4 83.2 76.5 17.7  4.5  1.8  2.7
  0.8  4.9 24.0  8.0 10.9 38.0 13.4  4.1  1.6  1.0  2.3  3.7  3.1 11.9  1.6
  1.6  9.0  3.7  3.7  6.6  9.7 45.2 15.0  1.4  5.3 65.6 92.5  2.5145.5  7.0
  2.7  0.2  0.0  0.0  0.0  0.0  0.0  0.0  0.0  0.0  0.0  0.0  0.0  0.0  0.0
  0.0  0.0  0.0  1.6  0.6  2.9  2.3  0.2  0.2  0.0  0.0  0.0  0.6  0.0  0.0
  0.4  1.4  1.9  1.9  0.0  0.0  0.2  0.2  0.2  0.8  0.6  0.2  1.6  0.4  0.0
  7.4  0.4  0.6  8.4  5.6  0.6  7.0  2.7  0.0  0.0  0.0  0.0  0.0  0.0  0.0
  0.8  0.6  0.0  0.0  0.0  0.0  0.4 15.0  4.3  3.3 13.8 15.4  2.7  6.4  8.0
  3.7  2.1  3.7  0.6  0.8  1.8  0.2 30.2 11.1 17.3  1.8  6.2  9.9  4.3  0.0
     -2.47      4.65     -0.10     -2.09      1.82  1.2  0.0  0.2  0.0  0.0
                                         4000_story_3434.txt 33.3  4.1 5243
 13.0  3.6 14.1 48.3  4.6  0.8  1.5  3.8 38.0 13.0  1.3  0.4  0.4  2.5  0.4
  2.1  0.0  4.4 21.9  0.4  2.1213.2110.1 39.7 71.9 47.1 10.9  6.1  1.7  3.2
  1.0  1.7 19.1  8.0 10.5 42.2 13.9  6.5  0.0  2.1  2.7  3.1  4.4  8.0  0.8
  1.7  9.3  4.0  3.2  3.4 13.5 35.5 10.5  0.4  5.9 75.1 89.6  2.7143.0  5.7
  2.7  0.0  0.0  0.0  0.0  0.0  0.0  0.0  0.0  0.0  0.0  0.0  0.0  0.0  0.0
  0.0  0.0  0.0  2.7  0.6  3.4  3.4  0.6  0.0  0.0  0.0  0.0  0.4  0.0  0.4
  0.0  1.1  1.5  2.3  0.0  1.0  0.4  0.2  0.0  0.6  0.0  0.2  2.5  1.3  0.0
 10.1  0.6  0.4 11.1  5.3  1.5  7.4  4.0  0.0  0.0  0.0  0.0  0.0  0.0  0.0
  1.0  0.4  0.2  0.0  0.0  0.0  0.8 12.6  2.5  2.1 11.1 21.0  3.2  8.2  6.5
  0.4  2.7  3.1  2.1  0.6  0.8  0.6 30.3  8.4 16.0  2.3  5.0 11.6  4.0  0.0
     -2.23      1.95     -1.34     -1.62      1.47  0.4  0.0  0.0  0.0  0.2
                                         4000_story_3435.txt 32.0  3.7 2994
 14.4  2.3 60.8 81.8 21.0  3.0 10.4  1.7 59.8 21.7  4.7  0.0  0.0  2.0  0.3
  0.0  1.3  5.0 21.7  0.7  1.7228.8 80.2 25.1 58.5 55.4  9.0  6.7  0.0  3.0
  0.3  3.7  6.7  6.7  8.0 33.1 11.4  7.0  1.0  3.3  2.7  2.0  5.0  6.7  0.0
  1.0  7.7  5.3  2.3  3.7 14.7 36.4  7.7  2.0  3.3 62.5136.3  3.0150.0  2.3
  5.3  0.3  0.0  0.0  0.0  0.0  0.0  0.0  0.0  0.0  0.0  0.0  0.0  0.0  0.0
  0.0  0.0  0.0  0.7  2.0  2.7  1.3  0.0  0.0  0.0  0.0  0.0  0.7  0.0  0.0
  0.0  1.7  1.7  0.0  0.0  0.0  0.0  0.0  0.3  0.7  0.0  0.0  3.7  0.3  0.0
  6.7  0.0  0.7  7.3  3.3  0.3  4.3  4.0  0.0  0.0  0.0  0.0  0.0  0.0  0.0
  1.3  1.3  0.3  0.0  0.0  0.0  0.7 19.7  1.7  2.3 10.0  9.0  1.3  9.7  4.7
  3.0  1.3  4.7  0.0  1.7  1.3  0.3 24.0 14.7 24.0  0.3  1.0  6.7  3.0  0.0
     10.20      1.63     -1.54     -1.02      0.84  0.0  0.0  0.0  0.0  0.0
                                         4000_story_3436.txt 29.8  4.3 4751
  9.3  6.9  5.1 41.3  4.0  0.8  3.6  2.5 69.5  7.4  1.5  0.2  0.8  3.2  0.6
  3.2  0.8  5.7 31.4  0.6  2.3224.4113.4 40.4 59.6 27.6  8.6  9.5  1.1  1.5
  1.5  2.5 31.4  3.4  8.2 40.8 15.2  4.8  0.6  1.5  3.4  4.4  4.4  8.4  0.2
  2.7  6.7  5.3  1.7  5.1 13.9 42.3 11.4  1.5  4.0 79.8101.0  3.8123.8  6.1
  2.7  0.4  0.0  0.0  0.0  0.0  0.0  0.0  0.0  0.0  0.0  0.0  0.0  0.0  0.0
  0.0  0.0  0.0  6.1  1.5  2.3  1.5  0.0  0.2  0.2  0.0  0.4  0.0  0.0  0.2
  0.6  0.4  0.8  1.1  0.4  0.8  0.0  0.0  0.2  0.4  0.0  0.0  4.6  1.3  0.0
 11.4  0.4  0.4 12.2  3.2  1.5  5.1  5.9  0.0  0.0  0.0  0.0  0.0  0.0  0.0
  1.1  0.4  0.0  0.0  0.0  0.0  0.2 11.2  3.6  4.4 10.3 12.4  1.9 10.1  8.2
  1.7  3.4  5.1  0.0  1.3  2.3  0.0 28.0 12.8 13.0  1.1  2.3  5.1  3.8  0.0
      2.31      0.87      1.09     -1.21      1.46  1.9  0.0  0.2  0.0  0.0
                                         4000_story_3438.txt 34.5  3.7 3843
 20.8 11.7 42.7 84.0 14.6  2.3  1.3  3.1 38.3 23.4  2.1  0.0  1.6  2.9  4.7
  0.0  1.3  5.2 28.4  1.8  3.6234.5 80.1 24.7 69.5 63.2  7.5 15.9  0.0  0.8
  0.8  2.1  9.9  3.9 10.9 44.0 21.1  9.6  0.8  2.6  4.2  1.3  3.9  5.5  0.5
  0.8  8.8  2.6  0.0  4.2 19.0 41.9  6.8  3.1  1.6 48.1116.1  3.1172.3  1.3
  3.6  0.0  0.0  0.0  0.0  0.0  0.0  0.0  0.0  0.0  0.0  0.0  0.0  0.0  0.0
  0.0  0.0  0.0 10.1  0.8  2.1  2.6  0.0  0.5  0.0  0.0  0.0  0.0  0.0  0.5
  0.0  2.6  1.8  3.4  0.5  0.5  0.3  0.3  0.0  0.3  0.0  0.0  3.6  5.2  0.0
 15.6  0.5  0.0 16.1  8.3  1.6 10.1  8.8  0.0  0.0  0.0  0.0  0.0  0.0  0.0
  0.5  0.0  0.3  0.0  0.0  0.3  0.3  4.2  1.8  1.6  9.6  9.6  2.1  3.9  5.2
  1.6  1.3  4.2  1.0  1.3  1.3  0.0 36.2 23.9 26.8  1.3  1.6 12.8  3.1  0.0
     16.63      3.76     -3.30     -0.38      0.29  0.3  0.0  0.0  0.0  0.3
                                         4000_story_3440.txt 31.3  4.0 3137
 15.9  6.7  9.9 91.8 20.4  3.2  4.1  7.3 37.9 14.3  2.6  1.3  1.3  8.6  0.3
  5.1  2.2  8.0 30.6  0.6  4.8198.9 94.7 44.3 37.0 40.5  6.1 12.8  0.6  3.5
  0.0  3.8 15.3  6.1  6.4 41.4 13.7 13.7  0.3  4.1  6.4  2.9 10.8  6.1  0.3
  1.6  3.5  2.2  2.2  5.1 28.1 43.4  8.0  2.9  4.1 76.8 98.8  3.8143.1  8.3
  2.6  0.0  0.0  0.0  0.0  0.0  0.0  0.0  0.0  0.0  0.0  0.0  0.0  0.0  0.0
  0.0  0.0  0.0  2.9  0.6  1.3  3.5  0.6  0.0  0.0  0.0  0.0  0.0  0.0  0.0
  0.3  1.9  1.0  1.0  0.3  0.0  0.0  0.0  0.0  0.3  0.0  0.0  5.7  0.6  0.0
  8.3  0.6  0.0  8.9  4.1  0.3  4.8  6.4  0.0  0.0  0.0  0.0  0.0  0.0  0.0
  1.0  0.0  0.0  0.0  0.0  0.0  0.0 12.8  1.3  1.9  4.1 19.8  2.2  7.0  3.8
  0.3  2.9  5.7  1.0  2.6  2.9  0.3 34.7 15.6 24.5  1.0  0.3  9.9  2.2  0.0
     17.25      0.81     -0.38      2.83      4.82  1.0  0.0  0.0  0.0  0.0
                                         4000_story_3441.txt 32.5  4.4 2390
 18.4  3.3  4.2103.8 21.3  3.3  5.0  4.2 28.5 20.1  3.8  0.4  1.7  1.3  0.8
  3.8  3.3  7.5 23.0  0.8  2.1211.7107.5 46.4 23.4 25.9  2.9 20.5  1.3  2.9
  1.3  7.1 40.6  3.3  4.2 42.7 14.2 10.0  0.4  7.1  3.8  2.9  7.9  5.9  0.8
  0.8  4.2  4.6  2.1 10.5 21.3 41.8  7.5  4.2  5.4 80.3 75.7  3.3139.3  8.8
  2.9  0.4  0.0  0.0  0.0  0.0  0.0  0.0  0.0  0.0  0.0  0.0  0.0  0.0  0.0
  0.0  0.0  0.0  2.5  0.4  0.8  2.9  1.3  0.0  0.0  0.0  0.0  0.0  0.8  0.8
  0.8  0.4  2.5  0.4  0.0  0.4  0.0  0.0  1.7  0.8  0.4  0.0  7.9  1.7  0.0
  6.7  1.3  0.8  8.8  5.0  2.1  7.9 10.0  0.0  0.0  0.0  0.0  0.0  0.0  0.0
  0.8  0.4  0.4  0.0  0.0  0.0  0.0 13.4  4.2  5.4 16.7  5.9  1.7  8.4  3.3
  0.8  2.1  2.5  0.0  4.6  2.5  0.4 19.2 28.0 18.4  3.3  0.8  3.8  2.5  0.0
     10.16      0.56      5.16      2.12      3.14  2.1  0.4  0.4  0.0  0.0
                                         4000_story_3445.txt 30.0  4.2 2995
 15.0  5.0 16.4 63.8 16.7  2.3  3.0  4.0 23.4  8.0  2.0  0.7  1.3  4.0  1.0
  5.3  1.0  5.0 28.7  2.3  3.7240.4 92.5 50.8 66.1 58.8  8.7 14.0  0.7  4.0
  0.3  5.7 22.7  3.3  5.7 40.1 12.4  8.7  1.0  1.7  4.0  1.7  4.3  7.0  0.7
  2.0  6.0  2.7  1.3  4.7 17.7 42.7  9.7  3.3  5.0 81.1 98.8  3.0149.6  8.7
  3.3  0.0  0.0  0.0  0.0  0.0  0.0  0.0  0.0  0.0  0.0  0.0  0.0  0.0  0.0
  0.0  0.0  0.0  3.3  1.0  3.0  1.7  0.0  0.0  0.0  0.0  0.0  0.0  0.0  0.3
  1.0  1.7  1.3  0.3  0.0  0.3  0.0  0.0  0.0  1.0  0.0  0.3  4.0  0.7  0.0
  9.0  0.0  0.0  9.0  4.7  0.3  6.0  5.0  0.0  0.0  0.0  0.0  0.0  0.0  0.0
  0.3  0.3  0.0  0.0  0.3  0.0  0.0 14.7  2.3  1.0 10.4  8.3  1.7  5.0  2.7
  5.7  4.3  9.7  0.7  2.7  0.7  0.0 34.7 17.7 21.4  2.3  3.0  9.7  1.7  0.0
      7.33      3.33      2.45     -0.88      1.31  0.3  0.3  0.7  0.0  0.0
                                         4000_story_3449.txt 30.0  3.8 3620
 18.2  6.4 42.0 63.5 14.1  1.1  1.4  1.7 22.7 18.2  2.2  0.0  0.8  3.6  3.0
  0.3  0.0  6.4 36.7  1.7  2.5240.6 81.8 28.2 71.3 86.5  6.9 10.2  0.0  0.3
  0.0  3.3 12.4  5.2  9.1 44.8 14.4 10.5  0.6  3.0  3.0  0.8  3.9  2.8  0.0
  1.1  7.5  2.8  0.3  3.6 19.9 50.6  3.9  1.7  0.3 59.4123.2  4.1150.3  0.8
  5.0  0.0  0.0  0.0  0.0  0.0  0.0  0.0  0.0  0.0  0.0  0.0  0.0  0.0  0.0
  0.0  0.0  0.0  5.0  1.1  1.4  1.9  0.6  0.0  0.0  0.0  0.0  0.0  0.0  0.6
  0.3  0.8  0.8  1.9  0.0  0.3  0.3  0.0  0.0  0.6  0.0  0.0  3.3  3.3  0.0
  9.4  0.6  0.0  9.9  4.4  0.6  5.5  6.6  0.0  0.0  0.0  0.0  0.0  0.0  0.0
  0.6  0.6  0.3  0.0  0.0  0.6  0.3  5.2  1.1  1.1 13.0  8.6  1.1  3.0  3.0
  3.6  2.2  6.6  1.7  1.9  0.0  0.0 32.6 16.6 24.3  1.9  2.5 12.4  1.9  0.0
     10.09      3.68     -3.52     -0.77     -0.43  0.0  0.0  0.0  0.0  0.0
                                         4000_story_3451.txt 33.3  4.2 1992
 13.1  3.5 14.1 80.8 23.6  2.5  3.5  3.5 39.2 11.0  1.5  1.0  1.5  4.5  0.0
  4.0  1.5  6.0 25.1  0.5  2.5233.4 96.4 52.2 46.2 41.2 10.5 11.0  1.5  2.5
  1.0  1.5 23.6  4.0  7.0 43.7 11.5 11.0  1.5  4.0  6.0  2.0  3.5  4.5  0.0
  1.0  8.0  4.5  1.5  3.5 23.1 39.7  5.5  2.0  5.0 72.8103.9  5.5138.1  7.5
  1.0  0.5  0.0  0.0  0.0  0.0  0.0  0.0  0.0  0.0  0.0  0.0  0.0  0.0  0.0
  0.0  0.0  0.0  2.0  0.0  5.0  1.0  0.0  0.5  0.0  0.0  0.0  0.0  0.0  0.5
  0.5  0.0  0.5  0.0  0.0  0.5  0.0  0.0  0.0  1.0  0.0  0.0  9.5  0.0  0.0
  8.0  0.5  0.0  8.5  1.5  0.5  3.0  9.5  0.0  0.0  0.0  0.0  0.0  0.0  0.0
  1.0  0.0  0.0  0.0  0.0  0.0  0.0 16.6  3.0  2.0 16.6  4.5  0.5 11.0  5.0
  3.0  4.0 16.1  0.5  3.5  0.5  1.0 27.1 23.6 16.6  0.5  2.0  1.5  2.0  0.0
      6.12      1.69      0.53      2.01     -0.42  3.0  1.0  0.0  0.5  0.0
                                         4000_story_3453.txt 30.5  4.3 2474
 10.9  1.6  1.6 41.6  0.4  0.4  2.4  3.6 38.0  9.7  1.2  0.0  0.4  2.0  0.0
  2.8  0.8  4.0 31.9  1.6  1.2211.0118.8 61.8 60.2 49.7 10.5  1.6  3.6  4.0
  2.4  2.4 21.8  4.9 11.3 41.2 15.0  4.4  1.2  1.2  2.8  2.4  6.1 11.3  1.2
  0.8  6.9  3.6  0.8  3.6 11.3 42.4 13.3  2.4 10.1 90.1 88.1  3.2124.9  6.5
  1.6  0.0  0.0  0.0  0.0  0.0  0.0  0.0  0.0  0.0  0.0  0.0  0.0  0.0  0.0
  0.0  0.0  0.0  1.6  0.0  2.0  1.6  0.0  0.0  0.0  0.0  0.0  0.0  0.0  0.0
  0.8  2.0  2.0  1.2  0.0  0.4  0.0  0.4  0.0  0.8  0.0  0.0  2.4  1.6  0.0
  5.3  0.0  0.0  5.3  6.1  0.8  7.7  4.0  0.0  0.0  0.0  0.0  0.0  0.0  0.0
  0.4  0.8  0.0  0.0  0.0  0.4  0.8  6.1  0.4  2.0 10.9 11.3  0.4  6.1  9.7
  4.4  5.7  7.3  0.8  2.0  1.2  0.4 26.7  6.1 16.6  2.4  2.4 10.1  2.0  0.0
     -2.71      0.78      2.70     -2.29      3.07  2.0  0.4  0.0  0.0  0.0
                                         4000_story_3457.txt 34.0  3.9 4798
 16.0  9.2 36.5 64.0 13.1  1.0  2.5  2.9 16.5 13.3  2.1  0.0  1.0  4.0  2.9
  1.0  1.5  5.2 43.4  2.1  3.8251.1 84.8 33.6 75.0 65.4  9.6 12.7  0.2  0.2
  0.2  4.4 11.5  6.5 10.6 46.1 11.3  5.6  0.6  3.3  2.7  1.7  4.6  6.7  0.2
  1.5  5.8  4.6  1.3  4.0 13.5 56.9  8.3  3.5  0.6 65.2 95.0  2.5156.5  4.0
  2.3  0.0  0.0  0.0  0.0  0.0  0.0  0.0  0.0  0.0  0.0  0.0  0.0  0.0  0.0
  0.0  0.0  0.0  6.5  0.8  2.1  3.3  0.2  0.2  0.0  0.0  0.0  0.0  0.0  0.2
  0.0  0.8  0.8  1.9  0.2  0.0  0.0  0.0  0.2  0.2  0.2  0.6  3.5  3.8  0.0
 12.7  0.4  0.0 13.1  3.8  0.4  4.4  8.1  0.0  0.0  0.0  0.0  0.0  0.0  0.0
  1.7  1.7  0.0  0.0  0.0  0.2  0.4  7.3  1.9  2.1  7.5 10.0  3.8  4.4  2.5
  1.7  1.5  6.3  0.6  1.5  0.2  0.0 33.6 19.2 20.2  2.7  2.1 14.2  2.9  0.0
     13.66      3.85     -3.78     -1.59      0.88  0.4  0.0  0.0  0.0  0.0
                                         4000_story_3459.txt 28.0  3.8 5419
 15.3  7.8 40.6 64.0 10.9  2.6  2.6  3.1 14.2 11.1  0.7  0.2  0.6  3.5  4.6
  1.1  0.9  5.0 42.4  1.7  4.2252.8 85.6 18.1 66.8 82.7  7.8 15.9  0.2  0.2
  0.0  3.7 14.0  5.5 13.8 37.5 14.4  9.8  0.7  2.8  3.9  0.6  3.5  3.7  0.2
  0.6  7.8  3.5  0.7  3.3 18.6 56.8  4.4  2.6  0.4 51.1107.8  2.6145.4  0.6
  3.3  0.2  0.0  0.0  0.0  0.0  0.0  0.0  0.0  0.0  0.0  0.0  0.0  0.0  0.0
  0.0  0.0  0.0  6.8  0.9  1.5  1.5  0.6  0.4  0.2  0.0  0.0  0.0  0.0  0.4
  0.7  1.3  1.3  0.7  0.6  0.7  0.4  0.2  0.0  0.0  0.0  0.0  3.3  5.4  0.0
 10.7  1.1  0.0 11.8  4.4  1.8  6.3  8.7  0.0  0.0  0.0  0.0  0.0  0.0  0.0
  1.1  0.6  0.0  0.0  0.0  0.0  0.7 12.5  4.8  0.9  9.6  9.0  0.7  4.2  2.0
  3.3  1.1  4.4  0.6  1.5  0.2  0.0 35.8 21.4 20.1  1.3  1.5  9.8  2.6  0.0
     13.78      4.57     -4.27     -0.71     -0.56  0.0  0.0  0.2  0.0  0.0
                                         4000_story_3460.txt 27.3  3.8 2520
 17.5 11.1 44.8 73.0 15.1  3.2  2.4  5.2 20.6 14.3  0.8  0.4  0.4  6.7  2.0
  0.8  1.2  6.0 42.5  2.0  3.6222.2 76.2 19.4 70.2 97.6  9.5 22.6  0.4  0.0
  0.0  3.2 10.7  5.6 15.9 38.9 15.1 14.7  1.2  2.4  4.4  0.4  4.4  2.8  0.4
  1.2  7.1  2.8  0.8  3.2 25.0 55.6  4.4  3.2  0.4 48.8133.3  4.0157.9  0.4
  1.6  0.4  0.0  0.0  0.0  0.0  0.0  0.0  0.0  0.0  0.0  0.0  0.0  0.0  0.0
  0.0  0.0  0.0  9.9  1.2  1.6  1.6  0.8  0.4  0.0  0.0  0.0  0.0  0.0  0.4
  1.2  2.0  0.4  0.4  0.4  0.8  0.4  0.0  0.0  0.0  0.0  0.0  2.8  2.4  0.0
 14.3  1.2  0.0 15.5  4.4  1.6  6.0  5.2  0.0  0.0  0.0  0.0  0.0  0.0  0.0
  2.4  0.0  0.0  0.0  0.0  0.0  0.8  9.9  3.6  1.6 11.1  7.5  1.2  5.6  1.2
  2.4  1.2  6.7  0.0  1.6  0.4  0.0 42.1 31.3 21.8  1.6  0.8  7.9  3.6  0.0
     18.61      6.94     -5.34      0.59      0.21  0.4  0.0  0.4  0.0  0.0
                                         4000_story_3462.txt 27.8  4.2 2475
  6.9  1.6  4.8 59.8  8.5  2.0  4.0  4.4 14.9 18.2  1.6  0.0  0.4  3.6  0.4
  3.6  2.8  7.7 39.2  0.4  2.0212.9101.0 46.1 51.3 47.3  9.3  7.7  0.4  2.8
  0.4  5.7 17.0  4.4 12.9 40.0 14.9 10.9  0.4  1.6  0.4  2.0  4.4  8.1  0.4
  1.2  8.1  2.8  1.2  4.8 19.0 54.5  9.7  3.2  3.6 77.2 70.7  4.4130.5  5.7
  4.4  0.8  0.0  0.0  0.0  0.0  0.0  0.0  0.0  0.0  0.0  0.0  0.0  0.0  0.0
  0.0  0.0  0.0  1.6  0.8  0.8  2.0  0.0  0.8  0.0  0.0  0.0  0.8  0.0  0.0
  0.4  0.4  0.8  1.2  0.0  1.2  0.0  0.0  0.0  0.4  0.0  0.0  3.2  0.4  0.0
  5.3  0.8  0.8  6.9  2.8  1.2  4.4  3.6  0.0  0.0  0.0  0.0  0.0  0.0  0.0
  0.8  0.4  0.0  0.0  0.0  0.0  1.2  8.1  2.8  2.4  8.5 17.4  0.4  9.7  6.5
  3.6  4.8  5.7  2.4  4.4  0.4  2.0 30.3 10.1 12.5  2.8  5.3 10.5  5.7  0.0
      7.85      1.27     -1.08     -2.14      1.08  1.6  0.8  0.4  0.0  0.0
                                         4000_story_3464.txt 32.5  4.1 4971
 10.3  3.6 19.1 73.2 15.9  1.2  5.0  4.6 28.8 16.3  2.6  0.6  3.0  4.2  0.0
  2.0  1.8  5.2 29.4  0.8  3.2233.4 84.5 41.8 55.5 43.7  8.2 18.7  1.8  1.4
  0.6  4.8 15.5  7.2 12.5 48.3 13.3 10.3  0.4  2.6  2.2  1.8  7.4  5.6  0.4
  1.0  5.0  2.4  1.6  2.2 17.7 42.4  7.0  2.6  3.8 69.4 88.3  2.4149.3 12.5
  1.4  0.2  0.0  0.0  0.0  0.0  0.0  0.0  0.0  0.0  0.0  0.0  0.0  0.0  0.0
  0.0  0.0  0.0  2.2  0.4  1.2  0.8  0.2  0.0  0.0  0.0  0.0  0.0  0.0  0.0
  0.2  1.4  0.8  0.2  0.0  0.2  0.2  0.0  0.2  0.2  0.2  0.2  2.6  0.0  0.0
  4.6  0.2  0.0  4.8  2.6  0.6  3.4  3.0  0.0  0.0  0.0  0.0  0.0  0.0  0.0
  0.6  2.6  0.6  0.0  0.0  0.2  0.0 25.7  2.8  1.6  6.4 16.9  3.0  5.8  7.8
  2.6  5.6  3.4  1.0  2.2  1.4  0.0 36.2 24.1 13.5  0.8  2.0  6.8  2.8  0.0
      8.44      3.09     -2.33     -1.07      2.51  0.4  0.2  0.2  0.2  0.0
                                         4000_story_3469.txt 35.0  4.2 2515
 11.5  4.4 12.7 58.1  8.0  1.2  4.8  3.2 18.7 10.3  1.6  0.4  0.8  5.6  1.2
  0.4  0.8  7.6 16.3  0.0  5.6253.7105.4 23.1 76.3 37.8 14.7  8.7  0.4  5.2
  0.4  0.8 25.8  9.5 16.3 44.5 11.9  6.4  0.4  2.0  1.6  2.4  8.7  7.6  1.2
  2.4  4.4  3.6  1.2  3.6 15.5 23.9 11.1  0.8  6.0 53.3 64.4  0.8151.5  5.6
  0.4  0.0  0.0  0.0  0.0  0.0  0.0  0.0  0.0  0.0  0.0  0.0  0.0  0.0  0.0
  0.0  0.0  0.0  1.2  0.0  5.2  0.8  0.0  0.4  0.0  0.0  0.0  0.0  0.0  0.0
  0.0  1.6  2.4  0.4  0.0  0.0  0.0  0.4  0.4  0.0  0.0  0.0  0.8  0.0  0.0
  7.2  0.4  0.0  7.6  4.4  0.8  5.2  0.8  0.0  0.0  0.0  0.0  0.0  0.0  0.0
  0.8  0.8  0.8  0.0  0.0  0.0  0.0  3.6  2.8  0.4 14.7 10.3  3.2  6.4  3.6
  1.2  0.4  1.6  0.4  0.4  2.0  0.0 37.4 11.1 14.7  4.0  2.8  6.4  5.2  0.0
      1.15      2.91     -3.81     -2.35      4.67  0.4  0.4  0.0  0.4  0.0
                                         4000_story_3471.txt 31.8  3.7 4304
 14.6 13.0 88.5 68.5  3.0  1.9  1.6  0.5 50.9 23.2  0.9  0.0  0.0  3.3  2.1
  0.0  0.2  6.3 33.0  0.9  1.4248.6 75.5 22.1 76.0 77.8  9.5 14.9  1.6  0.7
  0.2  1.9 17.0  9.1 10.9 38.3 22.3 10.0  0.7  0.2  1.4  0.2  8.1  6.5  0.5
  2.1  6.3  1.9  0.2  1.6 17.7 41.4  9.1  1.2  2.6 49.7131.7  3.0161.2  0.0
  1.6  0.0  0.0  0.0  0.0  0.0  0.0  0.0  0.0  0.0  0.0  0.0  0.0  0.0  0.0
  0.0  0.0  0.0  8.6  0.7  3.0  6.7  0.0  0.0  0.0  0.0  0.0  0.0  0.2  0.9
  0.2  1.6  2.1  3.7  0.0  0.7  0.2  0.0  0.0  0.9  0.0  0.2  3.9  2.1  0.0
 19.1  0.0  0.2 19.3  8.6  0.9 10.5  6.3  0.0  0.0  0.0  0.0  0.0  0.0  0.0
  0.5  1.2  0.2  0.0  0.0  0.0  0.0 13.0  3.0  0.9 13.5 10.0  1.9  7.9  2.6
  3.5  4.4  0.0  0.5  2.1  0.2  0.0 32.3 20.4 20.0  3.9  0.9 12.5  3.0  0.0
     12.45      4.82     -3.62     -3.14      3.47  0.2  0.0  0.0  0.0  0.0
                                         4000_story_3475.txt 32.8  4.4 4631
  9.3  2.4  1.5 27.9  2.4  0.2  2.2  1.7  5.4  6.5  0.9  0.6  0.4  1.3  0.4
  1.3  0.6  3.7 20.9  0.6  1.1242.5128.5 49.0 72.6 73.6 13.2  3.5  2.8  5.2
  1.1  3.9 30.4  5.6  9.1 35.6 13.6  3.5  1.1  1.9  1.1  1.7  3.2  9.3  0.9
  3.2  8.2  1.5  1.9  4.3  8.2 35.6 13.4  1.3  9.1 82.7 81.4  2.8127.6  9.9
  1.7  0.0  0.0  0.0  0.0  0.0  0.0  0.0  0.0  0.0  0.0  0.0  0.0  0.0  0.0
  0.0  0.0  0.0  1.3  0.9  1.7  0.2  0.6  0.0  0.0  0.0  0.0  0.4  0.2  0.4
  0.4  1.7  1.1  0.0  0.0  1.7  0.9  0.0  0.2  1.7  0.2  0.0  1.3  0.4  0.0
  4.1  0.6  0.6  5.4  3.7  2.8  8.2  1.9  0.0  0.0  0.0  0.0  0.0  0.0  0.0
  0.0  0.4  0.2  0.0  0.0  0.0  0.0 11.7  5.6  3.0 13.0 12.5  1.7  9.9  9.7
  2.8  4.1  1.5  0.4  1.1  0.9  0.0 32.2  7.6 13.8  1.5  4.1  6.5  2.4  0.0
     -9.90      3.10      3.46     -3.35      1.51  1.1  0.0  0.0  0.2  0.0
                                         4000_story_3476.txt 30.5  4.5 4206
 11.4  0.7  1.2 31.1  2.4  0.2  0.7  5.2  5.5  9.7  1.2  0.0  0.5  1.4  0.7
  4.0  1.4  4.3 29.0  0.7  1.4234.7112.0 42.6 74.7 65.6  7.1  3.1  1.7  6.4
  2.6  3.6 33.3  9.0  4.5 38.0 15.0  2.9  1.4  1.7  1.9  4.8  7.1 14.3  1.9
  1.9  8.6  3.3  4.5  3.6  9.0 42.8 18.1  2.1 10.7 74.2 73.5  1.9124.8  6.2
  1.2  1.2  0.0  0.0  0.0  0.0  0.0  0.0  0.0  0.0  0.0  0.0  0.0  0.0  0.0
  0.0  0.0  0.0  1.2  0.7  1.0  0.7  0.7  1.0  0.0  0.0  0.0  0.0  0.2  2.1
  0.7  1.0  1.0  0.7  0.2  2.1  0.2  0.5  0.0  0.0  0.2  0.0  3.1  0.0  0.0
  3.6  1.7  0.2  5.5  5.5  3.1  8.6  3.3  0.0  0.0  0.0  0.0  0.0  0.0  0.0
  0.2  0.2  0.0  0.0  0.0  0.0  0.0 21.6  5.0  4.3 15.0  7.8  1.7  8.6  4.8
  3.1  5.9  2.6  0.2  0.7  0.0  1.0 30.0 12.6 13.3  2.1  2.9  5.9  3.8  0.0
     -3.73      1.59      5.10     -1.90      5.07  1.0  0.5  0.0  0.0  0.0
                                         4000_story_3479.txt 32.0  4.5 3380
  6.8  1.5  0.3 68.9  0.0  0.6  2.4  4.7 34.3  8.0  6.5  0.9  0.0  1.5  0.0
  4.7  1.5 10.4 26.9  0.0  0.3223.4130.8 40.2 10.9 29.9  6.8  3.0  5.9  5.6
  1.8  1.8 53.0  3.3  2.1 43.8 12.7 18.0  2.1  1.8  0.9  5.3 10.1 10.7  3.3
  2.4  5.3  6.2  3.3  4.1 29.3 36.7 16.3  1.5 13.3 73.1 64.2  2.7103.8  5.3
  1.5  0.3  0.0  0.0  0.0  0.0  0.0  0.0  0.0  0.0  0.0  0.0  0.0  0.0  0.0
  0.0  0.0  0.0  2.1  0.6  0.9  1.5  0.6  0.0  0.0  0.0  0.0  0.0  0.0  0.3
  1.2  0.9  1.5  0.6  0.3  2.1  0.3  0.0  0.0  0.6  0.3  0.3  2.7  1.5  0.0
  5.0  0.6  0.0  5.6  4.4  2.7  7.7  4.7  0.0  0.0  0.0  0.0  0.0  0.0  0.0
  0.0  0.9  0.3  0.0  0.0  0.0  0.0 11.2  8.9  2.7 15.4  5.6  0.9  6.5  5.9
  1.2  2.7  1.8  0.3  2.1  2.4  0.9 19.5  8.3 13.0  2.1  3.6  3.3  0.3  0.0
     -1.43     -2.18      9.19      1.72      7.54  2.1  1.2  0.6  0.3  0.0
                                         4000_story_3481.txt 31.8  4.3 3956
 21.2  5.1  3.3 64.5 13.1  1.3  2.5  1.3 21.0 11.1  1.5  0.5  0.3  4.6  0.0
  2.3  4.3 10.1 21.2  2.0  0.8216.6 88.5 24.5 87.2 82.4 12.9 10.9  0.5  1.3
  0.0  2.0 21.7  8.1  8.3 35.4 11.1  6.8  1.3  4.0  2.5  1.5  3.8  8.6  0.5
  2.0  6.8  7.8  3.3  6.3 19.5 34.6 11.1  6.3  1.8 55.6116.5  3.5164.8  6.6
  1.8  0.3  0.0  0.0  0.0  0.0  0.0  0.0  0.0  0.0  0.0  0.0  0.0  0.0  0.0
  0.0  0.0  0.0  3.0  2.8  4.8  2.0  0.0  0.3  0.3  0.0  0.0  0.0  0.0  0.5
  0.0  1.8  1.0  0.3  0.0  0.8  0.0  0.3  0.5  0.5  0.0  0.0  2.3  0.3  0.0
 12.6  0.5  0.0 13.1  3.5  1.5  5.6  2.5  0.0  0.0  0.0  0.0  0.0  0.0  0.0
  1.3  0.0  0.0  0.0  0.0  0.0  0.0 21.0  7.3  3.5  7.3 15.2  1.8  6.8  9.4
  6.3  1.3  1.3  1.5  0.0  1.3  0.3 32.1 15.7 27.8  1.0  5.6  9.6  6.8  0.0
     10.07      5.30     -2.61     -0.92      1.09  0.5  0.3  0.0  0.0  0.0
                                         4000_story_3483.txt 30.8  4.1 2609
 12.3  3.4  3.1 65.9  6.5  0.4  1.9  0.0 47.1  7.7  0.8  0.0  0.0  0.8  0.8
  2.3  2.3  6.5 24.9  1.5  1.9228.4 99.3 28.4 66.7 39.5  9.2  8.8  0.4  1.9
  0.0  2.3 33.7  9.2  5.4 38.3 11.1 10.3  3.8  2.7  2.7  1.5  4.6  5.7  0.0
  0.4  5.0  4.2  3.1  5.7 19.5 34.9  6.1  3.8  2.3 51.4 93.1  5.4139.1  3.4
  2.7  0.4  0.0  0.0  0.0  0.0  0.0  0.0  0.0  0.0  0.0  0.0  0.0  0.0  0.0
  0.0  0.0  0.0  3.8  1.5  2.7  1.5  0.4  0.8  0.0  0.0  0.0  0.0  0.4  0.0
  0.8  0.8  0.8  0.0  0.4  1.1  0.0  0.0  0.4  0.4  0.4  0.4  2.7  0.0  0.0
  9.6  1.1  0.4 11.1  2.3  1.9  4.6  3.4  0.0  0.0  0.0  0.0  0.0  0.0  0.0
  0.0  0.0  0.4  0.0  0.0  0.0  2.3 33.3  5.4  2.3  9.2 19.5  1.5 10.0  4.2
  2.7  5.0  0.4  0.0  0.0  0.4  0.4 28.4 23.0 17.2  2.3  4.6  4.2  6.9  0.0
      2.36      1.62     -1.03      0.21      0.24  0.4  0.0  0.0  0.0  0.0
                                         4000_story_3485.txt 31.3  4.3 2194
 16.0  6.4  1.4 44.2  3.2  0.5  2.7  2.7  7.7 11.4  1.4  0.5  0.5  3.6  0.9
  0.5  0.9  7.7 21.9  0.0  1.4234.7108.9 45.6 77.5100.7  8.7  2.3  2.7  1.8
  0.0  2.7 26.4  6.8  7.7 29.2  9.6  5.5  0.9  3.2  1.8  1.8  4.1  4.6  0.5
  2.7  9.1  3.2  3.2  6.4 15.0 37.4  7.7  0.9  4.6 77.5111.7  3.6137.2  8.7
  1.4  0.0  0.0  0.0  0.0  0.0  0.0  0.0  0.0  0.0  0.0  0.0  0.0  0.0  0.0
  0.0  0.0  0.0  0.9  2.7  3.6  3.2  0.0  0.0  0.0  0.0  0.5  0.0  0.0  0.0
  0.0  0.5  2.7  0.5  0.0  0.5  0.0  0.5  0.5  0.5  0.5  0.0  2.3  0.0  0.0
 10.5  0.0  0.5 10.9  3.6  1.4  5.5  2.7  0.0  0.0  0.0  0.0  0.0  0.0  0.0
  0.0  0.0  0.0  0.0  0.0  0.0  0.0 19.1  5.9  2.3 11.4 14.1  1.4  7.3 10.0
  2.7  5.9  0.9  1.4  0.5  1.4  0.9 29.2  7.3 21.9  0.9  5.0  8.7  1.8  0.0
     -2.80      3.39      0.45     -1.96      0.86  0.5  0.0  0.0  0.0  0.0
                                         4000_story_3488.txt 34.5  4.2 3025
 13.9  3.0  0.7 47.9  7.9  0.3  3.6  2.3 46.3 12.2  1.0  0.3  0.3  4.0  0.3
  2.6  3.0  5.6 32.4  0.0  1.3216.9102.8 33.4 76.0 65.1 13.9  5.6  0.3  0.7
  0.7  3.0 24.5  6.9  7.9 38.3  8.3 12.2  1.7  0.0  2.6  3.0  4.0  6.0  0.0
  1.0  6.0  4.3  1.7  3.6 20.5 41.7  6.9  3.0  1.7 51.6119.3  3.3140.8 13.2
  1.3  0.3  0.0  0.0  0.0  0.0  0.0  0.0  0.0  0.0  0.0  0.0  0.0  0.0  0.0
  0.0  0.0  0.0  1.0  0.7  2.0  2.0  0.0  0.3  0.0  0.0  0.0  0.3  0.7  0.3
  0.3  0.0  0.3  1.0  0.0  1.0  0.3  0.0  0.0  0.3  0.0  0.3  4.0  1.0  0.0
  5.6  0.3  1.0  6.9  2.0  1.3  3.6  5.3  0.0  0.0  0.0  0.0  0.0  0.0  0.0
  0.7  1.0  0.0  0.0  0.0  0.0  0.7 18.5  4.6  3.6  9.3 17.2  3.0  9.6  6.9
  7.3  6.9  3.0  0.7  0.7  0.7  0.0 34.4 12.9 17.9  0.7  3.6 10.2  5.3  0.0
      5.31      3.38     -1.60     -0.71      0.07  0.3  0.0  0.0  0.0  0.0
                                         4000_story_3489.txt 32.3  4.3 3945
 10.4  2.5  0.3 40.6  4.8  1.0  2.3  2.0  4.6  9.9  0.8  1.0  0.0  5.3  0.0
  1.5  1.8  3.5 27.6  1.3  2.0221.3105.7 34.5 82.6 92.3 15.0  7.4  1.0  1.3
  0.5  3.0 20.3  8.1  8.4 38.5 16.7 10.6  1.5  3.0  1.0  4.1  4.3  6.8  1.0
  3.0  5.3  6.3  1.0  3.5 15.2 40.1 10.9  3.0  2.8 62.9101.6  3.8146.5  5.6
  2.3  0.5  0.0  0.0  0.0  0.0  0.0  0.0  0.0  0.0  0.0  0.0  0.0  0.0  0.0
  0.0  0.0  0.0  2.0  1.8  2.5  2.8  0.0  0.8  0.0  0.0  0.0  0.8  0.3  0.8
  0.8  3.3  1.8  0.3  0.0  0.5  0.0  0.5  0.0  0.8  0.0  0.0  3.5  0.8  0.0
  9.1  0.8  1.0 10.9  6.8  1.0  8.6  4.3  0.0  0.0  0.0  0.0  0.0  0.0  0.0
  1.3  0.8  0.3  0.0  0.0  0.0  0.0 19.8  3.3  3.5  9.4 17.0  3.8  5.3  8.1
  3.0  1.8  1.8  0.3  1.0  0.8  0.3 32.2 15.0 20.3  1.3  5.6  6.1  3.5  0.0
      0.07      5.33     -1.77     -0.09      1.87  2.3  0.8  0.5  0.0  0.0
                                         4000_story_3491.txt 30.8  3.9 4613
 16.5  4.6  0.7 57.2 10.2  1.7  3.9  1.7 93.9  9.8  0.4  1.3  0.7  1.3  0.4
  1.5  2.8  6.5 24.1  0.7  2.2196.4103.8 21.0 80.4 66.3 11.5 11.1  0.4  1.5
  0.4  2.2 26.4  5.0  8.0 36.4 14.7  4.8  2.2  1.5  2.6  4.8  5.9  6.3  0.7
  2.2  8.0  5.4  2.6  7.4 13.9 37.1  9.1  3.5  2.4 45.3170.4  4.1158.7  7.6
  1.1  0.4  0.0  0.0  0.0  0.0  0.0  0.0  0.0  0.0  0.0  0.0  0.0  0.0  0.0
  0.0  0.0  0.0  3.0  1.5  5.0  2.4  0.4  0.4  0.2  0.0  0.0  0.0  0.0  0.7
  0.4  2.6  0.9  2.0  0.2  0.9  0.7  0.4  0.0  0.7  0.0  0.0  4.3  0.2  0.0
 11.9  1.1  0.0 13.0  6.5  2.2  9.3  4.6  0.0  0.0  0.0  0.0  0.0  0.0  0.0
  0.2  1.1  0.4  0.0  0.0  0.0  1.5 17.1  2.8  2.2 11.3 13.0  1.1  8.0 10.6
  3.9  1.5  0.2  0.4  0.9  1.1  0.7 38.4 19.9 23.2  1.5  2.2  9.8  3.3  0.0
      8.25      4.12     -0.83     -0.93      2.18  1.5  0.4  0.2  0.0  0.2
                                         4000_story_3492.txt 31.3  4.2 2475
  9.3  2.8  2.8 43.2  6.1  0.4  2.8  3.2  7.3  9.7  1.2  0.0  1.2  2.0  0.4
  3.2  1.2  2.8 19.0  0.0  2.4220.2 99.0 26.7 84.8 91.7  7.7  8.5  0.4  2.4
  0.0  3.6 28.3  6.1  8.5 41.6 16.6  7.7  3.6  3.2  1.2  4.0  3.2  6.1  1.2
  1.2  3.6  2.0  1.6  6.1 11.7 29.5  8.5  1.2  2.8 63.4105.1  3.6149.9  5.3
  2.4  0.4  0.0  0.0  0.0  0.0  0.0  0.0  0.0  0.0  0.0  0.0  0.0  0.0  0.0
  0.0  0.0  0.0  1.2  1.2  2.0  0.0  0.0  1.2  0.0  0.0  0.4  0.0  0.0  1.2
  0.0  2.4  0.4  0.0  0.0  0.0  0.0  1.2  0.4  0.0  0.0  0.0  1.6  0.8  0.0
  4.4  1.2  0.4  6.1  4.0  1.6  5.7  2.4  0.0  0.0  0.0  0.0  0.0  0.0  0.0
  1.2  1.2  0.8  0.0  0.0  0.0  0.4 24.2  2.0  2.0  8.9 11.7  4.0 11.7  6.1
  5.7  1.2  2.0  0.4  0.0  0.4  0.8 32.3 19.8 17.4  0.4  6.9  5.3  5.7  0.0
     -3.15      4.19     -0.86      0.06      0.64  0.4  0.0  0.0  0.0  0.0
                                         4000_story_3493.txt 32.3  4.2 4867
 12.1  1.6  0.0 30.0  5.1  0.2  1.8  1.6 56.1  8.4  0.2  0.0  0.6  2.7  0.4
  1.6  1.0  4.7 24.7  0.6  3.1234.4128.2 68.4 69.9 19.7  6.6  3.7  0.4  0.8
  1.2  5.3 21.2  3.9  9.0 34.1  7.0  4.9  0.6  2.7  1.0  3.7  2.1  4.3  1.0
  1.4  7.8  4.7  1.2  3.5 10.7 40.5  6.8  1.6  2.5 98.0 81.0  2.1116.7  9.5
  2.9  0.2  0.0  0.0  0.0  0.0  0.0  0.0  0.0  0.0  0.0  0.0  0.0  0.0  0.0
  0.0  0.0  0.0  1.6  1.4  1.8  1.2  0.0  0.2  0.2  0.0  0.2  0.0  0.0  0.0
  0.2  0.4  0.6  1.2  0.4  0.2  0.0  0.2  0.0  1.2  0.0  0.2  1.2  1.2  0.0
  6.2  0.4  0.2  6.8  2.5  0.8  4.5  2.7  0.0  0.0  0.0  0.0  0.0  0.0  0.0
  0.6  0.4  0.4  0.0  0.0  0.0  0.2  7.6  3.3  1.4  8.6 16.4  2.5  7.0 12.9
  1.6  1.8  1.4  2.7  0.2  0.8  0.0 23.4  8.0 12.9  0.2  4.3  8.0  2.7  0.0
     -5.06     -0.60      0.48     -2.05     -0.43  1.0  0.0  0.0  0.0  0.0
                                         4000_story_3494.txt 29.5  4.4 3148
  8.6  1.6  1.0 36.2  2.5  0.0  2.2  1.3  8.6  7.9  0.6  0.3  0.3  4.1  0.3
  0.6  0.6  2.2 30.2  1.0  4.1241.7120.1 45.7 66.7 46.4  8.3  5.1  1.0  0.0
  0.6  4.1 24.8  6.7 13.0 35.6  9.5  7.0  0.6  0.6  1.9  4.8  3.5  6.7  0.3
  0.6  7.6  1.6  2.2  2.5 11.1 42.9  7.6  1.6  1.6 71.5 57.5  2.2119.4 11.8
  1.3  0.3  0.0  0.0  0.0  0.0  0.0  0.0  0.0  0.0  0.0  0.0  0.0  0.0  0.0
  0.0  0.0  0.0  1.0  0.6  1.6  0.6  0.3  0.0  0.0  0.0  0.0  0.0  0.0  0.0
  0.3  1.0  1.0  1.3  0.0  0.0  0.0  0.0  0.0  0.0  1.9  0.0  4.4  0.3  0.0
  3.8  0.3  0.0  4.1  3.5  0.0  3.5  6.7  0.0  0.0  0.0  0.0  0.0  0.0  0.0
  0.0  0.3  0.6  0.0  0.0  0.0  1.0  7.3  3.2  1.6 10.2 11.4  0.6  4.4  6.4
  0.3  2.2  4.4  1.6  0.3  2.9  0.0 28.3 10.2 14.0  1.0  4.4  6.7  3.5  0.0
     -5.49      1.06     -2.40     -1.63      0.02  1.0  0.6  0.0  0.0  0.0
                                         4000_story_3495.txt 34.0  4.2 2226
 12.1  2.7  3.1 46.7  8.5  0.4  2.7  1.8 12.1  9.4  2.2  0.0  0.0  4.0  0.0
  1.3  0.0  4.5 23.8  0.0  0.9229.1112.3 31.0 65.6 67.4  9.4  5.8  0.9  1.3
  0.9  1.8 35.9  5.4 11.2 41.8 11.7 12.1  2.7  1.3  2.2  3.1  4.9  4.0  0.0
  2.2  7.2  2.2  2.2  3.6 18.9 34.1  6.3  0.0  3.1 67.8 88.1  4.5130.7 12.1
  0.9  0.0  0.0  0.0  0.0  0.0  0.0  0.0  0.0  0.0  0.0  0.0  0.0  0.0  0.0
  0.0  0.0  0.0  1.3  0.4  1.3  0.9  0.4  0.0  0.0  0.0  0.0  0.0  0.0  0.4
  0.4  0.9  1.3  0.4  0.0  0.9  0.0  0.0  0.4  0.0  0.0  0.0  1.8  0.4  0.0
  4.0  0.4  0.0  4.5  3.6  1.3  4.9  2.2  0.0  0.0  0.0  0.0  0.0  0.0  0.0
  1.3  2.7  0.0  0.0  0.0  0.0  1.8 14.4  6.7  4.5  8.5 21.6  3.1  7.2 15.7
  2.7  4.0  2.7  0.0  0.4  0.4  0.4 26.1 17.1 18.4  0.0  1.8  4.9  3.6  0.0
     -5.57      2.32     -1.06      0.09      0.80  2.2  0.0  0.0  0.4  0.0
                                         4000_story_3496.txt 34.8  4.2 2770
 16.6  2.9  4.3 63.2 30.0  2.5  2.9  1.1 44.0 15.2  1.4  0.4  1.4  4.3  0.4
  2.2  2.9  6.5 18.8  1.4  1.1224.9107.2 28.2 67.9 43.0  6.5  9.7  1.1  2.5
  0.7  0.7 29.2 11.2 10.1 40.8  9.7  8.7  2.2  2.2  1.4  0.7  4.3  5.8  0.0
  1.1  3.6  5.8  3.2  4.3 16.6 25.6  6.9  4.3  4.3 56.3117.0  1.8144.4  9.4
  0.4  0.0  0.0  0.0  0.0  0.0  0.0  0.0  0.0  0.0  0.0  0.0  0.0  0.0  0.0
  0.0  0.0  0.0  4.7  1.8  2.5  2.5  0.0  0.0  0.0  0.0  0.0  0.0  0.0  0.7
  0.0  1.1  1.4  1.8  0.0  0.0  0.0  0.4  0.0  1.8  0.0  0.0  2.2  1.1  0.0
 11.6  0.0  0.0 11.6  5.1  0.4  7.2  3.2  0.0  0.0  0.0  0.0  0.0  0.0  0.0
  0.0  0.0  0.4  0.0  0.0  0.0  0.4 22.7  6.1  2.9 13.0 14.4  1.1  8.3  4.3
  6.9  1.8  4.3  0.0  0.4  0.7  0.0 25.3 18.1 20.2  2.2  5.4  9.7  1.4  0.0
      7.28      1.47     -2.66     -1.88      0.31  1.8  0.4  0.0  0.0  0.0
                                         4000_story_3498.txt 32.0  4.2 2495
  7.6  2.0  0.4 22.8  4.4  0.0  1.2  1.6  7.2 14.0  0.8  0.0  0.0  2.0  1.2
  0.4  1.2  1.2 27.3  0.4  0.4264.9142.3 41.3 85.0 75.8  7.2  4.4  1.2  3.2
  0.4  3.6 24.4  4.4  6.0 28.5 10.0  4.4  0.4  1.2  0.8  2.8  1.2  6.0  0.8
  1.6  2.8  0.8  0.8  2.8  6.4 34.9  8.4  1.6  4.8 67.7 87.4  1.2121.8  2.8
  4.0  0.4  0.0  0.0  0.0  0.0  0.0  0.0  0.0  0.0  0.0  0.0  0.0  0.0  0.0
  0.0  0.0  0.0  0.4  1.2  0.8  3.2  0.0  0.4  0.0  0.0  0.4  0.4  0.0  0.0
  1.6  0.4  0.4  3.2  0.0  0.4  0.0  0.0  0.0  0.0  0.0  0.0  2.0  0.0  0.0
  5.6  0.4  0.8  6.8  5.6  0.4  6.0  2.0  0.0  0.0  0.0  0.0  0.0  0.0  0.0
  2.4  0.4  0.0  0.0  0.0  0.0  0.0 24.8  5.6  0.8 16.4 18.0  5.6  7.2 13.2
  1.6  1.6  0.4  1.2  0.4  1.6  0.0 34.5 10.0 10.4  0.0  5.2 10.8  6.0  0.0
     -8.63      2.64      2.04     -3.38     -0.83  4.0  0.0  0.0  0.0  0.0
                                         4000_story_3500.txt 32.8  4.5 4495
 13.1  2.2  4.0 44.3 11.6  1.6  3.3  1.3 12.9 10.0  0.9  0.9  0.4  3.1  0.0
  2.4  1.8  4.2 20.7  0.7  3.3256.5122.8 39.8 70.7 68.3  7.3  8.7  0.9  1.8
  0.9  1.1 39.6  4.9  7.1 33.6 12.2  7.1  1.1  0.9  1.6  2.2  5.6  5.3  0.9
  2.4  4.4  4.2  0.7  4.0 12.9 28.0  8.7  2.4  3.6 63.0 92.8  1.8134.6  8.9
  1.8  0.2  0.0  0.0  0.0  0.0  0.0  0.0  0.0  0.0  0.0  0.0  0.0  0.0  0.0
  0.0  0.0  0.0  2.4  1.1  1.3  2.4  0.4  0.0  0.0  0.0  0.0  0.7  0.0  0.4
  0.4  0.9  1.1  0.9  0.0  1.6  0.2  0.0  0.0  0.4  0.0  0.0  1.3  0.2  0.0
  7.3  0.4  0.7  8.5  3.8  1.8  6.0  1.6  0.0  0.0  0.0  0.0  0.0  0.0  0.0
  0.9  0.7  0.2  0.0  0.0  0.0  0.9 11.3  2.0  3.1 14.0 15.4  3.8  7.1  5.8
  3.1  2.7  1.1  0.9  1.1  2.0  0.0 28.7 15.4 15.6  1.3  3.3  5.1  4.2  0.0
     -2.82      2.65      0.96     -2.52      2.13  0.7  1.1  0.2  0.0  0.0
                                         4000_story_3504.txt 30.8  4.2 4388
 15.3  4.1 14.8 47.9 11.2  2.1  2.5  3.4 17.3 11.9  2.1  1.1  0.2  7.3  0.9
  2.5  1.4  5.0 18.2  1.4  2.5192.8105.7 30.8 91.4 91.6 13.0  8.4  1.4  3.4
  1.1  5.0 18.2  7.5  8.7 39.4 14.6  3.2  1.1  1.6  1.6  2.1  6.8  5.7  1.1
  2.1  6.8  2.5  3.2  5.7  9.8 32.8  8.9  2.7  5.9 67.2120.1  2.7161.8 14.1
  1.4  0.0  0.0  0.0  0.0  0.0  0.0  0.0  0.0  0.0  0.0  0.0  0.0  0.0  0.0
  0.0  0.0  0.0  1.1  1.1  3.2  3.4  0.2  0.0  0.0  0.0  0.0  0.0  0.0  0.2
  1.1  2.5  0.7  2.1  0.0  0.5  0.2  0.7  0.2  0.2  0.2  0.0  2.7  0.9  0.0
  8.9  0.2  0.0  9.1  6.6  1.6  8.4  3.9  0.0  0.0  0.0  0.0  0.0  0.0  0.0
  0.2  0.2  0.0  0.0  0.0  0.0  0.7  6.6  1.8  0.9 10.5 13.7  2.3  5.0  7.5
  2.1  4.1  3.6  0.5  0.5  0.5  0.0 32.8 15.0 23.0  1.4  5.9 11.6  5.0  0.0
      5.29      5.41      0.71     -3.17      3.05  2.1  0.0  0.0  0.2  0.0
                                         4000_story_3509.txt 32.3  4.1 3440
 11.3  4.7  5.2 55.5 14.8  0.0  2.3  2.6 31.1 10.5  1.2  0.3  0.3  2.3  0.6
  3.2  1.5  4.1 23.0  0.3  1.2236.0 97.4 25.9 74.1 77.9 11.6 11.0  2.9  5.8
  2.3  2.3 18.9  4.7  9.3 34.9  8.4 10.5  0.6  4.4  2.0  2.3  3.5  7.8  0.6
  2.0  5.8  3.8  1.5  4.9 16.6 35.8 10.5  1.7 11.0 54.9123.8 10.2146.8  9.6
  2.3  0.6  0.0  0.0  0.0  0.0  0.0  0.0  0.0  0.0  0.0  0.0  0.0  0.0  0.0
  0.0  0.0  0.0  2.6  1.7  3.2  1.2  0.6  0.3  0.0  0.6  0.0  0.0  0.3  0.3
  0.3  1.5  0.3  0.3  0.0  0.0  0.3  0.0  0.3  0.6  0.3  0.0  4.7  0.0  0.0
  8.7  0.9  0.9 10.5  2.6  0.6  3.8  4.9  0.0  0.0  0.0  0.0  0.0  0.0  0.0
  0.6  0.3  0.0  0.0  0.3  0.0  0.3 23.0  1.5  2.6  9.9 13.1  1.5  5.8  5.5
  4.4  2.0  2.9  0.0  0.9  0.3  0.0 33.7 16.0 16.3  0.6  2.9  8.4  2.9  0.0
      0.56      4.45      3.83     -0.04      0.85  0.0  0.0  0.0  0.0  0.0
                                         4000_story_3510.txt 35.8  4.6 5017
  8.6  0.8  2.8 57.0  5.4  0.0  1.4  3.0 19.5  4.8  1.6  0.0  1.2  3.0  0.2
  3.4  2.2  5.4 22.9  0.2  0.8294.8114.2 64.8 29.9 41.5  5.8  1.6  5.6  3.8
  1.4  2.8 34.5  2.2  4.4 27.5  4.8  2.4  0.4  1.8  3.4  0.6  4.4  6.4  0.6
  2.4  3.0  1.8  0.8  2.6 11.2 30.5  9.4  2.4 10.8103.6 66.4  3.4100.9  8.0
  0.4  0.0  0.0  0.0  0.0  0.0  0.0  0.0  0.0  0.0  0.0  0.0  0.0  0.0  0.0
  0.0  0.0  0.0  0.8  0.4  0.6  0.4  0.0  0.0  0.0  0.0  0.0  0.2  0.0  0.0
  0.0  0.4  0.6  0.0  0.0  0.0  0.0  0.0  0.0  0.4  0.2  0.2  2.0  0.0  0.0
  2.2  0.0  0.2  2.4  1.0  0.0  1.4  2.4  0.0  0.0  0.0  0.0  0.0  0.0  0.0
  0.2  0.4  0.0  0.4  0.2  0.0  0.0  9.2  3.8  0.8 10.2 14.9  1.6  6.0  5.2
  2.6  5.6  6.4  1.0  3.0  0.4  1.4 15.7  6.6 12.0  0.6  2.2  9.0  0.6  0.0
     -6.63     -1.49      7.37     -3.24      1.31  0.4  0.0  0.0  0.2  0.0
                                         4000_story_3513.txt 29.0  4.1 2812
 22.4  7.1  6.0103.1 25.2  1.8  1.1  4.6 59.0  9.2  2.1  1.1  0.0  4.6  0.4
  2.1  1.1  2.5 32.7  1.4  2.1211.9 85.3 37.3 27.4 30.2 12.1 11.0  4.6  5.0
  0.7  4.3 24.2  5.7 20.3 30.2 11.0  7.1  0.7  2.8  3.9  1.1  2.8  9.2  0.7
  0.4  3.9  7.1  0.7  5.3 13.5 44.8 10.3  2.5 10.3 64.0114.5  2.5141.2  7.8
  1.1  0.4  0.0  0.0  0.0  0.0  0.0  0.0  0.0  0.0  0.0  0.0  0.0  0.0  0.0
  0.0  0.0  0.0  4.3  1.1  4.3  1.8  0.4  0.0  0.0  0.0  0.0  0.0  0.0  0.4
  0.0  0.7  0.0  0.7  0.0  0.0  0.0  0.0  0.0  0.4  0.4  0.0  3.9  0.7  0.0
 11.4  0.4  0.0 11.7  1.8  0.0  2.1  5.0  0.0  0.0  0.0  0.0  0.0  0.0  0.0
  0.0  0.4  9.6  0.0  0.0  0.0  0.0 16.7  3.2  2.5  5.7 12.1  0.7  5.0  2.8
  6.4  2.1  2.5  0.7  2.1  0.4  0.4 22.0 16.7 30.9  1.4  1.1  5.7  3.2  0.0
     10.03      0.88      0.78     -1.10      0.21  2.1  0.4  0.0  0.0  0.0
                                         4000_story_3520.txt 29.0  4.2 2967
  7.4  2.0  6.7 35.4  4.7  1.0  1.0  1.3 36.7  8.4  1.7  0.3  0.3  4.7  0.7
  1.0  0.3  4.7 23.6  0.7  1.0273.3107.5 47.2 66.7 28.3  3.0  6.1  0.7  2.4
  1.0  5.1 17.9  8.8 10.8 33.0  6.1  9.8  0.0  1.7  0.3  1.3  4.7  3.0  0.7
  2.4  4.7  1.7  2.0  2.4 14.8 35.4  6.1  1.0  4.0 79.2 69.8  2.0122.7  9.4
  4.0  0.0  0.0  0.0  0.0  0.0  0.0  0.0  0.0  0.0  0.0  0.0  0.0  0.0  0.0
  0.0  0.0  0.0  1.0  0.3  1.0  1.3  0.3  0.0  0.0  0.0  0.0  0.0  0.0  0.0
  0.0  1.3  0.3  0.0  0.0  0.0  0.3  0.0  0.3  0.3  0.0  0.0  5.4  1.7  0.0
  3.7  0.3  0.0  4.0  1.7  0.7  2.7  7.1  0.0  0.0  0.0  0.0  0.0  0.0  0.0
  0.3  0.7  0.0  0.0  0.3  0.0  0.3  7.1  0.7  0.3  3.4 27.0  4.4  2.4  6.7
  4.7  5.1  2.4  5.1  0.7  0.0  0.0 26.3 12.1 12.5  1.7  2.7  6.7  2.4  0.0
     -5.74     -0.57     -0.97     -2.81      1.06  0.0  0.0  0.0  0.0  0.0
                                         4000_story_3523.txt 29.3  4.2 3833
 15.4  5.5  3.9 42.8  9.1  1.0  2.6  3.4 62.6 13.3  0.8  0.3  0.8  6.8  0.8
  2.9  0.5  6.5 28.4  2.6  1.6188.6102.5 33.1 89.7 60.8  8.9  7.0  0.5  3.4
  0.8  3.7 24.0  7.0  7.8 38.6  8.3  3.1  1.3  1.8  1.8  3.1  7.0  6.3  0.8
  1.3  6.8  2.6  3.4  6.3 11.5 41.0  8.3  3.1  4.7 70.4132.5  3.9149.8 13.0
  1.6  0.8  0.0  0.0  0.0  0.0  0.0  0.0  0.0  0.0  0.0  0.0  0.0  0.0  0.0
  0.0  0.0  0.0  3.1  0.0  2.9  1.8  0.5  0.3  0.0  0.0  0.0  0.3  0.5  0.5
  0.0  0.8  1.8  1.6  0.0  0.8  0.3  0.0  0.0  0.3  0.3  0.0  4.2  1.6  0.0
  7.8  0.8  0.8  9.4  4.7  1.0  6.0  6.0  0.0  0.0  0.0  0.0  0.0  0.0  0.0
  0.5  0.8  0.0  0.0  0.0  0.0  0.3 13.6  3.1  2.6  9.4 11.5  1.3  5.7  7.3
  3.7  1.8  2.3  3.4  1.3  2.1  0.8 30.3 12.8 21.7  0.8  3.7  9.1  3.7  0.0
      8.09      2.94      0.20     -2.49      2.75  0.8  0.3  0.0  0.0  0.0
                                         4000_story_3525.txt 28.8  4.0 2130
  8.9  2.8 17.8 63.4 15.5  3.8  4.7  3.3 13.1 11.7  2.8  0.9  0.9  7.5  0.0
  2.8  2.3  4.7 32.4  1.4  2.8183.6 91.5 16.4 93.9108.9 15.0  6.1  0.0  1.9
  0.0  1.9 19.2  8.0  7.5 32.4 14.1 14.6  4.7  1.4  3.3  2.3  4.7  9.4  0.5
  1.4  4.7  2.8  1.4  7.5 22.5 41.3 11.3  3.8  1.9 46.9137.6  3.3170.0  4.2
  1.9  0.5  0.0  0.0  0.0  0.0  0.0  0.0  0.0  0.0  0.0  0.0  0.0  0.0  0.0
  0.0  0.0  0.0  3.3  1.4  0.9  0.5  1.4  0.0  0.0  0.0  0.0  0.0  0.0  0.5
  0.9  4.2  1.9  0.5  0.0  0.5  0.0  0.0  0.0  0.0  0.0  0.0  3.3  0.0  0.0
  6.1  1.4  0.0  7.5  8.0  0.5  8.5  3.3  0.0  0.0  0.0  0.0  0.0  0.0  0.0
  0.9  0.0  0.5  0.0  0.5  0.0  1.4 23.9  5.6  2.8  4.2 11.3  0.9  8.0  3.3
  3.8  0.9  4.7  0.0  0.5  0.9  0.5 44.1 17.8 20.7  2.3  2.3  6.6  3.3  0.0
     12.62      6.22     -2.39      1.52      1.55  0.0  0.0  0.9  0.0  0.0
                                         4000_story_3529.txt 27.5  4.0 5585
 12.9  4.7 10.4 58.9 16.1  1.8  3.4  2.3 13.8 14.0  2.1  0.5  0.4  5.7  0.0
  0.5  3.0  3.9 39.4  0.9  4.3202.5 82.0 15.9 87.6 70.5 15.6  9.1  0.4  1.8
  0.0  4.1 14.7 10.9 13.2 35.1 15.4 11.6  0.7  2.5  2.3  1.8  4.7  9.3  0.7
  1.4  5.7  0.9  2.9  3.6 17.9 52.3 11.5  3.9  2.1 43.3100.4  4.3164.5 11.3
  1.8  0.2  0.0  0.0  0.0  0.0  0.0  0.0  0.0  0.0  0.0  0.0  0.0  0.0  0.0
  0.0  0.0  0.0  3.4  1.1  1.6  1.3  0.0  0.4  0.0  0.2  0.0  0.0  0.0  0.2
  0.4  0.9  1.6  1.4  0.0  1.4  0.0  0.2  0.0  0.9  0.0  0.0  1.6  0.2  0.0
  7.3  0.4  0.2  7.9  4.5  1.6  7.0  1.8  0.0  0.0  0.0  0.0  0.0  0.0  0.0
  0.9  0.9  0.2  0.0  0.0  0.0  0.5 16.7  2.0  2.3  8.6  9.0  4.8  4.1  6.3
  2.5  0.9  5.0  0.0  0.7  0.9  0.0 42.1 15.0 18.6  2.3  8.2  6.4  7.2  0.0
     12.33      4.97     -4.39     -0.64      1.71  0.5  0.0  0.2  0.0  0.0
                                         4000_story_3532.txt 33.3  4.8 5501
 15.3  3.5  1.8 35.8  7.5  0.7  3.6  1.6 13.1 11.1  1.3  0.2  0.9  4.2  0.4
  2.2  1.1  2.7 22.4  1.3  1.8241.4101.6 30.7 80.9 88.2 11.5  4.4  1.8  3.6
  1.6  4.2 37.3  8.4  5.1 33.8 13.5  4.5  1.5  1.3  2.9  2.2  3.8  5.8  2.2
  1.8  5.8  3.5  3.8  5.5 10.2 33.8  9.8  2.4  7.1 64.9108.7  2.2137.6  6.9
  2.0  0.5  0.0  0.0  0.0  0.0  0.0  0.0  0.0  0.0  0.0  0.0  0.0  0.0  0.0
  0.0  0.0  0.0  2.4  1.6  2.7  1.1  0.9  0.2  0.2  0.0  0.0  0.4  0.0  0.4
  0.2  1.1  1.5  0.7  0.0  0.4  0.4  0.0  0.2  1.1  0.2  0.0  3.3  0.2  0.0
  7.8  1.3  0.4  9.5  3.8  0.9  5.8  3.6  0.0  0.0  0.0  0.0  0.0  0.0  0.0
  1.1  1.3  0.2  0.4  0.0  0.0  0.5 14.2  4.7  4.5 10.9  6.4  2.9  4.5  3.3
  1.6  1.3  1.5  0.9  1.1  2.5  0.0 22.5 10.9 20.7  1.5  5.3  5.8  3.6  0.0
     -2.56      3.86      3.68     -2.22      1.91  0.0  0.2  0.4  0.0  0.2
                                         4000_story_3533.txt 29.3  4.0 3015
 18.6  5.0  6.3 58.4 21.9  1.7  2.3  3.3 30.8 12.9  0.3  0.3  0.7  3.0  1.3
  0.3  3.6  4.6 36.8  3.0  2.7194.7 75.6 10.3104.8 82.9 15.6 14.9  0.7  1.0
  1.3  2.0 20.9  6.0 10.9 34.5 13.9  6.0  3.3  3.0  4.3  1.3  5.6 14.6  0.0
  2.0  6.3  3.6  4.0  5.3 14.9 48.4 16.6  6.6  3.0 36.8135.7  4.0178.8  6.0
  1.3  0.7  0.0  0.0  0.0  0.0  0.0  0.0  0.0  0.0  0.0  0.0  0.0  0.0  0.0
  0.0  0.0  0.0  4.3  0.7  3.6  0.3  0.7  0.0  0.0  0.0  0.0  0.0  0.0  0.3
  1.0  1.7  1.7  0.7  0.0  0.3  0.0  0.3  0.0  1.0  0.0  0.0  1.0  2.0  0.0
  9.0  0.7  0.0  9.6  5.3  0.7  7.0  3.0  0.0  0.0  0.0  0.0  0.0  0.0  0.0
  2.7  0.7  1.3  0.0  0.0  0.0  0.7 15.9  2.7  1.3  6.3 11.6  2.0  6.0  8.0
  3.0  1.0  3.0  0.0  0.3  0.0  0.0 33.2 26.5 29.5  1.3  6.0  8.3  5.3  0.0
     15.80      7.17     -1.63     -0.17      2.75  0.0  0.3  0.0  0.0  0.0
                                         4000_story_3543.txt 29.5  3.9 3455
 23.7  5.2  5.8 43.7  3.5  0.3  1.7  2.3 90.6 12.2  1.2  0.0  1.2  4.6  0.9
  0.9  0.9  4.9 42.8  1.4  5.5174.2 92.6 15.1100.7 50.1 17.4  5.2  0.0  0.6
  0.6  3.5  9.3 12.7 16.8 47.2  9.8  7.2  0.6  3.5  3.5  1.7  5.2  4.6  0.6
  2.3  7.5  2.6  3.5  4.1 15.6 57.3  7.5  2.3  1.2 45.7144.1  2.9169.3 16.8
  0.9  0.3  0.0  0.0  0.0  0.0  0.0  0.0  0.0  0.0  0.0  0.0  0.0  0.0  0.0
  0.0  0.0  0.0  3.2  0.9  3.2  0.3  0.0  0.9  0.9  0.0  0.0  0.0  0.0  0.0
  0.0  0.9  1.7  0.6  0.3  0.0  0.0  1.4  0.0  0.0  0.0  0.0  0.9  0.9  0.0
  7.5  1.7  0.0  9.3  3.2  1.7  4.9  1.7  0.0  0.0  0.0  0.0  0.0  0.0  0.0
  1.4  1.7  0.6  0.0  0.0  0.0  1.4  4.9  0.9  2.0 11.3 26.0  2.9  5.2 11.0
  0.0  0.9  1.2  1.2  0.6  1.4  0.0 47.8  8.1 26.3  0.6  5.5 11.3  7.2  0.0
     12.97      4.12     -7.54     -0.77      1.52  0.3  0.0  0.0  0.0  0.0
                                         4000_story_3545.txt 32.3  4.3 3603
 12.5  3.9  1.9 69.4 17.2  1.4  1.4  1.7 30.3 11.7  3.3  0.6  0.8  6.4  0.6
  4.2  2.8  3.3 20.8  1.1  0.8195.1 89.9 23.6 68.8 63.6 11.1 14.7  2.5  2.8
  2.5  3.6 22.5  5.8  4.4 39.1 23.3 15.0  2.8  5.8  3.1  5.3  7.5  8.6  0.6
  1.7  8.3  3.1  1.7  5.0 21.4 39.1 10.8  3.9  7.8 48.8111.0  3.3163.8  8.6
  1.1  0.3  0.0  0.0  0.0  0.0  0.0  0.0  0.0  0.0  0.0  0.0  0.0  0.0  0.0
  0.0  0.0  0.0  4.2  0.8  1.7  2.8  0.6  0.3  0.0  0.0  0.0  0.0  0.0  0.3
  0.6  2.2  0.8  1.7  0.3  1.7  0.0  0.3  0.3  1.1  0.3  0.0  1.1  1.1  0.0
  9.4  0.8  0.0 10.3  5.6  2.5  9.2  2.5  0.0  0.0  0.0  0.0  0.0  0.0  0.0
  0.0  0.0  0.3  0.3  0.0  0.0  0.3 12.2  7.8  0.8 10.5  7.8  0.6  5.3  6.4
  2.2  1.4  0.6  0.0  0.6  0.6  0.6 29.4 23.9 17.2  1.9  7.8  6.4  4.7  0.0
      7.33      4.22      3.80      4.07      3.33  0.6  0.3  0.0  0.0  0.0
                                         4000_story_3547.txt 30.5  4.1 2827
 15.9  7.1  0.4 80.3 17.0  0.4  4.6  1.4 20.2 20.9  1.1  0.4  0.4  3.5  0.0
  0.7  1.8  6.4 33.3  3.2  1.1221.1107.9 22.6 47.8 42.4 13.4 13.1  2.1  8.5
  1.1  1.4 20.9  6.7 12.4 28.3  8.5  6.4  0.4  3.9  0.7  2.8  4.6  9.9  0.7
  0.7  4.6  3.9  2.5  5.3 13.4 43.5 11.3  5.0 11.7 42.1 79.6  1.8137.2  6.0
  1.1  0.7  0.0  0.0  0.0  0.0  0.0  0.0  0.0  0.0  0.0  0.0  0.0  0.0  0.0
  0.0  0.0  0.0  6.4  1.4  3.5  2.5  0.0  0.7  0.4  0.0  0.0  0.4  0.0  0.4
  0.0  2.1  1.4  0.7  0.0  0.4  0.0  0.7  0.0  1.4  0.4  0.4  2.1  0.7  0.0
 13.8  1.1  0.4 15.2  4.6  1.1  7.1  3.5  0.0  0.0  0.0  0.0  0.0  0.0  0.0
  0.0  1.1  0.4  0.0  0.0  0.0  0.4 14.5  2.8  2.5  6.7 12.0  5.7  3.2 10.6
  3.2  1.1  0.0  0.0  1.4  1.8  0.4 19.8 21.9 21.6  1.4  4.2  5.7  2.8  0.0
      9.08      2.74      2.24     -1.74      1.52  0.0  0.0  0.0  0.0  0.0
                                         4000_story_3550.txt 29.8  4.3 4519
 10.2  0.7  4.4 42.3  3.8  0.7  2.4  3.1 17.7 11.3  2.0  1.3  2.0  3.8  0.0
  1.5  1.5  3.5 31.0  1.1  1.5235.2105.8 32.1 70.8 60.0 10.4  3.3  2.9  6.6
  1.8  3.8 31.4  6.9  9.3 31.2 11.5  4.9  2.0  0.4  1.5  2.9  2.9  8.0  0.9
  2.4  6.2  2.9  2.2  4.9 10.0 42.7 11.3  2.7 11.3 62.0 81.4  1.8132.1 15.9
  1.8  0.4  0.0  0.0  0.0  0.0  0.0  0.0  0.0  0.0  0.0  0.0  0.0  0.0  0.0
  0.0  0.0  0.0  0.2  0.4  2.0  0.9  0.4  0.2  0.0  0.0  0.0  0.0  0.0  0.2
  0.4  0.4  1.3  0.4  0.0  0.4  0.0  0.0  0.4  0.2  0.0  0.0  0.2  0.4  0.0
  3.5  0.7  0.0  4.2  2.9  0.9  4.0  0.7  0.0  0.0  0.0  0.0  0.0  0.0  0.0
  0.7  1.3  0.4  0.0  0.0  0.0  0.9 14.4  3.8  2.4  9.7 15.7  1.8  6.0  6.9
  6.0  2.4  2.2  1.3  0.9  1.3  0.9 33.0  9.3 14.8  1.5  4.0  8.4  3.1  0.0
      0.74      1.88      4.70     -2.71      0.84  0.2  0.4  0.7  0.0  0.0
                                         4000_story_3552.txt 31.0  4.3 5243
  8.8  2.9  2.7 50.2 10.5  1.3  4.0  1.9 12.2 11.1  0.8  0.2  0.0  4.0  0.2
  2.5  1.9  3.8 27.7  0.6  1.7208.7110.6 41.8 67.1 64.3 14.1  4.4  1.7  8.4
  1.1  2.1 36.6  6.1  5.5 31.7 14.3  4.0  1.7  1.9  0.8  4.0  4.4 11.8  1.0
  2.7  4.6  1.5  4.6  5.7  8.6 36.4 15.4  2.5 11.3 76.1 87.0  1.9138.5 14.7
  2.1  0.6  0.0  0.0  0.0  0.0  0.0  0.0  0.0  0.0  0.0  0.0  0.0  0.0  0.0
  0.0  0.0  0.0  0.6  1.1  1.9  0.2  0.8  0.0  0.4  0.0  0.0  0.0  0.0  0.2
  0.4  1.0  1.9  0.2  0.2  1.1  0.2  0.2  0.0  0.8  0.8  0.0  2.7  1.3  0.0
  3.8  1.1  0.0  5.0  3.6  1.7  6.1  4.8  0.0  0.0  0.0  0.0  0.0  0.0  0.0
  1.0  0.6  0.0  0.0  0.0  0.0  0.0 18.3  4.2  4.6 12.8 14.7  1.5  3.8  9.7
  1.0  2.9 10.1  0.6  0.8  1.5  1.1 25.0  8.6 17.0  1.9  4.2  9.2  4.4  0.0
      0.27      2.86      5.37     -2.27      2.50  0.8  0.2  0.2  0.0  0.0
                                         4000_story_3553.txt 28.0  4.2 5495
  8.6  5.6 14.6 63.9 19.5  1.3  2.0  3.1 30.2 11.5  1.6  0.0  0.9  5.8  0.2
  0.7  3.8  6.2 21.7  1.1  3.3211.1 92.6 35.5 64.6 58.1  7.5 12.9  0.5  1.8
  0.4  4.9 19.8 10.0  8.9 49.7 10.2  6.9  1.5  2.2  1.6  2.2  7.6  5.6  0.2
  1.3  3.1  1.1  2.5  6.4 14.7 31.8  7.1  4.9  2.7 72.1107.7  3.1146.7 12.6
  1.1  0.0  0.0  0.0  0.0  0.0  0.0  0.0  0.0  0.0  0.0  0.0  0.0  0.0  0.0
  0.0  0.0  0.0  4.5  0.4  2.9  1.1  0.2  0.0  0.0  0.0  0.0  0.0  0.0  0.5
  0.2  1.5  1.8  0.7  0.0  0.4  0.2  0.0  0.0  0.0  0.0  0.0  1.5  0.2  0.0
  8.9  0.2  0.0  9.1  4.7  0.5  5.3  1.6  0.0  0.0  0.0  0.0  0.0  0.0  0.0
  1.1  0.9  0.2  0.0  0.2  0.0  0.0 20.9  1.6  1.8  5.8 21.5  1.6  5.6  8.7
  1.6  2.2  2.7  1.6  0.5  0.5  0.0 28.8 18.6 13.6  1.1  5.3  8.6  5.3  0.0
      8.77      2.81     -2.57     -1.84      2.56  0.2  0.0  0.2  0.2  0.0
                                         4000_story_3554.txt 24.3  4.3 3660
 11.7  4.1  1.6 57.1  3.0  1.1  4.4  1.6 29.0 19.4  0.3  3.6  0.0  3.3  0.0
  1.6  1.1  3.0 39.3  0.0  1.6183.1 99.2 27.9 57.7 51.4 12.0  7.1  2.5  2.7
  2.5  2.7 41.5  4.9  2.7 37.7 23.2  3.3  2.5  2.2  7.4  4.9  6.6  8.5  1.9
  2.7  7.4  8.7  4.1  7.9 13.7 55.2 13.1  1.1  7.7 58.7 83.3  3.0142.9 10.1
  2.2  0.5  0.0  0.0  0.0  0.0  0.0  0.0  0.0  0.0  0.0  0.0  0.0  0.0  0.0
  0.0  0.0  0.0  6.0  2.7  3.0  2.2  1.4  0.5  0.5  0.0  0.3  1.4  0.3  1.1
  0.8  3.0  1.6  1.1  0.5  0.5  0.3  0.0  0.8  1.1  1.4  0.0  1.9  0.8  0.0
 13.9  2.5  1.9 18.3  7.7  2.2 10.9  4.1  0.0  0.0  0.0  0.0  0.0  0.0  0.0
  1.1  0.5  0.3  0.5  0.0  0.0  0.8  8.5  4.9  5.2 18.0  7.9  0.5  3.8  5.5
  0.0  1.1  0.0  0.5  3.6  1.6  0.3 27.9 12.3 20.8  0.0  4.6  3.8  6.0  0.0
      5.35      2.08      5.57      1.44      4.11  2.5  0.5  0.0  0.0  0.0
                                         4000_story_3557.txt 32.5  4.5 2952
  5.8  0.3  2.7 18.0  0.0  0.0  1.4  1.7  4.4  5.4  0.0  0.3  0.0  3.4  0.3
  1.7  0.3  1.7 16.3  0.0  2.0270.3115.5 37.3 93.8 33.2  6.8  4.1  0.7  2.4
  0.3  4.4 24.1  9.1 13.2 32.5 13.6  1.4  1.7  1.7  0.7  2.0  3.4 10.2  1.7
  3.0  5.8  1.0  1.4  7.1  3.7 28.5 14.9  0.3  3.4 71.8 37.6  0.3142.6 10.8
  0.0  0.3  0.0  0.0  0.0  0.0  0.0  0.0  0.0  0.0  0.0  0.0  0.0  0.0  0.0
  0.0  0.0  0.0  2.0  0.3  1.0  1.0  0.3  1.0  0.3  0.0  0.0  0.0  0.3  0.0
  0.3  1.0  2.4  0.7  0.0  0.0  0.0  1.4  0.3  0.7  0.0  0.0  0.7  0.0  0.0
  4.4  1.7  0.3  6.4  4.4  1.7  6.8  0.7  0.0  0.0  0.0  0.0  0.0  0.0  0.0
  0.0  0.0  0.0  0.0  0.3  0.0  0.0  4.1  1.4  1.7 11.9 35.9  6.8  5.1  4.7
  0.0  2.7  0.0  1.4  0.3  1.0  0.0 26.1  7.5  8.1  0.3 11.2  7.8  7.1  0.0
    -13.10      0.89     -2.18     -3.83      2.32  1.4  0.0  0.0  0.0  0.0
                                         4000_story_3583.txt 33.5  4.0 4117
 24.5  3.2 14.8103.2 35.7  1.7  3.9  3.9 81.4 15.5  4.1  0.5  2.2  5.3  0.2
  4.1  5.1  7.0 29.6  3.2  2.7167.8 79.9 18.9 64.1 53.7  8.5 11.9  0.2  0.5
  0.0  1.9 13.6  6.6  9.5 51.5 15.5 10.7  2.4  2.9  4.4  1.2 11.9  4.1  0.5
  1.0  7.5  2.7  2.2  5.3 22.1 42.5  5.6  8.3  0.7 47.9170.8  3.2175.4  8.5
  0.5  0.5  0.0  0.0  0.0  0.0  0.0  0.0  0.0  0.0  0.0  0.0  0.0  0.0  0.0
  0.0  0.0  0.0  2.7  0.7  1.9  1.7  0.2  0.2  0.0  0.0  0.0  0.0  0.0  0.2
  0.5  0.7  1.2  1.5  0.0  0.2  0.0  0.2  0.0  0.0  0.5  0.0  4.6  1.2  0.0
  7.0  0.5  0.0  7.5  4.1  0.5  4.6  6.3  0.0  0.0  0.0  0.0  0.0  0.0  0.0
  1.2  1.0  0.0  0.0  0.2  0.0  0.2 23.1  2.9  1.5  8.3 10.4  2.2  6.1  2.9
  1.7  0.2  1.9  0.0  0.7  1.7  0.0 32.8 24.5 29.4  1.7 10.0 12.4  4.6  0.0
     26.53      2.61     -4.56      0.62      5.13  0.2  0.2  0.0  0.0  0.0
                                         4000_story_3597.txt 31.3  4.0 4381
 18.9  6.6  6.6 52.7  5.7  0.7  5.7  5.5 55.0 28.1  1.6  1.6  0.2  4.1  0.2
  1.6  0.9  9.4 56.8  2.1  3.0169.8 84.7 24.4 90.8 42.9  8.2  8.4  0.7  1.6
  0.0  7.3 18.3  8.9 12.3 34.2  9.8  8.2  0.5  1.4  1.1  1.6  6.6  5.2  0.0
  1.8  6.8  2.1  2.3  8.2 18.7 74.0  7.1  3.0  2.3 65.7103.6  4.1156.1  7.8
  3.2  0.2  0.0  0.0  0.0  0.0  0.0  0.0  0.0  0.0  0.0  0.0  0.0  0.0  0.0
  0.0  0.0  0.0  2.7  1.1  3.4  2.3  0.5  0.2  0.2  0.0  0.0  0.0  0.0  0.0
  0.0  0.5  0.7  1.4  0.5  0.5  0.2  0.0  0.0  0.0  0.0  0.0  4.6  0.9  0.0
  9.6  0.9  0.0 10.5  2.5  1.1  3.7  5.5  0.0  0.0  0.0  0.0  0.0  0.0  0.0
  0.2  0.5  0.2  0.0  0.0  0.0  0.2 13.5  2.1  2.5 13.0  8.7  3.2  7.3  3.7
  4.1  3.0  1.4  0.2  1.1  1.1  0.0 32.4 14.8 23.1  1.1  3.0  8.9  2.5  0.0
     19.64      2.31     -1.97     -2.70      1.90  0.0  0.0  0.0  0.0  0.0
                                         4000_story_3624.txt 31.3  4.1 4231
 15.4  6.4  9.0 85.6 22.7  3.5  4.7  2.8 35.5 27.7  0.5  0.9  1.7  4.0  0.0
  1.4  0.9  6.1 21.0  0.5  1.2205.6 90.3 35.9 51.8 34.3  7.1  6.9  0.7  1.4
  0.7  3.8 19.9 12.1  4.3 36.6  9.9 10.2  1.4  2.1  3.8  1.4  2.4  6.4  1.2
  1.4  3.1  2.4  0.9  7.3 20.1 31.0  9.0  1.4  2.8 66.7 92.4  2.6148.2  5.0
  1.9  0.0  0.0  0.0  0.0  0.0  0.0  0.0  0.0  0.0  0.0  0.0  0.0  0.0  0.0
  0.0  0.0  0.0  2.1  1.4  3.1  1.7  0.2  0.0  0.0  0.0  0.0  0.0  0.0  0.5
  0.5  0.7  1.2  0.5  0.0  0.5  0.2  0.2  0.5  0.2  0.7  0.2  3.3  0.2  0.0
  8.3  0.2  0.0  8.5  3.3  1.4  5.0  4.5  0.0  0.0  0.0  0.0  0.0  0.0  0.0
  1.4  0.5  0.0  0.0  0.2  0.0  0.0 11.1  3.3  1.9 14.4 14.7  3.1 12.1  5.7
  2.4  1.7  0.9  0.0  0.9  0.9  0.2 32.1 10.4 20.8  1.9  1.7  5.4  4.3  0.0
      7.82      0.13     -1.25     -0.39      0.18  0.5  0.0  0.5  0.0  0.0
                                         4000_story_3626.txt 34.0  4.4 3300
  9.4  0.9  0.9 52.1  6.1  0.9  3.6  3.0 51.2 12.1  2.1  0.3  0.3  4.5  1.2
  2.4  0.3  8.8 28.2  0.3  1.5235.2111.8 41.2 59.1 27.3 10.0  5.2  0.3  1.5
  0.3  4.2 46.1  8.5  7.3 40.9 13.0  7.0  0.3  3.6  3.3  3.3  7.3 12.1  0.6
  2.1  3.3  3.6  2.1  6.7 19.1 39.7 14.8  0.6  2.1 72.7 84.5  2.4130.0  5.2
  4.2  0.3  0.0  0.0  0.0  0.0  0.0  0.0  0.0  0.0  0.0  0.0  0.0  0.0  0.0
  0.0  0.0  0.0  1.5  1.5  1.5  0.0  0.9  0.3  0.0  0.0  0.0  0.6  0.0  0.3
  0.0  1.8  0.3  0.3  0.0  0.6  1.2  0.0  0.3  2.1  0.3  0.0  3.3  1.2  0.0
  4.5  1.2  0.6  6.4  2.7  2.1  7.0  4.8  0.0  0.0  0.0  0.0  0.0  0.0  0.0
  1.2  0.3  0.0  0.0  0.0  0.0  0.3  4.8  5.5  4.5 11.8 12.4  1.8  9.4  2.1
  3.3  1.8  0.9  0.3  0.9  1.5  0.9 23.6  9.7 15.5  1.5  2.1  4.2  4.2  0.0
      0.04      0.31      0.07     -0.27      3.91  1.2  0.3  0.0  0.0  0.0
                                         4000_story_3638.txt 29.3  4.5 3854
  9.1  2.1  1.8 90.6  1.6  0.8  4.2  4.4 33.5 25.4  3.1  0.0  0.8  3.1  0.3
  1.8  0.5  6.2 27.5  0.5  1.6235.3104.0 53.5 17.9 36.8 10.1  2.1  1.3  4.7
  0.0  5.2 47.7  1.3  3.1 28.5 13.0  7.5  1.3  5.7  6.2  2.6  4.9  6.0  1.0
  1.6  3.4  4.2  2.1  3.6 20.0 41.8  8.6  1.0  6.0 81.0 71.9  3.4121.7  2.9
  1.6  1.0  0.0  0.0  0.0  0.0  0.0  0.0  0.0  0.0  0.0  0.0  0.0  0.0  0.0
  0.0  0.0  0.0  1.0  1.0  1.6  1.3  0.5  0.5  0.0  0.0  0.3  0.3  0.0  0.3
  0.0  2.3  2.1  0.3  0.0  1.3  0.3  0.0  0.0  0.8  0.3  0.0  3.6  1.6  0.0
  4.9  1.0  0.5  6.5  4.9  1.6  7.3  5.4  0.0  0.0  0.0  0.0  0.0  0.0  0.0
  0.0  0.8  0.0  0.0  0.0  0.0  0.0  8.3  4.4  3.4 15.0  6.5  3.4  4.9  6.5
  2.9  1.8  2.1  0.5  1.3  0.8  2.9 22.3  4.4 12.5  1.6  1.8  7.3  2.1  0.0
      0.19     -1.17      6.40      2.20      1.66  0.3  0.0  0.3  0.0  0.0
                                         4000_story_3641.txt 31.0  4.5 2314
  8.2  1.7  0.4 29.0  2.2  0.4  0.9  2.6  1.3 15.1  2.6  0.4  1.7  4.8  0.0
  2.2  0.0  3.9 38.9  1.3  2.6226.4101.1 44.5 92.5 78.2  4.8  5.2  0.9  0.9
  0.4  4.8 35.0  6.1  5.2 44.1 13.0  5.6  0.0  0.4  3.9  3.0  5.6 14.7  0.9
  1.3  7.3  0.9  1.7  5.2 13.4 51.9 16.9  1.3  2.2 82.1 81.7  3.0138.3  4.8
  0.4  0.0  0.0  0.0  0.0  0.0  0.0  0.0  0.0  0.0  0.0  0.0  0.0  0.0  0.0
  0.0  0.0  0.0  2.2  0.0  1.7  0.9  0.4  0.4  0.0  0.0  0.0  0.0  0.0  1.3
  0.9  0.4  3.0  0.4  0.0  1.3  0.4  0.4  0.4  0.0  0.0  0.4  5.2  0.0  0.0
  4.8  0.9  0.0  5.6  6.1  2.6  8.6  5.6  0.0  0.0  0.0  0.0  0.0  0.0  0.0
  0.9  0.0  0.0  0.0  0.0  0.0  0.9 12.5  6.5  3.9 19.0  9.9  1.7  9.1  3.9
  4.8  3.0  2.2  0.4  2.6  1.7  0.9 31.5  6.9 13.0  2.6  9.1  4.3  2.6  0.0
     -1.27      2.67      0.74     -2.01      3.19  1.3  0.0  0.0  0.0  0.0
                                         4000_story_3654.txt 25.3  4.1 2025
 15.3  4.9  9.9 95.8  9.9  1.0  2.5  5.9  9.9 29.1  1.5  0.0  0.5  3.0  0.5
  2.5  0.5  6.9 26.7  1.0  3.0213.3 75.1 42.5 24.2 50.9  7.4  8.4  1.5  3.0
  0.5  6.4 19.8 10.4  9.9 38.5 13.3  5.4  1.0  4.4  4.4  2.5  4.9  5.9  0.5
  1.5  5.9  2.0  3.5  4.4 16.8 43.5  7.9  1.5  4.9 84.0 70.6  3.0139.3  9.9
  2.0  1.0  0.0  0.0  0.0  0.0  0.0  0.0  0.0  0.0  0.0  0.0  0.0  0.0  0.0
  0.0  0.0  0.0  3.5  0.5  3.0  2.5  1.5  0.0  0.0  0.0  0.0  0.5  0.5  0.5
  1.0  1.5  1.5  1.0  0.0  0.0  0.0  0.0  0.5  0.0  1.0  0.0  1.5  1.5  0.0
  9.4  1.5  1.0 11.9  5.4  0.5  5.9  4.0  0.0  0.0  0.0  0.0  0.0  0.0  0.0
  0.0  1.0  0.0  0.0  0.0  0.0  0.0 11.4  4.9  2.0 12.3 10.4  1.5  6.4  1.5
  2.0  1.5  1.0  0.0  3.0  0.5  0.0 28.1 17.3 20.7  0.5  1.0  5.4  6.9  0.0
      6.84      0.31     -0.53      0.13      1.22  0.5  0.0  0.0  0.0  0.0
                                         4000_story_3659.txt 33.3  4.1 3187
 13.2  5.3 16.9 78.1 12.6  1.9  6.3  4.1 56.2 23.2  1.9  0.6  2.2  6.6  0.6
  3.1  1.3  4.4 26.7  1.9  2.5184.2 90.4 32.9 60.2 33.6  9.4  8.2  1.6  2.5
  0.0  4.4 16.3 12.2  8.5 40.8 16.0 10.4  0.9  0.9  2.5  1.9  4.4  6.9  0.3
  0.6  5.6  4.4  2.2  3.1 17.3 38.3  7.8  3.1  4.1 62.8102.3  5.0149.4  4.1
  1.6  0.0  0.0  0.0  0.0  0.0  0.0  0.0  0.0  0.0  0.0  0.0  0.0  0.0  0.0
  0.0  0.0  0.0  2.2  1.3  2.8  2.5  0.3  0.0  0.0  0.0  0.0  0.0  0.0  0.6
  0.6  2.5  2.2  0.3  0.0  0.0  0.3  0.0  0.0  0.3  0.0  0.0  4.7  0.6  0.0
  8.8  0.3  0.0  9.1  6.3  0.3  6.9  5.3  0.0  0.0  0.0  0.0  0.0  0.0  0.0
  1.6  0.3  0.0  0.0  0.0  0.3  0.9  8.5  2.8  2.8 10.0  7.5  0.9  6.3  3.8
  0.9  4.7  1.6  0.3  1.3  0.3  0.9 34.5 16.3 17.9  4.7  4.7  4.4  5.3  0.0
     13.72      1.07     -2.39     -1.46      0.61  1.3  0.0  0.0  0.0  0.0
                                         4000_story_3660.txt 31.3  4.3 2608
 13.8  3.5  6.9 95.9 11.5  1.5  6.1  2.3 31.4 25.7  1.5  0.4  0.8 10.4  0.8
  1.5  1.9  5.8 24.2  0.4  3.1212.8 93.9 32.2 41.0 25.7  5.4 10.7  0.8  1.5
  0.0  4.6 36.0  6.1  7.7 33.7 14.2  5.8  1.5  1.5  4.6  2.3  3.8  4.2  0.4
  1.5  2.3  5.8  0.8  5.0 16.1 33.0  6.1  2.3  2.3 69.8 68.6  9.6147.2  5.4
  3.8  0.0  0.0  0.0  0.0  0.0  0.0  0.0  0.0  0.0  0.0  0.0  0.0  0.0  0.0
  0.0  0.0  0.0  3.5  1.2  4.2  0.8  0.0  0.0  1.2  0.0  0.0  0.4  0.4  1.2
  0.0  1.5  1.5  0.4  1.2  0.4  0.0  0.4  0.0  0.8  0.0  0.0  3.8  1.2  0.0
  9.6  1.2  0.8 11.5  4.6  1.9  7.3  5.0  0.0  0.0  0.0  0.0  0.0  0.0  0.0
  0.0  0.8  0.8  0.0  0.0  0.0  0.4 16.1  5.4  3.1 15.7  7.3  1.9  4.2  4.6
  1.2  1.2  0.8  0.0  2.3  1.5  0.0 23.0 15.0 20.7  1.5  3.5  5.0  5.0  0.0
     10.95     -0.22      0.47     -0.93      0.20  1.2  0.8  0.4  0.0  0.0
                                         4000_story_3666.txt 31.5  4.3 2253
  8.4  1.8  0.4 48.4  0.4  0.0  3.6  3.6 10.2 13.8  1.8  0.9  1.3  3.1  0.4
  1.3  0.4  4.4 28.0  1.8  4.0230.4 85.2 47.0 81.2 64.8  7.1  8.9  0.0  0.4
  0.0  6.2 28.0  6.7  5.8 32.8 12.4  7.1  0.9  0.9  2.2  2.2  3.1 12.9  0.4
  4.4  4.9  4.0  0.4  2.7 13.8 40.8 17.8  2.2  0.4 78.6 75.5  1.8148.2  3.1
  0.4  0.0  0.0  0.0  0.0  0.0  0.0  0.0  0.0  0.0  0.0  0.0  0.0  0.0  0.0
  0.0  0.0  0.0  1.8  1.3  2.7  1.3  0.4  0.0  0.0  0.0  0.0  0.0  0.0  0.4
  0.0  2.2  0.4  1.3  0.0  0.4  0.4  0.4  0.0  0.4  0.0  0.9  2.7  0.0  0.0
  7.1  0.4  0.0  7.5  4.4  1.3  6.2  3.6  0.0  0.0  0.0  0.0  0.0  0.0  0.0
  0.9  0.4  0.4  0.0  0.0  0.0  0.0 23.5  3.6  1.3 17.8  4.9  3.6 10.7  6.2
  2.7  7.1  3.1  0.0  1.3  1.3  0.9 35.1 16.4 16.4  3.6  7.1  6.2  5.8  0.0
     -0.31      2.83     -0.03     -2.28      2.04  0.4  0.0  0.0  0.0  0.0
                                         4000_story_3695.txt 31.3  4.2 4159
 12.3  4.3 13.9 79.1 18.3  2.6  4.8  5.0 19.7 17.1  1.7  0.5  1.7  6.7  0.7
  3.1  1.7  6.7 22.4  1.7  2.9208.9113.0 40.9 46.2 27.2 10.3  5.0  1.9  4.3
  0.2  6.5 26.7  5.5 11.8 42.6 10.8  6.0  1.0  3.1  1.7  2.9  6.0  6.7  1.0
  0.5  7.7  3.4  2.6  7.7 14.4 40.2  8.2  3.4  6.5 76.9 65.2  3.4135.8  6.5
  2.9  0.0  0.0  0.0  0.0  0.0  0.0  0.0  0.0  0.0  0.0  0.0  0.0  0.0  0.0
  0.0  0.0  0.0  1.7  0.2  2.9  2.2  0.0  0.0  0.0  0.0  0.0  0.0  0.0  0.0
  0.2  0.7  1.0  0.0  0.0  0.0  0.0  0.0  0.0  0.2  0.5  0.2  3.6  1.7  0.0
  7.0  0.0  0.0  7.0  1.9  0.0  2.2  6.0  0.0  0.0  0.0  0.0  0.0  0.0  0.0
  0.5  0.5  0.0  0.0  0.0  0.0  0.5 11.3  5.8  2.4 12.3 13.0  1.7  9.4  7.7
  1.7  4.8  0.7  0.5  2.6  1.4  1.2 26.0  7.9 17.8  0.7  3.4  9.1  3.4  0.0
      9.36     -0.08      1.28     -1.49      2.05  1.7  0.0  0.0  0.0  0.0
                                         4000_story_3719.txt 31.5  4.0 2795
 17.5  6.4 27.2 63.0  9.7  2.1  2.5  6.4 58.0 26.5  0.7  0.7  1.8  6.4  0.7
  1.4  0.4  6.1 30.8  0.7  5.7178.5 86.9 30.4 75.5 42.9 10.7  9.3  1.4  1.1
  0.4  3.9 17.9 15.0 12.5 49.7 14.7  4.7  0.7  1.4  1.1  2.5  8.6  9.3  0.4
  1.1  4.3  3.9  0.7  3.9 11.8 41.1 10.7  1.1  2.9 70.5110.6  1.8156.4  8.2
  1.4  0.7  0.0  0.0  0.0  0.0  0.0  0.0  0.0  0.0  0.0  0.0  0.0  0.0  0.0
  0.0  0.0  0.0  2.1  1.8  2.1  3.9  0.0  0.7  0.0  0.0  0.4  0.0  0.0  0.0
  0.4  1.1  3.6  0.7  0.0  0.4  0.0  1.1  0.4  0.4  0.0  0.0  3.6  1.8  0.0
 10.0  0.7  0.4 11.1  5.7  1.8  7.9  5.4  0.0  0.0  0.0  0.0  0.0  0.0  0.0
  2.1  1.1  0.7  0.0  0.0  0.0  0.0  6.1  4.7  3.9 10.4 19.7  1.8 10.4  5.0
  1.8  0.7  1.1  0.7  2.9  0.7  0.0 40.4 13.6 20.4  0.7  3.9  7.9  6.8  0.0
     14.34      2.45     -5.42     -3.10      3.77  0.7  0.0  0.0  0.0  0.0
                                         4000_story_3726.txt 30.3  4.1 2644
 11.0  4.2  2.6 46.5 11.0  0.8  2.3  4.2 43.9 17.0  0.4  0.4  0.4  2.6  0.0
  1.5  0.4  4.5 37.4  1.1  5.7207.6111.2 27.6 75.6 28.0  9.5  8.7  0.8  0.8
  0.8  2.3 22.3 10.2 12.1 49.9 11.0  6.1  0.0  1.9  0.8  1.9  5.7  9.5  0.8
  1.9  6.1  4.9  1.1  3.4 11.3 48.0 12.1  1.5  2.3 51.8 82.8  5.3141.5  4.9
  2.3  0.0  0.0  0.0  0.0  0.0  0.0  0.0  0.0  0.0  0.0  0.0  0.0  0.0  0.0
  0.0  0.0  0.0  4.9  0.4  3.0  1.5  0.0  0.0  0.0  0.0  0.0  0.0  0.0  1.5
  1.1  0.0  2.3  0.0  0.0  0.4  0.0  0.0  0.0  0.8  0.8  0.0  5.7  0.4  0.0
  9.8  0.0  0.0  9.8  4.9  0.4  6.1  6.8  0.0  0.0  0.0  0.0  0.0  0.0  0.0
  1.9  3.8  0.0  0.0  0.0  0.0  0.8  7.2  2.6  4.2 10.6 19.3  2.3 15.1  5.7
  5.3  0.4  1.9  0.4  0.4  3.0  0.8 37.8 10.2 14.8  1.9  3.0  3.4  3.8  0.0
      4.68      1.43     -4.44     -3.19      2.54  0.4  0.0  0.0  0.0  0.0
                                         4000_story_3737.txt 30.0  3.5 2178
  6.4  4.6 86.3 74.4 14.7  3.7  0.9  1.8 75.8 11.0  1.4  0.0  0.0  3.2  0.0
  0.9  1.4  4.1 36.3  0.5  0.9309.9 74.4 20.7 60.1 47.8  5.1 16.1  0.5  0.0
  0.0  0.5 12.9  3.2  6.0 40.4  9.6  7.3  0.0  2.8  0.0  0.9 11.0  5.1  0.0
  1.8  1.8  0.0  0.5  1.4 11.5 41.3  6.9  1.8  0.5 45.9138.2  3.2143.7  1.8
  0.0  0.0  0.0  0.0  0.0  0.0  0.0  0.0  0.0  0.0  0.0  0.0  0.0  0.0  0.0
  0.0  0.0  0.0  2.8  0.0  1.8  0.0  0.0  0.0  0.0  0.0  0.0  0.0  0.0  0.0
  0.0  0.0  1.4  0.5  0.0  0.0  0.0  0.0  0.0  0.5  0.0  0.0  5.1  0.5  0.0
  4.6  0.0  0.0  4.6  1.8  0.0  2.3  5.5  0.0  0.0  0.0  0.0  0.0  0.0  0.0
  0.5  0.5  0.0  0.0  0.0  0.0  0.0  8.7  0.9  1.4  6.9 10.1  1.8  5.1  2.3
  1.4  4.1  1.8  0.9  1.4  2.3  0.0 33.1 20.2 10.6  0.5  1.4  7.3  4.1  0.0
      9.60      2.32     -2.66     -3.24      4.62  0.0  0.0  0.0  0.0  0.0
                                         4000_story_3749.txt 36.5  4.5 2336
  9.4  3.9  3.9 80.1 13.7  0.9  3.0  2.1 16.3  8.6  0.4  0.0  0.9  6.0  0.4
  2.1  3.9  4.3 14.1  0.0  0.9258.6107.4 61.6 15.8 52.7  7.7  8.1  1.3  2.6
  0.9  7.3 36.8  3.0  9.4 39.8  6.4  3.0  0.0  1.3  1.7  1.3  6.0  5.6  2.6
  0.9  1.7  1.7  2.1  5.6  9.0 24.4  9.0  3.9  4.7 95.9 82.6  3.4109.2  7.7
  1.7  0.4  0.0  0.0  0.0  0.0  0.0  0.0  0.0  0.0  0.0  0.0  0.0  0.0  0.0
  0.0  0.0  0.0  1.3  0.4  1.7  2.6  0.0  0.4  0.0  0.0  0.0  0.0  0.0  0.0
  0.0  1.3  0.9  0.0  0.0  0.0  0.0  0.0  0.4  0.4  0.9  0.0  2.1  0.4  0.0
  6.0  0.4  0.0  6.4  2.1  0.4  3.0  3.4  0.0  0.0  0.0  0.0  0.0  0.0  0.0
  0.9  0.4  0.0  0.0  0.0  0.0  0.4 13.7  1.3  2.1 11.1 10.3  0.4  3.9 10.7
  4.7  5.6  1.3  0.9  2.6  1.3  1.7 21.4  9.8 12.0  2.6  1.7  6.0  2.1  0.0
     -0.62      0.12      3.16     -3.98      3.21  0.9  0.0  0.0  0.0  0.0
                                         4000_story_3758.txt 32.5  4.3 3716
 10.8  1.1  1.3 31.2  1.9  1.1  1.6  3.8 27.2 12.4  1.3  0.3  0.0  2.2  0.3
  0.5  0.5  3.5 21.0  0.8  1.1263.2120.3 64.9 61.4 33.6  6.5  2.4  0.8  3.2
  0.3  7.0 24.5  2.2 16.7 26.6  6.2  3.5  0.0  0.8  1.6  1.6  1.1  6.7  0.8
  1.9  4.8  1.6  3.0  3.0  8.6 33.9  9.4  1.3  4.3 96.3 62.7  0.3111.4  8.6
  3.5  0.5  0.0  0.0  0.0  0.0  0.0  0.0  0.0  0.0  0.0  0.0  0.0  0.0  0.0
  0.0  0.0  0.0  1.3  0.3  0.5  1.1  0.3  0.3  0.0  0.0  0.3  0.0  0.0  0.3
  0.3  0.3  0.3  0.8  0.0  0.3  0.0  0.0  0.0  0.0  0.0  0.3  0.8  0.5  0.0
  3.2  0.5  0.3  4.0  1.9  0.3  2.2  1.6  0.0  0.0  0.0  0.0  0.0  0.0  0.0
  0.3  0.0  0.3  0.0  0.0  0.0  0.0 15.1  3.8  3.8  7.8 13.7  1.3  5.9 17.5
  5.4  7.5  4.6  1.3  2.4  0.5  0.5 20.2  4.6 14.5  0.0  1.9  8.3  2.2  0.0
     -9.11     -0.52      0.56     -3.99     -0.71  1.1  0.0  0.0  0.0  0.0
                                         4000_story_3760.txt 35.0  4.3 4464
  8.7  2.2  0.9 60.7  9.9  0.4  2.0  3.8 38.3 13.4  2.0  0.2  2.0  2.2  0.2
  1.1  0.7  5.8 23.7  0.4  1.8244.4131.7 52.4 30.2 12.8  4.7  2.5  0.9  1.8
  1.1  2.7 30.0  3.1 13.7 43.0 11.4  4.5  0.9  2.9  1.8  1.6  4.3  3.6  1.3
  1.1  3.8  1.3  0.9  5.4 12.1 33.4  6.0  1.1  3.8 86.0 60.9  1.1108.0  7.8
  1.8  1.1  0.0  0.0  0.0  0.0  0.0  0.0  0.0  0.0  0.0  0.0  0.0  0.0  0.0
  0.0  0.0  0.0  0.7  0.4  0.9  2.0  0.7  1.1  0.0  0.2  0.0  0.0  0.0  0.4
  0.0  0.7  0.0  1.1  0.2  0.0  0.4  0.2  0.0  0.7  0.0  0.0  1.1  0.9  0.0
  4.0  1.8  0.2  6.0  2.2  0.9  3.8  2.0  0.0  0.0  0.0  0.0  0.0  0.0  0.0
  0.9  0.4  0.0  0.0  0.2  0.0  0.2  6.0  3.6  2.0  9.2 15.7  2.2  8.7 17.7
  3.6  4.7  1.3  1.8  1.3  1.6  0.2 26.9  4.3 10.3  0.2  3.6  7.8  2.5  0.0
     -3.79     -2.80     -0.86     -2.45      0.97  2.2  0.4  0.2  0.0  0.0
                                         4000_story_3766.txt 35.3  4.4 3768
  9.3  1.6  0.3 69.8 11.4  0.8  2.4  3.7 19.9 15.4  2.1  0.5  0.0  4.0  0.0
  1.3  0.3  7.2 23.4  0.3  1.6252.7127.9 57.9 28.9 24.2  9.0  1.9  1.3  5.0
  1.6  4.5 34.5  3.2  6.6 29.2  9.8  8.8  0.5  2.7  2.7  3.5  3.5  5.3  0.3
  1.1  5.0  1.9  0.8  5.6 18.6 36.1  6.6  0.5  8.0 90.8 55.5  2.4111.2  3.5
  5.0  0.0  0.0  0.0  0.0  0.0  0.0  0.0  0.0  0.0  0.0  0.0  0.0  0.0  0.0
  0.0  0.0  0.0  0.5  0.8  1.1  1.9  0.3  0.0  0.0  0.0  0.0  0.0  0.0  0.0
  0.3  0.8  0.8  1.3  0.0  0.3  0.0  0.3  0.0  0.8  0.5  0.0  2.1  0.5  0.0
  4.2  0.3  0.0  4.5  3.2  0.5  4.5  3.2  0.0  0.0  0.0  0.0  0.0  0.0  0.0
  0.0  0.0  0.3  0.0  0.0  0.0  0.0  6.1  2.9  2.9  9.0 15.1  1.9  9.0  6.4
  1.3  2.4  2.7  1.6  3.5  0.5  1.1 21.8  7.2 13.3  0.8  2.7  7.4  1.1  0.0
     -4.97     -1.62      5.27     -0.50     -0.12  1.9  0.5  0.0  0.0  0.0
                                         4000_story_3770.txt 31.5  4.4 2498
 10.0  3.6  2.0 54.4 10.0  1.2  3.6  4.8 49.6 13.2  1.2  1.6  0.0  3.2  0.8
  1.6  0.0  5.6 16.4  0.8  0.8249.0117.3 50.0 54.0 26.0  7.2 11.6  3.2  2.4
  3.2  2.8 31.6  2.4  2.8 35.2 13.6  3.6  1.6  3.2  2.8  3.2  3.2  4.4  0.8
  0.4  3.6  2.4  3.2  3.2 12.0 27.6  5.6  0.8  8.8 76.9 85.7  2.8123.7  6.0
  4.8  0.0  0.0  0.0  0.0  0.0  0.0  0.0  0.0  0.0  0.0  0.0  0.0  0.0  0.0
  0.0  0.0  0.0  2.4  1.2  1.2  3.2  0.4  0.0  0.0  0.0  0.0  0.0  0.0  0.0
  0.4  0.8  2.0  1.6  0.0  0.4  0.0  0.0  0.8  0.4  0.4  0.0  4.0  3.2  0.0
  8.0  0.4  0.0  8.4  4.8  1.2  6.4  7.6  0.0  0.0  0.0  0.0  0.0  0.0  0.0
  0.0  0.0  0.4  0.0  0.0  0.0  0.0  7.6  2.0  4.8 13.2  6.0  4.0  5.6  3.6
  2.8  3.2  2.0  0.4  2.0  0.8  1.2 20.0 20.8 19.6  2.0  2.8  4.8  2.0  0.0
     -3.75      0.74      6.69     -1.16     -0.21  0.8  0.0  0.8  0.0  0.0
                                         4000_story_3780.txt 28.5  4.3 2508
 13.6  1.6  1.6 57.4 12.4  0.8  1.6  4.8 13.6 12.8  3.2  0.8  0.0  1.6  0.0
  1.2  2.4  7.2 21.9  0.8  0.8212.9101.3 47.4 59.0 71.8 11.2  3.6  1.6  1.2
  0.8  3.6 25.5  4.4  5.2 35.5 10.4  7.6  2.0  1.6  3.6  1.2  4.4  6.8  0.0
  2.0  4.8 11.6  1.6  7.6 18.3 32.7  8.8  3.2  3.6 88.1 97.7  2.0129.6  5.6
  4.8  1.2  0.0  0.0  0.0  0.0  0.0  0.0  0.0  0.0  0.0  0.0  0.0  0.0  0.0
  0.0  0.0  0.0  4.4  1.2  0.8  2.8  1.6  0.4  0.0  0.0  0.0  0.4  0.0  0.0
  0.4  2.0  1.2  0.4  0.0  1.2  0.4  0.4  0.0  0.0  0.0  0.0  2.4  0.8  0.0
  9.2  2.0  0.4 11.6  4.0  2.0  6.0  3.2  0.0  0.0  0.0  0.0  0.0  0.0  0.0
  0.8  0.0  0.0  0.4  0.0  0.0  0.4 16.7  3.6  1.2 17.5 10.8  2.8  8.0  2.0
  1.6  4.4  1.2  0.8  0.0  1.2  2.4 17.9 11.6 17.9  1.6  6.8  5.2  1.2  0.0
      0.28      2.21      1.54     -1.25      0.78  0.4  0.0  0.0  0.0  0.0
                                         4000_story_3784.txt 33.8  4.2 3348
  8.1  2.4  6.0 50.8 13.7  0.6  3.9  5.1 21.2 11.4  0.6  1.2  0.3  4.8  0.0
  4.5  2.4  5.4 22.4  1.8  0.6205.5114.4 38.5 69.0 49.0  9.9  5.1  1.8  2.1
  1.2  5.1 23.6  2.4 14.6 46.6 10.2  7.5  1.2  0.9  2.7  1.2  5.7  5.1  1.2
  0.6  6.0  2.4  3.6  6.0 15.5 35.5  6.9  4.2  5.1 71.1 83.9  3.9134.7  6.3
  2.7  0.0  0.0  0.0  0.0  0.0  0.0  0.0  0.0  0.0  0.0  0.0  0.0  0.0  0.0
  0.0  0.0  0.0  1.2  0.3  1.8  1.2  0.6  0.0  0.0  0.0  0.0  0.0  0.3  0.0
  0.0  3.0  1.5  0.3  0.0  0.9  0.3  0.0  0.3  0.9  0.3  0.0  3.9  4.5  0.0
  4.5  0.6  0.3  5.4  4.8  1.5  7.2  8.7  0.0  0.0  0.0  0.0  0.0  0.0  0.0
  0.3  0.6  0.0  0.0  0.3  0.0  0.0 10.5  4.2  3.0 11.9 15.2  1.5  7.2  7.8
  3.3  4.5  2.7  0.6  1.8  1.2  0.3 30.5  8.1 15.8  1.8  2.4  8.7  1.8  0.0
      4.53      1.55      0.04     -2.28      1.80  1.5  0.0  0.9  0.0  0.0
                                         4000_story_3785.txt 35.5  4.2 4975
 11.5  3.4 16.9 41.8  9.0  1.0  2.8  2.8 30.8 16.5  1.6  0.4  0.6  4.6  0.2
  1.2  0.4  6.6 24.9  0.4  3.2246.0106.9 40.0 78.2 36.6  7.4  7.4  0.0  1.4
  0.0  3.8 17.5  6.2 18.7 40.8  9.8  3.4  0.2  2.2  1.0  1.0  4.8  3.0  0.4
  1.0  5.8  2.6  1.2  3.8 11.1 37.2  4.4  0.8  1.4 72.0 76.4  2.0140.9 10.5
  2.4  0.6  0.0  0.0  0.0  0.0  0.0  0.0  0.0  0.0  0.0  0.0  0.0  0.0  0.0
  0.0  0.0  0.0  3.2  0.2  1.6  1.4  1.0  0.0  0.0  0.0  0.0  0.4  0.0  0.0
  0.0  1.0  1.4  0.6  0.0  0.4  0.2  0.0  0.4  0.2  0.0  0.0  2.4  0.8  0.0
  6.4  1.0  0.4  7.8  3.0  1.0  4.2  3.2  0.0  0.0  0.0  0.0  0.0  0.0  0.0
  1.2  0.0  0.2  0.0  0.6  0.0  0.4  5.6  0.8  0.8  9.6 21.9  2.6  7.0  9.6
  1.0  3.8  2.4  1.6  0.4  0.2  0.0 30.4 12.7 14.5  0.4  3.8 10.5  4.0  0.0
      0.34      1.28     -5.29     -3.84      0.48  0.6  0.0  0.0  0.0  0.0
                                         4000_story_3786.txt 31.8  4.4 3778
 12.2  4.2  5.8 86.8 16.7  1.3  4.8  3.2 29.1 15.6  2.4  0.0  1.1  2.4  0.5
  2.9  2.6  5.3 14.0  0.5  1.9249.9119.1 57.4 14.6 25.7 12.2  5.0  0.8  5.3
  0.8  3.7 36.0  5.6  7.7 33.1 11.9  9.0  0.0  3.7  3.4  2.1  6.1  6.1  0.5
  1.3  4.0  2.1  1.9  6.1 17.7 25.4  7.9  3.2  6.9 92.4 71.5  2.9116.2  7.9
  1.6  0.3  0.0  0.0  0.0  0.0  0.0  0.0  0.0  0.0  0.0  0.0  0.0  0.0  0.0
  0.0  0.0  0.0  1.9  0.5  4.5  1.6  0.3  0.3  0.3  0.0  0.0  0.3  0.0  1.1
  0.3  2.4  1.3  0.8  0.3  0.8  0.0  0.0  0.0  0.3  0.3  0.0  4.5  2.1  0.0
  8.5  0.8  0.3  9.5  5.8  1.1  7.1  6.9  0.0  0.0  0.0  0.0  0.0  0.0  0.0
  0.8  0.5  0.3  0.0  0.0  0.0  0.0  7.1  9.5  1.3 11.6  6.4  2.1  4.8  7.4
  4.8  5.3  3.4  0.5  2.4  1.1  1.6 18.5 13.8 15.4  0.8  3.2  5.6  1.9  0.0
      0.78     -0.83      2.96     -0.29      1.94  0.5  0.3  0.0  0.0  0.0
                                         4000_story_3800.txt 35.8  4.4 3681
 12.5  2.4 11.1 73.1 16.8  0.8  4.1  3.5 18.7 19.3  2.7  1.4  0.8  6.0  1.1
  3.0  1.6  4.6 17.7  0.3  3.0242.9 99.2 48.4 52.7 36.1  8.4  9.5  0.5  1.1
  0.0  3.5 36.1  5.7 11.1 36.7  8.7  7.6  0.8  1.9  2.4  0.8  5.4  5.7  0.5
  1.4  3.0  1.6  1.1  3.3 14.7 27.4  7.6  1.9  1.6 87.5 71.7  3.0138.3  5.2
  0.5  0.0  0.0  0.0  0.0  0.0  0.0  0.0  0.0  0.0  0.0  0.0  0.0  0.0  0.0
  0.0  0.0  0.0  2.4  0.5  2.2  1.6  0.0  0.3  0.0  0.0  0.0  0.0  0.3  0.3
  0.5  1.6  1.1  0.8  0.3  0.5  0.0  0.3  0.0  0.0  0.5  0.0  1.1  1.9  0.0
  6.8  0.3  0.3  7.3  4.3  1.1  5.4  3.5  0.0  0.0  0.0  0.0  0.0  0.0  0.0
  1.4  1.1  0.3  0.0  0.0  0.0  0.3  7.3 10.9  2.7 16.0 18.5  1.1  3.3  4.3
  1.4  3.8  3.5  0.3  2.2  1.4  0.3 28.3 14.1 20.1  0.5  1.4  5.7  3.5  0.0
      3.63      0.99     -1.34     -2.18      1.49  0.5  0.3  0.0  0.0  0.0
                                         4000_story_3809.txt 32.8  4.7 2364
 11.0  1.3  0.8 25.4  1.3  0.0  0.8  4.2  2.5 14.8  0.8  1.7  1.3  5.1  0.4
  1.7  2.5  1.3 19.0  0.0  0.8246.6135.8 69.8 49.1 44.8  6.3  1.3  0.4  6.3
  3.4 14.0 50.3  3.4  8.0 27.1 10.6  3.0  0.8  2.5  2.1  0.8  1.7  4.7  0.8
  1.7  7.6  2.1  0.0  2.5  6.3 44.8  7.2  2.5 10.2104.9 48.6  2.5 93.5 13.5
  1.7  0.0  0.0  0.0  0.0  0.0  0.0  0.0  0.0  0.0  0.0  0.0  0.0  0.0  0.0
  0.0  0.0  0.0  0.8  0.0  1.7  2.1  0.4  0.0  0.0  0.0  0.0  0.0  0.0  0.0
  0.0  0.4  0.4  1.7  0.0  0.4  0.4  0.0  0.4  0.0  0.0  0.4  0.8  0.0  0.0
  4.7  0.4  0.0  5.1  2.5  1.3  3.8  1.3  0.0  0.0  0.0  0.0  0.0  0.0  0.0
  0.4  0.4  0.0  0.0  0.0  0.0  0.0  6.3  7.6  6.8 18.6 17.3  1.3  4.2  4.7
  0.4  3.4  0.8  0.4  0.4  2.1  1.7 23.3  3.0 15.7  0.4  4.2  5.5  2.1  0.0
     -6.71     -0.67     11.27     -3.13     -0.67  1.3  0.0  0.0  0.0  0.0
                                         4000_story_3820.txt 35.8  4.2 2584
 13.2  1.9  0.4 52.2  8.9  0.0  2.7  3.1 41.4 20.1  0.4  1.5  1.2  3.9  0.8
  1.9  0.4  5.0 25.5  0.4  1.2210.1121.5 41.4 56.5 25.9  5.8  0.8  1.5  1.5
  0.4  3.5 23.6  7.4  9.7 46.1 10.8  4.3  0.0  3.9  2.3  0.4  3.5  4.3  0.4
  1.5  6.6  4.3  2.7  5.0 11.6 41.0  6.2  0.8  3.5 76.6 76.2  2.7125.8  7.7
  1.9  0.8  0.0  0.0  0.0  0.0  0.0  0.0  0.0  0.0  0.0  0.0  0.0  0.0  0.0
  0.0  0.0  0.0  1.5  0.8  2.7  1.9  0.4  0.8  0.4  0.0  0.0  0.0  0.0  0.4
  0.0  0.0  1.2  1.5  0.0  1.2  0.0  0.4  0.4  0.8  0.8  0.8  4.6  1.2  0.0
  7.0  1.5  0.0  8.5  3.1  1.9  5.8  7.4  0.0  0.0  0.0  0.0  0.0  0.0  0.0
  0.0  1.9  0.4  0.0  0.4  0.0  0.4  3.5  4.3  4.6 10.8 22.8  2.3  8.9 10.8
  2.3  4.6  0.8  0.0  2.3  1.9  0.0 27.9  2.7 13.9  0.4  3.9  8.5  1.9  0.0
      0.48     -1.46     -1.62     -2.57     -0.01  2.7  0.4  1.2  0.0  0.4
                                         4000_story_3823.txt 30.0  4.1 3580
 10.6  4.2  3.4 57.0 16.5  0.8  3.6  3.6 14.5 22.3  1.7  1.1  0.6  3.1  0.0
  1.7  1.7  5.3 17.6  0.6  1.1202.0101.7 27.4 82.1 88.3 10.3  6.1  1.1  2.8
  0.6  3.6 21.8  1.4  8.1 33.2 10.3  4.2  0.6  4.2  2.8  1.1  5.0  6.4  0.6
  2.2 10.6  3.1  1.4 11.5 12.3 37.2  9.2  2.2  4.5 65.4119.3  3.9157.8  7.5
  2.5  0.6  0.0  0.0  0.0  0.0  0.0  0.0  0.0  0.0  0.0  0.0  0.0  0.0  0.0
  0.0  0.0  0.0  2.5  0.8  2.5  2.0  1.1  0.6  0.0  0.0  0.3  0.3  0.0  0.3
  0.0  1.1  1.1  0.3  0.0  0.3  0.3  0.3  0.8  0.8  0.0  0.3  3.9  1.7  0.0
  7.8  1.7  0.6 10.1  2.8  1.7  5.3  5.9  0.0  0.0  0.0  0.0  0.0  0.0  0.0
  0.3  1.4  0.0  0.0  0.0  0.0  0.3  8.7  2.8  1.4  6.7 24.9  1.4  5.0  6.4
  5.6  2.2  3.1  1.4  2.2  0.0  0.3 34.1 11.5 18.4  2.5  6.7  7.3  4.7  0.0
      2.80      4.02      1.72     -1.75      1.64  0.8  0.6  0.3  0.3  0.0
                                         4000_story_3830.txt 33.0  4.2 2573
 12.4  4.3 24.9 76.2 21.8  3.9  5.8  4.7 24.1 11.7  2.7  0.0  2.3  8.9  0.4
  3.5  1.6  3.9  7.8  0.4  3.1223.5 83.6 34.2 85.1 57.9  6.6 33.0  1.2  1.9
  0.0  1.9 38.1  6.6  5.1 31.1 14.8  9.7  1.6  3.9  1.9  1.9  4.3  7.4  0.0
  0.8  4.3  2.7  1.9  5.8 15.5 17.9  8.2  1.9  3.1 68.0103.8  4.3171.8  7.8
  3.5  0.0  0.0  0.0  0.0  0.0  0.0  0.0  0.0  0.0  0.0  0.0  0.0  0.0  0.0
  0.0  0.0  0.0  1.9  0.8  2.3  3.9  0.8  0.0  0.4  0.0  0.0  0.0  0.0  0.0
  1.2  2.7  0.8  0.0  0.0  0.4  0.0  0.4  0.4  0.4  0.0  0.0  3.1  0.8  0.0
  8.9  1.2  0.0 10.1  4.7  1.2  6.2  3.9  0.0  0.0  0.0  0.0  0.0  0.0  0.0
  0.4  1.2  0.0  0.0  0.0  0.0  0.0 14.0  3.1  2.3  7.4 16.7  1.2  4.3  7.4
  1.6  1.6  3.1  0.0  2.3  0.0  0.4 21.4 41.2 20.2  0.8  3.1  7.0  1.6  0.0
      7.08      7.03      0.86     -0.32      0.42  0.4  0.0  0.4  0.0  0.0
                                         4000_story_3832.txt 34.0  4.4 3610
 12.2  2.5 13.6 51.0 11.6  0.8  1.9  3.3 15.8 10.8  0.6  0.6  0.6  8.3  1.4
  0.0  0.0  3.3 10.8  2.5  3.3251.5103.0 29.9 76.7 42.4 11.4 12.5  1.1  5.8
  1.1  3.3 24.9  8.9  6.9 43.8 13.3 10.5  0.6  0.8  1.1  4.7  8.6  7.5  1.1
  1.7  5.8  1.7  2.5  2.8 15.0 21.3 10.2  2.5  8.0 61.5 69.8  2.8145.4 11.1
  1.7  0.0  0.0  0.0  0.0  0.0  0.0  0.0  0.0  0.0  0.0  0.0  0.0  0.0  0.0
  0.0  0.0  0.0  1.4  0.6  1.4  1.4  0.0  0.0  0.0  0.0  0.0  0.3  0.0  0.3
  0.0  1.9  1.4  0.8  0.0  0.6  0.0  0.0  0.0  0.3  0.0  0.6  1.9  1.4  0.0
  4.7  0.0  0.3  5.0  4.4  0.6  5.3  3.9  0.0  0.0  0.0  0.0  0.0  0.0  0.0
  0.0  0.3  0.3  0.0  0.0  0.0  0.8 11.9  3.3  3.0 12.7 16.9  3.3 10.2 15.0
  0.6  1.4  1.9  0.0  1.1  0.6  0.3 33.8 17.5 15.0  1.9  2.8  8.0  2.8  0.0
     -1.21      3.17      1.45     -1.13      4.26  0.8  0.0  0.0  0.0  0.0
                                         4000_story_3835.txt 30.8  3.9 4942
 19.4  6.5 13.0 40.1  7.3  0.6  1.6  3.2 73.7 23.3  0.8  0.6  0.2  5.9  0.8
  1.6  1.2  4.0 29.7  1.6  2.6189.6100.0 24.1 94.3 36.2  8.1  5.5  0.0  0.4
  0.0  1.6 13.4  8.7 13.2 48.8 13.0  2.8  0.6  4.5  2.0  1.4  5.5  4.0  0.2
  1.0  7.7  1.2  4.2  4.0  8.9 44.1  5.3  2.8  0.4 54.8117.2  3.6151.2  7.7
  1.6  0.2  0.0  0.0  0.0  0.0  0.0  0.0  0.0  0.0  0.0  0.0  0.0  0.0  0.0
  0.0  0.0  0.0  2.4  0.4  3.6  1.8  0.6  0.0  0.0  0.0  0.0  0.0  0.0  0.2
  0.4  1.6  0.4  0.8  0.0  0.6  0.4  0.2  0.0  0.2  0.2  0.2  2.8  2.8  0.0
  8.3  0.6  0.0  8.9  3.4  1.2  4.9  6.1  0.0  0.0  0.0  0.0  0.0  0.0  0.0
  1.4  1.2  0.0  0.0  0.0  0.0  0.4  6.3  0.8  1.2  7.3 17.4  1.2  7.7  4.0
  0.8  3.0  1.8  1.0  0.6  0.8  0.0 39.3  9.3 24.9  1.0  4.5  6.5  4.5  0.0
     10.99      1.55     -6.42     -2.18      0.88  0.6  0.0  0.0  0.0  0.0
                                         4000_story_3855.txt 32.5  4.3 3014
 20.9  7.3  6.6 67.0  9.0  2.0  3.3  4.3 24.9 16.6  5.3  0.0  0.0  8.3  0.7
  4.0  0.7 10.0 31.9  1.0  1.0193.1 98.5 41.5 72.0 77.0  9.6 10.9  0.0  0.7
  1.0  3.6 27.2 11.3  9.6 42.1  7.6  7.6  0.7  2.0  3.0  3.0  6.3  5.3  1.3
  1.0  5.3  4.6  2.3  4.3 20.6 42.8  7.6  1.7  1.7 74.0110.8  3.3147.6  7.6
  1.7  0.0  0.0  0.0  0.0  0.0  0.0  0.0  0.0  0.0  0.0  0.0  0.0  0.0  0.0
  0.0  0.0  0.0  1.7  0.7  7.0  3.6  0.0  0.0  0.0  0.0  0.0  0.7  0.0  0.3
  0.0  0.0  0.7  1.3  0.0  0.3  0.0  0.0  0.0  0.3  0.7  0.3  3.6  3.6  0.0
 12.9  0.0  0.7 13.6  2.3  0.3  3.0  8.3  0.0  0.0  0.0  0.0  0.0  0.0  0.0
  0.0  0.7  0.0  0.0  0.0  0.7  0.0  5.0  1.0  1.3  9.3 16.9  0.3  7.3  2.0
  1.3  2.3  3.6  1.3  1.3  1.3  0.0 26.5 14.3 26.2  1.7  6.6 10.0  4.3  0.0
      9.99      3.94     -3.00     -1.05      2.46  0.3  0.0  0.0  0.3  0.0
                                         4000_story_3856.txt 33.8  4.0 2669
 13.9  5.2  5.2 39.3  7.9  0.7  1.5  2.2 64.4 19.1  0.7  0.0  0.4  7.5  0.7
  1.9  1.9  4.9 25.9  1.9  3.7196.3110.2 18.7 85.4 21.4  7.1 10.1  0.7  0.4
  0.0  4.1 24.0 12.7 10.9 54.7 11.2  3.7  0.7  0.7  2.2  2.6  3.7  6.7  0.7
  1.1  4.1  1.1  2.6  4.1 10.9 34.8  8.6  3.7  1.1 46.8 93.7  4.5150.2  7.9
  1.1  0.4  0.0  0.0  0.0  0.0  0.0  0.0  0.0  0.0  0.0  0.0  0.0  0.0  0.0
  0.0  0.0  0.0  2.2  1.1  2.2  0.7  0.0  0.4  0.0  0.0  0.0  0.0  0.0  0.7
  0.0  1.9  0.4  0.7  0.0  0.0  0.0  0.0  0.0  0.7  0.0  0.0  1.9  2.6  0.0
  6.4  0.4  0.0  6.7  3.7  0.0  4.5  4.5  0.0  0.0  0.0  0.0  0.0  0.0  0.0
  2.2  0.7  0.0  0.0  0.0  0.0  1.5  4.5  3.0  3.0  8.6 11.2  1.5 10.1 15.4
  0.0  1.1  0.7  1.5  0.4  0.0  0.4 36.3 13.5 18.4  1.5  2.6  7.9  6.7  0.0
      9.78      1.27     -5.15     -3.01      0.68  0.0  0.0  0.4  0.4  0.0
                                         4000_story_3858.txt 32.3  4.1 2609
 19.9  5.7 14.6 67.5  7.7  1.5  1.5  3.1 50.2 12.3  2.3  0.0  0.8  5.4  0.4
  4.6  1.5  5.4 26.1  0.8  1.9248.0 91.6 32.2 73.2 60.6  9.6 18.8  0.8  1.1
  0.8  1.9 20.7  6.9 11.5 38.3 14.6  2.7  2.3  1.1  3.4  1.1  7.3  5.0  0.8
  0.8  6.9  2.7  1.9  1.1 11.5 36.0  6.5  2.3  2.7 57.5118.4  3.1157.1 11.1
  2.3  0.0  0.0  0.0  0.0  0.0  0.0  0.0  0.0  0.0  0.0  0.0  0.0  0.0  0.0
  0.0  0.0  0.0  3.1  1.5  1.9  3.1  0.4  0.0  0.0  0.0  0.0  0.0  0.0  0.4
  0.4  1.1  1.5  0.8  0.0  0.0  0.0  0.0  0.0  0.8  0.0  0.0  4.2  0.8  0.0
  9.6  0.4  0.0 10.0  4.2  0.0  5.0  5.0  0.0  0.0  0.0  0.0  0.0  0.0  0.0
  0.4  0.0  0.4  0.0  0.0  0.0  0.0 15.3  3.8  0.4 11.1 12.6  0.0  7.3  2.3
  3.1  1.5  5.0  1.9  0.8  0.0  0.4 33.0 27.2 22.2  2.3  3.1  5.7  2.7  0.0
      6.84      4.69     -2.69     -2.60      2.52  2.3  0.0  0.0  0.0  0.0
                                         4000_story_3859.txt 32.5  4.4 3456
 10.7  1.2  3.5 27.5  2.3  0.3  1.7  2.3  4.1 15.3  0.0  0.3  0.3  4.3  0.3
  1.4  0.3  1.7 25.8  0.6  1.4240.7116.6 50.6 86.8 53.0  8.7  4.1  0.6  2.0
  1.4  8.4 23.7 10.4 11.3 42.0  9.3  3.5  0.3  1.4  0.6  3.5  5.2  7.5  1.2
  2.6  6.4  1.4  1.2  7.5  5.8 42.2 11.3  0.9  4.1 90.3 59.3  1.4137.7  7.2
  1.4  0.0  0.0  0.0  0.0  0.0  0.0  0.0  0.0  0.0  0.0  0.0  0.0  0.0  0.0
  0.0  0.0  0.0  0.6  0.0  1.2  1.7  0.0  0.0  0.0  0.0  0.0  0.0  0.0  0.0
  0.0  0.0  1.7  0.9  0.0  0.3  0.0  0.3  0.0  0.6  0.0  0.0  2.0  1.2  0.0
  3.5  0.0  0.0  3.5  2.6  0.6  3.8  3.2  0.0  0.0  0.0  0.0  0.0  0.0  0.0
  0.3  0.6  0.3  0.0  0.0  0.0  0.0  9.3  3.8  3.2 10.1 18.5  1.4  6.7  5.2
  0.3  8.1  0.6  2.0  0.3  0.3  0.6 28.6  8.4 13.3  0.9  3.2  9.3  3.8  0.0
     -7.25      1.90     -0.28     -3.36      2.50  0.6  0.3  0.0  0.0  0.0
                                         4000_story_3860.txt 31.0  4.1 4042
 14.1  4.5 12.6 48.0 12.4  2.0  4.7  4.5 52.4 19.5  1.0  0.2  0.0  8.2  0.2
  4.5  2.2  4.5 31.2  0.5  2.7206.1 97.7 41.1 85.1 39.8  8.2 17.1  0.2  0.7
  1.5  5.7 23.3  8.9 12.4 41.8  8.2  4.7  0.7  2.5  1.5  1.2  5.4  4.0  0.7
  1.0  6.9  1.2  3.5  3.5 10.6 46.5  5.7  2.7  2.5 73.0104.7  4.0147.5 10.6
  2.7  0.0  0.0  0.0  0.0  0.0  0.0  0.0  0.0  0.0  0.0  0.0  0.0  0.0  0.0
  0.0  0.0  0.0  2.0  0.5  2.5  1.5  0.0  0.0  0.0  0.0  0.0  0.0  0.2  0.0
  0.2  0.5  0.5  1.0  0.0  0.7  0.0  0.2  0.0  0.0  0.2  0.0  3.7  0.7  0.0
  6.4  0.0  0.2  6.7  2.2  1.0  3.2  4.7  0.0  0.0  0.0  0.0  0.0  0.0  0.0
  0.2  1.0  0.2  0.0  0.0  0.0  0.2  6.4  1.5  1.5 12.4 25.5  2.5  5.7  7.2
  0.5  3.5  0.0  1.7  0.5  2.5  0.2 28.9 22.0 15.6  1.7  1.7  8.4  4.0  0.0
     11.15      3.57     -2.00     -2.92      1.27  1.2  0.0  0.0  0.0  0.0
                                         4000_story_3863.txt 32.0  4.2 3160
 19.9  6.3  6.3 61.1 10.4  2.5  3.8  3.8105.7 14.2  2.5  0.9  0.0  4.1  0.3
  3.2  0.6  5.7 18.7  0.6  2.8208.9102.5 48.1 69.6 30.7  8.9 12.0  0.6  0.6
  0.6  1.3 36.4  7.6  3.2 46.2 10.4  4.4  0.6  0.3  2.8  2.2  7.9  2.5  0.6
  1.9  6.6  3.2  2.8  3.5 13.0 27.8  5.1  1.3  1.9 75.6146.8  2.2144.9  7.0
  1.6  0.0  0.0  0.0  0.0  0.0  0.0  0.0  0.0  0.0  0.0  0.0  0.0  0.0  0.0
  0.0  0.0  0.0  1.3  1.6  2.8  2.2  0.0  0.0  0.0  0.0  0.0  0.0  0.0  0.0
  0.6  0.6  1.9  0.6  0.3  0.3  0.0  0.0  0.0  1.6  0.6  0.6  5.4  1.6  0.0
  7.9  0.0  0.0  7.9  3.8  0.6  6.0  8.2  0.0  0.0  0.0  0.0  0.0  0.0  0.0
  0.9  0.0  0.0  0.0  0.0  0.0  0.0  6.6  5.7  4.4 16.5 11.4  1.9  3.2  4.1
  0.6  1.6  3.2  0.6  0.9  0.3  1.3 27.5 16.8 24.4  0.9  5.7  7.6  3.5  0.0
      5.63      1.86     -0.49     -2.96      2.80  1.9  0.9  0.0  0.0  0.0
                                         4000_story_3865.txt 31.5  4.2 4586
 11.1  3.7 16.4 49.1  7.4  1.1  5.5  3.3 22.7 18.3  1.3  0.7  0.4  3.3  0.2
  2.8  1.5  4.8 30.3  0.4  3.9221.5102.7 36.2 78.1 73.9 11.6 14.0  0.2  1.1
  0.0  4.1 27.3  9.2  8.5 41.2 11.8  6.1  0.9  3.5  3.1  2.8  5.2  5.7  0.4
  1.1  8.1  2.2  3.5  5.9 14.0 46.7  7.2  2.0  1.3 76.1104.0  2.0148.7 12.0
  1.5  0.0  0.0  0.0  0.0  0.0  0.0  0.0  0.0  0.0  0.0  0.0  0.0  0.0  0.0
  0.0  0.0  0.0  2.0  1.3  2.2  0.9  0.7  0.0  0.0  0.0  0.0  0.0  0.2  0.0
  0.0  1.7  1.3  0.2  0.0  1.1  0.4  0.0  0.4  0.7  0.2  0.4  3.3  1.5  0.0
  6.3  0.7  0.2  7.2  3.3  2.0  5.9  5.5  0.0  0.0  0.0  0.0  0.0  0.0  0.0
  1.3  0.2  0.2  0.0  0.0  0.2  0.4 10.7  5.2  1.3 10.5 14.4  0.9  4.4  4.1
  2.8  3.3  2.0  1.3  0.9  0.7  0.7 28.6 19.4 17.2  1.1  1.7  7.2  6.1  0.0
      4.83      4.93     -2.39     -0.70      1.19  0.2  0.0  0.0  0.0  0.0
                                         4000_story_3866.txt 30.0  4.2 3656
 11.2  5.5  2.5 32.0  7.7  0.5  3.6  1.1 70.6 14.5  0.5  0.3  0.3  5.2  0.5
  1.6  0.5  3.0 27.4  0.0  1.6201.3122.3 41.0 82.6 17.0  8.2 10.1  0.8  1.6
  1.6  6.3 30.4  7.9  9.0 39.1  7.7  3.0  0.5  1.6  0.8  2.2  6.6  5.7  0.5
  1.1  4.6  1.9  1.4  3.3  6.8 40.2  7.4  0.5  4.1 77.1 95.2  2.2132.9  8.2
  2.2  0.0  0.0  0.0  0.0  0.0  0.0  0.0  0.0  0.0  0.0  0.0  0.0  0.0  0.0
  0.0  0.0  0.0  3.6  0.5  2.5  2.2  0.0  0.0  0.0  0.0  0.3  0.0  0.0  0.0
  0.0  0.3  0.8  1.6  0.0  0.3  0.0  0.0  0.0  1.1  0.0  0.0  1.9  0.8  0.0
  8.8  0.0  0.3  9.0  2.7  0.3  4.1  2.7  0.0  0.0  0.0  0.0  0.0  0.0  0.0
  0.5  0.3  0.0  0.0  0.0  0.0  0.3  8.2  2.2  3.8 10.4 22.4  3.8  6.6 13.1
  1.1  1.9  5.2  3.3  0.3  0.5  0.3 26.3 12.3 13.1  0.5  3.8 10.9  8.2  0.0
      0.12      1.20      1.06     -3.70      2.12  1.4  0.3  0.0  0.0  0.0
                                         4000_story_3870.txt 31.0  4.3 2478
 12.1  3.2 10.1 52.5  7.7  0.4  2.4  5.2 19.0 12.9  0.8  1.2  1.2  4.4  0.0
  3.6  0.8  4.8 23.8  0.0  3.2221.5101.7 41.2 74.3 76.3  9.7 15.3  0.4  1.2
  0.8  3.2 31.1  8.1 12.1 41.6  8.9  6.5  0.4  3.2  2.0  1.2  4.4  4.4  0.8
  2.0  4.8  0.4  3.2  4.0 13.3 36.3  7.3  0.8  2.4 77.1102.9  2.0143.7  8.9
  1.6  0.0  0.0  0.0  0.0  0.0  0.0  0.0  0.0  0.0  0.0  0.0  0.0  0.0  0.0
  0.0  0.0  0.0  2.8  0.4  0.8  0.4  0.0  0.0  0.0  0.0  0.0  0.0  0.0  0.4
  0.0  1.2  0.0  0.0  0.0  0.4  0.0  0.0  0.4  0.0  0.0  0.4  2.4  2.8  0.0
  4.4  0.0  0.0  4.4  1.6  0.8  2.4  5.6  0.0  0.0  0.0  0.0  0.0  0.0  0.0
  0.8  2.4  0.0  0.0  0.4  0.0  0.0 12.1  4.4  2.4 11.7 18.2  2.4  6.5  5.6
  3.6  2.4  2.0  1.2  0.0  0.8  0.4 25.4 20.2 16.5  0.8  3.2  8.1  4.4  0.0
      0.88      4.81     -2.32     -2.03      1.09  0.8  0.0  0.0  0.0  0.0
                                         4000_story_3872.txt 32.3  4.0 5017
 26.9  6.4 25.3 76.5 20.1  3.6  8.0  6.2 59.0 14.6  2.0  0.2  0.8  5.8  0.6
  2.2  1.2  6.4 23.5  0.6  2.6161.7 92.3 31.3 91.9 56.8 11.0 23.3  0.0  1.2
  0.2  3.2 15.7  6.6 12.4 48.4  9.8  7.4  1.6  3.2  1.6  2.0  7.4  4.6  0.2
  0.4  7.2  2.6  1.8  4.6 15.3 37.3  5.2  1.8  1.4 64.8135.9  3.2180.2 10.0
  2.2  0.0  0.0  0.0  0.0  0.0  0.0  0.0  0.0  0.0  0.0  0.0  0.0  0.0  0.0
  0.0  0.0  0.0  3.0  0.6  3.0  4.4  0.0  0.0  0.0  0.0  0.2  0.2  0.2  0.6
  0.2  1.8  1.4  2.0  0.0  0.4  0.0  0.0  0.2  0.0  0.2  0.0  5.2  1.6  0.0
 11.0  0.0  0.6 11.6  6.0  0.6  6.6  7.0  0.0  0.0  0.0  0.0  0.0  0.0  0.0
  2.8  0.6  0.2  0.0  0.2  0.0  0.0  3.8  2.2  3.0 12.6 12.6  3.2  6.0  3.2
  0.8  2.6  1.4  0.0  0.8  1.0  0.2 29.9 28.3 26.5  0.6  3.6 11.2  7.2  0.0
     14.29      6.25     -4.24     -1.33      1.96  0.2  0.2  0.0  0.0  0.0
                                         4000_story_3878.txt 33.3  4.2 4146
  9.4  2.9  3.6 27.7  3.4  1.0  1.9  1.4  7.5 14.7  0.5  0.2  0.5  2.4  0.2
  1.4  1.7  4.6 28.0  0.5  4.6215.9111.2 55.2 84.4 74.5  8.0  9.2  0.2  1.0
  1.2  7.0 21.7 12.1 13.0 50.4  9.6  1.2  0.2  1.4  0.7  1.0  7.5  5.5  0.2
  2.9  4.3  1.4  1.2  1.7  6.5 41.0  8.7  2.2  2.4 85.4 85.4  1.0135.6  9.2
  4.3  0.0  0.0  0.0  0.0  0.0  0.0  0.0  0.0  0.0  0.0  0.0  0.0  0.0  0.0
  0.0  0.0  0.0  1.7  0.2  1.7  1.7  0.0  0.0  0.2  0.0  0.2  0.0  0.0  0.0
  0.2  0.0  1.0  1.0  0.0  0.2  0.0  0.2  0.0  0.0  0.0  0.0  2.7  1.7  0.0
  5.3  0.2  0.2  5.8  2.2  0.5  2.7  4.3  0.0  0.0  0.0  0.0  0.0  0.0  0.0
  2.2  0.7  0.0  0.0  0.2  0.0  0.0 19.8  1.4  1.0  6.0 13.7  1.7  6.0  9.9
  0.5 10.1  0.0  4.8  0.0  1.7  0.2 26.5 11.8 13.3  1.0  7.0  8.4  4.8  0.0
     -1.99      3.59     -3.35     -4.85      3.01  0.7  0.0  0.0  0.0  0.0
                                         4000_story_3879.txt 31.8  4.3 3064
 11.7  2.6  7.8 36.9  1.6  0.3  4.6  3.6  8.8 13.7  1.0  0.0  0.3  6.2  0.7
  2.0  0.7  4.2 23.5  0.3  3.9231.1117.5 38.2 84.9 50.9  7.8 10.4  0.0  1.3
  0.0  3.6 15.3 13.4 11.1 47.7 10.1  2.3  0.7  1.0  1.0  2.0  6.9  7.2  1.0
  1.6  5.2  2.0  0.7  5.2  7.5 33.3  9.8  1.0  1.3 71.5 61.4  3.6145.9 13.7
  2.0  0.0  0.0  0.0  0.0  0.0  0.0  0.0  0.0  0.0  0.0  0.0  0.0  0.0  0.0
  0.0  0.0  0.0  1.3  0.3  2.0  2.0  0.3  0.0  0.3  0.0  0.0  0.0  0.3  0.3
  0.0  0.3  1.0  1.0  0.0  0.0  0.0  0.0  0.3  0.3  0.0  0.0  2.6  2.9  0.0
  5.5  0.7  0.3  6.5  2.6  0.3  3.3  5.5  0.0  0.0  0.0  0.0  0.0  0.0  0.0
  2.0  0.0  0.0  0.0  0.0  0.0  0.7  8.8  1.3  2.3  6.2 31.7  1.3  8.2 10.1
  5.5  2.6  2.3  4.2  0.0  0.7  0.0 35.2 14.4 14.4  0.3  5.2  8.8  8.8  0.0
     -1.51      2.77     -5.77     -4.16      3.02  0.7  0.3  0.0  0.0  0.0
                                         4000_story_3884.txt 34.5  4.3 4345
 19.3  6.0  8.7 39.4  5.5  0.9  1.4  3.0  9.0 11.0  2.1  0.0  1.4  2.5  0.7
  1.6  0.9  4.6 16.1  0.0  1.8179.7 93.7 40.5 92.8127.0 11.5  2.5  0.2  0.9
  0.9  3.9 23.2  7.4  8.1 47.0 15.7  7.8  1.4  2.3  3.7  2.1  4.1  6.0  1.2
  3.5  6.9  4.4  1.2  3.7 16.1 29.2 10.6  0.9  2.1 75.9141.5  2.8159.7 11.0
  1.2  0.7  0.0  0.0  0.0  0.0  0.0  0.0  0.0  0.0  0.0  0.0  0.0  0.0  0.0
  0.0  0.0  0.0  1.4  1.8  5.5  3.2  0.9  0.0  0.0  0.0  0.2  0.2  0.9  0.2
  0.0  1.2  2.8  2.3  0.0  0.2  0.5  0.5  0.2  0.2  0.2  0.2  3.0  0.9  0.0
 12.0  0.9  1.4 14.3  6.4  1.4  8.1  4.4  0.0  0.0  0.0  0.0  0.0  0.0  0.0
  1.4  0.7  0.2  0.0  0.0  0.0  0.5 14.0  1.8  3.5  7.8 23.0  0.7  7.6  3.7
  1.4  1.4  0.9  0.9  0.2  0.5  0.2 30.8  6.7 24.6  2.1  7.4 11.3  4.4  0.0
     -1.81      5.65     -1.67     -0.67      1.87  1.6  0.0  0.0  0.2  0.2
                                         4000_story_3885.txt 34.3  4.4 3693
 21.7  5.4 12.2 44.7  8.1  1.1  1.4  3.2 11.6 16.0  1.9  0.5  0.3  2.7  0.8
  2.2  0.8  3.5 20.3  1.6  1.9234.8 99.9 39.5 83.7 88.5 16.8  3.8  0.3  1.1
  1.4  1.4 26.3  6.2  5.4 39.3 16.2  9.5  1.4  3.0  2.7  4.1  5.1  4.6  1.4
  3.5  6.5  3.8  2.4  6.5 15.7 31.7  9.5  2.4  2.7 67.4108.3  4.6151.4  8.1
  2.7  0.3  0.0  0.0  0.0  0.0  0.0  0.0  0.0  0.0  0.0  0.0  0.0  0.0  0.0
  0.0  0.0  0.0  1.4  1.6  5.1  2.7  0.5  0.5  0.0  0.0  0.0  0.0  0.0  0.0
  0.3  3.2  1.6  0.8  0.0  0.5  0.5  0.3  0.0  0.5  0.5  0.0  4.9  1.1  0.0
 10.8  1.1  0.0 11.9  6.0  1.4  7.9  6.5  0.0  0.0  0.0  0.0  0.0  0.0  0.0
  0.5  1.4  0.0  0.0  0.0  0.3  0.3 15.2  2.4  3.0 11.9 18.1  3.2  6.8  5.7
  4.9  2.2  3.0  0.0  0.5  1.4  0.5 28.4 13.0 28.4  0.8  3.5 10.8  3.8  0.0
      0.06      4.89     -0.37      0.36      2.46  1.4  0.0  0.3  0.0  0.0
                                         4000_story_3891.txt 30.0  4.3 4133
 14.5  3.1  6.0 42.8  8.7  1.5  1.9  3.4 19.8 13.8  1.5  0.0  0.2  3.6  0.2
  1.2  0.5  7.7 19.6  1.0  1.5250.9105.7 35.1 77.7 56.1 12.8  6.0  1.5  4.6
  0.5  3.1 18.9  6.5  9.0 38.7 13.5  6.3  0.5  2.7  1.2  2.2  7.0  4.4  0.7
  1.0  4.1  4.1  1.7  7.0 15.2 29.5  6.0  1.5  6.5 69.2 84.7  1.7137.2  8.0
  0.5  0.7  0.0  0.0  0.0  0.0  0.0  0.0  0.0  0.0  0.0  0.0  0.0  0.0  0.0
  0.0  0.0  0.0  1.2  1.0  4.1  1.7  1.0  0.2  0.5  0.0  0.0  0.0  0.2  0.0
  0.2  1.7  1.0  1.0  0.5  0.0  0.5  0.2  0.0  0.7  0.0  0.0  5.6  0.7  0.0
  8.0  1.7  0.2  9.9  3.9  1.2  5.8  6.3  0.0  0.0  0.0  0.0  0.0  0.0  0.0
  0.7  0.2  0.0  0.0  0.0  0.0  0.2  6.5  4.1  5.3  9.9 19.6  3.9  7.3  6.3
  4.1  1.5  1.7  1.2  0.2  0.0  0.0 22.5  9.4 20.8  1.0  6.8  7.0  4.1  0.0
     -2.47      2.91      0.34     -2.29      2.29  1.0  0.5  0.0  0.0  0.0
                                         4000_story_3895.txt 30.3  4.1 5247
 24.8  8.6 32.2 82.3 21.3  2.1  1.3  4.4 40.2 15.1  0.6  0.6  0.2  5.5  0.0
  0.6  2.1  5.5 18.9  0.8  3.4204.7 94.9 29.4 68.4 81.0  8.8  6.9  0.8  2.1
  0.8  2.9 21.0  9.1 12.8 36.6 13.7  8.4  1.5  5.7  4.4  1.3  5.1  4.0  0.6
  1.3  5.7  2.9  2.9  2.9 18.3 33.7  5.9  2.9  3.6 55.3142.6  4.6166.4  7.4
  1.5  0.2  0.0  0.0  0.0  0.0  0.0  0.0  0.0  0.0  0.0  0.0  0.0  0.0  0.0
  0.0  0.0  0.0  2.7  2.9  4.8  3.2  0.0  0.2  0.0  0.0  0.0  0.0  0.0  0.4
  0.8  2.1  1.7  1.5  0.0  0.2  0.0  0.2  0.0  0.0  0.2  0.0  3.6  0.6  0.0
 13.5  0.2  0.0 13.7  6.5  0.4  6.9  4.4  0.0  0.0  0.0  0.0  0.0  0.0  0.0
  0.6  0.6  0.4  0.0  0.0  0.0  0.4 12.4  3.8  1.7  9.1 22.9  1.9  8.2  6.7
  2.7  1.5  1.7  1.0  2.1  1.0  0.0 34.5 14.3 29.9  2.5  2.5  9.0  2.9  0.0
     10.30      3.08     -2.77      1.10      1.07  1.0  0.0  0.0  0.0  0.0
                                         4000_story_3897.txt 29.0  4.2 3671
 16.9  6.3 12.5 59.7 27.2  1.9  3.5  4.4 26.4 20.4  2.5  0.3  0.3  4.6  0.5
  1.9  1.4  5.2 11.2  1.6  3.3170.0103.5 23.7 83.9 97.5 22.1  7.6  0.5  1.1
  1.4  1.4 30.2  3.8  5.4 48.5 16.6  6.8  0.8  5.4  3.5  4.6  6.0  3.5  0.0
  1.4  9.8  4.6  3.0  5.4 15.5 28.1  4.9  3.0  3.0 52.0151.2  3.0162.4  7.4
  1.9  0.5  0.0  0.0  0.0  0.0  0.0  0.0  0.0  0.0  0.0  0.0  0.0  0.0  0.0
  0.0  0.0  0.0  2.7  1.4  4.1  3.3  0.5  0.5  0.3  0.0  0.0  0.8  0.5  0.5
  0.3  1.9  0.5  1.4  0.3  0.8  0.0  0.5  0.3  0.3  0.0  0.3  6.5  1.9  0.0
 11.4  1.4  1.4 14.2  4.6  1.9  6.8  8.7  0.0  0.0  0.0  0.0  0.0  0.0  0.0
  0.5  0.5  0.3  0.0  0.0  0.0  0.8  4.9  5.7  6.8 11.4 10.6  4.9  4.9  3.0
  0.5  0.5  0.3  0.0  1.4  1.4  0.8 28.3 13.6 30.2  4.1  5.2 12.5  4.1  0.0
      7.40      7.02      0.23      1.29      1.10  3.0  0.0  0.5  0.0  0.3
                                         4000_story_3898.txt 34.3  4.3 3976
 23.6  4.8  4.0 57.3 17.6  1.5  2.0  2.5 34.2 13.6  2.8  0.0  1.3  5.3  0.8
  1.8  1.0  3.8 18.9  1.8  2.5197.2112.9 34.2 67.4 55.6 11.1  9.6  2.0  4.3
  1.5  3.8 27.7  7.5 10.3 50.3  9.3  8.3  2.5  2.3  2.0  3.5  7.3  3.5  0.3
  1.3  5.5  5.5  1.5  3.5 14.1 30.4  5.0  2.8  7.8 66.6107.4  2.0139.1  7.8
  1.8  0.5  0.0  0.0  0.0  0.0  0.0  0.0  0.0  0.0  0.0  0.0  0.0  0.0  0.0
  0.0  0.0  0.0  1.3  1.8  4.0  5.5  0.3  0.3  0.0  0.0  0.0  0.0  0.0  0.0
  0.5  1.3  0.0  2.3  0.0  0.0  0.3  0.0  0.0  0.0  0.0  0.3 11.1  1.0  0.0
 12.6  0.5  0.0 13.1  4.0  0.3  4.3 12.3  0.0  0.0  0.0  0.0  0.0  0.0  0.0
  0.3  1.0  0.0  0.0  0.0  0.0  0.0  6.3  3.0  1.0  7.0 11.8  3.8  5.0  8.0
  3.3  1.0  0.5  0.0  0.3  0.0  0.3 17.6 17.9 34.0  0.5  3.5 13.1  4.5  0.0
      4.18      2.86      0.94     -0.42      2.06  0.3  0.3  0.3  0.0  0.0
                                         4000_story_3912.txt 36.0  4.1 4394
 22.1  7.3 43.0120.6 44.6  2.3  3.6  6.6 69.0 23.0  3.4  0.7  1.4  3.6  0.5
  3.0  3.0  8.4 14.6  1.1  1.1215.3 74.6 12.7 39.1 33.9 12.7  4.1  0.5  2.3
  0.5  0.7 19.3  8.6  7.5 45.7 11.8  9.3  1.6  5.7  4.1  3.9  2.5  4.1  0.0
  0.2  7.5  4.6  3.4  4.6 21.8 29.1  4.3  4.1  3.2 41.0147.5  4.8159.3  8.9
  0.9  0.7  0.0  0.0  0.0  0.0  0.0  0.0  0.0  0.0  0.0  0.0  0.0  0.0  0.0
  0.0  0.0  0.0  3.6  1.8  4.1  2.3  1.4  0.5  0.0  0.0  0.2  0.2  0.5  0.9
  0.7  1.1  0.2  0.2  0.2  0.0  1.4  0.2  0.0  0.2  0.0  0.2  8.4  0.7  0.0
 11.8  1.8  0.9 14.6  3.2  1.8  5.2  9.3  0.0  0.0  0.0  0.0  0.0  0.0  0.0
  0.5  1.6  0.2  0.0  0.0  0.0  0.2  8.4  3.2  2.5  8.9  9.6  2.3  7.1  4.1
  0.9  0.7  0.5  0.5  0.7  0.5  0.2 30.3 12.3 33.7  1.1  4.1  7.3  1.6  0.0
     19.83      0.28     -2.89      2.21     -1.37  0.7  0.5  0.0  0.0  0.0
                                         4000_story_3913.txt 33.0  4.2 3772
 18.8  4.8 15.6 52.5  8.5  1.1  2.9  7.2 55.7 23.1  1.3  1.9  0.8  5.0  0.3
  0.5  1.1  6.4 17.2  1.6  2.4187.2 93.1 35.0 82.2 68.7 18.0 10.6  0.8  1.1
  0.5  2.9 22.0  5.8  8.7 45.1 15.4  5.3  0.5  3.4  2.1  4.2  6.1  5.8  1.3
  1.9  6.4  5.3  4.2  4.8 13.8 31.8  9.0  2.7  2.4 66.5132.8  3.2155.9  8.5
  2.1  0.5  0.0  0.0  0.0  0.0  0.0  0.0  0.0  0.0  0.0  0.0  0.0  0.0  0.0
  0.0  0.0  0.0  3.4  1.6  3.7  1.6  0.8  0.3  0.0  0.0  0.0  0.3  0.0  0.3
  0.3  2.4  2.7  1.3  0.0  0.8  0.3  0.3  0.3  0.5  0.0  0.0  4.8  0.8  0.0
 10.3  1.1  0.3 11.7  6.9  1.6  9.0  5.6  0.0  0.0  0.0  0.0  0.0  0.0  0.0
  0.5  2.1  0.8  0.0  0.0  0.0  0.5  5.6  4.2  4.8  9.8 15.1  1.3  4.2  3.4
  1.6  1.1  0.8  0.5  0.3  0.5  0.0 26.8 14.6 26.2  1.9  4.2 10.6  3.7  0.0
      8.20      5.46     -1.74     -0.90      2.69  1.6  0.0  0.3  0.0  0.0
                                         4000_story_3915.txt 33.5  4.2 1942
 12.4  3.1 10.3 47.4 10.3  1.0  1.5  4.1 17.0 13.9  2.1  1.5  0.0  5.1  0.0
  2.1  0.5  8.2 19.1  0.5  2.1238.9107.6 45.8 66.4 55.1  7.2  7.2  3.6  5.1
  2.1  2.1 11.3  3.6 11.3 34.5  9.3 10.3  1.5  5.7  2.6  2.1  6.7  5.7  1.5
  1.0  7.2  5.1  2.1  3.1 21.1 35.5  8.2  1.0 10.8 76.2 82.4  2.6133.4 10.3
  4.6  0.0  0.0  0.0  0.0  0.0  0.0  0.0  0.0  0.0  0.0  0.0  0.0  0.0  0.0
  0.0  0.0  0.0  2.1  0.5  2.6  1.0  0.0  0.0  0.0  0.0  0.0  0.0  0.5  0.0
  0.0  0.5  1.0  0.0  0.0  0.5  0.0  0.0  0.5  0.0  0.0  0.0  2.1  1.0  0.0
  6.2  0.0  0.5  6.7  1.5  1.0  2.6  3.1  0.0  0.0  0.0  0.0  0.0  0.0  0.0
  0.0  1.0  0.0  0.0  0.0  0.0  0.0 18.0  3.6  1.0  5.1 10.8  0.0  8.8  5.7
  3.6  6.7  1.0  1.0  5.1  0.0  0.0 33.5 10.3 17.0  1.0  2.6  9.8  3.6  0.0
     -0.92      1.63      2.77      0.97      2.94  0.0  1.0  0.0  0.0  0.0
                                         4000_story_3916.txt 31.8  4.3 4071
 14.2  4.7 17.7 50.6 11.8  2.0  1.7  1.0 16.2 10.1  1.0  1.0  1.7  5.4  1.2
  0.7  1.0  2.5 13.8  0.7  2.5245.9105.1 34.6 87.2 68.8 10.1 14.0  2.2  1.5
  0.5  2.2 24.6  5.4  9.6 42.3  7.9  2.9  1.7  1.5  1.0  1.7  7.1  5.9  1.0
  1.2  4.2  1.7  1.5  2.7  6.4 22.6  8.1  1.7  4.2 69.8 96.8  2.7154.8  8.1
  1.7  0.2  0.0  0.0  0.0  0.0  0.0  0.0  0.0  0.0  0.0  0.0  0.0  0.0  0.0
  0.0  0.0  0.0  2.9  0.5  2.5  1.7  0.2  0.2  0.2  0.2  0.0  0.0  0.0  0.5
  0.7  1.5  1.0  0.5  0.0  0.2  0.0  0.0  0.0  0.7  0.0  0.2  2.0  0.7  0.0
  7.6  0.7  0.2  8.6  4.2  0.2  5.2  2.9  0.0  0.0  0.0  0.0  0.0  0.0  0.0
  0.2  0.7  0.0  0.0  0.0  0.0  0.2 14.0  3.7  2.7  9.3 22.1  1.5  5.4  8.8
  2.9  2.9  0.2  1.0  0.2  0.2  0.2 25.5 17.9 18.9  2.2  4.4  7.6  3.4  0.0
     -1.28      4.73     -0.78     -3.52      2.87  0.5  0.2  0.0  0.0  0.0
                                         4000_story_3918.txt 30.5  4.5 3338
  8.1  3.3 12.6 42.8  9.0  3.6  3.9  2.7  9.3  9.3  0.6  0.3  1.2  6.3  0.3
  2.7  0.3  4.5 13.2  0.3  3.0249.9109.9 35.4 71.3 67.1  6.3  7.2  1.5  2.1
  0.3  3.6 29.1  6.3 11.4 41.9 10.5  7.8  0.9  0.9  2.1  2.4  4.2  6.6  0.3
  3.0  2.7  1.8  3.0  2.4 14.4 20.7  9.9  0.6  3.9 78.2 85.4  1.5134.2  8.4
  0.3  0.6  0.0  0.0  0.0  0.0  0.0  0.0  0.0  0.0  0.0  0.0  0.0  0.0  0.0
  0.0  0.0  0.0  1.5  0.6  2.4  0.9  0.3  0.6  0.0  0.0  0.0  0.6  0.0  0.0
  0.0  1.5  1.2  0.0  0.0  0.9  0.0  0.3  0.0  1.2  0.0  0.0  1.8  0.0  0.0
  5.4  0.9  0.6  6.9  2.7  1.2  5.1  1.8  0.0  0.0  0.0  0.0  0.0  0.0  0.0
  0.6  0.6  0.0  0.0  0.0  0.0  0.3 10.8  4.2  3.3 14.1 11.7  3.3  4.2  7.2
  0.6  3.3  0.6  2.1  0.9  0.0  0.6 25.5 11.7  9.0  2.1  3.3  6.6  5.1  0.0
     -3.69      2.14     -1.00     -2.09      1.19  1.2  0.0  0.0  0.0  0.0
                                         4000_story_3919.txt 34.8  4.4 3075
 11.1  2.6  7.8 38.4  6.5  1.0  2.6  2.9  4.9 11.4  0.7  0.3  1.3  7.8  0.3
  1.6  2.0  1.6 21.1  0.0  2.9212.4121.6 39.0 80.3 77.4  7.2  2.6  0.7  2.9
  0.7  7.2 23.4  5.5 13.3 48.1 10.1  3.9  0.3  0.7  2.3  1.6  8.5  5.2  0.7
  2.9  5.5  1.0  2.0  5.9  7.8 34.8  8.8  2.0  4.2 87.5 88.8  2.6140.5 11.7
  1.0  1.0  0.0  0.0  0.0  0.0  0.0  0.0  0.0  0.0  0.0  0.0  0.0  0.0  0.0
  0.0  0.0  0.0  0.7  0.3  1.3  2.0  1.3  0.0  0.3  0.0  0.0  0.0  0.0  0.3
  0.3  0.7  1.0  0.7  0.3  0.0  0.0  0.0  0.0  0.3  0.0  0.0  0.3  0.7  0.0
  4.2  1.6  0.0  5.9  2.9  0.3  3.6  1.0  0.0  0.0  0.0  0.0  0.0  0.0  0.0
  0.0  0.7  0.7  0.0  0.0  0.0  0.7 11.4  3.3  3.3 10.7 10.4  1.6  9.8  8.8
  0.7  4.2  2.3  0.3  0.7  1.0  0.3 23.7  6.2 13.0  0.3  5.9 13.7  5.2  0.0
     -0.65      2.21     -0.55     -3.54      3.89  1.0  0.0  0.0  0.0  0.0
                                         4000_story_3920.txt 31.8  4.2 4357
 14.0  5.0 17.9 55.5 11.7  1.8  3.9  5.0 16.8 12.6  0.9  1.4  0.2  6.0  0.2
  2.5  0.7  6.0 23.4  0.9  3.4209.5105.6 34.4 75.1 70.9 10.8  7.1  0.5  1.4
  0.5  2.8 20.4  6.7 11.5 54.4 12.6  7.8  1.4  3.9  1.8  2.3  7.8  4.1  0.9
  2.1  6.0  1.6  2.5  4.8 15.6 37.4  7.1  1.6  2.3 70.0 99.4  3.4147.6  7.1
  1.4  0.2  0.0  0.0  0.0  0.0  0.0  0.0  0.0  0.0  0.0  0.0  0.0  0.0  0.0
  0.0  0.0  0.0  1.4  0.5  2.8  2.1  1.1  0.0  0.5  0.0  0.0  0.0  0.0  0.0
  0.2  0.7  0.9  0.7  0.2  0.9  0.5  0.2  0.7  0.5  0.9  0.0  3.0  1.1  0.0
  6.7  1.6  0.0  8.3  2.5  2.5  5.5  5.0  0.0  0.0  0.0  0.0  0.0  0.0  0.0
  1.6  0.9  0.0  0.0  0.0  0.0  0.7 12.4  1.4  3.7 11.2 12.6  2.3  4.8  6.4
  0.5  4.1  1.8  0.7  0.7  1.4  0.0 33.7 11.0 17.0  1.4  5.3  8.5  3.7  0.0
      4.82      3.29     -3.58     -0.74      3.25  0.2  0.5  0.0  0.0  0.0
                                         4000_story_3921.txt 31.8  4.3 4561
 17.1  7.2  5.0 53.5 19.1  2.0  2.6  4.2 17.5 10.7  2.2  0.9  0.4  2.6  0.9
  4.2  2.6  3.9 14.9  0.2  1.8198.9 93.2 37.9 92.3 86.6 11.2 13.2  1.1  1.5
  0.7  2.9 21.3 10.3  8.3 47.6  9.2  9.2  2.0  0.7  3.1  2.9  6.6  5.5  0.4
  2.2  6.4  3.5  3.1  7.7 16.2 25.7  8.1  2.9  3.3 79.4123.2  1.8159.0  8.3
  0.0  0.0  0.0  0.0  0.0  0.0  0.0  0.0  0.0  0.0  0.0  0.0  0.0  0.0  0.0
  0.0  0.0  0.0  3.5  0.9  3.5  2.2  0.2  0.0  0.0  0.0  0.0  0.2  0.2  0.2
  0.2  1.5  0.9  1.1  0.2  0.2  0.0  0.4  0.2  0.0  0.0  0.2  1.5  0.4  0.0
 10.1  0.2  0.4 10.7  3.9  1.1  5.0  2.2  0.0  0.0  0.0  0.0  0.0  0.0  0.0
  0.0  2.4  0.0  0.0  0.2  0.0  0.2  7.0  2.6  2.2  9.2 10.3  4.2  8.1  6.1
  1.3  4.8  2.4  0.9  0.0  0.2  0.0 26.1 16.7 20.8  0.9  4.2 12.9  5.0  0.0
      4.09      5.74     -2.58     -0.88      2.36  0.4  0.2  0.0  0.0  0.0
                                         4000_story_3922.txt 33.3  4.3 5161
 13.2  3.3  4.3 47.1  4.1  0.6  2.1  1.9  5.2 13.0  1.9  0.2  0.4  6.0  0.2
  2.3  1.0  5.4 17.1  0.2  1.2229.0118.0 35.7 66.8 73.6 14.9  3.7  1.9  2.7
  1.0  1.6 26.7  7.6 10.9 42.2  9.7  6.6  1.0  1.7  5.6  1.4  6.0  4.3  0.4
  2.1  5.0  1.6  1.0  3.7 17.6 25.6  6.8  1.2  5.6 70.3 82.9  3.5130.0  8.5
  1.9  0.2  0.0  0.0  0.0  0.0  0.0  0.0  0.0  0.0  0.0  0.0  0.0  0.0  0.0
  0.0  0.0  0.0  1.0  0.4  2.5  1.0  0.0  0.0  0.0  0.0  0.0  0.0  0.0  0.0
  0.4  0.8  1.0  0.6  0.0  1.0  0.0  0.0  0.0  0.0  0.0  0.0  2.3  0.4  0.0
  4.8  0.0  0.0  4.8  2.7  1.0  3.7  2.7  0.0  0.0  0.0  0.0  0.0  0.0  0.0
  1.0  0.2  0.0  0.0  0.0  0.0  0.8  6.2  4.7  2.3 11.8 15.5  3.3  8.3  6.2
  1.4  2.5  2.9  0.6  0.6  1.0  0.4 30.4  6.8 17.6  1.0  3.9  6.6  2.9  0.0
     -3.54      3.29     -0.97     -0.71      1.76  2.1  0.4  0.2  0.0  0.0
                                         4000_story_3923.txt 30.5  4.4 3633
  6.6  1.7  5.8 32.5  2.5  0.8  3.0  7.2  5.5 13.2  0.8  1.7  0.6  5.0  1.4
  1.4  1.1  3.9 22.8  0.3  1.7235.9117.3 40.2 79.0 47.9 10.2  3.9  1.1  1.7
  1.4  3.3 25.6  7.2 12.4 52.6 12.1  4.1  1.1  1.1  1.7  2.5  6.6  7.2  0.6
  3.3  7.4  1.4  5.2  4.7  9.6 36.3 11.0  1.4  4.1 77.3 55.9  2.2136.8 10.2
  1.1  0.3  0.0  0.0  0.0  0.0  0.0  0.0  0.0  0.0  0.0  0.0  0.0  0.0  0.0
  0.0  0.0  0.0  0.6  0.6  1.9  0.8  0.0  0.3  0.0  0.0  0.0  0.0  0.0  0.3
  0.6  1.4  2.2  0.6  0.0  0.6  0.0  0.0  0.0  0.6  0.3  0.0  0.8  0.6  0.0
  3.9  0.3  0.0  4.1  5.0  0.6  6.1  1.7  0.0  0.0  0.0  0.0  0.0  0.0  0.0
  0.0  1.7  0.0  0.0  0.0  0.0  0.0  5.5  1.9  0.6 13.5 13.8  6.6  6.9  6.9
  0.0  3.0  0.8  0.6  0.6  1.4  0.0 30.8  6.1  9.1  0.0  5.8  5.5  5.5  0.0
     -1.94      1.67     -1.98     -2.99      3.08  0.8  0.0  0.0  0.0  0.0
                                         4000_story_3924.txt 33.0  4.4 3114
 10.3  3.5  6.1 36.0  9.3  1.3  2.2  3.2  5.5  8.0  0.3  0.0  0.6  3.9  0.3
  2.9  0.0  6.4 17.7  0.3  1.9240.2108.5 41.7 75.5 47.2  9.6  6.4  0.0  0.0
  0.6  3.5 24.1  8.0 14.5 51.4 10.6  4.8  1.0  1.6  2.6  1.6  8.0  7.7  0.3
  2.2  6.7  2.9  2.2  1.9 13.8 29.5 10.3  0.3  0.6 74.2 62.0  2.2130.7  6.7
  0.6  0.0  0.0  0.0  0.0  0.0  0.0  0.0  0.0  0.0  0.0  0.0  0.0  0.0  0.0
  0.0  0.0  0.0  2.2  0.6  3.2  1.9  0.6  0.0  0.0  0.3  0.0  0.3  0.0  0.6
  1.3  0.6  1.0  0.3  0.0  0.0  0.3  0.3  0.0  0.0  0.0  0.0  1.6  0.3  0.0
  8.0  0.6  0.6  9.3  3.9  0.6  4.5  1.9  0.0  0.0  0.0  0.0  0.0  0.0  0.0
  1.3  0.3  0.0  0.0  0.0  0.0  0.3  6.1  3.9  1.3 11.6 17.0  3.5 12.2 11.6
  1.3  3.9  0.0  2.2  1.3  1.3  0.3 27.9  9.6 11.9  1.9  2.9  7.7  6.4  0.0
     -5.89      1.89     -4.93     -2.55      3.53  0.6  0.3  0.0  0.0  0.0
                                         4000_story_3925.txt 35.0  4.4 3866
  8.0  3.9  7.5 34.7  8.5  0.8  4.1  3.4 35.2 11.4  0.8  1.0  0.5  4.1  1.0
  2.1  0.8  2.8 16.8  0.5  2.3233.1116.4 42.9 81.7 41.9  9.3  7.8  0.5  0.3
  1.8  2.8 27.7  6.2  9.1 44.5  8.5  2.8  0.5  1.8  1.6  1.3  5.2  5.2  1.0
  2.6  7.8  1.0  2.8  3.4  7.2 30.3  8.8  1.3  2.6 79.7 85.6  1.0134.8  6.7
  2.8  0.3  0.0  0.0  0.0  0.0  0.0  0.0  0.0  0.0  0.0  0.0  0.0  0.0  0.0
  0.0  0.0  0.0  2.8  0.0  1.0  1.0  0.3  0.3  0.0  0.0  0.0  0.0  0.0  0.0
  0.0  0.5  0.3  0.8  0.0  0.5  0.0  0.0  0.0  0.8  0.0  0.3  1.3  1.3  0.0
  4.9  0.5  0.0  5.4  1.6  0.5  2.8  2.8  0.0  0.0  0.0  0.0  0.0  0.0  0.0
  0.8  0.0  0.0  0.0  0.0  0.0  0.0  8.8  3.1  1.8 11.1 16.8  2.3  8.8  5.2
  0.5  2.8  1.6  0.5  0.3  2.3  0.5 27.4 11.9 13.7  1.3  4.1  7.0  4.7  0.0
     -2.88      2.05     -0.94     -3.68      2.02  1.8  0.0  0.0  0.0  0.0
                                         4000_story_3926.txt 32.8  4.4 4844
 17.8  7.4  6.0 51.8  9.3  1.4  4.5  6.2 15.3 13.4  2.1  0.8  0.8  3.9  0.4
  2.9  1.4  5.8 22.7  1.4  1.4210.4 96.2 46.2 80.5 73.5 12.0  7.2  0.4  2.7
  2.1  4.3 32.6  6.4  7.0 46.4 11.8  7.0  0.6  2.1  2.1  3.5  6.8  6.8  0.8
  1.9  5.8  5.4  2.7  6.2 14.9 35.7  9.5  2.9  5.2 79.7 98.1  3.7148.8  8.9
  0.4  0.0  0.0  0.0  0.0  0.0  0.0  0.0  0.0  0.0  0.0  0.0  0.0  0.0  0.0
  0.0  0.0  0.0  3.9  1.7  4.7  1.2  0.6  0.0  0.0  0.0  0.0  0.2  0.2  0.6
  0.2  1.9  0.6  0.4  0.0  0.2  0.4  0.6  0.0  0.4  0.4  0.2  4.7  0.8  0.0
 11.6  0.6  0.4 12.6  3.7  1.2  5.4  6.2  0.0  0.0  0.0  0.0  0.0  0.0  0.0
  0.4  0.6  0.0  0.2  0.0  0.2  0.4  9.9  2.5  3.7 14.2  7.0  2.1  6.0  4.3
  1.7  1.7  1.4  1.4  0.8  1.0  0.4 21.3 13.6 21.7  1.2  3.5  6.4  4.3  0.0
      4.60      3.83      1.77     -1.41      2.90  0.6  0.6  0.0  0.0  0.2
                                         4000_story_3927.txt 33.3  4.2 3683
 11.7  3.8 19.3 46.7 17.4  1.6  1.6  1.1 14.4 13.6  0.3  0.3  0.3  4.3  0.3
  0.5  2.4  3.5 18.5  0.8  2.4225.9106.4 35.3 73.0 60.5 12.5  8.4  1.4  0.8
  0.8  4.3 20.4  6.0  9.0 39.1  8.1 12.5  1.9  1.1  1.4  1.1  6.0  7.1  0.5
  1.9  5.7  3.3  1.9  1.9 17.4 29.9  9.5  3.3  3.0 85.3 92.3  2.4136.8  4.9
  1.6  0.0  0.0  0.0  0.0  0.0  0.0  0.0  0.0  0.0  0.0  0.0  0.0  0.0  0.0
  0.0  0.0  0.0  1.9  0.3  3.5  0.8  0.0  0.0  0.0  0.0  0.0  0.0  0.0  0.3
  0.3  0.8  0.3  0.0  0.0  1.1  0.0  0.0  0.0  0.0  0.3  0.0  0.8  0.0  0.0
  6.5  0.0  0.0  6.5  1.6  1.1  2.7  1.1  0.0  0.0  0.0  0.0  0.0  0.0  0.0
  0.0  0.0  0.0  0.0  0.0  0.0  0.3  8.1  3.8  1.6  8.4 12.2  4.1  3.5  7.6
  0.5  2.2  0.5  1.9  1.1  0.8  0.3 25.0 12.5 15.2  0.8  2.7  3.8  4.1  0.0
      1.05      3.33     -0.62     -1.44      2.21  0.5  0.5  0.0  0.0  0.0
                                         4000_story_3928.txt 33.3  4.4 5336
 12.7  3.2 10.1 43.9  8.6  1.1  1.7  3.7 10.9  8.4  0.6  0.4  0.9  3.2  0.4
  1.3  0.2  3.7 14.1  0.0  2.4238.0113.2 34.3 78.3 53.0 11.6  7.1  2.1  0.2
  0.7  6.9 28.5  5.4  9.6 51.7 10.3  4.1  1.5  0.7  0.9  2.8  7.9  6.6  0.9
  3.4  6.9  2.8  2.2  3.0  8.8 29.0 10.9  0.2  3.0 65.6 72.5  0.6139.4  6.2
  1.9  0.0  0.0  0.0  0.0  0.0  0.0  0.0  0.0  0.0  0.0  0.0  0.0  0.0  0.0
  0.0  0.0  0.0  2.6  0.4  1.5  1.5  0.2  0.2  0.0  0.0  0.0  0.0  0.0  0.0
  0.4  0.6  1.7  0.6  0.0  0.6  0.0  0.4  0.2  0.2  0.4  0.0  1.9  1.1  0.0
  6.0  0.4  0.0  6.4  3.2  1.1  4.5  3.4  0.0  0.0  0.0  0.0  0.0  0.0  0.0
  0.7  0.2  0.0  0.0  0.0  0.0  0.0  7.5  3.0  1.7 10.9 13.1  3.7  6.9  9.2
  0.7  2.1  0.7  1.1  0.6  1.1  0.0 25.5 10.5 13.1  2.2  4.7  5.4  3.6  0.0
     -6.84      2.76      0.21     -3.23      4.10  1.5  0.0  0.0  0.0  0.0
                                         4000_story_3929.txt 24.8  4.0 2074
 12.1  2.9 10.6 64.6 19.3  0.5  5.3  2.9 14.9 30.4  4.8  4.3  0.5 17.4  2.4
  0.0  1.4  6.3 26.0  2.9  3.9173.1 93.5 23.1 60.8 44.8 10.6  3.9  0.5  5.3
  0.5  0.5 15.4  7.7  5.3 35.7 14.9 16.9  1.4  4.8  1.0  1.4 10.6  5.8  1.4
  0.5  7.2  1.4  4.3  2.9 24.1 42.9  7.7  4.3  6.3 51.1 79.1  1.9150.9  9.2
  2.9  1.9  0.0  0.0  0.0  0.0  0.0  0.0  0.0  0.0  0.0  0.0  0.0  0.0  0.0
  0.0  0.0  0.0  1.0  1.4  1.9  0.5  0.5  1.9  0.0  0.0  0.0  0.0  0.0  0.0
  1.0  1.4  0.5  0.0  0.0  0.0  0.0  0.5  0.0  1.0  0.0  0.0  2.9  3.4  0.0
  4.8  2.4  0.0  7.2  2.9  0.5  4.3  6.3  0.0  0.0  0.0  0.0  0.0  0.0  0.0
  0.0  0.5  0.0  0.0  0.0  1.0  0.0  7.2  2.4  1.0 15.4 25.1  6.3  3.4  6.3
  3.9  1.4  2.4  0.0  1.9  0.5  0.0 29.9 10.1 19.3  2.4  4.3  4.3  7.7  0.0
     21.70      1.02     -0.19      1.11      5.15  0.0  0.0  0.0  0.0  0.0
                                         4000_story_3930.txt 32.8  4.0 5567
 12.4  5.2 42.6 77.4  8.1  2.0  2.5  3.8 41.3 17.2  1.8  0.4  0.9  5.6  0.2
  1.4  0.0  5.6 31.4  1.6  4.0217.0101.5 29.3 58.6 53.9 10.4  5.7  0.4  0.0
  0.4  1.4 18.1  5.9 12.9 37.0  7.4 12.4  0.7  4.5  2.9  2.7  4.3  6.5  0.7
  1.6  6.1  0.5  2.3  3.8 20.8 43.8  8.8  1.6  0.7 64.8103.3  5.2145.1  6.3
  2.3  0.4  0.0  0.0  0.0  0.0  0.0  0.0  0.0  0.0  0.0  0.0  0.0  0.0  0.0
  0.0  0.0  0.0  2.7  0.5  2.2  1.1  0.5  0.0  0.0  0.0  0.0  0.0  0.0  0.0
  0.0  1.3  1.4  0.7  0.0  0.4  0.0  0.0  0.2  0.2  0.4  0.0  5.6  1.1  0.0
  6.5  0.5  0.0  7.0  3.4  0.5  4.1  7.0  0.0  0.0  0.0  0.0  0.0  0.0  0.0
  0.5  0.0  0.5  0.0  0.2  0.0  0.7 11.3  4.0  1.4  8.8 12.8  2.0  5.4  8.1
  3.6  1.3  2.5  2.7  1.4  0.9  0.7 34.7 11.7 18.1  1.4  2.9  6.5  3.4  0.0
      8.82      1.66     -4.30      1.07      1.12  0.5  0.2  0.2  0.0  0.0
                                         4000_story_3934.txt 32.5  3.9 4381
 12.1  4.8  3.9 81.7 22.4  2.1  3.7  8.9 46.3 15.1  2.1  0.0  0.0  4.3  0.2
  8.7  0.5  5.0 38.1  1.1  2.1184.9 80.1 39.9 63.0 47.7  7.3 18.7  0.2  1.1
  0.0  2.5 14.6  7.3  8.7 44.3 11.2 11.4  2.7  4.1  4.1  3.0 11.0  5.2  0.2
  0.7  5.5  4.3  1.4  8.7 20.5 50.2  6.2  1.6  1.4 72.6116.4  5.9156.8  9.1
  0.7  1.1  0.0  0.0  0.0  0.0  0.0  0.0  0.0  0.0  0.0  0.0  0.0  0.0  0.0
  0.0  0.0  0.0  3.0  0.2  2.7  3.7  1.1  0.2  0.0  0.0  0.0  0.0  0.0  0.2
  0.2  2.1  0.9  0.5  0.0  1.1  0.2  0.0  0.0  0.0  0.0  0.0 13.9  0.2  0.0
  9.6  1.4  0.0 11.0  3.9  1.4  5.2 14.2  0.0  0.0  0.0  0.0  0.0  0.0  0.0
  0.7  0.0  0.0  0.0  0.0  0.0  0.7  8.9  3.7  2.1  9.6 11.0  1.1  6.4  5.2
  2.5 12.1  1.6  0.9  3.2  0.7  0.0 32.2 25.1 19.2  0.9  3.0  6.2  3.7  0.0
     12.86      3.34     -3.53      2.01      4.41  0.5  0.0  0.2  0.0  0.0
                                         4000_story_3936.txt 33.3  4.0 3494
  9.2  0.9  0.9 81.3 12.6  1.1  1.1  7.2 32.1  9.2  2.9  0.3  0.3  4.0  0.0
  1.7  1.7  3.1 32.6  0.3  1.4191.8 92.2 36.1 77.3 66.4  8.6 17.7  0.3  3.7
  0.0  2.9 12.9  6.3 13.5 32.9  8.3  9.4  0.9  1.4  3.4  2.3  2.3  5.7  0.6
  0.0  4.9  1.1  0.6  8.0 16.0 42.1  6.3  2.0  4.0 73.6111.0  4.0168.3 10.0
  2.0  0.9  0.0  0.0  0.0  0.0  0.0  0.0  0.0  0.0  0.0  0.0  0.0  0.0  0.0
  0.0  0.0  0.0  0.6  0.9  0.6  0.6  0.9  0.0  0.0  0.0  0.0  0.0  0.0  0.0
  0.0  0.9  1.1  0.3  0.0  0.6  0.0  0.0  0.0  0.3  0.0  0.3  7.4  0.0  0.0
  2.6  0.9  0.0  3.4  2.3  0.6  3.1  7.7  0.0  0.0  0.0  0.0  0.0  0.0  0.0
  0.0  1.4  0.0  0.0  0.0  0.0  0.0  8.9  0.9  0.9  3.4 20.0  3.4  3.4  7.4
  2.0  7.7  0.9  2.6  0.9  0.0  0.9 32.9 21.8 14.9  1.4  5.2 10.3  4.3  0.0
      4.22      4.70     -2.67     -0.88     -0.89  0.9  0.0  0.3  0.0  0.0
                                         4000_story_3937.txt 33.8  4.1 2024
 18.8  7.4  9.9 77.1 25.7  2.5  1.5  3.0 32.1  6.9  1.5  0.0  0.0  4.4  1.0
  4.0  0.5  4.9 27.2  0.5  2.0226.8 84.5 43.0 67.2 69.2 11.9 15.8  0.5  2.5
  0.5  2.5 20.8  5.9  4.4 29.2 11.4  6.4  0.5  0.5  8.4  3.5  7.4  4.9  0.5
  1.5  4.0  2.5  1.0  6.4 19.8 34.1  6.9  1.0  3.5 75.6127.0  4.0159.6  4.4
  1.5  0.5  0.0  0.0  0.0  0.0  0.0  0.0  0.0  0.0  0.0  0.0  0.0  0.0  0.0
  0.0  0.0  0.0  1.5  1.0  4.0  3.0  0.5  0.0  0.0  0.0  0.0  0.0  0.0  0.5
  0.0  1.5  0.5  0.0  0.0  0.5  0.0  0.0  0.5  0.0  0.0  0.0  4.9  1.5  0.0
  9.4  0.5  0.0  9.9  2.5  1.0  3.5  6.4  0.0  0.0  0.0  0.0  0.0  0.0  0.0
  0.0  1.0  0.0  0.0  0.0  0.0  0.5 12.8  2.5  1.0 14.3 11.4  0.5  7.4  2.5
  3.0  1.5  8.4  0.5  0.5  0.5  0.0 28.2 27.7 24.2  2.5  1.5 10.9  3.5  0.0
      4.93      4.76      0.65      0.69      2.61  1.0  0.5  0.5  0.0  0.0
                                         4000_story_3938.txt 29.3  3.9 2350
 10.6  2.1  0.4 74.9 14.5  0.4  0.4  1.7 31.1 19.1  1.7  0.0  0.0  3.4  0.0
  2.6  0.9  3.0 46.8  0.4  0.9221.7108.1 29.8 66.8 63.8  7.7  8.9  0.0  2.6
  0.4  1.3  7.2  2.1  8.1 23.8  3.0 14.9  0.4  2.1  2.6  1.3  0.9  7.7  0.4
  0.9  8.1  3.0  2.1  8.5 20.4 58.3  8.9  1.3  3.0 59.6109.4  1.7146.8  4.3
  5.5  0.0  0.0  0.0  0.0  0.0  0.0  0.0  0.0  0.0  0.0  0.0  0.0  0.0  0.0
  0.0  0.0  0.0  2.6  0.9  1.3  0.4  0.0  0.0  0.0  0.0  0.0  0.0  0.0  0.0
  0.0  0.0  0.0  0.0  0.0  0.0  0.0  0.4  0.0  0.0  0.0  0.0  2.1  0.9  0.0
  5.1  0.0  0.0  5.1  0.0  0.4  0.4  3.0  0.0  0.0  0.0  0.0  0.0  0.0  0.0
  1.3  0.9  0.0  0.0  0.0  0.0  0.0  4.7  2.1  1.7  7.7 23.0  2.6  1.7  4.7
  2.1  3.4  2.6  9.4  0.0  0.0  0.0 30.6 19.6 15.7  0.0  7.2  3.8  3.0  0.0
      4.35      2.43     -0.73     -0.23     -1.33  0.0  0.0  0.0  0.0  0.0
                                         4000_story_3940.txt 30.8  4.1 4398
 14.6  3.6  2.0 82.5 14.6  0.9  5.0  6.1 41.6 13.6  2.7  0.9  0.7  9.3  0.5
  8.0  0.5  5.5 28.4  0.7  1.6179.4 78.7 43.7 72.5 50.0  8.0 14.8  0.5  3.6
  0.7  1.6 25.5  5.9  6.6 46.8 12.1  8.2  0.7  2.7  2.5  4.3  8.2  6.8  0.0
  0.5  3.9  4.1  3.9  7.5 16.1 37.5  7.3  1.1  4.8 77.1106.2  5.9164.6  8.6
  2.5  1.4  0.0  0.0  0.0  0.0  0.0  0.0  0.0  0.0  0.0  0.0  0.0  0.0  0.0
  0.0  0.0  0.0  3.0  0.7  2.7  2.5  0.9  0.9  0.0  0.0  0.0  0.0  0.5  0.2
  0.2  1.4  0.7  0.9  0.2  0.0  0.2  0.0  0.0  0.5  0.0  0.0 12.5  2.0  0.0
  8.9  1.8  0.5 11.1  3.4  0.5  4.3 14.6  0.0  0.0  0.0  0.0  0.0  0.0  0.0
  0.9  0.7  0.0  0.0  0.0  0.2  0.2  8.6  3.6  5.5  9.3  8.0  2.3  5.0  4.5
  0.7  5.7  1.1  1.6  1.4  2.7  0.9 25.2 23.4 21.6  2.0  4.1  7.5  3.9  0.0
     11.36      3.15     -0.25     -0.28      2.67  0.5  0.5  0.0  0.2  0.0
                                         4000_story_3942.txt 34.3  4.0 2155
 21.8  7.4  2.3 52.9 15.8  2.3  0.9  6.0 87.2 14.8  1.4  0.0  0.5  4.6  0.5
  4.2  2.8  7.4 29.2  1.4  1.9169.8 90.5 18.1108.1 54.3  8.4 20.0  1.4  1.9
  0.0  3.7 20.0  6.5 12.1 41.8 14.4  3.7  3.2  4.2  0.9  1.9  6.5  6.0  0.5
  0.9  4.6  1.9  1.9  4.2 12.1 41.8  7.4  4.2  3.2 45.0157.3  4.6175.9 11.6
  3.7  0.0  0.0  0.0  0.0  0.0  0.0  0.0  0.0  0.0  0.0  0.0  0.0  0.0  0.0
  0.0  0.0  0.0  2.8  0.5  3.7  4.6  0.5  0.0  0.0  0.0  0.0  0.5  0.0  1.9
  0.5  1.4  1.4  0.9  0.0  0.5  0.9  0.0  0.0  0.9  0.0  0.0  4.2  0.0  0.0
 11.6  0.5  0.5 12.5  6.0  1.4  8.4  4.2  0.0  0.0  0.0  0.0  0.0  0.0  0.0
  0.9  0.0  0.0  0.0  0.0  0.0  0.0  9.7  2.8  2.8  7.9  9.7  1.4  6.5  3.7
  4.2  2.8  0.0  0.0  0.0  0.9  0.0 32.9 35.7 31.1  3.2  3.2 13.5  4.6  0.0
     16.11      5.54     -2.30     -1.59      2.00  0.5  0.0  0.5  0.0  0.0
                                         4000_story_3944.txt 32.0  4.1 5374
  6.3  1.5  0.2 36.3 13.0  0.4  2.0  0.6 17.1  6.9  1.3  0.0  0.0  2.2  0.6
  0.4  2.2  0.7 52.1  0.0  1.7228.7120.2 48.4 82.1 75.0 10.2  8.2  1.5  3.2
  0.7  2.6 17.7  2.0  8.0 27.9  5.6  6.0  0.9  0.4  0.9  0.9  3.5  9.3  0.9
  1.7  4.8  3.3  1.1  4.7  7.6 59.9 11.9  2.2  5.4 70.3105.1  1.9134.4  8.7
  3.9  0.0  0.0  0.0  0.0  0.0  0.0  0.0  0.0  0.0  0.0  0.0  0.0  0.0  0.0
  0.0  0.0  0.0  1.9  0.0  2.0  1.9  0.0  0.0  0.0  0.0  0.0  0.0  0.0  0.0
  0.0  0.2  0.4  0.9  0.2  0.0  0.0  0.0  0.0  0.0  0.2  0.6  1.3  0.2  0.0
  5.8  0.0  0.0  5.8  1.5  0.2  1.7  2.2  0.0  0.0  0.0  0.0  0.0  0.0  0.0
  0.2  1.3  0.0  0.0  0.0  0.0  0.0  9.9  1.9  0.6  5.4 16.4  2.0  4.3  7.3
  0.4  5.2  5.8  1.9  0.4  0.7  0.2 35.2 12.8  9.1  0.6  5.4  8.2  3.0  0.0
     -0.13      3.79      1.78     -3.90      1.25  0.0  0.2  0.0  0.0  0.0
                                         4000_story_3945.txt 30.8  4.0 3930
 14.2  2.3 12.2 47.3  8.9  1.3  3.3  6.6  8.4 12.0  2.0  1.0  0.3  4.3  0.5
  4.6  1.3  4.8 36.4  1.5  3.3178.4 88.3 30.3 98.7 86.0  9.7  7.9  0.0  2.0
  0.3  4.6  9.2  6.6 12.7 42.7 12.7  3.3  2.5  1.3  3.1  1.8  4.3  7.1  0.3
  1.8  5.9  4.8  3.1 10.4 11.2 49.1  9.2  2.8  2.3 72.3103.3  4.8160.6  6.6
  3.6  1.0  0.0  0.0  0.0  0.0  0.0  0.0  0.0  0.0  0.0  0.0  0.0  0.0  0.0
  0.0  0.0  0.0  1.5  2.0  3.6  1.3  1.3  0.0  0.0  0.0  0.0  0.0  0.0  0.5
  0.3  2.0  0.5  0.8  0.0  0.8  0.3  0.3  0.0  0.3  0.3  0.0  4.8  0.5  0.0
  8.4  1.3  0.0  9.7  4.1  1.3  5.6  5.6  0.0  0.0  0.0  0.0  0.0  0.0  0.0
  1.3  0.8  0.0  0.0  0.0  0.0  0.3  3.1  1.8  1.8  4.8 10.9  2.0  7.6  2.8
  1.5  5.9  2.5  0.5  0.3  0.8  0.0 37.2 13.5 22.4  1.0  7.9  8.9  4.1  0.0
      9.49      4.66     -3.51     -2.25      0.93  1.3  0.0  0.0  0.0  0.0
                                         4000_story_3947.txt 29.8  3.9 4967
 20.7  5.6 32.4 80.7 20.9  2.0  6.6  6.4 57.0 25.4  2.2  1.2  0.4  5.6  0.6
  2.2  1.4  8.7 25.0  2.2  2.2174.8 82.9 24.4 80.5 50.1 16.1 15.1  0.4  2.2
  0.2  0.6 16.7  8.1  9.5 42.9 14.7  5.8  1.2  5.4  2.6  3.2  5.6  4.0  0.0
  1.0  8.3  5.4  2.0  4.4 17.1 40.5  5.0  3.6  2.8 48.5128.0  5.0173.5  8.3
  0.6  0.4  0.0  0.0  0.0  0.0  0.0  0.0  0.0  0.0  0.0  0.0  0.0  0.0  0.0
  0.0  0.0  0.0  2.6  1.4  4.6  2.8  1.2  0.2  0.2  0.0  0.0  0.2  0.2  0.6
  0.8  1.8  2.0  1.8  0.2  0.6  0.6  0.0  0.2  0.2  0.2  0.2  4.4  2.2  0.0
 11.5  1.6  0.4 13.5  7.0  1.6  8.9  7.0  0.0  0.0  0.0  0.0  0.0  0.0  0.0
  0.2  0.6  0.6  0.0  0.0  0.2  0.4  8.9  2.4  4.0 12.1 11.5  2.6 11.3  2.0
  2.2  0.6  4.2  0.0  1.0  0.8  0.4 34.8 22.8 29.6  0.4  1.8 10.1  3.8  0.0
     18.70      5.04     -3.64      0.18      0.83  1.2  0.0  0.0  0.0  0.0
                                         4000_story_3948.txt 30.3  4.2 4851
 15.7  4.5 16.5 71.1 20.4  1.2  3.7  3.7 30.7 17.1  4.3  0.8  0.4  4.5  0.4
  2.9  1.0  7.0 15.7  1.4  1.0240.6 92.8 34.0 71.3 56.1 15.0 10.1  0.4  2.5
  1.0  2.5 26.0  8.0  4.1 41.0  8.7  9.1  1.2  3.1  3.5  1.9  7.4  3.9  0.4
  0.8  4.5  3.3  2.5  4.9 19.6 26.6  5.2  2.5  3.9 61.8107.2  3.9151.9  6.2
  1.0  0.4  0.0  0.0  0.0  0.0  0.0  0.0  0.0  0.0  0.0  0.0  0.0  0.0  0.0
  0.0  0.0  0.0  2.3  2.1  2.3  2.5  0.4  0.2  0.0  0.2  0.2  0.2  0.4  0.2
  0.4  1.4  0.8  1.2  0.0  0.2  0.2  0.0  0.2  0.6  0.2  0.2  3.7  0.8  0.0
  9.1  0.6  1.0 10.7  4.1  0.6  5.4  4.9  0.0  0.0  0.0  0.0  0.0  0.0  0.0
  0.4  0.4  0.0  0.0  0.0  0.0  0.2 10.7  6.0  3.7 10.9 11.8  3.3 10.9  3.9
  1.6  1.6  2.7  0.2  1.6  0.8  0.4 27.8 13.6 23.5  1.2  2.9  7.8  3.3  0.0
      4.77      3.88      0.27     -0.23      2.19  1.6  0.0  0.0  0.0  0.0
                                         4000_story_3957.txt 31.8  4.0 4803
 19.2  5.4 21.7 81.4 19.2  3.5  2.7  3.1 61.2 18.9  1.9  0.6  1.0  5.4  1.2
  4.0  1.5  8.1 23.7  2.1  3.5190.9 94.1 30.2 67.5 46.6 14.4 12.3  0.4  1.7
  0.8  0.4 19.2  6.9  5.6 38.9 12.7  8.1  1.2  2.9  4.2  3.5  4.6  4.4  0.0
  1.2  5.6  8.7  2.9  3.1 20.4 33.3  5.6  3.5  2.9 55.8127.0  3.5161.4  9.4
  1.7  0.4  0.0  0.0  0.0  0.0  0.0  0.0  0.0  0.0  0.0  0.0  0.0  0.0  0.0
  0.0  0.0  0.0  3.1  1.5  4.0  4.4  0.0  0.2  0.4  0.0  0.0  0.6  0.6  0.6
  0.4  1.0  1.9  1.0  0.2  1.2  0.0  0.0  0.0  0.4  0.0  0.2  2.9  1.7  0.0
 12.9  0.6  1.2 14.8  5.0  1.5  6.9  4.8  0.0  0.0  0.0  0.0  0.0  0.0  0.0
  1.0  0.2  0.0  0.2  0.0  0.2  1.0  9.0  5.4  5.6 12.3 14.4  3.5  6.5  2.3
  0.6  1.2  4.4  0.2  1.5  0.4  0.6 30.2 20.2 26.7  2.1  1.2 10.0  2.1  0.0
     15.32      3.60     -1.54      0.45      0.30  1.7  0.4  0.0  0.0  0.0
                                         4000_story_3958.txt 32.3  4.1 5488
 18.8  5.1 27.3 68.5 15.7  3.3  5.3  6.0 27.5 22.2  3.1  0.2  0.5  4.0  2.4
  2.7  1.1  5.5 18.4  2.7  3.1200.1 96.4 33.5 79.3 78.2 17.1 10.0  1.5  2.9
  0.5  2.7 27.7  6.6  7.1 37.7 14.2 11.3  0.9  3.3  1.3  4.9  5.1  4.9  0.7
  0.7  4.9  1.5  2.7  5.1 18.0 29.5  6.4  3.8  4.9 68.0121.4  3.5164.4  9.8
  2.4  0.5  0.0  0.0  0.0  0.0  0.0  0.0  0.0  0.0  0.0  0.0  0.0  0.0  0.0
  0.0  0.0  0.0  2.6  0.9  2.0  2.7  0.9  0.2  0.4  0.0  0.0  0.0  0.4  0.7
  0.4  1.8  1.3  1.1  0.4  0.4  0.2  0.0  0.7  0.5  0.4  0.0  4.7  1.5  0.0
  8.2  1.5  0.4 10.0  5.3  1.6  7.5  6.6  0.0  0.0  0.0  0.0  0.0  0.0  0.0
  0.4  0.0  0.2  0.0  0.0  0.0  0.7 14.8  2.9  3.3 13.1  9.8  2.2  7.1  4.2
  0.5  2.4  7.5  0.0  1.1  0.7  0.2 30.1 17.5 25.5  1.3  2.6  9.8  3.3  0.0
     11.75      5.50      0.61      0.44      1.10  0.7  0.2  0.0  0.0  0.0
                                         4000_story_3972.txt 33.0  4.3 2802
  9.3  3.6  7.5 39.3  5.4  0.4  3.9  4.6  4.3 14.3  3.2  0.0  0.4  5.0  0.7
  2.5  0.0  4.3 14.3  0.0  0.4260.5111.0 35.7 76.0 77.4 14.6  6.1  2.1  2.5
  0.7  3.6 33.2  5.7  7.5 33.5 11.4  6.4  1.1  5.4  5.0  1.8  4.3  6.1  0.0
  0.7  5.4  1.8  1.1  3.6 15.7 28.6  6.8  0.0  5.4 60.3 87.1  4.6131.3  7.5
  2.1  0.0  0.0  0.0  0.0  0.0  0.0  0.0  0.0  0.0  0.0  0.0  0.0  0.0  0.0
  0.0  0.0  0.0  1.4  1.1  1.1  1.8  0.0  0.0  0.4  0.0  0.0  0.7  0.7  0.0
  0.4  2.1  0.0  1.1  0.4  0.4  0.0  0.4  0.0  0.4  0.4  0.4  2.9  0.7  0.0
  5.4  0.4  1.4  7.1  3.6  1.1  5.0  4.3  0.0  0.0  0.0  0.0  0.0  0.0  0.0
  0.7  0.4  0.7  0.0  0.0  0.0  0.4  5.0  2.1  5.0 16.4 15.0  2.1  9.3  4.6
  1.4  2.5  1.1  1.1  0.4  0.0  0.0 21.1  7.5 16.4  1.8  3.6  6.4  5.4  0.0
     -6.34      4.15      2.02      0.80      0.20  0.7  0.0  1.1  0.0  0.0
                                         4000_story_3973.txt 32.8  4.1 4127
 10.7  2.4 17.2 59.6 17.4  1.0  3.9  2.4 28.1 14.5  1.7  1.5  0.5  3.4  1.0
  1.7  1.7  4.6 18.9  1.0  1.9231.9 99.1 39.5 80.9 62.3 19.9  7.8  1.0  3.4
  0.5  1.7 25.9  5.3  6.5 32.7 11.4  7.0  0.7  1.9  3.1  2.9  4.1  4.6  0.2
  1.7  5.6  2.9  2.9  4.8 14.8 29.6  6.5  2.7  4.8 67.6107.8  3.9150.5  8.2
  1.5  0.2  0.0  0.0  0.0  0.0  0.0  0.0  0.0  0.0  0.0  0.0  0.0  0.0  0.0
  0.0  0.0  0.0  1.2  1.0  2.2  1.5  0.7  0.2  0.5  0.2  0.0  0.0  0.0  0.0
  0.2  1.0  2.2  1.2  0.5  0.0  0.5  0.0  0.0  0.2  0.2  0.2  2.4  0.5  0.0
  5.8  1.5  0.2  7.5  4.6  1.0  5.8  3.4  0.0  0.0  0.0  0.0  0.0  0.0  0.0
  0.2  1.2  0.0  0.0  0.0  0.0  0.5 17.9  4.1  3.1 10.7 17.0  1.2  5.1  4.8
  1.9  2.4  4.4  0.2  1.7  0.5  0.5 27.9 12.6 18.9  1.9  2.7  9.4  2.7  0.0
      2.85      4.96      0.80     -1.15      0.38  2.7  0.2  0.2  0.0  0.0
                                         4000_story_3975.txt 31.8  4.2 5598
 19.8  6.4 19.1 59.8 18.0  2.0  5.2  2.3 27.2 18.9  1.4  0.4  0.7  3.9  0.4
  2.7  1.8  5.7 16.6  0.4  2.1224.5100.6 31.4 83.8 64.3 15.9 12.9  1.4  1.4
  2.0  2.0 25.4 10.2  6.4 38.0 12.3  8.4  0.7  4.1  3.4  2.7  5.5  5.4  0.7
  1.6  3.4  4.8  2.5  5.7 17.5 26.4  7.7  2.1  4.8 58.8109.5  3.2157.2  8.4
  0.9  0.4  0.0  0.0  0.0  0.0  0.0  0.0  0.0  0.0  0.0  0.0  0.0  0.0  0.0
  0.0  0.0  0.0  2.5  2.1  4.3  2.5  0.2  0.4  0.0  0.0  0.0  0.5  0.0  0.4
  0.9  2.0  0.5  1.4  0.2  0.4  0.2  0.0  0.0  0.7  0.0  0.2  3.2  0.4  0.0
 11.4  0.5  0.5 12.5  5.2  0.7  6.6  3.8  0.0  0.0  0.0  0.0  0.0  0.0  0.0
  0.5  0.5  0.0  0.0  0.2  0.0  0.2 13.6  3.8  3.8 11.4 14.1  4.5  8.4  5.5
  3.4  1.4  3.6  0.0  0.2  0.5  0.4 23.6 19.6 27.3  1.1  3.4 10.4  5.0  0.0
      5.38      5.33     -0.16      0.18      1.71  1.1  0.2  0.4  0.0  0.0
                                         4000_story_3976.txt 31.0  3.9 5573
 18.3  8.4 31.6 83.8 28.9  2.9  5.7  4.3 64.4 18.3  3.1  0.5  0.2  5.0  0.4
  1.1  3.2  7.2 13.1  1.6  5.0204.6 80.7 24.2 85.4 52.9 13.1 19.4  0.7  1.3
  0.2  1.3 17.0  6.5 10.0 40.6 13.6 11.1  2.3  5.0  4.7  1.4  4.8  5.2  0.4
  1.6  5.9  2.2  2.9  5.6 23.0 25.8  7.2  4.8  2.2 49.5146.2  5.9181.8  9.7
  1.3  0.4  0.0  0.0  0.0  0.0  0.0  0.0  0.0  0.0  0.0  0.0  0.0  0.0  0.0
  0.0  0.0  0.0  4.1  0.9  2.5  4.7  0.5  0.0  0.0  0.0  0.0  0.2  0.0  0.2
  0.9  2.0  1.6  1.8  0.4  0.7  0.4  0.0  0.0  0.5  0.0  0.0  2.2  1.6  0.0
 12.2  0.5  0.2 12.9  6.5  1.4  8.4  3.8  0.0  0.0  0.0  0.0  0.0  0.0  0.0
  1.1  0.2  0.5  0.0  0.0  0.0  0.5 10.2  1.3  2.9 11.8  9.3  3.1  6.1  3.1
  0.2  0.9  5.4  0.5  0.7  0.0  0.0 32.3 26.7 26.9  1.4  2.5  9.0  3.6  0.0
     16.90      5.54     -3.27      1.88      0.99  1.4  0.4  0.2  0.0  0.0
                                         4000_story_3977.txt 35.3  4.3 4495
  7.1  1.6  9.8 55.4 11.8  0.4  3.6  2.7 14.7 17.1  2.4  0.4  0.7  3.6  1.1
  0.4  1.3  4.2 13.3  0.2  3.1234.3104.1 36.5 86.5 68.3 13.6 11.6  0.9  3.8
  0.0  4.0 24.2  6.7  8.9 33.8  8.9 10.9  0.0  2.9  1.1  1.6  6.0  3.1  0.7
  1.6  4.2  3.1  1.3  6.5 16.2 24.9  5.3  1.6  4.7 71.6 94.8  3.6157.5 10.7
  1.1  0.7  0.0  0.0  0.0  0.0  0.0  0.0  0.0  0.0  0.0  0.0  0.0  0.0  0.0
  0.0  0.0  0.0  2.2  0.7  0.7  1.6  0.9  0.2  0.0  0.0  0.0  0.2  0.0  0.2
  0.0  0.9  0.2  1.3  0.0  0.2  0.2  0.4  0.0  0.2  0.2  0.2  2.0  0.9  0.0
  5.1  1.1  0.2  6.5  2.7  0.9  3.8  3.3  0.0  0.0  0.0  0.0  0.0  0.0  0.0
  0.9  1.3  0.0  0.0  0.2  0.0  0.4 13.1  4.2  2.0 11.6 15.8  2.2  6.7  8.2
  1.6  3.6  2.2  0.2  1.1  1.6  0.2 35.6 16.5 10.0  0.7  2.9  8.0  3.6  0.0
     -2.25      4.91      0.11     -1.54      1.62  0.7  0.2  0.2  0.0  0.0
                                         4000_story_3984.txt 32.0  4.4 5356
 11.4  3.4  4.5 56.2 14.4  0.6  3.0  3.5 22.0 10.1  2.4  0.2  0.0  5.2  0.7
  3.4  1.1  5.2 18.7  0.4  0.9233.4 98.2 40.9 70.0 53.0 17.2 10.1  1.5  2.6
  0.9  2.1 25.2  6.3  6.2 45.9 11.9  5.2  1.5  2.4  3.0  3.5  7.1  4.9  0.7
  1.7  5.8  5.0  1.5  5.0 13.4 29.1  7.3  1.5  5.0 70.6 89.4  2.4141.0  8.2
  1.9  0.9  0.0  0.0  0.0  0.0  0.0  0.0  0.0  0.0  0.0  0.0  0.0  0.0  0.0
  0.0  0.0  0.0  3.0  1.3  2.8  2.2  0.6  0.6  0.0  0.0  0.0  0.6  0.4  0.2
  0.0  1.9  0.9  1.3  0.0  0.7  0.2  0.0  0.4  0.7  0.2  0.0  5.0  1.3  0.0
  9.3  1.1  0.9 11.4  4.3  1.3  6.3  6.5  0.0  0.0  0.0  0.0  0.0  0.0  0.0
  0.7  0.7  0.2  0.0  0.0  0.0  0.0  9.1  4.5  2.6  9.0 13.6  1.7  6.9  6.2
  2.4  2.8  3.0  0.0  1.5  0.7  0.9 24.5 16.6 16.1  3.0  2.6  8.8  3.0  0.0
     -0.73      4.10      0.28     -0.93      2.66  2.4  0.0  0.0  0.0  0.0
                                         4000_story_3985.txt 30.5  4.4 4429
 10.8  3.8 15.1 65.7 16.9  0.9  5.4  2.5 28.4 16.3  2.3  0.0  0.2  5.0  0.0
  1.4  1.4  4.3 14.2  1.1  1.8257.8106.3 38.4 62.8 45.2 13.5 12.0  0.9  2.0
  0.5  1.8 41.5  5.9  4.5 41.5  9.7 10.2  0.9  2.3  1.8  2.0  4.1  5.6  0.7
  2.0  2.9  1.8  3.2  2.9 16.3 21.2  8.4  2.5  3.4 64.6 90.5  3.2142.2  7.2
  3.2  0.2  0.0  0.0  0.0  0.0  0.0  0.0  0.0  0.0  0.0  0.0  0.0  0.0  0.0
  0.0  0.0  0.0  2.0  1.1  1.1  1.8  0.0  0.2  0.0  0.0  0.0  0.0  0.2  0.2
  0.5  1.4  1.4  0.9  0.0  0.9  0.0  0.0  0.0  0.9  0.0  0.0  2.0  0.7  0.0
  6.1  0.2  0.2  6.5  4.3  0.9  6.1  2.7  0.0  0.0  0.0  0.0  0.0  0.0  0.0
  0.2  0.2  0.2  0.0  0.0  0.0  0.5 16.7  4.3  3.2 14.2 14.7  2.0  5.0  5.6
  2.3  1.4  4.1  0.2  0.2  0.2  0.9 24.4 18.7 16.0  2.3  2.0  7.7  2.9  0.0
     -0.33      3.17      1.12     -1.20      0.95  0.9  0.5  0.2  0.0  0.2
                                         4000_story_3992.txt 31.8  4.2 4702
 13.8  4.7 15.1 60.6 16.0  1.3  4.0  2.8 20.6 17.4  1.7  0.6  0.6  6.2  0.6
  0.4  1.3  4.3 17.2  0.4  4.0225.9 98.9 32.1 81.0 76.1 15.5  7.9  1.3  3.6
  0.6  1.5 22.1  6.0  8.3 34.7 10.6 10.2  0.4  4.7  1.9  1.1  4.9  5.1  1.1
  1.5  3.8  3.0  2.3  6.8 16.4 27.9  7.7  1.7  5.5 59.8112.7  2.1154.0  9.6
  0.9  0.6  0.0  0.0  0.0  0.0  0.0  0.0  0.0  0.0  0.0  0.0  0.0  0.0  0.0
  0.0  0.0  0.0  1.3  0.9  2.8  2.8  0.2  0.0  0.4  0.0  0.0  0.6  0.9  0.0
  0.0  1.5  1.1  1.1  0.0  0.2  0.0  0.0  0.0  0.6  0.0  0.4  2.1  1.1  0.0
  7.7  0.6  1.5  9.8  3.6  0.2  4.5  3.6  0.0  0.0  0.0  0.0  0.0  0.0  0.0
  0.6  0.4  0.4  0.0  0.0  0.0  0.6 14.0  3.0  3.2 10.6 11.1  1.5  6.4  5.3
  1.7  1.9  1.9  0.0  1.5  0.2  0.6 28.1 14.5 20.2  1.5  3.8 10.4  6.2  0.0
      3.65      4.76      0.09     -0.57      1.50  0.9  0.0  0.0  0.2  0.0
                                         4000_story_3996.txt 34.0  4.1 5393
 16.3  5.0 18.9 60.1 21.0  1.7  4.3  3.7 25.2 19.3  1.9  0.6  0.6  6.1  0.7
  3.2  1.3  5.0 19.3  1.1  2.2191.5 93.3 30.8 91.6 86.8 16.9 13.2  0.7  2.0
  0.4  2.4 24.8  5.6  6.1 42.6 14.8  8.9  1.1  3.3  4.3  3.3  6.7  3.7  0.6
  2.0  6.3  4.5  3.2  6.7 18.2 31.9  6.3  2.4  3.2 64.9133.0  3.9166.7 10.4
  2.4  0.2  0.0  0.0  0.0  0.0  0.0  0.0  0.0  0.0  0.0  0.0  0.0  0.0  0.0
  0.0  0.0  0.0  2.0  1.3  3.2  2.2  0.6  0.0  0.0  0.0  0.0  0.6  0.2  0.9
  0.2  2.0  1.7  1.1  0.0  0.6  0.2  0.2  0.0  0.7  0.4  0.2  3.7  0.4  0.0
  8.7  0.6  0.7 10.0  5.9  0.9  7.6  4.6  0.0  0.0  0.0  0.0  0.0  0.0  0.0
  0.6  1.1  0.0  0.2  0.0  0.0  1.1  7.8  4.6  3.5 13.4  8.7  3.9  6.1  6.9
  1.3  2.4  4.1  0.6  0.9  0.6  0.7 26.9 20.8 23.0  1.3  4.5 12.2  2.0  0.0
      8.41      6.83     -0.43      0.76      2.19  1.3  0.2  0.2  0.0  0.0
                                         4000_story_4001.txt 28.8  4.0 5482
 14.2  4.6 30.3 66.8 24.4  1.1  6.0  8.4 28.6 15.5  1.6  0.2  1.3  3.6  0.9
  1.1  2.2  5.1  4.4  0.7  4.9223.3 86.1 14.6106.5 66.4 10.2 21.7  0.0  0.5
  0.0  4.6  9.3  5.1 16.4 39.9  7.5  6.2  2.0  3.1  2.6  2.6  2.7  5.5  0.2
  2.0  4.9  2.0  0.7  3.8 13.9 17.1  7.7  2.9  0.5 49.8119.5  3.6188.1 13.5
  0.0  0.0  0.0  0.0  0.0  0.0  0.0  0.0  0.0  0.0  0.0  0.0  0.0  0.0  0.0
  0.0  0.0  0.0  2.4  0.7  2.2  2.0  0.2  0.0  0.0  0.0  0.0  0.0  0.0  0.5
  0.4  2.0  1.8  0.0  0.0  0.0  0.0  0.2  0.0  0.0  0.2  0.0  3.1  0.4  0.0
  7.3  0.2  0.0  7.5  4.7  0.2  4.9  3.6  0.0  0.0  0.0  0.0  0.0  0.0  0.0
  1.6  1.1  0.2  0.0  0.4  0.0  0.2 13.3  2.0  1.1  6.6 22.4  1.3  5.7  6.6
  2.9  1.1  0.5  0.5  1.1  0.9  0.0 42.9 27.4 19.2  2.4  2.9  9.5  8.0  0.0
      7.95      6.71     -4.98     -0.83     -0.30  0.2  0.0  0.0  0.0  0.0
                                         4000_story_4003.txt 32.5  4.3 4445
 12.4  3.4 27.4 91.8 17.5  2.2  6.1  1.1 35.5 14.6  2.0  0.0  1.3  5.8  0.2
  0.9  2.2  3.8 18.9  0.4  5.2263.9 97.4 32.4 33.1 44.5  4.5  4.0  0.4  0.9
  0.9  2.0 23.4 10.3  9.4 39.4  5.4  7.0  1.6  4.3  2.9  0.7  9.2  2.9  0.4
  1.1  6.1  1.6  2.2  3.1 13.7 31.3  4.5  2.7  2.2 68.6 97.6  1.3135.7  8.3
  2.2  0.0  0.0  0.0  0.0  0.0  0.0  0.0  0.0  0.0  0.0  0.0  0.0  0.0  0.0
  0.0  0.0  0.0  1.8  0.9  1.3  0.4  0.0  0.0  0.0  0.0  0.0  0.0  0.0  0.0
  0.2  0.7  0.2  0.7  0.0  0.0  0.0  0.0  0.0  0.2  0.0  0.0  2.9  0.4  0.0
  4.5  0.0  0.0  4.5  1.8  0.0  2.0  3.4  0.0  0.0  0.0  0.0  0.0  0.0  0.0
  0.0  0.4  0.0  0.0  0.0  0.0  0.2  8.5  1.1  2.5 13.9 22.0  1.6  3.4  4.0
  2.9  1.8  1.1  2.2  0.0  0.7  1.1 25.2  8.3 16.4  1.1  2.7 10.1  1.8  0.0
      5.98     -1.04     -3.09     -0.83      3.29  0.2  0.0  0.0  0.0  0.0
                                         4000_story_4004.txt 35.5  4.2 5371
 19.4  3.9 10.2 69.8  9.5  1.3  3.9  3.5 55.9 14.2  2.0  0.4  0.4  6.1  0.2
  1.7  2.2  7.1 15.8  1.9  1.9199.4 91.8 23.8 80.2 59.2 13.2 15.5  1.7  2.2
  1.3  2.6 31.1  7.6  6.7 36.9 15.8  6.5  4.1  2.8  3.2  4.5  3.4  6.7  1.1
  1.3  7.8  7.4  2.4  3.9 16.8 29.4  9.1  4.1  5.2 50.6124.6  2.0169.6  8.9
  1.5  0.2  0.0  0.0  0.0  0.0  0.0  0.0  0.0  0.0  0.0  0.0  0.0  0.0  0.0
  0.0  0.0  0.0  4.1  1.9  2.6  2.2  0.2  0.2  0.0  0.0  0.0  0.4  0.2  1.7
  0.7  1.5  1.9  0.6  0.0  0.7  0.0  0.0  0.4  0.9  0.0  0.0  3.0  1.3  0.0
 10.8  0.4  0.6 11.7  6.3  1.1  8.4  4.3  0.0  0.0  0.0  0.0  0.0  0.0  0.0
  0.7  0.2  0.6  0.0  0.0  0.0  1.5 13.2  4.8  3.5 10.6  6.9  1.9  6.5  4.1
  1.1  1.1  1.3  0.0  3.4  0.6  0.7 24.8 28.9 27.0  2.0  3.5  6.9  5.4  0.0
      8.49      4.95      1.14      0.83      0.76  0.6  0.4  0.7  0.0  0.0
                                         4000_story_4006.txt 30.3  4.4 2623
 11.1  0.8  8.0 34.7  2.7  0.8  0.4  2.3 16.0 12.6  0.4  0.4  0.8  2.3  0.4
  2.3  1.1  1.1 19.1  0.8  1.1231.4123.9 47.3 60.6 51.5  7.6  5.3  1.5  2.7
  1.1  7.6 19.4  7.2 11.4 45.0 10.7  3.4  0.4  2.7  1.1  2.3  5.3  4.6  1.5
  1.5  6.5  1.5  2.3  3.4  5.7 36.2  7.6  1.9  5.3 91.1 70.1  3.0121.6 13.0
  1.9  0.0  0.0  0.0  0.0  0.0  0.0  0.0  0.0  0.0  0.0  0.0  0.0  0.0  0.0
  0.0  0.0  0.0  1.1  1.5  1.1  2.7  0.0  0.0  0.0  0.0  0.0  0.4  0.0  0.4
  0.4  0.8  1.1  2.3  0.0  0.0  0.4  0.0  0.0  0.8  0.8  0.8  0.8  1.1  0.0
  6.5  0.0  0.4  6.9  5.0  0.4  6.1  3.4  0.0  0.0  0.0  0.0  0.0  0.0  0.0
  0.4  0.8  0.0  0.0  0.0  0.0  0.8 10.7  3.0  2.7 10.3 27.8  3.4  5.0  7.6
  1.1  1.9  2.7  2.3  0.0  0.8  0.4 22.5 11.1 17.9  0.4  3.4 11.1  4.6  0.0
     -7.11      1.01      0.43     -2.99      2.07  1.5  0.0  0.0  0.0  0.0
                                         4000_story_4008.txt 27.0  4.3 3118
 17.0  1.6  9.0 77.3  1.9  0.3  4.5  3.8 32.1 16.7  2.2  1.0  0.3  5.8  0.3
  4.8  1.6  4.8 18.3  2.9  3.2249.2124.8 43.0 21.2 17.6  4.2  2.2  1.9  5.8
  0.6  1.3 30.8  4.5  7.1 38.2 10.3  5.8  0.6  2.6  6.7  0.6  6.4  4.8  2.2
  1.3  2.9  3.5  1.0  1.9 17.3 26.0  8.3  4.5  8.3 71.2 51.6  1.6115.8  9.9
  1.6  0.3  0.0  0.0  0.0  0.0  0.0  0.0  0.0  0.0  0.0  0.0  0.0  0.0  0.0
  0.0  0.0  0.0  1.3  1.0  0.6  1.6  0.3  0.3  0.0  0.0  0.0  0.0  0.3  0.0
  0.3  3.8  0.6  0.3  0.0  1.0  0.0  0.0  0.0  0.6  0.0  0.0  3.2  1.3  0.0
  4.5  0.6  0.3  5.5  5.1  1.0  6.7  4.5  0.0  0.0  0.0  0.0  0.0  0.0  0.0
  1.3  1.3  0.0  0.0  0.0  0.0  0.6  6.7  3.5  5.1 15.1 26.3  7.4  5.8  7.7
  1.3  1.6  3.2  2.6  0.0  1.0  0.6 20.8  3.5 24.4  0.6  6.4  7.4  1.3  0.0
      4.55     -3.03      2.66     -0.39      3.25  1.6  0.3  0.6  0.0  0.0
                                         4000_story_4014.txt 33.8  3.9 2505
  9.2  3.6  0.0 53.1 10.4  2.0  2.0  0.4 35.9  7.6  0.8  0.4  0.8  4.8  0.4
  1.6  0.4  4.4 41.1  0.4  1.6192.8118.2 29.1 70.7 63.1 12.4 12.0  0.4  5.2
  0.0  4.4 13.2 11.6  8.4 36.7 12.8  8.4  1.6  3.6  3.2  1.6  4.4  6.0  1.2
  1.6 11.2  2.4  0.8  3.6 16.0 60.7  8.8  0.8  5.6 48.3109.4  3.2142.9  6.4
  1.6  0.4  0.0  0.0  0.0  0.0  0.0  0.0  0.0  0.0  0.0  0.0  0.0  0.0  0.0
  0.0  0.0  0.0  2.0  0.4  3.2  2.0  0.4  0.0  0.0  0.0  0.4  0.0  0.0  0.8
  0.8  0.4  0.8  1.2  0.0  0.4  0.0  0.0  0.0  0.4  0.0  0.0  2.4  0.0  0.0
  7.6  0.4  0.4  8.4  4.0  0.4  4.8  2.4  0.0  0.0  0.0  0.0  0.0  0.0  0.0
  0.4  0.4  0.0  0.0  0.0  0.8  0.4  6.0  3.6  0.8 11.2 16.0  3.2  3.6  5.6
  0.4  3.2  3.2  0.4  4.0  0.4  0.0 34.3 20.8 14.4  0.8  7.2  8.4  6.4  0.0
      2.98      4.00     -1.52     -0.30      1.46  0.4  0.0  0.0  0.0  0.0
                                         4000_story_4015.txt 28.3  3.7 3829
 14.1  5.2  1.8 47.0  9.4  0.5  5.7  1.6 12.5 20.6  1.3  0.3  0.3  7.8  0.3
  3.7  1.6  5.2 49.6  0.5  3.9171.8106.8 26.9 90.4 88.5 12.8 13.8  0.0  0.5
  0.0  2.4 17.0 11.8  9.9 31.3 12.8  8.1  1.3  3.9  1.0  1.8  3.4  3.9  0.0
  0.8  8.6  2.4  1.3  4.2 14.4 64.8  4.7  2.1  0.5 48.3110.5  4.2154.3 14.4
  6.0  0.0  0.0  0.0  0.0  0.0  0.0  0.0  0.0  0.0  0.0  0.0  0.0  0.0  0.0
  0.0  0.0  0.0  3.9  0.3  2.6  1.6  0.0  0.0  0.0  0.0  0.0  0.0  0.0  0.3
  0.8  1.0  0.8  0.5  0.0  0.5  0.0  0.3  0.0  0.0  0.0  0.0  2.6  0.8  0.0
  8.4  0.0  0.0  8.4  3.4  0.8  4.2  3.4  0.0  0.0  0.0  0.0  0.0  0.0  0.0
  2.1  0.5  0.3  0.0  0.0  0.0  0.3 14.9  1.8  0.3  5.2 13.3  6.0  5.5  7.6
  3.9  4.7  9.1  0.5  1.8  1.0  0.0 44.7 19.8 17.0  0.5  3.4 10.4  7.1  0.0
     13.68      6.20     -4.77     -1.25     -0.66  0.3  0.0  0.3  0.0  0.0
                                         4000_story_4016.txt 28.3  3.8 2370
 11.4  3.8  0.0 55.7 16.5  2.5  4.6  1.3 19.4 20.7  1.7  3.4  0.0  2.5  0.0
  0.4  0.4  5.9 37.6  0.0  0.0211.4119.0 29.1 61.6 75.9 10.5 11.0  0.8  0.0
  0.0  2.5 15.2 11.0 11.4 26.6 11.0  8.0  0.0  3.8  1.3  1.7  1.3  3.8  0.4
  0.4  9.7  3.0  0.4  3.8 15.2 57.0  4.6  0.4  0.8 43.0111.8  2.5136.3  8.9
  5.9  0.0  0.0  0.0  0.0  0.0  0.0  0.0  0.0  0.0  0.0  0.0  0.0  0.0  0.0
  0.0  0.0  0.0  1.7  0.0  3.4  0.8  0.0  0.0  0.0  0.0  0.0  0.0  0.0  0.0
  0.4  0.4  0.4  1.3  0.0  0.8  0.4  0.0  0.0  0.8  0.0  0.0  2.1  0.0  0.0
  5.9  0.0  0.0  5.9  2.5  1.3  4.6  2.1  0.0  0.0  0.0  0.0  0.0  0.0  0.0
  1.3  1.3  0.0  0.0  0.4  0.0  0.0  8.4  2.1  0.4  8.4 12.7  0.8 12.7  7.6
  2.1  2.5 10.5  1.7  0.4  0.4  0.0 36.7 17.3 14.3  0.8  2.5  4.6  2.5  0.0
      4.01      3.73     -4.53     -1.69     -1.80  1.7  0.0  0.0  0.0  0.0
                                         4000_story_4018.txt 29.8  3.9 3054
  6.5  3.3  0.3 44.9  7.9  1.3  0.7  0.7 23.9  9.8  1.0  1.3  0.3  0.7  0.0
  1.0  1.3  2.9 51.1  0.7  1.3226.3113.6 31.1 64.2 71.7  8.8  7.5  1.0  2.6
  0.7  4.6  9.5  7.9  5.6 31.4 10.5  8.2  2.6  1.3  0.7  0.7  4.9  3.9  0.7
  1.6  6.5  1.6  0.3  3.6 11.8 64.8  6.2  2.0  4.3 58.3103.5  1.0126.7  7.9
  2.0  0.0  0.0  0.0  0.0  0.0  0.0  0.0  0.0  0.0  0.0  0.0  0.0  0.0  0.0
  0.0  0.0  0.0  2.6  0.0  1.6  0.0  0.3  0.0  0.0  0.0  0.0  0.0  0.0  1.0
  0.0  0.0  0.0  0.0  0.0  0.3  0.0  0.0  0.3  0.0  0.0  0.0  1.3  0.0  0.0
  4.3  0.3  0.0  4.6  1.0  0.7  1.6  1.3  0.0  0.0  0.0  0.0  0.0  0.0  0.0
  1.3  1.0  0.0  0.0  0.0  0.0  0.3  8.5  1.0  0.3 10.8 19.0  0.3  2.9  8.8
  1.6  2.0  2.3  0.7  0.0  0.0  0.0 30.1 17.4  8.8  1.0  2.9  3.9  6.9  0.0
      1.83      2.67      0.15     -2.64      1.07  0.3  0.0  0.0  0.0  0.0
                                         4000_story_4019.txt 29.0  4.2 2122
 14.6  2.8  0.5 33.0  3.8  0.5  1.9  1.4  6.6  9.9  0.5  0.0  0.9  3.8  0.5
  1.4  0.5  3.8 39.6  0.9  1.4224.3119.2 39.1 84.8 57.5 11.3  4.2  1.4  4.2
  0.0  5.2 18.4  9.4 11.3 39.1  7.5  3.3  0.0  1.4  0.9  2.4  6.1  7.5  0.5
  1.9 10.8  3.3  0.0  3.8  8.0 57.0  9.9  1.4  5.7 66.0 67.9  0.9136.7 11.3
  1.9  0.0  0.0  0.0  0.0  0.0  0.0  0.0  0.0  0.0  0.0  0.0  0.0  0.0  0.0
  0.0  0.0  0.0  0.0  0.5  4.7  0.9  0.0  0.0  0.5  0.0  0.0  0.0  0.5  0.0
  0.0  0.0  0.9  0.9  0.0  0.0  0.0  0.5  0.0  0.0  0.0  0.0  0.0  0.0  0.0
  6.1  0.5  0.5  7.1  1.9  0.5  2.4  0.0  0.0  0.0  0.0  0.0  0.0  0.0  0.0
  0.9  0.5  0.0  0.0  0.0  0.0  0.0  5.7  0.0  0.9  6.6 21.2  3.3  8.0 12.7
  1.4  2.4  5.2  5.7  0.0  0.5  0.0 23.6  9.0 16.0  0.5  6.6 10.4 10.8  0.0
     -1.51      2.58     -1.12     -3.79      2.32  0.0  0.0  0.0  0.0  0.0
                                         4000_story_4020.txt 28.8  3.9 2755
 13.4  2.5  0.0 38.8  2.9  0.0  4.4  1.5 13.1 15.6  0.4  1.5  0.0  2.2  1.5
  2.9  1.1  3.3 47.5  0.0  1.5198.9123.4 19.6 76.6 77.0  7.6  2.5  0.0  0.0
  0.0  3.6 13.1  5.8 13.8 33.0  8.7  5.1  0.0  3.3  0.0  1.5  2.5  6.5  0.4
  2.2 10.5  3.3  1.1  7.6  8.3 66.4  9.1  1.1  0.0 55.2 92.9  2.9135.0 14.9
  8.7  0.0  0.0  0.0  0.0  0.0  0.0  0.0  0.0  0.0  0.0  0.0  0.0  0.0  0.0
  0.0  0.0  0.0  1.8  0.0  2.5  1.8  0.0  0.0  0.0  0.0  0.0  0.0  0.0  0.0
  0.7  0.4  0.0  1.5  0.0  0.4  0.0  0.0  0.0  0.0  0.0  0.0  2.5  1.5  0.0
  6.2  0.0  0.0  6.2  2.5  0.4  2.9  4.0  0.0  0.0  0.0  0.0  0.0  0.0  0.0
  1.8  0.4  0.0  0.0  0.0  0.0  1.1  3.3  2.2  1.1 11.3 23.2  3.6  6.9  9.1
  3.3  3.6  1.8  1.5  0.0  1.5  0.0 36.7  6.5 16.3  1.5  8.7  8.3  4.7  0.0
      4.74      2.15     -4.37     -3.33     -0.07  0.7  0.0  0.4  0.0  0.0
                                         4000_story_4021.txt 31.8  4.0 2049
 10.2  2.0  0.0 53.2 15.6  0.5  0.5  1.0 34.2 10.2  2.0  0.0  1.5  4.9  0.5
  0.5  0.0  3.9 35.1  0.5  1.0226.5126.9 42.5 52.7 42.0 16.1  4.9  3.4  4.9
  0.0  5.4 13.2  6.3  4.9 29.3  8.3  7.3  0.5  0.5  4.4  0.0  2.4  3.9  1.0
  0.5 11.7  5.4  1.0  5.9 15.6 52.7  5.4  0.5  8.3 65.9 91.8  1.5121.5  7.8
  3.9  0.5  0.0  0.0  0.0  0.0  0.0  0.0  0.0  0.0  0.0  0.0  0.0  0.0  0.0
  0.0  0.0  0.0  1.0  0.0  2.9  1.0  0.0  0.5  0.0  0.0  0.0  0.0  0.0  0.0
  0.0  0.0  0.0  0.5  0.0  0.5  0.0  0.0  0.5  0.0  0.0  0.0  0.5  0.0  0.0
  4.9  0.5  0.0  5.4  0.5  1.0  1.5  0.5  0.0  0.0  0.0  0.0  0.0  0.0  0.0
  1.0  0.0  0.0  0.0  0.0  0.0  0.0 15.6  1.0  1.0  9.3 21.5  1.0 10.7  7.3
  0.5  3.4  4.9  2.0  1.0  0.5  0.0 28.8 10.7 17.1  1.0  3.4  5.9  3.4  0.0
     -1.85      1.87      3.41     -2.39     -0.60  1.0  1.5  1.5  0.0  0.0
                                         4000_story_4023.txt 29.3  3.7 2694
 13.0  4.8  0.7 49.7  9.3  1.1  5.2  0.7  8.2 17.1  2.2  0.0  0.0  4.5  0.4
  1.9  0.7  4.1 50.9  1.5  2.2174.1112.1 18.2 83.1 94.3 11.1 11.1  0.0  0.0
  0.0  2.6 12.6  7.4 16.3 28.6 11.5 10.4  0.4  5.6  1.5  3.3  2.2  6.3  0.0
  0.4  9.7  1.5  0.7  5.2 16.0 68.7  6.7  2.2  0.0 44.5111.7  4.5149.2 15.2
  6.7  0.0  0.0  0.0  0.0  0.0  0.0  0.0  0.0  0.0  0.0  0.0  0.0  0.0  0.0
  0.0  0.0  0.0  5.9  0.0  1.1  1.5  0.0  0.0  0.0  0.0  0.0  0.0  0.0  0.4
  0.0  0.0  0.4  1.5  0.4  0.4  0.0  0.0  0.0  0.0  0.0  0.0  3.7  0.4  0.0
  8.5  0.0  0.0  8.5  2.2  0.7  3.0  4.1  0.0  0.0  0.0  0.0  0.0  0.0  0.0
  2.2  0.0  0.0  0.0  0.0  0.0  2.2 14.1  3.3  1.5 10.8 15.2  1.1  6.7  6.7
  5.9  3.7  4.5  0.7  1.5  0.0  0.0 36.7 20.8 15.2  2.6  4.1  6.7  7.4  0.0
      9.30      5.40     -5.74      0.56     -1.16  1.1  0.0  0.0  0.0  0.0
                                         4000_story_4024.txt 27.3  4.1 2382
 14.3  2.5  0.4 29.4  2.9  0.0  3.4  0.4  9.7  4.2  0.4  2.5  0.4  4.2  0.0
  0.0  1.3  4.6 38.6  1.7  1.3217.0138.5 28.5 70.5 76.4 13.4  2.5  1.7  6.3
  0.4  5.0 22.3  5.5  8.4 36.5 11.3  3.4  1.7  0.0  0.8  2.1  7.1  5.9  2.1
  1.7  6.7  4.2  0.4  4.6  8.8 52.9  9.7  2.9  8.4 58.8 89.0  3.8121.3  2.9
  5.0  0.0  0.0  0.0  0.0  0.0  0.0  0.0  0.0  0.0  0.0  0.0  0.0  0.0  0.0
  0.0  0.0  0.0  1.7  0.8  2.9  2.1  0.0  0.0  0.4  0.0  0.0  0.0  0.0  0.0
  0.0  1.7  0.4  1.3  0.0  0.4  0.0  0.4  0.0  0.0  0.8  0.0  1.3  0.0  0.0
  7.6  0.4  0.0  8.0  3.4  0.8  4.2  2.1  0.0  0.0  0.0  0.0  0.0  0.0  0.0
  0.8  0.4  0.0  0.0  0.0  0.0  0.0 18.5  0.8  0.4 10.9 17.6  4.2  3.4  4.6
  0.4  5.5  1.3  0.8  0.4  1.7  0.0 23.9  9.2 18.9  2.1  5.0  8.4  4.2  0.0
      0.26      3.04      2.80     -4.02      3.88  0.4  0.0  0.4  0.0  0.0
                                         4000_story_4025.txt 30.8  4.0 1951
  8.2  1.5  0.0 46.6  4.1  1.0  5.1  1.0 19.0  9.2  3.6  1.0  0.5  7.2  0.0
  1.0  1.5  4.6 39.0  0.0  2.1213.2116.4 29.7 68.2 52.3 16.4  6.7  2.1  3.6
  2.6  1.5 19.5  4.6  4.6 29.2 10.3  5.1  2.6  1.5  1.0  1.0  3.1  8.2  0.5
  1.5  6.7  3.1  2.1  3.6 10.8 49.7 10.3  1.5  8.2 58.9 75.3  1.0136.9  9.7
  3.1  0.5  0.0  0.0  0.0  0.0  0.0  0.0  0.0  0.0  0.0  0.0  0.0  0.0  0.0
  0.0  0.0  0.0  1.5  1.0  1.5  1.5  0.0  0.5  0.0  0.0  0.0  0.0  0.0  1.0
  0.5  0.5  0.5  0.5  0.0  0.0  0.0  0.0  0.0  0.0  0.0  0.0  1.5  0.0  0.0
  5.6  0.5  0.0  6.2  3.1  0.0  3.1  1.5  0.0  0.0  0.0  0.0  0.0  0.0  0.0
  0.5  0.5  0.0  0.0  0.0  0.0  0.0  7.7  1.5  0.5  7.7 14.4  6.7  5.1  7.2
  5.6  6.7  0.0  1.0  0.5  0.0  0.0 34.3 15.4 13.8  0.5  4.1  5.1  4.6  0.0
      3.58      3.23      3.89     -2.96      0.43  0.0  0.0  0.0  0.0  0.0
                                         4000_story_4027.txt 32.0  4.0 5610
 10.7  3.7 19.1 60.1 24.8  1.2  1.4  3.9 47.4 10.9  1.2  0.4  0.2  8.4  1.1
  0.2  2.7  6.2  9.1  2.0  2.3214.8114.4 32.8 68.4 84.0  8.0  3.6  0.2  1.4
  0.2  0.9 17.6  4.6  9.1 33.3 15.2  7.7  0.4  2.1  1.6  2.0  3.7  3.7  0.9
  2.0  7.1  1.4  5.9  2.5 15.5 19.6  6.6  4.6  1.8 57.6156.1  1.4151.5  6.4
  3.2  0.0  0.0  0.0  0.0  0.0  0.0  0.0  0.0  0.0  0.0  0.0  0.0  0.0  0.0
  0.0  0.0  0.0  1.2  1.4  2.1  0.5  0.4  0.0  0.0  0.0  0.0  0.0  0.0  0.0
  0.5  2.3  2.5  0.5  0.0  0.0  0.0  0.2  0.2  0.7  0.0  0.0  1.6  0.9  0.0
  5.3  0.4  0.0  5.7  5.9  0.4  7.0  2.5  0.0  0.0  0.0  0.0  0.0  0.0  0.0
  0.5  0.5  0.0  0.0  0.2  0.0  0.7 13.5  3.7  2.9  9.3 19.3  2.1  4.1  7.7
  2.9  0.9  3.7  2.3  0.9  0.9  0.0 39.9  8.2 17.8  1.1  4.3  7.0  3.0  0.0
      6.84      2.46     -2.38     -2.14      0.60  1.2  0.2  0.0  0.0  0.0
                                         4000_story_4030.txt 27.5  3.7 3926
 14.0  3.3 25.7 71.6 23.2  1.8  1.5  2.5100.6  7.9  1.5  1.5  0.0 14.0  1.5
  0.0  3.6  9.2 21.7  1.5  4.1179.1101.1 13.8 68.3 44.6  5.6  8.4  0.0  0.5
  0.0  2.0 10.2  3.8 12.7 38.5 17.3  6.4  1.0  1.8  1.8  1.0  2.0  3.6  0.0
  0.8  4.1  1.3  2.5  1.5 17.3 31.1  4.3  5.1  0.5 39.0168.4  0.8161.5 17.1
  1.0  0.0  0.0  0.0  0.0  0.0  0.0  0.0  0.0  0.0  0.0  0.0  0.0  0.0  0.0
  0.0  0.0  0.0  3.1  1.3  1.3  0.8  0.3  0.0  0.0  0.0  0.0  0.0  0.0  0.3
  0.0  4.6  2.3  0.3  0.0  0.5  0.3  0.0  0.0  0.0  0.0  0.0  1.8  1.5  0.0
  6.4  0.3  0.0  6.6  7.4  0.8  8.2  3.3  0.0  0.0  0.0  0.0  0.0  0.0  0.0
  1.5  0.3  0.0  0.0  0.0  0.3  0.0 14.8  2.5  2.0  6.6 20.9  2.0  7.6  6.6
  3.6  0.3  1.3  1.5  0.8  0.3  0.0 49.9 15.0 20.9  2.5  3.1 11.7  4.6  0.0
     21.26      1.13     -4.33     -2.69     -1.57  0.3  0.3  0.3  0.0  0.0
                                         4000_story_4032.txt 31.8  4.3 2073
  7.2  1.0  2.9 27.5  7.2  0.0  1.9  1.9  8.7  7.7  1.9  0.0  0.0  3.9  0.0
  1.4  0.0  3.9 33.8  0.0  4.3238.3130.2 32.3 78.6 85.4 10.6  4.8  2.9  5.3
  1.0  3.9 25.6  3.9  9.6 28.5 17.4  5.3  1.4  0.0  3.4  2.4  2.9 12.5  1.9
  2.4  4.3  3.4  1.9  1.9 12.5 42.0 16.9  0.0  9.2 59.8101.3  1.0131.7  6.3
  3.4  0.0  0.0  0.0  0.0  0.0  0.0  0.0  0.0  0.0  0.0  0.0  0.0  0.0  0.0
  0.0  0.0  0.0  1.9  0.5  1.0  0.5  0.0  0.0  0.5  0.0  0.0  0.0  0.0  0.5
  0.5  1.0  3.4  0.5  0.0  0.5  0.0  0.5  0.0  0.5  0.0  0.0  1.0  1.0  0.0
  3.9  0.5  0.0  4.3  5.8  1.0  7.2  1.9  0.0  0.0  0.0  0.0  0.0  0.0  0.0
  1.0  1.0  0.5  0.0  0.0  0.0  0.0 17.4  7.2  1.0 11.6 14.0  1.4  5.3  3.9
  1.0  1.0  1.9  0.0  1.0  1.9  0.0 32.3  8.2  9.2  3.4  4.3  5.3  1.9  0.0
     -5.93      3.59      3.85     -2.30      2.35  1.0  0.0  0.5  0.0  0.0
                                         4000_story_4033.txt 30.5  4.4 3599
  8.3  0.8  1.1 31.7  1.1  0.3  1.9  2.2  8.3  7.2  0.3  0.0  0.0  4.2  0.6
  3.1  0.6  3.6 33.6  0.0  2.5243.4123.6 48.3 62.5 58.9 14.4  3.6  1.9  3.6
  0.8  2.2 25.6  5.0  6.7 33.1 11.9  4.2  0.8  1.4  3.9  2.8  4.7 11.1  2.2
  1.4  6.7  5.8  2.5  2.2 11.7 43.9 14.7  0.6  6.4 78.4 68.4  2.8119.8  9.2
  1.4  0.6  0.0  0.0  0.0  0.0  0.0  0.0  0.0  0.0  0.0  0.0  0.0  0.0  0.0
  0.0  0.0  0.0  1.4  1.4  1.4  1.1  0.0  0.6  0.3  0.0  0.3  0.0  0.0  0.3
  0.0  1.4  1.9  0.0  0.3  0.3  0.0  0.0  0.0  0.3  0.0  0.3  2.5  0.0  0.0
  5.3  0.8  0.3  6.4  3.6  0.6  4.4  2.8  0.0  0.0  0.0  0.0  0.0  0.0  0.0
  0.6  0.8  0.3  0.0  0.0  0.3  0.3  8.3  3.9  1.1 10.8 11.4  1.4  5.8  4.7
  1.1  3.1  3.9  0.6  0.3  1.9  0.0 25.8  7.5 13.6  1.4  3.9  5.6  2.8  0.0
     -5.95      2.39      2.01     -1.75      3.17  0.6  0.3  0.0  0.0  0.0
                                         4000_story_4036.txt 32.8  4.4 3660
  5.5  0.8  0.0 26.5  0.0  0.5  1.1  2.7  3.0  7.9  0.0  0.3  0.0  2.7  1.4
  2.2  0.3  5.5 34.4  0.3  2.7251.1127.0 31.7 62.8 48.4 10.9  1.4  2.5  4.1
  1.1  3.6 34.4  4.9 10.4 38.8 15.6  1.6  0.8  0.3  1.6  3.0  6.3 13.1  1.6
  2.2  4.6  5.7  1.4  1.6  8.7 43.2 16.9  0.5  7.7 59.0 51.4  1.1117.2  8.5
  3.8  0.0  0.0  0.0  0.0  0.0  0.0  0.0  0.0  0.0  0.0  0.0  0.0  0.0  0.0
  0.0  0.0  0.0  2.5  1.1  1.1  1.1  0.0  0.8  0.3  0.0  0.0  0.0  0.0  0.8
  0.5  0.3  3.6  0.0  0.3  0.5  0.0  0.8  0.3  0.0  0.0  0.0  1.9  1.4  0.0
  5.7  1.1  0.0  6.8  5.2  1.9  7.1  3.3  0.0  0.0  0.0  0.0  0.0  0.0  0.0
  0.5  0.8  0.0  0.5  0.3  0.0  0.0 13.9  2.5  0.8 12.6 15.6  4.9  4.4  7.1
  4.1  2.5  2.2  0.8  0.3  1.4  0.0 30.1  6.6  9.0  3.0  3.6  4.1  2.5  0.0
     -5.70      0.84      2.51     -3.84      4.25  1.4  0.3  0.0  0.0  0.0
                                         4000_story_4041.txt 31.3  4.4 1944
  8.7  2.1  1.5 38.6  1.0  0.0  3.1  1.5  5.7  9.8  1.0  0.0  0.5  4.1  0.0
  1.5  0.5  4.6 37.0  0.5  0.5218.6116.3 32.4 75.1 77.7 14.4  6.7  2.1  4.1
  1.5  3.6 30.9  2.1  5.7 40.6 18.5  4.6  1.0  1.5  3.6  1.5 10.8 11.8  2.6
  2.6  6.2  7.2  2.1  3.6 12.9 48.4 17.0  1.0  7.7 55.6 84.4  3.1142.0  7.7
  4.1  0.5  0.0  0.0  0.0  0.0  0.0  0.0  0.0  0.0  0.0  0.0  0.0  0.0  0.0
  0.0  0.0  0.0  4.6  2.6  1.5  1.5  1.0  0.0  0.0  0.0  0.0  0.0  0.0  1.0
  0.5  3.1  0.5  0.5  0.0  1.5  0.0  0.0  0.0  1.0  0.0  0.0  2.1  1.0  0.0
 10.3  1.0  0.0 11.3  5.7  1.5  8.2  3.1  0.0  0.0  0.0  0.0  0.0  0.0  0.0
  1.0  1.0  0.0  0.0  0.5  0.0  0.0 10.3  8.7  0.5 10.3  2.6  2.1  1.5  9.8
  1.0  3.1  0.5  0.0  0.5  1.0  0.5 29.8 11.3 12.3  1.5  3.1  5.7  4.1  0.0
     -3.36      4.20      4.56     -2.14      7.73  0.5  0.5  0.0  0.0  0.0
                                         4000_story_4042.txt 31.0  4.2 2769
  9.8  1.8  0.0 37.9  2.5  0.0  1.1  3.3 11.2 10.8  2.2  0.7  0.0  2.9  0.0
  4.0  0.4  3.6 35.0  0.7  2.2221.0115.6 34.3 73.7 86.7 14.8  6.5  0.7  3.6
  1.4  3.6 25.3  3.3  6.9 43.7 15.5  5.4  2.2  0.4  2.5  3.6 10.1 17.7  0.7
  1.8  6.9  5.8  1.4  2.9 11.6 46.6 20.2  1.1  5.8 61.0100.4  3.3133.6  6.1
  2.9  0.4  0.0  0.0  0.0  0.0  0.0  0.0  0.0  0.0  0.0  0.0  0.0  0.0  0.0
  0.0  0.0  0.0  4.7  1.1  1.4  0.0  0.4  0.0  0.4  0.0  0.0  0.0  0.4  1.4
  1.4  0.7  2.2  0.0  0.0  1.4  0.0  0.0  0.4  1.1  0.0  0.0  4.7  0.0  0.0
  7.2  0.7  0.4  8.3  5.8  1.8  8.7  4.7  0.0  0.0  0.0  0.0  0.0  0.0  0.0
  0.4  1.1  0.7  0.0  0.0  0.4  0.0 15.5  4.7  1.1  9.4  9.8  1.4  4.7  5.4
  5.4  1.4  2.2  0.0  1.1  1.1  0.0 27.1 16.3 15.9  2.9  2.2  6.1  1.1  0.0
     -2.19      4.60      2.18     -1.80      6.51  1.1  0.0  0.0  0.0  0.0
                                         4000_story_4045.txt 31.0  4.3 3315
  6.9  0.9  0.0 26.8  0.3  0.6  3.0  3.0  4.5  5.7  1.2  0.6  0.0  2.4  0.0
  1.5  0.6  3.9 38.9  0.0  3.3239.2118.9 38.6 73.3 70.0 11.8  1.8  1.2  5.7
  0.3  3.9 26.5  6.9  9.0 34.1 14.2  2.7  1.5  0.6  2.7  4.8  2.7 12.7  1.5
  2.1  4.8  4.2  1.5  2.7  9.4 48.9 16.3  0.6  7.2 64.0 74.8  3.6123.4  5.7
  4.8  0.0  0.0  0.0  0.0  0.0  0.0  0.0  0.0  0.0  0.0  0.0  0.0  0.0  0.0
  0.0  0.0  0.0  0.6  0.3  0.9  1.2  0.0  0.3  0.0  0.0  0.0  0.0  0.0  0.0
  0.3  0.9  1.2  0.6  0.3  1.8  0.0  0.0  0.0  0.3  0.0  0.0  0.9  0.0  0.0
  3.0  0.3  0.0  3.3  3.0  2.1  5.4  0.9  0.0  0.0  0.0  0.0  0.0  0.0  0.0
  0.0  1.2  0.0  0.0  0.0  0.0  0.0 12.4  3.0  0.6 12.1  4.2  0.6  3.9  9.4
  1.8  4.2  3.3  0.3  0.6  1.8  0.0 32.9  9.0 10.0  1.5  4.2  5.1  3.0  0.0
     -4.91      2.39      1.54     -1.97      1.83  0.6  0.0  0.0  0.0  0.0
                                         4000_story_4046.txt 31.3  4.3 2460
  6.5  1.6  0.0 27.6  1.2  0.0  1.6  2.0  2.8  7.7  0.8  0.4  0.8  2.8  0.4
  0.8  0.4  4.1 34.1  0.0  2.8239.0122.4 37.0 66.3 71.1 17.9  2.8  1.2  3.3
  0.8  4.9 32.9  2.8  4.1 37.0 13.4  3.3  0.4  1.6  2.4  6.1  7.3 10.6  2.8
  4.1  7.7  5.7  2.0  2.0  9.8 48.8 17.5  0.4  5.3 61.0 75.2  1.2119.5 11.0
  4.1  0.0  0.0  0.0  0.0  0.0  0.0  0.0  0.0  0.0  0.0  0.0  0.0  0.0  0.0
  0.0  0.0  0.0  1.6  1.2  2.0  0.8  0.0  0.0  0.0  0.0  0.0  0.0  0.0  0.4
  0.0  0.4  1.6  0.4  0.0  1.6  0.0  0.0  0.0  0.4  0.4  0.0  2.0  0.4  0.0
  5.7  0.0  0.0  5.7  2.8  1.6  4.9  2.8  0.0  0.0  0.0  0.0  0.0  0.0  0.0
  0.8  0.8  0.0  0.0  0.0  0.0  0.0 12.2  3.3  1.2 13.0 12.6  1.6  4.5  5.3
  1.2  2.4  2.0  0.4  0.0  0.8  0.4 22.4  8.5 10.2  1.2  1.2  5.7  3.7  0.0
     -6.41      3.58      4.04     -1.36      6.05  1.6  0.0  0.0  0.0  0.0
                                         4000_story_4047.txt 33.3  4.5 2996
  7.0  1.0  0.0 27.7  0.3  0.7  1.7  2.0  2.3  4.3  1.3  0.0  0.7  1.0  0.0
  0.3  1.0  5.0 35.0  0.0  2.3247.0135.5 45.1 66.8 59.4 11.7  2.3  2.3  4.7
  3.0  1.7 26.7  6.7  9.3 36.0 11.3  3.0  0.7  0.7  2.0  4.0  4.3 15.0  2.0
  5.7  7.7  1.7  2.0  2.7 10.0 45.1 22.7  1.0 10.0 66.1 62.1  3.7116.8  6.0
  4.0  0.3  0.0  0.0  0.0  0.0  0.0  0.0  0.0  0.0  0.0  0.0  0.0  0.0  0.0
  0.0  0.0  0.0  0.7  0.7  1.7  0.7  0.3  0.0  0.0  0.0  0.0  0.0  0.0  0.7
  0.0  1.0  2.7  0.3  0.0  0.7  0.0  0.0  0.0  0.0  0.0  0.0  2.0  1.0  0.0
  3.7  0.3  0.0  4.0  4.7  0.7  5.3  3.0  0.0  0.0  0.0  0.0  0.0  0.0  0.0
  0.0  0.0  0.0  0.0  0.0  0.0  0.0  3.7  3.7  0.7  9.7  8.0  2.3  4.3 13.0
  1.7  4.3  1.0  1.7  0.3  2.3  0.3 25.0  6.0  9.0  2.3  2.3  5.3  2.7  0.0
     -8.93      1.79      3.18     -2.82      4.73  1.0  0.0  0.0  0.0  0.0
                                         4000_story_4049.txt 34.3  4.2 3180
  6.9  0.6  0.3 29.6  0.0  0.3  2.2  3.8  7.9 13.2  2.2  0.3  0.0  2.8  0.0
  0.9  0.0  3.5 37.4  0.6  1.6238.4122.3 31.8 70.4 63.2 10.4  2.2  2.2  5.7
  1.6  3.1 28.3  5.0  6.3 31.4 16.0  3.5  1.3  3.5  4.4  1.9  4.1 16.7  2.2
  2.5  6.9  3.5  1.3  3.8 11.3 51.3 21.4  0.6  9.4 56.9 71.1  5.7122.0  4.4
  2.8  0.0  0.0  0.0  0.0  0.0  0.0  0.0  0.0  0.0  0.0  0.0  0.0  0.0  0.0
  0.0  0.0  0.0  0.9  0.9  1.6  0.3  0.0  0.0  0.0  0.0  0.0  0.0  0.0  0.6
  0.6  1.9  1.6  0.0  0.0  0.6  0.0  0.0  0.0  0.9  0.0  0.0  2.2  0.9  0.0
  3.8  0.0  0.0  3.8  4.7  0.6  6.3  3.1  0.0  0.0  0.0  0.0  0.0  0.0  0.0
  0.3  0.6  0.0  0.0  0.0  0.0  0.0 14.8  2.2  0.6 10.7 10.4  2.5  3.1  4.7
  0.6  3.1  3.8  0.9  0.3  0.0  0.0 31.4  7.2 10.7  4.4  3.1  3.5  4.1  0.0
     -4.99      1.80      4.58     -0.95      3.96  0.6  0.3  0.6  0.0  0.0
                                         4000_story_4052.txt 30.5  4.5 2358
  6.8  2.5  0.0 36.9  1.7  0.0  4.7  3.0 11.0  9.8  2.5  0.8  0.0  3.4  0.8
  1.7  0.4  3.8 33.9  1.3  0.8228.6109.0 37.3 66.2 51.3 14.8  3.0  1.7  5.9
  1.3  2.5 33.9  3.8  6.8 46.2 16.1  5.9  0.8  1.3  4.2  2.1  7.6 14.4  2.5
  2.1  4.2  5.1  3.4  4.2 14.0 42.8 19.1  1.7  8.9 61.5 64.0  6.8126.0  6.4
  3.8  0.0  0.0  0.0  0.0  0.0  0.0  0.0  0.0  0.0  0.0  0.0  0.0  0.0  0.0
  0.0  0.0  0.0  2.5  1.7  1.7  2.1  0.4  0.0  0.0  0.0  0.0  0.0  0.0  1.3
  0.4  1.3  0.8  0.8  0.0  1.7  0.0  0.4  0.4  1.3  0.0  0.0  1.7  0.4  0.0
  8.1  0.4  0.0  8.5  4.7  2.5  8.5  2.1  0.0  0.0  0.0  0.0  0.0  0.0  0.0
  0.0  0.0  0.4  0.0  0.0  0.0  0.0 11.9  3.0  0.8  9.3  4.7  0.8  2.5  5.9
  3.0  3.4  0.4  0.4  2.1  1.7  0.0 25.0 10.6 10.6  2.5  1.3  5.5  1.3  0.0
     -2.43      2.13      3.68     -1.47      5.97  0.0  0.0  0.4  0.0  0.0
                                         4000_story_4056.txt 33.8  4.4 4123
  7.0  0.5  0.2 30.3  0.0  0.2  2.2  3.2  0.0  5.6  1.7  0.0  0.2  4.1  0.5
  1.5  1.0  5.3 38.6  0.0  1.9232.8119.8 45.8 71.8 53.4 10.9  2.2  1.0  8.5
  1.2  2.2 22.3  4.4  6.8 37.6 12.4  4.1  0.5  1.2  3.2  5.8  5.1 15.3  2.4
  3.9  4.6  8.5  1.5  3.2 12.6 46.6 21.6  1.0 10.7 74.9 53.4  2.4125.2  7.8
  2.7  0.2  0.0  0.0  0.0  0.0  0.0  0.0  0.0  0.0  0.0  0.0  0.0  0.0  0.0
  0.0  0.0  0.0  2.4  1.2  1.0  2.2  0.2  0.5  0.0  0.0  0.0  0.0  0.2  1.2
  0.5  1.0  1.5  0.7  0.2  0.5  0.5  0.0  0.0  0.5  0.2  0.2  1.7  0.7  0.0
  6.8  0.7  0.2  7.8  4.9  1.2  6.5  2.9  0.0  0.0  0.0  0.0  0.0  0.0  0.0
  0.2  1.2  0.2  0.0  0.0  0.0  0.0  6.3  5.3  1.0  9.2  6.8  1.5  4.6  7.8
  1.5  3.4  1.9  1.0  0.7  1.0  0.5 31.5  6.1 12.4  1.0  2.9  7.3  3.4  0.0
     -4.60      1.51      3.87     -1.09      4.99  1.0  0.5  0.0  0.0  0.2
                                         4000_story_4057.txt 31.0  4.4 2627
  6.5  0.8  1.5 29.3  2.7  0.8  3.0  4.2  5.7  7.6  0.8  0.0  0.4  3.0  0.4
  1.5  0.0  2.7 35.0  0.0  2.3215.8118.8 33.5 82.2 65.1 12.6  4.2  1.5  7.6
  1.1  3.8 35.0  5.3  9.9 24.0 15.2  4.2  0.4  1.5  3.0  3.0  3.8 21.7  0.8
  2.3  7.6  5.7  2.7  3.0  9.9 48.0 24.7  0.0 10.3 64.0 73.5  1.5134.4  7.6
  4.9  0.8  0.0  0.0  0.0  0.0  0.0  0.0  0.0  0.0  0.0  0.0  0.0  0.0  0.0
  0.0  0.0  0.0  2.3  0.4  1.5  2.7  0.4  0.4  0.4  0.0  0.0  0.0  0.0  0.8
  0.4  0.8  3.0  0.4  0.0  1.1  0.0  0.4  0.4  0.0  0.4  0.0  0.8  0.0  0.0
  6.9  1.1  0.0  8.0  5.3  1.9  7.2  1.1  0.0  0.0  0.0  0.0  0.0  0.0  0.0
  0.4  0.4  0.0  0.0  0.0  0.0  0.4 13.3  5.7  1.1 10.7  5.3  0.0  4.6 11.4
  3.8  0.8  2.7  0.4  0.8  3.4  0.0 33.9 11.8 11.8  0.8  5.3  4.9  0.8  0.0
     -5.51      3.06      4.76     -2.13      3.36  1.1  0.4  0.0  0.4  0.0
                                         4000_story_4064.txt 31.5  4.5 4777
  6.9  1.5  0.0 31.6  5.4  0.2  1.0  1.7 10.3  4.2  1.5  0.0  0.2  2.1  0.8
  1.9  0.4  3.8 32.7  0.4  0.2246.8126.0 42.3 62.4 68.0 10.7  4.6  2.1  2.3
  1.5  2.9 31.4  4.8  8.2 32.0 13.4  5.0  1.5  1.3  1.7  4.2  5.2 12.6  1.7
  3.1  6.1  2.3  3.3  2.7 10.5 42.9 17.4  0.8  5.9 63.6 83.7  2.1118.3  8.2
  3.3  0.2  0.0  0.0  0.0  0.0  0.0  0.0  0.0  0.0  0.0  0.0  0.0  0.0  0.0
  0.0  0.0  0.0  1.7  0.4  1.5  1.0  0.0  0.8  0.0  0.0  0.0  0.0  0.4  0.8
  0.6  0.8  1.9  0.4  0.4  0.4  0.2  0.2  0.0  0.8  0.2  0.0  1.0  0.4  0.0
  4.6  0.8  0.4  5.9  4.6  1.3  6.7  1.7  0.0  0.0  0.0  0.0  0.0  0.0  0.0
  0.0  1.0  0.4  0.0  0.0  0.0  0.2  6.7  4.4  0.8  9.8  6.7  3.8  6.3  6.9
  3.1  2.5  0.8  0.6  1.7  1.9  0.0 23.9  9.4 10.0  1.9  2.5  5.4  4.2  0.0
     -8.26      2.25      2.36     -1.89      3.85  0.4  0.6  0.2  0.0  0.0
                                         cont_story_0001.txt 30.8  4.2 4173
 19.2  2.9  3.8105.9  8.1  0.2  2.6  2.9 14.1  8.1  0.5  1.7  0.2  6.0  0.7
  0.7  0.7  5.8 11.3  2.2  1.9252.1 82.7 24.9 21.3 77.2  8.4 11.5  0.5  1.4
  0.5  3.1 20.1  9.8 10.3 40.7  8.6 10.3  1.7  3.8  2.6  2.9  4.6  3.6  0.2
  1.0 12.0  4.8  2.9  4.6 18.7 31.9  4.8  2.9  2.4 59.4 99.4  1.7143.3 16.3
  2.2  0.0  0.0  0.0  0.0  0.0  0.0  0.0  0.0  0.0  0.0  0.0  0.0  0.0  0.0
  0.0  0.0  0.0  2.4  1.0  1.9  1.0  0.0  0.0  0.0  0.0  0.2  0.0  0.0  1.0
  0.0  1.0  0.5  0.5  0.0  0.0  0.0  0.0  0.0  0.0  0.0  0.0  1.7  1.9  0.0
  6.2  0.0  0.2  6.5  2.9  0.0  2.9  3.6  0.0  0.0  0.0  0.0  0.0  0.0  0.0
  0.2  1.0  0.2  0.0  0.0  0.0  0.2 31.9  1.9  1.2  6.9 18.2  0.5  5.3 11.7
  4.3  1.0  0.0  0.7  0.0  0.2  0.5 34.5 19.9 23.0  1.2  3.1  8.4  3.6  0.0
      1.46      2.15     -3.19      0.54      0.26  1.0  0.0  0.2  0.0  0.0
                                         cont_story_0002.txt 33.0  4.4 4124
 12.6  1.9  3.6 34.7  5.1  0.5  2.7  2.4 17.2  7.0  0.7  0.2  0.5  4.6  0.7
  1.2  2.4  5.6 13.1  0.5  0.5278.1108.4 26.7 83.7 74.4  8.5  6.5  0.7  3.4
  0.2  1.2 23.0  8.2  7.5 29.6 12.9  2.2  1.7  0.7  1.5  1.2  2.4  5.1  0.2
  2.7  6.5  3.6  1.7  5.3  9.2 21.8  8.0  2.9  4.4 50.7 96.8  2.7138.2  9.5
  2.9  0.5  0.0  0.0  0.0  0.0  0.0  0.0  0.0  0.0  0.0  0.0  0.0  0.0  0.0
  0.0  0.0  0.0  1.7  1.2  1.7  2.2  0.2  0.5  0.0  0.0  0.0  0.0  0.0  0.2
  0.7  2.4  0.5  1.5  0.0  0.7  0.0  0.2  0.0  0.2  0.0  0.0  1.7  1.0  0.0
  6.8  0.7  0.0  7.5  5.3  1.0  6.5  2.7  0.0  0.0  0.0  0.0  0.0  0.0  0.0
  0.0  1.0  0.0  0.0  0.0  0.0  0.0  3.9  2.4  2.2 13.8 17.9  2.4  9.0 10.2
  1.7  0.7  1.5  0.0  0.0  1.7  0.2 28.9 10.9 17.5  1.0  1.7  4.6  7.5  0.0
     -4.16      3.18     -0.88     -4.03     -0.29  1.5  0.2  0.0  0.0  0.0
                                         cont_story_0003.txt 33.0  4.3 4339
 14.3  7.8 28.6 62.5 12.9  2.8  5.5  7.4 11.3 11.3  3.2  1.4  1.4  7.4  0.9
  1.4  4.6  6.0  8.5  1.6  2.5227.5 84.8 28.8 79.7 76.3 18.9  7.6  1.2  1.6
  0.5  2.3 16.6  6.2 10.6 46.6  7.1 18.7  0.5  3.5  3.5  5.5  5.8  2.5  0.0
  1.2  5.1  2.8  1.8  7.8 28.1 20.7  3.7  6.2  3.2 75.8100.5  6.5154.2 15.4
  1.8  0.5  0.0  0.0  0.0  0.0  0.0  0.0  0.0  0.0  0.0  0.0  0.0  0.0  0.0
  0.0  0.0  0.0  1.8  2.8  4.1  3.0  0.7  0.2  0.0  0.0  0.0  0.2  0.2  0.0
  0.7  1.2  0.7  0.9  0.0  0.2  0.0  0.2  0.0  0.0  0.5  0.5  5.1  3.5  0.0
 11.8  0.9  0.5 13.1  3.5  0.5  3.9  9.4  0.0  0.0  0.0  0.0  0.0  0.0  0.0
  0.5  0.2  0.2  0.0  0.0  0.5  0.2 10.4  1.8  1.6  9.9 11.3  2.1  6.0  9.2
  3.0  1.2  1.6  0.0  2.1  0.9  0.7 27.4 13.6 21.0  1.6  1.4  7.8  3.0  0.0
     13.10      5.33     -2.66      3.42      0.73  0.5  0.0  0.0  0.0  0.0
                                         cont_story_0004.txt 35.0  4.1 4198
 18.8  6.0  5.5 48.1  8.6  0.7  1.7  1.7 85.0 10.5  0.5  0.5  0.7  4.8  0.7
  0.7  2.1  5.0 14.1  1.7  1.0210.3 93.4 24.8104.8 56.9 14.5 11.9  1.0  1.9
  0.7  4.8 15.7  4.8  6.7 38.8 12.1  8.1  2.4  2.9  1.2  1.7  6.4  3.8  0.5
  2.6 12.9  3.3  2.1  5.5 14.3 35.0  6.9  3.8  3.6 60.3150.5  5.5171.0 10.2
  4.5  0.5  0.0  0.0  0.0  0.0  0.0  0.0  0.0  0.0  0.0  0.0  0.0  0.0  0.0
  0.0  0.0  0.0  2.4  2.6  2.1  2.9  0.7  0.2  0.0  0.0  0.0  0.0  0.0  0.7
  1.2  1.4  1.2  1.9  0.0  0.2  0.2  0.2  0.0  0.2  0.0  0.0  2.6  1.2  0.0
 10.0  1.0  0.0 11.0  6.4  0.7  7.4  3.8  0.0  0.0  0.0  0.0  0.0  0.0  0.0
  0.5  0.5  0.0  0.0  0.0  0.0  0.0 14.1  2.6  2.6  5.5 20.7  1.0  6.9  7.9
  5.0  1.4  2.6  1.2  0.5  0.2  0.2 40.3 19.8 24.3  1.2  5.7 10.2  4.0  0.0
      5.07      5.25      0.46     -1.37      2.18  0.0  0.0  0.5  0.0  0.0
                                         cont_story_0005.txt 36.0  3.9 3289
 10.9  4.3 28.9113.7  4.9  2.7  5.8  4.6 74.2 17.0  1.2  2.4  1.5  9.7  2.7
  0.6  0.9  7.9 11.9  2.4  2.4242.6 91.5 28.3 23.4 59.9  4.6 13.4  0.3  2.1
  0.0  3.0 17.3  7.3  8.8 38.0  7.0  5.5  0.3  1.8  0.6  1.5  3.3  4.0  0.3
  1.2  4.0  1.5  2.7  3.3 14.0 23.1  5.5  3.3  2.4 54.1138.9  4.9147.5 10.6
  1.2  0.3  0.0  0.0  0.0  0.0  0.0  0.0  0.0  0.0  0.0  0.0  0.0  0.0  0.0
  0.0  0.0  0.0  3.0  0.3  2.1  0.6  0.0  0.0  0.0  0.0  0.0  0.0  0.0  1.2
  0.3  0.3  1.5  0.0  0.0  0.0  0.0  0.0  0.0  0.0  0.0  0.0  1.8  0.9  0.0
  6.1  0.0  0.0  6.1  3.3  0.0  3.3  2.7  0.0  0.0  0.0  0.0  0.0  0.0  0.0
  1.5  0.6  0.0  0.0  0.0  0.0  0.3 21.3  1.8  0.9  5.2 21.6  2.4  7.0  7.9
  1.5  4.3  2.1  1.8  1.8  0.9  0.0 34.7 18.9 16.7  2.1  1.5  6.7  2.1  0.0
     14.21      1.06     -2.29     -3.48     -0.31  0.0  0.0  0.6  0.0  0.0
                                         cont_story_0006.txt 30.8  4.0 2921
 14.7  6.2 38.3133.2 10.3  2.4  6.5  4.5 86.3 16.1  1.7  2.1  2.1 13.4  2.1
  1.4  1.0  7.5  9.9  1.0  2.7226.0 80.1 27.0 23.6 50.7  2.7 20.9  0.0  1.4
  0.0  0.3 28.1  8.6  9.6 41.8 11.3  7.9  1.0  2.4  1.7  1.0  9.2  2.4  0.0
  0.7  8.2  0.7  2.1  4.1 17.1 22.9  3.1  2.1  1.4 55.1147.2  4.1167.8 13.0
  2.7  0.0  0.0  0.0  0.0  0.0  0.0  0.0  0.0  0.0  0.0  0.0  0.0  0.0  0.0
  0.0  0.0  0.0  2.1  0.7  2.1  3.1  0.0  0.0  0.0  0.0  0.0  0.0  0.0  0.7
  1.0  3.4  1.7  0.3  0.0  0.0  0.0  0.0  0.0  0.3  0.0  0.0  3.1  1.7  0.0
  7.9  0.0  0.0  7.9  7.2  0.0  7.5  4.8  0.0  0.0  0.0  0.0  0.0  0.0  0.0
  0.0  0.3  0.7  0.0  0.0  0.0  0.3 14.4  3.1  2.4  7.9  9.2  2.1  9.6  6.2
  0.7  3.4  1.7  0.7  1.0  1.7  0.0 29.4 26.7 24.3  2.1  1.4 11.6  4.5  0.0
     17.69      1.70     -3.90     -2.08      2.73  0.3  0.0  0.3  0.0  0.0
                                         cont_story_0007.txt 28.8  4.0 4362
 19.3  8.0 37.4 67.9 18.8  2.8  4.6  7.1 85.5 15.6  1.8  0.5  2.5  6.4  2.8
  0.9  1.6  5.7  7.8  0.9  5.5201.7 76.8 23.2116.0 53.9 10.5 26.8  0.2  1.8
  0.0  2.8 11.9  7.1  8.7 35.8 11.9 10.3  3.2  2.8  1.4  4.4  5.5  4.8  0.2
  1.1  4.4  0.9  1.1  6.6 17.4 18.1  6.2  2.5  2.1 56.9158.2  4.1197.8 15.6
  2.5  0.7  0.0  0.0  0.0  0.0  0.0  0.0  0.0  0.0  0.0  0.0  0.0  0.0  0.0
  0.0  0.0  0.0  3.0  1.4  3.0  2.3  0.5  0.2  0.0  0.0  0.0  0.2  0.2  1.1
  0.0  3.2  1.6  0.5  0.0  0.2  0.0  0.0  0.2  0.2  0.2  0.0  2.1  3.2  0.0
  9.6  0.7  0.5 10.8  6.4  0.5  7.1  5.5  0.0  0.0  0.0  0.0  0.0  0.0  0.0
  0.7  0.7  0.2  0.0  0.0  0.0  0.0  6.4  2.8  2.8 10.8 19.5  1.4  5.5  6.9
  1.1  1.6  0.7  0.7  1.4  1.1  0.0 32.8 36.7 29.8  2.1  3.0 10.5  7.1  0.0
     15.67      7.48     -2.75      0.53      1.09  0.0  0.0  0.0  0.2  0.0
                                         cont_story_0008.txt 38.5  4.1 2946
 27.2  7.1  4.4 94.0 35.3  2.4  8.8  6.1 58.7  9.5  1.0  1.4  1.4  4.4  0.0
  1.4  2.0 11.5 14.3  3.4  2.7169.7 87.2 27.2 44.5 25.1 13.9  9.5  1.0  1.7
  1.0  3.1 27.2  6.1 10.2 41.4 13.9 11.5  0.7  3.7  4.8  2.0  5.8  4.4  0.3
  1.7  6.8  6.4  2.7  4.1 27.8 29.2  6.4  5.4  3.7 57.4119.1  4.1156.1 17.0
  2.7  0.0  0.0  0.0  0.0  0.0  0.0  0.0  0.0  0.0  0.0  0.0  0.0  0.0  0.0
  0.0  0.0  0.0  2.7  2.4  5.4  2.7  0.0  0.0  0.0  0.0  0.0  0.0  0.3  0.3
  0.7  2.7  1.0  0.7  0.0  1.4  0.0  0.3  0.0  1.4  0.7  0.0  5.1  0.7  0.0
 13.2  0.0  0.3 13.6  5.4  1.7  8.5  6.4  0.0  0.0  0.0  0.0  0.0  0.0  0.0
  0.0  0.3  0.0  0.0  0.0  0.0  0.7 12.9  3.4  4.4 13.6  9.8  2.0 12.2  3.7
  1.0  0.3  2.0  0.0  1.4  0.7  0.3 19.3 15.6 32.2  3.1  3.7  9.2  2.0  0.0
     17.12      1.29     -0.73      1.14      1.46  1.0  0.0  0.0  0.0  0.0
                                         cont_story_0009.txt 35.5  3.9 1955
 13.8  5.6 21.5 67.5 16.4  1.0  6.1  6.6 72.6 19.9  1.5  1.0  1.5  4.1  1.5
  1.5  2.6  4.6 12.3  1.0  3.6183.1 90.5 28.1 80.3 30.7 16.4 16.4  0.0  2.6
  1.0  3.6 15.3 11.3  7.7 48.1 15.9 15.9  2.6  1.5  2.0  5.6 12.3  3.1  0.0
  1.5  3.1  1.5  2.0  4.1 22.5 21.5  4.6  3.6  3.6 66.0119.7  3.6166.2 10.7
  1.0  0.0  0.0  0.0  0.0  0.0  0.0  0.0  0.0  0.0  0.0  0.0  0.0  0.0  0.0
  0.0  0.0  0.0  0.5  0.0  2.0  4.6  1.5  0.0  0.0  0.0  0.0  0.0  0.0  0.0
  0.0  2.6  1.0  2.6  0.0  0.0  0.0  0.0  1.5  0.0  0.0  0.0  4.6  1.0  0.0
  7.2  1.5  0.0  8.7  6.1  1.5  7.7  5.6  0.0  0.0  0.0  0.0  0.0  0.0  0.0
  1.0  0.5  0.0  0.0  0.0  0.0  0.5 10.2  3.1  5.1 12.3 14.3  3.1  7.2 16.4
  4.1  1.0  1.0  0.0  1.0  0.5  0.0 34.3 26.1 24.6  1.5  4.6 10.7  2.0  0.0
     12.74      4.46     -2.63      1.92      5.01  0.5  0.0  0.0  0.0  0.5
                                         cont_story_0010.txt 27.5  4.1 3329
 14.7  3.6 21.3 53.5 11.4  2.1  6.0  8.1  9.9 17.1  1.5  2.7  0.3  5.1  2.4
  1.8  2.7  5.7 14.1  1.2  2.4203.7 80.5 23.7 82.9 84.7 19.5  7.8  0.0  2.1
  0.6  2.1 12.0  8.7 10.5 40.9  8.7 15.3  0.3  4.2  3.3  6.3  6.9  3.0  0.0
  0.3  6.0  2.4  1.2  4.5 24.3 29.1  3.3  3.9  2.7 69.1106.0  6.3155.0 17.4
  2.1  0.6  0.0  0.0  0.0  0.0  0.0  0.0  0.0  0.0  0.0  0.0  0.0  0.0  0.0
  0.0  0.0  0.0  1.8  0.6  3.0  1.2  0.3  0.3  0.0  0.0  0.0  0.0  0.9  0.6
  0.0  1.2  2.1  0.3  0.0  0.3  0.0  0.0  0.0  0.3  0.0  0.0  6.0  1.8  0.0
  6.6  0.6  0.9  8.1  4.2  0.3  4.8  7.8  0.0  0.0  0.0  0.0  0.0  0.0  0.0
  0.0  1.5  0.0  0.3  0.0  0.0  0.3 13.2  0.6  3.6  8.4 12.3  0.9  4.8  6.3
  4.8  0.3  0.9  0.3  1.8  0.9  0.0 33.6 15.3 23.4  2.1  2.1  6.6  2.4  0.0
     11.46      5.97     -3.72      3.15      1.24  0.6  0.0  0.0  0.0  0.0
                                         cont_story_0011.txt 29.3  4.0 2661
 19.5  6.8 18.8 79.3 19.2  0.8  5.3  7.1 13.2 16.5  1.9  3.8  0.4  9.4  0.4
  1.5  1.9  7.1 22.2  0.8  3.0161.6 87.2 28.9 62.0 79.7 11.6 16.5  1.9  2.3
  2.6  3.4 13.2  7.5  7.1 48.5 15.4 18.0  0.4  6.8  0.8  6.4  9.4  2.3  0.4
  0.0  6.8  7.1  2.6  4.9 25.9 42.8  2.6  2.6  6.8 58.6112.0  3.4161.2 16.9
  3.0  0.0  0.0  0.0  0.0  0.0  0.0  0.0  0.0  0.0  0.0  0.0  0.0  0.0  0.0
  0.0  0.0  0.0  3.0  1.1  3.8  6.4  0.0  0.0  0.0  0.0  0.0  0.4  0.0  0.4
  0.8  1.1  0.8  3.4  0.0  0.8  0.0  0.0  0.0  0.8  0.0  0.0  4.9  2.3  0.0
 14.3  0.0  0.4 14.7  6.4  0.8  7.9  7.1  0.0  0.0  0.0  0.0  0.0  0.0  0.0
  0.4  0.8  0.0  0.0  0.0  0.4  0.4 21.8  4.9  6.0 15.0 10.1  1.9  8.3  7.1
  2.3  2.3  3.0  0.8  3.4  0.4  0.8 25.2 21.4 29.3  1.9  2.3 11.6  4.9  0.0
     15.55      5.16      0.76      3.80      2.88  2.6  0.4  0.0  0.0  0.0
                                         cont_story_0012.txt 34.0  4.3 4403
 16.8  6.4  5.0 52.5 10.4  0.9  3.0  3.0  8.4  8.6  2.0  4.1  0.2  4.3  0.9
  0.5  0.9  5.2  9.8  1.6  1.1225.3 84.5 36.1 86.3 99.5 18.2  8.6  0.9  5.2
  0.0  1.6 25.2  7.0 11.8 33.2 10.4  8.2  1.6  3.6  1.4  3.2  2.7  1.8  0.0
  2.3 14.3  3.9  2.5  3.9 14.8 33.4  4.1  2.5  6.1 67.7118.3  5.0153.8 10.7
  3.2  0.7  0.0  0.0  0.0  0.0  0.0  0.0  0.0  0.0  0.0  0.0  0.0  0.0  0.0
  0.0  0.0  0.0  3.9  1.1  4.1  0.9  0.5  0.2  0.0  0.0  0.0  0.0  0.2  0.7
  0.0  2.5  0.7  0.0  0.0  0.0  0.0  0.5  0.0  0.5  0.2  0.0  2.0  2.5  0.0
 10.0  0.7  0.2 10.9  3.9  0.5  4.8  4.8  0.0  0.0  0.0  0.0  0.0  0.0  0.0
  1.1  0.5  0.0  0.0  0.0  0.0  0.5 26.6  2.0  1.1  9.1 22.5  0.7  5.0  1.6
  4.3  2.0  2.0  2.0  1.1  0.2  0.2 33.4 21.3 22.3  3.0  2.0  8.2  2.3  0.0
      0.66      6.62     -0.91     -0.57     -0.92  0.2  0.0  0.0  0.0  0.0
                                         cont_story_0013.txt 35.5  4.1 3149
 14.0  3.2 23.2 98.8  1.0  1.9  1.6  2.2 37.8  6.4  0.6  0.6  0.6  6.7  0.6
  0.3  0.3  3.8  8.6  1.3  3.2243.9 98.1 29.2 25.7 78.8  3.2  9.2  1.0  1.0
  0.0  1.9 19.4  6.4 12.7 34.6 14.3  2.2  1.3  1.3  0.3  1.9  4.1  5.4  0.3
  1.3 10.5  5.4  1.6  3.5  6.4 22.9  7.0  1.6  1.9 54.6117.5  0.6145.1  7.9
  5.7  0.3  0.0  0.0  0.0  0.0  0.0  0.0  0.0  0.0  0.0  0.0  0.0  0.0  0.0
  0.0  0.0  0.0  3.5  0.6  1.6  1.0  0.3  0.3  0.0  0.0  0.0  0.0  0.0  1.0
  0.3  2.2  1.0  0.3  0.0  0.3  1.0  0.3  0.3  0.0  0.0  0.0  1.3  1.6  0.0
  6.7  0.6  0.0  7.3  4.8  1.9  6.7  2.9  0.0  0.0  0.0  0.0  0.0  0.0  0.0
  0.3  1.9  0.0  0.0  0.0  0.0  0.0 26.0  1.6  1.0  8.3 21.0  1.6  8.6 10.2
  6.4  3.2  1.0  0.6  0.6  1.0  0.3 42.9 17.1 17.1  1.3  2.9  8.9  5.4  0.0
     -0.78      0.93     -3.46     -4.18      0.43  0.0  0.0  0.3  0.0  0.0
                                         cont_story_0014.txt 34.3  4.0 5459
 19.8  5.7 23.1 61.0 13.6  0.9  3.5  4.6 89.9 16.9  3.5  0.5  0.4  9.5  1.8
  2.0  1.8  8.6  8.4  2.2  3.8176.2 77.7 27.3111.4 39.4 10.4 14.8  0.7  1.8
  0.0  4.6 17.0 11.5  9.5 39.9 13.0  8.1  2.9  1.6  1.8  4.0  5.5  3.1  0.9
  0.9  6.4  2.6  1.3  6.0 18.5 21.6  4.9  4.0  2.6 61.5142.9  2.6188.1 12.8
  2.6  0.2  0.0  0.0  0.0  0.0  0.0  0.0  0.0  0.0  0.0  0.0  0.0  0.0  0.0
  0.0  0.0  0.0  2.4  1.1  3.5  1.5  0.4  0.2  0.0  0.2  0.0  0.0  0.4  0.5
  0.4  2.6  1.5  0.5  0.0  0.0  0.5  0.2  0.0  1.1  0.0  0.0  2.6  2.2  0.0
  8.4  0.5  0.5  9.5  5.5  0.7  7.3  4.8  0.0  0.0  0.0  0.0  0.0  0.0  0.0
  1.1  0.9  0.0  0.0  0.2  0.0  0.2 22.7  1.1  2.0 15.6 14.3  1.8  4.6  7.3
  6.2  1.8  4.4  1.6  0.4  0.4  0.4 41.8 26.0 26.7  1.6  6.6 10.4  4.8  0.0
     15.64      4.44     -3.17     -0.51      1.28  0.4  0.2  0.2  0.0  0.0
                                         cont_story_0015.txt 34.5  4.0 3926
 15.0  6.4 30.8 55.8 15.0  1.0  1.8  3.8 75.9  9.2  5.1  2.0  1.3  7.4  2.8
  1.0  1.3  1.5 11.2  1.3  4.8219.8 85.1 25.5100.1 56.5 15.0 10.4  0.0  2.5
  0.0  3.3 21.7  6.1 11.0 37.7  9.9 21.7  1.0  3.1  2.8  3.3  5.3  3.8  0.5
  0.8  5.9  3.1  2.0  5.3 26.0 25.5  5.1  2.5  2.5 54.5147.5  3.8169.6 10.4
  2.5  0.3  0.0  0.0  0.0  0.0  0.0  0.0  0.0  0.0  0.0  0.0  0.0  0.0  0.0
  0.0  0.0  0.0  3.1  1.3  3.6  1.5  0.3  0.5  0.0  0.0  0.0  0.0  0.0  0.3
  0.3  3.1  1.0  0.3  0.3  0.5  0.0  0.0  0.0  0.0  0.3  0.3  2.0  3.3  0.0
  9.4  0.8  0.0 10.2  4.8  0.8  5.6  5.9  0.0  0.0  0.0  0.0  0.0  0.0  0.0
  0.0  1.3  0.3  0.0  0.0  0.0  0.0 19.6  2.3  0.8 11.2 16.3  1.5  7.6  8.9
  5.6  5.1  0.5  1.3  0.5  1.3  0.0 38.5 18.8 23.9  2.0  3.3  6.9  4.3  0.0
      9.97      4.90     -2.13      2.93      0.93  1.3  0.0  0.0  0.0  0.0
                                         cont_story_0016.txt 35.3  4.1 4083
 14.9  4.7 42.4119.3 15.9  1.7  2.7  3.9 32.8 19.8  1.7  1.0  0.7  6.1  1.0
  0.7  1.2  4.2  7.3  1.2  2.2219.9 96.7 25.2 27.9 61.2  8.1  4.7  0.2  1.7
  0.5  1.7 21.1  8.1 11.5 33.8  8.3  9.8  1.2  3.2  3.2  2.7  3.2  6.6  0.7
  1.2  5.9  2.0  2.4  6.9 17.1 19.1  8.6  2.4  2.4 60.0110.0  3.7157.2 12.2
  2.2  0.0  0.0  0.0  0.0  0.0  0.0  0.0  0.0  0.0  0.0  0.0  0.0  0.0  0.0
  0.0  0.0  0.0  0.7  0.5  2.2  2.4  0.0  0.0  0.0  0.0  0.0  0.0  0.0  0.2
  0.2  3.7  1.0  0.0  0.0  0.2  0.0  0.5  0.0  0.0  0.0  0.0  3.4  1.5  0.0
  5.9  0.0  0.0  5.9  5.1  0.7  5.9  4.9  0.0  0.0  0.0  0.0  0.0  0.0  0.0
  2.4  1.5  0.2  0.0  0.0  0.0  0.2 13.7  1.7  1.2  7.6 20.6  2.4  7.8 13.7
  3.2  2.9  0.5  0.7  1.0  1.2  0.0 38.5 10.8 20.8  2.9  2.2 10.0  3.4  0.0
      7.10      0.33     -3.10      0.16      0.33  0.2  0.0  0.0  0.0  0.0
                                         cont_story_0017.txt 33.3  4.2 3074
 12.4  3.9 33.5110.9 12.0  1.3  2.9  3.9 15.0 14.0  1.0  0.3  1.3  8.1  0.7
  1.6  0.7  2.9 10.4  1.0  2.3211.8105.7 29.6 21.8 68.3  7.2 14.3  1.0  5.5
  0.3  2.6 18.2 11.1  8.5 39.7 14.0  7.5  0.3  2.0  0.3  2.0  5.2  7.8  0.7
  0.7  7.5  4.2  2.9  5.9 10.7 22.8  9.1  1.6  6.8 58.6 95.3  2.0150.0  7.8
  3.9  0.3  0.0  0.0  0.0  0.0  0.0  0.0  0.0  0.0  0.0  0.0  0.0  0.0  0.0
  0.0  0.0  0.0  3.6  1.0  2.3  1.6  1.3  0.3  0.0  0.0  0.0  0.7  0.0  1.3
  0.0  3.6  0.3  0.7  0.0  0.0  0.7  0.3  0.3  0.7  0.0  0.3  3.6  0.7  0.0
  8.5  1.6  0.7 10.7  5.9  1.3  7.8  4.6  0.0  0.0  0.0  0.0  0.0  0.0  0.0
  1.6  0.3  0.3  0.0  0.0  0.0  0.0 50.1  5.9  1.6  6.5 15.6  1.6  6.8 11.7
  1.6  3.6  2.0  2.9  1.0  1.3  0.0 29.9 24.7 19.2  2.9  1.6  9.4  2.3  0.0
      3.49      2.05     -1.07     -2.90      1.52  0.3 10.4  0.0  0.3  0.0
                                         cont_story_0018.txt 30.3  4.2 4225
 16.6  9.2  7.3 32.7 82.8  0.2  1.9  2.1  0.5  8.3  0.9  6.2  0.0  4.3  0.2
  0.7  0.5  3.3 10.4  3.8  2.6200.9 79.1 32.0124.3 68.6 10.7 16.6  0.5  5.2
  0.0  4.0 20.1  4.3  5.4 32.7 18.2  5.0  5.7  3.3  1.4  2.6  4.5  1.9  0.5
  2.8 11.6  5.0  2.1  6.4  9.7 35.5  5.2  4.3  5.7 59.9152.0  5.0177.0  6.2
  3.1  0.5  0.0  0.0  0.0  0.0  0.0  0.0  0.0  0.0  0.0  0.0  0.0  0.0  0.0
  0.0  0.0  0.0  8.0  0.5  3.1  0.9  0.5  0.0  0.0  0.0  0.0  0.0  0.0  0.9
  0.5  5.0  1.2  0.0  0.0  0.7  0.2  0.2  0.5  0.0  0.0  0.2  4.0  0.7  0.0
 12.5  0.5  0.0 13.0  7.6  1.7  9.2  5.0  0.0  0.0  0.0  0.0  0.0  0.0  0.0
  1.2  0.9  0.2  0.0  0.0  0.0  0.5 18.5  1.9  0.2  8.0 19.2  1.7  7.1  6.6
  9.2  2.8  1.2  4.5  0.7  0.5  0.7 43.6 30.3 27.2  2.8  3.1  7.6  2.4  0.0
      8.75      6.53      2.07     -0.37      0.75  0.2  0.0  0.0  0.0  0.0
                                         cont_story_0019.txt 37.5  4.5 4749
  9.7  5.1  4.2 43.6  3.8  1.1  0.8  1.5 40.2  6.9  0.0  0.4  0.4  3.8  0.0
  0.4  1.3  4.0 13.5  0.8  1.5261.7109.9 26.3 76.4 75.2 10.7  7.4  0.6  1.9
  1.3  3.2 38.3  4.6  6.9 25.3 16.2  7.2  3.2  1.3  0.8  2.1  2.3  9.1  0.8
  4.0  4.6  3.6  2.1  3.6 12.0 23.0 13.9  2.1  3.8 50.7119.2  2.1148.9  9.3
  2.1  0.6  0.0  0.0  0.0  0.0  0.0  0.0  0.0  0.0  0.0  0.0  0.0  0.0  0.0
  0.0  0.0  0.0  5.5  0.6  2.5  0.8  0.0  1.1  0.0  0.0  0.0  0.0  0.0  2.3
  0.4  1.9  2.7  0.0  0.0  0.6  0.0  0.2  0.4  0.8  0.0  0.0  2.9  0.2  0.0
  9.5  1.1  0.0 10.5  7.4  1.3  9.5  3.2  0.0  0.0  0.0  0.0  0.0  0.0  0.0
  0.2  0.6  0.4  0.2  0.0  0.0  0.0 16.0  3.6  2.1 10.3 13.3  2.7  6.9  8.2
  1.5  0.6  2.1  0.2  0.2  0.8  0.2 27.2 14.7 16.2  2.3  4.6  4.6  4.4  0.0
     -5.85      3.56      2.47     -2.06      1.13  0.8  0.0  0.2  0.0  0.0
                                         cont_story_0020.txt 30.8  4.2 3386
 15.9  7.7  3.0 45.8 75.0  0.0  0.9  1.8  1.2 13.3  1.2  2.1  0.0  5.3  1.5
  0.3  1.2  2.4 13.6  0.9  1.8215.0 84.5 23.0 98.3 62.0  8.3 12.1  0.3  2.7
  0.6  3.5 10.3  5.9 10.3 40.5 15.1  6.8  3.0  2.7  0.9  2.4  6.5  2.7  0.0
  2.4 15.1  5.0  2.4  6.8 10.0 36.9  5.0  2.1  3.5 54.9138.2  0.6163.9  8.0
  4.1  0.0  0.0  0.0  0.0  0.0  0.0  0.0  0.0  0.0  0.0  0.0  0.0  0.0  0.0
  0.0  0.0  0.0  5.3  0.9  2.4  1.8  0.0  0.0  0.0  0.0  0.0  0.0  0.0  0.6
  0.0  2.7  1.2  0.6  0.0  0.6  0.0  1.2  0.3  0.0  0.0  0.0  4.4  1.5  0.0
 10.3  0.0  0.0 10.3  5.0  2.1  7.1  5.9  0.0  0.0  0.0  0.0  0.0  0.0  0.0
  0.9  0.6  0.0  0.0  0.0  0.0  0.0 20.1  1.8  0.9  9.2 22.2  1.5 10.0  3.8
  0.9  0.6  0.6  2.1  0.9  0.9  0.0 29.5 22.7 23.0  2.1  8.9  9.2  4.7  0.0
      5.31      4.10     -1.98     -1.46      1.60  0.9  0.0  0.0  0.0  0.0
