                                     4000_story_0004_llm.txt 39.3  4.7 5472
  8.8  4.2  0.9 63.2 16.8  1.1  4.0  0.9 23.2 12.2  0.4  3.7  0.2  1.6  0.0
  0.7  0.7  4.6 14.4  0.7  0.7282.0 83.9 31.1 96.5 66.3 10.4 11.3  0.9  2.2
  2.0  0.9 50.3  7.5  5.7 30.2  5.8  5.8  2.7  2.6  3.1  0.9  6.2  6.2  0.7
  4.0  3.8  1.1  2.7  5.8 13.5 25.4 11.0  1.5  5.1 57.7106.4  1.8171.2  2.4
  1.1  0.0  0.0  0.0  0.0  0.0  0.0  0.0  0.0  0.0  0.0  0.0  0.0  0.0  0.0
  0.0  0.0  0.0  3.3  1.3  1.6  0.9  0.0  0.0  0.0  0.0  0.0  0.0  0.0  0.9
  0.7  0.9  0.2  0.4  0.0  0.2  0.0  0.0  0.0  0.5  0.2  0.0  2.9  0.9  0.0
  7.1  0.0  0.0  7.1  3.1  0.2  3.8  4.0  0.0  0.0  0.0  0.0  0.0  0.0  0.0
  0.0  0.0  0.0  0.0  0.0  0.0  0.0  9.9  4.4  2.9  8.6 19.7  3.3  2.4  6.8
  0.5  0.4  0.5  2.7  0.2  0.0  0.5 32.3 20.5 17.2  1.5 10.2  6.9  3.5  0.0
     -4.49      4.50      2.74     -1.32      3.06  0.2  0.0  0.0  0.0  0.0
                                     4000_story_0005_llm.txt 37.5  4.7 3386
 11.5  2.7  6.2 35.1 10.0  1.2  1.8  0.0 11.5 14.5  0.6  1.8  0.3  1.8  1.2
  0.0  0.3  3.0  7.7  0.0  0.6286.8 89.8 47.3109.6 54.0 14.2 12.1  0.9  1.5
  0.9  2.4 26.6  9.5 12.7 30.4  3.0  6.2  0.6  1.2  2.4  1.2  2.7  6.5  0.0
  4.7  3.8  1.8  2.1  4.1 11.5 16.8 11.2  0.3  3.2 86.2 75.6  1.8159.8  5.6
  1.5  0.0  0.0  0.0  0.0  0.0  0.0  0.0  0.0  0.0  0.0  0.0  0.0  0.0  0.0
  0.0  0.0  0.0  2.4  0.3  0.9  1.8  0.0  0.0  0.0  0.0  0.0  0.0  0.0  0.0
  0.3  0.6  0.6  0.9  0.0  0.0  0.0  0.0  0.0  0.0  0.0  0.0  1.2  0.3  0.0
  5.3  0.0  0.0  5.3  2.4  0.0  2.4  1.5  0.0  0.0  0.0  0.0  0.0  0.0  0.0
  0.0  0.3  0.0  0.0  0.0  0.0  0.0  4.4  3.2  1.8  6.5 25.1  2.4  4.1 11.8
  0.3  2.4  0.9  3.5  0.0  0.6  0.6 27.2 16.2 15.7  1.2  6.5  7.7  4.1  0.0
    -11.37      5.25     -2.40     -2.80      0.54  1.2  0.0  0.0  0.0  0.0
                                     4000_story_0007_llm.txt 37.0  4.5 3123
  8.3  1.6  3.2 33.3  7.4  0.0  1.0  0.6  8.6  9.6  1.0  0.3  0.0  4.2  0.3
  0.0  0.6  4.2 14.4  0.6  0.6273.1 96.7 39.4112.7 77.5 13.8  6.7  0.3  1.6
  0.3  2.2 20.8 10.6 13.8 32.3  3.5  4.5  1.0  3.5  0.3  0.6  3.5  3.2  0.0
  4.2  7.0  1.6  1.9  3.2  9.0 27.5  7.4  1.3  2.2 71.1 93.5  1.0165.9  6.7
  1.9  0.0  0.0  0.0  0.0  0.0  0.0  0.0  0.0  0.0  0.0  0.0  0.0  0.0  0.0
  0.0  0.0  0.0  1.0  0.6  1.9  0.3  0.0  0.0  0.0  0.0  0.0  0.0  0.0  0.0
  0.0  0.6  0.6  0.3  0.0  0.0  0.0  0.0  0.0  0.0  0.3  0.0  0.0  1.0  0.0
  3.8  0.0  0.0  3.8  1.6  0.0  1.6  1.3  0.0  0.0  0.0  0.0  0.0  0.0  0.0
  0.0  0.3  0.0  0.0  0.0  0.0  0.0 10.2  2.2  0.6  5.1 16.0  2.2  5.4  6.7
  0.3  1.9  0.6  2.2  1.0  0.3  0.3 30.1 10.2  9.9  1.0  5.1  8.0  4.8  0.0
     -9.95      5.32     -4.38     -3.22      0.40  0.0  0.3  0.0  0.0  0.0
                                     4000_story_0008_llm.txt 36.0  4.3 4003
 15.5  6.5  7.0 41.2 10.2  0.2  3.5  1.2 62.2 20.2  0.2  1.7  0.7  7.7  0.5
  0.5  0.2  3.2 15.2  0.2  1.0252.8 83.7 34.2 97.4 21.0 14.0  5.2  0.5  1.0
  0.2  1.0 24.5 11.0 13.7 33.7  6.7  3.2  0.2  2.0  1.5  1.2  3.7  1.7  1.2
  3.0  5.7  2.5  1.0  6.0  8.0 25.7  6.0  0.5  1.7 69.9 93.4  2.2154.9  7.7
  1.2  0.0  0.0  0.0  0.0  0.0  0.0  0.0  0.0  0.0  0.0  0.0  0.0  0.0  0.0
  0.0  0.0  0.0  3.2  0.7  3.2  2.7  0.0  0.0  0.0  0.0  0.0  0.2  0.0  0.7
  0.0  0.7  1.0  1.0  0.0  0.0  0.0  0.0  0.0  1.2  0.0  0.0  1.7  0.7  0.0
 10.0  0.0  0.2 10.2  3.5  0.0  4.7  2.5  0.0  0.0  0.0  0.0  0.0  0.0  0.0
  0.2  0.0  0.0  0.0  0.0  0.0  0.2  9.5  2.5  1.5  7.2 23.2  2.0  3.5 12.5
  4.2  2.0  0.5  2.5  0.0  1.2  0.2 30.5 10.5 21.2  0.7  4.2  8.7  6.2  0.0
      0.96      2.07     -5.03     -3.63      0.91  0.5  0.2  0.2  0.0  0.0
                                     4000_story_0009_llm.txt 35.8  4.8 4916
 14.0  1.6  0.6 31.7  3.9  0.2  1.0  0.4  3.9 10.0  1.0  0.0  0.2  1.6  0.0
  0.6  0.2  5.5 23.6  1.2  0.6287.0104.6 41.3 91.3 53.7 13.4  6.1  3.3  2.8
  1.6  0.8 50.4  5.1 10.4 28.9  8.3  2.4  3.5  0.4  1.2  2.2  2.0  9.4  1.0
  5.5  6.3  5.7  1.8  6.7  9.2 31.1 15.9  1.4  7.7 72.8 61.4  0.4146.1  3.7
  0.2  0.0  0.0  0.0  0.0  0.0  0.0  0.0  0.0  0.0  0.0  0.0  0.0  0.0  0.0
  0.0  0.0  0.0  3.1  1.0  2.2  2.0  0.0  0.0  0.0  0.0  0.0  0.0  0.2  0.2
  0.2  1.2  1.4  0.2  0.0  0.2  0.0  0.2  0.0  0.2  0.6  0.0  1.0  0.6  0.0
  8.3  0.0  0.2  8.5  3.3  0.4  3.9  2.2  0.0  0.0  0.0  0.0  0.0  0.0  0.0
  0.2  0.2  0.2  0.0  0.0  0.0  0.0 13.6  4.1  2.2 14.0 15.9  2.4  6.7 10.4
  3.9  1.8  2.0  1.0  0.2  1.6  0.0 26.4 17.3 20.5  2.8  7.3 11.8  3.1  0.0
    -10.76      3.38      3.45     -3.25      1.62  0.8  0.0  0.0  0.0  0.0
                                     4000_story_0010_llm.txt 35.8  4.7 2363
 11.8  3.0  4.2 38.9  4.7  0.4  3.4  0.0  5.1 13.1  1.3  2.1  0.0  1.7  0.0
  1.3  0.0  8.0 22.0  0.4  0.8247.6 89.3 37.2 92.7 48.7 19.9  8.9  1.3  3.8
  2.1  1.7 44.4  3.0  8.5 35.5 13.1  6.3  3.0  3.0  0.8  4.2  4.7 14.4  0.4
  4.7  6.8  7.6  2.5  6.3 15.2 35.5 19.5  0.4  7.2 72.4 58.4  4.2151.9  6.3
  0.4  0.4  0.0  0.0  0.0  0.0  0.0  0.0  0.0  0.0  0.0  0.0  0.0  0.0  0.0
  0.0  0.0  0.0  4.2  1.3  3.8  1.7  0.4  0.4  0.4  0.0  0.0  0.4  0.4  0.0
  0.0  1.3  1.3  0.4  0.4  0.8  0.0  0.0  0.4  1.3  0.0  0.0  1.3  1.3  0.0
 11.0  1.3  0.8 13.1  3.0  1.7  5.9  2.5  0.0  0.0  0.0  0.0  0.0  0.0  0.0
  0.4  0.4  0.0  0.0  0.0  0.0  0.0  8.9  5.1  4.7  8.9  5.9  2.1  4.2 11.4
  2.1  1.3  2.1  0.0  0.4  0.4  4.2 32.2 16.9 15.7  4.2  3.0  8.0  7.6  0.0
     -6.10      4.95      3.91     -0.70      3.29  1.3  0.0  0.4  0.0  0.0
                                     4000_story_0013_llm.txt 36.3  4.7 4169
  9.4  1.7  2.9 26.4  5.5  0.5  1.7  0.5  7.0 10.3  0.0  0.2  0.0  3.4  0.0
  0.2  0.7  2.4 18.7  0.5  1.2288.3 98.8 30.7110.3 29.3 11.3  7.4  0.7  1.0
  0.2  2.9 29.0  4.8 16.8 25.2  7.4  4.3  2.2  1.2  0.5  1.4  1.9  9.8  0.5
  7.7  6.5  1.7  3.1  1.4  7.2 29.5 18.0  1.2  1.9 64.8 41.7  1.9161.2  7.0
  2.2  0.0  0.0  0.0  0.0  0.0  0.0  0.0  0.0  0.0  0.0  0.0  0.0  0.0  0.0
  0.0  0.0  0.0  1.4  0.5  2.2  0.5  0.7  0.0  0.0  0.0  0.0  0.0  0.0  0.2
  0.0  0.5  0.7  0.5  0.2  0.5  0.0  0.0  0.2  0.5  0.2  0.0  0.5  0.5  0.0
  4.6  0.7  0.0  5.3  1.9  1.0  3.4  1.2  0.0  0.0  0.0  0.0  0.0  0.0  0.0
  0.7  0.2  0.0  0.0  0.0  0.0  0.0 10.8  3.8  0.2  7.2  9.8  3.8  5.3  8.9
  1.2  3.1  0.5  0.5  0.7  0.2  0.7 30.0 13.7 11.5  1.9  6.0  9.6  5.3  0.0
    -10.55      2.75     -2.56     -3.53      1.91  0.7  0.0  0.2  0.0  0.0
                                     4000_story_0014_llm.txt 33.8  4.4 3977
 12.6  5.8 13.8 63.4 14.6  1.3  3.3  1.0 29.9 11.6  0.5  1.8  0.3  5.3  0.0
  0.0  0.8  6.8 19.9  0.8  2.3242.1 75.7 28.7 93.5 54.6  8.3 18.1  0.3  1.5
  0.0  1.0 20.6  8.5 13.3 24.9  9.6  9.8  3.0  3.8  1.5  0.8  3.5  4.0  0.5
  4.0  7.3  0.5  2.0  4.3 18.1 33.7  8.5  1.5  1.8 82.2 99.1  4.5174.3  9.3
  1.8  0.0  0.0  0.0  0.0  0.0  0.0  0.0  0.0  0.0  0.0  0.0  0.0  0.0  0.0
  0.0  0.0  0.0  3.3  0.3  2.0  1.8  0.0  0.0  0.0  0.0  0.0  0.0  0.0  0.8
  0.0  1.5  1.5  0.5  0.5  0.0  0.3  0.0  0.0  0.5  1.0  0.0  2.8  0.3  0.0
  7.3  0.0  0.0  7.3  4.3  0.8  5.5  4.0  0.0  0.0  0.0  0.0  0.0  0.0  0.0
  0.5  1.3  0.0  0.0  0.0  0.0  0.3  7.8  3.3  1.5  7.0 15.6  2.3  7.0 11.3
  3.5  1.5  1.3  1.5  1.3  1.0  0.0 39.5 26.2 19.1  3.3  1.3  7.3  4.3  0.0
      2.03      4.72     -4.10     -0.56      0.87  0.0  0.0  0.3  0.0  0.0
                                     4000_story_0016_llm.txt 32.5  4.3 6246
 13.0  4.8  6.4 39.5  4.2  0.2  3.4  1.4 23.4  9.4  0.2  1.4  0.2  6.9  0.0
  0.0  0.6  8.2 17.6  1.8  1.3273.8 89.3 28.8111.3 45.6 13.8 11.4  1.3  2.2
  0.3  1.8 19.2  5.1 11.4 29.0 10.6  2.6  2.9  3.5  0.8  2.1  1.9  5.6  0.5
  4.2 10.4  1.3  2.2  2.7 11.5 34.7 10.2  2.4  3.8 54.3 73.2  3.7171.6  6.9
  2.4  0.0  0.0  0.0  0.0  0.0  0.0  0.0  0.0  0.0  0.0  0.0  0.0  0.0  0.0
  0.0  0.0  0.0  2.9  0.5  1.6  1.9  0.0  0.0  0.3  0.0  0.0  0.0  0.2  1.3
  0.3  1.4  1.6  1.1  0.3  0.5  0.0  0.0  0.0  0.2  0.8  0.0  2.7  0.2  0.0
  6.9  0.3  0.2  7.4  5.8  0.8  6.7  3.7  0.0  0.0  0.0  0.0  0.0  0.0  0.0
  0.3  0.2  0.0  0.0  0.2  0.0  0.3 10.2  3.2  1.1  9.6 20.8  1.3  6.4 10.7
  2.1  1.4  3.4  1.6  0.5  0.2  0.3 39.7 20.3 18.4  3.2  4.2 10.2  8.6  0.0
     -1.08      4.71     -1.33     -2.25      0.14  0.3  0.0  0.0  0.0  0.2
                                     4000_story_0018_llm.txt 36.3  4.9 7106
  9.7  3.5  6.3 62.5  9.0  1.7  3.8  1.3 18.0 10.3  1.3  1.3  0.0  4.2  0.3
  0.3  0.7  7.3 14.8  0.6  0.4284.0 78.5 35.9 82.9 41.8 12.7 17.0  1.1  3.0
  0.6  1.3 58.1  4.6  5.9 27.2  8.6  6.6  3.5  2.8  3.2  2.7  3.1  9.3  1.4
  5.5  3.7  3.1  2.4  4.2 17.2 23.8 16.2  1.3  4.6 70.5 68.8  2.7162.7  6.3
  1.1  0.1  0.0  0.0  0.0  0.0  0.0  0.0  0.0  0.0  0.0  0.0  0.0  0.0  0.0
  0.0  0.0  0.0  4.2  0.1  1.3  0.4  0.0  0.1  0.0  0.0  0.0  0.3  0.1  0.4
  0.1  0.6  1.8  0.4  0.0  0.6  0.0  0.3  0.0  0.6  0.3  0.0  2.8  0.6  0.0
  6.1  0.1  0.4  6.6  3.4  0.8  4.8  3.7  0.0  0.0  0.0  0.0  0.0  0.0  0.0
  0.1  0.3  0.0  0.0  0.0  0.0  0.0  9.7  5.6  2.4 12.7 16.3  3.7  4.5 13.1
  5.5  1.8  0.7  1.0  0.6  1.0  3.0 34.8 25.9 15.5  2.7  3.8  8.3  5.2  0.0
     -5.17      4.45      3.52     -0.01      2.57  0.3  0.1  0.3  0.0  0.3
                                     4000_story_0019_llm.txt 34.3  4.2 7076
 11.7  4.5 16.7 63.3 14.8  0.7  3.4  0.8 39.9 10.7  0.7  2.7  0.0  6.5  1.0
  0.4  0.4  6.1 18.9  0.7  2.5252.8 82.0 27.8 91.4 48.0 11.0 14.1  0.3  2.4
  0.0  1.6 14.4  6.5 19.9 26.0  9.8  6.2  1.3  3.1  1.1  1.1  3.0  3.1  0.3
  2.8  9.0  0.4  2.4  4.9 13.4 35.3  6.2  1.1  2.7 63.6102.7  4.2172.7  7.5
  2.0  0.1  0.0  0.0  0.0  0.0  0.0  0.0  0.0  0.0  0.0  0.0  0.0  0.0  0.0
  0.0  0.0  0.0  3.0  0.4  1.0  1.1  0.0  0.1  0.1  0.0  0.0  0.0  0.0  0.4
  0.1  1.6  2.0  0.6  0.3  0.0  0.0  0.0  0.0  0.1  0.3  0.0  2.3  0.7  0.0
  5.5  0.3  0.0  5.8  4.7  0.3  5.1  3.3  0.0  0.0  0.0  0.0  0.0  0.0  0.0
  1.0  0.3  0.0  0.0  0.0  0.0  0.1 11.0  2.4  1.0  8.1 12.7  2.8  5.4  9.2
  0.8  0.8  2.0  1.3  1.3  1.0  0.0 43.0 20.9 14.6  2.0  3.1  8.2  4.9  0.0
      3.04      4.15     -5.28     -2.31     -0.17  0.4  0.0  0.3  0.1  0.0
                                     4000_story_0020_llm.txt 36.3  4.7 4449
 13.3  2.2  0.2 27.6  1.3  0.0  1.8  0.0  1.8  6.5  0.2  0.4  0.2  2.7  0.2
  0.2  0.0  6.1 23.4  0.9  1.6298.3103.2 45.9 94.6 40.0 15.7  4.3  1.6  2.7
  1.6  1.6 40.2  3.6 16.0 26.3  5.6  1.6  0.9  0.7  0.2  1.8  4.0 10.6  1.1
  7.4  7.2  2.0  2.5  2.9  7.9 33.3 19.1  0.9  5.8 69.0 43.2  1.3144.1  3.1
  1.1  0.0  0.0  0.0  0.0  0.0  0.0  0.0  0.0  0.0  0.0  0.0  0.0  0.0  0.0
  0.0  0.0  0.0  1.1  0.7  2.9  1.6  0.0  0.0  0.0  0.2  0.0  0.0  0.2  0.2
  1.3  0.2  0.7  0.7  0.0  0.0  0.0  0.0  0.0  0.2  0.0  0.0  1.3  0.2  0.0
  6.3  0.0  0.4  6.7  3.1  0.0  3.4  1.6  0.0  0.0  0.0  0.0  0.0  0.0  0.0
  0.4  0.0  0.0  0.0  0.0  0.0  0.4 10.1  2.5  1.8  9.0 22.3  2.9 10.3  8.8
  1.6  2.0  1.1  2.0  0.4  0.7  0.4 36.6  7.9 18.7  0.9  5.6  8.1  6.3  0.0
    -11.25      2.98      0.84     -4.81      3.76  0.7  0.0  0.2  0.0  0.0
                                     4000_story_0022_llm.txt 36.0  4.6 5850
 10.1  1.5  4.6 24.4  1.5  0.2  1.4  0.3  2.2  6.0  0.2  1.0  0.2  2.1  0.3
  0.9  0.2  1.9 22.1  0.3  2.6271.8106.2 38.1104.4 69.4 13.2  5.1  0.9  2.9
  0.3  3.1 29.1  7.7 12.8 29.1  5.8  1.2  0.9  0.9  0.5  1.2  3.6  6.2  1.5
  5.6  7.5  2.2  2.9  3.6  3.6 34.5 13.3  0.5  4.1 78.3 73.2  1.0151.5  6.0
  1.5  0.0  0.0  0.0  0.0  0.0  0.0  0.0  0.0  0.0  0.0  0.0  0.0  0.0  0.0
  0.0  0.0  0.0  0.9  0.9  1.7  0.5  0.3  0.0  0.0  0.0  0.0  0.2  0.0  0.2
  0.7  0.9  1.0  0.5  0.0  0.2  0.0  0.0  0.3  0.0  0.0  0.3  1.2  0.5  0.0
  3.9  0.3  0.2  4.4  3.2  0.5  3.8  2.1  0.0  0.0  0.0  0.0  0.0  0.0  0.0
  0.3  0.0  0.0  0.0  0.0  0.0  0.2  8.4  2.1  1.4 12.1 18.1  4.6  6.5  9.7
  1.2  2.2  2.1  1.2  0.2  0.9  0.5 33.3  9.1 13.8  1.4  5.8  7.0  6.5  0.0
    -11.25      4.27     -1.22     -4.93      2.55  0.5  0.0  0.2  0.0  0.0
                                     4000_story_0188_llm.txt 32.3  4.4 8325
 15.7  3.7  1.4 55.3  8.5  1.4  4.4  1.6 16.5 10.2  1.8  2.0  0.4  7.7  0.2
  2.4  1.9  5.4 18.9  1.1  1.7267.3 75.2 43.1 95.5 47.9  8.4 10.6  0.2  2.3
  0.1  2.8 13.9  6.0  6.5 35.2  7.6  5.5  3.2  1.9  2.2  1.2  3.1  5.8  0.6
  3.2  6.1  2.5  2.6  5.9 13.1 31.7  9.6  3.0  2.6 72.2 72.9  5.0165.9  4.7
  1.6  0.2  0.0  0.0  0.0  0.0  0.0  0.0  0.0  0.0  0.0  0.0  0.0  0.0  0.0
  0.0  0.0  0.0  2.0  1.4  2.9  0.7  0.1  0.1  0.0  0.0  0.0  0.0  0.0  0.4
  0.5  1.1  0.7  0.4  0.0  0.5  0.0  0.2  0.0  0.4  0.1  0.0  3.1  1.1  0.0
  7.1  0.2  0.0  7.3  3.0  0.7  4.1  4.3  0.0  0.0  0.0  0.0  0.0  0.0  0.0
  0.1  0.7  0.2  0.0  0.0  0.0  0.1 14.1  1.1  0.7  5.0 23.9  3.7  2.9  5.5
  2.2  4.2  2.2  3.0  0.5  0.8  0.0 28.9 19.7 21.0  2.5  5.5  8.3  5.9  0.0
      2.97      3.12     -1.27     -1.86      0.71  0.4  0.0  0.0  0.1  0.0
                                     4000_story_0190_llm.txt 37.0  4.6 2044
  8.8  3.4  0.5 23.5  4.4  0.0  2.0  2.4 14.2 11.3  0.5  2.9  1.0  7.3  0.0
  2.0  0.5  2.9 31.3  0.5  1.0287.7 87.6 39.6 94.4 52.8 12.7  7.8  2.0  2.0
  0.0  2.9 25.4  7.8  7.3 41.6  6.4  1.0  3.4  2.4  2.9  2.0  7.3  8.3  1.0
  5.4 10.3  1.0  4.9  4.9  6.8 49.9 14.7  1.0  3.9 70.5 71.4  1.5140.9  6.8
  1.5  1.0  0.0  0.0  0.0  0.0  0.0  0.0  0.0  0.0  0.0  0.0  0.0  0.0  0.0
  0.0  0.0  0.0  3.4  0.0  2.0  1.0  0.5  0.0  0.0  0.0  0.0  0.0  0.0  0.5
  0.0  0.5  0.0  1.0  0.0  0.5  0.0  0.0  0.0  0.5  0.5  0.0  2.0  1.5  0.0
  6.4  0.5  0.0  6.8  2.0  0.5  2.9  3.9  0.0  0.0  0.0  0.0  0.0  0.0  0.0
  0.5  1.0  0.0  0.0  0.0  0.0  0.5  9.3  2.9  0.5  6.8 17.1  2.4  3.4  2.4
  1.5  2.0  2.0  2.9  0.5  1.0  0.0 34.2 17.6 11.7  2.0  5.4 10.8  3.4  0.0
     -2.49      3.62     -0.80     -1.97      4.71  1.0  0.0  0.0  0.0  0.0
                                     4000_story_0198_llm.txt 37.5  4.7 6644
 13.1  2.7  2.1 59.9 10.2  1.7  2.9  2.0 20.5 12.6  1.4  1.8  0.3  4.2  0.0
  1.8  1.2  6.2 18.2  0.2  1.5272.9 79.5 42.6 85.8 48.5 10.8 10.2  1.7  4.2
  0.8  1.4 31.5  6.0  5.4 34.3  8.9  4.4  4.5  2.6  3.6  1.2  4.4  5.6  1.2
  5.6  7.1  2.9  2.9  6.5 14.1 31.0 12.3  1.4  6.6 79.5 79.2  2.9165.7  7.8
  1.5  0.0  0.0  0.0  0.0  0.0  0.0  0.0  0.0  0.0  0.0  0.0  0.0  0.0  0.0
  0.0  0.0  0.0  1.7  1.7  1.8  1.5  0.2  0.0  0.0  0.0  0.0  0.0  0.2  0.2
  0.6  1.5  0.5  0.5  0.5  0.6  0.0  0.0  0.0  0.3  0.5  0.3  3.0  0.6  0.0
  6.6  0.2  0.2  6.9  3.2  1.1  4.5  4.4  0.0  0.0  0.0  0.0  0.0  0.0  0.0
  0.2  0.8  0.0  0.0  0.0  0.0  0.2 11.4  4.2  2.1  8.6 16.9  3.6  4.8  5.3
  2.9  2.1  5.4  0.5  1.1  0.2  0.8 30.4 20.8 22.1  2.4  3.9  9.0  5.3  0.0
     -2.46      3.23      2.16     -0.74      2.67  0.6  0.0  0.0  0.0  0.0
                                     4000_story_0199_llm.txt 36.5  4.3 6479
 16.4  3.9 17.3 50.6  7.9  1.9  2.8  0.8 15.1 15.1  0.6  1.5  0.3  4.8  0.9
  0.8  2.3  5.2 20.7  1.1  1.5265.2 82.3 29.2108.2 52.3 11.9 12.5  0.5  0.8
  0.0  1.4 15.1  7.4 12.0 36.0  7.6  5.1  3.5  2.8  1.2  1.4  4.8  6.3  0.8
  4.8  7.4  2.5  1.9  6.2 11.6 33.8 11.9  3.4  1.2 60.3 75.3  1.5174.3  6.2
  0.3  0.2  0.0  0.0  0.0  0.0  0.0  0.0  0.0  0.0  0.0  0.0  0.0  0.0  0.0
  0.0  0.0  0.0  2.2  1.2  2.2  1.1  0.3  0.2  0.5  0.0  0.2  0.0  0.0  0.3
  0.2  0.6  1.4  0.3  0.5  0.3  0.0  0.3  0.2  0.5  0.2  0.3  2.2  1.4  0.0
  6.6  0.9  0.2  7.7  2.8  1.2  4.5  4.0  0.0  0.0  0.0  0.0  0.0  0.0  0.0
  0.6  0.6  0.2  0.0  0.0  0.0  0.0 10.6  1.5  0.9  6.0 22.7  2.9  4.5 11.6
  1.5  2.5  1.9  1.5  0.6  0.0  0.2 39.2 19.9 23.0  2.5  6.5 10.2  5.1  0.0
      3.50      4.76     -4.50     -1.84      2.46  0.5  0.0  0.0  0.0  0.0
                                     4000_story_0201_llm.txt 35.3  4.5 2781
 16.9  4.7  4.3 55.7  7.9  0.7  2.9  1.8 64.7 11.1  1.1  0.7  1.8  2.2  0.0
  1.8  0.7  7.6 17.6  1.4  2.2229.8 80.5 36.7 91.0 34.5 15.1 13.7  1.4  2.9
  0.4  1.8 35.6  8.6  7.6 43.5  8.6  4.0  2.9  2.5  2.2  2.5  5.0  7.9  0.4
  2.9  4.7  1.8  2.9  4.3 13.7 27.3 11.1  2.2  4.7 74.8107.2  1.1166.1  6.8
  1.4  0.4  0.0  0.0  0.0  0.0  0.0  0.0  0.0  0.0  0.0  0.0  0.0  0.0  0.0
  0.0  0.0  0.0  2.2  0.7  2.5  2.2  0.0  0.4  0.0  0.0  0.0  0.0  0.0  1.1
  0.0  0.7  0.7  1.1  0.0  0.7  0.0  0.0  0.0  0.4  0.7  0.7  3.2  1.1  0.0
  7.6  0.4  0.0  7.9  3.6  0.7  4.7  5.8  0.0  0.0  0.0  0.0  0.0  0.0  0.0
  0.0  0.0  0.0  0.0  0.0  0.0  0.4 11.5  1.8  0.7 10.1 11.9  2.5  3.6  2.5
  4.3  2.5  0.0  1.1  0.4  0.4  0.4 29.1 21.6 19.8  1.1  7.2 12.2  7.6  0.0
      1.24      4.23     -0.44     -1.56      1.92  0.7  0.4  0.0  0.0  0.0
                                     4000_story_0203_llm.txt 32.5  4.4 3355
 12.2  1.5  6.9 48.6  9.8  1.8  2.4  0.3 14.6 18.2  0.6  2.7  0.3  2.7  0.6
  2.1  1.2  7.2 21.2  0.3  1.2272.1 87.6 45.6 93.3 47.4 10.4  9.2  0.3  3.0
  0.0  1.8 16.7  5.7  9.8 31.6  7.7  3.6  2.1  2.7  2.1  1.8  2.7  5.7  0.9
  3.6  9.2  1.8  2.7  5.4 12.8 37.6 10.1  1.5  3.3 71.5 71.8  2.1161.0  7.5
  0.9  0.3  0.0  0.0  0.0  0.0  0.0  0.0  0.0  0.0  0.0  0.0  0.0  0.0  0.0
  0.0  0.0  0.0  0.3  1.5  1.8  1.8  0.0  0.3  0.0  0.0  0.0  0.0  0.3  0.6
  0.6  1.8  1.5  0.9  0.0  0.3  0.0  0.0  0.0  0.0  1.5  0.0  2.4  2.4  0.0
  5.4  0.3  0.3  6.0  5.4  0.3  5.7  6.3  0.0  0.0  0.0  0.0  0.0  0.0  0.0
  0.0  0.3  0.0  0.0  0.0  0.0  0.3  8.6  1.2  1.2  3.6 25.0  2.1  3.0  5.1
  4.8  2.7  4.2  3.9  0.9  1.5  0.0 33.1 15.8 17.6  3.9  7.7 12.8  5.4  0.0
     -1.44      3.16     -1.85     -2.15      0.75  0.0  0.0  0.3  0.0  0.0
                                     4000_story_0205_llm.txt 37.0  4.5 7619
 12.9  2.6  3.9 49.5  5.9  0.9  2.5  1.7  9.5 17.6  1.6  1.1  0.3  2.6  0.3
  1.8  1.3  7.4 25.7  1.1  1.1259.9 81.0 46.7 94.1 47.9 11.4 10.4  1.1  2.9
  0.5  2.9 27.8  6.6  7.6 39.9  7.6 11.8  2.1  2.6  2.9  2.9  5.3  8.3  0.4
  2.9  7.4  2.6  3.3  5.0 22.1 39.6 11.6  2.4  4.5 78.5 63.3  1.4160.8  8.7
  2.2  0.3  0.0  0.0  0.0  0.0  0.0  0.0  0.0  0.0  0.0  0.0  0.0  0.0  0.0
  0.0  0.0  0.0  0.8  0.9  2.4  1.7  0.1  0.0  0.0  0.0  0.0  0.0  0.0  0.1
  0.8  0.8  0.9  0.7  0.1  0.4  0.0  0.0  0.0  0.1  0.5  0.0  2.6  1.8  0.0
  5.8  0.1  0.0  5.9  3.3  0.5  3.9  5.0  0.0  0.0  0.0  0.0  0.0  0.0  0.0
  0.3  0.3  0.1  0.0  0.0  0.0  0.1  9.5  4.2  1.4  6.4 22.7  1.6  6.3  3.5
  6.6  3.0  2.5  1.6  1.1  0.7  0.4 31.1 17.5 19.6  2.9  5.0  7.7  3.8  0.0
     -0.79      3.61      0.13      0.61      2.14  0.5  0.0  0.0  0.0  0.0
                                     4000_story_0208_llm.txt 38.0  4.3 4960
 15.7  4.6  6.5 59.3 18.5  1.8  3.4  1.8 26.0 14.5  1.8  0.4  0.6  5.2  0.8
  0.8  0.2  8.9 24.0  1.6  1.8232.9 70.4 40.7 96.0 54.6 12.5  9.1  0.8  3.2
  0.2  3.6 23.8  6.5  8.1 45.0 10.1  9.7  1.4  3.8  2.6  2.8  4.6  5.8  0.6
  2.4  7.5  2.2  3.2  7.7 21.2 39.3  8.9  1.8  4.2 75.6 99.2  3.2170.2  3.4
  0.2  0.2  0.0  0.0  0.0  0.0  0.0  0.0  0.0  0.0  0.0  0.0  0.0  0.0  0.0
  0.0  0.0  0.0  2.6  1.0  3.8  1.8  0.2  0.0  0.0  0.0  0.0  0.0  0.2  0.8
  0.6  1.8  1.4  1.0  0.0  0.4  0.0  0.0  0.2  0.2  0.4  0.2  3.0  1.0  0.0
  9.3  0.2  0.2  9.7  5.6  0.6  6.5  4.6  0.0  0.0  0.0  0.0  0.0  0.0  0.0
  0.0  0.8  0.0  0.0  0.0  0.0  0.2  8.5  2.2  1.8  6.5 23.8  3.0  3.8  3.4
  2.4  2.6  2.2  1.6  0.8  0.4  0.0 36.1 16.3 23.0  1.4  4.2 11.9  5.6  0.0
      4.09      3.94     -0.53      0.27      1.40  0.2  0.0  0.0  0.2  0.0
                                     4000_story_0209_llm.txt 35.3  4.1 3290
 11.9  0.9  0.9 55.0 10.6  1.5  2.4  1.8 16.7 19.5  1.2  0.3  0.0  5.8  0.3
  0.9  2.7  7.6 24.0  0.3  3.6221.3 92.1 46.5 95.4 47.4  9.4 14.9  0.0  3.3
  0.3  4.6 10.9  8.8 17.3 32.8  5.2  4.9  1.2  1.8  2.4  3.3  3.0  4.0  0.3
  3.0  9.1  0.3  3.0  6.1 14.9 39.8  7.3  3.0  3.6 97.6 74.8  1.2164.7  5.8
  0.3  0.0  0.0  0.0  0.0  0.0  0.0  0.0  0.0  0.0  0.0  0.0  0.0  0.0  0.0
  0.0  0.0  0.0  1.2  0.3  0.3  0.9  0.3  0.0  0.0  0.0  0.0  0.0  0.0  0.0
  0.0  0.6  0.6  0.9  0.0  0.0  0.0  0.0  0.0  0.3  0.0  0.0  1.8  0.9  0.0
  2.7  0.3  0.0  3.0  2.1  0.0  2.4  2.7  0.0  0.0  0.0  0.0  0.0  0.0  0.0
  0.3  0.6  0.0  0.0  0.0  0.0  0.0 11.6  0.9  0.9  6.1 28.9  2.4  4.0 12.5
  1.5  7.9  0.3  4.3  0.6  0.0  0.0 32.2 21.6 14.6  2.1  7.3 11.2  5.8  0.0
      4.35      4.09     -4.11     -1.73      0.09  0.3  0.0  0.0  0.0  0.0
                                     4000_story_0213_llm.txt 35.5  4.5 6957
 11.6  1.9  0.4 54.9 10.2  1.3  2.6  1.1 15.1 17.5  1.1  1.3  0.0  4.5  0.0
  1.6  1.0  4.2 22.3  0.7  1.4278.4 81.4 46.6 91.8 46.7  8.9 11.8  0.7  3.6
  0.7  2.7 20.3  5.5  7.0 34.6  8.2  3.9  3.9  1.9  3.3  1.4  4.7  8.3  0.1
  4.6  6.8  2.2  2.9  7.2 11.4 34.9 13.1  1.7  5.0 87.0 72.0  2.3165.0  4.3
  0.9  0.0  0.0  0.0  0.0  0.0  0.0  0.0  0.0  0.0  0.0  0.0  0.0  0.0  0.0
  0.0  0.0  0.0  0.7  2.3  3.0  0.7  0.1  0.0  0.0  0.0  0.0  0.0  0.0  0.4
  0.4  2.3  0.1  0.6  0.0  0.4  0.1  0.1  0.0  1.4  0.0  0.1  2.6  0.7  0.0
  6.8  0.1  0.0  6.9  3.9  0.7  6.0  3.4  0.0  0.0  0.0  0.0  0.0  0.0  0.0
  0.0  0.0  0.0  0.0  0.0  0.0  0.1 10.5  3.4  1.3  6.6 19.4  0.7  6.2 12.5
  4.2  2.3  1.6  2.9  0.7  0.9  0.1 36.4 17.0 17.7  1.6  8.9  6.9  3.6  0.0
     -2.79      3.27      0.67     -1.43      2.20  0.7  0.0  0.0  0.1  0.0
                                     4000_story_0215_llm.txt 36.3  4.3 4362
 15.4  5.3 13.3 54.6  8.3  0.7  2.5  2.1 44.7 15.8  0.7  2.1  0.2  2.8  1.1
  0.5  0.2  9.4 22.2  0.5  2.1228.3 89.2 36.9 95.1 62.6 19.3  6.4  2.3  3.4
  0.7  1.1 30.3  7.6  8.0 38.1  7.3  5.5  2.5  3.4  2.3  1.8  3.7  6.4  0.2
  1.8 10.3  4.4  2.8  5.3 17.2 39.2  8.5  0.7  6.4 74.0115.5  1.6163.7  5.0
  2.1  0.2  0.0  0.0  0.0  0.0  0.0  0.0  0.0  0.0  0.0  0.0  0.0  0.0  0.0
  0.0  0.0  0.0  2.3  0.7  1.8  2.3  1.1  0.0  0.0  0.0  0.0  0.0  0.0  0.7
  0.5  0.9  0.2  0.7  0.0  0.9  0.5  0.0  0.2  0.0  0.0  0.0  1.8  1.4  0.0
  7.1  1.1  0.0  8.3  3.0  1.6  4.6  3.2  0.0  0.0  0.0  0.0  0.0  0.0  0.0
  0.2  0.7  0.0  0.0  0.0  0.0  0.0  9.6  6.2  2.1  7.6 22.2  3.4  7.8  3.9
  3.7  4.1  0.2  1.8  1.1  0.7  0.5 35.5 17.9 22.7  1.6  5.3  8.7  3.4  0.0
      2.18      5.08      0.51     -1.09      0.41  0.5  0.0  0.0  0.0  0.0
                                     4000_story_0218_llm.txt 35.0  4.3 2456
 15.5  4.5  4.5 51.7 11.0  1.2  2.4  2.0 19.1 12.2  1.6  1.6  0.0  3.7  0.4
  2.4  0.0  6.5 21.2  0.4  1.2244.3 71.7 32.6105.0 68.4  6.9 15.9  1.6  0.8
  0.0  2.0 12.6 10.6 12.2 46.4 11.4  9.0  1.6  2.0  3.7  1.2  7.7  4.1  0.0
  2.4  9.4  1.2  3.7  6.9 19.1 36.2  6.5  0.4  2.4 59.4 98.5  3.3174.3  5.3
  2.0  0.0  0.0  0.0  0.0  0.0  0.0  0.0  0.0  0.0  0.0  0.0  0.0  0.0  0.0
  0.0  0.0  0.0  0.4  2.0  4.1  2.4  0.8  0.0  0.0  0.0  0.0  0.0  0.0  1.2
  1.2  3.3  1.6  0.8  0.0  0.0  0.8  0.0  0.0  0.8  0.0  0.0  2.9  0.0  0.0
  9.0  0.8  0.0  9.8  8.1  0.8  9.8  2.9  0.0  0.0  0.0  0.0  0.0  0.0  0.0
  0.4  0.4  0.0  0.0  0.0  0.0  0.0  4.5  0.8  1.2  5.3 20.0  2.9  6.1  9.0
  6.5  4.5  2.4  3.7  2.0  0.4  0.0 36.6 22.0 21.2  2.9  4.1  6.1  4.5  0.0
     -0.61      5.04     -5.29     -0.79      2.61  0.0  0.0  0.0  0.4  0.0
                                     4000_story_0219_llm.txt 38.3  4.6 4944
 10.3  3.0  2.0 72.0  4.4  0.2  1.0  0.4 21.4 10.3  1.0  2.0  0.2  2.0  0.0
  0.2  0.6  6.3 24.1  0.8  1.4301.0 95.9 38.8 60.1 44.1 11.1  7.3  2.4  3.6
  0.6  3.2 45.5  4.4 10.1 28.5  4.4  3.4  1.4  2.0  2.2  1.4  3.0  4.4  1.0
  4.2  6.1  1.6  1.8  5.5 11.9 37.4  9.7  1.4  6.7 69.0 70.0  1.6146.6  4.0
  4.4  0.0  0.0  0.0  0.0  0.0  0.0  0.0  0.0  0.0  0.0  0.0  0.0  0.0  0.0
  0.0  0.0  0.0  1.6  0.4  1.6  1.2  0.0  0.0  0.0  0.0  0.0  0.0  0.2  0.0
  0.2  0.0  0.4  0.8  0.0  0.4  0.0  0.0  0.0  0.0  0.6  0.2  1.6  0.4  0.0
  4.9  0.0  0.2  5.1  1.4  0.4  1.8  2.8  0.0  0.0  0.0  0.0  0.0  0.0  0.0
  0.8  0.0  0.0  0.0  0.0  0.2  0.0 11.5  4.9  1.2 12.3 20.0  2.6  3.2  8.3
  3.8  2.0  2.6  1.0  0.0  0.4  0.8 30.1 16.0 15.6  1.6  6.1  7.1  3.6  0.0
     -5.89      1.70      3.27     -2.78      1.09  0.0  0.0  0.2  0.0  0.0
                                     4000_story_0220_llm.txt 35.0  4.8 2806
  5.7  1.4  9.6 37.4  8.9  0.4  1.4  0.4 14.6 10.0  0.4  0.4  0.0  3.9  0.4
  0.4  1.8  5.0 17.8  0.0  0.0309.0101.6 45.3 77.7 49.2 13.5  6.8  3.9  2.5
  1.4  2.1 37.1  5.7  7.8 29.9  5.0  2.5  0.7  2.1  2.1  1.8  5.3  6.8  2.1
  7.5  6.1  1.4  3.9  3.9  9.6 28.5 16.4  1.8  7.8 75.6 72.7  2.5134.0  6.1
  1.4  0.4  0.0  0.0  0.0  0.0  0.0  0.0  0.0  0.0  0.0  0.0  0.0  0.0  0.0
  0.0  0.0  0.0  0.7  0.4  1.1  1.4  0.4  0.0  0.0  0.0  0.0  0.4  1.1  0.0
  0.0  0.4  0.7  0.7  0.0  0.4  0.0  0.0  0.0  0.4  0.0  0.4  0.7  1.4  0.0
  3.6  0.4  1.4  5.3  1.8  0.4  2.5  2.5  0.0  0.0  0.0  0.0  0.0  0.0  0.0
  0.0  0.0  0.0  0.0  0.0  0.0  0.0 13.2  3.6  1.4  8.2 16.7  1.1  3.6  6.4
  3.6  2.5  0.7  2.1  1.1  1.4  0.7 24.2 12.1 10.3  1.4  2.9  6.4  4.6  0.0
     -9.41      2.87      3.55     -3.08      4.80  1.8  0.0  0.0  0.0  0.0
                                     4000_story_0222_llm.txt 38.8  4.6 5405
 12.0  3.0  4.6 48.8  5.0  0.2  1.9  0.9 38.5 11.8  1.1  1.3  0.0  2.6  0.4
  0.9  0.9  4.6 14.6  0.9  0.7254.0 87.1 45.1 99.9 49.0 12.8 13.3  1.9  3.1
  1.3  2.0 39.4  7.0  7.6 36.4  5.7  3.5  3.9  2.0  2.0  1.9  5.9  4.4  0.7
  3.9  5.6  2.2  3.5  6.3 10.2 25.5  9.1  1.9  6.3 76.0 92.5  3.3161.5  5.0
  0.4  0.4  0.0  0.0  0.0  0.0  0.0  0.0  0.0  0.0  0.0  0.0  0.0  0.0  0.0
  0.0  0.0  0.0  2.6  0.7  0.9  1.3  0.4  0.0  0.0  0.0  0.0  0.0  0.0  0.2
  0.2  1.1  0.2  0.6  0.2  0.2  0.0  0.0  0.0  0.6  0.9  0.0  3.0  0.4  0.0
  5.6  0.4  0.0  5.9  2.2  0.4  3.1  4.3  0.0  0.0  0.0  0.0  0.0  0.0  0.0
  0.4  0.4  0.0  0.0  0.0  0.0  0.0 13.1  4.8  3.1  8.3 16.5  1.9  4.4  7.8
  1.7  2.0  2.4  1.1  0.2  0.7  0.9 27.9 22.0 17.0  1.9  5.7 10.0  6.5  0.0
     -5.67      4.66      1.99     -1.88      2.57  0.9  0.0  0.6  0.0  0.0
                                     4000_story_0223_llm.txt 33.0  4.4 4618
 11.0  3.0  1.7 32.0  1.9  0.2  1.9  0.2 50.2 12.8  0.2  1.3  0.0  3.7  0.0
  0.2  1.3  5.8 14.9  0.6  2.4260.7106.8 34.6104.6 29.7 13.4  7.4  1.5  2.6
  0.4  1.5 22.7  8.0 11.0 36.8  6.1  2.4  2.2  1.7  0.6  2.4  3.7  6.5  0.9
  1.5  9.3  1.5  2.8  3.9  8.9 28.8  8.9  1.9  4.5 67.6 81.9  2.4150.9  5.2
  0.6  0.0  0.0  0.0  0.0  0.0  0.0  0.0  0.0  0.0  0.0  0.0  0.0  0.0  0.0
  0.0  0.0  0.0  1.5  0.4  2.2  1.1  0.0  0.0  0.0  0.0  0.0  0.2  0.2  0.0
  0.4  0.2  0.9  0.2  0.0  0.0  0.0  0.0  0.0  0.2  0.0  0.0  2.6  1.7  0.0
  5.2  0.0  0.4  5.6  1.7  0.0  1.9  4.3  0.0  0.0  0.0  0.0  0.0  0.0  0.0
  0.0  0.6  0.0  0.0  0.0  0.0  0.0  4.5  2.6  1.1  6.7 26.2  3.2  5.2  5.6
  2.8  1.7  0.9  3.9  0.2  0.4  0.0 30.1 13.0 15.6  1.1  8.2  7.4  4.1  0.0
     -4.67      2.98     -1.93     -3.29      0.81  0.6  0.0  0.0  0.2  0.0
                                     4000_story_0224_llm.txt 37.0  4.6 2779
 18.4  7.6  0.0 64.4  8.6  0.0  3.6  1.1 11.2 16.2  1.8  1.8  0.4  4.0  1.1
  3.6  1.4  7.2 24.1  0.7  1.1228.5 71.2 36.0 93.6 82.0 16.2 11.5  1.1  5.4
  1.4  1.8 35.3  5.4  4.0 48.2  7.6  5.0  4.3  3.2  1.4  5.0  5.0  6.5  0.4
  1.8  9.0  6.1  4.0  9.7 13.7 39.9  8.6  2.2  7.9 73.0101.8  2.5169.1  3.2
  0.7  0.0  0.0  0.0  0.0  0.0  0.0  0.0  0.0  0.0  0.0  0.0  0.0  0.0  0.0
  0.0  0.0  0.0  5.8  0.4  5.4  2.2  0.0  0.4  0.0  0.4  0.0  0.0  0.0  0.4
  0.4  0.7  0.4  0.4  0.0  0.4  0.0  0.4  0.0  0.4  0.4  0.4  6.5  2.2  0.0
 13.7  0.4  0.4 14.4  2.2  0.7  3.2  9.4  0.0  0.0  0.0  0.0  0.0  0.0  0.0
  0.0  0.7  0.0  0.0  0.0  0.0  0.0  7.9  4.0  2.2 10.1 17.6  1.1  3.2  4.0
  2.2  2.9  2.9  1.1  0.0  0.7  0.7 22.3 22.3 31.7  1.8  3.6 11.9  4.0  0.0
      4.65      6.24      3.29      0.16      1.36  0.0  0.0  0.0  0.0  0.0
                                     4000_story_0225_llm.txt 29.8  4.2 3470
 12.1  2.6  0.9 47.3 11.5  0.6  2.9  1.7 20.5 17.0  0.0  0.9  0.9  2.6  0.0
  2.3  1.2  3.2 27.7  0.9  1.2236.0 76.9 42.1117.0 51.9 13.5 15.3  1.4  2.9
  0.3  1.7 17.3  7.2 13.8 36.9  4.0  2.9  4.0  0.9  2.0  1.7  5.2  2.9  0.0
  2.0  6.6  0.6  2.3  5.5  8.1 37.8  4.9  2.0  4.6 75.8 83.9  1.4170.9  2.9
  2.3  0.0  0.0  0.0  0.0  0.0  0.0  0.0  0.0  0.0  0.0  0.0  0.0  0.0  0.0
  0.0  0.0  0.0  1.4  0.3  1.4  0.9  0.0  0.0  0.0  0.0  0.0  0.0  0.0  0.0
  0.0  0.6  0.3  0.6  0.0  0.3  0.0  0.0  0.0  0.0  0.3  0.0  2.9  2.0  0.0
  4.0  0.0  0.0  4.0  1.4  0.3  1.7  5.2  0.0  0.0  0.0  0.0  0.0  0.0  0.0
  0.0  0.0  0.3  0.0  0.0  0.0  0.3 23.6  0.3  0.9  4.9 25.4  2.0  6.1  4.9
  4.3  3.2 11.2  5.8  0.6  0.0  0.0 34.3 25.1 14.1  1.7 10.7 13.5  5.2  0.0
      0.12      5.86     -2.86     -2.57      0.70  0.0  0.3  0.0  0.0  0.0
                                     4000_story_0226_llm.txt 30.3  4.2 4413
 12.2  2.7  0.5 63.4 19.7  0.7  3.4  0.7 31.5 10.4  1.4  1.6  0.7  3.4  0.2
  1.1  2.5  6.6 22.2  1.1  2.0218.7 75.7 44.0 98.1 63.9 11.1 18.6  0.2  1.6
  0.2  2.0 17.9  9.5 12.2 33.1  5.9  9.7  2.9  2.7  3.4  3.6  4.8  8.4  0.0
  2.3  5.7  2.0  3.9  6.6 19.7 34.2 10.7  3.6  2.0 66.8115.1  2.5170.4  4.5
  0.2  0.2  0.0  0.0  0.0  0.0  0.0  0.0  0.0  0.0  0.0  0.0  0.0  0.0  0.0
  0.0  0.0  0.0  1.8  1.4  1.8  0.7  0.5  0.2  0.0  0.0  0.0  0.0  0.0  0.9
  0.0  1.4  0.9  0.2  0.0  0.5  0.2  0.0  0.0  0.9  0.2  0.0  2.5  0.9  0.0
  5.7  0.7  0.0  6.3  3.4  0.7  5.0  3.6  0.0  0.0  0.0  0.0  0.0  0.0  0.0
  0.2  0.5  0.0  0.0  0.0  0.0  0.0 14.7  0.9  0.2  2.3 13.4  0.9  4.5 14.0
  5.0  2.0  1.8  2.3  1.6  0.9  0.0 39.4 25.6 16.5  1.4  4.3  7.9  3.9  0.0
      4.51      5.92     -4.09      0.97      1.35  0.0  0.0  0.0  0.0  0.0
                                     4000_story_0230_llm.txt 34.5  4.5 3005
 11.0  2.3  0.7 57.6  7.7  0.0  3.7  1.0 24.0 12.0  1.7  0.7  0.0  6.3  0.0
  1.0  0.3  5.0 20.6  1.7  1.3234.9 79.9 38.6101.2 59.6 13.6 22.6  0.7  1.3
  0.0  2.0 24.3  5.3 15.0 33.9  5.3  1.7  4.0  1.0  2.7  2.0  4.0  9.3  1.0
  3.0  6.7  2.7  1.7  8.0  9.3 30.9 13.3  2.0  2.0 70.2 91.2  1.7170.7  4.3
  1.7  0.0  0.0  0.0  0.0  0.0  0.0  0.0  0.0  0.0  0.0  0.0  0.0  0.0  0.0
  0.0  0.0  0.0  1.7  0.7  1.7  0.3  0.3  0.0  0.0  0.0  0.0  0.0  0.0  0.7
  0.3  0.3  0.3  0.3  0.0  0.0  0.0  0.0  0.3  0.7  0.3  0.0  2.7  1.0  0.0
  4.3  0.3  0.0  4.7  2.0  0.3  3.0  4.0  0.0  0.0  0.0  0.0  0.0  0.0  0.0
  0.0  0.3  0.0  0.0  0.0  0.0  0.0 10.0  2.7  1.7  6.3 17.3  2.3  3.7  7.3
  2.7  2.7  1.3  1.7  0.3  1.0  1.3 25.3 32.9 16.6  1.7  5.3 11.3  3.7  0.0
     -1.78      7.06     -3.40     -2.40      2.02  0.3  0.0  0.0  0.0  0.0
                                     4000_story_0237_llm.txt 33.8  4.4 2962
 10.8  2.4  0.7 50.3  5.4  0.7  2.0  2.4 21.3 11.5  1.7  0.0  0.0  5.1  0.3
  1.0  4.1  6.8 22.6  0.3  1.4249.2 74.3 34.4104.7 57.7  7.1 12.2  0.3  1.4
  0.3  1.4 21.3 12.8  8.8 39.8  5.4  7.8  4.4  1.4  3.7  2.7  5.4 13.2  0.3
  3.7  4.4  1.0  2.7  5.1 18.2 29.7 17.2  4.4  2.0 60.4 84.4  1.7165.8  2.4
  1.7  0.0  0.0  0.0  0.0  0.0  0.0  0.0  0.0  0.0  0.0  0.0  0.0  0.0  0.0
  0.0  0.0  0.0  1.4  0.3  1.4  0.7  0.0  0.0  0.0  0.0  0.0  0.0  0.0  0.3
  0.7  0.0  0.0  0.7  0.0  0.0  0.0  0.0  0.0  0.0  0.3  0.3  2.4  1.0  0.0
  3.7  0.0  0.0  3.7  1.7  0.0  1.7  4.1  0.0  0.0  0.0  0.0  0.0  0.0  0.0
  0.0  0.0  0.0  0.0  0.0  0.0  0.0  4.4  1.0  2.4  3.7 26.7  3.7  5.4 11.8
  1.4  2.7  3.4  1.4  0.3  0.3  0.0 32.4 22.6 15.2  1.0 10.5  7.8  7.1  0.0
      3.18      3.89     -4.38      0.12      3.20  0.0  0.0  0.0  0.0  0.0
                                     4000_story_0238_llm.txt 31.5  4.4 2158
 14.8  3.2  0.0 54.7  8.3  0.9  4.2  2.3 19.0  8.8  0.9  1.9  0.5  8.8  0.0
  3.2  0.0  4.6 20.4  0.5  0.9236.3 82.5 36.1 97.3 59.8  6.0 20.4  0.5  2.8
  1.4  3.2 24.6  7.0 10.2 31.0 10.7  4.2  4.6  0.0  2.3  2.3  4.6  9.7  0.0
  3.7  9.3  1.9  3.7  7.4 11.1 34.8 13.4  0.5  4.6 67.7 87.1  5.1170.5  4.6
  2.8  0.0  0.0  0.0  0.0  0.0  0.0  0.0  0.0  0.0  0.0  0.0  0.0  0.0  0.0
  0.0  0.0  0.0  1.9  1.9  2.3  0.9  0.0  0.0  0.5  0.0  0.0  0.0  0.0  0.5
  0.5  1.4  0.9  0.9  0.0  0.0  0.5  0.0  0.5  1.4  0.0  0.0  2.3  0.9  0.0
  7.0  0.5  0.0  7.4  4.2  0.9  6.5  3.2  0.0  0.0  0.0  0.0  0.0  0.0  0.0
  0.9  0.0  0.0  0.0  0.0  0.0  0.0 18.1  3.2  0.9  6.5 21.3  2.3  4.2 13.4
  2.3  4.2  1.4  1.4  0.5  3.2  0.5 28.3 30.1 21.3  2.3  4.2 10.7  6.5  0.0
     -0.02      5.06      0.06     -2.09      1.94  0.5  0.0  0.0  0.0  0.0
                                     4000_story_0242_llm.txt 32.8  4.4 2048
  7.3  0.5  0.0 40.5  4.9  0.0  0.5  1.0 11.2 31.3  1.5  0.5  1.5  3.4  0.0
  0.5  2.9  2.0 18.6  0.0  2.0263.7 99.6 39.1 90.8 16.6 17.6  6.8  0.0  2.0
  0.5  5.4 18.6  6.3 16.6 29.3  3.9  0.5  0.5  0.5  2.0  2.9  3.9  6.8  0.5
  2.0  5.9  0.5  2.4  6.3  4.4 30.8  9.3  2.9  2.4 81.5 32.7  2.0146.0  2.9
  2.9  0.0  0.0  0.0  0.0  0.0  0.0  0.0  0.0  0.0  0.0  0.0  0.0  0.0  0.0
  0.0  0.0  0.0  1.0  0.0  0.0  1.5  0.0  0.0  0.0  0.0  0.0  0.0  0.0  0.0
  0.0  0.0  0.0  1.5  0.0  0.0  0.0  0.0  0.0  0.0  0.0  0.0  1.0  0.5  0.0
  2.4  0.0  0.0  2.4  1.5  0.0  1.5  1.5  0.0  0.0  0.0  0.0  0.0  0.0  0.0
  0.0  0.0  0.0  0.0  0.0  0.0  0.0  3.9  0.5  0.0  6.8 33.7  2.0 13.2  9.8
  0.5  2.9  2.4  2.9  0.0  1.5  1.0 21.5 14.2  8.8  1.0 11.2 10.7  6.3  0.0
     -2.67      2.64     -2.69     -4.01      0.86  0.5  0.0  0.0  0.0  0.0
                                     4000_story_0249_llm.txt 35.0  4.5 3454
 13.9  4.3  0.0 49.5 10.7  0.0  4.9  2.3 20.0 20.0  1.2  1.4  0.3  7.2  0.0
  2.3  0.9  3.5 17.1  0.3  1.4238.9 79.9 42.3 99.6 42.6 11.0 20.3  1.2  4.1
  0.3  2.6 23.2  8.4  8.7 37.6  7.5  6.4  1.7  2.3  3.8  3.5  4.1 10.7  0.0
  2.6  5.2  1.4  1.4  6.4 13.6 28.7 13.3  1.2  5.5 67.7 73.2  1.7168.2  6.1
  2.3  0.3  0.0  0.0  0.0  0.0  0.0  0.0  0.0  0.0  0.0  0.0  0.0  0.0  0.0
  0.0  0.0  0.0  3.8  0.9  0.6  1.4  0.3  0.0  0.0  0.3  0.0  0.0  0.0  0.9
  0.6  0.0  1.4  0.3  0.3  0.3  0.0  0.0  0.0  0.3  0.6  0.0  4.3  1.2  0.0
  6.7  0.3  0.3  7.2  3.2  0.6  4.1  6.1  0.0  0.0  0.0  0.0  0.0  0.0  0.0
  0.0  0.0  0.3  0.0  0.0  0.0  0.3 19.1  1.7  1.2  8.1 17.7  0.6  2.3  9.3
  0.9  4.3  0.3  1.2  0.9  0.9  0.6 28.4 39.7 20.3  1.7  6.9 10.4  4.9  0.0
      0.14      5.31     -0.57     -0.29      1.37  0.3  0.3  0.0  0.0  0.0
                                     4000_story_0250_llm.txt 35.5  4.4 5447
 16.3  2.0  0.2 44.4  5.5  0.7  2.6  1.3  5.3 21.3  1.1  2.2  0.2  3.3  0.2
  1.5  0.0  7.3 20.4  1.7  1.5262.9 87.8 44.1103.7 66.8 11.6  8.1  1.8  3.5
  0.9  1.8 23.1  7.9  9.9 36.0  4.6  2.6  1.7  0.9  0.7  1.8  3.1  6.6  0.7
  2.9  8.6  1.3  4.0  6.4 10.6 34.0 10.3  1.7  6.2 71.4 77.7  2.9158.8  2.6
  1.8  0.4  0.0  0.0  0.0  0.0  0.0  0.0  0.0  0.0  0.0  0.0  0.0  0.0  0.0
  0.0  0.0  0.0  1.5  0.4  1.8  0.9  0.0  0.0  0.4  0.2  0.0  0.0  0.0  0.7
  0.2  1.1  0.2  0.6  0.0  0.2  0.0  0.0  0.0  0.4  0.2  0.2  3.1  1.3  0.0
  4.6  0.4  0.2  5.1  2.8  0.2  3.3  4.8  0.0  0.0  0.0  0.0  0.0  0.0  0.0
  0.2  0.4  0.0  0.0  0.0  0.0  0.2 14.5  2.4  0.7  6.6 28.5  3.1  5.3  5.9
  3.5  2.9  4.8  4.6  1.1  0.7  0.6 37.3 16.3 19.1  2.4  9.4  7.7  5.1  0.0
     -2.60      4.37     -0.30     -3.96      0.84  0.6  0.0  0.2  0.0  0.0
                                     4000_story_0254_llm.txt 31.8  4.3 2194
 19.1  3.2  0.5 36.0  7.7  0.9  2.7  0.9 15.0  5.5  1.8  4.1  0.5  2.3  0.0
  0.5  0.5  4.6 32.8  2.3  2.7208.3 84.8 49.7124.0 98.9  7.7  6.4  0.5  2.3
  0.5  3.6 20.5  8.2 16.0 34.2 10.5  3.2  3.2  0.5  2.3  0.9  4.1  8.2  0.5
  1.4  8.7  1.8  3.6  8.7 10.0 49.7 10.0  2.7  3.2 83.4121.7  2.7172.7  1.4
  0.9  0.0  0.0  0.0  0.0  0.0  0.0  0.0  0.0  0.0  0.0  0.0  0.0  0.0  0.0
  0.0  0.0  0.0  2.3  1.8  1.8  1.8  0.0  0.0  0.0  0.0  0.0  0.0  0.0  2.3
  0.5  2.7  0.5  0.9  0.0  0.0  0.0  0.0  0.5  1.8  0.0  0.0  1.4  0.0  0.0
  7.7  0.0  0.0  7.7  6.8  0.5  9.1  1.4  0.0  0.0  0.0  0.0  0.0  0.0  0.0
  0.9  0.5  0.0  0.0  0.0  0.0  0.0 14.6  0.9  1.4  3.2 19.6  1.8  2.7  6.8
  7.3  3.2  5.5 13.7  0.0  1.4  0.0 40.6 14.6 26.9  0.5  8.2 16.0  6.4  0.0
      1.76      5.42     -3.41     -3.16      0.97  0.0  0.0  0.0  0.0  0.0
                                     4000_story_0256_llm.txt 35.8  4.6 5611
 16.4  6.2  0.7 69.9 17.1  0.0  5.9  1.1 34.2 12.3  2.3  1.6  0.2  5.7  0.4
  2.0  2.0  7.1 22.6  1.1  1.4221.4 70.6 35.1 91.8 55.2 12.8 12.5  1.8  4.8
  0.7  1.8 45.8  5.7  8.4 41.3  7.0  6.1  2.0  2.1  6.4  2.9  5.5 10.2  0.9
  2.9  5.9  5.3  3.0  7.3 19.6 34.0 13.9  3.0  7.3 68.3106.6  2.5170.4  1.8
  0.7  0.2  0.0  0.0  0.0  0.0  0.0  0.0  0.0  0.0  0.0  0.0  0.0  0.0  0.0
  0.0  0.0  0.0  5.0  1.2  2.9  2.0  0.0  0.0  0.0  0.0  0.0  0.0  0.0  0.7
  0.7  0.2  1.4  0.4  0.0  0.2  0.0  0.0  0.2  0.0  0.0  0.4  3.0  0.9  0.0
 11.0  0.0  0.0 11.0  3.4  0.4  3.7  4.3  0.0  0.0  0.0  0.0  0.0  0.0  0.0
  0.0  0.2  0.0  0.0  0.0  0.0  0.0 19.6  3.9  2.5 12.1 11.6  2.3  3.0  6.2
  2.3  1.1  1.4  1.1  0.5  0.5  1.2 26.6 26.4 23.2  2.1  6.2 12.1  4.1  0.0
      6.70      4.52      2.47      0.64      2.97  0.9  0.0  0.0  0.0  0.0
                                     4000_story_0268_llm.txt 33.5  4.2 3847
 16.9  4.9  0.5 52.5  7.8  0.5  1.6  3.9  9.6  9.9  2.1  0.8  0.5  3.6  0.5
  1.0  2.1  6.5 24.7  1.3  1.6202.5 74.6 47.3102.4 86.8 15.6  9.1  0.3  2.9
  0.8  3.9 19.8  5.7 10.7 39.3  9.9  4.2  1.3  2.1  1.3  2.6  4.2  5.7  0.5
  3.1 10.7  2.1  2.1  7.8 12.0 42.1  9.4  3.4  3.9 86.3104.2  2.9169.2  3.6
  1.0  0.3  0.0  0.0  0.0  0.0  0.0  0.0  0.0  0.0  0.0  0.0  0.0  0.0  0.0
  0.0  0.0  0.0  1.6  1.8  2.9  1.6  0.3  0.0  0.0  0.0  0.0  0.0  0.0  0.0
  0.3  1.3  1.0  0.3  0.0  0.8  0.0  0.0  0.3  0.8  0.3  0.3  2.9  0.8  0.0
  7.8  0.3  0.0  8.1  2.9  1.0  4.7  4.2  0.0  0.0  0.0  0.0  0.0  0.0  0.0
  0.0  0.0  0.0  0.0  0.0  0.0  0.0 15.9  0.3  1.6  6.8 18.2  0.8  5.2  9.1
  1.3  3.9  6.8  4.2  0.3  0.8  0.0 26.5 14.8 24.4  1.0  8.8 13.0  3.4  0.0
      3.54      6.18     -0.92     -2.59      1.25  0.0  0.0  0.0  0.3  0.0
                                     4000_story_0271_llm.txt 36.5  4.4 4574
  9.6  0.9  0.2 45.7  5.2  0.7  2.2  0.2 17.9 12.9  0.0  1.1  0.7  2.2  0.0
  0.7  0.7  3.3 11.8  0.9  0.9295.1 83.3 34.5115.2 57.1 12.0  7.4  0.2  1.7
  0.2  3.9 23.6  7.7 12.5 31.0  3.5  3.1  1.5  1.5  0.7  2.2  2.8  9.8  0.4
  3.7  7.2  0.9  2.0  5.0  7.0 25.6 14.0  1.5  2.2 66.0 80.2  1.5170.7  1.3
  1.7  0.0  0.0  0.0  0.0  0.0  0.0  0.0  0.0  0.0  0.0  0.0  0.0  0.0  0.0
  0.0  0.0  0.0  0.4  0.0  1.1  0.2  0.2  0.0  0.0  0.0  0.0  0.0  0.0  0.2
  0.2  0.2  0.2  0.2  0.0  0.0  0.2  0.0  0.0  0.0  0.0  0.0  1.3  0.4  0.0
  1.7  0.2  0.0  2.0  1.1  0.2  1.3  1.7  0.0  0.0  0.0  0.0  0.0  0.0  0.0
  0.0  0.0  0.0  0.0  0.0  0.0  0.0 13.8  2.4  0.2  3.7 23.6  2.4  3.7  9.6
  2.8  2.2  3.5  1.5  0.2  0.9  0.0 37.6 14.6 13.3  1.7  8.7 12.5  6.1  0.0
     -9.21      4.29     -2.34     -3.50      1.18  0.0  0.0  0.0  0.0  0.0
                                     4000_story_0276_llm.txt 33.0  4.2 3881
 15.5  7.0  4.1 29.1  4.6  0.3  1.3  0.3  5.9 10.3  0.3  1.8  1.3  3.6  0.3
  0.0  0.3  3.9 11.9  1.5  0.8238.1 99.5 22.4134.5118.8 17.0  8.2  0.5  2.1
  0.8  3.6 17.8  6.7 11.3 28.3  7.7  4.6  0.5  1.5  0.8  2.1  2.6  7.7  0.3
  1.8  5.2  2.3  1.8  4.1  9.3 24.0  9.8  1.8  3.3 52.6129.3  2.1179.6  4.6
  1.0  0.0  0.0  0.0  0.0  0.0  0.0  0.0  0.0  0.0  0.0  0.0  0.0  0.0  0.0
  0.0  0.0  0.0  3.3  1.0  3.1  2.3  0.3  0.0  0.0  0.0  0.0  0.3  0.0  0.5
  0.3  2.6  0.8  0.8  0.0  0.3  0.3  0.0  0.0  0.0  0.0  0.0  0.8  0.0  0.0
  9.8  0.3  0.3 10.3  4.9  0.5  5.4  0.8  0.0  0.0  0.0  0.0  0.0  0.0  0.0
  1.0  0.5  0.0  0.0  0.0  0.0  0.0 14.2  2.6  1.8  7.0 24.0  1.0  4.4 13.9
  4.4  2.1  1.3  3.3  0.3  0.0  0.3 43.0 15.2 27.1  2.1  9.0 18.0  8.5  0.0
     -4.83      8.77     -1.28     -3.44     -0.06  0.5  0.3  0.0  0.0  0.0
                                     4000_story_0277_llm.txt 35.3  4.2 3453
 17.1  7.5  2.6 41.7  5.8  0.6  2.6  0.0 25.5 13.3  1.2  2.9  0.3  4.3  0.9
  0.0  1.2  7.2 13.0  1.7  0.9231.1 90.4 25.5132.3 97.6 15.9 15.6  0.3  0.6
  0.9  3.2 26.4  6.7  9.0 30.7  8.7  2.0  2.6  0.3  0.6  2.6  2.9  8.1  0.0
  1.2  6.1  1.7  0.9  5.8  9.8 25.5  9.3  2.9  1.7 51.8128.9  2.0185.9  2.9
  0.9  0.0  0.0  0.0  0.0  0.0  0.0  0.0  0.0  0.0  0.0  0.0  0.0  0.0  0.0
  0.0  0.0  0.0  4.3  0.9  3.2  1.4  0.3  0.0  0.0  0.0  0.0  0.3  0.0  0.0
  0.0  2.9  0.6  0.6  0.0  0.0  0.0  0.0  0.0  0.6  0.0  0.0  1.7  0.0  0.0
  9.8  0.3  0.3 10.4  4.1  0.0  4.6  1.7  0.0  0.0  0.0  0.0  0.0  0.0  0.0
  0.3  0.3  0.0  0.0  0.0  0.0  0.0 29.5  1.4  1.2  6.7 17.7  2.9  5.8 18.5
  2.6  2.6  4.6  2.6  0.6  0.3  0.0 37.4 25.2 27.8  1.7  9.6 13.9  7.2  0.0
      1.75      8.92     -1.05     -3.83     -0.21  0.3  0.0  0.0  0.0  0.0
                                     4000_story_0278_llm.txt 36.5  4.5 2202
 11.8  4.1  0.5 35.4  7.3  0.5  1.8  0.0  4.1 11.4  1.8  1.4  0.5  3.2  1.4
  0.0  0.5  4.1 14.5  0.9  1.4258.4104.0 30.9112.2 84.9 10.9  8.2  0.0  2.3
  0.9  2.3 28.6  6.8 15.0 30.0  5.0  5.4  2.3  1.4  2.7  1.8  4.5  6.8  0.0
  3.6  5.9  0.9  2.7  5.4 12.3 25.4 10.4  1.4  3.2 57.2 96.3  0.9168.5  8.2
  1.8  0.0  0.0  0.0  0.0  0.0  0.0  0.0  0.0  0.0  0.0  0.0  0.0  0.0  0.0
  0.0  0.0  0.0  0.9  0.5  3.2  0.5  0.0  0.0  0.0  0.0  0.0  0.0  0.0  0.0
  0.5  0.9  0.9  0.5  0.0  0.0  0.0  0.0  0.0  0.0  0.0  0.0  1.4  0.0  0.0
  5.0  0.0  0.0  5.0  2.7  0.0  2.7  1.4  0.0  0.0  0.0  0.0  0.0  0.0  0.0
  0.9  0.0  0.0  0.0  0.0  0.0  0.5 15.9  3.2  2.3  8.6 20.0  2.3  5.4  9.5
  6.8  1.8  8.2  0.5  0.5  0.0  0.0 42.7 18.6 17.7  2.7 12.3 11.4  7.3  0.0
     -6.67      5.35     -2.29     -1.93      1.42  0.9  0.0  0.0  0.0  0.0
                                     4000_story_0279_llm.txt 29.5  4.0 5985
 17.2  8.2 26.7 63.8 12.0  1.3  6.9  2.2 76.2 14.2  0.2  5.2  0.3  6.5  2.3
  0.5  1.0 11.4 20.7  1.7  3.7206.0 74.5 21.2104.6 44.9 18.2 14.2  0.0  1.7
  0.2  2.5 11.0  7.9 10.9 31.6  7.2  9.0  2.7  4.2  1.3  1.3  2.7  4.0  0.8
  1.3  7.4  2.0  3.5  3.8 21.7 39.9  6.2  2.7  1.8 52.3133.2  5.2182.1  6.7
  2.0  0.2  0.0  0.0  0.0  0.0  0.0  0.0  0.0  0.0  0.0  0.0  0.0  0.0  0.0
  0.0  0.0  0.0  4.8  0.8  2.7  2.3  0.3  0.0  0.0  0.0  0.0  0.0  0.0  0.3
  1.0  1.3  0.8  0.5  0.0  0.2  0.2  0.0  0.0  0.3  0.5  0.2  3.7  1.0  0.0
 10.7  0.3  0.0 11.0  4.0  0.3  4.7  5.3  0.0  0.0  0.0  0.0  0.0  0.0  0.0
  0.3  0.3  0.3  0.0  0.0  0.2  0.0 11.0  1.8  0.7 13.0 15.9  2.3  6.3  4.8
  3.7  0.7  1.2  1.0  1.0  1.0  0.3 42.4 25.1 24.7  1.2  1.5 12.2  6.5  0.0
     17.22      5.84     -3.58     -0.52     -0.27  0.0  0.0  0.2  0.0  0.0
                                     4000_story_0280_llm.txt 33.8  4.1 4797
 23.6  9.4  7.5 56.1  8.3  2.1  5.2  1.0 58.0 14.2  1.5  1.5  0.2  9.8  1.3
  0.2  1.0  7.9 18.1  2.3  2.5210.3 77.3 20.6123.8 57.7 11.5 11.3  1.7  1.9
  0.0  3.3  9.4  9.6 13.6 27.3  7.5  7.9  1.7  3.3  0.6  2.3  2.1  2.3  0.2
  1.7  9.4  2.7  4.0  5.6 16.5 35.6  4.2  3.3  3.5 57.1124.0  3.3193.0 11.0
  1.7  0.0  0.0  0.0  0.0  0.0  0.0  0.0  0.0  0.0  0.0  0.0  0.0  0.0  0.0
  0.0  0.0  0.0  3.3  1.0  5.2  2.5  0.2  0.0  0.0  0.0  0.0  0.0  0.0  0.6
  0.4  1.3  1.0  0.4  0.0  0.0  0.2  0.0  0.0  0.4  0.2  0.0  1.5  0.8  0.0
 12.1  0.2  0.0 12.3  3.8  0.2  4.4  2.5  0.0  0.0  0.0  0.0  0.0  0.0  0.0
  0.6  0.4  0.0  0.0  0.2  0.2  0.4  7.9  0.8  1.3  8.3 13.8  1.9  4.2  5.0
  1.5  0.4  1.0  2.5  0.2  0.2  0.2 46.7 18.8 30.0  2.7  5.2 15.6  6.0  0.0
     12.25      5.20     -3.50     -1.45     -1.28  0.0  0.0  0.2  0.0  0.0
                                     4000_story_0282_llm.txt 33.8  4.1 2998
 18.7  6.0  2.7 63.7 14.0  1.3  4.0  0.0 34.0 12.0  1.0  2.0  0.0  6.3  0.7
  1.7  1.0  4.0 11.0  1.7  0.0188.1 80.7 23.3115.1102.4 16.0 12.3  0.7  1.7
  0.3  2.3 19.0  8.3 11.0 29.7 17.0  7.3  3.7  1.3  1.7  1.7  2.7 11.0  0.3
  1.3  3.3  4.7  1.0  7.0 13.0 20.0 12.7  2.7  2.7 50.7150.4  2.0197.8  3.3
  1.3  0.0  0.0  0.0  0.0  0.0  0.0  0.0  0.0  0.0  0.0  0.0  0.0  0.0  0.0
  0.0  0.0  0.0  5.0  1.0  2.0  2.7  0.3  0.0  0.0  0.0  0.0  0.0  0.0  2.3
  0.0  4.7  1.3  1.3  0.0  0.3  0.3  0.0  0.0  0.7  0.0  0.0  0.3  1.0  0.0
 10.7  0.3  0.0 11.0  9.7  0.7 11.0  1.3  0.0  0.0  0.0  0.0  0.0  0.0  0.0
  0.0  0.0  0.3  0.0  0.0  0.0  0.0 15.3  1.0  2.7  6.7 17.0  1.7  4.0 10.3
  3.3  1.7  1.7  2.0  0.0  0.3  0.0 41.0 26.0 35.7  1.0 10.0 11.0  9.7  0.0
      4.20      7.97     -2.62     -1.61      0.40  0.7  0.0  0.0  0.0  0.0
                                     4000_story_0284_llm.txt 32.5  4.2 4720
 17.4  6.1  2.3 42.6  8.9  1.3  3.8  0.0 10.2 13.3  1.5  2.1  0.6  8.9  0.6
  0.0  0.8  3.4  7.0  0.8  2.5231.8 86.9 15.5139.0107.0 17.8  9.7  0.0  0.8
  0.2  3.0 14.4  5.9 10.0 32.8  8.3  5.5  2.3  1.3  1.9  1.3  2.1  5.7  0.6
  1.9  4.4  1.3  2.3  7.8 10.8 17.8  8.3  1.7  1.1 46.2126.1  2.8192.6  4.9
  0.8  0.0  0.0  0.0  0.0  0.0  0.0  0.0  0.0  0.0  0.0  0.0  0.0  0.0  0.0
  0.0  0.0  0.0  1.9  0.8  3.6  1.5  0.4  0.0  0.0  0.0  0.0  0.0  0.0  0.2
  0.4  2.1  0.8  0.4  0.0  0.2  0.4  0.0  0.0  0.0  0.0  0.0  0.8  0.4  0.0
  7.8  0.4  0.0  8.3  4.0  0.6  4.7  1.3  0.0  0.0  0.0  0.0  0.0  0.0  0.0
  1.1  1.1  0.0  0.0  0.0  0.0  0.2  9.3  5.5  1.7  6.6 24.8  3.6  5.1 10.8
 10.6  1.9  1.5  1.3  0.2  0.2  0.2 52.8 18.9 25.8  0.8  8.3 12.7  8.7  0.0
      0.92      8.83     -2.80     -2.55     -0.33  0.4  0.0  0.0  0.0  0.0
                                     4000_story_0286_llm.txt 35.0  4.5 5134
 13.2  3.7  5.1 33.3  2.1  0.6  2.7  0.4 36.6 12.7  0.4  1.2  0.2  5.1  0.0
  0.8  0.4  6.6 18.5  0.4  0.6258.5 95.1 36.4108.3 54.3 13.4  9.7  0.0  2.1
  0.8  2.1 36.2  6.2  9.9 29.2  7.4  3.1  1.4  1.6  1.4  1.4  4.9  6.8  1.4
  3.7  7.4  3.7  1.8  4.7 11.1 30.8 11.9  0.8  2.9 65.3 93.1  0.6161.1  6.4
  1.8  0.6  0.0  0.0  0.0  0.0  0.0  0.0  0.0  0.0  0.0  0.0  0.0  0.0  0.0
  0.0  0.0  0.0  2.9  0.4  2.3  2.5  0.2  0.6  0.0  0.0  0.0  0.2  0.4  0.2
  0.2  1.6  1.4  0.2  0.0  0.0  0.2  0.4  0.0  0.2  0.0  0.0  2.1  0.6  0.0
  8.2  0.8  0.6  9.5  3.5  0.6  4.3  2.7  0.0  0.0  0.0  0.0  0.0  0.0  0.0
  0.6  0.4  0.0  0.0  0.2  0.0  0.0 29.6  4.3  1.6  9.7 24.2  0.6  4.7 12.3
  3.3  1.9  4.9  1.6  0.2  0.4  0.4 36.4 16.9 18.3  1.2  9.9 10.5  8.0  0.0
     -4.64      4.64     -0.30     -3.52      2.69  1.0  0.0  0.2  0.0  0.0
                                     4000_story_0290_llm.txt 31.5  4.2 3842
 19.5  9.4  1.3 45.3  4.9  0.0  3.9  1.3 34.9 15.4  1.8  3.9  0.3  5.5  0.5
  2.6  0.0  4.2 16.1  1.6  1.0188.7 75.7 21.9130.7112.2 15.6 14.8  0.0  2.1
  0.0  3.6 24.2 10.9  6.8 34.1  7.3  6.5  2.9  1.3  1.6  2.9  2.1  4.9  0.5
  2.3  7.5  3.1  3.4  9.1 12.2 32.5  7.8  1.6  2.1 59.9152.0  3.4185.6  6.2
  1.8  0.3  0.0  0.0  0.0  0.0  0.0  0.0  0.0  0.0  0.0  0.0  0.0  0.0  0.0
  0.0  0.0  0.0  5.5  1.8  3.6  1.3  0.5  0.0  0.0  0.0  0.0  0.0  0.0  0.5
  0.5  2.6  0.8  0.0  0.0  0.3  0.0  0.0  0.3  0.5  0.0  0.0  2.6  1.3  0.0
 12.2  0.5  0.0 12.8  4.4  0.5  5.5  3.9  0.0  0.0  0.0  0.0  0.0  0.0  0.0
  0.8  0.8  0.0  0.0  0.0  0.0  0.0 11.5  2.9  3.4  7.0 23.2  3.1 10.4  9.1
  2.9  1.6  1.0  1.0  0.8  1.0  1.3 42.2 28.6 33.8  1.6  4.7 11.5  4.9  0.0
      5.13      9.31     -2.01     -1.65     -0.42  0.5  0.3  0.0  0.0  0.0
                                     4000_story_0293_llm.txt 36.0  4.2 1976
 19.2  4.6  0.0 50.1 11.6  1.0  3.0  0.5 74.4 20.7  0.0  1.0  1.0  7.1  1.5
  1.0  2.5  6.6 16.2  1.0  1.0207.0 74.9 18.7119.4 50.6 17.7  6.1  0.5  2.5
  1.0  3.5 21.3 12.7 12.7 35.9  5.1  7.1  4.6  4.6  1.5  1.0  4.0  4.6  0.0
  2.5  9.1  2.0  2.0  8.1 15.2 34.4  7.1  3.5  4.0 54.7136.6  2.0175.1  6.1
  1.0  0.0  0.0  0.0  0.0  0.0  0.0  0.0  0.0  0.0  0.0  0.0  0.0  0.0  0.0
  0.0  0.0  0.0  3.0  0.5  3.5  1.5  0.0  0.0  0.0  0.0  0.0  0.0  0.0  0.5
  0.5  0.0  0.0  1.0  0.0  0.0  0.0  0.0  0.0  0.5  0.0  0.0  1.0  2.0  0.0
  8.6  0.0  0.0  8.6  2.0  0.0  2.5  3.0  0.0  0.0  0.0  0.0  0.0  0.0  0.0
  0.0  0.5  0.0  0.0  0.0  0.0  0.0 16.7  3.5  1.0  7.1 20.2  1.5  4.0  8.6
  2.0  1.5  2.0  0.5  0.0  0.0  0.5 28.3 17.7 25.8  1.5  3.0 12.7  7.1  0.0
     10.12      4.98     -3.13     -0.25      0.41  0.5  0.0  0.0  0.0  0.0
                                     4000_story_0295_llm.txt 35.0  5.0 2137
 22.0  3.3  0.9 30.9  0.0  0.0  2.8  0.5  1.4  9.8  0.0  7.0  0.5  5.1  0.0
  0.5  0.5  7.0 24.3  0.5  0.5250.4 79.6 44.9110.9 82.8 22.5  6.1  0.5  5.6
  0.9  0.9 50.1  8.9  3.7 33.2  9.4  1.9  2.8  0.9  0.9  0.5  5.6  9.8  2.8
  3.7  8.0  5.1  0.9  6.1  9.8 41.2 16.4  0.9  7.0 82.4 84.2  1.9165.7  4.2
  2.3  0.5  0.0  0.0  0.0  0.0  0.0  0.0  0.0  0.0  0.0  0.0  0.0  0.0  0.0
  0.0  0.0  0.0  3.3  0.5  2.8  4.2  0.0  0.5  0.0  0.0  0.0  0.0  0.5  0.5
  0.0  1.4  1.4  0.9  0.0  0.0  0.0  0.0  0.0  0.5  0.5  0.5  0.5  0.9  0.0
 10.8  0.5  0.5 11.7  4.2  0.0  4.7  2.3  0.0  0.0  0.0  0.0  0.0  0.0  0.0
  0.0  0.0  0.0  0.0  0.0  0.0  0.0 14.0  5.1  3.7  8.4 16.4  4.2  4.7  6.1
  1.4  0.9  0.9  0.9  0.9  0.5  2.3 23.9 17.8 27.6  4.2  7.5  8.4  3.7  0.0
     -2.27      7.05      3.20     -4.20      4.74  0.5  0.0  0.0  0.0  0.0
                                     4000_story_0298_llm.txt 35.3  4.4 6784
 12.2  3.7 10.9 49.4 13.4  1.9  2.7  1.6 11.9 21.5  1.2  1.2  0.4  6.6  1.2
  0.6  2.1  4.3 15.8  0.3  1.9233.9 88.0 36.6101.9 69.4 13.1  8.0  0.9  2.9
  1.2  4.4 24.6  8.5 14.6 36.1  6.8  5.7  1.9  0.7  1.8  1.3  5.0  6.0  0.9
  3.4  7.2  1.8  2.9  4.3 11.8 29.3 10.3  2.4  5.0 69.4 94.8  2.5166.3  5.6
  0.7  0.0  0.0  0.0  0.0  0.0  0.0  0.0  0.0  0.0  0.0  0.0  0.0  0.0  0.0
  0.0  0.0  0.0  2.4  0.4  1.6  2.2  0.0  0.0  0.0  0.0  0.0  0.1  0.0  0.3
  0.1  1.2  0.4  1.0  0.0  0.1  0.0  0.0  0.0  0.3  0.1  0.0  2.4  1.5  0.0
  6.6  0.0  0.1  6.8  3.1  0.1  3.5  4.0  0.0  0.0  0.0  0.0  0.0  0.0  0.0
  0.6  0.0  0.0  0.0  0.1  0.0  0.1 18.6  1.8  0.9  4.3 23.7  1.8  3.2  5.6
  3.1  1.9  1.0  2.5  0.1  1.0  0.1 32.4 16.1 16.4  2.1  6.9 12.7  4.1  0.0
      2.68      4.71     -1.40     -2.91      2.20  0.3  0.3  0.1  0.1  0.0
                                     4000_story_0314_llm.txt 32.5  4.5 2710
 10.7  2.2  0.0 95.9 33.2  2.2  3.7  0.0 39.5 18.5  1.5  2.2  0.0  4.4  0.0
  0.7  2.6  9.6 17.7  1.1  0.7230.6 69.4 26.9 48.3 22.5 10.0  7.7  2.2  1.8
  0.4  1.1 28.8  7.4  3.3 50.2  3.0  8.1  1.1  2.6  4.4  2.2  7.7  7.0  0.7
  2.2  8.1  3.0  7.0  4.4 22.1 31.7 10.0  3.7  4.4 47.6 95.2  3.3145.0  4.1
  0.0  0.0  0.0  0.0  0.0  0.0  0.0  0.0  0.0  0.0  0.0  0.0  0.0  0.0  0.0
  0.0  0.0  0.0  1.1  0.4  1.5  1.8  0.0  0.0  0.0  0.0  0.0  0.0  0.0  0.0
  0.0  0.7  0.7  0.0  0.0  0.0  0.0  0.4  0.0  0.4  1.8  0.7  4.4  3.3  0.0
  4.8  0.0  0.0  4.8  1.5  0.4  2.2 10.3  0.0  0.0  0.0  0.0  0.0  0.0  0.0
  0.4  0.0  0.0  0.0  0.0  0.0  0.0  4.1  3.3  2.2 11.1 14.0  1.8 11.4  4.4
  1.5  2.6  1.8  0.0  0.4  0.4  0.0 33.9 11.1 18.1  0.7  2.6  7.7  6.6  0.0
      7.65      0.21      0.01     -0.15      3.56  0.4  0.0  0.0  0.4  0.0
                                     4000_story_0315_llm.txt 35.3  4.4 2882
  8.3  3.5 10.4 53.4  9.0  0.3  3.1  0.7 10.1 10.1  1.7  0.7  0.3  5.9  1.4
  1.0  1.4  5.6 21.2  0.0  0.7246.7 84.0 36.1 99.6 70.8 19.4 11.8  0.0  3.5
  0.7  1.7 20.1  7.6  8.7 40.2  7.3  4.2  3.8  0.3  1.4  2.1  5.9  6.9  1.0
  2.8  7.3  2.8  4.2  6.9 11.1 31.2 10.8  1.4  4.2 74.6 89.9  3.5162.4  4.9
  3.1  0.3  0.0  0.0  0.0  0.0  0.0  0.0  0.0  0.0  0.0  0.0  0.0  0.0  0.0
  0.0  0.0  0.0  2.1  1.4  2.8  1.7  0.3  0.0  0.0  0.0  0.0  0.0  0.0  0.3
  1.0  0.7  0.0  1.4  0.0  0.7  0.3  0.0  0.0  0.0  0.0  0.3  2.1  0.7  0.0
  8.0  0.3  0.0  8.3  3.5  1.0  4.5  3.1  0.0  0.0  0.0  0.0  0.0  0.0  0.0
  0.3  0.0  0.0  0.0  0.0  0.0  0.0 16.7  6.6  1.7  4.5 22.6  2.1  4.5  7.3
  3.1  3.8  0.3  0.7  0.7  1.0  1.0 37.5 23.2 17.0  0.7  4.9 11.5  3.1  0.0
     -0.90      6.62     -1.64     -2.73      2.81  0.7  0.0  0.0  0.0  0.0
                                     4000_story_0317_llm.txt 33.8  4.4 2093
 20.1  7.2  6.2 79.8 22.0  1.4  1.4  1.9 26.3 17.2  1.0  1.4  0.5  1.9  0.5
  1.0  1.9  8.1 21.5  0.5  1.4243.7 80.7 25.3 84.6 61.2 14.8 11.0  1.0  1.0
  1.0  2.4 40.1  5.7  8.1 44.9  9.6  8.6  1.9  2.4  2.9  1.4  7.2  8.1  3.3
  1.4  7.2  4.8  3.3  5.3 19.6 34.9 12.9  2.4  2.9 50.2109.4  1.4166.7  3.8
  2.4  0.5  0.0  0.0  0.0  0.0  0.0  0.0  0.0  0.0  0.0  0.0  0.0  0.0  0.0
  0.0  0.0  0.0  5.3  3.8  2.4  2.4  0.5  0.0  0.0  0.0  0.5  0.0  0.0  1.0
  1.9  1.4  0.5  0.5  0.0  1.0  0.0  0.0  0.0  1.0  0.5  0.5  1.9  0.5  0.0
 13.9  0.5  0.5 14.8  5.3  1.0  7.2  3.3  0.0  0.0  0.0  0.0  0.0  0.0  0.0
  0.0  1.0  0.0  0.0  0.0  0.0  0.0 18.2  6.2  3.3 11.0 18.2  3.3  2.9  3.3
  1.4  1.4  1.4  0.0  0.5  0.0  0.5 35.4 21.5 28.7  1.9  4.8 11.9  2.4  0.0
      5.26      4.66     -0.02     -0.92      5.12  0.5  0.0  0.0  0.0  0.0
                                     4000_story_0319_llm.txt 36.3  4.7 3918
 13.5  5.1  0.0 72.2 13.5  0.8  2.3  2.8 27.6 21.7  2.6  2.6  0.5  3.6  0.0
  3.1  0.5 11.7 23.5  0.0  0.8242.7 79.9 28.3 72.5 39.8 17.1 14.8  1.8  3.1
  2.6  1.0 44.4  5.1  1.3 34.7 13.0 10.7  3.6  2.6  4.8  3.6  6.9 13.5  2.3
  3.6  6.6  7.4  5.1  6.9 27.3 36.2 19.4  0.5  7.4 57.9 80.9  3.1159.8  2.3
  0.8  0.0  0.0  0.0  0.0  0.0  0.0  0.0  0.0  0.0  0.0  0.0  0.0  0.0  0.0
  0.0  0.0  0.0  5.9  2.3  3.8  1.8  0.3  0.0  0.0  0.0  0.0  0.0  0.3  1.0
  0.3  2.3  1.0  0.5  0.0  0.8  0.0  0.0  0.3  2.8  1.0  0.0  3.6  1.3  0.0
 13.8  0.3  0.3 14.3  5.1  1.0  8.9  5.9  0.0  0.0  0.0  0.0  0.0  0.0  0.0
  0.0  0.3  0.0  0.0  0.0  0.0  0.0 10.5  6.1  4.1 15.3 11.5  2.6  3.3  1.3
  0.8  0.8  0.8  0.8  0.8  2.0  0.3 26.0 24.2 24.2  2.6  5.1  8.7  3.8  0.0
      3.59      4.46      5.53      2.00      5.65  2.0  0.3  0.3  0.0  0.0
                                     4000_story_0323_llm.txt 36.0  4.6 2618
 10.3  3.8  0.4 71.0 17.6  1.5  3.4  2.7 30.6  8.8  4.2  1.1  0.8  6.5  0.4
  3.1  0.4  5.7 19.1  0.0  1.5239.5 86.7 41.6 76.0 59.2 11.8  8.4  2.7  2.7
  1.9  1.9 50.8  7.6  5.0 40.1  7.3  7.6  2.7  4.6  1.5  3.8  5.3  9.5  0.8
  1.1  8.0  3.4  4.2  7.3 14.9 34.8 11.5  0.4  7.3 64.9107.3  2.7156.6  8.0
  0.4  0.0  0.0  0.0  0.0  0.0  0.0  0.0  0.0  0.0  0.0  0.0  0.0  0.0  0.0
  0.0  0.0  0.0  2.7  1.9  1.5  1.5  0.4  0.0  0.0  0.0  0.0  0.0  0.0  1.1
  0.4  0.4  2.3  0.0  0.0  0.4  0.0  0.0  0.0  0.8  0.4  0.0  4.2  0.8  0.0
  7.6  0.4  0.0  8.0  4.2  0.4  5.3  5.3  0.0  0.0  0.0  0.0  0.0  0.0  0.0
  0.0  0.4  0.0  0.0  0.0  0.0  0.0  6.9  5.7  6.1  9.5 13.4  2.3  3.8  3.1
  0.4  1.1  2.7  1.5  0.4  1.1  1.5 19.9 18.0 23.7  1.9  3.4 16.0  3.4  0.0
     -0.23      3.24      3.93      0.42      2.12  0.8  0.4  0.0  0.0  0.0
                                     4000_story_0336_llm.txt 35.5  4.5 3628
 18.2  6.3  0.6 63.4 13.5  1.4  3.3  3.6 33.6 21.8  0.8  1.1  0.6  7.2  0.6
  2.8  1.1  5.8 21.2  0.6  0.6235.9 70.3 34.7 84.9 48.8 19.8 11.0  0.3  3.0
  0.3  1.4 31.1  8.8  5.2 39.7 11.0  7.4  1.9  3.0  4.1  3.0  3.6  8.8  0.6
  3.9  7.2  3.3  4.1  9.4 17.4 33.9 13.2  1.7  3.6 66.4 95.9  2.8162.6  3.9
  1.1  0.0  0.0  0.0  0.0  0.0  0.0  0.0  0.0  0.0  0.0  0.0  0.0  0.0  0.0
  0.0  0.0  0.0  3.3  0.6  2.8  4.1  0.3  0.3  0.0  0.0  0.0  0.0  0.0  0.3
  0.3  2.5  0.8  1.1  0.0  0.6  0.8  0.0  0.0  1.7  0.6  0.0  3.9  1.4  0.0
 10.7  0.6  0.0 11.3  5.0  1.4  8.0  5.8  0.0  0.0  0.0  0.0  0.0  0.0  0.0
  0.6  0.3  0.0  0.0  0.0  0.0  0.0  9.1  2.8  3.0  8.8 11.6  3.0  5.5  6.1
  4.4  1.4  5.8  0.3  0.8  0.6  0.3 32.8 20.1 26.7  2.5  3.6 14.6  3.6  0.0
      5.92      5.09     -0.74      0.35      1.62  0.3  0.3  0.0  0.0  0.0
                                     4000_story_0337_llm.txt 36.5  4.7 5530
 13.7  4.2  0.7 58.6 14.5  0.2  2.2  2.0 27.1 10.3  1.1  2.5  0.5  2.9  0.5
  0.7  2.7  6.3 20.6  0.4  0.7246.7 90.1 39.4 89.2 64.6 15.4 10.7  2.4  3.3
  1.3  0.5 43.8  7.1  7.1 34.5  9.0  3.8  1.3  4.2  2.4  2.2  4.0  7.8  1.3
  3.1  5.6  4.0  2.7  8.0 12.5 33.5 12.1  3.1  6.9 68.9106.1  3.3159.3  4.2
  0.5  0.2  0.0  0.0  0.0  0.0  0.0  0.0  0.0  0.0  0.0  0.0  0.0  0.0  0.0
  0.0  0.0  0.0  2.2  1.6  2.5  2.0  0.2  0.2  0.0  0.2  0.0  0.0  0.0  0.7
  0.5  1.1  0.7  0.2  0.0  0.4  0.2  0.0  0.0  1.6  0.0  0.2  3.1  0.2  0.0
  8.3  0.4  0.2  8.9  3.3  0.5  5.4  3.4  0.0  0.0  0.0  0.0  0.0  0.0  0.0
  0.2  0.5  0.0  0.0  0.0  0.0  0.0 13.6  5.2  2.5 14.1 11.4  2.9  4.7  2.7
  6.3  2.2  1.1  0.2  1.1  0.9  1.1 28.0 20.8 19.5  1.3  5.8  8.5  4.3  0.0
      0.82      5.01      2.32     -1.41      2.00  0.0  0.0  0.2  0.2  0.0
                                     4000_story_0339_llm.txt 37.3  4.7 3991
 16.8  3.3  0.8 60.4 10.5  1.0  2.5  0.0 15.5 14.8  0.8  2.0  1.0  3.8  1.3
  1.3  0.5  9.5 19.5  0.5  0.8229.5 82.2 34.1 94.7 98.0 14.5  8.8  2.0  4.3
  2.0  1.5 43.6  7.0  6.5 38.1  9.8  5.5  2.8  1.5  2.5  2.8  4.5  8.3  0.5
  3.5  7.5  3.5  2.3  4.5 17.5 32.1 12.3  1.0  8.3 61.4124.0  1.8167.9  4.3
  1.5  0.0  0.0  0.0  0.0  0.0  0.0  0.0  0.0  0.0  0.0  0.0  0.0  0.0  0.0
  0.0  0.0  0.0  1.5  2.5  3.3  1.5  0.0  0.0  0.0  0.0  0.3  0.0  0.0  0.5
  0.0  1.8  1.5  0.0  0.0  0.0  0.0  0.0  0.0  0.5  0.0  0.0  4.3  0.3  0.0
  8.8  0.0  0.3  9.0  3.8  0.0  4.3  4.5  0.0  0.0  0.0  0.0  0.0  0.0  0.0
  0.0  0.8  0.0  0.0  0.0  0.0  0.0 12.3  3.3  2.3 12.5 21.3  3.5  6.3  3.3
  3.5  2.5  1.8  0.3  0.3  0.8  0.8 27.8 18.8 27.1  1.8  5.0  8.8  4.3  0.0
      0.00      6.16      3.60     -1.42      1.96  0.3  0.3  0.0  0.3  0.0
                                     4000_story_0344_llm.txt 36.8  4.8 2231
 15.2  5.8  0.9 69.5 13.4  1.3  2.7  0.4 21.5 12.1  4.0  1.8  0.0  6.3  0.4
  0.4  0.9  9.0 24.7  1.8  0.0234.0 82.9 28.7 85.6 85.2 17.0  9.0  2.2  4.0
  1.8  1.8 55.1  5.4  7.2 40.3  9.9  5.8  2.2  1.3  2.7  3.6  5.8  5.8  2.7
  3.1  4.9  4.9  4.0 11.7 17.5 34.5 11.7  2.7  8.1 69.0120.1  1.8165.4  3.1
  0.9  0.9  0.0  0.0  0.0  0.0  0.0  0.0  0.0  0.0  0.0  0.0  0.0  0.0  0.0
  0.0  0.0  0.0  3.6  4.5  2.2  4.0  0.9  0.4  0.0  0.0  0.0  0.0  0.4  0.0
  1.3  2.2  2.2  0.9  0.0  0.4  0.0  0.0  0.0  0.9  0.9  0.0  3.1  2.2  0.0
 14.3  1.3  0.4 16.1  6.7  0.4  8.1  6.3  0.0  0.0  0.0  0.0  0.0  0.0  0.0
  0.0  0.9  0.0  0.0  0.0  0.0  0.0 15.7  4.0  7.2 13.4  6.7  1.3  2.2  6.3
  3.1  0.4  3.1  0.0  0.9  0.9  0.0 26.4 18.8 26.0  2.7  6.7  9.0  1.8  0.0
      3.58      5.81      4.49     -1.17      3.98  0.9  0.0  0.0  0.0  0.0
                                     4000_story_0348_llm.txt 36.5  4.6 5198
 14.6  2.9  0.4 59.6 12.3  0.2  1.7  1.5 26.2 13.3  0.8  1.9  0.4  3.1  0.4
  0.8  0.6 11.4 22.1  0.4  0.6254.7 82.1 32.3 87.1 62.5 17.3  9.0  4.2  6.5
  1.3  2.9 50.4  6.0  4.6 34.4  8.3  7.7  3.3  2.7  1.9  4.0  3.7  9.4  0.8
  4.0  8.5  4.2  4.6  4.4 21.0 38.1 14.2  1.0 12.1 57.1101.0  1.9161.0  2.5
  0.8  0.0  0.0  0.0  0.0  0.0  0.0  0.0  0.0  0.0  0.0  0.0  0.0  0.0  0.0
  0.0  0.0  0.0  1.7  1.2  3.5  2.1  0.0  0.0  0.0  0.0  0.2  0.0  0.0  1.7
  0.8  1.0  1.2  0.4  0.0  0.8  0.0  0.0  0.0  0.8  0.2  0.2  3.5  0.8  0.0
  8.5  0.0  0.2  8.7  5.0  0.8  6.5  4.6  0.0  0.0  0.0  0.0  0.0  0.0  0.0
  0.0  0.2  0.2  0.2  0.0  0.0  0.0 16.7  4.6  2.1 11.9 23.3  1.7  6.0  4.8
  5.8  1.9  1.9  0.6  0.0  0.4  0.2 25.8 19.8 20.4  1.7  7.3 11.4  4.0  0.0
     -1.11      4.92      7.51      0.04      1.98  0.2  0.0  0.2  0.0  0.0
                                     4000_story_0350_llm.txt 33.0  4.3 2044
 14.2  5.4  0.0 82.7  9.3  2.4  1.0  2.9 32.3 12.7  2.0  1.5  0.5  3.9  0.5
  2.9  2.4  9.3 17.6  1.5  1.5214.3 78.8 23.0 73.9 67.0 12.7 12.7  0.5  2.4
  1.0  0.0 30.3  8.3  4.9 49.4  9.8  8.3  1.5  7.3  4.9  2.9  6.4  9.3  1.5
  1.5  9.3  1.5  3.4  5.4 22.5 35.7 12.2  3.9  3.9 52.3108.6  2.4167.3  4.9
  0.5  0.0  0.0  0.0  0.0  0.0  0.0  0.0  0.0  0.0  0.0  0.0  0.0  0.0  0.0
  0.0  0.0  0.0  2.4  1.0  2.9  1.5  0.0  0.5  0.0  0.0  0.0  0.0  0.5  0.5
  0.5  2.0  0.5  0.5  0.0  1.0  0.5  0.5  0.0  0.0  0.0  0.0  4.4  1.0  0.0
  7.8  0.5  0.5  8.8  3.9  2.0  5.9  5.4  0.0  0.0  0.0  0.0  0.0  0.0  0.0
  0.5  0.5  0.0  0.0  0.0  0.0  0.0  8.3  4.4  2.0 13.7 24.0  2.0  5.4  1.5
  1.5  2.0  0.0  0.0  2.0  0.5  1.0 34.7 25.9 22.5  2.4  1.5  9.8  2.9  0.0
      7.71      4.48     -1.14      2.69      3.36  2.0  0.0  0.0  0.0  0.0
                                     4000_story_0352_llm.txt 36.3  4.7 2867
 14.0  1.4  0.0 58.9 16.0  0.3  1.7  0.7 28.3 12.9  5.2  0.0  0.0  2.1  0.3
  1.4  1.4 10.8 16.4  1.0  0.7230.2 83.7 31.7 85.5 77.8 19.9  7.7  2.4  1.7
  4.2  3.5 43.9  9.8  7.7 39.1 12.2  9.8  1.0  4.2  3.8  3.1  4.5  8.7  1.0
  3.8  9.8  5.9  4.2  7.0 24.4 33.8 13.6  2.4  8.4 65.2122.1  1.4162.2  4.2
  0.7  0.0  0.0  0.0  0.0  0.0  0.0  0.0  0.0  0.0  0.0  0.0  0.0  0.0  0.0
  0.0  0.0  0.0  1.4  1.4  1.7  2.1  0.0  0.0  0.0  0.0  0.0  0.0  0.3  0.3
  0.7  0.3  2.4  0.7  0.0  0.3  0.0  0.0  0.0  1.0  0.0  0.3  2.1  1.4  0.0
  6.6  0.0  0.3  7.0  4.5  0.3  5.9  3.8  0.0  0.0  0.0  0.0  0.0  0.0  0.0
  0.0  0.7  0.0  0.0  0.0  0.0  0.0 15.3  4.2  2.4 14.0 15.0  1.7  4.5  9.1
  3.1  0.3  2.1  1.0  0.7  0.7  0.0 31.0 16.4 20.2  1.7  6.6  9.8  3.8  0.0
     -1.23      5.78      4.16      1.04      2.57  0.7  0.0  0.0  0.0  0.3
                                     4000_story_0354_llm.txt 35.0  4.5 3260
 16.6  5.5  0.0 72.4  8.0  1.5  2.5  2.1 58.6  9.5  1.2  0.9  0.3  4.0  0.0
  6.1  2.1  5.2 23.3  0.9  0.3225.5 78.2 39.6 86.5 54.3 17.2 14.4  2.5  4.6
  1.2  0.3 52.5  5.8  3.1 35.0  8.9  5.2  2.8  3.1  2.8  1.8  5.8  7.7  0.9
  4.0  6.1  4.3  1.8  8.0 13.2 33.7 12.6  3.1  8.3 71.8120.9  3.7173.6  4.9
  1.5  0.3  0.0  0.0  0.0  0.0  0.0  0.0  0.0  0.0  0.0  0.0  0.0  0.0  0.0
  0.0  0.0  0.0  4.6  1.2  3.4  1.5  0.3  0.0  0.3  0.0  0.0  0.0  0.0  0.9
  0.6  0.9  1.2  0.3  0.3  0.9  0.3  0.0  0.0  0.9  0.0  0.3  2.8  0.3  0.0
 10.7  0.6  0.0 11.3  4.0  1.5  6.4  3.4  0.0  0.0  0.0  0.0  0.0  0.0  0.0
  0.0  0.0  0.0  0.0  0.0  0.0  0.0 17.2  4.3  1.8 16.0 13.2  0.3  5.8  5.8
  8.3  2.8  4.0  0.6  0.3  1.8  0.0 34.4 22.7 24.5  1.5  5.2 12.6  2.1  0.0
      5.23      5.50      5.04     -1.03      3.17  0.0  0.3  0.0  0.0  0.0
                                     4000_story_0358_llm.txt 29.5  4.2 3756
  6.1  6.4  8.8 47.7 12.0  4.0  2.4  2.1 15.2 11.7  1.3  1.1  0.3  2.1  0.8
  0.3  3.5  5.6 27.2  0.3  3.5260.9 87.6 22.9101.4 69.5  5.9 16.5  0.3  1.1
  0.0  3.5 10.6 12.5 10.4 26.6  3.5  9.9  2.1  2.4  1.1  0.0  3.5  4.5  0.0
  2.4  6.7  1.6  0.5  2.1 16.5 40.7  6.9  3.7  1.3 46.6 96.6  3.7160.0  2.4
  1.1  0.5  0.0  0.0  0.0  0.0  0.0  0.0  0.0  0.0  0.0  0.0  0.0  0.0  0.0
  0.0  0.0  0.0  5.3  0.5  1.6  0.5  0.0  0.0  0.0  0.0  0.0  0.0  0.0  0.0
  0.0  0.5  0.3  0.0  0.0  0.0  0.0  0.0  0.0  0.0  0.0  0.0  0.8  0.5  0.0
  8.0  0.0  0.0  8.0  0.8  0.0  0.8  1.3  0.0  0.0  0.0  0.0  0.0  0.0  0.0
  0.5  0.3  0.0  0.0  0.0  0.0  0.0 17.0  2.7  1.1  3.5 23.4  3.2  4.5 13.6
  2.9  1.1  1.9  1.6  0.3  0.8  0.3 38.3 21.3  8.5  0.3  2.7  6.9  3.7  0.0
      5.17      4.88     -4.46     -1.98      0.00  0.3  0.0  0.0  0.0  0.0
                                     4000_story_0359_llm.txt 34.0  4.4 6188
 13.1  3.6  1.1 39.6  8.4  0.6  2.3  1.8 33.5 10.0  1.0  0.8  0.0  4.7  0.2
  1.0  0.2  5.3 23.6  0.3  1.3263.6 84.0 34.4106.0 40.4 13.7 17.6  1.3  5.0
  1.0  1.1 25.4  6.9  9.0 30.5  8.1  2.1  2.1  3.6  2.3  1.5  3.9  6.9  0.3
  2.3  6.8  2.7  1.9  4.8  9.7 35.9  9.5  0.5  7.3 65.3 82.3  2.6164.2  4.7
  1.1  0.2  0.0  0.0  0.0  0.0  0.0  0.0  0.0  0.0  0.0  0.0  0.0  0.0  0.0
  0.0  0.0  0.0  3.9  0.5  0.6  2.6  0.2  0.2  0.2  0.0  0.0  0.0  0.0  0.3
  0.2  0.6  0.8  1.1  0.2  0.3  0.2  0.2  0.0  0.2  0.2  0.0  1.0  1.1  0.0
  7.6  0.5  0.0  8.1  3.1  0.8  4.0  2.3  0.0  0.0  0.0  0.0  0.0  0.0  0.0
  0.5  0.5  0.0  0.2  0.0  0.0  0.0 14.9  1.9  0.5  4.4 17.6  2.6  3.9  6.3
  6.1  1.9  3.1  2.7  1.0  0.8  0.2 33.3 24.9 17.0  1.5  4.5 10.8  5.5  0.0
     -3.69      5.46      0.92     -2.15      0.83  0.3  0.0  0.0  0.2  0.0
                                     4000_story_0360_llm.txt 36.5  5.2 3179
 10.1  3.1  0.3 72.3 23.6  0.0  0.9  0.6 40.3  7.9  1.3  1.9  0.3  3.5  0.3
  0.0  0.0  4.1 13.5  0.6  1.3334.7 82.1 25.8 49.7 29.9 12.6  2.5  2.5  5.0
  0.3  0.6 31.1  6.9  8.8 31.1  2.8 14.5  1.6  1.3  2.2  0.3  3.5  6.0  0.9
  4.1  3.8  0.3  1.6  2.5 20.8 21.1 11.0  0.6  7.9 51.0 93.7  1.3135.3  1.3
  1.9  0.0  0.0  0.0  0.0  0.0  0.0  0.0  0.0  0.0  0.0  0.0  0.0  0.0  0.0
  0.0  0.0  0.0  0.6  0.3  1.6  0.3  0.0  0.0  0.0  0.0  0.0  0.0  0.0  0.6
  0.0  0.0  0.0  0.0  0.0  0.0  0.0  0.0  0.0  0.0  0.0  0.0  0.0  0.6  0.0
  2.8  0.0  0.0  2.8  0.6  0.0  0.6  0.6  0.0  0.0  0.0  0.0  0.0  0.0  0.0
  0.0  0.0  0.0  0.0  0.0  0.0  0.3 12.0  4.7  2.8 11.6 14.5  4.1  4.4  5.7
  0.9  1.3  1.6  0.6  0.0  1.6  0.0 17.0  9.8 21.1  0.9  7.9  6.9  3.1  0.0
     -8.72      0.12      1.31     -0.91      1.49  0.0  0.0  0.0  0.0  0.0
                                     4000_story_0361_llm.txt 36.3  4.5 4255
 15.0  5.6  0.7 51.0 10.3  0.0  3.1  0.9 74.3 14.3  0.7  1.4  0.5  4.5  0.7
  0.7  0.5  4.7 11.3  0.7  0.5228.7 82.0 24.0102.7 41.6 14.6  9.9  1.9  2.4
  0.7  0.9 41.1  8.5  5.6 40.4  7.5  5.9  4.0  1.6  1.4  2.4  4.2  3.3  0.2
  2.8  5.2  4.5  4.7  9.2 12.0 20.4  6.3  1.2  4.9 54.3126.2  0.9166.2  4.9
  0.7  0.5  0.0  0.0  0.0  0.0  0.0  0.0  0.0  0.0  0.0  0.0  0.0  0.0  0.0
  0.0  0.0  0.0  4.9  2.6  2.6  1.6  0.0  0.2  0.2  0.0  0.0  0.0  0.0  0.5
  0.9  1.6  1.4  0.5  0.0  0.0  0.0  0.0  0.0  0.5  0.2  0.0  1.6  3.3  0.0
 11.8  0.5  0.0 12.2  4.9  0.0  5.4  5.2  0.0  0.0  0.0  0.0  0.0  0.0  0.0
  0.5  0.5  0.0  0.0  0.0  0.0  0.0  9.4  4.2  2.4  9.9 18.8  3.3  6.3  5.4
  2.4  0.7  1.2  0.9  0.2  0.9  0.5 27.0 22.6 21.9  1.2  4.5  7.3  4.0  0.0
     -0.49      4.13      0.73     -1.56      0.61  0.5  0.2  0.2  0.0  0.0
                                     4000_story_0362_llm.txt 34.5  4.7 3901
 16.4  6.2  1.3 55.6 11.5  1.0  2.6  1.5 11.0 10.0  0.8  2.6  0.3  5.9  0.3
  0.5  1.0  5.6 13.3  0.8  1.3249.9 79.2 36.4 99.2 79.2 15.1  9.7  1.3  2.8
  0.3  3.3 48.2  8.5  6.2 36.4  5.4  6.2  3.1  2.1  0.5  1.8  4.6  5.6  0.3
  4.1  5.9  0.5  4.1  6.9 12.3 27.2 10.0  1.8  4.4 68.7101.8  2.1166.6  4.4
  2.3  0.0  0.0  0.0  0.0  0.0  0.0  0.0  0.0  0.0  0.0  0.0  0.0  0.0  0.0
  0.0  0.0  0.0  2.3  1.3  2.6  1.0  0.0  0.0  0.0  0.0  0.0  0.3  0.0  0.3
  0.3  1.3  0.8  0.8  0.0  0.0  0.0  0.0  0.3  1.0  0.3  0.0  1.3  1.0  0.0
  7.2  0.0  0.3  7.4  3.3  0.3  4.6  2.6  0.0  0.0  0.0  0.0  0.0  0.0  0.0
  0.3  0.3  0.0  0.0  0.0  0.0  0.3 15.9  4.1  2.1 10.0 15.1  3.6  4.6  8.7
  3.8  0.8  1.5  1.0  1.0  0.8  0.5 29.5 20.0 23.3  1.8  5.6 10.3  4.4  0.0
     -1.48      5.77      1.66     -2.25      1.63  1.3  0.3  0.0  0.0  0.0
                                     4000_story_0363_llm.txt 37.0  4.6 2043
 13.2  2.9  0.5 31.3  2.4  0.0  2.0  0.5  2.0 13.7  1.0  1.0  0.5  3.4  0.5
  0.0  2.9  9.8  9.8  1.5  2.9234.5 95.0 33.3100.8 78.3 20.6  1.0  1.5  1.5
  2.0  1.5 27.4 12.2 14.7 38.2  8.8  6.9  0.5  2.4  2.9  0.5  7.8  5.9  0.0
  2.0  9.8  1.0  2.9  0.5 19.6 24.5  7.8  4.4  4.9 65.1 82.7  2.0150.3  8.8
  1.5  0.0  0.0  0.0  0.0  0.0  0.0  0.0  0.0  0.0  0.0  0.0  0.0  0.0  0.0
  0.0  0.0  0.0  1.5  1.5  1.0  2.4  0.0  0.0  0.0  0.0  0.0  0.5  0.0  0.5
  0.0  1.0  0.5  2.0  0.0  1.0  0.0  0.0  0.0  1.0  0.0  0.0  0.5  0.5  0.0
  6.4  0.0  0.5  6.9  3.9  1.0  5.9  1.0  0.0  0.0  0.0  0.0  0.0  0.0  0.0
  0.0  0.0  0.0  0.0  0.0  0.0  0.0  7.8  2.0  1.5  8.3 34.8  3.9  3.9 10.3
  3.9  0.5  0.0  1.5  0.0  1.5  1.0 35.7  7.8 12.7  1.0  4.9 15.7  4.4  0.0
     -1.33      5.20     -3.19     -2.11      2.79  0.0  0.0  0.0  0.0  0.0
                                     4000_story_0366_llm.txt 37.8  4.9 2104
  9.5  2.4  0.0 27.6  4.3  0.0  1.4  0.5  2.9 14.7  0.5  1.4  1.0  5.2  1.0
  0.5  0.0  4.8 17.1  0.0  2.4260.9 98.9 42.3101.2 49.4 23.3  6.2  1.9  2.9
  0.5  4.8 36.1  9.5  9.5 35.2  4.8  2.9  1.0  2.4  1.9  1.4  3.3  6.2  0.5
  6.7  8.1  3.8  2.9  6.7  9.5 33.7 13.3  0.0  5.2 82.7 56.6  0.5150.7  9.0
  1.0  0.0  0.0  0.0  0.0  0.0  0.0  0.0  0.0  0.0  0.0  0.0  0.0  0.0  0.0
  0.0  0.0  0.0  2.9  0.5  1.4  1.9  0.0  0.0  0.0  0.0  0.0  0.0  0.0  0.0
  0.0  0.5  0.5  0.5  0.0  0.5  0.0  0.0  0.5  0.5  0.5  0.0  0.0  1.4  0.0
  6.7  0.0  0.0  6.7  1.4  1.0  2.9  1.9  0.0  0.0  0.0  0.0  0.0  0.0  0.0
  0.0  0.0  0.0  0.0  0.0  0.0  0.0  4.3  5.7  2.4 10.0 33.3  4.8  1.9  9.5
  2.4  1.9  0.5  2.4  0.0  1.0  0.5 21.9 11.9 13.8  1.4  7.1  8.6  4.8  0.0
     -8.51      5.42      0.71     -3.06      1.90  0.5  0.0  0.0  0.0  0.0
                                     4000_story_0367_llm.txt 32.5  4.5 6292
 11.6  3.5 11.6 49.4 13.7  1.4  2.2  1.1  7.3 10.2  1.7  1.4  0.3  6.2  0.2
  0.3  0.8  4.9 10.0  0.5  3.3272.1 88.5 35.6103.0 58.5 11.4 12.2  0.5  1.6
  0.3  1.6 38.8  7.6 11.3 33.1  6.5  4.0  2.2  1.7  1.0  2.1  4.1  7.5  1.3
  4.0  5.1  1.3  1.4  3.0  9.9 19.9 12.7  1.3  2.4 64.2 79.5  3.5167.2  5.2
  1.0  0.2  0.0  0.0  0.0  0.0  0.0  0.0  0.0  0.0  0.0  0.0  0.0  0.0  0.0
  0.0  0.0  0.0  1.6  0.6  1.9  1.7  0.0  0.2  0.0  0.0  0.0  0.0  0.0  0.2
  0.2  1.4  0.8  0.5  0.0  0.3  0.0  0.2  0.0  0.6  0.0  0.0  2.1  0.5  0.0
  5.9  0.2  0.0  6.0  3.0  0.5  4.1  2.5  0.0  0.0  0.0  0.0  0.0  0.0  0.0
  1.0  1.0  0.0  0.0  0.0  0.0  0.3  7.8  5.6  2.2  7.2 20.0  2.1  5.6  9.1
  4.1  1.4  3.2  1.6  0.5  1.0  0.5 39.3 18.1 17.3  1.9  5.1 11.4  7.5  0.0
     -4.11      4.73     -1.76     -2.87      2.35  0.0  0.0  0.0  0.0  0.0
                                     4000_story_0420_llm.txt 34.0  4.2 3096
  9.4  2.3  0.3 49.7 12.0  1.3  1.6  1.3 17.4  5.2  1.3  1.0  0.3  5.5  0.3
  0.3  1.9  4.8 23.6  0.3  2.3259.0 78.5 33.9100.1 76.9 10.0 14.2  0.3  2.3
  0.0  4.2 16.1  9.7 12.0 37.1  7.8  8.7  2.9  3.2  1.9  1.6  5.8  7.1  0.0
  2.9  6.5  1.3  3.2  3.6 15.5 38.4 10.0  2.3  2.6 59.1106.3  4.5163.8  5.2
  0.6  0.0  0.0  0.0  0.0  0.0  0.0  0.0  0.0  0.0  0.0  0.0  0.0  0.0  0.0
  0.0  0.0  0.0  1.0  1.0  1.0  1.0  0.0  0.0  0.0  0.0  0.0  0.0  0.0  0.3
  0.3  0.3  1.0  0.6  0.0  0.3  0.0  0.0  0.0  0.0  0.3  0.3  2.3  0.6  0.0
  3.9  0.0  0.0  3.9  2.6  0.3  2.9  3.6  0.0  0.0  0.0  0.0  0.0  0.0  0.0
  0.0  0.3  0.0  0.0  0.0  0.0  0.0 17.1  2.6  1.6  6.5 13.9  1.0  4.8  8.1
  2.9  2.9  1.3  0.6  1.6  0.3  0.0 36.2 22.9 14.5  2.3  4.8  6.8  3.9  0.0
     -0.59      5.54     -3.42     -0.55      2.02  0.3  0.0  0.0  0.3  0.0
                                     4000_story_0422_llm.txt 35.3  4.6 7126
 11.8  3.4  0.7 35.2  5.6  0.1  1.1  1.5  8.7 10.1  0.6  0.6  0.1  2.2  1.0
  0.7  0.0  3.9 17.0  0.3  1.5245.3 99.4 32.6104.3 99.9 11.4  4.8  2.2  3.4
  1.5  1.7 32.7 10.1 11.6 34.0  6.2  2.9  2.1  1.1  0.6  1.8  3.9  5.2  0.8
  4.4  7.6  2.5  3.2  4.6  7.4 27.9 10.4  0.3  7.2 63.1114.2  2.1159.3  4.4
  1.1  0.1  0.0  0.0  0.0  0.0  0.0  0.0  0.0  0.0  0.0  0.0  0.0  0.0  0.0
  0.0  0.0  0.0  1.8  1.4  1.8  1.3  0.0  0.1  0.0  0.0  0.0  0.0  0.0  0.1
  0.1  0.8  1.8  0.6  0.0  0.3  0.0  0.0  0.0  0.1  0.0  0.0  1.0  1.4  0.0
  6.3  0.1  0.0  6.5  3.5  0.3  3.9  2.4  0.0  0.0  0.0  0.0  0.0  0.0  0.0
  0.0  0.0  0.0  0.1  0.0  0.0  0.1  6.7  2.2  2.1 10.7 22.6  2.1  5.2  9.8
  0.7  1.1  1.4  2.4  0.1  0.7  0.6 27.5 11.1 16.1  1.7 10.2 11.1  5.1  0.0
     -8.89      5.21      0.03     -3.72      1.67  0.1  0.0  0.0  0.0  0.0
                                     4000_story_0425_llm.txt 38.8  4.8 3702
 10.3  3.5  0.0 44.3  4.3  0.3  1.6  1.9 11.6  8.4  0.5  1.4  0.8  4.9  0.0
  0.3  0.8  6.2 20.5  0.0  0.0278.8 87.3 26.2 79.4 56.5 14.9 10.8  3.8  5.1
  2.7  1.1 38.9  6.2  5.9 34.3  8.9  4.9  4.1  2.4  1.6  1.9  6.2  9.5  1.1
  6.2  8.4  6.2  3.5  4.1 12.7 33.8 16.7  0.8 11.6 57.8 72.4  1.9149.1  5.7
  1.6  0.3  0.0  0.0  0.0  0.0  0.0  0.0  0.0  0.0  0.0  0.0  0.0  0.0  0.0
  0.0  0.0  0.0  4.1  1.6  2.4  0.3  0.3  0.3  0.0  0.0  0.0  0.0  0.3  0.5
  0.3  0.8  0.3  0.0  0.0  0.8  0.0  0.3  0.0  0.8  0.8  0.3  2.7  0.0  0.0
  8.4  0.5  0.3  9.2  1.9  1.1  3.8  3.8  0.0  0.0  0.0  0.0  0.0  0.0  0.0
  0.0  0.0  0.0  0.0  0.0  0.0  0.0 13.5  4.1  3.2  6.8  8.4  3.2  4.6  5.4
  0.8  0.3  3.5  0.3  0.5  0.8  0.5 30.3 17.3 16.2  2.7  7.0  7.0  3.0  0.0
     -6.38      4.25      5.85     -1.51      4.52  0.5  0.0  0.0  0.0  0.0
                                     4000_story_0427_llm.txt 36.3  4.5 2634
 12.9  6.8  1.1 53.5 15.2  0.8  2.3  1.1 23.9  8.4  0.8  1.1  1.1  5.3  0.0
  0.8  0.8  7.6 19.7  1.5  0.0252.8 82.8 30.8 85.4 78.6  9.9  8.4  3.8  4.6
  1.9  1.9 32.6  8.0  6.1 34.2  8.0  4.9  3.8  1.5  1.9  3.4  4.9  6.8  0.4
  3.8  8.7  2.3  4.6  4.9 14.4 33.0 11.0  2.3 10.3 58.8117.7  1.5155.7  4.9
  3.4  0.0  0.0  0.0  0.0  0.0  0.0  0.0  0.0  0.0  0.0  0.0  0.0  0.0  0.0
  0.0  0.0  0.0  3.0  0.8  3.8  1.1  0.0  0.0  0.0  0.0  0.0  0.0  0.0  0.4
  0.4  0.4  0.8  0.4  0.0  0.8  0.0  0.0  0.0  0.0  0.0  0.0  1.1  2.3  0.0
  8.7  0.0  0.0  8.7  2.3  0.8  3.0  3.4  0.0  0.0  0.0  0.0  0.0  0.0  0.0
  0.0  0.0  0.0  0.0  0.0  0.0  0.0 12.5  2.3  1.1  9.5 20.9  4.2  3.8  3.4
  2.7  3.4  1.5  1.1  0.0  0.4  0.0 32.6 17.8 18.2  3.0  3.8  8.7  3.8  0.0
     -0.04      4.02      4.18     -1.24      2.01  1.1  0.0  0.0  0.0  0.0
                                     4000_story_0428_llm.txt 34.8  4.7 7105
 11.8  3.5  0.8 53.5  9.1  0.1  3.2  1.1  8.6 10.4  0.8  2.7  0.1  3.0  0.0
  0.3  0.4  5.3 20.3  0.7  1.0276.0 95.1 32.7 80.4 49.5 14.2 11.1  2.1  5.3
  1.0  1.4 42.9  7.2  5.1 33.6  8.6  3.8  2.8  3.0  1.7  1.4  6.1  9.1  1.5
  4.6  5.2  4.1  1.8  5.8 10.8 32.5 15.3  1.1  8.4 61.8 67.3  0.7152.1  3.8
  0.1  0.3  0.0  0.0  0.0  0.0  0.0  0.0  0.0  0.0  0.0  0.0  0.0  0.0  0.0
  0.0  0.0  0.0  3.5  0.4  3.0  1.1  0.3  0.3  0.0  0.1  0.1  0.0  0.0  0.3
  0.0  0.8  1.4  0.8  0.0  0.4  0.0  0.0  0.0  0.6  1.0  0.3  1.7  0.0  0.0
  8.0  0.6  0.3  8.9  3.4  0.4  4.4  3.0  0.0  0.0  0.0  0.0  0.0  0.0  0.0
  0.1  0.1  0.0  0.0  0.0  0.0  0.0 14.6  5.5  1.8  7.9 17.7  1.7  3.4  5.9
  1.8  2.0  2.4  0.6  0.3  1.0  0.3 21.7 19.3 17.3  2.3  6.3  9.0  3.7  0.0
     -5.94      3.91      3.84     -2.08      4.23  0.3  0.0  0.3  0.0  0.0
                                     4000_story_0429_llm.txt 36.3  4.6 2480
 12.5  6.9  0.0 66.9 12.1  0.0  4.4  0.8 17.3 10.1  0.0  1.2  1.6  2.8  0.4
  0.8  0.4  9.7 26.2  0.4  1.2231.0 79.8 21.8 89.1 83.1  8.5 12.5  1.6  5.2
  0.4  0.8 30.2  8.1  6.0 48.4  4.0  7.3  4.0  2.8  2.4  2.4 10.9  6.0  1.2
  2.8 10.5  4.8  2.0  6.9 19.4 41.5 10.1  0.8  7.3 52.4112.5  4.8166.5  4.0
  2.0  0.4  0.0  0.0  0.0  0.0  0.0  0.0  0.0  0.0  0.0  0.0  0.0  0.0  0.0
  0.0  0.0  0.0  6.5  1.6  1.2  1.6  0.0  0.4  0.0  0.0  0.0  0.0  0.0  0.0
  0.0  0.4  0.8  0.4  0.0  0.8  0.0  0.4  0.0  0.0  0.0  0.4  2.0  1.6  0.0
 10.9  0.4  0.0 11.3  1.6  1.2  2.8  4.0  0.0  0.0  0.0  0.0  0.0  0.0  0.0
  0.0  0.0  0.0  0.0  0.0  0.0  0.0 21.4  2.4  2.4 12.5 14.1  0.8  3.2  3.6
  2.8  2.0  1.2  0.0  0.8  0.4  0.4 35.5 21.0 14.9  1.6  4.4  7.7  4.0  0.0
      1.16      4.84      0.48     -0.17      5.94  0.4  0.4  0.0  0.0  0.0
                                     4000_story_0440_llm.txt 35.5  4.8 2101
  8.6  4.8  0.0 53.8  9.0  2.4  1.0  1.4 14.8  6.7  1.0  0.5  1.0  3.3  0.0
  0.5  0.5  5.7 29.0  0.0  0.0279.9 89.5 30.5 59.0 49.0 10.9  7.1  4.3  6.2
  1.9  2.9 43.8  4.3  2.4 37.1 10.9  3.8  5.7  2.9  2.9  2.4  7.6  6.7  1.4
  7.6  9.0  4.8  2.4  6.7 12.4 44.3 15.7  0.5 12.4 70.9 72.8  1.9144.7  6.7
  2.4  0.0  0.0  0.0  0.0  0.0  0.0  0.0  0.0  0.0  0.0  0.0  0.0  0.0  0.0
  0.0  0.0  0.0  5.2  0.5  2.4  2.4  0.5  0.0  0.0  0.0  0.0  0.0  0.0  0.5
  0.5  1.4  1.0  0.5  0.0  1.0  0.0  0.0  0.0  0.5  0.5  0.0  1.4  0.0  0.0
 10.5  0.5  0.0 10.9  3.8  1.0  5.2  1.9  0.0  0.0  0.0  0.0  0.0  0.0  0.0
  0.5  0.0  0.0  0.0  0.0  0.0  0.0 15.7  2.9  0.5  7.1  6.2  3.8  1.4  3.8
  0.5  1.4  0.0  0.5  1.0  1.0  0.0 20.9 16.7 13.8  2.9  6.7  7.1  1.4  0.0
     -5.68      1.82      8.38     -0.25      5.70  0.0  0.0  0.0  0.0  0.0
                                     4000_story_0445_llm.txt 37.0  4.7 6872
 12.1  3.1  0.9 55.0 14.7  1.0  1.7  1.3 18.5 10.0  0.6  2.6  0.6  4.9  0.1
  0.7  1.6  3.5 17.5  0.3  0.4269.2 93.7 28.7 89.6 64.5 12.8  9.9  0.9  2.8
  0.7  1.9 36.8  7.9 10.2 32.0  7.3  3.3  1.7  2.9  1.9  1.0  4.4  4.7  1.7
  4.2  5.4  2.2  2.8  5.8  8.7 30.3 10.6  1.9  4.4 57.6 97.6  3.1161.2  4.2
  1.6  0.0  0.0  0.0  0.0  0.0  0.0  0.0  0.0  0.0  0.0  0.0  0.0  0.0  0.0
  0.0  0.0  0.0  2.9  1.2  1.6  0.9  0.1  0.0  0.0  0.0  0.1  0.0  0.0  0.3
  0.4  0.6  0.7  0.7  0.0  0.1  0.1  0.0  0.0  0.4  0.6  0.1  1.5  1.2  0.0
  6.5  0.1  0.1  6.8  2.8  0.3  3.5  3.3  0.0  0.0  0.0  0.0  0.0  0.0  0.0
  0.0  0.3  0.0  0.0  0.0  0.0  0.0  6.1  3.3  0.7  5.4 18.0  1.3  2.6  2.8
  2.0  2.0  1.9  1.7  0.6  0.7  0.3 32.7 15.7 15.9  1.0  5.7 10.5  6.1  0.0
     -3.02      4.38     -0.27     -2.61      2.51  0.0  0.0  0.0  0.0  0.0
                                     4000_story_0447_llm.txt 36.8  4.6 3964
 10.8  5.8  0.3 57.8 11.6  0.5  3.0  1.3 16.9  7.3  0.5  0.5  0.5  3.5  0.0
  0.3  0.0  5.3 23.7  0.3  0.0285.3 92.1 28.8 73.2 66.3 12.6  8.8  5.5  5.5
  0.5  1.0 40.9  7.6  5.5 35.8  6.3  6.1  2.0  0.8  2.3  2.0  5.3  7.6  1.5
  3.0  6.3  1.8  1.8  3.8 13.6 32.3 12.1  0.3 11.6 58.3 94.9  3.3147.3  4.8
  0.5  0.3  0.0  0.0  0.0  0.0  0.0  0.0  0.0  0.0  0.0  0.0  0.0  0.0  0.0
  0.0  0.0  0.0  3.8  0.8  1.5  1.3  0.3  0.0  0.0  0.0  0.0  0.0  0.0  0.0
  0.3  0.3  1.3  0.3  0.0  0.0  0.0  0.0  0.0  0.5  0.3  0.0  2.3  0.3  0.0
  7.3  0.3  0.0  7.6  2.0  0.0  2.5  2.8  0.0  0.0  0.0  0.0  0.0  0.0  0.0
  0.0  0.3  0.0  0.0  0.0  0.0  0.0 12.6  1.8  1.0  5.5 18.9  2.5  3.8  5.3
  2.0  0.5  1.8  1.5  1.0  0.8  0.0 24.0 17.7 16.9  0.8  3.3  7.8  4.8  0.0
     -6.50      3.69      4.85     -2.28      2.97  0.3  0.0  0.0  0.0  0.0
                                     4000_story_0449_llm.txt 36.5  4.7 5299
 14.3  6.8  1.5 48.7 11.1  0.4  2.1  2.5 14.7  8.9  0.8  0.8  0.4  4.3  0.2
  1.1  1.5  5.9 18.3  0.8  0.4271.7 90.0 27.0 83.2 73.8 11.7 10.8  1.9  6.0
  1.1  1.1 44.2  5.5  4.9 36.8  6.0  7.2  2.5  2.6  1.7  2.5  6.2  7.2  0.6
  4.7  7.5  4.0  1.9  5.3 14.7 30.4 12.5  2.3  9.1 55.5 99.6  1.3154.7  8.3
  2.3  0.0  0.0  0.0  0.0  0.0  0.0  0.0  0.0  0.0  0.0  0.0  0.0  0.0  0.0
  0.0  0.0  0.0  5.1  1.1  3.0  1.7  0.0  0.2  0.0  0.0  0.0  0.0  0.0  0.4
  0.0  1.1  0.0  0.2  0.0  0.8  0.0  0.0  0.2  0.8  1.1  0.0  3.0  0.4  0.0
 10.9  0.2  0.0 11.1  1.7  0.9  3.4  4.5  0.0  0.0  0.0  0.0  0.0  0.0  0.0
  0.2  0.0  0.0  0.0  0.0  0.0  0.0 16.4  3.6  2.6  7.0 19.4  1.3  2.8  5.9
  3.0  0.9  1.3  1.7  0.6  0.4  0.4 26.8 19.4 20.2  1.1  5.3  7.7  2.6  0.0
     -2.57      4.53      4.52     -1.12      3.31  0.4  0.0  0.0  0.0  0.0
                                     4000_story_0452_llm.txt 36.8  4.9 5582
 11.1  3.2  0.7 36.5  3.6  0.4  2.3  2.3  5.9  9.5  1.1  1.6  1.1  5.7  0.4
  0.0  1.1  3.9 19.3  0.9  0.0297.9 96.4 43.2 89.2 39.1  9.3 11.6  1.4  4.8
  0.5  1.3 48.5  3.8  5.4 25.6  5.4  2.1  4.8  1.3  2.7  2.0  3.0 11.1  2.0
  6.4  6.1  3.4  3.0  6.6  8.8 29.6 19.5  2.0  6.8 73.5 48.5  0.9147.1  5.9
  1.1  0.2  0.0  0.0  0.0  0.0  0.0  0.0  0.0  0.0  0.0  0.0  0.0  0.0  0.0
  0.0  0.0  0.0  3.9  1.3  1.4  0.4  0.0  0.2  0.0  0.0  0.0  0.0  0.0  0.4
  0.4  0.7  0.7  0.0  0.0  0.5  0.0  0.0  0.0  0.4  1.3  0.0  1.6  0.5  0.0
  7.0  0.2  0.0  7.2  2.1  0.5  3.0  3.4  0.0  0.0  0.0  0.0  0.0  0.0  0.0
  0.2  0.0  0.0  0.0  0.0  0.0  0.0 11.1  3.2  1.6  7.0 17.0  1.4  2.3  3.8
  0.9  1.8  1.3  0.9  2.0  0.7  0.7 24.7 19.3 15.8  1.3  4.5  7.3  3.8  0.0
     -6.97      2.89      4.45     -1.90      3.56  0.4  0.0  0.2  0.2  0.0
                                     4000_story_0454_llm.txt 37.3  4.7 6603
 12.3  2.9  0.3 52.2  7.4  0.9  1.7  0.5  9.1  8.9  1.1  1.4  0.0  6.8  0.3
  1.2  0.5  6.7 10.9  0.2  0.0269.1 86.3 34.2 93.7 60.3 17.7  7.9  1.4  4.2
  1.8  1.4 46.5  7.7  7.9 29.8  6.1  6.1  2.0  3.2  1.8  2.0  2.7 11.8  2.3
  3.2  5.8  2.6  2.7  6.5 14.5 22.6 17.3  0.6  7.4 59.8 76.8  2.0158.4  4.4
  0.5  0.2  0.0  0.0  0.0  0.0  0.0  0.0  0.0  0.0  0.0  0.0  0.0  0.0  0.0
  0.0  0.0  0.0  2.0  1.8  2.0  1.4  0.0  0.2  0.0  0.0  0.0  0.0  0.0  0.3
  0.2  1.4  1.4  0.2  0.0  0.2  0.0  0.0  0.0  0.8  0.2  0.0  1.1  0.9  0.0
  7.1  0.2  0.0  7.3  3.3  0.2  4.2  2.1  0.0  0.0  0.0  0.0  0.0  0.0  0.0
  0.2  0.0  0.0  0.0  0.0  0.0  0.0 13.2  3.2  3.2 10.9 20.4  2.9  5.8  8.2
  2.9  1.7  2.3  0.5  0.5  0.5  2.6 31.3 15.6 19.2  2.0  6.2 10.9  5.3  0.0
     -6.88      4.90      3.06     -1.43      2.64  0.5  0.2  0.0  0.0  0.0
                                     4000_story_0456_llm.txt 38.0  4.7 3545
  6.5  3.1  2.3 42.0  7.6  0.3  2.5  1.4 12.7  6.8  0.3  1.1  1.1  2.8  0.0
  0.0  0.8  3.1 26.0  0.0  0.8305.5103.2 33.3 78.4 63.8  9.9  6.5  2.0  2.5
  1.4  0.3 35.3  6.5  6.5 33.6  4.2  2.3  2.5  1.1  1.1  1.7  4.8  4.2  0.8
  4.2  4.2  1.7  1.4  3.1  6.5 32.7  9.3  0.8  5.9 65.7 84.1  2.3137.9  5.6
  1.7  0.0  0.0  0.0  0.0  0.0  0.0  0.0  0.0  0.0  0.0  0.0  0.0  0.0  0.0
  0.0  0.0  0.0  3.1  0.6  1.1  0.6  0.0  0.0  0.3  0.0  0.0  0.0  0.0  0.3
  0.0  0.6  0.6  0.3  0.3  0.0  0.0  0.0  0.0  0.3  0.0  0.0  2.0  0.0  0.0
  5.4  0.3  0.0  5.6  1.7  0.3  2.3  2.0  0.0  0.0  0.0  0.0  0.0  0.0  0.0
  0.0  0.0  0.0  0.0  0.0  0.0  0.0 16.4  2.3  1.7  5.1 26.0  2.3  3.1  2.8
  2.8  2.5  2.0  0.8  0.6  0.8  0.3 26.5 13.5  9.9  1.1  4.8  4.5  3.7  0.0
     -8.53      2.79      1.57     -3.52      2.03  0.3  0.3  0.0  0.0  0.0
                                     4000_story_0458_llm.txt 36.0  4.7 5512
 11.6  4.7  0.5 45.9  6.2  0.5  2.4  1.3 15.1  8.5  0.2  2.7  0.5  3.1  0.0
  0.9  0.5  3.6 20.9  1.5  0.5292.6 88.4 26.9 82.4 51.3 14.0 14.3  2.2  4.5
  1.3  1.1 39.7  5.3  5.8 27.2  8.7  5.4  3.3  2.4  1.6  1.5  4.9  5.8  0.5
  2.5  4.9  3.6  2.0  3.3 10.7 31.9  8.9  2.0  8.0 57.5 72.6  1.8149.1  6.0
  2.7  0.0  0.0  0.0  0.0  0.0  0.0  0.0  0.0  0.0  0.0  0.0  0.0  0.0  0.0
  0.0  0.0  0.0  3.6  1.3  2.0  0.7  0.0  0.0  0.0  0.0  0.0  0.0  0.0  0.2
  0.2  0.4  1.3  0.4  0.0  0.5  0.0  0.2  0.0  0.5  0.5  0.0  0.7  0.0  0.0
  7.6  0.0  0.0  7.6  2.4  0.7  3.6  1.3  0.0  0.0  0.0  0.0  0.0  0.0  0.0
  0.2  0.4  0.0  0.0  0.0  0.0  0.0 12.9  2.7  0.9  6.0 19.2  1.3  3.8  4.0
  2.2  1.1  0.9  0.5  0.5  1.1  0.4 27.9 23.0 15.8  1.5  4.7  6.0  3.6  0.0
     -5.11      4.60      4.08     -1.83      1.55  0.2  0.0  0.4  0.0  0.0
                                     4000_story_0461_llm.txt 34.8  4.7 4505
 11.3  3.6  8.4 36.2  7.3  0.4  2.4  2.0  9.5 20.6  0.0  0.7  0.7  5.5  0.2
  1.3  0.0  2.7 19.1  0.4  1.8275.2 99.4 45.1103.7 41.5 16.4 11.5  2.4  3.8
  1.1  2.0 29.7  4.9  7.8 36.0  7.1  3.8  2.4  0.7  1.1  2.7  4.4  8.4  1.1
  4.0  4.2  1.3  4.0  2.9  7.5 26.6 13.5  0.4  7.3 74.1 58.4  4.2156.0  5.5
  1.3  0.0  0.0  0.0  0.0  0.0  0.0  0.0  0.0  0.0  0.0  0.0  0.0  0.0  0.0
  0.0  0.0  0.0  2.2  0.7  1.8  1.6  0.0  0.0  0.0  0.0  0.0  0.0  0.4  0.2
  0.4  1.3  0.9  0.2  0.0  0.7  0.0  0.0  0.0  0.0  0.2  0.0  1.8  1.3  0.0
  6.2  0.0  0.4  6.7  3.1  0.7  3.8  3.3  0.0  0.0  0.0  0.0  0.0  0.0  0.0
  0.0  0.4  0.0  0.0  0.0  0.0  0.2  8.7  1.8  3.1  5.5 30.0  5.1  5.1  8.2
  4.0  2.9  1.6  2.0  0.4  0.9  0.2 29.3 19.3 19.3  2.0  5.3  8.7  4.2  0.0
     -6.28      4.82      2.39     -3.02      2.57  0.0  0.2  0.0  0.2  0.0
                                     4000_story_0462_llm.txt 36.0  4.1 5019
 21.1 14.9  5.2 83.3 16.9  1.4  4.6  0.4 56.0 16.3  1.0  2.2  0.6  5.6  0.0
  0.8  2.8 11.8 20.5  2.2  2.8215.8 70.1 22.3 96.8 58.2 16.7 20.3  1.0  3.6
  0.2  1.0 18.9  9.4 11.0 34.9 10.2  6.4  2.2  3.6  4.6  3.4  3.0  4.8  0.0
  1.0  8.0  1.8  2.4  7.4 22.7 35.3  5.8  5.0  4.8 46.2131.1  4.2188.7  5.4
  2.2  0.0  0.0  0.0  0.0  0.0  0.0  0.0  0.0  0.0  0.0  0.0  0.0  0.0  0.0
  0.0  0.0  0.0 13.3  0.8  4.0  1.0  0.0  0.0  0.0  0.0  0.0  0.0  0.0  0.6
  0.0  3.0  0.2  1.0  0.0  0.0  0.2  0.0  0.0  1.0  0.6  0.0  4.2  0.4  0.0
 19.1  0.0  0.0 19.1  4.8  0.2  6.0  5.2  0.0  0.0  0.0  0.0  0.0  0.0  0.0
  0.8  0.6  0.0  0.2  0.2  0.2  0.2 12.2  2.4  2.4  7.8 17.7  2.6  3.8  4.2
  5.4  1.6  2.8  0.2  0.8  1.0  0.0 44.8 30.3 27.5  2.0  3.8 11.4  7.0  0.0
     16.85      7.03     -2.66      0.79     -0.71  0.2  0.0  0.0  0.0  0.2
                                     4000_story_0463_llm.txt 36.5  4.1 4009
 18.0  9.2  0.7 59.9 13.7  1.5  3.7  0.7 74.3 14.5  1.2  2.2  0.5  4.7  0.0
  0.2  1.0  8.0 14.7  0.7  2.7217.5 83.6 18.2103.5 52.9 17.5  8.5  1.0  1.2
  0.0  1.5 18.5  8.7 10.7 33.7  8.0  8.5  1.5  3.5  2.0  1.7  3.2  5.0  0.2
  3.0  8.0  0.5  2.2  6.7 18.5 29.9  8.2  1.7  2.2 49.9140.9  3.7179.6  4.2
  1.0  0.0  0.0  0.0  0.0  0.0  0.0  0.0  0.0  0.0  0.0  0.0  0.0  0.0  0.0
  0.0  0.0  0.0  3.0  1.2  4.5  1.7  0.2  0.0  0.0  0.0  0.0  0.0  0.0  0.2
  0.7  0.7  0.5  0.2  0.0  0.2  0.2  0.0  0.0  0.0  0.2  0.0  2.2  0.7  0.0
 10.5  0.2  0.0 10.7  2.5  0.5  3.0  3.2  0.0  0.0  0.0  0.0  0.0  0.0  0.0
  0.5  0.0  0.0  0.0  0.0  0.0  0.0  7.5  2.0  0.7  5.0 20.2  3.7  4.5  9.0
  4.0  1.0  1.2  1.7  0.0  0.5  0.0 39.7 15.2 27.7  1.2  8.5  8.0  6.0  0.0
      6.58      4.96     -3.54     -0.87      0.31  0.2  0.2  1.2  0.5  0.0
                                     4000_story_0464_llm.txt 36.0  4.5 2985
 12.1  3.0  6.0 29.1  3.7  0.0  1.0  0.7  5.4 14.7  0.0  0.7  0.3  3.4  0.7
  0.3  0.7  8.7 17.1  0.7  2.7257.3 93.5 35.5106.9 66.0 11.4  5.4  0.3  1.3
  0.0  3.4 14.1  8.7 15.1 40.5  6.7  3.4  0.0  2.7  1.3  3.0  6.7  6.0  0.3
  5.0  9.7  1.7  3.4  3.0 13.4 33.5 11.4  1.3  1.7 74.0 75.0  2.3157.5  8.4
  1.7  0.0  0.0  0.0  0.0  0.0  0.0  0.0  0.0  0.0  0.0  0.0  0.0  0.0  0.0
  0.0  0.0  0.0  1.7  0.0  2.3  2.0  0.0  0.0  0.0  0.0  0.0  0.0  0.0  0.7
  0.0  0.7  1.7  1.0  0.0  0.3  0.0  0.3  0.0  0.7  0.0  0.3  0.7  0.3  0.0
  6.0  0.0  0.0  6.0  4.0  0.7  5.4  1.3  0.0  0.0  0.0  0.0  0.0  0.0  0.0
  1.0  0.3  0.0  0.0  0.0  0.0  0.3  6.4  2.3  0.3  6.7 30.5  2.7  4.0  6.7
  7.0  2.3  0.0  1.7  0.7  0.7  0.0 32.2 10.1 15.4  1.7  9.4  8.7  3.7  0.0
     -4.97      3.90     -5.17     -2.75      3.35  0.0  0.0  0.0  0.0  0.0
                                     4000_story_0466_llm.txt 35.0  3.9 4594
 19.8 10.4 35.0 74.0 17.6  2.2  2.2  1.1 61.4  9.6  1.7  2.0  0.0  3.0  0.0
  0.7  0.9  6.5 22.2  0.9  3.7221.8 79.7 18.5102.5 73.8 13.7 20.7  0.4  1.5
  0.2  2.4 12.4  7.8 12.0 29.6  9.6 12.4  1.1  5.4  2.4  1.5  3.7  6.5  0.7
  3.7  8.5  0.7  4.4  3.9 21.3 40.5 10.9  1.7  2.2 48.3152.8  3.9195.0  4.8
  1.1  0.0  0.0  0.0  0.0  0.0  0.0  0.0  0.0  0.0  0.0  0.0  0.0  0.0  0.0
  0.0  0.0  0.0  7.0  0.4  2.8  0.4  0.0  0.0  0.0  0.0  0.0  0.0  0.0  0.7
  0.4  1.3  1.1  0.2  0.0  0.4  0.0  0.0  0.0  0.0  0.2  0.4  3.7  0.0  0.0
 10.7  0.0  0.0 10.7  3.7  0.4  4.1  4.4  0.0  0.0  0.0  0.0  0.0  0.0  0.0
  0.7  0.7  0.2  0.0  0.0  0.0  0.2 17.2  2.4  1.1  5.7 18.1  2.0  5.9  3.7
  2.4  2.0  1.1  2.4  0.4  0.2  0.0 47.9 31.8 29.6  2.4  6.5 10.2  6.7  0.0
      9.35      7.39     -3.50      0.92      1.37  0.2  0.0  0.2  0.0  0.0
                                     4000_story_0470_llm.txt 36.5  4.5 4200
 14.5  5.0  9.5 66.7 16.9  1.4  3.1  0.5 26.2 17.4  1.0  1.0  0.7  6.9  0.2
  0.2  0.5  7.1 13.1  0.7  3.6259.8 76.9 32.1 87.6 41.9 11.7 10.2  0.0  1.9
  0.0  2.1 40.7 10.5  8.8 34.0 10.5  6.4  2.4  4.5  2.1  2.4  3.3  5.7  0.7
  2.6  7.4  1.9  3.3  2.9 15.7 28.1  9.0  1.2  1.9 57.4 85.0  4.0167.9  7.4
  0.7  0.2  0.0  0.0  0.0  0.0  0.0  0.0  0.0  0.0  0.0  0.0  0.0  0.0  0.0
  0.0  0.0  0.0  2.9  0.5  2.9  1.4  0.0  0.0  0.0  0.0  0.0  0.5  0.0  0.7
  0.2  1.7  1.7  1.0  0.0  0.5  0.0  0.2  0.0  0.7  0.7  0.0  1.2  0.7  0.0
  7.6  0.0  0.5  8.1  5.2  0.7  6.7  2.6  0.0  0.0  0.0  0.0  0.0  0.0  0.0
  0.2  1.4  0.0  0.0  0.0  0.0  0.5  7.4  4.3  2.9  9.5 27.4  9.5  5.7  6.4
  2.1  1.0  0.7  0.7  0.2  1.0  1.4 40.0 20.5 22.6  2.4  2.6  8.3  6.4  0.0
      1.12      3.16     -1.97     -0.28      0.72  0.0  0.0  0.0  0.0  0.0
                                     4000_story_0471_llm.txt 35.0  4.6 2823
 10.6  2.8  5.3 49.2  6.7  0.4  2.8  0.7 40.4 13.1  0.4  1.8  0.4  7.4  0.4
  0.7  1.1  3.9 18.8  1.1  1.4254.0 87.5 24.1 99.2 38.3 17.4 10.6  1.4  5.3
  0.7  1.8 29.0  8.5  8.1 37.2  7.8  2.8  3.2  2.1  3.5  2.5  5.3  7.4  0.7
  3.2  8.9  2.8  2.1  5.0 10.3 33.3 11.3  2.1  7.4 49.6 85.4  1.8165.4  8.1
  2.1  0.0  0.0  0.0  0.0  0.0  0.0  0.0  0.0  0.0  0.0  0.0  0.0  0.0  0.0
  0.0  0.0  0.0  1.8  1.4  1.8  1.8  0.0  0.0  0.0  0.0  0.0  0.0  0.7  0.0
  0.4  0.7  1.8  0.4  0.0  0.4  0.0  0.0  0.0  0.0  0.4  0.0  2.1  0.4  0.0
  6.7  0.0  0.7  7.4  3.2  0.4  3.5  2.8  0.0  0.0  0.0  0.0  0.0  0.0  0.0
  0.7  0.7  0.0  0.0  0.0  0.0  0.7  7.1  5.7  1.8  9.2 17.0  2.5  2.5  5.7
  3.5  2.1  0.4  0.4  1.1  0.4  0.0 32.2 20.9 18.8  0.4  3.9 10.3  3.9  0.0
     -0.09      4.54      0.84     -1.26      2.40  1.1  0.0  0.0  0.0  0.0
                                     4000_story_0473_llm.txt 36.8  4.3 2572
 12.1  4.3 10.9 38.5  8.9  0.8  2.3  2.3 36.2 14.4  0.0  0.4  1.6  7.8  0.4
  0.8  0.0  4.3 17.1  0.4  2.3229.4 78.1 25.3119.8 56.8 19.1 14.4  1.6  1.2
  0.4  3.9 21.0  7.4 12.1 42.0  6.6  7.0  4.7  2.7  0.8  3.5  3.9  6.2  0.4
  1.9  8.9  1.2  2.3  3.9 12.1 33.0  8.6  0.4  3.1 63.0101.9  1.9176.1  5.1
  0.0  0.4  0.0  0.0  0.0  0.0  0.0  0.0  0.0  0.0  0.0  0.0  0.0  0.0  0.0
  0.0  0.0  0.0  1.9  0.8  2.7  1.2  0.0  0.4  0.0  0.0  0.0  0.0  0.0  0.4
  0.4  0.4  1.6  0.0  0.0  0.0  0.0  0.0  0.0  0.8  0.0  0.4  2.7  0.8  0.0
  6.6  0.4  0.0  7.0  2.7  0.0  3.5  3.9  0.0  0.0  0.0  0.0  0.0  0.0  0.0
  0.4  1.6  0.0  0.0  0.0  0.0  0.0 10.1  3.9  1.9 10.1 16.7  5.1  5.4  3.5
  2.7  3.9  0.8  0.8  2.3  0.4  0.4 50.5 22.2 17.1  1.6  3.9 10.5  6.2  0.0
      0.33      7.06     -2.32     -0.43      0.67  0.0  0.0  0.0  0.4  0.0
                                     4000_story_0475_llm.txt 34.3  4.2 2999
 15.0  4.3  1.0 50.0 11.3  0.7  3.7  1.0 40.7 12.7  1.3  2.3  0.3  4.0  0.3
  0.3  1.3  5.0 21.3  0.0  1.3252.4 86.4 25.3101.7 56.0 17.0  8.3  0.7  3.0
  0.3  3.0 29.7  7.7 13.0 36.0  5.7  9.0  1.7  2.3  2.0  2.7  5.3  6.7  0.3
  1.7  9.7  1.0  1.7  5.3 16.0 38.7  8.7  1.3  4.0 48.7108.0  1.0160.7  5.7
  1.7  0.3  0.0  0.0  0.0  0.0  0.0  0.0  0.0  0.0  0.0  0.0  0.0  0.0  0.0
  0.0  0.0  0.0  2.7  2.0  2.3  0.7  0.0  0.0  0.0  0.0  0.0  0.0  0.0  0.0
  0.0  1.0  1.0  0.3  0.0  0.0  0.0  0.0  0.0  0.7  0.0  0.0  2.7  1.3  0.0
  7.7  0.0  0.0  7.7  2.3  0.0  3.0  4.0  0.0  0.0  0.0  0.0  0.0  0.0  0.0
  0.0  1.0  0.0  0.0  0.0  0.0  0.0 18.3  5.7  1.7  7.0 21.7  3.3  3.7  8.0
  2.0  1.3  5.0  0.7  0.0  0.0  0.3 32.7 15.3 22.0  2.3  4.7 10.0  7.0  0.0
      0.87      4.92     -1.72     -0.84      1.51  0.0  0.0  0.0  0.0  0.0
                                     4000_story_0478_llm.txt 33.3  4.3 3386
 15.9  7.1 17.4 44.3 14.8  0.3  3.8  0.6 21.3 13.3  1.5  2.4  1.5  4.1  1.5
  0.0  0.9  5.3 13.6  0.6  3.0245.4 93.6 29.5112.5 54.6 15.7  9.2  0.0  0.9
  0.0  1.8 18.3  6.8 16.5 37.2 10.9  6.5  1.8  2.4  1.2  1.5  3.2  4.7  0.3
  3.2  4.4  1.2  3.5  6.2 13.0 24.5  8.3  1.5  0.9 57.6 90.7  0.3178.1  9.2
  0.3  0.0  0.0  0.0  0.0  0.0  0.0  0.0  0.0  0.0  0.0  0.0  0.0  0.0  0.0
  0.0  0.0  0.0  3.0  0.3  3.5  2.1  0.0  0.0  0.3  0.0  0.0  0.0  0.0  0.6
  0.0  1.2  2.4  0.3  0.3  0.6  0.0  0.3  0.0  0.0  0.0  0.0  1.2  1.8  0.0
  8.9  0.3  0.0  9.2  4.4  1.2  5.6  3.0  0.0  0.0  0.0  0.0  0.0  0.0  0.0
  2.1  1.2  0.0  0.0  0.3  0.0  0.0  8.3  2.1  1.8  6.8 23.6  2.4  7.7 13.0
  2.7  2.1  1.8  1.8  1.5  0.0  0.0 34.8 14.2 20.7  4.7  5.0 11.2  8.0  0.0
      1.54      5.11     -5.57     -2.26      0.40  0.0  0.0  0.0  0.0  0.0
                                     4000_story_0479_llm.txt 33.3  4.0 6986
 19.5 10.3 14.9 69.1 24.5  2.3  8.3  2.3 79.9 17.3  0.7  3.4  0.0  5.2  0.1
  1.0  1.1  8.0 13.9  0.7  4.2185.5 70.1 16.9114.4 52.5 12.5 17.0  0.1  1.1
  0.1  1.6 18.8  9.0  9.6 35.8 10.3  9.7  4.4  5.2  3.1  2.3  4.0  3.4  0.1
  1.6  7.7  2.0  2.6  6.7 20.9 31.8  5.2  1.9  1.4 49.2156.9  3.0194.5  8.2
  0.9  0.0  0.0  0.0  0.0  0.0  0.0  0.0  0.0  0.0  0.0  0.0  0.0  0.0  0.0
  0.0  0.0  0.0  4.4  2.1  2.9  2.7  0.1  0.0  0.1  0.0  0.0  0.0  0.0  0.6
  0.4  2.3  1.6  0.4  0.1  0.7  0.1  0.0  0.1  0.6  0.3  0.1  3.0  1.6  0.0
 12.2  0.3  0.0 12.5  5.3  1.1  7.0  5.0  0.0  0.0  0.0  0.0  0.0  0.0  0.0
  1.4  1.7  0.6  0.0  0.0  0.1  0.3  6.2  5.4  1.7  7.4 17.3  1.9  6.3  4.6
  2.1  1.4  1.3  0.3  0.4  0.4  0.0 46.8 26.1 27.9  2.3  2.7 10.9  5.6  0.0
     14.32      5.92     -3.78      1.90      0.02  0.1  0.1  0.4  0.0  0.0
                                     4000_story_0480_llm.txt 36.3  4.4 3997
 11.8  6.3 15.0 52.0  9.3  0.3  3.8  3.5 12.3 12.0  0.8  1.3  1.3  6.5  0.3
  1.0  0.5  4.3 15.0  0.5  4.0250.7 82.6 24.0107.1 47.8 13.5 13.0  0.8  2.5
  0.0  2.0 34.3  8.0 16.5 43.3  6.8  3.0  1.0  1.0  1.0  0.5  5.8  3.0  0.5
  2.0  7.3  2.0  2.3  4.0  8.3 26.5  5.5  1.0  3.3 65.0 69.3  1.5175.4 12.0
  0.3  0.3  0.0  0.0  0.0  0.0  0.0  0.0  0.0  0.0  0.0  0.0  0.0  0.0  0.0
  0.0  0.0  0.0  2.8  0.5  3.5  2.3  0.0  0.5  0.0  0.0  0.0  0.0  0.0  0.0
  0.0  1.3  1.3  0.8  0.5  0.3  0.0  0.0  0.0  0.3  0.5  0.0  1.8  0.0  0.0
  9.0  0.5  0.0  9.5  3.3  0.8  4.3  2.3  0.0  0.0  0.0  0.0  0.0  0.0  0.0
  1.5  0.8  0.0  0.0  0.0  0.0  0.3  8.0  2.0  0.5  8.8 19.8  1.8  4.0  8.3
  3.0  1.8  0.3  0.0  0.5  0.8  0.0 45.8 16.5 15.5  1.8  3.5 10.3  5.5  0.0
      0.53      4.93     -3.82     -4.44      1.46  0.5  0.3  0.0  0.0  0.0
                                     4000_story_0481_llm.txt 36.3  4.6 4431
  8.4  1.8  3.6 30.9  4.7  0.5  1.4  0.2  4.1 13.8  0.2  0.7  0.0  2.9  0.2
  0.9  0.9  4.3 17.2  0.0  1.6250.5 86.4 29.8106.3 55.3 15.1  5.9  0.5  1.8
  0.0  2.7 28.2  8.4 11.1 34.5  4.7  3.2  2.3  0.7  0.5  1.6  5.6  6.3  0.7
  5.0  4.5  2.3  3.2  4.1  7.9 25.7 12.0  0.9  2.3 99.5 64.1  1.4156.8  5.0
  0.0  0.0  0.0  0.0  0.0  0.0  0.0  0.0  0.0  0.0  0.0  0.0  0.0  0.0  0.0
  0.0  0.0  0.0  1.4  1.1  1.8  0.9  0.0  0.2  0.0  0.0  0.0  0.0  0.0  0.2
  0.2  0.2  1.4  0.9  0.7  0.2  0.0  0.2  0.0  0.2  0.0  0.2  1.6  0.2  0.0
  5.2  0.2  0.0  5.4  2.9  1.1  4.3  2.0  0.0  0.0  0.0  0.0  0.0  0.0  0.0
  0.5  0.2  0.2  0.0  0.0  0.0  0.0  7.0  2.3  2.7  8.6 26.9  2.9  2.7  6.1
  3.4  1.6  1.4  0.9  0.7  1.1  0.2 41.1 10.8 11.1  2.5  4.7  8.4  5.4  0.0
     -7.76      4.22     -2.50     -3.97      2.98  0.0  0.0  0.2  0.0  0.0
                                     4000_story_0483_llm.txt 37.3  4.8 5472
 13.5  4.0  9.5 56.1 12.2  1.8  3.7  2.2 17.4 15.5  0.7  1.8  0.2  8.0  0.5
  1.3  2.2  6.6 14.3  0.5  1.5267.4 80.4 40.8 96.7 47.1 18.1 10.4  2.0  5.1
  1.3  1.3 44.0  5.3  4.4 33.6  7.9  5.5  3.7  1.5  1.3  2.7  3.5  8.8  1.5
  3.3  5.5  4.6  1.6  8.2 13.3 24.3 13.5  2.7  8.4 76.9 76.8  3.3165.9  6.9
  0.9  0.0  0.0  0.0  0.0  0.0  0.0  0.0  0.0  0.0  0.0  0.0  0.0  0.0  0.0
  0.0  0.0  0.0  4.0  1.3  2.7  0.7  0.5  0.0  0.0  0.0  0.0  0.2  0.0  0.2
  0.2  1.5  2.2  0.0  0.0  0.5  0.4  0.2  0.0  0.5  0.2  0.2  3.3  0.9  0.0
  8.8  0.5  0.2  9.5  4.0  1.1  5.7  4.6  0.0  0.0  0.0  0.0  0.0  0.0  0.0
  0.2  0.2  0.2  0.0  0.0  0.0  0.0  9.5  3.3  2.2 10.8  9.5  5.1  4.8  6.4
  4.9  2.0  2.4  0.5  1.1  0.4  1.5 28.1 24.1 20.5  2.9  4.8  8.2  3.8  0.0
      2.10      4.96      4.70     -1.75      2.06  0.2  0.0  0.5  0.0  0.0
                                     4000_story_0487_llm.txt 34.3  4.6 2455
  9.0  1.6  1.2 27.3  0.8  0.4  0.4  0.4  1.2 10.6  0.0  2.0  0.4  2.4  0.0
  0.4  0.4  1.6 14.7  0.4  1.2265.2102.6 44.4111.6 79.8 14.3  3.7  1.2  2.9
  0.8  2.0 29.7  8.6 13.8 28.5  6.1  3.3  1.2  2.4  0.8  0.4  5.3  9.8  0.4
  4.1  6.9  2.0  2.4  3.3  5.7 28.1 14.3  0.8  4.9 77.4 81.9  0.8156.8  6.1
  0.8  0.0  0.0  0.0  0.0  0.0  0.0  0.0  0.0  0.0  0.0  0.0  0.0  0.0  0.0
  0.0  0.0  0.0  2.0  0.0  1.2  1.6  0.0  0.0  0.0  0.0  0.0  0.0  0.0  0.0
  0.0  0.4  1.6  0.8  0.0  0.0  0.0  0.0  0.0  0.0  0.0  0.0  0.8  0.8  0.0
  4.9  0.0  0.0  4.9  2.9  0.0  2.9  1.6  0.0  0.0  0.0  0.0  0.0  0.0  0.0
  0.8  0.0  0.0  0.0  0.0  0.0  0.0  8.1  2.9  0.4  6.9 29.7  1.6  3.3 14.7
  1.6  5.7  0.8  4.1  0.0  1.2  0.0 28.5 10.6 11.4  0.8  8.1 12.6  6.9  0.0
    -12.31      4.91     -1.46     -3.77      2.79  0.4  0.0  0.0  0.0  0.0
                                     4000_story_0489_llm.txt 35.8  4.5 7105
 15.8  5.5  5.5 53.3 15.8  0.7  2.4  0.8 25.5 15.3  1.4  1.0  0.1  5.2  0.3
  2.3  1.4  5.1 14.4  0.6  1.4264.7 81.2 32.8 99.4 53.5 16.9 10.3  0.4  2.0
  0.6  2.1 47.1  7.3  8.9 34.6  6.1  7.3  2.4  2.0  1.1  2.5  3.5  7.0  1.0
  5.1  5.2  2.3  2.1  5.5 13.5 24.6 13.1  2.0  3.0 63.3 94.7  2.1165.0  4.4
  1.1  0.1  0.0  0.0  0.0  0.0  0.0  0.0  0.0  0.0  0.0  0.0  0.0  0.0  0.0
  0.0  0.0  0.0  2.1  1.5  2.7  2.0  0.3  0.0  0.3  0.0  0.0  0.3  0.0  0.3
  0.6  1.3  0.6  0.7  0.3  0.0  0.0  0.1  0.1  0.7  0.0  0.1  2.3  0.6  0.0
  8.3  0.6  0.3  9.1  3.4  0.6  4.6  3.0  0.0  0.0  0.0  0.0  0.0  0.0  0.0
  1.0  1.0  0.0  0.0  0.0  0.0  0.1 14.4  4.8  2.0  8.7 24.2  2.5  3.7  5.6
  1.7  1.5  1.7  0.7  1.0  0.8  0.0 39.4 18.7 21.7  3.0  3.5 12.4  5.2  0.0
     -0.18      5.07      0.11     -1.65      2.03  0.7  0.1  0.0  0.1  0.0
                                     4000_story_0492_llm.txt 36.8  4.8 5764
  9.7  3.5  0.2 62.3 22.7  0.5  2.4  0.7 26.7  9.0  1.2  1.9  0.2  1.6  0.7
  0.3  0.2  5.9 14.7  1.2  1.2272.2 84.1 25.0 76.3 52.7 13.5 10.4  2.8  2.6
  1.7  1.0 50.1  6.9  6.8 32.3 10.1 11.5  4.0  2.8  2.1  2.9  2.9  8.5  0.5
  4.0  6.2  2.3  3.6  7.5 19.4 26.7 13.0  1.4  7.1 53.8102.2  1.4154.9  3.1
  1.2  0.0  0.0  0.0  0.0  0.0  0.0  0.0  0.0  0.0  0.0  0.0  0.0  0.0  0.0
  0.0  0.0  0.0  2.3  1.4  1.4  1.6  0.0  0.0  0.0  0.0  0.0  0.3  0.0  0.3
  0.7  1.4  1.0  0.2  0.0  0.0  0.2  0.0  0.0  0.7  0.5  0.2  1.0  1.4  0.0
  6.6  0.0  0.3  6.9  3.6  0.2  4.5  3.1  0.0  0.0  0.0  0.0  0.0  0.0  0.0
  0.0  0.2  0.0  0.2  0.0  0.0  0.0  7.6  4.9  2.1  7.8 12.0  2.9  2.8  9.0
  2.4  0.7  0.9  1.4  0.3  0.9  0.3 25.5 20.3 16.0  3.8  3.8  9.2  6.1  0.0
     -5.08      3.66      3.55      0.84      1.19  0.0  0.0  0.3  0.0  0.0
                                     4000_story_0493_llm.txt 31.8  4.4 3380
 13.6  5.0  1.8 66.3 12.1  0.3  6.2  3.3 59.8 10.9  0.6  3.3  0.0  4.7  2.4
  2.1  0.6  7.7 16.6  0.9  0.9206.5 77.5 29.3100.3 47.3 15.1 17.8  2.4  4.1
  0.6  0.0 34.6  7.4  4.4 33.7 10.1  4.7  2.7  2.1  3.3  3.3  4.4  5.9  1.5
  1.5  7.7  5.6  3.6  7.1 15.7 29.6  8.9  1.5  7.1 58.0119.2  5.0176.3  3.3
  0.6  0.0  0.0  0.0  0.0  0.0  0.0  0.0  0.0  0.0  0.0  0.0  0.0  0.0  0.0
  0.0  0.0  0.0  3.6  1.8  2.4  3.6  0.9  0.0  0.0  0.0  0.3  0.3  0.3  0.9
  0.0  1.2  0.0  1.2  0.0  1.2  0.6  0.0  0.0  0.3  0.3  0.0  2.1  0.9  0.0
 11.2  0.9  0.9 13.0  3.3  1.8  5.3  3.3  0.0  0.0  0.0  0.0  0.0  0.0  0.0
  0.3  0.0  0.0  0.3  0.0  0.0  0.0 10.1  3.3  3.0  8.6 17.2  2.1  3.3  4.7
  1.2  0.6  1.5  1.2  0.9  0.9  0.3 37.3 27.8 21.3  1.5  4.4 10.9  5.9  0.0
      6.04      5.86      2.04     -0.83      1.66  1.2  0.0  0.0  0.3  0.0
                                     4000_story_0497_llm.txt 34.5  4.6 2094
 12.9  4.8  0.5 48.7  1.0  1.0  3.3  1.4 31.0 10.5  0.5  1.0  0.0  3.3  0.5
  0.0  2.9  4.8 15.8  1.9  1.9245.5 86.9 40.6 91.2 33.4 11.9  8.6  0.0  2.9
  1.0  1.4 33.9 14.8 13.4 36.8  6.7  4.3  1.4  3.8  1.9  1.0  5.7  4.8  0.0
  2.4  9.1  2.9  1.4  3.8 11.0 31.0  7.2  4.8  3.8 69.2 65.4  1.9157.1  8.6
  1.4  0.0  0.0  0.0  0.0  0.0  0.0  0.0  0.0  0.0  0.0  0.0  0.0  0.0  0.0
  0.0  0.0  0.0  5.7  0.5  1.9  0.5  0.0  0.0  0.0  0.0  0.0  0.0  0.5  0.5
  0.0  0.0  1.4  0.0  0.0  0.5  0.0  0.0  0.0  0.5  0.5  0.0  0.5  1.4  0.0
  8.6  0.0  0.5  9.1  1.9  0.5  2.9  2.4  0.0  0.0  0.0  0.0  0.0  0.0  0.0
  0.5  0.0  0.0  0.0  0.0  0.0  0.0  4.3  2.4  1.4  8.1 17.2  0.5  5.7  6.2
  2.4  3.3  0.0  1.9  0.0  2.9  1.4 30.6 15.3 14.3  0.5  5.7 11.0  7.6  0.0
     -0.08      2.65     -4.09     -2.09      1.45  1.0  0.0  0.0  0.0  0.0
                                     4000_story_0500_llm.txt 34.3  4.4 2440
 13.9  3.3  8.2 58.2 11.9  1.2  3.3  0.4 54.9  7.0  0.4  1.2  0.0  3.3  0.8
  2.9  0.8  5.3 15.6  0.4  3.3230.7 88.5 40.6 94.7 50.0 12.3 16.4  0.0  2.0
  0.8  1.2 44.3  6.6  8.2 27.9  7.4  6.1  2.0  4.1  2.0  4.5  4.5  6.6  0.4
  2.9  7.0  4.1  2.9  5.3 13.5 29.1  9.8  1.2  2.9 70.5116.8  2.5166.4  4.9
  1.2  0.4  0.0  0.0  0.0  0.0  0.0  0.0  0.0  0.0  0.0  0.0  0.0  0.0  0.0
  0.0  0.0  0.0  3.7  0.8  1.6  2.0  0.0  0.4  0.0  0.0  0.0  0.0  0.0  0.8
  0.0  1.6  2.0  0.8  0.0  0.0  0.0  0.0  0.0  0.4  0.4  0.0  1.6  1.6  0.0
  8.2  0.4  0.0  8.6  5.3  0.0  5.7  3.7  0.0  0.0  0.0  0.0  0.0  0.0  0.0
  0.0  0.0  0.0  0.0  0.0  0.0  0.0 16.8  3.3  2.5 16.0 17.2  0.8  2.5  7.0
  0.8  3.3  0.0  0.4  2.5  0.8  0.4 32.4 23.0 20.1  3.3  4.1  8.6  4.1  0.0
     -0.52      5.01      0.40      0.16      1.43  0.8  0.0  0.0  0.4  0.0
                                     4000_story_0501_llm.txt 33.5  4.8 3321
 11.4  1.2  2.4 47.0  7.2  0.0  1.8  0.6  7.2 15.7  0.6  0.9  0.6  3.6  0.3
  0.9  1.2  5.4 10.5  0.0  0.6265.9 99.1 37.6 80.7 43.7 11.7  7.2  2.1  6.9
  0.3  3.3 45.2  4.5 11.4 33.7  9.9  3.9  2.4  0.9  1.8  2.4  3.9  6.3  1.2
  2.4  6.0  3.6  3.6  2.7 11.1 21.7  9.9  1.2  9.3 87.6 58.1  1.2144.5  4.2
  1.5  0.0  0.0  0.0  0.0  0.0  0.0  0.0  0.0  0.0  0.0  0.0  0.0  0.0  0.0
  0.0  0.0  0.0  2.1  1.2  1.2  2.4  0.6  0.0  0.0  0.0  0.0  0.0  0.3  0.3
  0.6  1.2  1.5  0.9  0.3  0.0  0.0  0.0  0.0  1.2  0.3  0.3  3.3  0.0  0.0
  6.9  0.6  0.3  7.8  4.5  0.3  6.0  3.9  0.0  0.0  0.0  0.0  0.0  0.0  0.0
  0.0  1.2  0.0  0.0  0.0  0.0  0.0 10.5  6.3  2.4 16.3 15.1  2.7  4.5  6.6
  3.0  2.1  1.5  0.6  0.6  0.3  0.3 25.6 12.3 17.5  1.2  5.7 10.8  5.4  0.0
     -8.43      2.46      3.74     -2.66      1.48  0.9  0.3  0.0  0.0  0.0
                                     4000_story_0503_llm.txt 34.3  4.7 4760
 10.3  1.5  0.2 41.6 10.7  0.6  2.5  1.1 12.2  8.8  0.8  2.1  0.0  2.9  0.6
  0.8  0.6  5.3 18.1  0.2  0.6279.8 98.3 35.9 94.7 60.1 13.7  8.0  1.7  4.4
  1.1  1.9 39.1  7.4  8.8 31.1  6.3  4.0  2.1  1.1  1.9  2.7  2.9  9.0  2.1
  4.8  5.7  3.8  2.5  6.1 11.1 28.8 16.0  0.8  7.1 64.7 83.0  2.1155.5  5.7
  0.6  0.2  0.0  0.0  0.0  0.0  0.0  0.0  0.0  0.0  0.0  0.0  0.0  0.0  0.0
  0.0  0.0  0.0  1.7  1.1  1.3  1.5  0.0  0.2  0.0  0.2  0.0  0.4  0.0  0.0
  0.2  1.1  1.1  0.4  0.0  0.4  0.0  0.0  0.0  0.4  0.4  0.0  2.5  1.1  0.0
  5.5  0.2  0.6  6.3  2.7  0.4  3.6  4.0  0.0  0.0  0.0  0.0  0.0  0.0  0.0
  0.0  0.0  0.0  0.0  0.0  0.0  0.0 12.4  4.8  3.6  8.6 19.5  2.5  2.9  9.2
  3.8  1.3  0.6  1.3  0.2  0.2  0.2 24.2 16.2 15.5  1.7  6.3  7.1  5.3  0.0
     -7.81      4.16      2.07     -2.51      2.76  0.8  0.0  0.0  0.2  0.0
                                     4000_story_0511_llm.txt 33.3  4.4 3905
 13.1  3.3  0.5 61.7 21.8  0.5  2.3  0.8 20.7 10.2  1.0  0.5  0.3  3.3  1.0
  0.8  1.0  6.7 14.6  0.8  2.6254.5 91.4 24.8 95.0 51.5 14.3  9.7  0.8  2.3
  0.8  1.5 25.6  9.0 12.0 36.1  5.1  8.7  2.0  2.0  2.8  1.3  4.6  8.7  0.3
  4.9  5.9  1.5  1.0  2.8 18.2 24.6 13.8  1.8  3.8 49.4 94.0  2.6169.5  3.1
  0.5  0.0  0.0  0.0  0.0  0.0  0.0  0.0  0.0  0.0  0.0  0.0  0.0  0.0  0.0
  0.0  0.0  0.0  2.0  1.0  1.8  0.8  0.0  0.0  0.0  0.0  0.0  0.0  0.0  0.3
  0.3  1.0  0.3  0.0  0.0  0.5  0.0  0.0  0.0  0.5  0.0  0.0  1.0  1.0  0.0
  5.6  0.0  0.0  5.6  1.8  0.5  2.8  2.0  0.0  0.0  0.0  0.0  0.0  0.0  0.0
  0.5  0.5  0.0  0.0  0.0  0.0  0.5  7.9  2.6  1.0  5.6 24.6  4.1  5.9 12.3
  0.8  1.8  0.8  1.5  0.3  0.0  0.3 35.9 15.6 17.4  1.0  5.6  9.7  7.2  0.0
     -1.67      4.24     -2.53     -1.09      2.34  0.3  0.0  0.0  0.0  0.0
                                     4000_story_0514_llm.txt 36.3  4.8 1951
  8.7  4.1  0.0 39.0 10.8  0.5  4.1  3.1 10.8 15.9  0.0  1.5  0.5  6.7  0.0
  2.1  1.0  4.1 12.8  0.0  0.5276.3 84.1 36.4 91.2 37.4 14.9 17.9  1.0  5.6
  0.5  2.1 61.5 11.8  3.6 31.3  6.2  3.1  1.5  1.0  0.0  3.1  4.1 10.8  2.6
  6.7  7.7  7.2  2.1  6.2  7.2 25.1 20.0  1.0  7.2 62.0 58.9  3.1150.7  3.6
  0.5  0.0  0.0  0.0  0.0  0.0  0.0  0.0  0.0  0.0  0.0  0.0  0.0  0.0  0.0
  0.0  0.0  0.0  7.2  2.6  3.1  0.5  0.5  0.0  0.5  0.0  0.0  0.5  0.0  0.0
  0.0  2.1  0.5  0.5  0.5  0.0  0.0  0.0  0.5  0.0  0.0  0.0  1.5  1.0  0.0
 13.3  1.0  0.5 14.9  3.1  1.0  4.1  2.6  0.0  0.0  0.0  0.0  0.0  0.0  0.0
  0.0  0.5  0.0  0.0  0.0  0.0  0.5  7.7  3.1  4.6  9.2 13.8  3.6  3.6  5.6
  8.2  0.0  0.5  0.5  1.5  0.5  0.0 26.1 25.1 16.4  1.5  6.2  8.7  3.1  0.0
     -4.61      5.12      3.69     -3.68      4.69  0.5  0.0  0.0  0.0  0.0
                                     4000_story_0520_llm.txt 33.5  4.6 4317
 11.6  3.9  0.5 54.2 21.1  1.2  2.3  3.9 20.8 10.9  2.3  1.2  0.2  3.2  0.5
  2.1  0.5  5.8 17.6  0.7  1.6249.0 83.2 39.6 90.6 58.4 13.2  9.3  1.6  1.9
  1.2  2.1 35.0  7.6  7.2 34.5  9.5  5.3  2.8  2.1  1.9  0.7  4.4  5.3  0.7
  3.5  4.6  3.2  3.5  6.7 13.0 27.6  9.5  1.2  4.6 71.6100.3  4.2162.4  3.7
  0.2  0.2  0.0  0.0  0.0  0.0  0.0  0.0  0.0  0.0  0.0  0.0  0.0  0.0  0.0
  0.0  0.0  0.0  3.9  0.5  3.0  0.9  0.5  0.5  0.0  0.0  0.0  0.5  0.0  0.7
  0.0  0.7  1.4  0.2  0.0  1.2  0.2  0.2  0.0  0.7  0.2  0.2  2.8  1.6  0.0
  8.3  0.9  0.5  9.7  3.0  1.6  5.3  4.9  0.0  0.0  0.0  0.0  0.0  0.0  0.0
  0.0  0.0  0.0  0.0  0.0  0.0  0.0  7.4  5.1  1.4  6.3 17.6  3.9  6.3  7.2
  0.7  2.1  1.9  3.2  0.9  0.7  0.5 31.5 16.9 14.1  1.2  4.9 10.0  4.9  0.0
     -2.20      4.10      0.85     -2.33      1.59  0.0  0.0  0.0  0.2  0.0
                                     4000_story_0522_llm.txt 36.3  4.5 3074
 13.0  3.9  0.0 44.2 12.0  0.3  2.0  0.3 17.9 16.6  1.0  0.0  0.3  2.9  0.7
  2.0  0.3  3.6  8.1  0.7  2.3237.5 89.8 31.9108.3 84.3 15.6 14.6  1.3  2.9
  0.7  2.3 30.9  4.6 11.7 37.1  7.8  7.5  1.6  2.0  1.6  0.7  4.2  5.9  1.6
  3.6  4.9  3.6  4.2  6.8 12.7 17.2 11.1  1.0  4.9 64.1114.2  1.3167.5  3.9
  1.0  0.0  0.0  0.0  0.0  0.0  0.0  0.0  0.0  0.0  0.0  0.0  0.0  0.0  0.0
  0.0  0.0  0.0  2.9  0.3  2.3  2.6  0.0  0.0  0.0  0.0  0.0  0.0  0.0  0.0
  0.0  1.0  1.3  1.3  0.0  0.0  0.0  0.0  0.0  0.3  0.0  0.0  0.7  0.3  0.0
  8.1  0.0  0.0  8.1  3.6  0.0  3.9  1.0  0.0  0.0  0.0  0.0  0.0  0.0  0.0
  0.0  0.3  0.0  0.0  0.0  0.0  0.0 11.7  2.9  2.3  9.4 14.6  2.0  3.6  4.6
  2.0  1.3  0.7  2.0  0.0  1.0  0.0 34.2 20.8 18.2  2.3  5.2 10.4  4.9  0.0
     -6.29      7.29     -0.07     -2.38      2.31  0.3  0.0  0.0  0.0  0.0
                                     4000_story_0529_llm.txt 34.8  4.6 3636
  8.0  2.8  0.0 57.5 11.3  1.4  3.3  0.6 19.8  9.9  1.4  0.8  0.3  3.6  0.0
  1.9  1.7  7.7 21.7  0.6  0.8254.1 82.0 38.0 92.1 45.1  9.4 17.6  1.1  4.4
  0.0  2.5 34.9  5.2  9.4 34.4  8.5  6.3  2.5  2.2  3.6  2.5  4.7  6.6  0.3
  4.4  7.7  1.1  2.8  7.2 17.6 34.9 11.3  2.2  5.5 75.4 76.2  1.9166.1  3.3
  1.4  0.3  0.0  0.0  0.0  0.0  0.0  0.0  0.0  0.0  0.0  0.0  0.0  0.0  0.0
  0.0  0.0  0.0  1.1  1.7  1.7  1.1  0.0  0.0  0.0  0.0  0.0  0.0  0.0  0.6
  0.3  1.1  0.6  0.8  0.3  0.6  0.0  0.0  0.0  0.6  0.0  0.3  3.3  0.0  0.0
  5.5  0.0  0.0  5.5  3.3  0.8  4.7  3.6  0.0  0.0  0.0  0.0  0.0  0.0  0.0
  0.0  0.0  0.0  0.0  0.0  0.0  0.0  8.0  3.0  1.7  7.2 13.2  1.4  2.2 11.3
  1.7  2.5  0.3  1.1  1.4  0.3  0.0 30.5 21.7 15.4  1.7  8.0  6.1  4.1  0.0
     -1.70      4.37      0.97     -0.61      1.93  0.6  0.3  0.0  0.0  0.0
                                     4000_story_0531_llm.txt 33.8  4.6 3723
  9.9  2.7  0.3 62.3 12.1  1.1  2.7  1.3 14.8 13.4  3.2  1.6  0.5  2.1  0.5
  0.5  0.3  6.7 19.9  0.0  1.1276.1 84.9 34.6 84.6 42.7 11.5 11.8  1.3  6.7
  0.3  1.9 36.0  5.1  5.1 32.5  6.2  6.4  3.8  2.7  3.0  2.4  3.8  8.9  1.3
  4.0  9.7  4.3  2.1  7.0 16.1 35.7 14.2  0.3  8.3 65.5 69.6  1.9163.3  3.2
  1.6  0.5  0.0  0.0  0.0  0.0  0.0  0.0  0.0  0.0  0.0  0.0  0.0  0.0  0.0
  0.0  0.0  0.0  3.5  0.3  1.9  2.7  0.0  0.5  0.3  0.3  0.0  0.0  0.0  0.5
  0.3  0.8  0.8  0.3  0.3  1.3  0.3  0.0  0.3  0.5  0.0  0.5  1.6  0.3  0.0
  8.3  0.8  0.3  9.4  2.7  2.1  5.4  2.4  0.0  0.0  0.0  0.0  0.0  0.0  0.0
  0.3  0.3  0.0  0.0  0.0  0.0  0.0 14.2  3.8  1.1  5.1 15.8  4.0  6.2  5.9
  1.3  1.6  2.4  0.3  1.1  0.3  0.0 34.4 19.6 19.1  2.4  5.1  9.9  4.6  0.0
     -5.09      3.36      3.76     -0.26      2.40  0.5  0.0  0.3  0.0  0.0
                                     4000_story_0532_llm.txt 35.3  4.4 2303
 14.8  6.9  0.0 49.5 12.2  0.4  2.2  0.9 23.0 12.2  1.7  0.9  0.0  5.2  0.9
  3.0  3.5  7.8 27.4  1.7  2.2241.9 73.8 36.9108.6 62.5  8.7 18.2  0.9  1.7
  0.9  2.6 27.8  9.1 10.4 31.7 10.9  5.6  3.5  2.2  2.2  3.5  3.9 10.4  0.0
  4.3  4.3  2.2  1.7  6.1 15.6 37.3 14.8  5.2  3.5 67.3 97.7  2.2174.6  3.5
  0.4  0.0  0.0  0.0  0.0  0.0  0.0  0.0  0.0  0.0  0.0  0.0  0.0  0.0  0.0
  0.0  0.0  0.0  4.8  2.2  1.7  0.9  0.0  0.0  0.0  0.0  0.0  0.0  0.0  0.9
  0.4  2.6  0.9  0.4  0.0  0.4  0.4  0.0  0.0  0.9  0.0  0.0  3.5  0.9  0.0
  9.6  0.0  0.0  9.6  5.2  0.9  6.9  4.3  0.0  0.0  0.0  0.0  0.0  0.0  0.0
  0.4  0.0  0.0  0.0  0.0  0.0  0.0  7.4  1.7  0.4  5.2 15.2  2.2  1.7  8.3
  0.4  3.9  0.9  4.3  0.9  0.4  0.0 27.4 26.9 20.0  1.7  6.1 11.3  3.5  0.0
      8.76      5.67     -1.43     -0.73      1.80  0.4  0.0  0.0  0.0  0.0
                                     4000_story_0537_llm.txt 33.3  4.4 2183
 12.8  3.2  2.3 55.4 16.5  1.8  4.1  3.2 11.0  8.2  0.5  1.4  0.0  6.4  0.5
  2.7  1.4  9.6 24.7  1.4  0.5262.0 71.9 34.4 99.4 61.4 13.3 15.1  1.4  2.3
  0.0  0.9 23.8  4.1 10.5 37.6 11.9  4.1  2.7  1.8  3.7  4.1  6.0  7.3  0.9
  1.4  6.4  3.7  0.9  1.8 17.4 35.3  9.6  2.7  3.7 60.9 88.9  2.3174.1  5.5
  0.5  0.0  0.0  0.0  0.0  0.0  0.0  0.0  0.0  0.0  0.0  0.0  0.0  0.0  0.0
  0.0  0.0  0.0  3.7  2.7  1.8  0.5  0.0  0.0  0.0  0.0  0.0  0.0  0.0  0.5
  1.8  0.9  1.8  0.0  0.0  0.0  0.0  0.0  0.0  0.9  0.9  0.0  4.6  0.9  0.0
  8.7  0.0  0.0  8.7  5.0  0.0  6.0  6.4  0.0  0.0  0.0  0.0  0.0  0.0  0.0
  0.9  0.9  0.0  0.0  0.0  0.0  0.0 19.7  1.4  1.8  8.2 13.7  2.3  6.4  5.5
  2.3  4.1  0.5  1.4  1.4  0.0  0.0 31.6 27.5 16.5  3.2  4.1  9.2  4.6  0.0
      4.08      5.62     -1.49     -0.51      2.35  0.0  0.0  0.5  0.0  0.0
                                     4000_story_0542_llm.txt 34.3  4.4 2420
 10.3  2.9  0.0 49.6 11.2  0.8  2.5  1.2 18.6 13.2  2.9  0.4  0.4  5.0  0.0
  2.1  1.7  7.0 28.9  0.8  1.7242.1 81.0 36.4 93.8 61.6 12.8 13.2  0.0  3.3
  0.0  2.9 20.2  5.4 11.6 31.0  9.9  7.9  0.4  2.9  2.1  1.7  6.6  9.5  0.0
  2.5  5.4  1.7  2.1  5.0 16.9 40.5 12.0  2.5  3.3 62.8 91.3  3.3162.8  7.4
  1.2  0.4  0.0  0.0  0.0  0.0  0.0  0.0  0.0  0.0  0.0  0.0  0.0  0.0  0.0
  0.0  0.0  0.0  1.7  0.4  2.1  2.5  0.4  0.4  0.0  0.0  0.0  0.0  0.0  0.4
  0.8  2.5  1.2  0.8  0.0  0.0  0.4  0.0  0.0  0.4  0.4  0.0  1.7  1.2  0.0
  6.6  0.8  0.0  7.4  5.8  0.4  6.6  3.3  0.0  0.0  0.0  0.0  0.0  0.0  0.0
  0.0  0.4  0.0  0.0  0.0  0.0  0.0 14.5  0.8  1.7  3.7 18.6  0.4  5.8 11.6
  3.7  2.1  2.1  1.2  1.7  1.7  0.0 34.7 21.1 14.9  0.8  2.9  7.4  5.0  0.0
      2.28      5.01     -1.59     -1.64      2.75  0.0  0.0  0.4  0.0  0.0
                                     4000_story_0544_llm.txt 31.3  4.6 2927
 10.2  2.0 10.9 57.7  9.2  1.0  3.1  0.7 18.1 17.8  1.0  1.0  0.0  5.1  0.3
  1.0  1.7  4.1 19.5  0.7  2.0283.6 75.2 34.2103.2 44.8 12.3 18.8  0.7  1.0
  1.0  0.3 18.1  8.5  6.5 34.8  7.9  4.4  3.1  0.7  2.0  2.4  4.8  6.5  0.7
  5.5  5.1  1.0  1.0  2.7 10.6 26.6 12.6  2.4  2.7 65.3 72.1  3.4177.0  4.8
  1.0  0.3  0.0  0.0  0.0  0.0  0.0  0.0  0.0  0.0  0.0  0.0  0.0  0.0  0.0
  0.0  0.0  0.0  0.7  1.7  2.0  0.7  0.0  0.3  0.0  0.0  0.0  0.0  0.0  0.3
  1.0  0.7  1.7  0.0  0.0  0.0  0.0  0.3  0.3  0.3  0.0  0.0  2.4  0.7  0.0
  5.1  0.3  0.0  5.5  3.8  0.7  4.8  3.1  0.0  0.0  0.0  0.0  0.0  0.0  0.0
  1.0  0.3  0.0  0.3  0.0  0.0  0.0 12.3  4.1  0.7  2.7 23.9  2.7  3.4  4.8
  3.8  2.0  1.7  1.0  0.0  0.3  0.0 33.5 25.6 15.0  2.7  4.8 10.2  4.1  0.0
     -0.69      5.50     -2.13     -2.31      2.64  0.0  0.3  0.0  0.0  0.0
                                     4000_story_0548_llm.txt 38.3  4.5 2461
 10.6  5.7  6.9 35.4  8.9  0.0  2.8  0.0  5.7  9.8  0.4  3.3  0.0  4.5  0.8
  2.0  0.4  5.7 11.4  0.4  2.4263.3 70.3 37.8110.9 80.5 12.6 15.0  0.8  1.6
  0.8  2.8 24.8  6.5  7.7 37.4  4.9  3.3  2.8  0.4  2.0  2.4  5.7  6.1  0.0
  3.7  6.1  3.3  2.4  3.3 11.0 24.0  9.8  0.8  3.3 62.6 95.1  1.6163.8  8.5
  0.8  0.0  0.0  0.0  0.0  0.0  0.0  0.0  0.0  0.0  0.0  0.0  0.0  0.0  0.0
  0.0  0.0  0.0  2.8  0.8  4.1  2.0  0.0  0.0  0.0  0.0  0.0  0.0  0.0  0.8
  0.0  0.4  0.0  1.2  0.0  0.0  0.0  0.0  0.0  0.0  0.0  0.4  2.0  0.8  0.0
  9.8  0.0  0.0  9.8  2.4  0.0  2.4  3.3  0.0  0.0  0.0  0.0  0.0  0.0  0.0
  0.8  0.4  0.0  0.0  0.0  0.0  0.4 24.4  1.6  0.0  7.3 24.8  3.7  2.4  8.5
  0.4  2.4  1.2  0.0  4.1  0.0  0.4 39.4 21.1 19.1  0.8  2.8 12.6  4.5  0.0
     -3.97      6.70     -0.47     -2.79      2.03  0.4  0.0  0.0  0.0  0.0
                                     4000_story_0549_llm.txt 37.3  4.8 2357
 12.3  2.1  0.8 59.0 10.6  1.3  5.1  1.3  8.5  9.8  1.7  2.5  0.0  2.5  0.0
  3.8  1.3  5.1 17.8  0.8  1.3256.7 84.4 33.5 97.6 60.7 14.0 16.5  0.8  2.1
  0.8  2.1 36.1  5.5  6.8 40.3  9.8  5.9  5.9  0.8  3.8  3.0  4.2  9.8  1.3
  4.2  7.2  3.8  2.5  8.9 14.8 30.5 15.3  2.1  3.8 64.5 79.8  0.4174.8  4.7
  0.8  0.0  0.0  0.0  0.0  0.0  0.0  0.0  0.0  0.0  0.0  0.0  0.0  0.0  0.0
  0.0  0.0  0.0  1.7  1.3  1.7  2.5  0.4  0.0  0.0  0.0  0.0  0.0  0.0  0.4
  0.4  0.8  0.4  0.8  0.0  0.8  0.0  0.0  0.4  0.4  0.4  0.0  3.0  0.4  0.0
  7.2  0.4  0.0  7.6  3.0  1.3  4.7  3.8  0.0  0.0  0.0  0.0  0.0  0.0  0.0
  0.0  0.8  0.0  0.0  0.0  0.0  0.0 10.6  3.8  3.8  6.4 11.5  0.8  4.2  8.5
  0.0  1.3  0.8  0.4  0.4  2.5  0.4 27.2 24.2 22.1  2.5  4.2 11.0  5.9  0.0
     -2.26      5.94      0.73      0.12      2.85  0.8  0.8  0.0  0.0  0.0
                                     4000_story_0550_llm.txt 33.8  4.3 2592
 12.3  3.1  0.4 61.3 15.8  0.4  5.8  2.3 28.5  9.6  1.5  0.8  0.0  4.2  0.0
  2.7  1.9 10.0  9.6  1.2  0.4242.3 68.7 35.5 94.9 55.6  6.2 24.3  0.0  0.4
  0.0  1.9 12.3  5.4 10.8 44.0  9.3  4.6  2.7  2.3  3.9  1.2  6.2  6.9  0.0
  3.5  5.8  1.9  2.3  8.5 18.5 20.4 10.4  3.1  0.4 72.9 99.9  3.1175.2  7.3
  0.4  0.4  0.0  0.0  0.0  0.0  0.0  0.0  0.0  0.0  0.0  0.0  0.0  0.0  0.0
  0.0  0.0  0.0  4.2  1.2  0.4  1.2  0.4  0.0  0.0  0.0  0.0  0.0  0.0  0.8
  0.4  1.5  0.8  0.4  0.0  0.0  0.4  0.0  0.0  0.8  0.0  0.4  3.1  1.2  0.0
  6.9  0.4  0.0  7.3  3.9  0.4  5.0  4.6  0.0  0.0  0.0  0.0  0.0  0.0  0.0
  1.2  0.0  0.0  0.0  0.0  0.0  0.0 18.9  2.3  1.2  6.9 33.2  3.9  2.3  4.6
  2.7  3.1  0.8  3.9  0.8  0.4  0.0 32.4 30.5 15.8  2.3  2.3  8.1  5.8  0.0
      1.56      5.55     -4.48     -1.28      2.40  0.0  0.0  0.0  0.0  0.0
                                     4000_story_0552_llm.txt 34.8  4.3 2049
 14.6  2.9  1.0 57.1 17.6  2.0  2.4  2.0 26.8  8.3  2.4  1.0  0.0  9.3  0.0
  0.5  1.5  4.4 29.3  0.0  1.0241.1 82.5 33.7 89.3 69.8  8.3 12.2  0.5  2.4
  0.0  2.0 16.1 10.7  7.8 38.1  9.8 11.7  2.0  2.0  1.0  2.4  6.3  5.9  0.0
  2.4  9.3  3.9  0.5  7.3 17.1 43.4  8.3  1.5  2.9 65.9114.2  1.5165.9  5.4
  1.5  0.5  0.0  0.0  0.0  0.0  0.0  0.0  0.0  0.0  0.0  0.0  0.0  0.0  0.0
  0.0  0.0  0.0  1.5  2.9  3.9  1.0  0.0  0.5  0.0  0.0  0.0  0.0  0.0  0.5
  2.0  2.0  0.0  0.0  0.5  0.5  0.0  0.0  0.0  1.0  0.0  0.0  2.4  0.0  0.0
  9.3  0.5  0.0  9.8  4.4  1.0  6.3  2.4  0.0  0.0  0.0  0.0  0.0  0.0  0.0
  0.0  0.0  0.0  0.0  0.0  0.0  0.0 16.1  1.5  1.5  9.3 20.5  2.4  5.9  9.8
  2.9  3.9  2.0  1.5  2.0  1.0  0.0 40.0 23.4 21.5  1.0  4.4  5.9  4.9  0.0
      3.45      4.17     -3.20     -0.86      2.01  0.5  0.0  0.0  0.5  0.0
                                     4000_story_0554_llm.txt 32.8  4.4 3433
 12.8  3.2  0.6 46.9  9.9  1.7  4.7  3.5 18.6  8.4  1.2  2.0  0.6  5.0  0.3
  1.7  0.9  6.1 24.8  0.3  1.5247.3 73.7 33.8101.7 55.6 14.0 16.3  0.0  4.4
  0.0  3.2 23.6  7.0  6.1 34.1 10.8  8.7  0.9  2.0  1.7  2.3  5.0  4.4  0.6
  5.0  4.4  3.5  2.6  6.4 16.6 36.4  9.9  1.2  4.4 67.9 84.2  1.5168.7  3.5
  2.0  0.3  0.0  0.0  0.0  0.0  0.0  0.0  0.0  0.0  0.0  0.0  0.0  0.0  0.0
  0.0  0.0  0.0  2.6  2.3  1.7  1.7  0.3  0.0  0.0  0.0  0.0  0.0  0.0  0.0
  0.9  2.0  1.2  0.0  0.0  0.0  0.0  0.3  0.3  1.7  0.0  0.0  1.7  0.9  0.0
  8.4  0.3  0.0  8.7  4.1  0.6  6.4  2.6  0.0  0.0  0.0  0.0  0.0  0.0  0.0
  0.3  0.0  0.0  0.0  0.0  0.0  0.0  9.9  1.7  1.5  5.5 11.7  2.0 10.5 13.1
  2.9  0.6  2.3  1.5  1.2  0.6  0.0 32.0 23.0 17.5  1.7 12.5  7.3  4.4  0.0
      1.08      5.80      0.25     -1.55      2.18  0.6  0.0  0.0  0.0  0.0
                                     4000_story_0564_llm.txt 33.5  4.5 2064
  8.7  1.0  1.0 35.4  5.8  1.0  2.9  0.5  4.8  5.3  0.0  0.5  0.0  5.3  0.0
  1.9  1.0  3.4 30.0  1.5  1.0253.4 80.4 38.8105.1 55.2  7.8 14.5  1.5  2.9
  0.0  3.4 22.8  6.8  9.2 42.2  5.3  4.8  2.4  2.9  1.9  1.5  7.8  5.3  0.5
  3.4  5.3  4.4  1.5  2.9 10.2 42.2  9.2  2.4  4.4 66.4 65.9  5.3153.1  5.3
  1.0  0.0  0.0  0.0  0.0  0.0  0.0  0.0  0.0  0.0  0.0  0.0  0.0  0.0  0.0
  0.0  0.0  0.0  0.5  1.5  1.0  1.0  0.0  0.0  0.0  0.0  0.0  0.0  0.0  0.5
  0.0  0.0  1.0  0.5  0.0  0.0  0.0  1.0  0.0  0.5  1.0  0.0  3.9  0.5  0.0
  3.9  0.0  0.0  3.9  1.9  1.0  3.4  5.3  0.0  0.0  0.0  0.0  0.0  0.0  0.0
  1.0  0.0  0.0  0.0  0.0  0.0  0.0 16.0  2.4  0.5  6.3 11.6  1.5  6.3  6.3
  6.8  4.4  4.8  1.5  1.0  1.0  0.0 35.9 17.4 16.0  1.9  7.3  6.8  5.8  0.0
     -3.42      4.37     -0.92     -1.84      3.49  0.5  0.0  0.0  0.0  0.0
                                     4000_story_0565_llm.txt 35.3  4.3 4128
  9.4  2.2  4.1 52.6  9.9  0.2  4.4  1.5 13.3 23.3  0.7  1.2  0.2  3.4  0.0
  0.2  1.2  6.8 22.5  1.5  2.4243.9 83.1 30.0103.2 46.8 11.4 15.7  0.7  3.1
  0.2  1.0 14.8  8.0 10.7 43.4  8.5  3.9  3.6  1.9  4.1  3.6  4.8  7.5  1.5
  3.9  9.7  1.2  2.9  3.9 14.8 36.3 12.8  2.7  4.1 56.9 70.0  2.7169.6  3.9
  0.7  0.0  0.0  0.0  0.0  0.0  0.0  0.0  0.0  0.0  0.0  0.0  0.0  0.0  0.0
  0.0  0.0  0.0  1.2  0.7  1.7  1.2  0.0  0.0  0.0  0.0  0.0  0.0  0.0  0.5
  0.5  0.0  0.5  0.5  0.0  0.0  0.0  0.2  0.0  0.0  0.7  0.2  2.7  0.7  0.0
  4.8  0.0  0.0  4.8  1.9  0.2  2.2  4.4  0.0  0.0  0.0  0.0  0.0  0.0  0.0
  0.5  0.5  0.0  0.0  0.0  0.0  0.2  8.5  1.9  1.7  6.1 20.6  1.5  5.3  9.4
  6.1  0.7  2.2  1.5  1.2  1.0  0.5 48.4 24.2 13.1  1.7  3.1  9.9  6.3  0.0
      1.54      4.85     -3.30     -0.21      2.91  0.2  0.2  0.0  0.0  0.0
                                     4000_story_0571_llm.txt 37.3  4.5 5237
  9.5  8.6 13.9113.2 11.6  0.8  5.2  1.7 51.4 14.9  0.4  1.9  0.6  3.8  0.4
  0.0  0.0  6.9 17.0  0.4  4.0280.9 83.3 29.2 34.6 46.0  7.3 15.7  0.4  1.9
  0.0  1.0 39.0  5.5  9.5 25.0  5.2  2.5  1.3  2.7  0.6  2.3  2.1  3.2  0.4
  1.7  5.0  2.1  1.9  5.0  9.9 27.5  5.3  0.4  2.3 58.2109.0  1.7164.6  9.7
  1.1  0.0  0.0  0.0  0.0  0.0  0.0  0.0  0.0  0.0  0.0  0.0  0.0  0.0  0.0
  0.0  0.0  0.0  8.2  0.2  1.0  0.8  0.0  0.0  0.0  0.0  0.0  0.4  0.0  0.4
  0.2  0.4  1.0  0.2  0.0  0.0  0.0  0.0  0.0  0.0  0.0  0.0  1.1  0.4  0.0
 10.1  0.0  0.4 10.5  2.1  0.0  2.1  1.5  0.0  0.0  0.0  0.0  0.0  0.0  0.0
  0.8  0.2  0.0  0.0  0.2  0.2  0.2  7.3  4.0  1.7 12.8 21.2  3.2  3.8  8.6
  1.9  0.8  1.0  1.1  0.2  0.2  0.8 38.8 23.5 12.6  1.5  4.2  8.6  5.0  0.0
      1.99      1.75     -0.60     -3.18     -0.97  1.1  0.0  0.0  0.0  0.0
                                     4000_story_0575_llm.txt 33.3  4.5 5019
  9.4  2.8  9.6 40.0 10.4  0.2  1.8  0.2 15.5 13.0  1.4  1.6  0.2  1.6  0.8
  0.6  0.4  4.2 16.7  1.0  1.8283.3 97.4 31.3113.6 57.8 10.0  8.6  0.4  1.6
  0.2  3.2 25.7 10.8 17.9 27.9  4.2  4.6  1.0  1.0  0.2  1.4  2.6  5.6  0.6
  7.2  6.6  0.8  3.6  3.0  9.0 29.1 13.3  1.4  2.2 60.8 83.7  0.6174.1  6.0
  1.0  0.0  0.0  0.0  0.0  0.0  0.0  0.0  0.0  0.0  0.0  0.0  0.0  0.0  0.0
  0.0  0.0  0.0  1.0  0.4  0.8  1.4  0.0  0.0  0.0  0.0  0.0  0.0  0.0  0.4
  0.0  0.2  1.2  0.6  0.0  0.0  0.0  0.0  0.0  0.6  0.0  0.0  0.6  0.2  0.0
  3.6  0.0  0.0  3.6  2.4  0.0  3.0  0.8  0.0  0.0  0.0  0.0  0.0  0.0  0.0
  0.8  1.0  0.0  0.0  0.0  0.0  0.0  9.2  1.8  1.6  6.8 27.7  4.0  4.6  7.4
  0.8  2.2  1.2  3.2  1.0  0.0  0.2 35.9 12.6 13.2  0.8  7.2 10.4  5.2  0.0
     -6.64      4.08     -4.78     -4.09      1.61  0.2  0.0  0.2  0.0  0.0
                                     4000_story_0579_llm.txt 33.3  4.3 3683
  9.5  5.2 22.0 46.4  7.6  0.5  5.7  2.2 60.5  7.3  0.5  1.9  0.3  5.7  0.0
  0.0  0.3  5.2 22.0  0.8  3.8284.3 78.5 30.1113.0 42.6  8.1 16.0  0.8  1.1
  0.0  1.6 17.4  6.0 14.7 31.5  6.2  6.8  2.2  1.6  2.4  1.4  4.3  5.4  0.8
  3.5  7.9  1.6  1.9  2.7 14.4 35.0  9.8  1.1  1.9 60.3110.8  2.2167.3  0.3
  0.8  0.0  0.0  0.0  0.0  0.0  0.0  0.0  0.0  0.0  0.0  0.0  0.0  0.0  0.0
  0.0  0.0  0.0  4.3  0.0  2.2  0.3  0.5  0.0  0.0  0.0  0.0  0.0  0.3  0.3
  0.0  0.5  1.1  0.3  0.0  0.3  0.3  0.0  0.3  0.0  0.5  0.0  1.4  0.0  0.0
  6.8  0.5  0.3  7.6  2.2  0.8  3.0  1.9  0.0  0.0  0.0  0.0  0.0  0.0  0.0
  1.4  0.0  0.0  0.0  0.3  0.0  0.3  6.8  1.9  1.1 12.5 16.0  2.2  3.5  4.9
  3.0  1.4  1.9  1.9  0.0  1.1  0.5 39.6 19.3 13.0  1.4  2.7  9.2  6.5  0.0
      1.28      4.42     -4.00     -1.84      1.68  0.0  0.3  0.0  0.0  0.0
                                     4000_story_0582_llm.txt 34.8  4.3 4293
 11.2  6.8 19.1 59.4 14.0  0.9  2.1  1.2 67.1 12.6  0.9  1.9  0.0  3.0  1.2
  0.2  0.0  6.5 20.7  0.7  2.6251.3 85.3 25.4106.0 45.4 11.4 13.7  0.9  1.6
  0.0  2.1 33.5  8.9 11.9 23.1  5.8  6.8  0.9  3.0  0.5  0.9  2.8  5.6  0.0
  4.4  6.5  1.4  2.1  5.4 13.7 34.2 10.0  0.7  2.6 57.5126.5  3.3178.0  1.6
  1.4  0.0  0.0  0.0  0.0  0.0  0.0  0.0  0.0  0.0  0.0  0.0  0.0  0.0  0.0
  0.0  0.0  0.0  4.0  0.2  1.9  1.2  0.2  0.0  0.0  0.0  0.0  0.0  0.2  0.2
  0.0  0.9  1.6  0.2  0.2  0.2  0.2  0.0  0.0  0.5  0.5  0.0  0.5  0.9  0.0
  7.2  0.2  0.2  7.7  3.0  0.7  4.2  1.9  0.0  0.0  0.0  0.0  0.0  0.0  0.0
  2.1  0.2  0.2  0.0  0.0  0.0  0.0 10.9  3.5  0.7 12.8 21.4  3.5  4.2  8.6
  1.2  0.7  2.6  0.5  0.5  0.7  1.2 37.3 21.0 16.8  2.6  2.3  9.6  5.1  0.0
      2.02      4.52     -1.89     -2.73      0.40  0.0  0.0  0.0  0.0  0.2
                                     4000_story_0585_llm.txt 35.8  4.4 5387
  8.9  1.7  8.2 47.3 10.2  0.6  1.9  0.4 12.1 12.3  0.7  2.0  0.4  3.2  0.4
  0.4  0.0  5.9 15.2  0.0  2.0286.4 85.0 31.9111.4 60.9 12.6  9.3  0.0  1.9
  0.2  1.9 19.7  8.7 11.9 30.3  5.9  2.8  1.5  3.0  1.1  0.4  3.3  5.2  0.0
  3.2  7.2  1.1  1.9  4.8  9.8 29.3  8.4  0.0  2.0 63.3 83.2  2.2170.6  3.9
  0.6  0.0  0.0  0.0  0.0  0.0  0.0  0.0  0.0  0.0  0.0  0.0  0.0  0.0  0.0
  0.0  0.0  0.0  1.1  0.2  1.1  1.1  0.0  0.0  0.0  0.0  0.2  0.0  0.0  0.4
  0.0  0.7  1.1  0.2  0.0  0.0  0.0  0.0  0.0  0.4  0.0  0.0  1.7  1.3  0.0
  3.5  0.0  0.2  3.7  2.4  0.0  2.8  3.0  0.0  0.0  0.0  0.0  0.0  0.0  0.0
  0.6  0.4  0.0  0.0  0.0  0.0  0.2  8.0  3.0  1.5  6.1 23.4  3.2  9.3  5.4
  1.7  2.4  2.0  1.7  0.2  0.4  0.0 42.3 13.2 12.6  2.4  8.0  7.4  6.5  0.0
     -7.21      4.79     -3.58     -3.43      0.27  0.6  0.0  0.2  0.0  0.0
                                     4000_story_0586_llm.txt 37.3  4.6 3977
 12.3  2.5 19.6 40.2 14.8  1.3  3.5  0.5 19.4 14.8  1.5  0.5  0.0  3.0  0.5
  0.5  1.3  4.3 15.6  0.8  1.5274.3 86.7 28.7118.9 71.7 11.3 10.6  0.5  2.3
  0.5  1.5 30.2  7.8 11.3 27.7  6.3  5.3  3.8  2.5  2.3  1.5  2.8  6.8  0.3
  5.3  4.5  1.5  2.0  3.8 11.8 24.6 12.3  2.0  3.3 64.4105.9  0.5176.5  5.3
  1.8  0.0  0.0  0.0  0.0  0.0  0.0  0.0  0.0  0.0  0.0  0.0  0.0  0.0  0.0
  0.0  0.0  0.0  1.3  1.8  1.8  1.0  0.3  0.0  0.0  0.0  0.0  0.0  0.0  0.3
  1.0  0.8  1.5  0.8  0.0  0.3  0.3  0.3  0.0  0.3  0.0  0.0  0.3  0.5  0.0
  5.8  0.3  0.0  6.0  4.3  0.8  5.3  0.8  0.0  0.0  0.0  0.0  0.0  0.0  0.0
  0.5  0.8  0.0  0.0  0.0  0.0  0.0  6.5  2.3  1.8  6.3 25.4  0.8  4.0  8.0
  1.0  1.8  2.3  1.5  0.0  0.5  0.0 35.5 17.6 16.8  1.8  7.8  9.6  4.8  0.0
     -3.34      5.50     -1.61     -1.31      1.03  0.3  0.0  0.0  0.3  0.0
                                     4000_story_0587_llm.txt 35.5  4.5 3942
 11.2  2.3  4.3 37.3  6.1  0.5  1.3  0.3 10.9 11.7  0.8  2.5  0.5  2.0  0.3
  0.3  0.3  4.1 15.7  0.8  0.5274.7 92.1 35.5105.0 62.2 12.2  7.6  0.8  1.3
  0.0  2.3 22.6  9.4 12.2 27.9  5.6  2.0  2.5  2.0  0.5  1.0  1.5  3.8  0.0
  5.1  6.6  1.3  3.3  5.6  6.6 29.2  8.9  1.0  2.0 72.6 79.1  0.5162.1  6.3
  1.5  0.3  0.0  0.0  0.0  0.0  0.0  0.0  0.0  0.0  0.0  0.0  0.0  0.0  0.0
  0.0  0.0  0.0  1.5  0.3  1.8  0.3  0.0  0.3  0.0  0.0  0.0  0.0  0.0  0.5
  0.0  0.3  0.3  0.3  0.0  0.0  0.0  0.0  0.0  0.8  0.0  0.3  1.0  1.0  0.0
  3.8  0.3  0.0  4.1  1.3  0.0  2.0  2.3  0.0  0.0  0.0  0.0  0.0  0.0  0.0
  0.5  0.3  0.0  0.0  0.0  0.0  0.3  7.9  0.3  1.0  5.8 32.2  3.3  6.3  6.6
  2.0  1.0  0.5  4.8  0.5  0.8  0.0 33.5 13.4 12.9  0.8 10.4  5.6  6.6  0.0
     -8.40      4.24     -3.38     -3.73     -0.46  0.8  0.0  0.3  0.0  0.0
                                     4000_story_0588_llm.txt 38.8  4.4 4302
  9.8  7.2 17.2 60.9 12.3  1.6  3.0  1.2 35.1 10.5  0.5  3.5  0.2  5.8  0.9
  0.2  0.7  5.3 18.1  0.2  3.3268.9 79.3 35.3100.2 61.4 13.9 16.5  0.2  2.6
  0.0  1.4 27.9  7.9 11.4 29.5  6.3  4.2  0.9  1.6  0.0  1.6  3.0  4.4  0.5
  3.7  8.1  2.8  1.6  4.0  9.5 32.8  8.6  0.9  2.8 71.8108.8  4.0179.5  9.1
  0.9  0.0  0.0  0.0  0.0  0.0  0.0  0.0  0.0  0.0  0.0  0.0  0.0  0.0  0.0
  0.0  0.0  0.0  6.7  0.0  1.2  0.9  0.0  0.0  0.0  0.0  0.0  0.2  0.0  0.2
  0.2  0.2  1.6  0.0  0.0  0.0  0.0  0.0  0.0  0.0  0.2  0.0  1.6  0.7  0.0
  8.8  0.0  0.2  9.1  2.3  0.0  2.3  2.6  0.0  0.0  0.0  0.0  0.0  0.0  0.0
  0.9  0.7  0.0  0.0  0.0  0.0  0.2 14.6  3.5  1.4  7.0 15.8  2.6  3.3  6.5
  3.7  0.7  0.9  0.2  0.9  0.9  0.7 42.1 22.8 12.1  2.1  2.8 10.5  6.3  0.0
      1.93      6.03     -2.44     -3.92      0.49  0.5  0.0  0.2  0.2  0.0
                                     4000_story_0589_llm.txt 36.0  4.4 3686
  9.0  3.8 14.1 42.9 11.1  0.5  1.1  0.0 31.5  9.5  0.0  1.1  0.3  1.6  0.0
  0.0  0.5  6.2 12.5  0.5  2.7280.8 89.8 25.8118.3 65.1 10.0  8.4  0.3  0.8
  0.0  2.4 18.2  8.1 16.5 22.2  4.9  5.7  1.4  1.6  1.6  0.3  2.2  2.7  0.0
  3.0  6.0  0.0  0.8  4.9 13.6 23.6  5.7  1.1  1.1 59.4107.7  2.4173.6  3.5
  1.1  0.0  0.0  0.0  0.0  0.0  0.0  0.0  0.0  0.0  0.0  0.0  0.0  0.0  0.0
  0.0  0.0  0.0  1.6  0.0  0.8  0.8  0.3  0.0  0.0  0.0  0.0  0.0  0.0  0.5
  0.0  0.3  0.3  0.3  0.0  0.3  0.3  0.3  0.0  0.0  0.0  0.0  1.1  0.0  0.0
  3.3  0.3  0.0  3.5  1.4  0.8  2.2  1.1  0.0  0.0  0.0  0.0  0.0  0.0  0.0
  0.3  0.0  0.0  0.0  0.0  0.0  0.0 14.4  2.2  0.8  7.9 23.9  3.3  4.6  9.5
  4.3  1.1  1.4  3.0  0.0  0.5  0.0 40.2 14.4 12.2  1.4  4.9  8.1  6.2  0.0
     -6.49      4.54     -4.75     -3.19     -0.90  0.0  0.0  0.0  0.0  0.0
                                     4000_story_0592_llm.txt 28.8  4.6 3338
  5.4  1.8  0.0 68.9 12.3  1.5  5.4  0.0 13.2  7.5  0.9  5.4  2.1  2.4  0.0
  0.0  2.4  5.1 43.4  0.3  0.3241.2 92.3 19.2 84.5 39.8  6.3 16.2  2.1  5.1
  0.6  1.8 35.9  8.1  3.9 30.0  7.2  7.2  3.0  3.6  0.9  0.6  5.7 15.0  1.2
  3.3  8.4  1.5  0.6  4.2 13.2 62.6 19.5  2.7  7.8 35.4 65.3  2.1168.4  4.8
  2.4  0.0  0.0  0.0  0.0  0.0  0.0  0.0  0.0  0.0  0.0  0.0  0.0  0.0  0.0
  0.0  0.0  0.0  1.5  0.0  0.6  0.3  0.0  0.0  0.0  0.0  0.0  0.0  0.0  0.6
  0.3  0.0  1.5  0.3  0.0  0.0  0.0  0.0  0.0  0.3  0.0  0.0  0.0  0.0  0.0
  2.4  0.0  0.0  2.4  2.7  0.0  3.0  0.0  0.0  0.0  0.0  0.0  0.0  0.0  0.0
  0.3  0.3  0.0  0.0  0.0  0.0  0.0 18.9  3.9  2.1 15.9 21.9  0.0  2.1  3.9
  0.9  0.6  0.9  0.3  0.0  1.8  0.3 34.5 27.6  7.2  4.8  3.6  7.2  2.7  0.0
      5.66      3.03      3.30     -1.63      4.19  0.0  0.0  0.3  0.0  0.0
                                     4000_story_0594_llm.txt 38.5  4.5 2502
 12.4  4.4  6.8 38.8  5.6  0.8  4.4  1.2 16.4  8.4  1.2  1.2  0.8  4.0  0.4
  0.8  0.4  8.0 16.8  0.0  4.0263.0 99.1 35.2 93.1 75.1 21.6  7.2  2.0  4.4
  0.8  2.0 32.4  7.6 14.0 31.6  5.6  2.8  3.2  1.2  1.6  2.0  3.6  6.8  0.4
  4.4  7.2  1.6  2.4  5.2 12.4 28.4 11.6  0.4  7.2 63.1 97.1  2.0151.1  4.8
  2.0  0.4  0.0  0.0  0.0  0.0  0.0  0.0  0.0  0.0  0.0  0.0  0.0  0.0  0.0
  0.0  0.0  0.0  0.4  0.4  2.0  2.8  1.2  0.0  0.0  0.0  0.0  0.0  0.4  0.0
  0.0  2.4  0.8  0.4  0.0  0.0  0.0  0.0  0.0  0.8  0.0  0.0  1.6  1.6  0.0
  5.6  1.2  0.4  7.2  3.6  0.0  4.4  3.2  0.0  0.0  0.0  0.0  0.0  0.0  0.0
  0.4  0.0  0.4  0.0  0.0  0.0  0.0 18.0  4.0  1.6  8.8 25.6  6.0  7.2  4.0
  4.0  2.4  2.4  1.2  0.8  0.0  0.4 24.0 16.0 21.2  1.6  5.6  6.0  3.6  0.0
     -4.01      6.16     -0.02     -2.80      1.38  1.6  0.4  0.0  0.0  0.0
                                     4000_story_0596_llm.txt 33.8  4.7 4448
 12.1  2.5 11.9 44.5  9.0  1.3  2.5  1.3 12.8 17.5  1.8  0.0  0.2  2.7  0.4
  0.7  0.9  8.3 13.9  0.4  3.6268.7 82.1 34.4101.6 39.8 12.6  7.6  1.8  1.8
  0.2  0.7 34.8  5.4  7.0 39.8  4.5  7.6  0.9  0.9  1.8  1.6  3.6  8.3  1.1
  5.2  4.0  2.5  2.0  4.3 17.8 19.6 14.6  1.3  3.8 62.7 61.6  3.1160.1  4.9
  0.9  0.4  0.0  0.0  0.0  0.0  0.0  0.0  0.0  0.0  0.0  0.0  0.0  0.0  0.0
  0.0  0.0  0.0  1.8  0.0  1.6  1.3  0.2  0.2  0.0  0.0  0.0  0.2  0.0  0.0
  0.2  0.4  0.7  0.2  0.0  0.2  0.0  0.0  0.0  0.0  0.0  0.0  1.3  1.8  0.0
  4.7  0.4  0.2  5.4  1.6  0.2  1.8  3.1  0.0  0.0  0.0  0.0  0.0  0.0  0.0
  1.3  1.6  0.0  0.0  0.0  0.0  0.0  9.9  2.2  1.8  9.9 23.4  2.0  7.9  7.0
  2.2  1.8  0.2  1.1  0.0  1.1  1.1 36.0 12.8 12.6  2.0  5.2  9.0  5.8  0.0
     -3.71      3.22     -0.05     -2.60      2.41  0.7  0.0  0.0  0.2  0.2
                                     4000_story_0597_llm.txt 35.0  4.8 2075
 12.0  2.9  9.6 38.1 14.9  0.5  1.9  0.5 15.4 17.3  0.0  0.5  0.0  6.7  0.5
  1.4  2.9  3.4 10.1  0.0  0.0268.4 86.7 47.2 97.3 48.2 13.0 13.0  1.4  1.4
  0.5  2.4 49.6  7.7 10.6 30.8  9.2  2.4  1.9  0.5  2.4  2.9  2.9  6.3  0.5
  7.2  5.8  4.8  1.4  6.7  8.2 19.3 14.0  2.9  3.4 70.8 78.6  2.4156.6  7.7
  1.9  0.5  0.0  0.0  0.0  0.0  0.0  0.0  0.0  0.0  0.0  0.0  0.0  0.0  0.0
  0.0  0.0  0.0  3.9  0.0  2.4  1.9  0.5  0.0  0.0  0.0  0.5  0.0  0.0  0.0
  0.0  1.9  0.5  1.0  0.0  0.5  0.5  0.0  0.0  1.0  0.5  0.0  1.9  1.4  0.0
  8.2  0.5  0.5  9.2  3.4  1.0  5.3  3.9  0.0  0.0  0.0  0.0  0.0  0.0  0.0
  0.0  0.5  0.0  0.5  0.0  0.0  0.0 15.9  3.4  3.4 13.0 14.5  1.0  5.8  6.7
  0.5  1.0  1.9  0.0  1.4  1.0  1.4 29.9 15.9 17.3  2.4  2.9 13.0  4.8  0.0
     -3.33      4.53      0.25     -2.89      1.83  1.0  0.0  0.0  0.0  0.0
                                     4000_story_0598_llm.txt 33.3  4.6 5723
 10.3  1.6 12.4 47.4 12.9  1.4  1.9  3.0 15.7 14.7  0.5  0.9  0.3  7.0  0.2
  1.0  1.2  3.1 16.6  0.7  1.2285.5 89.8 36.9 90.2 51.4 16.1 11.9  1.4  3.1
  1.4  0.7 36.3  5.4  5.4 32.7  7.5  5.1  2.4  0.7  2.8  3.0  2.8  7.3  0.7
  3.5  4.0  4.9  3.8  4.4 11.0 22.9 11.5  1.9  5.9 65.9 80.0  3.0150.3  4.4
  0.9  0.5  0.0  0.0  0.0  0.0  0.0  0.0  0.0  0.0  0.0  0.0  0.0  0.0  0.0
  0.0  0.0  0.0  3.5  1.2  1.4  1.0  0.2  0.0  0.2  0.0  0.0  0.3  0.0  0.5
  0.3  1.4  0.3  0.9  0.0  0.2  0.3  0.0  0.0  0.7  0.2  0.0  2.4  1.2  0.0
  7.2  0.3  0.3  7.9  3.5  0.5  4.7  3.8  0.0  0.0  0.0  0.0  0.0  0.0  0.0
  0.2  0.9  0.3  0.0  0.0  0.0  0.0 11.0  2.1  3.1  8.7 15.0  4.2  3.8  4.7
  2.6  0.9  1.0  1.0  0.9  0.7  1.4 28.8 21.3 15.6  1.6  5.9 10.3  5.4  0.0
     -2.92      4.81      2.42     -1.77      0.90  0.5  0.0  0.2  0.0  0.2
                                     4000_story_0602_llm.txt 36.5  4.8 6101
 13.4  2.8  1.5 35.2  6.4  0.5  2.8  1.0 10.0 10.7  0.3  2.6  0.0  6.1  0.7
  0.8  1.1  4.3  9.8  0.5  0.3300.0 86.2 37.9108.3 61.5 17.0 13.8  2.1  4.1
  1.6  2.6 41.5  7.2  4.3 30.3  4.9  3.0  2.8  1.6  1.8  3.9  4.3  9.2  1.0
  5.6  5.9  5.4  1.1  6.4  9.0 22.6 15.7  1.6  7.9 66.2 77.9  2.3156.7  3.8
  0.7  0.2  0.0  0.0  0.0  0.0  0.0  0.0  0.0  0.0  0.0  0.0  0.0  0.0  0.0
  0.0  0.0  0.0  4.4  1.3  2.1  1.5  0.3  0.0  0.0  0.0  0.0  0.3  0.0  0.7
  0.2  0.5  1.3  0.3  0.0  0.0  0.0  0.0  0.0  0.3  0.5  0.3  3.1  1.0  0.0
  9.3  0.3  0.3 10.0  3.0  0.0  3.3  4.9  0.0  0.0  0.0  0.0  0.0  0.0  0.0
  0.0  0.5  0.0  0.0  0.0  0.0  0.0 11.1  3.3  3.4  9.5 11.0  2.6  3.9  3.9
  3.4  1.8  1.5  1.0  0.5  1.0  0.7 24.9 21.8 21.5  2.5  5.9  9.7  3.8  0.0
     -6.91      6.40      4.58     -1.83      2.98  0.5  0.0  0.3  0.0  0.0
                                     4000_story_0605_llm.txt 35.5  4.9 5108
 11.0  3.5  3.1 44.8  8.4  0.2  2.9  1.0  9.4 16.6  1.0  1.4  0.2  4.9  0.6
  1.0  1.4  8.4 16.2  0.8  0.4289.0 94.0 37.2 92.0 59.9 15.5 13.1  2.0  2.0
  0.8  1.0 55.4  4.3  3.1 31.5  7.2  4.5  3.3  1.4  1.8  2.3  4.9  4.3  1.4
  5.7  6.5  3.9  2.2  5.5 14.7 26.4 11.4  2.2  4.7 64.8 77.7  4.3152.1  4.1
  2.0  0.0  0.0  0.0  0.0  0.0  0.0  0.0  0.0  0.0  0.0  0.0  0.0  0.0  0.0
  0.0  0.0  0.0  2.7  0.6  3.1  1.4  0.2  0.0  0.0  0.0  0.2  0.2  0.4  0.2
  0.2  0.6  1.2  1.4  0.2  0.2  0.0  0.0  0.2  0.0  0.4  0.0  1.6  1.4  0.0
  7.8  0.2  0.8  8.8  3.5  0.6  4.1  3.3  0.0  0.0  0.0  0.0  0.0  0.0  0.0
  0.4  0.2  0.0  0.0  0.0  0.0  0.0 11.9  5.5  3.9 11.7 18.2  1.0  3.3  4.3
  3.9  1.6  1.2  0.0  1.0  1.6  3.3 23.7 18.6 16.1  2.2  4.9 11.6  4.9  0.0
     -3.84      5.36      4.08     -2.06      2.97  0.6  0.0  0.2  0.0  0.0
                                     4000_story_0606_llm.txt 36.0  4.6 2494
 18.4  6.8  4.4 74.6 23.7  1.2  2.8  1.2 31.7 20.0  2.4  1.2  0.0  5.2  1.6
  0.8  0.8 10.0 12.0  0.8  0.8216.5 81.4 24.1 82.6 67.4 20.0  6.4  1.6  2.8
  2.0  2.0 37.3  9.6  9.2 38.1  8.8  6.4  2.4  2.4  2.0  6.8  4.8  6.4  2.0
  3.2  6.8  1.6  3.2  8.0 18.4 24.5 11.6  1.6  6.4 55.7122.7  3.6168.8  5.6
  0.4  0.4  0.0  0.0  0.0  0.0  0.0  0.0  0.0  0.0  0.0  0.0  0.0  0.0  0.0
  0.0  0.0  0.0  2.4  0.4  3.2  3.6  0.0  0.4  0.0  0.0  0.0  0.0  0.0  0.8
  0.4  0.8  2.0  0.8  0.0  0.4  0.0  0.0  0.0  0.0  0.4  0.0  2.8  2.0  0.0
  9.6  0.4  0.0 10.0  4.8  0.4  5.2  5.2  0.0  0.0  0.0  0.0  0.0  0.0  0.0
  0.8  0.0  0.0  0.4  0.0  0.0  0.0  6.4  3.6  1.2  8.0 13.6 10.4  4.8  5.6
  2.8  0.0  0.4  1.2  0.0  1.6  2.8 26.5 20.9 25.3  2.0  4.4 12.4  5.2  0.0
      5.04      5.03      0.85      0.47      2.93  1.2  0.0  0.0  0.0  0.0
                                     4000_story_0608_llm.txt 33.5  4.8 2764
 13.0  1.4  9.8 37.3  4.3  0.4  1.1  0.7  8.0 15.9  0.4  0.7  0.4  5.8  0.7
  0.7  1.1  7.6 16.6  0.4  2.2284.7 92.3 42.7 99.5 46.3 15.2 14.1  1.8  2.9
  1.1  0.7 60.1  8.3  6.2 31.5  8.0  4.7  3.3  1.1  1.4  2.9  5.4  9.4  1.1
  5.1  5.4  2.9  1.8  3.6 13.7 24.6 15.6  1.4  5.8 71.3 58.6  1.4154.8  7.2
  0.4  0.0  0.0  0.0  0.0  0.0  0.0  0.0  0.0  0.0  0.0  0.0  0.0  0.0  0.0
  0.0  0.0  0.0  1.8  1.8  1.4  0.7  0.0  0.4  0.0  0.0  0.0  0.0  0.0  0.0
  0.4  0.7  1.4  0.4  0.0  0.4  0.4  0.0  0.0  0.0  0.7  0.0  3.6  0.4  0.0
  5.8  0.4  0.0  6.2  2.9  0.7  3.6  4.7  0.0  0.0  0.0  0.0  0.0  0.0  0.0
  0.4  0.0  0.4  0.0  0.0  0.0  0.0  9.4  6.2  0.7  8.7 13.7  2.9  2.2  6.9
  2.2  1.8  2.5  0.0  0.0  1.4  2.2 27.1 22.1 19.9  2.2  2.5  7.6  5.4  0.0
     -5.18      5.14      2.94     -2.09      3.66  0.7  0.0  0.0  0.4  0.0
                                     4000_story_0610_llm.txt 36.8  4.8 5518
 13.2  3.6  3.3 59.1  9.6  0.9  3.6  2.2 14.5 14.1  1.8  2.9  0.4  4.0  0.0
  2.7  1.1  9.1 12.7  0.4  1.3277.1 86.4 39.3 85.2 48.0 16.5 12.5  1.3  3.3
  0.4  0.5 42.8  4.3  4.0 37.3  8.0  8.2  2.0  1.3  3.1  2.5  4.5  7.6  1.3
  3.8  4.9  3.8  2.9  7.1 20.3 22.3 12.7  1.4  4.9 63.2 72.1  3.8160.7  5.8
  1.3  0.2  0.0  0.0  0.0  0.0  0.0  0.0  0.0  0.0  0.0  0.0  0.0  0.0  0.0
  0.0  0.0  0.0  3.4  0.5  3.1  0.9  0.0  0.0  0.0  0.0  0.0  0.2  0.2  0.4
  0.2  0.9  0.9  0.4  0.4  0.0  0.0  0.0  0.0  0.2  0.2  0.2  2.9  0.4  0.0
  8.0  0.0  0.4  8.3  2.7  0.4  3.3  3.6  0.0  0.0  0.0  0.0  0.0  0.0  0.0
  0.0  0.2  0.2  0.0  0.0  0.0  0.4 15.4  6.7  3.8 11.1 11.1  3.8  5.4  5.3
  4.2  1.8  2.2  0.5  1.1  1.1  1.8 23.7 20.8 20.5  2.2  3.6 12.7  5.1  0.0
     -2.21      4.70      2.32     -0.96      2.56  0.4  0.0  0.2  0.0  0.0
                                     4000_story_0612_llm.txt 34.5  4.6 3003
 14.0  6.0 13.3 70.3 14.0  2.0  2.7  1.0 22.0 19.0  3.0  0.7  0.3  8.0  0.7
  1.7  1.0  6.0 14.3  0.3  0.7263.4 76.6 30.3 84.6 55.9 12.3 13.7  2.7  3.0
  0.3  1.3 25.3  7.7  4.3 29.6  6.0 10.7  2.0  3.0  4.0  3.7  3.0  6.0  1.0
  4.7  4.3  4.0  3.0  6.0 20.6 23.6 11.7  1.3  6.0 64.6 91.9  6.7163.8  4.3
  2.3  0.0  0.0  0.0  0.0  0.0  0.0  0.0  0.0  0.0  0.0  0.0  0.0  0.0  0.0
  0.0  0.0  0.0  4.3  0.3  3.0  2.3  0.0  0.0  0.0  0.0  0.0  0.0  0.0  0.3
  0.0  1.0  0.7  0.7  0.0  0.3  0.0  0.0  0.0  0.0  0.3  0.0  4.3  0.3  0.0
 10.0  0.0  0.0 10.0  2.7  0.3  3.0  5.0  0.0  0.0  0.0  0.0  0.0  0.0  0.0
  0.0  0.3  0.0  0.0  0.0  0.0  0.0  7.3  6.3  4.0  7.0 18.6  3.0  6.7  4.7
  4.3  1.3  1.7  2.7  0.0  0.7  0.7 23.0 19.3 23.6  0.7  6.0 11.3  6.7  0.0
      2.26      4.44      1.45      1.31      1.43  0.3  0.0  0.0  0.0  0.0
                                     4000_story_0613_llm.txt 37.0  4.8 5371
 11.0  1.9  9.5 39.8  6.1  0.4  3.4  1.1  9.5 17.7  1.5  0.7  0.0  3.9  0.6
  1.1  0.6  5.2 13.4  0.4  1.7282.4 87.5 37.6 97.7 53.2 16.0  8.8  2.0  2.2
  0.9  0.6 44.5  7.8  6.0 35.0  6.1  6.7  3.2  1.5  1.7  2.2  4.8  5.8  2.0
  3.5  4.1  2.8  2.8  5.4 13.6 20.3 11.4  0.9  5.2 67.8 68.9  1.7153.2  4.7
  0.9  0.2  0.0  0.0  0.0  0.0  0.0  0.0  0.0  0.0  0.0  0.0  0.0  0.0  0.0
  0.0  0.0  0.0  1.9  0.4  1.3  2.0  0.2  0.0  0.0  0.2  0.0  0.2  0.0  0.2
  0.0  0.6  0.7  0.6  0.0  0.4  0.2  0.0  0.0  0.4  0.0  0.2  1.3  1.1  0.0
  5.6  0.2  0.4  6.1  2.0  0.6  3.0  2.6  0.0  0.0  0.0  0.0  0.0  0.0  0.0
  0.4  0.2  0.0  0.0  0.0  0.0  0.0  9.5  5.0  1.3  6.0 23.6  2.0  3.0  6.5
  2.8  1.1  1.3  0.9  0.4  0.6  1.1 26.3 19.0 16.4  1.7  4.8  9.3  4.3  0.0
     -6.99      4.55      1.46     -1.62      2.99  0.6  0.0  0.2  0.0  0.0
                                     4000_story_0614_llm.txt 35.5  4.8 2869
  9.8  1.7  7.7 28.6  2.1  0.7  3.1  0.3  4.5 14.6  0.7  0.7  0.0  2.4  0.0
  0.0  0.7  4.2 19.5  0.0  1.7321.4 97.6 37.6 95.9 57.2 10.1  9.1  0.3  3.8
  0.7  1.0 43.6  5.2  7.7 29.6  3.8  2.8  4.5  0.3  1.4  1.4  3.5  4.9  0.7
  4.2  5.6  2.8  3.5  3.5  8.4 27.2  9.8  0.7  4.9 62.4 63.8  2.8142.2  6.3
  1.4  0.3  0.0  0.0  0.0  0.0  0.0  0.0  0.0  0.0  0.0  0.0  0.0  0.0  0.0
  0.0  0.0  0.0  0.7  1.0  1.7  1.0  0.0  0.3  0.0  0.0  0.0  0.0  0.3  0.0
  0.3  1.0  0.3  0.7  0.0  0.0  0.0  0.0  0.0  0.0  0.0  0.0  2.1  0.7  0.0
  4.5  0.3  0.3  5.2  2.4  0.0  2.4  2.8  0.0  0.0  0.0  0.0  0.0  0.0  0.0
  0.7  0.0  0.0  0.0  0.0  0.0  0.0  6.3  2.8  1.7  4.9 20.6  2.1  3.8  9.8
  3.1  0.3  2.4  2.4  0.0  0.7  0.7 32.1 16.7 16.0  2.1  3.1  7.0  3.8  0.0
    -10.85      3.59      1.71     -3.10      1.18  0.3  0.0  0.7  0.3  0.0
                                     4000_story_0615_llm.txt 32.8  4.6 5604
 14.1  5.7 12.8 63.2 13.4  1.2  3.0  1.2 20.0 14.1  2.1  0.9  0.4  4.1  0.4
  2.3  1.1  7.3 14.1  0.2  1.2255.5 87.4 28.7 86.5 51.0 16.2 14.5  2.7  3.4
  0.9  1.1 33.7  9.1  5.7 40.7  7.9  9.6  3.2  1.8  2.9  5.0  4.8  7.0  1.1
  3.7  5.0  3.2  4.5  7.3 19.8 22.8 11.8  1.2  7.0 61.4 84.4  3.4162.9  4.6
  0.9  0.0  0.0  0.0  0.0  0.0  0.0  0.0  0.0  0.0  0.0  0.0  0.0  0.0  0.0
  0.0  0.0  0.0  3.7  1.4  2.9  3.2  0.0  0.0  0.0  0.0  0.0  0.0  0.0  0.2
  0.9  1.2  0.7  0.5  0.0  0.5  0.0  0.0  0.0  0.5  0.0  0.0  4.1  1.4  0.0
 11.2  0.0  0.0 11.2  3.6  0.5  4.6  5.5  0.0  0.0  0.0  0.0  0.0  0.0  0.0
  0.2  0.7  0.0  0.0  0.0  0.0  0.2  9.5  4.5  2.3  9.1 17.0  1.6  5.7  5.4
  4.8  1.2  1.1  1.1  0.4  0.4  0.2 24.6 25.0 23.9  1.6  3.2 10.0  6.1  0.0
     -0.61      5.19      1.20      0.89      2.47  1.2  0.0  0.0  0.0  0.0
                                     4000_story_0617_llm.txt 36.5  5.0 5031
  9.3  1.2  1.2 34.6  5.2  0.0  1.6  0.4  4.8  8.7  0.8  3.0  0.4  3.6  0.6
  1.4  0.8  4.6 12.1  0.2  0.4299.1101.6 53.3 91.8 61.8 15.1  6.2  2.8  3.0
  0.8  2.0 57.4  6.0  6.8 27.0  5.6  2.6  1.6  1.0  1.6  4.2  3.6  5.6  1.6
  6.8  4.8  1.6  3.8  4.6  8.7 22.9 13.9  1.0  6.6 83.7 71.8  1.8145.1  4.2
  2.0  0.0  0.0  0.0  0.0  0.0  0.0  0.0  0.0  0.0  0.0  0.0  0.0  0.0  0.0
  0.0  0.0  0.0  1.0  0.6  1.2  1.4  0.0  0.0  0.0  0.0  0.0  0.2  0.0  0.4
  0.6  0.4  1.2  0.6  0.0  0.2  0.0  0.0  0.0  0.2  0.4  0.2  2.4  1.0  0.0
  4.2  0.0  0.2  4.4  3.2  0.2  3.6  4.0  0.0  0.0  0.0  0.0  0.0  0.0  0.0
  0.6  0.0  0.0  0.0  0.0  0.0  0.0  9.9  3.8  2.6  7.2 18.1  1.6  4.0  8.7
  1.8  1.4  1.4  2.6  0.0  1.0  1.2 26.0 10.9 15.1  3.0  7.4  9.1  5.2  0.0
    -11.71      4.09      4.32     -2.60      2.86  1.2  0.0  0.0  0.0  0.0
                                     4000_story_0628_llm.txt 38.8  4.4 2698
 17.8  8.9  1.5 72.3 14.5  0.7  1.9  1.5 68.6 10.0  0.4  3.7  0.4  4.8  0.4
  0.7  2.6  7.0 18.2  0.7  1.1233.9 77.5 36.3 89.7 45.2 13.7 17.8  1.5  5.9
  0.4  2.6 27.8  7.0  7.8 33.4  7.0  4.8  3.7  5.6  3.3  3.3  6.7  4.1  1.1
  2.6 10.4  3.7  2.2  7.0 15.2 40.4  7.8  3.3  7.8 66.7128.2  3.3168.3  2.2
  2.2  0.0  0.0  0.0  0.0  0.0  0.0  0.0  0.0  0.0  0.0  0.0  0.0  0.0  0.0
  0.0  0.0  0.0  5.2  2.2  3.0  1.5  0.0  0.0  0.0  0.0  0.0  0.0  0.0  1.1
  0.0  1.5  2.2  0.4  0.0  0.0  0.0  0.0  0.0  1.1  0.4  0.0  6.3  1.1  0.0
 11.9  0.0  0.0 11.9  5.2  0.0  6.3  7.8  0.0  0.0  0.0  0.0  0.0  0.0  0.0
  0.4  0.0  0.0  0.0  0.0  0.0  0.0 10.4  3.7  0.7  8.5 12.6  1.5  3.3  4.8
  0.7  2.2  0.0  0.7  0.0  0.7  0.0 24.5 30.4 23.4  1.1  5.6  8.9  3.0  0.0
      7.45      5.16      1.84      1.19      2.85  0.7  0.0  0.4  0.0  0.0
                                     4000_story_0631_llm.txt 34.8  4.4 4446
 16.9  4.7  0.7 52.9 17.5  0.7  2.9  1.3 56.7  8.5  0.7  0.7  0.4  4.5  0.2
  1.3  0.9  9.0 11.5  1.3  0.7217.0 94.7 34.2100.8 62.1 14.6 11.9  3.4  1.8
  2.0  2.7 35.3  5.6  7.4 33.5  5.8  4.7  2.0  2.2  2.5  3.8  3.8  8.8  1.1
  1.8  5.6  4.0  3.1  7.6 16.2 22.7 11.7  2.2  7.2 66.1136.3  3.1163.5  4.9
  0.2  0.2  0.0  0.0  0.0  0.0  0.0  0.0  0.0  0.0  0.0  0.0  0.0  0.0  0.0
  0.0  0.0  0.0  3.1  0.4  2.0  2.9  0.2  0.2  0.0  0.2  0.0  0.0  0.4  0.7
  0.2  0.9  0.4  1.1  0.0  0.4  0.2  0.0  0.0  0.2  0.0  0.0  2.0  2.0  0.0
  8.5  0.4  0.7  9.7  3.4  0.7  4.3  4.0  0.0  0.0  0.0  0.0  0.0  0.0  0.0
  0.0  0.2  0.0  0.0  0.0  0.0  0.0  8.3  4.5  3.4 10.6 17.8  2.2  4.0  7.6
  2.7  1.8  0.9  2.0  0.2  0.7  0.9 26.1 19.8 23.8  2.7  4.5 15.1  5.6  0.0
      0.30      5.37      3.46     -1.10      1.54  0.4  0.0  0.2  0.0  0.0
                                     4000_story_0634_llm.txt 36.5  4.4 2687
 13.8  7.1  0.4 71.5 13.8  0.4  3.7  1.5 65.5 12.7  0.7  4.1  0.7  4.8  0.7
  1.1  2.2  7.8 17.1  0.7  1.1225.5 74.8 22.7 81.9 50.2 19.0 17.1  1.9  4.8
  0.7  1.5 28.7 12.7  7.4 38.0  9.3  6.0  5.6  3.7  4.1  3.3  4.1  7.4  0.7
  1.9  8.9  3.0  4.1  8.2 17.9 35.4 10.0  3.0  7.4 55.5129.5  3.3168.2  5.6
  1.1  0.0  0.0  0.0  0.0  0.0  0.0  0.0  0.0  0.0  0.0  0.0  0.0  0.0  0.0
  0.0  0.0  0.0  5.2  1.5  2.2  1.1  0.0  0.4  0.0  0.4  0.0  0.4  0.4  1.1
  0.4  1.9  1.9  0.4  0.0  0.0  0.0  0.4  0.0  1.1  0.0  0.0  3.7  1.5  0.0
 10.0  0.4  1.1 11.5  5.6  0.4  7.1  5.2  0.0  0.0  0.0  0.0  0.0  0.0  0.0
  0.0  0.4  0.0  0.0  0.0  0.0  0.0 11.9  2.6  2.6  8.9 10.8  1.9  3.3  2.6
  1.9  1.5  0.4  0.0  0.7  0.4  0.4 27.9 28.3 20.5  0.7  6.3 10.4  3.0  0.0
      8.41      6.02     -0.26      1.59      1.23  0.7  0.0  0.0  0.0  0.0
                                     4000_story_0640_llm.txt 36.0  4.8 1994
 11.0  2.0  0.0 34.6  9.0  0.0  2.0  0.0 11.5  8.0  0.0  0.0  0.0  3.0  0.0
  0.5  0.0  4.0 14.0  0.0  1.0265.8101.8 45.1 88.3 47.1 17.6  5.0  3.5  3.0
  0.5  3.0 52.2 10.5 10.0 29.6  6.5  1.5  1.0  0.5  2.0  2.0  5.5  8.0  2.0
  5.0  5.5  2.0  1.0  9.5  7.5 23.1 15.0  0.0  7.0 84.3 67.7  0.5147.9  7.5
  0.5  0.0  0.0  0.0  0.0  0.0  0.0  0.0  0.0  0.0  0.0  0.0  0.0  0.0  0.0
  0.0  0.0  0.0  1.5  0.0  1.0  2.0  0.0  0.0  0.0  0.0  0.0  0.0  0.0  0.0
  0.0  0.0  0.5  1.5  0.0  0.0  0.0  0.0  0.0  0.0  0.0  0.0  0.0  1.5  0.0
  4.5  0.0  0.0  4.5  2.0  0.0  2.0  1.5  0.0  0.0  0.0  0.0  0.0  0.0  0.0
  0.5  0.5  0.0  0.0  0.0  0.0  0.0 12.5  3.5  4.0 15.0 24.6  1.0  3.5 14.5
  2.0  1.5  1.0  1.5  0.0  1.0  0.5 28.6 10.5 16.0  1.5  8.0  8.5  4.0  0.0
    -13.22      3.58      2.10     -3.94      4.20  1.0  0.0  0.0  0.0  0.0
                                     4000_story_0647_llm.txt 35.3  4.5 3388
 19.8  5.0  0.0 44.3  6.5  0.0  2.7  2.4 66.4 13.3  0.6  2.4  0.0  4.7  0.0
  0.9  1.2  4.4 13.3  0.3  0.6219.3 94.5 32.5109.5 50.2 18.6  8.3  2.4  2.4
  2.4  2.1 42.2 12.1  6.8 31.3  8.9  3.8  1.8  2.7  1.2  2.4  3.5  4.1  0.9
  1.8  8.3  6.5  4.1  6.2  9.4 28.6  6.8  1.5  7.1 64.0123.1  1.8166.5  6.8
  1.2  0.0  0.0  0.0  0.0  0.0  0.0  0.0  0.0  0.0  0.0  0.0  0.0  0.0  0.0
  0.0  0.0  0.0  2.1  1.8  4.1  3.5  0.0  0.0  0.0  0.0  0.0  0.0  0.0  1.2
  0.6  0.6  0.6  1.8  0.0  0.6  0.0  0.0  0.3  0.3  0.0  0.0  1.5  0.3  0.0
 11.5  0.0  0.0 11.5  4.7  0.9  5.9  1.8  0.0  0.0  0.0  0.0  0.0  0.0  0.0
  0.3  0.6  0.0  0.0  0.0  0.0  0.0  6.5  4.7  3.8 10.3 26.3  3.5  4.1  5.3
  3.5  1.2  2.7  1.8  1.2  0.9  0.3 26.6 19.5 25.4  1.2  5.6 11.8  3.5  0.0
     -0.60      5.21      2.15     -2.41      0.47  0.3  0.0  0.0  0.0  0.0
                                     4000_story_0666_llm.txt 37.3  4.5 2854
 17.5  6.7  0.7 57.8 19.3  0.7  1.1  0.7 70.8 10.2  0.4  0.0  0.0  4.6  1.1
  0.7  1.8  6.7 11.9  1.4  0.7212.3 98.5 25.9 93.6 52.2 20.0  8.8  4.6  1.4
  2.1  3.2 47.0  8.8  6.3 37.8  6.3  3.2  2.8  3.5  2.1  3.9  5.6 10.9  2.1
  1.8  6.3  3.9  4.2  7.0 11.9 24.9 14.7  3.2  8.1 55.4142.3  3.2159.8  4.2
  0.7  0.0  0.0  0.0  0.0  0.0  0.0  0.0  0.0  0.0  0.0  0.0  0.0  0.0  0.0
  0.0  0.0  0.0  3.9  1.4  3.9  3.5  0.0  0.0  0.0  0.0  0.0  0.0  0.0  1.4
  0.7  0.7  0.4  1.1  0.0  0.0  0.0  0.0  0.0  0.0  0.0  0.0  2.5  2.1  0.0
 12.6  0.0  0.0 12.6  4.2  0.0  4.2  4.6  0.0  0.0  0.0  0.0  0.0  0.0  0.0
  0.0  0.0  0.0  0.0  0.0  0.0  0.0 10.9  8.1  3.9 15.4 13.3  3.2  3.5  5.3
  2.1  1.1  0.0  0.0  0.4  0.7  0.0 23.8 24.5 24.5  2.5  4.9  9.5  3.5  0.0
      2.37      5.13      4.19     -0.81      3.71  0.7  0.0  0.0  0.0  0.0
                                     4000_story_0668_llm.txt 34.3  4.8 2419
 11.2  2.1  1.7 59.5 16.5  0.8  2.1  2.1 21.9  8.7  0.8  0.8  0.4  4.5  0.0
  0.0  0.8  5.4 12.0  0.8  0.4266.6 97.1 36.4 87.2 44.6 16.5  7.9  2.1  3.3
  1.2  3.3 48.4  7.0  8.3 26.9  8.3  3.7  2.1  2.5  3.7  4.1  2.5 10.7  1.2
  2.9  5.0  1.7  2.9  5.0 12.8 23.6 14.9  1.7  6.6 65.7 83.1  4.1162.9  5.4
  1.2  0.0  0.0  0.0  0.0  0.0  0.0  0.0  0.0  0.0  0.0  0.0  0.0  0.0  0.0
  0.0  0.0  0.0  1.2  1.2  0.8  1.7  0.0  0.0  0.0  0.0  0.0  0.4  0.0  0.0
  0.8  0.8  1.7  0.4  0.0  0.0  0.0  0.0  0.4  0.0  0.0  0.0  1.7  2.5  0.0
  5.0  0.0  0.4  5.4  3.7  0.4  4.1  4.1  0.0  0.0  0.0  0.0  0.0  0.0  0.0
  0.8  0.4  0.0  0.0  0.0  0.0  0.0  7.4  9.1  3.3 12.0 20.3  3.3  5.0  1.7
  1.2  0.8  0.0  0.8  0.4  1.7  0.8 27.7 16.5 19.4  2.5  5.8 11.2  6.6  0.0
     -6.63      3.76      3.59     -0.50      1.44  0.4  0.0  0.4  0.0  0.0
                                     4000_story_0672_llm.txt 33.5  4.7 3821
  7.3  1.6  1.3 34.5  6.3  0.3  0.8  0.3  7.3 18.1  0.0  0.3  0.3  1.3  0.5
  0.5  0.5  5.0 12.0  0.0  0.3271.9102.6 39.8100.0 36.4 15.4  8.1  2.1  0.8
  1.0  3.1 46.3  6.0 12.6 27.7  6.0  2.6  1.0  0.8  0.5  1.8  2.1 14.9  1.0
  3.9  4.7  1.8  2.4  4.4  8.1 20.9 19.9  0.5  3.9 70.1 50.0  0.8154.1 10.2
  1.3  0.3  0.0  0.0  0.0  0.0  0.0  0.0  0.0  0.0  0.0  0.0  0.0  0.0  0.0
  0.0  0.0  0.0  1.0  0.0  1.8  1.3  0.3  0.0  0.3  0.0  0.0  0.0  0.0  0.0
  0.5  0.0  1.0  0.8  0.0  0.0  0.0  0.0  0.0  1.0  0.0  0.3  0.3  0.5  0.0
  4.2  0.5  0.0  4.7  2.4  0.0  3.4  1.0  0.0  0.0  0.0  0.0  0.0  0.0  0.0
  0.0  0.3  0.0  0.0  0.0  0.0  0.0 10.5  5.8  2.1 10.5 31.4  3.7  3.4  9.4
  5.8  1.6  0.8  2.6  0.5  1.8  0.5 31.1 13.1 12.0  1.3  6.3 10.5  3.7  0.0
    -12.17      3.65      0.94     -4.31      2.01  0.0  0.3  0.0  0.0  0.0
                                     4000_story_0683_llm.txt 35.5  4.4 4491
 10.9  3.3 16.3 37.2  9.6  0.9  2.4  1.3 33.0 17.6  0.4  0.0  0.0  3.6  0.9
  0.9  0.9  3.1 10.5  0.4  2.2237.8 92.4 37.2110.4 50.3 14.0 10.7  0.7  1.1
  1.6  2.9 31.2  8.7 12.9 37.0  5.8  2.9  2.9  2.4  1.3  1.1  3.1  6.5  0.7
  2.4  6.0  0.7  2.2  4.7  7.3 21.8  9.6  1.3  3.3 83.9 92.9  2.0165.2  6.0
  1.8  0.2  0.0  0.0  0.0  0.0  0.0  0.0  0.0  0.0  0.0  0.0  0.0  0.0  0.0
  0.0  0.0  0.0  2.2  0.2  0.2  1.6  0.0  0.2  0.0  0.0  0.0  0.0  0.0  0.0
  0.2  0.4  1.6  0.9  0.0  0.0  0.0  0.0  0.0  0.7  0.0  0.0  1.8  1.8  0.0
  4.2  0.2  0.0  4.5  3.1  0.0  3.8  3.6  0.0  0.0  0.0  0.0  0.0  0.0  0.0
  0.9  0.4  0.7  0.0  0.0  0.0  0.0  5.6  3.8  2.2  6.9 22.3  1.8  4.0  6.5
  1.1  1.8  0.4  2.2  0.9  1.1  0.4 30.7 16.9 14.0  1.1  6.7 11.6  6.0  0.0
     -3.96      4.82     -1.80     -2.79      0.60  0.2  0.0  0.0  0.0  0.0
                                     4000_story_0688_llm.txt 33.8  4.7 3416
  7.3  1.2  1.5 45.7  4.7  0.3  1.8  0.6  5.9 18.1  0.3  0.9  0.0  7.6  0.3
  0.0  0.6  4.1  9.1  1.2  0.9275.8 97.5 37.8 98.9 38.9 18.1 10.2  1.5  3.5
  1.5  2.6 38.3  7.3  7.3 26.9  4.4  4.1  2.6  1.5  0.0  2.9  3.5  9.1  2.0
  4.7  6.1  1.5  2.3  9.7  8.2 20.2 15.8  1.8  6.4 72.9 49.5  4.1157.5  2.6
  0.9  0.0  0.0  0.0  0.0  0.0  0.0  0.0  0.0  0.0  0.0  0.0  0.0  0.0  0.0
  0.0  0.0  0.0  0.3  1.2  0.9  0.9  0.3  0.0  0.0  0.0  0.0  0.0  0.0  0.3
  0.0  0.6  0.0  0.3  0.0  0.0  0.0  0.6  0.3  0.9  1.2  0.0  0.6  0.9  0.0
  3.2  0.3  0.0  3.5  1.2  0.9  2.9  2.6  0.0  0.0  0.0  0.0  0.0  0.0  0.0
  0.0  0.6  0.0  0.0  0.0  0.0  0.0 11.7  4.1  2.3 10.0 21.7  2.6  3.5 13.2
  4.4  2.0  1.2  0.6  0.6  0.3  1.2 26.9 17.9 12.0  0.9  4.1 13.2  4.7  0.0
     -7.83      4.65      2.79     -2.94      3.03  0.6  0.0  0.3  0.3  0.0
                                     4000_story_0693_llm.txt 38.3  4.7 2529
 13.0  4.7  0.4 42.7  7.9  0.4  2.8  1.6 62.5 14.6  0.8  0.0  0.0  4.0  0.4
  0.8  0.0  4.3 11.1  0.4  1.6244.0104.0 31.6 98.1 43.9 17.4 11.1  2.8  1.2
  1.6  1.6 47.8  8.3  5.5 37.6  6.7  1.2  4.0  2.0  1.2  6.7  4.0  7.5  0.8
  2.0  5.9  5.9  2.8  6.3  6.7 20.6 10.3  0.4  5.5 60.1114.3  2.0156.6  4.3
  1.2  0.4  0.0  0.0  0.0  0.0  0.0  0.0  0.0  0.0  0.0  0.0  0.0  0.0  0.0
  0.0  0.0  0.0  4.3  0.8  4.7  2.0  0.4  0.0  0.0  0.0  0.0  0.0  0.0  0.8
  0.0  0.0  1.6  1.6  0.0  0.8  0.0  0.0  0.0  0.4  0.4  0.0  3.6  0.8  0.0
 11.9  0.4  0.0 12.3  4.0  0.8  5.1  4.7  0.0  0.0  0.0  0.0  0.0  0.0  0.0
  0.0  0.4  0.0  0.0  0.0  0.0  0.0 11.9  5.1  5.1 11.9 18.6  1.2  3.6  6.7
  4.0  0.8  0.0  1.6  0.8  0.4  0.4 28.5 20.2 20.6  2.4  6.3 11.1  3.2  0.0
     -6.12      4.84      2.41     -0.89      1.23  0.4  0.0  0.0  0.8  0.0
                                     4000_story_0696_llm.txt 35.8  4.8 2969
  9.1  3.7  1.0 44.1 14.1  0.7  3.4  0.7 15.8 14.8  1.3  0.3  0.0  5.4  0.0
  0.7  1.0  7.4  9.4  0.3  0.3268.8 95.3 33.7 92.3 40.8 14.8  7.1  1.7  3.7
  0.3  2.4 52.2  6.7  5.4 28.6  6.4  4.0  1.0  1.3  0.7  1.3  1.0 13.5  0.7
  5.4  4.7  3.4  3.4  5.7 12.1 18.2 19.5  1.3  5.7 61.6 70.7  1.7156.6  5.4
  0.7  0.0  0.0  0.0  0.0  0.0  0.0  0.0  0.0  0.0  0.0  0.0  0.0  0.0  0.0
  0.0  0.0  0.0  2.0  1.0  2.4  1.0  0.3  0.0  0.0  0.0  0.0  0.0  0.0  0.7
  0.7  0.3  1.3  0.3  0.3  0.0  0.0  0.0  0.0  0.3  0.0  0.0  1.3  0.3  0.0
  6.4  0.3  0.0  6.7  3.4  0.3  4.0  1.7  0.0  0.0  0.0  0.0  0.0  0.0  0.0
  0.0  0.0  0.0  0.0  0.0  0.0  0.0  3.7  6.7  2.7 12.8 19.2  3.7  6.7 12.1
  1.0  1.0  0.3  1.0  0.7  0.3  1.0 28.0 17.5 14.8  2.7  3.0  9.8  5.7  0.0
     -6.39      3.28      3.49     -3.84      1.30  0.3  0.0  0.0  0.0  0.0
                                     4000_story_0698_llm.txt 33.8  4.6 2419
 12.8  2.9  0.4 57.5 17.8  0.0  1.7  0.4 11.6 16.1  0.0  1.2  0.0  6.2  0.0
  0.8  0.8  7.0 12.4  0.8  0.8255.1 98.8 35.1 76.1 43.0 16.9 12.0  2.9  3.3
  1.7  2.5 39.3 10.3  9.1 27.7  7.4  6.2  1.7  3.7  2.9  3.3  4.1 10.7  0.0
  2.1  7.4  6.2  2.5  5.8 16.1 27.3 12.8  1.7  7.9 69.5 72.3  0.8146.8  4.5
  0.4  0.0  0.0  0.0  0.0  0.0  0.0  0.0  0.0  0.0  0.0  0.0  0.0  0.0  0.0
  0.0  0.0  0.0  5.4  1.7  1.7  1.2  0.4  0.0  0.0  0.4  0.0  0.0  0.0  1.2
  1.2  0.4  0.8  0.0  0.0  0.4  0.0  0.0  0.0  0.0  0.0  0.0  0.4  0.0  0.0
  9.9  0.4  0.4 10.7  3.7  0.4  4.1  0.4  0.0  0.0  0.0  0.0  0.0  0.0  0.0
  0.0  0.8  0.0  0.0  0.0  0.0  0.4 16.9  5.8  4.1  6.2 24.8  5.0  3.3 14.5
  4.5  0.8  0.8  2.1  0.0  0.8  0.8 24.8 21.1 21.5  2.9  4.1 11.2  3.3  0.0
     -3.78      4.16      2.28     -0.20      1.25  0.4  0.0  0.4  0.0  0.0
                                     4000_story_0708_llm.txt 35.8  4.7 2760
 13.8  2.5  1.4 37.7  6.2  0.0  2.5  0.4  6.9 10.9  1.4  0.7  0.4  4.3  1.1
  0.7  1.1  5.1 14.1  0.7  1.8251.8 88.8 42.4106.2 71.7 14.5  4.3  0.0  1.4
  0.7  4.0 33.7  8.3 14.9 32.2  4.3  2.2  1.4  1.1  2.5  2.2  5.8  6.2  0.7
  5.4  4.7  3.3  2.5  8.0  9.8 24.6 12.3  1.8  2.2 79.0 84.8  2.9155.8  4.3
  1.1  0.4  0.0  0.0  0.0  0.0  0.0  0.0  0.0  0.0  0.0  0.0  0.0  0.0  0.0
  0.0  0.0  0.0  1.4  1.1  1.8  1.1  0.0  0.4  0.0  0.0  0.0  0.4  0.0  0.0
  0.4  0.7  0.4  0.0  0.0  0.0  0.0  0.4  0.0  0.7  0.4  0.0  2.2  0.7  0.0
  5.4  0.4  0.4  6.2  1.4  0.4  2.5  3.3  0.0  0.0  0.0  0.0  0.0  0.0  0.0
  0.0  0.4  0.0  0.0  0.0  0.0  0.0 11.2  2.9  4.0 14.1 25.7  3.6  4.0 10.9
  2.2  0.7  0.4  3.3  0.0  0.0  0.4 33.7 10.1 19.9  1.4  8.3  8.7  3.3  0.0
     -5.76      4.54     -2.41     -3.05      3.24  0.4  0.0  0.0  0.4  0.0
                                     4000_story_0710_llm.txt 35.3  4.6 2586
 13.1  2.3  4.3 29.8  2.3  0.8  4.3  2.3  4.3 20.1  0.8  1.9  0.4  5.0  0.8
  1.5  0.0  5.8 11.2  0.4  3.9260.6 99.8 37.5107.5 64.2 13.1  6.6  0.8  0.4
  0.8  3.1 21.7  6.6 15.5 35.2  5.8  3.1  0.0  1.5  1.2  0.4  5.4  5.0  0.8
  4.3  5.4  1.9  1.9  4.6 10.1 23.2 10.1  0.4  1.9 71.9 70.8  2.3160.9  7.0
  1.5  0.4  0.0  0.0  0.0  0.0  0.0  0.0  0.0  0.0  0.0  0.0  0.0  0.0  0.0
  0.0  0.0  0.0  0.4  0.4  1.9  3.5  0.4  0.0  0.0  0.0  0.0  0.0  0.0  0.4
  0.0  0.4  0.8  2.3  0.0  0.4  0.0  0.0  0.0  0.4  0.0  0.0  2.3  2.3  0.0
  6.2  0.4  0.0  6.6  3.9  0.4  4.6  4.6  0.0  0.0  0.0  0.0  0.0  0.0  0.0
  0.8  0.0  0.0  0.0  0.0  0.0  0.0  3.1  1.9  0.8 12.4 30.2  4.6  2.3  6.6
  2.7  4.3  2.3  3.5  1.9  1.9  0.8 34.4 11.2 18.9  0.8  6.2 10.1  6.6  0.0
     -4.75      4.41     -3.45     -4.46      2.49  1.5  0.0  0.0  0.0  0.0
                                     4000_story_0711_llm.txt 35.0  4.6 5385
 12.4  3.0  0.6 32.5  5.0  0.4  2.8  0.7  9.5 16.0  0.6  1.3  0.0  6.3  0.7
  1.1  2.0  3.9 12.6  0.4  1.3258.7 91.6 36.4104.5 57.8 18.4  6.7  1.1  3.0
  0.9  2.0 38.6  7.8  9.7 31.2  7.1  5.0  2.2  1.9  0.9  3.2  2.6  9.1  0.6
  4.6  4.6  3.2  3.5  6.9  9.8 22.5 14.3  2.4  5.0 69.6 72.2  1.1155.1  4.1
  0.7  0.2  0.0  0.0  0.0  0.0  0.0  0.0  0.0  0.0  0.0  0.0  0.0  0.0  0.0
  0.0  0.0  0.0  2.6  0.2  3.2  0.9  0.2  0.0  0.0  0.0  0.0  0.0  0.0  0.4
  0.4  0.0  1.3  0.9  0.0  0.2  0.0  0.0  0.0  0.2  0.2  0.0  2.4  1.5  0.0
  6.9  0.2  0.0  7.1  3.0  0.2  3.3  4.1  0.0  0.0  0.0  0.0  0.0  0.0  0.0
  0.0  0.4  0.0  0.0  0.0  0.0  0.0 11.0  3.3  2.6  9.5 25.6  3.0  1.9 12.3
  2.2  1.3  2.8  3.0  0.6  0.9  0.4 32.9 14.9 14.7  1.3  4.3 12.3  4.3  0.0
     -3.27      5.05      0.56     -2.14      1.30  0.7  0.0  0.0  0.0  0.0
                                     4000_story_0715_llm.txt 36.8  4.3 3697
 18.7  7.6  7.8 41.9 11.4  1.1  1.6  1.9 37.6 15.7  0.8  0.3  0.5  5.4  0.8
  1.1  1.1  5.4 14.9  0.5  3.0232.1 84.7 23.0115.2 61.1 17.0 16.0  0.5  1.9
  0.5  3.0 18.4 11.1 13.0 34.1  7.3  5.1  3.0  1.4  2.4  1.6  4.6  6.8  0.8
  2.7 10.5  2.2  3.8  5.7 13.0 30.0 10.3  1.6  3.0 55.7110.1  3.2170.9  4.6
  1.9  0.3  0.0  0.0  0.0  0.0  0.0  0.0  0.0  0.0  0.0  0.0  0.0  0.0  0.0
  0.0  0.0  0.0  4.9  0.8  3.5  1.9  0.3  0.3  0.0  0.3  0.0  0.0  0.0  0.0
  1.1  1.4  0.8  0.3  0.0  0.3  0.0  0.3  0.0  0.3  0.3  0.0  1.6  1.9  0.0
 11.1  0.5  0.3 11.9  3.5  0.5  4.3  3.8  0.0  0.0  0.0  0.0  0.0  0.0  0.0
  0.3  0.8  0.0  0.0  0.3  0.0  0.0 10.0  2.7  2.4  7.6 19.5  3.5  5.4  7.3
  0.3  1.1  0.0  1.1  0.5  0.8  0.3 33.3 22.7 24.1  1.4  5.4  7.0  4.9  0.0
      2.54      7.01     -3.81     -2.00      1.77  0.3  0.3  0.0  0.0  0.0
                                     4000_story_0719_llm.txt 37.5  4.6 2957
 13.2  4.4 10.1 39.9  7.1  2.4  3.4  1.0  7.8 21.3  0.7  1.4  1.0  5.7  1.7
  1.7  0.7  4.7 12.2  0.7  1.0278.3 86.9 32.8100.8 56.5 11.5  9.8  1.4  1.0
  0.3  3.7 30.4  7.1  8.1 31.8  6.8  3.7  2.0  2.7  1.7  1.0  4.4  5.7  0.7
  4.1  5.4  0.7  2.4  4.4 10.1 25.4 10.5  1.4  2.7 71.4 71.4  2.4154.9  1.7
  0.7  0.3  0.0  0.0  0.0  0.0  0.0  0.0  0.0  0.0  0.0  0.0  0.0  0.0  0.0
  0.0  0.0  0.0  1.7  1.7  1.4  3.0  0.7  0.0  0.0  0.0  0.0  0.3  0.0  0.7
  0.0  1.7  0.0  1.4  0.0  0.3  0.3  0.0  0.0  1.7  0.0  0.3  1.7  1.4  0.0
  7.8  0.7  0.3  8.8  3.7  0.7  6.1  3.4  0.0  0.0  0.0  0.0  0.0  0.0  0.0
  0.3  0.0  0.0  0.0  0.0  0.0  0.3  5.7  2.0  2.7  9.5 33.5  1.4  2.4  5.7
  1.7  3.0  1.7  1.4  0.0  0.3  0.3 30.8 14.5 17.6  0.7  5.4 12.2  4.1  0.0
     -1.59      4.12     -0.15     -2.62      1.82  1.0  0.0  0.3  0.3  0.0
                                     4000_story_0721_llm.txt 35.8  4.5 4818
 12.9  2.7  4.2 36.9  4.2  0.2  2.7  0.6  7.1 24.5  0.8  0.4  0.4  6.8  0.6
  1.2  0.6  5.0 15.4  0.0  2.1240.3 93.4 47.9 99.2 40.5 15.6  5.0  1.7  1.7
  0.6  4.6 27.8  9.3 12.5 39.4  6.4  2.3  1.0  0.8  0.8  1.2  3.9  6.2  0.8
  2.3  7.9  1.5  3.3  5.4  8.1 29.1  9.3  0.6  3.9 91.1 51.7  2.1152.1  5.6
  1.9  0.2  0.0  0.0  0.0  0.0  0.0  0.0  0.0  0.0  0.0  0.0  0.0  0.0  0.0
  0.0  0.0  0.0  1.9  0.0  1.7  1.2  0.2  0.0  0.2  0.0  0.0  0.0  0.0  0.8
  0.2  0.2  0.2  0.4  0.2  0.4  0.0  0.0  0.0  0.0  0.2  0.0  1.0  0.2  0.0
  4.8  0.4  0.0  5.2  1.9  0.6  2.5  1.5  0.0  0.0  0.0  0.0  0.0  0.0  0.0
  0.2  0.2  0.2  0.0  0.0  0.0  0.0  3.9  3.9  2.7  7.7 35.5  3.9  3.5 11.6
  2.5  3.3  0.6  3.5  0.0  0.8  0.4 36.3  9.3 13.1  0.8  5.6 10.0  4.8  0.0
     -3.72      3.25     -1.60     -4.46      1.16  1.0  0.0  0.2  0.0  0.0
                                     4000_story_0725_llm.txt 34.8  4.5 4443
 11.7  3.8  7.7 32.9 12.6  0.7  2.7  1.6  9.0 18.2  1.4  1.4  0.7  4.3  0.7
  1.4  1.1  4.1 14.0  0.5  1.8235.4 93.9 36.0117.9 84.4 14.6  8.8  0.7  1.4
  0.7  3.4 28.8  8.8 11.9 35.1  4.5  3.4  1.4  1.8  0.7  1.4  4.3  5.0  0.2
  3.8  7.9  1.4  2.9  5.6  8.1 28.4  9.0  1.6  2.7 76.1106.0  1.4163.9  6.5
  1.6  0.2  0.0  0.0  0.0  0.0  0.0  0.0  0.0  0.0  0.0  0.0  0.0  0.0  0.0
  0.0  0.0  0.0  2.7  0.7  1.6  1.6  0.2  0.0  0.0  0.0  0.0  0.0  0.0  0.5
  0.2  0.5  0.5  1.1  0.0  0.0  0.0  0.0  0.0  0.0  0.2  0.0  1.1  1.4  0.0
  6.5  0.2  0.0  6.8  2.7  0.0  2.7  2.7  0.0  0.0  0.0  0.0  0.0  0.0  0.0
  0.5  0.5  0.0  0.0  0.0  0.2  0.0  9.9  3.2  1.1  9.5 22.7  3.4  4.1  9.5
  5.6  0.7  1.1  1.6  0.2  0.5  0.0 30.4 15.8 17.1  0.9  9.7 11.7  6.1  0.0
     -2.41      6.34     -2.10     -3.69      1.20  0.7  0.0  0.0  0.2  0.0
                                     4000_story_0726_llm.txt 39.0  4.9 2118
 16.1  2.8  1.9 21.7  0.9  0.0  0.5  0.5  1.4 16.1  1.4  2.4  0.0  6.6  0.5
  0.9  1.4  1.4 11.3  0.5  0.9262.0 90.2 43.0119.9 63.7 26.4  3.3  0.9  2.4
  0.9  3.8 41.1  8.5 13.2 48.2  3.3  3.3  1.4  1.4  0.9  1.9  7.6  5.2  0.0
  3.3  7.6  1.4  1.9  3.3  5.7 26.4  8.5  1.9  4.2 78.4 66.1  0.5156.3  5.2
  1.4  0.9  0.0  0.0  0.0  0.0  0.0  0.0  0.0  0.0  0.0  0.0  0.0  0.0  0.0
  0.0  0.0  0.0  0.5  0.9  2.8  1.9  0.5  0.0  0.0  0.0  0.0  0.0  0.0  0.0
  0.0  0.0  0.0  2.4  0.0  0.0  0.0  0.0  0.0  0.0  0.0  0.0  3.3  1.9  0.0
  6.1  0.5  0.0  6.6  2.4  0.0  2.4  5.2  0.0  0.0  0.0  0.0  0.0  0.0  0.0
  0.9  0.0  0.0  0.0  0.0  0.0  0.0  3.8  3.3  5.2 11.8 21.2  8.5  3.3 15.1
  2.8  1.4  0.0  2.4  0.0  1.4  0.0 24.1  8.5 22.2  1.4 10.4 14.2  7.6  0.0
     -7.01      6.75     -1.23     -3.51      2.95  0.5  0.0  0.0  0.0  0.0
                                     4000_story_0727_llm.txt 34.3  4.6 2605
 13.4  3.5  0.4 36.9 14.6  0.0  1.5  3.1 16.9 10.4  1.2  1.2  0.4  5.8  0.4
  1.9  0.4  5.4 12.3  0.4  1.5228.8 83.3 39.2102.1 80.2 28.4  5.4  1.5  3.1
  1.2  3.1 33.4  8.1 14.2 41.5  9.6  2.7  0.8  1.2  0.8  3.8  6.5  3.5  0.4
  3.5  7.3  2.3  3.5  5.8  8.8 25.0  7.3  0.8  5.8 80.2111.7  4.2155.5  6.1
  0.8  0.0  0.0  0.0  0.0  0.0  0.0  0.0  0.0  0.0  0.0  0.0  0.0  0.0  0.0
  0.0  0.0  0.0  0.8  1.2  3.1  3.8  0.0  0.0  0.0  0.0  0.0  0.0  0.0  0.4
  0.8  1.2  0.0  3.1  0.0  0.0  0.4  0.0  0.0  0.4  0.0  0.0  3.5  0.8  0.0
  8.8  0.0  0.0  8.8  5.4  0.4  6.1  4.2  0.0  0.0  0.0  0.0  0.0  0.0  0.0
  0.0  0.4  0.0  0.0  0.0  0.0  0.0  6.1  3.8  3.1  6.5 16.5  4.6  3.1  8.8
  2.3  3.1  2.3  3.1  0.4  0.8  0.0 30.7 16.5 24.2  2.7  6.5 17.7  5.0  0.0
     -3.96      7.66     -0.92     -3.29      2.39  0.4  0.0  0.0  0.0  0.0
                                     4000_story_0728_llm.txt 35.0  4.6 4470
  9.4  2.7  0.7 23.3  3.1  0.2  0.9  0.4  4.0 13.2  0.4  0.7  0.2  3.1  1.6
  1.6  0.7  2.9 13.4  0.4  1.8257.5 98.7 52.1104.3 58.8 17.7  8.3  1.1  1.1
  0.0  4.0 30.2  6.9 14.5 38.7  3.4  2.2  1.3  0.2  1.1  2.2  5.8  8.1  0.9
  3.6  6.7  2.0  4.0  4.3  6.3 25.1 12.5  1.1  2.2 93.3 66.0  0.9143.8  3.1
  1.6  0.0  0.0  0.0  0.0  0.0  0.0  0.0  0.0  0.0  0.0  0.0  0.0  0.0  0.0
  0.0  0.0  0.0  2.7  0.7  1.1  1.3  0.4  0.0  0.0  0.0  0.0  0.2  0.0  0.0
  0.0  0.4  0.0  0.9  0.0  0.4  0.0  0.2  0.0  0.0  0.0  0.0  0.4  1.1  0.0
  5.8  0.4  0.2  6.5  1.3  0.7  2.0  1.6  0.0  0.0  0.0  0.0  0.0  0.0  0.0
  0.2  0.0  0.0  0.0  0.0  0.0  0.0 22.8  2.5  2.0  7.4 24.4  4.5  4.5 12.5
  3.8 11.2  1.3  3.1  0.9  0.4  0.2 26.8 15.4 12.8  1.1  6.0 13.4  4.7  0.0
     -9.48      5.25     -2.68     -4.11      3.07  0.2  0.0  0.0  0.0  0.0
                                     4000_story_0730_llm.txt 30.8  4.3 4169
 23.0  6.0  3.4 58.0 17.0  2.9  3.8  1.2 74.6 14.6  0.5  2.4  0.2  7.7  0.5
  1.0  1.4  6.7 18.9  1.4  1.0199.8 73.2 24.9111.5 46.3 14.2 11.8  0.5  3.1
  0.5  1.4 30.2  9.1  8.6 35.0  8.2  6.7  3.1  2.2  1.0  1.9  3.6  6.7  0.5
  2.9  7.7  3.1  2.9  5.8 14.4 32.6 10.1  2.9  4.1 57.8137.9  1.9180.4  3.6
  1.2  0.0  0.0  0.0  0.0  0.0  0.0  0.0  0.0  0.0  0.0  0.0  0.0  0.0  0.0
  0.0  0.0  0.0  2.9  1.7  4.1  2.6  0.2  0.0  0.0  0.0  0.0  0.2  0.2  0.0
  0.0  1.4  0.5  1.4  0.0  0.0  0.0  0.0  0.0  0.2  0.2  0.0  2.4  1.4  0.0
 11.3  0.2  0.5 12.0  3.4  0.0  3.6  4.1  0.0  0.0  0.0  0.0  0.0  0.0  0.0
  0.5  0.2  0.0  0.0  0.0  0.0  0.0 11.0  5.8  1.7  7.7 19.2  2.6  1.7  7.4
  3.4  1.2  0.7  1.4  0.5  0.5  0.2 33.8 21.3 30.0  2.6  7.2 12.2  5.3  0.0
     10.64      4.90     -1.25     -1.79      0.94  0.5  0.0  0.0  0.0  0.0
                                     4000_story_0731_llm.txt 34.0  4.4 7438
 12.5  3.4  5.0 38.9  5.9  0.8  2.6  1.5 42.9 14.5  0.8  1.2  0.1  5.4  1.1
  1.2  1.5  6.1 15.6  0.8  0.8217.9 97.9 35.0101.6 53.0 16.9  8.2  1.6  2.0
  1.1  3.5 30.4  7.4 10.6 34.0  9.1  3.4  1.9  1.6  1.2  1.1  5.2  6.9  0.4
  2.8  9.9  1.9  3.1  4.8 10.6 31.9 10.1  2.3  4.7 70.4101.8  3.4155.6  4.3
  1.2  0.1  0.0  0.0  0.0  0.0  0.0  0.0  0.0  0.0  0.0  0.0  0.0  0.0  0.0
  0.0  0.0  0.0  2.3  0.4  1.9  2.7  0.3  0.1  0.1  0.0  0.0  0.0  0.0  0.5
  0.5  0.7  0.4  1.9  0.1  0.5  0.0  0.1  0.0  0.3  0.4  0.0  1.1  0.7  0.0
  7.3  0.5  0.0  7.8  4.0  0.8  5.1  2.2  0.0  0.0  0.0  0.0  0.0  0.0  0.0
  0.1  0.1  0.0  0.0  0.0  0.0  0.1  9.0  2.7  3.4 10.4 19.4  1.2  6.5 13.3
  2.4  2.6  2.7  0.8  0.4  0.9  0.5 30.4 17.6 16.5  1.2  7.9 16.8  4.6  0.0
      0.45      4.75      0.14     -3.46      1.91  0.5  0.0  0.3  0.0  0.0
                                     4000_story_0733_llm.txt 37.3  4.8 3476
  8.9  1.2  1.4 33.1  0.0  0.3  1.4  0.6  6.0  6.9  0.3  0.9  0.9  2.3  0.3
  0.3  0.9  6.3 19.0  0.0  2.6288.8 92.9 53.8 99.5 57.2 11.2  2.3  0.3  3.2
  0.9  4.3 50.3  8.6 12.4 30.2  7.5  1.4  2.6  0.6  2.9  1.7  1.2 17.8  1.4
  6.0  3.5  2.0  2.9  2.9 10.6 28.2 25.3  0.9  4.3 78.3 63.3  0.6153.6  4.3
  2.9  0.3  0.0  0.0  0.0  0.0  0.0  0.0  0.0  0.0  0.0  0.0  0.0  0.0  0.0
  0.0  0.0  0.0  1.2  0.9  2.0  0.0  0.0  0.0  0.0  0.0  0.0  0.0  0.3  0.3
  0.3  0.9  0.6  0.3  0.0  0.6  0.0  0.0  0.0  0.3  0.0  0.0  0.3  0.0  0.0
  4.0  0.0  0.3  4.3  2.3  0.6  3.2  0.3  0.0  0.0  0.0  0.0  0.0  0.0  0.0
  0.3  0.3  0.0  0.0  0.0  0.0  0.6  3.5  6.6  0.9 10.1 17.0  4.6  5.2  4.3
  1.7  2.6  3.7  1.7  0.0  1.4  0.0 34.2  7.5 10.6  2.3  5.8  7.8  4.3  0.0
    -10.91      2.67      0.78     -3.11      2.85  0.0  0.0  0.0  0.0  0.0
                                     4000_story_0735_llm.txt 36.3  4.6 2678
 16.8  2.6  0.4 50.0  2.2  0.4  2.2  0.4 10.1  9.3  0.7  1.5  0.7  1.5  0.4
  0.0  0.4 12.3 16.8  0.4  0.4237.5 89.2 45.6 91.5 74.7 20.2  5.2  0.4  4.9
  2.2  3.4 44.4  5.6  3.0 38.1 11.6  3.4  3.0  3.7  4.9  2.2  1.9 20.2  0.4
  3.4  3.4  4.9  4.5 10.8 20.5 28.8 23.9  0.7  7.5 76.9 87.0  3.4159.1  5.2
  2.2  1.1  0.0  0.0  0.0  0.0  0.0  0.0  0.0  0.0  0.0  0.0  0.0  0.0  0.0
  0.0  0.0  0.0  1.9  2.2  3.7  2.2  1.1  0.4  0.0  0.0  0.0  0.0  0.0  0.4
  0.7  1.5  3.4  0.0  0.0  1.5  0.0  0.4  0.0  1.9  0.4  0.7  1.9  0.0  0.0
 10.1  1.5  0.0 11.6  6.0  1.9  9.7  3.0  0.0  0.0  0.0  0.0  0.0  0.0  0.0
  0.0  0.4  0.0  0.0  0.0  0.0  0.0 10.8 14.6  3.7 13.4  7.8  1.1  6.3  5.2
  3.0  1.5  2.2  0.7  0.4  0.0  0.0 29.5 14.2 26.9  3.4  4.9  6.7  3.4  0.0
     -6.17      5.45      5.34      0.06      1.97  1.5  0.0  0.0  0.0  0.0
                                     4000_story_0736_llm.txt 35.5  4.6 2404
 17.9  4.6  0.0 42.0 12.5  0.0  1.2  2.5 21.2 18.7  0.4  3.3  1.2  3.7  0.8
  1.2  0.0 10.8 23.7  2.1  0.4225.0 89.4 28.7 85.3 79.0 17.9  7.5  5.8  3.7
  1.2  1.7 42.0  6.7  3.3 33.3 13.7  4.2  4.6  2.9  2.9  2.5  7.5  5.8  1.2
  2.5  8.3  8.7  3.3  7.5 17.9 39.9  9.6  2.1 10.8 60.3112.7  2.5154.7  9.2
  5.0  0.0  0.0  0.0  0.0  0.0  0.0  0.0  0.0  0.0  0.0  0.0  0.0  0.0  0.0
  0.0  0.0  0.0  2.1  0.8  5.4  4.2  0.0  0.0  0.0  0.0  0.0  0.0  0.0  0.4
  0.8  0.8  1.2  1.7  0.0  1.7  0.0  0.0  0.0  1.7  0.4  0.0  0.0  0.4  0.0
 12.5  0.0  0.0 12.5  5.0  1.7  8.3  0.8  0.0  0.0  0.0  0.0  0.0  0.0  0.0
  0.0  0.0  0.0  0.0  0.0  0.0  0.0 22.9  2.5  2.5 11.6  7.1  0.4  4.6  4.2
  3.7  2.9  1.2  0.0  0.4  0.8  0.0 29.5 16.2 25.0  2.1  7.9  9.2  2.1  0.0
      3.35      5.42      6.17     -0.43      3.70  0.4  0.4  0.0  0.0  0.0
                                     4000_story_0737_llm.txt 37.3  4.7 2306
  7.4  0.9  1.7 33.4  3.0  0.0  1.7  0.9 14.3 14.7  0.9  0.4  0.0  3.0  0.0
  1.7  0.4  2.6 12.6  0.0  1.3295.8 85.0 46.4106.7 57.7 11.7 10.4  0.9  1.3
  0.4  3.9 33.0 10.4 13.9 28.6  3.9  4.3  1.7  0.9  0.4  2.2  3.0  3.5  0.4
  3.9  3.9  0.0  2.2  3.5  7.4 21.7  7.8  0.4  2.6 85.0 75.0  1.7159.6  7.8
  0.0  0.0  0.0  0.0  0.0  0.0  0.0  0.0  0.0  0.0  0.0  0.0  0.0  0.0  0.0
  0.0  0.0  0.0  0.4  0.0  0.4  0.9  0.0  0.0  0.0  0.0  0.0  0.0  0.0  0.4
  0.0  0.4  0.0  0.4  0.0  0.0  0.0  0.0  0.0  0.4  0.4  0.0  2.6  0.4  0.0
  1.7  0.0  0.0  1.7  1.3  0.0  1.7  3.5  0.0  0.0  0.0  0.0  0.0  0.0  0.0
  0.9  0.0  0.0  0.0  0.0  0.0  0.0  3.5  1.7  1.3  7.4 19.5  2.6  3.9  5.6
  3.9  2.6  1.7  4.3  0.9  0.0  0.4 29.9 16.0 12.6  0.9  5.6  9.5  7.8  0.0
    -12.16      4.52     -2.42     -3.55      0.39  0.4  0.0  0.0  0.0  0.0
                                     4000_story_0738_llm.txt 35.3  4.7 3742
 10.2  3.5  3.2 35.8 11.0  0.5  2.7  0.8  9.6  8.6  0.3  0.5  0.5  5.1  0.0
  1.6  0.5  2.4  6.4  0.5  1.3306.0 75.6 33.4108.0 70.3  8.6 11.0  0.0  0.0
  0.0  2.4 28.1  7.5 12.6 28.1  4.3  2.9  0.3  1.9  0.3  0.5  2.1  1.9  0.0
  4.8  2.7  0.0  2.1  3.2  5.6 13.9  6.7  1.1  0.0 68.9 90.9  1.3163.8  6.9
  1.1  0.0  0.0  0.0  0.0  0.0  0.0  0.0  0.0  0.0  0.0  0.0  0.0  0.0  0.0
  0.0  0.0  0.0  0.5  1.1  1.9  0.0  0.0  0.0  0.0  0.0  0.0  0.0  0.0  0.0
  0.3  1.3  0.5  0.0  0.0  0.0  0.0  0.0  0.0  0.0  0.0  0.0  0.8  0.3  0.0
  3.5  0.0  0.0  3.5  2.1  0.0  2.1  1.1  0.0  0.0  0.0  0.0  0.0  0.0  0.0
  1.6  0.0  0.0  0.0  0.0  0.0  0.0  5.9  2.7  2.4  9.9 25.4  6.9  3.5  7.2
  0.8  1.6  0.8  4.5  0.3  1.3  0.5 25.7 15.0 16.3  0.5  6.1  6.7  5.3  0.0
     -9.75      4.62     -3.61     -4.63     -0.46  0.0  0.0  0.0  0.0  0.0
                                     4000_story_0743_llm.txt 35.3  4.5 2812
 17.1  3.6  0.0112.0 62.2  1.4  4.3  1.1  8.5 21.0  1.8  1.8  0.4  4.3  0.4
  0.0  0.0  6.8 10.3  0.4  0.4237.2 75.0 34.1 26.7 19.9  8.5  4.3  0.7  0.7
  0.0  1.4 33.1 11.0  9.6 30.6  6.8 13.5  1.4  3.9  3.2  1.4  4.3  6.4  0.0
  3.9  6.0  0.4  3.9  5.0 23.5 23.5 10.3  0.4  1.4 67.9 90.7  1.1149.4  6.4
  1.1  0.4  0.0  0.0  0.0  0.0  0.0  0.0  0.0  0.0  0.0  0.0  0.0  0.0  0.0
  0.0  0.0  0.0  0.7  0.7  0.7  2.1  0.0  0.0  0.0  0.0  0.0  0.4  0.0  0.0
  0.4  0.7  1.4  0.4  0.0  0.4  0.0  0.0  0.0  0.0  0.0  0.0  0.0  2.1  0.0
  4.3  0.0  0.4  4.6  2.8  0.4  3.2  2.1  0.0  0.0  0.0  0.0  0.0  0.0  0.0
  0.0  0.4  0.0  0.0  0.0  0.0  0.4  9.6  8.2  2.8 11.0 29.9 11.4  9.6  8.9
  0.7  0.4  4.3  2.5  0.4  1.1  0.0 25.2  8.2 18.5  0.7  8.5 11.0  3.6  0.0
      2.08     -1.53     -3.14      0.94      1.27  0.0  0.4  0.0  0.0  0.0
                                     4000_story_0744_llm.txt 36.8  4.6 7152
 10.5  3.1  1.0 37.5  7.1  0.3  2.0  0.1  6.4  9.5  1.0  1.1  0.4  4.6  0.4
  0.3  0.4  3.1  4.6  0.7  1.1282.3 84.5 41.9117.2 75.6 12.4  7.4  0.0  0.4
  0.1  2.2 32.3  9.9 12.0 23.8  5.0  6.0  2.0  0.8  2.5  1.4  1.1  6.0  0.4
  3.9  3.8  1.3  1.7  5.6 11.6 12.6 10.3  1.1  0.6 71.2 89.2  0.8171.7  5.5
  0.7  0.0  0.0  0.0  0.0  0.0  0.0  0.0  0.0  0.0  0.0  0.0  0.0  0.0  0.0
  0.0  0.0  0.0  2.1  0.4  1.4  0.4  0.0  0.0  0.0  0.0  0.0  0.1  0.0  0.0
  0.1  0.3  1.5  0.1  0.0  0.0  0.0  0.0  0.0  0.3  0.1  0.0  0.7  0.8  0.0
  4.3  0.0  0.1  4.5  2.1  0.0  2.4  1.7  0.0  0.0  0.0  0.0  0.0  0.0  0.0
  0.3  0.1  0.0  0.0  0.0  0.0  0.0  8.8  2.2  0.7 10.2 25.9  2.2  3.9  7.1
  0.6  1.3  2.2  4.2  0.1  0.7  0.0 36.2 12.7 13.0  2.1  8.2  7.8  6.3  0.0
    -10.87      5.25     -3.34     -2.40     -0.43  0.1  0.0  0.0  0.0  0.0
                                     4000_story_0748_llm.txt 35.8  4.3 3617
 12.7  4.4  1.7 58.1 73.3  1.4  5.3  2.5 55.3 14.4  1.4  4.4  0.3  5.8  0.6
  2.2  0.8  5.8 13.5  0.3  0.8202.9 77.1 26.3104.8 18.5 10.0 12.4  0.8  2.5
  0.8  3.6 29.0 17.7  8.0 43.7  7.7 10.8  5.0  1.4  3.9  2.8  3.9  6.4  0.6
  2.8  6.6  3.3  2.8  6.1 20.5 29.6  9.7  1.1  4.1 51.7147.1  1.1172.0  3.9
  0.3  0.6  0.0  0.0  0.0  0.0  0.0  0.0  0.0  0.0  0.0  0.0  0.0  0.0  0.0
  0.0  0.0  0.0  3.0  1.1  2.2  1.1  0.3  0.3  0.0  0.0  0.0  0.0  0.0  0.3
  0.3  1.4  0.8  0.6  0.0  0.0  0.3  0.0  0.0  0.8  0.0  0.0  2.8  0.8  0.0
  7.5  0.6  0.0  8.0  3.3  0.3  4.4  3.6  0.0  0.0  0.0  0.0  0.0  0.0  0.0
  0.6  0.8  0.0  0.0  0.0  0.0  0.3  8.8  3.6  0.3  7.7 26.5  2.5  5.8  5.3
  1.4  1.4  0.0  1.1  0.0  3.6  0.0 37.3 24.1 19.4  1.1  6.1 10.0  8.3  0.0
      9.56      2.76     -3.09      1.14      1.07  0.0  0.0  0.3  0.3  0.0
                                     4000_story_0750_llm.txt 35.5  4.6 7149
 16.2  4.5  3.5 46.0 10.4  1.0  2.2  1.3 28.3 13.4  0.6  1.7  0.1  2.8  0.8
  1.0  0.8  6.3 18.5  0.6  1.3267.9 80.0 28.3105.9 59.3 14.7 11.5  1.7  3.8
  0.8  1.0 34.7  7.6  6.6 36.9  8.3  3.5  4.3  2.1  1.0  2.2  4.9  8.3  1.3
  3.8  8.3  2.5  1.8  5.6 10.8 31.5 13.3  1.4  6.3 55.7 97.9  3.5165.2  3.6
  1.0  0.1  0.0  0.0  0.0  0.0  0.0  0.0  0.0  0.0  0.0  0.0  0.0  0.0  0.0
  0.0  0.0  0.0  3.9  1.4  2.1  1.5  0.4  0.0  0.0  0.0  0.0  0.0  0.0  1.1
  0.4  1.3  0.7  0.8  0.0  0.7  0.1  0.4  0.0  1.3  0.7  0.1  3.1  2.4  0.0
  9.0  0.4  0.0  9.4  4.3  1.3  6.9  6.3  0.0  0.0  0.0  0.0  0.0  0.0  0.0
  0.6  0.4  0.3  0.0  0.0  0.0  0.1 14.1  4.3  2.0 10.5 14.7  3.6  4.2  6.0
  4.3  1.5  1.4  1.0  0.3  0.7  0.0 31.5 22.5 22.9  2.8  6.4 12.4  3.9  0.0
     -1.73      5.34      1.19     -2.06      2.87  0.4  0.0  0.3  0.1  0.0
                                     4000_story_0751_llm.txt 34.5  4.6 3459
 15.3  6.9  8.1 59.0 10.4  0.9  4.3  1.2 37.3 15.6  1.2  1.4  0.3  6.6  0.6
  1.4  0.3  6.6 12.4  1.7  0.3266.0 81.5 30.1102.1 48.6 16.2 22.5  1.4  2.6
  1.2  1.4 31.2  6.1  7.2 34.7  7.5  3.2  4.3  2.3  2.0  1.7  3.2  8.4  0.3
  2.9  6.6  4.6  2.6  4.9 11.9 24.3 11.6  2.0  5.2 56.4 96.3  4.9171.4  4.6
  2.3  0.0  0.0  0.0  0.0  0.0  0.0  0.0  0.0  0.0  0.0  0.0  0.0  0.0  0.0
  0.0  0.0  0.0  4.6  2.0  3.5  1.7  0.3  0.0  0.0  0.0  0.0  0.0  0.0  0.6
  0.9  0.3  0.0  0.3  0.0  0.0  0.3  0.0  0.0  0.3  0.6  0.3  4.3  1.7  0.0
 11.9  0.3  0.0 12.1  2.0  0.3  2.6  6.9  0.0  0.0  0.0  0.0  0.0  0.0  0.0
  0.0  0.0  0.0  0.3  0.0  0.0  0.0 13.9  4.9  4.9  6.1 12.4  2.9  2.3  7.2
  5.5  1.2  1.4  1.7  0.3  0.6  0.3 27.8 30.1 23.1  1.4  5.5  9.5  7.5  0.0
      0.98      7.08      1.05     -1.74      0.79  0.9  0.0  0.3  0.3  0.0
                                     4000_story_0752_llm.txt 34.8  4.7 4416
 15.6  4.1  8.4 58.7 12.5  0.7  3.4  1.6 23.1 12.0  0.9  1.4  0.5  3.8  0.0
  1.8  1.1  7.0 14.7  0.5  0.7288.5 76.8 34.6 95.3 48.7 13.4 16.1  0.7  2.7
  0.5  0.9 40.5  5.2  9.1 28.8  6.8  3.2  4.8  1.4  1.1  2.3  2.3  5.4  0.7
  4.1  7.0  2.3  2.7  4.8 11.3 25.4 10.2  1.6  3.8 56.4 84.2  4.3167.8  4.8
  0.2  0.0  0.0  0.0  0.0  0.0  0.0  0.0  0.0  0.0  0.0  0.0  0.0  0.0  0.0
  0.0  0.0  0.0  3.2  1.1  2.7  0.2  0.2  0.0  0.0  0.0  0.0  0.2  0.0  0.5
  0.5  1.6  0.0  0.5  0.0  0.2  0.0  0.2  0.0  0.9  1.1  0.2  2.3  0.2  0.0
  7.2  0.2  0.2  7.7  2.9  0.5  4.3  3.8  0.0  0.0  0.0  0.0  0.0  0.0  0.0
  0.7  0.7  0.0  0.0  0.0  0.0  0.0  9.3  3.4  1.6  7.7 12.9  0.9  2.3  7.7
  5.2  0.9  2.0  0.9  0.2  1.6  0.2 33.7 27.9 20.4  2.0  3.8  9.7  5.7  0.0
     -2.74      5.12      0.51     -2.25      0.45  0.9  0.2  0.2  0.0  0.0
                                     4000_story_0753_llm.txt 33.3  4.5 6401
 12.5  3.1  8.0 48.0 12.7  0.5  3.6  0.8 17.0 12.0  1.2  1.7  0.2  5.6  0.5
  0.8  2.0  6.6  7.3  0.8  1.9285.6 79.2 35.0 99.4 51.2 13.4 17.7  0.8  2.7
  0.6  1.6 28.9  6.2  9.4 30.6  8.3  4.2  2.3  1.4  1.2  2.0  2.8  5.8  0.9
  5.9  4.1  2.2  1.4  5.2 12.0 16.1 12.7  2.8  4.1 63.9 80.9  1.7164.2  5.5
  1.9  0.0  0.0  0.0  0.0  0.0  0.0  0.0  0.0  0.0  0.0  0.0  0.0  0.0  0.0
  0.0  0.0  0.0  2.7  0.9  1.7  1.7  0.0  0.0  0.0  0.0  0.0  0.2  0.2  1.1
  0.6  0.9  0.5  0.6  0.0  0.2  0.0  0.0  0.0  0.5  0.2  0.6  1.9  0.8  0.0
  7.0  0.0  0.3  7.3  3.7  0.2  4.4  3.4  0.0  0.0  0.0  0.0  0.0  0.0  0.0
  0.9  0.6  0.2  0.0  0.0  0.0  0.0 10.8  4.2  1.7  5.9 17.3  1.7  5.5  6.1
  1.9  1.6  0.2  0.6  0.3  0.8  0.5 29.5 24.8 18.7  1.7  3.7 11.6  4.8  0.0
     -1.98      5.67     -0.37     -2.80      1.64  0.8  0.0  0.0  0.2  0.0
                                     4000_story_0754_llm.txt 30.5  4.5 4658
 13.3  3.6  9.9 49.6 12.7  0.6  7.1  2.8 11.2 16.3  0.6  1.3  0.6  7.7  0.6
  1.1  0.6  2.8 14.4  0.2  3.0264.9 73.2 35.0110.8 41.2  7.3 16.1  0.0  1.7
  0.4  0.9 26.4 10.9 10.5 35.9  3.4  1.7  2.4  1.9  0.9  1.3  2.6  2.6  0.4
  4.1  3.4  1.5  1.9  7.1  5.4 21.9  7.1  0.9  2.1 72.6 65.0  1.9169.4  4.3
  3.6  0.2  0.0  0.0  0.0  0.0  0.0  0.0  0.0  0.0  0.0  0.0  0.0  0.0  0.0
  0.0  0.0  0.0  0.9  1.1  2.6  1.3  0.0  0.0  0.0  0.2  0.0  0.2  0.0  0.0
  0.0  0.9  0.0  0.4  0.0  0.2  0.0  0.0  0.0  0.2  0.4  0.0  1.7  0.9  0.0
  5.8  0.0  0.4  6.2  1.3  0.2  1.7  3.0  0.0  0.0  0.0  0.0  0.0  0.0  0.0
  0.2  0.4  0.0  0.0  0.0  0.0  0.6  9.7  1.7  1.5  4.3 29.2  2.1  1.5  7.1
  2.1  2.1  1.3  1.5  0.4  0.9  0.0 28.6 23.0 15.7  1.7  5.4 10.7  7.3  0.0
      0.10      4.13     -3.88     -3.63      0.02  0.6  0.2  0.2  0.0  0.0
                                     4000_story_0755_llm.txt 33.3  4.6 3525
 11.9  3.1  2.0100.4  7.9  0.9  3.1  0.6 50.8 19.0  3.1  2.0  0.3  4.3  0.9
  2.3  0.0  8.8 17.3  1.1  1.1247.4 79.4 36.3 40.3 22.1 18.4  6.0  1.7  3.7
  1.1  0.9 46.5  6.5  4.8 28.1  9.6  9.6  1.7  3.1  3.7  4.0  3.1  6.0  0.6
  0.6  9.4  3.4  4.5  5.4 22.1 32.6  7.1  1.1  6.5 57.9 80.9  4.8154.0  6.5
  0.9  0.0  0.0  0.0  0.0  0.0  0.0  0.0  0.0  0.0  0.0  0.0  0.0  0.0  0.0
  0.0  0.0  0.0  1.1  1.1  1.7  1.7  0.0  0.0  0.0  0.0  0.0  0.3  0.0  0.6
  0.3  0.9  0.9  0.3  0.0  0.3  0.0  0.0  0.0  0.0  0.3  0.0  3.7  0.6  0.0
  5.7  0.0  0.3  6.0  2.8  0.3  3.1  4.5  0.0  0.0  0.0  0.0  0.0  0.0  0.0
  0.6  0.3  0.0  0.0  0.0  0.0  0.0 12.2  4.3  0.6 10.5 14.5  5.4  8.5  6.2
  4.3  1.1  1.4  0.0  0.9  0.6  0.9 31.2 19.3 15.3  2.0  2.8  5.1  4.5  0.0
      2.01      1.23      3.52      1.00     -0.15  0.6  0.0  0.6  0.3  0.0
                                     4000_story_0757_llm.txt 34.0  5.1 3346
  8.7  2.1  8.7 55.9  4.5  0.9  2.4  0.0  7.8 11.4  2.4  3.0  0.0  3.0  0.6
  0.3  0.3  4.5  9.9  1.2  0.9305.7 84.0 43.6 82.2 36.8  9.3 16.4  0.3  1.2
  0.6  1.5 68.4  7.2  7.5 32.0  8.4  4.8  4.8  2.1  1.8  2.4  5.1 10.5  0.9
  4.5  5.4  5.1  0.9  3.6 11.1 21.8 15.8  1.5  2.1 70.8 49.0  2.1155.7  5.7
  2.1  0.0  0.0  0.0  0.0  0.0  0.0  0.0  0.0  0.0  0.0  0.0  0.0  0.0  0.0
  0.0  0.0  0.0  3.9  0.9  2.4  0.0  0.0  0.0  0.0  0.0  0.0  0.0  0.0  0.0
  0.6  1.5  2.1  0.0  0.0  0.3  0.0  0.0  0.0  1.2  0.6  0.0  0.0  1.5  0.0
  7.2  0.0  0.0  7.2  4.2  0.3  5.7  2.1  0.0  0.0  0.0  0.0  0.0  0.0  0.0
  0.0  0.6  0.0  0.0  0.0  0.0  0.0 11.1  5.7  2.7 11.1 13.4  4.8  9.9  6.6
 10.5  1.2  0.6  0.0  0.9  1.5  0.3 28.4 23.0 12.0  2.1  4.2  8.1  3.0  0.0
     -9.79      3.44      1.53     -1.16      3.27  0.0  0.0  0.0  0.0  0.0
                                     4000_story_0758_llm.txt 33.8  4.8 3367
  8.9  3.6  2.4 50.5  4.2  0.9  4.8  2.4 33.0 17.5  0.9  1.8  0.0  5.9  0.3
  0.3  0.3  6.8 16.9  0.3  1.5276.8 77.5 40.7 86.1 26.1  9.5 15.1  0.3  3.0
  0.9  0.3 57.3  4.5  5.9 31.8  8.3  8.3  3.6  2.1  4.5  2.4  5.0  8.9  0.0
  5.3  6.8  2.4  3.0  4.2 19.6 27.9 14.3  0.6  4.2 71.0 63.3  2.1155.6  3.6
  1.2  0.0  0.0  0.0  0.0  0.0  0.0  0.0  0.0  0.0  0.0  0.0  0.0  0.0  0.0
  0.0  0.0  0.0  3.9  0.3  0.9  0.6  0.0  0.0  0.0  0.3  0.0  0.0  0.0  0.6
  0.0  0.3  1.5  1.2  0.0  0.0  0.0  0.0  0.0  0.3  0.3  0.0  2.1  0.3  0.0
  5.6  0.0  0.3  5.9  3.6  0.0  3.9  2.7  0.0  0.0  0.0  0.0  0.0  0.0  0.0
  0.3  0.3  0.0  0.0  0.0  0.3  0.6 11.3  1.2  0.3  7.1 15.1  2.1  5.9 14.6
  2.7  0.0  2.7  0.9  0.6  0.6  0.6 32.1 23.2 13.1  1.5  4.2  8.3  5.6  0.0
     -3.22      2.90      2.71      0.54      2.60  0.3  0.0  0.0  0.0  0.0
                                     4000_story_0759_llm.txt 34.8  4.5 5416
 14.6  4.8 10.7 50.0 13.8  1.3  4.1  0.7 16.2 12.9  1.7  2.8  0.0  3.7  0.6
  0.4  1.3  6.5 14.4  0.7  1.3292.8 75.1 31.6104.1 64.3 10.3 13.3  0.7  1.1
  1.3  1.1 26.0  7.4  8.9 30.5  5.5  5.9  2.6  3.1  2.2  1.8  2.8  6.3  0.9
  4.6  3.0  2.0  0.6  7.2 14.6 24.4 11.8  2.0  3.1 59.6 94.4  2.2166.9  5.9
  0.7  0.0  0.0  0.0  0.0  0.0  0.0  0.0  0.0  0.0  0.0  0.0  0.0  0.0  0.0
  0.0  0.0  0.0  1.1  0.6  4.1  0.6  0.0  0.2  0.0  0.0  0.0  0.2  0.2  0.4
  0.0  0.7  0.6  0.9  0.2  0.2  0.0  0.2  0.0  0.6  0.6  0.0  1.3  1.3  0.0
  6.3  0.2  0.4  6.8  2.6  0.6  3.7  3.1  0.0  0.0  0.0  0.0  0.0  0.0  0.0
  1.8  0.2  0.2  0.0  0.2  0.0  0.0  7.2  3.5  1.5  8.7 20.3  2.2  4.1  4.4
  1.1  1.1  1.1  1.7  0.6  0.6  0.0 31.4 20.7 20.3  3.9  5.0 10.2  5.2  0.0
     -0.89      5.00     -1.09     -1.14      1.25  1.1  0.0  0.0  0.0  0.0
                                     4000_story_0760_llm.txt 35.3  4.4 6208
 16.6  7.2  7.7 56.1 22.7  2.4  3.4  1.0 34.8 12.4  0.8  0.8  0.0  7.7  0.3
  1.1  4.0  5.6  9.2  0.8  1.8271.4 68.8 20.5124.5 45.7  8.4 18.5  0.3  1.6
  0.5  0.6 19.5  8.1  9.5 38.8  8.2  3.2  4.3  3.4  0.2  1.0  3.5  2.4  0.8
  4.5  5.2  2.6  1.4  3.7  9.0 19.2  7.7  4.8  2.4 44.6103.3  2.1191.4 10.8
  0.8  0.0  0.0  0.0  0.0  0.0  0.0  0.0  0.0  0.0  0.0  0.0  0.0  0.0  0.0
  0.0  0.0  0.0  4.5  0.5  4.0  2.3  0.3  0.0  0.0  0.0  0.0  0.0  0.2  0.6
  0.2  1.8  0.6  0.5  0.0  0.5  0.2  0.0  0.0  0.5  0.0  0.0  1.1  0.8  0.0
 11.3  0.3  0.2 11.8  3.7  0.6  4.8  1.9  0.0  0.0  0.0  0.0  0.0  0.0  0.0
  1.3  0.6  0.0  0.0  0.0  0.0  0.0 14.3  3.1  1.4  7.2 21.6  2.3  8.1  9.2
  2.3  0.5  0.5  0.5  0.8  0.6  0.5 33.5 28.5 24.3  2.3  5.5 12.2  6.4  0.0
      7.50      5.44     -3.30     -2.43      1.03  0.2  0.2  0.2  0.2  0.0
                                     4000_story_0761_llm.txt 32.8  4.7 3645
 12.6  4.4 13.7 64.7 11.5  1.9  3.8  1.1 17.3 14.3  0.3  1.9  0.3  3.8  0.5
  0.5  1.1  6.6 11.0  0.5  1.4300.7 76.8 35.7 90.5 45.0 11.2 19.5  0.5  1.9
  0.8  0.3 39.2  5.8  4.7 30.7  7.1  4.1  3.8  2.5  1.9  1.4  4.1  6.6  2.5
  4.9  4.7  3.3  1.9  2.2 12.6 20.3 14.0  1.6  3.3 60.4 73.8  0.8169.8  7.4
  0.5  0.0  0.0  0.0  0.0  0.0  0.0  0.0  0.0  0.0  0.0  0.0  0.0  0.0  0.0
  0.0  0.0  0.0  3.3  2.2  2.5  1.1  0.0  0.0  0.0  0.0  0.3  0.0  0.0  0.0
  0.5  1.4  1.1  0.5  0.0  0.0  0.0  0.0  0.0  1.1  0.5  0.3  1.6  0.0  0.0
  9.1  0.0  0.3  9.3  3.6  0.0  4.7  2.5  0.0  0.0  0.0  0.0  0.0  0.0  0.0
  0.0  0.5  0.0  0.0  0.0  0.0  0.0  9.9  4.9  1.9  7.7 19.8  1.6  8.2  5.5
  4.9  1.6  1.6  0.8  0.3  0.8  0.8 31.8 26.9 16.2  1.9  2.5  9.6  3.8  0.0
     -2.92      5.02      1.07     -1.80      3.44  0.0  0.0  0.0  0.0  0.0
                                     4000_story_0762_llm.txt 31.3  4.3 5219
 10.5  3.1 16.1 69.7 17.8  0.8  3.8  0.8 22.4 15.9  1.3  2.5  0.2  7.9  5.4
  2.1  0.6  5.9 11.9  1.0  2.1275.7 67.4 32.2 86.2 56.7  8.8 11.7  0.2  1.0
  0.4  1.5 28.5  5.9  7.5 34.7  6.9  3.4  2.3  4.4  1.7  1.1  5.7  4.2  1.0
  2.9  3.6  0.4  1.7  4.0 11.1 24.0  8.0  1.5  1.5 65.7 97.0  2.5169.0  6.3
  1.3  0.0  0.0  0.0  0.0  0.0  0.0  0.0  0.0  0.0  0.0  0.0  0.0  0.0  0.0
  0.0  0.0  0.0  1.5  0.2  1.3  1.1  0.0  0.0  0.0  0.0  0.0  0.2  0.0  0.0
  0.0  0.8  1.0  1.1  0.2  0.0  0.0  0.6  0.0  0.0  0.0  0.0  1.1  4.6  0.0
  4.2  0.0  0.2  4.4  2.9  0.8  3.6  5.7  0.0  0.0  0.0  0.0  0.0  0.0  0.0
  1.9  0.4  0.0  0.0  0.0  0.0  0.2 12.1  1.5  1.7  7.1 25.5  0.6  4.4  3.1
  2.7  0.8  1.7  2.5  0.4  1.0  0.2 43.7 18.6 16.3  1.0  3.3  8.4  6.5  0.0
      6.01      3.49     -1.40     -1.76      2.27  0.2  0.0  0.2  0.0  0.0
                                     4000_story_0764_llm.txt 31.8  4.7 4250
 12.9  3.8  9.9 47.5  9.9  0.5  4.2  0.5 13.4 16.2  0.5  2.6  0.2  5.2  0.7
  2.4  1.4  6.1 11.3  0.7  2.1278.8 80.9 35.8107.3 51.8 16.0 16.2  0.5  1.9
  0.0  2.1 36.2  4.9  9.6 26.6  8.0  6.4  3.3  2.4  0.5  3.5  4.0  8.5  0.5
  5.6  2.8  2.1  1.6  5.2 12.9 21.2 14.6  2.1  2.4 67.1 75.1  2.6172.5  5.6
  0.9  0.5  0.0  0.0  0.0  0.0  0.0  0.0  0.0  0.0  0.0  0.0  0.0  0.0  0.0
  0.0  0.0  0.0  2.6  0.5  2.1  1.2  0.0  0.5  0.0  0.0  0.0  0.0  0.0  0.9
  0.2  0.9  0.5  0.5  0.0  0.5  0.0  0.0  0.0  0.9  0.9  0.0  0.7  0.5  0.0
  6.4  0.5  0.0  6.8  3.1  0.5  4.5  2.1  0.0  0.0  0.0  0.0  0.0  0.0  0.0
  0.5  1.4  0.0  0.0  0.2  0.0  0.0  7.3  0.9  1.6  8.9 24.0  1.9  2.8  4.2
  3.8  1.2  2.6  0.9  0.2  0.5  1.4 37.2 22.1 16.9  0.7  4.7  8.0  4.5  0.0
     -0.97      6.19     -0.27     -1.32      2.34  0.2  0.0  0.2  0.0  0.0
                                     4000_story_0766_llm.txt 30.3  4.6 5987
 15.0  3.0  6.2 52.8 11.4  0.7  4.5  1.0 16.4  9.5  1.5  2.2  0.0  6.0  0.3
  1.0  1.2  4.2 13.4  1.2  0.8289.5 74.2 35.4 99.2 53.4 16.2 16.4  0.8  2.3
  0.8  1.0 30.1  5.7  6.3 29.4 10.2  7.5  4.0  3.7  1.5  4.2  3.3 10.2  1.3
  4.8  4.8  1.7  2.5  3.5 13.2 25.1 16.4  2.3  4.0 55.5 81.2  1.3166.7  4.2
  1.7  0.2  0.0  0.0  0.0  0.0  0.0  0.0  0.0  0.0  0.0  0.0  0.0  0.0  0.0
  0.0  0.0  0.0  2.5  0.8  1.5  0.7  0.7  0.2  0.0  0.0  0.0  0.2  0.0  1.2
  0.5  0.8  1.5  0.3  0.0  0.3  0.3  0.2  0.0  0.5  0.2  0.2  1.7  0.5  0.0
  5.5  0.8  0.2  6.5  4.3  0.8  5.7  2.5  0.0  0.0  0.0  0.0  0.0  0.0  0.0
  0.0  0.0  0.0  0.0  0.0  0.0  0.0 12.9  4.5  2.2 12.0 20.4  2.2  4.3  5.7
  2.2  1.3  1.0  0.7  0.3  1.2  0.2 32.4 28.1 20.4  2.0  4.8 10.2  5.0  0.0
     -2.35      6.06      0.69      0.53      2.60  0.5  0.0  0.3  0.2  0.3
                                     4000_story_0767_llm.txt 33.8  4.8 5280
  9.5  4.0  0.6 52.3  7.6  1.3  2.3  0.6 14.2 11.0  1.1  1.3  1.5  6.8  0.0
  0.4  1.9  3.8 14.8  0.4  0.9300.9 95.3 35.2 82.0 57.2 12.7  9.5  1.9  4.4
  0.2  1.7 38.3  4.4  6.8 32.6  5.3  4.5  1.9  0.8  1.3  1.9  6.3  6.6  1.1
  6.3  3.4  0.9  1.5  4.4  9.7 22.0 14.0  2.3  6.4 60.8 79.0  3.2148.9  3.2
  0.9  0.0  0.0  0.0  0.0  0.0  0.0  0.0  0.0  0.0  0.0  0.0  0.0  0.0  0.0
  0.0  0.0  0.0  2.1  0.4  1.9  1.1  0.0  0.0  0.0  0.0  0.0  0.0  0.0  0.0
  0.0  0.8  1.3  0.6  0.0  0.2  0.0  0.0  0.0  0.2  0.0  0.0  1.5  0.8  0.0
  5.5  0.0  0.0  5.5  2.7  0.2  3.0  2.3  0.0  0.0  0.0  0.0  0.0  0.0  0.0
  0.0  0.2  0.0  0.0  0.0  0.0  0.0 10.4  3.6  1.5  7.6 16.3  1.1  7.6  4.5
  0.6  0.8  0.9  4.2  0.6  0.4  0.8 22.7 18.8 13.3  1.9  5.1  9.1  5.3  0.0
     -4.50      3.71      2.63     -3.18      4.17  0.9  0.2  0.0  0.0  0.0
                                     4000_story_0768_llm.txt 40.3  4.6 5526
 15.0  3.8  2.0 53.0 14.7  1.1  3.1  0.5 20.3 14.3  0.4  1.3  0.0  4.5  1.4
  1.1  0.2  5.6 14.7  0.9  0.5250.1 85.4 36.9 99.0 76.5 17.9  7.6  1.1  2.4
  0.5  2.7 42.5  9.0 10.0 34.9  7.2  4.0  1.8  1.1  1.3  2.2  4.5  5.1  0.7
  2.4  6.2  1.8  2.4  7.2 10.9 25.9  8.1  1.1  4.0 67.9111.5  1.6165.8  5.8
  1.1  0.0  0.0  0.0  0.0  0.0  0.0  0.0  0.0  0.0  0.0  0.0  0.0  0.0  0.0
  0.0  0.0  0.0  1.6  0.9  2.4  1.4  0.0  0.0  0.0  0.0  0.0  0.0  0.0  0.4
  0.9  0.9  1.1  0.5  0.0  0.0  0.0  0.0  0.0  0.7  0.4  0.4  1.4  1.4  0.0
  6.3  0.0  0.0  6.3  3.8  0.0  4.5  3.6  0.0  0.0  0.0  0.0  0.0  0.0  0.0
  0.4  0.4  0.0  0.0  0.0  0.0  0.0 17.7  3.4  1.8 12.3 20.8  4.5  3.6  7.2
  3.6  1.6  2.5  1.1  0.7  0.7  0.4 35.1 15.0 18.6  2.7  5.2 12.7  6.7  0.0
     -2.94      5.78     -0.26     -3.11      1.28  0.9  0.0  0.0  0.2  0.0
                                     4000_story_0769_llm.txt 37.8  4.6 3424
 11.4  3.2  2.0 23.4  1.2  0.0  1.5  0.9 40.6 12.3  1.2  0.0  0.9  3.5  0.6
  0.3  0.6  5.3 16.1  0.0  1.5261.1110.1 42.6 90.5 54.0 16.6  3.8  1.5  1.5
  1.5  3.8 32.4  7.0 11.4 39.1  7.3  2.6  1.8  0.9  0.6  2.6  5.3  6.7  0.6
  5.0  9.9  1.5  3.8  2.9  8.5 30.7 12.3  0.6  4.4 70.1 95.8  0.6136.7  6.1
  2.0  0.0  0.0  0.0  0.0  0.0  0.0  0.0  0.0  0.0  0.0  0.0  0.0  0.0  0.0
  0.0  0.0  0.0  1.8  0.6  2.9  1.5  0.0  0.0  0.0  0.0  0.0  0.0  0.0  0.3
  0.3  0.3  0.3  0.9  0.0  0.3  0.0  0.3  0.0  0.0  0.0  0.0  1.5  0.9  0.0
  6.7  0.0  0.0  6.7  2.0  0.6  2.6  2.3  0.0  0.0  0.0  0.0  0.0  0.0  0.0
  0.6  0.0  0.0  0.0  0.0  0.0  0.0  5.8  2.0  1.5  9.3 22.5  3.2  3.5  8.8
  1.8  1.8  2.6  2.9  0.3  0.6  0.6 28.3 10.2 18.4  1.5  5.3  9.3  6.4  0.0
     -8.43      3.56     -0.03     -3.69      2.73  0.6  0.0  0.0  0.0  0.0
                                     4000_story_0774_llm.txt 38.0  4.6 5827
 13.2  3.6 16.0 52.9 14.4  0.7  3.4  1.0 18.7 13.7  1.4  3.1  0.3  4.1  0.3
  0.7  0.5  6.7 14.8  0.7  1.7262.7 86.5 35.7 95.9 56.3 16.5  8.8  1.4  2.6
  1.0  1.2 36.6  6.0  4.8 31.6  7.7  5.8  3.6  1.5  1.4  2.4  3.3  5.3  0.5
  3.6  6.0  4.3  2.4  4.5 13.9 26.6  9.4  1.2  5.0 64.2 89.4  2.7161.1  7.7
  1.0  0.2  0.0  0.0  0.0  0.0  0.0  0.0  0.0  0.0  0.0  0.0  0.0  0.0  0.0
  0.0  0.0  0.0  2.9  1.0  2.1  3.4  0.3  0.0  0.0  0.0  0.0  0.0  0.2  0.5
  0.2  2.1  0.9  0.5  0.0  0.2  0.0  0.2  0.0  0.7  0.0  0.0  2.6  0.5  0.0
  9.4  0.3  0.2 10.0  4.1  0.3  5.1  3.1  0.0  0.0  0.0  0.0  0.0  0.0  0.0
  0.2  0.7  0.3  0.0  0.0  0.0  0.3  9.3  5.3  1.9 11.2 23.5  3.3  6.2  8.1
  3.8  1.4  2.1  1.2  0.7  0.7  0.5 34.7 17.0 23.0  2.2  5.0 11.3  6.5  0.0
     -1.69      4.72      2.06     -1.74      0.78  1.4  0.5  0.2  0.0  0.0
                                     4000_story_0775_llm.txt 36.5  4.4 3796
 15.5  4.5  6.8 37.1  3.7  0.3  1.6  0.8 26.6 14.5  1.1  1.6  0.0  5.5  0.8
  0.0  0.0  6.6 20.3  0.5  1.1268.7 99.8 42.1 97.7 33.2 12.6  9.5  0.3  2.6
  0.8  3.7 22.9  7.1 12.1 34.5  8.4  2.1  2.6  2.4  1.8  2.1  3.2  5.5  0.3
  4.7  9.7  1.1  2.9  3.2 10.5 37.7 10.5  0.5  3.7 70.1 63.5  1.3156.5  6.8
  2.4  0.0  0.0  0.0  0.0  0.0  0.0  0.0  0.0  0.0  0.0  0.0  0.0  0.0  0.0
  0.0  0.0  0.0  2.4  0.8  1.6  2.6  0.0  0.0  0.0  0.0  0.0  0.0  0.0  0.3
  0.3  1.1  1.1  1.1  0.0  0.0  0.0  0.0  0.0  0.0  0.3  0.0  2.4  1.3  0.0
  7.4  0.0  0.0  7.4  3.7  0.0  3.7  4.0  0.0  0.0  0.0  0.0  0.0  0.0  0.0
  1.1  0.3  0.0  0.0  0.0  0.0  0.3 10.0  2.1  0.8  5.5 25.8  3.7  4.7 12.4
  1.8  4.0  2.1  4.7  0.8  0.8  0.0 38.5 17.1 19.5  1.3  7.9  9.2  5.5  0.0
     -4.08      3.15     -1.44     -2.45      0.92  0.5  0.0  0.3  0.0  0.0
                                     4000_story_0776_llm.txt 35.3  4.8 5042
 11.5  4.0  2.8 34.7  3.8  0.0  2.8  1.4  3.4 16.7  1.0  1.6  0.4  2.6  1.2
  0.8  1.0  4.6 13.7  1.2  0.8253.1 95.2 43.4101.3 72.2 24.8  5.8  1.2  4.8
  2.0  2.6 46.6  7.1  8.5 31.3 10.3  4.0  0.8  1.2  1.8  2.2  2.6  6.1  1.6
  4.0  7.5  4.2  2.8  4.8 10.3 26.6 11.7  2.2  7.9 76.2 79.3  2.0156.3  4.8
  1.6  0.2  0.0  0.0  0.0  0.0  0.0  0.0  0.0  0.0  0.0  0.0  0.0  0.0  0.0
  0.0  0.0  0.0  2.2  1.0  2.4  2.2  0.0  0.0  0.0  0.0  0.0  0.2  0.0  0.4
  0.6  1.2  0.8  1.4  0.0  0.0  0.0  0.0  0.0  0.4  0.2  0.2  2.0  1.0  0.0
  7.7  0.0  0.2  7.9  4.4  0.0  4.8  3.4  0.0  0.0  0.0  0.0  0.0  0.0  0.0
  0.0  0.2  0.0  0.0  0.0  0.0  0.0  9.1  3.8  5.0 11.1 12.3  2.2  7.5  7.3
  2.8  0.8  1.2  1.2  0.0  1.0  0.4 29.2 12.7 20.2  2.4  8.1 12.1  4.6  0.0
     -6.06      6.65      3.72     -3.14      1.42  0.2  0.0  0.6  0.0  0.0
                                     4000_story_0777_llm.txt 37.8  4.6 5454
 13.8  3.1  1.5 21.6  1.3  0.2  1.3  0.7 37.6 13.6  0.0  1.3  0.2  3.9  1.1
  0.6  0.4  2.6 20.0  1.1  1.3249.4108.9 40.7104.1 43.5 17.2  4.8  2.4  3.9
  0.7  2.4 36.7  7.7 12.3 34.5  7.0  1.8  1.5  0.7  0.7  2.4  3.9  7.9  0.9
  2.8  7.9  2.8  2.6  4.8  5.1 32.3 11.6  1.5  7.0 73.3 82.3  1.7143.4  5.0
  1.7  0.0  0.0  0.0  0.0  0.0  0.0  0.0  0.0  0.0  0.0  0.0  0.0  0.0  0.0
  0.0  0.0  0.0  0.9  0.4  3.3  2.4  0.0  0.0  0.0  0.0  0.0  0.0  0.0  0.7
  0.4  1.3  0.7  1.1  0.0  0.0  0.0  0.0  0.0  0.7  0.0  0.0  2.4  1.5  0.0
  7.0  0.0  0.0  7.0  4.2  0.0  5.0  3.9  0.0  0.0  0.0  0.0  0.0  0.0  0.0
  0.4  0.4  0.0  0.0  0.0  0.0  0.0 10.5  3.1  1.5 10.6 25.3  2.4  4.2 10.3
  3.5  2.6  2.0  1.8  0.4  1.1  0.9 29.0 11.0 18.5  1.1  7.3 10.5  4.4  0.0
     -5.95      3.83      0.63     -4.06      1.57  0.4  0.0  0.6  0.0  0.0
                                     4000_story_0778_llm.txt 37.8  4.8 4811
 14.3  2.1  0.0 34.9  8.5  0.4  2.5  0.6  7.1 14.5  1.5  1.9  0.6  1.9  1.7
  0.4  1.0  3.3 11.8  0.8  0.8256.9101.2 42.6 99.4 69.8 17.7 10.4  2.1  3.7
  0.8  0.8 45.1  7.3  6.9 31.0  8.7  4.6  1.2  1.7  1.7  3.5  2.9  8.9  1.0
  4.2  5.6  4.2  5.0  8.5  9.6 21.8 14.1  1.9  6.7 84.4 85.4  2.1149.9  4.4
  0.6  1.0  0.0  0.0  0.0  0.0  0.0  0.0  0.0  0.0  0.0  0.0  0.0  0.0  0.0
  0.0  0.0  0.0  1.0  1.9  2.3  1.7  0.4  0.2  0.4  0.0  0.0  0.0  0.0  0.2
  0.8  1.5  0.8  0.8  0.0  0.2  0.0  0.0  0.2  0.6  0.2  0.0  2.3  1.2  0.0
  6.9  1.0  0.0  7.9  4.2  0.4  5.2  3.7  0.0  0.0  0.0  0.0  0.0  0.0  0.0
  0.0  0.2  0.0  0.0  0.0  0.0  0.0  8.1  3.7  3.3 11.8 19.5  3.5  3.9  3.3
  2.1  1.2  0.8  1.7  0.6  1.2  0.6 24.1 17.9 22.9  0.8  5.2 11.0  2.1  0.0
     -7.48      5.97      2.41     -2.15      1.69  0.6  0.0  0.0  0.0  0.0
                                     4000_story_0779_llm.txt 35.5  4.6 3282
 10.7  4.0 16.1 60.0 17.1  0.6  2.1  0.6 15.2 15.2  0.6  1.8  0.0  6.1  0.6
  0.9  0.6  6.1 16.8  0.3  2.1246.2 89.6 33.2 99.0 66.4 14.9  7.9  0.6  4.9
  0.0  2.1 23.5  6.4  9.1 36.3  6.7  4.6  1.8  2.1  2.1  4.0  4.6  9.1  0.9
  3.0  8.2  3.0  4.3  5.5 12.8 31.1 13.1  0.9  5.5 69.5 98.7  1.5172.8  5.8
  0.9  0.0  0.0  0.0  0.0  0.0  0.0  0.0  0.0  0.0  0.0  0.0  0.0  0.0  0.0
  0.0  0.0  0.0  1.8  2.4  2.4  1.2  0.3  0.0  0.0  0.0  0.3  0.0  0.0  0.3
  0.6  0.9  1.8  0.3  0.6  0.0  0.0  0.0  0.0  0.3  0.6  0.0  3.4  0.3  0.0
  7.9  0.3  0.3  8.5  4.0  0.6  4.9  4.3  0.0  0.0  0.0  0.0  0.0  0.0  0.0
  0.3  0.9  0.0  0.0  0.0  0.0  0.3  4.6  1.8  2.4 11.3 17.4  1.8  6.4  6.1
  6.7  1.5  0.9  2.1  0.9  1.2  0.0 39.6 15.8 20.4  1.5  6.4  8.2  5.8  0.0
     -0.62      4.82     -0.39     -1.36      2.30  0.6  0.0  0.0  0.0  0.0
                                     4000_story_0783_llm.txt 35.3  4.4 6739
 13.1  2.5  3.1 24.2  2.4  0.4  0.1  0.0  3.1 16.8  0.3  0.6  0.6  1.9  0.3
  0.0  0.3  3.7 11.7  0.1  1.3290.3 98.7 26.7128.5 81.6 10.8  5.5  0.6  1.2
  0.4  4.3 15.4  7.7 14.8 28.3  2.7  2.5  1.9  0.4  0.4  0.7  3.1  4.5  0.0
  4.2  7.0  0.7  2.2  3.0  6.7 24.0  8.6  0.4  2.2 60.8 87.1  1.2172.9  6.1
  1.2  0.0  0.0  0.0  0.0  0.0  0.0  0.0  0.0  0.0  0.0  0.0  0.0  0.0  0.0
  0.0  0.0  0.0  0.6  0.4  1.8  0.9  0.0  0.0  0.0  0.0  0.0  0.0  0.0  0.0
  0.0  0.0  0.9  0.7  0.0  0.1  0.0  0.0  0.0  0.1  0.0  0.0  0.3  0.3  0.0
  3.7  0.0  0.0  3.7  1.6  0.1  1.9  0.6  0.0  0.0  0.0  0.0  0.0  0.0  0.0
  0.3  0.1  0.0  0.0  0.0  0.0  0.0 10.7  1.0  0.9  5.8 28.6  4.5  4.5 10.1
  3.0  1.5  1.5  4.5  0.0  0.3  0.0 34.7 14.1 13.8  1.3 10.1  9.8  6.8  0.0
    -11.14      5.23     -3.19     -4.67      0.34  0.3  0.0  0.0  0.0  0.0
                                     4000_story_0794_llm.txt 34.5  4.7 4462
 11.7  2.9  6.7 40.6  5.6  0.7  1.6  1.8  7.4  9.9  0.7  0.7  0.0  2.7  0.0
  1.6  0.4  7.4 18.2  0.2  1.6274.5 97.9 33.6 96.6 65.9 19.5  9.4  3.6  4.0
  1.8  1.3 43.3  5.2  6.5 30.9  9.2  3.6  2.2  0.7  1.6  2.5  4.3  9.4  1.1
  3.8  4.0  2.5  3.8  6.5 12.6 24.9 14.3  0.7  9.4 64.5 78.9  2.2155.5  4.3
  0.9  0.2  0.0  0.0  0.0  0.0  0.0  0.0  0.0  0.0  0.0  0.0  0.0  0.0  0.0
  0.0  0.0  0.0  1.3  0.9  1.6  1.3  0.0  0.2  0.0  0.0  0.0  0.0  0.0  0.7
  0.2  0.2  1.1  0.2  0.0  0.2  0.0  0.0  0.0  0.9  0.4  0.2  1.3  0.9  0.0
  5.2  0.2  0.0  5.4  2.5  0.2  3.6  2.9  0.0  0.0  0.0  0.0  0.0  0.0  0.0
  0.0  0.7  0.0  0.0  0.2  0.0  0.2 14.6  4.0  1.3  9.9 13.2  2.0  3.8  5.4
  8.7  2.0  1.1  2.0  0.4  0.9  1.1 34.1 15.9 17.5  3.4  2.9 10.8  6.9  0.0
     -7.47      5.87      5.09     -2.99      2.55  0.0  0.0  0.0  0.0  0.0
                                     4000_story_0798_llm.txt 37.0  4.5 5977
 15.9  8.7  9.5 48.7 10.4  0.3  1.8  1.2 18.1 13.2  1.2  0.7  0.2  3.5  0.8
  1.2  1.7  6.0 17.2  0.3  1.0263.0 81.8 37.5102.6 80.5 16.1  7.9  1.0  2.5
  1.0  2.2 37.5  5.9  8.2 35.3  8.5  4.9  2.3  0.8  2.5  2.7  4.9  7.9  1.0
  4.7  5.9  2.5  2.8  7.2 13.4 26.8 13.6  2.0  4.5 64.7108.9  2.8166.0  1.8
  1.3  0.2  0.0  0.0  0.0  0.0  0.0  0.0  0.0  0.0  0.0  0.0  0.0  0.0  0.0
  0.0  0.0  0.0  3.2  0.5  2.0  5.9  0.2  0.0  0.0  0.0  0.0  0.0  0.0  0.3
  0.2  1.3  1.7  1.2  0.0  0.5  0.0  0.2  0.0  0.3  1.0  0.0  1.0  1.8  0.0
 11.5  0.2  0.0 11.7  4.7  0.7  5.7  3.8  0.0  0.0  0.0  0.0  0.0  0.0  0.0
  0.0  0.2  0.3  0.0  0.0  0.0  0.2 12.7  7.5  1.7 13.9 19.1  1.0  4.2  6.2
  3.2  2.0  4.5  2.2  0.7  0.7  0.7 27.9 18.4 21.9  2.8  6.4 14.6  4.9  0.0
     -0.77      5.77      1.05     -2.05      2.88  0.3  0.2  0.2  0.0  0.0
                                     4000_story_0801_llm.txt 33.0  4.6 7325
 11.9  3.0  3.1 50.8 17.7  0.4  4.8  2.3 13.0 14.7  2.0  3.5  0.3  7.2  0.8
  1.2  0.7  6.6 15.3  0.4  0.8254.9 84.5 45.1 91.9 46.0 18.0 13.5  1.5  3.1
  0.8  2.2 29.9  6.0  7.5 35.5  9.4  4.5  1.6  2.3  1.9  2.9  4.2  6.4  0.8
  4.6  4.4  2.3  5.2  5.1 13.0 27.7 11.9  1.1  5.5 82.3 76.7  2.2162.2  6.6
  1.2  0.0  0.0  0.0  0.0  0.0  0.0  0.0  0.0  0.0  0.0  0.0  0.0  0.0  0.0
  0.0  0.0  0.0  1.5  1.1  2.5  2.9  0.0  0.0  0.0  0.0  0.0  0.0  0.0  0.0
  1.1  1.6  0.5  1.6  0.0  0.4  0.0  0.1  0.0  0.5  0.8  0.1  3.0  1.1  0.0
  7.9  0.0  0.0  7.9  4.9  0.5  6.0  5.1  0.0  0.0  0.0  0.0  0.0  0.0  0.0
  0.0  0.3  0.0  0.0  0.0  0.0  0.0 12.2  3.4  2.0  8.9 20.6  2.2  2.6  8.1
  2.5  2.5  1.4  3.1  0.4  0.4  0.4 26.6 20.3 18.2  2.7  5.6 10.0  6.0  0.0
     -0.10      5.31      1.12     -1.89      2.12  0.4  0.0  0.1  0.0  0.0
                                     4000_story_0804_llm.txt 33.3  4.4 6354
 14.5  6.0  3.5 56.5 13.2  0.9  4.4  1.1 20.8 20.5  1.4  2.2  0.2  6.9  0.9
  1.1  0.8  5.0 13.8  0.9  1.6247.1 81.5 37.5100.1 43.6 14.0 12.6  0.5  1.9
  0.3  2.2 22.3  7.1 10.1 33.5  5.8  4.2  1.6  3.1  1.9  3.0  3.6  8.5  0.8
  1.9  5.4  1.4  4.1  6.0 11.2 26.8 11.2  1.7  2.7 83.3 77.6  2.2166.7  7.9
  1.6  0.0  0.0  0.0  0.0  0.0  0.0  0.0  0.0  0.0  0.0  0.0  0.0  0.0  0.0
  0.0  0.0  0.0  3.3  0.3  2.7  2.2  0.2  0.0  0.0  0.0  0.0  0.0  0.0  0.8
  0.0  0.9  0.8  0.3  0.0  0.3  0.2  0.2  0.0  0.5  0.6  0.3  2.8  1.3  0.0
  8.5  0.2  0.0  8.7  2.8  0.6  3.9  5.0  0.0  0.0  0.0  0.0  0.0  0.0  0.0
  0.2  0.9  0.2  0.0  0.0  0.0  0.3 10.2  2.2  1.9  8.5 25.7  1.4  4.2  7.6
  2.7  2.2  1.6  1.7  0.5  2.0  0.2 32.1 20.6 19.4  1.9  4.9 15.1  6.6  0.0
      2.17      4.53     -2.04     -1.56      1.14  0.8  0.0  0.0  0.0  0.2
                                     4000_story_0806_llm.txt 35.5  4.5 5940
 13.5  4.9  4.7 47.3 14.5  0.7  4.0  0.3 21.9 17.2  1.0  2.2  0.2  7.7  1.0
  1.9  0.5  6.6  9.3  0.5  1.3238.0 87.0 35.2108.9 60.6 15.5 14.0  0.3  1.7
  0.3  1.2 29.0  6.4  9.3 36.2  7.7  4.4  2.4  2.5  1.2  2.2  3.7  5.9  0.5
  3.9  5.9  1.3  3.5  7.1 12.1 21.0 10.3  1.0  2.4 71.7 97.0  2.0170.7  6.4
  2.5  0.0  0.0  0.0  0.0  0.0  0.0  0.0  0.0  0.0  0.0  0.0  0.0  0.0  0.0
  0.0  0.0  0.0  1.9  1.0  2.4  2.2  0.0  0.0  0.0  0.0  0.0  0.0  0.2  0.0
  0.2  0.7  2.0  0.8  0.0  0.3  0.0  0.0  0.0  0.0  0.7  0.0  2.4  3.0  0.0
  7.4  0.0  0.2  7.6  3.7  0.3  4.0  6.1  0.0  0.0  0.0  0.0  0.0  0.0  0.0
  0.7  0.8  0.0  0.0  0.0  0.0  0.2  9.6  4.4  2.2  6.2 21.2  2.7  2.7  6.4
  3.7  2.0  0.5  1.9  0.3  0.8  1.5 32.2 20.9 20.7  2.7  4.7 10.4  4.9  0.0
      0.16      6.11     -1.84     -2.22      1.22  0.3  0.0  0.0  0.0  0.0
                                     4000_story_0813_llm.txt 36.8  4.5 2913
 12.7  2.7  7.6 37.4  7.9  0.7  1.0  0.3 10.3  4.5  0.0  0.0  0.0  3.4  2.1
  0.3  0.0  6.2 15.1  0.3  2.7281.2 88.6 36.4 99.9 78.3 16.5  5.1  2.1  2.4
  0.0  2.4 34.7  5.1 12.4 29.2  4.1  2.4  1.7  1.4  0.7  1.7  2.1  6.5  0.3
  3.4  5.1  2.7  2.1  4.5  9.3 24.0 10.3  0.3  4.5 66.6 96.5  1.4155.2  5.8
  2.1  0.0  0.0  0.0  0.0  0.0  0.0  0.0  0.0  0.0  0.0  0.0  0.0  0.0  0.0
  0.0  0.0  0.0  0.3  0.7  2.1  1.4  0.3  0.0  0.0  0.0  0.0  0.3  0.0  0.0
  0.3  0.0  0.7  0.0  0.0  0.0  0.0  0.0  0.0  0.0  0.0  0.7  0.3  2.1  0.0
  4.5  0.3  0.3  5.1  1.0  0.0  1.0  3.1  0.0  0.0  0.0  0.0  0.0  0.0  0.0
  0.0  0.3  0.0  0.0  0.0  0.0  0.0  5.8  2.1  3.1  4.5 13.4  4.1  5.5 12.7
  3.4  1.7  4.5  4.1  0.0  0.7  1.0 35.7 10.3 17.9  2.1  4.8  9.6  6.5  0.0
     -7.99      5.16     -0.08     -3.84      0.02  1.0  0.0  0.0  0.0  0.0
                                     4000_story_0817_llm.txt 35.0  4.6 2660
 10.9  3.0  0.8 41.4  9.4  0.4  1.9  0.0 11.3 11.3  1.5  0.4  0.0  3.4  0.0
  0.8  0.0  3.8 10.9  1.1  2.6277.1 94.0 37.6103.8 60.5 18.4  9.4  2.6  5.3
  0.8  3.8 38.0  4.9  8.3 27.8  4.9  4.9  4.1  1.1  1.9  3.4  1.9 10.2  0.8
  5.6  3.0  3.0  1.1  6.8 10.5 19.2 16.5  1.1  8.6 68.4 81.2  2.3160.2  2.6
  1.5  0.4  0.0  0.0  0.0  0.0  0.0  0.0  0.0  0.0  0.0  0.0  0.0  0.0  0.0
  0.0  0.0  0.0  2.6  0.4  3.4  0.8  0.4  0.0  0.0  0.4  0.0  0.0  0.0  0.8
  0.0  0.8  1.1  0.0  0.0  0.0  0.0  0.0  0.0  0.4  0.0  0.0  2.3  0.4  0.0
  7.1  0.4  0.4  7.9  2.6  0.0  3.0  2.6  0.0  0.0  0.0  0.0  0.0  0.0  0.0
  0.4  0.0  0.0  0.0  0.0  0.0  0.0 27.8  2.6  1.5 12.0 20.3  2.3  6.4  3.4
  5.6  5.6  2.3  1.9  0.0  0.0  0.4 22.6 19.5 18.0  0.8  5.6 10.9  6.4  0.0
     -9.75      5.66      4.46     -1.35      1.48  1.5  0.0  0.0  0.0  0.0
                                     4000_story_0825_llm.txt 37.3  5.0 4802
 17.9  5.4  0.8 46.9 10.0  0.4  2.7  1.5 20.8 12.1  0.2  3.3  0.0  4.0  0.0
  1.2  1.0  6.0 18.1  1.2  0.4249.3 94.1 40.8 91.2 54.4 21.4  7.9  2.3  4.8
  1.9  0.8 55.0  5.0  6.5 40.0 11.9  3.3  4.0  1.9  2.7  3.7  6.9  6.9  1.5
  4.4  6.0  4.6  3.7  9.4 12.1 30.2 12.7  2.3  9.0 74.6 85.2  2.5156.0  2.5
  0.8  0.2  0.0  0.0  0.0  0.0  0.0  0.0  0.0  0.0  0.0  0.0  0.0  0.0  0.0
  0.0  0.0  0.0  2.9  3.5  3.7  2.1  0.4  0.0  0.0  0.0  0.0  0.2  0.0  0.6
  0.4  2.5  1.7  0.4  0.0  0.4  0.2  0.0  0.0  2.3  0.2  0.0  2.7  1.7  0.0
 12.3  0.4  0.2 12.9  5.6  0.6  8.5  4.6  0.0  0.0  0.0  0.0  0.0  0.0  0.0
  0.0  0.2  0.0  0.0  0.0  0.0  0.0  6.9  6.0  4.8 11.9 12.9  4.2  3.7  3.7
  3.1  2.1  0.6  0.4  0.2  0.4  1.0 21.9 17.7 27.7  2.7  5.4  9.6  3.3  0.0
     -2.30      5.28      4.95     -0.90      4.24  0.6  0.0  0.2  0.0  0.0
                                     4000_story_0831_llm.txt 32.8  4.5 4928
 17.5  4.9  6.7 35.1  7.7  0.6  1.4  0.8  6.1 12.2  0.6  2.2  0.0  3.9  1.2
  0.2  0.2  5.7 13.6  0.8  0.6257.1 94.8 26.0106.9100.6 16.4  6.3  1.2  4.5
  1.4  3.0 28.6  5.9 10.8 34.5  8.1  5.5  2.0  1.8  0.8  2.0  3.4  2.8  0.6
  3.4  5.9  2.8  2.8  5.5 12.0 26.6  6.9  1.0  7.1 55.8114.4  1.0159.5  4.7
  1.8  0.0  0.0  0.0  0.0  0.0  0.0  0.0  0.0  0.0  0.0  0.0  0.0  0.0  0.0
  0.0  0.0  0.0  2.0  1.2  3.4  2.0  0.0  0.0  0.2  0.0  0.0  0.0  0.0  0.4
  0.6  0.8  0.2  1.2  0.2  0.2  0.0  0.0  0.0  0.8  0.0  0.0  1.6  1.4  0.0
  8.7  0.2  0.0  8.9  3.2  0.4  4.5  3.0  0.0  0.0  0.0  0.0  0.0  0.0  0.0
  0.2  0.4  0.0  0.0  0.0  0.0  0.2  9.5  3.4  3.0  7.7 21.9  2.4  5.1  6.5
  5.9  1.6  2.6  1.2  0.2  0.4  0.0 31.7 15.8 24.8  2.0  4.5 11.2  6.1  0.0
     -4.62      6.59      1.52     -2.62      0.54  0.4  0.0  0.0  0.0  0.0
                                     4000_story_0833_llm.txt 32.3  4.4 4072
 17.7  3.9  8.3 49.1 19.4  0.2  2.7  0.7 16.0 10.6  1.7  1.2  0.5  5.9  1.5
  1.0  1.2  5.6  7.6  1.0  2.2236.7 88.9 24.1114.4 90.1 16.5  8.1  0.0  1.2
  0.0  2.7 23.1  9.6 14.0 33.6  8.8  3.7  2.5  1.2  2.0  2.0  2.5  3.9  0.0
  1.0  9.1  1.0  3.2  4.9 11.3 21.9  4.9  2.2  1.2 57.5125.5  2.2176.6  6.4
  1.0  0.0  0.0  0.0  0.0  0.0  0.0  0.0  0.0  0.0  0.0  0.0  0.0  0.0  0.0
  0.0  0.0  0.0  1.5  0.7  2.9  0.7  0.0  0.0  0.0  0.0  0.0  0.0  0.0  0.5
  0.0  1.5  0.7  1.2  0.0  0.0  0.0  0.0  0.0  0.7  0.2  0.0  3.2  1.5  0.0
  5.9  0.0  0.0  5.9  3.9  0.0  4.7  4.9  0.0  0.0  0.0  0.0  0.0  0.0  0.0
  0.0  0.5  0.2  0.0  0.0  0.0  0.0  9.1  2.9  1.5  7.6 21.4  1.7  2.9  5.2
  3.4  1.0  2.2  2.7  0.0  0.2  0.2 36.6 19.2 23.8  3.2  4.2  9.8  6.1  0.0
      0.43      6.71     -4.57     -2.66     -1.18  0.0  0.2  0.5  0.2  0.0
                                     4000_story_0838_llm.txt 35.8  4.2 3875
 15.7  6.2  8.5 59.6 23.7  0.5  3.1  0.8 15.0 15.2  0.3  0.8  0.0  5.9  0.5
  0.5  0.3  2.6 10.6  0.0  2.3254.2 84.1 26.8101.4 90.3 10.8 11.6  0.0  0.8
  0.5  2.8 18.1 10.1  8.5 26.6  7.0  3.6  2.1  2.1  1.3  1.5  2.6  5.9  0.0
  1.3  8.3  1.3  2.3  4.6  7.5 24.5  7.2  0.3  1.3 61.2129.0  1.8177.0  4.9
  1.5  0.0  0.0  0.0  0.0  0.0  0.0  0.0  0.0  0.0  0.0  0.0  0.0  0.0  0.0
  0.0  0.0  0.0  1.8  0.8  4.1  2.1  0.3  0.0  0.0  0.0  0.0  0.0  0.3  0.0
  0.0  2.6  0.3  0.8  0.0  0.3  0.0  0.3  0.0  0.5  0.0  0.0  1.8  0.5  0.0
  8.8  0.3  0.3  9.3  3.6  0.5  4.6  2.3  0.0  0.0  0.0  0.0  0.0  0.0  0.0
  0.0  1.0  0.0  0.0  0.0  0.0  0.3  7.0  2.6  1.8  7.5 23.2  2.3  3.6 12.9
  3.6  2.1  0.5  1.5  1.0  0.5  0.0 52.1 19.4 23.7  1.0  4.1 11.4  6.5  0.0
     -2.16      5.86     -2.75     -2.91     -0.70  0.5  0.0  0.0  0.0  0.0
                                     4000_story_0839_llm.txt 35.3  4.4 2269
 11.5  4.0  4.4 30.9  3.1  0.0  0.4  0.0  6.2 10.1  0.4  0.4  0.0  4.4  0.4
  0.4  0.0  3.1 14.5  0.4  1.3254.7 94.8 33.5116.8100.9 12.3  5.7  0.9  0.9
  0.4  3.1 14.1  9.7 13.2 38.3  6.6  2.2  1.3  0.9  0.0  2.2  4.8  3.5  0.9
  4.4  7.1  1.8  2.6  4.0  5.3 26.0  8.8  0.4  2.2 57.7110.2  1.3171.0  6.2
  2.2  0.0  0.0  0.0  0.0  0.0  0.0  0.0  0.0  0.0  0.0  0.0  0.0  0.0  0.0
  0.0  0.0  0.0  4.0  0.0  2.2  1.3  0.0  0.0  0.0  0.0  0.0  0.0  0.0  0.4
  0.0  0.4  1.8  1.3  0.0  0.0  0.0  0.0  0.0  0.0  0.0  0.0  3.1  0.4  0.0
  7.5  0.0  0.0  7.5  4.0  0.0  4.0  3.5  0.0  0.0  0.0  0.0  0.0  0.0  0.0
  0.0  0.0  0.0  0.0  0.0  0.0  0.0 13.2  0.9  2.2  5.3 20.7  1.3  5.3  7.9
  6.2  3.5  1.3  3.5  0.0  0.4  0.0 40.5 15.9 17.2  3.1  9.3 11.9  7.5  0.0
     -9.34      6.03     -4.38     -4.37      2.04  0.0  0.0  0.0  0.0  0.0
                                     4000_story_0842_llm.txt 36.5  4.6 2223
 10.8  1.8  0.9 53.5  7.2  0.4  2.2  0.4 34.2 11.7  0.9  3.6  0.0  4.9  0.4
  2.2  0.0  4.0 15.3  2.2  0.9235.3 75.6 40.9 93.1 66.1 14.8  4.5  1.8  2.7
  1.3  1.8 28.3  6.7  4.5 37.3  8.1  4.9  3.6  3.6  1.8  3.6  4.9  6.3  0.0
  1.8  7.2  0.9  4.5  9.9 10.8 31.5  8.1  2.2  5.8 81.9107.5  2.7158.8  5.8
  0.9  0.0  0.0  0.0  0.0  0.0  0.0  0.0  0.0  0.0  0.0  0.0  0.0  0.0  0.0
  0.0  0.0  0.0  0.9  0.0  1.3  0.4  0.0  0.0  0.0  0.0  0.0  0.0  0.4  0.0
  0.0  0.9  0.4  0.0  0.0  0.0  0.0  0.0  0.0  0.0  0.4  0.0  3.6  2.7  0.0
  2.7  0.0  0.4  3.1  1.3  0.0  1.3  6.7  0.0  0.0  0.0  0.0  0.0  0.0  0.0
  0.0  0.4  0.0  0.0  0.0  0.0  0.0  9.4  0.9  2.7  6.7 10.8  1.3  4.5  3.6
  1.3  2.2  0.4  1.3  0.9  1.8  1.3 23.4 14.8 17.5  3.1  5.8  9.4  4.0  0.0
     -1.94      3.96      1.87     -0.33      1.00  0.9  0.0  0.0  0.0  0.0
                                     4000_story_0852_llm.txt 37.3  4.3 2188
  8.7  2.7  0.0 46.2 11.4  0.0  3.7  1.8 14.2 13.7  0.5  0.9  0.0  3.2  0.5
  0.9  0.0  5.0 12.8  0.5  0.9243.1 82.7 27.4104.2 79.1 12.3  9.6  0.9  5.5
  0.0  4.6 21.0 10.1 10.1 34.3  6.4  5.0  3.2  0.5  1.8  3.7  0.9  9.6  0.0
  3.7 10.5  1.8  1.8  5.5 11.9 29.3 13.3  0.5  6.4 63.1104.7  2.3159.5  3.7
  1.8  0.0  0.0  0.0  0.0  0.0  0.0  0.0  0.0  0.0  0.0  0.0  0.0  0.0  0.0
  0.0  0.0  0.0  1.4  1.8  1.4  1.4  0.0  0.0  0.0  0.0  0.0  0.0  0.0  0.5
  0.5  1.4  0.9  0.5  0.0  0.0  0.0  0.0  0.0  0.9  0.0  0.0  3.7  1.4  0.0
  5.9  0.0  0.0  5.9  3.7  0.0  4.6  5.0  0.0  0.0  0.0  0.0  0.0  0.0  0.0
  0.0  0.0  0.0  0.0  0.0  0.0  0.0 18.3  0.9  0.5 10.1 17.4  1.4  6.4  6.4
  3.7  3.7  3.2  2.7  0.5  0.0  0.0 34.3 21.5 11.4  3.2  8.2  9.6  3.7  0.0
     -5.90      5.36     -0.37     -1.84     -0.42  0.5  0.0  0.0  0.0  0.0
                                     4000_story_0853_llm.txt 34.8  4.6 5062
 12.8  2.4  1.2 47.2  7.7  0.2  2.2  0.2 18.6 10.9  0.4  1.8  0.2  3.6  0.4
  0.2  0.8  3.6 14.8  1.0  1.8278.9 88.1 37.9 94.4 52.5 12.8  6.1  2.2  2.2
  1.2  2.0 30.4  8.9  9.9 32.0  4.3  6.1  2.2  1.6  2.0  1.4  3.4  7.5  0.8
  4.7  5.1  3.0  2.0  4.3 11.7 25.3 13.0  1.8  5.5 68.4 78.8  1.6153.5  5.3
  0.0  0.2  0.0  0.0  0.0  0.0  0.0  0.0  0.0  0.0  0.0  0.0  0.0  0.0  0.0
  0.0  0.0  0.0  2.6  1.2  1.0  1.4  0.0  0.2  0.0  0.0  0.0  0.0  0.0  0.0
  0.4  0.4  0.6  0.8  0.0  0.0  0.0  0.0  0.2  0.8  0.2  0.0  1.8  0.6  0.0
  6.1  0.2  0.0  6.3  2.2  0.2  3.2  2.6  0.0  0.0  0.0  0.0  0.0  0.0  0.0
  0.0  0.2  0.0  0.0  0.0  0.0  0.0  8.5  2.2  0.8  6.5 20.2  1.2  3.4  5.9
  2.2  2.2  3.0  4.0  0.4  0.2  0.2 33.4 15.2 15.6  2.6  5.3 10.9  5.1  0.0
     -6.59      3.32      0.00     -2.23      1.75  0.4  0.0  0.0  0.0  0.0
                                     4000_story_0854_llm.txt 36.8  4.4 2833
 15.5  2.8  7.4 42.7 13.8  1.1  1.1  1.8 13.8  6.7  1.4  0.7  0.4  4.6  1.1
  0.4  0.4  5.6 12.0  1.1  0.7266.5 85.1 22.9108.0 96.7 12.7  9.5  0.0  2.5
  0.4  1.8 20.8  5.3  9.5 30.7  9.5  2.8  2.1  1.1  2.1  1.8  3.2  3.9  0.0
  2.5  9.9  2.8  1.1  2.5 10.6 25.4  6.4  1.4  2.8 53.7124.2  1.1167.3  6.0
  1.4  0.4  0.0  0.0  0.0  0.0  0.0  0.0  0.0  0.0  0.0  0.0  0.0  0.0  0.0
  0.0  0.0  0.0  1.8  0.7  1.4  2.1  0.0  0.4  0.0  0.0  0.0  0.0  0.0  0.0
  0.4  0.7  2.1  1.4  0.0  0.4  0.0  0.0  0.4  0.0  0.0  0.0  1.8  1.1  0.0
  6.0  0.4  0.0  6.4  4.6  0.7  5.3  2.8  0.0  0.0  0.0  0.0  0.0  0.0  0.0
  0.4  0.0  0.0  0.0  0.0  0.0  0.0 11.3  3.5  1.4  5.6 24.4  0.0  1.8  7.8
  2.5  0.4  1.1  2.1  0.0  0.7  0.0 47.3 15.9 17.6  1.8  4.6  9.2  7.1  0.0
     -4.52      6.33     -1.43     -3.05     -0.26  0.4  0.0  0.0  0.0  0.0
                                     4000_story_0858_llm.txt 35.3  4.5 3064
 11.1  3.9  7.2 54.2 18.9  0.3  2.9  2.3 22.2 13.7  0.0  0.7  1.0  3.9  1.6
  0.7  2.9  4.9 14.0  0.7  1.0284.6 71.1 23.2 97.9 50.6 16.0 13.1  1.0  3.3
  1.0  1.3 27.1  6.2  7.8 27.4  7.5  6.9  3.6  2.3  0.7  1.6  2.9  7.8  1.3
  3.6  6.5  2.9  0.3  5.5 12.4 24.8 12.7  3.6  5.2 54.2 91.7  2.9164.2  7.8
  1.0  0.7  0.0  0.0  0.0  0.0  0.0  0.0  0.0  0.0  0.0  0.0  0.0  0.0  0.0
  0.0  0.0  0.0  2.0  0.3  2.0  1.6  0.3  0.7  0.3  0.0  0.0  0.0  0.0  0.3
  0.0  1.0  1.3  0.3  0.3  0.0  0.0  0.0  0.0  0.7  0.7  0.0  1.0  2.3  0.0
  5.9  1.3  0.0  7.2  2.9  0.3  3.9  3.9  0.0  0.0  0.0  0.0  0.0  0.0  0.0
  0.3  1.3  0.3  0.0  0.0  0.0  0.0 24.2  3.9  2.0  7.2 17.6  3.9  4.9  4.6
  3.6  1.0  2.3  0.7  0.0  0.3  0.0 37.5 20.2 18.6  2.0  3.6 10.1  4.6  0.0
      1.90      5.23      0.80     -1.81      1.56  0.3  0.0  0.0  0.0  0.0
                                     4000_story_0872_llm.txt 35.8  4.4 2035
 14.3  3.4  1.5 24.1  4.4  0.0  1.0  0.5  7.4 12.8  0.0  0.5  0.0  2.9  1.0
  0.0  1.0  4.4 10.3  1.0  2.5270.8105.2 30.5113.5 94.8 15.7  5.4  0.0  1.5
  1.0  2.9 25.1  8.4 14.3 29.0  4.9  1.5  2.5  1.5  1.5  2.5  2.0  6.9  0.5
  3.9  5.4  2.0  1.5  3.4  7.4 20.6 11.3  2.0  2.5 58.5106.6  2.0156.8  8.4
  2.5  0.0  0.0  0.0  0.0  0.0  0.0  0.0  0.0  0.0  0.0  0.0  0.0  0.0  0.0
  0.0  0.0  0.0  2.0  0.5  2.5  0.5  0.0  0.0  0.0  0.0  0.0  0.0  0.0  0.0
  0.0  0.0  0.0  0.5  0.0  0.0  0.0  0.0  0.0  0.0  0.0  0.0  2.0  0.5  0.0
  5.4  0.0  0.0  5.4  0.5  0.0  0.5  2.5  0.0  0.0  0.0  0.0  0.0  0.0  0.0
  0.0  0.5  0.0  0.0  0.0  0.0  0.0 11.8  2.0  1.5  5.9 31.0  3.9  4.9  7.4
  3.4  2.5  1.5  5.4  0.5  0.0  0.0 31.9 17.2 19.2  1.5 10.3 10.8  6.4  0.0
     -8.03      6.25     -2.79     -3.11      0.29  1.0  0.0  0.0  0.0  0.0
                                     4000_story_0879_llm.txt 36.0  4.8 4809
 13.7  4.6  0.4 45.3  7.1  0.2  1.9  1.9 72.8 14.8  1.5  1.9  0.4  3.1  0.2
  1.0  0.8  5.6 19.3  0.2  0.2221.5 75.7 29.7106.1 36.2 22.0  9.6  1.9  8.1
  2.9  1.2 53.9  9.4  3.5 39.5 15.4  6.0  4.2  1.5  1.2  4.6  5.2  7.5  1.2
  2.9  9.6  4.4  1.7  8.7 12.9 33.5 11.6  1.0 12.9 59.7116.0  0.8172.2  3.5
  0.4  0.2  0.0  0.0  0.0  0.0  0.0  0.0  0.0  0.0  0.0  0.0  0.0  0.0  0.0
  0.0  0.0  0.0  2.7  1.9  2.9  3.1  0.2  0.0  0.0  0.0  0.0  0.0  0.0  0.8
  0.4  2.1  2.1  1.2  0.0  0.8  0.2  0.2  0.0  2.3  0.4  0.0  2.7  1.2  0.0
 10.6  0.2  0.0 10.8  6.7  1.2 10.2  4.4  0.0  0.0  0.0  0.0  0.0  0.0  0.0
  0.2  0.2  0.0  0.0  0.0  0.0  0.0 10.2  5.0  2.9 10.4  9.1  1.9  4.6  1.9
  3.3  1.2  1.9  0.2  0.4  1.0  1.2 26.2 21.4 23.5  4.4  6.2  8.5  5.2  0.0
     -0.53      5.38      7.02     -0.74      2.66  0.4  0.0  0.2  0.0  0.0
                                     4000_story_0887_llm.txt 34.8  4.7 4802
 11.0  3.3 15.2 54.8 10.6  2.1  1.9  2.3 22.9 11.0  3.5  1.5  0.6  5.0  0.6
  1.5  1.0  8.1 12.3  0.2  0.8285.9 85.0 40.2 90.0 54.4 10.0 10.8  0.6  1.2
  0.4  1.9 59.1  7.3  6.2 33.5  7.3  6.9  2.3  1.9  2.5  1.2  5.8  6.2  0.8
  3.1  4.0  4.2  2.5  7.7 17.5 21.4 10.2  1.2  2.3 74.6 87.9  4.2156.8  5.2
  2.1  0.0  0.0  0.0  0.0  0.0  0.0  0.0  0.0  0.0  0.0  0.0  0.0  0.0  0.0
  0.0  0.0  0.0  2.3  0.8  3.3  1.7  0.2  0.0  0.0  0.0  0.0  0.0  0.0  0.2
  0.2  1.5  0.4  0.6  0.0  0.2  0.2  0.0  0.0  0.0  0.4  0.2  2.5  1.2  0.0
  8.1  0.2  0.0  8.3  2.9  0.4  3.3  4.4  0.0  0.0  0.0  0.0  0.0  0.0  0.0
  0.4  0.4  0.0  0.0  0.0  0.0  0.0  6.7  3.7  2.1  9.0 20.4  1.9  5.2 10.4
  5.0  0.2  1.2  3.3  0.8  1.5  0.2 28.7 15.0 17.3  2.3  4.4 10.4  4.4  0.0
     -2.79      3.57      1.32     -1.69      2.61  1.7  0.4  0.0  0.0  0.0
                                     4000_story_0888_llm.txt 35.0  5.0 2378
 10.1  0.4  0.0 28.6  0.0  0.4  2.1  0.4  5.5 10.5  0.4  0.8  0.0  3.8  1.3
  0.4  0.0  2.5 16.4  0.4  1.3301.1104.7 39.9100.9 39.9 14.3  9.7  0.4  5.9
  1.3  0.0 41.2  3.4  6.7 32.0  6.3  2.5  1.3  1.7  1.3  2.9  2.9  8.0  1.3
  5.0  3.8  1.7  1.7  4.6  6.3 22.7 14.3  0.4  7.6 74.9 45.4  1.7152.2  6.7
  0.4  0.4  0.0  0.0  0.0  0.0  0.0  0.0  0.0  0.0  0.0  0.0  0.0  0.0  0.0
  0.0  0.0  0.0  1.3  0.4  0.8  0.8  0.0  0.4  0.0  0.0  0.4  0.0  0.0  0.4
  0.0  0.0  1.3  0.8  0.4  0.0  0.0  0.0  0.4  0.4  0.0  0.0  2.1  0.8  0.0
  3.4  0.4  0.4  4.2  2.5  0.8  3.8  2.9  0.0  0.0  0.0  0.0  0.0  0.0  0.0
  0.0  0.0  0.0  0.0  0.0  0.0  0.0  7.1  1.3  1.7  6.7 13.0  2.1  1.3  6.7
  0.8  0.8  1.3  2.9  0.0  2.1  0.4 24.4 16.4 12.2  1.7  4.6 11.4  6.3  0.0
    -13.13      3.91      3.42     -3.05      2.02  0.8  0.4  0.0  0.0  0.0
                                     4000_story_0889_llm.txt 36.8  4.5 6532
 11.5  2.1 15.8 53.7 12.2  2.3  2.9  0.6 16.2 15.0  0.8  0.9  0.6  5.7  0.3
  0.5  0.9  5.7 12.9  0.6  3.2296.8 81.9 32.3100.3 56.5 11.5 11.3  1.4  3.4
  0.5  0.9 32.1  6.9  7.7 32.3  5.7  4.0  2.6  0.6  0.8  2.3  3.2  4.9  0.5
  5.4  3.5  1.2  1.7  5.5 10.4 18.8 10.7  1.5  5.2 62.5 85.0  1.8169.5  5.4
  0.2  0.2  0.0  0.0  0.0  0.0  0.0  0.0  0.0  0.0  0.0  0.0  0.0  0.0  0.0
  0.0  0.0  0.0  1.2  0.8  1.2  1.7  0.3  0.2  0.0  0.0  0.0  0.0  0.2  0.0
  0.3  1.1  0.5  0.8  0.0  0.2  0.3  0.0  0.0  0.2  0.3  0.0  2.1  0.5  0.0
  4.9  0.5  0.2  5.5  2.6  0.5  3.2  2.9  0.0  0.0  0.0  0.0  0.0  0.0  0.0
  1.5  0.8  0.0  0.0  0.0  0.0  0.2 10.9  2.4  1.1  8.6 19.9  1.7  4.9  9.6
  2.3  1.4  1.4  1.2  1.1  0.3  0.2 35.4 18.5 17.6  0.5  6.0  8.4  4.4  0.0
     -2.50      4.39      0.40     -3.26      1.21  0.2  0.2  0.0  0.0  0.0
                                     4000_story_0890_llm.txt 35.8  4.7 3707
 14.0  2.7  6.2 68.8 10.5  0.8  3.5  2.4 17.8 15.1  0.8  0.5  0.8  3.5  0.8
  0.8  1.6  5.4 13.2  0.3  1.1282.2 87.9 36.1 88.8 47.7 10.5 13.8  0.5  3.2
  0.5  2.2 32.9  4.6  5.4 33.2  5.4  2.4  0.5  1.1  1.3  3.0  2.7  5.4  0.5
  4.6  5.9  5.7  3.2  5.7  9.2 22.9 10.5  1.9  4.3 72.3 76.1  1.1168.1  5.4
  1.1  0.0  0.0  0.0  0.0  0.0  0.0  0.0  0.0  0.0  0.0  0.0  0.0  0.0  0.0
  0.0  0.0  0.0  1.1  1.1  1.9  1.6  0.0  0.0  0.0  0.0  0.0  0.3  0.0  0.0
  0.3  0.8  0.8  1.1  0.0  0.0  0.0  0.0  0.0  0.3  0.8  0.0  4.0  0.8  0.0
  5.7  0.0  0.3  5.9  3.0  0.0  3.2  5.7  0.0  0.0  0.0  0.0  0.0  0.0  0.0
  0.3  0.8  0.0  0.0  0.0  0.0  0.0  9.2  4.3  1.3  9.7 13.8  3.0  4.3  5.4
  1.3  1.6  0.8  0.3  1.6  1.1  0.3 24.3 20.2 25.1  0.5  4.0  8.6  7.0  0.0
     -3.28      3.88      1.70     -3.53      0.77  0.8  0.0  0.0  0.0  0.0
                                     4000_story_0891_llm.txt 34.0  4.9 3362
  8.3  2.4 12.2 50.6  5.9  0.9  3.3  0.9 14.6  7.4  1.5  1.2  0.0  2.1  0.0
  0.6  0.9  4.2 11.6  0.3  1.5338.5 85.4 45.5 89.2 44.9  8.3 14.3  0.3  2.7
  0.6  0.9 46.1  3.3  7.1 25.6  3.3  6.5  1.8  1.2  3.6  1.8  4.8  8.9  0.9
  3.6  3.0  0.9  1.5  3.3 14.3 17.8 13.4  1.2  3.6 72.0 65.4  2.4153.5  8.0
  0.9  0.3  0.0  0.0  0.0  0.0  0.0  0.0  0.0  0.0  0.0  0.0  0.0  0.0  0.0
  0.0  0.0  0.0  1.8  0.3  0.9  0.6  0.0  0.0  0.0  0.0  0.0  0.0  0.0  0.3
  0.0  1.8  0.6  0.0  0.0  0.3  0.0  0.0  0.0  0.0  0.6  0.0  2.4  0.6  0.0
  3.6  0.0  0.0  3.6  2.7  0.3  3.0  3.6  0.0  0.0  0.0  0.0  0.0  0.0  0.0
  0.6  0.6  0.0  0.0  0.0  0.0  0.6  9.2  4.5  0.6  7.4 10.4  2.4  3.3  5.9
  4.5  0.6  0.6  1.5  0.6  0.9  1.2 31.5 20.2  9.5  2.1  4.5  5.9  5.9  0.0
    -11.56      3.45      2.07     -1.52      2.54  0.3  0.0  0.3  0.3  0.0
                                     4000_story_0894_llm.txt 35.5  4.8 1749
 12.0  3.4  9.1 40.6 10.3  2.9  4.0  1.1 21.2  9.7  0.6  0.0  0.6  5.7  0.0
  0.6  2.3  4.0 13.2  0.6  0.6324.2 89.2 42.9 98.9 50.3 11.4  8.6  0.6  4.6
  0.0  0.6 35.4  5.1  7.4 35.4  6.9  4.6  3.4  2.3  0.0  1.7  5.1  5.1  0.0
  4.0  1.7  2.3  1.1  3.4  8.6 17.7  9.1  2.9  5.1 75.5 81.8  1.7156.1  9.1
  1.1  0.0  0.0  0.0  0.0  0.0  0.0  0.0  0.0  0.0  0.0  0.0  0.0  0.0  0.0
  0.0  0.0  0.0  2.3  0.6  3.4  1.1  0.0  0.0  0.0  0.0  0.0  0.0  0.6  0.0
  0.0  0.6  0.0  0.6  0.0  0.0  0.0  0.0  0.0  1.1  0.6  0.6  1.1  1.1  0.0
  7.4  0.0  0.6  8.0  1.1  0.0  2.3  3.4  0.0  0.0  0.0  0.0  0.0  0.0  0.0
  0.6  1.1  0.0  0.0  0.0  0.0  0.0 16.6  3.4  0.6 10.3 12.6  0.6  0.6  5.7
  3.4  2.9  1.7  2.3  2.3  0.0  0.6 32.6 16.0 14.9  1.1  6.9  7.4  4.0  0.0
     -5.26      3.55      0.60     -2.68      1.66  0.6  0.0  0.0  0.0  0.0
                                     4000_story_0895_llm.txt 33.3  4.7 2103
 15.2  2.9  6.2 40.9  8.1  0.0  3.8  1.4  8.1 17.1  1.0  1.9  0.0  3.8  0.5
  1.0  0.5  6.2 10.9  1.9  1.0278.6 86.5 31.4106.5 51.8 21.4  9.0  1.0  2.4
  1.9  1.9 35.2  6.7  8.6 37.6  9.5  3.3  1.4  2.4  0.5  1.9  5.2  5.7  1.0
  3.8  4.8  3.8  2.4  2.4 10.0 21.9 10.5  2.4  5.2 51.8 68.0  1.9166.9  5.7
  1.4  0.5  0.0  0.0  0.0  0.0  0.0  0.0  0.0  0.0  0.0  0.0  0.0  0.0  0.0
  0.0  0.0  0.0  1.9  1.4  3.3  1.9  0.5  0.0  0.0  0.0  0.0  0.0  0.0  0.0
  0.0  2.4  1.4  2.4  0.0  0.0  0.0  0.0  0.0  1.0  0.0  0.0  3.8  1.0  0.0
  8.6  0.5  0.0  9.0  6.2  0.0  7.1  4.8  0.0  0.0  0.0  0.0  0.0  0.0  0.0
  0.0  0.0  0.0  0.0  0.0  0.0  0.5  9.5  4.3  2.4 11.9 22.8  1.9  2.9  4.8
  2.4  1.0  1.4  0.5  0.0  0.5  0.5 25.7 18.1 27.1  1.0  4.3  9.0  3.3  0.0
     -4.27      5.87      1.05     -3.28      2.47  1.0  0.0  0.0  0.0  0.0
                                     4000_story_0896_llm.txt 37.5  4.9 5221
 10.5  3.3  7.5 45.4 11.7  0.8  2.3  0.4 10.7 11.9  0.6  1.7  0.2  2.5  0.0
  1.0  1.1  4.0 14.2  0.6  1.7324.3 86.2 44.4 82.6 41.0 11.1 10.9  0.4  1.9
  1.1  0.4 43.3  5.7  5.4 31.0  5.9  4.4  3.3  1.7  0.8  1.7  1.9  5.6  1.0
  3.1  3.4  1.0  2.1  3.3  9.2 21.5  9.6  1.7  3.4 65.1 63.4  1.7144.4  4.4
  1.0  0.0  0.0  0.0  0.0  0.0  0.0  0.0  0.0  0.0  0.0  0.0  0.0  0.0  0.0
  0.0  0.0  0.0  2.3  1.0  1.1  1.1  0.0  0.0  0.0  0.0  0.0  0.2  0.0  1.0
  0.4  1.1  1.0  0.2  0.0  0.2  0.0  0.0  0.0  0.4  0.6  0.0  1.3  1.1  0.0
  5.6  0.0  0.2  5.7  3.6  0.2  4.2  3.1  0.0  0.0  0.0  0.0  0.0  0.0  0.0
  0.4  0.6  0.0  0.0  0.0  0.0  0.0  9.8  3.6  2.1 10.3 19.5  3.4  7.9  8.6
  1.5  1.3  1.0  1.7  0.8  1.0  0.8 31.6 18.2 16.3  1.0  6.3  8.4  6.3  0.0
     -8.53      2.97      1.37     -2.67      0.14  0.4  0.0  0.2  0.0  0.0
                                     4000_story_0898_llm.txt 35.8  4.7 4989
 13.0  2.0  0.4 65.5 12.8  1.2  3.6  1.2 27.3 20.0  1.4  1.2  0.2  5.8  0.0
  0.8  1.6  4.4 15.6  0.4  1.2262.2 81.2 32.7 81.0 42.9 15.4  6.2  1.2  4.6
  0.8  2.2 31.9  7.4  7.0 29.3  5.6  9.0  0.8  3.4  2.4  2.4  2.8  8.2  1.2
  1.2  5.8  2.6  2.0  5.0 15.8 28.3 10.6  2.0  6.6 64.1 83.0  2.2155.9  4.4
  0.8  0.2  0.0  0.0  0.0  0.0  0.0  0.0  0.0  0.0  0.0  0.0  0.0  0.0  0.0
  0.0  0.0  0.0  2.2  0.6  1.2  0.8  0.2  0.0  0.0  0.0  0.0  0.0  0.0  0.4
  0.4  0.4  0.6  0.6  0.0  0.2  0.0  0.0  0.0  0.2  0.0  0.0  1.6  2.2  0.0
  4.8  0.2  0.0  5.0  2.4  0.2  2.8  3.8  0.0  0.0  0.0  0.0  0.0  0.0  0.0
  0.0  0.2  0.0  0.0  0.0  0.0  0.0 10.4  3.0  1.2  6.6 20.8  2.4  5.4  8.0
  3.0  2.0  1.4  1.0  0.2  0.4  0.0 26.7 12.4 18.4  1.8  4.0 11.2  5.2  0.0
     -0.72      2.96      1.90     -0.54      0.69  0.0  0.0  0.0  0.0  0.0
                                     4000_story_0899_llm.txt 34.3  4.6 5171
 16.6  4.3 13.2 47.6  9.1  0.4  2.1  1.0 14.3 13.0  0.8  0.8  0.0  5.4  0.0
  1.2  0.6  4.4  7.5  0.8  1.7281.6 80.4 28.8104.0 63.8  9.9  7.7  0.4  1.9
  0.4  2.3 46.0  5.4 12.8 34.4 11.6  5.8  1.5  1.9  2.3  1.7  3.5  7.3  0.2
  4.1  5.6  2.7  2.9  4.8 12.6 18.2 11.6  1.4  2.7 53.4 87.2  1.7169.8  3.5
  1.2  0.0  0.0  0.0  0.0  0.0  0.0  0.0  0.0  0.0  0.0  0.0  0.0  0.0  0.0
  0.0  0.0  0.0  1.2  0.8  3.5  2.5  0.0  0.0  0.0  0.0  0.0  0.2  0.0  0.6
  0.0  1.2  1.2  1.4  0.0  0.0  0.2  0.0  0.0  0.4  0.2  0.0  2.7  0.8  0.0
  7.9  0.0  0.2  8.1  4.3  0.2  4.8  3.7  0.0  0.0  0.0  0.0  0.0  0.0  0.0
  0.2  0.0  0.0  0.0  0.0  0.0  0.0 13.3  7.3  2.9  9.9 21.5  2.7  4.4  7.5
  3.3  0.6  0.2  1.4  0.8  0.8  1.2 34.6 14.9 20.3  1.7  6.2 10.8  6.4  0.0
     -5.47      3.86     -0.68     -2.04      1.12  0.6  0.0  0.4  0.0  0.0
                                     4000_story_0920_llm.txt 37.5  4.7 5586
 10.7  4.3 16.1 61.9 15.2  1.8  3.8  1.6 18.6 11.5  1.1  1.4  0.5  5.5  0.2
  0.0  1.6  4.3 14.1  0.7  1.8276.6 83.1 37.8 98.5 61.2 13.4 16.6  0.5  2.0
  0.9  2.0 39.6  6.6  8.6 34.9  7.3  3.8  2.5  4.5  2.3  1.6  3.0  6.6  0.5
  4.7  6.1  2.3  2.0  5.0 10.4 28.1 11.8  2.3  3.4 69.3 95.1  2.1178.1  8.1
  0.9  0.2  0.0  0.0  0.0  0.0  0.0  0.0  0.0  0.0  0.0  0.0  0.0  0.0  0.0
  0.0  0.0  0.0  3.8  1.1  2.0  0.5  0.4  0.2  0.0  0.0  0.0  0.0  0.0  0.5
  0.2  0.7  1.1  0.5  0.0  0.2  0.4  0.0  0.0  0.2  0.2  0.4  2.3  1.1  0.0
  7.3  0.5  0.0  7.9  3.0  0.5  3.8  3.9  0.0  0.0  0.0  0.0  0.0  0.0  0.0
  1.1  0.7  0.0  0.0  0.0  0.0  0.0  5.2  2.1  1.8  6.8 24.5  2.1  3.6  7.3
  4.1  2.0  1.6  2.0  1.3  0.9  1.4 39.0 26.0 14.9  1.8  4.7  9.8  6.8  0.0
     -1.27      5.90      0.16     -1.11      1.19  0.2  0.0  0.0  0.2  0.0
                                     4000_story_0921_llm.txt 39.5  4.5 5290
 12.3  5.1 23.4 57.3 18.9  1.5  1.5  0.6 27.6  9.1  0.6  0.9  0.4  2.1  0.9
  0.4  1.1  3.6 13.2  0.8  1.9279.2 90.2 34.4 95.5 56.0 10.6  8.1  1.3  1.9
  1.1  1.9 23.1  8.7 11.7 34.6  6.4  8.3  0.4  1.5  0.6  1.9  2.8  5.5  0.8
  4.5  6.6  0.4  2.6  3.2 12.5 24.2 10.8  1.9  4.3 65.2102.5  2.5166.4  2.8
  1.9  0.0  0.0  0.0  0.0  0.0  0.0  0.0  0.0  0.0  0.0  0.0  0.0  0.0  0.0
  0.0  0.0  0.0  1.1  0.4  2.3  2.3  0.2  0.0  0.0  0.0  0.2  0.0  0.0  0.4
  0.8  0.9  0.4  0.8  0.0  0.6  0.0  0.0  0.0  0.0  0.6  0.2  1.5  0.9  0.0
  6.0  0.2  0.2  6.4  3.2  0.6  3.8  3.2  0.0  0.0  0.0  0.0  0.0  0.0  0.0
  0.4  0.2  0.0  0.0  0.2  0.2  0.0 12.3  2.6  1.3  9.1 22.5  4.0  5.1 12.3
  1.9  1.9  0.6  1.3  0.8  0.6  0.8 37.1 13.2 16.6  0.6  4.9  9.1  5.3  0.0
     -3.35      3.44     -1.87     -2.79      1.02  0.2  0.0  0.0  0.2  0.0
                                     4000_story_0922_llm.txt 37.0  4.7 4269
  9.6  2.8  7.5 47.1  6.1  0.0  1.6  1.6  6.6 10.1  1.2  0.9  0.2  2.8  0.2
  0.5  0.0  7.5 17.3  0.5  1.4254.4 99.3 41.2 86.4 55.5 19.2  6.6  3.5  3.3
  2.1  1.6 49.0  5.6  7.7 30.9  8.0  8.2  1.6  1.2  0.7  4.2  4.2 15.5  1.9
  5.2  7.5  4.2  3.5  3.7 16.4 28.6 22.5  0.5  8.9 67.2 68.2  1.2150.9  4.5
  0.5  0.2  0.0  0.0  0.0  0.0  0.0  0.0  0.0  0.0  0.0  0.0  0.0  0.0  0.0
  0.0  0.0  0.0  1.9  0.9  3.0  1.2  0.2  0.2  0.0  0.0  0.0  0.0  0.2  0.5
  0.0  0.7  1.4  0.7  0.0  0.0  0.2  0.0  0.2  0.7  0.5  0.2  0.5  0.7  0.0
  7.0  0.5  0.2  7.7  3.3  0.5  4.5  1.9  0.0  0.0  0.0  0.0  0.0  0.0  0.0
  0.0  0.2  0.0  0.0  0.0  0.0  0.0 10.1  4.9  2.8 11.7 11.7  2.1  5.4  5.2
  0.5  1.6  1.4  0.5  0.7  1.4  0.2 25.3 12.9 18.7  3.0  3.3  7.0  6.3  0.0
     -8.23      4.49      4.97     -1.57      4.46  0.2  0.2  0.0  0.0  0.0
                                     4000_story_0924_llm.txt 34.8  4.7 6729
 10.3  3.0  0.4 32.2  1.9  0.3  0.9  1.9 29.0 15.0  0.9  0.6  0.4  2.8  0.4
  1.3  0.6  6.5 18.4  0.1  1.0249.8106.4 49.3 89.9 25.6 17.4  5.9  2.4  4.3
  1.6  3.6 43.7  8.6  9.8 32.7  7.1  2.7  1.2  1.3  0.6  2.8  3.7 10.1  1.0
  3.4 10.1  3.1  4.8  4.2  9.8 34.0 14.6  0.7  8.3 82.8 56.5  0.7141.0  4.8
  1.5  0.1  0.0  0.0  0.0  0.0  0.0  0.0  0.0  0.0  0.0  0.0  0.0  0.0  0.0
  0.0  0.0  0.0  2.1  0.6  2.2  1.9  0.0  0.0  0.0  0.0  0.0  0.0  0.0  0.4
  0.4  0.6  1.0  0.9  0.0  0.9  0.1  0.0  0.0  0.6  0.0  0.0  0.7  0.6  0.0
  6.8  0.0  0.0  6.8  3.4  1.0  5.1  1.3  0.0  0.0  0.0  0.0  0.0  0.0  0.0
  0.0  0.3  0.0  0.0  0.0  0.0  0.0 11.0  4.3  4.5  9.7 13.1  4.6  8.8 17.2
  0.9  2.4  1.0  1.9  0.0  2.4  1.6 21.1 14.0 17.5  2.1  8.5 15.3  4.3  0.0
     -7.45      2.81      3.16     -3.56      2.13  0.3  0.0  0.0  0.0  0.0
                                     4000_story_0925_llm.txt 31.3  4.7 5999
 14.3  2.3  5.3 59.0  6.5  0.0  3.5  0.5  6.5 20.0  1.2  3.5  0.2  3.5  0.3
  0.2  0.7  9.5 21.8  0.8  2.0240.2 99.5 37.3 73.7 45.5 17.0  8.7  2.8  6.2
  1.3  1.0 42.7  3.8  8.2 30.5  9.0  5.0  2.2  2.0  1.2  2.5  4.2  9.2  1.2
  4.0  8.5  5.0  2.7  5.2 15.7 36.8 14.3  1.5 10.3 81.0 58.5  1.2149.7  3.2
  1.8  0.3  0.0  0.0  0.0  0.0  0.0  0.0  0.0  0.0  0.0  0.0  0.0  0.0  0.0
  0.0  0.0  0.0  3.5  0.3  1.7  1.8  0.0  0.3  0.0  0.0  0.3  0.0  0.0  0.5
  0.5  0.3  0.8  1.2  0.0  0.3  0.0  0.0  0.0  0.3  0.2  0.0  1.5  1.2  0.0
  7.3  0.3  0.3  8.0  3.3  0.3  4.0  2.8  0.0  0.0  0.0  0.0  0.0  0.0  0.0
  0.2  0.0  0.0  0.0  0.0  0.0  0.0  8.8  3.3  2.5 14.0 19.5  2.0  5.0  9.8
  0.7  1.8  2.7  1.0  0.0  0.8  1.2 17.7 19.0 21.3  0.3  8.5 11.0  2.8  0.0
     -0.54      3.59      5.04     -2.25      2.56  0.8  0.0  0.3  0.0  0.0
                                     4000_story_0926_llm.txt 32.5  4.6 2423
 14.0  1.7  2.9 22.7  0.4  0.4  0.8  0.8  0.8  6.6  0.4  2.5  0.0  2.5  0.0
  0.8  0.0  3.7 16.1  0.0  1.2266.6 90.0 33.8120.9 74.7 12.4  5.8  0.0  2.9
  0.8  3.3 31.8  9.5 14.4 31.4  5.8  1.7  1.7  2.1  0.4  2.1  2.5  8.3  0.4
  5.0  3.7  2.9  2.9  2.9  5.8 27.7 13.6  0.0  3.7 59.0 75.9  0.8167.6  7.8
  0.8  0.0  0.0  0.0  0.0  0.0  0.0  0.0  0.0  0.0  0.0  0.0  0.0  0.0  0.0
  0.0  0.0  0.0  1.2  0.8  1.2  2.5  0.0  0.0  0.0  0.0  0.0  0.0  0.0  0.0
  0.4  0.4  0.8  0.8  0.0  0.0  0.0  0.0  0.0  1.2  0.0  0.0  1.2  0.8  0.0
  5.8  0.0  0.0  5.8  2.5  0.0  3.7  2.1  0.0  0.0  0.0  0.0  0.0  0.0  0.0
  0.4  0.0  0.0  0.0  0.0  0.4  0.0 56.5  3.3  2.1 10.3 27.7  1.2  5.8  7.8
  2.5  2.1  2.5  3.7  0.0  0.4  0.8 36.3  9.1 14.9  2.5  6.2  8.7  7.8  0.0
    -10.95      5.02     -2.14     -3.72      1.09  0.0  0.0  0.0  0.0  0.0
                                     4000_story_0928_llm.txt 37.3  4.4 7148
 13.3  3.2 11.8 46.9 13.4  1.3  2.7  1.1 17.3 17.5  2.0  0.7  0.7  3.9  0.4
  1.1  1.1  6.3  8.3  0.4  1.7244.4 86.2 33.6110.0 69.8 14.5 10.9  1.1  2.7
  0.7  2.5 31.9  6.9 13.3 33.4  7.3  5.2  1.5  3.8  1.7  0.8  3.1  6.4  1.5
  4.1  6.0  2.2  2.7  4.1 13.2 21.3 12.0  1.5  4.5 59.0100.6  2.0171.2  4.6
  0.8  0.1  0.0  0.0  0.0  0.0  0.0  0.0  0.0  0.0  0.0  0.0  0.0  0.0  0.0
  0.0  0.0  0.0  1.3  1.4  3.1  1.8  0.0  0.1  0.0  0.0  0.0  0.0  0.4  0.0
  0.3  1.4  1.1  1.4  0.0  0.6  0.0  0.3  0.1  0.7  0.1  0.0  1.3  1.0  0.0
  7.6  0.1  0.4  8.1  4.2  1.0  5.9  2.4  0.0  0.0  0.0  0.0  0.0  0.0  0.0
  0.1  0.6  0.0  0.0  0.0  0.0  0.0 10.4  3.4  0.7  8.5 21.8  2.9  2.5  8.5
  5.0  1.4  5.0  2.0  0.4  0.7  0.1 34.8 17.5 16.9  1.4  5.9 12.6  5.9  0.0
     -2.45      5.81     -1.02     -2.02      1.76  0.4  0.0  0.0  0.0  0.0
                                     4000_story_0929_llm.txt 37.5  4.5 3639
 13.5  4.4  8.5 32.7  3.0  0.3  0.8  1.1  7.4 20.1  0.8  0.3  1.1  3.8  0.8
  0.3  0.5  4.1  7.1  1.1  2.5248.7 90.7 35.7122.6 69.8 14.6  9.1  1.4  1.1
  0.0  3.8 23.1  6.0 13.7 40.7  8.2  5.5  1.1  2.2  0.0  1.1  3.6  2.7  0.5
  1.9  9.3  1.4  2.5  2.5  9.6 22.8  5.2  1.6  2.5 72.5 80.2  0.5175.6  7.7
  0.8  0.0  0.0  0.0  0.0  0.0  0.0  0.0  0.0  0.0  0.0  0.0  0.0  0.0  0.0
  0.0  0.0  0.0  2.7  1.1  1.9  1.6  0.0  0.0  0.0  0.0  0.0  0.0  0.0  0.8
  0.0  2.5  1.4  0.5  0.0  0.3  0.0  0.0  0.0  0.5  0.0  0.0  0.3  0.8  0.0
  7.4  0.0  0.0  7.4  5.2  0.3  6.0  1.1  0.0  0.0  0.0  0.0  0.0  0.0  0.0
  0.8  0.3  0.0  0.0  0.0  0.0  0.3  8.0  2.2  1.1  6.6 26.7  3.6  2.7  5.5
  3.6  2.2  1.1  3.0  0.5  1.1  0.0 36.3 14.8 17.0  1.9  7.4 12.9  6.0  0.0
     -5.70      5.89     -2.72     -3.50      0.07  0.3  0.0  0.0  0.0  0.0
                                     4000_story_0931_llm.txt 35.8  4.5 4496
  7.8  1.6  9.1 27.1  0.7  0.4  1.1  0.2 10.9 14.9  0.4  0.2  0.9  4.0  0.9
  0.0  0.2  2.2 12.7  0.0  1.6280.0102.5 46.9105.4 60.5 13.8  9.1  0.7  1.8
  0.4  2.9 32.0  5.3 11.1 35.1  6.2  2.0  1.8  0.7  0.7  0.9  2.9  4.0  0.9
  6.0  5.3  2.2  1.6  4.4  4.9 21.8 10.9  0.2  2.9 77.8 72.1  1.6154.4  3.8
  1.8  0.2  0.0  0.0  0.0  0.0  0.0  0.0  0.0  0.0  0.0  0.0  0.0  0.0  0.0
  0.0  0.0  0.0  0.9  0.9  0.9  2.4  0.0  0.0  0.0  0.0  0.0  0.0  0.2  0.2
  0.2  0.2  0.4  1.6  0.0  0.2  0.0  0.0  0.0  0.0  0.0  0.2  1.3  0.4  0.0
  5.1  0.0  0.2  5.3  2.7  0.2  2.9  2.0  0.0  0.0  0.0  0.0  0.0  0.0  0.0
  0.4  0.0  0.0  0.0  0.0  0.0  0.0 11.3  1.6  1.1  7.3 19.1  1.6  4.2 10.2
  1.3  2.2  1.6  2.7  0.7  1.1  0.7 29.8 14.5 11.6  0.7  7.3 10.2  5.3  0.0
    -11.59      4.77     -0.84     -4.58      1.41  0.4  0.0  0.0  0.0  0.0
                                     4000_story_0932_llm.txt 36.5  4.4 3768
 14.9  3.7 21.8 43.8  8.2  0.8  3.5  0.3 17.0 10.4  2.7  0.3  0.0  5.0  0.5
  0.8  0.5  8.5  7.7  0.3  2.9267.8 88.9 34.0114.1 57.3 13.5 15.1  0.5  2.1
  1.1  4.0 31.1  6.6 15.1 29.7  5.8  6.4  3.2  1.9  1.3  2.4  4.8  4.2  0.5
  4.5  5.0  1.6  1.6  5.8 16.2 18.8  9.3  0.8  3.7 64.5 82.5  1.6176.5  6.6
  1.1  0.0  0.0  0.0  0.0  0.0  0.0  0.0  0.0  0.0  0.0  0.0  0.0  0.0  0.0
  0.0  0.0  0.0  1.9  0.3  2.4  2.1  0.0  0.0  0.0  0.0  0.0  0.0  0.3  0.0
  0.3  0.5  0.5  0.5  0.0  0.5  0.0  0.0  0.0  0.0  0.0  0.3  1.3  1.3  0.0
  6.6  0.0  0.3  6.9  1.9  0.5  2.4  2.9  0.0  0.0  0.0  0.0  0.0  0.0  0.0
  0.3  0.3  0.0  0.0  0.0  0.0  0.5  9.3  2.9  2.4  7.7 14.1  1.1  2.4  9.6
  1.6  2.9  1.9  1.6  0.0  3.5  0.8 35.6 22.8 19.4  1.6  5.3 15.1  8.0  0.0
     -4.21      5.98     -1.09     -1.63      1.87  0.3  0.3  0.0  0.3  0.0
                                     4000_story_0935_llm.txt 37.8  4.7 3333
  7.5  1.2  3.6 26.4  1.5  0.0  0.6  0.6 26.7 19.5  0.9  0.0  0.0  3.6  1.2
  0.3  0.3  7.2 14.7  0.6  1.8286.2 95.1 42.6114.0 36.6 10.5  5.4  0.9  0.0
  0.3  3.3 33.0  6.3  9.0 32.1  3.3  2.1  0.9  0.9  0.6  0.3  2.4  6.6  0.9
  6.9  9.6  0.6  1.8  4.5  9.9 28.5 14.4  0.9  1.2 75.0 64.8  1.2161.4  3.0
  1.8  0.0  0.0  0.0  0.0  0.0  0.0  0.0  0.0  0.0  0.0  0.0  0.0  0.0  0.0
  0.0  0.0  0.0  0.3  0.0  0.9  1.2  0.0  0.0  0.0  0.0  0.0  0.0  0.0  0.0
  0.3  1.2  0.0  0.6  0.0  0.0  0.0  0.0  0.0  0.3  0.3  0.3  0.6  1.5  0.0
  2.4  0.0  0.0  2.4  2.1  0.0  2.4  2.7  0.0  0.0  0.0  0.0  0.0  0.0  0.0
  0.0  0.3  0.0  0.0  0.0  0.0  0.0  8.1  2.1  0.9  7.2 24.0  3.3  5.1 10.2
  1.5  2.4  1.2  3.0  0.3  0.6  0.3 27.9 11.4  7.5  0.6  9.6  9.6  6.0  0.0
     -8.66      2.67     -0.98     -5.00      1.79  0.9  0.0  0.0  0.3  0.0
                                     4000_story_0936_llm.txt 35.8  4.7 5811
 11.9  2.8  2.1 42.3  4.1  0.2  2.6  1.0 28.7 16.0  1.2  1.4  0.5  4.5  0.2
  0.7  0.3  5.5 14.6  0.5  1.5260.7 87.9 43.0 97.7 33.9 17.0  6.2  0.9  2.9
  1.0  2.4 47.7  4.6  7.7 32.7  8.3  4.3  2.6  2.6  1.0  4.0  4.1  8.6  1.9
  5.2  4.6  4.3  3.4  4.0 10.8 25.6 15.7  0.9  4.8 74.9 66.8  2.2157.3  6.0
  0.7  0.2  0.0  0.0  0.0  0.0  0.0  0.0  0.0  0.0  0.0  0.0  0.0  0.0  0.0
  0.0  0.0  0.0  1.9  1.5  2.4  2.6  0.2  0.0  0.0  0.0  0.2  0.2  0.0  0.2
  0.0  1.0  1.5  1.5  0.2  0.0  0.0  0.0  0.0  0.3  0.3  0.2  0.5  2.4  0.0
  8.4  0.2  0.3  8.9  4.3  0.2  4.8  3.4  0.0  0.0  0.0  0.0  0.0  0.0  0.0
  0.0  0.0  0.2  0.0  0.0  0.0  0.2 13.4  5.7  1.7  7.6 16.5  1.9  2.6 10.3
  2.9  2.1  2.9  1.4  0.7  1.0  1.5 27.7 15.0 16.9  2.6  8.1 13.1  6.2  0.0
     -5.92      3.42      2.62     -1.50      3.38  0.2  0.2  0.0  0.0  0.0
                                     4000_story_0938_llm.txt 35.5  4.3 2561
  7.4  2.0 25.8 63.3 11.3  2.0  2.3  0.0 32.0 14.8  0.8  0.4  0.0  2.0  1.2
  0.8  2.0  1.6 15.6  0.4  1.6265.9 85.9 36.7 95.3 58.6 12.9 12.5  0.4  3.1
  0.4  1.2 29.7  5.9  9.8 26.9  5.5  9.8  2.3  2.7  0.0  1.6  3.9  2.7  0.8
  5.1  2.3  0.0  1.6  5.9 11.3 22.3  8.6  2.3  3.9 68.7101.9  3.5172.6  4.3
  0.0  0.0  0.0  0.0  0.0  0.0  0.0  0.0  0.0  0.0  0.0  0.0  0.0  0.0  0.0
  0.0  0.0  0.0  1.2  0.0  0.4  0.8  0.0  0.0  0.0  0.0  0.0  0.0  0.0  0.0
  0.0  0.0  0.4  0.8  0.0  0.8  0.0  0.0  0.0  0.8  0.0  0.0  0.8  0.4  0.0
  2.3  0.0  0.0  2.3  1.2  0.8  2.7  1.2  0.0  0.0  0.0  0.0  0.0  0.0  0.0
  0.4  0.4  0.0  0.0  0.0  0.0  0.0  8.6  2.7  3.5  6.2 19.9  2.0  4.3  5.5
  3.1  3.1  2.7  2.3  1.6  0.8  0.4 34.4 19.1 13.7  3.1  6.6  9.4  5.9  0.0
     -2.29      4.80     -0.46     -1.66      1.47  0.0  0.0  0.0  0.0  0.0
                                     4000_story_0939_llm.txt 36.3  4.7 2380
 10.5  2.5 12.2 35.7  8.0  0.0  0.8  1.7  8.0 11.8  0.8  1.3  0.8  6.7  0.4
  0.8  0.8  5.5 10.9  0.0  4.2277.7 97.1 35.3116.4 56.7 15.5 11.3  0.0  1.3
  0.4  2.5 39.5 10.1 17.6 30.7  3.8  3.8  1.3  2.5  0.8  1.3  2.5  5.9  1.3
  2.5  6.3  0.8  1.7  3.4 10.1 23.5  9.7  0.8  1.7 68.5 72.7  1.7173.9  9.7
  0.0  0.0  0.0  0.0  0.0  0.0  0.0  0.0  0.0  0.0  0.0  0.0  0.0  0.0  0.0
  0.0  0.0  0.0  1.3  0.0  1.3  1.3  0.0  0.0  0.0  0.0  0.0  0.0  0.0  0.4
  0.4  0.0  0.4  0.4  0.0  0.0  0.0  0.0  0.0  0.0  0.0  0.0  0.4  0.4  0.0
  3.8  0.0  0.0  3.8  1.7  0.0  1.7  0.8  0.0  0.0  0.0  0.0  0.0  0.0  0.0
  1.3  0.0  0.0  0.0  0.0  0.0  0.0  6.7  1.7  0.0  6.3 23.1  2.9  4.6 12.6
  5.9  1.7  0.4  2.5  0.0  0.8  0.0 41.6 14.3 13.9  0.0  7.1 11.3  5.9  0.0
     -5.64      5.71     -4.15     -3.25      0.62  0.0  0.0  0.0  0.0  0.0
                                     4000_story_0943_llm.txt 36.0  4.6 4488
 13.8  3.3 12.3 38.8 10.0  1.3  2.5  0.7 14.0 11.8  0.4  0.2  0.2  3.1  0.9
  0.7  0.9  4.0 12.7  0.7  2.5271.4 93.1 38.8109.6 61.1 14.0  9.6  1.1  3.8
  0.7  2.7 33.9  5.8 14.0 34.3  7.1  6.2  2.2  2.9  0.7  1.8  4.0  4.0  1.1
  4.7  4.2  2.5  1.8  5.3 10.9 22.7  9.8  1.6  5.6 72.2 85.1  2.5169.3  7.6
  0.7  0.2  0.0  0.0  0.0  0.0  0.0  0.0  0.0  0.0  0.0  0.0  0.0  0.0  0.0
  0.0  0.0  0.0  2.2  0.9  1.8  1.3  0.0  0.2  0.0  0.0  0.2  0.2  0.0  0.0
  0.7  0.7  1.3  0.9  0.0  0.4  0.2  0.0  0.0  0.4  0.0  0.0  2.2  1.3  0.0
  6.2  0.2  0.4  6.9  3.6  0.7  4.7  3.6  0.0  0.0  0.0  0.0  0.0  0.0  0.0
  0.4  0.4  0.0  0.0  0.0  0.0  0.7 11.4  3.6  2.7  8.9 15.2  1.8  5.6  6.5
  1.3  2.0  3.8  2.9  1.1  0.0  0.0 34.5 16.0 17.8  2.0  5.3 13.1  5.8  0.0
     -6.15      5.07     -0.26     -2.05      1.85  0.2  0.2  0.0  0.0  0.0
                                     4000_story_0945_llm.txt 38.5  5.1 5353
  8.2  0.2  0.4 34.2  0.2  0.2  1.3  0.0 12.3 13.5  0.4  1.1  0.2  1.9  0.6
  0.2  0.0  3.0 13.1  0.6  1.1312.0104.2 53.4 85.6 21.7  8.8  3.4  2.2  3.7
  0.6  3.5 53.1  6.4 13.3 30.1  5.8  2.2  1.1  1.9  1.3  1.1  3.0  6.9  1.9
  7.3  5.8  1.9  2.6  2.1  6.5 25.4 16.1  0.6  6.5 82.9 34.2  1.7146.1  5.6
  0.7  0.2  0.0  0.0  0.0  0.0  0.0  0.0  0.0  0.0  0.0  0.0  0.0  0.0  0.0
  0.0  0.0  0.0  0.7  0.2  0.7  1.5  0.2  0.0  0.0  0.0  0.0  0.0  0.0  0.0
  0.4  0.0  0.4  0.9  0.0  0.4  0.0  0.0  0.0  0.6  0.2  0.0  1.3  0.7  0.0
  3.2  0.2  0.0  3.4  1.7  0.4  2.6  2.2  0.0  0.0  0.0  0.0  0.0  0.0  0.0
  0.0  0.2  0.0  0.2  0.0  0.0  0.0 10.8  3.7  1.5  9.7 28.0  3.7  4.9  8.8
  0.7  3.4  1.5  2.2  0.4  1.9  1.1 25.0 12.0  9.3  0.9  5.8 12.0  4.7  0.0
    -15.76      0.36      2.24     -3.79      3.08  0.7  0.2  0.0  0.0  0.0
                                     4000_story_0951_llm.txt 32.8  4.7 3841
 11.2  3.9 17.2 45.8 12.0  0.8  2.6  1.8 16.4 12.2  1.8  2.3  0.5  6.8  0.0
  0.5  2.1  6.5  7.8  1.0  1.8277.5 77.6 35.7107.0 66.4 15.4 13.3  1.3  1.8
  0.3  2.9 30.5  6.2  8.1 37.8  9.6  7.6  0.3  1.6  2.9  2.9  3.6  5.7  1.0
  2.9  4.4  0.8  4.2  6.8 16.9 19.0  9.6  3.1  3.4 59.6 94.8  3.1170.0  8.3
  0.5  0.0  0.0  0.0  0.0  0.0  0.0  0.0  0.0  0.0  0.0  0.0  0.0  0.0  0.0
  0.0  0.0  0.0  2.3  1.0  1.0  2.1  0.0  0.0  0.0  0.0  0.0  0.0  0.3  0.3
  0.3  2.1  0.8  0.5  0.0  0.5  0.0  0.0  0.0  0.3  1.6  0.0  3.1  0.3  0.0
  6.5  0.0  0.3  6.8  3.9  0.5  4.7  4.9  0.0  0.0  0.0  0.0  0.0  0.0  0.0
  0.8  1.0  0.0  0.0  0.0  0.0  0.0 12.5  3.1  2.6  8.3 19.0  3.6  4.2  4.2
  1.8  2.3  0.8  2.9  0.3  1.3  1.0 32.0 19.3 19.0  1.6  4.7 10.9  6.2  0.0
     -0.38      6.16     -0.24     -1.50      1.24  0.8  0.3  0.0  0.0  0.0
                                     4000_story_0952_llm.txt 35.0  4.5 3788
  6.1  2.6 25.6 50.4 10.8  0.3  1.8  1.6 13.5 47.5  0.3  0.3  0.0  4.5  0.5
  1.3  0.5  5.8  9.2  0.0  3.4275.9 87.1 29.3111.9 33.8 13.7 25.1  0.8  1.8
  0.5  2.4 23.2  6.9  9.8 35.6  6.6  4.0  1.8  0.0  1.8  4.2  2.6  6.9  0.8
  5.5  4.5  1.8  3.2  2.6 11.6 16.4 13.2  0.5  3.2 52.8 58.1  1.1176.9  5.0
  0.8  0.0  0.0  0.0  0.0  0.0  0.0  0.0  0.0  0.0  0.0  0.0  0.0  0.0  0.0
  0.0  0.0  0.0  1.3  0.8  2.1  0.8  0.0  0.0  0.0  0.0  0.8  0.0  0.3  0.3
  0.0  0.5  1.1  0.5  0.0  0.3  0.3  0.0  0.0  0.0  0.5  0.3  1.8  0.8  0.0
  5.0  0.0  1.1  6.1  2.4  0.5  2.9  3.4  0.0  0.0  0.0  0.0  0.0  0.0  0.0
  0.8  0.0  0.0  0.0  0.0  0.0  0.0 24.8  4.2  2.9  5.8 18.7  2.4  5.3  8.4
  0.8  1.8  0.8  0.3  0.8  0.5  0.8 35.4 31.9 12.1  1.6  4.0 10.6  6.9  0.0
     -0.63      6.74     -1.52     -2.50      1.46  1.1  0.0  0.3  0.3  0.0
                                     4000_story_0953_llm.txt 35.3  4.6 4195
 10.3  2.9 20.7 48.9 19.5  0.2  3.3  2.6 16.9 15.3  0.7  1.4  0.0  3.8  0.0
  1.9  1.2  3.1  4.8  0.5  1.4262.2 88.4 34.3106.8 60.1 14.3 15.5  1.2  1.7
  0.5  2.6 31.2  4.5  8.6 38.1  7.2  5.2  1.9  2.1  0.7  2.4  6.4  6.2  1.0
  6.2  4.5  2.1  4.1  5.2  9.1 15.5 13.3  1.7  3.3 62.2 96.5  2.4171.4  9.3
  1.0  0.0  0.0  0.0  0.0  0.0  0.0  0.0  0.0  0.0  0.0  0.0  0.0  0.0  0.0
  0.0  0.0  0.0  3.6  0.0  0.2  2.1  0.0  0.0  0.0  0.0  0.0  0.0  0.2  0.2
  0.2  1.0  0.7  1.4  0.2  0.0  0.2  0.0  0.2  0.2  0.5  0.7  3.1  1.9  0.0
  6.0  0.0  0.2  6.2  3.6  0.7  4.5  6.2  0.0  0.0  0.0  0.0  0.0  0.0  0.0
  0.0  0.2  0.0  0.0  0.0  0.0  0.0 13.6  4.3  2.6  7.2 26.5  3.6  6.4  7.9
  4.3  1.7  1.9  1.2  2.9  1.0  0.5 36.7 24.8 17.4  3.6  6.0 10.5  3.8  0.0
     -4.52      6.07      0.10     -2.47      4.07  1.0  0.0  0.0  0.0  0.0
                                     4000_story_0954_llm.txt 33.0  4.3 4465
  9.2  5.6 31.6 69.4 21.1  5.4  5.2  2.2 25.8 19.0  1.3  1.6  0.2  4.9  0.4
  2.9  1.6  5.4  4.5  0.2  2.2269.4 66.7 29.1 98.8 62.3  8.7 19.3  0.9  1.1
  0.2  2.7 27.8  9.0  7.4 39.2  9.6  6.3  2.2  5.8  1.3  2.0  4.7  4.9  0.7
  4.3  4.7  1.1  3.6  6.0 13.0 19.3  9.9  1.8  2.2 59.1109.1  5.4181.2  5.8
  1.3  0.0  0.0  0.0  0.0  0.0  0.0  0.0  0.0  0.0  0.0  0.0  0.0  0.0  0.0
  0.0  0.0  0.0  2.0  1.8  2.5  2.2  0.0  0.0  0.0  0.0  0.0  0.0  0.2  0.7
  0.0  2.2  0.4  0.4  0.0  0.2  0.0  0.0  0.0  0.7  0.4  0.2  3.1  1.1  0.0
  8.5  0.0  0.2  8.7  3.8  0.2  4.7  4.9  0.0  0.0  0.0  0.0  0.0  0.0  0.0
  0.4  0.2  0.0  0.2  0.0  0.0  0.4 11.4  2.7  2.0  6.7 19.7  0.4  4.3  8.5
  0.7  2.2  0.7  2.0  0.7  0.9  0.0 34.0 26.0 14.6  0.4  4.0 10.1  6.7  0.0
      4.22      5.53     -1.77     -0.30      1.95  1.1  0.0  0.0  0.0  0.0
                                     4000_story_0955_llm.txt 34.3  4.7 5669
 14.1  4.4  0.0 46.9 13.2  0.2  2.1  1.4 19.6 14.1  1.2  2.5  0.0  4.6  0.4
  1.1  0.5  4.1 15.0  0.4  1.4255.1 85.4 38.3 96.3 52.9 13.4 11.6  1.8  2.3
  0.7  2.8 43.2 10.2  9.0 34.4  6.5  6.7  2.8  1.6  1.9  1.6  4.9  7.8  0.9
  5.5  7.9  2.1  1.6  6.4 12.7 29.8 14.1  0.9  4.8 69.9 85.7  1.1162.8  6.7
  0.7  0.5  0.0  0.0  0.0  0.0  0.0  0.0  0.0  0.0  0.0  0.0  0.0  0.0  0.0
  0.0  0.0  0.0  3.2  0.4  1.9  1.4  0.4  0.0  0.0  0.0  0.0  0.2  0.0  0.2
  0.5  0.7  1.1  0.0  0.2  0.5  0.2  0.0  0.0  0.5  0.5  0.2  1.9  1.9  0.0
  6.9  0.4  0.2  7.4  2.5  0.9  3.9  4.6  0.0  0.0  0.0  0.0  0.0  0.0  0.0
  0.0  0.4  0.2  0.0  0.0  0.0  0.0 11.8  1.9  0.9  7.9 21.7  2.3  4.4  9.5
  2.3  1.6  1.1  0.9  1.1  1.8  0.7 29.8 18.0 18.3  1.9  3.5  8.3  4.1  0.0
     -4.16      4.53      0.32     -1.82      3.08  0.7  0.0  0.4  0.2  0.2
                                     4000_story_0957_llm.txt 33.8  4.7 6046
 14.4  4.3 10.3 59.7 14.4  1.5  4.3  0.3 18.7 14.1  0.7  2.2  0.3  6.8  0.8
  0.8  1.8  7.6 11.1  1.7  1.5261.5 85.8 29.8 95.6 55.1 16.7 12.1  2.2  4.3
  1.2  0.7 48.1  6.8  8.6 32.3  8.1  6.9  2.6  3.3  0.7  2.2  3.1  7.4  1.5
  6.0  5.0  3.5  1.7  4.1 15.2 22.2 14.9  3.5  7.6 57.2 88.2  1.8169.9  5.6
  0.7  0.2  0.0  0.0  0.0  0.0  0.0  0.0  0.0  0.0  0.0  0.0  0.0  0.0  0.0
  0.0  0.0  0.0  2.8  1.5  3.0  2.0  0.5  0.0  0.0  0.0  0.0  0.0  0.0  0.7
  0.8  2.0  0.8  0.5  0.0  0.3  0.3  0.0  0.0  0.5  0.0  0.0  1.3  1.3  0.0
  9.3  0.5  0.0  9.8  4.8  0.7  6.0  2.6  0.0  0.0  0.0  0.0  0.0  0.0  0.0
  0.5  0.7  0.3  0.0  0.0  0.0  0.0 29.1  3.5  1.0  9.9 15.9  3.3  6.9 13.1
  2.3  1.3  1.7  0.5  0.7  0.2  1.2 36.4 23.7 22.0  3.5  3.5 13.6  4.6  0.0
      2.55      5.31      2.73     -1.42      2.53  0.5  0.0  0.5  0.0  0.0
                                     4000_story_0968_llm.txt 35.5  4.6 5300
 16.8  5.3  1.5 51.9 16.0  0.8  3.4  0.9 19.1 16.4  1.7  2.3  0.2  4.9  0.4
  1.3  1.1  7.5 15.7  0.2  0.9250.9 90.4 37.5 88.9 54.3 13.4 10.2  0.9  4.5
  0.2  1.1 34.0  7.0 11.3 35.8  8.5  8.7  3.2  3.0  2.8  2.1  3.8  5.8  0.2
  4.5  5.1  4.0  2.6  6.0 19.1 27.2 10.6  1.3  5.7 67.4 89.4  1.9157.0  7.0
  0.9  0.2  0.0  0.0  0.0  0.0  0.0  0.0  0.0  0.0  0.0  0.0  0.0  0.0  0.0
  0.0  0.0  0.0  3.4  0.8  3.0  2.3  0.2  0.2  0.0  0.0  0.0  0.0  0.0  0.8
  0.4  1.3  0.9  0.4  0.0  0.0  0.2  0.2  0.0  0.8  0.4  0.2  2.3  1.3  0.0
  9.4  0.4  0.0  9.8  3.8  0.4  4.9  4.2  0.0  0.0  0.0  0.0  0.0  0.0  0.0
  0.2  0.4  0.0  0.0  0.2  0.0  0.0  7.0  2.8  1.3  8.3 22.6  3.6  4.7  9.2
  2.8  1.7  0.9  2.8  0.2  0.4  0.4 31.9 19.4 23.2  1.3  6.8 11.9  4.2  0.0
     -0.41      4.07     -0.62      0.05      1.22  0.2  0.0  0.4  0.0  0.0
                                     4000_story_0969_llm.txt 36.5  4.8 4833
 14.1  4.6  6.0 50.1  6.8  0.6  2.5  1.2  6.4 12.2  1.7  1.2  0.2  6.0  0.6
  0.8  0.6  5.2 16.8  0.6  1.2288.8 86.7 41.8 99.9 63.3 12.4 13.7  1.0  5.4
  1.0  1.0 35.2  5.2  8.1 25.2  8.7  5.2  3.5  1.2  0.4  1.2  4.3  6.0  0.8
  4.6  3.3  2.7  2.1  3.9 10.8 23.6 11.4  1.2  7.4 67.9 76.6  3.3167.0  5.0
  0.8  0.2  0.0  0.0  0.0  0.0  0.0  0.0  0.0  0.0  0.0  0.0  0.0  0.0  0.0
  0.0  0.0  0.0  3.5  1.0  3.1  2.1  0.0  0.2  0.2  0.0  0.2  0.2  0.2  0.8
  0.0  1.9  1.0  0.6  0.2  0.0  0.0  0.0  0.0  1.0  0.4  0.4  2.1  1.4  0.0
  9.7  0.4  0.6 10.8  4.3  0.2  5.6  4.3  0.0  0.0  0.0  0.0  0.0  0.0  0.0
  0.4  0.6  0.0  0.2  0.0  0.0  0.4  8.7  3.5  1.4 11.0 18.0  1.0  2.5  8.1
  1.7  1.2  2.5  1.2  0.2  0.6  0.6 34.8 21.1 20.7  1.4  4.8  9.7  5.0  0.0
     -4.81      5.29      2.75     -2.98      2.10  0.6  0.0  0.2  0.0  0.0
                                     4000_story_0972_llm.txt 35.8  4.6 4082
 15.9  7.1  0.2 62.7  7.3  0.7  3.9  1.2 21.1 10.8  2.7  2.2  0.0  1.5  0.0
  2.2  0.0  8.6 28.9  2.2  1.5247.2 95.5 28.9 73.7 55.4 17.1 15.9  2.0  6.4
  1.2  1.2 41.9  6.4  3.4 36.3 10.3  4.7  4.9  2.4  3.7  2.7  5.4 12.2  1.2
  2.7 11.0  8.6  1.5  6.4 16.9 45.8 16.2  2.2  9.6 55.1 83.8  3.7151.6  4.4
  1.2  0.7  0.0  0.0  0.0  0.0  0.0  0.0  0.0  0.0  0.0  0.0  0.0  0.0  0.0
  0.0  0.0  0.0  6.6  1.0  3.7  1.5  1.0  0.2  0.0  0.2  0.0  0.0  0.0  0.2
  0.5  1.0  0.2  0.7  0.0  0.5  0.7  0.0  0.0  0.2  0.0  0.0  0.7  1.0  0.0
 12.7  1.2  0.2 14.2  2.7  1.2  4.2  1.7  0.0  0.0  0.0  0.0  0.0  0.0  0.0
  0.5  0.5  0.0  0.0  0.0  0.0  0.2 14.5  6.4  4.4 12.2  7.8  2.9  5.4  3.4
  3.2  1.2  1.2  1.0  0.0  2.2  0.2 24.5 28.7 29.9  1.2  2.2  9.3  2.2  0.0
      1.26      5.41      4.90      0.02      3.41  0.2  0.0  0.0  0.0  0.0
                                     4000_story_0973_llm.txt 35.5  4.4 6400
 20.2  7.5  3.4 63.9 29.5  2.3  4.5  1.4 33.4 15.9  1.4  2.3  0.2  6.7  0.2
  2.2  1.7  5.3 10.5  0.6  1.6218.0 74.8 23.3111.1 75.6 14.2 11.6  0.9  2.2
  0.3  1.9 30.3  8.8 10.2 36.4  9.7  8.0  3.1  2.2  2.0  1.6  1.7  6.1  0.8
  4.5  5.0  2.2  2.5  8.4 15.3 21.9 11.4  2.3  3.4 58.8138.6  2.5187.3  6.7
  0.6  0.5  0.0  0.0  0.0  0.0  0.0  0.0  0.0  0.0  0.0  0.0  0.0  0.0  0.0
  0.0  0.0  0.0  2.8  1.9  3.9  2.7  0.3  0.2  0.0  0.0  0.0  0.2  0.0  0.3
  0.6  1.6  1.6  0.6  0.0  0.2  0.2  0.0  0.2  1.1  0.6  0.0  2.5  1.9  0.0
 11.3  0.5  0.2 11.9  4.7  0.5  6.3  5.0  0.0  0.0  0.0  0.0  0.0  0.0  0.0
  0.5  0.8  0.0  0.0  0.2  0.0  0.2  6.9  3.6  2.8  6.4 14.1  1.6  3.1  5.6
  2.2  0.8  0.6  0.6  0.6  0.3  0.2 34.5 24.2 27.7  3.3  6.1  9.5  4.8  0.0
      6.97      6.16     -1.85     -1.11      0.43  0.8  0.0  0.0  0.0  0.0
                                     4000_story_0976_llm.txt 35.8  4.4 3782
 14.3  4.5  8.5 40.5 14.0  1.3  1.6  0.8 11.9 12.4  0.3  0.8  0.3  4.5  1.3
  1.1  2.1  5.3 11.1  0.8  3.7253.0 91.5 33.3114.8 57.4 15.3 10.8  0.3  1.6
  1.1  2.6 24.9  8.5 13.0 37.5  6.3  3.4  3.4  1.9  1.6  1.1  2.9  5.3  0.0
  1.6  7.1  1.3  2.1  4.8 10.3 23.5  6.9  2.9  2.9 70.1 83.3  2.1164.2  4.5
  0.8  0.0  0.0  0.0  0.0  0.0  0.0  0.0  0.0  0.0  0.0  0.0  0.0  0.0  0.0
  0.0  0.0  0.0  2.4  0.3  2.4  1.6  0.0  0.0  0.0  0.0  0.0  0.0  0.0  0.3
  0.0  0.8  0.5  0.8  0.0  0.3  0.0  0.0  0.0  0.3  0.0  0.0  2.6  1.1  0.0
  6.6  0.0  0.0  6.6  2.4  0.3  2.9  3.7  0.0  0.0  0.0  0.0  0.0  0.0  0.0
  0.8  1.1  0.0  0.0  0.0  0.0  0.5 10.3  4.5  2.1 12.4 19.3  4.0  5.8  6.3
  2.4  1.9  0.8  2.4  0.3  0.0  0.3 35.7 17.5 16.1  1.9  6.9  8.7  5.6  0.0
     -0.25      5.55     -2.77     -2.66     -0.50  1.1  0.0  0.0  0.0  0.0
                                     4000_story_0979_llm.txt 33.8  4.2 8388
 16.6  5.4 13.9 72.2 22.9  3.0  4.6  1.4 24.2 11.4  1.9  1.3  0.5  6.6  0.8
  3.0  1.7  5.4 10.3  1.3  1.7217.1 77.8 29.7103.8 83.0 12.0 12.3  0.5  1.3
  0.6  2.7 18.2  8.7 12.0 38.9  8.2  6.7  1.9  3.1  2.5  1.2  3.6  3.0  0.7
  2.6  5.8  1.7  3.1  6.4 14.5 23.2  6.3  3.0  2.4 65.7130.1  2.1183.7  6.0
  1.9  0.4  0.0  0.0  0.0  0.0  0.0  0.0  0.0  0.0  0.0  0.0  0.0  0.0  0.0
  0.0  0.0  0.0  3.0  0.6  1.9  2.5  0.5  0.2  0.0  0.0  0.0  0.0  0.0  0.6
  0.2  0.6  1.1  1.0  0.1  0.2  0.2  0.2  0.0  0.2  0.5  0.0  3.0  1.8  0.0
  8.0  0.7  0.0  8.7  3.5  0.8  4.5  5.2  0.0  0.0  0.0  0.0  0.0  0.0  0.0
  0.7  0.1  0.0  0.0  0.0  0.0  0.2  9.4  2.6  1.9  8.6 15.4  2.0  4.6  6.9
  1.4  2.6  0.4  0.7  0.6  0.2  0.1 36.6 19.3 19.8  1.7  4.5 11.4  6.3  0.0
      6.69      5.97     -3.50     -1.32      0.46  0.7  0.1  0.0  0.0  0.0
                                     4000_story_0980_llm.txt 34.5  4.3 7516
 19.7 10.1 12.5 84.6 38.6  1.7  6.1  1.5 48.4 15.0  2.1  4.1  0.4  6.8  0.9
  1.2  2.1  9.8 10.2  1.5  1.5180.7 61.7 21.7100.3 76.6 16.2 14.6  0.8  1.2
  0.8  1.6 23.5 12.4  5.1 39.6 10.6  9.3  2.0  5.5  4.0  3.3  4.4  4.1  0.5
  2.7  8.1  3.1  2.0  8.8 23.2 29.5  7.3  3.6  2.8 61.2163.7  4.4195.6  6.0
  1.7  0.1  0.0  0.0  0.0  0.0  0.0  0.0  0.0  0.0  0.0  0.0  0.0  0.0  0.0
  0.0  0.0  0.0  4.4  1.5  4.8  3.2  0.1  0.0  0.0  0.0  0.0  0.1  0.0  0.7
  0.4  1.7  1.5  0.9  0.0  0.7  0.1  0.0  0.0  0.9  0.4  0.0  3.6  2.3  0.0
 13.8  0.1  0.1 14.1  5.2  0.8  6.9  6.3  0.0  0.0  0.0  0.0  0.0  0.0  0.0
  1.2  0.5  0.1  0.0  0.0  0.0  0.1  5.5  4.0  2.8  9.2 13.7  4.8  3.3  3.9
  0.7  1.2  1.1  0.5  0.7  0.5  0.0 35.9 27.0 33.1  2.5  5.5 12.4  5.7  0.0
     16.18      6.81     -2.28      1.97      1.01  0.1  0.0  0.0  0.0  0.0
                                     4000_story_0983_llm.txt 38.5  4.4 3997
 10.5  5.0 13.3 51.0 16.0  1.0  4.3  1.3 14.5 20.0  2.5  0.3  0.8  5.3  0.5
  1.5  1.5  4.5 14.0  0.5  1.5223.2 90.1 34.5102.3 65.0 18.3  8.3  0.8  2.3
  1.0  2.5 45.5 10.5 10.8 38.0  6.8 10.3  1.5  3.5  1.8  1.5  4.3  4.3  0.3
  2.3  8.5  2.3  2.0  5.3 16.5 28.8  6.8  2.0  4.0 72.1 95.6  2.0165.1  4.3
  1.0  0.0  0.0  0.0  0.0  0.0  0.0  0.0  0.0  0.0  0.0  0.0  0.0  0.0  0.0
  0.0  0.0  0.0  2.0  0.8  3.3  2.5  0.0  0.0  0.0  0.0  0.0  0.0  0.0  0.0
  0.8  1.3  0.5  1.3  0.0  0.0  0.0  0.0  0.0  0.3  0.3  0.0  1.3  1.8  0.0
  8.5  0.0  0.0  8.5  3.8  0.0  4.0  3.3  0.0  0.0  0.0  0.0  0.0  0.0  0.0
  0.3  0.8  0.0  0.0  0.0  0.0  0.3 10.5  1.3  1.5  9.3 21.5  3.8  4.8  8.8
  1.0  1.0  4.0  1.8  0.5  0.3  0.0 32.5 16.3 14.0  1.0  7.3 12.3  5.3  0.0
      1.08      5.57     -0.79     -0.65      0.60  1.3  0.3  0.3  0.3  0.0
                                     4000_story_0986_llm.txt 35.5  4.5 2742
 12.4  3.6 13.1 81.0 22.2  0.0  4.4  0.4 21.5 33.2  0.7  0.4  0.0  6.9  1.1
  0.7  2.9  5.8  4.4  1.8  1.1260.0 68.9 34.3113.8 40.1  5.1 14.6  0.0  0.4
  0.4  2.6 29.2  7.7  6.6 36.1  4.7  2.2  2.6  1.1  2.6  2.9  3.3  4.7  0.0
  3.3  3.3  1.5  1.8  9.5 10.6 11.7  8.0  4.7  0.7 69.7 83.9  3.3199.1  3.6
  0.4  0.0  0.0  0.0  0.0  0.0  0.0  0.0  0.0  0.0  0.0  0.0  0.0  0.0  0.0
  0.0  0.0  0.0  1.8  0.4  1.5  2.2  0.4  0.0  0.0  0.0  0.0  0.0  0.0  0.4
  0.0  1.5  0.7  0.0  0.0  0.4  0.4  0.0  0.0  0.0  0.4  0.0  0.7  0.7  0.0
  5.8  0.4  0.0  6.2  2.6  0.7  3.3  1.8  0.0  0.0  0.0  0.0  0.0  0.0  0.0
  1.5  1.1  0.0  0.0  0.0  0.0  0.0  4.7  5.8  2.9 10.9 28.1  2.6  2.6  5.8
  1.5  2.6  0.7  0.7  0.0  1.1  0.7 39.4 27.0 17.5  1.8  7.3 10.6  7.3  0.0
      5.99      3.48     -1.71     -2.38      0.20  0.0  0.0  0.0  0.0  0.0
                                     4000_story_0987_llm.txt 32.8  4.2 2627
 16.0  9.5 20.9 54.8 21.3  3.4  2.7  0.4 14.8 33.9  0.4  0.8  0.8  7.6  1.1
  0.0  1.1  1.9  5.7  1.9  0.8229.2 79.9 27.8130.9 60.9  7.2 12.6  0.4  0.0
  0.0  3.0 12.9  6.5 16.7 36.5  9.1  4.2  0.4  1.5  1.5  1.9  2.3  5.7  0.0
  2.7  7.2  2.7  2.3  3.8  7.6 18.3  8.4  3.0  0.4 59.8 97.1  1.5198.3  8.4
  0.8  0.0  0.0  0.0  0.0  0.0  0.0  0.0  0.0  0.0  0.0  0.0  0.0  0.0  0.0
  0.0  0.0  0.0  3.8  0.0  4.9  3.4  0.0  0.0  0.0  0.0  0.0  0.0  0.0  0.4
  0.4  1.1  0.0  0.8  0.0  0.0  0.0  0.4  0.0  0.0  0.0  0.0  2.3  1.5  0.0
 12.2  0.0  0.0 12.2  2.7  0.4  3.0  3.8  0.0  0.0  0.0  0.0  0.0  0.0  0.0
  1.9  1.9  0.4  0.0  0.0  0.0  0.8  9.5  2.3  0.4  9.1 49.1  0.8  3.8  8.4
  1.9  4.6  1.1  1.9  0.4  0.4  0.0 48.0 20.6 21.3  1.9  4.6 17.5 11.4  0.0
      6.18      5.00     -5.63     -3.31     -0.47  0.4  0.0  0.0  0.4  0.4
                                     4000_story_0989_llm.txt 34.8  4.3 2830
  9.9  3.2 11.3 35.0  7.1  0.7  2.5  0.7 13.1 24.4  0.7  0.0  0.7  4.6  0.7
  0.4  0.7  4.6  7.8  0.7  2.1271.0 88.7 22.3130.0 75.6  9.5  7.1  0.0  0.0
  0.0  7.4  8.8  9.9 14.1 28.6  4.9  4.9  0.7  1.8  1.1  0.7  2.1  2.5  0.0
  4.9  5.7  0.7  2.1  5.7 10.6 22.6  7.4  1.4  0.0 66.8 95.8  0.4179.9  6.7
  0.0  0.0  0.0  0.0  0.0  0.0  0.0  0.0  0.0  0.0  0.0  0.0  0.0  0.0  0.0
  0.0  0.0  0.0  2.5  0.7  0.7  0.7  0.0  0.0  0.0  0.0  0.0  0.0  0.0  0.4
  0.0  0.0  0.4  1.1  0.0  0.0  0.0  0.0  0.0  0.0  0.0  0.0  0.7  0.7  0.0
  4.6  0.0  0.0  4.6  1.8  0.0  1.8  1.4  0.0  0.0  0.0  0.0  0.0  0.0  0.0
  0.4  1.1  0.0  0.0  0.0  0.0  0.0  5.3  1.1  0.0  6.4 45.2  2.1  3.9  9.9
  2.8  1.4  1.4  3.2  0.0  0.0  0.0 42.8 11.3 11.0  2.5  5.7  9.5  6.4  0.0
     -4.06      5.05     -4.27     -3.61     -0.33  0.0  0.0  0.0  0.0  0.0
                                     4000_story_0996_llm.txt 37.0  4.7 5972
 12.1  2.8  0.2 50.2  4.9  0.3  2.8  0.5 16.6 23.3  1.3  0.2  0.2  5.4  0.8
  0.2  0.8  8.4  5.4  1.0  1.5288.2 74.8 46.6119.6 40.0  9.7 12.4  0.2  0.3
  0.0  1.8 33.3  7.2 12.1 26.0  5.9  4.2  3.0  2.8  2.2  0.8  1.5  6.4  0.5
  7.4  3.2  0.3  2.2  6.0 14.7 13.4 14.2  1.8  0.5 74.7 61.5  1.0184.5  3.5
  0.3  0.0  0.0  0.0  0.0  0.0  0.0  0.0  0.0  0.0  0.0  0.0  0.0  0.0  0.0
  0.0  0.0  0.0  0.3  0.3  1.3  1.5  0.0  0.0  0.0  0.0  0.0  0.0  0.0  0.0
  0.0  0.8  1.2  0.7  0.0  0.0  0.0  0.0  0.0  0.5  0.0  0.0  0.2  1.8  0.0
  3.5  0.0  0.0  3.5  2.7  0.0  3.2  2.0  0.0  0.0  0.0  0.0  0.0  0.0  0.0
  0.7  0.3  0.2  0.0  0.0  0.0  0.2  1.8  5.7  1.2 13.9 33.5  3.2  4.4 13.2
  1.0  2.0  0.5  1.7  0.0  1.0  0.7 43.7 17.9 15.4  1.5  6.4 14.4  7.9  0.0
     -5.40      4.15     -2.84     -1.97      1.04  0.0  0.0  0.0  0.0  0.0
                                     4000_story_0997_llm.txt 36.8  4.5 5955
 11.9  2.5  7.4 38.0  8.2  0.5  2.2  1.0  6.4 13.3  0.3  0.3  0.2  7.4  2.0
  0.3  1.5  2.0  1.3  1.2  2.2308.5 82.3 27.7128.1 58.9  9.6  5.7  0.0  0.2
  0.0  2.5 29.1  6.9 14.3 28.5  3.2  1.3  1.8  1.0  1.0  0.8  1.0  5.0  0.2
  4.2  2.4  0.3  1.3  4.7  4.4  7.6  9.4  2.7  0.2 64.3 73.6  2.0178.8  5.4
  0.2  0.0  0.0  0.0  0.0  0.0  0.0  0.0  0.0  0.0  0.0  0.0  0.0  0.0  0.0
  0.0  0.0  0.0  1.3  1.0  1.0  0.2  0.0  0.0  0.0  0.0  0.0  0.0  0.0  0.2
  0.2  1.2  0.8  0.0  0.0  0.0  0.0  0.0  0.0  0.2  0.0  0.0  0.7  0.2  0.0
  3.5  0.0  0.0  3.5  2.4  0.0  2.5  0.8  0.0  0.0  0.0  0.0  0.0  0.0  0.0
  1.2  1.3  0.0  0.0  0.2  0.0  0.2 14.9  2.5  0.3 10.2 35.1  2.9  3.2 10.1
  3.4  2.5  1.0  2.0  0.5  0.5  0.2 42.7 11.9 17.0  1.3  8.2 11.9 13.3  0.0
     -5.53      4.00     -3.78     -4.42     -0.75  0.2  0.0  0.0  0.0  0.0
                                     4000_story_1000_llm.txt 37.3  4.5 5855
 13.0  4.6 12.1 49.9  8.5  1.0  3.2  0.7 13.5 18.1  0.3  2.2  0.7  7.2  0.3
  0.2  1.7  3.9  4.3  0.7  1.5308.5 74.8 38.8122.5 52.8 11.4 14.2  0.2  0.2
  0.2  1.9 28.7  8.0 14.5 26.8  4.1  3.6  1.2  1.4  0.3  1.5  1.7  6.5  0.0
  5.5  4.4  0.9  3.1  3.6  7.9 14.2 12.0  2.4  0.5 68.0 74.8  2.4183.4  7.2
  0.2  0.0  0.0  0.0  0.0  0.0  0.0  0.0  0.0  0.0  0.0  0.0  0.0  0.0  0.0
  0.0  0.0  0.0  3.9  0.3  2.2  0.2  0.0  0.2  0.0  0.0  0.0  0.0  0.0  0.9
  0.3  0.7  0.7  0.0  0.0  0.0  0.0  0.2  0.0  0.0  0.0  0.0  0.9  0.3  0.0
  6.7  0.2  0.0  6.8  2.6  0.2  2.7  1.2  0.0  0.0  0.0  0.0  0.0  0.0  0.0
  0.2  0.7  0.0  0.0  0.2  0.0  0.0 12.1  2.6  0.7 12.1 35.9  5.1  4.6 10.4
  3.6  1.5  1.7  5.1  0.0  0.2  0.3 41.3 18.6 14.2  2.4  3.6  9.1  6.7  0.0
     -2.72      5.47     -4.08     -3.97      0.19  0.0  0.0  0.0  0.0  0.0
                                     4000_story_1009_llm.txt 34.0  4.7 5711
  9.8  4.0 10.2 50.3  4.7  0.5  3.0  1.4 26.4 11.2  0.5  0.5  0.4  2.3  0.0
  0.7  1.2  4.7 18.7  0.4  0.9290.7103.8 49.6 69.5 32.2 10.7 12.1  1.4  6.1
  1.1  1.1 49.6  4.2  8.1 27.8  6.1  2.8  2.5  4.2  1.6  1.9  3.7  6.5  1.2
  4.2  5.6  2.8  2.1  3.0  9.1 30.1 11.9  1.6  8.6 75.8 63.4  2.5138.0  5.1
  0.7  0.0  0.0  0.0  0.0  0.0  0.0  0.0  0.0  0.0  0.0  0.0  0.0  0.0  0.0
  0.0  0.0  0.0  2.6  1.1  1.4  1.1  0.0  0.0  0.0  0.0  0.2  0.0  0.0  0.4
  0.2  0.4  0.7  0.7  0.0  0.0  0.2  0.0  0.0  0.2  0.5  0.0  1.4  0.4  0.0
  6.1  0.0  0.2  6.3  2.3  0.2  2.6  2.3  0.0  0.0  0.0  0.0  0.0  0.0  0.0
  0.2  0.0  0.0  0.0  0.0  0.0  0.0 10.3  2.6  1.1  7.2 20.1  4.2  5.6  6.5
  2.3  0.7  2.5  0.7  0.0  1.1  0.7 24.0 18.7 13.3  2.5  4.2  7.5  3.9  0.0
     -7.56      2.28      4.50     -1.72      1.95  0.4  0.0  0.2  0.2  0.0
                                     4000_story_1014_llm.txt 33.0  4.5 3898
  8.2  5.9 12.1 58.2  3.1  1.8  1.5  0.8 33.1 14.4  1.0  1.0  0.3  4.6  0.3
  0.8  0.3  5.9 21.3  1.0  2.3268.1 97.5 41.0 79.0 42.3 15.6 16.9  2.6  2.1
  0.8  2.1 33.1  6.4 13.1 33.6  6.9  4.6  2.6  3.8  0.3  1.8  5.4  6.2  0.5
  3.6  5.4  1.5  2.1  2.1 10.8 33.6 10.3  1.3  5.4 73.6 78.5  1.5157.3  6.2
  1.8  0.0  0.0  0.0  0.0  0.0  0.0  0.0  0.0  0.0  0.0  0.0  0.0  0.0  0.0
  0.0  0.0  0.0  5.9  0.3  1.5  0.8  0.0  0.0  0.0  0.0  0.0  0.0  0.0  0.5
  0.5  1.3  1.3  0.3  0.0  0.0  0.0  0.0  0.0  0.0  0.3  0.0  2.8  0.8  0.0
  8.5  0.0  0.0  8.5  3.8  0.0  3.8  3.8  0.0  0.0  0.0  0.0  0.0  0.0  0.0
  0.3  0.0  0.0  0.0  0.0  0.3  0.5 11.8  3.6  1.8 10.3 19.5  3.6  4.6  9.2
  0.8  2.1  0.3  2.8  0.5  1.0  1.0 35.1 24.1 12.8  1.8  3.3  6.4  4.4  0.0
     -2.42      4.90     -0.32     -2.09      2.23  1.3  0.0  0.3  0.0  0.0
                                     4000_story_1017_llm.txt 35.0  5.2 8100
  9.1  2.8  0.2 58.5  0.0  0.2  1.2  1.0 12.7 13.5  1.0  1.0  0.0  2.8  0.0
  0.6  0.2  6.9 15.9  0.5  0.6314.9 94.9 52.7 57.3 22.1 17.7 10.5  2.0  4.9
  0.7  1.5 75.7  3.7  4.4 23.1  8.5  4.0  4.6  1.2  2.7  3.1  2.6 15.3  2.6
  5.1  2.5 10.6  1.1  5.6 13.6 22.1 23.0  0.7  7.7 75.6 34.8  2.2136.8  5.1
  0.6  0.1  0.0  0.0  0.0  0.0  0.0  0.0  0.0  0.0  0.0  0.0  0.0  0.0  0.0
  0.0  0.0  0.0  8.4  1.4  2.2  1.4  0.2  0.2  0.0  0.1  0.0  0.0  0.2  0.4
  0.2  1.2  1.1  0.2  0.0  0.2  0.0  0.1  0.1  1.1  0.0  0.0  0.9  0.0  0.0
 13.3  0.5  0.4 14.2  3.2  0.5  4.8  0.9  0.0  0.0  0.0  0.0  0.0  0.0  0.0
  0.5  0.1  0.0  0.0  0.0  0.0  0.0  9.8  7.3  3.8 10.9 20.5  2.0  2.3  4.7
  1.9  1.4  1.5  0.6  0.4  1.4  3.2 19.1 19.9 14.8  2.3  4.8  7.7  2.5  0.0
    -12.22      2.48      7.41     -1.10      3.94  0.4  0.0  0.2  0.1  0.0
                                     4000_story_1028_llm.txt 34.3  4.8 3599
 17.2  3.1  0.3 83.1  6.1  0.8  3.3  2.5 45.6 17.5  0.8  1.4  0.3  5.6  0.6
  1.7  0.3  6.1 15.3  2.5  1.4237.8 85.9 35.0 60.3 53.9 21.1 13.9  3.9  5.0
  0.8  1.7 49.5  5.3  8.1 35.6  6.1  3.6  2.2  3.9  1.7  5.8  4.4  6.4  1.4
  2.5  9.7  5.0  2.8  5.8 11.4 32.0 10.3  2.8  9.7 63.6105.6  1.4157.8  2.8
  0.8  0.3  0.0  0.0  0.0  0.0  0.0  0.0  0.0  0.0  0.0  0.0  0.0  0.0  0.0
  0.0  0.0  0.0  4.7  0.8  2.2  1.7  0.6  0.3  0.0  0.0  0.0  0.3  0.0  0.0
  0.3  1.1  1.1  0.3  0.0  0.0  0.0  0.0  0.3  0.6  0.0  0.6  5.3  0.8  0.0
  9.4  0.8  0.3 10.6  2.8  0.3  3.6  6.7  0.0  0.0  0.0  0.0  0.0  0.0  0.0
  0.0  0.0  0.0  0.0  0.0  0.0  0.0  8.1  4.7  3.9 11.1 11.9  1.9  5.3  5.3
  1.7  0.3  1.1  0.6  0.0  1.4  1.4 22.2 21.1 31.1  3.3  4.7  8.6  3.6  0.0
      1.75      5.29      4.67     -0.13      2.00  0.8  0.0  0.0  0.0  0.0
                                     4000_story_1030_llm.txt 32.8  4.8 6905
  5.9  2.2  0.6 73.0  1.4  0.0  0.9  0.9 19.8 12.0  0.7  1.9  0.1  3.9  0.0
  1.0  0.0  4.8 24.6  0.4  1.4301.1107.7 54.9 34.6 27.5 11.4  6.2  2.3  5.2
  1.7  1.2 47.4  5.2  4.2 25.3  5.4  2.8  1.7  1.7  1.6  2.2  2.5  8.4  1.4
  1.4  5.9  4.1  1.0  5.2  9.1 35.3 11.3  0.4  9.3 90.5 48.8  1.6124.4  6.1
  1.4  0.0  0.0  0.0  0.0  0.0  0.0  0.0  0.0  0.0  0.0  0.0  0.0  0.0  0.0
  0.0  0.0  0.0  2.3  0.4  1.6  1.3  0.0  0.1  0.1  0.0  0.1  0.0  0.0  0.3
  0.4  0.4  0.9  0.7  0.3  0.0  0.0  0.0  0.0  0.4  0.7  0.3  1.9  0.6  0.0
  5.6  0.3  0.1  6.1  2.8  0.3  3.5  3.5  0.0  0.0  0.0  0.0  0.0  0.0  0.0
  0.0  0.3  0.0  0.0  0.0  0.0  0.0  8.7  3.2  1.7  7.4 17.1  2.5  4.9  7.5
  3.5  3.2  4.3  3.8  0.0  0.6  1.7 20.7 13.3 12.2  1.4  4.5 10.4  3.2  0.0
     -9.19     -0.01      6.08     -2.97      0.77  1.2  0.3  0.0  0.0  0.0
                                     4000_story_1031_llm.txt 31.5  5.1 2432
  7.4  2.1  1.2 39.1  1.6  0.8  1.6  1.6 21.8 20.6  0.0  0.0  0.0  4.9  0.4
  0.8  0.8  2.5 22.2  1.6  0.8239.3 92.5 64.1 90.5 32.9 17.7 10.3  1.6  8.6
  2.1  2.1 60.9  4.9  3.3 28.4 13.6  4.9  4.9  1.2  0.8  6.2  4.9 12.7  2.1
  5.3  4.1  6.2  1.2  6.6  8.2 29.6 20.1  2.5 12.3 91.7 56.3  1.2155.0  5.3
  1.6  0.0  0.0  0.0  0.0  0.0  0.0  0.0  0.0  0.0  0.0  0.0  0.0  0.0  0.0
  0.0  0.0  0.0  6.2  1.2  1.2  0.4  0.0  0.4  0.4  0.4  0.0  0.0  0.4  0.0
  0.4  1.2  1.6  0.0  0.0  1.2  0.0  0.0  0.0  1.2  0.4  0.0  4.9  0.8  0.0
  9.0  0.8  0.8 10.7  3.3  1.2  5.8  6.2  0.0  0.0  0.0  0.0  0.0  0.0  0.0
  0.8  0.4  0.0  0.0  0.0  0.0  0.0 20.1  9.5  5.8 13.6  7.0  1.6  4.1  3.3
  3.3  1.2  0.0  0.0  0.8  2.5  3.7 13.2 28.0 16.4  1.6  7.8  9.5  3.7  0.0
     -6.22      4.01      9.13     -0.42      4.69  2.1  0.0  0.0  0.0  0.0
                                     4000_story_1032_llm.txt 35.8  4.7 2832
  8.8  3.2  1.1 26.1  0.7  0.0  1.4  0.4 27.2 10.9  0.4  1.8  0.0  2.8  0.4
  1.1  0.4  4.2 24.7  0.4  0.0271.5110.9 46.3 80.5 35.0 12.0  3.5  3.2  6.7
  3.5  0.7 46.3  3.9  7.8 38.1  8.5  2.5  1.8  0.7  0.7  2.5  3.9 10.9  1.4
  4.2  8.1  5.3  0.7  5.6  7.4 36.0 16.6  0.7 13.4 80.9 62.9  3.9132.1  8.5
  0.7  0.0  0.0  0.0  0.0  0.0  0.0  0.0  0.0  0.0  0.0  0.0  0.0  0.0  0.0
  0.0  0.0  0.0  2.8  0.4  3.9  2.5  0.4  0.0  0.0  0.0  0.0  0.0  0.0  0.4
  1.8  0.4  2.1  0.4  0.0  0.0  0.0  0.0  0.0  0.4  1.1  0.0  4.9  1.4  0.0
  9.5  0.4  0.0  9.9  4.9  0.0  5.3  7.4  0.0  0.0  0.0  0.0  0.0  0.0  0.0
  0.7  0.0  0.0  0.4  0.0  0.0  0.0 14.1  3.2  2.5  9.5 18.4  2.1  3.2  5.3
  2.1  2.8  0.7  3.5  0.0  1.1  0.7 24.4 13.1 12.7  1.1  6.7  9.2  1.8  0.0
     -9.10      1.44      7.32     -3.80      2.91  1.8  0.0  0.4  0.0  0.0
                                     4000_story_1045_llm.txt 35.5  4.6 3855
  7.5  1.8  1.3 55.3 15.3  0.0  2.9  0.8 21.8 12.2  1.6  3.6  0.0  5.4  0.3
  2.3  0.5  8.8 22.6  1.0  1.3259.4 81.5 36.8 78.6 49.3 13.0 10.1  1.0  4.7
  0.5  0.8 36.1  8.0  6.7 30.1  6.7  7.0  2.9  3.1  1.8  1.8  2.3 11.7  1.3
  3.6  6.0  2.3  1.8  5.4 17.6 36.1 16.6  1.6  6.2 61.0 86.4  2.9151.0  4.9
  1.3  0.0  0.0  0.0  0.0  0.0  0.0  0.0  0.0  0.0  0.0  0.0  0.0  0.0  0.0
  0.0  0.0  0.0  1.8  0.8  1.0  0.5  0.0  0.0  0.0  0.0  0.0  0.0  0.0  0.8
  0.3  0.8  1.0  0.5  0.0  0.0  0.0  0.5  0.0  1.0  0.5  0.0  3.4  0.8  0.0
  4.2  0.0  0.0  4.2  3.4  0.5  4.9  4.7  0.0  0.0  0.0  0.0  0.0  0.0  0.0
  0.8  0.3  0.0  0.0  0.0  0.0  0.0 18.2  5.2  2.1  5.7 10.9  1.8  4.4  6.0
  1.0  1.0  1.8  0.8  0.3  0.8  0.0 25.7 16.6 13.7  2.6  6.0  8.8  4.7  0.0
      0.23      3.42      1.19     -1.01      1.77  1.3  0.0  0.0  0.0  0.0
                                     4000_story_1049_llm.txt 35.0  4.6 2712
 11.8  7.4 15.9 60.8 10.7  1.8  1.1  1.1 58.3 23.6  0.0  0.7  0.4  6.3  0.0
  0.0  0.7  5.5 18.4  0.0  1.8258.8 99.6 39.5 77.1 38.0 16.2 11.8  1.5  1.5
  0.7  1.5 46.5  5.5 10.3 23.6  4.1  6.3  1.5  1.5  0.7  1.8  4.4  7.4  1.5
  3.7  4.8  2.6  2.9  4.1 12.5 26.9 12.5  0.7  3.7 69.7106.9  2.2158.2  3.7
  1.1  0.0  0.0  0.0  0.0  0.0  0.0  0.0  0.0  0.0  0.0  0.0  0.0  0.0  0.0
  0.0  0.0  0.0  3.7  0.7  4.1  1.5  0.0  0.0  0.4  0.0  0.0  0.0  0.4  0.4
  0.4  0.0  0.7  1.1  0.4  0.4  0.0  0.0  0.0  0.0  0.0  0.0  1.5  0.0  0.0
 10.0  0.4  0.4 10.7  2.6  0.7  3.3  1.5  0.0  0.0  0.0  0.0  0.0  0.0  0.0
  0.0  0.0  0.0  0.4  0.0  0.0  0.0  8.8  4.4  1.5  5.5 21.0  0.7  3.3  5.2
  0.4  0.4  0.7  0.0  0.0  1.5  1.5 21.0 18.8 16.2  0.7  8.5  9.2  3.3  0.0
      0.46      3.80      1.06     -2.88      2.58  0.4  0.0  0.4  0.0  0.0
                                     4000_story_1052_llm.txt 38.0  4.6 3669
 11.7  2.7  0.3 39.2  2.2  0.0  2.7  0.8 12.8  9.5  0.8  1.6  0.3  2.2  0.5
  0.8  0.3  6.5 24.0  0.3  1.1252.4 96.5 35.7 89.9 51.8 12.8  3.5  2.2  4.9
  1.1  1.1 31.9  9.0  9.0 31.1  7.6  5.2  1.9  1.9  1.6  1.4  4.1 12.3  0.8
  4.4  8.4  2.2  3.5  2.2 13.4 37.1 17.4  0.5  8.2 64.1 66.8  1.6150.7  4.4
  1.4  0.5  0.0  0.0  0.0  0.0  0.0  0.0  0.0  0.0  0.0  0.0  0.0  0.0  0.0
  0.0  0.0  0.0  2.2  0.3  1.6  1.4  0.5  0.0  0.0  0.0  0.0  0.0  0.0  0.8
  0.0  0.5  0.8  0.3  0.0  0.3  0.0  0.0  0.0  0.0  0.3  0.3  1.4  0.3  0.0
  5.5  0.5  0.0  6.0  2.5  0.3  2.7  2.2  0.0  0.0  0.0  0.0  0.0  0.0  0.0
  0.0  0.0  0.0  0.0  0.3  0.0  0.3 16.6  1.9  0.0  7.1 23.7  5.5  8.4  7.1
  3.5  3.5  1.6  1.4  0.5  1.1  0.8 31.6 12.8 15.3  2.2  8.7  9.0  3.0  0.0
     -6.37      2.65      1.34     -2.57      2.82  0.3  0.0  0.0  0.3  0.0
                                     4000_story_1055_llm.txt 35.8  5.0 3368
 10.7  2.1  1.8 88.8  0.9  1.5  1.8  1.5 12.2  5.0  0.9  1.5  0.3  4.2  0.3
  1.2  2.1  4.8 26.1  0.9  0.3276.1 94.7 37.7 30.3 62.1 12.2  7.4  5.0  6.5
  1.8  0.6 66.2  6.8  6.8 27.9  5.0  2.1  0.9  3.3  0.0  3.9  4.2  8.3  2.1
  4.8  4.8  6.8  1.8  5.9  6.8 36.2 15.1  3.0 13.4 73.3 75.1  1.5134.5  4.8
  2.1  0.0  0.0  0.0  0.0  0.0  0.0  0.0  0.0  0.0  0.0  0.0  0.0  0.0  0.0
  0.0  0.0  0.0  2.1  0.9  2.1  0.0  0.3  0.0  0.0  0.0  0.0  0.3  0.0  0.0
  0.0  0.3  0.9  0.3  0.0  0.3  0.0  0.0  0.0  0.9  0.9  0.0  1.8  0.0  0.0
  5.0  0.3  0.3  5.6  1.5  0.3  2.7  2.7  0.0  0.0  0.0  0.0  0.0  0.0  0.0
  0.3  0.0  0.0  0.0  0.0  0.0  0.0  9.8  3.3  3.0 15.4 13.7  2.1  4.2  6.5
  3.0  0.6  2.7  0.9  0.3  0.6  2.4 24.0 13.7 11.6  0.6  6.8  3.3  1.2  0.0
     -2.88      1.74      8.10     -2.79      3.36  0.6  0.0  0.0  0.0  0.0
                                     4000_story_1060_llm.txt 36.8  4.5 5562
 14.9  4.9  1.1 42.6 10.8  0.7  1.8  1.1 53.4 19.4  0.9  0.9  0.0  5.9  0.4
  1.1  1.3  8.1 16.2  0.7  2.5200.1 90.8 28.0107.2 49.6 16.7 10.6  0.7  1.3
  2.5  2.3 40.6  9.2 14.2 35.4  6.5  4.0  3.1  2.3  1.1  2.7  5.4  7.2  1.4
  2.9 10.4  4.1  2.7  5.6 13.1 32.2 11.5  2.0  4.5 63.3113.8  2.9160.9  4.3
  1.1  0.0  0.0  0.0  0.0  0.0  0.0  0.0  0.0  0.0  0.0  0.0  0.0  0.0  0.0
  0.0  0.0  0.0  3.1  1.1  2.2  2.9  0.4  0.0  0.0  0.0  0.2  0.0  0.0  0.0
  0.2  0.4  1.1  1.6  0.0  0.4  0.2  0.0  0.0  0.4  0.2  0.0  2.0  0.9  0.0
  9.2  0.4  0.2  9.7  3.2  0.5  4.1  3.1  0.0  0.0  0.0  0.0  0.0  0.0  0.0
  0.0  0.0  0.0  0.0  0.0  0.0  0.0  9.3  5.4  5.0 12.4 25.0  2.9  4.0  4.9
  0.0  1.1  0.4  2.3  0.0  1.3  0.5 31.5 22.1 18.9  2.3  6.1 15.3  6.3  0.0
      3.46      5.18     -0.81     -2.02      2.87  0.2  0.0  0.0  0.0  0.0
                                     4000_story_1064_llm.txt 36.0  4.2 4121
 15.5 14.3 23.5 55.1 10.7  0.2  2.4  1.5 35.2 13.6  0.5  1.7  0.2  7.0  0.0
  2.2  0.2  7.3 21.1  0.2  3.4232.0 84.9 23.5102.6 64.5 17.5 18.7  0.0  1.9
  0.0  1.2 26.2 13.3 15.0 32.3  7.8  6.3  2.2  1.9  0.2  2.7  2.9  7.3  1.7
  2.2  9.7  0.7  1.9  4.6 13.8 35.7 11.2  0.5  1.9 54.8110.4  4.1174.0  5.6
  1.7  0.0  0.0  0.0  0.0  0.0  0.0  0.0  0.0  0.0  0.0  0.0  0.0  0.0  0.0
  0.0  0.0  0.0 11.6  0.0  3.2  0.7  0.0  0.0  0.0  0.0  0.0  0.0  0.2  0.0
  0.5  0.5  1.5  0.5  0.2  0.2  0.0  0.0  0.0  0.0  0.5  0.2  4.4  0.7  0.0
 15.5  0.0  0.2 15.8  2.9  0.5  3.4  5.8  0.0  0.0  0.0  0.0  0.0  0.0  0.0
  0.5  0.2  0.0  0.0  0.0  0.0  0.0 16.7  3.2  1.5  9.0 17.7  2.2  4.4 10.4
  2.4  3.2  3.6  0.0  0.5  0.7  0.5 48.5 25.0 20.4  1.9  2.9  8.3  6.3  0.0
      6.33      7.34     -5.86     -2.33      1.31  0.2  0.2  0.0  0.0  0.0
                                     4000_story_1070_llm.txt 37.8  4.6 5133
 12.9  3.7  0.8 58.3 22.0  0.6  2.5  1.2 66.8 12.7  0.8  1.6  0.2  5.8  0.8
  1.0  1.6  5.5  6.4  0.6  0.8245.3 67.6 31.6 99.9 50.5 12.5 11.9  1.2  1.0
  0.2  1.2 38.8 13.8  5.6 36.6  6.8  7.4  3.3  1.2  1.0  1.9  5.8  6.2  0.4
  1.6  5.1  2.9  2.9  4.9 13.8 15.4  8.2  2.1  2.3 57.9139.3  4.9168.1  4.5
  0.8  0.0  0.0  0.0  0.0  0.0  0.0  0.0  0.0  0.0  0.0  0.0  0.0  0.0  0.0
  0.0  0.0  0.0  3.3  1.0  1.6  1.4  0.0  0.0  0.0  0.0  0.0  0.0  0.0  0.8
  0.0  0.6  0.6  1.0  0.0  0.4  0.0  0.0  0.0  0.8  0.4  0.0  2.1  2.1  0.0
  7.2  0.0  0.0  7.2  2.9  0.4  4.1  4.7  0.0  0.0  0.0  0.0  0.0  0.0  0.0
  0.2  0.2  0.0  0.0  0.0  0.0  0.0 12.9  3.9  2.1  6.0 13.2  2.5  3.7  4.5
  3.7  1.2  0.8  0.0  0.6  0.6  1.0 29.6 24.7 17.1  3.1  5.3  9.0  5.6  0.0
      0.57      4.40     -2.24     -2.00      1.77  0.2  0.0  0.2  0.2  0.0
                                     4000_story_1071_llm.txt 35.8  4.6 2817
 14.9  2.8  5.0 50.1 11.4  0.4  1.8  2.8 30.9 10.3  1.1  0.4  0.4  6.7  1.4
  1.8  0.7  3.5  9.9  1.8  2.1226.1 78.8 41.5 98.7 70.3 14.6  9.9  1.1  3.2
  0.7  1.1 33.7  6.0  9.6 42.6  6.7  4.6  2.1  1.4  2.5  2.1  4.6  7.1  1.1
  1.8  8.2  1.4  3.2  5.0 10.6 20.9  9.9  2.5  5.0 73.5112.5  1.1162.6  8.9
  0.4  0.4  0.0  0.0  0.0  0.0  0.0  0.0  0.0  0.0  0.0  0.0  0.0  0.0  0.0
  0.0  0.0  0.0  2.5  0.7  0.7  0.7  0.4  0.0  0.0  0.0  0.0  0.0  0.0  0.4
  0.0  1.8  0.7  0.4  0.0  0.7  0.0  0.0  0.0  1.1  0.4  0.0  1.1  2.1  0.0
  4.6  0.4  0.0  5.0  3.2  0.7  5.0  3.5  0.0  0.0  0.0  0.0  0.0  0.0  0.0
  0.0  0.0  0.0  0.0  0.0  0.0  0.4 41.5  3.5  1.8  6.4 16.7  0.4  4.6  8.2
  2.1  3.5  1.1  1.1  0.4  1.1  0.0 28.0 23.8 17.7  1.4  3.9 10.6  8.5  0.0
     -0.97      5.28     -0.38     -2.14      1.73  0.4  0.0  0.0  0.0  0.0
                                     4000_story_1075_llm.txt 33.3  4.6 5587
 15.4  4.3  0.9 55.8 14.5  0.5  4.1  0.9 68.2 10.4  0.9  0.9  0.0  3.0  0.0
  1.1  0.5  5.2 12.4  0.7  1.3241.8 85.4 36.9101.3 32.8 16.5 12.5  0.7  2.5
  0.7  0.2 50.8  3.8  5.9 32.4  8.8  4.5  3.2  2.3  1.4  3.0  3.4 10.4  1.6
  2.9  7.2  4.3  1.8  7.7 11.1 22.9 14.9  1.3  3.9 68.4115.4  2.9168.2  3.4
  0.0  0.2  0.0  0.0  0.0  0.0  0.0  0.0  0.0  0.0  0.0  0.0  0.0  0.0  0.0
  0.0  0.0  0.0  2.9  1.6  3.0  2.3  0.0  0.2  0.0  0.0  0.0  0.0  0.0  0.9
  0.7  1.3  0.7  0.7  0.0  0.5  0.0  0.0  0.0  0.4  0.5  0.0  2.5  0.9  0.0
  9.8  0.2  0.0 10.0  4.3  0.5  5.2  3.9  0.0  0.0  0.0  0.0  0.0  0.0  0.0
  0.7  0.2  0.0  0.4  0.0  0.0  0.0 14.7  3.0  3.0 12.9 18.8  2.0  3.8  6.3
  2.3  2.1  2.3  0.9  0.4  0.4  0.9 28.1 23.6 23.4  2.3  4.3  8.6  5.4  0.0
     -3.01      4.55      2.24     -1.54      2.23  0.5  0.2  0.0  0.0  0.0
                                     4000_story_1091_llm.txt 35.5  4.7 5243
 12.6  4.6  0.8 45.8 12.8  0.2  2.5  1.0 18.3 10.9  0.6  0.4  0.2  3.8  0.2
  2.1  0.4  7.4 16.2  0.4  0.8249.1 91.4 44.8 92.1 75.1 20.8  7.4  2.3  6.3
  0.6  1.1 48.1  6.5  6.3 31.9  7.1  5.1  2.1  2.1  2.1  2.7  4.4  8.0  0.6
  3.6  6.3  3.6  1.5  6.1 14.7 26.1 12.2  0.8  9.2 77.4106.2  2.3149.5  3.6
  0.4  0.2  0.0  0.0  0.0  0.0  0.0  0.0  0.0  0.0  0.0  0.0  0.0  0.0  0.0
  0.0  0.0  0.0  3.2  1.5  1.7  1.5  0.2  0.0  0.0  0.0  0.0  0.0  0.0  1.0
  0.2  1.0  1.3  0.2  0.0  0.0  0.2  0.2  0.2  0.6  0.4  0.2  1.5  0.6  0.0
  8.0  0.2  0.0  8.2  3.6  0.6  4.8  2.7  0.0  0.0  0.0  0.0  0.0  0.0  0.0
  0.2  0.0  0.0  0.0  0.0  0.0  0.0 10.9  7.2  5.0  9.3 18.1  2.1  4.0  8.8
  4.0  1.7  2.5  1.1  1.0  1.3  0.2 26.7 14.7 20.6  2.1  6.1 10.5  4.6  0.0
     -5.72      6.02      4.24     -1.68      1.94  0.0  0.0  0.0  0.2  0.0
                                     4000_story_1096_llm.txt 35.0  4.3 5283
 15.1  6.1  0.0 44.5  8.3  0.6  3.2  1.7 51.1 27.3  0.9  1.1  0.9  5.1  0.2
  0.6  1.1  4.9 19.3  0.9  1.5237.9 93.1 35.2 99.8 26.9 13.1  9.3  0.8  4.0
  1.3  0.8 24.4  8.5  9.8 33.7  4.9  2.5  2.8  2.7  2.7  1.9  3.6  4.5  1.7
  3.6  9.3  1.3  3.6  5.7 10.0 33.1  9.8  2.1  6.1 67.2 86.3  2.5156.9  5.7
  0.0  0.2  0.0  0.0  0.0  0.0  0.0  0.0  0.0  0.0  0.0  0.0  0.0  0.0  0.0
  0.0  0.0  0.0  4.0  0.4  2.7  0.4  0.2  0.0  0.0  0.0  0.0  0.2  0.0  0.4
  0.2  0.6  0.2  0.4  0.0  0.0  0.0  0.4  0.0  0.4  0.0  0.0  2.1  0.9  0.0
  7.4  0.2  0.2  7.8  1.7  0.4  2.5  3.0  0.0  0.0  0.0  0.0  0.0  0.0  0.0
  0.0  0.8  0.0  0.0  0.0  0.0  0.2  3.6  2.5  2.3 10.8 22.9  6.1  4.7 10.2
  0.9  0.9  1.1  1.7  0.0  0.4  0.2 32.0 15.7 17.2  1.1  4.7 10.4  4.9  0.0
      3.01      2.98     -0.66     -1.88      1.78  0.6  0.0  0.0  0.0  0.0
                                     4000_story_1103_llm.txt 32.5  4.3 5723
 13.8  3.5  0.0 61.9 17.1  1.0  3.8  0.7 69.4 13.8  0.7  1.4  0.0  3.8  0.3
  1.0  1.4  7.2  8.2  0.7  0.0231.9 84.7 23.8 99.9 52.4 13.6 11.4  1.9  1.7
  0.9  1.7 33.7  9.3  9.4 29.2  7.0  7.0  2.6  3.5  1.4  2.1  2.1  7.3  0.7
  2.1  5.8  1.9  2.8  5.8 15.6 20.6 10.1  2.1  4.5 46.7138.9  1.6170.5  3.0
  1.4  0.3  0.0  0.0  0.0  0.0  0.0  0.0  0.0  0.0  0.0  0.0  0.0  0.0  0.0
  0.0  0.0  0.0  1.7  1.2  1.9  1.2  0.3  0.2  0.0  0.0  0.2  0.0  0.0  0.2
  0.3  1.2  1.2  0.5  0.0  0.2  0.0  0.0  0.0  0.3  0.0  0.5  1.0  1.4  0.0
  6.1  0.5  0.2  6.8  3.5  0.2  4.0  3.0  0.0  0.0  0.0  0.0  0.0  0.0  0.0
  0.0  0.0  0.0  0.0  0.0  0.0  0.0 15.6  4.5  1.6  7.9 19.2  3.1  5.9  1.9
  2.1  2.1  1.7  1.2  0.0  0.3  0.2 30.4 21.5 19.4  2.6  4.9 11.0  3.8  0.0
      0.70      4.61     -0.32     -1.00      0.01  0.2  0.0  0.2  0.0  0.0
                                     4000_story_1104_llm.txt 34.3  4.4 3118
 15.7  4.8 14.1 45.2  9.0  1.3  2.2  0.3 19.2 11.5  0.3  1.3  0.0  3.2  0.3
  0.3  0.0  6.7 18.3  0.6  1.0282.2 88.5 33.7105.2 57.1 11.5 15.1  1.3  2.2
  1.0  0.0 31.1  5.1  6.7 36.6  8.7  5.1  4.2  1.6  1.9  2.6  4.8  4.5  0.3
  4.5  7.7  3.5  3.2  3.5 13.8 28.9  9.3  0.6  4.5 54.8 85.3  1.6165.8  5.8
  1.9  0.0  0.0  0.0  0.0  0.0  0.0  0.0  0.0  0.0  0.0  0.0  0.0  0.0  0.0
  0.0  0.0  0.0  3.5  1.3  2.2  0.6  0.0  0.0  0.0  0.0  0.0  0.0  0.0  1.3
  0.3  0.6  0.6  0.6  0.0  0.3  0.0  0.0  0.0  0.0  0.3  0.0  1.3  1.0  0.0
  7.7  0.0  0.0  7.7  3.5  0.3  3.8  2.6  0.0  0.0  0.0  0.0  0.0  0.0  0.0
  0.6  0.0  0.0  0.0  0.0  0.3  0.0 23.7  7.7  2.2  6.7 13.8  2.2  4.2  8.3
  7.4  3.2  4.5  0.6  1.0  0.3  0.3 36.2 26.3 22.5  0.6  4.8  7.7  5.1  0.0
     -4.85      5.28      0.36     -1.37      1.76  0.0  0.0  0.0  0.3  0.0
                                     4000_story_1105_llm.txt 37.5  4.6 2746
 11.7  3.6 15.7 51.0 11.3  0.0  1.8  0.4 26.2 11.3  0.0  2.2  0.4  3.3  0.4
  0.0  0.0  9.5 16.8  1.1  1.5285.1 87.8 29.1100.5 68.1 13.8 17.1  0.7  3.3
  0.7  1.8 28.8  9.5  9.1 27.7  9.1  3.6  2.2  1.1  0.7  1.8  2.9  4.7  0.0
  4.4  6.9  3.6  2.9  2.5 13.8 28.8  9.1  1.1  4.7 51.0105.6  3.3173.7  4.0
  2.9  0.0  0.0  0.0  0.0  0.0  0.0  0.0  0.0  0.0  0.0  0.0  0.0  0.0  0.0
  0.0  0.0  0.0  2.2  0.7  4.4  1.5  0.0  0.0  0.0  0.0  0.0  0.0  0.0  0.4
  0.7  1.1  0.4  0.7  0.0  0.0  0.0  0.0  0.0  0.7  0.7  0.0  0.7  0.0  0.0
  8.7  0.0  0.0  8.7  3.3  0.0  4.0  1.5  0.0  0.0  0.0  0.0  0.0  0.0  0.0
  0.0  0.7  0.0  0.0  0.0  0.0  0.4 16.0  2.5  2.2  4.7 14.6  2.2  2.9  5.1
  4.7  0.7  1.8  1.5  1.5  0.0  0.0 40.8 23.3 19.3  2.5  7.6  9.1  4.7  0.0
     -3.75      6.44     -0.58     -3.46      0.32  0.4  0.0  0.4  0.0  0.0
                                     4000_story_1106_llm.txt 39.0  4.5 2885
 14.6  2.4 13.2 42.6  6.9  0.7  0.7  2.4 11.4 12.1  0.3  0.3  0.3  5.5  0.3
  0.7  0.3  4.9 14.2  0.3  2.1269.0 84.6 39.9105.0 57.5 12.1  8.0  0.3  1.4
  0.7  3.8 26.3  7.6  8.7 33.6 10.7  6.2  3.1  0.7  0.7  0.3  3.1  3.8  0.7
  4.2  6.9  1.7  2.4  3.1 11.8 26.0  8.7  0.7  2.4 79.0 75.9  1.4163.3  2.4
  1.7  0.0  0.0  0.0  0.0  0.0  0.0  0.0  0.0  0.0  0.0  0.0  0.0  0.0  0.0
  0.0  0.0  0.0  1.4  0.0  2.4  1.0  0.3  0.0  0.0  0.0  0.0  0.3  0.3  0.0
  0.3  0.0  0.3  0.7  0.0  1.0  0.3  0.0  0.0  0.7  0.0  0.0  0.3  0.7  0.0
  4.9  0.3  0.7  5.9  1.4  1.4  3.5  1.0  0.0  0.0  0.0  0.0  0.0  0.0  0.0
  0.0  0.7  0.3  0.0  0.0  0.0  0.0  6.2  3.8  1.4  7.6 21.5  3.1  2.8  6.2
  6.6  1.0  2.4  3.5  0.3  3.5  0.3 37.8 12.5 19.4  1.7  6.6 12.5  6.9  0.0
     -5.84      4.09     -0.90     -3.33      0.78  0.0  0.0  0.0  0.0  0.0
                                     4000_story_1107_llm.txt 34.8  4.8 6570
 12.3  3.2  1.7 45.7 11.7  0.3  2.0  0.8 21.5 12.6  0.6  2.0  0.0  3.3  0.5
  0.5  0.3  5.3 16.0  1.1  0.5297.0 93.3 38.7 89.6 41.4 15.2  9.1  3.0  4.6
  0.5  1.1 56.2  4.6  6.4 25.4  8.5  3.2  2.1  2.9  0.9  2.0  3.2  6.7  1.1
  5.3  7.5  2.3  2.0  3.8  9.4 29.4 13.1  1.4  8.1 66.2 74.6  2.9152.2  3.2
  1.5  0.0  0.0  0.0  0.0  0.0  0.0  0.0  0.0  0.0  0.0  0.0  0.0  0.0  0.0
  0.0  0.0  0.0  2.4  1.1  2.0  1.1  0.0  0.0  0.0  0.2  0.0  0.2  0.2  0.6
  0.3  1.5  1.2  0.6  0.0  0.5  0.0  0.0  0.0  0.8  0.3  0.2  1.4  0.5  0.0
  6.5  0.0  0.5  7.0  4.3  0.5  5.5  2.3  0.0  0.0  0.0  0.0  0.0  0.0  0.0
  0.5  0.2  0.0  0.0  0.0  0.0  0.0  9.6  5.3  2.3 12.5 11.1  3.8  5.0  9.0
  4.3  0.9  1.4  1.8  0.5  0.5  1.5 29.4 19.2 18.7  1.5  5.2 11.4  3.3  0.0
     -7.25      3.68      5.13     -2.62      1.92  0.6  0.2  0.0  0.0  0.0
                                     4000_story_1108_llm.txt 35.8  5.0 5124
 10.9  2.9  9.2 47.2 10.1  0.2  2.3  2.0 13.3 14.6  0.6  0.8  0.0  5.7  0.2
  0.4  1.6  3.9 17.0  0.8  0.2299.4 83.7 43.7103.0 42.7 13.5 12.7  1.2  5.1
  0.8  1.4 67.5  4.7  4.7 22.4  6.0  3.9  5.1  1.6  1.4  3.1  2.5 11.3  1.2
  5.9  4.9  4.9  2.7  4.7  9.2 25.6 18.3  2.3  7.0 66.2 66.2  2.5164.1  4.1
  2.5  0.0  0.0  0.0  0.0  0.0  0.0  0.0  0.0  0.0  0.0  0.0  0.0  0.0  0.0
  0.0  0.0  0.0  3.5  0.8  3.3  1.4  0.6  0.0  0.0  0.0  0.0  0.2  0.0  0.8
  0.8  0.4  0.4  0.2  0.0  0.4  0.2  0.0  0.2  0.4  0.4  0.6  2.0  0.2  0.0
  9.0  0.6  0.2  9.8  2.5  0.8  3.7  3.1  0.0  0.0  0.0  0.0  0.0  0.0  0.0
  0.2  0.2  0.0  0.0  0.0  0.0  0.0 12.1  4.7  2.7 10.3  8.8  2.9  4.5 11.1
  2.7  1.0  2.0  1.8  0.8  1.0  3.5 30.1 22.2 19.9  3.3  3.7  7.2  4.7  0.0
     -5.59      4.50      6.11     -1.43      2.46  0.2  0.2  0.2  0.0  0.0
                                     4000_story_1111_llm.txt 35.5  4.7 1944
 11.8  1.0  0.0 29.3  8.7  0.5  0.5  0.5  2.1  8.2  0.5  0.5  0.0  8.2  0.5
  2.1  0.5  4.6 15.9  0.0  1.5294.2 86.4 38.6108.5 51.4  6.7  6.2  0.5  4.1
  0.0  5.1 23.1  8.7 15.9 31.9  7.2  2.6  1.0  3.1  1.5  2.1  2.1  3.1  0.5
  5.1 10.3  1.5  2.1  2.1  8.7 35.0  8.7  0.5  4.6 72.5 62.2  2.1156.4  7.2
  1.0  0.0  0.0  0.0  0.0  0.0  0.0  0.0  0.0  0.0  0.0  0.0  0.0  0.0  0.0
  0.0  0.0  0.0  0.0  0.5  1.5  1.5  0.0  0.0  0.0  0.0  0.0  0.0  0.0  0.0
  0.5  0.5  0.5  0.5  0.0  0.0  0.0  0.0  0.0  0.0  0.0  0.0  1.0  2.1  0.0
  3.6  0.0  0.0  3.6  2.1  0.0  2.1  3.1  0.0  0.0  0.0  0.0  0.0  0.0  0.0
  0.0  0.5  0.0  0.0  0.0  0.0  0.0  2.1  1.5  0.0  7.2 16.5  2.6  4.1  7.2
  3.1  1.0  2.6  6.7  1.5  2.1  0.0 36.0 14.4 14.4  1.0  6.7  8.2  5.7  0.0
     -7.99      2.56     -2.15     -2.70      0.18  0.0  0.0  0.0  0.0  0.0
                                     4000_story_1112_llm.txt 36.0  4.6 2250
 13.3  3.1  1.8 36.4  5.8  0.0  1.8  0.4  5.8 16.0  0.0  1.3  0.0  3.1  0.0
  0.0  0.0  2.2 10.7  0.4  0.9292.4 87.1 44.9100.9 63.1 12.9  8.0  0.9  0.4
  0.4  2.7 28.9 12.0  7.1 35.1  5.8  4.9  1.3  1.3  2.2  0.9  4.0  5.3  0.9
  4.0  6.2  1.8  3.6  2.2  9.3 22.2 10.2  0.4  1.8 72.0 74.7  2.2154.2  5.3
  0.4  0.0  0.0  0.0  0.0  0.0  0.0  0.0  0.0  0.0  0.0  0.0  0.0  0.0  0.0
  0.0  0.0  0.0  4.0  0.9  0.4  1.8  0.0  0.0  0.0  0.0  0.0  0.0  0.0  0.9
  0.0  0.4  0.9  1.3  0.0  0.0  0.0  0.0  0.0  0.9  0.4  0.0  1.3  0.9  0.0
  7.1  0.0  0.0  7.1  3.6  0.0  4.4  2.7  0.0  0.0  0.0  0.0  0.0  0.0  0.0
  0.0  0.0  0.0  0.0  0.0  0.0  0.0 10.2  4.0  0.4  6.2 34.7  1.3  4.4  8.4
  4.0  3.1  3.1  4.9  0.9  0.0  0.0 33.8 16.4 15.6  2.7  5.3  8.9  5.8  0.0
    -11.70      4.36     -2.40     -2.99      1.66  0.4  0.0  0.0  0.0  0.0
                                     4000_story_1114_llm.txt 35.8  4.5 2501
 10.0  5.6  4.0 50.8 10.8  0.4  0.8  0.4 19.2 18.0  0.8  0.8  0.0  3.6  0.4
  0.4  0.8  6.8 17.2  1.2  2.4267.9 89.2 32.4 99.2 67.2 12.0  8.0  0.8  2.4
  0.4  1.2 30.4 10.0  8.8 32.4  5.6  4.0  1.2  0.8  0.8  1.2  3.2  6.0  0.4
  3.6  6.0  0.0  1.2  5.2 11.6 26.0 10.0  2.0  3.6 60.4 97.2  3.6161.9  5.2
  0.8  0.0  0.0  0.0  0.0  0.0  0.0  0.0  0.0  0.0  0.0  0.0  0.0  0.0  0.0
  0.0  0.0  0.0  3.6  2.0  0.8  0.4  0.0  0.0  0.0  0.0  0.0  0.0  0.0  0.0
  0.8  1.2  0.4  0.4  0.0  0.8  0.0  0.0  0.0  1.2  0.0  0.0  1.6  1.2  0.0
  6.8  0.0  0.0  6.8  2.8  0.8  4.8  2.8  0.0  0.0  0.0  0.0  0.0  0.0  0.0
  0.4  0.8  0.0  0.0  0.0  0.0  0.0  8.4  3.2  0.4  6.8 23.2  3.2  4.8  4.4
  3.6  2.4  9.2  1.2  0.4  0.8  0.0 45.2 14.4 16.8  1.2  4.8 10.0  4.4  0.0
     -2.43      4.31     -1.72     -4.04      0.75  1.2  0.4  0.4  0.0  0.0
                                     4000_story_1116_llm.txt 35.8  4.7 2478
 12.9  3.2  0.8 37.1  1.6  0.4  1.2  1.2  3.2  6.5  1.6  0.0  0.8  2.8  0.0
  1.2  2.0  5.6 10.5  0.4  1.2301.9 85.6 46.4 89.6 65.4  8.5  5.2  1.2  2.4
  0.8  3.6 31.9  4.4 11.7 40.0  2.8  6.5  1.6  2.0  0.8  2.0  3.6  6.5  0.0
  2.4  6.5  0.8  1.6  5.2 12.9 22.6  8.9  2.4  4.4 90.4 70.2  0.4138.4  2.4
  3.2  0.4  0.0  0.0  0.0  0.0  0.0  0.0  0.0  0.0  0.0  0.0  0.0  0.0  0.0
  0.0  0.0  0.0  0.4  0.4  2.4  1.6  0.0  0.0  0.0  0.0  0.0  0.0  0.0  0.8
  0.4  0.0  0.0  0.4  0.0  0.0  0.0  0.0  0.0  0.0  0.4  0.0  2.4  0.0  0.0
  4.8  0.0  0.0  4.8  1.6  0.0  1.6  2.8  0.0  0.0  0.0  0.0  0.0  0.0  0.0
  0.0  0.0  0.0  0.0  0.0  0.0  0.0 10.5  1.6  1.6  7.7 18.2  2.0  4.8  8.5
  0.4  2.4  3.2  2.0  0.0  0.4  0.4 19.4 12.1 17.8  0.8  7.7  7.3  3.6  0.0
     -9.45      2.73      0.21     -2.44      0.40  0.4  0.4  0.0  0.0  0.0
                                     4000_story_1117_llm.txt 37.0  4.7 3775
 16.2  3.2  0.3 61.5 14.3  1.9  1.1  0.8 13.2 10.9  2.1  1.1  0.0  3.7  0.5
  1.9  0.3  5.0 17.5  1.3  1.3271.3 86.9 28.3 89.0 57.7 10.9 11.4  1.1  3.7
  0.5  2.4 46.1  7.4  9.3 37.4  8.7  3.7  2.9  2.1  4.2  2.1  7.2  7.4  0.5
  3.7  8.5  2.4  1.3  4.5 13.0 31.5 11.7  1.6  5.3 60.7 85.3  1.1169.5  5.0
  1.3  0.3  0.0  0.0  0.0  0.0  0.0  0.0  0.0  0.0  0.0  0.0  0.0  0.0  0.0
  0.0  0.0  0.0  2.1  1.1  2.6  1.3  0.3  0.0  0.3  0.0  0.0  0.0  0.0  0.5
  0.5  1.1  0.3  1.1  0.3  0.0  0.0  0.3  0.0  0.3  0.0  0.0  2.9  0.5  0.0
  7.2  0.5  0.0  7.7  3.4  0.5  4.2  3.4  0.0  0.0  0.0  0.0  0.0  0.0  0.0
  0.0  0.0  0.0  0.0  0.0  0.0  0.0  7.7  5.3  1.1  8.5 19.9  1.1  4.2  4.0
  0.8  2.6  0.5  1.9  0.3  0.0  0.5 28.3 26.8 22.0  2.4  5.8  8.7  6.4  0.0
     -3.66      3.96      1.05     -0.95      3.57  0.5  0.0  0.0  0.3  0.0
                                     4000_story_1121_llm.txt 35.5  4.5 2075
  5.3  2.9  1.9 43.9  8.7  1.4  0.0  0.5 14.9 11.6  1.0  0.0  0.5  6.3  1.0
  1.4  1.0  5.8  7.2  0.5  2.9273.7 89.6 35.2105.1 81.0 11.1 10.1  1.0  4.8
  1.4  3.4 28.0  7.7 12.5 39.5  5.8  0.5  1.0  1.9  1.4  2.9  3.4  1.9  0.0
  3.9  9.2  1.0  2.4  5.3  7.7 21.7  5.8  1.4  7.2 61.2104.6  2.4163.9  3.4
  0.0  0.0  0.0  0.0  0.0  0.0  0.0  0.0  0.0  0.0  0.0  0.0  0.0  0.0  0.0
  0.0  0.0  0.0  1.9  0.5  1.4  1.9  0.0  0.0  0.0  0.0  0.0  0.0  0.0  0.0
  1.0  1.0  0.0  1.0  0.0  0.0  0.0  0.0  0.0  0.0  0.5  0.0  2.4  1.0  0.0
  5.8  0.0  0.0  5.8  2.9  0.0  2.9  3.9  0.0  0.0  0.0  0.0  0.0  0.0  0.0
  0.0  0.5  0.0  0.0  0.0  0.0  0.5 20.2  1.0  0.5  7.7 22.2  3.4  5.3 11.1
  1.4  1.0  2.9  2.9  0.0  0.5  0.5 35.7 17.8 13.5  1.0  7.7 10.6  6.7  0.0
     -5.98      5.33      0.32     -3.46      0.02  0.0  0.0  0.0  0.0  0.0
                                     4000_story_1128_llm.txt 35.0  4.5 7045
 13.6  3.8  2.4 48.7 10.9  0.6  1.1  1.0 56.4 11.9  1.0  1.1  0.6  3.1  0.7
  1.1  0.9  7.4 18.7  0.4  1.8241.0 92.5 39.9 88.9 24.8 12.1  7.8  1.8  2.7
  2.0  1.7 36.6  9.4 13.2 34.8  6.0  3.0  1.1  2.0  2.1  2.0  4.1  8.9  1.3
  3.7  7.0  3.3  3.7  4.4 12.5 30.5 13.9  1.3  6.5 74.5 92.1  1.4151.3  3.8
  0.7  0.3  0.0  0.0  0.0  0.0  0.0  0.0  0.0  0.0  0.0  0.0  0.0  0.0  0.0
  0.0  0.0  0.0  2.3  0.6  3.0  1.8  0.1  0.1  0.0  0.1  0.0  0.1  0.1  0.6
  0.3  0.6  0.4  0.6  0.0  0.3  0.0  0.0  0.0  0.4  0.3  0.1  1.8  1.0  0.0
  7.7  0.3  0.4  8.4  2.4  0.3  3.1  3.3  0.0  0.0  0.0  0.0  0.0  0.0  0.0
  0.0  0.3  0.0  0.0  0.0  0.0  0.1  8.5  2.7  5.8 11.6 27.8  4.0  5.7 11.1
  3.1  2.3  3.4  1.4  0.1  0.6  0.7 28.7 15.2 17.6  1.8  7.7  9.8  3.8  0.0
     -1.36      2.07     -0.15     -2.82      2.47  0.0  0.0  0.1  0.0  0.0
                                     4000_story_1130_llm.txt 35.0  5.1 3067
 11.4  1.3  0.0 75.3 10.1  0.3  3.6  1.0 13.7 12.4  1.6  2.0  0.0  5.5  0.0
  1.0  0.7  6.8 14.0  0.7  0.0284.3 86.4 40.4 66.5 48.9 15.3 10.8  3.6  2.9
  2.9  2.0 76.9  4.9  5.9 27.1  3.3  1.6  1.0  1.6  1.3  2.0  3.6  8.8  0.3
  4.9  4.9  2.6  3.3  4.6  9.8 24.5 14.0  1.3  9.5 65.5 72.7  2.3151.9  5.2
  1.3  0.0  0.0  0.0  0.0  0.0  0.0  0.0  0.0  0.0  0.0  0.0  0.0  0.0  0.0
  0.0  0.0  0.0  1.0  0.3  1.3  1.6  0.0  0.0  0.0  0.0  0.0  0.3  0.0  0.0
  0.0  0.7  1.3  0.7  0.0  0.0  0.0  0.0  0.0  0.3  0.0  0.0  2.9  1.3  0.0
  4.2  0.0  0.3  4.6  2.6  0.0  2.9  4.2  0.0  0.0  0.0  0.0  0.0  0.0  0.0
  0.3  0.3  0.0  0.0  0.0  0.0  0.0 16.0  6.2  3.9 16.3 13.0  2.9  2.0  5.9
  3.6  1.0  1.3  1.3  0.3  0.3  2.3 22.2 18.9 19.6  1.6  5.5 11.4  3.3  0.0
     -6.16      3.57      8.63     -3.76      1.78  1.0  0.0  0.0  0.0  0.0
                                     4000_story_1132_llm.txt 34.5  4.6 3536
 13.0  7.6  0.6 23.2  0.6  0.3  2.0  1.4 16.4 17.0  0.6  2.0  0.0  4.0  0.8
  0.0  0.0  3.7 13.6  0.8  1.1273.5103.2 32.2114.8 56.0 19.5 11.0  1.1  2.5
  0.3  1.1 38.2  7.4 11.3 26.3  7.6  2.8  2.3  1.7  0.8  1.7  3.1 11.0  0.3
  7.4 11.6  3.1  3.1  4.0  7.4 30.0 18.7  0.8  4.0 63.6 73.0  2.3160.9  3.7
  2.5  0.0  0.0  0.0  0.0  0.0  0.0  0.0  0.0  0.0  0.0  0.0  0.0  0.0  0.0
  0.0  0.0  0.0  4.5  0.8  3.7  2.3  0.0  0.0  0.0  0.0  0.0  0.0  0.0  0.6
  0.6  1.4  0.8  0.0  0.0  0.0  0.0  0.0  0.0  0.8  0.3  0.0  1.1  0.8  0.0
 11.3  0.0  0.0 11.3  3.4  0.0  4.2  2.3  0.0  0.0  0.0  0.0  0.0  0.0  0.0
  0.3  0.0  0.0  0.0  0.0  0.0  0.0 13.0  5.9  2.0 10.2 25.5  3.4  5.4  7.9
  7.9  0.8  4.2  1.1  0.0  0.8  0.0 30.0 20.6 16.1  3.1  7.9 12.7  5.9  0.0
     -7.09      6.33     -0.68     -3.35      2.58  1.1  0.6  0.0  0.0  0.0
                                     4000_story_1133_llm.txt 34.5  4.4 4444
 15.1  4.1 11.5 55.4 13.3  1.6  3.6  1.4 18.9  9.7  1.1  1.4  0.5  4.5  0.5
  0.2  2.5  4.5 14.2  0.9  1.1283.5 84.2 33.5 91.1 61.2  9.9 11.5  0.7  3.8
  0.7  0.9 31.7  5.0  8.1 33.5  7.0  7.2  2.7  3.2  0.9  0.9  3.6  4.3  0.2
  3.2  5.4  2.7  2.5  4.7 12.6 25.0  7.7  3.4  5.2 59.2 93.4  2.9161.8  7.0
  1.8  0.0  0.0  0.0  0.0  0.0  0.0  0.0  0.0  0.0  0.0  0.0  0.0  0.0  0.0
  0.0  0.0  0.0  1.4  0.7  2.5  2.3  0.0  0.0  0.0  0.0  0.0  0.0  0.0  0.2
  0.9  1.1  0.7  0.9  0.0  0.0  0.0  0.0  0.0  0.7  0.7  0.0  3.4  1.4  0.0
  6.8  0.0  0.0  6.8  3.8  0.0  4.5  5.4  0.0  0.0  0.0  0.0  0.0  0.0  0.0
  1.1  0.7  0.2  0.0  0.0  0.0  0.0 10.6  4.5  1.6 10.4 25.9  2.9  5.9  7.9
  2.7  1.4  2.3  2.7  0.5  1.1  0.7 34.0 18.2 22.1  2.3  2.7 10.6  5.0  0.0
     -0.12      4.02      0.73     -1.80      0.46  0.5  0.0  0.0  0.0  0.0
                                     4000_story_1136_llm.txt 38.8  4.8 3668
 10.6  2.7  5.5 44.7  5.5  0.5  2.5  1.1  8.7 11.5  1.6  1.1  0.5  6.8  0.3
  0.8  0.5  6.0 13.9  0.3  0.8299.3 90.2 43.6 94.6 47.4 12.0 10.4  0.8  2.7
  0.5  2.5 40.1  6.8  9.5 30.0  8.2  3.5  3.0  1.4  1.9  1.4  2.7  3.5  0.3
  6.5  5.7  0.5  1.1  4.1 11.5 24.5 10.4  0.8  4.1 78.2 61.6  2.7163.8  6.3
  1.1  0.0  0.0  0.0  0.0  0.0  0.0  0.0  0.0  0.0  0.0  0.0  0.0  0.0  0.0
  0.0  0.0  0.0  1.6  0.3  1.4  1.4  0.0  0.0  0.0  0.0  0.0  0.0  0.0  0.3
  0.0  1.4  0.8  1.1  0.0  0.0  0.0  0.0  0.0  0.3  0.8  0.0  2.5  2.5  0.0
  4.6  0.0  0.0  4.6  3.5  0.0  3.8  5.7  0.0  0.0  0.0  0.0  0.0  0.0  0.0
  0.0  0.0  0.0  0.0  0.0  0.0  0.0 17.4  1.6  2.2  6.5 22.9  2.5  2.5  5.7
  0.5  1.1  1.9  1.6  0.3  1.4  0.3 34.1 19.9 12.8  2.2  5.2  8.5  4.9  0.0
     -7.42      3.72      0.55     -2.72      0.93  0.0  0.0  0.0  0.3  0.0
                                     4000_story_1137_llm.txt 37.3  4.4 3859
 13.5  4.7 21.2 66.1 15.5  2.1  3.6  1.8 33.2 10.6  1.8  3.1  1.0  6.7  2.6
  0.8  0.8  4.7 11.4  0.5  3.1259.9 74.1 28.5 87.1 58.3 12.7  8.8  1.6  2.9
  1.3  0.3 28.0  8.0  7.5 30.8  4.9  9.1  2.3  4.1  1.8  1.3  2.3  3.6  0.0
  1.8  5.7  1.6  1.6  5.4 15.5 24.6  5.4  1.3  5.7 55.5107.0  4.4162.2  9.1
  1.6  0.3  0.0  0.0  0.0  0.0  0.0  0.0  0.0  0.0  0.0  0.0  0.0  0.0  0.0
  0.0  0.0  0.0  2.9  0.5  1.0  1.0  0.0  0.0  0.0  0.0  0.0  0.0  0.0  0.3
  0.3  1.0  0.0  0.0  0.0  0.0  0.0  0.0  0.0  0.3  0.3  0.0  2.6  2.6  0.0
  5.4  0.0  0.0  5.4  1.6  0.0  1.8  5.4  0.0  0.0  0.0  0.0  0.0  0.0  0.0
  0.5  0.8  0.5  0.0  0.0  0.0  0.5 12.4  5.2  1.3  7.8 21.8  1.6  4.9  7.5
  4.4  1.0  0.8  0.3  2.3  0.3  0.0 37.3 17.4 22.3  0.8  3.9  9.1  4.1  0.0
      4.50      3.80      0.27     -0.43     -1.03  0.0  0.0  0.0  0.0  0.3
                                     4000_story_1138_llm.txt 35.8  4.5 4035
 14.6  3.2  7.9 75.8 19.1  2.0  3.7  0.0 21.3 14.6  1.0  2.7  0.2  5.9  1.0
  1.0  3.0  7.2 10.7  0.5  1.5267.4 68.9 37.4 77.6 54.3 15.6  9.2  0.2  2.7
  0.5  3.2 32.0  7.2  7.7 37.2  8.2  3.7  1.5  2.7  0.5  2.5  5.0  6.2  0.5
  2.0  5.7  2.5  2.2  5.7 11.4 25.0  8.7  3.5  3.5 65.4 94.7  2.5166.3  6.2
  0.7  0.0  0.0  0.0  0.0  0.0  0.0  0.0  0.0  0.0  0.0  0.0  0.0  0.0  0.0
  0.0  0.0  0.0  2.2  0.2  2.7  1.2  0.0  0.0  0.2  0.0  0.0  0.2  0.0  0.5
  0.2  1.2  1.7  0.2  0.2  0.5  0.0  0.0  0.0  0.5  0.5  0.0  0.7  0.5  0.0
  6.4  0.2  0.2  6.9  4.0  0.7  5.2  1.7  0.0  0.0  0.0  0.0  0.0  0.0  0.0
  1.0  0.5  0.2  0.0  0.0  0.0  0.2 16.1  4.5  3.0  5.7 23.8  2.7  4.5  8.2
  3.0  2.0  2.0  2.0  0.5  0.2  1.0 30.7 22.1 21.8  1.7  4.0 12.9  4.5  0.0
      4.40      3.94     -0.08     -2.77      1.43  0.5  0.0  0.0  0.0  0.0
                                     4000_story_1139_llm.txt 37.8  4.4 4224
 10.4  4.3 12.1 53.0 13.0  1.4  3.8  1.2 44.3 16.8  0.0  1.4  0.9  6.4  0.9
  0.7  0.2  3.8 13.7  0.5  1.4282.2 81.2 33.9 95.2 38.6 10.9 10.7  1.2  2.6
  0.5  0.7 27.2  7.1 12.1 33.1  7.3  3.6  2.1  2.1  1.2  1.2  2.6  4.5  0.2
  4.0  5.2  0.9  3.3  3.1  8.5 23.2  8.8  0.7  4.3 58.9 95.9  2.6164.3  7.6
  1.2  0.0  0.0  0.0  0.0  0.0  0.0  0.0  0.0  0.0  0.0  0.0  0.0  0.0  0.0
  0.0  0.0  0.0  2.8  0.5  1.2  1.9  0.2  0.0  0.0  0.0  0.0  0.0  0.2  0.7
  0.5  1.7  1.2  0.7  0.0  0.5  0.2  0.0  0.0  0.0  0.2  0.0  1.4  1.2  0.0
  6.4  0.2  0.2  6.9  4.7  0.7  5.4  2.8  0.0  0.0  0.0  0.0  0.0  0.0  0.0
  0.7  0.9  0.0  0.0  0.0  0.0  0.2 15.4  4.3  2.4 11.1 17.8  1.2  4.0  7.8
  6.6  0.9  2.4  1.7  0.2  0.7  0.9 40.7 19.2 18.5  1.2  3.6  9.7  4.3  0.0
     -1.15      3.19     -1.91     -3.07      0.16  0.5  0.0  0.0  0.0  0.0
                                     4000_story_1141_llm.txt 34.3  4.4 3602
 15.3  5.6 21.1 64.7 16.9  0.6  8.3  0.8 23.0 11.1  1.1  3.6  0.3  9.4  0.8
  0.6  1.4  4.4 15.5  2.5  4.2262.1 86.1 36.4 83.8 58.9 12.5  9.7  1.1  3.1
  0.3  0.6 25.3  6.4  7.8 31.9  7.8  4.7  2.5  3.3  1.1  1.4  2.8  3.9  0.6
  2.5  5.8  1.7  1.4  4.7 10.3 28.9  6.9  3.9  4.4 71.1 98.8  3.1161.0  6.7
  1.9  0.0  0.0  0.0  0.0  0.0  0.0  0.0  0.0  0.0  0.0  0.0  0.0  0.0  0.0
  0.0  0.0  0.0  2.2  1.7  4.4  0.8  0.3  0.0  0.0  0.0  0.0  0.0  0.0  1.4
  1.4  0.3  0.8  0.3  0.0  0.0  0.3  0.0  0.3  0.3  0.0  0.0  1.9  1.9  0.0
  9.2  0.3  0.0  9.4  4.2  0.6  5.0  3.9  0.0  0.0  0.0  0.0  0.0  0.0  0.0
  0.6  1.1  0.0  0.0  0.0  0.0  0.0 14.7  2.5  0.3  6.9 23.0  2.5  6.1 11.4
  4.2  1.7  1.9  1.9  1.1  0.8  0.0 35.8 16.4 25.0  0.8  4.2  8.6  4.4  0.0
      7.93      3.85     -0.56     -2.08     -0.07  0.0  0.0  0.3  0.0  0.0
                                     4000_story_1143_llm.txt 34.8  4.4 3528
 13.6  6.0 18.4 62.4 14.5  1.7  4.0  2.6 25.2 13.9  1.4  2.0  0.0  8.5  0.9
  0.0  0.9  4.3 18.7  1.7  2.0260.2 72.8 35.1 98.9 64.9 14.2 13.6  2.3  3.1
  0.0  3.1 24.4  7.1  7.1 31.2  9.1 11.6  2.6  4.3  1.7  1.1  4.0  4.0  0.3
  4.5  5.7  3.4  2.0  8.5 17.6 33.7  8.8  2.6  5.4 70.0104.6  2.8179.1  7.1
  2.3  0.0  0.0  0.0  0.0  0.0  0.0  0.0  0.0  0.0  0.0  0.0  0.0  0.0  0.0
  0.0  0.0  0.0  4.0  1.7  3.1  1.4  0.0  0.0  0.0  0.0  0.0  0.0  0.0  0.3
  1.7  2.8  0.3  0.6  0.0  0.3  0.0  0.0  0.0  0.3  0.6  0.0  1.4  0.9  0.0
 10.2  0.0  0.0 10.2  5.7  0.3  6.2  2.8  0.0  0.0  0.0  0.0  0.0  0.0  0.0
  0.3  1.1  0.0  0.0  0.0  0.3  0.0 10.5  1.4  1.1  7.1 20.7  4.8  3.1  5.7
  4.5  1.1  2.0  2.3  0.9  0.9  0.0 40.0 24.4 23.5  1.1  4.0  9.4  3.7  0.0
      4.78      5.66      0.83      0.18      1.14  0.6  0.0  0.3  0.0  0.0
                                     4000_story_1144_llm.txt 35.3  4.5 5218
 10.0  3.4 15.7 47.7 14.8  1.1  4.4  1.0 15.9 12.3  0.2  1.5  0.4  4.4  2.1
  1.1  0.6  2.7 13.0  0.0  1.0274.2 85.3 39.9103.3 67.3 13.4  9.2  1.1  2.9
  1.0  2.3 25.3  5.9  9.6 30.5  4.0  3.6  2.3  1.5  1.5  1.3  2.1  5.6  0.6
  3.3  3.3  2.1  1.9  4.6  7.9 21.7  9.4  0.6  5.0 76.3 97.9  1.3161.6  5.7
  1.0  0.2  0.0  0.0  0.0  0.0  0.0  0.0  0.0  0.0  0.0  0.0  0.0  0.0  0.0
  0.0  0.0  0.0  1.9  0.0  1.5  1.3  0.2  0.0  0.0  0.0  0.0  0.0  0.2  0.0
  0.0  0.2  1.1  0.6  0.0  0.0  0.0  0.0  0.0  0.0  0.2  0.0  1.9  2.1  0.0
  4.8  0.2  0.2  5.2  1.9  0.0  1.9  4.2  0.0  0.0  0.0  0.0  0.0  0.0  0.0
  0.0  1.1  0.0  0.0  0.2  0.0  0.2 11.5  2.5  1.5  8.4 23.2  2.9  3.8  4.6
  2.9  1.0  0.0  3.1  0.4  0.6  0.8 35.8 15.9 14.0  1.5  5.7 13.6  5.0  0.0
     -4.01      4.94      0.32     -3.03      0.03  0.4  0.0  0.2  0.2  0.0
                                     4000_story_1145_llm.txt 36.0  4.6 3375
 11.6  2.1 14.5 48.9  9.2  0.0  2.7  0.6 15.4  9.2  1.2  1.2  0.3  5.0  0.0
  0.9  0.3  5.6 15.1  0.9  0.9291.3 91.3 34.4 92.1 47.4 17.8 11.6  1.2  5.9
  0.3  1.8 25.5  6.8  5.6 31.7  5.9  5.3  1.8  3.0  1.5  3.6  3.3  8.0  1.2
  2.7  5.0  2.1  0.9  3.0 12.4 26.1 11.9  1.2  7.4 61.6 72.0  2.1157.9  8.3
  2.4  0.0  0.0  0.0  0.0  0.0  0.0  0.0  0.0  0.0  0.0  0.0  0.0  0.0  0.0
  0.0  0.0  0.0  1.2  0.3  1.8  1.5  0.0  0.0  0.0  0.0  0.0  0.3  0.3  0.3
  0.3  0.6  0.3  0.6  0.0  0.6  0.0  0.0  0.0  0.3  0.3  0.0  1.5  0.3  0.0
  4.7  0.0  0.6  5.3  2.1  0.6  3.0  2.1  0.0  0.0  0.0  0.0  0.0  0.0  0.0
  0.9  0.3  0.0  0.0  0.0  0.0  0.6 13.0  4.4  2.4  9.5 20.7  3.6  3.0  5.6
  5.0  1.2  3.0  2.1  1.2  0.3  0.0 35.9 15.7 16.6  2.7  5.3 11.9  5.3  0.0
     -6.36      4.97      1.93     -1.29      1.39  0.9  0.0  0.3  0.3  0.0
                                     4000_story_1146_llm.txt 38.0  4.4 4940
 15.2  4.5 21.1 66.0 16.8  1.8  3.6  0.8 24.3 15.4  1.2  1.8  1.6  5.1  1.2
  0.6  0.6  6.1 11.3  1.6  3.0266.6 78.1 31.8102.2 64.0 12.3 13.8  1.0  2.4
  0.0  1.6 29.4  8.5  8.5 31.2  8.7  8.3  1.6  3.0  1.6  2.2  4.3  3.8  0.8
  2.0  6.7  1.4  1.8  6.7 16.0 24.5  6.7  2.2  3.4 63.2105.1  4.7181.0  6.9
  1.8  0.0  0.0  0.0  0.0  0.0  0.0  0.0  0.0  0.0  0.0  0.0  0.0  0.0  0.0
  0.0  0.0  0.0  3.0  0.8  2.4  0.6  0.0  0.0  0.0  0.0  0.0  0.0  0.0  0.4
  0.6  2.0  0.6  0.4  0.0  0.6  0.0  0.0  0.4  0.6  0.4  0.0  2.2  1.0  0.0
  6.9  0.0  0.0  6.9  4.0  1.0  5.7  3.6  0.0  0.0  0.0  0.0  0.0  0.0  0.0
  1.2  1.2  0.2  0.0  0.0  0.0  0.0  9.5  4.0  1.0  9.7 16.6  2.4  3.8  5.9
  4.0  1.0  2.0  1.0  0.6  0.0  0.4 39.9 19.0 21.1  1.2  3.4 10.1  6.7  0.0
      2.78      5.40     -1.28     -1.06      0.89  0.2  0.2  0.2  0.2  0.0
                                     4000_story_1148_llm.txt 35.3  4.5 4459
 12.1  2.9 11.0 34.8  6.7  1.1  2.7  0.2 19.7  8.5  0.7  1.1  0.9  4.9  0.9
  7.8  0.4  4.5 14.6  0.9  2.9268.0 91.9 40.6113.7 67.7 15.5  8.5  0.4  1.3
  0.0  2.9 19.1  7.4 10.3 34.1  5.8  2.9  2.7  1.3  1.1  1.1  3.1  5.6  0.4
  4.9 10.1  1.8  2.0  4.5  8.5 30.1 11.0  1.3  1.8 71.5 94.2  2.7163.0  6.7
  2.0  0.0  0.0  0.0  0.0  0.0  0.0  0.0  0.0  0.0  0.0  0.0  0.0  0.0  0.0
  0.0  0.0  0.0  1.6  1.1  2.2  0.9  0.0  0.0  0.0  0.0  0.0  0.0  0.0  0.0
  0.4  0.9  0.2  0.4  0.0  0.0  0.0  0.0  0.0  0.2  0.0  0.4  2.0  1.1  0.0
  5.8  0.0  0.0  5.8  2.0  0.0  2.2  3.6  0.0  0.0  0.0  0.0  0.0  0.0  0.0
  0.4  0.7  0.2  0.0  0.0  0.0  0.2 14.6  1.3  1.6  5.8 19.7  1.1  4.9  5.4
  5.4  2.0  1.6  3.4  0.7  0.7  0.0 41.3 17.3 18.6  1.8  5.8  9.6  6.1  0.0
     -2.16      5.58     -2.77     -3.45      1.12  0.2  0.0  0.2  0.0  0.0
                                     4000_story_1150_llm.txt 36.3  4.4 4252
 16.2  5.9 21.2 62.8 16.2  2.1  4.2  1.9 21.4 20.7  1.6  1.9  0.2  6.1  0.9
  0.7  0.5  5.4 13.2  0.7  1.9267.4 75.5 30.1 94.8 56.9 10.1 12.0  0.5  4.0
  0.0  1.2 20.9  6.1  6.6 35.3  7.8  6.8  3.8  4.2  1.9  1.6  5.4  4.7  0.7
  2.4  5.6  4.0  3.3  5.4 14.1 26.1  7.8  1.2  4.5 67.0 94.5  3.1170.0  6.1
  1.6  0.0  0.0  0.0  0.0  0.0  0.0  0.0  0.0  0.0  0.0  0.0  0.0  0.0  0.0
  0.0  0.0  0.0  3.5  1.2  3.8  1.9  0.5  0.0  0.0  0.0  0.0  0.0  0.0  0.2
  0.5  1.2  1.9  0.0  0.0  0.0  0.0  0.0  0.2  0.5  0.9  0.0  1.4  1.4  0.0
 10.3  0.5  0.0 10.8  3.8  0.2  4.5  3.8  0.0  0.0  0.0  0.0  0.0  0.0  0.0
  0.2  0.2  0.0  0.0  0.0  0.0  0.5  8.2  3.8  1.6  7.3 16.0  1.2  6.3  6.8
  2.4  0.9  0.9  2.6  1.6  0.5  0.7 39.0 21.9 20.0  0.9  4.7  9.4  3.3  0.0
      2.82      4.09     -0.55     -0.29      1.77  0.7  0.0  0.0  0.5  0.0
                                     4000_story_1151_llm.txt 36.0  4.3 4799
 23.3  7.7  9.8 60.4 10.2  0.4  4.0  2.1 21.3 14.0  0.6  1.9  0.0  9.8  2.1
  0.2  0.2  7.5 16.5  1.3  2.3249.4 81.5 33.1 97.3 67.5 15.6 10.4  0.2  4.0
  0.2  1.0 23.1  5.0  9.6 31.7 10.2  5.8  2.3  2.9  2.5  1.9  2.5  4.2  0.4
  2.9  9.8  2.1  2.1  5.8 15.8 32.1  7.5  1.5  4.4 62.1 99.0  4.2175.7  5.8
  2.3  0.2  0.0  0.0  0.0  0.0  0.0  0.0  0.0  0.0  0.0  0.0  0.0  0.0  0.0
  0.0  0.0  0.0  3.3  1.5  5.4  0.6  0.0  0.0  0.0  0.0  0.0  0.0  0.0  0.2
  0.4  2.9  0.4  0.2  0.0  0.0  0.0  0.0  0.0  0.0  0.2  0.0  2.5  1.7  0.0
 10.8  0.0  0.0 10.8  4.2  0.0  4.2  4.4  0.0  0.0  0.0  0.0  0.0  0.0  0.0
  0.2  0.4  0.2  0.0  0.0  0.2  0.4 14.0  4.2  1.3  6.9 21.3  3.3  4.2  6.0
  6.9  1.5  2.3  1.9  0.2  0.8  0.0 39.6 20.0 30.8  1.3  3.5 12.1  6.5  0.0
      5.76      5.41     -0.79     -1.21     -0.17  0.4  0.0  0.0  0.0  0.0
                                     4000_story_1158_llm.txt 37.5  4.8 2003
  7.5  3.5  1.5 92.9 12.5  0.0  1.0  0.0 23.0 15.0  1.0  1.0  0.0  3.5  0.0
  2.0  1.0  6.0 11.5  0.0  2.5364.0 76.9 39.9 21.0 33.0 10.0  3.5  1.0  3.0
  0.5  0.5 36.4  8.0 10.5 31.5  3.5  3.5  1.0  5.5  1.5  3.5  3.5  7.0  1.0
  1.5  6.0  1.0  1.0  4.0 11.0 24.5  9.5  1.0  4.5 64.9 68.4  1.0124.3  9.5
  4.0  0.0  0.0  0.0  0.0  0.0  0.0  0.0  0.0  0.0  0.0  0.0  0.0  0.0  0.0
  0.0  0.0  0.0  1.5  0.0  1.0  0.0  0.0  0.0  0.0  0.0  0.0  0.0  0.0  0.5
  0.0  0.5  1.0  0.0  0.0  0.0  0.0  0.0  0.0  0.5  0.5  0.0  2.5  0.0  0.0
  2.5  0.0  0.0  2.5  2.0  0.0  2.5  3.0  0.0  0.0  0.0  0.0  0.0  0.0  0.0
  0.0  0.5  0.0  0.0  0.0  0.0  0.0 11.0  3.5  2.5  5.5 14.0  2.0  4.0  9.0
  3.0  1.5  4.5  1.0  0.5  0.0  0.0 30.5  7.5 13.0  1.0  2.5  9.5  3.5  0.0
     -7.79     -1.01     -0.92     -0.84      0.87  0.0  0.0  0.0  0.0  0.0
                                     4000_story_1160_llm.txt 35.0  5.0 3183
 15.4  4.1 26.7115.3 33.6  0.9  4.7  0.9 40.2 11.9  2.2  3.1  0.0  9.7  0.6
  0.3  3.1  7.9  8.8  0.9  3.1318.9 74.1 34.2 25.8 32.0 12.3  3.8  0.0  3.1
  1.9  1.6 34.9 10.4  7.5 29.8  5.3  5.0  0.3  3.5  2.8  2.2  1.9  5.0  0.3
  1.9  3.1  0.6  3.5  3.1 15.7 20.1  7.2  4.1  5.0 57.2105.9  2.5144.2  6.9
  3.5  0.0  0.0  0.0  0.0  0.0  0.0  0.0  0.0  0.0  0.0  0.0  0.0  0.0  0.0
  0.0  0.0  0.0  2.2  0.0  2.2  0.9  0.0  0.0  0.0  0.0  0.0  0.0  0.0  0.0
  0.6  0.3  0.3  0.3  0.0  0.3  0.0  0.3  0.0  0.0  0.6  0.3  3.8  0.9  0.0
  5.3  0.0  0.0  5.3  1.6  0.6  2.2  5.7  0.0  0.0  0.0  0.0  0.0  0.0  0.0
  1.3  0.9  0.3  0.0  0.0  0.0  0.0  9.7  5.7  2.2  6.6 22.0  1.3  5.7  5.0
  0.6  2.2  2.5  0.6  0.3  0.6  0.6 22.6 11.3 24.8  1.6  4.7 11.3  3.5  0.0
      8.52     -0.40      0.39     -1.51     -0.84  0.0  0.0  0.3  0.3  0.0
                                     4000_story_1161_llm.txt 35.0  4.6 2129
  9.9  3.8  0.5109.9 10.3  1.9  3.3  2.8 15.0 16.4  0.0  0.5  0.0  4.2  0.5
  0.9  0.0  3.8 15.0  0.9  0.9303.4 86.0 36.2 22.5 55.4 12.2  6.1  0.9  2.8
  0.5  0.5 39.9 10.8 10.8 33.3  3.8 13.2  0.5  1.9  0.0  3.3  2.8  3.8  0.9
  2.3  5.6  1.4  0.9  1.4 16.9 23.5  7.0  0.9  4.2 59.2 80.8  2.3145.6  6.1
  1.4  0.0  0.0  0.0  0.0  0.0  0.0  0.0  0.0  0.0  0.0  0.0  0.0  0.0  0.0
  0.0  0.0  0.0  1.4  0.5  1.4  1.4  0.0  0.0  0.0  0.0  0.5  0.0  0.0  0.0
  0.0  0.0  0.0  0.0  0.0  0.0  0.0  0.0  0.0  0.5  0.0  0.5  0.9  1.4  0.0
  4.7  0.0  0.5  5.2  0.0  0.0  0.5  2.8  0.0  0.0  0.0  0.0  0.0  0.0  0.0
  0.5  0.9  0.0  0.0  0.0  0.0  0.0 11.7  5.2  0.0  6.1 23.5  6.1  3.8  3.3
  0.9  0.0  0.0  0.9  0.0  0.5  0.0 35.7 14.1 14.1  1.9  6.1  8.5  2.8  0.0
     -4.76      0.96     -1.85     -1.15      0.18  0.5  0.0  0.0  0.0  0.0
                                     4000_story_1171_llm.txt 35.0  4.6 2931
  4.1  1.0  0.7 94.2 18.4  0.3  1.0  0.7 46.7  5.5  1.7  0.7  0.0  3.8  0.0
  0.3  2.7  2.7 17.1  0.0  0.7352.4 88.4 29.0 19.4 31.7 11.3  1.7  1.4  0.0
  1.0  1.7 32.4  8.5 10.9 27.3  5.8  7.2  1.0  1.4  3.1  0.3  1.0  3.8  0.0
  4.4  6.1  0.3  0.7  2.4 13.0 27.0  8.2  2.7  2.4 56.6 96.9  2.4129.6  4.4
  2.0  0.0  0.0  0.0  0.0  0.0  0.0  0.0  0.0  0.0  0.0  0.0  0.0  0.0  0.0
  0.0  0.0  0.0  0.3  0.3  0.7  0.0  0.0  0.0  0.0  0.0  0.0  0.0  0.0  0.3
  0.3  0.3  0.7  0.3  0.0  0.0  0.0  0.0  0.0  0.3  0.0  0.0  0.0  0.3  0.0
  1.4  0.0  0.0  1.4  2.0  0.0  2.4  0.3  0.0  0.0  0.0  0.0  0.0  0.0  0.0
  0.0  0.0  0.0  0.0  0.0  0.0  0.0  5.1  2.7  3.4  9.2 13.3  4.8  4.1  8.2
  0.3  1.4  0.7  2.0  0.0  0.7  0.3 19.8  5.5 11.6  0.3  6.1  4.4  2.4  0.0
     -5.71     -1.20     -1.61     -2.35     -0.99  0.3  0.0  0.0  0.0  0.0
                                     4000_story_1181_llm.txt 36.3  4.5 2057
 11.2  3.4  8.8 30.6 11.2  0.5  2.4  0.0 11.2 14.6  1.5  1.0  0.0  3.4  1.0
  0.0  1.0  3.9 19.0  0.5  1.9267.9 98.2 30.6110.4 71.9 12.2  9.7  1.9  3.9
  1.0  3.9 21.9  4.4  8.3 32.1  6.8  5.8  1.9  1.5  0.5  1.0  5.3  5.3  0.5
  4.9  6.8  3.9  1.5  6.3 10.2 32.1 10.7  1.5  6.8 73.4 94.3  1.5161.9  8.8
  0.0  1.0  0.0  0.0  0.0  0.0  0.0  0.0  0.0  0.0  0.0  0.0  0.0  0.0  0.0
  0.0  0.0  0.0  2.9  0.0  2.9  0.5  0.5  0.0  0.0  0.0  0.0  0.0  0.0  0.0
  0.0  1.0  1.0  1.5  0.0  0.0  0.0  0.0  0.0  0.0  0.0  0.0  0.0  0.5  0.0
  6.3  0.5  0.0  6.8  3.4  0.0  3.4  0.5  0.0  0.0  0.0  0.0  0.0  0.0  0.0
  0.0  0.5  0.5  0.0  0.0  0.0  0.5  7.3  4.4  0.5  5.8 19.9  3.4  2.4 12.6
  4.4  0.5  2.9  1.9  0.5  0.0  0.0 30.1 16.5 16.0  1.5  4.4 10.2  8.3  0.0
     -4.75      5.24      2.40     -3.31      2.47  1.5  0.0  0.0  0.0  0.0
                                     4000_story_1182_llm.txt 35.5  4.2 4837
 13.9  5.2 40.1 47.6  6.4  1.0  3.7  1.4  3.9 12.0  0.6  0.2  0.2  4.5  0.6
  0.2  0.8  4.8 16.3  0.6  3.5268.3 95.3 26.5 97.2 68.4 15.9 11.8  1.0  1.0
  0.8  2.3 14.1  9.5 22.3 31.4  6.6  5.4  1.0  1.0  0.4  1.0  3.9  6.6  0.4
  3.7 11.0  1.2  1.9  3.5 10.5 30.8 10.8  1.4  2.9 68.0 78.8  2.7159.2  1.2
  0.8  0.2  0.0  0.0  0.0  0.0  0.0  0.0  0.0  0.0  0.0  0.0  0.0  0.0  0.0
  0.0  0.0  0.0  2.9  0.2  1.9  1.2  0.0  0.2  0.2  0.0  0.0  0.0  0.0  0.2
  0.0  0.6  0.6  0.6  0.4  0.0  0.0  0.0  0.0  0.0  0.0  0.2  1.9  0.2  0.0
  6.2  0.4  0.0  6.6  2.1  0.4  2.5  2.3  0.0  0.0  0.0  0.0  0.0  0.0  0.0
  0.4  0.2  0.0  0.0  0.0  0.0  0.0 10.3  1.7  0.8  8.3 23.6  2.1  3.3  4.3
  2.5  1.4  2.9  1.2  0.2  0.4  0.4 36.8 17.2 17.0  1.2  4.5  9.3  5.6  0.0
     -0.91      5.75     -6.40     -3.91      1.35  0.2  0.0  0.0  0.0  0.0
                                     4000_story_1186_llm.txt 38.5  4.4 5733
 12.0  7.5 24.4 57.7 15.5  2.8  1.7  0.7 21.8 16.6  0.7  1.6  0.2  2.8  0.7
  0.7  0.9  6.5 15.5  1.0  3.0245.9 83.0 28.4101.3 70.6 18.0 12.6  0.9  2.3
  0.9  1.2 24.4  5.6  9.2 39.6 10.1  9.2  1.2  2.3  1.7  1.6  4.9  6.1  0.2
  3.5  8.2  1.7  3.0  5.6 17.4 28.8  9.8  1.9  4.0 59.0108.0  3.3174.4  4.0
  1.4  0.2  0.0  0.0  0.0  0.0  0.0  0.0  0.0  0.0  0.0  0.0  0.0  0.0  0.0
  0.0  0.0  0.0  5.1  0.9  2.4  2.1  0.0  0.0  0.2  0.0  0.0  0.0  0.2  0.5
  0.2  0.9  1.0  1.7  0.2  0.3  0.2  0.0  0.0  0.3  0.5  0.0  1.0  0.3  0.0
 10.5  0.2  0.2 10.8  4.4  0.7  5.4  1.9  0.0  0.0  0.0  0.0  0.0  0.0  0.0
  0.7  0.5  0.0  0.0  0.0  0.0  0.2  8.5  3.3  1.7  7.8 19.4  1.7  3.5  6.8
  7.3  2.1  1.6  1.4  0.3  0.9  0.7 39.4 18.5 18.8  1.6  4.2 13.8  7.8  0.0
      2.07      6.53     -1.00     -1.52      1.61  0.5  0.0  0.2  0.0  0.0
                                     4000_story_1193_llm.txt 32.3  4.4 6498
 12.0  4.0 14.8 41.2  6.2  0.2  2.2  1.1 11.8 13.1  1.7  0.9  0.2  3.7  0.5
  1.1  0.5  5.5 17.1  0.9  1.5303.8 79.9 28.8104.5 44.0 15.1 11.2  0.9  3.1
  0.6  2.0 18.0  7.7 10.3 35.5  8.2  4.2  1.7  2.3  2.0  2.2  4.0  7.7  0.5
  4.5  6.6  2.6  3.1  4.5 11.7 28.9 12.6  1.4  4.6 58.3 62.0  2.8159.4  5.5
  1.5  0.2  0.0  0.0  0.0  0.0  0.0  0.0  0.0  0.0  0.0  0.0  0.0  0.0  0.0
  0.0  0.0  0.0  3.2  1.4  1.5  1.7  0.0  0.0  0.0  0.0  0.2  0.0  0.0  0.0
  0.6  0.9  0.5  0.8  0.3  0.0  0.0  0.0  0.2  0.2  0.3  0.0  1.5  0.3  0.0
  7.8  0.0  0.2  8.0  2.8  0.5  3.4  2.2  0.0  0.0  0.0  0.0  0.0  0.0  0.0
  0.6  0.5  0.0  0.2  0.0  0.0  0.0  7.8  2.8  1.4  4.6 22.0  2.9  4.2  5.8
  3.8  1.8  0.3  4.9  0.3  0.8  0.2 34.0 17.9 18.3  0.9  4.6 14.5  5.5  0.0
     -4.59      4.65     -1.64     -2.21      1.84  0.5  0.2  0.0  0.2  0.2
                                     4000_story_1194_llm.txt 33.8  4.3 5516
 16.3  7.8 22.3 47.5 12.9  1.5  2.5  0.7 20.3 21.2  1.5  1.5  0.2  6.0  0.7
  0.5  0.5  7.3 13.1  1.8  1.5245.8 89.2 26.8115.5 71.8 17.2 12.5  0.7  3.8
  0.2  2.4 22.5  7.8 12.0 32.1  9.2  6.3  1.3  3.3  0.9  2.0  1.6  5.8  1.1
  3.6  8.9  1.1  3.3  5.4 14.5 29.0 10.5  2.4  4.7 59.5105.0  3.3177.1  3.1
  0.5  0.0  0.0  0.0  0.0  0.0  0.0  0.0  0.0  0.0  0.0  0.0  0.0  0.0  0.0
  0.0  0.0  0.0  4.9  0.9  1.6  2.4  0.0  0.0  0.0  0.0  0.0  0.0  0.0  0.5
  0.2  1.6  0.7  0.9  0.0  0.2  0.0  0.0  0.0  0.2  0.4  0.0  2.5  0.9  0.0
  9.8  0.0  0.0  9.8  4.0  0.2  4.4  3.8  0.0  0.0  0.0  0.0  0.0  0.0  0.0
  0.5  0.4  0.2  0.0  0.0  0.0  0.0  9.8  2.2  1.3  5.3 24.8  1.8  5.1  9.6
  6.0  2.0  2.5  2.0  0.4  0.9  0.2 41.0 18.1 26.1  1.1  6.3 11.1  6.9  0.0
      3.46      6.89     -1.67     -1.97      0.28  0.4  0.0  0.0  0.0  0.0
                                     4000_story_1197_llm.txt 36.0  4.4 5919
 17.6  5.2 23.3 63.9 22.3  1.5  2.4  0.8 29.1 18.4  0.7  0.7  0.2  5.1  0.7
  1.0  0.7  6.8 12.7  1.0  1.4242.1 76.9 28.0101.4 58.3 17.7 10.0  0.5  2.7
  0.3  1.5 28.0  6.9  8.3 36.8 10.1  8.3  2.0  2.5  3.5  2.5  4.1  6.6  0.3
  3.7  7.8  3.2  2.7  5.1 18.6 25.2 10.6  1.7  3.5 59.6109.6  3.0182.0  7.8
  1.0  0.0  0.0  0.0  0.0  0.0  0.0  0.0  0.0  0.0  0.0  0.0  0.0  0.0  0.0
  0.0  0.0  0.0  2.9  0.7  4.7  1.0  0.2  0.0  0.0  0.0  0.0  0.0  0.0  0.3
  0.5  1.7  1.2  1.0  0.0  0.3  0.0  0.2  0.0  0.5  0.7  0.0  1.9  0.8  0.0
  9.3  0.2  0.0  9.5  4.7  0.5  5.7  3.4  0.0  0.0  0.0  0.0  0.0  0.0  0.0
  1.0  0.3  0.2  0.0  0.0  0.0  0.0 10.1  4.4  2.2  6.6 16.9  1.4  3.7  6.1
  8.1  1.4  2.2  1.2  0.0  1.4  0.2 37.7 24.7 25.8  1.7  4.7 13.5  4.9  0.0
      2.69      5.45     -1.07     -0.13      1.37  1.0  0.0  0.2  0.0  0.0
                                     4000_story_1199_llm.txt 33.3  4.5 4189
 13.1  5.3  6.9 56.8 11.9  1.2  2.9  1.7 19.1 12.4  1.7  1.0  0.2  5.5  0.7
  2.6  1.4  5.3  7.4  0.7  1.2269.0 82.4 30.8102.4 48.2 13.1 13.8  1.2  3.3
  1.7  2.1 30.3  8.8  7.4 36.0 10.5  4.1  1.4  4.1  2.9  2.9  4.5  5.5  0.5
  1.7  7.9  2.4  3.6  5.7 12.2 22.4  7.6  2.1  6.2 59.2 79.3  4.5172.4  4.3
  1.0  0.5  0.0  0.0  0.0  0.0  0.0  0.0  0.0  0.0  0.0  0.0  0.0  0.0  0.0
  0.0  0.0  0.0  4.1  1.4  2.6  1.0  0.0  0.2  0.2  0.0  0.0  0.2  0.0  0.5
  1.0  1.2  1.4  0.2  0.0  1.0  0.0  0.2  0.0  1.0  0.5  0.0  2.4  1.2  0.0
  9.1  0.5  0.2  9.8  4.3  1.2  6.4  4.1  0.0  0.0  0.0  0.0  0.0  0.0  0.0
  0.7  0.2  0.0  0.2  0.2  0.0  0.0  9.5  1.9  2.4 11.7 11.9  1.7  5.5  4.8
  5.3  0.7  0.7  1.4  1.4  1.0  0.2 34.1 21.2 20.8  2.4  7.6  9.5  7.4  0.0
     -1.51      4.87      1.02     -0.82      0.95  0.5  0.0  0.0  0.0  0.0
                                     4000_story_1205_llm.txt 36.0  4.2 4829
 11.6  5.2 34.4 57.6 20.3  2.1  1.4  1.4 25.3 20.9  1.4  1.4  0.4  2.7  0.8
  0.6  0.8  6.8 12.8  1.4  1.7258.9 88.8 28.8 96.1 77.7 13.9  8.7  1.7  1.2
  0.6  2.7 20.7  6.4  9.3 30.9  6.2  8.7  1.7  2.1  1.7  0.6  1.9  4.6  0.0
  1.9  8.3  0.8  2.7  3.9 17.2 27.3  6.4  2.3  3.5 60.1123.2  1.9160.9  5.0
  1.2  0.0  0.0  0.0  0.0  0.0  0.0  0.0  0.0  0.0  0.0  0.0  0.0  0.0  0.0
  0.0  0.0  0.0  3.1  0.8  1.9  0.8  0.2  0.0  0.0  0.2  0.0  0.0  0.0  0.4
  0.0  0.4  0.8  0.8  0.0  0.2  0.0  0.0  0.0  0.4  0.4  0.0  1.7  0.8  0.0
  6.6  0.2  0.2  7.0  2.5  0.2  3.1  2.9  0.0  0.0  0.0  0.0  0.0  0.0  0.0
  0.6  0.8  0.0  0.0  0.0  0.0  0.0  5.0  3.3  1.4  4.1 21.5  2.1  4.3  8.5
  3.9  1.7  1.2  1.0  0.6  0.4  0.4 40.0 14.5 17.2  1.0  4.6 10.6  5.2  0.0
      2.49      5.16     -0.76     -2.02     -1.17  0.2  0.0  0.0  0.0  0.0
                                     4000_story_1212_llm.txt 34.0  4.8 5059
 15.8  3.8  7.3 44.5  7.1  0.4  2.8  1.2  5.5 12.8  1.0  3.2  0.2  3.2  1.0
  0.6  0.6  5.7 19.6  1.4  0.0267.6 86.4 43.1100.2 65.0 15.6 10.7  3.0  4.9
  1.6  1.6 43.7  4.5  7.9 33.2  6.5  5.3  2.8  2.2  2.6  2.6  5.1  8.1  0.6
  4.3  7.5  3.2  3.6  4.5 13.6 34.0 13.0  2.0  9.5 80.5 77.7  2.6157.9  4.2
  0.8  0.0  0.0  0.0  0.0  0.0  0.0  0.0  0.0  0.0  0.0  0.0  0.0  0.0  0.0
  0.0  0.0  0.0  2.2  0.8  3.8  1.4  0.0  0.0  0.2  0.0  0.0  0.0  0.0  0.4
  0.2  0.6  1.2  0.6  0.0  0.2  0.0  0.0  0.0  0.6  0.0  0.0  2.2  0.4  0.0
  8.1  0.2  0.0  8.3  3.0  0.2  3.8  2.6  0.0  0.0  0.0  0.0  0.0  0.0  0.0
  0.2  0.6  0.0  0.0  0.0  0.0  0.0  9.5  5.3  3.2 10.3 11.9  2.2  3.8  7.5
  4.7  2.0  1.4  1.2  0.0  0.6  1.8 31.0 18.6 22.1  2.2  4.3 11.3  4.3  0.0
     -3.64      5.44      4.73     -1.20      2.67  0.8  0.6  0.0  0.0  0.2
                                     4000_story_1216_llm.txt 35.3  4.5 4170
 11.3  5.3  1.7 60.7 15.8  0.7  1.7  1.4 24.0 13.4  1.2  1.7  0.0  2.4  0.2
  0.7  1.4  7.2 18.2  0.7  2.2249.6 77.2 32.4113.9 50.1 11.3 28.3  1.0  1.0
  0.5  2.4 29.5  8.9  9.1 37.9  9.4  7.2  2.2  2.9  2.6  1.2  2.6  7.4  0.5
  2.4  7.9  2.6  2.2  7.0 17.0 33.1 10.3  2.2  2.4 72.4 89.9  1.4189.7  3.8
  0.0  0.2  0.0  0.0  0.0  0.0  0.0  0.0  0.0  0.0  0.0  0.0  0.0  0.0  0.0
  0.0  0.0  0.0  3.6  1.0  2.4  1.4  0.0  0.0  0.2  0.0  0.0  0.0  0.0  0.2
  0.5  0.7  0.7  1.2  0.0  0.0  0.0  0.0  0.2  0.7  0.2  0.2  1.9  0.5  0.0
  8.4  0.2  0.0  8.6  3.4  0.2  4.3  2.9  0.0  0.0  0.0  0.0  0.0  0.0  0.0
  0.0  0.5  0.0  0.0  0.0  0.0  0.2  9.8  2.9  1.4  4.6 22.5  2.9  3.4  2.6
  2.4  2.6  1.0  2.6  0.2  0.0  0.0 33.6 21.8 16.5  2.2  5.5 12.0  6.0  0.0
     -0.19      7.65     -1.98     -1.15      0.29  0.2  0.2  0.0  0.0  0.2
                                     4000_story_1218_llm.txt 34.5  4.4 5825
 12.5  4.3 22.0 58.4 14.1  1.5  2.7  0.9 12.4 19.1  1.2  2.1  0.2  3.4  0.5
  0.9  0.3  7.6 12.9  0.9  2.2260.4 88.8 34.2100.8 59.7 13.0 12.2  2.2  4.1
  0.2  3.8 22.0  5.0 11.2 35.5  7.9  5.3  1.5  2.4  2.1  1.2  4.1  7.9  0.5
  6.0  5.0  1.4  2.9  3.1 14.9 26.1 14.4  1.2  6.5 67.8 86.2  2.2175.1  4.8
  0.3  0.0  0.0  0.0  0.0  0.0  0.0  0.0  0.0  0.0  0.0  0.0  0.0  0.0  0.0
  0.0  0.0  0.0  2.2  0.9  1.5  2.2  0.0  0.0  0.0  0.0  0.0  0.2  0.0  0.7
  0.5  0.5  1.0  1.0  0.0  0.0  0.0  0.2  0.0  0.3  0.9  0.3  2.7  0.3  0.0
  6.9  0.0  0.2  7.0  3.8  0.2  4.3  4.3  0.0  0.0  0.0  0.0  0.0  0.0  0.0
  1.4  0.2  0.2  0.0  0.0  0.0  0.0  6.4  4.5  2.1 10.1 27.1  1.2  4.6  8.1
  3.4  1.7  1.9  1.0  0.5  0.9  0.2 38.3 16.7 17.2  1.9  7.4 12.4  4.5  0.0
     -0.98      5.01      0.70     -2.29      2.48  0.3  0.0  0.5  0.0  0.0
                                     4000_story_1227_llm.txt 36.0  4.8 3273
 12.5  2.1  0.0 38.8  7.9  0.6  1.8  1.5 10.4 10.1  1.5  0.6  0.0  4.9  0.6
  2.7  0.9  5.5 26.9  0.9  1.8276.2 78.8 47.1 97.8 58.1 13.7 11.0  0.6  4.3
  0.6  1.5 37.9  1.5  5.8 33.0 11.0  5.5  1.8  1.2  2.7  3.1  3.4  8.2  0.3
  2.4  7.0  1.8  3.7  6.1 13.7 37.3 11.0  1.8  5.5 78.5 76.4  3.1158.0  6.4
  2.4  0.0  0.0  0.0  0.0  0.0  0.0  0.0  0.0  0.0  0.0  0.0  0.0  0.0  0.0
  0.0  0.0  0.0  1.8  2.4  3.1  1.5  0.3  0.0  0.0  0.0  0.0  0.0  0.3  0.6
  1.8  1.8  1.2  0.9  0.0  0.0  0.3  0.6  0.0  1.2  0.9  0.0  3.7  0.3  0.0
  8.9  0.3  0.3  9.5  6.4  0.9  8.6  4.9  0.0  0.0  0.0  0.0  0.0  0.0  0.0
  0.3  0.3  0.0  0.0  0.3  0.0  0.0 11.0  2.4  0.3  4.0  9.2  0.9  5.5  5.8
  1.2  1.8  3.4  3.7  0.9  1.2  0.0 31.5 17.7 18.6  1.2  5.2  7.3  3.4  0.0
     -3.11      4.75      3.21     -1.62      0.75  0.6  0.0  0.6  0.0  0.0
                                     4000_story_1228_llm.txt 34.5  4.5 6356
 13.7  3.5  0.3 45.6 10.4  0.3  0.9  1.3 14.8 15.7  1.3  1.4  0.3  3.8  0.0
  0.8  1.4  5.2 17.9  0.8  1.1276.0 89.8 31.6103.8 61.2 14.2 11.8  1.4  3.6
  0.8  2.0 27.8  6.5 11.2 29.9  6.3  5.8  2.2  2.5  1.4  2.0  3.8  9.9  0.6
  2.4  7.9  3.5  2.4  3.0 12.4 31.8 12.9  2.2  5.8 54.1 86.4  1.7160.2  3.1
  1.9  0.0  0.0  0.0  0.0  0.0  0.0  0.0  0.0  0.0  0.0  0.0  0.0  0.0  0.0
  0.0  0.0  0.0  3.5  0.9  1.6  0.5  0.0  0.0  0.0  0.0  0.0  0.0  0.0  0.0
  0.5  0.5  0.8  0.2  0.0  0.3  0.0  0.0  0.0  0.3  0.2  0.2  1.3  0.3  0.0
  6.5  0.0  0.0  6.5  1.9  0.3  2.5  1.9  0.0  0.0  0.0  0.0  0.0  0.0  0.0
  0.0  0.3  0.0  0.2  0.0  0.0  0.0 14.2  5.0  1.9  7.2 24.9  5.7  5.3  7.7
  3.8  0.6  1.9  1.9  0.0  0.5  0.0 28.6 22.2 19.5  2.0  4.4  9.0  4.6  0.0
     -3.34      5.32      0.20     -1.87      1.48  0.5  0.0  0.0  0.2  0.0
                                     4000_story_1239_llm.txt 32.5  4.6 6432
 12.9  4.8  0.8 48.7 11.7  0.3  1.7  2.0 11.5 21.3  1.1  1.4  0.0  9.3  0.8
  1.6  3.0  3.6 12.0  0.9  0.6245.2 87.1 33.4121.0 60.8 15.5 13.7  1.7  3.4
  0.8  2.8 28.6  8.7 10.4 33.0  5.3  4.5  3.1  1.1  1.6  1.7  3.4  5.0  0.8
  4.4  6.4  2.0  3.0  6.5  9.6 23.6 10.1  3.9  5.9 64.5 84.0  2.2175.4  4.7
  0.8  0.3  0.0  0.0  0.0  0.0  0.0  0.0  0.0  0.0  0.0  0.0  0.0  0.0  0.0
  0.0  0.0  0.0  2.6  0.3  1.6  2.5  0.2  0.2  0.0  0.0  0.0  0.0  0.2  0.0
  0.3  0.5  0.5  0.8  0.0  0.0  0.0  0.0  0.0  0.3  0.0  0.0  2.2  0.8  0.0
  7.0  0.3  0.2  7.5  2.0  0.0  2.3  3.0  0.0  0.0  0.0  0.0  0.0  0.0  0.0
  0.6  0.9  0.0  0.0  0.0  0.0  0.0  6.5  8.7  2.0  8.6 29.4  2.8  2.6  9.5
  1.7  1.6  0.6  1.9  0.2  1.6  0.5 34.2 23.6 17.1  2.0  5.8 15.4  7.3  0.0
      3.24      6.48      0.00     -2.61      1.27  0.5  0.0  0.0  0.0  0.0
                                     4000_story_1244_llm.txt 34.8  4.4 4028
 13.9  4.7 13.2 44.4  8.7  1.0  1.0  1.5 11.4 21.1  0.5  1.5  0.2  7.7  1.5
  1.0  0.0  4.7 16.4  1.2  3.0230.6 88.1 34.5108.7 73.2 13.7 10.2  1.0  3.0
  1.0  3.0 24.3  8.2  7.2 37.2 10.7  5.5  1.0  3.5  1.2  2.2  5.7  9.7  0.0
  2.5  9.4  2.2  2.2  3.2 11.4 33.8 12.2  1.2  5.0 64.8 93.3  2.5166.1  3.0
  1.5  0.0  0.0  0.0  0.0  0.0  0.0  0.0  0.0  0.0  0.0  0.0  0.0  0.0  0.0
  0.0  0.0  0.0  3.7  1.2  2.5  1.5  0.2  0.0  0.0  0.0  0.2  0.0  0.0  0.0
  0.7  2.2  0.5  1.2  0.0  0.2  0.0  0.0  0.0  0.0  0.7  0.0  3.5  0.5  0.0
  8.9  0.2  0.2  9.4  4.7  0.2  5.0  4.7  0.0  0.0  0.0  0.0  0.0  0.0  0.0
  0.0  1.0  0.2  0.0  0.0  0.2  0.5  8.4  2.2  2.7  7.9 20.9  1.2  4.7  9.4
  3.5  1.5  1.7  2.0  0.0  0.7  0.5 41.0 16.6 20.1  1.7  4.7 12.2  5.2  0.0
      1.45      5.61      0.17     -1.92      2.21  1.0  0.0  0.5  0.2  0.0
                                     4000_story_1250_llm.txt 33.5  4.2 6518
 15.2  4.6  0.6 40.7  3.5  0.3  0.8  0.9 95.3 21.8  1.7  2.0  0.9  6.0  0.8
  0.6  1.1  5.5 12.9  0.5  1.8221.1 82.7 24.1125.8 37.1 15.5  7.5  1.7  1.5
  0.0  2.1 19.9  9.8 14.1 33.6  5.4  3.8  1.1  2.0  1.8  1.2  4.8  4.8  0.2
  2.1  5.5  1.7  4.3  5.4 11.2 24.5  7.1  1.5  3.2 54.8135.9  1.4176.1  2.5
  0.9  0.3  0.0  0.0  0.0  0.0  0.0  0.0  0.0  0.0  0.0  0.0  0.0  0.0  0.0
  0.0  0.0  0.0  2.1  1.1  2.8  1.5  0.3  0.0  0.0  0.0  0.0  0.0  0.0  0.3
  0.0  0.8  1.8  0.6  0.0  0.0  0.0  0.0  0.0  0.6  0.0  0.0  0.5  1.4  0.0
  7.5  0.3  0.0  7.8  3.5  0.0  4.1  1.8  0.0  0.0  0.0  0.0  0.0  0.0  0.0
  0.3  0.0  0.0  0.0  0.0  0.0  0.6  9.4  2.8  1.1  8.3 25.0  2.6  5.2  5.8
  1.8  1.4  0.5  1.8  0.8  0.6  0.0 37.7 14.7 17.6  1.5  7.7  9.2  5.2  0.0
      4.05      4.43     -3.95     -3.07      0.88  0.2  0.2  0.0  0.0  0.0
                                     4000_story_1252_llm.txt 34.3  4.3 4265
 12.9  1.9  0.0 52.8  9.4  1.2  0.5  0.0 12.7 14.8  0.2  0.9  0.2  4.7  0.5
  0.7  1.4  8.0 15.5  0.7  2.6248.1 80.4 24.6109.3 70.1 11.0  7.3  0.5  1.4
  0.7  3.0 25.8  7.7 16.6 32.6  4.2  7.0  1.4  4.7  3.3  0.9  4.2  8.9  0.7
  2.8  5.4  2.6  2.1  7.3 18.3 29.5 12.4  2.1  2.6 54.4 92.1  3.0171.9  4.2
  0.0  0.0  0.0  0.0  0.0  0.0  0.0  0.0  0.0  0.0  0.0  0.0  0.0  0.0  0.0
  0.0  0.0  0.0  1.4  0.5  1.4  0.5  0.0  0.0  0.0  0.0  0.0  0.2  0.0  0.0
  0.0  0.9  0.5  0.5  0.0  0.0  0.0  0.0  0.0  0.5  0.2  0.0  0.9  1.2  0.0
  3.8  0.0  0.2  4.0  1.9  0.0  2.3  2.3  0.0  0.0  0.0  0.0  0.0  0.0  0.0
  0.5  0.2  0.0  0.0  0.2  0.0  0.5 14.8  4.9  0.7 10.3 19.7  2.6  8.0  9.6
  4.0  1.9  1.9  3.8  0.5  0.2  0.0 46.0 12.2 17.1  3.0  7.3 10.3  4.2  0.0
     -0.86      4.45     -3.45     -0.41      1.81  0.0  0.0  0.0  0.0  0.0
                                     4000_story_1258_llm.txt 35.3  4.7 5411
 13.7  4.4  6.7 57.5 11.5  0.9  2.8  1.3 20.5  9.1  0.9  1.3  0.4  3.1  1.3
  0.7  1.1 23.1 13.1  0.4  0.7249.9 83.9 32.0 88.9 61.2 20.1 10.7  0.9  3.7
  1.1  1.8 50.1  5.2  7.4 35.3 13.3 10.3  3.0  1.8  2.4  5.2  3.0  7.2  1.5
  3.1  4.1  3.9  4.3  6.5 35.9 22.2 11.8  1.5  5.7 59.3 93.1  3.0164.3  4.3
  0.4  0.0  0.0  0.0  0.0  0.0  0.0  0.0  0.0  0.0  0.0  0.0  0.0  0.0  0.0
  0.0  0.0  0.0  3.7  2.0  3.0  2.6  0.2  0.0  0.0  0.0  0.0  0.0  0.0  1.3
  1.1  2.4  1.1  0.6  0.0  1.1  0.0  0.0  0.0  1.8  0.6  0.2  3.3  2.2  0.0
 11.3  0.2  0.0 11.5  6.5  1.1  9.4  6.3  0.0  0.0  0.0  0.0  0.0  0.0  0.0
  0.4  0.6  0.0  0.0  0.0  0.0  0.0 13.9  5.4  4.8 10.9 21.8  4.1  6.8  5.2
  3.0  1.8  1.1  0.6  0.0  0.4  1.1 30.1 22.7 22.4  4.1  4.6 11.1  5.0  0.0
      1.64      5.77      2.88      0.87      1.46  0.7  0.2  0.0  0.0  0.0
                                     4000_story_1260_llm.txt 36.3  4.8 5388
 12.2  3.7  4.3 53.6 12.6  0.6  1.9  0.7 20.0 11.3  1.7  1.9  0.4  5.0  0.2
  0.9  0.7  5.4 13.9  0.4  0.2274.7 88.3 38.4 79.1 61.1 16.9  8.9  2.0  3.5
  2.0  1.5 53.6  5.9  5.4 36.6 10.2  8.5  3.2  2.0  2.0  2.0  5.2  6.5  0.7
  2.4  5.2  3.3  2.4  4.3 16.0 24.5  9.7  1.1  7.6 70.0 93.7  3.2147.7  5.0
  0.4  0.2  0.0  0.0  0.0  0.0  0.0  0.0  0.0  0.0  0.0  0.0  0.0  0.0  0.0
  0.0  0.0  0.0  2.0  1.9  2.6  1.3  0.0  0.2  0.0  0.0  0.0  0.0  0.0  0.7
  0.2  1.5  1.3  0.4  0.2  0.0  0.4  0.0  0.0  0.9  0.4  0.0  2.4  0.9  0.0
  7.8  0.2  0.0  8.0  4.1  0.6  5.6  3.7  0.0  0.0  0.0  0.0  0.0  0.0  0.0
  0.7  0.2  0.2  0.0  0.0  0.2  0.0  8.5  6.7  3.5 10.0 16.7  2.8  5.2  4.1
  2.2  1.1  3.0  0.4  0.2  0.9  1.5 26.2 20.0 17.3  3.7  5.2  9.1  3.7  0.0
     -5.54      4.48      4.71     -0.84      1.96  0.7  0.2  0.2  0.0  0.0
                                     4000_story_1262_llm.txt 39.8  4.9 3309
 10.0  2.7  1.5 35.1  5.4  0.0  2.7  0.9  8.5 14.8  1.2  1.2  0.0  3.9  0.6
  0.3  0.3  6.0 18.4  0.3  0.9282.9 95.2 37.5 96.1 49.0 13.6  8.2  1.5  5.4
  1.2  0.3 58.6  6.0  6.6 29.6  6.3  3.6  1.8  1.2  1.5  2.1  4.2  8.8  1.8
  3.9  3.9  4.2  1.5  4.5 11.2 25.1 14.5  0.6  8.2 68.6 62.9  3.0145.7  7.9
  0.6  0.3  0.0  0.0  0.0  0.0  0.0  0.0  0.0  0.0  0.0  0.0  0.0  0.0  0.0
  0.0  0.0  0.0  3.3  1.2  1.8  0.9  0.0  0.3  0.0  0.3  0.0  0.0  0.0  0.0
  0.6  0.9  0.3  0.3  0.0  0.6  0.0  0.0  0.0  0.9  0.0  0.0  2.7  0.3  0.0
  7.3  0.3  0.3  7.9  2.1  0.6  3.6  3.0  0.0  0.0  0.0  0.0  0.0  0.0  0.0
  0.3  0.0  0.0  0.0  0.0  0.0  0.0 12.1  4.2  1.5  7.0 17.8  1.5  5.7  8.8
  3.9  2.1  2.1  0.3  0.6  1.5  0.6 27.5 14.8 13.6  2.7  2.4 10.0  3.0  0.0
     -8.28      3.74      4.50     -3.04      3.01  1.5  0.0  0.0  0.0  0.0
                                     4000_story_1267_llm.txt 37.3  4.8 5080
 12.6  3.0  0.6 55.5 11.8  1.4  1.6  0.4 11.2 12.0  1.8  3.3  0.6  2.8  0.4
  1.0  0.4  6.9 12.0  0.6  0.6253.7 91.5 33.5 91.3 71.1 13.4  9.3  3.1  1.8
  0.4  1.2 53.7  7.1  7.7 33.5  9.3  9.4  3.0  1.2  3.0  2.0  3.1  7.7  1.2
  5.3  6.5  4.3  1.6  9.3 19.3 24.2 14.2  1.0  5.3 65.4 94.1  4.7162.2  3.5
  1.2  0.2  0.0  0.0  0.0  0.0  0.0  0.0  0.0  0.0  0.0  0.0  0.0  0.0  0.0
  0.0  0.0  0.0  2.0  0.8  3.9  1.0  0.4  0.0  0.0  0.0  0.0  0.2  0.0  0.2
  0.2  1.2  0.6  0.2  0.0  1.0  0.2  0.0  0.0  0.6  0.0  0.0  2.4  1.2  0.0
  7.7  0.4  0.2  8.3  2.4  1.2  4.1  3.5  0.0  0.0  0.0  0.0  0.0  0.0  0.0
  0.2  0.6  0.2  0.0  0.0  0.0  0.0  7.7  6.5  4.3 14.0 14.0  2.6  4.7  7.9
  6.5  0.8  1.6  0.4  0.2  1.2  0.6 30.5 16.3 21.9  3.3  4.3 11.8  3.3  0.0
     -5.39      4.72      2.06     -0.67      2.13  0.4  0.4  0.0  0.0  0.0
                                     4000_story_1269_llm.txt 37.5  4.7 4118
 16.3  3.4  7.5 49.5  7.8  0.7  0.5  1.5 10.4  9.0  0.5  1.5  0.2  3.9  0.7
  1.7  0.5  7.3 17.0  1.2  0.5277.1 96.9 32.1 89.6 67.3 15.5  7.5  2.7  4.6
  1.5  0.0 39.3  6.3  5.6 35.7  7.3  5.3  2.4  3.2  1.2  3.6  4.1  7.3  1.5
  4.6  5.8  4.6  3.2  6.3 13.8 27.4 13.4  1.7  8.7 63.6 85.5  2.7155.7  3.9
  1.5  0.0  0.0  0.0  0.0  0.0  0.0  0.0  0.0  0.0  0.0  0.0  0.0  0.0  0.0
  0.0  0.0  0.0  2.9  1.0  2.2  3.2  0.0  0.2  0.0  0.0  0.0  0.0  0.2  0.5
  0.7  1.2  0.2  0.7  0.0  0.5  0.2  0.2  0.0  0.5  0.0  0.0  2.9  1.0  0.0
  9.2  0.2  0.2  9.7  3.4  1.0  4.9  3.9  0.0  0.0  0.0  0.0  0.0  0.0  0.0
  0.7  1.2  0.0  0.0  0.0  0.0  0.0  9.5  3.2  3.6 10.0 14.8  3.2  5.3  8.3
  3.4  1.2  1.9  0.5  0.5  0.5  0.2 34.2 16.8 19.4  1.7  4.9  9.2  5.8  0.0
     -4.62      4.59      3.43     -1.08      2.67  1.0  0.0  0.0  0.2  0.0
                                     4000_story_1270_llm.txt 35.8  4.7 6431
 20.4  5.3  5.4 51.5 15.1  0.5  3.6  1.4 25.7 10.6  2.3  1.1  0.5  5.0  1.2
  1.9  0.5  5.8 14.6  0.5  0.8239.0 77.9 32.0 99.5 72.6 19.3  7.0  0.6  2.6
  1.1  2.2 48.0  5.3  5.4 39.3 10.4  6.7  2.5  1.9  2.8  2.2  4.7  3.9  0.6
  1.9  5.8  4.7  4.8  8.4 15.2 25.5  6.4  0.9  4.4 73.1113.4  3.4161.3  4.7
  0.9  0.3  0.0  0.0  0.0  0.0  0.0  0.0  0.0  0.0  0.0  0.0  0.0  0.0  0.0
  0.0  0.0  0.0  1.7  2.0  3.4  3.1  0.5  0.2  0.2  0.0  0.0  0.0  0.2  0.5
  0.2  2.0  1.1  0.9  0.0  0.8  0.3  0.0  0.0  1.2  0.3  0.2  1.6  2.6  0.0
 10.3  0.8  0.2 11.2  4.7  1.1  7.0  4.7  0.0  0.0  0.0  0.0  0.0  0.0  0.0
  0.5  0.8  0.0  0.0  0.2  0.0  0.0 14.3  4.5  3.6 12.9 17.4  4.5  3.9  4.5
  2.0  1.6  4.4  0.9  1.9  0.3  0.9 27.1 19.4 26.9  2.0  3.6 11.0  4.7  0.0
     -0.55      5.78      2.45     -1.16      0.96  0.9  0.5  0.0  0.2  0.0
                                     4000_story_1271_llm.txt 36.3  4.7 4861
 15.4  4.9  0.8 70.2 19.5  1.2  5.1  1.2 29.2 12.3  1.6  1.0  0.6  4.7  1.0
  1.6  0.4  9.5 14.8  0.4  1.0246.0 79.6 36.4 80.2 50.0 17.1 12.3  2.5  5.1
  1.2  1.6 49.0  7.8  4.5 35.4  8.0  8.2  5.3  2.9  2.9  2.5  4.7  6.2  1.4
  3.1  6.2  3.9  1.4  7.0 20.6 26.5 10.7  0.8  8.8 67.5 98.7  2.9165.0  4.5
  0.8  0.0  0.0  0.0  0.0  0.0  0.0  0.0  0.0  0.0  0.0  0.0  0.0  0.0  0.0
  0.0  0.0  0.0  3.9  3.5  2.5  1.2  0.0  0.0  0.4  0.0  0.0  0.0  0.0  0.4
  0.4  1.2  0.8  0.6  0.4  0.0  0.0  0.0  0.0  1.0  0.0  0.2  2.9  1.0  0.0
 11.1  0.4  0.0 11.5  3.5  0.4  4.9  4.1  0.0  0.0  0.0  0.0  0.0  0.0  0.0
  0.2  0.6  0.0  0.0  0.0  0.0  0.0 10.9  6.0  4.5 13.0 14.4  3.1  4.7  4.1
  2.5  0.6  0.0  0.2  1.0  0.8  1.0 27.4 26.3 21.0  2.1  5.3  9.1  6.4  0.0
      0.48      4.70      4.55      0.75      2.37  0.2  0.2  0.0  0.2  0.0
                                     4000_story_1273_llm.txt 36.8  4.7 5386
 14.1  4.8  2.2 44.9  8.7  0.4  3.0  0.6 12.1 15.0  2.0  2.4  0.7  5.8  0.9
  1.3  0.6  8.7 11.7  0.6  1.1229.1 94.3 29.9 99.0 76.1 23.6  6.3  1.7  2.2
  0.7  1.9 45.5  6.3  9.5 40.3 10.8  8.4  2.2  2.6  3.3  2.2  3.9  6.9  0.9
  3.5  6.3  3.2  2.4  6.3 20.4 24.9 11.3  1.1  4.6 61.1 96.9  2.8163.6  7.1
  1.7  0.0  0.0  0.0  0.0  0.0  0.0  0.0  0.0  0.0  0.0  0.0  0.0  0.0  0.0
  0.0  0.0  0.0  3.3  1.1  1.5  3.2  0.2  0.0  0.0  0.0  0.0  0.0  0.2  0.4
  0.0  1.3  1.7  0.7  0.0  0.2  0.0  0.0  0.2  1.3  0.2  0.0  1.1  2.2  0.0
  9.1  0.2  0.2  9.5  4.1  0.4  5.8  3.5  0.0  0.0  0.0  0.0  0.0  0.0  0.0
  0.0  0.7  0.0  0.0  0.0  0.0  0.4  7.6  7.4  5.0 12.4 15.2  3.0  6.7 11.3
  3.7  1.1  2.8  0.6  0.7  0.2  0.9 33.6 18.0 20.1  2.6  5.6 13.4  7.1  0.0
     -1.28      6.61      0.71     -0.23      1.70  0.4  0.0  0.0  0.0  0.0
                                     4000_story_1274_llm.txt 33.8  4.3 4431
 21.7  5.0 16.0 53.0 12.0  1.4  3.8  1.4 20.3 15.3  1.6  2.3  0.2  5.6  0.7
  0.5  0.0  8.6 16.2  1.8  1.6229.5 82.6 28.2 97.5 56.4 16.9 10.4  0.7  2.9
  1.1  1.4 24.6  9.0 12.4 37.7  9.9  6.1  1.8  1.6  2.3  2.7  2.9  5.4  0.7
  2.9  5.6  3.4  2.7  2.9 16.9 27.1  9.0  1.8  4.7 50.8 88.7  0.7166.1  4.1
  1.1  0.0  0.0  0.0  0.0  0.0  0.0  0.0  0.0  0.0  0.0  0.0  0.0  0.0  0.0
  0.0  0.0  0.0  2.9  0.9  2.9  1.8  0.0  0.0  0.0  0.0  0.0  0.0  0.0  0.2
  0.5  2.5  1.4  0.9  0.0  0.0  0.0  0.0  0.2  1.1  0.0  0.0  1.4  0.9  0.0
  8.6  0.0  0.0  8.6  5.4  0.2  6.8  2.3  0.0  0.0  0.0  0.0  0.0  0.0  0.0
  0.0  0.2  0.2  0.0  0.0  0.0  0.0 29.3  3.2  2.0  7.0 28.0  3.8  5.0  9.3
  4.1  2.3  7.7  0.5  0.2  0.7  0.9 37.5 19.9 29.6  1.6  4.1 12.6  5.2  0.0
      3.57      5.16     -2.30     -1.70      0.50  0.7  0.0  0.2  0.0  0.0
                                     4000_story_1275_llm.txt 32.3  4.7 3606
 13.3  4.2 17.7 51.3 11.1  1.4  3.9  0.8 18.0 13.0  0.6  1.1  0.0  5.5  1.4
  0.8  1.4  4.4 14.4  0.8  1.9276.5 76.0 31.6105.7 53.2 12.5 13.3  0.0  3.3
  0.6  0.3 34.9  5.8 10.3 37.2  9.2  8.6  2.8  4.2  1.7  2.5  3.1  8.3  1.4
  5.5  6.1  3.1  0.8  2.2 14.7 26.1 15.3  2.2  3.9 54.1 82.4  1.1174.4  6.1
  0.6  0.0  0.0  0.0  0.0  0.0  0.0  0.0  0.0  0.0  0.0  0.0  0.0  0.0  0.0
  0.0  0.0  0.0  2.5  1.4  1.9  1.9  0.3  0.3  0.0  0.0  0.0  0.0  0.0  0.0
  0.8  1.7  0.6  0.6  0.0  0.3  0.3  0.0  0.3  1.1  0.0  0.0  3.1  1.1  0.0
  7.8  0.6  0.0  8.3  3.6  0.8  5.5  4.2  0.0  0.0  0.0  0.0  0.0  0.0  0.0
  0.8  0.6  0.0  0.0  0.3  0.0  0.3 13.6  5.5  3.3  8.3 25.0  3.6  3.9 10.8
  3.6  2.5  0.8  0.6  0.3  0.8  0.8 39.7 23.3 19.7  1.9  4.2 11.4  7.8  0.0
     -0.48      4.98     -1.12      0.02      2.40  0.0  0.0  0.0  0.0  0.0
                                     4000_story_1279_llm.txt 32.5  4.3 6838
 18.9  6.4 17.1 59.5 13.9  1.6  3.8  0.6 14.3 19.3  0.6  2.6  0.3  7.8  1.5
  0.1  1.2  7.6  8.5  1.6  1.9240.4 73.3 19.7117.3 74.0 13.3 13.2  0.0  0.6
  0.1  2.0 17.1  9.4 10.5 35.7  6.7  5.8  1.5  2.9  2.3  1.0  5.3  6.7  0.3
  3.4  8.9  1.5  1.8  4.8 15.8 25.0 10.4  2.8  0.7 47.7102.2  2.5190.3  7.5
  1.5  0.0  0.0  0.0  0.0  0.0  0.0  0.0  0.0  0.0  0.0  0.0  0.0  0.0  0.0
  0.0  0.0  0.0  2.5  0.3  4.2  1.5  0.1  0.0  0.0  0.0  0.0  0.0  0.0  0.4
  0.4  0.6  0.9  0.3  0.0  0.3  0.1  0.0  0.0  0.4  0.0  0.0  2.0  2.2  0.0
  8.5  0.1  0.0  8.6  2.6  0.4  3.5  4.2  0.0  0.0  0.0  0.0  0.0  0.0  0.0
  0.6  0.9  0.0  0.0  0.0  0.0  0.1 22.8  2.9  1.2  7.9 26.2  1.9  5.4  9.2
  2.5  1.2  2.5  0.9  0.1  0.4  0.0 50.0 19.9 23.1  2.3  4.5 11.1  6.4  0.0
      6.56      6.42     -4.45     -1.89      1.99  0.0  0.0  0.0  0.1  0.0
                                     4000_story_1280_llm.txt 35.8  4.8 3787
 13.2  4.5  5.5 52.3  9.5  1.3  4.2  1.6 12.9 14.5  1.1  1.6  0.8  5.5  0.3
  0.3  0.3  7.4  7.1  0.5  1.1284.7 77.9 34.9 94.0 43.8 15.1 15.1  1.3  4.0
  0.0  1.3 43.3  6.6  9.5 36.7  4.8  3.4  3.2  0.8  1.6  2.6  2.6  8.2  0.5
  6.9  5.8  3.2  1.6  4.2 12.4 16.6 15.6  0.8  5.3 58.6 66.3  2.6162.1  6.9
  0.8  0.0  0.0  0.0  0.0  0.0  0.0  0.0  0.0  0.0  0.0  0.0  0.0  0.0  0.0
  0.0  0.0  0.0  2.6  0.8  2.6  2.1  0.0  0.0  0.0  0.0  0.0  0.0  0.0  0.0
  0.0  1.1  0.0  0.5  0.0  0.0  0.0  0.0  0.0  0.3  0.3  0.3  1.8  0.5  0.0
  8.2  0.0  0.0  8.2  1.6  0.0  1.8  2.9  0.0  0.0  0.0  0.0  0.0  0.0  0.0
  0.0  0.8  0.0  0.0  0.3  0.0  0.0  8.4  5.8  1.6  6.6 10.3  1.8  3.7  7.7
  3.2  1.3  1.6  0.3  0.3  0.5  2.6 33.5 23.0 16.1  1.1  4.0 10.3  4.8  0.0
     -5.14      4.99      0.46     -2.59      1.89  0.5  0.0  0.3  0.0  0.0
                                     4000_story_1284_llm.txt 36.3  4.8 3739
 15.5  2.9  0.0 50.8  4.5  0.8  2.9  1.1  2.7 10.7  2.7  1.3  1.1  3.5  1.9
  0.5  1.3  8.8 10.2  1.3  0.8248.5 81.3 39.9 90.4 66.3 22.2  5.3  0.5  2.1
  0.5  3.2 42.8  9.6  7.8 35.0  6.2 12.8  1.3  1.6  2.1  2.9  4.0  5.3  0.0
  4.5  5.9  2.4  3.5  5.1 23.8 22.2  9.9  2.7  3.2 72.5 73.5  2.1155.7  4.5
  1.1  0.0  0.0  0.0  0.0  0.0  0.0  0.0  0.0  0.0  0.0  0.0  0.0  0.0  0.0
  0.0  0.0  0.0  2.9  0.8  1.3  0.8  0.0  0.0  0.0  0.0  0.0  0.3  0.0  0.3
  0.3  1.3  0.5  0.3  0.0  0.0  0.0  0.0  0.0  0.8  0.3  0.0  2.4  1.3  0.0
  5.9  0.0  0.3  6.2  2.7  0.0  3.5  4.0  0.0  0.0  0.0  0.0  0.0  0.0  0.0
  0.0  0.8  0.0  0.5  0.0  0.0  0.0  5.9  7.8  3.7 11.2 26.2  5.1  5.6  4.3
  2.7  3.2  2.9  2.4  0.3  1.6  2.4 32.4 15.2 18.5  1.3  4.0  8.6  4.3  0.0
     -2.81      5.45     -0.02     -0.19      1.16  0.5  0.3  0.3  0.0  0.0
                                     4000_story_1285_llm.txt 35.8  4.5 5937
 14.3  5.1 11.5 57.4 17.3  0.7  4.4  0.7 32.2 17.0  1.5  3.0  0.0  6.6  0.5
  0.5  0.7  7.4 15.2  0.5  1.9222.5 83.2 38.7 92.3 41.3 18.4  7.7  1.7  4.2
  0.5  2.0 37.7  7.2  7.9 36.9  9.6  6.6  1.3  2.7  2.4  1.2  5.4  5.2  1.0
  3.0  5.9  3.4  2.9  7.1 16.3 28.8  9.3  1.2  6.4 73.9 90.8  4.9163.4  4.7
  2.7  0.0  0.0  0.0  0.0  0.0  0.0  0.0  0.0  0.0  0.0  0.0  0.0  0.0  0.0
  0.0  0.0  0.0  2.9  0.8  2.7  1.7  0.0  0.0  0.0  0.0  0.0  0.0  0.0  1.0
  0.2  1.7  0.8  0.5  0.0  0.3  0.2  0.0  0.0  1.5  0.3  0.0  1.9  2.0  0.0
  8.1  0.0  0.0  8.1  4.2  0.5  6.2  4.2  0.0  0.0  0.0  0.0  0.0  0.0  0.0
  1.0  0.0  0.0  0.0  0.0  0.0  0.2 17.3  4.2  1.7 12.3 13.5  1.9  3.7  8.4
  1.9  2.7  2.0  0.5  0.8  1.5  1.7 31.7 18.7 23.1  1.7  6.1  8.4  4.9  0.0
      2.83      4.11      1.40     -1.79      2.29  0.7  0.2  0.0  0.0  0.0
                                     4000_story_1286_llm.txt 33.3  4.6 4237
 13.2  3.8  0.7 47.9  3.3  0.5  2.4  0.5 13.7 12.0  1.4  3.3  0.0  3.5  0.9
  0.5  1.2  8.3  9.0  2.1  0.7239.6 93.5 26.0 95.1 63.7 30.7 10.9  0.7  4.2
  1.9  0.7 45.6  8.5  7.1 35.2 11.1  8.3  2.8  1.9  1.9  4.5  3.8  8.5  1.4
  3.1  4.7  4.2  2.8  5.0 18.4 19.6 13.0  3.3  6.8 53.1 80.7  3.3158.8  5.7
  1.9  0.2  0.0  0.0  0.0  0.0  0.0  0.0  0.0  0.0  0.0  0.0  0.0  0.0  0.0
  0.0  0.0  0.0  4.0  0.5  1.7  2.4  0.2  0.2  0.0  0.0  0.0  0.2  0.2  0.9
  0.0  1.4  1.2  0.7  0.0  0.7  0.0  0.9  0.0  0.5  0.5  0.0  3.8  2.4  0.0
  8.5  0.5  0.5  9.4  4.2  1.7  6.4  6.6  0.0  0.0  0.0  0.0  0.0  0.0  0.0
  0.7  0.2  0.0  0.0  0.2  0.0  0.2 17.5  4.7  2.8 12.0 14.2  4.5  4.0  9.2
  1.9  0.5  1.9  1.4  0.2  0.7  1.4 29.0 24.8 21.2  4.0  3.8 11.3  6.1  0.0
     -1.91      8.14      2.15     -0.17      2.10  1.7  0.0  0.2  0.0  0.0
                                     4000_story_1287_llm.txt 33.3  4.7 4372
 15.3  4.1 11.9 63.8 13.5  1.6  4.6  1.8 14.9 16.0  2.1  3.0  0.7  6.6  0.5
  0.7  1.8  5.7 10.5  1.1  1.6265.6 82.6 33.4 89.7 55.6 15.8 12.4  1.6  3.4
  1.4  1.6 56.7  6.2  5.3 33.9  7.8  7.1  4.1  1.8  3.0  4.6  3.9  7.1  1.1
  2.5  3.2  5.3  3.0  5.9 15.8 20.1 10.8  3.0  6.4 63.1 83.9  2.5164.5  5.3
  0.7  0.2  0.0  0.0  0.0  0.0  0.0  0.0  0.0  0.0  0.0  0.0  0.0  0.0  0.0
  0.0  0.0  0.0  4.1  1.4  2.3  1.4  0.0  0.2  0.0  0.0  0.0  0.2  0.0  0.5
  0.5  0.7  0.7  0.7  0.0  0.2  0.0  0.2  0.0  0.0  0.2  0.0  3.7  0.7  0.0
  9.1  0.2  0.2  9.6  3.0  0.5  3.4  4.6  0.0  0.0  0.0  0.0  0.0  0.0  0.0
  0.9  0.9  0.5  0.0  0.0  0.0  0.0 13.0  6.2  3.4 10.5 14.4  1.4  4.6  9.4
  2.7  1.4  1.6  1.1  0.5  0.5  2.7 27.7 21.3 22.2  2.5  4.3 10.1  3.7  0.0
      2.42      5.01      4.18      0.49      1.57  0.5  0.0  0.0  0.2  0.0
                                     4000_story_1288_llm.txt 36.5  4.4 2045
 11.2  4.4  0.5 66.0 12.7  0.5  2.9  1.0 19.6 14.2  1.0  1.5  1.0  4.9  0.5
  1.5  0.0  2.9 23.5  1.0  1.0243.5 86.6 36.2 76.8 70.9  8.8  9.3  0.5  3.9
  0.0  2.4 22.0  8.8 19.6 38.1  4.4 10.3  1.5  6.4  2.0  0.0  8.8  2.9  0.0
  3.9  7.8  0.5  1.0  3.4 15.2 41.6  6.8  1.0  4.4 66.0103.2  1.0155.5  4.9
  0.0  0.5  0.0  0.0  0.0  0.0  0.0  0.0  0.0  0.0  0.0  0.0  0.0  0.0  0.0
  0.0  0.0  0.0  2.0  0.5  1.5  2.9  0.0  0.5  0.0  0.0  0.0  0.0  0.0  0.0
  0.0  0.5  1.0  2.4  0.0  0.0  0.0  0.0  0.0  0.0  0.0  0.0  1.5  0.5  0.0
  6.8  0.5  0.0  7.3  3.9  0.0  3.9  2.0  0.0  0.0  0.0  0.0  0.0  0.0  0.0
  0.0  0.0  0.0  0.0  0.0  0.0  0.0 19.1  0.0  0.0  3.9 24.0  3.4  4.9 13.7
  6.4  3.4  4.4  3.9  0.5  0.5  0.0 28.4 20.5 14.2  1.0  7.8 12.7  4.9  0.0
     -1.19      3.36     -4.78      0.13      3.58  0.0  0.0  0.0  0.0  0.0
                                     4000_story_1292_llm.txt 36.3  4.9 4595
 10.0  3.7  2.0 41.6  8.3  0.0  1.3  1.3  9.6 12.2  0.4  1.7  0.0  5.2  0.2
  1.1  0.4  3.5 15.5  1.1  0.7276.0 89.0 44.0 89.2 41.8 14.6  8.9  3.9  2.6
  1.7  0.7 49.8  5.9  7.2 33.3  6.5  3.5  3.0  1.5  0.4  2.8  2.4  8.3  1.1
  4.1  7.4  2.0  2.2  3.7  7.4 26.8 13.5  1.5  8.3 72.9 59.6  1.1145.4  5.2
  0.7  0.4  0.0  0.0  0.0  0.0  0.0  0.0  0.0  0.0  0.0  0.0  0.0  0.0  0.0
  0.0  0.0  0.0  2.6  1.3  1.3  0.4  0.0  0.4  0.0  0.0  0.0  0.0  0.0  0.0
  0.4  0.2  0.9  0.4  0.2  0.4  0.0  0.2  0.0  0.2  0.7  0.0  0.7  2.0  0.0
  5.7  0.4  0.0  6.1  2.0  0.9  3.0  3.3  0.0  0.0  0.0  0.0  0.0  0.0  0.0
  1.1  0.2  0.0  0.0  0.0  0.0  0.0  8.1  2.4  2.4  8.3 20.9  2.4  3.0  6.3
  5.0  0.7  2.6  1.5  0.4  2.0  0.7 29.6 19.6 11.3  1.1  4.8 13.1  3.3  0.0
     -7.59      3.52      4.19     -2.76      1.29  0.4  0.0  0.0  0.0  0.0
                                     4000_story_1302_llm.txt 34.5  4.2 1857
 18.8  6.5  3.2 92.6 20.5  1.1  3.8  0.0 75.4 11.8  2.7  0.5  0.5  6.5  0.0
  1.1  2.2  4.3 18.8  2.2  0.5219.7 68.9 31.8 72.7 60.9 12.9 15.6  1.6  2.7
  2.7  1.1 24.2  9.2  5.9 38.8  5.9  2.7  2.2  3.2  1.6  1.6  5.9  5.9  0.0
  0.0  7.5  3.2  3.2  9.7  8.6 31.2  5.9  4.3  7.0 60.9156.7  2.2174.5  4.3
  2.2  0.0  0.0  0.0  0.0  0.0  0.0  0.0  0.0  0.0  0.0  0.0  0.0  0.0  0.0
  0.0  0.0  0.0  3.2  1.1  1.6  1.6  0.0  0.0  0.0  0.0  0.0  0.0  0.0  0.5
  0.5  1.1  1.1  0.5  0.0  0.0  0.0  0.0  0.0  0.0  0.5  1.6  1.6  1.1  0.0
  7.5  0.0  0.0  7.5  3.8  0.0  3.8  4.8  0.0  0.0  0.0  0.0  0.0  0.0  0.0
  1.1  0.0  0.0  0.5  0.0  0.0  0.0  6.5  2.2  0.0  3.2 17.8  8.1  4.8  7.0
  0.5  1.1  0.0  0.5  0.5  1.1  1.1 30.7 36.1 23.2  0.5  3.2  7.0  3.8  0.0
      9.14      4.75      1.24     -2.39      0.97  0.0  0.0  0.0  0.0  0.0
                                     4000_story_1304_llm.txt 33.0  4.4 7675
 12.2  2.6  5.9 55.4 12.5  1.4  3.6  0.5 52.4 14.9  0.1  1.7  0.3  5.0  0.7
  0.3  0.8  4.2 15.4  0.5  0.8243.0 83.5 25.9108.5 49.0 13.9 11.9  1.0  2.7
  0.7  3.5 32.6  9.4 11.1 39.0  5.6  3.3  2.7  0.7  1.3  1.6  3.9  6.5  1.2
  3.4  5.3  1.7  2.1  5.9  8.7 26.6 11.1  1.3  4.4 57.6113.9  3.4176.3  5.0
  0.3  0.0  0.0  0.0  0.0  0.0  0.0  0.0  0.0  0.0  0.0  0.0  0.0  0.0  0.0
  0.0  0.0  0.0  1.8  0.4  2.1  1.0  0.0  0.0  0.0  0.0  0.0  0.0  0.1  0.4
  0.3  0.7  0.4  0.3  0.0  0.1  0.0  0.4  0.0  0.3  0.1  0.0  2.0  2.7  0.0
  5.3  0.0  0.1  5.5  2.0  0.5  2.7  4.8  0.0  0.0  0.0  0.0  0.0  0.0  0.0
  0.7  0.4  0.0  0.0  0.0  0.1  0.3 11.9  3.0  1.6  6.5 20.1  4.3  4.7  5.5
  1.6  1.6  1.3  1.0  0.3  1.4  0.5 33.1 20.8 15.9  1.4  6.0  9.4  5.7  0.0
     -0.37      4.90     -1.04     -3.41      1.80  0.0  0.0  0.5  0.0  0.0
                                     4000_story_1308_llm.txt 34.3  4.3 8168
 14.3  5.8  8.7 77.9 22.2  1.6  3.7  0.4 29.3 14.0  2.0  2.3  0.2  4.2  0.9
  0.1  1.6  6.9 13.8  0.2  1.8234.9 78.2 30.9 89.6 74.7  9.1 10.0  0.2  1.2
  0.0  3.4 19.2 10.9 10.3 34.6  6.4  7.5  3.4  4.4  2.9  0.7  5.0  4.9  0.2
  2.2  5.4  1.1  2.3  8.4 17.3 29.4  7.3  1.8  1.5 69.5126.1  2.1177.3  5.6
  0.9  0.0  0.0  0.0  0.0  0.0  0.0  0.0  0.0  0.0  0.0  0.0  0.0  0.0  0.0
  0.0  0.0  0.0  3.4  0.7  1.5  1.6  0.0  0.0  0.1  0.0  0.0  0.1  0.0  0.1
  0.1  0.5  0.4  0.9  0.0  0.2  0.0  0.1  0.0  0.2  0.1  0.1  1.7  1.2  0.0
  7.2  0.1  0.1  7.5  2.0  0.4  2.6  3.2  0.0  0.0  0.0  0.0  0.0  0.0  0.0
  0.2  0.2  0.0  0.0  0.0  0.0  0.0 14.8  3.9  1.3 10.0 16.8  2.1  2.8  7.0
  1.6  1.2  0.5  2.3  0.1  0.5  0.1 33.4 19.0 17.6  1.7  7.0 13.2  5.4  0.0
      3.70      4.14     -3.77     -0.02      1.15  0.5  0.0  0.2  0.0  0.0
                                     4000_story_1310_llm.txt 36.8  4.4 3691
 14.6  3.0 12.5 49.6 11.1  0.5  2.2  1.4 57.2 16.0  1.1  1.9  0.3  6.5  1.4
  0.5  1.1  4.6 16.8  0.5  2.2226.0 92.9 39.6 93.5 42.8 14.1  7.6  0.8  3.5
  0.5  1.6 28.7 10.0 13.3 40.4  7.6  7.9  2.7  2.2  1.4  1.6  4.6  5.1  1.4
  2.2  5.4  1.9  2.2  4.1 13.8 27.9  8.7  1.6  4.9 72.1111.1  3.0163.6  8.4
  0.8  0.0  0.0  0.0  0.0  0.0  0.0  0.0  0.0  0.0  0.0  0.0  0.0  0.0  0.0
  0.0  0.0  0.0  1.9  1.4  1.6  1.1  0.0  0.0  0.0  0.0  0.0  0.0  0.0  0.5
  0.3  1.1  0.8  0.3  0.0  0.3  0.0  0.0  0.3  0.5  0.0  0.0  1.6  1.9  0.0
  6.0  0.0  0.0  6.0  3.0  0.5  4.1  3.5  0.0  0.0  0.0  0.0  0.0  0.0  0.0
  0.3  0.0  0.0  0.0  0.0  0.0  0.3  8.9  4.9  0.8  8.1 17.3  1.9  6.8  9.2
  1.9  1.1  1.9  1.4  0.5  0.3  1.6 29.5 16.0 19.5  2.4  6.0  8.4  5.7  0.0
      2.32      3.36     -2.76     -1.58      1.77  0.0  0.3  0.0  0.3  0.0
                                     4000_story_1312_llm.txt 38.3  4.4 5878
 14.0  5.8  4.8 59.7 14.3  1.0  4.8  1.0 48.1 12.2  1.0  3.1  0.0  5.1  0.3
  0.9  1.2  5.8 16.7  1.2  1.5226.9 76.9 31.5115.5 56.7 11.9 21.4  0.9  3.6
  0.7  1.2 25.2 10.0  8.7 39.8  6.3  4.6  6.6  1.5  2.4  1.5  6.5  6.1  0.5
  2.7  6.6  1.7  2.6  8.7 12.8 29.1  9.4  2.4  5.1 63.1119.1  3.2184.1  4.8
  0.5  0.0  0.0  0.0  0.0  0.0  0.0  0.0  0.0  0.0  0.0  0.0  0.0  0.0  0.0
  0.0  0.0  0.0  3.9  0.3  2.2  1.0  0.2  0.0  0.0  0.0  0.0  0.0  0.0  0.5
  0.3  0.7  0.7  0.2  0.0  0.0  0.0  0.3  0.2  0.3  0.7  0.3  2.4  2.4  0.0
  7.5  0.2  0.0  7.7  2.4  0.5  3.2  5.8  0.0  0.0  0.0  0.0  0.0  0.0  0.0
  0.2  0.3  0.0  0.0  0.2  0.0  0.3  9.9  3.7  1.9  6.8 17.9  1.9  5.3  5.8
  2.9  1.9  4.8  1.5  0.5  0.3  0.2 36.7 31.8 20.1  1.9  6.3  9.4  6.8  0.0
      4.07      6.85     -1.61     -0.93      2.61  0.3  0.3  0.0  0.0  0.0
                                     4000_story_1314_llm.txt 39.3  4.5 6073
  9.7  2.5  4.9 49.2  7.7  0.5  2.1  0.3 43.3 12.8  2.0  1.5  1.3  3.8  0.3
  1.2  1.3  5.4 11.4  0.5  1.5231.4 95.0 37.2 96.7 60.4 10.7  8.1  1.3  2.6
  1.0  4.8 25.4  9.9 13.8 40.5  6.6  6.1  2.3  1.6  2.0  1.2  6.6  4.1  0.7
  1.8  8.6  1.2  2.6  5.8 13.5 27.8  6.6  1.8  4.9 73.1111.5  2.1160.7  5.6
  0.7  0.0  0.0  0.0  0.0  0.0  0.0  0.0  0.0  0.0  0.0  0.0  0.0  0.0  0.0
  0.0  0.0  0.0  1.6  0.7  0.7  1.2  0.2  0.0  0.0  0.0  0.0  0.0  0.0  0.5
  0.3  0.7  0.8  0.3  0.0  0.0  0.2  0.3  0.0  0.0  0.2  0.0  1.0  3.3  0.0
  4.1  0.2  0.0  4.3  2.6  0.5  3.1  4.4  0.0  0.0  0.0  0.0  0.0  0.0  0.0
  0.2  0.0  0.0  0.0  0.0  0.0  0.2 16.3  3.8  1.6  8.2 17.1  2.1  4.3  7.4
  2.0  1.3  2.5  1.8  0.0  1.0  0.3 32.9 14.5 15.1  2.0  6.8  9.1  6.3  0.0
     -2.96      3.69     -1.70     -2.26      2.20  0.7  0.0  0.3  0.0  0.0
                                     4000_story_1319_llm.txt 36.8  4.4 5953
 15.5  3.7  2.9 40.5 10.8  0.3  3.4  1.5 55.6 12.3  0.5  2.4  0.3  7.2  0.5
  0.2  2.0  4.0 12.9  1.3  0.5217.7 84.5 28.4122.5 63.8 14.3  9.2  0.8  1.3
  0.8  2.7 24.7  9.2 12.1 34.8  6.6  4.0  2.2  3.4  1.7  0.7  2.7  5.0  0.2
  2.2  9.2  2.5  3.0  5.2  9.7 30.6  7.4  3.4  3.0 58.1130.2  1.8175.5  5.9
  1.3  0.0  0.0  0.0  0.0  0.0  0.0  0.0  0.0  0.0  0.0  0.0  0.0  0.0  0.0
  0.0  0.0  0.0  2.5  1.2  2.0  1.7  0.2  0.0  0.0  0.0  0.0  0.2  0.0  0.3
  0.2  0.8  0.3  0.8  0.0  0.5  0.0  0.0  0.0  0.8  0.2  0.0  1.5  1.0  0.0
  7.4  0.2  0.2  7.7  2.5  0.5  3.9  2.7  0.0  0.0  0.0  0.0  0.0  0.0  0.0
  0.2  0.5  0.0  0.0  0.0  0.0  0.0  7.9  2.7  2.4  6.2 17.5  2.2  8.6  4.4
  0.3  2.4  0.7  1.8  1.2  0.2  0.2 34.4 20.0 21.7  0.8  8.1 13.3  5.9  0.0
      3.25      5.59     -2.56     -2.35     -0.35  0.5  0.0  0.2  0.0  0.0
                                     4000_story_1320_llm.txt 35.3  4.5 6414
  9.4  1.2  0.5 61.3 12.9  0.9  2.0  1.2 22.5 15.4  0.5  0.9  0.6  6.1  0.5
  0.8  3.1  3.7 16.2  0.0  2.5255.7 79.2 31.6 93.7 48.3 11.4 12.3  0.8  2.3
  0.6  2.8 29.5  8.0 10.1 39.6  7.0  3.4  4.4  2.3  2.0  1.4  5.6  5.5  1.2
  4.4  5.6  1.4  1.9  5.1  9.2 27.9 11.1  3.1  3.7 64.9 83.7  2.5168.1  5.6
  1.2  0.0  0.0  0.0  0.0  0.0  0.0  0.0  0.0  0.0  0.0  0.0  0.0  0.0  0.0
  0.0  0.0  0.0  0.8  0.5  0.6  1.7  0.0  0.0  0.0  0.0  0.0  0.0  0.0  0.3
  0.2  0.5  0.3  1.1  0.0  0.2  0.0  0.0  0.0  0.2  0.3  0.2  1.9  1.6  0.0
  3.6  0.0  0.0  3.6  2.3  0.2  2.7  3.9  0.0  0.0  0.0  0.0  0.0  0.0  0.0
  0.0  0.6  0.0  0.0  0.0  0.0  0.3 20.1  5.6  1.4  7.2 20.6  0.9  4.5  8.1
  4.5  1.9  2.5  2.5  0.2  0.6  1.1 36.2 22.8 10.9  2.2  7.3 10.8  5.6  0.0
      1.05      3.97     -1.25     -1.79      3.08  0.5  0.2  0.8  0.0  0.0
                                     4000_story_1321_llm.txt 35.3  4.7 3164
 11.1  3.5  1.6 34.1  2.8  0.6  1.3  1.9 36.0 13.9  0.9  2.5  0.6  4.1  0.3
  0.9  0.6  5.1 20.9  0.3  2.2251.3105.2 40.5 98.0 37.3 14.5 13.9  2.8  4.4
  0.6  1.3 34.5  6.0 11.1 37.6  7.9  2.2  1.6  1.6  4.1  2.2  5.7  7.9  1.9
  3.8  8.2  4.7  3.8  4.1 11.4 34.5 13.6  0.9  7.9 68.3 76.2  1.9155.5  8.5
  1.9  0.0  0.0  0.0  0.0  0.0  0.0  0.0  0.0  0.0  0.0  0.0  0.0  0.0  0.0
  0.0  0.0  0.0  3.8  1.3  1.6  1.6  0.0  0.0  0.0  0.0  0.0  0.0  0.0  0.0
  0.6  0.9  0.9  0.9  0.0  0.3  0.0  0.0  0.0  0.6  0.6  0.0  0.9  0.6  0.0
  8.2  0.0  0.0  8.2  3.5  0.3  4.4  2.2  0.0  0.0  0.0  0.0  0.0  0.0  0.0
  0.0  0.3  0.0  0.3  0.0  0.0  0.0  7.6  2.5  2.8 11.4 21.8  0.9  2.2  6.6
  3.5  1.3  1.6  2.5  0.0  0.9  0.9 28.4 17.7 13.3  2.2  5.4 10.4  4.1  0.0
     -3.94      4.52      1.19     -2.01      3.81  0.0  0.0  0.3  0.3  0.3
                                     4000_story_1322_llm.txt 34.0  4.7 4514
  7.5  2.2  5.1 33.5  3.1  0.2  1.8  1.1 44.7 13.3  2.0  0.7  0.4  4.2  0.0
  0.7  0.0  4.0 19.7  0.2  1.1257.2 97.9 39.2105.2 37.9 13.7  8.2  1.8  3.5
  0.7  2.7 38.8  6.4  8.6 35.4  6.9  7.5  2.4  2.2  2.2  2.4  4.2  5.3  2.0
  2.9  8.6  2.2  2.0  4.7 13.7 33.9 10.2  0.2  6.0 72.9 85.7  1.3155.7  8.2
  0.4  0.0  0.0  0.0  0.0  0.0  0.0  0.0  0.0  0.0  0.0  0.0  0.0  0.0  0.0
  0.0  0.0  0.0  2.0  0.2  1.6  1.8  0.0  0.0  0.0  0.0  0.0  0.0  0.2  0.9
  0.2  0.9  0.7  0.9  0.0  0.4  0.0  0.0  0.0  0.2  0.2  0.0  1.6  0.9  0.0
  5.5  0.0  0.2  5.8  3.5  0.4  4.2  2.7  0.0  0.0  0.0  0.0  0.0  0.0  0.0
  0.7  0.2  0.0  0.0  0.4  0.0  0.0  9.7  3.5  1.8  9.7 14.8  1.8  4.0  7.3
  1.1  1.6  1.3  2.9  0.0  0.7  0.7 28.8 17.7 11.7  2.0  7.8 11.5  3.8  0.0
     -7.63      3.58      1.68     -0.99      2.27  0.7  0.0  0.2  0.0  0.0
                                     4000_story_1324_llm.txt 35.0  4.4 6409
  9.0  3.3  5.9 35.4  2.8  0.5  1.9  0.9 13.3 16.2  0.0  0.5  0.5  5.5  0.2
  0.2  0.5  3.0 15.1  0.5  4.4271.2 84.1 21.2119.7 52.9 11.2  6.6  0.0  1.2
  0.2  3.4 31.2  8.6 11.9 38.9  5.5  3.4  0.6  0.9  0.9  0.8  2.5  6.1  0.5
  4.7  7.5  0.6  1.9  1.9  7.3 27.5 11.2  0.9  1.4 57.1 69.0  1.6171.2  4.8
  2.2  0.0  0.0  0.0  0.0  0.0  0.0  0.0  0.0  0.0  0.0  0.0  0.0  0.0  0.0
  0.0  0.0  0.0  0.9  0.2  2.3  1.4  0.0  0.0  0.0  0.0  0.0  0.2  0.0  0.2
  0.2  0.8  1.1  0.9  0.0  0.0  0.0  0.0  0.0  0.2  0.0  0.0  0.6  0.0  0.0
  4.8  0.0  0.2  5.0  3.1  0.0  3.3  0.6  0.0  0.0  0.0  0.0  0.0  0.0  0.0
  0.5  0.6  0.0  0.0  0.2  0.0  0.0  3.7  2.8  1.6 11.1 35.0  1.7  3.6  8.4
  1.2  1.4  1.4  1.1  0.5  1.2  0.2 44.3 13.4 14.7  2.8  5.0  8.6  6.6  0.0
     -4.69      3.93     -2.97     -4.40      0.73  0.5  0.2  0.0  0.0  0.0
                                     4000_story_1325_llm.txt 36.0  4.5 5839
 13.7  4.6  9.9 52.2 13.4  0.7  2.7  0.7 21.6 15.2  1.0  1.4  0.2  7.4  0.2
  1.2  0.3  4.8 16.4  0.7  2.7261.5 82.7 27.2112.2 56.2 13.0  8.9  0.5  2.4
  0.0  2.7 24.1  6.9 11.1 31.2  6.5  6.3  1.5  2.4  2.4  1.7  5.3  3.4  0.5
  4.8  5.1  1.9  2.4  5.7 13.5 28.1  8.7  1.0  2.9 67.3 91.1  1.5178.6  5.3
  0.7  0.5  0.0  0.0  0.0  0.0  0.0  0.0  0.0  0.0  0.0  0.0  0.0  0.0  0.0
  0.0  0.0  0.0  1.9  0.3  2.6  2.2  0.3  0.0  0.3  0.0  0.0  0.0  0.0  0.5
  0.2  1.0  0.7  0.3  0.0  0.3  0.2  0.0  0.2  0.3  0.2  0.2  1.0  0.5  0.0
  7.0  0.7  0.0  7.7  2.7  0.7  3.8  1.9  0.0  0.0  0.0  0.0  0.0  0.0  0.0
  0.0  0.2  0.2  0.0  0.0  0.0  0.5  4.8  3.4  1.9 12.2 25.7  2.7  3.6  8.0
  1.7  0.9  0.5  1.7  0.7  0.2  0.7 44.9 15.8 20.6  2.4  4.5  9.4  4.6  0.0
     -0.36      4.61     -1.84     -1.68      2.15  0.2  0.0  0.2  0.0  0.0
                                     4000_story_1326_llm.txt 36.5  4.4 3805
 10.8  2.4  8.1 27.1  1.8  0.8  1.3  0.5 21.0 12.1  0.0  0.3  1.6  5.0  0.0
  0.0  0.5  4.2 15.0  0.3  3.7238.6 88.8 34.2120.6 55.2 13.1  5.8  0.5  1.3
  0.3  2.6 19.7  7.1 17.6 48.4  6.6  1.3  2.1  1.1  0.5  0.8  4.5  5.8  0.3
  4.7  7.4  1.3  2.6  1.6  6.0 26.3 10.8  0.8  2.1 78.8 78.1  0.8168.5  5.8
  1.1  0.3  0.0  0.0  0.0  0.0  0.0  0.0  0.0  0.0  0.0  0.0  0.0  0.0  0.0
  0.0  0.0  0.0  1.3  0.5  1.3  1.3  0.0  0.3  0.0  0.0  0.3  0.0  0.0  0.3
  0.0  0.0  0.8  1.6  0.0  0.0  0.0  0.0  0.0  0.3  0.0  0.0  1.3  0.5  0.0
  4.5  0.3  0.3  5.0  2.6  0.0  2.9  1.8  0.0  0.0  0.0  0.0  0.0  0.0  0.0
  0.3  0.5  0.0  0.0  0.0  0.0  0.0 12.6  1.8  0.3  8.4 26.3  2.6  4.7  5.5
  1.8  2.6  3.7  0.8  0.3  0.5  0.0 46.3 11.8 11.8  1.6  6.0  8.9  6.6  0.0
     -5.39      4.29     -5.43     -4.57      1.77  0.5  0.0  0.0  0.0  0.0
                                     4000_story_1327_llm.txt 36.5  4.4 7278
 17.0  7.7 21.4 68.2 16.5  1.8  2.6  0.5 17.7 12.0  1.6  2.3  0.7  3.7  1.1
  0.5  0.5  7.4 13.1  0.8  2.5304.1 74.7 27.8106.1 72.5 12.4 10.6  0.1  1.2
  0.1  3.6 20.1  8.9 10.6 31.1  8.7  7.7  1.9  3.7  1.5  1.4  2.3  3.7  0.1
  3.0  6.0  1.1  2.3  4.1 16.6 28.7  6.9  1.4  1.5 62.8106.8  1.2190.3  4.1
  1.1  0.1  0.0  0.0  0.0  0.0  0.0  0.0  0.0  0.0  0.0  0.0  0.0  0.0  0.0
  0.0  0.0  0.0  3.6  0.4  4.1  2.3  0.0  0.1  0.0  0.0  0.0  0.0  0.0  1.1
  0.1  0.8  0.8  1.8  0.0  0.4  0.0  0.1  0.0  0.5  0.0  0.0  0.4  1.4  0.0
 10.4  0.1  0.0 10.6  4.7  0.5  5.8  1.8  0.0  0.0  0.0  0.0  0.0  0.0  0.0
  0.8  0.7  0.3  0.0  0.0  0.0  0.0  5.5  3.2  1.4  9.2 24.0  3.2  3.6  6.3
  1.5  2.3  1.4  0.8  1.6  0.4  0.3 40.0 19.0 22.0  2.3  4.8 11.1  4.7  0.0
      0.94      5.32     -2.91     -1.20     -0.52  0.3  0.0  0.0  0.0  0.0
                                     4000_story_1329_llm.txt 34.8  4.5 7359
  9.6  3.4 12.9 44.7  9.2  0.5  2.2  1.2  7.5 20.1  0.3  1.0  0.1  3.7  0.3
  0.4  0.7  4.8 15.6  0.1  3.5260.5 78.8 21.2125.3 50.8 12.4 10.1  0.0  2.0
  0.1  3.4 33.6  6.1 14.1 31.9  8.3  3.1  1.5  1.1  0.7  0.8  3.1  6.0  0.8
  6.8  3.4  1.0  2.6  3.3  8.6 24.5 13.6  0.8  2.2 64.1 67.5  1.0191.2  4.6
  0.8  0.1  0.0  0.0  0.0  0.0  0.0  0.0  0.0  0.0  0.0  0.0  0.0  0.0  0.0
  0.0  0.0  0.0  1.5  0.5  1.9  0.8  0.0  0.0  0.0  0.0  0.0  0.0  0.0  0.1
  0.0  1.0  2.0  0.3  0.3  0.1  0.1  0.0  0.0  0.1  0.0  0.0  1.2  0.4  0.0
  4.8  0.0  0.0  4.8  3.4  0.5  4.1  1.6  0.0  0.0  0.0  0.0  0.0  0.0  0.0
  1.1  0.8  0.1  0.0  0.1  0.0  0.0  6.5  2.3  2.0  8.3 28.3  4.1  3.0 10.3
  2.7  1.8  0.4  0.8  0.7  0.4  0.5 54.1 13.9 16.2  1.2  4.1  9.8  6.4  0.0
     -3.04      4.89     -2.01     -4.24      2.05  0.0  0.0  0.0  0.0  0.0
                                     4000_story_1330_llm.txt 36.3  4.3 7129
 10.7  3.2 11.2 40.3  7.4  0.7  2.9  1.0 30.9 13.6  0.6  0.7  0.0  5.0  0.6
  0.3  1.0  3.9 14.0  0.6  4.2260.1 80.1 20.2127.8 48.7 10.8  8.3  0.4  1.4
  0.1  3.1 28.1  9.1 12.1 33.9  5.8  3.2  1.5  2.0  0.4  0.6  2.5  3.9  0.4
  3.4  5.3  1.0  1.4  3.1  7.6 25.1  7.7  1.5  2.0 60.2 87.0  1.1185.4  4.6
  1.1  0.3  0.0  0.0  0.0  0.0  0.0  0.0  0.0  0.0  0.0  0.0  0.0  0.0  0.0
  0.0  0.0  0.0  1.7  0.6  2.1  1.0  0.3  0.0  0.0  0.0  0.0  0.1  0.0  0.4
  0.3  0.6  1.0  0.6  0.1  0.0  0.1  0.0  0.0  0.1  0.0  0.0  1.3  0.7  0.0
  5.3  0.3  0.1  5.8  2.8  0.3  3.2  2.0  0.0  0.0  0.0  0.0  0.0  0.0  0.0
  1.1  0.4  0.0  0.0  0.0  0.0  0.1  5.9  1.8  1.0  6.6 28.9  3.2  2.8 11.1
  1.3  1.5  0.4  1.1  0.3  1.0  0.1 46.1 13.6 17.0  1.7  3.6  9.8  8.7  0.0
     -1.48      4.25     -2.94     -4.02     -0.04  0.0  0.0  0.0  0.0  0.0
                                     4000_story_1331_llm.txt 34.3  4.4 6144
 14.5  5.0  8.5 50.0  8.6  0.7  2.6  1.0 35.6  6.2  1.5  0.3  0.0  3.6  0.2
  0.5  0.0  5.2 16.0  0.3  1.3314.9 83.8 21.3114.1 57.6 10.9 10.1  0.2  2.0
  0.2  1.5 25.7  5.0  9.3 33.2  8.0  4.9  2.1  2.6  1.6  1.1  3.4  4.4  0.0
  2.9  5.5  2.3  1.8  3.6 11.7 25.9  7.3  0.3  2.3 52.2101.9  3.4183.4  7.2
  2.3  0.2  0.0  0.0  0.0  0.0  0.0  0.0  0.0  0.0  0.0  0.0  0.0  0.0  0.0
  0.0  0.0  0.0  2.0  0.8  2.8  1.3  0.2  0.0  0.0  0.0  0.0  0.0  0.0  0.2
  0.7  1.0  1.3  0.5  0.0  0.2  0.2  0.0  0.0  0.7  0.0  0.2  1.8  0.7  0.0
  6.8  0.2  0.0  7.0  3.6  0.3  4.6  2.6  0.0  0.0  0.0  0.0  0.0  0.0  0.0
  0.3  0.8  0.0  0.0  0.2  0.0  0.0  9.8  2.4  0.7  7.2 25.2  1.1  2.9  8.8
  2.9  1.8  1.0  1.5  0.3  0.7  0.3 46.9 16.3 18.4  2.4  4.2  9.4  8.5  0.0
     -6.63      4.55     -1.53     -2.35      0.12  0.3  0.2  0.0  0.0  0.0
                                     4000_story_1332_llm.txt 34.0  4.3 6553
 10.8  3.2  7.5 36.5  3.1  0.3  1.5  0.8 24.6 14.3  0.0  0.2  0.2  3.1  0.2
  0.3  0.0  4.3 15.6  0.2  4.1273.5 83.9 22.4131.1 54.6 15.7  5.3  0.0  0.5
  0.0  3.2 24.3  8.2 15.1 38.8  4.3  3.5  1.1  1.1  1.2  0.6  5.3  6.0  0.3
  2.9  5.2  0.8  2.7  1.8  9.0 25.2  9.2  0.2  0.5 58.0 82.3  1.7185.0  5.0
  1.1  0.2  0.0  0.0  0.0  0.0  0.0  0.0  0.0  0.0  0.0  0.0  0.0  0.0  0.0
  0.0  0.0  0.0  0.8  0.2  2.4  0.8  0.0  0.0  0.0  0.0  0.0  0.0  0.0  0.0
  0.2  0.5  1.8  0.3  0.0  0.3  0.0  0.0  0.0  0.2  0.0  0.2  0.5  0.2  0.0
  4.1  0.0  0.0  4.1  2.7  0.3  3.2  0.8  0.0  0.0  0.0  0.0  0.0  0.0  0.0
  0.5  1.4  0.0  0.0  0.3  0.0  0.0  3.2  1.8  0.5  8.1 30.2  2.6  4.0  8.9
  1.8  0.8  0.3  1.1  1.4  0.9  0.0 52.6  9.6 11.9  3.1  5.2  9.0  5.6  0.0
     -6.60      5.02     -4.93     -4.11      1.78  0.3  0.3  0.0  0.0  0.0
                                     4000_story_1333_llm.txt 35.3  4.2 6396
 15.9  6.9 14.4 63.2 15.2  1.4  3.4  0.3 45.3 13.4  0.5  1.3  0.3  6.7  0.2
  0.8  0.0  5.9 10.5  2.2  1.6294.2 76.6 18.6115.1 66.8 12.4 11.7  0.0  1.9
  0.0  1.6 17.5  8.4 13.8 30.5  7.7  4.5  2.2  4.4  1.6  1.4  1.6  3.6  0.0
  1.9  6.3  1.6  2.2  3.3 12.0 23.9  5.5  2.2  1.9 46.1127.3  2.8188.9  6.4
  2.8  0.0  0.0  0.0  0.0  0.0  0.0  0.0  0.0  0.0  0.0  0.0  0.0  0.0  0.0
  0.0  0.0  0.0  2.8  0.9  3.3  2.2  0.2  0.0  0.0  0.0  0.0  0.0  0.2  0.8
  0.5  1.4  1.1  0.5  0.0  0.5  0.0  0.0  0.2  0.3  0.6  0.0  1.9  0.5  0.0
  9.2  0.2  0.2  9.5  4.2  0.6  5.2  3.0  0.0  0.0  0.0  0.0  0.0  0.0  0.0
  0.9  0.3  0.3  0.0  0.6  0.0  0.0  6.6  2.2  1.3  7.7 20.6  1.9  3.3  7.5
  1.6  1.3  1.3  0.6  0.5  0.5  0.0 53.8 21.3 22.2  2.3  2.3  7.3  4.8  0.0
      1.65      5.57     -4.48     -1.52     -1.50  0.2  0.0  0.0  0.0  0.0
                                     4000_story_1334_llm.txt 33.5  4.5 4766
  8.8  2.3  9.7 38.4  5.0  0.0  1.7  1.5 35.2 24.5  0.0  1.9  0.2  5.7  0.2
  0.2  0.0  5.5 17.4  0.4  4.2257.4 92.3 25.6115.2 40.5  8.6  9.4  0.0  2.1
  0.4  2.1 32.5  5.5 12.6 38.6  6.9  2.3  1.7  3.6  0.8  1.0  4.2  3.8  0.2
  4.4  7.3  1.0  2.1  2.1  8.6 32.3  8.4  0.4  2.5 68.6 80.8  2.3171.6  4.8
  1.0  0.0  0.0  0.0  0.0  0.0  0.0  0.0  0.0  0.0  0.0  0.0  0.0  0.0  0.0
  0.0  0.0  0.0  1.5  0.6  0.6  1.9  0.0  0.0  0.0  0.0  0.0  0.0  0.0  0.2
  0.4  0.4  1.9  0.4  0.0  0.0  0.2  0.0  0.0  0.4  0.4  0.2  1.7  0.4  0.0
  4.6  0.0  0.0  4.6  3.4  0.2  4.0  2.7  0.0  0.0  0.0  0.0  0.0  0.0  0.0
  1.0  0.0  0.0  0.0  0.2  0.0  0.0  6.5  2.5  0.6  6.9 31.1  1.0  4.6 10.7
  1.7  0.4  0.6  0.6  0.6  0.8  0.6 44.7 14.7 13.4  1.9  4.8 10.1  4.6  0.0
     -1.91      3.26     -2.02     -3.07      1.15  0.0  0.0  0.2  0.0  0.0
                                     4000_story_1337_llm.txt 35.5  5.0 5691
 11.1  0.5  0.2 33.6  0.2  0.0  0.7  0.9  1.4  8.4  1.2  1.4  0.2  1.2  0.5
  0.4  0.2  5.8 22.7  0.2  0.4281.1117.2 52.7 76.6 62.6 11.9  3.5  3.7  5.3
  1.4  1.6 53.8  4.6  8.4 36.4  5.8  2.5  2.5  1.8  1.4  3.3  3.2  9.0  2.3
  6.5  5.1  3.0  2.6  5.8  9.7 32.5 17.7  0.4 10.4 81.0 64.1  1.6130.4  4.4
  0.7  0.2  0.0  0.0  0.0  0.0  0.0  0.0  0.0  0.0  0.0  0.0  0.0  0.0  0.0
  0.0  0.0  0.0  1.6  0.7  1.1  1.1  0.2  0.0  0.0  0.0  0.2  0.0  0.4  0.2
  0.4  0.7  0.7  0.5  0.0  0.4  0.0  0.0  0.0  0.0  0.9  0.4  1.4  0.9  0.0
  4.4  0.2  0.5  5.1  2.5  0.4  2.8  3.5  0.0  0.0  0.0  0.0  0.0  0.0  0.0
  0.0  0.0  0.0  0.0  0.0  0.0  0.0  9.8  4.2  3.7 13.4 17.2  1.6  3.3  7.2
  2.5  2.1  2.6  1.8  0.9  1.1  0.9 24.6 11.4 16.0  1.9  4.6  7.0  2.1  0.0
    -13.46      2.52      5.52     -2.42      3.56  0.4  0.2  0.2  0.0  0.0
                                     4000_story_1342_llm.txt 38.0  5.0 6146
 12.9  3.4  1.5 29.3  1.5  0.2  0.7  1.3  1.0  9.1  0.2  2.8  0.5  3.1  0.8
  0.8  0.0  4.6 19.4  0.3  0.5272.9102.3 48.8 96.0 69.8 18.1  5.4  2.3  3.7
  2.4  2.3 54.0  5.2  7.8 37.6  5.4  2.9  1.3  1.6  0.5  3.3  4.4  8.8  1.1
  5.5  6.2  2.8  2.8  3.6  8.0 32.2 15.5  0.3  8.5 79.6 72.2  0.8144.5  5.9
  1.6  0.2  0.0  0.0  0.0  0.0  0.0  0.0  0.0  0.0  0.0  0.0  0.0  0.0  0.0
  0.0  0.0  0.0  1.5  1.0  3.6  1.0  0.2  0.0  0.0  0.0  0.0  0.0  0.2  0.2
  0.2  0.7  0.5  0.5  0.0  0.0  0.0  0.0  0.0  0.7  0.3  0.3  1.8  1.6  0.0
  7.0  0.2  0.2  7.3  2.0  0.0  2.6  4.1  0.0  0.0  0.0  0.0  0.0  0.0  0.0
  0.0  0.2  0.0  0.0  0.0  0.0  0.0 10.7  3.4  4.4 11.4 14.3  2.0  2.8  8.0
  3.1  1.1  1.5  3.4  0.3  1.0  2.0 23.4 12.4 21.8  2.4  5.5  8.9  3.3  0.0
    -10.31      5.00      5.08     -3.21      3.11  1.1  0.0  0.5  0.0  0.0
                                     4000_story_1343_llm.txt 37.3  4.6 3261
 11.0  6.7  0.3 43.9  3.7  0.3  1.8  2.5 57.7  7.7  0.6  2.5  0.3  3.4  0.0
  0.9  0.0  3.4 17.5  0.9  1.2268.3 90.8 31.3 86.2 33.1 13.5  9.5  1.8  5.8
  1.8  0.3 36.2  3.4  6.7 32.5  6.4  4.6  3.7  1.5  2.8  1.8  5.8  7.1  0.6
  5.5 10.4  2.5  2.1  5.5 10.7 32.2 13.2  0.9  9.5 61.0 94.4  2.5153.6  9.2
  1.2  0.0  0.0  0.0  0.0  0.0  0.0  0.0  0.0  0.0  0.0  0.0  0.0  0.0  0.0
  0.0  0.0  0.0  5.5  0.3  2.5  0.6  0.0  0.0  0.3  0.0  0.0  0.3  0.0  0.0
  0.3  0.9  0.6  0.0  0.3  0.3  0.0  0.0  0.0  0.0  0.6  0.0  1.5  0.0  0.0
  8.9  0.3  0.3  9.5  1.8  0.6  2.5  2.1  0.0  0.0  0.0  0.0  0.0  0.0  0.0
  0.0  1.2  0.0  0.0  0.0  0.0  0.0  6.1  3.7  2.5  7.4 16.9  1.8  4.6  4.0
  1.8  0.9  0.9  0.6  0.3  0.6  0.3 18.4 18.7 15.9  2.5  4.6  7.4  2.5  0.0
     -4.83      2.93      4.47     -1.58      3.34  0.6  0.3  0.3  0.0  0.0
                                     4000_story_1345_llm.txt 35.5  4.8 2309
  8.2  2.6  0.4 35.9  1.7  0.0  2.6  0.4 37.2 15.6  1.3  0.4  0.9  3.0  0.4
  0.9  0.0  2.6 22.5  0.4  1.3247.3105.2 52.4 89.6 28.2 19.5  5.2  3.5  2.6
  1.3  2.2 53.3  6.5  7.8 40.7  8.7  1.7  1.3  0.0  3.0  3.5  4.3  7.4  0.4
  3.0  6.1  3.5  4.3  7.4  7.4 31.2 10.8  0.4  7.4 80.1 67.1  1.7145.5  3.9
  2.2  0.0  0.0  0.0  0.0  0.0  0.0  0.0  0.0  0.0  0.0  0.0  0.0  0.0  0.0
  0.0  0.0  0.0  0.9  1.3  1.7  1.7  0.0  0.0  0.0  0.0  0.0  0.4  0.0  0.9
  0.9  0.0  0.4  0.9  0.0  0.4  0.0  0.0  0.0  0.0  0.0  0.0  0.9  4.3  0.0
  5.6  0.0  0.4  6.1  3.0  0.4  3.5  5.2  0.0  0.0  0.0  0.0  0.0  0.0  0.0
  0.4  0.4  0.0  0.0  0.0  0.0  0.0 12.6  6.9  2.6 16.5 19.9  2.2  3.5 10.4
  1.3  3.0  1.3  2.2  0.9  3.0  0.9 20.4 12.6 10.8  0.0  6.5 10.0  3.5  0.0
     -8.33      3.18      3.53     -2.94      1.51  0.4  0.0  0.0  0.0  0.0
                                     4000_story_1346_llm.txt 36.0  4.8 3168
 11.7  3.2  9.5 31.6  2.2  0.0  0.9  1.9 18.3 12.0  1.3  1.3  0.0  1.3  0.6
  1.3  0.3  3.2 18.6  0.9  0.9301.8 97.2 41.0101.6 50.8 13.9 13.6  1.6  4.4
  0.6  2.2 40.7  5.1  6.9 34.7  6.6  3.8  1.9  0.9  2.5  1.9  2.8 10.7  1.6
  5.4  7.9  3.8  3.2  4.7  9.5 30.9 17.7  1.3  6.6 75.8 71.3  1.6152.8  5.7
  1.3  0.3  0.0  0.0  0.0  0.0  0.0  0.0  0.0  0.0  0.0  0.0  0.0  0.0  0.0
  0.0  0.0  0.0  2.2  1.3  1.9  1.6  0.3  0.0  0.3  0.0  0.3  0.0  0.0  0.0
  0.9  0.0  0.3  0.0  0.0  0.0  0.0  0.0  0.0  0.0  0.6  0.0  1.9  0.6  0.0
  6.9  0.6  0.3  7.9  1.3  0.0  1.3  3.2  0.0  0.0  0.0  0.0  0.0  0.0  0.0
  0.0  0.0  0.0  0.0  0.0  0.0  0.0 13.6  3.8  1.6  8.5 18.3  5.1  4.4  7.9
  3.2  2.8  3.2  2.8  0.0  0.6  0.3 28.4 20.5 16.1  2.2  6.9  6.9  4.7  0.0
     -9.62      5.06      2.87     -2.70      2.72  0.0  0.0  0.0  0.0  0.0
                                     4000_story_1348_llm.txt 34.0  4.7 6440
  9.6  2.2  7.3 43.9  9.8  1.2  2.3  0.6 12.6 14.0  0.6  0.6  0.3  2.8  1.2
  0.5  0.9  3.7 13.0  0.2  0.5272.5 93.0 36.0 94.1 53.1 16.5  9.0  2.5  3.7
  1.4  1.4 37.7  7.1 10.1 34.6  5.4  2.3  2.3  1.4  0.8  3.1  3.6  8.5  0.8
  3.6  5.4  3.4  2.2  5.7  6.8 21.9 12.9  1.1  7.6 69.1 75.5  1.6152.6  4.5
  1.4  0.0  0.0  0.0  0.0  0.0  0.0  0.0  0.0  0.0  0.0  0.0  0.0  0.0  0.0
  0.0  0.0  0.0  3.1  0.5  1.6  0.9  0.0  0.0  0.0  0.2  0.0  0.2  0.0  1.2
  0.2  0.2  0.9  0.3  0.0  0.6  0.2  0.0  0.0  0.5  0.6  0.3  2.2  1.6  0.0
  6.1  0.0  0.3  6.4  2.8  0.8  4.0  4.7  0.0  0.0  0.0  0.0  0.0  0.0  0.0
  0.5  0.5  0.0  0.0  0.0  0.0  0.0 16.6  3.6  2.8  7.0 21.4  2.0  3.7  6.1
  2.3  2.3  0.0  1.7  0.0  0.3  0.5 26.1 16.9 16.8  1.4  4.3  9.9  4.0  0.0
     -7.71      4.56      1.73     -3.05      1.65  0.2  0.0  0.0  0.0  0.0
                                     4000_story_1354_llm.txt 36.8  4.7 3592
 12.0  2.2  3.1 27.6  0.0  0.6  1.9  0.3 17.5  9.5  0.3  1.1  0.3  2.8  0.3
  0.0  0.0  3.6 22.0  0.3  0.0271.7 98.3 39.8106.6 62.4 13.9  9.2  2.8  4.2
  0.8  1.4 50.1  7.8  7.5 35.6  3.6  2.5  1.9  1.9  0.6  3.9  6.1 14.5  1.7
  2.2  8.9  7.5  4.2  4.5  6.7 35.4 18.4  0.3  7.8 66.8 79.9  1.9151.2  6.1
  1.4  0.0  0.0  0.0  0.0  0.0  0.0  0.0  0.0  0.0  0.0  0.0  0.0  0.0  0.0
  0.0  0.0  0.0  3.3  0.8  2.5  1.7  0.0  0.0  0.0  0.0  0.0  0.3  0.0  0.6
  0.0  0.3  1.1  0.3  0.0  0.6  0.0  0.0  0.0  0.0  0.6  0.3  1.9  0.8  0.0
  8.4  0.0  0.3  8.6  2.2  0.6  2.8  3.6  0.0  0.0  0.0  0.0  0.0  0.0  0.0
  0.3  0.3  0.0  0.0  0.3  0.3  0.3 13.1  5.6  3.6 11.4 15.0  3.1  5.3  6.7
  4.2  0.8  0.6  1.4  1.1  1.1  2.8 26.2 19.8 17.5  3.3  3.6  9.7  4.7  0.0
    -10.57      4.93      2.99     -2.67      4.40  1.7  0.3  0.0  0.0  0.0
                                     4000_story_1357_llm.txt 36.0  4.5 4064
 14.5  6.2 16.5 52.4 14.8  0.5  2.7  0.7 18.5 10.3  0.5  2.2  0.0  5.9  1.2
  0.2  0.2  4.4 14.8  0.2  2.2252.2 87.6 34.0 93.8 62.0 12.3  5.2  2.0  3.2
  0.5  1.5 27.3  7.1 12.5 38.6  6.2  5.7  0.7  1.7  0.5  2.5  3.4  6.2  1.0
  3.7  4.9  4.2  2.7  5.4 10.6 25.1 10.8  0.5  5.7 79.0 95.2  1.7159.9  4.4
  2.2  0.0  0.0  0.0  0.0  0.0  0.0  0.0  0.0  0.0  0.0  0.0  0.0  0.0  0.0
  0.0  0.0  0.0  2.0  0.2  5.7  2.2  1.5  0.0  0.0  0.0  0.0  0.0  0.0  0.5
  1.0  0.5  0.2  0.5  0.0  0.2  1.2  0.0  0.0  0.5  0.0  0.2  2.2  2.2  0.0
 10.1  1.5  0.0 11.6  2.7  1.5  4.7  4.7  0.0  0.0  0.0  0.0  0.0  0.0  0.0
  1.2  1.2  0.0  0.0  0.0  0.0  0.0 12.1  3.2  2.5  7.9 22.1  3.2  3.9  7.4
  1.5  2.7  1.7  3.4  0.2  0.2  0.5 34.4 13.5 21.4  1.0  5.2 10.6  5.9  0.0
     -1.62      3.43     -1.30     -3.02      1.41  0.5  0.2  0.0  0.0  0.0
                                     4000_story_1361_llm.txt 33.8  4.8 7000
 12.1  3.3 10.6 47.4 15.3  0.9  2.9  0.6 21.0 14.4  0.9  0.4  0.0  2.0  0.6
  0.7  0.4  5.3 12.4  0.7  1.6273.6 95.9 42.0 91.6 60.0 12.4 14.9  2.4  2.4
  1.4  2.1 51.9  7.3  6.0 32.0  6.4  4.6  3.0  1.9  1.0  2.3  4.3  4.3  2.0
  3.4  3.7  4.3  2.4  4.6 10.9 20.6  9.7  1.1  6.3 68.3 96.3  2.3151.4  4.6
  1.1  0.3  0.0  0.0  0.0  0.0  0.0  0.0  0.0  0.0  0.0  0.0  0.0  0.0  0.0
  0.0  0.0  0.0  4.3  0.3  1.9  1.9  0.1  0.1  0.0  0.0  0.0  0.1  0.1  0.4
  0.1  0.7  0.9  0.6  0.0  0.3  0.0  0.0  0.0  0.4  0.4  0.0  1.4  1.6  0.0
  8.3  0.3  0.3  8.9  2.7  0.3  3.4  3.4  0.0  0.0  0.0  0.0  0.0  0.0  0.0
  0.4  0.7  0.0  0.0  0.0  0.0  0.0  9.3  5.9  2.9 11.1 15.3  5.3  3.6  5.7
  2.0  0.9  1.7  0.6  0.1  1.0  2.1 25.7 25.6 16.4  2.0  4.1  8.3  3.9  0.0
     -7.45      5.09      3.65     -2.31      2.35  1.0  0.1  0.1  0.1  0.0
                                     4000_story_1363_llm.txt 36.3  4.6 3359
 13.7  2.4  1.2 31.9  2.4  0.0  0.6  0.0  4.2 17.9  0.9  0.9  0.0  5.1  0.6
  1.2  0.0  7.4 23.2  0.3  2.4250.1101.5 41.4 93.2 53.6 15.8  4.2  1.5  3.3
  1.5  3.6 27.7 11.0 12.5 31.6  5.1  2.1  2.1  3.0  0.0  2.1  3.9  5.4  0.0
  4.2  6.5  0.9  3.9  4.8  9.5 37.2  9.5  0.3  6.3 75.6 60.1  1.5147.4  8.3
  3.6  0.3  0.0  0.0  0.0  0.0  0.0  0.0  0.0  0.0  0.0  0.0  0.0  0.0  0.0
  0.0  0.0  0.0  0.9  0.3  1.8  1.2  0.0  0.0  0.0  0.0  0.0  0.0  0.0  0.3
  0.0  0.0  0.9  1.2  0.0  0.3  0.0  0.0  0.0  0.0  0.0  0.0  2.4  0.6  0.0
  4.2  0.0  0.0  4.2  2.4  0.3  2.7  3.0  0.0  0.0  0.0  0.0  0.0  0.0  0.0
  0.3  0.0  0.0  0.0  0.0  0.0  0.0 11.9  1.8  2.1  6.3 30.4  3.3  3.0  9.2
  4.2  3.0  0.9  2.7  0.0  0.9  0.9 32.2  9.8 14.9  1.5  6.0  9.2  4.2  0.0
     -5.30      3.53     -0.53     -3.25      0.95  0.0  0.3  0.3  0.0  0.0
                                     4000_story_1369_llm.txt 35.3  4.9 2535
 12.6  2.4  2.8 33.9  3.2  0.0  0.4  0.8 31.2 11.4  0.0  0.8  0.0  2.0  0.4
  0.4  0.8  6.7 19.7  1.2  0.8258.4110.1 50.5 88.8 46.5 13.0  6.3  3.9  2.8
  1.6  2.0 55.2  3.9  7.1 41.8  3.9  1.6  1.6  0.4  0.0  2.4  3.2  8.7  2.4
  3.2  3.6  3.2  5.1  7.9  8.3 26.4 14.2  2.0  8.3 82.8 80.9  2.0138.9  6.3
  2.0  0.4  0.0  0.0  0.0  0.0  0.0  0.0  0.0  0.0  0.0  0.0  0.0  0.0  0.0
  0.0  0.0  0.0  0.8  1.6  0.8  1.2  0.0  0.0  0.4  0.0  0.0  0.0  0.0  0.0
  0.0  0.4  0.0  0.8  0.0  0.4  0.0  0.0  0.0  0.4  1.2  0.0  4.3  2.0  0.0
  4.3  0.4  0.0  4.7  1.2  0.4  2.0  7.5  0.0  0.0  0.0  0.0  0.0  0.0  0.0
  0.0  0.4  0.0  0.0  0.0  0.0  0.0  9.9  7.1  2.8 11.0 15.0  2.8  6.7  5.5
  1.2  1.2  1.6  0.4  0.0  0.8  1.2 24.5 11.8 17.8  0.8  5.1 14.2  1.6  0.0
     -8.38      2.93      5.08     -4.59      2.50  0.8  0.0  0.0  0.0  0.0
                                     4000_story_1375_llm.txt 33.5  4.6 4535
 12.6  5.3  7.3 60.0 10.1  0.7  4.6  1.5 33.5 16.3  0.7  3.7  0.0  6.0  0.0
  1.3  0.4  3.1 18.3  1.1  1.1271.0 75.4 26.5 94.2 39.3 14.3 19.2  0.9  5.3
  0.2  1.3 36.6  5.1  9.3 29.8  6.4  4.6  4.9  1.1  1.5  1.1  6.4  6.4  0.7
  2.9  5.7  4.0  1.5  6.2  9.3 30.2  9.9  1.5  6.4 55.3 82.9  2.0166.7  4.6
  1.1  0.4  0.0  0.0  0.0  0.0  0.0  0.0  0.0  0.0  0.0  0.0  0.0  0.0  0.0
  0.0  0.0  0.0  5.7  0.9  2.2  1.3  0.0  0.2  0.0  0.0  0.0  0.0  0.0  0.4
  0.4  1.1  0.9  0.2  0.0  0.4  0.0  0.0  0.2  1.3  0.4  0.2  3.1  0.0  0.0
 10.1  0.2  0.0 10.4  3.1  0.7  5.1  3.7  0.0  0.0  0.0  0.0  0.0  0.0  0.0
  0.7  0.2  0.0  0.0  0.0  0.0  0.2  8.6  3.7  1.5  8.2 15.0  1.1  4.2  6.0
  1.5  0.4  0.2  0.2  0.2  0.4  0.7 28.4 31.1 18.3  2.2  4.2  5.3  3.3  0.0
      0.88      5.42      1.51     -2.26      2.77  0.2  0.0  0.2  0.0  0.0
                                     4000_story_1380_llm.txt 36.3  4.5 3833
 16.4  3.7 12.5 50.6 10.7  0.5  2.1  0.8 21.4 12.0  1.0  1.3  0.0  3.7  1.0
  1.0  1.6  5.0 15.9  0.5  1.0265.8 87.7 41.5 96.0 64.2 12.3  8.6  0.8  2.1
  1.6  0.8 31.0  5.5 11.2 39.4  6.3  4.4  1.8  1.6  1.0  2.3  4.7  7.0  2.1
  5.0  4.7  1.8  2.3  7.3 10.4 24.3 14.1  2.1  4.4 77.7 96.3  1.8165.1  6.8
  2.3  0.8  0.0  0.0  0.0  0.0  0.0  0.0  0.0  0.0  0.0  0.0  0.0  0.0  0.0
  0.0  0.0  0.0  1.6  0.3  3.1  1.8  0.0  0.0  0.3  0.0  0.0  0.0  0.0  0.3
  0.3  0.8  0.5  0.5  0.0  0.3  0.3  0.0  0.0  0.3  0.0  0.0  3.1  0.8  0.0
  6.8  0.3  0.0  7.0  2.3  0.5  3.1  3.9  0.0  0.0  0.0  0.0  0.0  0.0  0.0
  0.8  0.5  0.0  0.0  0.0  0.0  0.3 14.6  4.4  2.3  9.7 18.8  2.3  4.4  7.8
  1.6  2.1  1.0  1.0  0.5  0.0  1.0 31.6 16.2 21.1  2.9  6.0  7.6  6.3  0.0
     -2.34      4.24     -0.76     -2.81      3.58  0.3  0.0  0.0  0.5  0.0
                                     4000_story_1386_llm.txt 35.5  5.0 3122
 10.2  1.3  0.3 25.0  3.8  0.3  1.3  0.6  3.5 11.5  0.0  0.6  0.3  2.9  0.6
  0.3  0.3  3.8 20.2  0.6  0.0302.4 99.3 48.7 90.6 43.6 12.8  8.3  4.2  3.2
  2.2  2.9 54.1  5.8  5.1 23.4  9.9  1.0  0.6  0.3  1.6  2.9  2.6 11.9  2.6
  4.8  5.8  4.5  1.3  2.9  6.4 29.8 19.2  1.0  9.6 75.6 50.9  1.3139.3  5.4
  1.0  0.0  0.0  0.0  0.0  0.0  0.0  0.0  0.0  0.0  0.0  0.0  0.0  0.0  0.0
  0.0  0.0  0.0  2.9  0.6  2.2  1.6  0.0  0.0  0.0  0.0  0.0  0.0  0.0  0.0
  1.3  0.6  1.0  1.0  0.3  0.6  0.0  0.0  0.0  0.0  0.6  0.0  1.0  0.6  0.0
  7.4  0.0  0.0  7.4  3.8  1.0  4.8  2.2  0.0  0.0  0.0  0.0  0.0  0.0  0.0
  0.0  0.0  0.0  0.0  0.0  0.0  0.0 10.2  3.5  1.9  6.4 23.7  0.6  2.6  6.4
  1.6  1.9  1.6  1.9  0.3  0.6  1.9 18.6 11.2 16.0  1.6  3.8  6.4  3.5  0.0
    -12.61      3.20      7.41     -4.11      3.29  0.6  0.3  0.0  0.0  0.0
                                     4000_story_1393_llm.txt 33.8  4.4 1929
 15.0  4.1  4.7 42.5  9.3  0.5  1.6  2.1 27.5 11.9  1.0  0.5  0.0  4.7  1.6
  1.0  0.5  4.1  9.8  1.0  2.6257.1 87.1 33.7110.4 57.5 15.6 10.9  1.0  1.6
  0.0  1.6 25.9  7.8 11.9 37.3  6.7  4.7  4.1  1.0  1.0  1.0  5.7  5.2  0.5
  1.0  4.1  2.6  3.6  6.2  9.8 17.1  6.7  1.6  2.6 66.4 94.3  2.6169.0  7.8
  0.0  1.0  0.0  0.0  0.0  0.0  0.0  0.0  0.0  0.0  0.0  0.0  0.0  0.0  0.0
  0.0  0.0  0.0  3.6  1.0  1.6  2.6  1.0  0.0  0.0  0.0  0.0  0.0  0.0  1.6
  0.0  1.0  0.5  0.5  0.0  0.0  0.0  0.0  0.0  0.5  0.5  0.0  4.1  0.0  0.0
  8.8  1.0  0.0  9.8  3.6  0.0  4.1  4.7  0.0  0.0  0.0  0.0  0.0  0.0  0.0
  0.5  0.0  0.0  0.0  0.0  0.0  0.5 10.4  2.6  0.5  7.8 27.0  1.6  4.7  8.8
  2.1  0.5  1.0  1.0  1.0  0.5  1.0 42.0 20.7 19.2  0.0  8.3  9.8  8.3  0.0
     -3.52      5.47     -3.11     -2.78      1.46  3.1  0.0  0.5  0.0  0.0
                                     4000_story_1399_llm.txt 35.5  4.7 4116
 10.2  3.2  4.4 47.9  2.4  0.2  2.4  0.7 23.3 15.3  1.2  2.7  0.2  2.7  0.2
  0.2  0.7  5.8 17.5  0.7  1.9254.6 92.6 46.2 81.4 52.2 16.5  9.5  2.7  4.6
  1.2  1.0 38.4  4.4  6.1 33.0  6.3  5.8  4.1  1.9  1.9  3.6  3.2  8.5  1.2
  3.6  7.8  2.2  2.7  5.1 13.6 30.9 13.4  1.5  8.5 80.2 78.0  0.7146.0  4.1
  3.4  0.0  0.0  0.0  0.0  0.0  0.0  0.0  0.0  0.0  0.0  0.0  0.0  0.0  0.0
  0.0  0.0  0.0  1.7  0.7  1.5  2.4  0.0  0.0  0.2  0.0  0.0  0.0  0.0  0.5
  0.0  0.5  1.5  0.5  0.2  1.0  0.0  0.0  0.0  0.2  0.2  0.2  1.9  0.7  0.0
  6.3  0.2  0.0  6.6  2.9  1.2  4.4  3.2  0.0  0.0  0.0  0.0  0.0  0.0  0.0
  0.0  0.5  0.0  0.0  0.0  0.0  0.0 13.8  5.3  3.2 11.2 20.4  1.5  5.1  4.6
  0.7  2.2  2.2  1.2  0.0  1.5  1.0 24.1 16.8 20.7  1.2  5.8 10.2  4.6  0.0
     -5.02      4.20      4.07     -0.62      1.75  0.5  0.0  0.2  0.0  0.0
                                     4000_story_1402_llm.txt 38.0  5.0 4043
  6.2  2.5  0.5 33.4  6.9  0.0  1.2  1.7 12.6 15.8  0.5  0.5  1.0  3.0  0.2
  0.2  0.2  4.2 18.6  0.0  0.7270.8102.4 50.2 94.0 50.5 16.1 10.9  3.5  2.7
  0.7  2.0 47.2  7.4  4.2 34.1  6.4  3.5  1.7  2.5  1.2  2.0  5.4  6.2  1.5
  5.7  9.9  2.5  3.7  1.2  8.9 33.4 13.4  0.2  6.9 81.6 70.0  1.0146.4  7.2
  2.7  0.0  0.0  0.0  0.0  0.0  0.0  0.0  0.0  0.0  0.0  0.0  0.0  0.0  0.0
  0.0  0.0  0.0  3.5  0.7  0.5  2.5  0.5  0.0  0.0  0.0  0.0  0.0  0.0  0.5
  0.5  0.2  1.5  1.5  0.0  0.2  0.0  0.0  0.7  1.2  0.7  0.2  1.0  1.0  0.0
  7.2  0.5  0.0  7.7  4.2  1.0  6.4  3.0  0.0  0.0  0.0  0.0  0.0  0.0  0.0
  0.2  0.0  0.0  0.0  0.0  0.0  0.0  7.2  5.4  2.7  8.2 22.0  2.0  5.9  4.5
  1.7  0.7  3.7  2.5  0.0  1.0  1.5 19.3 17.8 11.6  3.0  8.4  9.9  4.7  0.0
    -11.09      4.71      3.76     -2.72      3.69  0.0  0.0  0.0  0.2  0.0
                                     4000_story_1405_llm.txt 38.0  4.8 6350
 12.3  2.7  0.6 52.6  7.9  0.3  1.1  1.3 18.6 17.3  1.1  0.6  0.2  2.5  0.9
  0.6  0.3  7.2 18.3  0.3  0.8257.0 97.3 43.0 74.0 59.7 15.1  7.4  3.1  3.5
  1.7  2.0 50.2  6.0  6.6 35.1 10.7  4.6  1.7  3.3  1.7  2.8  5.0  5.8  1.3
  4.1  8.8  4.6  3.0  3.9 13.5 33.1 11.2  0.6  8.3 72.8 86.1  1.6146.8  3.3
  2.0  0.0  0.0  0.0  0.0  0.0  0.0  0.0  0.0  0.0  0.0  0.0  0.0  0.0  0.0
  0.0  0.0  0.0  2.5  1.3  1.9  2.8  0.0  0.0  0.0  0.0  0.0  0.0  0.2  0.3
  0.3  0.8  1.6  1.6  0.0  0.0  0.0  0.2  0.0  0.8  0.2  0.3  2.0  0.9  0.0
  8.5  0.0  0.2  8.7  4.6  0.2  5.5  3.5  0.0  0.0  0.0  0.0  0.0  0.0  0.0
  0.0  0.0  0.0  0.0  0.0  0.0  0.0 11.0  3.3  2.0 10.4 15.6  3.1  2.5  4.6
  1.4  1.3  2.7  0.6  0.2  1.1  1.6 19.8 14.0 20.0  1.9  5.0  9.4  5.2  0.0
     -6.64      3.64      4.73     -1.50      2.70  0.8  0.0  0.0  0.0  0.0
                                     4000_story_1412_llm.txt 36.0  4.6 3418
 12.9  4.1  0.3 48.3  8.2  0.6  1.2  0.9 48.9 10.8  0.6  2.6  0.0  1.2  0.9
  0.6  0.6  7.0 22.2  0.6  1.5237.6 96.3 39.8 90.7 57.1 16.1  6.7  1.2  2.9
  1.5  0.9 44.8  7.0  6.7 40.4  6.4  4.7  2.3  2.6  1.2  2.0  4.4  5.9  1.8
  2.0 10.2  2.0  1.8  4.1 12.9 38.6  9.7  1.2  5.6 75.5114.1  1.8155.6  3.8
  2.3  0.0  0.0  0.0  0.0  0.0  0.0  0.0  0.0  0.0  0.0  0.0  0.0  0.0  0.0
  0.0  0.0  0.0  2.0  1.5  2.6  1.2  0.0  0.0  0.0  0.0  0.0  0.0  0.0  0.6
  0.6  0.6  0.3  0.3  0.0  0.0  0.0  0.0  0.0  1.5  0.6  0.0  1.8  0.6  0.0
  7.3  0.0  0.0  7.3  2.3  0.0  3.8  2.9  0.0  0.0  0.0  0.0  0.0  0.0  0.0
  0.0  0.0  0.0  0.0  0.0  0.0  0.0 10.2  3.5  5.0  8.8 17.0  4.4  3.5  6.7
  1.8  1.8  2.6  1.5  0.6  0.9  0.0 21.9 16.1 19.9  0.9 11.1  9.4  3.5  0.0
     -2.79      4.13      1.61     -2.16      2.01  0.3  0.0  0.0  0.0  0.0
                                     4000_story_1414_llm.txt 38.3  4.7 1963
  8.7  3.6  2.0 42.8 11.2  0.5  1.5  1.0 10.2 18.3  1.0  0.0  1.5  1.5  0.5
  0.0  0.0  5.1 17.3  1.0  0.0259.3106.5 51.5 84.6 64.2 18.3  9.7  4.1  3.1
  1.5  2.0 46.4 10.7  9.7 38.2  7.6  3.1  1.0  3.6  0.5  4.1  3.6  3.1  1.0
  5.1  9.7  1.0  2.0  3.1  8.7 32.6  9.2  1.0  8.7 78.5 85.6  1.0145.2  3.6
  2.0  0.0  0.0  0.0  0.0  0.0  0.0  0.0  0.0  0.0  0.0  0.0  0.0  0.0  0.0
  0.0  0.0  0.0  3.1  0.5  0.0  3.1  0.0  0.0  0.0  0.0  0.0  0.0  0.0  0.0
  0.0  0.0  1.5  2.5  0.0  1.0  0.0  0.0  0.0  0.5  0.0  0.0  2.5  1.0  0.0
  6.6  0.0  0.0  6.6  4.1  1.0  5.6  3.6  0.0  0.0  0.0  0.0  0.0  0.0  0.0
  0.0  0.0  0.0  0.0  0.0  0.0  0.0 18.3  0.5  3.1  5.6 23.4  6.1  4.1  5.1
  6.6  2.5  1.5  1.0  0.5  0.5  0.5 21.4 16.3 10.2  2.5  5.6 14.8  2.5  0.0
     -9.00      5.23      2.19     -2.06      1.49  0.0  0.0  0.0  0.0  0.0
                                     4000_story_1418_llm.txt 36.8  4.8 4848
  7.4  3.3  0.4 39.2  5.6  0.6  1.9  1.4 10.1 12.0  0.8  1.7  0.4  2.1  0.0
  0.0  0.6  4.7 16.9  0.0  0.8279.3101.5 51.8 82.7 51.6 16.1  8.5  3.1  3.9
  0.4  2.3 40.6  5.0  8.3 33.0  5.4  4.5  1.7  0.8  1.4  4.7  3.3  7.2  2.1
  5.0  9.7  3.9  2.5  3.9 10.7 31.4 14.2  0.6  7.4 84.8 67.2  1.4140.3  5.2
  1.9  0.0  0.0  0.0  0.0  0.0  0.0  0.0  0.0  0.0  0.0  0.0  0.0  0.0  0.0
  0.0  0.0  0.0  2.9  0.6  1.9  1.0  0.2  0.0  0.0  0.0  0.0  0.0  0.0  0.6
  0.2  0.2  0.8  0.4  0.0  0.4  0.0  0.2  0.0  0.0  0.0  0.0  1.9  1.4  0.0
  6.4  0.2  0.0  6.6  2.3  0.6  2.9  3.3  0.0  0.0  0.0  0.0  0.0  0.0  0.0
  0.0  0.2  0.0  0.0  0.0  0.0  0.0 10.5  2.5  1.0 10.5 17.1  2.9  6.8  4.5
  3.5  2.1  3.1  1.7  0.4  1.4  0.6 25.4 13.2 14.6  1.2  7.6 10.5  4.5  0.0
    -10.86      3.95      3.07     -2.03      2.71  1.0  0.0  0.0  0.0  0.0
                                     4000_story_1420_llm.txt 35.3  4.8 4508
 10.2  1.1  0.0 47.5  2.2  0.0  0.9  0.7 61.4  8.4  0.9  1.3  0.2  2.7  0.0
  0.4  0.9  8.4 20.0  0.4  0.4234.7106.9 41.3 76.5 58.6 14.0  3.8  3.1  3.1
  1.3  0.7 64.3  4.2  5.3 39.3  5.1  4.4  2.7  5.3  2.0  3.8  6.4  9.1  1.1
  3.3  8.0  2.7  3.3  4.7 14.9 35.3 13.5  1.3  7.5 70.1122.2  1.8137.1  2.7
  2.9  0.0  0.0  0.0  0.0  0.0  0.0  0.0  0.0  0.0  0.0  0.0  0.0  0.0  0.0
  0.0  0.0  0.0  1.3  0.7  1.6  1.8  0.0  0.0  0.0  0.0  0.0  0.0  0.0  0.2
  0.4  0.2  0.4  0.9  0.0  0.0  0.0  0.0  0.0  0.0  0.2  0.7  3.8  0.9  0.0
  5.3  0.0  0.0  5.3  2.2  0.0  2.2  5.5  0.0  0.0  0.0  0.0  0.0  0.0  0.0
  0.0  0.2  0.0  0.0  0.0  0.0  0.0  5.5  3.3  4.4 10.0 16.4  3.8  4.2  6.7
  1.6  1.1  0.7  0.9  0.9  1.1  1.1 21.7 12.4 13.1  1.8  7.1 10.9  3.5  0.0
     -5.89      2.78      5.28      0.19      3.70  0.9  0.4  0.0  0.0  0.0
                                     4000_story_1434_llm.txt 35.5  5.0 5390
  4.5  0.9  0.9 27.3  0.0  0.0  0.9  1.1 11.7 15.4  0.2  1.5  0.2  3.7  0.6
  1.3  0.0  5.0 25.4  0.2  1.5278.1115.4 51.8 80.5 25.2 14.7  2.0  3.0  4.5
  2.2  2.0 59.7  6.1  9.5 34.0  8.5  1.5  1.5  2.0  0.6  4.3  4.1  7.6  1.9
  5.9  6.9  1.5  3.7  3.3  7.1 37.8 15.4  0.2  9.6 83.3 36.9  1.7135.6  8.5
  2.8  0.0  0.0  0.0  0.0  0.0  0.0  0.0  0.0  0.0  0.0  0.0  0.0  0.0  0.0
  0.0  0.0  0.0  0.6  1.1  0.7  2.0  0.0  0.0  0.0  0.0  0.0  0.0  0.0  0.2
  0.2  1.3  1.1  1.5  0.0  0.6  0.0  0.0  0.0  0.6  0.6  0.0  1.7  0.7  0.0
  4.5  0.0  0.0  4.5  4.3  0.6  5.4  3.0  0.0  0.0  0.0  0.0  0.0  0.0  0.0
  0.0  0.2  0.0  0.0  0.0  0.0  0.0  5.2  4.6  1.9  9.8 11.9  3.5  4.3 14.1
  3.3  1.9  1.7  1.1  0.2  1.9  2.2 24.1  8.3 11.1  2.0  6.9  9.8  3.9  0.0
    -10.63      1.24      5.41     -2.87      3.42  0.6  0.0  0.0  0.0  0.0
                                     4000_story_1446_llm.txt 37.8  4.7 3193
 11.6  5.0  0.9 50.4  6.9  0.6  1.6  0.0 38.5 15.3  0.3  1.9  0.3  2.8  0.3
  0.9  0.9  4.7 14.1  0.3  1.3260.6 94.9 35.1 88.9 49.2 12.5  9.1  1.9  3.4
  1.3  2.2 40.1  7.5  6.9 27.6  5.6  3.8  0.6  0.3  0.9  2.5  2.8  3.1  0.3
  3.8  7.5  2.5  3.1  2.5  9.4 26.0  7.2  1.3  6.6 70.8 94.6  1.3154.4  6.9
  1.3  0.0  0.0  0.0  0.0  0.0  0.0  0.0  0.0  0.0  0.0  0.0  0.0  0.0  0.0
  0.0  0.0  0.0  3.1  0.6  2.2  1.9  0.0  0.0  0.3  0.0  0.0  0.0  0.0  0.3
  0.0  0.3  0.6  1.3  0.0  0.0  0.3  0.0  0.0  0.0  0.0  0.3  1.6  1.3  0.0
  7.8  0.3  0.0  8.1  2.5  0.3  2.8  3.1  0.0  0.0  0.0  0.0  0.0  0.0  0.0
  0.0  0.0  0.0  0.0  0.0  0.0  0.0  6.9  2.8  1.3  7.2 19.1  6.3  3.4  7.5
  0.6  1.6  0.0  1.6  0.0  0.9  0.3 25.1 16.3 15.3  1.6  4.4  9.1  4.1  0.0
     -4.94      3.47      2.80     -3.92      0.06  0.0  0.0  0.0  0.3  0.0
                                     4000_story_1474_llm.txt 36.3  4.7 3803
 11.8  3.7  0.5 33.9  8.9  0.0  0.8  1.3  7.6 12.4  2.1  0.5  0.3  2.6  1.1
  0.5  0.3  5.3 21.6  0.0  0.8265.6101.5 42.9 87.8 62.3 20.5  6.6  3.9  3.4
  1.6  2.1 42.9  6.0 10.5 35.0  6.6  4.7  2.1  1.3  0.8  1.8  3.7  5.5  0.5
  5.5  8.9  2.6  2.9  3.9 10.8 34.4 11.6  0.3  8.9 75.5 78.9  1.3140.4  4.2
  2.1  0.0  0.0  0.0  0.0  0.0  0.0  0.0  0.0  0.0  0.0  0.0  0.0  0.0  0.0
  0.0  0.0  0.0  1.6  0.5  2.6  1.3  0.0  0.0  0.0  0.0  0.0  0.0  0.0  1.1
  0.3  0.0  1.1  0.8  0.0  0.0  0.0  0.0  0.0  0.3  0.3  0.3  0.8  1.3  0.0
  6.0  0.0  0.0  6.0  3.2  0.0  3.4  2.6  0.0  0.0  0.0  0.0  0.0  0.0  0.0
  0.0  0.0  0.0  0.0  0.0  0.0  0.0 10.8  1.6  2.6  8.7 22.9  3.9  4.5  9.5
  2.6  2.1  1.3  0.3  0.0  1.3  1.6 23.9 13.9 16.3  1.3  6.0 11.0  4.2  0.0
     -8.39      5.09      3.38     -3.09      1.70  0.3  0.0  0.0  0.0  0.0
                                     4000_story_1479_llm.txt 33.8  4.8 2488
 11.3  3.2  0.4 54.3  8.4  0.0  2.8  1.2 39.0 10.9  1.6  0.4  0.8  3.6  0.8
  1.6  0.4  8.0 20.1  0.4  0.4227.5106.5 51.8 63.9 38.2 21.3  6.0  5.2  3.6
  3.6  1.6 47.8  5.2  4.8 38.6 12.5  7.2  2.0  2.0  3.2  2.0  4.8  8.8  1.2
  3.6  8.0  2.0  3.6  5.2 18.5 32.2 13.7  0.8 12.5 80.0 85.6  2.0141.1  4.4
  1.6  0.0  0.0  0.0  0.0  0.0  0.0  0.0  0.0  0.0  0.0  0.0  0.0  0.0  0.0
  0.0  0.0  0.0  0.8  1.2  1.6  2.8  0.0  0.0  0.0  0.0  0.0  0.4  0.0  0.0
  0.0  0.8  1.2  1.2  0.0  0.8  0.0  0.8  0.0  0.0  0.0  0.0  2.8  1.2  0.0
  6.4  0.0  0.4  6.8  3.2  1.6  4.8  4.0  0.0  0.0  0.0  0.0  0.0  0.0  0.0
  0.0  0.0  0.0  0.0  0.0  0.0  0.0  8.0  4.8  3.2 10.0 12.1  5.2  6.0  4.8
  2.0  2.8  4.0  1.6  0.4  0.8  0.0 19.7 16.1 18.1  0.4 10.0  9.6  4.8  0.0
     -4.69      3.28      7.96     -0.99      2.82  1.6  0.0  0.4  0.0  0.0
                                     4000_story_1480_llm.txt 36.0  4.7 3456
  8.1  1.2  0.6 39.9 11.9  0.0  1.7  0.6 21.1 18.8  1.4  1.4  0.6  2.0  0.9
  1.2  1.2  4.3 22.3  0.3  0.6243.3 96.1 45.7 85.4 52.7 15.6  7.5  4.3  4.3
  2.6  2.3 48.6  7.2  7.2 36.7  6.9  3.5  1.4  3.2  1.4  2.0  5.5 10.4  1.7
  3.5  6.9  2.3  2.6  6.9  9.3 36.2 15.6  1.4 11.3 83.9 85.6  2.3141.2  2.6
  2.0  0.0  0.0  0.0  0.0  0.0  0.0  0.0  0.0  0.0  0.0  0.0  0.0  0.0  0.0
  0.0  0.0  0.0  1.4  1.2  1.7  2.0  0.0  0.0  0.0  0.0  0.3  0.3  0.0  0.3
  0.3  0.9  0.6  1.4  0.0  0.3  0.0  0.0  0.0  0.0  0.0  0.3  2.0  1.2  0.0
  6.4  0.0  0.6  6.9  3.5  0.3  3.8  3.5  0.0  0.0  0.0  0.0  0.0  0.0  0.0
  0.0  0.0  0.0  0.0  0.0  0.0  0.0  4.1  4.3  2.0  7.8 19.1  1.7  7.5  1.4
  2.9  2.3  2.6  0.6  0.0  2.0  0.6 20.3 15.0 15.9  0.6  5.5 11.6  5.2  0.0
     -4.85      3.82      6.02     -2.37      3.84  1.2  0.0  0.0  0.0  0.0
                                     4000_story_1483_llm.txt 35.5  4.7 3813
 14.7  3.7  0.5 50.6  3.1  0.3  1.6  0.5  7.1 10.5  1.0  1.8  0.3  3.1  0.8
  0.8  1.3  4.7 17.3  0.3  1.8245.5 91.8 40.9 77.1 87.1 15.5  2.9  1.3  3.7
  1.8  2.6 39.3  7.9  9.7 40.7  7.9  5.8  1.8  1.8  2.4  2.4  4.5  6.8  1.6
  3.4  9.2  2.1  3.7  3.7 12.9 32.8 11.8  1.6  6.8 74.5 97.3  2.9145.8  3.9
  1.6  0.3  0.0  0.0  0.0  0.0  0.0  0.0  0.0  0.0  0.0  0.0  0.0  0.0  0.0
  0.0  0.0  0.0  1.3  0.8  2.4  1.6  0.0  0.3  0.0  0.0  0.0  0.3  0.0  0.3
  0.8  1.0  0.8  0.5  0.0  0.0  0.0  0.0  0.0  0.0  0.0  0.0  2.4  1.8  0.0
  6.0  0.3  0.3  6.6  3.4  0.0  3.4  4.2  0.0  0.0  0.0  0.0  0.0  0.0  0.0
  0.0  0.5  0.0  0.0  0.0  0.0  0.0 11.5  2.6  3.1 13.4 22.8  2.9  6.8  6.8
  5.5  1.0  1.3  0.5  0.0  1.3  1.0 23.1  8.1 21.5  2.1  5.8 11.5  6.6  0.0
     -5.08      4.19      1.54     -1.74      2.50  0.0  0.0  0.0  0.3  0.0
                                     4000_story_1487_llm.txt 36.0  4.7 5422
 14.2  2.2  0.4 43.3  7.4  0.0  1.1  1.5 11.6  6.5  0.4  1.3  0.4  1.8  0.7
  0.6  0.4  5.3 16.8  0.6  0.7259.5 98.7 37.8 91.7 64.9 13.8  9.2  2.0  2.6
  1.5  2.6 39.5  7.4  9.6 34.9  5.7  4.8  1.8  1.1  1.8  3.5  4.2  8.1  1.8
  5.0  8.7  4.4  3.0  5.2 12.0 30.4 14.9  0.9  6.1 68.2 83.9  0.4155.7  4.4
  1.1  0.0  0.0  0.0  0.0  0.0  0.0  0.0  0.0  0.0  0.0  0.0  0.0  0.0  0.0
  0.0  0.0  0.0  2.2  0.7  2.0  1.1  0.0  0.2  0.0  0.0  0.0  0.0  0.0  0.2
  0.2  0.4  0.6  0.4  0.0  0.2  0.0  0.0  0.0  0.2  0.0  0.0  2.0  0.7  0.0
  6.1  0.2  0.0  6.3  1.7  0.2  2.0  2.8  0.0  0.0  0.0  0.0  0.0  0.0  0.0
  0.0  0.0  0.0  0.0  0.0  0.0  0.0 14.2  3.1  0.4  9.2 16.4  2.0  5.0  9.4
  2.6  1.1  3.1  0.9  0.0  1.1  0.6 24.7 20.8 21.9  0.7  6.5 13.3  4.1  0.0
     -8.79      4.54      1.59     -2.09      3.28  0.7  0.0  0.0  0.0  0.0
                                     4000_story_1490_llm.txt 33.0  4.3 2187
 11.4  5.5  1.8 45.7  7.3  1.4  3.7  0.5 21.5 14.2  1.8  0.5  0.0  9.6  0.9
  2.7  2.3  4.1  6.4  0.0  1.4273.0 79.6 29.7114.3 56.2  5.9 22.9  0.0  0.5
  0.0  3.7 23.8 13.7 14.2 39.3  3.7  5.0  2.3  2.3  1.4  1.4  1.8  2.3  0.0
  1.8  1.8  0.0  2.3  5.0 10.5 14.6  4.1  2.3  0.5 65.8 85.0  4.1166.4  6.9
  0.5  0.0  0.0  0.0  0.0  0.0  0.0  0.0  0.0  0.0  0.0  0.0  0.0  0.0  0.0
  0.0  0.0  0.0  3.7  0.5  1.4  0.5  0.0  0.0  0.0  0.0  0.0  0.0  0.0  0.0
  0.0  1.8  0.0  0.5  0.0  0.0  0.0  0.0  0.0  0.0  0.0  0.0  0.9  0.9  0.0
  5.9  0.0  0.0  5.9  2.3  0.0  2.3  1.8  0.0  0.0  0.0  0.0  0.0  0.0  0.0
  0.0  0.9  0.0  0.0  0.0  0.0  0.0 12.8  1.4  1.4  3.2 26.5  4.6  5.9 11.0
  5.9  2.3  4.1  1.4  0.5  0.0  0.0 53.0 25.6 12.8  2.3  2.3 10.1  6.4  0.0
      0.42      5.91     -6.11     -2.43     -1.55  0.0  0.0  0.5  0.0  0.0
                                     4000_story_1515_llm.txt 36.5  4.8 4637
 14.2  4.7  9.5 44.9  8.0  0.9  3.5  1.1  8.4 11.0  0.9  1.3  1.1  3.2  0.2
  0.4  0.6  3.9 15.5  0.2  0.6273.7 92.9 43.6100.7 65.6 15.7  8.6  1.7  3.2
  0.6  2.6 37.1  4.1 10.1 38.0  6.9  7.1  2.2  1.1  1.5  3.7  5.6  6.9  1.7
  6.0  6.7  3.0  2.8  3.2 12.5 27.2 14.7  0.9  5.6 74.8 81.9  1.3167.6  5.2
  2.4  0.0  0.0  0.0  0.0  0.0  0.0  0.0  0.0  0.0  0.0  0.0  0.0  0.0  0.0
  0.0  0.0  0.0  1.3  0.6  3.7  1.9  0.0  0.0  0.0  0.0  0.0  0.2  0.0  0.2
  0.2  0.6  0.6  0.6  0.0  0.4  0.0  0.0  0.0  0.6  0.2  0.0  1.5  2.2  0.0
  7.5  0.0  0.2  7.8  2.4  0.4  3.5  3.9  0.0  0.0  0.0  0.0  0.0  0.0  0.0
  0.0  0.4  0.2  0.0  0.2  0.0  0.0  7.1  3.9  2.4  7.3 16.2  1.9  2.8  6.9
  0.9  0.6  1.3  1.5  0.4  0.4  1.1 31.7 14.7 19.4  2.6  4.3 10.6  4.1  0.0
     -7.19      5.12      1.42     -1.54      4.20  0.0  0.2  0.2  0.0  0.0
                                     4000_story_1525_llm.txt 36.8  4.6 1981
  6.1  4.5  4.0 53.5  8.6  1.0  2.5  1.5 19.7 10.1  1.0  1.5  0.0  3.5  1.0
  1.0  1.0  5.0 14.6  0.0  0.0292.3 80.3 45.4 87.3 56.5  8.6 12.1  0.5  2.5
  1.0  0.0 31.3  5.6  6.6 33.3  9.1  3.0  2.5  1.0  2.0  1.5  2.0  3.0  1.5
  4.5  7.1  2.5  2.0  4.0 10.1 24.2  9.1  1.0  4.0 69.7 84.8  4.5158.0  6.6
  1.0  0.0  0.0  0.0  0.0  0.0  0.0  0.0  0.0  0.0  0.0  0.0  0.0  0.0  0.0
  0.0  0.0  0.0  4.5  0.5  1.5  2.0  0.0  0.0  0.0  0.0  0.0  0.5  0.0  0.0
  1.0  1.5  2.0  1.0  0.0  0.0  0.0  0.0  0.0  0.5  0.0  0.5  2.0  0.5  0.0
  8.6  0.0  0.5  9.1  5.6  0.0  6.1  3.0  0.0  0.0  0.0  0.0  0.0  0.0  0.0
  0.0  0.5  1.0  0.0  0.0  0.0  0.0  5.6  4.0  1.0 10.1 16.7  2.0  7.1  6.1
  4.0  4.5  1.5  3.0  0.5  0.5  0.5 37.9 19.2 18.2  1.0  4.0  7.6  5.0  0.0
     -6.40      3.55      0.21     -3.04      0.72  0.0  0.0  0.5  0.0  0.0
                                     4000_story_1533_llm.txt 38.0  4.8 3359
 11.3  3.0  0.3 39.9  7.4  0.0  0.6  0.9  6.5 11.6  0.9  0.6  0.0  3.0  0.0
  0.0  0.0  5.7 20.8  0.6  1.5285.5 97.1 46.7 82.5 41.7 19.1  5.4  0.9  1.8
  1.5  0.6 42.9  7.4 11.9 27.4  5.1  4.8  1.5  1.5  1.8  1.8  3.0 11.3  2.4
  6.8  3.9  2.4  1.8  4.5 12.2 27.4 20.5  0.6  4.2 85.7 55.7  0.9141.4  3.6
  1.2  0.0  0.0  0.0  0.0  0.0  0.0  0.0  0.0  0.0  0.0  0.0  0.0  0.0  0.0
  0.0  0.0  0.0  1.8  0.0  2.7  2.1  0.0  0.0  0.0  0.0  0.0  0.0  0.0  0.0
  0.3  0.6  0.3  1.2  0.0  0.0  0.0  0.0  0.3  0.0  0.0  0.0  1.2  1.2  0.0
  6.5  0.0  0.0  6.5  2.4  0.3  2.7  2.4  0.0  0.0  0.0  0.0  0.0  0.0  0.0
  0.0  0.0  0.0  0.0  0.0  0.0  0.0  9.5  4.8  2.1 14.0 24.7  2.1  4.2 12.8
  1.5  1.2  3.3  0.6  0.6  0.3  2.1 27.4 11.3 17.6  2.4  5.4  8.9  3.9  0.0
    -10.25      3.49     -0.24     -2.75      3.99  0.6  0.3  0.0  0.0  0.0
                                     4000_story_1557_llm.txt 35.8  4.6 4814
 14.1  2.5 13.3 52.1 13.1  0.4  3.3  0.2 17.0 10.0  0.6  0.4  0.6  4.6  0.4
  0.2  1.0  4.6 16.2  1.7  0.8280.0 85.4 39.1 91.8 49.2 10.4 10.6  0.6  2.5
  0.6  1.7 35.1  6.2 11.0 28.0  6.2  4.2  1.9  2.1  1.2  1.5  4.6  5.6  1.0
  4.6  4.8  1.7  1.9  3.3 10.0 25.1 11.2  2.7  3.7 66.1 79.4  1.2161.6  5.4
  2.3  0.0  0.0  0.0  0.0  0.0  0.0  0.0  0.0  0.0  0.0  0.0  0.0  0.0  0.0
  0.0  0.0  0.0  2.1  0.6  1.2  1.0  0.0  0.0  0.0  0.0  0.0  0.0  0.0  0.6
  0.2  0.8  0.6  0.2  0.0  0.4  0.0  0.0  0.0  0.4  0.4  0.0  1.7  0.8  0.0
  5.0  0.0  0.0  5.0  2.5  0.4  3.3  2.9  0.0  0.0  0.0  0.0  0.0  0.0  0.0
  0.0  0.6  0.0  0.0  0.0  0.0  0.2 11.2  3.9  1.5 13.7 14.7  4.6  4.6  8.7
  3.7  1.5  1.5  4.2  0.4  0.4  1.0 32.0 19.3 19.3  2.9  2.7  7.5  5.8  0.0
     -3.79      3.44     -0.41     -2.89      2.35  0.6  0.0  0.0  0.0  0.0
                                     4000_story_1595_llm.txt 37.5  4.9 3004
  6.7  1.7  1.7 41.9 10.3  1.0  2.3  2.0  9.0 11.0  0.0  0.0  0.0  2.7  0.0
  0.0  0.7  3.3 16.6  0.0  1.0315.9107.5 43.3 84.6 37.0 13.3 12.0  1.0  3.7
  0.7  0.7 51.9  5.7  7.0 25.6  7.7  1.3  4.0  1.0  2.0  3.0  1.3  8.3  1.3
  5.7  6.3  1.7  2.3  3.0  6.7 24.6 15.3  0.7  5.3 66.6 56.3  1.0152.1  4.0
  1.7  0.0  0.0  0.0  0.0  0.0  0.0  0.0  0.0  0.0  0.0  0.0  0.0  0.0  0.0
  0.0  0.0  0.0  1.7  0.7  1.3  1.0  0.0  0.0  0.0  0.0  0.0  0.0  0.0  0.3
  1.0  1.3  1.7  0.3  0.0  0.3  0.0  0.0  0.0  1.0  0.3  0.0  1.3  0.0  0.0
  4.7  0.0  0.0  4.7  4.7  0.3  6.0  1.7  0.0  0.0  0.0  0.0  0.0  0.0  0.0
  0.7  0.0  0.0  0.0  0.0  0.0  0.0 11.7  6.7  2.7 11.7 12.3  1.3  2.7 11.0
  4.3  0.7  1.0  2.7  0.3  1.0  1.3 31.6 22.3 11.0  2.3  4.0  9.7  3.7  0.0
    -12.98      3.48      2.72     -2.40      1.32  1.3  0.0  0.0  0.0  0.0
                                     4000_story_1596_llm.txt 36.5  4.8 3165
 16.1  3.8  9.2 55.6  8.8  2.2  2.5  0.6 18.0 12.3  0.3  0.6  0.0  6.0  0.3
  0.9  0.9  2.8 15.8  0.0  1.3317.2 86.6 44.5 79.9 43.9  9.2 11.7  1.3  1.6
  0.0  0.6 47.7  4.4  7.6 24.3  8.2  6.0  2.2  3.5  1.9  1.3  2.5  4.4  0.3
  6.3  3.8  0.9  2.2  3.8 10.7 24.3 11.1  0.9  2.8 72.4 70.8  4.1154.5  5.4
  2.5  0.0  0.0  0.0  0.0  0.0  0.0  0.0  0.0  0.0  0.0  0.0  0.0  0.0  0.0
  0.0  0.0  0.0  1.3  1.3  1.3  0.9  0.0  0.0  0.0  0.3  0.0  0.0  0.3  0.6
  0.3  0.6  1.9  0.3  0.0  0.3  0.0  0.0  0.0  0.0  0.3  0.0  1.6  0.3  0.0
  4.7  0.0  0.6  5.4  3.8  0.3  4.1  2.2  0.0  0.0  0.0  0.0  0.0  0.0  0.0
  1.6  0.6  0.0  0.0  0.0  0.0  0.0  9.5  5.1  3.5 10.7 16.1  5.4  2.2  8.2
  2.2  2.2  0.6  2.2  0.6  0.6  0.9 33.2 20.5 16.7  3.2  3.5  6.3  3.8  0.0
     -6.29      2.78      1.18     -1.47      0.91  0.3  0.0  0.3  0.3  0.0
                                     4000_story_1634_llm.txt 34.5  4.5 3920
 13.0  6.9 17.6 47.4  9.4  0.5  1.8  1.3 32.4 12.2  0.8  1.3  0.0  3.6  0.8
  0.8  1.5  4.8 17.9  0.0  3.3270.2 96.4 40.3 99.5 65.8 14.0  9.4  1.0  3.1
  1.3  1.5 36.7  5.1  7.4 28.1  5.1  3.6  2.6  1.3  0.8  1.8  2.0  4.8  0.5
  1.5  6.6  1.5  2.6  3.8  9.2 28.6  6.9  1.5  5.4 71.4107.7  2.8157.7  4.3
  1.8  0.0  0.0  0.0  0.0  0.0  0.0  0.0  0.0  0.0  0.0  0.0  0.0  0.0  0.0
  0.0  0.0  0.0  5.1  0.5  1.5  1.0  0.0  0.0  0.0  0.0  0.0  0.3  0.0  0.3
  0.5  0.3  1.0  0.3  0.0  0.0  0.0  0.0  0.0  0.5  0.8  0.3  1.5  0.5  0.0
  8.2  0.0  0.3  8.4  2.3  0.0  2.8  3.1  0.0  0.0  0.0  0.0  0.0  0.0  0.0
  0.5  0.3  0.0  0.0  0.0  0.0  1.3  9.9  3.6  2.0  9.7 19.9  2.0  3.6  8.9
  1.8  1.0  2.6  1.8  0.3  0.3  1.0 33.2 20.2 17.6  1.5  5.4  7.9  4.6  0.0
     -1.29      4.92      2.15     -3.27     -0.73  0.3  0.0  0.0  0.0  0.0
                                     4000_story_1637_llm.txt 36.5  4.7 5508
 11.3  3.1  8.5 52.1 12.9  0.2  3.3  2.2 23.8 14.9  0.7  0.5  0.2  2.5  0.2
  0.5  0.7  5.3 14.5  0.7  0.5272.7 88.4 41.2 90.8 49.0 12.2 11.3  1.1  2.2
  1.5  1.1 46.7  5.8  4.2 28.3  7.1  4.9  1.8  1.3  2.4  2.9  1.8  7.6  0.7
  4.9  6.0  2.7  1.5  4.4 12.5 23.4 13.3  1.5  4.7 69.9 85.7  3.3155.4  3.8
  1.6  0.0  0.0  0.0  0.0  0.0  0.0  0.0  0.0  0.0  0.0  0.0  0.0  0.0  0.0
  0.0  0.0  0.0  1.1  1.6  2.0  1.5  0.2  0.0  0.0  0.0  0.0  0.0  0.0  0.0
  0.4  0.5  0.5  0.9  0.0  0.4  0.0  0.0  0.0  0.5  0.2  0.0  0.7  0.9  0.0
  6.2  0.2  0.0  6.4  2.4  0.4  3.3  1.8  0.0  0.0  0.0  0.0  0.0  0.0  0.0
  0.5  0.4  0.0  0.0  0.0  0.0  0.0  7.1  3.4  3.8 11.4 18.7  4.9  4.9  5.4
  2.4  1.6  2.7  2.0  0.7  3.3  2.0 32.0 21.6 15.4  2.9  5.4  8.2  4.7  0.0
     -5.95      3.86      3.17     -1.99      0.80  0.7  0.0  0.4  0.0  0.0
                                     4000_story_1652_llm.txt 37.0  4.5 1903
  8.9  3.2 11.0 58.9 10.5  2.6  1.6  2.1 19.4 19.4  0.5  1.1  2.1  5.3  0.5
  0.5  0.5  6.8 21.5  1.1  1.6250.7 86.2 32.1 89.3 54.7 16.8  6.8  0.0  3.2
  1.1  3.7 27.9  6.8 10.5 35.2  7.4  6.3  1.6  1.1  1.6  2.1  4.7  6.3  0.5
  2.6  6.8  0.5  2.6  4.7 14.7 34.2  9.5  1.6  4.2 61.0 84.6  3.2166.6  4.7
  2.1  0.0  0.0  0.0  0.0  0.0  0.0  0.0  0.0  0.0  0.0  0.0  0.0  0.0  0.0
  0.0  0.0  0.0  1.1  0.0  1.1  2.1  0.5  0.0  0.0  0.0  0.0  0.0  0.0  0.5
  0.0  1.6  1.6  1.1  0.0  0.5  0.0  0.0  0.0  0.5  0.0  0.0  0.5  1.1  0.0
  4.2  0.5  0.0  4.7  4.7  0.5  5.8  1.6  0.0  0.0  0.0  0.0  0.0  0.0  0.0
  0.5  1.6  0.0  0.0  0.0  0.0  0.0  7.9  3.7  1.1  6.3 32.1  1.1  3.7  3.2
  3.7  0.5  2.1  0.0  0.5  1.1  0.5 39.9 12.1 17.9  2.1  6.8 14.2  3.7  0.0
      1.54      4.14     -0.24     -2.53      1.54  0.5  0.0  0.0  0.0  0.0
                                     4000_story_1659_llm.txt 35.3  4.5 2248
  8.5  2.7 11.1 44.5 11.1  1.8  1.3  1.8 15.1 12.9  1.3  0.4  0.0  4.0  0.4
  0.0  1.3  4.0 13.8  0.0  3.6297.6 88.5 36.5105.4 63.2 13.3 12.0  1.8  2.2
  0.4  0.9 34.3  5.8 12.0 27.6  6.2  3.6  2.7  0.4  0.4  1.8  3.6  7.6  0.0
  4.4  4.4  0.9  0.9  4.0  8.0 20.0 12.0  1.3  4.4 61.8 89.4  1.3168.1  3.1
  0.4  0.0  0.0  0.0  0.0  0.0  0.0  0.0  0.0  0.0  0.0  0.0  0.0  0.0  0.0
  0.0  0.0  0.0  3.1  0.0  0.4  1.3  0.0  0.0  0.0  0.0  0.0  0.0  0.0  1.8
  0.0  0.0  0.0  0.9  0.0  0.0  0.0  0.0  0.0  0.0  0.0  0.0  2.2  1.3  0.0
  4.9  0.0  0.0  4.9  2.7  0.0  2.7  3.6  0.0  0.0  0.0  0.0  0.0  0.0  0.0
  0.9  0.9  0.0  0.0  0.0  0.0  0.4 20.9  2.2  0.9  5.3 26.7  4.0  3.6 10.2
  2.2  1.8  0.9  2.2  0.0  0.0  0.9 28.5 19.1 10.7  2.2  2.2 13.3  5.8  0.0
     -5.73      5.34     -0.51     -3.77      1.18  0.0  0.0  0.0  0.9  0.0
                                     4000_story_1696_llm.txt 38.0  4.6 1764
 10.8  4.5  9.6 66.9 15.9  0.0  2.8  2.8 16.4 15.3  1.7  1.7  0.0  4.0  1.1
  0.6  0.6  9.6 18.7  0.6  0.0288.5 82.2 44.8 76.0 56.7 11.3  8.5  1.1  2.3
  1.1  1.7 28.9  6.8  9.1 34.0  5.1  8.5  2.8  1.7  2.3  4.0  2.8  3.4  1.1
  2.3  3.4  1.7  2.8  6.8 20.4 27.2  6.8  1.1  4.5 78.2 89.0  5.1154.8  3.4
  2.8  0.0  0.0  0.0  0.0  0.0  0.0  0.0  0.0  0.0  0.0  0.0  0.0  0.0  0.0
  0.0  0.0  0.0  2.8  0.0  4.0  0.0  0.6  0.0  0.0  0.0  0.0  0.6  0.0  0.6
  0.0  0.6  0.6  0.0  0.0  0.0  0.6  0.0  0.0  0.6  1.1  0.0  1.1  2.8  0.0
  6.8  0.6  0.6  7.9  1.7  0.6  2.8  5.1  0.0  0.0  0.0  0.0  0.0  0.0  0.0
  0.0  1.1  0.0  0.0  0.0  0.0  0.0  5.7  2.3  1.1  6.2 27.8  1.7  2.3  6.8
  2.3  1.1  2.8  3.4  0.0  0.6  0.6 39.7 18.7 16.4  1.7  4.5 10.2  4.5  0.0
     -1.82      3.05     -0.10     -0.23      0.26  1.1  0.0  0.0  0.0  0.0
                                     4000_story_1707_llm.txt 36.8  5.1 3805
 11.6  2.4  8.1 48.6 10.5  0.8  2.1  1.3 14.2 13.4  0.3  1.1  0.0  2.6  1.1
  0.3  0.8  5.5 13.9  0.3  1.1326.4103.0 47.8 66.0 28.6 15.8  9.5  2.4  1.6
  0.8  0.8 62.5  5.5  6.0 22.3  4.2  3.4  2.9  1.6  2.1  2.6  2.6  7.9  0.8
  7.9  4.2  3.7  2.1  2.6 11.0 21.6 16.6  1.1  4.7 67.8 53.4  1.3130.4  3.2
  2.1  0.0  0.0  0.0  0.0  0.0  0.0  0.0  0.0  0.0  0.0  0.0  0.0  0.0  0.0
  0.0  0.0  0.0  3.4  0.0  1.6  0.5  0.3  0.0  0.0  0.0  0.0  0.0  0.0  0.0
  0.0  0.5  1.3  0.0  0.0  0.3  0.0  0.0  0.3  0.0  0.3  0.0  2.1  0.5  0.0
  5.5  0.3  0.0  5.8  1.8  0.5  2.4  2.9  0.0  0.0  0.0  0.0  0.0  0.0  0.0
  0.8  0.8  0.3  0.3  0.0  0.0  0.0 12.6  6.0  2.9 13.9 19.4  3.9  3.7  7.4
  2.1  0.8  0.5  1.3  0.8  0.8  0.5 22.9 18.4 15.5  1.6  2.1  6.8  2.9  0.0
    -10.17      2.50      3.88     -2.09      2.36  0.0  0.3  0.0  0.3  0.0
                                     4000_story_1719_llm.txt 36.8  4.4 2146
 10.3  2.3 14.4 47.1  5.1  0.0  2.8  0.9 44.3 10.7  0.0  0.5  0.9  6.5  0.5
  0.5  0.5  5.6  6.1  0.9  2.8277.3 97.9 29.8 92.7 35.9 15.4 12.6  0.0  5.6
  0.5  0.9 39.6  5.1 12.1 24.2  7.9  3.3  4.7  2.8  0.9  3.3  1.4  4.2  0.0
  2.8  5.6  1.4  1.4  3.3  9.8 15.8  7.0  1.4  6.1 57.8 85.3  2.8150.0  6.1
  5.1  0.0  0.0  0.0  0.0  0.0  0.0  0.0  0.0  0.0  0.0  0.0  0.0  0.0  0.0
  0.0  0.0  0.0  1.4  0.9  1.4  2.3  0.0  0.0  0.0  0.0  0.0  0.0  0.0  0.9
  0.9  0.9  0.0  1.4  0.0  0.0  0.5  0.0  0.0  0.0  0.0  0.0  1.9  1.4  0.0
  6.1  0.0  0.0  6.1  4.2  0.5  4.7  3.3  0.0  0.0  0.0  0.0  0.0  0.0  0.0
  0.0  0.9  0.0  0.0  0.0  0.0  0.0 12.6  3.7  0.9  7.5 21.4  3.3  2.3  5.6
  8.9  0.9  0.5  1.4  0.5  0.5  0.9 41.5 22.4 14.4  0.5  3.3  8.4  4.2  0.0
     -4.72      4.20      0.88     -1.31     -1.22  0.0  0.0  0.9  0.0  0.0
                                     4000_story_1757_llm.txt 31.5  4.2 3732
 18.8 10.7 15.5 40.5 13.1  0.3  4.3  2.4 66.7 34.6  0.8  2.9  0.5  7.0  0.0
  1.3  0.3  7.5 14.7  2.4  1.6198.0 83.9 23.0130.0 43.9 17.7 25.7  1.1  1.9
  0.0  0.8 25.7  6.4  9.9 41.0  7.5  3.8  2.7  4.6  1.1  4.3  5.9  6.4  0.3
  2.9 11.3  3.2  3.8  3.5 12.3 34.3  9.6  2.7  2.9 45.6123.8  4.0184.1  8.6
  1.6  0.0  0.0  0.0  0.0  0.0  0.0  0.0  0.0  0.0  0.0  0.0  0.0  0.0  0.0
  0.0  0.0  0.0  7.5  0.5  3.8  1.1  0.0  0.0  0.3  0.0  0.3  0.0  0.0  0.8
  0.0  1.1  0.3  0.3  0.3  0.3  0.3  0.5  0.0  0.5  0.0  0.0  5.9  0.8  0.0
 12.9  0.3  0.3 13.4  2.4  1.3  4.3  6.7  0.0  0.0  0.0  0.0  0.0  0.0  0.0
  0.8  2.1  0.0  0.0  0.3  0.0  0.3  8.3  3.5  1.6  7.0 30.5  0.8  6.4  5.9
  1.1  1.1  0.5  0.3  1.3  1.1  0.5 43.7 35.6 27.9  0.5  2.9  8.8  5.4  0.0
     11.83      8.66     -2.46     -0.55      2.19  1.1  0.0  0.0  0.0  0.0
                                     4000_story_1761_llm.txt 33.5  4.5 5356
 16.1  6.7  1.5 51.5  7.5  0.2  3.9  2.2 31.0 18.1  1.5  1.9  0.2  8.2  1.5
  1.9  0.6  5.6 18.7  1.1  2.8224.0 92.8 31.4 98.0 60.1 15.1 13.1  2.6  3.7
  1.5  0.9 37.2  7.8  5.6 39.8  7.1  5.2  2.4  4.3  2.2  4.7  4.5  5.8  0.9
  3.0  9.9  4.5  2.4  7.3 13.1 35.7  9.7  1.7  7.8 60.1 98.6  5.2160.2  4.3
  0.7  0.2  0.0  0.0  0.0  0.0  0.0  0.0  0.0  0.0  0.0  0.0  0.0  0.0  0.0
  0.0  0.0  0.0  3.7  0.6  3.2  3.9  0.2  0.0  0.2  0.0  0.0  0.2  0.2  0.4
  0.4  0.4  0.7  0.9  0.0  0.4  0.2  0.2  0.0  0.2  0.0  0.2  3.2  1.5  0.0
 11.4  0.4  0.4 12.1  2.8  0.7  3.7  4.9  0.0  0.0  0.0  0.0  0.0  0.0  0.0
  0.4  0.4  0.2  0.0  0.0  0.0  0.0 10.5  5.2  4.1  7.8 13.1  5.0  7.1  5.0
  3.5  1.1  0.7  1.3  0.2  0.9  0.7 29.7 18.7 25.0  2.1  6.9 10.6  5.4  0.0
      4.71      5.50      2.51      0.31      1.73  0.4  0.0  0.0  0.0  0.0
                                     4000_story_1764_llm.txt 34.0  4.7 3492
 15.8  5.4  1.1 59.0 19.8  0.6  4.0  2.0 28.4 15.8  1.1  2.9  0.0  2.9  0.3
  0.9  1.1  7.2 17.8  0.6  0.6225.7 93.6 41.0 81.0 44.7 13.2 11.7  2.9  6.3
  1.4  2.0 53.6  4.3  6.9 29.5  8.6  4.6  3.2  3.2  1.4  2.9  2.6  7.2  1.7
  1.7 10.9  4.9  2.3  7.4 13.2 36.7 10.6  1.7 10.6 68.2 92.8  1.7156.4  4.6
  1.1  0.0  0.0  0.0  0.0  0.0  0.0  0.0  0.0  0.0  0.0  0.0  0.0  0.0  0.0
  0.0  0.0  0.0  2.6  2.9  3.7  2.3  0.3  0.0  0.0  0.0  0.0  0.3  0.0  0.0
  0.3  2.6  2.3  0.9  0.0  0.6  0.3  0.0  0.0  1.7  0.0  0.0  1.4  1.1  0.0
 11.5  0.3  0.3 12.0  6.0  0.9  8.6  2.6  0.0  0.0  0.0  0.0  0.0  0.0  0.0
  0.3  0.3  0.0  0.0  0.0  0.0  0.0 22.9  8.3  3.7  9.5 12.3  1.7  4.3  5.4
  0.9  2.0  1.7  0.6  0.0  0.6  1.4 27.5 21.8 19.2  2.9  6.0  9.7  3.4  0.0
      0.36      3.63      6.65     -1.24      0.95  1.1  0.0  0.3  0.3  0.0
                                     4000_story_1770_llm.txt 33.0  4.6 3127
  9.0  1.9  2.9 46.7  3.8  0.3  6.7  3.5  7.4 15.7  1.3  3.5  0.6 11.8  0.6
  2.6  1.0  3.2 21.4  0.3  2.6276.9 81.5 29.7102.7 41.6 13.4 11.2  1.6  3.2
  0.0  1.3 22.7 10.2  5.1 35.5  6.1  5.4  4.2  0.0  2.6  3.5  4.5  8.0  1.0
  3.5  5.8  2.9  3.8  6.4 11.2 32.0 12.5  1.3  4.8 58.8 52.8  2.6166.0  5.4
  2.2  0.0  0.0  0.0  0.0  0.0  0.0  0.0  0.0  0.0  0.0  0.0  0.0  0.0  0.0
  0.0  0.0  0.0  0.6  1.0  0.6  0.3  0.3  0.0  0.0  0.0  0.0  0.3  0.0  1.3
  0.0  1.0  1.0  0.0  0.0  0.0  0.3  0.0  0.0  0.3  0.3  0.0  4.5  1.0  0.0
  2.6  0.3  0.3  3.2  3.2  0.3  3.8  5.8  0.0  0.0  0.0  0.0  0.0  0.0  0.0
  0.3  0.3  0.0  0.0  0.0  0.0  0.3  8.6  1.0  0.0  4.2 25.6  1.9  8.3  4.2
  2.9  1.6  1.3  1.0  1.0  1.0  0.0 37.1 20.1 17.3  1.3  7.7  9.0  5.1  0.0
      3.20      4.15     -0.88     -1.34      2.26  0.0  0.0  0.3  0.0  0.0
                                     4000_story_1779_llm.txt 35.3  4.7 4626
 14.1  3.0  0.4 47.1  3.7  0.2  2.6  0.6  5.0 11.5  0.6  1.7  0.4  1.9  0.0
  0.4  0.0  8.0 26.6  0.4  0.9243.8 85.4 41.7 95.1 72.4 14.9  7.3  4.1  5.6
  1.1  3.7 46.0  5.6  6.7 31.8 12.5  3.0  2.2  1.3  1.3  2.8  3.7 11.9  1.9
  5.6  6.1  6.5  2.2  5.4 12.3 39.3 19.5  0.4 10.8 68.1 81.1  1.9162.6  4.5
  0.9  0.4  0.0  0.0  0.0  0.0  0.0  0.0  0.0  0.0  0.0  0.0  0.0  0.0  0.0
  0.0  0.0  0.0  3.5  1.3  3.7  1.7  0.0  0.6  0.0  0.0  0.0  0.0  0.2  1.9
  0.9  0.9  1.3  0.2  0.0  0.2  0.0  0.2  0.0  0.9  0.2  0.0  1.5  1.1  0.0
 10.2  0.6  0.2 11.0  5.2  0.4  6.5  2.8  0.0  0.0  0.0  0.0  0.0  0.0  0.0
  0.0  0.2  0.0  0.0  0.0  0.0  0.0 15.3  5.0  0.9 11.5  6.1  2.4  3.5  6.3
  1.5  1.7  2.2  4.1  0.0  0.9  0.4 30.9 19.9 19.0  1.7  5.0  9.1  4.8  0.0
     -5.72      4.85      6.36     -2.86      3.78  0.2  0.0  0.0  0.0  0.0
                                     4000_story_1796_llm.txt 36.0  4.5 2913
 12.4  5.5 21.3 79.6 18.2  2.1  3.1  1.0 29.5 19.2  1.4  1.7  0.0  5.5  0.3
  0.3  1.0  9.6 11.7  0.7  1.7256.1 72.1 28.8 92.0 46.0 12.0 17.2  0.7  2.1
  1.0  1.7 17.2 11.0  9.3 36.7  9.6  7.6  4.1  5.1  2.1  3.4  3.8  5.8  0.7
  3.1  6.2  1.7  4.5  5.1 19.2 26.4  9.6  1.7  3.8 55.3 93.7  1.0183.7  9.3
  1.0  0.0  0.0  0.0  0.0  0.0  0.0  0.0  0.0  0.0  0.0  0.0  0.0  0.0  0.0
  0.0  0.0  0.0  4.5  1.4  0.7  1.7  0.0  0.0  0.0  0.0  0.0  0.0  0.0  1.4
  0.3  1.7  1.0  0.7  0.0  1.0  0.0  0.0  0.0  0.7  0.3  0.3  2.7  1.0  0.0
  8.2  0.0  0.0  8.2  5.1  1.0  6.9  4.5  0.0  0.0  0.0  0.0  0.0  0.0  0.0
  1.4  0.3  0.0  0.0  0.0  0.0  0.0  8.2  2.4  2.1 10.3 27.8  2.1  4.5  5.8
  3.8  0.3  2.1  0.3  0.7  0.3  0.0 36.4 28.5 21.6  4.5  4.1 13.0  7.9  0.0
      3.72      4.83     -2.78      1.22      1.14  0.0  0.0  0.0  0.3  0.0
                                     4000_story_1797_llm.txt 34.8  4.8 3031
 12.9  2.0  0.0 29.4  1.3  0.0  1.3  1.3  1.3  4.6  0.3  1.0  0.3  2.0  1.6
  0.7  0.3  7.9 28.4  0.0  1.0251.1 95.7 37.0101.3 72.3 13.5  4.6  2.3  3.6
  2.3  2.6 41.2  7.9  9.9 32.7 11.2  3.6  2.0  0.7  2.3  5.6  4.0 19.8  1.3
  3.6  7.3  4.0  3.6  3.6 13.9 39.9 24.7  0.3  8.2 64.3 74.9  1.6149.1  3.6
  1.6  0.7  0.0  0.0  0.0  0.0  0.0  0.0  0.0  0.0  0.0  0.0  0.0  0.0  0.0
  0.0  0.0  0.0  2.0  1.0  2.6  2.0  0.0  0.7  0.0  0.0  0.0  0.0  0.0  0.3
  0.7  1.3  2.3  0.7  0.0  0.0  0.3  0.0  0.0  1.6  0.3  0.0  0.7  1.0  0.0
  7.6  0.7  0.0  8.2  5.3  0.3  7.3  2.0  0.0  0.0  0.0  0.0  0.0  0.0  0.0
  0.0  0.3  0.0  0.0  0.0  0.0  0.0  8.6  7.3  0.7 12.5 11.2  2.0  5.3  9.6
  2.3  2.0  2.6  0.7  0.0  1.3  0.3 27.7 10.9 19.5  2.0  6.3  9.6  3.6  0.0
     -7.09      4.27      3.06     -1.46      4.03  0.0  0.3  0.0  0.0  0.0
                                     4000_story_1799_llm.txt 32.8  4.5 7478
 11.5  4.3  3.7 51.4  4.3  1.1  3.2  1.2 39.0 19.8  0.9  2.9  0.1  6.6  0.4
  1.7  0.9  7.1 20.1  1.2  1.3241.0 90.5 38.4 91.1 34.5 15.1 13.8  2.1  5.1
  1.2  2.7 31.8  6.3  5.6 32.2  9.5  3.5  4.5  2.3  2.9  2.9  4.3  9.5  0.9
  3.3  9.0  4.1  2.5  2.8 13.5 36.9 13.8  2.1  8.4 59.1 77.8  3.1155.3  4.5
  2.1  0.1  0.0  0.0  0.0  0.0  0.0  0.0  0.0  0.0  0.0  0.0  0.0  0.0  0.0
  0.0  0.0  0.0  4.1  2.1  1.7  1.6  0.3  0.0  0.0  0.0  0.0  0.1  0.3  0.4
  0.9  2.1  0.8  0.7  0.0  0.1  0.0  0.0  0.1  0.9  0.1  0.3  2.1  1.1  0.0
  9.6  0.3  0.4 10.3  4.9  0.3  6.2  3.6  0.0  0.0  0.0  0.0  0.0  0.0  0.0
  0.4  0.7  0.0  0.3  0.3  0.1  0.1 17.8  4.8  3.3  9.5 11.5  1.7  3.7  4.1
  2.1  1.7  2.0  1.9  0.4  0.9  0.7 29.3 22.1 21.5  1.6  3.5  8.2  3.5  0.0
      3.00      4.26      3.79     -0.70      2.29  0.4  0.0  0.4  0.0  0.0
                                     4000_story_1808_llm.txt 37.8  5.2 2902
 10.3  1.0  0.7 25.2  0.0  0.0  1.7  0.7  0.0  6.2  0.3  0.7  0.0  2.4  1.0
  1.0  0.0  7.2 25.8  0.3  0.3331.2104.4 50.7 95.1 19.6 10.7  2.8  2.1  4.5
  1.7  1.7 66.5  4.5  3.1 28.3  6.9  1.0  1.4  0.3  0.7  1.7  4.5 10.7  1.7
  6.9  4.8  4.1  3.4  4.5  9.0 33.4 19.3  0.3  8.3 84.1 19.6  1.7140.9  5.9
  1.4  0.0  0.0  0.0  0.0  0.0  0.0  0.0  0.0  0.0  0.0  0.0  0.0  0.0  0.0
  0.0  0.0  0.0  0.7  0.7  2.8  1.0  0.7  0.0  0.3  0.0  0.0  0.3  0.0  0.0
  0.7  0.7  0.3  0.0  0.3  0.7  0.0  0.0  0.3  0.3  0.0  0.0  0.3  0.0  0.0
  5.2  1.0  0.3  6.5  1.7  1.4  3.4  0.3  0.0  0.0  0.0  0.0  0.0  0.0  0.0
  0.0  0.0  0.0  0.0  0.3  0.0  0.0  6.5  3.8  1.4 12.7 12.1  1.4  3.8 15.9
  3.4  1.7  0.7  0.0  0.3  0.3  2.1 28.3  9.0 15.5  1.4  6.5  7.2  3.4  0.0
    -13.77      0.84      7.46     -4.74      4.34  1.4  0.3  0.0  0.0  0.0
                                     4000_story_1812_llm.txt 34.8  4.9 2388
  9.6  1.7  0.4 26.4  0.4  0.0  1.3  0.0  3.4 10.5  0.4  1.3  0.0  0.8  0.4
  0.8  0.0  7.1 24.7  0.4  1.3281.4104.7 46.5100.9 40.6 14.2  3.4  2.9  3.4
  1.3  2.5 47.7  6.3 11.7 31.4  9.6  2.1  2.1  0.4  1.3  4.2  2.5 15.1  0.8
  4.2  5.9  3.4  2.5  4.2 10.5 34.8 20.1  0.4  7.5 71.2 44.4  1.7148.2  3.8
  0.8  1.3  0.0  0.0  0.0  0.0  0.0  0.0  0.0  0.0  0.0  0.0  0.0  0.0  0.0
  0.0  0.0  0.0  1.7  0.8  0.8  2.5  0.0  1.3  0.0  0.0  0.0  0.0  0.4  0.0
  0.4  2.1  0.8  0.0  0.0  1.3  0.0  0.0  0.0  0.4  0.0  0.0  1.3  0.4  0.0
  5.9  1.3  0.4  7.5  3.4  1.3  5.0  1.7  0.0  0.0  0.0  0.0  0.0  0.0  0.0
  0.0  0.0  0.0  0.0  0.0  0.0  0.0  6.3  5.4  0.4  8.4 11.3  1.3  2.1 13.4
  2.1  1.7  0.8  0.8  0.0  1.7  0.8 30.6  8.4 12.1  1.3  6.7  8.0  3.8  0.0
    -11.56      2.76      2.73     -2.97      2.22  0.8  0.0  0.0  0.0  0.0
                                     4000_story_1818_llm.txt 30.0  4.3 3262
 11.0  4.3 10.4 42.0  7.4  0.3  3.4  2.1  7.7 18.7  1.2  0.9  0.0  3.4  0.0
  2.8  0.6  7.7 27.0  0.3  3.1225.0 70.8 24.2122.3 84.6 11.0 18.1  0.0  1.8
  0.0  2.5 12.3 11.6 12.3 37.4  7.7  5.8  4.0  1.5  3.1  2.8  3.7  6.4  0.0
  2.1  5.8  1.8  1.8  5.2 16.6 37.7  8.6  0.9  1.8 63.5 99.6  4.9182.7  8.6
  1.2  0.3  0.0  0.0  0.0  0.0  0.0  0.0  0.0  0.0  0.0  0.0  0.0  0.0  0.0
  0.0  0.0  0.0  2.1  1.5  2.8  0.6  0.3  0.0  0.0  0.0  0.0  0.0  0.0  0.0
  0.3  1.5  0.6  0.3  0.0  0.0  0.0  0.0  0.0  0.0  0.3  0.6  3.1  0.9  0.0
  7.1  0.3  0.0  7.4  2.8  0.0  2.8  4.9  0.0  0.0  0.0  0.0  0.0  0.0  0.0
  0.3  1.2  0.0  0.0  0.0  0.0  0.3 12.0  1.2  0.0  7.1 19.3  1.2  4.3  6.4
  1.5  4.6  0.9  1.5  0.0  0.9  0.0 38.9 26.1 16.6  0.6  5.8  7.4  8.3  0.0
      2.54      7.53     -5.41     -0.67      0.34  0.0  0.0  0.0  0.0  0.0
                                     4000_story_1819_llm.txt 28.5  4.3 6066
  6.8  4.9  5.4 41.5  4.5  0.7  5.9  1.6  5.9 37.1  0.7  2.5  0.5  7.1  0.7
  1.8  1.0  5.1 18.8  0.7  2.1235.9 77.8 35.4111.4 39.4 12.2 17.0  0.2  3.6
  0.0  3.3 14.7  7.3  8.4 31.5  9.1  3.3  4.3  2.0  1.8  2.5  4.1  7.4  0.5
  3.3  8.4  2.1  2.3  5.6 10.2 34.9 11.2  1.6  3.8 65.8 49.8  2.5167.7  4.6
  0.7  0.2  0.0  0.0  0.0  0.0  0.0  0.0  0.0  0.0  0.0  0.0  0.0  0.0  0.0
  0.0  0.0  0.0  4.6  2.0  1.5  0.7  0.2  0.0  0.0  0.0  0.0  0.0  0.0  0.3
  0.5  1.0  1.2  1.0  0.0  0.5  0.0  0.2  0.3  0.8  0.7  0.0  2.5  0.8  0.0
  8.7  0.2  0.0  8.9  4.0  1.0  5.8  4.0  0.0  0.0  0.0  0.0  0.0  0.0  0.0
  0.3  0.2  0.2  0.0  0.2  0.0  0.5 20.9  1.3  0.7  6.6 19.1  1.8  6.6  6.6
  2.8  4.8  2.1  0.8  2.3  0.7  0.3 37.6 25.1 12.0  1.0  6.4  8.9  5.1  0.0
      4.80      5.18     -1.21     -1.69      1.52  0.2  0.0  0.0  0.0  0.0
                                     4000_story_1823_llm.txt 36.5  5.0 2162
 10.2  1.4  0.5 27.3  0.0  0.0  0.0  0.5  2.3  8.8  1.4  0.5  0.5  0.9  0.5
  0.5  0.0  5.1 21.7  0.0  0.9285.8100.4 47.6 98.5 37.5 14.8  3.2  1.4  6.0
  0.5  1.4 47.2  5.6  9.3 32.8  8.8  4.2  2.8  1.9  1.4  1.4  4.2 12.5  3.2
  5.1  6.9  5.6  4.6  4.6 10.6 32.4 20.8  0.0  7.9 77.2 39.8  0.9147.1  3.7
  0.5  0.0  0.0  0.0  0.0  0.0  0.0  0.0  0.0  0.0  0.0  0.0  0.0  0.0  0.0
  0.0  0.0  0.0  3.2  1.4  2.8  1.4  0.0  0.0  0.0  0.0  0.0  0.0  0.0  0.5
  0.9  1.4  1.4  0.0  0.0  0.9  0.0  0.0  0.0  0.5  0.0  0.0  1.4  0.9  0.0
  8.8  0.0  0.0  8.8  4.2  0.9  5.6  2.3  0.0  0.0  0.0  0.0  0.0  0.0  0.0
  0.0  0.0  0.0  0.0  0.0  0.0  0.0  5.1  6.0  0.0 14.3 11.6  5.6  5.6 13.0
  0.0  4.2  2.8  0.0  0.0  0.5  0.9 24.1 10.2 14.3  2.8 11.1  6.9  3.7  0.0
    -14.28      2.62      2.83     -2.66      5.00  0.5  0.0  0.5  0.5  0.0
                                     4000_story_1831_llm.txt 38.8  4.6 3814
  8.7  1.8  1.0 36.7  3.1  0.3  1.0  1.0  2.9 26.0  0.0  0.5  2.1  2.4  0.8
  0.3  0.5  2.9  9.7  0.3  1.3270.1 80.2 27.8118.8 43.0 13.9  5.0  2.4  0.8
  0.5  2.6 36.2  6.6 16.0 36.2  5.8  2.1  0.8  1.8  0.8  1.0  3.1 12.6  0.0
  4.2  3.7  1.0  1.6  5.5  5.8 18.4 16.8  0.8  3.7 57.9 49.0  1.8167.5  1.3
  0.0  0.0  0.0  0.0  0.0  0.0  0.0  0.0  0.0  0.0  0.0  0.0  0.0  0.0  0.0
  0.0  0.0  0.0  0.8  0.8  1.0  2.9  0.0  0.0  0.0  0.0  0.0  0.0  0.0  0.0
  0.3  0.3  0.8  1.6  0.0  0.3  0.0  0.0  0.0  0.0  0.0  0.0  0.0  0.8  0.0
  5.5  0.0  0.0  5.5  2.9  0.3  3.1  0.8  0.0  0.0  0.0  0.0  0.0  0.0  0.0
  0.3  0.0  0.3  0.0  0.0  0.0  0.0  7.6  3.7  1.3  8.4 25.4  4.2  3.4  5.0
  0.0  0.3  2.6  1.8  0.0  2.1  0.3 29.9  8.7 10.0  2.1  7.6 12.3  6.3  0.0
     -7.93      3.69     -1.92     -4.22      1.60  0.0  0.0  0.0  0.0  0.0
                                     4000_story_1834_llm.txt 35.5  4.2 2679
 16.8  9.3 22.0 65.3 25.0  2.2  3.7  1.9 25.0 18.7  1.1  0.0  0.0  8.2  2.2
  0.0  1.5  5.6  2.6  1.9  3.4257.9 64.2 16.8122.4 67.9  6.7 14.2  0.0  0.7
  0.0  1.9 20.2 10.5 13.1 36.6  4.9  5.2  4.1  2.2  0.7  0.4  1.9  3.0  0.4
  2.2  4.5  1.9  0.4  4.5 11.6 11.2  5.6  3.4  0.7 53.0118.0  0.7199.0  6.0
  0.7  0.0  0.0  0.0  0.0  0.0  0.0  0.0  0.0  0.0  0.0  0.0  0.0  0.0  0.0
  0.0  0.0  0.0  4.9  0.4  3.0  2.2  0.0  0.0  0.0  0.0  0.0  0.0  0.0  0.4
  0.7  1.5  1.1  0.0  0.0  0.0  0.0  0.0  0.0  0.7  0.0  0.0  1.5  2.2  0.0
 10.5  0.0  0.0 10.5  3.7  0.0  4.5  3.7  0.0  0.0  0.0  0.0  0.0  0.0  0.0
  1.5  1.9  0.0  0.0  0.0  0.0  0.4 10.8  1.5  1.1  6.0 43.3  2.2  2.6  6.0
  1.5  0.4  1.5  2.2  0.7  0.7  0.0 46.3 23.1 22.0  2.2  3.4 12.3  7.1  0.0
      8.05      5.24     -5.47     -2.51     -1.00  0.0  0.0  0.0  0.0  0.0
                                     4000_story_1836_llm.txt 36.3  4.6 2350
 18.7  4.3  0.4 40.9  9.4  0.9  3.8  1.3 36.6  7.7  1.3  2.1  0.9  4.7  0.9
  0.4  0.4  3.8 16.6  0.4  0.4230.2 92.8 35.7111.1 78.3 16.2 11.1  3.4  3.0
  1.7  4.7 35.3  6.0 10.2 35.7  7.7  3.0  2.1  0.9  1.3  3.4  4.3  5.1  0.4
  2.1  4.3  4.3  3.0  6.8  8.1 28.5  7.7  0.9  8.1 69.8124.3  2.1164.3  6.8
  0.4  0.0  0.0  0.0  0.0  0.0  0.0  0.0  0.0  0.0  0.0  0.0  0.0  0.0  0.0
  0.0  0.0  0.0  2.6  0.9  3.8  3.4  0.0  0.0  0.0  0.0  0.0  0.0  0.0  0.4
  0.0  0.4  0.4  2.6  0.0  0.0  0.0  0.0  0.0  0.9  0.4  0.0  2.1  2.1  0.0
 10.6  0.0  0.0 10.6  3.8  0.0  4.7  4.7  0.0  0.0  0.0  0.0  0.0  0.0  0.0
  0.4  0.0  0.0  0.0  0.0  0.0  0.0  5.5  3.0  1.3  8.1 17.0  3.8  3.8  8.5
  3.0  0.9  0.9  0.9  0.4  0.9  0.4 28.1 20.0 20.4  0.9  3.0 14.5  6.0  0.0
     -2.86      6.56      3.46     -2.85      0.82  0.0  0.0  0.0  0.0  0.0
                                     4000_story_1837_llm.txt 34.8  5.1 3235
 11.1  1.2  0.3 29.4  1.2  0.0  2.2  0.9 15.5 12.1  0.6  2.2  0.0  2.2  0.9
  0.6  1.2  4.0  9.6  0.6  0.3264.9 90.6 47.9 90.3 54.1 11.4 11.7  3.7  2.8
  2.2  1.9 45.7  4.3  2.5 31.8  7.1  0.6  2.2  3.4  0.0  3.1  5.6  7.4  0.9
  3.4  7.4  4.0  3.1  5.9  4.6 24.4 11.7  1.9  8.7 82.5 70.8  1.9134.8  4.3
  0.3  0.3  0.0  0.0  0.0  0.0  0.0  0.0  0.0  0.0  0.0  0.0  0.0  0.0  0.0
  0.0  0.0  0.0  1.5  0.9  2.2  0.9  0.0  0.0  0.0  0.0  0.0  0.3  0.0  0.3
  0.9  0.6  0.9  0.6  0.0  0.0  0.0  0.3  0.0  0.3  0.6  0.6  2.5  0.6  0.0
  5.6  0.0  0.3  5.9  3.4  0.3  4.0  4.3  0.0  0.0  0.0  0.0  0.0  0.0  0.0
  0.0  0.0  0.0  0.0  0.0  0.0  0.0  5.3  4.6  4.0  4.9 12.1  3.1  4.3  6.8
  0.3  2.2  0.0  2.5  0.0  1.2  0.9 21.0 17.9 17.6  1.5  6.5 10.2  5.3  0.0
    -10.37      4.02      6.60     -2.98      2.79  0.3  0.0  0.0  0.0  0.0
                                     4000_story_1838_llm.txt 39.8  5.3 3422
 12.0  4.1  1.5106.4 11.4  1.5  3.2  0.6 21.9 21.9  1.2  0.9  0.6  5.6  1.2
  3.8  1.8  2.0  5.8  0.3  0.6371.4 65.5 32.4 20.7 47.3  8.5  4.1  0.9  2.3
  0.3  1.5 29.5  6.4 11.1 31.9  3.5  3.5  0.6  0.9  1.8  2.9  1.2  7.0  0.6
  2.0  2.3  0.9  2.9  7.0  7.3 11.4  9.6  2.0  3.5 71.3 80.7  0.6134.1  4.7
  2.6  0.0  0.0  0.0  0.0  0.0  0.0  0.0  0.0  0.0  0.0  0.0  0.0  0.0  0.0
  0.0  0.0  0.0  3.2  0.0  1.5  1.8  0.3  0.0  0.0  0.0  0.0  0.0  0.0  0.0
  0.3  1.5  0.3  0.6  0.0  0.0  0.0  0.0  0.3  0.9  0.3  0.3  2.3  0.0  0.0
  6.4  0.3  0.0  6.7  2.6  0.3  3.8  2.9  0.0  0.0  0.0  0.0  0.0  0.0  0.0
  0.0  0.0  0.0  0.0  0.0  0.0  0.0  3.5  2.6  1.5  4.7 18.4  1.5  2.0  3.2
  0.9  1.8  0.3  2.3  1.5  0.6  0.6 25.7 11.1 16.1  0.6  4.1  6.7  2.9  0.0
     -4.02     -0.55     -1.40     -3.18     -0.72  0.3  0.0  0.0  0.0  0.0
                                     4000_story_1840_llm.txt 36.5  4.6 4966
 15.9  4.2  1.0 54.4 10.5  1.0  3.0  1.8 17.3 11.3  1.0  1.0  0.4  3.8  0.6
  1.0  1.2  5.8 15.1  0.6  0.8274.9 88.8 25.8102.3 67.1 10.3  8.3  0.6  3.6
  1.4  2.0 31.4  8.3 10.1 33.2  7.0  6.2  5.0  2.4  1.8  1.4  4.0  6.2  0.6
  3.4  7.0  1.4  3.0  4.8 13.9 27.6 10.3  1.8  5.6 57.8 94.8  1.6170.8  2.8
  0.4  0.0  0.0  0.0  0.0  0.0  0.0  0.0  0.0  0.0  0.0  0.0  0.0  0.0  0.0
  0.0  0.0  0.0  3.0  2.6  1.2  1.8  0.0  0.0  0.0  0.0  0.4  0.2  0.0  0.4
  0.2  1.8  0.8  0.6  0.0  0.0  0.0  0.4  0.0  1.4  0.4  0.2  1.4  1.6  0.0
  8.7  0.0  0.6  9.3  3.8  0.4  5.6  3.6  0.0  0.0  0.0  0.0  0.0  0.0  0.0
  0.0  0.0  0.0  0.0  0.0  0.0  0.0  9.3  3.0  3.8  8.3 19.1  2.8  3.0  3.6
  0.6  0.4  2.2  1.2  0.4  0.0  0.2 28.6 18.7 20.9  2.4  7.5 10.7  3.4  0.0
     -2.84      4.12      0.14     -0.97      1.41  0.8  0.4  0.0  0.0  0.0
                                     4000_story_1841_llm.txt 37.8  4.7 4841
  6.2  2.3  0.6 26.4  2.5  0.2  0.4  0.8  4.3  8.3  0.8  0.0  0.0  2.3  0.4
  0.6  0.0  3.9 20.9  0.4  1.2289.6106.4 52.5 93.2 42.6 13.6  8.1  1.0  4.5
  1.2  1.9 35.5  4.1 10.7 29.5  6.0  1.7  0.2  0.8  1.0  2.9  4.8 11.4  1.0
  6.0  8.7  5.2  2.1  4.5  6.6 32.2 18.4  0.4  6.8 89.0 49.4  0.6140.7  4.8
  1.4  0.0  0.0  0.0  0.0  0.0  0.0  0.0  0.0  0.0  0.0  0.0  0.0  0.0  0.0
  0.0  0.0  0.0  4.8  0.4  1.2  1.4  0.2  0.0  0.0  0.0  0.0  0.0  0.0  0.4
  0.4  0.6  0.8  1.0  0.2  0.6  0.0  0.2  0.0  0.0  0.6  0.2  1.0  0.0  0.0
  7.8  0.2  0.0  8.1  3.3  1.0  4.3  1.9  0.0  0.0  0.0  0.0  0.0  0.0  0.0
  0.0  0.0  0.0  0.2  0.0  0.0  0.0  9.5  3.9  1.9  4.3 18.2  3.7  4.5  8.3
  3.5  2.1  2.3  2.5  0.4  0.6  1.0 24.4 15.9 12.4  1.7  4.1  8.7  5.6  0.0
    -13.77      3.34      2.12     -4.12      3.79  0.2  0.0  0.0  0.0  0.0
                                     4000_story_1843_llm.txt 34.0  5.2 3013
  8.6  0.7  0.3 27.2  0.7  0.0  0.7  0.7  7.0 14.9  0.0  0.7  0.0  1.0  0.7
  1.0  1.0  4.6 18.6  0.0  0.3300.0109.9 58.1 72.7 26.6 13.9  3.0  2.7  5.3
  0.3  3.0 63.1  3.0  5.6 26.9  8.3  3.3  1.0  1.3  1.7  4.0  5.0 14.6  2.7
  5.6 10.3  2.3  1.3  2.0  9.6 33.9 22.9  1.0  8.3 91.3 34.2  0.0123.5  4.6
  2.3  0.0  0.0  0.0  0.0  0.0  0.0  0.0  0.0  0.0  0.0  0.0  0.0  0.0  0.0
  0.0  0.0  0.0  1.7  0.3  1.7  0.7  0.0  0.0  0.0  0.0  0.0  0.0  0.0  0.3
  1.0  0.7  2.0  0.0  0.0  1.0  0.0  0.0  0.0  0.0  0.7  0.0  1.3  0.7  0.0
  4.3  0.0  0.0  4.3  4.0  1.0  5.0  2.7  0.0  0.0  0.0  0.0  0.0  0.0  0.0
  0.0  0.0  0.0  0.0  0.0  0.0  0.0  7.3  4.6  2.7  7.3 14.9  2.0  5.3 10.3
  3.0  2.3  3.7  0.7  1.0  0.7  2.0 16.9  9.3 14.6  2.0  6.3  6.3  2.3  0.0
    -14.24      1.08      6.94     -2.51      5.56  0.3  0.0  0.3  0.7  0.0
                                     4000_story_1844_llm.txt 39.3  5.2 2224
  7.2  1.3  0.0 67.0  2.7  0.0  0.4  0.4 18.9  8.1  0.4  0.4  0.4  1.8  0.0
  1.3  0.0  3.6 22.9  0.4  0.0335.0111.5 67.9 28.8 30.1 16.6  3.6  2.7  3.1
  0.4  0.4 77.8  8.5  6.7 16.2  3.6  9.4  0.9  2.2  0.4  1.8  1.8  8.5  2.2
  3.1  5.4  2.2  2.7  0.4 13.5 31.5 13.9  0.4  6.3 92.2 51.7  0.9112.4  1.8
  1.3  0.0  0.0  0.0  0.0  0.0  0.0  0.0  0.0  0.0  0.0  0.0  0.0  0.0  0.0
  0.0  0.0  0.0  0.0  1.3  0.9  1.3  0.0  0.0  0.0  0.0  0.0  0.0  0.0  0.0
  0.0  0.0  0.0  0.9  0.0  0.0  0.0  0.0  0.0  0.0  0.9  0.0  0.4  0.0  0.0
  3.6  0.0  0.0  3.6  0.9  0.0  0.9  1.3  0.0  0.0  0.0  0.0  0.0  0.0  0.0
  0.4  0.0  0.0  0.4  0.0  0.0  0.0 10.8  4.0  0.4  8.5 13.9  2.2  4.5 11.7
  2.7  1.8  2.7  1.3  0.0  1.3  2.7 15.3  7.2 13.0  1.3  4.9  6.3  2.2  0.0
    -15.78      0.42      4.77     -2.11      1.54  0.4  0.0  0.0  0.0  0.0
                                     4000_story_1846_llm.txt 34.8  4.9 5167
  7.7  1.2  1.0 23.0  0.0  0.2  0.6  0.6 15.9  9.1  0.4  1.4  0.0  2.9  0.4
  1.0  0.2  5.0 22.6  0.4  0.6307.3112.1 46.1 85.0 25.9 14.1  6.6  3.3  8.3
  1.2  1.9 59.8  4.1  4.1 26.5  9.1  1.9  1.2  1.9  0.4  4.3  2.3 11.0  1.2
  6.4  5.6  6.4  2.7  3.3  7.4 33.5 18.6  0.6 12.8 75.9 41.8  2.3129.9  2.3
  1.5  0.2  0.0  0.0  0.0  0.0  0.0  0.0  0.0  0.0  0.0  0.0  0.0  0.0  0.0
  0.0  0.0  0.0  3.7  0.6  2.5  1.4  0.2  0.2  0.2  0.0  0.0  0.0  0.0  0.4
  0.4  0.6  1.4  0.4  0.2  0.2  0.0  0.0  0.2  0.8  0.8  0.0  1.7  0.0  0.0
  8.1  0.6  0.0  8.7  3.1  0.6  4.5  2.5  0.0  0.0  0.0  0.0  0.0  0.0  0.0
  0.0  0.0  0.0  0.0  0.0  0.0  0.0  9.7  4.1  1.4  6.0 12.2  1.7  5.2  6.2
  3.9  1.9  2.9  1.0  0.2  0.8  1.5 20.3 11.8 16.3  1.7  6.4  7.7  3.7  0.0
    -12.54      2.16      9.13     -3.00      2.45  1.2  0.2  0.6  0.0  0.0
                                     4000_story_1847_llm.txt 35.5  5.0 2196
  3.6  1.4  0.0 95.2  1.8  0.9  0.9  1.4 26.9 25.5  1.8  1.8  0.0  0.5  0.5
  0.9  3.2 11.8 27.8  0.5  0.0292.8102.9 59.7 14.6 21.4 13.2  2.7  1.4  4.1
  1.8  2.3 63.3  4.1  6.4 27.3  6.4  5.9  0.9  2.3  2.3  2.7  4.6 11.4  1.8
  2.3  6.8  3.2  3.2  4.6 20.0 41.0 15.5  3.6  7.3 87.0 50.1  4.1121.1  3.2
  2.7  0.0  0.0  0.0  0.0  0.0  0.0  0.0  0.0  0.0  0.0  0.0  0.0  0.0  0.0
  0.0  0.0  0.0  1.8  0.9  0.5  1.4  0.0  0.0  0.0  0.0  0.0  0.0  0.0  0.0
  0.0  0.0  0.0  0.9  0.0  1.4  0.0  0.0  0.0  0.5  0.0  0.5  1.4  0.9  0.0
  4.6  0.0  0.0  4.6  0.9  1.4  2.7  2.7  0.0  0.0  0.0  0.0  0.0  0.0  0.0
  0.0  0.0  0.0  0.0  0.0  0.0  0.0  7.7  3.2  4.1 14.6 10.0  4.1  2.7 19.1
  2.3  0.0  1.4  0.0  0.0  2.3  4.1 15.0  8.2  6.8  1.8  5.0  7.3  1.8  0.0
     -0.50     -1.25      6.12     -1.69      3.08  0.0  0.0  0.0  0.0  0.0
                                     4000_story_1848_llm.txt 34.3  4.7 3792
 11.3  2.1  0.3 56.4  9.2  0.3  2.6  0.5 10.5  8.4  1.1  0.5  0.8  2.9  0.0
  0.3  0.3  3.2 20.6  0.3  0.8270.3 99.4 33.0 80.7 57.0 11.6  7.4  1.6  6.6
  1.6  1.6 41.7  7.1  9.2 30.3  7.1 10.5  3.7  2.1  2.1  2.4  5.0  6.6  1.3
  3.7  7.1  4.5  2.6  4.7 15.8 31.9 11.6  0.5  9.8 61.7 76.7  1.8150.1  4.2
  1.1  0.3  0.0  0.0  0.0  0.0  0.0  0.0  0.0  0.0  0.0  0.0  0.0  0.0  0.0
  0.0  0.0  0.0  2.1  0.5  2.9  0.5  0.0  0.3  0.0  0.3  0.0  0.0  0.0  0.3
  0.8  0.3  0.5  0.0  0.0  0.5  0.0  0.0  0.0  0.3  0.0  0.0  1.8  0.3  0.0
  6.1  0.3  0.3  6.6  1.8  0.5  2.6  2.1  0.0  0.0  0.0  0.0  0.0  0.0  0.0
  0.0  0.0  0.0  0.0  0.0  0.0  0.0 12.7  4.0  1.3  5.8 12.1  1.6  4.2  6.1
  1.6  2.1  2.1  1.3  0.5  0.8  0.0 28.2 15.6 15.3  2.4  4.5  6.9  2.6  0.0
     -8.99      3.06      3.65      0.01      2.71  0.5  0.0  0.0  0.0  0.0
                                     4000_story_1854_llm.txt 36.5  5.1 4451
  7.9  1.3  0.2 36.6  0.2  0.4  2.0  2.0  9.4  9.2  0.4  0.0  0.4  2.9  1.3
  1.1  0.4  7.0 20.0  0.2  1.1284.7115.3 45.6 70.1 24.0 13.3  2.0  3.4  4.9
  2.7  2.7 57.7  4.5  9.0 32.6  9.7  1.6  0.9  1.8  1.1  3.1  4.3 13.3  2.0
  5.4  7.9  2.5  2.9  3.4  9.7 32.4 20.7  0.7 11.0 72.8 33.7  2.2128.5  6.1
  1.1  0.0  0.0  0.0  0.0  0.0  0.0  0.0  0.0  0.0  0.0  0.0  0.0  0.0  0.0
  0.0  0.0  0.0  0.9  0.9  2.0  2.0  0.2  0.0  0.0  0.0  0.0  0.0  0.2  0.4
  0.7  0.2  0.9  1.1  0.0  1.1  0.0  0.0  0.0  0.2  0.4  0.2  1.1  1.3  0.0
  5.8  0.2  0.2  6.3  3.4  1.1  4.7  3.1  0.0  0.0  0.0  0.0  0.0  0.0  0.0
  0.4  0.2  0.0  0.0  0.2  0.0  0.0  3.8  5.2  1.8 10.3 13.9  2.2  3.6  7.6
  3.6  2.0  0.9  0.7  0.0  1.1  1.3 22.2  7.6 13.7  1.3  8.3 10.8  3.1  0.0
    -10.77      0.57      7.11     -3.33      4.34  0.4  0.2  0.0  0.0  0.0
                                     4000_story_1855_llm.txt 36.0  4.7 2012
  8.4  1.5  1.0 90.5  1.0  0.5  1.0  2.5 27.8  8.4  1.5  0.0  0.0  3.5  0.5
  0.5  2.5  7.0 26.8  0.5  0.0274.4110.8 48.2 20.4 52.2  8.9  3.0  3.0  4.5
  0.5  1.0 51.2  7.0  6.0 29.8  5.0  3.0  1.5  2.5  0.5  4.5  4.5  3.0  2.0
  1.0  8.9  3.5  3.5  7.0 10.4 39.3  6.0  3.0  8.0 78.5 81.0  1.0117.8  5.5
  2.5  0.5  0.0  0.0  0.0  0.0  0.0  0.0  0.0  0.0  0.0  0.0  0.0  0.0  0.0
  0.0  0.0  0.0  1.5  0.0  1.0  1.0  0.5  0.0  0.0  0.0  0.0  0.0  0.0  0.5
  0.0  0.5  2.0  0.0  0.0  0.5  0.5  0.0  0.0  0.0  0.5  0.5  2.0  1.0  0.0
  3.5  0.5  0.0  4.0  3.0  1.0  4.0  4.0  0.0  0.0  0.0  0.0  0.0  0.0  0.0
  0.0  0.5  0.0  0.0  0.0  0.0  0.0 10.9  4.5  2.0 12.9 14.4  1.5  2.5  7.0
  2.5  4.0  2.0  0.5  0.0  2.5  0.5 19.4  8.9 11.9  1.5  7.0  8.0  3.5  0.0
     -3.33     -0.47      3.90     -2.26      1.47  1.0  1.0  0.5  0.0  0.0
                                     4000_story_1856_llm.txt 36.0  5.1 5412
  5.7  2.0  0.2 28.3  0.2  0.0  1.5  1.1  3.3  9.2  0.7  1.1  0.0  1.8  0.9
  1.1  0.4  5.5 22.9  0.0  0.2263.1112.2 46.9 82.0 56.5 14.2  7.4  3.7  5.4
  1.3  3.0 68.9  3.7  2.6 28.1  8.7  4.4  2.0  0.6  2.0  3.7  3.1 20.1  2.8
  5.4  4.6 11.1  2.6  3.3 12.0 32.2 28.3  0.4 10.3 74.5 60.1  1.1130.3  3.7
  0.7  0.4  0.0  0.0  0.0  0.0  0.0  0.0  0.0  0.0  0.0  0.0  0.0  0.0  0.0
  0.0  0.0  0.0  5.5  1.7  1.8  2.6  0.0  0.2  0.0  0.0  0.2  0.0  0.0  0.0
  0.6  0.9  1.7  0.4  0.0  0.4  0.0  0.0  0.0  0.2  0.2  0.0  0.9  0.2  0.0
 11.6  0.2  0.2 12.0  3.5  0.4  4.1  1.3  0.0  0.0  0.0  0.0  0.0  0.0  0.0
  0.0  0.0  0.0  0.2  0.0  0.0  0.0  9.2  6.7  2.2 17.2  6.7  3.3  2.8  3.7
  1.8  0.6  1.1  0.4  0.2  1.3  1.8 19.8 17.6 14.0  2.4  4.2  5.0  1.1  0.0
    -11.94      3.59      9.47     -2.20      5.25  0.4  0.2  0.0  0.2  0.0
                                     4000_story_1857_llm.txt 38.0  4.7 5102
 10.4  3.1  0.4 45.9 10.8  0.0  1.8  1.0 13.7 14.3  0.4  1.2  0.0  3.9  0.2
  0.4  0.8  4.7 14.7  0.2  1.4277.9 98.6 39.8 84.9 43.9 13.3  7.4  1.4  3.1
  0.8  2.4 42.5  5.1  6.9 29.6  8.6  4.7  2.4  3.1  1.0  3.3  3.7  9.6  0.6
  5.9  6.5  4.1  2.9  5.1 10.4 27.8 16.1  1.0  5.3 69.0 68.4  2.7151.5  4.5
  1.8  0.0  0.0  0.0  0.0  0.0  0.0  0.0  0.0  0.0  0.0  0.0  0.0  0.0  0.0
  0.0  0.0  0.0  3.9  0.4  2.5  1.2  0.0  0.0  0.0  0.0  0.0  0.0  0.2  0.2
  0.8  0.8  1.0  0.2  0.2  0.8  0.0  0.0  0.2  0.4  0.4  0.0  1.4  0.4  0.0
  8.0  0.0  0.2  8.2  2.9  1.2  4.5  2.2  0.0  0.0  0.0  0.0  0.0  0.0  0.0
  0.2  0.0  0.0  0.0  0.0  0.0  0.0 11.2  4.1  1.2 12.2 19.2  2.0  6.9  6.1
  5.5  2.2  0.8  1.6  0.2  1.0  1.2 28.8 14.3 16.3  2.7  5.7  7.3  4.7  0.0
     -7.85      2.96      2.73     -1.50      2.51  0.8  0.2  0.0  0.0  0.0
                                     4000_story_1860_llm.txt 36.8  4.8 2006
  6.5  1.5  0.0 29.9  3.5  0.0  1.0  1.0 14.5  3.5  1.0  0.0  0.0  3.0  0.0
  0.5  0.5  2.0 26.9  0.0  0.5303.6115.7 42.9 84.7 64.8 10.0  5.0  1.0  2.0
  0.5  0.5 44.9  6.0 10.5 23.4  4.0  2.0  2.0  0.5  2.0  1.0  4.5 14.0  2.0
  2.5  4.5  3.0  0.5  1.5  6.0 32.4 18.4  0.5  3.5 69.8 82.8  0.0133.1  3.0
  2.5  0.0  0.0  0.0  0.0  0.0  0.0  0.0  0.0  0.0  0.0  0.0  0.0  0.0  0.0
  0.0  0.0  0.0  2.5  0.5  1.5  0.0  0.0  0.0  0.0  0.0  0.0  0.0  0.0  0.0
  0.0  0.0  0.5  0.0  0.0  0.0  0.0  0.0  0.0  0.0  0.5  0.0  1.0  0.0  0.0
  4.5  0.0  0.0  4.5  0.5  0.0  0.5  1.5  0.0  0.0  0.0  0.0  0.0  0.0  0.0
  0.0  0.0  0.0  0.0  0.0  0.0  0.0  7.0  2.0  0.0  9.0 14.5  3.0  6.0  6.5
  3.5  3.0  3.0  3.5  0.5  0.5  0.0 19.9 12.5 13.0  2.0  7.5  5.0  1.5  0.0
    -13.38      2.78      0.19     -3.91      3.63  0.0  0.0  0.0  0.0  0.0
                                     4000_story_1863_llm.txt 35.0  4.7 3990
  8.0  2.3  2.3 35.3  1.5  0.8  1.0  0.5 33.3  9.8  1.5  0.5  0.3  3.3  0.5
  0.5  1.3  5.3 15.8  0.0  0.8261.2 92.2 57.4 92.5 38.6  7.5  6.5  2.3  3.0
  0.8  2.3 46.4  9.5  4.8 36.1  6.5  3.0  1.8  2.3  1.8  1.5  2.3  4.8  1.8
  5.5  5.3  1.5  2.0  4.5 10.0 26.1 12.0  1.3  6.0 95.0 73.4  1.5144.1  6.8
  1.0  0.0  0.0  0.0  0.0  0.0  0.0  0.0  0.0  0.0  0.0  0.0  0.0  0.0  0.0
  0.0  0.0  0.0  1.5  0.8  1.3  1.3  0.0  0.0  0.0  0.0  0.0  0.0  0.0  0.3
  1.0  0.8  0.3  1.0  0.0  0.0  0.0  0.0  0.0  0.5  0.3  0.0  2.0  3.8  0.0
  4.8  0.0  0.0  4.8  3.3  0.0  3.8  6.0  0.0  0.0  0.0  0.0  0.0  0.0  0.0
  0.0  0.3  0.0  0.0  0.0  0.3  0.0  6.5  2.5  2.5  6.0 29.1  3.0  3.0  8.0
  2.3  2.8  1.3  1.3  0.0  1.0  2.0 21.6 12.3 13.5  0.5  5.3  9.0  4.0  0.0
     -8.74      1.68      2.37     -2.86      1.63  0.0  0.0  0.0  0.0  0.0
                                     4000_story_1864_llm.txt 37.5  5.1 1887
  6.9  2.6  1.6 29.7  0.0  0.0  1.6  0.5  4.2  8.5  0.0  0.0  0.0  3.2  0.5
  0.0  0.0  2.6 20.1  0.0  1.6275.0111.3 52.5 84.3 49.8 13.2  7.4  3.2  6.4
  1.6  2.1 59.4  4.2  3.7 38.7  4.8  4.2  1.1  1.1  0.0  2.6  6.4 13.8  1.6
  5.8  4.8  5.3  2.1  5.8  6.9 28.1 21.2  0.0 11.1 83.2 54.1  0.5136.7  5.8
  3.7  0.5  0.0  0.0  0.0  0.0  0.0  0.0  0.0  0.0  0.0  0.0  0.0  0.0  0.0
  0.0  0.0  0.0  3.7  0.5  2.1  1.6  0.5  0.0  0.0  0.0  0.0  0.0  0.0  0.0
  0.5  0.0  0.5  0.5  0.0  0.5  0.0  0.5  0.0  0.0  0.0  0.5  2.1  1.1  0.0
  7.9  0.5  0.0  8.5  1.6  1.1  2.6  3.7  0.0  0.0  0.0  0.0  0.0  0.0  0.0
  0.0  0.0  0.0  0.0  0.0  0.0  0.0  5.3  5.8  3.2 15.4 17.0  1.1  6.9  3.7
  4.2  0.5  0.5  0.0  0.0  1.1  0.5 19.6 11.1 11.1  3.2  4.8  7.4  3.2  0.0
    -14.79      3.18      7.88     -3.71      5.54  2.6  0.0  0.0  0.0  0.0
                                     4000_story_1879_llm.txt 32.3  4.4 4660
 11.8  3.0 12.7 57.7 19.7  2.6  2.6  0.6 27.5 11.8  1.9  0.6  0.0  4.5  0.2
  2.1  1.1  4.7 11.2  0.9  1.5272.3 73.0 20.4105.6 70.6 16.7 17.4  1.9  4.1
  0.9  1.9 26.2  7.1  6.2 40.3 10.1  7.5  3.4  2.8  1.1  2.4  4.9  5.6  1.3
  4.1  6.7  2.4  1.9  4.9 13.3 23.2 10.9  1.9  6.9 50.4117.8  3.6178.3  7.1
  0.9  0.0  0.0  0.0  0.0  0.0  0.0  0.0  0.0  0.0  0.0  0.0  0.0  0.0  0.0
  0.0  0.0  0.0  2.1  1.1  2.6  1.1  0.0  0.0  0.0  0.0  0.0  0.0  0.2  0.9
  0.4  2.4  0.4  0.2  0.0  0.4  0.0  0.0  0.4  0.4  0.2  0.0  3.0  1.5  0.0
  6.9  0.0  0.2  7.1  4.3  0.9  5.6  4.7  0.0  0.0  0.0  0.0  0.0  0.0  0.0
  1.5  1.3  0.0  0.0  0.0  0.0  0.0  7.7  2.1  2.8  9.9 18.9  3.4  3.6  3.6
  1.7  1.7  0.9  0.2  0.2  0.4  0.2 33.5 27.3 21.7  1.9  6.2 14.6  7.5  0.0
     -0.83      7.32      1.32     -0.99      2.61  0.6  0.0  0.0  0.0  0.0
                                     4000_story_1886_llm.txt 34.8  4.2 2328
 11.2  2.1 14.2 36.1 12.0  1.3  3.0  0.4 12.9 15.5  0.0  0.4  0.0  4.3  0.4
  0.9  0.0  2.1 15.5  0.4  7.3257.3 99.2 21.9126.3 70.0  8.2 15.0  0.0  1.3
  0.0  3.4 13.3 13.3 13.7 36.9  5.6  6.4  0.0  2.1  0.0  0.9  6.4  4.3  0.0
  4.3  6.9  0.4  1.7  3.0  8.6 28.4  8.6  0.4  1.3 51.1 94.9  2.1185.1  6.0
  0.4  0.0  0.0  0.0  0.0  0.0  0.0  0.0  0.0  0.0  0.0  0.0  0.0  0.0  0.0
  0.0  0.0  0.0  0.9  0.0  1.7  0.4  0.0  0.0  0.0  0.0  0.0  0.0  0.0  0.4
  0.0  0.0  0.9  0.0  0.0  0.4  0.0  0.0  0.0  0.0  0.0  0.0  1.3  1.3  0.0
  3.0  0.0  0.0  3.0  1.3  0.4  1.7  2.6  0.0  0.0  0.0  0.0  0.0  0.0  0.0
  1.7  0.4  0.0  0.0  0.0  0.0  0.4  9.5  1.3  0.4  7.7 30.1  1.7  3.9  1.7
  1.7  3.4  0.9  2.1  0.9  0.0  0.0 59.7 20.6 13.7  2.6  4.3 11.6  7.7  0.0
     -3.44      5.89     -6.13     -3.75      2.44  0.0  0.0  0.0  0.0  0.0
                                     4000_story_1894_llm.txt 34.0  3.9 4462
 15.7  5.8 31.8108.9 20.2  1.1  4.3  2.2 46.2 26.4  0.2  1.6  0.2 10.3  0.4
  1.6  1.6  6.7 15.0  0.2  3.8226.6 77.1 19.9 90.8 22.9  8.7 37.0  0.7  0.9
  0.2  2.0 15.2  8.5 11.2 32.9  6.7  6.5  0.2  2.9  2.2  2.0  5.2  4.0  0.0
  1.1  6.3  2.0  1.3  5.4 15.5 27.8  5.2  1.8  1.8 49.5 89.2  1.1211.6 10.5
  1.8  0.0  0.0  0.0  0.0  0.0  0.0  0.0  0.0  0.0  0.0  0.0  0.0  0.0  0.0
  0.0  0.0  0.0  2.9  0.7  3.4  1.6  0.0  0.0  0.0  0.0  0.2  0.0  0.2  0.2
  0.2  1.6  0.7  0.4  0.0  0.2  0.0  0.0  0.0  0.0  0.9  0.0  3.4  0.9  0.0
  8.5  0.0  0.4  9.0  3.1  0.2  3.4  5.2  0.0  0.0  0.0  0.0  0.0  0.0  0.0
  2.0  0.4  0.2  0.0  0.2  0.0  0.4 10.8  1.3  1.1  7.8 13.7  0.9  5.2  1.1
  0.0  1.6  2.2  0.2  0.9  0.0  0.0 55.6 44.8 21.7  1.3  3.6  9.2  5.4  0.0
     13.94      6.80     -3.77     -1.79      0.57  0.4  0.0  0.0  0.4  0.0
                                     4000_story_1911_llm.txt 34.5  3.9 4514
 12.8  7.3 37.0 69.6 18.8  2.4  3.1  2.7 25.7 16.2  0.7  0.9  0.0  9.3  0.0
  3.8  0.2  6.9 18.8  1.6  3.5263.2 68.2 13.1 96.4 67.6 10.9 10.4  0.0  1.3
  0.0  2.4 10.9  4.7  9.7 34.8 10.9  7.3  1.6  3.5  3.1  2.0  5.1  5.5  0.2
  1.6  8.0  1.1  2.2  4.2 17.3 33.7  7.3  1.8  1.3 43.2112.1  2.2179.9  9.3
  0.9  0.0  0.0  0.0  0.0  0.0  0.0  0.0  0.0  0.0  0.0  0.0  0.0  0.0  0.0
  0.0  0.0  0.0  5.1  0.2  2.0  0.9  0.0  0.0  0.0  0.0  0.0  0.0  0.0  0.0
  0.2  1.8  2.0  0.2  0.0  0.7  0.0  0.0  0.0  0.0  0.2  0.0  2.7  0.0  0.0
  8.2  0.0  0.0  8.2  4.2  0.7  4.9  2.9  0.0  0.0  0.0  0.0  0.0  0.0  0.0
  2.0  0.9  0.2  0.0  0.0  0.2  0.2  8.2  0.7  1.3  7.1 14.4  1.1  6.2  0.4
  2.0  0.2  2.0  0.2  0.7  0.7  0.2 48.7 19.1 25.3  1.8  2.0 11.5  5.5  0.0
     10.11      4.46     -2.88     -0.48      1.07  0.2  0.0  0.4  0.0  0.0
                                     4000_story_1914_llm.txt 33.8  4.2 4067
 14.5  5.9 26.1 55.3 19.7  1.2  1.7  1.2 24.6 16.7  0.5  0.2  0.2  4.9  0.0
  1.0  2.0  5.2  8.6  1.5  5.7283.5 79.9 20.9109.2 67.4  9.1 22.1  0.7  2.7
  0.5  1.0 19.4  5.9  6.9 35.9  5.2  3.0  4.2  2.0  1.2  1.0  2.7  4.9  0.5
  5.4  5.7  2.5  1.7  2.2  9.3 17.5 10.8  3.4  3.9 44.3111.6  2.2181.2 10.8
  1.7  0.5  0.0  0.0  0.0  0.0  0.0  0.0  0.0  0.0  0.0  0.0  0.0  0.0  0.0
  0.0  0.0  0.0  3.0  1.0  2.0  2.5  0.0  0.2  0.0  0.0  0.0  0.0  0.5  0.5
  0.7  0.5  0.7  0.5  0.0  0.0  0.0  0.2  0.0  0.2  0.0  0.0  2.5  0.2  0.0
  8.4  0.2  0.5  9.1  3.0  0.2  3.4  2.7  0.0  0.0  0.0  0.0  0.0  0.0  0.0
  2.2  0.5  0.0  0.0  0.0  0.5  0.0 13.0  3.9  1.2  6.4 19.4  1.7  5.2  2.5
  3.9  2.0  0.7  0.7  0.5  1.2  0.2 44.8 30.0 19.4  0.5  3.2 10.1  7.4  0.0
      3.32      6.71     -0.83     -2.68      0.93  0.7  0.0  0.5  0.0  0.0
                                     4000_story_1915_llm.txt 33.5  4.0 4042
 11.6  7.2 37.9 58.9 15.3  1.7  6.2  1.5 27.5 18.8  3.0  1.0  0.0  6.2  0.2
  2.7  0.2  4.5 19.8  0.7  5.4269.7 74.5 23.8 88.8 58.9 10.6 11.4  0.0  0.5
  0.2  1.5 19.3  6.9  9.6 31.9 11.4  9.6  2.0  5.4  2.5  2.0  3.2  3.7  0.2
  1.0  7.7  3.2  3.0  3.2 16.6 35.4  4.9  1.0  0.7 52.0101.7  3.2165.5 16.1
  0.7  0.0  0.0  0.0  0.0  0.0  0.0  0.0  0.0  0.0  0.0  0.0  0.0  0.0  0.0
  0.0  0.0  0.0  6.4  0.2  3.2  0.5  0.2  0.0  0.0  0.0  0.0  0.0  0.0  1.0
  0.0  1.5  2.2  0.0  0.0  0.0  0.0  0.0  0.0  0.5  0.7  0.0  2.7  0.2  0.0
 10.4  0.2  0.0 10.6  4.7  0.0  5.2  3.7  0.0  0.0  0.0  0.0  0.0  0.0  0.0
  1.2  0.7  0.0  0.0  0.2  0.0  1.0  6.9  2.7  1.0  8.9 14.3  1.5  5.9  2.5
  0.5  2.0  0.5  1.2  0.7  0.5  0.2 39.6 18.8 18.3  1.7  1.2 12.4  7.2  0.0
      6.92      3.96     -3.29      0.77     -0.54  1.2  0.0  0.5  0.0  0.0
                                     4000_story_1921_llm.txt 34.0  4.3 4702
 14.0  5.5 22.8 65.7 26.4  2.1  2.6  1.1 25.5 11.1  1.5  0.4  0.0  6.8  0.0
  2.1  1.5  7.2 10.2  1.3  1.7262.2 68.7 23.8103.4 60.6  9.1 20.6  0.9  1.7
  0.0  0.9 16.2  6.6  9.8 39.1 10.4  6.8  5.1  6.2  2.3  0.9  3.0  7.0  0.2
  4.0  6.2  2.3  2.6  4.3 16.4 23.8 11.3  2.8  2.6 60.4112.5  2.8189.1 10.0
  0.6  0.0  0.0  0.0  0.0  0.0  0.0  0.0  0.0  0.0  0.0  0.0  0.0  0.0  0.0
  0.0  0.0  0.0  2.8  0.6  3.2  2.1  0.0  0.0  0.0  0.2  0.0  0.2  0.4  0.4
  0.6  2.8  1.5  0.6  0.0  0.0  0.0  0.0  0.0  0.0  0.2  0.0  0.9  0.9  0.0
  8.7  0.0  0.9  9.6  6.0  0.0  6.0  1.9  0.0  0.0  0.0  0.0  0.0  0.0  0.0
  1.5  0.9  0.0  0.0  0.6  0.0  0.2 10.2  3.2  1.5  8.1 28.9  0.9  4.0  7.4
  1.3  1.3  3.2  0.6  0.9  0.6  0.4 43.8 30.8 24.2  2.3  5.3 12.3  4.9  0.0
      4.01      5.95     -3.22      0.92      0.76  0.9  0.0  0.2  0.0  0.0
                                     4000_story_1930_llm.txt 35.3  4.5 4442
 14.9  5.2  4.5 55.4 18.2  0.9  2.9  0.7 20.3 16.9  0.7  0.0  0.0  6.1  0.7
  0.2  1.8  6.1 12.8  0.5  2.9242.7 85.3 27.2107.2 52.7 14.6  9.5  0.2  0.7
  0.7  1.4 45.9  7.4 14.0 31.7  4.7  6.1  1.4  2.3  1.6  1.4  2.0  8.8  1.1
  3.4  5.4  1.1  2.3  5.0 13.7 21.8 13.3  2.3  1.6 56.3 91.2  2.0175.1  4.3
  0.9  0.0  0.0  0.0  0.0  0.0  0.0  0.0  0.0  0.0  0.0  0.0  0.0  0.0  0.0
  0.0  0.0  0.0  2.9  0.9  2.5  1.1  0.0  0.0  0.0  0.0  0.0  0.0  0.0  0.2
  0.2  1.1  0.5  0.9  0.0  0.5  0.0  0.0  0.0  0.7  0.7  0.0  1.6  0.9  0.0
  7.4  0.0  0.0  7.4  2.9  0.5  4.1  3.2  0.0  0.0  0.0  0.0  0.0  0.0  0.0
  0.7  0.9  0.0  0.0  0.0  0.0  0.0 11.7  3.2  2.0  5.9 30.2  2.5  3.2 11.3
  3.8  2.5  0.0  1.6  0.7  0.5  0.0 44.1 17.1 16.9  2.0  4.7 12.6  4.5  0.0
      1.19      4.70     -2.28     -2.41      0.93  0.2  0.0  0.0  0.0  0.0
                                     4000_story_1932_llm.txt 33.3  4.1 3854
 13.2  8.0 29.1 57.6  9.6  1.8  4.7  3.1 14.5 17.6  0.5  3.4  0.3  6.5  0.0
  1.8  0.0  4.7 21.8  1.3  3.6254.5 75.8 22.3 97.8 69.3 12.5 10.4  0.5  1.6
  0.3  1.3 17.1  8.3  9.9 36.6  9.9  7.3  2.9  4.2  1.8  1.3  4.2  5.4  0.5
  1.3  4.2  2.6  2.9  4.4 13.8 34.8  7.3  1.3  2.3 55.0 93.4  2.1169.4  8.3
  1.6  0.0  0.0  0.0  0.0  0.0  0.0  0.0  0.0  0.0  0.0  0.0  0.0  0.0  0.0
  0.0  0.0  0.0  7.3  0.5  1.6  1.0  0.0  0.0  0.0  0.0  0.0  0.0  0.0  0.3
  0.3  0.3  0.8  0.5  0.0  0.0  0.0  0.0  0.0  0.5  0.5  0.0  4.7  0.0  0.0
 10.4  0.0  0.0 10.4  2.1  0.0  2.6  5.2  0.0  0.0  0.0  0.0  0.0  0.0  0.0
  2.1  1.0  1.0  0.0  0.0  0.0  1.0  9.6  1.3  2.1  7.8 20.2  6.2  9.1  3.9
  1.8  3.1  1.3  1.6  0.5  0.8  0.0 47.5 18.2 18.9  0.5  3.9  8.8  6.5  0.0
      6.75      4.89     -3.39     -0.68      0.61  0.5  0.0  0.0  0.0  0.0
                                     4000_story_1934_llm.txt 36.0  4.4 4669
 13.3  3.9 18.2 58.9 24.2  1.1  3.4  1.5 20.3 16.7  1.1  0.4  0.0  4.9  0.6
  0.9  1.1  6.2 11.1  1.9  2.1245.2 85.9 25.7110.1 59.5 14.3 20.3  1.7  3.6
  0.4  0.6 34.9  8.1 12.0 34.7  7.9  7.1  3.6  1.7  1.3  1.7  4.1  7.3  0.6
  4.7  7.3  2.4  1.3  2.4 14.6 21.2 12.6  3.0  5.8 57.4104.1  2.1185.9  5.6
  1.1  0.2  0.0  0.0  0.0  0.0  0.0  0.0  0.0  0.0  0.0  0.0  0.0  0.0  0.0
  0.0  0.0  0.0  3.4  1.1  1.7  0.6  0.2  0.2  0.0  0.0  0.0  0.4  0.0  1.1
  0.2  0.9  0.4  0.0  0.0  0.2  0.2  0.0  0.0  1.3  0.9  0.2  2.4  1.1  0.0
  6.9  0.4  0.4  7.7  2.6  0.4  4.3  4.5  0.0  0.0  0.0  0.0  0.0  0.0  0.0
  0.4  0.9  0.4  0.0  0.0  0.0  0.2 16.5  6.2  4.3 10.1 19.1  1.3  3.4  8.8
  1.3  0.9  2.1  0.2  0.4  0.9  1.3 35.8 28.9 20.3  3.6  5.1  9.6  6.0  0.0
      2.00      7.07     -0.97     -1.67      2.03  0.4  0.0  0.0  0.2  0.0
                                     4000_story_1943_llm.txt 34.0  4.2 5631
  9.8  8.2 20.4 47.1 11.0  0.7  3.4  0.9 15.5 25.6  0.7  2.0  0.0  8.9  0.4
  3.2  0.0  5.2 20.6  0.7  3.2269.8 75.5 22.6101.0 34.1 13.0 16.3  0.4  1.8
  0.0  1.1 22.7  8.9  9.1 32.0  7.8  6.4  3.0  3.0  2.1  1.6  4.8  5.2  0.4
  3.4  5.0  2.0  1.4  5.3 13.7 31.6  8.9  0.7  2.1 52.6 60.6  2.0165.9  6.9
  0.7  0.0  0.0  0.0  0.0  0.0  0.0  0.0  0.0  0.0  0.0  0.0  0.0  0.0  0.0
  0.0  0.0  0.0  7.6  0.5  1.8  0.0  0.0  0.0  0.0  0.2  0.0  0.0  0.0  0.9
  0.2  0.9  0.9  0.0  0.0  0.2  0.0  0.0  0.0  0.2  0.2  0.0  2.8  0.5  0.0
  9.9  0.0  0.2 10.1  2.8  0.2  3.2  3.6  0.0  0.0  0.0  0.0  0.0  0.0  0.0
  1.1  0.9  0.0  0.2  0.4  0.0  0.2  9.9  3.6  1.1  7.1 17.4  3.7  6.0  6.7
  1.2  1.1  2.1  1.6  1.2  0.9  0.4 40.8 25.4 15.1  2.1  1.1  8.7  7.5  0.0
      5.35      4.63     -2.97     -1.08      1.51  0.7  0.2  0.2  0.0  0.0
                                     4000_story_1952_llm.txt 35.5  4.2 3042
 15.8  4.9 21.0 49.3  8.2  2.0  2.6  1.3 34.2 20.1  1.0  3.3  0.0  5.9  0.0
  0.3  0.7  6.6 19.1  0.7  5.3260.4 78.2 18.1 88.4 53.6 10.5  5.6  0.3  1.6
  0.0  2.0 15.8  9.9 11.8 30.6  6.6  7.2  0.7  3.0  2.6  1.3  3.6  4.9  0.7
  3.6  8.2  1.6  4.3  3.0 16.4 35.5  9.2  1.3  2.0 58.8 96.0  3.9157.8  9.9
  1.0  0.3  0.0  0.0  0.0  0.0  0.0  0.0  0.0  0.0  0.0  0.0  0.0  0.0  0.0
  0.0  0.0  0.0  3.6  0.3  2.0  1.3  0.3  0.0  0.0  0.0  0.0  0.0  0.0  0.7
  0.0  0.7  0.7  0.3  0.0  0.0  0.0  0.0  0.0  0.3  0.3  0.0  1.6  0.3  0.0
  7.2  0.3  0.0  7.6  2.3  0.0  2.6  2.3  0.0  0.0  0.0  0.0  0.0  0.0  0.0
  1.6  0.3  0.0  0.0  0.0  0.0  0.0  7.2  2.0  0.3  8.2 23.3  2.0  6.6  2.3
  1.3  0.3  0.3  0.0  0.0  0.7  0.7 38.5 13.1 17.4  3.0  3.0 10.5  5.3  0.0
      5.53      2.62     -4.22     -1.55      1.05  0.3  0.0  0.0  0.0  0.0
                                     4000_story_1999_llm.txt 30.5  4.4 4168
 12.0  3.6 21.4 63.1 15.6  0.5  3.1  0.5 16.6 20.4  2.4  0.5  0.5  3.1  0.2
  1.2  2.2  5.3  5.0  1.0  1.4281.9 75.1 29.5 96.7 60.2 11.0 13.9  0.7  1.4
  0.7  1.9 26.6  7.2  7.9 31.9  6.2  5.5  3.4  1.7  3.6  2.2  4.8  6.0  0.5
  1.4  5.0  2.2  2.2  4.8 14.4 14.2  7.9  3.1  2.9 54.5 92.4  2.4168.7  5.8
  0.5  0.0  0.0  0.0  0.0  0.0  0.0  0.0  0.0  0.0  0.0  0.0  0.0  0.0  0.0
  0.0  0.0  0.0  2.2  1.0  1.2  1.7  0.2  0.0  0.0  0.0  0.2  0.0  0.5  0.0
  0.0  1.9  0.7  0.5  0.0  0.0  0.0  0.0  0.0  0.0  0.5  0.0  2.6  1.0  0.0
  6.0  0.2  0.7  7.0  3.1  0.0  3.1  4.1  0.0  0.0  0.0  0.0  0.0  0.0  0.0
  1.4  0.2  0.0  0.2  0.2  0.0  0.0  8.6  6.0  3.4 11.3 25.7  3.4  5.8  5.5
  4.1  2.9  2.4  1.0  0.5  0.5  0.2 40.1 21.8 19.9  3.4  5.3 10.8  8.2  0.0
     -1.09      4.83     -0.87     -0.87      1.11  0.0  0.2  0.0  0.0  0.0
                                     4000_story_2016_llm.txt 34.3  4.2 2773
 23.8  6.5  6.5 50.1  9.4  0.7  4.3  1.8 48.0 26.3  0.4  1.1  0.0 10.5  1.1
  2.5  0.7  5.4 21.6  1.1  0.7199.4 86.5 27.4110.3 35.7 14.4  9.7  1.8  2.5
  0.4  2.2 21.6  9.4  9.7 32.5  6.9  3.6  3.2  2.2  1.8  1.8  5.0  8.7  0.7
  2.2  7.9  4.3  2.9  5.0 10.8 35.0 11.5  1.8  4.7 56.6 93.0  4.3169.9  6.5
  2.2  0.0  0.0  0.0  0.0  0.0  0.0  0.0  0.0  0.0  0.0  0.0  0.0  0.0  0.0
  0.0  0.0  0.0  2.2  1.8  4.0  3.2  0.0  0.0  0.0  0.0  0.0  0.0  0.0  0.7
  0.7  0.0  1.1  1.4  0.0  0.4  0.0  0.0  0.0  0.0  0.4  0.0  2.2  2.9  0.0
 11.2  0.0  0.0 11.2  4.0  0.4  4.3  5.4  0.0  0.0  0.0  0.0  0.0  0.0  0.0
  0.0  0.0  0.0  0.0  0.0  0.0  0.4  5.4  4.7  1.1  7.6 24.5  4.0  8.7 12.3
  2.9  1.8  2.2  2.5  0.4  0.7  0.4 35.3 23.1 26.7  1.4  3.6 13.7  4.7  0.0
     10.04      4.07     -1.46     -2.14      2.09  0.4  0.0  0.0  0.0  0.0
                                     4000_story_2017_llm.txt 35.8  4.7 5092
 13.4  2.4  0.8 37.7  6.1  0.4  2.4  1.0 10.0 22.4  0.2  0.4  0.2  4.7  0.6
  1.2  0.8  3.7 10.0  0.2  0.8258.2 94.5 37.9 94.3 46.0 10.8  6.7  2.6  2.9
  0.8  2.2 38.9  8.6 11.6 31.0  6.7  1.8  2.4  2.0  1.6  2.0  3.5  9.8  1.8
  3.7  6.9  3.1  2.9  6.7  7.1 21.4 15.3  1.0  6.3 67.6 62.1  3.3147.3  4.7
  0.8  0.0  0.0  0.0  0.0  0.0  0.0  0.0  0.0  0.0  0.0  0.0  0.0  0.0  0.0
  0.0  0.0  0.0  2.0  1.2  2.7  1.0  0.0  0.2  0.0  0.0  0.0  0.0  0.0  0.2
  0.0  1.6  0.8  0.4  0.0  0.0  0.0  0.2  0.2  1.0  0.0  0.0  2.0  1.2  0.0
  6.9  0.2  0.0  7.1  2.9  0.4  4.3  3.1  0.0  0.0  0.0  0.0  0.0  0.0  0.0
  0.0  0.0  0.0  0.0  0.0  0.0  0.0 11.4  3.5  3.3  8.2 29.1  4.1  5.1  8.1
  3.5  2.9  4.5  1.0  0.4  0.6  0.2 28.3 12.4 16.3  1.8  3.1 10.2  5.1  0.0
     -7.07      2.73      0.52     -3.00      2.63  1.4  0.0  0.0  0.0  0.0
                                     4000_story_2019_llm.txt 35.8  4.6 5684
 13.7  3.7  1.6 37.5  2.1  0.0  2.3  0.7 14.8 12.0  1.2  1.2  0.4  3.9  0.2
  0.9  0.2  4.8 16.2  0.7  1.8259.3105.4 32.5 88.8 40.6 12.0 12.1  1.4  2.1
  0.9  2.1 35.9  5.8  9.5 29.2  7.9  3.3  3.7  1.2  1.8  1.8  3.7 14.8  1.4
  4.6  5.8  5.1  2.1  6.2  9.9 26.6 20.8  0.9  4.4 64.0 57.5  1.1145.0  3.7
  0.7  0.2  0.0  0.0  0.0  0.0  0.0  0.0  0.0  0.0  0.0  0.0  0.0  0.0  0.0
  0.0  0.0  0.0  4.9  0.9  1.9  1.4  0.4  0.0  0.0  0.0  0.2  0.0  0.0  0.7
  0.2  1.8  0.5  1.1  0.0  0.5  0.0  0.0  0.0  0.5  0.4  0.0  0.9  1.4  0.0
  9.1  0.4  0.2  9.7  4.2  0.5  5.3  2.6  0.0  0.0  0.0  0.0  0.0  0.0  0.0
  0.0  0.0  0.0  0.0  0.0  0.0  0.0  6.9  4.9  1.1 11.1 25.2  4.4  5.3  9.7
  4.6  2.6  0.9  1.9  0.2  1.4  0.4 24.1 21.3 18.6  1.2  3.3 10.9  3.9  0.0
     -7.15      3.55      0.82     -2.52      3.48  0.2  0.0  0.0  0.0  0.0
                                     4000_story_2020_llm.txt 35.0  4.8 3947
 11.7  1.8  3.8 27.1  5.6  0.3  1.3  0.5  7.3 10.4  1.5  0.8  0.0  3.8  0.5
  0.5  0.0  3.0 13.4  0.0  1.8283.8111.0 51.2 86.1 42.1 11.1  5.6  1.5  2.0
  0.8  2.5 40.3  7.6  8.1 31.2  4.6  3.3  2.8  0.5  0.8  3.0  4.6 12.7  1.5
  4.8  5.8  3.3  1.8  6.6  7.1 23.1 19.0  0.0  4.3 88.4 55.0  1.5128.7  4.3
  0.0  0.0  0.0  0.0  0.0  0.0  0.0  0.0  0.0  0.0  0.0  0.0  0.0  0.0  0.0
  0.0  0.0  0.0  2.5  0.8  1.0  2.3  0.3  0.0  0.0  0.0  0.0  0.0  0.0  0.3
  0.3  0.8  0.8  0.5  0.0  0.3  0.3  0.0  0.0  0.3  0.8  0.0  1.0  1.3  0.0
  6.6  0.3  0.0  6.8  2.5  0.5  3.3  3.0  0.0  0.0  0.0  0.0  0.0  0.0  0.0
  0.0  0.5  0.0  0.0  0.0  0.0  0.0  9.6  6.8  2.5 10.4 24.3  3.3  6.8 10.4
  3.0  3.3  1.0  1.5  0.0  1.3  0.3 24.1 12.4 16.2  2.3  3.0  8.9  4.6  0.0
    -13.10      2.15      0.98     -3.11      3.87  0.5  0.3  0.0  0.0  0.0
                                     4000_story_2025_llm.txt 35.8  4.6 6088
 11.8  1.5  1.3 37.8  1.5  0.5  2.5  1.3  7.2 17.7  0.3  0.7  0.2  3.3  0.3
  1.0  0.5  3.6 18.1  0.2  1.1284.8110.7 38.9 78.7 31.9 10.0  5.9  1.3  3.9
  0.3  1.3 35.6  6.7 13.1 27.6  6.1  3.4  1.6  1.6  0.7  2.5  3.4 12.8  1.5
  3.1  6.9  3.8  2.8  4.9  7.7 28.6 17.4  0.7  5.6 68.0 40.6  1.5131.6  5.1
  0.8  0.2  0.0  0.0  0.0  0.0  0.0  0.0  0.0  0.0  0.0  0.0  0.0  0.0  0.0
  0.0  0.0  0.0  3.1  0.8  1.1  1.0  0.3  0.2  0.0  0.0  0.0  0.0  0.0  0.3
  0.8  0.8  0.8  0.2  0.2  0.2  0.3  0.2  0.2  0.3  0.7  0.2  0.3  1.6  0.0
  6.1  0.5  0.0  6.6  3.0  1.0  4.3  2.8  0.0  0.0  0.0  0.0  0.0  0.0  0.0
  0.0  0.0  0.0  0.0  0.0  0.0  0.0  9.5  4.1  1.3  8.7 23.0  3.8  4.9  9.9
  2.3  3.0  2.1  1.3  0.3  0.5  0.5 24.0 11.7 16.3  1.3  6.1  7.9  4.1  0.0
     -9.26      1.30     -0.38     -3.21      2.61  0.8  0.2  0.2  0.0  0.2
                                     4000_story_2026_llm.txt 34.5  4.7 5352
  9.9  2.1  9.5 41.5  4.7  0.6  3.6  1.5 13.1 17.2  0.6  0.7  0.2  5.8  0.0
  1.9  0.4  6.2 14.4  0.6  1.5265.5107.1 36.1 82.6 41.7 14.4 11.6  2.8  3.9
  1.5  2.1 42.0  6.0  6.7 30.6  8.0  7.3  1.9  1.7  2.2  2.4  3.4 13.3  1.3
  3.6  6.0  4.5  3.0  5.6 15.7 24.9 18.1  0.9  8.2 67.8 59.4  1.9138.5  6.0
  0.7  0.4  0.0  0.0  0.0  0.0  0.0  0.0  0.0  0.0  0.0  0.0  0.0  0.0  0.0
  0.0  0.0  0.0  2.8  1.9  1.5  1.7  0.6  0.0  0.0  0.2  0.0  0.0  0.0  0.6
  0.4  0.7  1.1  0.7  0.0  0.2  0.0  0.0  0.2  1.1  0.2  0.2  1.3  1.7  0.0
  7.8  0.6  0.2  8.6  3.6  0.4  5.0  3.4  0.0  0.0  0.0  0.0  0.0  0.0  0.0
  0.6  0.2  0.0  0.0  0.0  0.0  0.0  5.6  4.1  1.5 10.5 20.0  2.8  4.3  8.2
  2.8  1.7  2.1  0.9  0.0  0.6  0.2 22.0 15.5 16.3  2.2  5.2  7.7  2.1  0.0
     -5.59      3.75      4.20     -1.46      2.64  0.6  0.2  0.4  0.0  0.0
                                     4000_story_2027_llm.txt 35.3  4.7 5216
 12.5  2.9  2.7 34.3  5.4  0.2  2.3  1.2 10.2 21.9  0.6  0.4  0.0  6.3  0.8
  0.4  0.8  5.4 14.4  1.2  2.3261.9 93.4 32.8 94.7 29.3 17.1 10.5  0.8  2.7
  0.6  1.2 40.3  6.9  7.5 34.3  8.1  2.9  4.0  2.1  2.1  2.3  4.4 12.7  0.6
  3.3  6.7  6.1  3.6  5.9 10.4 24.7 16.5  1.9  4.0 67.5 44.9  1.2145.7  3.6
  1.5  0.2  0.0  0.0  0.0  0.0  0.0  0.0  0.0  0.0  0.0  0.0  0.0  0.0  0.0
  0.0  0.0  0.0  4.0  0.8  2.7  2.1  0.2  0.2  0.0  0.0  0.0  0.4  0.4  0.8
  0.6  0.8  0.8  0.8  0.0  0.2  0.2  0.2  0.0  0.8  0.6  0.0  1.0  1.7  0.0
  9.6  0.4  0.8 10.7  3.6  0.6  5.0  3.3  0.0  0.0  0.0  0.0  0.0  0.0  0.0
  0.4  0.2  0.0  0.0  0.0  0.0  0.0  8.4  4.2  2.7 11.9 22.6  5.2  5.9  7.7
  5.2  1.7  1.0  1.9  0.0  1.2  1.3 24.0 21.7 17.8  1.7  3.5 11.1  1.9  0.0
     -3.56      3.93      0.39     -1.74      2.54  0.4  0.0  0.2  0.0  0.0
                                     4000_story_2029_llm.txt 36.3  4.5 5058
 14.4  5.5  2.8 47.6  7.3  0.4  3.0  0.8 15.8 19.4  1.2  1.4  0.0  6.9  0.0
  2.6  1.6  5.5 13.8  2.0  1.6240.2 85.4 30.8106.0 50.2 15.8 15.4  1.2  2.6
  0.2  1.4 34.4  5.9 10.9 34.6  9.3  3.2  2.6  1.2  2.2  3.0  4.5 13.8  0.8
  4.2  8.1  5.9  4.9  6.9 10.9 25.9 18.8  3.6  4.0 61.1 73.3  1.4166.5  5.7
  0.2  0.4  0.0  0.0  0.0  0.0  0.0  0.0  0.0  0.0  0.0  0.0  0.0  0.0  0.0
  0.0  0.0  0.0  5.7  2.0  2.2  1.6  0.4  0.4  0.0  0.2  0.0  0.0  0.0  0.6
  0.4  2.0  2.0  0.4  0.2  0.4  0.2  0.0  0.0  0.2  0.8  0.0  2.8  1.0  0.0
 11.5  0.8  0.2 12.5  5.3  0.8  6.3  4.5  0.0  0.0  0.0  0.0  0.0  0.0  0.0
  0.2  0.2  0.0  0.0  0.0  0.0  0.2  7.1  3.4  2.4  7.7 22.9  3.0  5.5 11.9
  4.5  3.0  2.4  0.8  0.2  1.8  0.6 31.8 25.1 22.9  2.0  4.2  9.5  5.3  0.0
      2.42      5.89     -0.82     -2.26      3.26  1.0  0.2  0.4  0.0  0.0
                                     4000_story_2034_llm.txt 35.8  4.5 3887
 14.7  6.4  0.5 50.4  3.9  0.0  1.0  0.5 32.7 12.3  1.0  1.0  0.0  2.8  0.5
  0.5  0.3  8.5 11.3  1.0  0.5256.8100.8 21.1 90.6 44.5 15.2 19.0  1.5  3.6
  1.3  1.8 30.1  7.7 10.8 31.1  6.7  2.8  4.6  0.8  1.8  3.1  3.3 17.0  0.5
  4.1  8.2  9.3  3.3  5.9 13.1 23.2 21.6  1.3  6.4 49.1 81.0  2.6155.6  3.6
  1.5  0.8  0.0  0.0  0.0  0.0  0.0  0.0  0.0  0.0  0.0  0.0  0.0  0.0  0.0
  0.0  0.0  0.0 10.0  1.8  2.8  1.0  0.0  0.3  0.5  0.0  0.0  0.0  0.0  0.5
  0.0  1.0  0.8  0.5  0.0  0.3  0.0  0.0  0.0  0.5  0.5  0.0  1.0  0.5  0.0
 15.7  0.8  0.0 16.5  2.8  0.3  3.6  2.1  0.0  0.0  0.0  0.0  0.0  0.0  0.0
  0.0  0.3  0.0  0.0  0.0  0.0  0.0  8.2  8.7  1.3  9.8 17.5  4.6  3.3  6.2
  2.3  1.0  1.8  1.5  0.0  1.3  0.3 31.1 28.0 18.0  1.5  1.5  7.2  3.6  0.0
     -4.93      5.67      0.46     -1.99      2.76  0.3  0.3  0.0  0.0  0.0
                                     4000_story_2035_llm.txt 34.5  4.6 1769
 17.0  7.3  1.7 66.1  6.8  1.7  2.8  1.7 57.7 10.7  0.0  2.3  0.6  4.5  0.6
  1.1  1.7  6.2 13.0  0.6  2.8226.7 83.7 40.7 85.4 71.2 20.4 23.2  4.5  4.0
  1.1  0.6 39.6  3.4  5.1 37.9  8.5  2.8  3.4  1.1  2.8  4.0  2.3  4.5  0.6
  2.8  7.9  5.7  6.2  5.1 11.9 24.9  7.9  2.3  9.6 67.8135.7  2.8165.1  7.3
  4.0  0.6  0.0  0.0  0.0  0.0  0.0  0.0  0.0  0.0  0.0  0.0  0.0  0.0  0.0
  0.0  0.0  0.0  5.1  2.3  3.4  4.0  0.0  0.6  0.0  0.0  0.0  0.0  0.0  0.6
  0.6  1.1  0.6  0.0  0.0  0.6  0.0  0.0  0.0  0.6  0.6  0.0  3.4  2.3  0.0
 14.7  0.6  0.0 15.3  2.8  0.6  4.0  6.2  0.0  0.0  0.0  0.0  0.0  0.0  0.0
  0.6  0.0  0.0  0.0  0.0  0.0  0.6 17.5  4.5  3.4  8.5 11.9  7.9  4.5  4.0
  0.6  0.6  1.7  0.0  0.6  1.1  1.1 30.0 33.4 25.4  0.6  1.1 10.2  4.5  0.0
      2.72      8.45      4.98     -1.40     -0.18  0.0  0.0  0.6  0.0  0.0
                                     4000_story_2036_llm.txt 36.0  4.7 3580
 11.5  3.4  0.6 36.9  5.6  0.0  3.6  1.1 13.4 11.2  0.0  1.7  0.0  8.4  0.8
  0.6  0.3  5.9 21.8  0.3  0.3245.0 96.1 32.4 99.4 71.5 10.6 13.7  0.8  3.9
  0.8  0.8 42.2  7.0  5.9 38.8  7.0  4.2  2.2  1.7  0.3  3.1  3.6  9.2  0.3
  5.9  5.0  2.5  3.1  6.7 10.3 31.0 15.4  0.6  5.6 62.6 90.5  2.8154.2  5.3
  1.7  0.0  0.0  0.0  0.0  0.0  0.0  0.0  0.0  0.0  0.0  0.0  0.0  0.0  0.0
  0.0  0.0  0.0  1.7  1.1  2.8  0.8  0.3  0.0  0.0  0.0  0.0  0.0  0.3  0.6
  0.6  0.6  1.4  0.3  0.0  0.6  0.0  0.0  0.3  0.3  0.8  0.0  3.6  1.1  0.0
  6.4  0.3  0.3  7.0  3.4  0.8  4.5  5.6  0.0  0.0  0.0  0.0  0.0  0.0  0.0
  0.0  0.6  0.0  0.3  0.0  0.0  0.0 11.7  5.6  2.8 10.3 11.5  2.5  8.7  3.6
  3.1  1.1  1.1  0.0  0.3  0.6  0.3 21.8 20.7 19.6  1.4  6.7  5.0  4.5  0.0
     -3.18      5.30      1.50     -2.76      2.15  0.6  0.3  0.3  0.0  0.0
                                     4000_story_2038_llm.txt 34.5  4.6 4681
 16.7  6.4  5.8 57.9 11.7  0.9  5.3  1.3 35.2 13.2  1.3  2.8  0.4  6.6  0.0
  0.9  0.6  4.3 16.9  1.7  0.6231.8 81.0 30.8 97.4 69.2 16.4 12.2  1.9  5.8
  1.5  1.1 39.5  8.5  6.6 39.3  9.0  7.3  4.1  1.3  1.9  2.8  4.1  6.6  0.9
  3.8  6.8  3.2  3.0  8.3 13.5 28.8 11.3  2.3  9.2 64.7116.2  3.8172.4  6.4
  0.6  0.4  0.0  0.0  0.0  0.0  0.0  0.0  0.0  0.0  0.0  0.0  0.0  0.0  0.0
  0.0  0.0  0.0  4.3  1.7  3.0  2.8  0.2  0.4  0.0  0.0  0.0  0.2  0.0  0.9
  0.4  1.7  0.6  0.9  0.0  0.0  0.2  0.0  0.0  1.1  0.2  0.0  4.7  0.6  0.0
 11.7  0.6  0.2 12.6  4.5  0.2  5.8  5.6  0.0  0.0  0.0  0.0  0.0  0.0  0.0
  0.0  0.4  0.0  0.0  0.0  0.0  0.0 10.0  3.4  1.5 10.3 10.5  1.1  4.9  6.2
  2.8  1.1  2.1  0.9  0.9  0.4  1.3 30.8 23.9 25.6  1.9  6.0  9.8  2.6  0.0
      2.73      5.97      2.87     -0.96      1.81  0.4  0.0  0.0  0.0  0.0
                                     4000_story_2043_llm.txt 35.0  4.5 4067
 14.8  5.4  0.5 43.5  2.7  1.0  2.2  0.7 49.4 15.0  1.7  2.2  0.2  1.5  0.5
  1.2  0.5  4.9 16.0  0.5  0.5235.3 89.0 39.3 94.2 47.7 19.7  7.6  4.7  5.7
  1.2  3.2 41.3  5.9  9.1 32.7  8.4  3.4  3.0  1.2  3.9  2.7  4.4  6.1  1.0
  3.0  8.4  5.7  2.5  9.1 12.3 31.0 10.1  1.0 11.6 73.0 99.8  2.5153.2  4.9
  1.7  0.2  0.0  0.0  0.0  0.0  0.0  0.0  0.0  0.0  0.0  0.0  0.0  0.0  0.0
  0.0  0.0  0.0  3.7  0.5  3.9  1.2  0.2  0.0  0.0  0.0  0.0  0.0  0.0  0.2
  0.2  0.2  0.2  0.5  0.0  0.7  0.0  0.0  0.0  0.0  0.0  0.2  1.2  1.7  0.0
  9.3  0.2  0.0  9.6  1.5  0.7  2.2  3.2  0.0  0.0  0.0  0.0  0.0  0.0  0.0
  0.2  0.0  0.0  0.0  0.0  0.0  0.2  9.6  3.0  2.5  6.9 22.4  5.2  5.7  4.4
  2.2  2.0  2.2  1.7  0.0  1.0  0.2 26.8 19.4 20.9  1.5  5.2 10.3  3.4  0.0
     -3.65      4.68      5.50     -1.32      1.78  0.2  0.0  0.0  0.0  0.0
                                     4000_story_2046_llm.txt 33.5  4.5 1987
 14.1  5.0  3.5 42.8  8.6  0.0  3.5  2.0 32.2 14.6  0.5  1.0  0.0  4.0  0.0
  3.5  2.5  6.0 19.1  0.0  3.0232.5 81.0 24.7109.2 59.4 20.1 12.1  3.0  3.5
  0.5  1.0 29.7  7.5  5.5 33.7  9.1  3.5  5.0  1.0  4.5  1.5  5.0  6.5  0.5
  3.0  8.1  4.5  4.0  6.0 14.1 30.2 10.1  2.5  7.0 53.3100.2  2.0169.1  8.1
  0.0  0.0  0.0  0.0  0.0  0.0  0.0  0.0  0.0  0.0  0.0  0.0  0.0  0.0  0.0
  0.0  0.0  0.0  4.0  1.0  4.0  2.0  0.0  0.0  0.0  0.0  0.0  0.5  0.0  0.0
  0.5  2.0  2.0  0.5  0.0  0.5  0.0  0.0  0.0  0.0  0.0  0.0  1.5  0.5  0.0
 11.1  0.0  0.5 11.6  5.0  0.5  5.5  2.0  0.0  0.0  0.0  0.0  0.0  0.0  0.0
  0.5  0.0  0.0  0.5  0.0  0.0  0.0 15.6  4.5  2.0  8.6 16.6  1.0  6.0  3.5
  6.0  2.0  1.0  0.5  2.0  1.5  0.5 30.7 27.2 21.1  1.5  3.0  5.5  5.5  0.0
      3.18      6.61      1.70     -0.92      1.87  0.5  0.0  0.5  0.0  0.0
                                     4000_story_2047_llm.txt 35.5  4.6 3902
 19.5  4.9  3.1 70.0 10.0  1.0  2.8  0.8 40.7 11.8  0.8  4.4  0.0  5.4  0.8
  1.5  0.8  6.2 17.9  0.5  0.5231.2 85.3 37.4 84.1 76.9 11.3  6.9  1.5  3.6
  2.1  1.5 45.1  7.2  7.7 39.5  8.2  4.9  2.6  2.1  3.8  2.1  2.8  6.2  2.1
  1.5  7.2  2.3  2.8  6.9 14.9 33.1  9.7  1.3  7.2 72.0127.6  4.6165.3  3.1
  1.0  0.5  0.0  0.0  0.0  0.0  0.0  0.0  0.0  0.0  0.0  0.0  0.0  0.0  0.0
  0.0  0.0  0.0  1.8  2.1  2.8  2.6  0.0  0.5  0.0  0.0  0.0  0.0  0.5  0.0
  0.5  2.8  0.3  0.8  0.0  0.3  0.0  0.0  0.0  1.5  0.0  0.0  2.3  1.5  0.0
  9.2  0.5  0.5 10.3  4.4  0.3  6.2  3.8  0.0  0.0  0.0  0.0  0.0  0.0  0.0
  0.3  0.3  0.3  0.0  0.0  0.0  0.3 13.6  7.2  4.6 11.0 10.8  2.3  3.8  5.4
  3.8  0.8  2.3  0.5  0.0  1.3  1.0 29.0 17.2 27.7  1.3  6.4  8.2  4.6  0.0
      2.27      3.90      2.68     -1.04      1.14  0.8  0.0  0.0  0.0  0.0
                                     4000_story_2051_llm.txt 34.3  4.7 2315
 13.8  6.0  3.0 39.7  6.0  0.9  4.8  1.3 35.0 16.0  0.9  0.0  0.9  3.5  0.0
  3.0  0.9  3.5 13.8  0.0  0.4252.7 90.7 42.3108.0 58.3 13.0 15.6  1.7  3.9
  0.4  1.3 34.6  5.6  6.5 35.0  6.0  2.6  5.6  3.9  0.9  3.9  3.0  5.2  0.4
  5.2  6.9  3.9  3.9  6.0  6.9 25.9 10.8  0.9  6.0 72.6 99.4  2.6168.0  8.2
  1.3  0.0  0.0  0.0  0.0  0.0  0.0  0.0  0.0  0.0  0.0  0.0  0.0  0.0  0.0
  0.0  0.0  0.0  4.3  2.6  1.7  3.0  0.0  0.0  0.0  0.0  0.0  0.0  0.4  0.4
  0.0  1.7  0.9  1.3  0.0  0.4  0.0  0.0  0.0  0.9  0.9  0.0  5.2  0.0  0.0
 11.7  0.0  0.4 12.1  4.3  0.4  5.6  6.0  0.0  0.0  0.0  0.0  0.0  0.0  0.0
  0.9  0.0  0.9  0.4  0.0  0.0  0.0  9.5  6.5  5.2 12.5 25.9  2.6  3.0  4.8
  0.4  1.7  2.2  2.2  0.4  0.4  2.6 30.2 25.9 20.7  2.2  6.0  9.1  3.0  0.0
     -4.96      5.79      1.71     -0.44      1.05  0.4  0.0  0.9  0.0  0.0
                                     4000_story_2053_llm.txt 36.3  4.3 3391
 11.2  8.8  2.9 41.9  6.5  1.5  4.7  1.5 52.2 33.3  0.6  2.1  0.0  5.6  0.0
  0.3  0.0  5.0 10.6  0.6  1.5209.7 82.3 22.7131.2 58.4 13.0 29.5  0.3  2.7
  0.0  0.9 33.0  8.0  8.0 25.4 10.6  5.0  6.2  2.9  2.9  3.8  2.9  9.1  0.0
  2.1  6.2  4.1  2.1  5.6 13.0 22.7 11.2  0.6  2.9 47.2117.1  4.4184.9  7.1
  1.5  0.0  0.0  0.0  0.0  0.0  0.0  0.0  0.0  0.0  0.0  0.0  0.0  0.0  0.0
  0.0  0.0  0.0 10.3  0.9  2.7  0.3  0.0  0.0  0.0  0.0  0.3  0.0  0.0  1.8
  0.6  1.8  1.8  0.0  0.0  0.3  0.0  0.0  0.0  0.6  0.3  0.0  1.8  0.6  0.0
 14.2  0.0  0.3 14.5  5.9  0.3  6.8  2.7  0.0  0.0  0.0  0.0  0.0  0.0  0.0
  0.3  0.6  0.0  0.6  0.0  0.0  0.0 22.4  3.8  1.2  5.6 13.0  1.2  3.2  7.4
  4.1  1.2  1.5  0.9  0.3  0.6  2.1 36.3 42.2 15.3  1.8  3.8  9.1  4.1  0.0
      2.67      9.14     -0.96      0.86      0.27  1.2  0.0  0.6  0.0  0.0
                                     4000_story_2054_llm.txt 34.0  4.7 2135
 21.1  3.7  1.4 52.0  8.9  2.3  3.3  0.5 21.1 14.1  2.8  1.4  0.0  6.1  0.5
  0.5  2.3  7.5 14.5  0.0  0.9246.8 85.7 39.8102.6 67.4  8.9 14.5  1.4  5.2
  2.3  0.5 39.3  6.6  7.0 30.9  9.8  5.2  3.7  1.4  4.2  1.9  2.3  5.2  0.5
  4.2  7.5  4.2  0.5  8.0 16.9 25.3  9.8  2.3  8.9 71.2 97.4  3.3172.8  8.0
  0.5  0.5  0.0  0.0  0.0  0.0  0.0  0.0  0.0  0.0  0.0  0.0  0.0  0.0  0.0
  0.0  0.0  0.0  3.7  3.7  2.3  2.3  0.9  0.0  0.0  0.0  0.0  0.0  0.0  0.9
  0.5  1.9  0.9  0.5  0.0  1.9  0.0  0.0  0.0  2.3  0.5  0.9  1.9  0.0  0.0
 12.2  0.9  0.0 13.1  4.7  1.9  8.9  3.3  0.0  0.0  0.0  0.0  0.0  0.0  0.0
  0.5  0.5  0.5  0.5  0.0  0.0  0.0 18.3  3.3  1.4  6.6 22.0  1.4  6.1  8.9
  2.3  2.8  1.9  0.5  0.5  0.5  1.4 31.4 26.7 29.5  0.9  5.6 14.5  4.2  0.0
      0.74      5.04      3.71     -0.77      0.34  0.9  0.0  0.0  0.0  0.0
                                     4000_story_2056_llm.txt 35.0  4.8 2282
 11.0  4.8  3.5 46.5  5.3  0.9  4.8  1.3 21.0 10.5  0.0  1.3  0.0  4.8  0.0
  0.4  0.9  3.5 14.0  0.9  0.9240.1 78.0 33.7104.3 68.4 19.3 27.6  1.3  5.7
  0.4  0.9 53.9  6.1  2.2 36.8 15.3  3.5  7.0  3.1  3.1  5.3  3.9 13.1  0.9
  7.9  6.1  9.2  2.2  7.0 10.1 25.4 21.9  1.8  7.4 57.4 94.7  3.1177.9  8.8
  0.9  0.0  0.0  0.0  0.0  0.0  0.0  0.0  0.0  0.0  0.0  0.0  0.0  0.0  0.0
  0.0  0.0  0.0  9.6  2.6  2.6  1.8  0.0  0.0  0.0  0.0  0.0  0.9  0.0  1.3
  0.9  2.6  2.2  0.4  0.0  0.0  0.0  0.0  0.0  0.9  0.4  0.4  3.5  1.3  0.0
 16.7  0.0  0.9 17.5  7.4  0.0  8.3  5.7  0.0  0.0  0.0  0.0  0.0  0.0  0.0
  0.9  0.9  0.0  0.0  0.0  0.0  0.4 27.6  5.7  3.5 11.0 11.8  1.8  3.9  2.2
  4.8  0.4  1.3  0.0  0.0  0.4  1.8 33.7 35.9 18.8  0.9  2.2  9.6  2.6  0.0
     -4.48      9.56      4.57      1.45      4.05  0.4  0.4  0.4  0.0  0.0
                                     4000_story_2057_llm.txt 36.8  4.8 4338
 18.0  5.8  0.0 50.3 13.1  0.2  3.2  1.4 18.4 14.1  1.6  2.1  0.2  2.8  0.7
  0.7  0.0  9.0 16.6  0.5  0.9224.1 78.1 36.9108.1 76.5 20.7 10.8  1.6  4.8
  0.7  2.8 33.7  8.1  5.1 40.6 11.5  4.1  2.3  2.1  1.6  2.8  5.5  6.0  0.2
  4.1  8.5  4.8  3.2 11.8 14.8 32.0 10.4  0.5  7.1 77.2108.1  1.8180.0  6.5
  1.2  0.7  0.0  0.0  0.0  0.0  0.0  0.0  0.0  0.0  0.0  0.0  0.0  0.0  0.0
  0.0  0.0  0.0  4.8  2.1  2.5  2.3  0.5  0.7  0.0  0.0  0.0  0.2  0.0  1.2
  0.7  1.8  1.6  0.2  0.0  0.0  0.2  0.0  0.5  0.9  0.9  0.2  3.0  1.2  0.0
 11.8  1.2  0.2 13.1  5.5  0.7  7.1  5.3  0.0  0.0  0.0  0.0  0.0  0.0  0.0
  0.7  0.5  0.2  0.0  0.0  0.0  0.0 12.7  7.1  1.4  6.0 12.9  1.8  4.1  3.7
  2.1  1.4  1.8  0.7  0.5  0.9  0.5 31.4 25.1 29.0  1.8  4.1 10.6  4.6  0.0
     -2.13      7.23      2.23     -2.06      2.26  0.7  0.0  0.2  0.0  0.0
                                     4000_story_2063_llm.txt 33.8  4.2 4736
 24.9  9.3 15.6 74.5 17.7  2.5  5.9  1.9 25.8 15.8  1.5  2.1  0.6  4.4  1.3
  1.3  0.4  8.7 12.9  1.7  2.7201.0 78.8 17.9 98.2 92.7 20.3 18.6  0.8  4.4
  0.4  1.3 26.6 11.2  7.6 32.9 11.4  4.0  3.2  4.0  3.2  1.5  3.4  4.9  0.4
  1.9  8.2  1.1  3.2  8.4 15.8 28.5  7.2  2.1  5.7 49.8136.2  4.0186.7  6.3
  1.3  0.0  0.0  0.0  0.0  0.0  0.0  0.0  0.0  0.0  0.0  0.0  0.0  0.0  0.0
  0.0  0.0  0.0  6.1  0.4  2.5  2.1  0.0  0.0  0.0  0.0  0.0  0.2  0.2  1.1
  0.6  1.5  1.1  0.8  0.0  0.0  0.0  0.0  0.0  0.4  1.3  0.0  2.1  2.3  0.0
 11.2  0.0  0.4 11.6  5.1  0.0  5.5  5.7  0.0  0.0  0.0  0.0  0.0  0.0  0.0
  0.0  1.3  0.6  0.2  0.0  0.0  0.4 22.8  4.6  2.7  6.5  9.7  2.3  4.6  4.4
  1.5  1.3  1.5  0.4  0.4  1.5  0.0 37.4 31.3 31.9  1.5  5.1  9.1  5.5  0.0
      9.60      8.96     -0.92     -0.71      0.16  0.6  0.2  0.0  0.0  0.0
                                     4000_story_2064_llm.txt 32.8  4.8 3607
  8.6  1.7  4.2 31.9  4.2  1.1  1.9  1.7 33.3 12.5  0.6  1.1  0.0  3.0  0.6
  0.6  0.8  3.9 11.4  0.3  0.8262.5102.3 41.0 96.8 49.3 13.0 10.5  2.5  2.5
  0.6  2.8 51.8  5.3  6.1 29.1  9.4  1.7  2.8  0.3  3.0  2.2  5.0  8.6  1.9
  6.1  5.8  4.4  2.8  5.5  8.6 21.3 16.6  1.1  5.5 70.4 86.8  1.7151.1  5.3
  1.9  0.3  0.0  0.0  0.0  0.0  0.0  0.0  0.0  0.0  0.0  0.0  0.0  0.0  0.0
  0.0  0.0  0.0  3.6  0.0  2.5  0.8  0.0  0.0  0.0  0.0  0.0  0.0  0.6  1.1
  0.3  1.9  0.8  0.3  0.3  0.3  0.0  0.3  0.0  0.3  0.6  0.3  2.2  0.8  0.0
  6.9  0.0  0.6  7.5  4.4  0.8  5.5  3.9  0.0  0.0  0.0  0.0  0.0  0.0  0.0
  1.4  0.3  0.0  0.3  0.0  0.0  0.0 13.9  4.7  3.0 11.9 13.9  1.9  4.4  5.3
  2.5  1.1  0.8  0.6  0.6  1.1  1.4 25.5 20.8 15.0  3.0  5.5  7.8  4.2  0.0
     -9.18      4.11      3.87     -2.85      4.26  1.1  0.0  0.0  0.0  0.0
                                     4000_story_2067_llm.txt 38.3  4.4 3962
 14.1  3.5 36.9 69.9 18.9  2.0  3.8  1.0 27.0 13.9  1.8  1.3  0.5  5.8  0.5
  0.5  0.8  9.8 12.1  1.3  2.0269.1 72.2 31.0 87.6 56.3 17.4 11.1  0.5  1.0
  0.5  1.5 26.8  8.6 12.4 38.1  7.6 10.1  1.8  4.3  2.3  2.0  3.0  5.8  0.5
  4.8  8.8  1.3  1.8  4.0 22.2 28.0 11.1  2.0  2.0 60.3102.2  4.8171.9  3.8
  1.5  0.0  0.0  0.0  0.0  0.0  0.0  0.0  0.0  0.0  0.0  0.0  0.0  0.0  0.0
  0.0  0.0  0.0  1.8  0.5  1.5  1.5  0.0  0.0  0.0  0.0  0.0  0.0  0.0  0.3
  0.5  1.3  0.8  0.0  0.3  0.8  0.0  0.0  0.0  0.5  0.0  0.0  3.5  0.5  0.0
  5.3  0.0  0.0  5.3  2.8  1.0  4.3  4.0  0.0  0.0  0.0  0.0  0.0  0.0  0.0
  0.5  0.0  0.0  0.0  0.3  0.0  0.0  7.8  2.8  3.3  7.1 18.2  1.5  4.5 12.6
  5.3  2.0  2.8  1.0  1.0  0.3  0.3 33.6 22.5 22.0  2.5  3.5 10.3  5.3  0.0
      3.76      5.06     -3.60      0.21      1.08  0.8  0.0  0.0  0.0  0.0
                                     4000_story_2068_llm.txt 35.5  4.4 7330
 12.3  4.2 14.5 43.7  4.0  1.4  2.5  1.1 16.2 10.5  1.6  1.1  0.5  5.0  0.8
  0.3  0.1  5.5 17.6  0.8  2.7277.4 88.1 32.7109.1 57.7 18.7 14.2  0.5  2.9
  0.3  1.2 25.4  7.2 14.6 37.1  7.1  5.7  2.0  3.0  2.6  3.0  3.3  7.8  0.3
  3.8  6.1  2.5  2.9  4.4 13.8 29.1 11.9  1.0  3.7 61.4 77.9  3.3166.0  2.7
  1.2  0.0  0.0  0.0  0.0  0.0  0.0  0.0  0.0  0.0  0.0  0.0  0.0  0.0  0.0
  0.0  0.0  0.0  3.8  0.5  1.8  1.9  0.0  0.0  0.0  0.0  0.0  0.0  0.1  0.5
  0.4  1.1  0.4  0.7  0.0  0.4  0.0  0.1  0.1  0.1  0.3  0.0  2.7  0.3  0.0
  8.0  0.0  0.1  8.2  3.1  0.7  4.0  3.3  0.0  0.0  0.0  0.0  0.0  0.0  0.0
  0.3  0.4  0.0  0.0  0.0  0.1  0.3 11.3  4.5  1.2  6.7 16.8  2.3  5.7 14.5
  6.5  2.9  4.2  1.9  0.8  1.2  0.8 34.8 23.5 19.2  2.3  5.5 11.1  6.8  0.0
     -3.24      6.65     -3.28     -0.78      1.04  0.5  0.0  0.0  0.0  0.0
                                     4000_story_2069_llm.txt 37.3  4.3 3976
 16.9  8.0 38.0 66.1  7.5  0.8  3.3  0.8 41.0 13.1  2.0  0.5  0.0  4.5  1.0
  0.5  0.5  7.8 19.4  2.0  3.0263.3 84.0 27.2 94.1 59.6 12.8 12.3  0.3  1.5
  0.3  1.5 20.4  5.8  9.1 34.7  8.6  6.8  2.3  4.5  1.8  1.3  4.0  6.0  0.8
  4.0  8.8  1.8  2.5  4.3 16.3 34.7 10.8  2.5  2.0 51.8108.1  4.3175.6  1.8
  0.8  0.0  0.0  0.0  0.0  0.0  0.0  0.0  0.0  0.0  0.0  0.0  0.0  0.0  0.0
  0.0  0.0  0.0  4.5  2.5  2.5  0.8  0.0  0.0  0.0  0.0  0.0  0.0  0.0  0.0
  0.0  0.5  1.5  0.3  0.0  0.3  0.0  0.0  0.0  0.0  0.5  0.0  2.8  0.5  0.0
 10.3  0.0  0.0 10.3  2.3  0.3  2.5  3.8  0.0  0.0  0.0  0.0  0.0  0.0  0.0
  0.5  0.0  0.0  0.0  0.0  0.0  0.3 11.8  2.0  2.3  8.3 20.9  0.8  5.3  8.8
  2.8  1.8  3.8  1.5  1.0  0.5  0.3 36.7 20.4 22.1  1.0  3.8 11.3  4.8  0.0
      5.00      4.76     -2.21     -0.86      1.68  0.5  0.0  0.0  0.3  0.0
                                     4000_story_2070_llm.txt 36.8  4.5 2641
 16.7  1.9  1.5 39.4  3.4  0.0  0.4  1.5 39.0 17.0  1.1  1.1  0.0  3.4  0.8
  1.5  0.4  5.7 24.6  1.5  0.4251.0 96.6 51.9 86.0 31.8 15.5  5.3  2.7  8.0
  1.1  2.3 39.4  5.3  6.4 38.6 12.5  2.3  3.0  2.3  1.5  3.8  4.5 10.2  0.4
  2.3  9.1  2.7  2.3  4.9  9.5 39.4 12.9  1.9 11.7 76.1 74.2  3.4143.1  2.7
  0.4  0.0  0.0  0.0  0.0  0.0  0.0  0.0  0.0  0.0  0.0  0.0  0.0  0.0  0.0
  0.0  0.0  0.0  1.5  1.9  1.1  2.7  0.0  0.0  0.0  0.0  0.0  0.0  0.0  0.8
  0.8  1.5  1.9  1.9  0.0  0.4  0.0  0.4  0.0  0.4  0.0  0.0  4.2  0.4  0.0
  7.2  0.0  0.0  7.2  6.8  0.8  8.0  4.5  0.0  0.0  0.0  0.0  0.0  0.0  0.0
  0.0  0.0  0.0  0.4  0.0  0.0  0.4 18.2  3.0  2.3  8.7 15.9  2.7  4.9 13.6
  4.5  2.7  4.9  2.3  0.8  1.1  0.4 30.3 17.0 22.3  1.1  3.8 11.0  4.2  0.0
     -3.10      2.48      5.52     -1.82      1.79  1.5  0.0  0.0  0.0  0.0
                                     4000_story_2073_llm.txt 35.0  4.4 5711
 15.8  9.5 28.7 56.0  7.9  1.4  4.4  2.1 25.0 15.2  0.9  1.4  0.2  6.8  0.7
  0.5  1.6  9.3 15.4  1.4  2.8253.9 74.9 27.0110.0 70.4 17.0 18.2  0.2  0.9
  1.1  1.4 21.5  8.4  8.4 36.4 11.2  9.6  3.0  4.9  3.0  1.1  4.4  6.8  0.4
  2.1  9.5  1.9  1.9  5.1 21.9 32.6  9.3  3.0  2.1 56.0103.3  3.7179.0  3.2
  1.6  0.2  0.0  0.0  0.0  0.0  0.0  0.0  0.0  0.0  0.0  0.0  0.0  0.0  0.0
  0.0  0.0  0.0  8.1  0.5  2.1  2.1  0.2  0.0  0.0  0.0  0.0  0.0  0.4  0.7
  0.4  0.7  0.4  1.1  0.0  0.2  0.0  0.0  0.0  0.5  0.7  0.0  4.2  1.9  0.0
 12.8  0.2  0.4 13.3  3.2  0.2  3.9  6.8  0.0  0.0  0.0  0.0  0.0  0.0  0.0
  0.7  0.9  0.0  0.0  0.0  0.0  0.0  8.9  2.8  3.0  8.6 17.5  1.8  5.1  5.8
  3.7  0.7  0.5  1.6  0.7  0.4  0.0 40.6 28.0 23.5  2.5  3.9  9.5  5.8  0.0
      7.38      7.66     -2.46      0.71      1.09  0.7  0.0  0.0  0.2  0.0
                                     4000_story_2074_llm.txt 38.3  4.2 6063
 16.2  4.3 38.3 70.4  9.1  1.5  3.1  2.3 31.7 17.8  1.0  1.2  0.5  4.6  1.2
  0.7  0.5  8.2 17.3  1.0  2.5253.5 78.0 32.5 90.7 49.3 17.6 15.7  0.8  1.5
  0.3  1.8 18.5  7.4 13.0 34.8  9.1 11.1  2.0  4.6  2.0  1.8  3.8  5.9  0.8
  2.8  8.2  0.5  2.5  4.6 21.3 33.2  9.6  1.5  2.6 67.6 90.1  5.3173.2  2.6
  0.7  0.0  0.0  0.0  0.0  0.0  0.0  0.0  0.0  0.0  0.0  0.0  0.0  0.0  0.0
  0.0  0.0  0.0  2.0  0.3  1.8  1.0  0.0  0.0  0.0  0.0  0.0  0.0  0.0  0.0
  0.3  0.8  0.8  0.5  0.0  0.2  0.0  0.0  0.0  0.2  0.3  0.0  3.5  1.6  0.0
  5.1  0.0  0.0  5.1  2.5  0.2  2.8  5.4  0.0  0.0  0.0  0.0  0.0  0.0  0.0
  0.7  0.5  0.0  0.0  0.0  0.0  0.0  6.4  2.5  1.5  6.8 23.3  2.0  6.1 10.2
  5.1  3.1  3.0  1.5  1.0  0.7  0.3 41.9 21.6 21.4  1.5  5.3 13.4  7.1  0.0
      4.69      5.74     -3.47      0.43      1.18  0.5  0.0  0.0  0.0  0.0
                                     4000_story_2075_llm.txt 35.0  4.4 4854
 10.5  2.1  2.7 35.0  0.6  0.2  1.6  1.4 22.9 12.8  0.4  0.8  0.4  3.7  0.6
  0.6  0.0  6.0 22.5  0.4  2.1254.2107.1 47.2 84.5 33.2 19.2  5.6  1.4  4.7
  0.4  2.9 21.2  4.1 11.1 36.1  6.8  2.1  1.0  1.6  1.0  2.9  3.7  6.6  0.8
  1.2  7.2  1.4  2.7  3.3  9.1 35.0  8.7  0.4  6.6 79.9 56.7  1.9136.6  6.4
  1.4  0.2  0.0  0.0  0.0  0.0  0.0  0.0  0.0  0.0  0.0  0.0  0.0  0.0  0.0
  0.0  0.0  0.0  1.4  1.0  0.6  2.7  0.0  0.0  0.0  0.0  0.0  0.0  0.0  0.2
  1.0  1.2  0.0  1.6  0.0  0.4  0.0  0.2  0.0  0.6  0.0  0.0  1.6  1.0  0.0
  5.8  0.0  0.0  5.8  4.1  0.6  5.4  2.7  0.0  0.0  0.0  0.0  0.0  0.0  0.0
  0.0  0.0  0.0  0.0  0.2  0.0  0.2 10.9  4.5  1.6  8.4 19.4  1.0  5.2 20.4
  4.7  4.7  5.4  3.9  0.4  0.8  0.4 31.5 10.3 14.4  1.0  6.2 11.5  6.4  0.0
     -6.68      3.24      0.61     -3.39      0.72  0.4  0.0  0.0  0.0  0.0
                                     4000_story_2076_llm.txt 36.5  4.9 2254
 10.6  2.2  2.2 16.9  0.9  0.4  1.8  0.4  1.3 10.6  1.8  0.9  0.0  4.9  0.9
  1.8  0.0  4.4  8.9  0.0  1.8282.2 93.2 39.5122.0 57.7 18.6  8.9  0.9  3.5
  0.4  4.0 40.8  8.4  8.4 38.6  6.7  3.1  2.7  0.9  1.3  2.7  2.2  7.5  0.9
  4.4  7.1  4.0  3.5  7.5  8.9 21.7 12.9  0.0  4.9 79.4 59.9  1.3163.3  8.0
  0.9  0.9  0.0  0.0  0.0  0.0  0.0  0.0  0.0  0.0  0.0  0.0  0.0  0.0  0.0
  0.0  0.0  0.0  1.8  0.9  1.8  1.8  0.0  0.4  0.0  0.0  0.0  0.4  0.4  0.0
  0.0  0.9  1.3  0.4  0.4  0.4  0.0  0.0  0.0  0.4  0.0  0.0  0.4  0.9  0.0
  6.2  0.4  0.9  7.5  2.7  0.9  4.0  1.3  0.0  0.0  0.0  0.0  0.0  0.0  0.0
  0.4  0.4  0.0  0.0  0.0  0.0  0.0  9.3  4.4  2.2 12.4 21.3  2.7  5.8  5.8
  4.0  0.9  1.8  0.4  0.9  0.4  1.3 43.9 21.7 14.2  0.9  5.3 12.4  4.0  0.0
    -11.99      6.08      0.91     -2.91      1.02  1.3  0.0  0.0  0.0  0.0
                                     4000_story_2077_llm.txt 38.3  4.7 5834
 10.3  2.6 11.3 59.8 12.3  1.5  1.9  1.5 14.2 14.6  2.6  1.7  0.5  5.1  0.7
  1.0  1.0  6.0  6.3  0.5  1.5259.0 84.0 42.0 90.7 62.6 14.6  5.5  0.9  1.9
  0.5  3.4 54.9  6.7  9.3 36.0  5.8  7.5  1.7  3.4  2.1  1.7  6.0  5.1  1.0
  2.6  6.9  2.2  3.9  6.3 15.6 21.8  8.7  1.5  3.3 72.3 89.1  2.9162.5  5.1
  1.0  0.0  0.0  0.0  0.0  0.0  0.0  0.0  0.0  0.0  0.0  0.0  0.0  0.0  0.0
  0.0  0.0  0.0  2.2  0.7  1.4  0.7  0.0  0.0  0.0  0.0  0.0  0.0  0.2  0.5
  0.0  1.7  0.5  0.5  0.0  0.3  0.2  0.0  0.0  0.9  0.2  0.0  2.1  2.4  0.0
  5.0  0.0  0.2  5.1  3.3  0.5  4.6  4.6  0.0  0.0  0.0  0.0  0.0  0.0  0.0
  0.2  0.3  0.0  0.0  0.0  0.0  0.0 18.2  4.5  2.9  8.6 21.9  3.9  5.0  7.2
  2.2  2.9  2.1  0.9  0.9  1.0  0.3 29.3 16.6 16.1  1.9  4.6 11.8  5.1  0.0
     -3.70      3.85      1.29     -1.03      2.52  0.2  0.0  0.0  0.0  0.0
                                     4000_story_2078_llm.txt 36.0  4.7 5151
 13.4  3.5  9.3 48.0 12.0  0.2  3.3  1.0 13.4 12.6  1.2  1.6  0.6  4.1  0.2
  1.7  0.6  4.1  4.7  0.8  1.9276.8 84.4 31.6105.6 58.2 16.3 15.1  1.2  4.1
  0.2  3.5 49.7  7.0  7.6 27.8  9.1  7.0  4.1  1.9  1.9  1.6  2.5 13.8  0.2
  4.5  5.2  4.5  1.4  5.4 13.0 16.9 18.4  1.4  5.4 57.9 83.7  1.9168.5  5.2
  0.8  0.2  0.0  0.0  0.0  0.0  0.0  0.0  0.0  0.0  0.0  0.0  0.0  0.0  0.0
  0.0  0.0  0.0  4.9  1.6  2.5  0.8  0.6  0.0  0.2  0.0  0.0  0.0  0.0  0.8
  0.6  1.4  0.2  0.8  0.2  0.4  0.2  0.0  0.0  0.6  0.2  0.0  2.1  0.2  0.0
  9.7  0.8  0.0 10.5  3.7  0.8  5.0  2.5  0.0  0.0  0.0  0.0  0.0  0.0  0.0
  0.0  0.2  0.0  0.2  0.0  0.0  1.0 13.2  4.9  2.5 12.6 11.8  2.3  5.4  6.8
  5.4  1.9  1.2  0.8  0.8  0.8  2.5 30.9 28.7 20.2  1.9  3.5  9.5  6.8  0.0
     -6.37      6.28      2.82     -1.20      1.63  0.4  0.0  0.0  0.2  0.0
                                     4000_story_2079_llm.txt 37.8  4.4 3649
 12.3  7.4  2.2 28.8  4.1  0.0  1.1  0.5 61.9  8.8  0.5  2.2  0.3  2.5  0.5
  0.3  0.5  1.9 10.7  0.8  1.6246.4 98.4 32.6121.1 46.9 13.2 14.5  0.8  5.8
  0.8  3.8 26.3  5.2  8.8 36.4  8.8  3.6  3.0  2.5  3.0  1.6  2.5  7.7  0.5
  3.3  7.7  3.8  1.1  5.8  8.5 26.9 11.5  1.4  7.4 60.8112.9  2.2166.1  4.4
  0.8  0.3  0.0  0.0  0.0  0.0  0.0  0.0  0.0  0.0  0.0  0.0  0.0  0.0  0.0
  0.0  0.0  0.0  5.2  1.6  1.6  3.8  0.3  0.0  0.0  0.3  0.0  0.0  0.0  0.3
  0.5  0.8  0.8  0.5  0.3  0.3  0.0  0.0  0.0  0.5  0.5  0.0  0.8  1.1  0.0
 12.3  0.3  0.3 12.9  3.0  0.5  4.1  2.5  0.0  0.0  0.0  0.0  0.0  0.0  0.0
  1.1  0.0  0.0  0.0  0.0  0.0  0.3 13.4  3.0  1.1  8.2 22.5  0.5  6.9  9.3
  7.1  1.9  1.4  3.0  0.8  0.5  0.5 35.6 22.7 21.1  0.8  3.6 10.4  5.8  0.0
     -5.76      5.56      2.19     -1.57      0.56  0.5  0.0  0.0  0.0  0.0
                                     4000_story_2080_llm.txt 37.3  4.8 3852
 13.0  2.6  0.3 22.3  1.3  0.0  0.5  0.5  1.8 13.8  0.5  1.0  0.3  1.8  0.3
  0.8  0.5  4.9  7.3  0.8  1.0256.0105.1 40.2107.5104.9 23.9  9.6  1.6  2.1
  2.1  5.2 56.6  5.7  9.9 29.3  7.0  1.6  2.6  1.0  0.5  2.3  3.4  4.4  1.6
  4.4  6.7  7.0  1.3  4.2  7.0 21.3 10.4  1.3  5.7 73.5108.0  1.3149.0  5.2
  0.5  0.3  0.0  0.0  0.0  0.0  0.0  0.0  0.0  0.0  0.0  0.0  0.0  0.0  0.0
  0.0  0.0  0.0  3.9  0.5  2.9  3.1  0.0  0.3  0.0  0.0  0.0  0.0  0.3  0.5
  0.3  0.5  1.0  1.8  0.0  0.5  0.0  0.0  0.0  0.5  0.0  0.0  0.8  0.5  0.0
 10.4  0.3  0.3 10.9  4.2  0.5  5.2  1.3  0.0  0.0  0.0  0.0  0.0  0.0  0.0
  0.0  0.0  0.0  0.0  0.0  0.0  0.0  8.0  5.7  7.3 15.3 20.5  3.9  2.9  9.3
  4.2  2.3  0.5  1.6  0.5  1.0  1.8 27.0 22.8 21.5  1.8  6.7 13.5  5.2  0.0
    -12.27      8.84      4.47     -3.74      1.77  0.8  0.0  0.3  0.3  0.0
                                     4000_story_2081_llm.txt 37.5  4.4 2417
 13.7  4.1  1.7 29.4  2.9  0.0  0.4  0.8 72.4 10.8  0.8  2.1  1.7  3.7  0.4
  0.0  0.0  5.4  9.9  0.8  0.0235.4107.2 34.8114.2 45.5 12.8  6.2  0.8  0.8
  0.4  4.1 27.3  4.6 15.3 30.6  7.0  5.8  3.3  1.2  0.8  2.1  0.4  5.0  1.2
  3.7  9.9  2.5  5.4  5.4 12.0 27.3  9.9  0.8  2.1 65.8120.8  1.2165.1  7.9
  2.1  0.0  0.0  0.0  0.0  0.0  0.0  0.0  0.0  0.0  0.0  0.0  0.0  0.0  0.0
  0.0  0.0  0.0  2.1  2.1  2.9  2.5  0.4  0.0  0.0  0.0  0.0  0.0  0.4  0.4
  0.8  2.1  1.2  0.8  0.0  0.0  0.0  0.0  0.0  1.7  0.0  0.0  1.7  0.8  0.0
  9.5  0.4  0.4 10.3  5.4  0.0  7.0  2.5  0.0  0.0  0.0  0.0  0.0  0.0  0.0
  0.0  0.0  0.4  0.0  0.4  0.0  0.0  5.0  1.2  1.2  7.0 25.2  5.4  3.7  9.5
  3.3  2.1  0.8  3.3  0.4  0.0  0.0 40.5 17.0 21.9  1.2  5.4 13.2  5.4  0.0
     -5.69      3.67     -1.86     -2.37     -0.46  0.4  0.0  0.0  0.4  0.0
                                     4000_story_2082_llm.txt 34.0  4.2 2583
 15.9  8.9  4.3 29.4  1.9  0.8  0.8  1.9  2.3 12.8  0.8  1.2  0.0  9.3  0.0
  3.5  0.0  3.9 20.5  0.0  1.5211.8 83.2 35.2123.5 85.6 15.5 18.2  0.0  2.7
  0.0  3.9 15.9 10.5 12.0 32.5  8.1  9.7  3.9  0.8  3.1  2.3  3.9  5.8  0.0
  0.8 10.8  4.6  5.0  8.5 16.6 37.2  6.6  0.0  2.7 68.5 89.8  2.7169.6  7.0
  1.2  0.4  0.0  0.0  0.0  0.0  0.0  0.0  0.0  0.0  0.0  0.0  0.0  0.0  0.0
  0.0  0.0  0.0  8.9  3.5  0.8  0.4  0.0  0.0  0.0  0.0  0.0  0.0  0.0  0.4
  0.8  0.4  0.4  0.0  0.0  0.0  0.0  0.4  0.4  0.0  0.4  0.0  2.3  1.9  0.0
 13.6  0.0  0.0 13.6  1.9  0.8  2.7  4.6  0.0  0.0  0.0  0.0  0.0  0.0  0.0
  0.8  1.5  0.0  0.0  0.0  0.0  0.0 16.3  2.3  1.2  3.9 27.5  3.1  3.5  5.4
  1.9  4.3  1.9  0.8  2.7  0.0  0.0 36.4 27.9 20.9  1.5  5.0  6.6  6.2  0.0
     -0.07      8.49     -3.50     -0.30     -0.08  0.0  0.4  0.4  0.0  0.0
                                     4000_story_2083_llm.txt 35.8  4.3 4598
 10.4  7.6 15.0 52.6 22.6  1.5  2.6  0.7 19.1 12.6  1.1  0.4  0.2  5.0  0.0
  0.2  1.7  2.8  8.7  0.9  1.3252.1 80.0 27.0111.6 74.6 10.4 15.2  0.4  0.7
  0.0  3.3 22.4  8.7 12.2 28.5  7.0 11.7  2.4  2.2  0.9  1.3  3.3  5.0  0.2
  3.0  4.1  1.3  2.0  5.7 15.4 18.7  8.3  2.6  1.1 62.6116.4  4.3179.9  7.4
  0.2  0.2  0.0  0.0  0.0  0.0  0.0  0.0  0.0  0.0  0.0  0.0  0.0  0.0  0.0
  0.0  0.0  0.0  5.7  1.3  2.4  1.1  0.2  0.0  0.0  0.0  0.0  0.0  0.0  0.4
  0.4  1.3  0.7  0.4  0.0  0.2  0.0  0.0  0.0  0.9  0.0  0.0  1.1  0.9  0.0
 10.4  0.2  0.0 10.7  3.3  0.2  4.3  2.0  0.0  0.0  0.0  0.0  0.0  0.0  0.0
  0.0  0.9  0.0  0.0  0.0  0.0  0.4 13.7  4.1  1.5  5.7 32.6  3.9  6.1  5.7
  2.2  3.0  0.9  1.7  0.4  0.9  0.4 41.8 22.2 13.3  2.0  6.1 13.3  5.4  0.0
     -0.73      6.08     -3.37     -1.11      0.32  0.2  0.0  0.0  0.0  0.0
                                     4000_story_2086_llm.txt 35.0  4.4 5966
 10.6  4.5 18.3 55.1 13.2  0.8  5.4  0.5 15.3 18.8  1.2  1.2  1.2  4.4  0.3
  0.8  1.5  2.3  7.4  0.7  1.8272.0 89.3 38.6 99.1 63.2  6.9 15.8  0.3  1.3
  0.8  3.0 26.8  8.2 10.1 28.2  6.7  6.2  1.7  2.5  2.0  0.8  2.2  6.5  1.2
  3.5  6.5  1.3  2.2  5.0 10.6 20.6 11.2  2.2  2.5 62.7 91.7  2.7165.8  4.9
  0.3  0.0  0.0  0.0  0.0  0.0  0.0  0.0  0.0  0.0  0.0  0.0  0.0  0.0  0.0
  0.0  0.0  0.0  3.7  0.2  1.5  0.3  0.0  0.0  0.0  0.0  0.0  0.0  0.0  0.5
  0.2  0.3  0.3  0.3  0.0  0.3  0.0  0.0  0.0  0.2  0.3  0.0  1.3  0.5  0.0
  5.7  0.0  0.0  5.7  1.7  0.3  2.2  2.2  0.0  0.0  0.0  0.0  0.0  0.0  0.0
  0.5  0.3  0.2  0.0  0.0  0.0  0.0 10.2  2.8  1.7  9.4 29.0  5.2  3.4  6.0
  0.8  2.0  1.2  2.0  1.0  0.3  1.5 34.0 21.8 12.7  1.3  4.2 10.7  5.2  0.0
     -2.31      4.58     -1.32     -2.15      0.76  0.3  0.0  0.0  0.0  0.0
                                     4000_story_2087_llm.txt 34.3  4.5 2988
 11.7  4.0  1.0 31.5  2.0  0.7  1.3  1.3  1.0  7.0  2.7  0.7  0.3  2.0  0.0
  0.3  1.7  4.7 14.1  1.0  0.7272.4 93.4 33.8109.1 92.7 22.8  8.0  0.3  5.0
  0.3  4.0 26.8  5.7  9.0 29.1  5.7 11.0  1.0  1.7  1.0  2.3  3.7  5.7  0.3
  5.0  7.7  1.7  2.7  4.7 16.7 28.1 11.0  2.7  5.7 63.3 95.7  4.0160.3  4.7
  1.3  0.0  0.0  0.0  0.0  0.0  0.0  0.0  0.0  0.0  0.0  0.0  0.0  0.0  0.0
  0.0  0.0  0.0  3.3  0.7  1.3  1.0  0.0  0.0  0.0  0.0  0.0  0.0  0.0  0.7
  0.0  0.7  1.0  0.3  0.0  0.3  0.0  0.3  0.0  0.3  0.0  0.0  2.7  0.3  0.0
  6.4  0.0  0.0  6.4  2.7  0.7  3.7  3.0  0.0  0.0  0.0  0.0  0.0  0.0  0.0
  0.3  0.7  0.0  0.0  0.0  0.0  0.0 15.7  2.7  0.7  7.0 23.8  3.0  6.0 10.4
  7.7  3.3  2.0  2.0  0.7  0.7  0.0 38.2 19.4 19.1  2.7  2.7 14.4  6.7  0.0
     -7.84      7.85      1.39     -1.48      1.41  0.3  0.0  0.0  0.0  0.0
                                     4000_story_2089_llm.txt 36.5  4.3 2990
 15.7  7.0 10.4 32.8  2.3  0.0  3.0  0.3 56.2 15.4  1.0  0.3  0.7  9.0  1.0
  1.3  0.0  6.4 13.4  1.3  2.7225.4 80.6 27.1123.1 62.9 14.0 16.4  0.0  0.7
  0.3  4.0 27.8  4.7  9.7 32.8  5.7  8.4  3.7  3.0  1.7  2.0  4.3  9.7  0.0
  2.7 11.7  1.7  3.0  5.7 16.4 32.4 12.4  1.3  1.0 70.9121.4  2.0171.9  8.7
  1.7  0.3  0.0  0.0  0.0  0.0  0.0  0.0  0.0  0.0  0.0  0.0  0.0  0.0  0.0
  0.0  0.0  0.0  4.7  1.3  1.3  1.7  0.3  0.0  0.0  0.0  0.0  0.0  0.0  0.7
  0.3  0.3  1.0  1.3  0.0  0.0  0.0  0.0  0.0  0.7  0.0  0.0  2.3  1.0  0.0
  9.0  0.3  0.0  9.4  3.7  0.0  4.3  3.3  0.0  0.0  0.0  0.0  0.0  0.0  0.0
  0.0  0.7  0.0  0.0  0.0  0.0  0.7  6.0  3.3  1.0  7.7 25.1  3.3  3.0  7.4
  2.0  1.3  2.7  2.7  0.7  0.3  0.3 36.8 28.1 20.4  1.0  5.7 10.0  6.7  0.0
      2.91      6.85     -1.03     -0.46      1.42  0.0  0.0  0.0  0.0  0.0
                                     4000_story_2090_llm.txt 37.3  4.5 3778
 11.1  3.2  7.7 34.9  7.1  1.3  1.6  1.3  5.8 13.2  1.3  0.0  0.0  4.5  0.0
  0.3  0.8  4.8  9.0  0.8  2.6261.5 98.2 39.2105.3 86.6 12.4  4.8  0.3  2.6
  0.0  1.9 33.1  5.8 13.8 34.9  4.0  4.8  2.6  2.9  0.8  0.5  3.4  4.0  0.3
  5.3  5.6  1.6  0.5  2.9 10.3 19.3  9.5  1.6  2.9 76.0 99.5  2.9157.8  7.4
  0.0  0.0  0.0  0.0  0.0  0.0  0.0  0.0  0.0  0.0  0.0  0.0  0.0  0.0  0.0
  0.0  0.0  0.0  1.6  1.1  2.4  0.8  0.0  0.0  0.0  0.0  0.0  0.0  0.0  0.0
  0.3  0.0  0.3  0.3  0.0  0.8  0.0  0.3  0.0  0.0  0.0  0.0  1.9  0.8  0.0
  5.8  0.0  0.0  5.8  0.8  1.1  1.9  2.6  0.0  0.0  0.0  0.0  0.0  0.0  0.0
  0.0  0.5  0.0  0.0  0.0  0.0  0.0 14.3  3.2  1.9  5.6 23.0  3.2  1.9  5.8
  1.9  2.6  1.6  2.4  0.5  0.5  0.5 43.7 13.5 11.6  2.1  4.2 10.6  7.1  0.0
     -7.60      4.86     -2.26     -2.70      1.04  0.8  0.0  0.0  0.0  0.0
                                     4000_story_2091_llm.txt 35.3  4.3 2628
 13.3  5.3  0.0 48.7  7.6  0.0  2.7  0.4 65.4 13.3  0.4  2.7  0.8  4.6  0.0
  1.1  1.5  6.8  8.8  0.4  1.5231.7 80.3 22.5105.4 49.5 17.9 11.0  0.0  0.4
  0.0  1.9 25.9  7.6 12.9 33.9  8.8  6.1  2.3  3.4  2.7  2.3  5.3  8.4  0.0
  1.9  6.1  1.1  4.2  6.5 15.6 22.8 10.3  1.9  0.4 56.7122.5  1.5167.0  5.3
  0.0  0.0  0.0  0.0  0.0  0.0  0.0  0.0  0.0  0.0  0.0  0.0  0.0  0.0  0.0
  0.0  0.0  0.0  2.3  3.0  2.3  0.8  0.0  0.0  0.0  0.0  0.0  0.0  0.0  0.4
  0.4  1.1  1.1  0.8  0.0  0.0  0.0  0.0  0.0  0.4  0.8  0.0  1.1  1.5  0.0
  8.4  0.0  0.0  8.4  3.8  0.0  4.2  3.4  0.0  0.0  0.0  0.0  0.0  0.0  0.0
  0.4  0.0  0.0  0.0  0.0  0.0  0.4 18.6  4.2  1.5  8.0 30.1  0.4  3.8  8.0
  4.9  1.5  1.5  1.5  0.8  0.4  0.0 36.5 18.6 16.7  1.9  8.4 11.4  6.5  0.0
      1.07      5.42     -4.24     -0.68      1.59  0.0  0.0  0.0  0.0  0.0
                                     4000_story_2092_llm.txt 36.0  4.9 4309
 11.1  3.5  0.9 33.0  2.6  0.2  2.8  1.6  4.9 16.2  1.2  2.3  0.0  4.9  0.9
  0.9  0.9  7.7 14.9  1.2  0.7233.7 83.1 39.7101.9 58.3 12.8  7.4  0.7  3.0
  0.7  0.2 49.0  6.7  7.9 39.2 11.4  4.6  2.8  3.2  2.6  4.2  6.5 15.5  1.2
  5.8  8.8  4.4  4.9  5.6 14.9 29.5 22.5  2.1  4.4 72.9 65.7  1.9156.0  5.1
  2.3  0.2  0.0  0.0  0.0  0.0  0.0  0.0  0.0  0.0  0.0  0.0  0.0  0.0  0.0
  0.0  0.0  0.0  3.9  0.9  1.6  2.8  0.0  0.2  0.0  0.0  0.0  0.0  0.2  0.5
  0.2  1.9  1.9  0.5  0.0  1.2  0.2  0.0  0.0  1.6  0.0  0.2  2.3  1.4  0.0
  9.3  0.2  0.2  9.7  4.9  1.4  7.9  3.9  0.0  0.0  0.0  0.0  0.0  0.0  0.0
  0.0  0.0  0.0  0.0  0.0  0.0  0.0 19.3  7.0  4.4 10.2 15.5  0.7  9.5  5.8
  0.7  1.9  3.5  1.6  0.0  1.2  2.1 25.5 17.9 20.4  2.6  4.6 10.2  6.3  0.0
     -2.93      4.04      0.54     -0.24      5.55  0.7  0.2  0.0  0.0  0.0
                                     4000_story_2094_llm.txt 35.0  4.6 3685
 13.6  2.4  0.3 58.1  3.5  0.3  2.2  0.8 81.1 17.9  0.8  2.4  0.5  2.2  0.3
  0.3  0.0  6.5 18.5  0.8  1.1243.1 87.7 32.8 89.3 23.1 10.9  3.3  0.3  1.6
  1.6  2.7 53.7  5.7  7.9 38.0  8.7  3.5  3.0  2.4  0.8  1.4  6.5  9.2  1.4
  3.5  7.6  4.1  3.3  6.2 10.9 33.6 14.1  0.8  3.5 57.5107.7  1.1162.8  3.5
  2.4  0.0  0.0  0.0  0.0  0.0  0.0  0.0  0.0  0.0  0.0  0.0  0.0  0.0  0.0
  0.0  0.0  0.0  2.2  0.5  6.0  1.1  0.0  0.0  0.0  0.0  0.0  0.3  0.0  0.5
  1.9  0.0  1.4  1.1  0.0  0.0  0.0  0.3  0.0  0.8  0.5  0.3  1.9  1.1  0.0
  9.8  0.0  0.3 10.0  4.9  0.3  6.0  3.8  0.0  0.0  0.0  0.0  0.0  0.0  0.0
  0.3  0.0  0.0  0.0  0.0  0.0  0.0  8.1  7.6  5.2 18.5 14.1  3.8  4.6  5.4
  1.4  1.1  1.1  0.3  0.8  0.8  1.4 29.6 13.6 20.6  4.3  4.9 11.1  4.1  0.0
     -2.05      0.92      2.06     -2.76      4.02  0.8  0.0  0.3  0.0  0.0
                                     4000_story_2098_llm.txt 30.3  4.9 6461
 12.5  2.6  0.2 71.0  2.2  0.3  3.7  1.4 22.9 16.7  1.1  2.9  0.0  3.9  0.3
  0.6  0.8  9.0 15.6  0.8  0.3266.4 89.2 44.9 59.7 26.9 13.8  7.6  0.8  2.5
  1.5  1.9 64.1  5.9  7.3 35.8  7.0  6.5  2.9  3.3  2.5  3.4  4.6 15.6  2.2
  5.0  7.1  5.7  2.8  7.0 18.0 30.8 22.8  1.5  4.8 66.9 52.0  0.8146.0  3.4
  2.3  0.3  0.0  0.0  0.0  0.0  0.0  0.0  0.0  0.0  0.0  0.0  0.0  0.0  0.0
  0.0  0.0  0.0  4.5  0.9  2.3  0.9  0.0  0.2  0.2  0.2  0.0  0.0  0.2  0.3
  0.6  1.1  1.1  0.0  0.0  0.2  0.0  0.3  0.0  1.1  1.4  0.2  2.3  2.3  0.0
  8.7  0.3  0.3  9.3  3.1  0.5  4.6  6.2  0.0  0.0  0.0  0.0  0.0  0.0  0.0
  0.0  0.0  0.0  0.0  0.0  0.0  0.0  6.2 10.2  5.9 15.9 11.3  5.3  3.9 12.7
  2.9  0.5  2.3  1.4  0.0  2.0  2.0 23.7 14.9 18.3  2.3  7.9  7.6  3.9  0.0
     -3.64      1.49      3.36     -0.09      4.91  0.0  0.3  0.0  0.0  0.0
                                     4000_story_2100_llm.txt 36.0  4.6 5183
 16.0  4.4  0.8 66.4 31.6  0.2  2.9  1.5 21.8 14.3  1.2  2.5  0.4  4.6  1.4
  1.4  2.1  7.5 10.4  0.6  0.4213.0 82.0 27.2 90.3 64.1 22.4  7.9  1.2  1.2
  1.2  1.9 39.7  7.3  6.6 35.7 10.6  8.3  0.8  3.1  4.1  3.1  4.8  9.3  0.4
  3.9  8.3  3.3  4.2  7.3 19.9 26.2 13.5  2.7  3.5 58.8117.5  3.1171.7  4.8
  1.0  0.2  0.0  0.0  0.0  0.0  0.0  0.0  0.0  0.0  0.0  0.0  0.0  0.0  0.0
  0.0  0.0  0.0  1.9  0.6  4.1  2.5  0.0  0.2  0.0  0.0  0.0  0.0  0.2  0.2
  0.2  1.9  1.0  2.3  0.0  0.2  0.0  0.0  0.2  0.8  1.0  0.4  2.5  2.7  0.0
  9.1  0.2  0.2  9.5  5.6  0.4  6.8  6.6  0.0  0.0  0.0  0.0  0.0  0.0  0.0
  0.2  0.0  0.0  0.0  0.2  0.2  0.0 30.1  5.0  2.1  9.6 20.8  5.0  3.3 11.4
  1.0  1.4  3.7  0.4  0.6  0.4  0.4 32.6 22.8 23.9  2.7  4.8 12.9  6.0  0.0
      4.22      5.86      0.71      0.19      2.33  0.4  0.0  0.0  0.0  0.0
                                     4000_story_2102_llm.txt 34.3  4.7 2107
 14.7  5.2  0.5 72.1 14.7  1.4  1.4  2.8 34.6  9.0  1.9  1.4  0.0  6.6  0.5
  1.4  0.9  2.8 13.8  0.9  0.5250.1 81.6 30.8 71.2 51.3 12.8 10.9  3.3  6.2
  1.4  1.4 43.7  8.1  5.2 42.7  6.6  7.6  1.4  2.4  7.1  6.6  7.1 10.4  0.5
  1.9  8.5  4.3  6.2  8.5 17.6 27.5 12.8  1.9 10.9 59.8100.6  1.4149.5  4.3
  0.9  0.5  0.0  0.0  0.0  0.0  0.0  0.0  0.0  0.0  0.0  0.0  0.0  0.0  0.0
  0.0  0.0  0.0  5.2  1.4  2.8  1.9  0.5  0.0  0.5  0.5  0.0  0.9  0.0  0.5
  1.4  0.9  0.5  0.0  0.5  0.9  0.5  0.0  0.0  0.0  1.4  0.0  6.2  0.5  0.0
 11.4  0.9  1.4 13.8  3.3  1.9  5.2  8.1  0.0  0.0  0.0  0.0  0.0  0.0  0.0
  0.9  0.0  0.0  0.0  0.0  0.0  0.0 20.4  4.7  2.8 11.9 10.0  1.9  8.1  3.3
  4.7  0.5  5.2  0.5  0.5  0.0  1.9 18.5 19.9 22.8  0.0  7.6  7.1  4.3  0.0
     -0.87      3.38      4.60      2.79      3.38  0.5  0.5  0.5  0.0  0.0
                                     4000_story_2103_llm.txt 35.0  4.8 2583
  8.5  4.3  1.9 43.0  4.6  0.8  1.5  1.2 13.2 10.1  0.8  1.2  0.8  2.7  0.4
  0.4  1.9  3.1 22.5  1.2  1.5257.8 92.1 39.9 98.3 44.5 19.7 14.7  1.5  3.9
  0.4  1.2 32.9  7.0  9.3 38.7  7.0  3.9  1.5  1.5  1.9  3.5  5.4 12.0  0.4
  3.9  8.5  6.2  2.7  5.8  8.9 34.8 16.3  3.1  5.8 69.7 62.3  1.5159.9  5.4
  0.8  0.0  0.0  0.0  0.0  0.0  0.0  0.0  0.0  0.0  0.0  0.0  0.0  0.0  0.0
  0.0  0.0  0.0  7.7  0.4  2.3  2.7  0.0  0.0  0.0  0.0  0.0  0.4  0.0  0.4
  0.8  1.2  0.8  0.8  0.0  0.0  0.0  0.0  0.0  0.0  1.2  0.0  1.9  1.2  0.0
 13.2  0.0  0.4 13.6  3.9  0.0  3.9  4.3  0.0  0.0  0.0  0.0  0.0  0.0  0.0
  0.4  0.0  0.0  0.0  0.0  0.0  0.0  3.1  5.4  2.7  7.7 14.3  3.1  5.0  2.7
  1.5  1.2  2.3  0.4  1.5  1.2  0.4 19.7 24.0 14.7  1.9  7.0 12.8  2.7  0.0
     -4.06      6.01     -0.04     -2.16      3.13  1.2  0.0  0.8  0.0  0.0
                                     4000_story_2107_llm.txt 36.0  4.7 2579
 12.4  2.3  6.2 62.0 16.7  0.8  3.9  1.2 16.3 12.8  0.0  1.9  0.0  4.7  0.4
  1.2  0.0  7.0 17.4  1.2  1.9267.9 90.0 38.4 89.6 63.6 15.5 12.8  0.4  3.5
  0.0  1.2 43.4  6.6  5.0 29.9  9.3  8.5  3.9  4.7  2.3  0.8  5.4  5.0  1.9
  2.3  5.4  1.9  2.3  6.6 17.8 30.6  9.3  1.2  3.9 63.2 96.5  3.5167.1  6.6
  0.0  0.0  0.0  0.0  0.0  0.0  0.0  0.0  0.0  0.0  0.0  0.0  0.0  0.0  0.0
  0.0  0.0  0.0  2.3  1.9  0.8  0.4  0.0  0.0  0.0  0.0  0.0  0.0  0.4  0.0
  1.2  1.6  1.9  0.4  0.0  0.8  0.0  0.0  0.0  0.8  1.2  0.0  1.9  0.8  0.0
  5.4  0.0  0.4  5.8  5.0  0.8  6.6  3.9  0.0  0.0  0.0  0.0  0.0  0.0  0.0
  0.4  0.8  0.0  0.0  0.0  0.0  0.4  8.5  3.5  2.3 12.8 16.3  4.3  6.2  3.5
  0.8  0.4  2.3  0.8  0.4  0.8  0.8 31.0 22.9 19.4  2.3  6.2  6.2  5.4  0.0
     -3.04      5.40      1.33      0.21      2.77  0.4  0.0  0.4  0.0  0.0
                                     4000_story_2118_llm.txt 33.3  4.5 1976
  9.6  4.6  0.5 53.6  1.0  0.0  1.0  0.0 41.5  8.6  1.0  1.5  0.5  2.0  0.0
  1.0  1.5  3.5 16.7  1.0  1.0286.4 99.7 25.3 94.1 29.4 13.7 10.6  2.5  5.1
  0.5  0.5 41.0  8.6  9.6 32.9  5.1  2.5  1.5  2.0  1.0  1.5  5.6  6.6  1.0
  4.6  5.6  4.6  0.5  8.1  7.1 26.3 12.1  2.5  8.1 48.1 71.9  1.5161.9  3.0
  0.5  0.5  0.0  0.0  0.0  0.0  0.0  0.0  0.0  0.0  0.0  0.0  0.0  0.0  0.0
  0.0  0.0  0.0  6.6  1.0  0.5  0.5  0.0  0.5  0.0  0.0  0.0  0.0  0.0  0.0
  0.5  1.0  0.5  0.0  0.0  0.5  0.0  0.0  0.0  0.0  1.5  0.0  1.0  0.0  0.0
  8.6  0.5  0.0  9.1  2.0  0.5  2.5  2.5  0.0  0.0  0.0  0.0  0.0  0.0  0.0
  0.5  0.0  0.0  0.0  0.0  0.0  0.0 12.1  2.0  1.0  9.6 23.3  1.5  2.5  9.6
  0.0  2.0  1.5  0.0  0.0  0.5  0.0 28.8 20.2 12.1  1.5  5.6  6.1  2.5  0.0
     -5.56      3.27      1.33     -3.50      3.10  0.0  0.0  0.0  0.0  0.0
                                     4000_story_2133_llm.txt 34.8  4.9 2014
 15.9  7.0  1.0 62.1 11.9  1.0  5.0  0.0 16.9 10.9  2.5  1.5  0.0  4.5  0.0
  1.0  1.5 10.4 21.8  1.0  0.0253.7 77.0 50.6 76.5 33.3 14.4 11.9  3.0  4.5
  1.5  4.5 65.0  6.0  4.0 31.3  7.9  5.5  3.5  2.5  3.0  2.5  4.0 11.9  1.5
  3.5  5.0  5.0  2.5  9.4 18.9 35.3 16.9  2.5  8.9 80.4 62.1  3.5150.0  4.5
  1.0  0.5  0.0  0.0  0.0  0.0  0.0  0.0  0.0  0.0  0.0  0.0  0.0  0.0  0.0
  0.0  0.0  0.0  5.0  3.0  3.5  2.0  0.0  0.5  0.5  0.0  0.0  0.0  0.0  0.5
  0.5  1.5  1.0  0.0  0.5  0.5  0.0  0.0  0.0  1.5  1.0  0.0  2.0  0.5  0.0
 13.4  1.0  0.0 14.4  3.5  1.0  6.0  3.5  0.0  0.0  0.0  0.0  0.0  0.0  0.0
  0.0  0.5  0.0  0.0  0.0  0.0  0.0  6.5  5.0  6.0  9.9  9.4  1.5  5.0  3.5
  1.5  1.0  1.5  0.0  1.5  0.0  1.5 26.3 25.8 22.8  2.0  4.0  7.0  2.5  0.0
      0.44      3.24      7.84     -0.64      2.93  1.0  0.0  0.5  0.0  0.0
                                     4000_story_2136_llm.txt 37.0  4.4 3547
 18.9  4.2  1.4 49.3  7.6  1.1  3.1  1.1 37.2 12.4  0.6  1.7  0.3  8.2  0.8
  1.7  0.3  4.2 21.7  1.4  1.1239.1 88.8 29.6102.9 46.5 15.5  8.2  0.6  3.1
  0.3  3.4 27.6  9.3 14.1 29.3  9.6  4.8  0.8  2.0  3.7  1.7  3.1  7.0  0.6
  2.3  7.9  3.7  2.3  4.2 12.7 36.7  9.9  1.7  3.9 59.2 91.3  3.7168.9  5.4
  1.4  0.0  0.0  0.0  0.0  0.0  0.0  0.0  0.0  0.0  0.0  0.0  0.0  0.0  0.0
  0.0  0.0  0.0  2.8  2.0  2.3  0.8  0.3  0.0  0.0  0.0  0.0  0.3  0.0  0.6
  0.3  0.8  2.0  0.3  0.0  0.3  0.0  0.0  0.0  0.6  0.0  0.0  2.3  0.8  0.0
  7.9  0.3  0.3  8.5  3.9  0.3  4.8  3.1  0.0  0.0  0.0  0.0  0.0  0.0  0.0
  0.0  0.0  0.0  0.0  0.0  0.0  0.3  9.9  2.8  0.8  7.0 17.5  2.0  1.7  6.8
  2.5  1.1  2.0  1.1  0.0  0.3  0.0 35.2 17.5 24.8  3.4  4.2  5.9  5.4  0.0
      2.41      4.22     -2.19     -1.87      0.54  0.6  0.0  0.0  0.3  0.0
                                     4000_story_2143_llm.txt 33.3  4.5 3719
 15.9  1.9 10.8 50.0  7.5  0.8  2.2  0.5 15.1 14.0  1.1  0.8  0.3  2.4  0.0
  1.3  2.7  3.8 18.6  0.8  0.3281.5 86.6 39.3 99.2 58.6 13.7 10.5  0.5  2.4
  1.6  1.9 34.1  7.3 11.0 26.1  8.1  2.7  3.5  1.1  1.6  1.9  3.8  7.0  0.5
  4.0  3.8  4.3  2.7  5.1  8.1 26.1 11.6  3.5  4.6 68.6 81.2  0.8162.1  4.3
  2.4  0.0  0.0  0.0  0.0  0.0  0.0  0.0  0.0  0.0  0.0  0.0  0.0  0.0  0.0
  0.0  0.0  0.0  1.6  0.5  3.0  1.3  0.0  0.0  0.0  0.0  0.0  0.0  0.3  0.3
  0.8  1.9  1.3  0.3  0.0  0.0  0.0  0.0  0.0  0.3  0.5  0.0  1.1  1.1  0.0
  6.5  0.0  0.3  6.7  4.6  0.0  4.8  2.7  0.0  0.0  0.0  0.0  0.0  0.0  0.0
  0.0  0.0  0.0  0.0  0.0  0.0  0.0  8.3  3.2  2.2  5.9 24.2  5.6  4.6  5.9
  1.1  2.4  0.8  3.0  1.3  1.3  0.3 31.7 19.9 22.6  3.2  3.8  7.5  3.5  0.0
     -2.78      4.72      0.24     -2.83      1.50  0.5  0.0  0.5  0.0  0.0
                                     4000_story_2148_llm.txt 32.3  4.6 1973
 17.2  2.0  2.5 50.2  8.6  0.5  3.5  0.5 17.2 13.2  0.0  4.6  0.0  5.1  1.0
  4.6  1.5 15.2 24.8  0.5  1.0244.3 69.4 38.0 97.8 48.2  6.6 23.3  0.0  3.5
  0.0  1.5 23.3  7.1  9.1 37.5  3.5  5.6  2.5  1.5  1.0  1.0  5.6  3.0  1.5
  2.0  7.6  1.5  3.5  8.1 21.8 40.0  6.6  2.0  3.5 80.1 74.0  3.5161.2  6.1
  1.5  0.0  0.0  0.0  0.0  0.0  0.0  0.0  0.0  0.0  0.0  0.0  0.0  0.0  0.0
  0.0  0.0  0.0  2.5  0.5  0.5  0.5  0.0  0.0  0.0  0.0  0.0  0.0  0.0  0.0
  0.0  1.0  0.5  0.0  0.0  0.0  0.0  0.0  0.0  0.5  1.0  0.0  2.0  0.0  0.0
  4.1  0.0  0.0  4.1  1.5  0.0  2.0  3.0  0.0  0.0  0.0  0.0  0.0  0.0  0.0
  0.0  0.0  0.0  0.0  0.0  0.0  0.0  1.5  2.0  0.0  2.0 21.8  2.5  4.1 12.2
  0.0  3.5  0.0  6.6  0.5  0.5  0.0 28.9 29.9 16.7  0.0  9.1 15.2  4.6  0.0
      6.69      5.21     -1.91     -2.88      2.14  0.0  0.0  0.0  0.0  0.0
                                     4000_story_2178_llm.txt 32.5  5.1 2250
 16.4  3.6  0.4 44.0  7.1  0.4  5.3  0.9  9.3 12.9  0.9  0.4  0.0  4.0  0.4
  1.3  0.9  7.6 21.3  0.9  0.0286.2 96.0 56.9 84.4 33.8 10.2 11.6  1.3  5.3
  0.0  1.8 60.9  4.4  3.1 24.0  8.4  4.4  4.9  2.7  2.7  2.7  3.6 10.7  0.9
  5.3  4.4  4.0  2.7  3.6 14.7 30.7 16.9  1.8  6.7 85.8 50.2  2.2146.2  4.0
  1.8  0.0  0.0  0.0  0.0  0.0  0.0  0.0  0.0  0.0  0.0  0.0  0.0  0.0  0.0
  0.0  0.0  0.0  2.7  1.8  3.1  0.9  0.0  0.0  0.0  0.0  0.0  0.0  0.0  0.0
  0.4  0.9  0.9  1.3  0.0  0.9  0.0  0.0  0.0  0.9  0.9  0.0  3.6  0.9  0.0
  8.4  0.0  0.0  8.4  3.6  0.9  5.3  5.3  0.0  0.0  0.0  0.0  0.0  0.0  0.0
  0.0  0.9  0.0  0.0  0.0  0.0  0.0  2.7  7.1  0.9 11.6 14.7  3.6  2.7  6.7
  0.4  1.3  0.4  0.4  0.4  0.9  1.8 27.1 22.7 16.4  1.3  2.2  8.4  2.2  0.0
     -6.35      2.66      5.76     -0.42      2.62  2.2  0.0  0.4  0.0  0.4
                                     4000_story_2186_llm.txt 35.5  4.6 2876
 12.5  4.2  3.1 52.9 13.6  1.0  2.8  0.7 12.9 11.1  0.7  0.7  0.3  9.7  0.3
  0.0  1.4  4.5  9.4  0.3  1.4255.6 87.3 35.5101.2 56.3 12.2 19.5  0.7  0.7
  1.0  1.7 25.7  5.9 14.3 28.5  5.9  4.2  1.4  1.7  3.1  0.7  4.5 10.4  0.3
  3.8  5.6  2.4  3.5  8.3 11.8 19.1 14.6  1.7  2.4 69.9 82.8  2.8167.9  7.3
  0.0  0.0  0.0  0.0  0.0  0.0  0.0  0.0  0.0  0.0  0.0  0.0  0.0  0.0  0.0
  0.0  0.0  0.0  3.1  0.3  3.1  1.7  0.0  0.0  0.0  0.0  0.0  0.0  0.0  0.0
  0.7  0.3  1.0  1.4  0.0  0.0  0.0  0.0  0.0  0.0  0.0  0.0  1.0  0.7  0.0
  8.3  0.0  0.0  8.3  3.5  0.0  3.5  1.7  0.0  0.0  0.0  0.0  0.0  0.0  0.0
  0.0  0.7  0.0  0.0  0.0  0.0  0.0 23.3  1.0  0.3  5.6 27.8  2.1  2.4  7.3
  0.7  1.0  1.7  1.4  0.3  0.0  0.0 32.3 25.7 17.0  0.0  3.1 10.4  5.2  0.0
     -2.47      6.05     -2.39     -2.60      2.28  0.0  0.0  0.0  0.0  0.0
                                     4000_story_2199_llm.txt 35.0  4.8 2762
  4.7  0.7  1.4 46.3  0.4  0.0  2.2  0.4  1.4 10.1  1.1  1.4  0.4  3.6  1.4
  1.1  0.4 11.2 14.5  0.0  2.9264.3 97.8 42.7 84.7 30.4 16.7  5.1  1.4  3.6
  1.4  4.3 45.6  5.4  9.8 28.6  9.4  3.3  0.7  2.9  4.7  2.2  2.2 20.3  1.8
  2.5  5.8  3.3  5.4  7.2 19.2 29.0 24.6  0.4  6.5 74.9 32.2  1.4149.5  4.7
  0.7  0.0  0.0  0.0  0.0  0.0  0.0  0.0  0.0  0.0  0.0  0.0  0.0  0.0  0.0
  0.0  0.0  0.0  2.5  0.4  1.1  2.5  0.0  0.0  0.0  0.0  0.0  0.0  0.4  0.7
  1.1  0.7  1.4  1.1  0.0  0.0  0.0  0.0  0.0  0.7  0.7  0.0  0.4  0.7  0.0
  6.5  0.0  0.4  6.9  5.1  0.0  5.8  1.8  0.0  0.0  0.0  0.0  0.0  0.0  0.0
  0.0  0.4  0.0  0.0  0.0  0.0  0.4  4.0  4.7  2.9 10.1 20.3  8.3  6.5  1.1
  0.4  1.4  0.7  1.1  0.7  0.7  0.4 30.1  9.1  9.4  1.1  7.6  8.7  4.7  0.0
     -7.84      2.55      3.68     -1.17      3.01  0.4  0.0  0.0  0.0  0.0
                                     4000_story_2222_llm.txt 36.3  4.5 3841
  9.1  4.2 32.8 41.1  8.9  0.3  3.4  1.8 37.2  3.6  1.0  2.1  0.0  3.4  0.0
  0.5  0.5  5.2 28.1  1.0  0.8296.5 82.8 32.3101.8 48.7 14.1 13.5  0.3  3.9
  0.0  1.0 45.8  3.4  8.9 27.6  5.7  4.7  3.4  2.3  1.0  1.0  3.9  7.0  0.5
  1.6  6.2  1.3  1.6  4.4 10.9 39.8  9.1  1.6  4.2 62.2 94.8  2.3152.3  2.3
  3.6  0.3  0.0  0.0  0.0  0.0  0.0  0.0  0.0  0.0  0.0  0.0  0.0  0.0  0.0
  0.0  0.0  0.0  4.4  0.3  1.6  0.5  1.0  0.0  0.0  0.0  0.0  0.0  0.0  0.3
  0.3  0.8  1.0  0.3  0.3  0.5  0.3  0.0  0.0  0.0  0.0  0.0  0.8  0.8  0.0
  6.8  1.0  0.0  7.8  2.6  1.0  3.6  1.6  0.0  0.0  0.0  0.0  0.0  0.0  0.0
  0.8  0.3  0.0  0.0  0.0  0.0  0.0 16.7  4.2  0.8  9.1 18.7  2.9  2.6 10.2
  4.2  1.8  2.6  0.8  0.3  1.0  0.5 29.4 24.0 14.1  0.8  3.4  6.8  3.6  0.0
     -1.85      5.00      1.51     -2.42      0.78  0.0  0.0  0.0  0.0  0.0
                                     4000_story_2245_llm.txt 38.3  4.5 4687
 10.0  3.6  0.6 40.8  8.3  0.9  3.2  1.5 25.0 12.6  1.1  1.5  0.0  4.9  0.2
  1.3  0.6  5.1 16.9  0.2  0.2266.1 90.5 32.6109.5 43.7 14.1 10.5  1.1  2.1
  0.4  3.4 29.4 10.7 12.2 26.9  3.8  3.4  2.3  1.1  1.3  1.9  3.4 10.7  0.6
  3.0  6.8  1.5  3.0  6.0  9.8 29.7 14.3  0.9  3.6 61.2 77.0  1.5161.7  3.8
  1.5  0.0  0.0  0.0  0.0  0.0  0.0  0.0  0.0  0.0  0.0  0.0  0.0  0.0  0.0
  0.0  0.0  0.0  1.9  0.0  1.1  1.5  0.0  0.0  0.0  0.0  0.0  0.2  0.0  0.2
  0.0  0.4  0.9  0.4  0.0  0.4  0.0  0.0  0.0  0.0  0.4  0.0  1.3  0.9  0.0
  4.5  0.0  0.2  4.7  1.9  0.4  2.3  2.6  0.0  0.0  0.0  0.0  0.0  0.0  0.0
  0.0  0.6  0.0  0.0  0.0  0.0  0.0 10.9  4.1  1.5  4.9 26.5  3.6  5.8 13.4
  3.6  1.5  2.8  1.9  0.2  0.2  0.2 33.5 18.3 14.3  1.1  6.6 10.0  4.9  0.0
     -4.76      4.46     -1.79     -3.17      1.58  0.2  0.0  0.0  0.0  0.0
                                     4000_story_2254_llm.txt 36.3  4.5 1993
 13.0  4.0 32.6 52.7  7.0  1.0  2.5  0.5 38.1 11.0  1.0  0.0  0.0  0.5  0.5
  1.5  0.0  4.0 25.1  1.0  0.5306.1 79.8 30.6 86.3 46.2  7.0  8.5  0.5  0.5
  0.0  0.5 40.1  9.5 10.0 20.1  4.0  8.0  3.0  3.0  1.0  0.0  2.5  3.0  1.5
  1.5 10.0  2.0  0.5  4.5 13.0 38.6  6.0  1.0  1.0 63.7 91.3  5.0143.5  0.0
  3.5  0.0  0.0  0.0  0.0  0.0  0.0  0.0  0.0  0.0  0.0  0.0  0.0  0.0  0.0
  0.0  0.0  0.0  3.0  1.5  2.0  0.5  0.0  0.0  0.0  0.0  0.0  0.0  0.0  0.0
  0.0  1.5  0.0  0.0  0.0  0.0  0.0  0.0  0.0  0.5  0.5  0.0  1.0  1.0  0.0
  7.0  0.0  0.0  7.0  1.5  0.0  2.0  2.5  0.0  0.0  0.0  0.0  0.0  0.0  0.0
  0.5  0.0  0.0  0.0  0.0  0.0  0.0  6.5  3.5  3.0  9.5 15.1  3.5  2.0  8.5
  2.5  1.5  3.0  1.0  0.5  2.5  0.0 30.6 12.5 14.6  1.5  1.5  6.5  6.0  0.0
     -4.42      2.09     -2.32     -1.88      0.04  0.0  0.0  0.0  0.0  0.0
                                     4000_story_2259_llm.txt 36.0  4.4 3095
  9.7  6.1 26.8117.6 33.3  2.6  3.2  1.0 46.2 16.2  1.6  1.3  1.0  6.5  0.0
  2.6  2.6  6.5  9.7  0.6  2.6353.8 43.9 22.6 27.1 34.6  4.5 12.0  0.3  0.0
  0.0  1.0 19.1  9.4  8.4 33.0  6.8 10.0  1.3  4.2  2.6  0.0  2.3  2.9  0.6
  0.0  4.2  2.3  0.6  6.8 19.1 20.4  3.6  3.2  0.3 50.1114.1  4.2148.0  5.5
  1.3  0.0  0.0  0.0  0.0  0.0  0.0  0.0  0.0  0.0  0.0  0.0  0.0  0.0  0.0
  0.0  0.0  0.0  4.2  0.6  1.0  0.0  0.0  0.0  0.0  0.0  0.0  0.0  0.0  1.3
  0.0  0.6  0.0  0.0  0.0  0.0  0.0  0.0  0.0  0.0  0.0  0.0  1.6  0.3  0.0
  5.8  0.0  0.0  5.8  1.9  0.0  1.9  1.9  0.0  0.0  0.0  0.0  0.0  0.0  0.0
  0.0  0.6  0.0  0.0  0.0  0.0  0.0  7.1  1.3  0.3  5.2 14.2  2.3  3.9  2.6
  2.9  0.6  1.3  2.6  0.3  0.6  0.0 25.5 18.4 14.5  1.9  3.2  4.5  4.2  0.0
      8.09     -0.21     -4.17     -0.66     -1.28  0.0  0.0  0.0  0.0  0.0
                                     4000_story_2286_llm.txt 37.8  4.5 2073
  9.2  1.9  1.4 48.2  9.6  1.0  1.4  0.5 20.3 14.5  1.4  0.5  0.5  3.9  1.0
  1.4  2.4  2.4 16.4  0.0  1.0241.7 78.6 32.8106.6 74.3 11.1  9.2  0.5  0.5
  0.0  1.9 32.8 11.1 14.0 39.6  5.3  6.8  3.9  2.4  2.9  2.4  4.8  8.2  0.5
  5.3  8.2  3.4  5.8  5.8 12.1 29.4 14.0  2.4  1.0 58.9104.2  1.4167.9  5.8
  1.4  0.0  0.0  0.0  0.0  0.0  0.0  0.0  0.0  0.0  0.0  0.0  0.0  0.0  0.0
  0.0  0.0  0.0  2.9  0.0  1.4  0.0  0.0  0.0  0.0  0.0  0.0  0.0  0.0  0.0
  0.0  0.0  2.4  0.0  0.0  0.0  0.0  0.0  0.5  0.5  0.0  0.0  1.4  1.4  0.0
  4.3  0.0  0.0  4.3  2.4  0.5  3.4  2.9  0.0  0.0  0.0  0.0  0.0  0.0  0.0
  1.0  1.0  0.0  0.0  0.0  0.0  0.0  8.7  2.4  1.9  6.3 21.7  0.5  6.3 13.0
  1.4  2.4  2.9  0.0  0.0  1.0  0.0 37.1 15.9 12.5  1.9  6.8  7.7  9.6  0.0
     -2.24      4.91     -5.04     -0.31      2.71  0.5  0.0  0.0  0.5  0.0
                                     4000_story_2287_llm.txt 38.0  4.8 3393
 12.7  1.8  2.7 39.8 13.3  0.3  2.9  0.9  7.1 11.5  0.6  1.2  0.3  2.9  0.3
  1.5  0.9  5.9 15.6  1.2  1.2284.7 88.1 42.4 90.2 56.6 14.7  6.5  2.4  4.1
  0.9  2.1 40.1  9.7  6.8 36.3  7.4  4.7  1.8  1.2  1.2  3.2  3.8  5.9  0.3
  5.3  5.0  2.9  1.5  3.5 11.8 25.1 11.5  2.1  7.4 74.3 76.9  1.2148.5  6.2
  2.4  0.0  0.0  0.0  0.0  0.0  0.0  0.0  0.0  0.0  0.0  0.0  0.0  0.0  0.0
  0.0  0.0  0.0  0.9  0.3  2.1  2.7  0.0  0.0  0.0  0.0  0.0  0.0  0.0  0.0
  0.3  1.5  0.9  2.1  0.0  0.0  0.0  0.0  0.0  0.3  0.3  0.0  0.9  0.6  0.0
  5.9  0.0  0.0  5.9  4.7  0.0  5.0  1.8  0.0  0.0  0.0  0.0  0.0  0.0  0.0
  0.3  0.6  0.0  0.0  0.0  0.0  0.0  9.7  4.4  2.7  5.0 18.6  6.5  3.8  4.1
  0.9  2.9  1.8  0.3  0.6  0.6  1.2 25.6 13.6 18.0  2.1  3.5 13.6  8.3  0.0
     -6.53      3.79      1.94     -2.52      1.60  0.0  0.0  0.0  0.0  0.0
                                     4000_story_2288_llm.txt 37.0  4.6 3703
 12.4  0.8  1.1 38.9  8.9  1.1  1.6  1.6 35.6 10.0  1.1  2.2  0.0  5.4  0.5
  1.1  2.4  3.2 18.6  0.0  0.3263.6 89.1 40.2 89.1 60.8 12.7  7.0  3.2  4.9
  1.4  3.0 38.6  7.6  9.5 32.7  4.6  5.4  2.2  1.9  2.2  1.9  4.3  7.6  1.6
  2.7  7.3  2.4  3.2  5.4 10.8 32.9 11.9  2.4  9.5 73.5105.3  1.9142.9  5.1
  0.8  0.0  0.0  0.0  0.0  0.0  0.0  0.0  0.0  0.0  0.0  0.0  0.0  0.0  0.0
  0.0  0.0  0.0  1.1  0.8  0.8  0.5  0.0  0.0  0.0  0.0  0.0  0.0  0.3  0.3
  0.0  0.0  0.8  0.3  0.0  0.5  0.0  0.0  0.0  0.8  0.3  0.0  1.1  2.2  0.0
  3.2  0.0  0.3  3.5  1.4  0.5  2.7  3.5  0.0  0.0  0.0  0.0  0.0  0.0  0.0
  0.3  0.0  0.0  0.0  0.0  0.0  0.0 20.5  4.3  2.2  5.7 19.4  1.9  5.1  8.1
  3.0  1.9  1.4  2.4  0.0  1.1  1.1 26.5 15.4 17.0  1.1  4.1  6.8  3.5  0.0
     -2.38      3.65      3.52     -1.98      2.34  0.0  0.3  0.3  0.0  0.0
                                     4000_story_2289_llm.txt 37.0  4.7 3180
 11.9  5.0  0.0 54.4 20.4  0.9  1.9  0.6 28.3  9.4  1.6  2.2  0.6  4.4  0.9
  0.9  2.8  4.7  9.7  1.3  0.6261.3 89.3 34.0 98.4 42.8 14.5  6.3  1.6  0.9
  0.3  3.8 45.6  3.8 17.3 31.8  7.2  5.7  2.8  1.9  0.9  1.6  3.8 11.9  0.6
  7.2  5.7  1.6  2.5  6.9 11.3 23.3 19.8  4.1  2.8 64.2 91.5  0.9172.6  4.7
  0.3  0.0  0.0  0.0  0.0  0.0  0.0  0.0  0.0  0.0  0.0  0.0  0.0  0.0  0.0
  0.0  0.0  0.0  1.9  0.0  4.1  1.6  0.3  0.0  0.0  0.0  0.0  0.0  0.0  0.0
  0.0  0.6  1.6  1.3  0.0  0.6  0.0  0.0  0.0  0.0  0.6  0.0  0.9  0.3  0.0
  7.5  0.3  0.0  7.9  3.5  0.6  4.1  1.9  0.0  0.0  0.0  0.0  0.0  0.0  0.0
  0.3  1.3  0.0  0.0  0.0  0.0  0.0 12.9  3.8  1.6  6.6 18.2  4.1  4.1  9.1
  2.2  0.3  5.7  1.6  0.0  0.6  0.3 30.2 16.7 18.9  1.3  7.5 12.3  4.7  0.0
      0.20      3.36     -0.75     -2.41      3.36  0.0  0.0  0.0  0.0  0.0
                                     4000_story_2290_llm.txt 36.5  4.5 3290
 10.0  1.8  3.3 51.7  6.7  1.2  1.8  1.8 16.1  9.4  0.6  0.3  0.9  4.6  0.0
  1.2  0.6  5.8 17.9  0.6  0.3258.1 92.1 46.2 87.8 52.6 14.6 11.2  1.2  3.3
  0.3  1.2 28.6  6.1  9.4 34.7  7.3  2.4  3.0  2.1  1.5  3.0  4.6 11.2  1.5
  7.9  7.9  1.5  3.6  4.9  9.7 29.5 20.7  1.2  4.9 79.3 75.4  1.5160.2  2.4
  1.8  0.0  0.0  0.0  0.0  0.0  0.0  0.0  0.0  0.0  0.0  0.0  0.0  0.0  0.0
  0.0  0.0  0.0  0.6  0.6  2.1  1.2  0.0  0.0  0.0  0.0  0.0  0.0  0.0  0.0
  0.9  0.3  1.2  0.6  0.0  0.0  0.3  0.3  0.0  0.0  0.0  0.0  1.5  0.9  0.0
  4.6  0.0  0.0  4.6  3.0  0.6  3.6  2.4  0.0  0.0  0.0  0.0  0.0  0.0  0.0
  0.0  0.3  0.0  0.0  0.0  0.0  0.0 17.3  2.1  1.5  7.9 22.5  2.1  1.8  5.8
  1.2  2.1  2.7  0.6  0.6  0.6  0.9 34.7 16.7 17.0  2.1  4.6  8.2  4.9  0.0
     -6.13      4.39     -0.41     -2.14      4.65  0.3  0.0  0.0  0.0  0.0
                                     4000_story_2291_llm.txt 33.0  4.6 4537
 12.1  2.9  0.0 33.3  9.5  0.2  1.8  1.8 11.9  9.9  0.2  1.5  0.9  5.7  1.5
  1.5  0.7  2.6 16.3  0.2  1.1250.2 95.2 37.2103.4 75.4 15.0  6.8  2.0  2.6
  0.2  4.4 28.4  8.6 14.3 41.4  6.6  1.5  1.8  1.5  0.2  2.6  5.5  7.3  0.4
  2.4  5.7  2.0  3.7  6.0  4.4 29.5 10.1  0.9  4.8 75.8 96.8  1.8154.3  6.8
  0.7  0.0  0.0  0.0  0.0  0.0  0.0  0.0  0.0  0.0  0.0  0.0  0.0  0.0  0.0
  0.0  0.0  0.0  1.8  1.3  1.8  2.2  0.0  0.0  0.0  0.0  0.0  0.0  0.2  0.4
  0.2  1.1  0.4  1.3  0.0  0.4  0.0  0.0  0.0  0.2  0.0  0.0  2.6  2.4  0.0
  7.1  0.0  0.2  7.3  3.5  0.4  4.2  5.1  0.0  0.0  0.0  0.0  0.0  0.0  0.0
  0.0  0.4  0.0  0.0  0.0  0.0  0.2 10.4  1.8  2.4  6.8 19.2  1.8  4.2  3.7
  3.5  0.9  4.0  1.8  0.7  0.9  0.0 28.4 13.9 18.3  0.7  8.8 12.1  7.7  0.0
     -4.97      5.17     -1.75     -3.80      2.04  0.2  0.0  0.0  0.0  0.0
                                     4000_story_2292_llm.txt 34.3  4.7 8341
 16.8  4.4  0.5 46.5 10.6  0.5  2.3  1.0 11.7 15.9  0.6  1.4  0.5  3.8  1.4
  0.8  1.1  6.0 11.5  0.7  0.0242.9 85.0 34.5105.4 82.1 19.8  6.8  1.4  3.6
  1.0  1.6 42.0  7.7  7.8 32.7  7.8  4.0  1.4  1.6  1.3  2.0  4.0  5.8  1.1
  3.2  8.3  1.9  3.7  5.5 11.3 24.3 10.1  1.8  6.0 65.6104.4  2.0169.0  5.9
  0.8  0.1  0.0  0.0  0.0  0.0  0.0  0.0  0.0  0.0  0.0  0.0  0.0  0.0  0.0
  0.0  0.0  0.0  1.8  1.3  1.9  1.9  0.1  0.1  0.0  0.1  0.0  0.0  0.0  0.6
  0.1  0.8  0.5  0.7  0.0  0.0  0.0  0.0  0.1  0.7  0.2  0.0  1.1  1.0  0.0
  7.0  0.2  0.1  7.3  2.8  0.1  3.6  2.3  0.0  0.0  0.0  0.0  0.0  0.0  0.0
  0.5  0.1  0.0  0.0  0.2  0.0  0.0  8.8  6.0  3.5 10.8 15.7  1.8  3.1  4.1
  1.7  1.3  2.8  1.7  0.0  0.4  0.4 31.5 15.2 21.6  1.4  6.5 11.3  8.3  0.0
     -3.09      6.46      1.64     -3.05      1.59  0.1  0.2  0.0  0.1  0.0
                                     4000_story_2293_llm.txt 36.0  5.2 4201
  7.4  1.4  2.9 47.1  2.6  0.5  2.4  1.0  9.8 15.9  0.7  2.1  0.2  2.9  0.5
  0.2  1.2  5.2 14.0  0.2  0.7302.1 83.8 52.4 78.1 28.1  8.3  6.7  0.5  2.4
  0.5  1.7 62.8  6.0  6.7 32.8  4.0  5.0  5.5  2.4  2.1  1.2  4.3  8.6  0.7
  3.6  3.6  2.1  1.0  4.8 12.4 23.8 12.9  1.4  3.3 81.2 40.5  0.5137.6  3.8
  0.5  0.0  0.0  0.0  0.0  0.0  0.0  0.0  0.0  0.0  0.0  0.0  0.0  0.0  0.0
  0.0  0.0  0.0  3.6  0.0  0.2  0.2  0.0  0.0  0.0  0.0  0.0  0.0  0.0  0.5
  0.0  0.2  1.4  0.0  0.0  0.0  0.0  0.5  0.0  0.5  0.7  0.0  1.4  1.2  0.0
  4.0  0.0  0.0  4.0  2.1  0.5  3.1  3.3  0.0  0.0  0.0  0.0  0.0  0.0  0.0
  0.0  0.0  0.0  0.0  0.0  0.0  0.2 15.0  5.2  3.1 11.9 27.1  3.6  3.8  7.1
  3.3  1.4  1.7  1.7  0.5  1.2  1.9 20.2 12.4  8.8  3.3  5.5  3.8  7.6  0.0
     -9.91      0.93      2.33     -1.07      2.05  0.0  0.0  0.0  0.0  0.0
                                     4000_story_2294_llm.txt 35.5  4.5 4143
 17.4  4.1  1.0 64.7  9.7  0.5  3.9  1.4 40.8 11.6  0.5  1.7  0.7  8.0  0.7
  1.2  1.0  6.3 14.0  1.4  1.4239.0 78.9 36.4 78.7 58.7 13.5 10.4  0.7  1.7
  0.7  1.9 36.4 10.1  9.2 43.0  4.1  4.8  1.7  2.7  2.9  0.7  5.3  5.1  0.5
  3.6  7.5  1.9  3.6  4.6 14.0 27.8  9.2  2.4  3.1 64.9109.1  0.7155.4  5.3
  1.2  0.0  0.0  0.0  0.0  0.0  0.0  0.0  0.0  0.0  0.0  0.0  0.0  0.0  0.0
  0.0  0.0  0.0  2.2  1.2  1.0  0.7  0.0  0.0  0.0  0.0  0.0  0.2  0.0  0.2
  0.2  0.2  0.2  0.0  0.0  0.2  0.0  0.0  0.0  0.2  0.0  0.0  1.9  2.9  0.0
  5.1  0.0  0.2  5.3  1.0  0.2  1.4  4.8  0.0  0.0  0.0  0.0  0.0  0.0  0.0
  0.0  0.5  0.0  0.2  0.2  0.0  0.0 21.7  1.9  1.7  8.4 23.9  2.9  7.0  4.8
  1.4  3.4  2.4  2.2  0.0  1.0  0.2 24.4 22.7 18.6  1.4  8.2 12.8  4.6  0.0
      2.71      3.99     -1.89     -2.04      2.00  0.7  0.0  0.0  0.0  0.0
                                     4000_story_2295_llm.txt 33.8  4.3 4440
 11.0  2.9  1.1 60.1 11.0  0.9  4.3  1.1 14.2 11.3  0.7  1.1  0.0  5.9  0.2
  2.0  2.3  5.6 16.9  0.5  0.9264.4 73.0 31.8 98.4 83.3  9.2 12.6  0.7  1.4
  0.0  2.9 24.3  9.2  9.5 33.8  5.6  7.0  2.9  1.6  4.3  0.7  3.6  9.5  0.2
  3.8  5.9  1.1  3.4  7.2 16.9 28.4 13.5  2.7  2.0 61.9108.6  1.8168.7  4.3
  0.5  0.0  0.0  0.0  0.0  0.0  0.0  0.0  0.0  0.0  0.0  0.0  0.0  0.0  0.0
  0.0  0.0  0.0  2.3  1.1  0.9  0.9  0.2  0.0  0.0  0.0  0.0  0.0  0.0  0.7
  0.2  1.6  0.7  0.2  0.0  0.0  0.2  0.0  0.0  0.9  0.2  0.0  0.5  1.1  0.0
  5.2  0.2  0.0  5.4  3.4  0.2  4.5  1.8  0.0  0.0  0.0  0.0  0.0  0.0  0.0
  0.9  0.5  0.0  0.0  0.0  0.0  0.0 19.1  0.7  0.5  6.5 27.5  2.0  5.9  8.1
  3.2  3.4  1.1  2.3  0.7  0.9  0.0 40.3 18.0 15.5  2.3  3.8 10.1  4.7  0.0
      0.72      5.33     -2.52     -0.97      1.47  0.2  0.2  0.0  0.0  0.0
                                     4000_story_2296_llm.txt 38.5  4.5 3467
 14.1  0.9  0.3 37.8  4.0  0.3  1.7  1.2 67.5 10.1  0.3  2.6  0.0  5.5  0.6
  1.7  0.3  6.3 13.6  0.9  1.7248.3 90.3 36.6103.3 44.1 13.0  7.5  1.7  2.3
  0.9  1.7 34.0  9.8  8.4 31.4  8.4  3.2  3.2  3.5  1.2  2.3  4.0  6.1  0.6
  2.6  8.9  3.2  4.3  4.9 10.7 30.3  9.2  1.2  4.9 66.1115.7  4.0158.4  5.2
  0.3  0.0  0.0  0.0  0.0  0.0  0.0  0.0  0.0  0.0  0.0  0.0  0.0  0.0  0.0
  0.0  0.0  0.0  1.4  1.2  1.7  1.7  0.0  0.0  0.0  0.0  0.0  0.0  0.3  0.3
  0.6  0.9  1.7  0.9  0.0  0.3  0.3  0.0  0.0  0.6  0.0  0.0  0.9  2.3  0.0
  6.1  0.0  0.3  6.3  4.3  0.6  5.5  3.2  0.0  0.0  0.0  0.0  0.0  0.0  0.0
  1.2  0.0  0.0  0.0  0.0  0.0  0.0 13.3  2.0  2.9  7.8 18.5  3.7  5.2  4.9
  2.0  0.9  2.0  2.3  0.3  0.3  0.6 33.7 16.4 20.2  1.4  4.0  8.9  5.5  0.0
     -2.82      3.52     -0.11     -1.78      1.10  0.0  0.0  0.0  0.0  0.0
                                     4000_story_2297_llm.txt 33.8  4.6 1974
 10.1  2.0  1.5 74.0 16.7  1.5  3.5  0.5 44.1  7.1  0.5  1.5  0.0  6.6  0.0
  1.5  1.5  3.0 16.7  0.0  0.0268.0 78.0 30.4 67.9 64.8  7.6 15.7  1.5  2.0
  1.5  1.0 60.8 10.6 10.6 30.4  6.1  2.5  3.0  4.6  2.0  1.0  2.5  3.5  0.5
  2.5  8.1  2.5  1.0  4.1  7.6 31.9  6.6  1.5  5.1 55.2125.6  2.0157.0  7.1
  2.0  0.0  0.0  0.0  0.0  0.0  0.0  0.0  0.0  0.0  0.0  0.0  0.0  0.0  0.0
  0.0  0.0  0.0  1.5  2.0  1.0  0.5  0.0  0.0  0.0  0.0  0.0  0.0  0.0  0.0
  0.0  2.5  0.0  0.0  0.0  0.0  0.0  0.0  0.0  1.5  0.5  0.0  0.0  0.5  0.0
  5.1  0.0  0.0  5.1  2.5  0.0  4.1  1.0  0.0  0.0  0.0  0.0  0.0  0.0  0.0
  1.0  0.5  0.0  0.0  0.0  0.0  0.0 24.3  5.1  4.1 12.7 20.8  2.5  3.0  8.6
  3.5  0.5  2.5  0.5  0.0  0.5  2.5 25.8 29.4 13.7  2.5  6.6  8.6  6.1  0.0
     -1.89      3.76      0.96     -1.58     -0.30  0.0  0.0  0.0  0.0  0.0
                                     4000_story_2302_llm.txt 35.0  4.6 2797
 10.7  4.3 11.8 40.4 10.0  1.8  1.1  1.4 12.5 10.0  0.7  1.1  0.0  5.4  0.4
  1.1  0.4  5.7 15.7  0.7  2.5276.4 81.9 31.8108.3 69.0 13.2 14.3  0.0  2.5
  0.0  1.1 29.3  5.0 10.0 37.9  7.5  4.6  4.6  2.5  2.5  2.5  7.2  5.7  0.0
  4.6  6.1  3.2  2.5  5.4 12.9 26.5 10.4  1.1  2.5 64.7 91.5  2.5162.3  6.1
  2.5  0.0  0.0  0.0  0.0  0.0  0.0  0.0  0.0  0.0  0.0  0.0  0.0  0.0  0.0
  0.0  0.0  0.0  4.3  0.4  2.9  1.1  0.0  0.0  0.0  0.0  0.0  0.0  0.7  0.4
  0.4  0.7  0.7  1.1  0.0  0.7  0.0  0.0  0.0  0.0  0.0  0.0  2.9  1.4  0.0
  8.6  0.0  0.7  9.3  3.2  0.7  3.9  4.3  0.0  0.0  0.0  0.0  0.0  0.0  0.0
  1.4  0.4  0.0  0.0  0.0  0.0  0.4 11.1  2.5  3.9 10.0 11.8  1.8  3.9  8.2
  4.3  0.4  1.1  3.9  1.1  1.1  0.4 34.3 23.2 17.9  2.1  2.9  7.2  4.6  0.0
     -3.98      6.09     -1.87     -0.67      3.21  0.0  0.4  1.1  0.0  0.0
                                     4000_story_2305_llm.txt 32.3  4.0 5760
 16.3 10.4 34.9 62.7 11.1  2.3  4.9  1.9 16.1 16.5  0.9  4.2  0.2  9.5  2.4
  0.0  0.3  7.1 14.4  2.1  2.6265.5 73.6 14.9113.4 83.2 11.3 25.3  0.0  0.9
  0.2  1.0 13.9  8.2 11.8 30.6  8.5 13.5  4.0  4.3  2.1  1.0  4.2  3.0  0.3
  2.6 10.6  1.0  3.1  3.3 22.7 34.5  5.9  2.4  1.0 41.3110.4  5.6184.2  0.0
  2.3  0.2  0.0  0.0  0.0  0.0  0.0  0.0  0.0  0.0  0.0  0.0  0.0  0.0  0.0
  0.0  0.0  0.0  8.0  0.5  3.0  0.7  0.2  0.0  0.0  0.0  0.0  0.0  0.0  1.2
  0.2  1.0  1.2  0.3  0.0  0.0  0.0  0.0  0.0  0.2  1.0  0.0  3.5  3.0  0.0
 12.2  0.2  0.0 12.3  4.0  0.0  4.2  7.5  0.0  0.0  0.0  0.0  0.0  0.0  0.0
  0.3  1.0  0.0  0.0  0.3  0.2  0.2 16.1  3.8  0.9  7.8 17.7  1.4  5.4  8.2
  4.5  0.3  1.6  1.7  0.5  0.0  0.0 39.2 35.2 23.1  3.0  3.5  9.9  4.9  0.0
     11.68      8.56     -4.62      1.29      0.53  0.0  0.0  0.0  0.0  0.0
                                     4000_story_2311_llm.txt 37.3  4.2 4371
 12.6  4.3  0.5 29.7  4.3  0.2  1.6  0.7 66.8 15.6  0.0  2.5  0.0  2.5  0.0
  0.5  0.0  4.1 16.9  0.0  2.1244.8 92.4 24.9118.5 57.7 12.1 10.8  0.2  0.9
  0.2  3.7 14.6 10.5 16.7 31.1  3.0  4.1  0.5  1.8  0.9  0.2  4.1  5.5  0.9
  3.9  9.8  1.1  2.5  4.3  9.2 34.8 10.3  0.0  1.4 65.0128.8  2.3165.4  4.3
  1.4  0.0  0.0  0.0  0.0  0.0  0.0  0.0  0.0  0.0  0.0  0.0  0.0  0.0  0.0
  0.0  0.0  0.0  2.1  1.1  1.1  1.8  0.0  0.0  0.0  0.0  0.0  0.0  0.0  0.2
  0.2  0.0  0.0  0.9  0.0  0.0  0.0  0.0  0.0  0.0  0.5  0.0  0.2  0.7  0.0
  6.2  0.0  0.0  6.2  1.4  0.0  1.4  1.4  0.0  0.0  0.0  0.0  0.0  0.0  0.0
  0.2  0.0  0.0  0.0  0.0  0.0  0.0  8.2  2.1  1.1  4.1 31.3  4.6  3.9  8.5
  1.8  2.3  0.5  2.5  0.0  0.0  0.2 38.2 15.1 17.4  1.1  8.2  9.8  4.6  0.0
     -3.93      5.06     -5.54     -4.12      1.74  0.7  0.0  0.2  0.0  0.0
                                     4000_story_2312_llm.txt 34.5  4.2 2544
 13.8  5.5 22.8 54.6  9.0  0.8  2.0  0.0 20.0 18.1  1.2  0.4  0.4  3.9  0.8
  0.8  2.0  3.5 11.4  0.8  2.8232.7 88.8 27.5108.5106.1  8.3 13.4  0.0  0.4
  0.0  3.5 16.1  8.6  8.6 38.9  4.3  9.8  0.4  2.8  2.4  1.2  3.1  7.1  0.8
  3.1  9.4  1.6  3.5  6.3 15.7 27.5 11.0  2.8  0.4 65.6135.2  2.8179.2  8.6
  0.8  0.0  0.0  0.0  0.0  0.0  0.0  0.0  0.0  0.0  0.0  0.0  0.0  0.0  0.0
  0.0  0.0  0.0  3.1  0.4  3.1  0.8  0.0  0.0  0.0  0.0  0.0  0.0  0.0  0.0
  0.8  0.8  0.0  0.4  0.0  0.4  0.0  0.0  0.0  0.0  0.4  0.4  1.2  0.0  0.0
  7.5  0.0  0.0  7.5  2.0  0.4  2.4  2.0  0.0  0.0  0.0  0.0  0.0  0.0  0.0
  0.4  0.8  0.0  0.0  0.0  0.0  0.0  9.0  2.0  0.8  7.9 24.0  2.4  3.9  2.8
  2.4  1.2  0.8  1.2  1.6  0.0  0.8 41.3 20.0 17.7  2.8  3.9  7.9  5.1  0.0
      1.23      6.62     -3.63     -1.29      1.03  0.0  0.0  0.0  0.0  0.0
                                     4000_story_2314_llm.txt 36.0  4.7 4105
 11.4  4.6  7.6 45.3 11.4  1.0  2.7  0.5 13.6 14.1  1.2  1.0  0.2  6.1  0.7
  1.0  1.7  4.4 15.1  0.5  1.7240.4 85.3 41.9 99.9 64.8 17.5 10.2  1.0  3.2
  1.0  1.5 35.6 10.7  9.0 37.0  7.8 13.4  3.2  2.4  1.7  2.7  4.4  6.6  1.2
  4.9  6.6  2.4  4.6  6.1 19.5 26.6 12.7  2.2  5.1 82.1 89.9  2.2161.3  6.8
  1.0  0.2  0.0  0.0  0.0  0.0  0.0  0.0  0.0  0.0  0.0  0.0  0.0  0.0  0.0
  0.0  0.0  0.0  2.4  0.7  2.7  1.7  0.5  0.0  0.0  0.0  0.0  0.0  0.0  0.7
  0.0  1.2  0.7  0.0  0.0  0.7  0.0  0.0  0.0  0.5  0.2  0.5  1.0  1.2  0.0
  7.6  0.5  0.0  8.0  2.7  0.7  3.9  2.9  0.0  0.0  0.0  0.0  0.0  0.0  0.0
  0.7  0.2  0.0  0.0  0.0  0.0  0.0 13.6  2.4  2.4  6.1 15.6  3.4  3.9  8.0
  1.5  0.5  1.2  1.9  0.7  0.5  0.7 30.0 20.2 17.1  1.5  4.6 10.2  5.4  0.0
     -1.34      5.71     -0.79      0.60      2.62  0.2  0.0  0.5  0.0  0.0
                                     4000_story_2316_llm.txt 34.5  4.3 3433
 15.7  5.2 11.7 50.7 16.3  2.0  4.4  0.6 19.2 25.1  0.6  2.3  1.5  7.0  0.6
  0.9  0.9  5.2 10.5  1.7  4.4220.5 94.7 29.7117.4 83.3 14.9 10.5  0.3  1.7
  0.6  4.4 27.4  8.2 10.5 36.7  5.8  7.0  2.0  1.2  2.0  2.0  4.7  4.4  0.3
  2.6  5.5  0.3  1.2  6.4 14.3 23.9  7.3  2.6  2.6 69.6118.8  2.6180.3  2.9
  0.6  0.0  0.0  0.0  0.0  0.0  0.0  0.0  0.0  0.0  0.0  0.0  0.0  0.0  0.0
  0.0  0.0  0.0  1.5  0.3  1.2  3.5  0.3  0.0  0.0  0.0  0.0  0.0  0.0  0.0
  0.6  0.9  0.6  1.5  0.0  0.6  0.0  0.0  0.0  0.0  0.0  0.0  3.5  1.2  0.0
  6.4  0.3  0.0  6.7  3.5  0.6  4.1  4.7  0.0  0.0  0.0  0.0  0.0  0.0  0.0
  0.6  0.3  0.0  0.0  0.0  0.0  0.3  4.4  2.0  2.9  8.2 28.0  1.7  4.4  6.4
  1.5  2.9  0.6  2.3  0.6  0.6  0.0 36.4 18.9 23.3  2.6  4.7 12.8  5.5  0.0
      5.80      6.64     -1.43     -1.97      1.02  0.3  0.0  0.0  0.0  0.3
                                     4000_story_2317_llm.txt 35.3  4.3 3665
 10.1  2.7 12.8 46.1  6.8  1.6  1.6  1.1 18.6 14.7  1.4  1.9  0.8  4.9  0.3
  0.8  0.3  4.6  9.0  0.3  1.4263.3 86.2 34.4109.1 94.1 12.6 10.9  0.3  1.1
  0.0  4.1 19.6  4.9  7.9 31.1  6.8  3.3  3.8  1.6  1.1  0.8  3.5  7.4  0.3
  4.1  6.3  0.3  1.6  6.8  9.0 22.9 11.7  0.5  1.4 68.8119.5  3.8172.7  4.9
  0.3  0.0  0.0  0.0  0.0  0.0  0.0  0.0  0.0  0.0  0.0  0.0  0.0  0.0  0.0
  0.0  0.0  0.0  1.6  0.5  0.3  0.8  0.0  0.0  0.0  0.0  0.0  0.0  0.0  0.0
  0.0  1.1  0.8  0.5  0.0  0.0  0.0  0.0  0.0  0.5  0.0  0.0  0.8  0.8  0.0
  3.3  0.0  0.0  3.3  2.5  0.0  3.0  1.6  0.0  0.0  0.0  0.0  0.0  0.0  0.0
  0.8  0.5  0.0  0.0  0.0  0.0  0.0 19.9  2.2  0.5  4.9 33.6  1.4  1.9  4.4
  1.9  1.9  4.9  3.0  1.1  0.0  0.0 33.6 18.3 15.0  3.0  4.1 10.9  6.3  0.0
     -5.07      6.48     -0.94     -3.00      1.24  0.0  0.0  0.0  0.0  0.0
                                     4000_story_2320_llm.txt 31.8  4.4 6381
 19.3  7.4 12.5 60.0 13.9  2.2  1.7  1.4 19.1 18.8  0.8  2.4  0.3  7.8  0.6
  1.4  1.9  5.5  9.7  0.9  1.3236.6 72.7 25.7119.3 70.5  8.5 12.9  0.2  1.3
  0.5  3.3 25.5  7.4  8.6 41.1  7.2  4.4  3.4  1.6  2.8  2.4  6.4  6.7  0.2
  2.4  5.2  2.2  2.0 10.7 12.7 22.1  9.2  2.8  1.9 63.8103.6  3.6185.1  3.8
  0.9  0.2  0.0  0.0  0.0  0.0  0.0  0.0  0.0  0.0  0.0  0.0  0.0  0.0  0.0
  0.0  0.0  0.0  3.4  0.9  3.8  2.8  0.2  0.0  0.0  0.0  0.0  0.0  0.0  0.5
  0.2  0.9  0.3  1.4  0.0  0.0  0.0  0.0  0.3  0.6  0.0  0.2  2.8  1.3  0.0
 11.0  0.2  0.0 11.1  3.3  0.3  4.2  4.2  0.0  0.0  0.0  0.0  0.0  0.0  0.0
  0.2  0.3  0.0  0.0  0.0  0.0  0.2 17.2  4.2  2.2  9.2 18.2  2.2  3.8  4.1
  3.9  1.3  1.7  1.9  0.8  0.6  0.0 35.6 22.6 25.9  1.3  5.8 11.3  6.7  0.0
      5.79      5.34     -1.86     -1.45      2.29  0.9  0.0  0.0  0.2  0.0
                                     4000_story_2321_llm.txt 36.8  4.5 7123
 15.4  4.9  9.7 55.9 20.8  1.3  3.9  0.4 24.3 15.0  1.1  2.0  0.1  5.8  1.8
  0.8  0.6  6.2 10.0  1.3  0.8231.4 83.4 32.7103.5 78.2 17.1  9.0  0.6  0.7
  0.4  3.5 32.6 11.7 11.2 40.4  6.3  4.5  1.3  2.7  2.9  2.5  4.4  3.8  0.6
  2.9  6.9  1.4  2.5  5.6 13.6 25.0  7.3  1.8  1.7 66.7123.3  3.1173.5  4.8
  1.0  0.0  0.0  0.0  0.0  0.0  0.0  0.0  0.0  0.0  0.0  0.0  0.0  0.0  0.0
  0.0  0.0  0.0  2.1  1.1  2.0  2.1  0.0  0.0  0.0  0.0  0.0  0.0  0.3  0.3
  0.6  1.0  0.6  0.8  0.1  0.0  0.0  0.0  0.0  0.1  0.0  0.0  2.5  2.7  0.0
  7.3  0.0  0.3  7.6  3.2  0.1  3.5  5.2  0.0  0.0  0.0  0.0  0.0  0.0  0.0
  0.7  0.4  0.1  0.0  0.0  0.0  0.0  7.9  4.2  3.4 11.1 22.3  3.7  3.2  7.4
  0.8  1.8  3.1  1.8  0.3  1.0  0.4 36.1 17.7 25.7  1.8  6.6 15.6  5.2  0.0
      1.58      6.11     -3.33     -1.50      1.05  0.3  0.1  0.0  0.0  0.0
                                     4000_story_2322_llm.txt 34.0  4.3 6302
 16.0  4.9 10.9 45.9 21.6  0.8  3.3  1.0 21.1 17.8  0.5  1.9  0.8  5.7  0.8
  0.5  1.3  3.3 10.0  0.8  2.9201.0 80.5 27.5121.7101.6 20.0  7.0  0.6  1.4
  0.2  3.2 20.0 10.6 12.1 35.4  8.6  4.0  1.9  2.2  2.5  2.9  3.6  5.7  0.2
  1.9  7.5  1.1  1.9  4.8  9.8 24.8  7.8  2.1  2.2 63.3144.2  3.0178.0  6.0
  0.8  0.2  0.0  0.0  0.0  0.0  0.0  0.0  0.0  0.0  0.0  0.0  0.0  0.0  0.0
  0.0  0.0  0.0  2.4  1.1  1.7  2.2  0.0  0.3  0.2  0.0  0.0  0.0  0.0  0.3
  0.3  1.3  0.3  1.3  0.2  0.2  0.2  0.0  0.0  0.5  0.2  0.0  2.7  1.1  0.0
  7.5  0.5  0.0  7.9  3.5  0.5  4.4  4.0  0.0  0.0  0.0  0.0  0.0  0.0  0.0
  0.0  0.5  0.0  0.0  0.0  0.0  0.2  8.3  3.3  3.3  8.4 23.8  2.7  4.1  6.8
  1.6  2.5  1.6  3.0  1.0  0.2  0.2 39.5 16.2 22.7  1.7  7.5 11.9  4.8  0.0
      3.22      7.93     -3.83     -1.69      0.26  0.6  0.0  0.0  0.2  0.0
                                     4000_story_2325_llm.txt 30.8  4.1 1847
 16.2  9.7 18.4 42.8  9.7  1.1  2.7  1.1 45.5 13.5  1.1  3.8  0.5  6.0  0.0
  1.6  0.5  8.1 24.9  1.1  4.9236.6 78.0 25.4121.8 52.5 10.3 28.2  0.5  3.8
  0.0  1.6 13.5  7.6 11.9 36.8  3.2  3.2  2.2  6.5  2.2  0.5  7.0  5.4  0.5
  0.5 10.8  2.2  2.2  3.2 13.5 47.6  6.5  1.6  4.3 54.1107.7  6.0175.4  7.6
  2.2  0.0  0.0  0.0  0.0  0.0  0.0  0.0  0.0  0.0  0.0  0.0  0.0  0.0  0.0
  0.0  0.0  0.0  5.4  1.6  3.8  2.2  0.0  0.5  0.0  0.0  0.0  0.0  0.0  0.5
  0.0  1.1  1.1  0.0  0.0  0.0  0.0  0.5  0.0  0.5  1.1  0.0  2.2  1.1  0.0
 13.0  0.5  0.0 13.5  2.7  0.5  3.8  4.3  0.0  0.0  0.0  0.0  0.0  0.0  0.0
  1.1  0.0  0.0  0.0  0.0  0.0  0.0 27.1  4.9  1.1  7.0  6.5  3.2  3.8  4.3
  2.2  2.7  7.0  1.1  1.1  0.5  0.0 31.4 37.9 20.0  3.2  1.1  8.7  6.5  0.0
      9.09      7.81     -3.03     -0.93      2.18  0.0  0.0  0.0  0.0  0.0
                                     4000_story_2326_llm.txt 34.5  4.0 2743
 10.2  3.6 32.4 69.3 18.6  2.2  2.6  0.7 27.3 14.2  1.8  1.1  0.0  7.3  0.0
  0.4  3.3  2.9 11.3  1.5  3.3240.2 92.6 24.1 98.4 59.8  9.1  9.5  0.0  0.4
  0.0  3.3 12.0  8.0 16.0 28.1  3.6  7.7  1.5  4.0  2.6  0.0  3.3  5.5  0.0
  2.9  9.1  1.5  2.6  6.2 13.1 28.8  8.4  4.7  0.4 59.4105.7  3.6176.8  9.1
  0.4  0.0  0.0  0.0  0.0  0.0  0.0  0.0  0.0  0.0  0.0  0.0  0.0  0.0  0.0
  0.0  0.0  0.0  2.2  0.4  0.7  1.1  0.0  0.0  0.0  0.0  0.0  0.0  0.0  0.0
  0.0  0.7  0.4  0.0  0.0  0.0  0.0  0.0  0.0  0.0  0.0  0.0  2.6  0.4  0.0
  4.4  0.0  0.0  4.4  1.1  0.0  1.1  2.9  0.0  0.0  0.0  0.0  0.0  0.0  0.0
  1.8  0.0  0.0  0.0  0.0  0.4  0.0 32.1  2.2  1.8  5.5 32.1  4.4  5.8  4.7
  2.2  1.8  1.8  1.5  0.0  0.4  0.0 44.8 15.3 14.2  0.7  4.4  9.1  6.9  0.0
      6.84      3.68     -5.40     -1.27      0.19  0.0  0.4  0.0  0.0  0.4
                                     4000_story_2327_llm.txt 34.8  4.6 3684
 11.1  3.0  1.1 29.6  5.7  0.0  2.4  1.1  4.9 13.6  1.4  0.0  0.3  4.9  0.3
  0.5  0.5  5.7 21.4  0.8  1.1273.3 97.4 36.4101.2 59.2 18.2  9.0  2.2  4.9
  0.8  1.4 42.1  6.0  8.1 35.0  7.1  1.4  2.7  2.2  1.1  1.1  6.8  9.5  2.2
  4.6  6.0  4.9  0.8  7.6  8.1 30.9 16.3  1.4  7.9 67.0 69.8  1.9152.3  4.1
  0.5  0.0  0.0  0.0  0.0  0.0  0.0  0.0  0.0  0.0  0.0  0.0  0.0  0.0  0.0
  0.0  0.0  0.0  3.5  0.3  2.7  1.4  0.0  0.0  0.0  0.0  0.0  0.0  0.0  0.5
  0.5  0.8  0.5  0.3  0.0  0.3  0.0  0.0  0.0  0.5  0.3  0.0  0.8  1.9  0.0
  7.9  0.0  0.0  7.9  2.7  0.3  3.5  3.0  0.0  0.0  0.0  0.0  0.0  0.0  0.0
  0.8  0.3  0.0  0.0  0.0  0.0  0.3  9.2  6.2  0.8  8.1 17.9  4.3  5.2  7.3
  9.0  0.5  3.3  1.1  0.5  2.4  0.0 38.8 18.5 16.8  1.9  3.5 10.3  4.9  0.0
     -6.41      5.39      2.77     -3.47      5.21  0.3  0.0  0.3  0.0  0.0
                                     4000_story_2328_llm.txt 33.8  4.4 2660
 12.8  3.0 27.1 72.6 18.4  2.6  6.4  1.1 27.1 22.2  0.8  1.1  0.4  7.1  0.8
  1.9  0.8  6.8 13.9  0.4  4.1229.3 74.4 27.4 96.2 53.4 12.4 18.0  0.0  2.3
  0.4  0.4 41.0  7.1  8.3 42.9  4.9 10.2  1.5  4.5  1.5  1.5  6.4  4.9  1.5
  3.0  7.1  1.5  4.1  5.6 18.4 27.1  9.4  1.1  2.6 59.0 98.9  3.8182.7  9.0
  2.6  0.0  0.0  0.0  0.0  0.0  0.0  0.0  0.0  0.0  0.0  0.0  0.0  0.0  0.0
  0.0  0.0  0.0  1.5  1.1  1.5  1.5  0.0  0.0  0.0  0.4  0.0  0.0  0.0  0.0
  0.8  1.9  0.0  0.4  0.0  0.4  0.0  0.0  0.0  0.4  0.4  0.0  3.0  1.1  0.0
  5.6  0.0  0.4  6.0  3.0  0.4  3.8  4.5  0.0  0.0  0.0  0.0  0.0  0.0  0.0
  0.8  1.1  0.0  0.0  0.0  0.4  0.4  8.6  4.9  2.6 12.0 17.7  1.5  6.0  5.6
  1.5  1.9  0.8  2.3  1.5  0.8  0.4 44.7 24.8 20.3  2.3  3.4 10.2  4.5  0.0
      6.54      5.54     -1.48     -0.34      3.24  0.4  0.4  0.0  0.0  0.0
                                     4000_story_2330_llm.txt 34.8  4.4 2489
  5.6  1.2  3.6 31.3  3.2  0.0  1.6  0.8  2.8 10.8  0.8  2.4  0.0  4.0  0.0
  0.8  0.4  4.4 20.9  0.8  1.2265.2 92.8 30.9108.5 68.7 20.5 10.0  0.4  5.2
  0.0  0.4 37.8  8.8 12.5 37.0  7.6  1.6  2.0  1.2  0.0  4.4  2.0 10.8  0.4
  2.0  4.4  1.6  2.8  4.8  6.0 29.3 13.3  1.2  5.6 63.9 74.7  2.0157.5  6.8
  2.0  0.0  0.0  0.0  0.0  0.0  0.0  0.0  0.0  0.0  0.0  0.0  0.0  0.0  0.0
  0.0  0.0  0.0  1.2  0.0  0.8  1.2  0.4  0.0  0.0  0.0  0.0  0.4  0.4  0.8
  0.4  0.4  1.2  1.6  0.0  0.0  0.4  0.4  0.0  0.0  0.8  0.4  3.2  1.2  0.0
  3.2  0.4  0.8  4.4  4.4  0.8  5.2  5.6  0.0  0.0  0.0  0.0  0.0  0.0  0.0
  2.4  0.0  0.0  0.0  0.0  0.0  0.0 10.8  1.2  2.0 10.4 22.5  2.8  5.2  9.6
  1.2  1.2  2.0  2.8  0.4  0.4  0.0 35.8 19.3 16.1  3.2  6.0 13.7  4.0  0.0
     -6.65      6.69     -1.70     -3.26      0.23  0.4  0.0  0.0  0.0  0.0
                                     4000_story_2339_llm.txt 32.5  4.0 2401
  8.7  6.2 27.9 49.1 11.2  2.1  2.9  0.0 54.6 17.5  2.1  2.1  0.0  5.8  0.0
  1.7  1.2  5.8 19.2  1.7  5.4230.7 91.6 18.3118.7 59.1 15.8 30.0  0.0  2.1
  0.0  1.7 19.2  8.3 11.2 24.6  8.3  7.9  2.1  2.5  1.7  1.7  2.1  6.7  0.8
  0.8  9.2  0.8  2.9  2.5 15.4 34.6  8.3  2.9  2.1 45.8124.9  5.8186.6  8.7
  2.5  0.0  0.0  0.0  0.0  0.0  0.0  0.0  0.0  0.0  0.0  0.0  0.0  0.0  0.0
  0.0  0.0  0.0  5.4  0.4  0.8  2.5  0.0  0.0  0.0  0.0  0.0  0.0  0.0  0.4
  0.4  2.5  0.8  1.2  0.0  0.0  0.0  0.4  0.0  0.4  1.7  0.0  3.3  0.0  0.0
  9.2  0.0  0.0  9.2  5.4  0.4  6.2  5.0  0.0  0.0  0.0  0.0  0.0  0.0  0.0
  1.2  0.8  0.0  0.0  0.0  0.0  0.0  9.2  1.7  0.0  6.2 17.5  0.8  7.5  5.8
  1.2  0.0  0.8  0.4  2.9  0.0  0.0 45.8 40.4 15.4  1.2  2.1  9.6  5.0  0.0
      8.49      9.40     -3.12     -1.45     -0.41  0.4  0.0  0.0  0.0  0.0
                                     4000_story_2341_llm.txt 37.0  4.4 2085
 11.5  1.9  1.0 44.1  2.9  1.0  2.9  1.0 47.0 15.8  0.5  3.8  0.0  6.2  0.0
  1.4  0.0  4.8 20.6  0.0  1.0255.6 98.3 43.6 87.8 19.2 12.9  3.8  1.4  1.9
  1.4  2.9 24.9  7.7 12.5 32.6  5.3  4.3  1.0  2.4  2.4  1.4  3.4  2.4  0.0
  3.4  5.8  0.5  3.4  8.2 11.5 35.5  5.8  0.0  4.8 75.8 69.1  1.0148.7  9.1
  2.4  0.0  0.0  0.0  0.0  0.0  0.0  0.0  0.0  0.0  0.0  0.0  0.0  0.0  0.0
  0.0  0.0  0.0  1.0  1.0  0.5  0.5  0.0  0.0  0.0  0.0  0.0  0.0  0.0  0.0
  1.0  0.5  0.0  0.0  0.0  0.0  0.0  0.0  0.0  0.5  0.5  0.0  3.4  1.0  0.0
  2.9  0.0  0.0  2.9  1.4  0.0  1.9  4.8  0.0  0.0  0.0  0.0  0.0  0.0  0.0
  0.5  0.5  0.0  0.0  0.0  0.0  0.0 11.5  1.9  0.5  6.2 34.1  2.4  6.7  9.6
  2.4  3.8  1.0  1.9  0.0  1.0  0.0 35.0 10.1 16.3  1.4  2.9 11.0  6.7  0.0
     -2.93      1.21     -0.83     -2.46     -0.08  0.0  1.0  0.5  0.0  0.0
                                     4000_story_2343_llm.txt 35.5  4.5 2493
  9.2  3.2 16.0 44.1 14.4  2.4  0.4  0.8 16.8  9.6  1.2  0.8  0.0  5.6  1.2
  1.2  0.4  5.6 23.3  1.2  2.0296.4 86.6 33.3 86.2 50.5 11.2 11.6  0.8  3.2
  0.0  0.8 32.9  7.2 13.6 35.7  5.6  5.2  0.8  4.8  0.0  2.0  5.2  4.0  0.4
  4.8  7.6  4.4  2.4  2.8 10.8 37.3  9.2  1.6  4.0 66.2 81.8  5.2148.8  7.6
  4.0  0.4  0.0  0.0  0.0  0.0  0.0  0.0  0.0  0.0  0.0  0.0  0.0  0.0  0.0
  0.0  0.0  0.0  2.4  0.0  2.8  2.0  0.0  0.0  0.0  0.0  0.0  0.0  0.0  0.0
  0.0  1.6  0.4  0.8  0.0  0.8  0.0  0.0  0.0  0.0  1.2  0.0  3.6  2.0  0.0
  7.2  0.0  0.0  7.2  2.8  0.8  3.6  6.8  0.0  0.0  0.0  0.0  0.0  0.0  0.0
  0.0  0.0  0.0  0.0  0.0  0.4  0.8  9.2  1.2  0.4  8.4 18.1  2.8  2.0  6.4
  2.0  0.8  1.6  2.0  2.0  0.4  0.0 30.9 18.9 14.8  1.2  1.6 12.8  5.2  0.0
     -1.68      3.67     -2.47     -2.11      2.10  0.4  0.0  0.4  0.0  0.0
                                     4000_story_2347_llm.txt 30.8  4.4 3045
 12.8  1.6  7.9 30.2  2.0  1.0  1.0  1.0  2.6 16.7  0.0  3.0  0.7  5.6  0.3
  0.3  0.3  3.3 22.7  1.0  5.6257.5105.1 27.9114.3 47.6 11.2 10.5  0.0  1.6
  0.0  1.3 19.4  8.2 16.7 34.5  8.9  3.0  1.0  2.0  0.3  2.6  3.6  9.2  0.3
  4.3  7.6  2.3  3.3  4.3  6.6 36.5 13.8  1.3  1.6 58.5 52.2  2.0170.4  7.2
  2.0  0.0  0.0  0.0  0.0  0.0  0.0  0.0  0.0  0.0  0.0  0.0  0.0  0.0  0.0
  0.0  0.0  0.0  1.0  1.3  2.3  1.0  0.0  0.0  0.0  0.0  0.0  0.0  0.0  0.0
  0.3  0.7  1.3  0.7  0.0  0.3  0.0  0.0  0.0  0.0  1.6  0.0  1.0  0.0  0.0
  5.6  0.0  0.0  5.6  3.0  0.3  3.3  2.6  0.0  0.0  0.0  0.0  0.0  0.0  0.0
  2.0  0.3  0.3  0.0  0.0  0.0  0.3 11.5  2.0  1.3  8.5 25.3  1.3  3.0  7.2
  3.9  1.0  1.3  1.3  0.3  0.7  0.0 43.7 14.8 20.4  0.7  4.6  8.2  6.2  0.0
     -1.74      4.24     -5.60     -3.48      1.65  0.7  0.0  0.3  0.3  0.0
                                     4000_story_2350_llm.txt 37.5  4.3 5078
 13.4  3.0 14.2 46.1  5.9  0.6  2.0  0.4 11.0 13.4  1.0  0.2  0.2  3.7  1.0
  0.2  1.6  4.1 14.0  0.2  2.8273.5 96.1 22.4116.4 77.8 15.4  6.5  0.6  0.6
  0.2  3.2 15.8  9.1 17.9 27.4  5.5  5.9  2.0  2.0  1.6  1.2  1.6  6.7  1.2
  3.2  4.9  0.6  2.8  5.1 11.6 24.2 11.0  1.8  1.4 58.3 94.7  2.0175.5  4.5
  1.4  0.2  0.0  0.0  0.0  0.0  0.0  0.0  0.0  0.0  0.0  0.0  0.0  0.0  0.0
  0.0  0.0  0.0  2.0  0.4  1.2  1.2  0.2  0.2  0.0  0.0  0.0  0.0  0.0  0.2
  0.0  1.2  0.6  0.6  0.0  0.2  0.0  0.2  0.0  0.2  0.0  0.0  1.6  0.4  0.0
  4.7  0.4  0.0  5.1  2.6  0.4  3.2  2.0  0.0  0.0  0.0  0.0  0.0  0.0  0.0
  1.0  0.4  0.0  0.0  0.2  0.0  0.6  9.6  2.2  0.4  8.1 16.7  3.3  3.2 11.4
  2.4  1.4  1.2  2.0  0.6  0.2  0.0 46.3 15.2 16.5  1.6  5.7  8.7  6.1  0.0
     -3.54      5.72     -5.36     -2.45      0.30  0.4  0.0  0.6  0.0  0.0
                                     4000_story_2351_llm.txt 35.3  4.4 2679
 10.8  4.1 15.3 39.9  6.0  0.7  2.6  0.7 27.6  7.8  1.1  1.1  0.0  7.5  0.4
  0.0  1.1  6.0 14.2  0.7  2.2237.8 94.8 25.0100.8 44.8 14.6 17.5  0.7  3.0
  0.7  1.5 26.9  8.6  8.2 36.2  8.2  2.6  6.3  3.4  0.4  1.1  3.0  6.0  1.5
  5.2  3.4  3.7  0.7  4.1  9.0 23.5 12.7  1.9  4.5 59.7 78.4  3.4162.0  6.3
  3.0  0.0  0.0  0.0  0.0  0.0  0.0  0.0  0.0  0.0  0.0  0.0  0.0  0.0  0.0
  0.0  0.0  0.0  4.1  1.9  0.7  1.5  0.0  0.0  0.0  0.0  0.4  0.0  0.0  0.0
  0.0  0.7  1.1  0.0  0.4  0.4  0.0  0.0  0.0  1.5  0.4  0.0  1.1  2.2  0.0
  8.2  0.0  0.4  8.6  1.9  0.7  4.1  3.7  0.0  0.0  0.0  0.0  0.0  0.0  0.0
  0.4  0.0  0.0  0.0  0.0  0.0  0.4 21.6  6.0  2.2  9.3 17.2  5.2  4.1  5.6
  0.4  0.7  0.0  0.7  0.7  1.1  0.7 32.1 28.4 16.4  1.5  3.0  9.7  4.1  0.0
     -1.00      5.63     -0.92     -1.78      1.98  1.9  0.0  0.4  0.0  0.0
                                     4000_story_2352_llm.txt 34.3  4.1 3506
 17.1  8.3 26.5 50.8 10.6  1.4  5.1  2.6  6.0 10.3  1.1  1.1  0.0  7.1  0.0
  0.0  0.9  7.4 21.4  0.9  3.4231.3 81.9 21.4114.7 97.8 16.3 14.0  0.0  1.4
  0.0  1.7 11.4 11.7 16.0 36.2  4.6  8.3  1.7  4.6  1.1  2.3  5.4  5.7  0.3
  1.7 10.0  0.9  2.6  4.3 16.8 38.8  7.7  1.7  1.4 54.2114.4  2.9175.1  7.7
  2.9  0.0  0.0  0.0  0.0  0.0  0.0  0.0  0.0  0.0  0.0  0.0  0.0  0.0  0.0
  0.0  0.0  0.0  5.1  0.6  2.0  1.4  0.0  0.0  0.0  0.0  0.0  0.0  0.3  0.6
  0.0  0.6  0.9  0.0  0.0  0.0  0.0  0.0  0.0  0.9  0.6  0.0  5.7  1.7  0.0
  9.1  0.0  0.3  9.4  2.0  0.0  2.9  8.0  0.0  0.0  0.0  0.0  0.0  0.0  0.0
  2.0  0.9  0.3  0.0  0.0  0.0  0.3 19.7  3.7  0.9  7.4 11.1  5.1  3.4  6.6
  1.7  0.9  2.6  1.1  0.3  0.3  0.0 45.6 23.4 21.7  1.1  2.3  7.7  5.4  0.0
      5.68      8.11     -6.98     -0.55      1.40  0.3  0.0  0.0  0.0  0.0
                                     4000_story_2353_llm.txt 28.3  4.2 2188
 13.3  4.1 10.5 38.8  7.3  0.9  2.3  1.4 20.1 11.9  0.0  1.8  0.0  5.5  0.5
  0.0  0.0  4.6 19.2  0.5  6.9217.6 89.6 28.8115.2 81.8 18.7 12.3  0.5  5.0
  0.0  1.8 13.7  7.8 11.4 40.7  8.2  5.5  1.8  2.7  0.9  1.4  4.1  7.3  0.0
  2.3 14.6  1.8  2.3  2.7 11.0 40.2  9.6  0.5  5.5 60.3109.2  4.1172.3  4.1
  0.5  0.0  0.0  0.0  0.0  0.0  0.0  0.0  0.0  0.0  0.0  0.0  0.0  0.0  0.0
  0.0  0.0  0.0  3.7  0.9  1.8  1.4  0.0  0.0  0.0  0.0  0.0  0.0  0.5  0.0
  0.5  1.8  0.5  0.5  0.0  0.5  0.0  0.0  0.0  0.9  0.5  0.0  2.7  0.9  0.0
  7.8  0.0  0.5  8.2  3.2  0.5  4.6  4.1  0.0  0.0  0.0  0.0  0.0  0.0  0.0
  0.5  0.5  0.5  0.0  0.0  0.0  0.5 19.2  3.2  1.8  4.1 14.6  0.9  6.4  5.5
  0.9  3.2  3.2  2.3  0.5  0.5  0.0 53.0 22.4 15.1  1.8  2.7 14.6  7.3  0.0
      0.14      7.59     -2.51     -2.48      0.79  1.4  0.0  0.9  0.0  0.0
                                     4000_story_2369_llm.txt 33.5  4.8 1983
  6.1  2.0  0.0 46.9 10.1  0.5  2.5  0.0 21.7 14.1  0.5  2.5  0.5  4.0  2.0
  2.5  1.5  3.5 16.6  1.0  2.0280.9 92.8 32.8 83.7 43.9 21.2  9.6  0.5  3.5
  0.0  0.5 42.4  4.0  7.6 33.3  6.6  2.0  3.5  2.5  0.5  6.6  4.5 12.1  1.5
  2.5  6.6  1.5  1.5  6.1  6.1 28.7 16.1  2.5  4.0 72.1 75.6  0.5142.7  3.0
  1.0  0.5  0.0  0.0  0.0  0.0  0.0  0.0  0.0  0.0  0.0  0.0  0.0  0.0  0.0
  0.0  0.0  0.0  3.5  0.0  1.0  0.5  0.0  0.5  0.0  0.0  0.0  0.0  0.0  0.5
  1.5  0.0  0.0  0.0  0.0  0.5  0.0  0.0  0.0  0.0  0.5  0.0  3.0  2.5  0.0
  5.0  0.5  0.0  5.5  2.0  0.5  2.5  6.1  0.0  0.0  0.0  0.0  0.0  0.0  0.0
  0.5  0.0  0.0  0.0  0.0  0.0  0.0 18.7  6.6  0.0 10.6 16.6  2.0  3.0  9.1
  2.5  1.0  1.5  0.5  0.5  1.0  0.0 22.7 20.7 12.6  4.0  4.0  5.5  3.5  0.0
     -2.42      4.82      0.90     -0.98      3.02  0.0  0.5  0.0  0.0  0.0
                                     4000_story_2370_llm.txt 36.5  4.8 3062
 10.1  1.3  6.2109.7  2.9  0.3  3.6  1.0  1.3 14.0  1.0  0.7  0.0  4.6  0.3
  0.7  0.3  6.2 17.3  1.0  1.3275.6 81.3 42.5 10.5 42.1 13.4  6.2  1.3  3.9
  0.3  1.6 65.0  5.2  7.2 32.7 11.4  6.2  2.3  2.9  1.6  3.6  5.9 15.3  0.7
  1.6  5.9  3.6  2.0  7.2 14.0 28.4 17.6  1.3  5.6 74.1 46.4  0.3140.1  5.9
  2.6  0.0  0.0  0.0  0.0  0.0  0.0  0.0  0.0  0.0  0.0  0.0  0.0  0.0  0.0
  0.0  0.0  0.0  1.6  1.3  2.0  2.3  1.0  0.0  0.0  0.0  0.0  0.3  0.3  1.3
  0.3  1.3  0.7  1.0  0.0  0.7  0.7  0.0  0.0  1.3  0.0  0.0  1.3  0.7  0.0
  7.2  1.0  0.7  8.8  4.6  1.3  7.2  2.0  0.0  0.0  0.0  0.0  0.0  0.0  0.0
  0.0  0.3  0.0  0.0  0.0  0.0  0.0 25.1  9.1  2.6 10.8 22.9  1.3  4.9  8.2
  0.7  1.0  0.3  0.3  1.6  0.7  2.6 25.5 16.3 16.3  3.9  5.6  7.8  5.2  0.0
     -5.19      0.21      3.65     -0.84      3.40  1.3  0.3  0.3  0.3  0.0
                                     4000_story_2371_llm.txt 33.3  4.3 3225
 11.2  2.5  3.4 59.5 13.3  2.2  5.3  0.9 37.5 21.1  1.6  0.6  0.3  4.0  0.0
  1.6  0.9  7.4 16.1  0.0  1.2254.6 84.0 29.1 95.8 48.4 14.0 10.2  0.9  3.7
  1.2  0.6 25.1  7.1  7.1 38.8  5.6  2.8  2.5  1.2  1.2  1.6  5.3  9.9  0.6
  5.0  8.1  1.2  2.5  5.0 11.5 26.7 15.5  0.9  5.9 59.8 99.2  2.5169.0  3.4
  1.2  0.0  0.0  0.0  0.0  0.0  0.0  0.0  0.0  0.0  0.0  0.0  0.0  0.0  0.0
  0.0  0.0  0.0  1.9  1.2  1.6  0.6  0.3  0.0  0.0  0.0  0.0  0.0  0.0  0.6
  0.0  1.2  0.6  0.6  0.0  0.0  0.0  0.0  0.3  0.9  0.0  0.0  2.5  0.6  0.0
  5.3  0.3  0.0  5.6  3.1  0.3  4.3  3.1  0.0  0.0  0.0  0.0  0.0  0.0  0.0
  0.6  0.6  0.0  0.0  0.0  0.0  0.6 10.9  4.3  0.9  5.3 29.1  3.1  2.5  6.2
  2.5  1.6  2.8  1.9  0.6  0.0  0.0 34.4 19.5 13.6  1.2  5.0  9.0  5.3  0.0
      0.17      4.15      0.15     -3.37      3.25  0.0  0.3  0.0  0.0  0.0
                                     4000_story_2373_llm.txt 34.5  4.6 5337
 10.3  2.8  0.0 42.0  3.9  0.2  0.6  0.9 41.0 11.4  0.2  2.6  0.2  3.7  0.2
  0.7  0.4  6.2 14.1  0.0  1.3242.5101.0 43.7 86.4 44.0 29.6  6.9  4.3  4.3
  1.3  0.7 49.1  6.2  3.9 33.0  5.6  3.7  1.1  1.3  1.5  7.5  4.3  6.9  0.9
  2.4  8.1  3.6  3.4  5.6 11.4 26.8 10.3  0.4  9.9 72.1 89.0  0.9140.3  4.7
  0.9  0.2  0.0  0.0  0.0  0.0  0.0  0.0  0.0  0.0  0.0  0.0  0.0  0.0  0.0
  0.0  0.0  0.0  2.2  0.9  2.6  1.9  0.2  0.2  0.0  0.0  0.0  0.2  0.0  0.0
  0.9  0.2  0.2  0.9  0.0  0.4  0.0  0.0  0.2  0.6  0.0  0.2  3.7  0.9  0.0
  7.7  0.4  0.2  8.2  2.2  0.6  3.4  4.9  0.0  0.0  0.0  0.0  0.0  0.0  0.0
  0.0  0.2  0.0  0.2  0.0  0.0  0.0 11.8  5.4  5.6  8.1 16.7  2.4  4.5  5.2
  2.6  0.9  1.9  2.4  0.0  1.7  0.4 24.5 14.8 18.7  1.1  5.4  9.2  3.2  0.0
     -6.90      6.05      5.74     -1.04      1.62  0.2  0.2  0.0  0.0  0.0
                                     4000_story_2376_llm.txt 36.5  4.5 1980
  9.6  2.0  1.0 43.4 10.6  1.0  4.5  2.5 44.4 16.7  2.0  1.0  0.0  6.1  0.5
  3.0  0.5  6.1 12.6  0.0  2.5277.3 88.4 34.3 95.5 26.3 11.6 15.7  1.0  2.0
  0.0  0.5 31.3  7.6  6.6 38.4  7.1  4.0  1.0  3.0  3.0  1.0  7.6  5.6  0.5
  3.5  4.5  2.5  2.5  3.0 13.1 21.7  9.6  0.5  3.0 62.1 81.3  9.1155.6  5.6
  1.0  0.0  0.0  0.0  0.0  0.0  0.0  0.0  0.0  0.0  0.0  0.0  0.0  0.0  0.0
  0.0  0.0  0.0  0.5  1.0  1.5  1.0  0.0  0.0  0.0  0.0  0.0  0.0  0.0  0.0
  0.0  0.5  0.0  1.5  0.0  1.0  0.0  0.0  0.0  0.0  0.0  0.0  5.6  1.5  0.0
  4.0  0.0  0.0  4.0  2.0  1.0  3.0  7.1  0.0  0.0  0.0  0.0  0.0  0.0  0.0
  1.0  0.5  0.0  0.0  0.0  0.0  0.0  5.1  4.5  1.5  5.6 20.7  3.0  3.0  6.6
  0.5  1.5  1.5  1.0  0.5  2.0  0.0 30.8 21.2 17.2  1.0  5.1  9.1  3.5  0.0
     -2.17      3.71     -1.34     -2.09      3.48  1.0  0.0  0.0  0.0  0.0
                                     4000_story_2387_llm.txt 35.0  4.6 6240
 11.4  2.2  0.0 26.6  0.2  0.2  1.3  0.6 25.8 11.9  0.6  1.8  0.2  4.0  0.5
  1.4  0.2  8.0 22.4  0.6  1.0222.3103.0 40.4 86.7 36.7 16.8  6.1  1.6  3.8
  1.8  2.1 43.9  6.9 10.1 34.9  9.3  2.2  1.6  1.4  1.1  3.7  5.9 15.9  3.2
  3.0  8.2  4.0  4.5  5.6 11.4 35.9 22.1  0.8  7.2 73.9 62.7  2.9136.2  5.9
  0.6  0.6  0.0  0.0  0.0  0.0  0.0  0.0  0.0  0.0  0.0  0.0  0.0  0.0  0.0
  0.0  0.0  0.0  1.8  0.2  2.4  1.9  0.0  0.3  0.3  0.0  0.0  0.0  0.3  0.6
  1.0  0.2  0.3  1.0  0.2  0.6  0.0  0.2  0.0  0.5  0.8  0.0  2.2  1.4  0.0
  6.3  0.6  0.3  7.2  3.0  1.0  4.5  4.5  0.0  0.0  0.0  0.0  0.0  0.0  0.0
  0.0  0.2  0.0  0.3  0.0  0.0  0.0 18.1  3.8  3.0 11.1 25.2  2.9  7.4 13.8
  3.5  1.4  2.2  2.1  0.3  1.3  1.3 25.5 12.7 19.6  1.8  4.5 11.4  4.3  0.0
     -4.83      3.12      2.34     -2.89      5.93  0.5  0.3  0.0  0.0  0.0
                                     4000_story_2388_llm.txt 38.0  4.4 7226
  7.6 10.1 29.6 71.8 10.7  0.8  2.8  0.8 16.1 12.6  1.5  1.2  0.3  3.7  0.3
  0.3  0.4  3.6 17.3  0.1  2.4285.9 90.9 31.0 79.4 59.5 10.7 31.7  0.6  3.6
  0.1  1.0 27.5  8.2  9.1 32.1  7.6  8.6  1.2  2.2  0.3  1.8  5.3  5.8  1.4
  1.4  8.7  1.5  2.2  3.9 12.5 30.4  8.6  0.6  4.3 59.8 86.2  3.5164.1  1.7
  2.9  0.0  0.0  0.0  0.0  0.0  0.0  0.0  0.0  0.0  0.0  0.0  0.0  0.0  0.0
  0.0  0.0  0.0  9.3  0.3  1.0  0.6  0.1  0.0  0.1  0.0  0.0  0.0  0.1  0.0
  0.1  0.1  0.1  0.1  0.3  1.1  0.0  0.1  0.0  0.3  0.6  0.0  3.3  0.8  0.0
 11.1  0.3  0.1 11.5  0.6  1.5  2.4  4.7  0.0  0.0  0.0  0.0  0.0  0.0  0.0
  0.6  0.3  0.0  0.0  0.0  0.0  0.1 14.4  2.4  1.4  7.2 19.2  2.1  4.3  8.2
  3.5  1.7  3.6  1.2  0.7  1.1  0.4 28.1 37.5 10.4  1.8  4.4  8.9  4.6  0.0
     -2.38      7.45     -1.35     -2.30      2.05  0.3  0.0  0.0  0.0  0.0
                                     4000_story_2389_llm.txt 36.3  4.4 4868
 12.5  3.9  9.4 36.2  3.7  0.6  1.2  0.8 40.5 11.5  1.8  0.2  0.6  3.3  0.4
  0.6  0.8  5.3 22.4  1.0  2.1239.9 88.7 37.4103.7 44.0 12.5  8.4  1.2  2.5
  0.8  2.9 26.3  8.0 10.9 32.9  7.2  8.0  3.5  1.0  1.4  2.3  4.5  9.7  1.4
  3.9 10.9  3.7  2.1  4.3 14.8 37.4 15.0  1.8  4.5 72.3 88.1  1.8158.8  6.6
  1.0  0.0  0.0  0.0  0.0  0.0  0.0  0.0  0.0  0.0  0.0  0.0  0.0  0.0  0.0
  0.0  0.0  0.0  2.9  0.4  2.7  1.6  0.2  0.2  0.2  0.0  0.0  0.2  0.0  0.2
  0.4  0.4  0.8  0.8  0.2  0.2  0.4  0.0  0.0  0.4  0.2  0.0  1.6  1.2  0.0
  7.6  0.6  0.2  8.4  2.7  0.8  3.9  3.1  0.0  0.0  0.0  0.0  0.0  0.0  0.0
  0.4  0.0  0.0  0.0  0.0  0.0  0.0  7.0  3.7  1.8  7.0 26.9  2.5  4.9  9.9
  3.7  2.3  1.6  2.7  0.2  0.8  0.6 32.7 16.8 17.1  1.6  6.8 11.1  6.8  0.0
     -2.14      3.61     -0.79     -1.52      3.03  0.2  0.2  0.0  0.0  0.0
                                     4000_story_2391_llm.txt 34.8  4.1 4241
  7.1  9.7 46.7 73.6 18.2  0.2  3.5  1.4 20.0 13.7  2.1  0.2  0.9  2.4  0.5
  0.9  0.2  4.5 22.4  0.5  0.7279.2 92.0 24.1 76.6 61.1 12.0 31.4  0.2  1.9
  0.2  0.5 17.7  5.9  9.0 29.9  8.5 12.3  1.7  3.3  1.2  2.4  4.5  7.1  0.0
  2.1  9.0  2.4  2.4  4.7 17.9 35.4  9.2  0.7  2.4 51.9 99.3  3.8161.5  0.0
  3.5  0.0  0.0  0.0  0.0  0.0  0.0  0.0  0.0  0.0  0.0  0.0  0.0  0.0  0.0
  0.0  0.0  0.0  8.0  0.7  1.4  0.7  0.2  0.0  0.2  0.0  0.0  0.0  0.0  0.2
  0.2  0.0  0.0  0.5  0.2  0.2  0.2  0.0  0.2  0.0  0.2  0.5  2.6  0.7  0.0
 10.8  0.5  0.0 11.3  0.9  0.9  1.9  4.0  0.0  0.0  0.0  0.0  0.0  0.0  0.0
  0.5  0.0  0.0  0.0  0.0  0.2  0.5 11.3  2.4  1.2  7.8 17.4  3.1  5.2  4.5
  3.3  1.7  0.5  0.9  0.7  0.9  0.2 29.5 35.4 12.0  1.2  3.5  4.5  5.4  0.0
      0.79      7.63     -2.35     -0.15      0.93  0.0  0.0  0.0  0.0  0.0
                                     4000_story_2392_llm.txt 35.5  4.4 5498
  9.8  2.9  9.3 46.2 11.1  0.0  2.0  0.4 10.2 14.2  0.5  0.7  0.2  2.2  0.4
  0.4  0.9  4.5 18.2  0.4  1.3289.6 95.9 45.5 91.7 56.6  7.6  8.5  1.1  2.4
  0.2  1.6 21.6  6.7  9.6 33.3  4.2  5.3  1.8  2.4  0.9  2.0  3.6  7.8  0.4
  3.6  5.3  2.7  1.3  3.8 10.7 28.2 11.8  1.3  3.6 77.8 77.8  2.5151.7  3.6
  0.9  0.0  0.0  0.0  0.0  0.0  0.0  0.0  0.0  0.0  0.0  0.0  0.0  0.0  0.0
  0.0  0.0  0.0  3.1  0.2  1.8  0.7  0.0  0.0  0.0  0.0  0.0  0.0  0.0  0.2
  0.0  0.2  0.4  0.5  0.0  0.4  0.0  0.0  0.0  0.2  0.4  0.2  1.6  0.4  0.0
  5.8  0.0  0.0  5.8  1.3  0.4  1.8  2.5  0.0  0.0  0.0  0.0  0.0  0.0  0.0
  0.0  0.4  0.0  0.0  0.0  0.0  0.0 13.8  2.5  0.7  6.5 30.6  3.6  4.4  6.9
  2.7  2.4  2.9  5.1  0.4  0.2  0.5 31.8 16.9 13.1  2.5  6.2  9.3  5.5  0.0
     -7.26      2.85     -1.58     -2.45      1.29  0.5  0.2  0.0  0.2  0.0
                                     4000_story_2396_llm.txt 37.8  4.5 2787
  7.2  2.2 27.3 53.1  4.7  0.7  1.4  1.1 17.2  8.6  1.1  1.8  0.0  3.2  0.4
  0.0  0.4  6.5 31.9  0.0  1.1272.3 97.6 34.4 67.5 53.1  6.8  5.7  4.7  1.4
  1.1  1.4 30.5  5.4  7.9 31.9  6.1  6.1  2.2  1.4  1.8  0.7  5.0  6.5  0.4
  3.6  6.8  1.8  2.9  6.8 14.4 43.4 10.4  0.4  7.2 73.6 75.0  2.2134.9  3.6
  3.9  0.0  0.0  0.0  0.0  0.0  0.0  0.0  0.0  0.0  0.0  0.0  0.0  0.0  0.0
  0.0  0.0  0.0  2.2  0.0  1.1  0.4  0.0  0.4  0.0  0.0  0.0  0.4  0.0  0.7
  0.0  0.4  0.0  0.7  0.0  0.0  0.0  0.7  0.0  0.7  0.4  0.0  1.4  0.4  0.0
  3.6  0.4  0.4  4.3  1.8  0.7  3.2  2.2  0.0  0.0  0.0  0.0  0.0  0.0  0.0
  0.0  0.0  0.0  0.0  0.0  0.0  0.0 12.2  5.4  1.4  6.8 17.9  4.3  3.6 12.6
  1.8  0.7  2.5  2.9  0.7  0.4  0.7 20.5 14.0 13.6  0.7  8.6  8.3  2.9  0.0
     -3.52      1.23      2.39     -2.66      1.93  0.0  0.0  0.0  0.0  0.0
                                     4000_story_2397_llm.txt 35.0  4.6 4703
 11.9  1.7  0.4 30.0  2.1  0.2  0.6  0.6  6.8 14.9  0.2  0.2  0.6  5.1  0.9
  1.9  0.0  4.3 24.2  0.9  1.3260.5105.5 45.9 95.7 53.4 11.7  7.0  2.3  3.4
  1.7  3.0 33.6  6.2  6.6 31.3  6.4  2.1  0.4  1.1  0.9  1.5  2.6 10.0  0.6
  4.3  9.8  3.4  2.3  5.1  7.2 38.3 14.9  0.9  7.4 81.7 62.3  1.5145.4  4.9
  0.9  0.2  0.0  0.0  0.0  0.0  0.0  0.0  0.0  0.0  0.0  0.0  0.0  0.0  0.0
  0.0  0.0  0.0  3.0  0.6  0.6  2.1  0.2  0.0  0.0  0.0  0.0  0.0  0.0  0.2
  0.4  0.6  0.2  1.1  0.0  1.1  0.0  0.0  0.0  0.2  0.4  0.0  1.5  0.6  0.0
  6.4  0.2  0.0  6.6  2.6  1.1  3.8  2.6  0.0  0.0  0.0  0.0  0.0  0.0  0.0
  0.0  0.4  0.0  0.0  0.0  0.0  0.0  8.9  3.6  1.9 10.4 21.3  3.4  5.7 14.7
  2.8  3.8  2.3  2.8  0.0  1.1  0.4 22.8 13.8 14.7  2.6  9.6 11.9  4.0  0.0
     -6.91      3.34      3.56     -4.48      1.35  0.4  0.2  0.0  0.0  0.0
                                     4000_story_2400_llm.txt 36.8  4.5 4087
 12.7  2.2  3.9 33.0  2.7  0.2  1.2  0.5  5.6  8.6  0.5  0.5  0.0  3.9  0.5
  0.2  0.2  4.9 22.8  0.5  2.0261.3108.9 38.2 94.0 55.3  9.5  6.6  2.2  3.7
  1.0  5.4 22.3  5.4 12.7 33.3  7.3  3.4  1.0  1.2  1.0  2.7  3.7  9.5  0.7
  2.2 10.3  2.9  2.2  5.4  9.3 40.1 12.5  0.7  6.9 76.1 63.6  1.2145.1  5.9
  1.0  0.0  0.0  0.0  0.0  0.0  0.0  0.0  0.0  0.0  0.0  0.0  0.0  0.0  0.0
  0.0  0.0  0.0  1.7  0.2  1.5  1.2  0.2  0.0  0.0  0.0  0.0  0.0  0.0  0.0
  0.0  0.2  1.0  0.2  0.0  0.7  0.0  0.0  0.2  0.0  0.2  0.0  1.2  0.7  0.0
  4.6  0.2  0.0  4.9  1.5  1.0  2.4  2.2  0.0  0.0  0.0  0.0  0.0  0.0  0.0
  0.0  0.5  0.0  0.0  0.0  0.0  0.0 10.8  2.2  0.7  7.8 19.6  3.2  3.2 15.9
  2.4  2.0  1.2  3.2  0.0  0.0  0.5 32.3 11.5 14.9  2.0  7.8  9.5  5.4  0.0
     -8.11      2.88      1.36     -3.38      1.39  0.5  0.2  0.0  0.0  0.0
                                     4000_story_2402_llm.txt 37.0  4.6 6587
 11.7  5.5  6.7 53.1  7.7  0.5  1.5  2.1 35.7 15.2  1.4  1.2  0.2  3.0  1.1
  0.6  1.1  7.3 25.8  0.5  2.3222.9 93.7 34.6 87.9 49.6 16.9  9.4  4.3  4.4
  2.3  2.9 38.4  7.9  7.9 42.4  9.0  4.9  2.4  1.4  2.6  3.3  6.4  8.3  2.0
  3.6  9.0  3.9  5.2  5.2 14.7 40.2 14.0  1.5 10.9 68.9 93.1  1.2156.5  3.3
  1.5  0.2  0.0  0.0  0.0  0.0  0.0  0.0  0.0  0.0  0.0  0.0  0.0  0.0  0.0
  0.0  0.0  0.0  4.4  1.2  2.1  1.7  0.0  0.2  0.0  0.0  0.0  0.0  0.0  0.6
  0.6  0.9  1.2  0.8  0.0  0.0  0.0  0.0  0.0  1.1  0.0  0.2  1.8  1.8  0.0
  9.4  0.2  0.0  9.6  4.1  0.0  5.2  3.8  0.0  0.0  0.0  0.0  0.0  0.0  0.0
  0.6  0.0  0.0  0.0  0.0  0.0  0.2 11.8  5.8  2.9  9.4 20.6  2.6  6.4  4.4
  2.7  1.7  1.2  1.1  0.3  0.8  1.1 30.2 18.2 16.9  2.0  5.2  7.1  5.3  0.0
      1.49      4.35      4.50     -1.48      4.32  0.5  0.0  0.0  0.0  0.0
                                     4000_story_2405_llm.txt 36.0  4.4 3789
 10.0 11.1 42.2 69.7 16.6  1.1  4.0  0.8 23.5 18.7  2.4  2.9  0.3  3.4  0.5
  0.5  0.5  4.5 22.7  0.3  1.8272.9 90.5 34.6 75.7 46.2  9.0 22.4  1.8  1.8
  1.1  1.1 31.4  7.1  8.2 30.9  5.8 10.0  1.1  2.9  0.8  1.3  5.5  8.4  1.3
  2.4 10.0  1.6  2.4  4.5 15.3 39.6 12.1  0.8  4.8 57.3 86.3  3.4155.7  1.1
  2.4  0.0  0.0  0.0  0.0  0.0  0.0  0.0  0.0  0.0  0.0  0.0  0.0  0.0  0.0
  0.0  0.0  0.0  9.5  0.3  2.6  1.1  0.0  0.0  0.0  0.0  0.0  0.0  0.0  0.5
  0.0  0.5  0.0  0.5  0.3  0.0  0.0  0.0  0.0  0.3  0.8  0.0  2.6  0.8  0.0
 13.5  0.0  0.0 13.5  1.6  0.3  2.1  4.2  0.0  0.0  0.0  0.0  0.0  0.0  0.0
  0.5  0.0  0.5  0.0  0.3  0.0  0.3 16.4  2.9  1.8  7.7 27.4  3.7  2.6  6.9
  2.1  3.2  1.1  2.9  0.3  1.1  0.8 32.5 24.3 12.9  3.4  4.2  7.4  2.9  0.0
      3.59      4.70      0.32     -1.65      2.90  0.0  0.0  0.0  0.0  0.0
                                     4000_story_2408_llm.txt 37.5  4.5 3759
 11.7  9.3 18.4 72.9 10.6  0.3  5.1  1.1 15.7 17.0  2.4  2.1  0.5  0.8  0.3
  0.8  0.3  5.1 24.2  1.3  2.7280.7102.4 27.1 70.8 50.0  8.8 27.4  0.5  2.4
  0.8  2.4 52.1  5.6  8.5 30.1  7.2  8.0  1.3  3.2  0.8  1.9  5.9  9.3  0.8
  2.1  6.9  1.6  2.9  4.8 13.8 38.8 12.2  1.6  3.7 63.0 76.4  5.3156.2  1.3
  3.2  0.3  0.0  0.0  0.0  0.0  0.0  0.0  0.0  0.0  0.0  0.0  0.0  0.0  0.0
  0.0  0.0  0.0  9.0  0.0  0.8  1.6  0.3  0.0  0.0  0.0  0.0  0.0  0.0  0.3
  0.5  0.3  0.8  0.5  0.0  0.0  0.3  0.0  0.0  0.5  0.3  0.3  1.6  0.5  0.0
 11.4  0.3  0.0 11.7  2.4  0.3  3.2  2.7  0.0  0.0  0.0  0.0  0.0  0.0  0.0
  0.8  0.0  0.0  0.0  0.0  0.0  0.0 13.3  3.2  1.9 10.9 11.2  1.9  4.0 10.1
  2.4  1.9  0.0  0.5  0.5  1.3  0.3 26.1 32.2 14.1  3.2  3.5  5.9  3.2  0.0
      0.28      5.59      1.91     -1.70      2.74  0.0  0.0  0.0  0.0  0.0
                                     4000_story_2409_llm.txt 37.3  4.4 6444
 12.3  3.3  9.3 41.1  8.5  0.6  1.4  0.5 11.2 15.8  0.3  0.8  0.2  2.2  0.3
  0.3  0.2  4.3 18.6  0.3  2.5252.5 95.4 37.4103.2 68.3 15.4  7.1  2.5  1.9
  1.4  2.5 21.1  7.4 11.6 34.5  5.6  6.5  1.2  1.6  1.1  2.3  4.3  6.7  0.5
  4.5  7.1  2.5  1.9  4.0 11.9 30.6 11.6  0.5  5.7 70.5 88.0  0.8159.4  4.5
  2.2  0.0  0.0  0.0  0.0  0.0  0.0  0.0  0.0  0.0  0.0  0.0  0.0  0.0  0.0
  0.0  0.0  0.0  2.8  0.3  1.7  2.0  0.0  0.0  0.0  0.0  0.0  0.0  0.0  0.2
  0.2  0.2  0.9  1.1  0.0  0.2  0.0  0.0  0.0  0.0  0.2  0.0  1.1  0.3  0.0
  6.8  0.0  0.0  6.8  2.5  0.2  2.6  1.6  0.0  0.0  0.0  0.0  0.0  0.0  0.0
  0.5  0.3  0.0  0.0  0.0  0.0  0.0 13.0  4.2  0.8  5.9 23.3  3.1  4.2  6.4
  3.7  3.4  1.4  3.6  0.2  1.1  0.3 25.8 14.9 18.9  2.0  6.4 13.5  6.8  0.0
     -6.39      4.98     -0.49     -2.50      1.91  0.3  0.0  0.0  0.0  0.0
                                     4000_story_2410_llm.txt 35.0  4.6 6623
 10.7  2.6  2.0 31.0  4.1  0.2  1.8  0.9 13.9 20.5  0.6  0.9  0.0  4.2  0.6
  1.5  1.1  5.1 23.3  0.2  0.8252.6101.3 43.2 90.1 39.9 13.4  6.3  1.7  3.9
  0.6  2.4 37.3  7.2  8.3 29.0  5.6  3.2  1.5  2.0  2.1  1.7  4.2  8.9  1.2
  6.5  8.3  3.2  2.1  2.1 10.4 36.8 16.6  1.2  6.2 81.5 57.8  1.8140.7  3.2
  1.1  0.0  0.0  0.0  0.0  0.0  0.0  0.0  0.0  0.0  0.0  0.0  0.0  0.0  0.0
  0.0  0.0  0.0  1.8  0.8  1.5  2.6  0.0  0.0  0.2  0.0  0.2  0.0  0.0  0.3
  0.3  0.8  0.5  1.5  0.2  0.2  0.0  0.0  0.0  0.2  0.0  0.0  0.8  0.3  0.0
  6.6  0.2  0.2  6.9  3.3  0.3  3.8  1.1  0.0  0.0  0.0  0.0  0.0  0.0  0.0
  0.3  0.3  0.0  0.0  0.0  0.0  0.0  7.9  2.6  1.2  8.6 23.6  3.3  3.6  7.9
  2.6  2.6  2.4  3.3  0.5  1.4  0.3 24.9 11.6 14.8  1.4  7.7 10.1  4.1  0.0
     -4.33      2.77      1.79     -2.80      3.39  0.6  0.0  0.0  0.0  0.0
                                     4000_story_2412_llm.txt 37.8  4.5 4352
 16.8  5.1  0.7 61.8 11.7  0.9  4.4  0.2 14.0 10.1  0.9  5.5  0.7  2.5  0.0
  0.2  0.5 10.6  9.0  1.1  1.1289.3 86.6 33.8 87.5 51.0  9.9  8.0  0.7  3.0
  0.2  0.9 49.9  5.1  6.7 20.0  5.1  2.8  5.5  3.2  1.8  2.1  2.5 12.9  0.9
  5.1  4.4  4.1  1.8  6.7 15.2 23.0 18.8  1.6  3.9 61.8 76.7  2.8159.9  1.8
  1.1  0.0  0.0  0.0  0.0  0.0  0.0  0.0  0.0  0.0  0.0  0.0  0.0  0.0  0.0
  0.0  0.0  0.0  3.9  0.5  2.5  0.5  0.2  0.0  0.0  0.0  0.0  0.0  0.0  0.0
  1.1  0.0  1.4  0.2  0.0  0.2  0.0  0.0  0.0  0.2  0.2  0.0  1.1  0.9  0.0
  7.4  0.2  0.0  7.6  2.8  0.2  3.2  2.3  0.0  0.0  0.0  0.0  0.0  0.0  0.0
  0.0  0.0  0.0  0.0  0.0  0.0  0.0 17.7  2.3  2.1 11.9 14.2  3.0  3.2  6.9
  2.8  0.5  2.1  0.9  0.5  0.7  1.6 27.6 19.8 20.2  1.8  5.7  6.9  3.2  0.0
     -2.45      2.81      2.34     -1.00      2.24  0.2  0.2  0.2  0.0  0.0
                                     4000_story_2432_llm.txt 37.0  4.5 7393
 11.6  3.8  4.3 44.6 15.4  0.5  3.0  0.1 20.8 16.0  0.8  1.5  0.3  4.7  0.0
  0.5  0.8  4.6 12.2  0.7  1.2263.8 86.3 31.1115.4 61.5 15.8 12.4  0.5  1.4
  0.0  2.0 22.0  7.2 14.2 30.8  4.9  4.9  1.5  1.6  1.5  0.9  2.7  6.5  0.7
  4.1  5.0  1.2  1.2  4.3 11.0 22.3 11.2  1.5  1.9 64.0 97.8  2.2174.1  6.0
  1.2  0.0  0.0  0.0  0.0  0.0  0.0  0.0  0.0  0.0  0.0  0.0  0.0  0.0  0.0
  0.0  0.0  0.0  1.2  0.7  2.8  1.1  0.0  0.0  0.0  0.0  0.0  0.0  0.0  0.1
  0.3  0.8  1.1  0.1  0.0  0.1  0.0  0.0  0.0  0.4  0.0  0.0  1.1  0.7  0.0
  5.8  0.0  0.0  5.8  2.4  0.1  3.0  1.8  0.0  0.0  0.0  0.0  0.0  0.0  0.0
  0.8  0.5  0.0  0.0  0.0  0.0  0.0  4.6  2.2  0.9  6.4 22.9  2.7  3.8  5.1
  0.7  1.5  0.0  3.1  0.3  0.4  0.1 37.3 16.0 15.8  2.2  5.1  9.3  6.4  0.0
     -3.94      6.15     -3.73     -3.14      0.88  0.1  0.1  0.0  0.0  0.0
                                     4000_story_2453_llm.txt 36.5  4.5 2953
  7.8  3.7  6.8 42.3 12.5  0.7  1.4  0.3 16.9 11.2  0.7  1.7  0.7  1.7  0.7
  0.0  0.3  4.1 16.9  0.0  3.0291.9 92.1 33.5104.3 50.8 11.2 17.3  1.0  1.0
  0.3  3.4 27.1  6.4 10.8 27.4  7.1  3.4  1.4  0.7  0.7  1.0  4.7  6.8  0.7
  6.4  4.1  1.7  0.3  3.4  8.1 26.8 13.9  0.3  2.4 70.8 80.3  1.7170.3  8.8
  2.0  0.0  0.0  0.0  0.0  0.0  0.0  0.0  0.0  0.0  0.0  0.0  0.0  0.0  0.0
  0.0  0.0  0.0  2.0  1.0  1.7  0.7  0.0  0.0  0.3  0.0  0.0  0.0  0.0  0.3
  0.3  0.7  1.4  0.0  0.3  0.3  0.0  0.0  0.0  0.3  0.0  0.3  0.3  1.4  0.0
  5.4  0.3  0.0  5.8  2.7  0.7  3.7  2.0  0.0  0.0  0.0  0.0  0.0  0.0  0.0
  0.3  0.3  0.0  0.0  0.0  0.0  0.0 10.8  2.0  2.0  9.5 20.0  3.0  4.7  6.1
  0.3  1.4  0.3  2.0  0.7  0.0  0.0 30.5 17.9 14.9  1.0  7.1 10.2  3.7  0.0
     -7.40      5.31     -1.06     -4.33      2.96  0.0  0.0  0.0  0.0  0.0
                                     4000_story_2461_llm.txt 33.3  4.5 5131
 13.1  3.9  0.6 46.0 10.9  1.2  2.5  0.6  7.0 18.9  1.0  2.7  0.4  4.1  0.4
  0.6  1.2  5.5 10.9  0.2  1.0272.9 88.9 29.4109.5 60.8 14.0  6.2  1.0  1.4
  0.8  2.9 25.7 11.9 10.5 31.4  5.8  4.5  2.5  3.5  3.7  1.0  2.5  6.6  0.4
  5.7  6.4  1.4  1.9  5.7 13.6 26.5 12.7  1.4  3.1 59.8 78.7  1.9170.5  1.2
  2.5  0.0  0.0  0.0  0.0  0.0  0.0  0.0  0.0  0.0  0.0  0.0  0.0  0.0  0.0
  0.0  0.0  0.0  2.1  1.0  1.4  1.2  0.0  0.0  0.0  0.0  0.0  0.0  0.0  0.0
  0.2  0.6  1.4  0.2  0.0  0.0  0.0  0.0  0.0  0.6  0.0  0.2  1.0  1.2  0.0
  5.7  0.0  0.0  5.7  2.3  0.0  2.9  2.3  0.0  0.0  0.0  0.0  0.0  0.0  0.0
  0.0  0.6  0.0  0.0  0.0  0.0  0.0 12.3  3.7  1.6  9.4 24.4  5.3  2.5  4.9
  1.2  1.2  2.3  1.8  0.2  0.6  0.0 33.5 12.3 17.2  3.1  6.0  8.8  5.5  0.0
     -3.50      4.43     -2.47     -0.97      1.08  0.4  0.0  0.2  0.0  0.0
                                     4000_story_2479_llm.txt 35.5  4.2 5930
 11.5  7.4  6.6 44.7 10.1  0.7  2.0  0.7 33.1 14.5  1.0  2.4  0.0  3.7  0.7
  0.5  0.3  6.1 18.4  0.0  4.0251.4 81.5 23.4118.4 65.1  9.3 17.4  0.5  3.4
  0.0  2.5 16.7  9.9 13.5 31.0  7.3  5.7  2.7  3.0  0.5  1.3  4.9  5.4  0.5
  2.7  6.1  1.3  1.3  5.7 12.3 32.4  8.6  0.3  3.9 64.1108.3  3.2179.8  3.9
  0.7  0.0  0.0  0.0  0.0  0.0  0.0  0.0  0.0  0.0  0.0  0.0  0.0  0.0  0.0
  0.0  0.0  0.0  5.7  0.2  2.7  0.5  0.0  0.0  0.0  0.0  0.0  0.0  0.0  0.5
  0.0  0.7  1.0  0.2  0.0  0.0  0.0  0.0  0.0  0.0  0.0  0.0  2.0  1.0  0.0
  9.1  0.0  0.0  9.1  2.4  0.0  2.4  3.0  0.0  0.0  0.0  0.0  0.0  0.0  0.0
  0.3  0.8  0.0  0.0  0.0  0.0  0.2 11.0  2.2  1.9  6.2 20.1  2.5  4.0  5.9
  0.7  2.0  1.0  2.7  0.7  0.7  0.5 44.7 22.6 14.2  3.2  4.2  8.9  5.7  0.0
      0.24      6.06     -3.52     -2.21      1.51  0.2  0.0  0.2  0.0  0.0
                                     4000_story_2489_llm.txt 37.3  4.6 4412
 16.5  2.9  0.2 56.0  7.3  0.9  2.3  0.5 14.1 11.3  0.2  1.8  0.5  1.8  0.2
  0.0  1.8 10.2 12.2  0.9  0.5298.3 88.2 33.3 84.8 59.8 13.8  7.9  0.7  3.6
  0.9  1.6 52.1  6.8  6.3 24.7  6.3  3.9  2.9  1.1  1.6  2.0  2.9 15.6  2.3
  4.3  6.3  2.5  2.3  2.5 15.6 23.1 22.2  2.7  5.2 51.2 81.1  1.6153.9  2.9
  1.4  0.0  0.0  0.0  0.0  0.0  0.0  0.0  0.0  0.0  0.0  0.0  0.0  0.0  0.0
  0.0  0.0  0.0  2.0  1.6  1.6  0.7  0.2  0.0  0.0  0.0  0.0  0.0  0.0  1.1
  0.7  0.7  1.8  0.2  0.0  0.0  0.2  0.0  0.0  0.9  0.0  0.0  0.7  0.5  0.0
  5.9  0.2  0.0  6.1  4.5  0.2  5.7  1.1  0.0  0.0  0.0  0.0  0.0  0.0  0.0
  0.0  0.5  0.0  0.2  0.0  0.0  0.0 18.6  3.6  0.9 12.2 20.2  3.9  5.4 10.4
  2.3  1.8  2.0  2.0  0.2  0.9  0.2 28.3 19.5 22.9  1.8  7.7  5.7  4.1  0.0
     -4.49      3.85      3.01     -2.65      3.72  0.0  0.0  0.0  0.0  0.0
                                     4000_story_2490_llm.txt 34.0  4.2 3776
 15.1  3.7  0.8 48.7  5.6  0.0  1.3  0.0 28.6 18.8  1.3  3.4  0.3  1.6  0.3
  0.3  0.3  4.0 20.7  1.6  1.3254.0 84.5 25.7121.3 73.4 12.2  7.4  0.5  2.4
  0.8  1.9 12.4 10.3 14.3 33.6  4.0  2.9  2.6  1.3  1.9  1.1  6.9  7.4  0.3
  2.6  6.6  0.8  0.3  8.2  8.7 33.9 10.3  1.9  3.7 60.4107.5  1.9178.8  2.4
  0.3  0.0  0.0  0.0  0.0  0.0  0.0  0.0  0.0  0.0  0.0  0.0  0.0  0.0  0.0
  0.0  0.0  0.0  2.9  1.3  1.1  0.8  0.0  0.0  0.0  0.0  0.0  0.0  0.0  0.3
  0.0  1.6  0.0  0.3  0.0  0.0  0.0  0.0  0.0  0.8  0.3  0.0  0.5  0.3  0.0
  6.1  0.0  0.0  6.1  2.1  0.0  2.9  1.1  0.0  0.0  0.0  0.0  0.0  0.0  0.0
  0.3  0.0  0.0  0.0  0.0  0.0  0.0 12.2  4.5  0.3  7.4 20.9  2.9  2.6  5.3
  5.3  2.1  4.2  3.4  0.0  1.1  0.0 35.8 16.2 15.6  1.9  9.0 10.3  6.9  0.0
     -1.54      5.24     -4.32     -3.15      2.86  0.0  0.0  0.0  0.0  0.0
                                     4000_story_2497_llm.txt 34.5  4.4 3624
 10.8  3.3 16.0 29.5  5.5  2.2  0.6  0.0  7.5 13.2  0.6  1.7  0.3  2.2  0.3
  0.0  0.0  4.4 14.1  0.3  1.7271.5 83.6 24.3128.6 68.2 10.2 12.4  0.8  0.8
  0.0  1.4 23.5  7.5  9.1 26.8  8.0  5.0  1.1  1.1  0.3  0.6  4.1  8.0  0.3
  7.2  7.2  1.4  2.5  3.9  9.7 25.4 15.5  0.3  1.7 56.3 81.1  3.6181.8  3.9
  0.8  0.0  0.0  0.0  0.0  0.0  0.0  0.0  0.0  0.0  0.0  0.0  0.0  0.0  0.0
  0.0  0.0  0.0  3.9  1.1  0.6  0.3  0.0  0.0  0.0  0.0  0.0  0.3  0.0  0.0
  0.3  0.6  1.4  0.0  0.0  0.0  0.0  0.0  0.0  0.3  0.3  0.0  0.8  0.8  0.0
  5.8  0.0  0.3  6.1  2.2  0.0  2.5  1.9  0.0  0.0  0.0  0.0  0.0  0.0  0.0
  0.3  0.0  0.0  0.0  0.0  0.0  0.0  7.2  1.7  1.4  7.2 21.2  2.8  6.9  2.2
  0.8  0.6  0.3  1.1  0.8  0.0  0.6 36.7 20.1 12.1  3.3  6.6  6.6  5.8  0.0
     -7.60      5.79     -2.31     -4.21      2.70  0.3  0.0  0.6  0.0  0.0
                                     4000_story_2519_llm.txt 36.3  4.6 4933
  9.9  2.0 15.4 39.1 14.8  1.2  1.2  0.6 11.1 20.1  0.6  1.2  0.2  4.1  0.4
  0.2  0.6  3.6 16.8  0.4  2.4296.8101.6 35.7 95.7 49.1 13.0  7.5  1.2  3.0
  1.0  2.0 47.2  6.5  8.1 26.8  4.5  5.3  1.6  1.2  0.4  2.0  2.6  6.1  1.0
  4.1  6.9  1.8  2.4  4.5  9.3 28.2 11.1  1.0  5.3 67.7 75.0  1.6150.4  3.6
  0.6  0.0  0.0  0.0  0.0  0.0  0.0  0.0  0.0  0.0  0.0  0.0  0.0  0.0  0.0
  0.0  0.0  0.0  2.2  0.4  1.2  0.4  0.0  0.0  0.0  0.0  0.0  0.0  0.0  0.6
  0.2  0.2  0.8  0.2  0.0  0.0  0.0  0.0  0.0  0.2  0.4  0.0  1.2  0.6  0.0
  4.3  0.0  0.0  4.3  2.0  0.0  2.2  2.2  0.0  0.0  0.0  0.0  0.0  0.0  0.0
  0.4  0.4  0.0  0.0  0.0  0.0  0.0  5.7  3.0  1.0  6.1 27.6  5.7  6.1  5.3
  1.0  1.8  1.0  2.4  0.6  0.6  0.2 23.5 12.4 16.0  1.8  4.3  8.1  5.1  0.0
     -5.93      3.48      2.40     -3.27      1.03  0.6  0.2  0.2  0.0  0.0
                                     4000_story_2544_llm.txt 34.3  4.5 5049
 11.7  2.8  4.2 36.2  1.8  0.2  1.2  1.0 39.6 11.1  0.0  0.4  0.0  2.2  0.2
  0.8  0.2  6.1 15.4  0.4  3.4254.3101.0 32.3106.2 44.8  7.7  8.9  0.4  1.4
  0.4  0.8 19.8  6.5 15.6 35.7  8.7  3.0  1.6  2.4  0.6  0.8  3.6  4.2  0.4
  4.4  8.1  0.8  3.2  2.4  9.7 27.1  8.9  0.6  2.2 60.0 86.2  2.8163.2  6.5
  1.8  0.0  0.0  0.0  0.0  0.0  0.0  0.0  0.0  0.0  0.0  0.0  0.0  0.0  0.0
  0.0  0.0  0.0  0.8  0.4  2.0  1.4  0.0  0.0  0.0  0.0  0.0  0.0  0.0  0.0
  0.6  1.0  1.0  0.4  0.0  0.4  0.0  0.2  0.0  0.0  0.0  0.0  0.4  0.2  0.0
  4.6  0.0  0.0  4.6  3.0  0.6  3.6  0.6  0.0  0.0  0.0  0.0  0.0  0.0  0.0
  0.4  0.2  0.0  0.0  0.0  0.0  0.0  3.0  3.2  1.0 10.3 27.9  2.8  6.1  3.4
  0.2  3.0  0.8  2.0  0.6  1.0  0.0 39.0 13.5 18.2  2.2  3.0  9.5  6.9  0.0
     -7.24      2.89     -4.57     -3.71      0.94  1.2  0.2  0.2  0.0  0.0
                                     4000_story_2559_llm.txt 37.8  4.5 4767
 13.6  5.2  0.8 62.5 16.6  0.2  3.6  0.6 28.5 13.6  1.5  1.9  0.2  4.6  0.2
  0.4  0.4  5.0 12.8  0.4  1.9240.0 75.5 31.3 98.2 49.9  8.8 14.5  0.8  3.1
  0.2  2.1 23.3  8.6  7.6 39.0  5.0  4.2  1.5  3.4  1.3  0.6  4.8  4.4  1.0
  2.3  8.2  0.8  2.1  6.9 10.5 28.3  7.8  0.8  4.2 62.1 95.0  0.8171.8  2.7
  1.3  0.0  0.0  0.0  0.0  0.0  0.0  0.0  0.0  0.0  0.0  0.0  0.0  0.0  0.0
  0.0  0.0  0.0  3.4  0.2  2.1  1.3  0.0  0.0  0.2  0.0  0.0  0.0  0.0  0.0
  0.2  0.2  0.8  0.4  0.2  0.4  0.0  0.0  0.0  0.0  0.0  0.4  1.5  2.7  0.0
  6.9  0.2  0.0  7.1  1.7  0.6  2.3  4.6  0.0  0.0  0.0  0.0  0.0  0.0  0.0
  0.2  0.2  0.0  0.0  0.0  0.0  0.2 14.9  4.6  2.5  8.0 20.3  1.9  4.8  5.9
  0.8  2.9  2.3  2.3  0.2  0.8  0.4 29.6 21.6 16.4  1.3  6.3  8.8  3.8  0.0
     -1.71      4.10     -1.27     -2.76      1.61  0.2  0.0  0.4  0.0  0.0
                                     4000_story_2573_llm.txt 34.5  4.7 5020
  6.4  1.6  1.8 33.9  3.0  0.4  3.2  0.8 58.0  7.8  0.2  2.4  0.2  6.8  0.0
  0.6  0.8  5.0 18.5  0.6  0.8288.4 82.3 36.7105.4 17.1 11.0  8.4  0.8  2.2
  0.0  1.6 42.2  5.4 14.3 25.5  9.2  3.4  3.2  1.4  1.0  0.6  2.6  7.6  0.6
  4.2  7.6  3.2  2.0  3.2  9.4 31.5 12.4  1.4  3.0 61.8 78.1  2.2162.0  6.8
  2.4  0.0  0.0  0.0  0.0  0.0  0.0  0.0  0.0  0.0  0.0  0.0  0.0  0.0  0.0
  0.0  0.0  0.0  3.4  0.2  1.2  1.4  0.0  0.2  0.0  0.0  0.0  0.2  0.0  0.2
  0.2  1.0  1.2  0.4  0.0  0.4  0.0  0.2  0.0  0.0  0.2  0.2  0.4  0.8  0.0
  6.2  0.2  0.2  6.6  3.0  0.6  3.6  1.6  0.0  0.0  0.0  0.0  0.0  0.0  0.0
  0.0  0.2  0.0  0.2  0.0  0.0  0.0 10.6  4.0  3.0 10.2 24.5  2.4  5.4 10.4
  3.4  1.4  0.8  0.2  0.6  0.2  1.4 35.9 15.5  9.6  3.8  8.2  7.6  4.6  0.0
     -4.64      2.16     -1.14     -3.42      0.95  0.8  0.4  0.0  0.0  0.0
                                     4000_story_2582_llm.txt 34.8  4.5 4060
 10.6  4.4  5.9 39.7  4.9  1.2  1.7  0.7 46.3 11.1  0.7  0.5  0.5  4.2  0.0
  0.5  0.2  7.1 14.8  0.0  2.2239.7 90.9 28.6110.3 47.5  7.9  8.4  0.5  1.0
  0.2  2.7 27.8  8.9 13.5 37.9  5.7  6.9  1.0  1.5  1.5  0.7  4.7  4.7  1.0
  4.4  6.9  2.2  2.0  3.7 15.5 26.4 10.1  0.2  1.7 64.5 98.8  0.7168.5  5.9
  0.5  0.0  0.0  0.0  0.0  0.0  0.0  0.0  0.0  0.0  0.0  0.0  0.0  0.0  0.0
  0.0  0.0  0.0  1.0  0.5  3.9  1.7  0.0  0.2  0.0  0.0  0.0  0.2  0.0  0.2
  0.2  1.2  0.5  0.5  0.2  0.0  0.0  0.2  0.0  0.2  0.2  0.0  0.0  0.5  0.0
  7.1  0.2  0.2  7.6  2.7  0.5  3.4  0.7  0.0  0.0  0.0  0.0  0.0  0.0  0.0
  0.2  0.2  0.0  0.0  0.0  0.0  0.0  3.7  3.7  1.0  7.1 23.4  0.7  5.7  4.4
  1.0  2.5  0.2  1.0  0.2  0.7  0.0 39.2  9.9 15.5  2.7  6.2  7.6  7.1  0.0
     -4.33      3.08     -3.76     -2.97      2.20  0.0  0.2  0.2  0.0  0.0
                                     4000_story_2588_llm.txt 35.3  4.5 2403
 16.6  2.9  2.1 84.1  1.2  0.0  3.7  1.2 57.8  7.5  2.1  1.2  0.0  2.9  0.0
  0.8  0.4  7.1 14.1  0.4  0.4242.6 79.5 35.0 66.2 45.4 15.4  7.1  1.7  2.9
  1.2  1.7 50.8 10.0  5.8 27.5  7.5  1.7  3.3  1.2  2.9  1.2  1.7  9.2  0.8
  2.1  9.6  2.5  3.3  8.3 11.7 27.9 12.1  0.8  5.8 72.0104.5  0.8159.4  5.0
  0.4  0.0  0.0  0.0  0.0  0.0  0.0  0.0  0.0  0.0  0.0  0.0  0.0  0.0  0.0
  0.0  0.0  0.0  3.3  1.2  1.7  2.5  0.0  0.0  0.0  0.0  0.0  0.0  0.0  1.2
  0.8  2.1  0.4  0.8  0.0  0.8  0.0  0.0  0.0  0.8  0.4  0.0  1.2  1.2  0.0
  8.7  0.0  0.0  8.7  5.4  0.8  7.1  2.9  0.0  0.0  0.0  0.0  0.0  0.0  0.0
  0.0  0.0  0.0  0.0  0.0  0.0  0.0 13.7  5.0  2.5  9.2 17.5  1.7  5.4 12.5
  2.1  0.0  0.8  1.7  0.0  0.4  0.4 25.4 17.1 21.6  0.4  5.4 12.5  4.6  0.0
     -3.52      2.74      2.56     -2.68      0.11  0.0  0.0  0.0  0.0  0.0
                                     4000_story_2594_llm.txt 37.5  5.0 2287
 11.4  2.2  0.0 23.6  0.0  0.0  0.9  0.9 50.7 14.0  0.4  0.0  0.4  2.6  0.4
  0.0  0.0  3.9 18.8  0.0  0.4266.3110.2 63.0 86.1 10.9 10.9  3.5  2.2  2.6
  1.7  3.5 42.0  5.2 13.6 31.9  2.6  1.3  0.0  0.4  1.7  1.3  3.5  5.2  0.9
  5.2 12.7  2.6  5.2  3.5  7.0 35.4 11.4  0.0  6.6102.8 61.7  0.0129.9  5.2
  1.3  0.0  0.0  0.0  0.0  0.0  0.0  0.0  0.0  0.0  0.0  0.0  0.0  0.0  0.0
  0.0  0.0  0.0  0.9  1.3  2.2  1.3  0.0  0.0  0.0  0.0  0.0  0.0  0.0  0.0
  0.4  0.4  0.0  0.0  0.0  0.0  0.0  0.0  0.0  0.0  0.0  0.4  0.4  0.9  0.0
  5.7  0.0  0.0  5.7  0.9  0.0  0.9  1.7  0.0  0.0  0.0  0.0  0.0  0.0  0.0
  0.0  0.0  0.0  0.0  0.0  0.0  0.0  3.9  2.2  3.9  7.0 23.6  2.2  5.2 10.5
  1.7  1.7  0.4  2.2  0.0  0.4  2.2 17.9  7.9 13.1  1.3  6.6  8.3  2.6  0.0
    -12.64      0.34      2.07     -4.74      1.72  0.9  0.0  0.0  0.0  0.0
                                     4000_story_2597_llm.txt 36.5  5.0 3456
 13.6  2.3  0.0 41.7  9.5  0.0  1.4  2.3 43.1 15.6  0.3  2.3  0.0  3.5  1.2
  0.9  1.2  4.1 16.2  1.2  0.6240.5101.0 51.8103.3 36.2 17.4  6.9  2.0  0.9
  2.0  3.8 52.1  7.8 11.0 32.7  5.5  2.0  2.9  0.9  0.6  2.3  3.2  4.9  1.4
  4.3  9.3  4.3  3.5  4.9  6.7 32.4 10.7  2.3  4.9 90.6 88.8  1.2160.0  3.2
  1.4  0.0  0.0  0.0  0.0  0.0  0.0  0.0  0.0  0.0  0.0  0.0  0.0  0.0  0.0
  0.0  0.0  0.0  1.4  1.4  1.2  2.6  0.0  0.3  0.0  0.0  0.3  0.0  0.3  0.3
  0.0  0.6  0.6  0.9  0.0  0.0  0.0  0.3  0.0  0.3  0.0  0.0  1.4  0.9  0.0
  6.7  0.3  0.6  7.5  2.3  0.3  2.9  2.3  0.0  0.0  0.0  0.0  0.0  0.0  0.0
  0.0  0.0  0.0  0.0  0.0  0.0  0.0  3.5  4.6  4.3 11.9 18.5  4.3  2.9  6.7
  3.8  0.9  0.3  0.9  0.3  2.0  1.7 21.7 15.3 18.2  0.9  7.2 14.2  4.3  0.0
     -4.11      3.90      2.13     -3.59      1.62  0.6  0.0  0.3  0.0  0.0
                                     4000_story_2599_llm.txt 35.8  5.0 6400
 12.3  1.3  0.6 23.3  0.6  0.0  0.5  1.3 28.8  8.0  0.3  1.3  0.0  2.2  0.9
  0.3  0.0  5.5 19.2  0.5  0.6267.7102.3 60.0101.3 36.7 16.3  6.4  2.5  2.7
  0.6  2.7 51.9  7.2 23.0 28.9  5.6  3.0  1.1  1.9  0.8  1.7  3.3 10.2  1.1
  6.3  8.4  3.6  3.4  5.2  9.2 33.4 17.5  0.5  5.8 95.0 66.1  0.9146.1  4.4
  1.4  0.3  0.0  0.0  0.0  0.0  0.0  0.0  0.0  0.0  0.0  0.0  0.0  0.0  0.0
  0.0  0.0  0.0  1.3  0.6  2.3  2.0  0.5  0.2  0.0  0.0  0.2  0.0  0.0  0.0
  0.5  0.5  0.8  1.4  0.0  0.3  0.2  0.2  0.0  0.3  0.2  0.0  1.1  0.5  0.0
  6.3  0.6  0.2  7.0  3.1  0.6  4.1  1.7  0.0  0.0  0.0  0.0  0.0  0.0  0.0
  0.0  0.0  0.2  0.0  0.0  0.0  0.0  6.3  6.1  3.6  8.4 28.0  3.3  3.6  7.2
  4.7  1.6  1.1  1.6  0.5  1.7  1.6 23.8 11.1 14.5  2.7  5.8 10.6  3.0  0.0
    -12.00      3.55     -1.52     -3.63      2.82  0.6  0.0  0.0  0.0  0.0
                                     4000_story_2609_llm.txt 38.3  4.8 2942
  9.2  1.0  1.7 52.0 22.1  0.7  2.4  0.7 26.5 12.9  1.0  2.4  0.0  2.7  0.3
  0.7  2.0  5.4 15.0  1.0  0.3293.7 69.7 31.3 96.2 53.4 14.6 11.6  0.3  3.1
  0.3  0.7 32.3  7.8  6.1 29.9  3.1  6.8  2.0  1.0  1.7  2.4  3.1  4.8  1.0
  4.4  4.4  1.7  3.7  4.4 13.9 23.5 10.2  3.1  3.7 62.5102.0  1.0160.4  4.8
  0.7  0.3  0.0  0.0  0.0  0.0  0.0  0.0  0.0  0.0  0.0  0.0  0.0  0.0  0.0
  0.0  0.0  0.0  2.7  0.7  0.3  0.0  0.3  0.0  0.0  0.0  0.0  0.0  0.0  0.3
  0.3  0.3  0.7  0.0  0.3  0.3  0.0  0.0  0.0  0.7  0.3  0.0  3.1  0.3  0.0
  3.7  0.3  0.0  4.1  1.7  0.7  3.1  3.7  0.0  0.0  0.0  0.0  0.0  0.0  0.0
  0.0  0.0  0.0  0.0  0.0  0.0  0.0 17.3  3.1  1.4  4.4 13.3  2.4  6.8 13.3
  2.7  0.7  2.4  1.4  0.0  1.0  0.0 28.2 17.7 14.3  2.4  4.8 12.9  6.8  0.0
     -2.76      4.76     -0.23     -2.10      1.22  0.0  0.0  0.0  0.0  0.0
                                     4000_story_2611_llm.txt 37.0  5.0 2863
  9.8  2.4  1.0 23.8  0.0  0.3  0.0  1.7 53.8 19.6  0.7  0.3  0.7  1.0  0.7
  0.7  0.3  8.4 19.2  0.0  0.3241.7107.2 62.5 87.7 10.1 16.4  3.8  2.8  1.4
  1.4  5.6 60.8  7.0  9.1 34.6  5.6  1.4  1.4  1.0  0.7  3.1  4.2  3.8  1.4
  5.2 11.2  4.2  4.2  6.6 10.5 37.4 10.5  0.3  5.6106.9 63.9  1.0130.3  2.8
  1.0  0.0  0.0  0.0  0.0  0.0  0.0  0.0  0.0  0.0  0.0  0.0  0.0  0.0  0.0
  0.0  0.0  0.0  1.4  1.0  1.0  0.7  0.0  0.0  0.0  0.0  0.3  0.0  0.0  0.0
  0.3  0.3  1.0  0.0  0.0  0.0  0.0  0.0  0.0  0.0  0.3  0.0  0.3  1.0  0.0
  4.2  0.0  0.3  4.5  1.7  0.0  1.7  1.7  0.0  0.0  0.0  0.0  0.0  0.0  0.0
  0.0  0.0  0.0  0.0  0.0  0.0  0.0  6.3  2.8  4.9 12.2 12.9  2.4  3.1  9.8
  1.0  1.7  0.0  1.7  0.0  2.4  1.4 18.5  8.4 15.7  0.3  8.0  7.3  3.5  0.0
     -9.02      1.47      4.24     -3.76      2.34  0.7  0.0  0.0  0.0  0.0
                                     4000_story_2613_llm.txt 36.8  5.1 6518
 12.6  1.7  0.3 33.4  0.2  0.5  0.5  0.8 16.9 13.3  0.5  0.3  0.3  2.5  0.8
  0.2  0.2  6.4 15.0  0.5  0.6287.4110.9 52.2 81.5 27.2 14.1  6.8  2.6  3.8
  1.2  1.2 52.9  5.1  8.9 29.3  6.1  3.4  1.2  1.4  0.8  2.6  2.1  6.1  1.4
  6.8  8.7  3.7  3.5  4.6 10.6 26.7 14.3  0.6  7.7 84.5 44.2  0.8139.2  5.8
  0.6  0.2  0.0  0.0  0.0  0.0  0.0  0.0  0.0  0.0  0.0  0.0  0.0  0.0  0.0
  0.0  0.0  0.0  2.0  1.1  1.8  1.4  0.0  0.2  0.0  0.2  0.0  0.0  0.2  0.3
  0.3  0.9  0.9  1.1  0.0  0.3  0.0  0.0  0.0  0.2  0.6  0.0  1.4  0.9  0.0
  6.3  0.2  0.3  6.8  3.5  0.3  4.0  2.9  0.0  0.0  0.0  0.0  0.0  0.0  0.0
  0.0  0.0  0.0  0.0  0.0  0.0  0.0  5.5  4.6  4.1 13.0 15.8  4.4  3.1  7.2
  1.1  1.8  0.8  1.5  0.2  1.1  1.4 18.1 10.9 15.8  0.6  9.1 11.8  3.2  0.0
    -13.03      2.12      3.94     -3.37      1.89  0.9  0.0  0.0  0.0  0.2
                                     4000_story_2616_llm.txt 37.0  5.0 3288
  9.4  2.4  0.3 26.5  1.2  0.0  1.2  0.0 37.4 17.3  0.0  0.3  0.3  1.2  0.3
  0.6  1.2  5.2 21.0  0.0  0.9275.2126.2 64.2 88.8 11.9  9.7  3.0  3.6  2.4
  1.8  3.6 40.1  8.2 12.5 30.1  4.6  0.6  0.9  0.3  0.9  1.5  2.1  5.8  0.6
  5.2 10.0  2.1  1.8  1.8  6.7 35.3 11.6  1.2  7.9 99.5 50.5  0.6131.7  3.3
  1.8  0.0  0.0  0.0  0.0  0.0  0.0  0.0  0.0  0.0  0.0  0.0  0.0  0.0  0.0
  0.0  0.0  0.0  1.2  0.3  2.1  2.4  0.0  0.0  0.0  0.0  0.0  0.0  0.3  0.0
  0.6  0.3  0.3  1.2  0.0  0.0  0.0  0.0  0.0  0.0  0.0  0.0  0.6  0.9  0.0
  6.1  0.0  0.3  6.4  2.4  0.0  2.4  1.5  0.0  0.0  0.0  0.0  0.0  0.0  0.0
  0.0  0.0  0.0  0.0  0.0  0.0  0.0  7.0  1.8  2.1  5.8 16.4  3.3  3.3 13.4
  1.5  2.1  0.6  3.3  0.0  1.5  0.6 20.7  6.4 13.7  0.6  9.4 11.3  3.6  0.0
    -11.17      0.16      2.41     -4.99      0.72  0.9  0.0  0.0  0.0  0.0
                                     4000_story_2630_llm.txt 34.8  4.6 1954
 16.4  2.6  0.0 39.4  3.1  0.0  1.0  0.5  6.1  8.7  1.0  0.0  1.0  3.6  0.0
  0.5  0.0  5.6 27.6  0.5  0.5266.6113.1 38.4 98.8 48.6 12.3  6.7  3.1  1.0
  0.5  3.6 22.0  5.6 15.4 29.2  2.6  3.1  1.0  2.0  0.5  0.5  3.1  7.2  1.0
  5.1 11.3  5.1  1.5  5.6  9.2 44.5 13.3  0.5  4.6 78.3 57.8  0.0155.6  4.6
  1.5  0.0  0.0  0.0  0.0  0.0  0.0  0.0  0.0  0.0  0.0  0.0  0.0  0.0  0.0
  0.0  0.0  0.0  4.1  0.5  0.5  1.0  0.0  0.0  0.0  0.0  0.0  0.0  0.0  0.5
  0.0  0.0  0.5  0.0  0.0  0.0  0.0  0.0  0.0  0.0  0.0  0.0  0.5  0.0  0.0
  6.1  0.0  0.0  6.1  1.0  0.0  1.0  0.5  0.0  0.0  0.0  0.0  0.0  0.0  0.0
  0.0  0.0  0.0  0.0  0.0  0.0  0.0  7.7  0.0  0.5  5.1 11.3  5.1  2.0 16.9
  0.5  1.0  2.6  3.1  0.0  2.6  0.0 29.2 14.8 26.6  0.0  7.7  7.7  3.6  0.0
     -8.15      3.28     -1.17     -4.17      1.82  1.0  0.0  0.0  0.0  0.0
                                     4000_story_2632_llm.txt 39.5  4.8 3765
 13.0  2.9 14.6 41.4  2.9  1.3  1.9  1.3 33.5 13.0  0.5  1.1  0.3  3.7  1.1
  0.0  0.0  3.7 18.6  0.5  0.8258.2103.1 64.5 78.9 23.6 14.6  7.4  3.5  2.7
  0.5  4.2 49.9  6.4 11.4 32.1  6.1  2.1  1.3  1.1  1.3  1.6  2.9  5.8  1.3
  4.8  8.2  2.4  4.5  4.5  7.2 33.2 12.0  0.5  6.6105.7 60.0  0.8144.0  5.8
  0.5  0.0  0.0  0.0  0.0  0.0  0.0  0.0  0.0  0.0  0.0  0.0  0.0  0.0  0.0
  0.0  0.0  0.0  1.3  0.5  2.9  1.6  0.5  0.0  0.0  0.0  0.0  0.0  0.0  0.3
  0.0  0.5  0.8  0.8  0.0  0.5  0.0  0.0  0.3  0.5  0.3  0.0  2.4  0.5  0.0
  6.4  0.5  0.0  6.9  2.4  0.8  3.7  3.2  0.0  0.0  0.0  0.0  0.0  0.0  0.0
  0.0  0.0  0.0  0.0  0.0  0.0  0.0  7.2  3.5  2.9  9.6 23.9  3.7  7.7  9.6
  2.7  3.2  4.5  1.6  0.0  0.8  0.8 19.4 12.5 18.3  0.8  6.4  9.6  4.8  0.0
     -7.92      2.10      2.85     -3.92      1.65  0.8  0.0  0.0  0.0  0.0
                                     4000_story_2633_llm.txt 34.8  4.5 2560
  9.0  1.6  0.4 33.2  3.1  0.0  1.2  0.4  9.0  8.2  0.8  2.0  0.0  2.0  0.4
  0.8  0.0  2.7 34.8  0.8  0.4298.4109.4 33.6107.4 60.2 12.5  9.0  2.7  3.5
  0.0  4.7 21.1  5.5 14.1 34.4  3.1  1.6  2.3  0.4  0.8  2.3  5.9  3.5  0.0
  2.0  8.6  2.0  2.7  2.7  5.1 50.4  5.5  0.8  6.3 64.8 72.3  1.6151.6  2.3
  0.8  0.0  0.0  0.0  0.0  0.0  0.0  0.0  0.0  0.0  0.0  0.0  0.0  0.0  0.0
  0.0  0.0  0.0  2.0  0.0  0.4  0.8  0.0  0.0  0.0  0.0  0.0  0.0  0.0  0.0
  0.0  0.0  0.0  0.4  0.0  0.4  0.0  0.0  0.0  0.0  0.0  0.0  1.2  0.8  0.0
  3.1  0.0  0.0  3.1  0.4  0.4  0.8  2.0  0.0  0.0  0.0  0.0  0.0  0.0  0.0
  0.0  0.0  0.0  0.0  0.0  0.0  0.0  9.0  0.8  1.6  5.1 17.6  2.3  2.0 14.5
  2.3  1.2  1.6  2.3  0.0  0.0  0.0 27.3 22.3 13.7  0.4  9.4 10.9  3.1  0.0
     -8.43      4.55     -0.11     -3.99      1.20  0.0  0.0  0.0  0.0  0.0
                                     4000_story_2639_llm.txt 38.8  4.8 3642
 14.3  1.9  0.0 31.9  0.0  0.0  2.2  1.1  0.0 13.5  0.3  0.0  0.5  2.7  0.0
  0.5  0.3  5.2 24.4  1.9  1.4274.0110.7 68.6 82.9 36.5 12.4  8.0  2.5  4.4
  1.1  3.6 28.3  5.5 10.7 35.7  3.8  1.6  1.1  0.5  0.5  2.7  2.7  6.0  1.4
  6.6  8.8  2.5  3.3  2.7  7.4 37.3 14.0  2.2  8.0110.1 36.5  0.0138.1  5.5
  4.4  0.0  0.0  0.0  0.0  0.0  0.0  0.0  0.0  0.0  0.0  0.0  0.0  0.0  0.0
  0.0  0.0  0.0  2.5  0.8  0.5  1.4  0.5  0.0  0.0  0.0  0.0  0.0  0.0  0.5
  0.3  0.0  0.0  0.8  0.0  0.8  0.0  0.0  0.3  0.3  0.3  0.0  3.0  1.6  0.0
  5.2  0.5  0.0  5.8  1.6  1.1  3.0  4.9  0.0  0.0  0.0  0.0  0.0  0.0  0.0
  0.0  0.0  0.0  0.0  0.0  0.0  0.0 11.0  2.2  1.4  7.4 16.2  3.3  2.7  6.0
  5.5  3.0  2.5  4.1  0.5  0.0  1.1 25.5 15.1 20.9  0.5  6.9 10.7  2.7  0.0
     -9.74      2.47      2.16     -4.25      2.19  0.0  0.0  0.0  0.0  0.0
                                     4000_story_2644_llm.txt 37.3  4.8 4085
 12.7  1.7  0.7 32.3  0.2  0.2  1.0  1.2 69.5 10.5  0.2  0.2  0.2  2.4  0.2
  0.2  0.0  5.6 15.7  0.5  0.7272.0108.7 42.6 96.0 17.6 14.0  5.1  4.4  2.4
  1.7  2.9 42.1  3.9  7.8 27.4  5.4  3.2  1.7  0.7  0.2  2.2  3.4  9.5  1.0
  8.3 11.8  4.4  3.4  2.9  9.1 31.3 18.8  0.5  8.6 74.2 87.4  0.5151.3  3.4
  1.5  0.2  0.0  0.0  0.0  0.0  0.0  0.0  0.0  0.0  0.0  0.0  0.0  0.0  0.0
  0.0  0.0  0.0  2.4  0.7  0.7  0.5  0.2  0.0  0.0  0.0  0.0  0.0  0.0  0.5
  0.0  0.5  0.7  0.5  0.0  0.0  0.0  0.0  0.0  0.2  0.0  0.2  1.2  0.7  0.0
  4.4  0.2  0.0  4.7  2.2  0.0  2.4  2.2  0.0  0.0  0.0  0.0  0.0  0.0  0.0
  0.0  0.0  0.0  0.0  0.0  0.0  0.0 11.5  4.2  2.4  7.6 23.5  4.4  4.7  5.4
  3.9  1.5  1.7  1.5  0.0  0.7  0.5 22.8 12.2 17.6  1.2  6.4  7.8  2.9  0.0
    -10.16      1.85      5.38     -3.96      3.40  0.7  0.0  0.5  0.0  0.0
                                     4000_story_2648_llm.txt 39.0  5.1 2485
  7.2  0.8  0.0 24.1  0.4  0.4  2.0  0.4 29.4 10.9  0.4  0.4  0.0  4.0  0.0
  0.8  0.0  5.2 14.1  0.0  0.4285.7105.0 55.1 94.2 24.9 13.7  6.8  2.8  3.2
  0.8  2.0 46.3  7.2 10.5 33.8  6.0  1.2  1.2  0.8  0.0  1.2  6.0 12.1  1.6
  6.4  9.7  2.4  2.8  2.4  6.4 27.0 20.1  0.0  6.8 86.9 54.7  0.0142.1  4.0
  1.6  0.0  0.0  0.0  0.0  0.0  0.0  0.0  0.0  0.0  0.0  0.0  0.0  0.0  0.0
  0.0  0.0  0.0  1.2  0.4  1.2  1.2  0.0  0.0  0.0  0.0  0.0  0.0  0.8  0.0
  0.4  0.4  0.8  1.2  0.0  0.8  0.0  0.0  0.0  0.0  0.0  0.0  0.4  0.0  0.0
  4.0  0.0  0.8  4.8  2.8  0.8  3.6  0.4  0.0  0.0  0.0  0.0  0.0  0.0  0.0
  0.0  0.0  0.0  0.0  0.0  0.0  0.0  5.2  2.4  2.4  6.8 11.3  1.6  4.0  7.2
  0.4  1.6  0.8  2.4  0.0  1.2  2.0 19.7 11.7 14.9  0.4  7.2  9.3  4.4  0.0
    -14.50      2.38      1.86     -5.08      5.29  0.0  0.0  0.0  0.0  0.0
                                     4000_story_2654_llm.txt 32.8  5.6 5275
  7.0  1.1  0.0 27.3  0.0  0.0  1.3  1.1  0.4 11.8  0.2  1.5  0.0  1.5  0.2
  0.0  0.0  8.2 25.2  0.0  0.0277.0121.3 74.3 82.5 40.6 10.2  3.6  3.8  7.8
  2.5  1.5106.2  3.4  1.5 24.3  9.9  1.9  4.2  0.6  2.5  2.5  2.8 14.4  4.2
  6.3  5.5  4.2  1.5  4.2 12.5 34.3 24.8  0.0 14.0101.8 40.9  1.5126.1  2.5
  0.6  0.6  0.0  0.0  0.0  0.0  0.0  0.0  0.0  0.0  0.0  0.0  0.0  0.0  0.0
  0.0  0.0  0.0  2.1  2.3  1.3  1.5  0.6  0.4  0.0  0.0  0.0  0.0  0.2  0.4
  0.2  1.1  1.9  0.4  0.0  0.8  0.0  0.0  0.0  0.6  0.2  0.0  0.8  0.0  0.0
  7.2  0.9  0.2  8.3  4.0  0.8  5.3  0.9  0.0  0.0  0.0  0.0  0.0  0.0  0.0
  0.0  0.0  0.0  0.0  0.0  0.0  0.0  8.2 14.8  5.9 24.1  3.0  0.4  3.4  3.8
  6.3  1.1  0.6  0.0  0.0  1.5  9.3 16.3  9.3 11.4  4.0  4.9  8.0  1.3  0.0
    -15.76      1.42     14.46     -2.39      5.56  1.3  0.8  0.0  0.0  0.0
                                     4000_story_2655_llm.txt 35.8  4.4 2870
 15.3  4.2  5.2 36.9 17.4  0.3  2.8  2.8 20.9 22.6  1.0  1.4  0.7  6.3  1.7
  1.0  0.7  5.2 11.1  1.4  1.0210.1 86.1 32.1115.7 89.9 24.7  7.7  0.3  2.4
  0.3  1.4 25.4  5.2 11.1 44.9  4.2  5.9  2.1  2.1  1.4  2.8  6.3  3.5  0.0
  1.7  9.8  1.4  2.8  3.1 12.5 25.8  5.2  2.1  3.1 64.8128.2  2.8162.7  7.3
  1.0  0.3  0.0  0.0  0.0  0.0  0.0  0.0  0.0  0.0  0.0  0.0  0.0  0.0  0.0
  0.0  0.0  0.0  2.4  1.0  1.7  1.0  0.0  0.0  0.0  0.0  0.0  0.0  0.0  0.3
  1.4  1.0  0.0  0.3  0.0  0.3  0.0  0.0  0.0  0.0  0.0  0.0  4.9  0.3  0.0
  6.3  0.0  0.0  6.3  3.1  0.3  3.5  5.2  0.0  0.0  0.0  0.0  0.0  0.0  0.0
  0.3  0.7  0.0  0.0  0.0  0.0  0.3  3.5  1.7  1.0  7.3 27.2  3.1  4.5  8.0
  1.4  1.7  1.7  3.8  0.0  1.0  0.0 30.7 18.8 23.3  1.4  5.9 10.5  3.5  0.0
      2.62      8.25     -2.33     -1.79      1.38  0.3  0.0  0.0  0.3  0.0
                                     4000_story_2656_llm.txt 37.5  4.6 2514
  9.5  3.6  6.0 34.2  4.4  0.4  2.8  1.2  5.6  8.8  1.6  0.8  1.2  6.8  1.2
  0.0  4.8  4.4 11.9  0.4  1.2260.9 83.1 40.6110.6 80.4 15.5  7.6  0.0  2.0
  0.8  3.6 24.7  7.6  9.5 51.3  6.8  2.8  2.8  1.6  2.4  3.6  5.6  4.4  0.4
  2.8  7.6  0.8  2.8  5.2  9.5 25.5  7.6  5.2  2.8 83.9 90.3  1.2154.7  9.9
  0.4  0.0  0.0  0.0  0.0  0.0  0.0  0.0  0.0  0.0  0.0  0.0  0.0  0.0  0.0
  0.0  0.0  0.0  0.4  0.8  1.6  2.0  0.0  0.0  0.0  0.0  0.0  0.0  0.0  0.4
  0.0  1.6  0.8  1.2  0.0  0.0  0.0  0.0  0.0  0.0  0.0  0.4  2.4  1.2  0.0
  4.8  0.0  0.0  4.8  4.0  0.0  4.0  4.0  0.0  0.0  0.0  0.0  0.0  0.0  0.0
  0.8  0.4  0.0  0.0  0.4  0.0  0.4 10.7  2.4  2.0  8.0 25.5  2.4  5.6  7.6
  5.6  0.8  6.0  2.4  0.0  0.4  0.0 31.8 16.3 14.7  2.8  6.0  9.5  5.6  0.0
      0.95      5.86     -2.15     -1.75      1.72  0.4  0.4  0.0  0.0  0.0
                                     4000_story_2659_llm.txt 35.5  4.5 5061
 14.0  3.4  8.3 44.9  5.5  1.4  3.4  2.6  8.7 17.6  1.4  0.8  0.4  8.9  1.6
  2.6  1.6  5.1  8.9  1.6  2.2245.8 78.2 33.4114.2 64.8 14.8  8.7  0.2  1.8
  0.2  3.2 20.9  9.3  7.7 39.7  6.3  5.1  2.0  2.2  2.4  3.0  4.7  5.3  0.0
  1.2  7.5  0.8  4.3  5.9 12.6 22.5  6.5  3.2  2.2 84.6 79.0  2.4169.7  5.9
  1.6  0.6  0.0  0.0  0.0  0.0  0.0  0.0  0.0  0.0  0.0  0.0  0.0  0.0  0.0
  0.0  0.0  0.0  2.0  0.8  1.4  2.0  0.0  1.0  0.0  0.0  0.0  0.0  0.2  0.0
  0.2  2.0  0.4  1.6  0.0  0.2  0.0  0.2  0.0  0.2  0.0  0.0  2.8  1.6  0.0
  6.1  1.0  0.2  7.3  4.1  0.4  4.7  4.3  0.0  0.0  0.0  0.0  0.0  0.0  0.0
  0.2  0.8  0.0  0.0  0.2  0.0  0.0  6.9  2.6  3.6  5.9 29.6  3.0  2.4  8.3
  2.8  2.2  0.4  5.3  0.8  1.0  0.2 34.8 17.0 19.4  1.6  8.3 13.2  6.1  0.0
      2.88      5.37     -2.39     -1.44      0.53  0.4  0.0  0.0  0.0  0.0
                                     4000_story_2663_llm.txt 35.3  4.2 2533
  8.7  4.7  7.5 37.1 11.1  0.4  1.2  0.8  5.9 15.8  1.2  1.2  0.4  6.7  0.0
  0.0  0.4  5.1 10.7  0.4  4.7255.0 94.4 26.5100.3 81.7 12.6  7.1  0.0  0.8
  0.0  2.0 17.8  7.9 11.8 35.1  6.3  5.5  0.4  3.6  2.8  2.0  3.6  5.1  0.0
  2.0  5.9  0.0  2.0  3.9 13.4 23.3  7.1  0.8  0.8 50.5 98.7  3.9155.2  9.9
  2.0  0.4  0.0  0.0  0.0  0.0  0.0  0.0  0.0  0.0  0.0  0.0  0.0  0.0  0.0
  0.0  0.0  0.0  3.2  0.8  0.8  0.4  0.0  0.0  0.0  0.0  0.0  0.0  0.0  0.4
  0.4  0.8  0.0  0.4  0.0  0.0  0.0  0.0  0.0  0.0  0.0  0.0  3.2  1.2  0.0
  5.1  0.0  0.0  5.1  2.0  0.0  2.0  4.3  0.0  0.0  0.0  0.0  0.0  0.0  0.0
  1.6  1.2  0.4  0.0  0.0  0.0  0.4  7.9  2.0  1.6  3.9 32.0  2.0  4.3 10.7
  5.1  1.6  1.6  2.4  0.0  0.8  0.8 45.8 12.6 11.4  2.0  3.9  8.7  7.9  0.0
     -3.27      4.95     -4.40     -1.44      0.01  0.4  0.0  0.8  0.0  0.0
                                     4000_story_2666_llm.txt 33.8  4.2 3530
 16.1  5.9 22.1 68.0 20.7  4.2  5.1  3.7 26.9 21.2  3.1  2.5  1.4  9.6  0.6
  3.7  0.8  8.8 10.5  2.0  2.5202.5 73.7 27.8 90.7 76.8 11.6  7.4  0.0  0.8
  0.0  3.1 12.7 11.0 11.3 49.3  7.1  9.3  1.1  1.7  5.1  2.3  7.6  2.5  0.3
  1.1  7.9  3.1  2.0  5.1 23.2 25.8  4.0  2.8  0.8 72.2124.4  1.7170.3  7.4
  0.8  0.3  0.0  0.0  0.0  0.0  0.0  0.0  0.0  0.0  0.0  0.0  0.0  0.0  0.0
  0.0  0.0  0.0  3.1  0.6  3.7  1.7  0.0  0.3  0.0  0.0  0.0  0.0  0.0  0.3
  0.3  1.7  0.3  0.3  0.0  0.0  0.0  0.3  0.0  0.6  0.0  0.3  3.1  1.7  0.0
  9.1  0.3  0.0  9.3  2.8  0.3  3.7  5.1  0.0  0.0  0.0  0.0  0.0  0.0  0.0
  1.1  1.4  0.0  0.0  0.0  0.0  0.0  7.6  2.0  1.4  5.7 19.0  2.0  5.7  7.6
  2.3  2.0  0.6  2.0  0.6  1.1  0.0 31.2 14.7 25.8  1.4  4.8 13.9  7.6  0.0
     13.79      4.26     -5.85      0.09      2.12  0.3  0.0  0.0  0.0  0.0
                                     4000_story_2667_llm.txt 37.5  4.6 3494
 12.3  4.3  4.6 54.4 14.0  1.1  2.6  0.6 22.0 16.9  1.4  1.1  0.3  5.2  1.1
  2.0  0.6  6.6  6.6  0.3  0.9246.4 79.6 37.5101.9 77.3 14.6 12.3  0.3  2.3
  0.3  1.7 30.6  9.4  9.2 34.1  9.4  4.0  1.1  0.3  3.7  2.0  4.0  4.0  1.7
  3.7  5.7  1.1  3.4  6.3 14.3 15.5  9.4  0.9  2.9 73.3113.3  2.6172.3  8.6
  1.4  1.1  0.0  0.0  0.0  0.0  0.0  0.0  0.0  0.0  0.0  0.0  0.0  0.0  0.0
  0.0  0.0  0.0  3.4  1.1  0.6  1.4  0.9  0.3  0.0  0.0  0.0  0.0  0.0  0.0
  0.6  1.7  1.1  0.9  0.0  0.3  0.0  0.3  0.0  0.3  0.0  0.3  1.1  1.7  0.0
  6.6  1.1  0.0  7.7  4.3  0.6  5.2  3.1  0.0  0.0  0.0  0.0  0.0  0.0  0.0
  0.6  0.0  0.0  0.0  0.0  0.0  0.0 10.3  2.9  1.7  7.4 24.3  1.1  4.9  4.0
  1.4  2.3  1.4  1.7  0.3  1.4  0.3 32.3 24.9 21.5  1.7  5.4  9.4  4.9  0.0
     -2.89      6.14     -2.02     -2.58      2.01  1.1  0.0  0.0  0.0  0.0
                                     4000_story_2670_llm.txt 36.8  4.5 2818
 12.8  5.0  1.8 41.2  9.2  0.7  3.2  1.8 13.1 20.9  1.1  1.4  0.0  5.0  1.8
  1.4  1.4  5.0  9.6  0.4  1.8204.4 75.2 49.3103.3 86.6 16.7  6.4  0.4  2.1
  0.7  4.3 28.0 11.0 10.3 41.2  7.1  3.5  2.5  1.1  2.1  1.8  5.0  5.3  0.7
  1.1  6.7  1.1  3.5  6.0 10.6 23.1  7.1  1.8  3.2 90.8108.9  2.5161.1  7.1
  0.7  0.0  0.0  0.0  0.0  0.0  0.0  0.0  0.0  0.0  0.0  0.0  0.0  0.0  0.0
  0.0  0.0  0.0  3.5  0.4  2.1  1.1  0.0  0.0  0.0  0.0  0.0  0.0  0.0  0.7
  0.0  1.1  0.0  0.7  0.0  0.4  0.0  0.7  0.0  0.0  0.0  0.4  3.5  1.8  0.0
  7.1  0.0  0.0  7.1  2.5  1.1  3.5  5.7  0.0  0.0  0.0  0.0  0.0  0.0  0.0
  0.0  0.4  0.0  0.0  0.0  0.0  0.0  9.2  4.3  3.9  8.5 34.4  7.1  4.3  4.6
  0.4  1.8  3.2  4.3  1.4  0.7  0.0 29.5 18.8 19.2  1.8  5.3 13.8  3.2  0.0
      0.11      5.91     -2.09     -2.75      1.17  0.0  0.0  0.0  0.0  0.4
                                     4000_story_2671_llm.txt 36.3  4.4 2444
 15.1  4.9  6.1 49.9  9.4  0.8  2.0  0.8 16.0 15.5  1.6  0.4  0.0  9.8  1.6
  1.2  1.2  5.3 11.5  1.2  0.8238.1 74.5 40.1101.1 68.3 11.0  6.5  0.4  2.0
  0.4  2.9 20.0 11.5 10.6 48.3  5.3  5.7  1.2  1.2  3.3  1.6  4.1  3.3  0.0
  2.9  7.8  0.8  4.5  7.8 14.3 23.7  6.1  2.5  2.9 85.9 93.7  1.2161.2  7.0
  0.0  0.0  0.0  0.0  0.0  0.0  0.0  0.0  0.0  0.0  0.0  0.0  0.0  0.0  0.0
  0.0  0.0  0.0  1.6  0.0  2.5  1.6  0.0  0.0  0.0  0.0  0.0  0.0  0.0  0.0
  0.0  0.8  0.4  0.4  0.0  0.0  0.0  0.0  0.0  0.0  0.0  0.0  2.0  2.0  0.0
  5.7  0.0  0.0  5.7  1.6  0.0  1.6  4.1  0.0  0.0  0.0  0.0  0.0  0.0  0.0
  0.8  0.4  0.0  0.0  0.0  0.0  0.4  7.4  0.8  1.6  3.7 34.4  4.1  9.4  4.1
  2.5  2.5  0.8  3.7  1.2  0.8  1.2 29.1 13.5 22.1  1.6  6.5 11.5  4.5  0.0
      1.72      3.97     -4.08     -2.07      0.35  0.4  0.0  0.0  0.0  0.0
                                     4000_story_2672_llm.txt 33.3  4.3 2306
  9.5  3.5  6.9 38.6  6.1  0.4  1.3  2.2  7.8 16.0  1.3  0.4  0.4  8.2  0.4
  2.2  2.6  3.5 14.3  0.4  2.6252.8 79.4 43.8121.0 56.4 16.5 11.3  0.4  1.3
  0.0  8.7 10.4 10.4 11.3 33.4  2.6  6.1  2.2  3.0  2.6  1.3  1.7  5.2  0.0
  1.7  6.9  0.9  2.2  6.9 12.1 33.4  6.9  3.0  1.7 90.6 70.3  2.2172.6  9.5
  0.4  0.0  0.0  0.0  0.0  0.0  0.0  0.0  0.0  0.0  0.0  0.0  0.0  0.0  0.0
  0.0  0.0  0.0  1.3  0.4  2.6  0.0  0.0  0.0  0.0  0.0  0.0  0.0  0.0  0.4
  0.0  0.4  0.4  0.0  0.0  0.0  0.0  0.0  0.0  0.0  0.0  0.0  3.0  0.4  0.0
  4.3  0.0  0.0  4.3  1.3  0.0  1.3  3.5  0.0  0.0  0.0  0.0  0.0  0.0  0.0
  2.6  0.9  0.0  0.0  0.0  0.0  0.0 11.7  0.4  0.4  6.5 29.5  0.4  3.9 11.3
  5.6  4.3  1.3  7.8  0.0  0.0  0.0 37.7 16.9 10.8  0.9 10.0 10.8  6.1  0.0
      0.63      6.01     -2.37     -1.32     -1.19  0.0  0.0  0.0  0.0  0.0
                                     4000_story_2675_llm.txt 37.0  4.5 1967
 13.2  4.6  3.1 42.7 14.2  1.5  2.0  1.5 23.4 23.4  1.0  1.0  0.5 11.7  0.5
  2.5  1.5  7.1  9.2  1.5  4.6226.7 82.4 39.7105.2 61.5  7.1  9.2  0.0  0.0
  1.0  4.1 25.4  7.6 13.7 40.2  9.2  5.1  2.5  2.5  2.0  0.5  4.1  5.6  0.0
  1.5  6.1  2.0  1.5  4.1 14.2 22.9  7.1  3.1  1.0 74.7 99.1  1.5165.7  8.6
  0.5  0.5  0.0  0.0  0.0  0.0  0.0  0.0  0.0  0.0  0.0  0.0  0.0  0.0  0.0
  0.0  0.0  0.0  3.1  1.5  2.0  2.5  0.5  0.0  0.0  0.0  0.0  0.0  0.0  1.0
  0.0  2.5  1.5  2.0  0.0  0.0  0.0  0.0  0.0  1.5  0.5  0.5  1.5  2.0  0.0
  9.2  0.5  0.0  9.7  7.1  0.0  8.6  4.6  0.0  0.0  0.0  0.0  0.0  0.0  0.0
  0.0  0.0  0.0  0.0  0.0  0.0  0.5 10.2  0.5  2.0  4.1 26.9  1.0  6.1 11.2
  0.5  4.1  0.5  2.5  1.0  1.0  0.0 34.6 17.8 18.3  3.6  7.6 14.7  6.1  0.0
      6.50      3.53     -3.33     -2.25      0.25  0.0  0.0  0.5  0.0  0.0
                                     4000_story_2676_llm.txt 36.3  4.5 2194
 14.1  4.1  6.8 37.8  5.0  0.5  5.0  1.4  5.0 29.6  1.4  0.5  0.5  7.7  1.4
  1.8  1.8  4.6  9.6  0.5  4.1231.5 84.8 29.2107.6 66.1 17.3 10.5  0.5  0.9
  0.9  2.7 20.1 11.4 12.3 43.8  8.2  7.3  0.5  1.8  1.4  2.7  4.1  3.2  0.0
  5.9  6.4  0.5  5.0  4.6 13.2 21.0  9.1  2.3  2.3 63.4 76.1  2.7168.6  9.1
  1.4  0.5  0.0  0.0  0.0  0.0  0.0  0.0  0.0  0.0  0.0  0.0  0.0  0.0  0.0
  0.0  0.0  0.0  1.4  0.0  2.3  1.8  0.0  0.0  0.0  0.0  0.0  0.0  0.0  0.0
  0.5  1.8  0.0  1.4  0.0  0.5  0.0  0.0  0.0  0.5  0.5  0.0  1.8  0.5  0.0
  5.5  0.0  0.0  5.5  3.6  0.5  4.6  2.7  0.0  0.0  0.0  0.0  0.0  0.0  0.0
  2.3  0.5  0.0  0.0  0.0  0.0  0.0  8.7  2.7  1.4  5.5 36.0  2.3  7.7  7.3
  0.5  1.4  4.1  1.8  0.0  0.5  0.0 34.6 14.6 18.2  3.2  9.1 16.0  7.3  0.0
      3.34      6.02     -4.43     -2.15      1.33  1.4  0.0  0.0  0.0  0.0
                                     4000_story_2678_llm.txt 32.8  4.1 2213
 20.3 11.3 44.7 82.2 11.7  1.8  6.8  2.7 64.2 21.7  3.6  3.6  0.0 12.7  0.5
  1.4  0.9  8.6 19.0  2.3  1.8202.9 62.8 23.9 86.3 61.0 11.3 16.3  0.5  1.8
  0.0  0.9 24.4 10.8  8.1 34.3  4.1 14.0  2.3  5.4  4.1  2.3  3.6  3.6  0.0
  1.4 10.4  0.9  5.0  7.7 26.7 39.3  5.0  3.2  2.3 63.7136.9  7.2174.9  6.8
  0.9  0.0  0.0  0.0  0.0  0.0  0.0  0.0  0.0  0.0  0.0  0.0  0.0  0.0  0.0
  0.0  0.0  0.0  8.1  0.9  1.4  1.8  0.0  0.0  0.0  0.0  0.0  0.0  0.0  0.0
  0.0  0.9  0.0  0.0  0.0  0.0  0.0  0.0  0.0  0.0  0.0  0.0  6.8  0.5  0.0
 12.2  0.0  0.0 12.2  0.9  0.0  0.9  7.2  0.0  0.0  0.0  0.0  0.0  0.0  0.0
  0.5  0.5  0.5  0.5  0.0  0.0  0.0  9.0  1.8  0.5  5.4 19.9  2.7  5.0  5.9
  2.7  1.4  1.4  3.2  0.9  0.9  0.0 36.6 24.9 29.8  1.4  1.4  7.2  1.8  0.0
     20.56      5.01     -3.27      2.76     -0.38  0.0  0.5  0.5  0.0  0.0
                                     4000_story_2682_llm.txt 35.0  4.3 5525
 13.6  5.8 10.0 49.2 12.9  1.6  3.1  2.5 17.0 16.1  2.7  1.3  0.7 10.7  0.7
  1.3  3.3  6.5 10.1  0.5  2.4214.8 79.8 25.9109.7 93.4 17.7  7.1  0.7  0.4
  0.4  2.9 20.5  9.4 13.0 49.6  8.1  5.6  2.7  2.2  2.0  1.8  6.5  3.8  0.2
  2.9  8.5  1.4  1.4  4.3 14.1 25.0  6.9  3.8  1.4 57.7123.3  3.6171.0  6.0
  1.8  0.0  0.0  0.0  0.0  0.0  0.0  0.0  0.0  0.0  0.0  0.0  0.0  0.0  0.0
  0.0  0.0  0.0  2.5  0.5  3.3  1.6  0.2  0.0  0.0  0.0  0.0  0.2  0.2  0.2
  0.0  1.3  1.1  1.1  0.0  0.0  0.0  0.0  0.0  0.2  0.2  0.2  2.4  0.9  0.0
  8.0  0.2  0.4  8.5  3.6  0.0  3.8  3.6  0.0  0.0  0.0  0.0  0.0  0.0  0.0
  0.2  0.7  0.0  0.0  0.0  0.0  0.0 13.6  2.9  1.8  6.5 25.5  3.3  4.0  6.2
  1.8  1.1  1.6  1.8  0.4  1.3  0.0 32.8 16.3 16.8  2.7  7.8 13.8  6.0  0.0
      8.73      6.75     -4.94     -1.73      2.10  1.3  0.0  0.0  0.2  0.0
                                     4000_story_2689_llm.txt 36.8  4.3 2818
 13.8  6.0 13.8 62.1 20.6  0.4  2.1  1.4 24.8 12.1  1.8  0.4  0.4  6.4  0.4
  0.7  0.7  7.5 11.0  0.7  0.7224.3 82.0 24.8 95.5 86.6 20.6  7.5  0.7  1.4
  0.4  2.1 19.5  8.2 13.1 33.4  4.3  6.4  2.1  1.1  4.3  2.1  1.4  7.5  0.7
  2.1  6.7  2.5  1.4  7.1 18.1 21.3 10.3  1.4  2.5 71.3132.0  3.2165.4  6.4
  0.0  0.4  0.0  0.0  0.0  0.0  0.0  0.0  0.0  0.0  0.0  0.0  0.0  0.0  0.0
  0.0  0.0  0.0  3.9  0.7  2.1  2.1  0.0  0.4  0.0  0.0  0.0  0.0  0.0  0.4
  0.0  0.4  0.4  0.7  0.0  0.7  0.0  0.0  0.0  0.4  0.0  0.0  2.1  2.5  0.0
  8.9  0.4  0.0  9.2  1.8  0.7  2.8  4.6  0.0  0.0  0.0  0.0  0.0  0.0  0.0
  0.4  0.4  0.0  0.0  0.0  0.0  0.4 25.2  3.2  0.4 10.6 12.1  2.8  6.0 11.7
  3.5  1.1  2.1  1.4  0.7  0.4  0.0 32.6 16.0 18.8  1.8  4.3 11.7  6.0  0.0
      0.90      6.60     -3.52     -1.03     -0.38  0.4  0.0  0.0  0.0  0.0
                                     4000_story_2704_llm.txt 37.5  4.6 3146
 16.8  6.4  0.3 50.9 18.1  0.0  2.9  0.0 17.8 10.5  2.2  1.9  0.3  3.8  1.9
  1.0  1.6  4.5 12.7  0.3  0.3212.3 78.2 34.0 99.8 97.6 17.8  7.6  2.5  2.2
  0.6  1.9 45.1 10.2  7.9 35.9 11.4  6.0  3.2  1.0  2.2  2.2  3.2  7.3  0.6
  3.5  5.4  5.1  3.5  5.7 12.7 22.9 11.4  1.9  5.4 69.9133.5  2.5165.6  4.5
  1.0  0.0  0.0  0.0  0.0  0.0  0.0  0.0  0.0  0.0  0.0  0.0  0.0  0.0  0.0
  0.0  0.0  0.0  2.9  1.6  5.4  4.5  0.0  0.0  0.0  0.0  0.0  0.0  0.0  0.6
  0.3  1.6  1.3  2.5  0.0  0.3  0.0  0.0  0.0  2.2  0.0  0.0  2.5  1.0  0.0
 14.3  0.0  0.0 14.3  6.4  0.3  8.9  3.5  0.0  0.0  0.0  0.0  0.0  0.0  0.0
  0.0  0.3  0.0  0.0  0.0  0.0  0.0 10.2  2.5  2.9  9.5 17.8  1.6  4.5  3.8
  1.0  2.5  1.0  1.9  1.6  0.6  0.3 25.4 22.9 26.4  1.9  7.6 13.7  3.5  0.0
     -0.10      6.73      0.72     -1.76      1.08  0.3  0.0  0.3  0.0  0.0
                                     4000_story_2718_llm.txt 38.3  4.5 2734
 14.6  3.7  0.0 45.4  3.7  1.1  1.1  0.7 75.7 31.8  0.0  2.6  0.0  5.5  0.7
  0.4  4.8  4.0 11.3  0.7  0.7218.0 92.2 31.5112.3 52.7 12.8  5.5  1.1  1.8
  0.7  5.5 31.8  8.8 10.2 31.5  4.4  0.7  2.2  1.5  0.7  1.1  2.9  4.4  0.7
  4.0  9.1  0.7  4.4  5.5  5.5 30.0  9.1  5.5  3.7 72.1132.0  2.6169.7  5.9
  2.6  0.0  0.0  0.0  0.0  0.0  0.0  0.0  0.0  0.0  0.0  0.0  0.0  0.0  0.0
  0.0  0.0  0.0  1.5  2.2  0.4  0.7  0.0  0.0  0.0  0.0  0.0  0.0  0.0  0.0
  0.0  1.1  0.7  0.0  0.0  0.4  0.0  0.0  0.0  1.1  0.0  0.4  1.1  2.9  0.0
  4.8  0.0  0.0  4.8  1.8  0.4  3.3  4.4  0.0  0.0  0.0  0.0  0.0  0.0  0.0
  0.4  0.0  0.0  0.0  0.0  0.0  0.0  8.8  1.8  3.7  5.1 23.4  2.6  7.3  5.5
  2.6  1.8  0.7  2.2  0.0  1.5  0.4 30.4 11.7 18.7  2.2  6.2 13.5  5.5  0.0
      8.00      3.78      0.13     -4.27      0.73  0.0  0.0  0.0  0.0  0.0
                                     4000_story_2746_llm.txt 37.5  4.6 2115
  8.0  3.8  1.4 38.8 14.2  0.0  2.8  3.3 42.1  7.1  0.0  2.4  0.0  7.1  1.9
  1.9  1.4  5.7  9.5  1.9  1.4240.7 86.1 33.1 99.8 54.4  9.9  6.6  1.4  2.4
  0.5  7.1 36.9  6.6  7.6 38.8  4.3  4.3  3.3  1.9  0.9  1.4  3.8  6.1  1.4
  4.3  4.7  2.8  1.9  7.1 10.9 25.5 11.8  3.3  4.3 75.7110.6  3.3152.2  5.2
  0.9  0.0  0.0  0.0  0.0  0.0  0.0  0.0  0.0  0.0  0.0  0.0  0.0  0.0  0.0
  0.0  0.0  0.0  1.9  0.5  2.4  1.4  0.0  0.0  0.0  0.0  0.0  0.0  0.0  0.0
  0.0  0.0  0.5  0.9  0.0  0.0  0.0  0.0  0.0  0.0  0.0  0.0  6.1  1.4  0.0
  6.1  0.0  0.0  6.1  1.4  0.0  1.4  7.6  0.0  0.0  0.0  0.0  0.0  0.0  0.0
  0.5  0.0  0.0  0.0  0.0  0.0  0.0 13.2  2.4  2.8  7.6 11.8  0.5  4.7  5.2
  2.4  1.9  0.9  3.3  0.9  0.9  0.0 20.3 16.1 18.9  0.9  5.2 11.3  4.3  0.0
      1.17      3.11      2.29     -2.65      2.13  0.5  0.0  0.5  0.0  0.0
                                     4000_story_2748_llm.txt 36.3  4.5 2533
 15.0  6.3  0.8 48.2  9.9  0.4  2.8  0.4 60.0  8.3  0.4  2.0  0.0  6.7  0.4
  1.2  0.4  3.9 11.8  0.8  0.4238.1 91.6 39.1100.3 53.7  7.9  7.9  1.2  5.5
  0.4  2.0 34.7  8.7  8.3 39.1  6.7  3.9  1.2  2.0  2.0  1.2  1.2  4.3  0.0
  2.4  5.9  5.1  1.2  5.1  9.9 23.7  6.7  1.2  7.1 67.5123.6  1.6157.5  8.3
  0.0  0.0  0.0  0.0  0.0  0.0  0.0  0.0  0.0  0.0  0.0  0.0  0.0  0.0  0.0
  0.0  0.0  0.0  2.4  0.4  3.2  3.6  0.0  0.0  0.0  0.0  0.0  0.0  0.0  0.0
  0.0  0.0  0.0  2.4  0.0  0.0  0.0  0.0  0.0  0.4  0.0  0.4  3.9  2.0  0.0
  9.5  0.0  0.0  9.5  2.4  0.0  2.8  6.3  0.0  0.0  0.0  0.0  0.0  0.0  0.0
  0.4  2.0  0.0  0.0  0.0  0.0  0.0 12.6  1.2  1.6  9.5 17.4  4.3  3.9  5.1
  2.0  0.0  3.9  2.4  0.8  0.4  0.4 32.8 17.8 17.4  2.4  6.3 10.7  5.1  0.0
     -2.53      2.94      0.80     -2.97     -1.46  0.8  0.4  0.0  0.0  0.0
                                     4000_story_2770_llm.txt 36.5  4.3 2086
 15.3  6.7  0.5 59.9 11.5  1.0  1.9  1.9 83.9  8.1  0.5  2.4  0.0  6.2  1.0
  0.5  0.5  4.3 16.8  1.0  0.5197.0 74.8 24.0103.1 69.0 19.2 11.0  2.9  3.4
  1.0  1.0 28.8 10.1  7.2 40.7 10.5  8.1  2.4  3.4  2.9  3.4  3.4  3.8  0.5
  1.4 13.4  5.8  2.9  8.6 15.3 36.9  5.8  1.4  7.2 47.5164.4  2.9172.6  3.8
  1.0  0.5  0.0  0.0  0.0  0.0  0.0  0.0  0.0  0.0  0.0  0.0  0.0  0.0  0.0
  0.0  0.0  0.0  3.4  0.5  2.4  3.8  0.5  0.0  0.0  0.0  0.0  0.0  0.0  0.5
  0.0  0.5  1.0  0.5  0.0  0.0  0.0  0.0  0.0  1.0  0.0  0.0  3.8  2.4  0.0
 10.1  0.5  0.0 10.5  2.4  0.0  3.4  6.2  0.0  0.0  0.0  0.0  0.0  0.0  0.0
  0.0  0.0  0.0  0.0  0.0  0.0  0.0 19.7  2.9  0.5  8.6 15.3  3.8  4.8  5.3
  3.8  0.5  1.9  1.0  0.5  0.5  0.5 27.3 21.1 27.8  0.0  7.7 12.0  6.2  0.0
      4.22      6.46      0.26      0.35     -0.12  1.0  0.5  0.0  0.5  0.0
                                     4000_story_2772_llm.txt 35.0  4.7 3321
  8.1  2.7  0.6 56.0  2.1  0.3  1.8  0.9 36.1 11.4  0.3  0.9  0.3  3.9  0.3
  1.2  0.6  3.3  9.0  0.3  0.3283.6 96.4 37.9 71.1 25.9  8.7  9.9  1.2  5.4
  0.9  2.4 46.1  4.5  9.6 35.5  7.2  2.1  5.7  2.1  3.0  2.7  4.5  7.5  0.9
  2.7  3.0  3.6  3.0  8.1  8.4 17.5 11.1  0.9  7.5 73.2 64.1  2.4142.4  3.9
  1.5  0.0  0.0  0.0  0.0  0.0  0.0  0.0  0.0  0.0  0.0  0.0  0.0  0.0  0.0
  0.0  0.0  0.0  3.6  0.9  1.5  1.2  0.0  0.0  0.0  0.0  0.0  0.0  0.0  0.0
  0.0  0.3  0.6  1.2  0.0  0.3  0.0  0.0  0.0  0.9  1.2  0.3  1.5  0.6  0.0
  7.2  0.0  0.0  7.2  2.1  0.3  3.3  3.6  0.0  0.0  0.0  0.0  0.0  0.0  0.0
  0.0  0.0  0.0  0.3  0.0  0.0  0.0 11.4  6.6  3.9 11.7 16.6  2.1  6.3 10.5
  2.7  1.5  3.9  2.4  0.0  0.6  0.3 22.3 23.2 12.6  1.2  5.4  9.3  2.7  0.0
     -9.82      1.28      3.16     -0.78      1.91  0.9  0.3  0.3  0.0  0.0
                                     4000_story_2775_llm.txt 34.8  4.5 2256
 14.2  5.3  0.4 51.4 18.6  0.9  2.7  0.4 77.1  9.3  1.8  3.1  0.9 10.2  0.4
  2.7  0.0  5.8 15.5  0.9  0.9218.5 85.5 26.6 98.0 37.2 13.3  8.0  1.3  3.5
  0.9  1.3 38.1  4.9  6.6 39.0  7.1 10.6  0.9  2.2  0.9  3.1  3.1 10.2  0.0
  3.5  7.1  3.5  3.5  4.4 17.3 29.3 13.7  0.9  5.8 48.8133.0  1.8161.8  5.3
  2.2  0.0  0.0  0.0  0.0  0.0  0.0  0.0  0.0  0.0  0.0  0.0  0.0  0.0  0.0
  0.0  0.0  0.0  1.3  0.0  5.8  1.8  0.0  0.0  0.0  0.0  0.0  0.0  0.0  0.0
  0.0  0.4  0.0  0.9  0.0  0.9  0.0  0.0  0.0  0.4  0.4  0.0  4.4  0.9  0.0
  8.9  0.0  0.0  8.9  1.3  0.9  2.7  5.8  0.0  0.0  0.0  0.0  0.0  0.0  0.0
  0.4  0.4  0.0  0.0  0.0  0.0  0.0 12.4  6.2  2.2  9.8 13.3  2.2  4.0 11.5
  3.1  1.8  2.2  2.7  0.4  1.3  0.0 25.3 18.6 19.5  1.8  5.8  9.8  6.6  0.0
      4.85      3.18      1.91     -1.12      1.00  0.0  0.0  0.0  0.0  0.0
                                     4000_story_2779_llm.txt 36.5  4.4 2232
 13.4  4.0  0.4 43.9  4.0  0.9  2.7  1.8 63.6 22.8  0.9  1.8  0.0  9.0  1.8
  0.0  0.0  4.9 16.6  0.9  1.8215.5 89.2 36.7105.7 18.8  9.9  3.1  0.9  1.8
  0.9  2.2 18.8 10.8 11.2 47.0  6.7  0.0  1.3  0.9  0.9  2.2  5.8  4.9  0.0
  1.8  7.6  0.4  3.6  7.2  5.8 29.1  6.7  0.9  3.6 84.2 86.5  1.3163.5  4.0
  1.3  0.4  0.0  0.0  0.0  0.0  0.0  0.0  0.0  0.0  0.0  0.0  0.0  0.0  0.0
  0.0  0.0  0.0  1.8  0.9  2.2  1.8  0.4  0.0  0.0  0.0  0.0  0.0  0.0  0.0
  0.0  1.3  0.0  1.8  0.0  0.0  0.0  0.0  0.0  0.0  0.0  0.0  0.9  1.8  0.0
  6.7  0.4  0.0  7.2  3.1  0.0  3.1  2.7  0.0  0.0  0.0  0.0  0.0  0.0  0.0
  0.9  1.3  0.0  0.0  0.0  0.0  0.0  5.4  1.8  0.9  9.0 34.1  3.1  4.9 11.2
  2.2  4.0  0.9  3.6  0.0  0.9  0.0 34.5  8.5 17.9  2.7 10.8 13.4  5.8  0.0
      3.02      1.06     -3.69     -4.44      1.34  0.4  0.0  0.0  0.0  0.0
                                     4000_story_2816_llm.txt 36.3  4.6 2976
 12.4  4.7  0.0 43.0  3.0  0.7  0.3  0.3  5.4 11.8  2.7  1.3  0.7  5.0  1.0
  0.0  1.3  4.7 12.8  0.0  0.7253.7 92.7 36.0 95.8 95.8  8.1  8.1  2.0  2.7
  1.3  2.0 25.9  4.7 12.1 32.6  7.1  6.0  1.3  3.4  3.0  3.4  3.7  7.7  1.0
  1.0  7.4  3.7  3.4  8.7 13.8 26.9  9.7  1.3  6.0 71.2104.2  3.0154.2  4.4
  1.3  0.0  0.0  0.0  0.0  0.0  0.0  0.0  0.0  0.0  0.0  0.0  0.0  0.0  0.0
  0.0  0.0  0.0  3.4  1.0  1.3  2.7  0.3  0.0  0.0  0.0  0.0  0.3  0.0  1.0
  0.0  0.0  1.0  0.3  0.0  0.3  0.0  0.0  0.0  0.7  0.0  0.0  1.0  1.0  0.0
  8.4  0.3  0.3  9.1  2.4  0.3  3.4  2.0  0.0  0.0  0.0  0.0  0.0  0.0  0.0
  0.0  1.0  0.0  0.0  0.0  0.0  0.0  5.4  2.7  2.0  6.4 21.8  4.0  7.7  7.7
  2.7  3.7  1.0  3.0  0.0  0.0  0.3 28.2 16.8 17.5  1.3  9.1 10.4  3.0  0.0
     -5.67      4.72      0.52     -0.42      0.96  0.3  0.0  0.0  0.0  0.0
                                     4000_story_2823_llm.txt 36.0  4.6 2193
  8.7  2.7  0.0 26.4  3.2  0.5  1.8  0.9 15.5 11.4  0.9  2.7  0.0  5.5  0.5
  0.5  0.0  4.6 12.8  0.9  1.4256.7 93.0 23.7114.0 48.3 17.8  8.7  0.5  1.8
  0.5  1.4 33.3  5.9 10.0 27.8  7.3  0.9  0.5  0.0  0.0  0.5  4.1  5.5  0.9
  4.1  7.8  0.5  5.0  6.8  5.5 24.6 10.5  0.9  2.7 58.8 67.0  0.0159.1  3.2
  0.0  0.0  0.0  0.0  0.0  0.0  0.0  0.0  0.0  0.0  0.0  0.0  0.0  0.0  0.0
  0.0  0.0  0.0  0.5  0.0  1.4  0.5  0.0  0.5  0.0  0.0  0.0  0.0  0.0  0.0
  0.0  0.5  0.9  0.9  0.0  0.0  0.0  0.5  0.0  0.0  1.4  0.0  2.3  3.2  0.0
  2.3  0.5  0.0  2.7  2.3  0.5  2.7  6.8  0.0  0.0  0.0  0.0  0.0  0.0  0.0
  0.5  0.0  0.0  0.0  0.0  0.0  0.0 10.9  2.3  1.8  6.8 25.1  5.9  7.8  5.5
  1.4  0.9  0.9  1.8  0.0  0.5  0.9 30.1 11.4 11.9  0.0  9.6 10.9  7.8  0.0
     -6.52      5.19     -0.84     -6.06      1.79  0.9  0.0  0.0  0.0  0.0
                                     4000_story_2860_llm.txt 36.8  4.5 3354
 10.1  3.9  1.2 60.5 12.8  0.3  4.2  0.6 14.0 34.3  1.2  0.6  0.9  8.6  0.0
  2.4  0.9  6.3 11.6  0.6  0.0229.0 74.2 28.9 91.2 65.9 11.6  9.5  0.6  2.7
  0.3  1.8 25.9  9.8  9.2 36.7  7.2  7.8  1.5  3.6  1.8  1.2  3.6 10.1  1.2
  4.2  2.7  4.8  1.8  5.4 15.8 20.3 15.5  1.5  3.6 55.8 92.7  3.6164.6  5.4
  0.3  0.0  0.0  0.0  0.0  0.0  0.0  0.0  0.0  0.0  0.0  0.0  0.0  0.0  0.0
  0.0  0.0  0.0  3.6  2.1  1.5  1.5  0.0  0.0  0.0  0.0  0.0  0.3  0.0  0.3
  0.3  2.4  1.5  0.9  0.0  0.0  0.0  0.0  0.0  0.6  0.0  0.0  2.1  2.1  0.0
  8.6  0.0  0.3  8.9  5.4  0.0  6.0  4.2  0.0  0.0  0.0  0.0  0.0  0.0  0.0
  0.3  0.9  0.0  0.0  0.0  0.0  0.0 10.1  4.5  1.2  6.6 17.3  5.4  6.0  9.2
  4.8  0.9  3.0  1.2  0.3  1.8  0.3 36.4 15.5 17.6  1.2  4.8  9.8  5.1  0.0
      2.77      4.20     -2.21     -1.32      2.41  0.9  0.0  0.3  0.0  0.0
                                     4000_story_2870_llm.txt 34.5  4.6 2641
 17.8  2.7  0.0 54.1  9.1  0.0  2.3  0.8 53.4 10.6  0.4  1.9  0.0  4.9  0.8
  2.3  0.4  3.8 10.2  0.0  0.8217.7 88.2 40.1 91.6 68.9 15.5  5.7  2.7  5.7
  0.4  1.1 46.2  6.1  7.2 38.2 12.1  4.9  2.7  0.8  2.3  2.7  8.3  4.9  1.5
  3.0  6.1  3.0  3.8  9.8 11.0 20.1  9.5  0.4  8.7 81.4131.4  1.9162.8  4.9
  1.1  0.4  0.0  0.0  0.0  0.0  0.0  0.0  0.0  0.0  0.0  0.0  0.0  0.0  0.0
  0.0  0.0  0.0  1.5  1.5  1.9  1.5  0.4  0.0  0.0  0.0  0.0  0.0  0.0  0.0
  0.0  2.3  0.8  0.4  0.0  0.4  0.0  0.0  0.0  1.5  0.4  0.0  3.0  2.7  0.0
  6.4  0.4  0.0  6.8  3.4  0.4  5.3  6.1  0.0  0.0  0.0  0.0  0.0  0.0  0.0
  0.0  0.0  0.0  0.0  0.0  0.0  0.0 10.2  2.3  1.5  5.7 13.6  0.8  1.9  3.8
  1.1  2.3  2.7  3.8  0.4  0.0  0.8 25.7 16.7 23.1  1.9  6.1 11.7  4.2  0.0
     -3.85      4.39      3.33     -2.09      4.47  0.0  0.0  0.4  0.0  0.0
                                     4000_story_2877_llm.txt 35.5  4.6 4650
  8.2  0.9  2.2 36.8  1.7  0.6  1.5  0.9  4.1 12.5  1.1  0.2  0.6  2.2  1.1
  0.6  0.4  6.5 16.8  0.4  1.5274.8106.2 41.1 97.4 39.8  9.7  4.7  0.2  3.0
  0.4  3.4 19.8  8.2 13.5 38.3  5.6  3.2  2.2  1.5  1.5  1.7  4.7 15.1  1.3
  5.8  6.5  2.2  2.4  3.0 11.2 28.4 22.2  0.9  3.7 72.9 45.6  0.2150.3  4.7
  1.1  0.0  0.0  0.0  0.0  0.0  0.0  0.0  0.0  0.0  0.0  0.0  0.0  0.0  0.0
  0.0  0.0  0.0  1.3  0.4  1.5  1.1  0.0  0.0  0.0  0.0  0.0  0.0  0.0  0.0
  0.2  0.9  0.2  0.4  0.0  0.2  0.0  0.2  0.0  0.0  0.0  0.0  0.2  0.4  0.0
  4.3  0.0  0.0  4.3  1.7  0.4  2.2  0.6  0.0  0.0  0.0  0.0  0.0  0.0  0.0
  0.2  0.0  0.0  0.0  0.0  0.0  0.0  8.0  4.3  1.5  7.1 27.3  3.4  6.0  4.7
  1.1  3.0  0.4  4.3  0.0  0.4  0.2 32.7 10.3 11.2  1.1  8.4 10.8  5.4  0.0
     -9.60      1.98     -2.85     -3.05      4.48  0.2  0.2  0.0  0.0  0.0
                                     4000_story_2878_llm.txt 36.3  4.6 5564
  8.6  1.3  2.3 32.2  2.0  0.4  2.0  0.0  4.3  7.7  0.9  1.1  0.2  2.0  0.7
  0.4  0.5  7.4 21.2  0.4  1.8282.2 99.7 30.0 86.1 33.6 15.3  7.7  1.1  3.4
  0.5  1.4 22.3  5.8 16.0 32.2  8.6  4.1  2.0  2.5  1.3  2.9  4.7 12.4  1.1
  6.8  8.6  3.1  4.1  3.8 12.8 34.9 20.3  0.9  5.0 58.8 39.9  2.3141.1  7.2
  0.7  0.2  0.0  0.0  0.0  0.0  0.0  0.0  0.0  0.0  0.0  0.0  0.0  0.0  0.0
  0.0  0.0  0.0  1.6  0.5  2.3  0.9  0.0  0.4  0.0  0.0  0.0  0.0  0.0  0.7
  0.0  1.6  0.5  0.2  0.0  0.2  0.0  0.4  0.2  0.7  0.2  0.0  0.9  0.2  0.0
  5.4  0.4  0.0  5.8  3.1  0.7  4.5  1.3  0.0  0.0  0.0  0.0  0.0  0.0  0.0
  0.2  0.7  0.0  0.0  0.0  0.0  0.0  2.0  2.9  1.4  8.8 18.7  2.5  7.0  7.0
  2.3  2.0  0.2  1.8  0.5  0.2  0.0 33.2 10.4 13.5  2.5  5.8  9.5  4.9  0.0
     -8.66      2.97     -2.29     -2.09      4.21  0.9  0.0  0.2  0.0  0.0
                                     4000_story_2879_llm.txt 36.8  4.6 6176
  9.7  1.5  5.2 46.8 11.2  0.8  1.8  0.8 14.4 10.2  1.8  0.5  0.5  4.7  0.3
  1.5  0.3  4.9 14.1  0.3  1.6268.0 95.0 33.8 90.2 48.9 16.4  9.2  1.1  4.2
  1.3  1.5 28.8  5.5  8.6 36.1  6.0  6.6  2.4  3.2  1.6  2.1  2.9 10.5  1.3
  6.5  6.6  1.8  2.8  4.9 13.1 25.9 18.3  0.6  6.6 71.7 74.5  1.9156.3  6.2
  0.6  0.2  0.0  0.0  0.0  0.0  0.0  0.0  0.0  0.0  0.0  0.0  0.0  0.0  0.0
  0.0  0.0  0.0  1.0  0.8  1.8  0.6  0.2  0.0  0.2  0.0  0.0  0.0  0.2  0.0
  0.0  0.8  1.3  0.2  0.2  0.2  0.0  0.0  0.0  0.3  0.3  0.0  1.3  1.0  0.0
  4.2  0.3  0.2  4.7  2.3  0.3  2.9  2.6  0.0  0.0  0.0  0.0  0.0  0.0  0.0
  0.5  1.1  0.0  0.0  0.0  0.0  0.0  6.2  4.4  1.5  6.0 13.0  0.8  3.9  3.9
  0.6  1.5  0.8  2.9  0.3  1.0  0.2 32.4 15.5 16.2  2.6  3.7  8.6  4.4  0.0
     -7.18      4.27      1.32     -1.16      2.88  0.2  0.2  0.2  0.0  0.0
                                     4000_story_2880_llm.txt 37.8  4.2 2953
 14.6  6.4  9.8 37.6  6.1  1.0  2.0  0.7 40.3 16.3  0.7  0.7  0.7  7.1  0.3
  0.0  0.0  5.8 23.0  0.7  4.1241.1 94.5 23.4111.8 45.7 15.9 11.2  0.3  1.7
  0.0  2.0 20.7  7.5 13.5 38.6  7.5  3.7  1.4  0.7  1.4  1.4  5.4  9.8  0.7
  1.7 10.8  1.0  2.0  5.4 10.8 37.3 12.2  0.7  2.0 52.5 92.1  3.4164.2  5.1
  1.4  0.3  0.0  0.0  0.0  0.0  0.0  0.0  0.0  0.0  0.0  0.0  0.0  0.0  0.0
  0.0  0.0  0.0  2.4  1.0  3.0  2.0  0.3  0.0  0.3  0.0  0.0  0.0  0.0  0.3
  1.0  0.3  1.4  0.0  0.3  0.0  0.0  0.0  0.0  0.0  0.3  0.0  1.7  0.7  0.0
  8.5  0.7  0.0  9.1  3.0  0.3  3.4  2.7  0.0  0.0  0.0  0.0  0.0  0.0  0.0
  0.0  1.0  0.0  0.0  0.0  0.0  0.3  7.5  1.7  0.3  6.1 22.4  4.1  4.1  4.4
  0.7  2.0  0.7  1.4  0.3  0.0  0.0 42.3 19.3 19.3  1.4  5.1  6.8  4.4  0.0
      2.02      5.11     -4.10     -3.79      2.32  0.0  0.3  0.3  0.0  0.0
                                     4000_story_2881_llm.txt 36.0  4.5 6003
 12.7  4.2  3.3 45.3  9.2  0.7  1.8  0.7 52.8 12.7  0.5  0.5  0.0  4.0  0.5
  1.0  0.5  5.7 18.7  0.2  1.2257.5 99.6 41.0 85.6 22.0 14.0 10.2  1.3  2.3
  0.5  1.7 33.0  9.3 13.3 31.2  5.3  5.5  1.5  2.8  1.5  3.2  3.8  7.0  1.7
  1.8  9.0  3.7  4.5  4.2 12.7 32.7 10.5  0.7  4.2 64.6 84.0  2.2146.1  4.7
  0.8  0.0  0.0  0.0  0.0  0.0  0.0  0.0  0.0  0.0  0.0  0.0  0.0  0.0  0.0
  0.0  0.0  0.0  4.0  1.3  2.5  0.8  0.3  0.0  0.0  0.0  0.0  0.0  0.0  1.0
  0.3  0.5  0.7  0.3  0.0  0.3  0.3  0.0  0.0  0.2  0.0  0.0  2.5  0.8  0.0
  8.7  0.3  0.0  9.0  2.8  0.7  3.7  3.3  0.0  0.0  0.0  0.0  0.0  0.0  0.0
  0.2  0.2  0.0  0.0  0.0  0.0  0.2  5.2  3.2  2.2 10.0 24.8  3.0  5.3  6.2
  1.2  2.2  1.3  2.5  0.0  1.2  0.2 29.8 16.8 17.0  1.5  3.8  8.7  4.0  0.0
     -4.39      2.64     -2.07     -1.55      1.70  0.5  0.0  0.3  0.0  0.0
                                     4000_story_2883_llm.txt 34.8  4.6 6048
  8.3  6.8  6.6 61.2  7.8  0.3  3.6  1.5 22.2 20.0  0.7  0.7  0.2  3.8  0.7
  0.5  0.3  5.0 19.2  0.0  2.8276.1 93.1 33.4 83.8 40.2 14.1 17.9  0.5  2.0
  0.3  1.2 39.5  5.5  9.3 32.1  7.4  4.3  1.8  4.6  2.0  3.0  4.6  5.3  0.7
  3.1  5.5  1.3  2.1  4.0 11.2 31.1  9.1  0.3  2.8 63.8 70.1  3.5162.2  6.8
  3.8  0.0  0.0  0.0  0.0  0.0  0.0  0.0  0.0  0.0  0.0  0.0  0.0  0.0  0.0
  0.0  0.0  0.0  6.8  0.2  1.5  0.7  0.0  0.0  0.0  0.0  0.0  0.2  0.0  0.7
  0.2  0.7  1.0  0.3  0.0  0.8  0.0  0.0  0.3  0.5  0.7  0.2  2.3  1.0  0.0
  9.1  0.0  0.2  9.3  2.8  1.2  4.5  4.1  0.0  0.0  0.0  0.0  0.0  0.0  0.0
  0.7  0.5  0.2  0.0  0.0  0.0  0.5  5.0  3.1  1.3  9.6 19.2  3.1  5.8  2.3
  1.5  1.0  0.7  2.3  1.0  1.7  0.3 33.4 25.5 13.2  1.3  3.0  8.8  5.0  0.0
     -3.15      4.83     -0.37     -0.76      1.59  1.2  0.2  0.3  0.0  0.0
                                     4000_story_2884_llm.txt 34.8  4.6 3547
  5.1  0.8  0.8 17.8  0.3  0.3  1.1  0.6  0.6 13.3  0.3  0.0  0.0  2.5  2.0
  0.0  0.3  6.2 19.7  0.0  1.1280.5108.5 41.2 90.5 38.1 12.1  1.1  1.4  1.1
  1.1  2.3 29.0  8.2 14.4 31.6  4.8  0.6  0.3  0.8  1.1  2.5  5.1 14.1  1.7
  5.1  8.5  0.6  3.1  2.0  7.9 31.3 20.9  0.3  3.7 71.0 38.9  0.3127.7  5.1
  1.4  0.0  0.0  0.0  0.0  0.0  0.0  0.0  0.0  0.0  0.0  0.0  0.0  0.0  0.0
  0.0  0.0  0.0  0.6  0.3  0.3  0.8  0.0  0.3  0.0  0.0  0.0  0.0  0.0  0.0
  0.0  0.3  0.3  0.6  0.3  0.6  0.0  0.0  0.0  0.3  0.0  0.0  0.0  0.3  0.0
  2.0  0.3  0.0  2.3  1.1  0.8  2.3  0.3  0.0  0.0  0.0  0.0  0.0  0.0  0.0
  0.0  0.0  0.0  0.0  0.0  0.0  0.0  5.4  3.1  0.3  9.6 22.6  2.5  6.2  6.8
  0.6  2.5  0.3  0.8  0.3  0.3  1.1 30.7  4.2  7.3  0.8  5.1  5.9  3.7  0.0
    -11.34      1.48     -2.12     -4.44      4.62  0.8  0.0  0.0  0.0  0.0
                                     4000_story_2887_llm.txt 35.8  5.0 6028
  8.8  2.7  0.3 30.7  5.8  0.3  0.5  0.8  3.3  8.5  0.2  1.3  0.3  3.5  0.8
  0.5  1.2  5.1 14.9  0.0  1.7292.6 93.4 38.3106.5 48.3 13.3  9.1  2.7  2.3
  0.3  2.2 48.4  6.5  9.6 35.5  7.1  2.2  3.5  1.2  1.0  0.8  5.0  9.5  0.7
  5.1  8.8  2.0  4.5  6.3  8.3 28.4 15.3  1.2  5.3 73.8 57.4  1.3156.8  6.0
  1.0  0.0  0.0  0.0  0.0  0.0  0.0  0.0  0.0  0.0  0.0  0.0  0.0  0.0  0.0
  0.0  0.0  0.0  1.7  1.0  1.3  2.3  0.0  0.0  0.0  0.0  0.0  0.2  0.0  0.3
  0.2  0.5  1.8  1.3  0.0  0.3  0.0  0.0  0.0  0.2  0.3  0.0  1.0  1.7  0.0
  6.3  0.0  0.2  6.5  4.1  0.3  4.6  3.0  0.0  0.0  0.0  0.0  0.0  0.0  0.0
  0.0  0.7  0.0  0.0  0.0  0.0  0.0  5.5  6.3  3.3 12.9 24.9  2.2  5.3  2.0
  0.5  1.7  1.0  0.8  0.2  0.7  0.3 28.2 18.2 13.8  3.0  5.5 12.9  4.8  0.0
     -9.88      4.16      1.46     -3.63      3.09  0.3  0.0  0.0  0.2  0.0
                                     4000_story_2890_llm.txt 33.8  4.8 4147
  9.9  3.4  1.0 42.2  3.1  0.5  1.0  1.2 28.9 10.1  0.2  1.7  0.0  4.1  0.5
  1.0  0.2  3.9 19.0  0.2  0.7258.0 92.4 48.7 89.7 49.2 15.9  7.2  4.1  4.6
  1.2  2.9 47.7  8.0  7.2 34.5  6.0  2.4  1.7  3.1  1.9  2.4  5.5  6.8  1.0
  2.9 11.3  4.3  2.9  7.0  8.2 38.1 10.6  0.5  9.9 90.2 81.3  2.4149.5  6.8
  1.4  0.0  0.0  0.0  0.0  0.0  0.0  0.0  0.0  0.0  0.0  0.0  0.0  0.0  0.0
  0.0  0.0  0.0  2.2  0.7  2.7  1.0  0.0  0.0  0.0  0.0  0.0  0.2  0.0  0.2
  0.0  0.7  0.5  0.7  0.0  0.2  0.2  0.0  0.0  0.2  0.2  0.2  2.2  1.2  0.0
  6.5  0.0  0.2  6.8  2.2  0.5  2.9  3.9  0.0  0.0  0.0  0.0  0.0  0.0  0.0
  0.0  0.2  0.0  0.0  0.0  0.0  0.0  8.9  2.2  2.2  7.2 17.6  1.7  3.6  4.8
  3.9  1.7  4.8  1.0  0.0  1.2  0.7 24.4 13.7 16.2  1.2  4.8  8.4  4.8  0.0
     -7.97      3.81      4.80     -2.18      2.54  0.0  0.0  0.0  0.2  0.0
                                     4000_story_2891_llm.txt 37.0  4.7 7447
  9.7  2.7  9.7 55.6  6.6  0.4  2.0  0.7 31.4 18.0  0.4  1.3  0.5  3.0  0.4
  0.4  0.1  5.4 16.1  0.4  2.4275.3 92.5 41.4 90.0 38.8 13.3  9.7  1.3  3.8
  1.1  1.2 40.8  5.4  8.5 31.8  5.4  4.8  2.7  2.0  1.1  2.3  4.4  8.1  0.9
  4.7  6.6  0.8  3.4  4.6 11.3 27.3 13.7  0.5  6.2 73.7 76.8  2.3162.6  5.5
  1.5  0.0  0.0  0.0  0.0  0.0  0.0  0.0  0.0  0.0  0.0  0.0  0.0  0.0  0.0
  0.0  0.0  0.0  1.5  0.3  1.1  1.7  0.0  0.0  0.0  0.0  0.0  0.3  0.1  0.1
  0.1  0.4  0.3  1.2  0.1  0.3  0.0  0.1  0.0  0.1  0.4  0.0  1.2  2.0  0.0
  4.6  0.0  0.4  5.0  2.1  0.5  2.8  3.6  0.0  0.0  0.0  0.0  0.0  0.0  0.0
  0.4  0.4  0.0  0.0  0.0  0.0  0.1 11.0  3.2  1.2  8.3 19.7  2.1  4.4  7.9
  2.1  1.9  0.8  0.4  0.8  1.2  0.9 30.8 18.0 13.0  1.5  5.8  9.8  5.4  0.0
     -5.87      3.30      2.07     -2.25      2.60  0.9  0.1  0.1  0.0  0.0
                                     4000_story_2893_llm.txt 36.5  4.8 4897
  8.6  2.2  0.6 29.4  1.8  0.0  1.6  0.0  1.8 17.4  0.8  0.0  0.6  1.8  0.0
  0.2  0.2  2.9 13.5  0.0  1.4285.9109.7 47.4 89.6 28.2 12.5  7.1  2.2  3.1
  0.2  1.6 41.0  5.3  9.6 29.4  5.9  2.5  2.5  0.4  3.7  1.0  3.5 15.1  1.8
  5.9  6.5  3.3  2.2  2.5  9.0 22.1 22.9  0.2  5.5 81.5 31.9  1.2144.4  5.5
  0.6  0.0  0.0  0.0  0.0  0.0  0.0  0.0  0.0  0.0  0.0  0.0  0.0  0.0  0.0
  0.0  0.0  0.0  2.7  1.0  1.2  1.0  0.0  0.0  0.0  0.0  0.0  0.0  0.0  0.6
  0.0  0.4  1.0  0.4  0.0  0.0  0.0  0.0  0.0  0.0  0.4  0.0  0.2  0.6  0.0
  5.9  0.0  0.0  5.9  2.5  0.0  2.5  1.2  0.0  0.0  0.0  0.0  0.0  0.0  0.0
  0.0  0.6  0.0  0.0  0.0  0.0  0.0  7.1  5.3  0.6 14.1 28.0  3.9  7.8  6.7
  0.4  3.5  1.0  1.8  0.0  1.8  1.8 26.1 11.8 12.7  1.0  6.1 10.8  5.3  0.0
    -14.55      2.19      1.46     -2.89      4.16  0.2  0.0  0.0  0.0  0.0
                                     4000_story_2894_llm.txt 38.8  4.7 3923
  5.9  1.5  3.1 43.1  7.4  0.5  0.5  0.8  7.6 12.5  1.0  0.5  0.8  1.3  0.5
  0.0  0.0  4.3 15.8  0.0  2.5287.5 97.4 51.7 85.1 50.2  5.6  5.1  1.3  1.0
  0.5  2.3 26.5  9.4 15.5 34.7  2.8  3.6  1.0  2.0  1.3  0.5  5.1  8.2  0.8
  4.6  8.7  1.0  2.5  1.3  9.2 29.3 13.5  0.0  2.8 97.1 65.3  0.5148.6  4.8
  0.5  0.0  0.0  0.0  0.0  0.0  0.0  0.0  0.0  0.0  0.0  0.0  0.0  0.0  0.0
  0.0  0.0  0.0  0.8  0.3  0.3  2.3  0.0  0.0  0.0  0.0  0.0  0.0  0.0  0.0
  0.3  0.0  0.0  1.5  0.0  0.3  0.0  0.0  0.0  0.3  0.0  0.3  0.0  0.0  0.0
  3.6  0.0  0.0  3.6  1.8  0.3  2.3  0.3  0.0  0.0  0.0  0.0  0.0  0.0  0.0
  0.0  0.3  0.0  0.0  0.0  0.0  0.0  3.8  1.0  1.8  7.4 21.9  3.8  5.6  5.1
  0.5  1.8  1.5  5.4  0.5  1.0  0.3 29.6 10.5 10.5  1.3  7.1  8.7  3.8  0.0
    -12.43      1.33     -3.85     -3.69      2.86  0.5  0.0  0.0  0.0  0.0
                                     4000_story_2895_llm.txt 38.8  4.8 7592
  8.8  1.8  0.5 45.4  1.2  0.3  0.7  1.4 24.2 13.7  0.9  0.8  0.4  2.2  0.3
  0.7  0.3  4.7 14.6  0.4  2.6278.8103.9 46.5 74.4 32.0 10.3  2.9  2.9  2.0
  0.7  2.1 37.7  6.8 11.5 36.0  4.0  1.3  0.9  2.0  0.5  1.3  4.1  5.8  1.4
  4.3  8.3  1.3  2.6  3.6  6.6 27.8 11.6  0.7  5.5 88.8 57.4  1.1139.5  5.1
  0.8  0.0  0.0  0.0  0.0  0.0  0.0  0.0  0.0  0.0  0.0  0.0  0.0  0.0  0.0
  0.0  0.0  0.0  1.2  0.1  0.7  1.6  0.0  0.0  0.0  0.0  0.0  0.0  0.1  0.1
  0.1  0.1  0.7  0.8  0.0  0.3  0.0  0.0  0.0  0.3  0.4  0.0  0.7  1.6  0.0
  3.6  0.0  0.1  3.7  1.8  0.3  2.4  2.6  0.0  0.0  0.0  0.0  0.0  0.0  0.0
  0.0  0.1  0.0  0.0  0.0  0.0  0.0  4.7  2.8  1.6  7.9 25.6  4.2  3.0 11.3
  0.8  1.7  1.3  2.8  0.1  0.5  0.7 23.2  8.7 10.1  2.4  7.4  9.0  3.0  0.0
    -10.47      0.66      0.29     -4.32      2.32  0.7  0.0  0.1  0.1  0.0
                                     4000_story_2896_llm.txt 36.8  4.7 2380
 13.9  5.0  5.0 45.4  8.8  0.8  3.4  1.3 52.1 16.8  0.8  1.3  0.0  5.0  0.8
  1.3  1.7  3.8 16.8  1.3  0.4260.1 87.4 40.3 97.5 30.7 18.9 13.4  3.8  5.5
  0.8  1.3 39.5  7.1  8.4 33.6  5.9  4.2  2.9  2.5  0.8  2.1  5.0  5.0  1.7
  7.6  7.6  0.4  2.1  5.9  8.8 29.4 14.3  2.9 10.1 79.0 91.6  3.8163.0  1.7
  0.4  0.4  0.0  0.0  0.0  0.0  0.0  0.0  0.0  0.0  0.0  0.0  0.0  0.0  0.0
  0.0  0.0  0.0  1.7  0.4  1.7  2.5  0.4  0.4  0.0  0.0  0.0  0.0  0.0  0.0
  0.4  0.0  1.3  0.8  0.0  0.0  0.4  0.0  0.0  0.4  0.0  0.0  5.9  0.8  0.0
  6.3  0.8  0.0  7.1  2.5  0.4  3.4  6.7  0.0  0.0  0.0  0.0  0.0  0.0  0.0
  0.0  0.4  0.0  0.0  0.0  0.0  0.0 12.2  5.5  2.1 10.1 16.0  2.9  2.9  3.8
  0.8  1.7  1.3  1.3  0.4  1.7  0.8 18.9 22.7 21.8  0.8  5.9 10.1  4.2  0.0
      0.29      4.97      3.48     -2.27      4.02  0.4  0.4  0.0  0.0  0.0
                                     4000_story_2897_llm.txt 38.0  4.9 2420
  7.4  0.8  1.2 76.0  0.8  0.0  1.2  0.8  5.4  5.8  0.8  2.9  0.4  2.5  0.0
  0.4  0.4  5.4 21.9  1.2  1.2278.1 91.3 49.2 39.3 47.1 12.0  7.0  4.1  5.0
  0.8  1.2 59.1  4.5  7.0 33.9  8.7  5.0  2.9  3.7  2.1  4.1  5.8 13.6  1.2
  2.5  8.7  5.0  4.5  7.4 12.4 38.4 17.4  1.7  9.9 82.6 53.3  1.2138.8  6.6
  1.7  0.0  0.0  0.0  0.0  0.0  0.0  0.0  0.0  0.0  0.0  0.0  0.0  0.0  0.0
  0.0  0.0  0.0  4.5  0.0  2.1  0.4  0.0  0.0  0.0  0.0  0.0  0.0  0.0  0.8
  1.2  0.4  2.9  0.0  0.0  0.0  0.0  0.4  0.0  0.0  2.5  0.4  2.5  0.0  0.0
  7.0  0.0  0.0  7.0  5.4  0.4  5.8  5.4  0.0  0.0  0.0  0.0  0.0  0.0  0.0
  0.0  0.0  0.0  0.0  0.0  0.0  0.0 12.4  7.0  2.9 15.7 15.3  1.7  3.7  4.5
  1.7  2.1  0.4  0.4  0.8  0.4  1.2 24.4 16.5 16.9  0.8  5.4  6.2  1.7  0.0
     -8.51      1.26      5.91     -0.16      3.81  0.0  0.0  0.8  0.0  0.0
                                     4000_story_2898_llm.txt 34.8  4.7 2900
  5.5  3.1  2.8 43.8  4.8  1.0  2.8  0.3 47.2 16.2  1.7  1.4  1.0  4.1  0.3
  0.7  0.3  7.2 18.6  0.0  2.1265.9 93.1 43.1 97.9 37.2 10.0 13.1  1.4  2.1
  1.0  1.7 30.7  6.9  7.6 32.1  4.1  5.2  3.8  3.1  1.7  0.7  2.1  4.5  1.0
  4.1  5.5  2.8  1.7  2.4 14.1 30.3  9.7  0.3  4.5 72.8 89.3  0.3154.5  3.4
  1.0  0.0  0.0  0.0  0.0  0.0  0.0  0.0  0.0  0.0  0.0  0.0  0.0  0.0  0.0
  0.0  0.0  0.0  3.4  1.4  1.4  1.0  0.0  0.0  0.0  0.0  0.0  0.0  0.0  0.7
  0.7  0.3  0.3  0.3  0.0  0.0  0.3  0.0  0.0  1.4  0.3  0.0  1.4  1.0  0.0
  7.2  0.0  0.0  7.2  2.4  0.3  4.1  2.8  0.0  0.0  0.0  0.0  0.0  0.0  0.0
  0.7  0.0  0.0  0.0  0.3  0.0  0.0  3.1  4.8  1.0 11.7 30.3  2.4  6.9  5.2
  2.4  2.8  1.7  1.4  0.7  1.4  0.3 30.0 17.2  8.6  1.0  4.8  8.3  5.5  0.0
     -4.35      3.50      0.51     -1.64      0.48  0.3  0.0  0.0  0.3  0.0
                                     4000_story_2899_llm.txt 38.5  4.7 2585
  8.5  3.1  0.8 70.8 28.2  0.0  1.2  0.8 30.6 17.4  0.8  0.8  1.2  1.2  0.4
  0.4  0.4  3.5 16.2  0.4  0.4271.2 88.6 39.8 68.1 43.7  7.7  7.7  0.4  0.8
  1.2  1.9 39.1  9.7 12.8 41.4  2.7  4.6  0.4  1.5  1.2  1.5  4.6  5.4  0.0
  2.3  9.3  0.8  1.2  5.4  9.3 29.8  7.7  0.8  2.3 75.8102.5  1.5147.8  5.0
  0.8  0.0  0.0  0.0  0.0  0.0  0.0  0.0  0.0  0.0  0.0  0.0  0.0  0.0  0.0
  0.0  0.0  0.0  3.9  0.0  0.0  0.4  0.0  0.0  0.0  0.0  0.0  0.0  0.0  0.0
  0.0  0.0  0.0  0.4  0.0  0.8  0.0  0.0  0.0  0.0  0.4  0.0  0.8  2.3  0.0
  4.3  0.0  0.0  4.3  0.4  0.8  1.2  3.5  0.0  0.0  0.0  0.0  0.0  0.0  0.0
  0.0  0.0  0.0  0.0  0.0  0.0  0.0  7.7  3.5  3.1  7.4 25.9  4.3  4.3  9.7
  2.3  1.2  0.4  0.8  0.4  1.2  1.2 24.0 14.7 10.4  1.2  3.1  5.8  3.5  0.0
     -6.37      1.38     -2.80     -3.50      0.84  0.4  0.0  0.0  0.0  0.0
                                     4000_story_2900_llm.txt 38.0  4.8 8543
  8.9  2.3  3.2 35.1  6.1  0.8  1.3  0.9 29.3 14.3  0.7  0.9  0.4  2.5  0.6
  0.6  0.9  5.5 11.8  0.1  2.2297.9 99.3 44.5 95.0 29.7 11.2  6.1  1.6  2.2
  0.9  2.0 41.9  5.5 12.8 32.7  2.9  1.8  3.5  2.0  0.8  0.9  4.9  4.8  0.6
  4.8  6.0  1.8  2.9  2.9  8.1 22.7 10.2  1.1  4.8 81.7 65.1  1.1144.7  4.1
  0.2  0.0  0.0  0.0  0.0  0.0  0.0  0.0  0.0  0.0  0.0  0.0  0.0  0.0  0.0
  0.0  0.0  0.0  2.1  0.7  0.5  0.6  0.0  0.0  0.1  0.0  0.1  0.0  0.0  0.0
  0.0  0.1  0.4  0.2  0.1  0.0  0.0  0.1  0.0  0.2  0.1  0.0  1.1  1.6  0.0
  3.9  0.1  0.1  4.1  0.7  0.2  1.2  2.8  0.0  0.0  0.0  0.0  0.0  0.0  0.0
  0.1  0.1  0.0  0.0  0.0  0.0  0.0  8.9  5.6  1.6  8.9 27.0  5.7  3.6  9.8
  2.1  1.2  1.1  3.3  0.1  0.6  0.2 24.6 14.5 11.1  1.6  5.4 10.1  4.9  0.0
     -9.17      2.01      0.37     -3.39      2.17  0.1  0.0  0.0  0.0  0.0
                                     4000_story_2901_llm.txt 37.5  4.6 5280
  8.0  2.5  1.5 46.2  3.8  0.9  2.3  0.6 33.5 17.0  2.1  1.1  0.0  2.7  0.0
  1.3  0.6  5.7 12.9  0.6  3.2274.8 93.0 46.0 79.0 24.4 11.2  5.7  0.6  0.9
  1.5  2.1 28.8  6.6 15.9 39.6  3.8  3.2  1.5  1.1  1.5  0.4  6.1  4.5  1.5
  4.4  5.7  0.9  2.3  5.5 10.4 22.9 10.4  1.1  3.0 88.8 61.7  1.3143.9  5.3
  0.8  0.2  0.0  0.0  0.0  0.0  0.0  0.0  0.0  0.0  0.0  0.0  0.0  0.0  0.0
  0.0  0.0  0.0  1.9  0.2  0.8  0.4  0.0  0.2  0.0  0.0  0.0  0.0  0.2  0.0
  0.0  0.2  0.2  0.4  0.0  0.2  0.0  0.0  0.0  0.6  0.4  0.2  1.5  1.3  0.0
  3.2  0.2  0.2  3.6  0.8  0.2  1.5  3.4  0.0  0.0  0.0  0.0  0.0  0.0  0.0
  0.0  0.4  0.0  0.0  0.0  0.0  0.0  4.5  1.9  1.7  7.8 20.5  3.0  5.7 14.4
  3.4  3.0  1.3  2.3  0.6  0.8  0.2 26.9 11.2 12.3  0.8  7.4 11.0  5.1  0.0
     -6.76      1.16     -2.89     -3.96      3.42  0.4  0.2  0.2  0.0  0.0
                                     4000_story_2902_llm.txt 38.5  4.4 4806
 12.9  3.1  0.0 54.1 15.4  0.2  2.3  0.6 20.2 13.5  0.4  0.2  0.2  4.8  0.4
  0.6  1.0  4.8  9.2  0.4  1.0262.8 89.3 24.1 94.5 67.2 11.2  7.5  1.0  1.7
  0.8  1.7 22.5  6.5 12.5 33.7  7.5  9.6  2.5  1.7  1.2  3.7  2.9  7.3  0.6
  3.7  6.5  1.7  2.5  4.4 15.6 19.1 11.7  1.5  3.5 48.7102.8  1.2166.5  5.6
  0.6  0.2  0.0  0.0  0.0  0.0  0.0  0.0  0.0  0.0  0.0  0.0  0.0  0.0  0.0
  0.0  0.0  0.0  2.3  1.0  1.5  0.8  0.2  0.0  0.2  0.0  0.0  0.0  0.0  0.4
  0.2  0.4  1.2  0.4  0.0  0.0  0.0  0.2  0.2  0.4  0.2  0.0  1.2  0.8  0.0
  5.6  0.4  0.0  6.0  2.7  0.4  3.5  2.3  0.0  0.0  0.0  0.0  0.0  0.0  0.0
  0.0  1.2  0.0  0.2  0.0  0.0  0.2 22.3  2.3  0.4  5.2 27.5  2.5  5.6  7.9
  4.4  1.9  1.0  2.1  1.2  0.0  0.0 36.2 16.2 17.5  1.7  6.0 11.4  6.7  0.0
     -4.85      3.91     -2.08     -0.67      0.99  0.8  0.0  0.0  0.0  0.0
                                     4000_story_2903_llm.txt 37.0  5.1 2641
 11.7  0.4  0.4107.5  2.3  0.4  0.8  1.9 14.8 14.0  1.5  3.4  0.0  2.7  1.9
  0.4  0.0  9.8 22.7  0.8  0.8286.3 96.6 53.0 13.3 42.0 12.1  4.5  3.4  4.5
  1.9  0.4 73.8  2.7  4.9 40.1  6.4  3.0  1.9  0.8  1.5  2.3  6.4  5.3  1.5
  3.0  9.1  3.8  4.5 10.2 14.4 36.3  9.8  0.8  9.8 88.6 59.1  1.1131.0  3.0
  0.8  0.0  0.0  0.0  0.0  0.0  0.0  0.0  0.0  0.0  0.0  0.0  0.0  0.0  0.0
  0.0  0.0  0.0  0.8  0.4  1.9  1.5  0.0  0.0  0.0  0.0  0.0  0.0  0.4  0.0
  0.0  0.4  1.1  0.8  0.0  0.4  0.0  0.0  0.0  0.4  0.4  0.8  0.8  1.5  0.0
  4.5  0.0  0.4  4.9  2.3  0.4  3.0  3.4  0.0  0.0  0.0  0.0  0.0  0.0  0.0
  0.0  0.8  0.0  0.0  0.0  0.0  0.0 15.1  7.6  5.7 15.1 14.4  1.9  1.9  5.7
  2.3  0.4  2.3  0.0  1.1  1.9  1.5 18.2 10.6 18.6  1.9 10.2  6.8  3.0  0.0
     -4.54     -0.25      7.75     -3.30      3.34  0.4  0.4  0.0  0.4  0.0
                                     4000_story_2907_llm.txt 37.0  4.3 1943
 17.0  5.1 24.2 54.6 16.0  2.1  4.6  2.1 24.2 10.3  1.5  0.0  0.5  4.6  1.0
  0.0  1.5  6.7 19.6  1.0  1.0267.1 78.7 30.4 98.8 57.1 19.0 11.8  0.5  1.5
  0.0  0.5 15.4  8.2 14.9 32.9  6.2  7.2  3.6  3.1  1.0  1.0  3.6  6.7  0.0
  5.1  8.7  0.0  0.5  3.1 14.9 31.9 11.8  2.6  2.1 56.6 97.3  3.1174.0  7.2
  1.0  0.0  0.0  0.0  0.0  0.0  0.0  0.0  0.0  0.0  0.0  0.0  0.0  0.0  0.0
  0.0  0.0  0.0  4.1  1.5  1.0  1.5  0.0  0.0  0.0  0.0  0.0  0.0  0.0  1.0
  0.5  2.6  0.0  0.0  0.0  0.0  0.0  0.0  0.0  0.5  0.0  0.0  2.6  0.5  0.0
  8.2  0.0  0.0  8.2  4.1  0.0  4.6  3.1  0.0  0.0  0.0  0.0  0.0  0.0  0.0
  1.0  0.5  0.0  0.0  0.0  0.0  0.0  8.2  0.5  0.5  3.1 24.2  1.5  6.2  7.2
  6.7  2.1  6.2  1.0  0.5  0.5  0.0 42.7 20.6 20.1  3.1  3.1 11.3  5.7  0.0
      3.08      5.92     -5.30     -1.42      1.30  0.0  0.0  0.0  0.0  0.0
                                     4000_story_2908_llm.txt 35.8  4.4 6295
 16.4  5.6 26.4 65.0 19.1  2.2  2.7  1.9 25.6 15.4  0.8  2.2  0.3  5.1  0.6
  1.1  0.8  7.1 14.1  1.6  3.3246.9 83.1 25.1103.3 62.6 18.7 12.9  0.0  1.9
  0.6  1.6 17.8  6.7  7.3 40.5  6.4  8.7  1.9  4.0  2.4  2.9  4.3  5.6  0.0
  2.9  7.3  2.5  2.9  5.4 18.3 29.2  8.4  2.4  2.5 54.3107.2  2.4178.4  7.3
  1.0  0.0  0.0  0.0  0.0  0.0  0.0  0.0  0.0  0.0  0.0  0.0  0.0  0.0  0.0
  0.0  0.0  0.0  3.3  1.3  3.8  1.6  0.0  0.0  0.2  0.0  0.0  0.0  0.2  0.3
  0.2  1.7  0.8  0.5  0.2  0.5  0.0  0.0  0.2  0.3  0.6  0.2  4.1  1.3  0.0
 10.0  0.2  0.2 10.3  3.5  0.8  4.6  6.2  0.0  0.0  0.0  0.0  0.0  0.0  0.0
  2.1  1.1  0.5  0.0  0.0  0.0  0.5  6.0  2.5  3.3  6.7 18.9  2.1  4.3  5.6
  5.2  0.5  0.3  0.6  1.7  0.5  0.3 40.0 20.8 26.2  1.6  3.2 12.9  6.2  0.0
      5.20      6.44     -2.03      0.17      0.82  0.5  0.0  0.0  0.0  0.0
                                     4000_story_2910_llm.txt 34.5  4.4 5989
 15.0  5.7 11.9 56.8 10.9  1.0  2.3  2.2 12.9 14.9  2.0  2.5  0.2  4.3  1.3
  1.5  0.7  7.2 16.7  0.3  2.0250.1 89.7 33.1 90.3 73.0 12.2  9.0  0.5  2.3
  0.5  4.0 23.0  6.3 11.2 38.7  6.7  6.2  0.5  2.2  4.0  1.2  4.2  5.5  0.5
  3.8  8.7  1.0  3.5  6.2 17.4 34.1  9.9  1.0  3.3 68.1 96.7  3.5161.8  7.2
  2.2  0.2  0.0  0.0  0.0  0.0  0.0  0.0  0.0  0.0  0.0  0.0  0.0  0.0  0.0
  0.0  0.0  0.0  2.2  1.0  2.5  2.5  0.3  0.2  0.0  0.0  0.0  0.0  0.0  0.2
  0.8  1.0  0.3  1.2  0.0  0.2  0.3  0.0  0.2  0.0  0.3  0.2  3.5  1.3  0.0
  8.2  0.5  0.0  8.7  3.5  0.7  4.2  5.3  0.0  0.0  0.0  0.0  0.0  0.0  0.0
  0.3  0.2  0.0  0.0  0.0  0.0  0.0  7.2  3.0  1.5  5.5 25.5  2.5  4.5  5.5
  1.5  4.0  0.7  1.7  0.2  1.2  0.2 30.2 15.0 23.2  1.0  6.0 11.2  4.7  0.0
      1.08      4.50     -1.33     -1.61      1.44  0.2  0.0  0.0  0.0  0.0
                                     4000_story_2911_llm.txt 34.0  4.3 5114
 16.8  7.4 18.2 73.5 18.4  2.7  4.7  2.9 49.3 13.7  1.2  2.7  0.2  4.9  0.2
  1.2  1.2  8.6 14.7  0.8  1.6241.9 75.7 29.9 94.4 53.6 10.6 13.9  0.4  2.5
  0.4  2.0 23.3  5.9  8.2 31.3 11.9  7.2  2.3  2.5  1.0  2.7  3.3  5.5  0.8
  1.8 10.0  2.5  3.7  4.3 16.8 31.9  8.0  2.0  3.3 58.7121.2  5.1180.7  7.2
  1.6  0.0  0.0  0.0  0.0  0.0  0.0  0.0  0.0  0.0  0.0  0.0  0.0  0.0  0.0
  0.0  0.0  0.0  5.1  1.0  3.5  2.7  0.0  0.0  0.0  0.0  0.0  0.0  0.0  1.4
  1.2  2.0  0.8  0.6  0.0  0.0  0.0  0.0  0.0  0.8  0.2  0.0  3.1  1.6  0.0
 12.3  0.0  0.0 12.3  5.9  0.0  6.6  4.9  0.0  0.0  0.0  0.0  0.0  0.0  0.0
  1.2  0.0  0.0  0.0  0.0  0.0  0.4 12.1  3.9  1.8  7.4 12.5  3.5  5.3  6.6
  3.5  1.4  1.2  3.1  0.0  0.8  0.2 36.8 23.3 24.2  2.3  3.5  9.6  5.3  0.0
      6.95      4.36     -0.70     -1.41      0.45  0.8  0.2  0.0  0.2  0.0
                                     4000_story_2912_llm.txt 33.5  4.5 3636
 17.9  4.1  6.6 34.1  8.5  0.8  1.7  2.2  7.7  8.3  1.4  1.4  0.8  7.2  0.6
  1.4  1.1  6.9 18.4  0.3  0.6288.8 79.5 43.5103.4 78.9 14.6  7.2  1.4  3.0
  0.6  2.5 20.6  6.9  8.5 38.0  8.0  2.8  1.4  1.7  1.7  3.9  3.9  7.2  0.8
  3.9  6.1  3.3  3.6  5.0 11.3 30.0 11.8  1.4  5.0 74.0 95.2  3.3154.0  3.6
  0.6  0.3  0.0  0.0  0.0  0.0  0.0  0.0  0.0  0.0  0.0  0.0  0.0  0.0  0.0
  0.0  0.0  0.0  1.7  0.8  4.1  1.1  0.0  0.3  0.0  0.0  0.0  0.0  0.0  0.3
  1.7  0.8  0.6  0.0  0.0  0.3  0.0  0.0  0.0  0.0  0.3  0.3  4.1  0.3  0.0
  7.7  0.3  0.0  8.0  3.3  0.3  3.6  5.0  0.0  0.0  0.0  0.0  0.0  0.0  0.0
  0.0  0.3  0.0  0.0  0.0  0.0  0.0  9.9  2.8  1.1  7.7 21.5  0.8  6.1  6.1
  3.3  2.8  2.2  1.4  0.6  0.8  0.0 34.9 14.0 24.2  1.7  2.2 10.7  5.2  0.0
     -2.33      5.31     -0.48     -2.43      1.74  0.6  0.0  0.6  0.0  0.0
                                     4000_story_2916_llm.txt 34.8  4.3 2168
 16.1  3.7  9.2 58.1 19.4  2.3  4.2  0.5 20.8 10.6  4.6  0.5  0.5  1.8  0.5
  1.4  1.8  6.5 21.2  1.4  1.4262.0 83.5 28.1101.0 60.0 12.5 16.6  0.0  1.4
  0.0  0.5 12.0  5.1 13.4 35.5 10.6  5.5  1.8  2.3  3.7  2.3  3.7  7.8  0.5
  1.4 15.7  1.8  1.4  7.8 15.7 40.1  9.7  3.2  1.4 54.4100.1  1.8174.8  9.2
  0.9  0.0  0.0  0.0  0.0  0.0  0.0  0.0  0.0  0.0  0.0  0.0  0.0  0.0  0.0
  0.0  0.0  0.0  2.8  0.9  1.4  1.4  0.5  0.0  0.0  0.0  0.0  0.0  0.0  0.0
  0.5  2.3  0.0  0.9  0.0  0.0  0.5  0.0  0.5  0.9  0.0  0.0  4.2  1.4  0.0
  6.5  0.5  0.0  6.9  3.7  0.9  5.5  5.5  0.0  0.0  0.0  0.0  0.0  0.0  0.0
  0.5  0.0  0.0  0.0  0.0  0.0  0.0 10.1  0.5  1.4  7.8 16.1  1.4  6.0 11.1
  6.5  0.9  1.4  0.9  0.5  0.9  0.5 33.2 23.1 24.0  0.5  5.1 10.6  6.0  0.0
      2.25      5.73     -4.73     -0.96      0.67  0.0  0.0  0.5  0.0  0.0
                                     4000_story_2919_llm.txt 34.5  4.5 3339
 16.8  5.4  9.0 57.2 10.2  1.2  1.5  0.6 15.9 12.0  1.8  1.5  0.3  3.9  1.5
  0.9  0.6  8.1 18.3  0.9  1.5239.9 82.7 41.9 83.0 65.3 22.8  6.9  1.5  3.3
  0.6  4.5 28.2  8.7  6.9 39.8  6.6  8.1  1.5  2.4  2.1  2.1  4.8  4.2  0.3
  3.6  6.9  3.6  3.9  7.2 18.3 33.5  8.1  1.5  5.4 82.1 91.3  2.7153.3  4.5
  1.2  0.0  0.0  0.0  0.0  0.0  0.0  0.0  0.0  0.0  0.0  0.0  0.0  0.0  0.0
  0.0  0.0  0.0  3.9  1.5  2.1  1.8  0.0  0.0  0.0  0.0  0.0  0.0  0.0  0.0
  0.0  1.8  0.9  1.2  0.0  0.6  0.0  0.0  0.0  0.3  0.3  0.3  4.2  2.4  0.0
  9.3  0.0  0.0  9.3  3.9  0.6  4.8  7.2  0.0  0.0  0.0  0.0  0.0  0.0  0.0
  0.0  0.3  0.0  0.0  0.0  0.0  0.3 14.4  3.6  2.1  7.5 11.7  3.3  3.9 11.1
  2.7  3.3  2.1  1.5  1.2  0.3  0.0 24.6 13.8 23.1  0.9  5.1 10.8  4.8  0.0
      0.00      5.56      0.89     -1.27      1.39  0.6  0.0  0.3  0.0  0.0
                                     4000_story_2920_llm.txt 37.0  4.2 2824
 17.0  7.1  9.2 69.8 19.8  3.2  3.2  0.7 30.5 15.2  1.4  1.1  0.0  4.6  0.4
  0.7  1.8  7.1 19.8  0.4  2.8243.3 68.7 25.5 92.8 63.4 14.2  9.2  0.0  1.8
  0.0  1.4 15.9  8.9 10.3 43.6  9.6  8.9  2.8  3.2  4.2  2.1  8.9  5.7  0.4
  2.8  7.8  1.4  0.7  6.7 20.2 33.3  8.9  2.1  1.8 58.1113.7  3.5177.4  6.4
  1.1  0.0  0.0  0.0  0.0  0.0  0.0  0.0  0.0  0.0  0.0  0.0  0.0  0.0  0.0
  0.0  0.0  0.0  2.8  2.5  2.8  3.5  0.0  0.0  0.0  0.0  0.0  0.0  0.0  1.4
  0.7  0.7  0.4  1.8  0.4  0.7  0.0  0.0  0.0  0.7  0.0  0.0  2.1  1.8  0.0
 11.7  0.0  0.0 11.7  5.0  1.1  6.7  3.9  0.0  0.0  0.0  0.0  0.0  0.0  0.0
  0.7  1.1  0.0  0.0  0.0  0.0  0.0 12.4  5.7  2.5  9.2 19.8  2.1  9.2 10.3
  2.5  1.1  1.4  0.0  1.1  1.4  0.0 42.8 20.9 24.8  1.4  3.5 11.3  7.8  0.0
      6.27      4.57     -4.53      0.74      3.95  0.4  0.0  0.4  0.0  0.4
                                     4000_story_2921_llm.txt 35.8  4.3 3466
 17.6  8.7  0.6 48.8  4.9  0.0  2.6  2.3 61.5 16.7  0.9  1.2  0.0  6.9  0.0
  1.4  0.6  5.2 17.6  0.9  1.7216.4 83.4 40.1104.2 66.9 17.0  7.8  1.4  3.2
  0.6  4.3 26.8 10.4  9.2 33.5  6.3  4.9  2.3  4.0  4.3  4.0  2.9  2.3  0.0
  0.9  8.4  3.8  2.9  4.9 14.4 35.5  3.2  1.4  5.2 73.0133.3  2.6159.5  4.6
  1.2  0.0  0.0  0.0  0.0  0.0  0.0  0.0  0.0  0.0  0.0  0.0  0.0  0.0  0.0
  0.0  0.0  0.0  4.3  1.2  4.6  2.3  0.0  0.6  0.0  0.0  0.0  0.0  0.0  0.3
  0.3  2.0  0.6  0.3  0.3  0.6  0.6  0.3  0.0  0.3  0.3  0.0  4.0  2.6  0.0
 12.4  0.6  0.0 13.0  3.5  1.7  5.5  6.9  0.0  0.0  0.0  0.0  0.0  0.0  0.0
  0.6  0.3  0.0  0.0  0.0  0.0  0.6 11.3  5.2  1.7  8.9 16.2  3.2  6.6  1.4
  2.9  2.6  3.5  1.7  0.3  0.9  0.3 26.5 20.2 30.3  1.7  7.5  6.6  4.6  0.0
      2.90      5.39     -0.18      0.82     -1.19  1.7  0.0  0.3  0.0  0.0
                                     4000_story_2924_llm.txt 35.0  4.5 2761
 18.1  7.2 14.8 51.4 13.0  1.1  3.3  2.2 23.2 13.0  1.4  1.1  0.4  6.5  0.4
  1.8  0.4  8.0 15.2  0.7  3.6255.0 73.9 29.0103.9 63.4 18.1 13.4  0.4  2.2
  0.7  1.4 22.5  6.5  3.3 43.8 11.6  5.1  2.2  4.3  2.9  4.0  6.2  6.5  0.4
  0.7  6.5  5.1  2.2  8.0 15.9 28.6  7.6  1.1  3.3 65.2 99.6  2.5168.1  9.8
  3.3  0.0  0.0  0.0  0.0  0.0  0.0  0.0  0.0  0.0  0.0  0.0  0.0  0.0  0.0
  0.0  0.0  0.0  5.1  0.0  3.6  3.3  0.0  0.0  0.4  0.0  0.0  0.0  0.0  0.4
  0.0  1.8  1.8  0.7  0.4  0.4  0.4  0.4  0.0  0.7  0.4  0.0  3.6  1.4  0.0
 12.0  0.4  0.0 12.3  4.7  1.4  6.9  5.4  0.0  0.0  0.0  0.0  0.0  0.0  0.0
  1.1  1.8  0.0  0.0  0.0  0.0  0.0 10.5  3.3  1.4  6.2 13.8  1.8  5.1  7.2
  5.8  1.4  1.4  1.8  1.4  0.7  0.0 28.3 22.8 29.0  1.1  4.3 10.9  7.2  0.0
      2.62      6.47     -0.28      0.25      1.72  0.4  0.0  0.0  0.0  0.0
                                     4000_story_2926_llm.txt 33.0  4.3 4765
 15.3  5.2 17.0 43.0  5.9  0.6  1.0  0.6 34.4 15.7  1.3  1.0  0.0  3.1  0.2
  0.2  0.4  7.3 16.6  1.3  2.1264.6 95.7 42.8100.9 52.0 16.2 11.5  0.8  2.3
  1.9  1.9 20.4  4.8  8.8 35.5  6.7  5.2  2.7  2.1  2.3  2.1  6.1  5.5  0.2
  1.9  6.5  1.9  1.9  3.1 14.9 28.1  7.6  1.7  5.0 70.1 92.3  2.1158.9  4.6
  2.1  0.0  0.0  0.0  0.0  0.0  0.0  0.0  0.0  0.0  0.0  0.0  0.0  0.0  0.0
  0.0  0.0  0.0  1.9  0.6  2.9  2.5  0.0  0.0  0.0  0.0  0.0  0.0  0.2  0.6
  0.0  1.0  0.2  1.3  0.0  0.2  0.0  0.0  0.0  0.2  0.4  0.0  2.9  0.4  0.0
  8.0  0.0  0.2  8.2  3.1  0.2  3.6  3.8  0.0  0.0  0.0  0.0  0.0  0.0  0.0
  0.2  0.4  0.0  0.0  0.0  0.0  0.2  7.1  1.5  2.3  6.7 25.4  2.7  7.8  6.1
  2.7  3.4  2.7  2.9  0.6  0.6  0.2 33.2 20.6 20.1  1.3  5.2  9.4  4.8  0.0
     -2.69      5.15      0.47     -1.58      1.77  0.2  0.0  0.0  0.2  0.0
                                     4000_story_2927_llm.txt 28.0  4.6 3041
 19.4  6.6  3.0 50.6 11.2  0.3  1.6  2.3 14.5 17.1  1.0  3.0  0.7  6.6  0.0
  3.9  2.0  4.9 16.8  0.3  0.7250.6 75.6 47.0 91.7 52.3 16.1  7.9  0.7  3.6
  0.0  3.6 29.9  9.2  9.5 49.7  9.2  7.6  1.6  3.6  1.6  4.3  6.9  3.9  0.0
  2.0  6.6  1.6  3.6  5.3 14.1 33.5  5.9  2.3  4.3 80.6 77.9  3.0156.9  6.6
  1.0  0.0  0.0  0.0  0.0  0.0  0.0  0.0  0.0  0.0  0.0  0.0  0.0  0.0  0.0
  0.0  0.0  0.0  4.3  1.6  2.0  1.6  0.0  0.0  0.0  0.0  0.0  0.0  0.0  1.0
  0.3  1.6  0.3  0.7  0.0  0.0  0.0  0.0  0.3  0.7  0.3  0.0  5.3  1.6  0.0
  9.5  0.0  0.0  9.5  3.9  0.3  4.9  7.2  0.0  0.0  0.0  0.0  0.0  0.0  0.0
  0.0  0.3  0.0  0.0  0.0  0.0  0.0 14.5  2.6  1.0  4.3 16.1  1.0  4.3  5.6
  3.0  4.9  3.6  5.6  0.7  0.3  0.3 23.0 24.3 27.0  2.0  6.6 10.5  4.3  0.0
      2.94      4.17     -1.67     -0.14      1.92  0.7  0.0  0.3  0.0  0.0
                                     4000_story_2929_llm.txt 35.3  4.4 5749
 13.6  6.3 19.8 73.4 15.5  0.9  4.0  1.6 27.3 11.7  2.3  2.8  0.5  4.3  0.5
  0.5  1.6  6.4 19.0  1.0  2.6251.0 81.8 33.7 86.4 61.6 19.1 11.7  0.7  3.0
  0.3  1.2 25.4  6.1 10.8 39.7 10.4  9.6  1.9  3.1  1.6  2.8  3.8  3.3  0.3
  3.1  3.8  4.7  1.9  5.6 17.6 29.9  6.8  2.6  4.0 62.4104.4  4.5170.8  4.5
  1.4  0.0  0.0  0.0  0.0  0.0  0.0  0.0  0.0  0.0  0.0  0.0  0.0  0.0  0.0
  0.0  0.0  0.0  4.7  0.9  3.0  2.4  0.2  0.0  0.2  0.0  0.2  0.2  0.5  0.3
  0.3  1.9  0.9  0.0  0.3  0.0  0.0  0.2  0.0  0.5  0.3  0.2  3.7  1.9  0.0
 11.0  0.3  0.9 12.2  3.5  0.5  4.5  6.1  0.0  0.0  0.0  0.0  0.0  0.0  0.0
  1.6  0.5  0.2  0.2  0.0  0.0  0.2 10.4  2.8  2.6  8.2 12.7  2.1  3.7  8.3
  3.7  0.5  1.7  2.1  0.7  0.9  0.2 33.4 19.8 25.2  0.9  5.9 11.7  3.8  0.0
      4.84      5.69     -1.77     -0.43      0.54  0.2  0.2  0.5  0.0  0.0
                                     4000_story_2933_llm.txt 35.8  4.5 2923
 12.3  2.7  3.4 54.7 15.1  0.3  3.8  1.0 23.9 14.0  1.0  1.4  0.3  2.4  0.0
  1.4  0.7  5.8 17.4  0.3  2.1250.8 85.9 39.7 97.8 54.7 17.1 10.3  1.0  1.0
  1.7  1.0 42.4  7.9  7.9 28.4  7.2  5.8  0.7  1.4  2.1  0.7  2.7  6.2  0.3
  5.1  7.5  1.0  2.1  3.1 13.7 28.7 11.6  1.0  3.8 68.1 93.7  3.1169.7  6.2
  0.3  0.0  0.0  0.0  0.0  0.0  0.0  0.0  0.0  0.0  0.0  0.0  0.0  0.0  0.0
  0.0  0.0  0.0  0.0  0.7  3.8  0.7  0.0  0.0  0.0  0.0  0.0  0.0  0.3  0.3
  0.0  2.1  0.7  0.3  0.0  0.0  0.0  0.0  0.0  0.3  0.0  0.0  1.4  1.4  0.0
  5.1  0.0  0.3  5.5  3.4  0.0  3.8  2.7  0.0  0.0  0.0  0.0  0.0  0.0  0.0
  0.3  0.0  0.0  0.0  0.0  0.0  0.0  9.6  4.1  1.4 10.3 27.7  2.1  3.8  2.7
  0.7  0.3  0.3  2.7  0.0  1.4  0.3 30.4 14.0 16.1  1.0  6.8  8.2  6.2  0.0
     -3.48      5.11      0.80     -3.13      0.94  0.3  0.0  0.0  0.0  0.0
                                     4000_story_2934_llm.txt 36.0  4.8 1958
 14.8  4.6  0.0 51.1  6.1  0.0  2.0  1.0 40.3 12.3  0.5  1.0  0.0  3.6  1.0
  0.5  0.5  7.2 15.8  0.5  1.0250.3 93.5 38.3 94.0 54.1 15.3 13.8  3.1  4.1
  1.5  2.6 53.1  6.1 10.7 30.1  6.1  4.1  3.1  1.0  0.5  2.0  4.1  9.7  1.0
  4.6  7.2  2.0  4.1  6.1 11.7 27.6 15.3  1.0  8.7 73.5100.6  2.0160.9  6.6
  0.5  1.0  0.0  0.0  0.0  0.0  0.0  0.0  0.0  0.0  0.0  0.0  0.0  0.0  0.0
  0.0  0.0  0.0  3.1  0.5  2.6  1.0  0.0  1.0  0.0  0.0  0.0  0.0  0.0  0.0
  0.0  0.5  0.5  0.5  0.0  1.0  0.0  0.0  0.0  1.0  0.0  0.0  0.5  2.0  0.0
  7.2  1.0  0.0  8.2  1.5  1.0  3.6  2.6  0.0  0.0  0.0  0.0  0.0  0.0  0.0
  0.0  0.0  0.0  0.0  0.0  0.0  0.0 11.2  4.6  2.6 12.3 16.3  3.6  3.1  7.7
  1.0  0.0  1.5  2.0  0.5  1.0  0.5 22.0 24.0 19.9  2.0  3.1 11.2  4.1  0.0
     -4.55      5.27      4.23     -3.12      2.67  1.5  0.0  0.0  0.0  0.0
                                     4000_story_2935_llm.txt 34.3  5.0 5264
 12.3  1.5  0.2 56.2  0.9  0.2  1.3  0.2  2.8 12.5  4.4  2.1  0.8  3.4  0.9
  1.3  0.4 12.2 15.4  0.0  0.6264.2 86.8 38.8 72.4 78.1 18.0  2.8  3.0  1.7
  1.3  2.7 70.1  7.6  4.0 33.4  9.5 20.1  2.5  3.6  6.6  2.5  4.4  6.6  0.2
  2.8  4.4  1.9  4.0  4.2 38.9 28.1  9.7  0.4  6.1 69.0 81.9  1.3146.5  3.8
  1.1  0.2  0.0  0.0  0.0  0.0  0.0  0.0  0.0  0.0  0.0  0.0  0.0  0.0  0.0
  0.0  0.0  0.0  0.9  0.4  1.3  0.8  0.4  0.2  0.0  0.0  0.0  0.0  0.0  0.8
  0.0  1.1  0.6  0.2  0.0  0.0  0.0  0.2  0.2  0.4  0.0  0.0  1.1  3.4  0.0
  3.4  0.6  0.0  4.0  2.7  0.4  3.4  4.6  0.0  0.0  0.0  0.0  0.0  0.0  0.0
  0.2  0.2  0.0  0.0  0.0  0.0  0.0 13.5  9.7  4.6 16.7 16.5  5.9  5.1  6.1
  1.9  0.9  1.1  0.2  0.0  1.1  1.5 19.4 11.6 19.8  2.7  5.1 10.3  2.3  0.0
     -6.16      4.12      5.43      4.78      1.18  0.4  0.0  0.0  0.0  0.0
                                     4000_story_2936_llm.txt 36.0  4.8 6325
  9.0  1.6  0.0 34.8  0.9  0.3  2.2  1.3 38.7 11.5  0.3  0.6  0.2  3.2  0.8
  0.3  0.0  6.8 19.6  0.2  0.5259.0108.8 42.4 80.9 22.3 15.7  6.0  3.2  2.7
  1.4  3.2 41.1  5.1 12.8 32.3  6.8  3.2  1.1  1.7  2.5  2.8  3.8 15.3  2.1
  4.7  8.4  4.7  3.3  5.4 12.5 33.5 22.1  0.2  7.3 73.5 62.0  1.7135.5  3.0
  1.1  0.6  0.0  0.0  0.0  0.0  0.0  0.0  0.0  0.0  0.0  0.0  0.0  0.0  0.0
  0.0  0.0  0.0  3.5  0.8  1.4  1.6  0.3  0.0  0.5  0.0  0.0  0.0  0.0  0.2
  0.6  0.9  1.1  0.9  0.0  0.6  0.0  0.0  0.2  0.0  0.6  0.0  0.5  1.1  0.0
  7.3  0.8  0.0  8.1  3.8  0.8  4.6  2.2  0.0  0.0  0.0  0.0  0.0  0.0  0.0
  0.0  0.2  0.0  0.0  0.0  0.0  0.0  9.5  4.3  2.2 10.4 18.0  3.0  6.0 12.5
  1.3  2.7  1.3  1.3  0.2  0.9  0.3 26.6 13.8 13.4  2.2  4.3 11.1  4.0  0.0
     -9.01      2.05      2.45     -2.36      4.18  0.2  0.3  0.2  0.2  0.0
                                     4000_story_2937_llm.txt 34.5  4.6 4350
  9.0  2.8  0.2 22.3  0.0  0.0  0.5  1.4 28.7 10.6  0.2  0.5  0.0  2.5  1.1
  0.5  0.5  7.1 18.4  0.2  1.8244.4109.0 34.3100.2 64.6 13.6  4.4  1.1  3.4
  1.1  2.8 37.7  9.4  8.5 31.5  9.4  1.6  1.1  0.9  0.9  1.1  5.3  9.4  1.8
  2.8  8.7  2.3  3.2  4.1  9.7 31.3 14.0  0.7  5.7 69.0 93.3  0.7138.4  3.7
  2.5  0.0  0.0  0.0  0.0  0.0  0.0  0.0  0.0  0.0  0.0  0.0  0.0  0.0  0.0
  0.0  0.0  0.0  1.6  0.7  1.4  1.8  0.0  0.0  0.0  0.0  0.0  0.0  0.0  0.7
  0.2  0.5  0.7  0.5  0.0  0.5  0.0  0.0  0.0  0.5  0.0  0.0  0.7  0.9  0.0
  5.5  0.0  0.0  5.5  2.5  0.5  3.4  1.6  0.0  0.0  0.0  0.0  0.0  0.0  0.0
  0.0  0.2  0.0  0.0  0.0  0.0  0.0  5.3  4.6  2.1  8.7 22.1  2.8  3.4  6.2
  1.4  1.6  0.5  0.5  0.2  1.4  0.0 20.2  7.4 13.6  3.2  6.9  9.2  2.3  0.0
     -7.94      3.86      1.07     -4.54      3.41  0.5  0.2  0.0  0.0  0.0
                                     4000_story_2938_llm.txt 36.0  4.7 4235
  9.2  0.9  3.1 50.1  9.7  0.2  2.4  0.2  9.9 13.2  1.9  0.9  0.9  3.1  0.7
  0.7  0.7  5.9 11.6  0.2  0.2252.2 79.6 38.0 97.3 56.0 15.1  8.0  1.7  1.7
  0.5  4.0 30.0  8.0 10.4 35.4  9.2  7.8  1.4  1.9  4.0  1.7  4.5  4.5  0.5
  2.6  5.2  2.1  2.4  7.6 17.7 23.6  7.6  0.9  3.8 73.4 75.6  1.4165.8  4.7
  2.4  0.2  0.0  0.0  0.0  0.0  0.0  0.0  0.0  0.0  0.0  0.0  0.0  0.0  0.0
  0.0  0.0  0.0  1.4  0.2  0.9  1.9  0.5  0.0  0.0  0.2  0.0  0.2  0.0  0.2
  0.2  0.7  1.7  1.4  0.0  0.0  0.0  0.0  0.0  0.5  0.0  0.0  1.9  0.5  0.0
  4.5  0.5  0.5  5.4  4.3  0.0  4.7  2.4  0.0  0.0  0.0  0.0  0.0  0.0  0.0
  0.7  0.2  0.0  0.0  0.0  0.0  0.0  9.2  1.9  2.8  7.1 25.0  2.6  2.8  5.9
  0.9  1.9  0.5  3.1  0.2  0.7  0.2 37.3 16.3 13.7  1.9  8.0 11.1  6.1  0.0
     -7.19      4.35     -0.59     -0.86      1.06  0.7  0.2  0.0  0.2  0.0
                                     4000_story_2939_llm.txt 37.8  4.8 3510
 11.1  2.6  0.3 23.6  1.4  0.3  0.6  0.0  3.7 12.0  0.9  0.0  0.0  2.8  0.3
  0.0  0.9  2.8 19.9  0.9  0.0274.4104.6 47.3 88.9 42.2 14.2  5.7  3.7  2.6
  0.3  2.6 42.5  5.1 11.4 34.5  5.7  1.7  0.6  1.1  1.4  3.7  3.1 12.8  1.4
  4.8  7.4  4.8  2.8  4.6  6.0 31.1 19.1  1.7  6.6 76.1 47.3  1.1135.0  6.3
  0.6  0.0  0.0  0.0  0.0  0.0  0.0  0.0  0.0  0.0  0.0  0.0  0.0  0.0  0.0
  0.0  0.0  0.0  2.6  0.3  2.3  1.7  0.0  0.0  0.0  0.0  0.0  0.0  0.0  0.6
  0.3  0.3  0.9  0.3  0.0  0.3  0.0  0.0  0.0  0.0  0.3  0.0  0.9  1.4  0.0
  6.8  0.0  0.0  6.8  2.3  0.3  2.6  2.6  0.0  0.0  0.0  0.0  0.0  0.0  0.0
  0.0  0.0  0.0  0.0  0.0  0.0  0.0  8.3  1.7  1.4  9.1 21.4  3.1  4.6  5.7
  1.1  2.0  0.6  1.4  0.0  1.1  1.1 24.5 10.5 16.5  0.6  3.1  8.5  5.1  0.0
    -11.58      2.86      1.82     -3.34      2.93  0.0  0.0  0.3  0.0  0.0
                                     4000_story_2940_llm.txt 38.3  4.6 4519
  9.5  2.4 11.7 42.9  8.2  1.1  0.9  1.3 16.8 13.7  0.7  1.1  0.2  4.2  0.7
  0.7  1.3  4.0  9.5  0.9  1.5273.7 84.1 38.1104.0 59.3 16.6 10.8  1.5  4.4
  0.0  2.2 30.8  9.7  6.6 33.0  8.0  4.2  2.9  1.8  1.8  1.8  5.3  7.7  0.4
  5.1  7.7  2.4  2.0  4.6 10.0 22.4 13.3  2.2  6.0 70.4 84.3  1.5164.0  5.1
  1.1  0.2  0.0  0.0  0.0  0.0  0.0  0.0  0.0  0.0  0.0  0.0  0.0  0.0  0.0
  0.0  0.0  0.0  1.1  0.7  2.7  0.9  0.2  0.4  0.0  0.0  0.0  0.2  0.0  0.0
  0.4  0.7  1.8  0.9  0.0  0.2  0.2  0.0  0.2  0.0  0.4  0.0  0.9  0.2  0.0
  5.3  0.7  0.2  6.2  3.8  0.7  4.4  1.5  0.0  0.0  0.0  0.0  0.0  0.0  0.0
  0.0  0.4  0.0  0.0  0.0  0.0  0.0 15.3  4.2  1.3  8.6 21.7  2.0  5.1  7.7
  2.7  1.5  1.5  0.9  0.7  0.2  0.7 31.6 20.8 16.2  3.3  4.2  9.3  6.0  0.0
     -5.39      5.53      0.45     -2.32      2.85  0.4  0.0  0.0  0.0  0.0
                                     4000_story_2941_llm.txt 34.5  4.3 6944
 11.1  7.8 15.6 53.6 20.2  1.2  2.4  1.2 51.0 14.4  0.4  1.6  0.1  2.4  0.3
  0.1  0.7  7.8 14.4  0.4  1.2224.8 80.5 21.7110.3 55.2 17.6 19.4  1.4  2.3
  1.0  0.7 37.7  7.3  7.6 30.5  7.6  8.5  3.6  2.0  1.4  1.9  2.4 10.4  0.6
  4.3  7.9  2.6  2.3  5.0 17.7 26.6 15.3  1.2  4.8 45.9126.3  2.3176.0  3.2
  1.0  0.0  0.0  0.0  0.0  0.0  0.0  0.0  0.0  0.0  0.0  0.0  0.0  0.0  0.0
  0.0  0.0  0.0  5.0  0.7  3.2  1.3  0.0  0.0  0.0  0.0  0.0  0.0  0.1  0.6
  0.1  0.7  1.7  0.9  0.0  0.0  0.0  0.0  0.0  0.9  0.1  0.0  1.3  0.6  0.0
 10.2  0.0  0.1 10.4  4.0  0.0  4.9  2.0  0.0  0.0  0.0  0.0  0.0  0.0  0.0
  0.4  0.6  0.1  0.0  0.1  0.0  0.0  7.8  5.3  1.3 11.1 22.3  5.0  5.2  7.8
  2.3  0.6  1.0  0.7  0.4  0.6  0.3 38.7 30.8 15.3  2.6  5.2  9.5  5.2  0.0
      1.55      7.33      0.70     -1.07      1.31  0.3  0.1  0.0  0.1  0.0
                                     4000_story_2943_llm.txt 36.3  4.7 4884
 13.1  7.2  0.2 63.1 10.4  1.0  2.5  1.0 30.7 17.4  1.2  0.8  0.0  3.7  0.6
  1.6  1.4 11.5 11.3  0.6  1.6248.4 81.5 39.3 91.7 50.6 15.6 15.6  1.0  1.8
  0.8  1.4 35.0  9.8  6.6 34.8  4.3  3.7  2.7  3.5  3.1  1.0  3.9  5.7  0.4
  5.7  6.1  3.1  3.7  4.3 18.2 23.1 11.9  2.0  3.7 70.8 91.7  2.0166.7  3.5
  0.4  0.0  0.0  0.0  0.0  0.0  0.0  0.0  0.0  0.0  0.0  0.0  0.0  0.0  0.0
  0.0  0.0  0.0  5.3  0.8  2.0  1.4  0.2  0.0  0.0  0.0  0.0  0.2  0.0  0.0
  0.0  0.4  0.2  0.0  0.0  0.8  0.0  0.0  0.0  0.4  0.0  0.4  2.0  1.0  0.0
  9.6  0.2  0.2 10.0  0.6  0.8  1.8  3.5  0.0  0.0  0.0  0.0  0.0  0.0  0.0
  0.0  0.0  0.0  0.0  0.0  0.0  0.0  5.3  5.7  2.5  9.2 24.2  1.8  6.6  3.3
  0.8  2.0  1.4  1.8  0.0  1.2  0.6 28.9 22.1 16.2  1.8  6.3 11.9  5.1  0.0
      0.36      5.41     -0.51     -1.41      1.84  0.2  0.0  0.2  0.0  0.0
                                     4000_story_2944_llm.txt 36.0  4.8 3302
 14.8  2.1  0.0 25.1  0.9  0.3  0.9  0.0  2.7 14.8  0.3  3.3  0.3  1.5  0.3
  0.9  0.3  6.1 21.8  0.9  1.8278.9 93.0 40.9105.1 55.7 11.8  1.8  2.1  3.9
  0.3  2.1 36.0  8.2  7.9 31.8  5.1  1.2  0.9  1.2  0.3  1.8  6.4  6.7  0.6
  6.1  6.1  2.1  2.4  3.9  7.6 34.5 13.3  1.2  6.4 74.8 59.4  0.9153.2  6.7
  0.9  0.0  0.0  0.0  0.0  0.0  0.0  0.0  0.0  0.0  0.0  0.0  0.0  0.0  0.0
  0.0  0.0  0.0  0.6  0.3  2.1  0.9  0.0  0.0  0.0  0.0  0.0  0.0  0.0  0.3
  0.3  0.0  1.8  0.3  0.0  0.0  0.0  0.0  0.0  0.3  0.6  0.0  0.6  1.2  0.0
  3.9  0.0  0.0  3.9  2.7  0.0  3.0  2.4  0.0  0.0  0.0  0.0  0.0  0.0  0.0
  0.6  0.0  0.0  0.0  0.0  0.0  0.0 11.5  2.4  0.6  6.4 26.3  1.2  4.2 10.6
  1.2  3.0  1.5  1.8  0.3  0.6  0.6 30.6  8.8 17.3  2.4  6.4  5.1  3.3  0.0
     -7.45      2.81      1.29     -4.60      3.78  0.9  0.0  0.0  0.6  0.0
                                     4000_story_2945_llm.txt 36.8  4.5 5133
 11.5  3.5  0.6 49.1 12.1  1.4  1.0  1.2 20.3 11.1  1.0  0.6  0.2  1.8  0.4
  0.6  1.6  8.6 12.9  0.2  2.1249.0 95.7 35.8103.8 77.1 13.4  7.6  1.2  1.8
  0.8  1.6 26.9  8.4 10.1 30.4  7.2  4.7  2.1  2.7  1.8  2.3  3.3  5.8  1.0
  3.3  8.4  1.4  1.9  4.7 15.0 26.1 10.1  1.8  3.7 63.9109.5  0.4169.1  5.8
  0.4  0.2  0.0  0.0  0.0  0.0  0.0  0.0  0.0  0.0  0.0  0.0  0.0  0.0  0.0
  0.0  0.0  0.0  1.4  0.2  2.9  1.4  0.0  0.0  0.0  0.0  0.0  0.0  0.2  0.0
  0.2  1.2  1.6  1.0  0.0  0.2  0.0  0.0  0.0  0.0  0.2  0.0  1.8  0.8  0.0
  5.8  0.0  0.2  6.0  3.9  0.2  4.1  2.7  0.0  0.0  0.0  0.0  0.0  0.0  0.0
  0.0  0.2  0.0  0.0  0.0  0.0  0.0  8.6  3.9  1.6  8.0 24.9  1.9  2.7  5.3
  1.0  1.2  1.0  1.6  0.2  0.8  0.4 31.2 13.1 18.1  2.3  8.6 10.5  5.5  0.0
     -4.53      5.11     -1.41     -1.79      1.15  0.4  0.0  0.2  0.0  0.0
                                     4000_story_2946_llm.txt 34.3  5.0 3709
 13.2  3.0  1.1 36.1  8.6  0.8  1.3  1.1  9.7  9.7  0.3  1.6  0.0  3.5  0.3
  0.3  0.8  3.8 17.3  0.8  0.8294.7 87.6 51.2103.8 62.8 10.0  9.2  1.3  5.9
  1.1  0.8 50.1  6.2  4.9 32.6  8.1  1.6  3.0  1.1  0.5  4.0  3.8  7.3  1.1
  7.3  5.1  2.7  1.9  4.6  5.9 25.9 15.6  1.6  8.4 82.2 81.2  2.2156.6  3.0
  1.6  0.3  0.0  0.0  0.0  0.0  0.0  0.0  0.0  0.0  0.0  0.0  0.0  0.0  0.0
  0.0  0.0  0.0  3.2  1.1  2.2  1.3  0.0  0.3  0.3  0.3  0.0  0.0  0.0  0.3
  0.8  0.5  1.3  0.8  0.3  1.3  0.0  0.0  0.0  0.3  0.0  0.0  3.0  0.8  0.0
  7.8  0.5  0.3  8.6  3.8  1.6  5.7  3.8  0.0  0.0  0.0  0.0  0.0  0.0  0.0
  0.0  0.3  0.0  0.0  0.0  0.0  0.0 11.6  6.5  2.2 11.9 12.4  2.7  4.0  4.6
  1.6  1.6  1.1  3.2  0.3  1.1  0.5 21.3 18.1 17.3  2.7  7.3 10.2  3.0  0.0
     -9.36      4.09      4.44     -2.90      3.01  0.5  0.3  0.0  0.0  0.0
                                     4000_story_2950_llm.txt 38.0  4.7 1907
 17.8  5.8  1.0 77.6 12.6  0.5  4.7  4.2 34.6  8.9  2.6  2.1  0.5  8.4  1.0
  2.6  0.0 10.0  6.8  1.6  2.1228.1 80.8 35.1 71.3 52.4 15.7 13.1  2.1  6.3
  0.0  1.6 41.4  6.8  5.2 43.0  5.8  5.8  4.2  4.2  3.7  4.7  6.8  6.8  2.1
  2.6  6.8  8.4  5.2  8.4 19.4 21.5 11.5  1.6  8.4 65.5 99.6  5.2161.0  6.8
  0.0  0.0  0.0  0.0  0.0  0.0  0.0  0.0  0.0  0.0  0.0  0.0  0.0  0.0  0.0
  0.0  0.0  0.0  3.7  2.6  3.1  3.7  0.0  0.0  0.0  0.0  0.0  0.5  0.5  0.0
  0.5  0.0  0.0  1.0  0.0  0.0  0.0  0.0  0.5  0.5  1.0  0.0  6.8  3.1  0.0
 13.1  0.0  1.0 14.2  1.6  0.5  2.6 11.0  0.0  0.0  0.0  0.0  0.0  0.0  0.0
  1.6  0.0  0.5  0.5  0.0  0.5  0.0 14.7  2.1  5.8 11.0 10.0  5.2  3.7  7.9
  2.1  1.0  3.7  0.0  0.0  0.5  1.6 21.5 19.4 24.6  1.0  3.1  8.4  4.2  0.0
      3.45      4.40      2.88      1.66      4.13  2.6  0.5  0.5  0.0  0.0
                                     4000_story_2965_llm.txt 36.3  5.1 2582
 14.3  1.5  5.0 39.9  4.6  0.0  0.8  0.8  8.1  8.1  0.8  0.8  0.8  3.1  1.9
  1.5  0.4  4.3 15.5  0.4  0.4292.4110.0 52.7 77.1 38.0 17.8  7.4  4.3  4.3
  0.8  2.3 60.0  3.9  5.4 36.0 10.1  6.6  1.9  0.4  0.8  4.3  3.9  7.7  2.3
  4.3  2.7  4.3  1.5  5.8 11.6 21.7 14.3  0.8  9.3 84.0 50.7  1.2136.7  5.8
  0.8  0.8  0.0  0.0  0.0  0.0  0.0  0.0  0.0  0.0  0.0  0.0  0.0  0.0  0.0
  0.0  0.0  0.0  2.3  1.2  0.8  2.3  0.8  0.8  0.0  0.0  0.0  0.0  0.0  0.4
  0.4  1.2  1.2  0.8  0.0  0.4  0.4  0.0  0.4  0.4  0.0  0.0  2.3  2.3  0.0
  6.6  1.5  0.0  8.1  3.9  1.2  5.4  4.6  0.0  0.0  0.0  0.0  0.0  0.0  0.0
  0.0  0.8  0.0  0.0  0.0  0.0  0.0 10.8  6.6  2.3 14.3 14.7  1.5  3.1  9.7
  2.7  0.4  1.5  0.8  0.8  1.2  4.3 22.5 18.2 18.6  1.2  2.7  8.9  1.9  0.0
    -11.26      3.28      6.60     -2.16      3.13  1.2  0.4  0.4  0.4  0.0
                                     4000_story_2968_llm.txt 34.0  4.6 2582
 14.3  4.3  1.9 47.3 13.6  1.5  1.5  1.9 11.6 10.1  0.4  0.0  0.4  4.6  0.0
  1.2  1.9  3.5 10.5  0.8  1.5254.5 91.0 39.5 95.7 50.0 20.1 14.3  0.0  6.6
  0.8  2.3 37.2  4.3  9.7 29.0  9.3  3.5  1.2  1.2  2.7  2.3  3.5  7.7  1.2
  5.4  6.6  3.5  2.3  7.0  9.7 20.5 14.3  2.7  7.4 76.7 75.1  2.7160.0  6.6
  1.5  0.4  0.0  0.0  0.0  0.0  0.0  0.0  0.0  0.0  0.0  0.0  0.0  0.0  0.0
  0.0  0.0  0.0  3.5  0.8  4.3  0.4  0.0  0.4  0.0  0.0  0.0  0.0  0.0  1.9
  0.0  0.4  0.8  0.0  0.0  0.0  0.0  0.4  0.0  0.8  0.8  0.0  2.3  1.5  0.0
  8.9  0.4  0.0  9.3  3.1  0.4  4.3  4.6  0.0  0.0  0.0  0.0  0.0  0.0  0.0
  0.0  0.0  0.0  0.0  0.0  0.0  0.0 17.8  4.6  2.3  8.9 15.1  2.3  5.4  7.7
  6.6  1.9  1.2  1.9  0.0  0.8  1.5 31.8 22.1 21.7  0.8  7.7 10.5  2.7  0.0
     -4.44      6.17      2.70     -2.65      2.37  0.4  0.0  0.0  0.4  0.0
                                     4000_story_2979_llm.txt 37.8  5.1 1923
  9.9  1.6  0.0 40.0  5.7  0.0  1.0  1.6 13.0  9.4  1.6  1.6  0.0  7.8  1.0
  2.1  0.0  4.2 14.0  0.0  0.5286.5 90.5 52.5 83.7 44.2 19.8 14.0  4.2  7.8
  2.1  0.5 52.0  6.2  2.1 39.0  8.3  4.7  4.7  2.6  2.1  4.2  5.2  7.8  1.6
  5.2  5.7  5.2  4.7  1.6 10.9 24.4 14.6  0.0 14.0 81.1 62.9  0.5146.6  5.7
  1.0  0.5  0.0  0.0  0.0  0.0  0.0  0.0  0.0  0.0  0.0  0.0  0.0  0.0  0.0
  0.0  0.0  0.0  4.2  3.1  0.0  1.0  0.0  0.5  0.0  0.0  0.0  0.0  1.0  0.0
  0.5  1.0  1.6  0.5  0.0  0.5  0.0  0.0  0.0  0.5  0.5  0.0  3.1  3.1  0.0
  8.3  0.5  1.0  9.9  3.6  0.5  4.7  6.8  0.0  0.0  0.0  0.0  0.0  0.0  0.0
  0.0  0.5  0.0  0.0  0.0  0.0  0.0  9.9  6.8  3.6  8.3 10.9  4.2  1.0  7.8
  2.6  3.6  2.1  0.5  2.1  1.0  1.0 29.6 23.4 20.8  1.6  5.7 11.4  4.2  0.0
     -9.77      5.39      8.41     -0.14      3.68  1.0  0.0  1.0  0.0  0.0
                                     4000_story_2980_llm.txt 35.0  4.8 2250
  6.7  2.7  1.3 36.0  5.3  0.4  2.2  0.4  6.2  8.4  0.0  0.9  0.0  5.3  0.4
  0.9  0.9  2.7 13.3  0.9  1.3295.1 99.1 56.0 85.3 41.8 17.3 12.4  2.2  3.1
  0.9  1.8 47.6  5.3  9.3 29.8  7.6  1.8  4.9  0.4  0.9  1.8  3.6  9.8  1.3
  8.0  7.1  1.8  1.8  2.2  5.3 23.6 19.1  1.8  6.2 79.1 53.3  2.7144.9  5.3
  2.7  0.0  0.0  0.0  0.0  0.0  0.0  0.0  0.0  0.0  0.0  0.0  0.0  0.0  0.0
  0.0  0.0  0.0  2.7  1.8  0.9  1.8  0.0  0.4  0.0  0.0  0.0  0.4  0.0  0.9
  2.2  0.4  0.9  0.9  0.0  0.0  0.0  0.4  0.0  0.9  0.4  0.0  1.3  0.4  0.0
  7.1  0.4  0.4  8.0  5.3  0.4  6.7  2.2  0.0  0.0  0.0  0.0  0.0  0.0  0.0
  0.0  0.0  0.0  0.4  0.0  0.0  0.0 21.3  3.6  1.3  9.3 21.3  2.2  5.3 11.1
  1.3  3.6  7.6  3.6  0.0  0.9  1.8 30.7 18.7 14.2  2.7  5.3  9.3  4.0  0.0
    -10.74      4.57      2.64     -3.27      3.68  0.0  0.0  0.0  0.0  0.0
                                     4000_story_3020_llm.txt 34.3  4.6 3017
 12.9  3.3 10.3 44.4  8.3  1.0  1.0  1.0  6.0 10.9  1.0  0.7  1.0  3.3  1.0
  0.0  1.0  5.6 20.6  0.0  1.0265.5 95.8 36.8101.4 63.3 19.2  9.3  1.7  4.0
  1.7  2.0 37.8  5.6 10.6 33.8  8.3  6.0  2.7  2.0  1.7  1.7  5.0  7.3  0.3
  4.0  7.6  3.6  2.3  4.3 13.3 32.8 11.6  1.0  7.3 67.0 77.6  5.3165.1  5.0
  1.0  0.0  0.0  0.0  0.0  0.0  0.0  0.0  0.0  0.0  0.0  0.0  0.0  0.0  0.0
  0.0  0.0  0.0  3.6  0.3  3.0  1.3  0.0  0.0  0.0  0.0  0.0  0.3  0.0  0.3
  0.3  2.0  0.7  0.7  0.0  0.3  0.0  0.0  0.0  0.3  0.0  0.0  2.0  1.3  0.0
  8.3  0.0  0.3  8.6  4.0  0.3  4.6  3.3  0.0  0.0  0.0  0.0  0.0  0.0  0.0
  0.0  1.3  0.0  0.0  0.0  0.0  0.0 11.6  2.0  2.0 10.3 18.9  3.6  4.0 10.6
  2.3  1.3  5.0  1.0  0.0  0.3  0.0 37.5 18.2 20.2  1.3  5.3  9.6  6.3  0.0
     -5.09      5.84      2.15     -1.97      2.12  1.3  0.3  0.3  0.0  0.0
                                     4000_story_3027_llm.txt 29.8  4.9 2184
  7.8  3.2  0.5 33.9  7.8  0.9  2.7  0.5  6.9  9.2  2.3  1.4  0.0  1.8  0.0
  0.5  0.9  5.0 17.9  0.9  0.5263.3 96.2 40.3 87.9 46.2 25.2 11.0  0.9  3.2
  2.3  1.4 44.0  7.3 11.9 34.8 10.5  5.5  1.4  1.4  0.9  6.9  3.7 13.3  2.3
  2.3  4.6  5.5  2.7  5.5 11.4 26.6 17.9  1.8  6.4 67.3 60.9  2.7149.7  6.4
  1.8  0.0  0.0  0.0  0.0  0.0  0.0  0.0  0.0  0.0  0.0  0.0  0.0  0.0  0.0
  0.0  0.0  0.0  2.7  1.4  2.3  0.5  0.0  0.0  0.0  0.0  0.0  0.0  0.0  0.0
  0.5  0.5  2.3  0.5  0.0  0.5  0.0  0.0  0.0  0.0  0.5  0.0  0.9  2.7  0.0
  6.9  0.0  0.0  6.9  3.7  0.5  4.1  4.1  0.0  0.0  0.0  0.0  0.0  0.0  0.0
  0.0  0.0  0.0  0.0  0.0  0.0  0.0  7.3  3.7  1.8 10.5 21.5  2.7  2.7  7.3
  2.3  1.4  0.5  0.9  0.9  0.5  0.5 27.0 16.5 13.7  1.4  6.9 12.4  4.1  0.0
     -8.67      6.10      1.19     -1.05      3.17  0.5  0.0  0.5  0.0  0.0
                                     4000_story_3031_llm.txt 38.0  4.8 2045
 17.6  2.4  2.4 42.5 10.3  0.0  2.4  1.0  8.3 15.2  1.0  1.0  0.0  7.3  0.5
  0.5  1.5  1.5 12.7  0.0  2.9252.3104.6 37.7102.2 61.6 11.7  6.8  2.9  4.4
  0.5  3.9 45.5  6.8 13.2 40.1  7.8  3.9  2.0  1.0  2.0  1.5  3.9  5.4  2.0
  2.4  5.4  2.4  3.9  8.8  7.3 24.0  9.8  1.5  7.8 81.2 80.2  2.0155.5  5.9
  1.5  0.5  0.0  0.0  0.0  0.0  0.0  0.0  0.0  0.0  0.0  0.0  0.0  0.0  0.0
  0.0  0.0  0.0  1.0  0.5  1.5  4.9  0.5  0.0  0.0  0.0  0.0  0.5  0.5  0.5
  0.5  1.0  0.0  2.0  0.5  0.0  0.0  0.0  0.0  0.5  0.5  0.0  2.4  1.5  0.0
  7.8  0.5  1.0  9.3  3.9  0.5  4.9  4.4  0.0  0.0  0.0  0.0  0.0  0.0  0.0
  0.0  0.0  0.0  0.0  0.0  0.0  0.0 10.3  4.4  2.9 14.2 19.1  2.0  2.4  8.3
  2.0  2.4  1.0  1.5  0.0  1.0  1.0 26.4 15.6 19.6  2.4  7.3 15.2  7.8  0.0
     -4.74      3.90      1.83     -3.08      1.93  1.0  0.0  1.0  0.5  0.0
                                     4000_story_3032_llm.txt 35.3  4.9 2158
 12.5  2.3  0.5 45.9  8.8  0.0  3.2  1.4  9.3 14.4  1.4  0.5  0.0  6.0  0.9
  1.9  0.9  6.0 14.8  0.5  0.9260.4 84.3 40.3 89.4 56.5 15.8  6.5  1.9  5.1
  0.9  0.9 53.3  7.9  6.0 36.6  6.0  6.0  3.2  2.3  2.3  5.1  2.3  7.9  1.9
  5.6  6.0  1.4  3.2  5.6 14.4 24.6 15.3  1.4  7.9 76.5 74.6  3.7156.2  5.6
  0.9  0.5  0.0  0.0  0.0  0.0  0.0  0.0  0.0  0.0  0.0  0.0  0.0  0.0  0.0
  0.0  0.0  0.0  0.9  1.9  1.4  2.3  0.9  0.0  0.0  0.0  0.5  0.0  0.5  0.0
  0.9  1.9  1.4  0.5  0.0  0.5  0.5  0.0  0.0  0.9  0.5  0.5  0.5  2.8  0.0
  6.5  0.9  0.9  8.3  4.6  0.9  6.5  4.2  0.0  0.0  0.0  0.0  0.0  0.0  0.0
  0.0  0.5  0.0  0.0  0.0  0.0  0.0  9.3  4.6  1.4  9.7 14.4  1.9  6.0  6.5
  1.4  2.8  0.0  2.8  0.5  0.0  0.5 30.1 13.0 18.5  1.4  4.6 10.2  6.5  0.0
     -4.62      3.96      3.40      0.07      2.23  0.5  0.5  0.0  0.0  0.0
                                     4000_story_3052_llm.txt 36.3  5.1 2003
  8.5  2.0  0.0 50.4  7.0  1.0  1.5  1.0 14.0 14.0  0.0  1.0  0.5  4.5  1.5
  1.5  0.5  5.5 10.5  0.0  0.5272.1 93.4 49.4 84.4 48.4 17.5 14.5  2.5  6.5
  1.5  0.0 62.9 10.0  2.5 25.5  9.0  4.0  5.0  0.5  1.5  5.5  3.5 10.5  1.5
  3.5  4.5  3.0  5.0  5.0 11.0 16.5 15.5  0.5 10.5 77.9 69.4  5.5154.8  7.5
  5.5  0.0  0.0  0.0  0.0  0.0  0.0  0.0  0.0  0.0  0.0  0.0  0.0  0.0  0.0
  0.0  0.0  0.0  1.5  1.0  1.5  0.5  0.5  0.0  0.0  0.0  0.0  0.0  0.0  0.5
  2.0  0.0  0.5  0.0  0.5  1.0  0.0  0.0  1.0  0.5  0.0  0.0  2.5  1.0  0.0
  4.5  0.5  0.0  5.0  3.0  2.5  6.0  3.5  0.0  0.0  0.0  0.0  0.0  0.0  0.0
  0.0  0.5  0.0  0.0  0.0  0.0  0.0 18.5  3.5  4.0 16.5 11.0  2.5  4.5  3.0
  1.5  1.0  0.0  0.5  0.5  2.5  3.0 21.5 24.0 15.0  2.0 12.5  8.0  2.5  0.0
     -9.32      5.24      6.38     -0.91      2.43  0.5  0.0  0.0  0.0  0.0
                                     4000_story_3054_llm.txt 33.5  5.0 1874
 12.3  2.7  3.2 37.4  3.7  0.5  1.1  2.1  9.1 15.5  0.0  2.7  0.0  4.8  1.1
  1.6  0.0  5.3 10.1  0.0  0.0271.6 96.6 57.1 93.4 45.4 19.2 11.2  2.7  6.9
  0.0  1.1 52.8  5.3  3.7 33.6  6.9  3.7  0.5  0.0  2.1  5.3  4.8 11.2  2.7
  2.1  5.9  6.4  3.2  5.3 11.2 19.7 16.0  0.0  9.6 83.2 58.2  1.1149.9  6.4
  1.6  0.0  0.0  0.0  0.0  0.0  0.0  0.0  0.0  0.0  0.0  0.0  0.0  0.0  0.0
  0.0  0.0  0.0  2.7  0.5  4.8  1.6  0.0  0.0  0.0  0.0  0.0  0.5  0.5  0.5
  1.1  0.5  0.5  0.0  0.0  0.0  0.0  0.0  0.0  0.0  0.0  0.0  3.2  1.1  0.0
  9.6  0.0  1.1 10.7  2.7  0.0  2.7  4.3  0.0  0.0  0.0  0.0  0.0  0.0  0.0
  0.5  0.0  0.0  0.0  0.0  0.0  0.0 17.1  4.3  3.2 12.8 13.9  2.7  3.2  3.7
  6.4  3.2  3.2  2.1  0.5  0.0  5.3 25.1 20.8 23.5  1.1  5.3  9.1  2.1  0.0
     -9.82      5.13      5.54     -2.39      3.81  0.0  0.5  1.1  0.0  0.0
                                     4000_story_3061_llm.txt 31.0  4.6 1789
 12.3  3.4  5.0 36.9  2.2  0.0  3.9  1.1  3.9 21.8  0.0  2.8  0.6  5.0  0.0
  3.4  1.7  3.9 14.0  0.0  1.1245.4 72.7 52.0113.5 48.6 15.1 12.9  1.7  1.7
  1.1  2.2 25.7  4.5  7.3 30.7 13.4  2.8  9.5  0.6  0.6  0.6  4.5  8.4  0.0
  4.5  6.1  3.9  1.7  7.8  7.3 25.7 12.9  1.7  4.5 83.3 54.8  1.7175.0  5.6
  2.8  0.0  0.0  0.0  0.0  0.0  0.0  0.0  0.0  0.0  0.0  0.0  0.0  0.0  0.0
  0.0  0.0  0.0  3.9  0.6  0.6  4.5  0.0  0.0  0.0  0.0  0.0  0.0  0.0  0.6
  0.6  1.7  2.2  1.7  0.0  0.0  0.0  1.1  0.6  0.0  0.0  0.0  3.4  3.4  0.0
  9.5  0.0  0.0  9.5  6.7  1.7  8.4  6.7  0.0  0.0  0.0  0.0  0.0  0.0  0.0
  0.6  0.0  0.0  0.0  0.0  0.0  0.0 28.5  3.4  0.0  7.3 16.2  1.1  4.5  9.5
  1.1  3.4  0.0  6.1  2.2  1.1  1.1 34.7 27.4 17.9  1.1  5.0  9.5  6.1  0.0
     -2.02      5.45      1.27     -2.13      1.88  0.6  0.0  0.0  0.0  0.0
                                     4000_story_3069_llm.txt 34.5  5.0 2517
 12.3  2.4  1.2 52.8  4.0  0.4  4.0  2.4  8.3  8.7  0.4  0.8  0.0  4.0  2.0
  3.2  0.4  4.0 10.3  0.4  0.4254.3 86.2 42.9 91.0 64.8 17.5 16.7  2.8  7.9
  1.6  1.6 54.4  6.8  2.8 34.2 11.1  3.6  4.0  0.4  4.0  3.2  4.8  7.2  1.6
  4.8  9.9  6.8  4.0  7.2 11.5 23.0 13.5  0.8 12.3 73.1 77.1  3.6164.5  7.2
  0.8  0.0  0.0  0.0  0.0  0.0  0.0  0.0  0.0  0.0  0.0  0.0  0.0  0.0  0.0
  0.0  0.0  0.0  6.0  1.6  3.2  1.2  0.4  0.0  0.4  0.0  0.4  0.8  0.8  0.4
  1.6  1.2  0.4  0.4  0.8  0.0  0.4  0.0  0.0  0.8  1.2  0.4  4.0  0.8  0.0
 11.9  0.8  2.0 14.7  4.0  1.2  6.0  6.4  0.0  0.0  0.0  0.0  0.0  0.0  0.0
  0.4  0.0  0.0  0.4  0.0  0.0  0.0  4.4  6.0  7.2 13.1  5.2  0.0  6.0  4.4
  4.8  2.0  0.0  0.0  1.6  0.4  0.4 36.6 27.0 20.7  2.0  2.8 12.7  2.0  0.0
     -7.60      6.60      7.71     -1.13      3.20  1.2  0.0  0.0  0.0  0.0
                                     4000_story_3074_llm.txt 37.5  4.7 3630
 18.2  4.7  2.8 43.8 11.0  0.6  3.0  0.0  7.7 12.4  1.7  3.3  0.0  2.5  0.3
  2.5  0.8  4.7 17.1  0.0  0.3277.1 80.4 32.5112.9 60.6 14.3  8.5  0.6  3.0
  0.8  2.2 28.4  5.8  9.1 32.5  3.3  8.5  1.4  5.0  4.1  2.5  3.9  7.4  1.1
  4.1  6.6  3.6  3.0  7.4 17.4 34.2 12.7  0.8  4.4 66.4 79.3  1.1168.9  5.5
  1.1  0.0  0.0  0.0  0.0  0.0  0.0  0.0  0.0  0.0  0.0  0.0  0.0  0.0  0.0
  0.0  0.0  0.0  2.5  2.2  2.5  1.7  0.0  0.0  0.0  0.0  0.0  0.0  0.3  0.3
  0.0  0.3  0.8  0.8  0.0  0.0  0.0  0.0  0.0  0.0  0.3  0.3  3.3  0.3  0.0
  8.8  0.0  0.3  9.1  2.2  0.0  2.2  4.1  0.0  0.0  0.0  0.0  0.0  0.0  0.0
  0.6  0.3  0.0  0.0  0.3  0.0  0.0 15.4  2.2  1.1  5.0 24.5  1.9  2.2  1.9
  6.1  1.9  0.8  3.6  1.1  0.3  0.0 32.2 16.0 22.0  3.0 10.5 11.3  4.4  0.0
     -4.18      5.02      0.18      1.09      2.09  0.3  0.0  0.0  0.0  0.0
                                     4000_story_3078_llm.txt 30.3  4.1 2886
 12.5  4.2  0.3 42.3 14.2  0.3  3.5  0.3 52.0 12.8  1.0  1.0  0.3  3.8  0.0
  0.3  1.4  2.8 41.2  0.0  0.3222.8100.8 20.1 91.8 60.3 10.4 14.2  1.7  2.8
  1.4  3.5 27.0  7.3 12.1 21.1  4.9  7.6  3.1  2.4  1.7  0.7  5.2 13.2  0.3
  0.7  8.3  5.5  0.0  3.5 12.1 56.5 14.2  1.4  5.9 44.7126.5  0.7146.9  2.4
  1.4  0.0  0.0  0.0  0.0  0.0  0.0  0.0  0.0  0.0  0.0  0.0  0.0  0.0  0.0
  0.0  0.0  0.0  4.9  0.3  2.8  0.0  0.0  0.0  0.0  0.0  0.0  0.0  0.0  0.3
  0.3  0.3  0.7  0.0  0.0  0.0  0.0  0.0  0.0  0.3  0.0  0.0  0.3  0.3  0.0
  8.0  0.0  0.0  8.0  1.7  0.0  2.1  0.7  0.0  0.0  0.0  0.0  0.0  0.0  0.0
  0.0  0.3  0.0  0.0  0.0  0.0  0.0 26.7  2.1  0.7  6.2  8.3  1.0  5.5  4.5
  3.8  0.3  6.2  1.7  0.7  0.0  0.0 32.6 22.2 14.9  1.0  3.8  4.2  2.4  0.0
      3.57      4.60      0.95     -1.58      2.11  0.0  0.0  0.0  0.0  0.0
                                     4000_story_3079_llm.txt 36.0  4.3 4072
  9.6 11.5 45.4 58.4  9.6  1.2  3.9  1.7 42.5 14.5  0.2  2.0  0.0  4.2  0.5
  0.2  0.2  5.2 22.6  0.5  3.7265.0 95.3 25.3 94.5 55.0 12.5 16.2  0.2  0.7
  0.0  0.7 39.3  8.8 10.8 26.8  6.1  9.1  1.5  1.2  0.5  0.2  4.2  5.2  0.2
  3.4  5.6  0.7  1.0  3.7 14.7 32.2  8.8  0.7  1.0 55.7107.1  3.9166.3  0.7
  2.9  0.0  0.0  0.0  0.0  0.0  0.0  0.0  0.0  0.0  0.0  0.0  0.0  0.0  0.0
  0.0  0.0  0.0  8.8  0.5  2.5  0.5  0.0  0.0  0.0  0.0  0.0  0.0  0.0  0.7
  0.5  0.5  1.2  0.2  0.0  0.2  0.0  0.0  0.0  1.0  0.5  0.0  1.0  1.0  0.0
 12.3  0.0  0.0 12.3  3.2  0.2  4.4  2.5  0.0  0.0  0.0  0.0  0.0  0.0  0.0
  0.5  1.0  0.0  0.0  0.2  0.0  0.2  9.8  3.4  1.0  9.8 31.2  3.9  4.9  4.9
  1.5  2.0  0.7  0.7  0.2  0.5  0.7 39.8 21.9 12.5  1.7  2.5  5.6  4.2  0.0
      4.10      5.24     -2.74     -3.08      1.06  0.0  0.0  0.0  0.0  0.0
                                     4000_story_3080_llm.txt 32.8  4.6 2095
 10.0  1.9  9.1 38.7  3.3  1.0  1.4  1.4  6.2 18.1  0.5  0.0  1.0  1.0  0.0
  0.0  0.5  5.3  7.2  0.5  1.4289.7 97.9 26.7 98.3 44.4 11.9  6.2  0.5  1.4
  0.5  2.4 28.2  8.1 11.0 28.2  4.8  2.4  1.9  1.4  1.4  1.0  2.9  7.6  0.5
  7.6  5.3  0.5  0.5  2.4  9.1 16.2 15.8  1.0  2.4 47.3 53.9  1.0150.8  7.2
  1.9  1.0  0.0  0.0  0.0  0.0  0.0  0.0  0.0  0.0  0.0  0.0  0.0  0.0  0.0
  0.0  0.0  0.0  1.9  0.0  0.0  0.0  0.0  0.0  0.0  0.0  0.0  0.0  0.0  0.5
  0.0  0.0  0.0  0.0  0.0  0.0  0.0  0.0  0.0  0.5  0.0  0.0  0.5  1.4  0.0
  1.9  0.0  0.0  1.9  0.5  0.0  1.0  1.9  0.0  0.0  0.0  0.0  0.0  0.0  0.0
  1.4  0.5  0.5  0.0  0.0  0.0  0.0  5.3  1.0  0.0 10.0 24.3  2.9  7.6 11.0
  1.9  1.9  0.5  1.0  0.0  0.0  0.0 47.7 10.5  9.5  1.9  5.3  8.6  5.3  0.0
    -10.83      2.92     -1.90     -3.71      2.15  0.5  0.0  0.0  0.0  0.0
                                     4000_story_3082_llm.txt 35.8  4.8 6508
  8.6  2.0 11.1 43.5 10.0  0.5  2.6  0.5 18.0 13.1  0.3  0.5  0.2  4.3  0.3
  0.5  0.5  3.7  5.5  0.3  2.3302.6 89.4 34.3102.0 44.6  9.5 14.9  1.2  1.5
  0.3  1.8 45.6  5.2 10.9 29.5  5.1  4.5  2.8  1.7  1.4  1.1  4.1  6.3  0.8
  4.8  5.5  1.5  1.4  3.5  9.5 15.1 11.8  0.8  3.1 65.6 72.5  2.3160.1  4.3
  0.5  0.0  0.0  0.0  0.0  0.0  0.0  0.0  0.0  0.0  0.0  0.0  0.0  0.0  0.0
  0.0  0.0  0.0  1.2  0.0  1.8  0.8  0.0  0.0  0.2  0.0  0.0  0.0  0.0  0.5
  0.2  0.3  0.8  0.3  0.2  0.3  0.0  0.0  0.0  0.0  0.0  0.2  0.5  1.4  0.0
  3.8  0.2  0.0  4.0  2.0  0.5  2.5  2.0  0.0  0.0  0.0  0.0  0.0  0.0  0.0
  0.8  0.5  0.0  0.2  0.0  0.0  0.0  6.6  2.6  2.5  8.8 20.4  2.0  4.0  5.7
  1.7  1.7  0.5  1.4  0.3  0.3  0.6 34.6 20.4 11.7  2.3  3.8  8.6  5.4  0.0
    -10.24      4.20      0.22     -2.79      2.05  0.3  0.0  0.0  0.0  0.0
                                     4000_story_3083_llm.txt 35.0  4.5 5024
 11.5  3.6 14.3 39.6  5.6  0.8  2.0  0.2 34.0 12.7  1.0  0.0  0.2  4.8  0.8
  0.6  0.4  4.2 19.1  0.4  1.4267.7102.1 28.5 92.8 36.8 16.9 10.0  0.2  2.6
  1.0  1.0 31.4  8.8 13.1 34.4  7.2  2.8  2.2  1.6  0.8  3.0  2.6 10.4  1.0
  2.6  6.2  4.2  2.4  4.0  7.8 27.9 13.9  0.8  3.8 54.3 76.4  1.0149.1  5.8
  0.8  0.0  0.0  0.0  0.0  0.0  0.0  0.0  0.0  0.0  0.0  0.0  0.0  0.0  0.0
  0.0  0.0  0.0  4.4  0.8  2.0  1.6  0.0  0.0  0.0  0.0  0.0  0.0  0.0  0.0
  0.0  0.2  0.6  1.4  0.0  0.0  0.0  0.0  0.0  0.2  0.2  0.0  1.6  1.4  0.0
  8.8  0.0  0.0  8.8  2.2  0.0  2.4  3.2  0.0  0.0  0.0  0.0  0.0  0.0  0.0
  1.2  0.6  0.0  0.0  0.2  0.2  0.0  4.4  4.4  1.8  6.4 22.7  2.8  5.2  3.4
  1.4  1.6  0.2  1.6  0.0  0.4  0.4 35.8 18.3 17.3  0.6  5.4  7.8  3.6  0.0
     -4.65      4.06     -2.48     -2.94      1.16  0.2  0.0  0.0  0.0  0.0
                                     4000_story_3084_llm.txt 36.5  4.5 4633
  9.3  3.7 12.7 52.2  3.0  0.4  2.2  1.1 12.7 14.7  0.6  1.7  0.9  2.6  1.1
  0.0  0.0  5.0 22.9  0.4  1.9292.0 90.9 37.3 84.0 55.3 15.3 12.1  0.6  1.3
  0.2  1.9 27.0  7.1 12.5 29.4  6.9  5.2  1.1  2.6  0.4  0.4  3.2  6.3  1.3
  3.9  6.9  0.6  1.3  3.5 10.6 36.0 11.4  0.4  2.2 72.7 71.0  1.5151.7  2.2
  2.8  0.2  0.0  0.0  0.0  0.0  0.0  0.0  0.0  0.0  0.0  0.0  0.0  0.0  0.0
  0.0  0.0  0.0  2.2  0.6  1.7  0.9  0.2  0.2  0.0  0.0  0.0  0.0  0.0  0.0
  0.0  1.3  0.2  0.6  0.0  0.6  0.0  0.4  0.0  0.4  0.4  0.0  0.4  1.3  0.0
  5.4  0.4  0.0  5.8  2.2  1.1  3.7  2.2  0.0  0.0  0.0  0.0  0.0  0.0  0.0
  0.4  0.6  0.0  0.0  0.0  0.0  0.0  7.8  2.8  2.4  5.8 25.3  2.2  5.8 12.5
  1.9  1.9  1.3  1.3  0.2  0.4  0.9 36.0 17.7 12.7  0.4  5.4 11.7  4.3  0.0
     -5.16      4.68     -2.59     -3.47      1.60  0.0  0.0  0.0  0.0  0.0
                                     4000_story_3087_llm.txt 33.5  4.6 8287
 13.6  2.5  4.0 35.4  5.4  0.4  0.7  0.7  5.3 11.9  1.0  0.8  0.7  4.2  1.4
  0.1  0.4  7.0 10.9  0.6  2.3277.7 95.3 29.9102.7 57.7 15.6  5.8  0.0  0.8
  0.6  1.9 25.8  9.4 12.1 33.1  6.9  4.5  1.7  1.9  0.7  1.2  3.6  6.5  0.0
  4.7  5.2  1.4  3.7  4.8 12.2 20.8 11.2  1.0  1.4 62.9 68.4  1.4155.2  4.7
  1.1  0.0  0.0  0.0  0.0  0.0  0.0  0.0  0.0  0.0  0.0  0.0  0.0  0.0  0.0
  0.0  0.0  0.0  1.0  0.5  1.2  1.3  0.0  0.0  0.0  0.0  0.0  0.0  0.0  0.4
  0.4  0.2  1.0  0.5  0.0  0.2  0.0  0.0  0.0  0.1  0.4  0.0  1.1  1.7  0.0
  4.0  0.0  0.0  4.0  2.4  0.2  2.8  3.1  0.0  0.0  0.0  0.0  0.0  0.0  0.0
  0.4  0.4  0.0  0.0  0.0  0.0  0.2  8.8  4.0  2.4 10.5 20.2  2.7  4.8 12.2
  2.7  1.1  0.5  1.6  0.4  1.0  0.0 34.1 11.5 18.3  1.3  5.8  8.9  6.3  0.0
     -6.86      4.28     -3.66     -3.29      1.14  0.2  0.1  0.0  0.1  0.0
                                     4000_story_3088_llm.txt 35.3  4.5 4160
  7.2  5.8 44.0 72.6 10.8  0.7  3.4  2.2 28.6 11.5  0.5  1.7  0.5  3.4  1.0
  1.2  0.2  4.8 20.0  0.5  2.6277.2 86.3 29.8 81.0 54.8 10.1 20.9  0.7  1.0
  0.5  2.2 41.6 10.3  9.4 32.7  8.9  3.4  1.0  2.4  2.2  1.4  1.9  3.4  0.5
  2.4  6.5  0.2  1.9  5.0 10.3 32.7  6.3  0.7  2.2 68.3 94.2  3.6164.7  1.2
  1.9  0.0  0.0  0.0  0.0  0.0  0.0  0.0  0.0  0.0  0.0  0.0  0.0  0.0  0.0
  0.0  0.0  0.0  4.6  0.2  1.4  0.5  0.2  0.0  0.0  0.0  0.0  0.0  0.0  0.0
  0.2  1.9  0.7  0.5  0.2  0.2  0.2  0.2  0.0  0.5  0.2  0.0  1.9  1.0  0.0
  6.7  0.2  0.0  7.0  3.4  1.0  4.8  3.1  0.0  0.0  0.0  0.0  0.0  0.0  0.0
  1.4  0.7  0.0  0.0  0.0  0.0  0.0  7.7  3.8  1.2  9.9 20.7  2.2  5.8  5.3
  1.2  1.0  0.5  3.8  0.7  1.0  1.0 32.7 28.1 11.1  2.4  2.9  7.7  6.0  0.0
      0.22      5.19     -1.56     -2.79     -0.77  0.0  0.0  0.0  0.0  0.0
                                     4000_story_3089_llm.txt 36.8  4.8 6739
 12.2  3.1  0.4 41.5  3.4  0.3  0.6  1.2 48.4 30.1  0.7  1.8  0.1  4.2  0.3
  0.6  0.9  8.3 15.4  0.6  0.4251.8 96.9 37.7 94.5 19.7 13.8  6.4  1.5  2.2
  1.5  1.9 44.4  5.6  6.5 30.6  5.9  3.6  1.2  2.1  1.8  1.3  3.6  7.6  0.7
  4.9  8.3  3.3  3.6  5.8 13.7 29.5 13.2  1.5  5.2 71.7 71.5  1.2152.2  4.5
  0.9  0.1  0.0  0.0  0.0  0.0  0.0  0.0  0.0  0.0  0.0  0.0  0.0  0.0  0.0
  0.0  0.0  0.0  1.6  0.6  1.5  2.1  0.3  0.0  0.0  0.0  0.0  0.0  0.0  0.1
  0.6  0.3  1.2  0.7  0.0  0.1  0.0  0.0  0.0  0.3  0.1  0.3  0.6  1.6  0.0
  5.8  0.3  0.0  6.1  3.0  0.1  3.4  2.7  0.0  0.0  0.0  0.0  0.0  0.0  0.0
  0.1  0.1  0.0  0.0  0.0  0.0  0.0  4.7  4.7  4.2  9.1 27.9  2.5  5.5  6.4
  2.2  1.6  0.6  0.6  0.4  0.7  0.7 23.4 11.4 15.0  2.5  8.8 13.2  3.3  0.0
     -1.93      2.09      2.84     -3.05      1.90  0.7  0.0  0.0  0.0  0.0
                                     4000_story_3091_llm.txt 36.5  4.7 4224
 17.0  6.6 12.5 44.0 18.0  1.7  3.6  1.4 14.2  9.7  1.2  1.7  0.5  6.4  1.9
  0.5  1.2  3.1  6.9  1.4  1.7298.3 71.0 32.7125.5 69.1 14.9 16.3  0.2  1.9
  0.0  1.7 42.9  9.7  6.9 34.3  4.5  2.1  2.4  1.2  0.0  1.7  2.4  6.2  0.0
  4.0  4.7  1.4  0.5  5.9  5.2 16.1 10.2  2.6  2.1 65.3101.3  3.3181.1  5.9
  0.5  0.0  0.0  0.0  0.0  0.0  0.0  0.0  0.0  0.0  0.0  0.0  0.0  0.0  0.0
  0.0  0.0  0.0  3.6  0.5  3.1  1.7  0.2  0.0  0.0  0.0  0.0  0.0  0.0  0.7
  0.5  1.2  0.2  0.5  0.0  0.0  0.0  0.0  0.0  0.5  0.0  0.0  2.4  2.1  0.0
  8.8  0.2  0.0  9.0  3.1  0.0  3.6  4.5  0.0  0.0  0.0  0.0  0.0  0.0  0.0
  0.0  0.2  0.2  0.0  0.0  0.0  0.0 14.9  5.0  2.1  5.7 23.9  3.1  3.6  8.5
  2.8  0.7  1.7  1.9  0.9  0.7  0.7 37.4 23.4 23.4  1.7  2.8 10.4  4.7  0.0
     -0.96      7.37     -1.09     -4.13      0.08  0.5  0.0  0.0  0.2  0.0
                                     4000_story_3094_llm.txt 33.3  4.6 5118
 16.8  5.3  1.6 59.0 15.4  1.0  4.1  2.5 16.2 12.9  1.4  2.5  0.2  7.8  0.4
  1.2  2.0  6.4 12.7  0.8  0.6233.9 83.2 31.7100.8 78.9 15.6 11.9  4.3  5.5
  1.6  1.2 44.7  6.3  6.3 37.7 11.5  5.5  2.0  1.8  3.1  3.9  3.5  4.9  1.2
  2.7  6.6  3.9  2.9  6.3 15.0 24.8  8.8  2.7 11.3 60.8110.6  3.3170.6  3.7
  0.4  0.0  0.0  0.0  0.0  0.0  0.0  0.0  0.0  0.0  0.0  0.0  0.0  0.0  0.0
  0.0  0.0  0.0  3.7  2.0  2.9  2.9  0.2  0.0  0.2  0.0  0.0  0.0  0.0  0.8
  0.0  1.8  1.6  1.2  0.2  0.4  0.0  0.0  0.2  1.4  0.4  0.0  3.7  0.2  0.0
 11.5  0.4  0.0 11.9  5.3  0.8  7.4  4.3  0.0  0.0  0.0  0.0  0.0  0.0  0.0
  0.0  0.4  0.0  0.0  0.0  0.0  0.0 13.5  4.9  2.3 11.3 18.8  2.9  3.7  4.9
  2.1  1.2  2.7  0.6  0.2  0.0  1.4 28.3 26.4 24.4  2.5  5.9 12.5  7.8  0.0
      3.34      6.31      5.43     -0.82      1.10  0.6  0.0  0.2  0.0  0.0
                                     4000_story_3098_llm.txt 34.5  4.3 2820
 13.8 10.6  3.2110.3  6.4  1.4 12.1  2.1 51.8 14.5  5.7  0.7  1.8 19.9  0.7
  1.8  2.1 12.1  9.2  0.7  1.1131.9 40.4  9.6 25.2 49.3  6.7 13.1  0.4  0.0
  0.0  1.8 17.7  7.1  5.7 37.2  2.5 22.7  0.7  7.4  5.3  1.4  3.2  4.6  0.4
  0.7  5.7  1.1  2.8 12.1 40.1 24.8  5.7  2.8  0.4 40.4107.4  1.8138.3  7.8
  1.8  0.4  0.0  0.0  0.0  0.0  0.0  0.0  0.0  0.0  0.0  0.0  0.0  0.0  0.0
  0.0  0.0  0.0  5.0  1.4  2.1  1.1  0.4  0.0  0.0  0.0  0.0  0.0  0.0  0.0
  0.4  0.7  0.0  0.0  0.0  0.0  0.0  0.0  0.0  0.0  0.0  0.0  3.5  2.1  0.0
  9.6  0.4  0.0  9.9  1.1  0.0  1.1  5.7  0.0  0.0  0.0  0.0  0.0  0.0  0.0
  0.0  0.7  0.0  0.0  0.0  0.0  0.0  6.4  3.2  1.8  6.0 20.9  1.1  3.2  3.2
  0.4  1.1  0.0  0.0  0.0  1.1  0.4 20.6 22.0 23.4  2.8  2.5  3.9  1.1  0.0
     22.99      1.02     -2.74      5.51     -0.43  0.0  0.0  0.4  0.4  0.0
                                     4000_story_3099_llm.txt 36.0  4.7 2201
 15.4  3.6  2.3117.2 17.3  0.0  1.4  3.2  4.5 11.8  0.0  3.6  0.5  6.8  0.0
  1.4  0.0  6.4 22.3  1.4  1.4243.1 73.1 43.2 17.7 70.4 13.2  9.5  4.1  4.5
  1.8  2.7 40.9  5.5  3.2 30.9  8.6  8.2  1.8  5.9  3.6  4.1  4.1 13.2  0.9
  5.9  7.3  5.5  4.1 10.9 18.2 41.8 20.0  1.4 10.4 80.9 92.2  2.7159.5  7.3
  4.5  0.0  0.0  0.0  0.0  0.0  0.0  0.0  0.0  0.0  0.0  0.0  0.0  0.0  0.0
  0.0  0.0  0.0  3.2  2.3  1.4  1.4  0.5  0.0  0.0  0.0  0.0  0.5  0.0  0.9
  0.9  0.9  2.7  0.0  0.0  0.5  0.0  0.0  0.0  0.5  0.0  0.0  2.3  0.9  0.0
  8.2  0.5  0.5  9.1  5.5  0.5  6.4  3.2  0.0  0.0  0.0  0.0  0.0  0.0  0.0
  0.5  0.0  0.0  0.0  0.0  0.0  0.0 15.4  3.2  0.9  7.7 15.4  1.8  5.0  3.6
  0.9  2.3  1.8  0.0  0.9  0.0  0.9 26.8 23.2 23.6  2.7  2.7  6.8  4.1  0.0
      2.16      2.29      6.90      1.98      3.53  0.0  0.0  0.5  0.0  0.0
                                     4000_story_3106_llm.txt 34.3  4.4 2071
 13.0  2.4  3.9 77.7  4.8  1.0  4.3  0.5  3.9 12.1  1.4  1.4  0.0  3.9  0.0
  0.0  0.0  5.8 18.8  0.5  2.4279.1 86.9 29.9 62.3 59.9  8.7  6.3  0.0  2.9
  1.0  0.5 24.1  5.3 16.9 36.7  8.2  5.3  0.0  2.9  0.5  0.5  4.3  4.8  1.0
  3.4  6.8  3.4  2.4  3.9 11.6 30.4  9.2  0.5  3.9 60.4 68.6  1.4161.8 11.1
  1.0  0.0  0.0  0.0  0.0  0.0  0.0  0.0  0.0  0.0  0.0  0.0  0.0  0.0  0.0
  0.0  0.0  0.0  1.0  0.5  2.4  2.4  0.0  0.0  0.0  0.0  0.0  0.0  0.0  0.0
  0.0  0.0  1.0  1.0  0.0  0.5  0.0  0.0  0.0  0.0  0.5  0.0  0.5  0.5  0.0
  6.3  0.0  0.0  6.3  1.9  0.5  2.4  1.4  0.0  0.0  0.0  0.0  0.0  0.0  0.0
  0.5  0.5  0.0  0.0  0.0  0.0  0.0 10.1  2.9  1.0  7.2 15.5  2.4  4.8 10.6
  1.0  1.0  1.9  1.4  2.4  0.5  0.0 42.5 10.1 17.4  1.0  6.8  7.2  4.3  0.0
     -4.86      1.82     -3.42     -3.60      1.65  0.5  0.0  0.0  0.0  0.0
                                     4000_story_3107_llm.txt 36.3  5.0 3778
  6.4  0.3  6.4 36.3  3.4  0.3  2.1  0.5  7.4 22.0  0.3  0.8  0.3  3.2  0.0
  1.3  0.3  4.0 15.9  0.3  2.1298.8100.6 48.7 87.6 29.4 12.7 11.4  1.6  2.6
  0.0  1.9 52.7  3.4  7.9 22.0  7.1  2.1  1.6  0.3  0.8  3.4  1.9 11.1  1.1
  4.5  4.2  3.7  1.3  4.2  6.9 23.0 16.7  0.5  4.2 79.7 40.2  0.5148.5  6.1
  1.6  0.0  0.0  0.0  0.0  0.0  0.0  0.0  0.0  0.0  0.0  0.0  0.0  0.0  0.0
  0.0  0.0  0.0  2.4  0.3  1.3  0.3  0.3  0.0  0.0  0.3  0.3  0.0  0.0  0.8
  0.5  0.5  0.5  0.0  0.0  0.0  0.0  0.0  0.0  0.5  0.5  0.3  0.5  0.0  0.0
  4.2  0.3  0.5  5.0  2.4  0.0  2.9  1.3  0.0  0.0  0.0  0.0  0.0  0.0  0.0
  0.8  0.0  0.0  0.0  0.0  0.0  0.0  5.8  5.6  1.6 11.6 27.5  5.0  4.8 10.1
  4.5  0.5  0.3  1.3  1.6  0.3  1.6 25.7 17.5  9.8  1.9  5.8  5.8  4.5  0.0
    -11.19      3.01      3.01     -3.71      1.48  0.5  0.3  0.3  0.0  0.0
                                     4000_story_3115_llm.txt 34.5  4.4 2877
 16.7  5.6 20.9 64.0  4.5  1.0  3.1  1.0 17.7 17.4  0.7  2.8  0.0  5.2  1.0
  1.0  0.7  6.6 14.6  0.3  3.1276.7 84.5 28.8 77.9 22.9  9.7 15.6  0.0  1.7
  0.0  1.4 29.2  9.4 12.2 36.5  9.7  4.9  2.4  1.0  1.0  1.4  5.6  3.8  1.7
  5.9  4.2  0.3  2.1  2.8 12.5 24.0 11.5  1.0  1.7 59.8 45.2  3.1165.5  4.2
  1.4  0.0  0.0  0.0  0.0  0.0  0.0  0.0  0.0  0.0  0.0  0.0  0.0  0.0  0.0
  0.0  0.0  0.0  1.0  1.0  2.1  3.5  0.0  0.0  0.0  0.0  0.0  0.0  0.0  0.3
  0.0  1.4  1.7  2.1  0.0  0.0  0.0  0.0  0.0  0.0  0.0  0.0  3.1  1.4  0.0
  7.6  0.0  0.0  7.6  5.6  0.0  5.6  4.5  0.0  0.0  0.0  0.0  0.0  0.0  0.0
  1.4  1.4  0.0  0.0  0.7  0.0  0.3  6.6  1.0  0.7 12.5 27.1  1.0  8.0 11.5
  1.0  1.7  1.7  0.7  0.0  1.4  0.0 38.6 22.2 19.1  2.4  3.8 12.5  5.6  0.0
      1.27      2.62     -3.95     -3.14      3.67  0.3  0.0  0.0  0.0  0.0
                                     4000_story_3117_llm.txt 33.0  4.3 2594
  9.6  3.5 11.6 38.2  5.8  0.8  3.5  0.8 21.2  6.6  0.0  1.2  0.4  5.0  0.0
  0.0  0.0  6.2 22.7  0.8  3.9241.3 88.3 28.5102.2 69.8 11.6 10.0  0.8  4.2
  0.4  1.9 23.9  9.6  9.6 30.5  7.7  6.9  0.4  5.0  0.4  2.7  4.2 10.0  1.2
  3.5 10.0  0.4  3.5  1.9 13.5 40.9 14.6  0.8  5.4 61.3 96.8  3.5158.8  6.6
  4.2  0.0  0.0  0.0  0.0  0.0  0.0  0.0  0.0  0.0  0.0  0.0  0.0  0.0  0.0
  0.0  0.0  0.0  2.7  1.5  1.2  0.8  0.0  0.0  0.0  0.0  0.0  0.0  0.0  0.0
  0.4  1.9  1.5  0.4  0.0  0.0  0.0  0.0  0.0  0.4  0.8  0.4  2.7  1.2  0.0
  6.2  0.0  0.0  6.2  4.2  0.0  4.6  5.0  0.0  0.0  0.0  0.0  0.0  0.0  0.0
  0.0  1.2  0.0  0.0  0.0  0.0  0.0  7.3  5.0  0.4  7.3  8.5  1.2  5.4 10.0
  1.9  0.8  1.2  3.1  1.2  0.8  0.0 49.3 14.6 17.3  1.9  3.1 10.0  3.5  0.0
     -2.43      4.81     -1.05     -1.29      2.55  0.0  0.0  0.4  0.0  0.0
                                     4000_story_3119_llm.txt 36.0  5.0 2264
 11.0  1.8  4.0 42.4  3.5  0.4  1.8  1.3 10.6  9.3  0.0  1.3  0.0  6.2  0.9
  1.8  0.9  4.9 19.0  0.4  1.3280.9 93.2 37.1 91.0 45.5 18.6 11.0  4.0  4.4
  0.4  1.3 68.9  4.9  7.5 31.8  8.8  0.9  1.8  1.3  1.3  3.5  3.1 11.0  0.4
  5.3  6.2  4.0  3.1  8.8  7.1 29.2 16.8  1.3  8.8 73.3 59.6  0.9150.6  5.3
  1.3  0.0  0.0  0.0  0.0  0.0  0.0  0.0  0.0  0.0  0.0  0.0  0.0  0.0  0.0
  0.0  0.0  0.0  1.8  1.3  1.8  2.2  0.0  0.0  0.0  0.0  0.0  0.0  0.0  0.4
  0.4  1.8  1.3  0.0  0.0  0.0  0.0  0.0  0.0  0.4  0.9  0.0  4.0  1.8  0.0
  7.1  0.0  0.0  7.1  4.0  0.0  4.4  6.6  0.0  0.0  0.0  0.0  0.0  0.0  0.0
  0.4  0.4  0.0  0.0  0.0  0.0  0.0  8.4  4.4  2.2  7.5 11.9  3.5  3.5  7.1
  3.5  1.8  1.8  0.4  0.9  0.4  0.0 23.9 19.0 21.2  0.9  7.1 12.8  4.9  0.0
     -5.95      4.90      5.79     -3.18      2.03  0.9  0.0  0.0  0.0  0.0
                                     4000_story_3120_llm.txt 36.8  4.6 3537
 13.0  1.1  4.8 36.8  7.1  0.3  1.4  0.6  7.6 13.9  0.8  1.4  0.0  2.0  0.8
  0.3  0.0  5.9 16.4  1.7  0.8284.7100.9 40.7 93.9 69.6 13.9  7.9  2.3  4.2
  0.8  2.3 34.2  5.7 10.7 30.0  5.7  2.8  2.5  0.8  1.1  2.5  5.4  4.2  1.1
  3.7  8.5  1.4  2.3  3.4  9.9 29.4  9.0  1.7  7.4 74.1 84.3  1.4149.0  5.1
  0.8  0.0  0.0  0.0  0.0  0.0  0.0  0.0  0.0  0.0  0.0  0.0  0.0  0.0  0.0
  0.0  0.0  0.0  1.1  0.0  1.7  1.1  0.0  0.0  0.0  0.0  0.0  0.0  0.0  0.3
  0.8  0.0  0.3  0.8  0.0  0.3  0.0  0.0  0.0  0.0  0.3  0.0  1.7  0.3  0.0
  4.0  0.0  0.0  4.0  2.3  0.3  2.5  2.3  0.0  0.0  0.0  0.0  0.0  0.0  0.0
  0.3  0.0  0.0  0.0  0.0  0.0  0.0 13.0  2.5  0.6  9.0 16.4  2.5  4.5  9.6
  1.7  3.4  2.3  2.0  0.0  0.8  0.3 28.6 15.3 17.0  1.7  5.7 10.7  3.7  0.0
     -8.55      4.58      1.93     -3.17      2.43  0.3  0.0  0.0  0.0  0.0
                                     4000_story_3121_llm.txt 37.0  4.6 2672
  9.7  1.5  4.1 25.8  2.2  0.7  0.7  0.0  3.4 15.3  0.4  0.7  0.7  3.4  0.0
  0.0  0.0  2.2 17.6  0.4  1.9291.9103.3 43.8113.0 66.6  8.6  9.0  1.5  2.6
  1.1  2.6 30.7  5.6 11.2 28.1  3.7  1.9  1.9  1.1  0.4  0.4  2.6  2.6  0.4
  7.9  7.1  2.2  1.5  1.5  4.5 29.2 10.9  0.4  5.2 67.4 72.2  1.9161.3  5.2
  1.9  0.4  0.0  0.0  0.0  0.0  0.0  0.0  0.0  0.0  0.0  0.0  0.0  0.0  0.0
  0.0  0.0  0.0  0.7  0.4  1.5  0.7  0.7  0.0  0.0  0.0  0.0  0.0  0.0  0.4
  0.0  0.4  1.1  0.4  0.0  0.0  0.4  0.0  0.0  0.0  0.0  0.0  0.0  0.4  0.0
  3.4  0.7  0.0  4.1  2.2  0.4  2.6  0.4  0.0  0.0  0.0  0.0  0.0  0.0  0.0
  0.4  0.4  0.0  0.0  0.0  0.0  0.0 13.5  3.0  2.2  7.9 22.1  3.4  3.4 10.1
  1.5  1.9  1.5  2.2  0.4  0.4  0.4 23.6 14.6 12.7  1.5 10.1  9.4  4.9  0.0
    -11.92      4.27      0.79     -4.72      1.23  0.0  0.0  0.0  0.0  0.0
                                     4000_story_3123_llm.txt 34.3  4.7 2341
  9.4  0.0  3.0 39.7  6.4  0.0  1.7  1.7  2.6 12.0  1.7  1.7  0.0  2.6  0.0
  0.9  0.9  3.8 25.6  1.3  0.0288.8 96.5 41.0 91.4 53.4 14.5  8.1  0.9  4.3
  2.1  0.9 37.2  9.0  8.5 35.0  2.6  6.4  1.7  1.3  1.3  2.1  5.6  5.6  1.3
  5.6  4.3  1.3  2.6  5.1 11.5 33.7 12.4  2.1  7.3 73.0 62.4  3.4144.4  5.1
  1.7  0.0  0.0  0.0  0.0  0.0  0.0  0.0  0.0  0.0  0.0  0.0  0.0  0.0  0.0
  0.0  0.0  0.0  0.4  1.3  0.4  0.4  0.0  0.0  0.0  0.0  0.0  0.0  0.0  0.0
  0.4  0.9  0.4  0.0  0.0  0.0  0.0  0.0  0.0  0.4  0.0  0.0  1.3  0.9  0.0
  2.6  0.0  0.0  2.6  1.7  0.0  2.1  2.1  0.0  0.0  0.0  0.0  0.0  0.0  0.0
  0.0  0.4  0.0  0.0  0.0  0.0  0.0  9.4  3.0  1.7  8.5 17.1  1.7  5.1  6.0
  3.0  2.1  0.4  1.7  1.7  1.3  0.4 32.9 15.8 14.1  0.4  6.4  8.1  5.6  0.0
     -7.38      3.95      1.38     -2.48      3.46  0.9  0.0  0.0  0.0  0.0
                                     4000_story_3124_llm.txt 33.8  4.6 6346
 14.8  4.1  1.7 47.4 11.5  1.3  1.7  0.6 18.8 12.3  0.6  2.2  0.5  4.1  0.2
  0.9  0.5  6.6 12.9  1.1  0.9253.4 84.1 28.4101.8 71.4 18.3  7.7  1.6  5.5
  0.5  3.0 40.2  7.7  9.3 33.2  7.1  5.5  2.0  2.0  0.9  2.2  3.0  5.7  0.6
  3.6  7.7  3.9  2.8  6.1 13.1 27.9  9.9  1.6  7.6 61.3101.6  3.6164.8  4.7
  1.6  0.6  0.0  0.0  0.0  0.0  0.0  0.0  0.0  0.0  0.0  0.0  0.0  0.0  0.0
  0.0  0.0  0.0  2.0  1.3  3.2  2.0  0.3  0.0  0.0  0.0  0.0  0.2  0.0  0.2
  0.5  0.9  0.8  0.2  0.0  0.3  0.0  0.2  0.2  1.1  0.0  0.0  1.6  0.9  0.0
  8.5  0.3  0.2  9.0  2.5  0.6  4.3  2.5  0.0  0.0  0.0  0.0  0.0  0.0  0.0
  0.0  0.3  0.0  0.0  0.0  0.0  0.0 15.0  3.3  3.0 12.9 16.4  5.2  5.2 10.7
  4.6  1.7  2.2  0.5  0.2  0.5  0.6 32.9 18.1 22.2  1.7  6.6 12.1  5.5  0.0
     -3.06      5.74      2.16     -2.37      0.76  0.5  0.2  0.0  0.0  0.0
                                     4000_story_3126_llm.txt 35.5  4.3 2478
  7.7  2.0  0.0 31.5  2.0  0.0  2.0  0.4  2.4  7.3  0.8  0.4  0.4  2.0  0.0
  0.0  0.0  3.6 21.8  1.2  1.2275.6100.5 32.7119.0 79.1  8.5 10.1  0.8  1.6
  0.8  2.8 14.5  6.5 14.5 29.1  6.1  5.2  1.6  1.6  1.6  0.8  3.2  5.6  0.0
  3.2  9.3  0.4  2.0  9.7 10.5 35.9  8.9  1.2  3.2 69.0 83.5  1.6164.6  4.4
  2.0  0.0  0.0  0.0  0.0  0.0  0.0  0.0  0.0  0.0  0.0  0.0  0.0  0.0  0.0
  0.0  0.0  0.0  1.6  0.0  0.8  0.4  0.0  0.0  0.0  0.0  0.0  0.0  0.0  0.0
  0.0  0.4  1.6  0.4  0.0  0.0  0.0  0.0  0.0  0.0  0.0  0.0  1.2  0.4  0.0
  2.8  0.0  0.0  2.8  2.4  0.0  2.4  1.6  0.0  0.0  0.0  0.0  0.0  0.0  0.0
  0.0  0.0  0.0  0.0  0.0  0.0  0.0 11.7  2.0  0.8  3.6 23.4  2.8  4.4 10.5
  5.2  2.4  2.4  4.0  0.8  0.8  0.8 35.1 20.2 13.7  2.4  8.5  8.9  6.1  0.0
    -10.29      5.20     -2.72     -3.01      0.29  0.0  0.0  0.0  0.0  0.0
                                     4000_story_3127_llm.txt 34.0  4.7 3272
  9.8  3.7  4.6 43.7  4.3  0.9  1.8  0.9  4.0 15.3  1.2  2.4  0.3  6.1  0.9
  2.1  0.6  8.6 16.5  0.9  0.0269.9 85.6 32.7 88.9 44.0 13.8 12.8  2.4  3.4
  0.9  4.0 30.6  3.7  8.3 37.0  7.9  3.1  1.8  1.8  4.0  1.8  3.7  7.6  1.2
  4.6  4.3  1.8  2.4  3.7 15.6 29.0 13.4  1.5  6.7 64.5 52.3  2.4153.4  6.7
  1.8  0.0  0.0  0.0  0.0  0.0  0.0  0.0  0.0  0.0  0.0  0.0  0.0  0.0  0.0
  0.0  0.0  0.0  3.4  0.9  2.1  0.9  0.0  0.0  0.0  0.0  0.0  0.3  0.0  0.3
  0.0  1.2  0.9  0.3  0.0  0.0  0.0  0.0  0.0  0.9  0.3  0.0  2.4  2.1  0.0
  7.3  0.0  0.3  7.6  2.8  0.0  3.7  4.9  0.0  0.0  0.0  0.0  0.0  0.0  0.0
  0.6  1.2  0.0  0.0  0.0  0.0  0.0 10.7  1.8  0.3  4.6 19.3  3.4  3.4 13.8
  0.6  1.2  2.4  2.1  0.0  0.9  0.0 30.3 21.7 15.3  1.5  4.3 11.3  5.5  0.0
     -2.13      4.18      2.94     -1.83      2.24  0.9  0.3  0.0  0.0  0.0
                                     4000_story_3133_llm.txt 36.5  4.6 2116
 14.7  4.7  4.7 40.2  5.2  0.5  0.9  1.4 38.3 12.3  0.5  0.0  0.9  4.7  0.0
  3.3  0.9  3.3 18.0  0.9  1.9239.1 89.8 41.6103.0 49.6 16.5 11.8  0.9  3.8
  0.5  2.4 25.5 10.9  9.9 40.6  4.3  1.9  2.4  0.5  3.8  4.7  6.1  8.0  0.0
  2.4  9.0  3.3  6.6  4.7  9.0 29.8 10.4  1.9  5.2 73.3 93.1  4.3157.4  3.3
  0.9  0.0  0.0  0.0  0.0  0.0  0.0  0.0  0.0  0.0  0.0  0.0  0.0  0.0  0.0
  0.0  0.0  0.0  3.3  0.0  4.3  0.9  0.0  0.0  0.0  0.0  0.0  0.0  0.0  0.0
  0.0  0.5  0.0  0.5  0.0  0.0  0.0  0.0  0.0  0.0  0.0  0.5  3.3  2.4  0.0
  8.5  0.0  0.0  8.5  0.9  0.0  0.9  6.1  0.0  0.0  0.0  0.0  0.0  0.0  0.0
  0.5  0.9  0.0  0.0  0.0  0.0  0.0 11.8  0.9  2.4  5.2 18.4  3.8  3.3  4.3
  2.8  3.3  2.4  0.9  0.0  0.5  0.0 31.2 18.0 22.2  0.5  6.1  8.5  2.4  0.0
     -2.34      5.24     -1.84     -1.49      2.19  0.5  0.9  0.0  0.5  0.0
                                     4000_story_3136_llm.txt 38.0  4.8 2242
 12.0  4.5  3.6 40.1  5.8  0.0  2.7  1.3 11.6 21.4  0.9  2.2  0.0  4.0  1.3
  0.0  0.4  7.6 21.0  0.4  0.0268.1 91.4 46.4 94.1 53.5 12.5  5.8  2.2  5.4
  1.3  1.8 54.9  5.8  5.4 37.0  8.5  2.7  2.2  1.3  0.4  2.2  3.6  5.4  0.4
  6.7  9.4  3.1  3.6  4.9 10.7 35.7 12.5  0.9  8.9 75.8 70.9  2.2151.2  2.2
  1.8  0.4  0.0  0.0  0.0  0.0  0.0  0.0  0.0  0.0  0.0  0.0  0.0  0.0  0.0
  0.0  0.0  0.0  0.0  2.2  3.6  1.8  0.0  0.0  0.0  0.0  0.0  0.0  0.0  0.0
  1.3  0.4  0.0  0.4  0.0  0.0  0.0  0.0  0.0  0.4  0.0  0.0  2.7  2.2  0.0
  7.6  0.0  0.0  7.6  2.2  0.0  2.7  4.9  0.0  0.0  0.0  0.0  0.0  0.0  0.0
  0.0  0.9  0.0  0.0  0.0  0.0  0.0  6.7  3.6  0.9 12.9 15.6  1.8  3.1  6.7
  2.2  1.3  2.2  1.8  0.0  0.4  0.4 27.7 12.0 19.2  0.9  6.2  9.4  5.4  0.0
     -3.85      3.22      5.31     -3.54      1.92  0.9  0.0  0.0  0.0  0.0
                                     4000_story_3138_llm.txt 34.5  4.6 4716
 10.8  3.6  0.4 43.9  9.3  0.2  2.1  0.6 12.1 13.8  0.4  1.7  0.0  2.5  0.2
  0.6  0.6  5.7 17.6  0.8  1.1281.8 88.8 34.4 98.8 62.8 17.2  7.2  2.5  5.5
  0.2  0.8 33.1  5.5  6.6 31.4  4.7  5.3  3.2  1.9  1.5  1.9  2.3  6.1  1.1
  4.2  8.9  1.1  2.8  6.6 12.5 31.0 11.5  1.5  8.3 64.9 84.2  2.1154.6  3.4
  1.5  0.0  0.0  0.0  0.0  0.0  0.0  0.0  0.0  0.0  0.0  0.0  0.0  0.0  0.0
  0.0  0.0  0.0  1.7  0.6  2.1  1.1  0.0  0.0  0.0  0.0  0.0  0.0  0.0  0.4
  0.2  0.4  1.1  0.0  0.0  0.2  0.0  0.0  0.0  0.2  0.2  0.0  3.2  1.3  0.0
  5.5  0.0  0.0  5.5  2.1  0.2  2.5  4.7  0.0  0.0  0.0  0.0  0.0  0.0  0.0
  0.0  0.0  0.2  0.0  0.0  0.0  0.0  9.1  2.3  1.3  7.6 21.0  0.4  3.2  4.2
  1.3  0.8  0.8  3.0  0.2  0.6  0.0 31.8 14.4 16.3  2.1  5.7  7.2  5.9  0.0
     -6.13      4.95      2.74     -1.98      0.95  0.2  0.0  0.4  0.0  0.0
                                     4000_story_3140_llm.txt 36.8  4.8 5666
 16.2  2.5  0.7 45.2  2.3  0.5  2.3  1.6 48.5 15.7  1.1  0.5  0.4  3.9  0.7
  0.9  0.7  9.4 16.2  1.4  0.5249.6 98.1 47.3 81.7 36.9 13.2  4.2  2.8  4.8
  2.6  1.8 52.8  4.6  5.8 31.9  9.4  1.6  2.1  1.9  1.2  2.5  4.1  8.5  2.1
  2.8  7.1  5.6  1.6  3.7 12.2 27.5 13.4  2.1 10.2 73.4 87.7  1.6146.3  3.5
  1.4  0.4  0.0  0.0  0.0  0.0  0.0  0.0  0.0  0.0  0.0  0.0  0.0  0.0  0.0
  0.0  0.0  0.0  2.1  1.1  2.6  1.4  0.2  0.2  0.0  0.0  0.0  0.2  0.7  0.7
  0.5  1.1  0.9  0.4  0.0  0.4  0.0  0.0  0.2  0.5  0.4  0.0  1.4  1.1  0.0
  7.2  0.4  0.9  8.5  3.5  0.5  4.6  2.8  0.0  0.0  0.0  0.0  0.0  0.0  0.0
  0.4  0.4  0.0  0.0  0.0  0.0  0.0 18.0  7.8  3.2 12.7 20.1  4.8  3.0  5.5
  3.9  1.9  0.5  1.6  0.7  0.5  0.5 23.5 13.4 25.1  2.5  4.4  9.2  4.8  0.0
     -3.03      1.93      6.90     -3.08      2.73  0.5  0.0  0.0  0.2  0.0
                                     4000_story_3144_llm.txt 29.8  4.2 3437
 16.3  5.2  3.2 57.3 12.2  0.6  5.5  1.2 19.8 13.4  1.5  2.0  0.6  4.4  0.6
  2.3  0.9  3.5 20.1  0.6  1.2202.2 58.2 27.3111.7 79.7  9.0 15.1  0.6  2.6
  0.0  2.0 11.9 10.2  8.7 42.5 13.1  5.2  3.5  2.6  2.0  1.5  4.7  5.2  0.0
  1.7  7.9  3.5  4.4  5.5 10.8 34.6  7.0  1.5  3.2 61.4111.7  2.9186.5  7.9
  1.2  0.0  0.0  0.0  0.0  0.0  0.0  0.0  0.0  0.0  0.0  0.0  0.0  0.0  0.0
  0.0  0.0  0.0  2.0  0.9  7.3  1.5  0.0  0.0  0.0  0.0  0.0  0.0  0.0  1.7
  1.5  2.6  2.0  0.3  0.0  0.9  0.9  0.0  0.0  0.3  0.3  0.3  2.6  1.5  0.0
 11.6  0.0  0.0 11.6  8.1  1.7 10.2  4.7  0.0  0.0  0.0  0.0  0.0  0.0  0.0
  0.3  0.0  0.3  0.0  0.0  0.0  0.3  7.0  0.9  2.3  7.0 14.3  1.2  4.4  5.2
  0.0  1.2  4.7  1.5  1.5  0.6  0.0 35.8 21.8 28.8  2.6  4.9  8.1  9.0  0.0
      3.94      6.03     -3.68     -1.49      0.64  0.9  0.3  0.3  0.0  0.0
                                     4000_story_3145_llm.txt 32.5  4.3 2239
 21.0  6.7  0.0 62.1 13.0  2.2  5.4  0.4 16.5 11.2  1.8  2.7  0.4  4.5  0.4
  2.7  0.4  8.0 25.5  2.7  0.0184.0 58.5 41.1106.3102.3 14.7 17.4  0.4  3.6
  0.4  1.3 12.1  6.7  9.4 44.7 12.1  6.7  0.9  1.3  2.7  2.2  4.9  2.7  0.9
  0.4  7.1  1.8  4.0 11.2 17.4 38.0  4.0  3.1  4.5 81.7131.8  1.8184.0  8.0
  0.4  0.0  0.0  0.0  0.0  0.0  0.0  0.0  0.0  0.0  0.0  0.0  0.0  0.0  0.0
  0.0  0.0  0.0  3.1  0.9  4.9  0.9  0.0  0.0  0.0  0.0  0.0  0.4  0.0  0.4
  1.3  0.9  0.4  0.4  0.0  0.0  0.9  0.9  0.0  0.0  0.4  0.0  2.7  1.8  0.0
  9.8  0.0  0.4 10.3  3.6  1.8  5.4  4.9  0.0  0.0  0.0  0.0  0.0  0.0  0.0
  0.0  0.9  0.0  0.0  0.0  0.0  0.0  8.9  2.2  2.2  4.0 13.4  0.4  8.0  4.0
  0.9  6.7  4.9  0.9  0.9  0.4  0.0 29.0 22.8 30.4  0.9  8.0 11.2  3.6  0.0
      7.89      8.37     -2.45     -1.94      0.68  0.4  0.0  0.0  0.0  0.0
                                     4000_story_3150_llm.txt 34.5  4.4 2129
 20.7  4.2  1.4 57.3 10.3  0.9  5.2  0.9  9.9 13.2  3.3  1.9  0.0  8.0  0.0
  2.8  1.9  5.2 19.3  0.9  2.3215.6 65.8 37.6 92.5 83.1 10.8 15.5  1.4  3.3
  0.5  1.4 39.0  7.0  8.9 45.6 17.8  5.6  2.3  0.9  2.8  4.2  7.5  2.8  0.0
  2.3  6.1  1.4  4.7  8.9 13.6 29.6  5.2  2.8  5.2 81.3103.3  0.9171.0  6.1
  0.5  0.0  0.0  0.0  0.0  0.0  0.0  0.0  0.0  0.0  0.0  0.0  0.0  0.0  0.0
  0.0  0.0  0.0  2.8  0.9  2.3  2.3  0.0  0.0  0.0  0.0  0.0  0.0  0.0  1.4
  0.9  0.9  0.5  0.9  0.0  0.5  0.0  0.0  0.0  0.5  0.5  0.5  4.2  0.5  0.0
  8.5  0.0  0.0  8.5  4.7  0.5  5.6  5.6  0.0  0.0  0.0  0.0  0.0  0.0  0.0
  0.0  0.0  0.5  0.0  0.0  0.0  0.0 17.4  1.9  0.0  6.6 12.2  3.8  6.1  4.2
  0.9  2.8  6.6  1.4  0.5  2.3  0.0 27.7 23.0 28.2  1.9  4.7 15.5  7.0  0.0
      5.92      5.96     -0.12     -1.05      2.26  0.0  0.0  0.0  0.0  0.0
                                     4000_story_3152_llm.txt 34.3  4.3 2283
 22.3  4.8  0.0 61.3 12.7  2.2  2.6  2.2 23.7  7.0  0.9  0.9  1.3  3.5  0.9
  3.9  3.1  7.9 21.9  1.8  1.8202.4 68.3 33.3109.5 91.5 11.4 13.1  0.0  2.6
  0.4  5.3 13.1 13.1 13.1 43.4  5.3  6.6  1.8  5.7  1.3  3.9  3.9  5.7  0.0
  3.9  7.0  3.5  2.6  3.1 15.8 40.7  9.6  4.8  3.1 66.1127.9  3.1180.0  7.9
  0.4  0.9  0.0  0.0  0.0  0.0  0.0  0.0  0.0  0.0  0.0  0.0  0.0  0.0  0.0
  0.0  0.0  0.0  1.3  2.2  4.4  0.9  0.4  0.0  0.0  0.0  0.4  0.0  0.4  0.0
  0.0  0.4  0.9  0.4  0.0  0.0  0.0  0.0  0.0  0.0  0.4  0.0  4.8  0.4  0.0
  8.8  0.4  0.9 10.1  1.8  0.0  1.8  5.7  0.0  0.0  0.0  0.0  0.0  0.0  0.0
  0.0  0.9  0.0  0.0  0.0  0.0  0.0 25.8  0.9  2.2  4.4 11.8  0.0  3.1  5.3
  0.0  3.9  1.3  1.3  0.0  0.9  0.0 29.3 23.2 31.1  1.3  6.6 11.4  5.7  0.0
      9.50      6.57     -4.54      0.32      0.97  0.0  0.0  0.0  0.0  0.0
                                     4000_story_3162_llm.txt 38.0  4.7 2450
  7.8  2.9  0.0 31.8  4.9  0.0  1.2  0.8 55.5  9.4  0.8  0.8  0.4  3.3  0.0
  0.0  0.0  2.0 20.4  0.0  0.4264.9124.5 44.9 96.7 27.3  8.6  2.4  3.3  4.1
  2.0  4.5 45.3  7.8 10.2 33.1  4.1  6.9  0.4  1.6  0.8  2.4  3.7  5.3  0.8
  2.9  7.3  2.0  3.7  2.9  9.8 34.7  9.0  0.0  9.4 78.4 87.8  0.4141.2  1.6
  2.9  0.0  0.0  0.0  0.0  0.0  0.0  0.0  0.0  0.0  0.0  0.0  0.0  0.0  0.0
  0.0  0.0  0.0  1.6  1.2  1.2  2.4  0.0  0.4  0.0  0.0  0.0  0.0  0.4  0.0
  0.4  0.0  0.0  2.0  0.0  0.0  0.0  0.4  0.0  0.0  0.0  0.0  1.6  0.8  0.0
  6.5  0.4  0.4  7.3  2.4  0.4  2.9  2.4  0.0  0.0  0.0  0.0  0.0  0.0  0.0
  0.0  0.0  0.0  0.0  0.0  0.0  0.0  3.3  4.1  4.5  5.3 10.2  4.5  2.4 12.7
  1.6  1.6  0.8  0.0  0.0  1.2  0.4 24.9 10.6 13.1  0.4  8.6 13.5  4.5  0.0
    -11.27      0.77      4.50     -2.71      1.02  0.0  0.0  0.0  0.0  0.0
                                     4000_story_3164_llm.txt 35.5  4.8 3666
  7.9  1.1  0.8 40.9  2.2  0.5  2.7  1.9  7.6 10.9  1.1  0.8  0.8  3.3  0.5
  0.5  0.3  5.2 16.1  0.3  1.1263.0 93.8 45.3 84.8 54.0 12.3  6.8  1.4  3.5
  0.8  3.5 48.3  6.8  9.3 38.5  5.2  3.5  2.2  1.6  1.1  1.9  6.8  8.7  1.6
  5.7  7.6  3.5  2.5  3.3  9.8 29.7 16.1  0.5  5.7 79.4 63.8  1.4144.8  3.3
  1.4  0.3  0.0  0.0  0.0  0.0  0.0  0.0  0.0  0.0  0.0  0.0  0.0  0.0  0.0
  0.0  0.0  0.0  2.5  0.5  0.8  0.3  0.0  0.0  0.0  0.0  0.0  0.3  0.0  0.3
  0.3  0.3  0.3  0.3  0.3  0.0  0.0  0.0  0.0  0.0  0.0  0.0  1.1  0.5  0.0
  4.1  0.0  0.3  4.4  1.4  0.3  1.6  1.6  0.0  0.0  0.0  0.0  0.0  0.0  0.0
  0.0  0.0  0.0  0.0  0.0  0.0  0.0 16.1  2.7  1.6  7.1 19.4  4.4  3.5  7.4
  0.3  2.7  0.3  1.9  0.0  0.5  0.8 23.2 12.8 13.9  1.9  6.3  8.7  3.8  0.0
     -9.48      3.09      2.10     -3.03      5.07  0.3  0.8  0.3  0.3  0.0
                                     4000_story_3166_llm.txt 35.3  4.9 5883
  5.4  2.5  2.9 29.6  4.6  0.0  1.4  0.8  9.7 10.9  0.3  0.2  0.3  3.1  0.3
  0.7  0.2  2.7 18.0  0.3  0.8309.4113.2 50.3 82.3 45.0 11.6  8.0  3.6  2.5
  1.4  2.0 48.3  3.9  8.8 28.9  4.4  2.0  1.4  1.9  0.7  1.4  4.1  9.2  0.7
  5.6  4.9  1.5  1.2  2.7  5.4 27.0 15.5  0.5  7.5 79.4 59.3  0.2136.2  6.6
  1.4  0.0  0.0  0.0  0.0  0.0  0.0  0.0  0.0  0.0  0.0  0.0  0.0  0.0  0.0
  0.0  0.0  0.0  2.2  0.3  0.8  0.5  0.0  0.0  0.0  0.0  0.0  0.0  0.0  0.3
  0.2  0.2  1.2  0.0  0.0  0.2  0.0  0.0  0.0  0.0  0.0  0.0  0.8  0.8  0.0
  3.9  0.0  0.0  3.9  1.9  0.2  2.0  1.7  0.0  0.0  0.0  0.0  0.0  0.0  0.0
  0.0  0.0  0.0  0.0  0.0  0.0  0.0  7.1  3.9  0.8 10.7 18.9  1.2  3.9  7.8
  1.5  3.1  1.4  1.2  0.2  1.5  0.7 22.9 12.4  7.8  1.0  7.0  6.3  4.2  0.0
    -14.04      2.68      4.33     -3.96      2.65  0.3  0.0  0.2  0.0  0.0
                                     4000_story_3172_llm.txt 35.5  5.1 4578
 13.8  2.6  0.2 92.4 13.3  0.9  2.4  1.1 28.0 14.4  1.5  5.2  0.0  2.4  0.2
  0.9  2.0 10.0 16.8  0.4  0.7278.1 93.9 43.9 42.6 26.2 10.9  6.1  2.6  2.4
  2.6  0.9 79.7  5.9  4.8 33.9  5.0  4.4  1.3  1.5  1.7  1.5  5.2  6.6  1.1
  2.4  7.0  3.1  4.8  5.9 16.2 31.5 10.0  2.4  7.6 76.7 67.5  1.1140.2  3.1
  1.7  0.0  0.0  0.0  0.0  0.0  0.0  0.0  0.0  0.0  0.0  0.0  0.0  0.0  0.0
  0.0  0.0  0.0  1.7  0.9  0.9  2.2  0.2  0.0  0.0  0.0  0.0  0.0  0.0  0.0
  0.0  0.4  0.4  0.4  0.0  0.0  0.2  0.0  0.0  0.2  0.0  0.0  1.1  0.7  0.0
  5.7  0.2  0.0  5.9  1.3  0.2  1.7  1.7  0.0  0.0  0.0  0.0  0.0  0.0  0.0
  0.0  0.0  0.0  0.0  0.0  0.0  0.0  4.2 10.3 11.8 16.6 13.3  7.9  5.0  3.3
  0.0  0.2  0.0  0.2  0.4  2.8  0.4 15.5 12.5 18.3  2.6  6.6  9.0  2.0  0.0
     -0.27      0.07      6.94     -3.00      2.26  0.2  0.4  0.0  0.0  0.0
                                     4000_story_3173_llm.txt 37.0  5.1 3332
  5.4  1.2  0.3 24.6  0.6  0.3  0.0  1.2  4.5 21.3  0.6  1.2  0.3  2.1  0.9
  0.6  0.6  2.1 12.9  0.0  1.5270.4115.8 41.4 95.1 35.7 15.0  4.5  3.6  4.2
  0.9  3.0 45.9  5.4  9.0 33.6  7.2  2.7  1.5  0.9  0.9  1.2  4.5 10.5  1.2
  3.6  4.8  2.1  3.0  5.4  5.7 22.8 15.3  0.6  8.7 87.6 40.8  0.6138.1  3.0
  0.6  0.6  0.0  0.0  0.0  0.0  0.0  0.0  0.0  0.0  0.0  0.0  0.0  0.0  0.0
  0.0  0.0  0.0  2.1  0.3  0.9  2.1  0.6  0.6  0.0  0.0  0.0  0.0  0.0  0.0
  0.3  0.6  1.5  1.8  0.0  0.3  0.0  0.3  0.0  0.0  0.6  0.0  0.6  1.2  0.0
  5.4  1.2  0.0  6.6  4.2  0.6  4.8  2.4  0.0  0.0  0.0  0.0  0.0  0.0  0.0
  0.3  0.0  0.0  0.0  0.0  0.0  0.0  8.4  3.9  1.2  9.9  9.6  3.0  4.2  7.2
  2.4  0.9  2.1  2.4  0.0  0.3  0.6 17.7 11.4 10.2  0.9  6.3 12.9  5.4  0.0
    -12.90      2.71      4.21     -4.16      2.86  0.6  0.0  0.0  0.0  0.0
                                     4000_story_3177_llm.txt 35.8  4.8 3822
  9.7  3.1  2.9 46.0  3.9  0.3  1.0  1.0 34.8 13.6  0.8  1.6  0.0  3.9  0.0
  1.0  0.3  7.3 16.2  0.8  0.8255.6 89.5 42.9 89.7 54.2 11.8 15.2  1.6  2.9
  0.5  1.0 53.4  4.4  4.2 28.8  7.3  5.8  2.4  4.7  2.1  2.1  4.4  7.6  2.1
  4.4  5.8  6.0  3.1  8.1 15.2 29.3 14.1  1.0  5.0 82.9 92.9  1.6152.3  3.1
  0.8  0.3  0.0  0.0  0.0  0.0  0.0  0.0  0.0  0.0  0.0  0.0  0.0  0.0  0.0
  0.0  0.0  0.0  4.4  1.3  1.8  1.3  0.0  0.3  0.0  0.0  0.0  0.0  0.0  0.0
  0.8  0.8  1.6  0.5  0.0  0.0  0.0  0.3  0.0  0.0  0.8  0.0  4.2  1.0  0.0
  8.9  0.3  0.0  9.2  3.7  0.3  3.9  6.0  0.0  0.0  0.0  0.0  0.0  0.0  0.0
  0.0  0.0  0.0  0.5  0.0  0.0  0.0  8.9  3.7  4.7 14.1 16.0  2.6  5.8  4.2
  1.3  1.0  2.4  1.8  0.8  0.5  1.0 22.8 18.3 13.9  1.6  4.4  5.0  3.9  0.0
     -6.11      4.71      3.77     -0.50      3.35  0.8  0.0  0.0  0.0  0.0
                                     4000_story_3183_llm.txt 33.8  4.7 3095
 10.3  2.9  0.3 42.6 12.9  0.3  1.3  1.0 69.8  8.4  0.6  1.0  0.0  1.0  0.0
  1.3  0.0  5.2 15.2  0.0  0.6271.1101.1 48.5 81.1 20.4 11.6  7.4  2.9  0.6
  1.3  1.6 54.9  2.9  5.5 35.9  6.8  2.3  2.6  0.0  1.3  3.9  4.8  6.1  3.2
  2.9  4.5  3.2  1.9  4.5  8.7 22.3 12.3  0.0  4.8 75.0103.1  1.9144.1  6.1
  1.3  0.0  0.0  0.0  0.0  0.0  0.0  0.0  0.0  0.0  0.0  0.0  0.0  0.0  0.0
  0.0  0.0  0.0  1.9  1.0  0.6  2.3  0.3  0.0  0.0  0.0  0.0  0.0  0.0  0.3
  0.0  1.0  1.3  0.6  0.0  0.0  0.0  0.0  0.0  0.0  0.0  0.0  2.6  1.3  0.0
  5.8  0.3  0.0  6.1  3.2  0.0  3.2  3.9  0.0  0.0  0.0  0.0  0.0  0.0  0.0
  0.0  0.0  0.0  0.0  0.0  0.0  0.0  6.8  2.6  3.6  9.4 22.9  3.9  5.5  7.8
  3.6  2.6  1.0  0.6  1.3  1.6  1.9 20.4 12.3  9.7  1.9  5.8  8.1  2.3  0.0
     -9.91      1.46      4.11     -3.07      3.76  1.3  0.0  0.3  0.0  0.0
                                     4000_story_3188_llm.txt 33.5  4.5 2112
 10.4  3.3  0.0 54.5 12.3  0.5  1.9  0.9 63.9 18.5  0.5  0.9  0.0  1.9  0.0
  0.5  0.5  5.2 12.8  0.5  1.9222.1 85.7 23.2 98.0 58.2 12.8 10.4  0.9  1.4
  0.5  2.4 33.1 10.4  7.1 37.9  4.3  6.6  1.9  1.9  2.4  1.4  5.7  5.7  0.9
  4.3 10.4  0.5  1.9 11.4 14.2 28.4 10.9  0.9  2.8 64.9134.5  1.9168.1  7.6
  0.9  0.5  0.0  0.0  0.0  0.0  0.0  0.0  0.0  0.0  0.0  0.0  0.0  0.0  0.0
  0.0  0.0  0.0  0.5  0.0  1.4  1.4  0.5  0.0  0.0  0.0  0.0  0.0  0.0  0.5
  0.0  0.0  0.0  0.5  0.0  0.5  0.0  0.0  0.0  0.5  0.5  0.0  1.4  1.4  0.0
  3.3  0.5  0.0  3.8  0.9  0.5  1.9  3.3  0.0  0.0  0.0  0.0  0.0  0.0  0.0
  0.0  0.0  0.0  0.0  0.0  0.0  0.0  5.7  4.3  1.9 10.4 18.0  2.4  3.3  3.3
  0.9  2.4  0.9  0.5  0.0  1.4  0.5 29.4 18.0 16.6  3.3  7.6  8.5  7.6  0.0
     -2.95      4.47     -1.37     -1.86      2.89  0.5  0.0  0.0  0.0  0.0
                                     4000_story_3189_llm.txt 37.8  4.9 3245
  4.6  1.5  0.6 27.7  0.3  0.0  0.3  0.9 12.6 13.9  0.6  1.8  0.3  3.1  0.0
  0.3  0.3  4.0 18.8  0.0  0.0276.7 94.6 41.9 85.4 37.9  8.0  2.8  2.2  2.8
  0.3  1.5 44.7  6.8  5.2 41.6  4.9  2.2  0.9  1.5  1.8  2.2  4.6  9.9  0.9
  5.9  8.0  2.2  2.5  4.3  8.0 31.7 16.6  0.3  5.2 73.3 50.8  0.6133.4  4.9
  2.5  0.0  0.0  0.0  0.0  0.0  0.0  0.0  0.0  0.0  0.0  0.0  0.0  0.0  0.0
  0.0  0.0  0.0  0.9  0.6  0.6  3.1  0.0  0.0  0.0  0.0  0.0  0.0  0.0  0.0
  0.3  1.2  0.3  1.5  0.0  0.0  0.0  0.0  0.0  0.0  1.5  0.3  2.2  0.9  0.0
  5.2  0.0  0.0  5.2  3.4  0.0  3.4  4.9  0.0  0.0  0.0  0.0  0.0  0.0  0.0
  0.3  0.6  0.0  0.0  0.3  0.0  0.0 10.5  3.4  0.3  6.8 20.6  1.2  7.1  6.2
  2.8  0.3  1.5  1.5  0.6  0.0  0.6 21.0  5.5  8.6  2.2  3.1  7.4  4.9  0.0
    -11.85      0.82      1.74     -3.35      3.36  0.0  0.0  0.0  0.0  0.0
                                     4000_story_3190_llm.txt 35.5  5.2 6303
  6.8  0.5  0.0 37.1  0.8  0.5  2.1  1.9 16.3 15.1  1.0  2.4  0.3  1.7  1.1
  0.3  0.2  6.2 20.1  0.3  0.6280.5118.5 53.0 76.5 28.2 12.1  4.1  4.4  3.3
  3.8  2.1 65.4  3.8  9.2 31.4  5.4  3.5  2.2  0.6  1.6  1.6  4.4  7.3  1.4
  5.7  6.2  2.4  3.5  4.8 11.3 31.4 14.4  0.5 11.6 86.3 45.4  1.1130.1  2.9
  1.1  0.0  0.0  0.0  0.0  0.0  0.0  0.0  0.0  0.0  0.0  0.0  0.0  0.0  0.0
  0.0  0.0  0.0  0.6  0.3  0.5  1.6  0.3  0.2  0.0  0.0  0.0  0.0  0.2  0.0
  0.2  0.3  0.5  1.1  0.0  0.3  0.0  0.3  0.0  0.0  0.0  0.0  1.3  1.1  0.0
  3.0  0.5  0.2  3.6  2.1  0.6  2.7  2.4  0.0  0.0  0.0  0.0  0.0  0.0  0.0
  0.0  0.0  0.0  0.0  0.0  0.0  0.0  5.4  5.1  3.0 15.5 18.9  2.9  4.3 14.0
  1.0  1.1  0.3  2.1  0.0  1.1  1.9 19.2  9.5 10.2  1.7  7.9 11.7  3.6  0.0
    -11.04      1.13      8.44     -3.38      3.20  0.6  0.3  0.3  0.2  0.0
                                     4000_story_3196_llm.txt 37.0  4.9 1923
  8.3  1.0  0.5 35.9  0.0  0.0  1.0  1.6 26.5 16.1  1.0  1.6  0.0  2.6  0.5
  1.6  0.0  3.1 20.3  0.0  1.0250.7116.5 47.3 78.0 33.3  9.9  1.6  2.6  1.6
  2.1  3.6 48.4 12.0  9.9 38.5  5.2  1.6  1.0  1.6  1.0  2.1  9.4  5.2  2.1
  4.2  5.2  1.6  4.2  4.2  5.7 32.2 11.4  0.0  6.2 87.9 59.8  1.6130.5  3.1
  2.6  0.0  0.0  0.0  0.0  0.0  0.0  0.0  0.0  0.0  0.0  0.0  0.0  0.0  0.0
  0.0  0.0  0.0  0.5  0.5  1.0  2.1  0.0  0.5  0.0  0.0  0.0  0.0  0.0  0.0
  0.0  0.5  0.0  1.6  0.0  0.0  0.0  0.5  0.0  0.0  0.5  0.5  1.6  1.6  0.0
  4.2  0.5  0.0  4.7  2.1  0.5  2.6  4.2  0.0  0.0  0.0  0.0  0.0  0.0  0.0
  0.0  0.0  0.0  0.0  0.0  0.0  0.0  3.1  3.1  3.1  5.7 13.5  5.7  7.8 13.5
  1.6  1.6  0.0  2.1  0.0  0.5  1.6 20.8  8.8 12.0  1.6 13.0 12.5  1.6  0.0
    -10.20      0.51      1.37     -3.86      5.95  1.0  0.0  0.0  0.0  0.0
                                     4000_story_3218_llm.txt 35.8  4.3 2594
 13.5 19.7 12.0 70.2 17.0  0.8  3.1  2.7 58.2 13.5  0.8  0.0  0.8  5.8  0.0
  1.2  0.4  6.6 18.9  0.4  2.3253.7 84.8 29.7 71.3 55.9  7.7 18.9  0.8  2.3
  0.0  0.4 26.6  3.5  8.1 33.2  7.7  3.9  0.0  3.9  0.8  1.9  5.4  5.8  0.4
  1.9 10.0  1.9  2.7  1.9 11.2 33.2  8.1  0.8  3.1 58.2131.1  3.1155.7  6.6
  3.5  0.0  0.0  0.0  0.0  0.0  0.0  0.0  0.0  0.0  0.0  0.0  0.0  0.0  0.0
  0.0  0.0  0.0 15.8  2.3  2.7  2.3  0.0  0.0  0.0  0.0  0.0  0.0  0.0  0.4
  0.4  1.2  0.8  0.4  0.0  0.0  0.0  0.0  0.0  0.8  0.0  0.0  3.5  1.2  0.0
 23.1  0.0  0.0 23.1  3.1  0.0  3.9  4.6  0.0  0.0  0.0  0.0  0.0  0.0  0.0
  1.2  0.4  0.0  0.0  0.0  0.0  0.0  5.8  1.2  1.2  7.7 21.2  1.2  3.5  4.6
  1.9  3.1  0.0  1.9  1.2  2.3  0.0 22.4 23.9 17.3  1.5  3.1  9.3  3.9  0.0
      5.55      4.08     -0.68     -2.80      1.54  0.8  0.0  0.0  0.0  0.0
                                     4000_story_3220_llm.txt 36.3  4.9 2283
 11.4  3.9  6.1 52.6  2.2  0.9  2.2  1.8 11.0 12.3  2.2  1.3  0.0  4.4  0.4
  0.4  0.9  4.4 21.9  0.0  1.3309.7 85.4 51.7 59.1 34.2 10.1 10.5  2.2  3.5
  0.4  0.4 58.3  4.4  7.9 25.8  7.9  5.7  3.5  0.9  2.2  5.7  4.4  9.2  2.2
  4.8  3.9  3.5  3.1  5.3 12.3 28.5 16.2  0.9  6.1 89.4 47.3  0.4129.2  1.8
  1.8  0.0  0.0  0.0  0.0  0.0  0.0  0.0  0.0  0.0  0.0  0.0  0.0  0.0  0.0
  0.0  0.0  0.0  3.5  1.3  0.0  0.9  0.0  0.0  0.0  0.0  0.0  0.0  0.0  0.4
  0.0  0.4  0.4  0.0  0.0  0.0  0.0  0.0  0.0  0.0  0.4  0.0  1.3  0.4  0.0
  5.7  0.0  0.0  5.7  1.3  0.0  1.3  2.2  0.0  0.0  0.0  0.0  0.0  0.0  0.0
  0.0  0.0  0.0  0.0  0.0  0.0  0.0  8.3  3.1  3.5  8.8 15.3  3.5  3.5  5.7
  2.6  1.8  0.4  1.8  0.4  2.6  2.6 18.8 21.0 11.4  2.2  1.8  5.3  0.4  0.0
     -6.87      1.62      3.58     -0.40      3.74  0.0  0.4  0.0  0.0  0.0
                                     4000_story_3221_llm.txt 34.3  4.6 7505
 10.1  3.7  6.3 67.0 12.1  1.5  3.7  0.9 23.6 19.6  1.9  1.3  0.5  3.9  0.5
  1.2  0.8  4.5 10.8  0.1  1.3272.1 73.2 43.2 92.7 52.8 11.7 12.1  0.3  2.0
  0.3  1.1 33.0  9.5  5.5 26.8  5.2  6.3  2.0  3.3  1.9  1.2  1.7  7.3  0.5
  3.6  5.5  0.9  2.3  9.2 12.7 22.0 11.5  0.9  2.5 69.8 88.5  3.6165.9  4.4
  1.2  0.0  0.0  0.0  0.0  0.0  0.0  0.0  0.0  0.0  0.0  0.0  0.0  0.0  0.0
  0.0  0.0  0.0  1.7  0.1  2.0  1.3  0.0  0.0  0.0  0.0  0.0  0.0  0.0  0.1
  0.0  0.3  0.5  0.1  0.0  0.3  0.0  0.0  0.0  0.1  0.0  0.0  1.6  2.3  0.0
  5.2  0.0  0.0  5.2  1.1  0.3  1.5  3.9  0.0  0.0  0.0  0.0  0.0  0.0  0.0
  0.5  1.5  0.1  0.0  0.1  0.0  0.0  9.5  4.0  2.3 10.3 20.8  4.0  5.2  4.1
  5.3  2.1  0.5  1.7  1.5  1.5  0.7 38.8 21.1 17.3  1.9  2.8  8.8  4.8  0.0
     -3.29      4.17     -0.77     -1.59      0.14  0.1  0.0  0.1  0.0  0.0
                                     4000_story_3222_llm.txt 34.8  4.6 4211
 15.7  1.9  1.9 40.8  4.5  0.0  2.4  1.4 13.8 15.4  0.5  1.7  0.0  5.0  0.2
  0.7  0.2  9.7 10.2  0.7  1.9270.7 89.1 39.4102.1 62.2 16.4 10.0  0.5  0.9
  0.0  2.6 40.6  5.2  6.6 28.0  6.2  4.7  3.3  2.8  0.7  2.8  3.6 10.4  0.7
  3.3  5.7  3.8  2.6  4.3 15.2 23.0 14.5  0.9  1.4 65.5 80.5  1.7155.5  3.1
  0.7  0.0  0.0  0.0  0.0  0.0  0.0  0.0  0.0  0.0  0.0  0.0  0.0  0.0  0.0
  0.0  0.0  0.0  1.4  1.2  2.8  1.4  0.0  0.0  0.2  0.0  0.0  0.0  0.0  0.0
  0.2  0.5  0.0  0.5  0.2  0.0  0.0  0.0  0.2  0.2  0.0  0.5  1.7  0.7  0.0
  6.9  0.2  0.0  7.1  1.2  0.5  1.9  2.8  0.0  0.0  0.0  0.0  0.0  0.0  0.0
  0.2  0.7  0.0  0.0  0.0  0.0  0.0 10.7  5.9  4.0  9.0 19.9  3.8  2.8  7.8
  1.7  0.7  1.2  2.6  0.5  0.9  1.4 26.4 17.8 25.6  1.2  5.2 10.4  6.2  0.0
     -5.52      5.39      0.47     -1.63      1.80  0.2  0.0  0.2  0.0  0.0
                                     4000_story_3223_llm.txt 35.0  4.6 5561
 14.0  4.5  0.7 46.4 15.3  0.2  2.3  0.7 27.0 12.8  0.5  1.6  0.2  4.7  0.9
  0.4  0.5  7.6 14.6  0.4  1.1262.4 88.3 37.2106.3 47.3 17.1 14.6  0.7  2.2
  0.7  2.9 37.4  7.4 10.4 32.5  7.0  3.4  5.2  3.4  2.0  2.5  2.2 10.1  1.4
  2.2  4.3  3.1  2.5  6.8 12.9 26.8 13.7  0.9  3.6 68.9 89.6  3.1165.1  3.1
  0.9  0.0  0.0  0.0  0.0  0.0  0.0  0.0  0.0  0.0  0.0  0.0  0.0  0.0  0.0
  0.0  0.0  0.0  3.8  0.7  2.3  2.5  0.2  0.0  0.0  0.0  0.0  0.0  0.0  0.7
  0.5  0.7  1.6  0.7  0.0  0.0  0.2  0.0  0.0  0.7  0.5  0.0  2.0  0.7  0.0
  9.4  0.2  0.0  9.5  4.3  0.2  5.2  3.2  0.0  0.0  0.0  0.0  0.0  0.0  0.0
  0.0  0.2  0.0  0.0  0.2  0.0  0.0 14.0  5.6  1.4  8.6 23.6  2.7  4.0  7.4
  1.3  2.7  3.1  2.9  0.9  0.5  0.7 26.4 27.2 20.3  2.9  4.5 13.5  4.9  0.0
     -3.40      5.85     -0.23     -0.61      1.05  0.0  0.0  0.0  0.0  0.0
                                     4000_story_3225_llm.txt 32.5  4.6 6250
 12.8  3.4  1.0 64.0 14.6  1.1  4.6  0.8 19.7 17.4  1.3  1.3  0.5  6.7  1.1
  0.8  1.3  5.9  9.6  0.8  1.0258.6 88.0 40.3 82.7 51.0 17.6  6.6  1.3  3.2
  1.4  1.4 41.8  6.9 10.4 31.7  6.9  4.3  1.1  2.7  0.3  3.2  3.5  7.0  1.3
  3.5  3.5  1.1  3.5  7.8 10.6 18.6 11.8  2.1  5.9 74.9 85.3  4.3157.0  3.7
  0.5  0.0  0.0  0.0  0.0  0.0  0.0  0.0  0.0  0.0  0.0  0.0  0.0  0.0  0.0
  0.0  0.0  0.0  1.6  0.6  2.4  1.9  0.0  0.0  0.0  0.0  0.0  0.0  0.0  0.3
  0.5  0.6  0.5  1.0  0.0  0.5  0.0  0.5  0.0  0.3  0.2  0.0  2.7  2.1  0.0
  6.6  0.0  0.0  6.6  2.9  1.0  4.2  5.0  0.0  0.0  0.0  0.0  0.0  0.0  0.0
  0.2  0.3  0.0  0.0  0.2  0.0  0.3  9.3  3.8  2.1 11.0 25.6  3.8  3.5  8.8
  2.2  1.8  1.0  1.3  0.5  0.3  1.1 31.0 13.1 17.9  2.1  5.3 10.7  3.0  0.0
     -0.86      3.86      1.24     -2.55      1.76  0.6  0.0  0.2  0.0  0.0
                                     4000_story_3226_llm.txt 35.0  4.6 6438
 13.0  3.0  0.3 46.3 14.0  0.3  3.0  0.5 30.8 20.3  0.5  1.7  0.0  4.3  0.6
  1.4  1.7  6.7 11.8  0.6  0.8267.2 83.3 41.6103.4 44.1 12.6 15.7  0.9  1.2
  0.8  1.9 43.0  7.1  8.2 26.3  5.0  5.6  3.6  1.6  1.1  1.4  3.3  7.9  0.5
  4.7  4.7  1.9  2.3  5.1 13.4 21.6 13.0  2.3  3.0 67.1 88.8  2.3157.7  2.8
  1.1  0.0  0.0  0.0  0.0  0.0  0.0  0.0  0.0  0.0  0.0  0.0  0.0  0.0  0.0
  0.0  0.0  0.0  2.5  0.5  1.9  1.4  0.2  0.0  0.0  0.0  0.0  0.0  0.0  0.0
  0.0  0.9  1.1  0.8  0.0  0.0  0.0  0.0  0.0  0.5  0.0  0.3  0.8  1.1  0.0
  6.2  0.2  0.0  6.4  2.8  0.0  3.3  2.2  0.0  0.0  0.0  0.0  0.0  0.0  0.0
  0.2  0.5  0.0  0.0  0.0  0.0  0.0 22.1  4.2  2.2 10.7 32.0  5.0  3.9  8.9
  0.8  2.0  2.5  1.2  0.9  1.2  0.5 27.3 26.4 15.4  1.9  2.6 10.3  5.0  0.0
     -1.62      4.96      0.57     -2.34      1.47  0.0  0.2  0.0  0.0  0.0
                                     4000_story_3227_llm.txt 36.5  4.4 6081
 10.7  4.3  0.2 51.1 26.5  1.0  3.0  0.2 35.0 18.4  0.7  2.1  0.2  3.1  0.3
  0.3  1.6  4.8 11.5  0.8  1.3256.7 87.2 27.0109.4 50.0 15.8 11.5  0.5  1.3
  0.8  1.0 27.6  6.6 10.9 27.8  4.3  4.9  2.5  1.8  0.7  0.5  2.0  8.6  1.8
  3.9  4.9  1.6  1.0  5.3 10.4 21.4 14.3  2.5  2.6 50.6111.5  2.8170.0  2.0
  1.3  0.2  0.0  0.0  0.0  0.0  0.0  0.0  0.0  0.0  0.0  0.0  0.0  0.0  0.0
  0.0  0.0  0.0  1.8  0.8  2.0  1.3  0.2  0.2  0.0  0.0  0.0  0.2  0.0  0.0
  0.2  0.2  1.0  1.0  0.0  0.2  0.0  0.0  0.0  0.2  0.0  0.0  1.0  2.0  0.0
  5.9  0.3  0.2  6.4  2.3  0.2  2.6  3.0  0.0  0.0  0.0  0.0  0.0  0.0  0.0
  0.5  0.3  0.0  0.0  0.0  0.0  0.2 24.5  3.9  2.0  8.4 23.0  6.1  4.3 13.6
  2.8  3.0  2.3  2.8  0.0  0.5  0.5 34.5 19.1 13.6  1.8  5.4 13.0  5.8  0.0
     -0.23      5.26     -1.70     -3.30      1.57  0.2  0.0  0.0  0.0  0.0
                                     4000_story_3229_llm.txt 36.3  4.5 5769
 10.9  5.4 11.4 56.2  9.0  0.9  6.9  1.2 32.4 15.3  1.6  1.7  0.0  3.6  1.2
  0.7  0.2  7.6  7.3  1.2  0.9249.8 81.6 39.5 97.1 51.3 16.6 11.6  0.9  2.6
  0.2  1.6 37.4  6.6  8.5 30.3  6.9  5.4  4.3  2.4  0.3  3.1  1.7  4.9  1.2
  2.8  6.4  2.3  1.6  7.1 13.3 19.4  8.8  1.4  3.6 66.0 92.7  4.9164.3  2.6
  1.2  0.0  0.0  0.0  0.0  0.0  0.0  0.0  0.0  0.0  0.0  0.0  0.0  0.0  0.0
  0.0  0.0  0.0  3.6  0.5  3.1  1.2  0.2  0.0  0.0  0.0  0.0  0.0  0.0  1.0
  0.7  1.7  0.9  0.2  0.0  0.0  0.0  0.0  0.2  0.2  0.3  0.0  2.8  1.9  0.0
  8.5  0.2  0.0  8.7  4.5  0.2  4.9  5.0  0.0  0.0  0.0  0.0  0.0  0.0  0.0
  0.9  0.5  0.0  0.0  0.0  0.0  0.0  7.1  4.2  1.9 11.1 22.2  3.1  4.9 10.6
  2.6  1.9  1.0  0.3  0.5  1.4  1.0 34.8 19.8 18.9  2.4  4.3  9.0  3.6  0.0
     -2.02      5.10      0.02     -1.41      0.02  0.0  0.0  0.3  0.2  0.0
                                     4000_story_3231_llm.txt 37.3  4.9 4448
 13.0  2.7  0.0 50.8  5.8  0.0  2.5  0.9 12.6 11.5  0.9  2.9  0.4  4.0  0.0
  1.3  0.0  6.1 13.3  0.2  0.2282.4 93.8 35.1 81.8 44.7 11.9  9.4  1.8  3.4
  1.1  2.2 53.1  7.6  6.7 32.4  7.0  4.5  2.7  2.9  3.1  1.1  4.0  8.8  2.7
  4.7  3.4  3.4  2.5  8.3 13.7 24.7 16.2  0.2  6.3 67.7 63.2  1.1148.6  1.3
  0.9  0.0  0.0  0.0  0.0  0.0  0.0  0.0  0.0  0.0  0.0  0.0  0.0  0.0  0.0
  0.0  0.0  0.0  1.6  0.7  2.2  1.3  0.4  0.0  0.0  0.0  0.2  0.0  0.0  0.4
  0.0  0.9  1.1  0.4  0.0  0.9  0.2  0.0  0.0  0.2  0.0  0.2  2.7  1.1  0.0
  5.8  0.4  0.2  6.5  2.9  1.1  4.3  4.0  0.0  0.0  0.0  0.0  0.0  0.0  0.0
  0.0  0.4  0.0  0.0  0.0  0.0  0.0 14.2  9.7  4.9 10.6 14.8  3.4  4.3  4.9
  1.1  1.1  0.7  0.7  0.2  0.7  1.1 20.0 17.8 18.7  3.4  4.7  4.7  2.9  0.0
     -8.39      2.99      3.25     -1.39      3.83  0.7  0.2  0.0  0.0  0.0
                                     4000_story_3232_llm.txt 36.0  4.6 6904
 11.6  4.9  0.9 54.6 13.9  0.0  2.9  1.0 18.1 10.0  1.2  1.3  0.1  4.3  0.6
  0.9  1.4  6.7 10.0  0.4  1.0272.3 86.3 34.3 91.7 61.4 16.5  8.4  1.6  2.5
  1.3  2.3 39.0  8.7  9.8 24.6  5.8  6.2  2.0  2.5  1.3  2.2  2.9  6.7  0.9
  5.5  4.8  1.9  2.0  6.2 14.2 20.9 13.0  1.9  5.4 62.9 93.4  2.9159.6  2.9
  1.2  0.1  0.0  0.0  0.0  0.0  0.0  0.0  0.0  0.0  0.0  0.0  0.0  0.0  0.0
  0.0  0.0  0.0  2.5  0.7  2.3  1.4  0.1  0.0  0.0  0.0  0.0  0.1  0.0  0.6
  0.0  0.7  0.9  0.4  0.0  0.1  0.0  0.0  0.0  0.4  0.1  0.0  1.3  1.2  0.0
  7.0  0.1  0.1  7.2  2.6  0.1  3.2  2.6  0.0  0.0  0.0  0.0  0.0  0.0  0.0
  0.0  0.4  0.0  0.0  0.0  0.0  0.0 12.0  4.6  2.2 11.9 24.9  2.6  3.3  9.8
  2.0  1.2  1.2  1.4  1.3  0.7  0.7 35.9 16.2 16.9  1.4  6.1  8.3  3.5  0.0
     -4.01      4.75      1.11     -1.86      1.64  0.6  0.0  0.1  0.0  0.0
                                     4000_story_3233_llm.txt 36.0  4.5 7040
 18.8  5.3 10.2 51.0 14.1  1.0  3.7  0.7 38.2 12.5  0.4  0.9  0.3  4.7  1.0
  0.7  0.4  4.8 14.6  1.4  1.8259.9 80.3 36.8102.8 57.7 13.4 11.1  0.4  1.3
  0.3  2.3 34.7  6.8  9.7 31.8  4.5  2.1  2.7  1.7  0.7  1.6  3.4  7.5  0.7
  3.4  5.0  2.4  1.7  6.1  7.7 24.4 11.6  1.8  2.0 69.0109.9  1.8165.2  4.3
  1.1  0.0  0.0  0.0  0.0  0.0  0.0  0.0  0.0  0.0  0.0  0.0  0.0  0.0  0.0
  0.0  0.0  0.0  2.1  0.4  3.7  1.7  0.0  0.0  0.0  0.0  0.0  0.0  0.0  0.7
  0.3  0.7  0.4  0.4  0.0  0.0  0.0  0.0  0.1  0.0  0.0  0.1  1.7  1.6  0.0
  8.0  0.0  0.0  8.0  2.6  0.1  2.7  3.4  0.0  0.0  0.0  0.0  0.0  0.0  0.0
  0.7  0.6  0.1  0.0  0.0  0.0  0.0  9.7  4.3  1.3 11.4 22.4  2.4  4.5  9.7
  5.0  1.4  1.6  1.0  1.0  0.3  0.7 35.7 18.0 22.6  2.1  3.6  8.2  3.6  0.0
     -0.53      4.84     -1.23     -3.49      1.29  0.1  0.3  0.0  0.0  0.0
                                     4000_story_3235_llm.txt 30.8  4.6 6248
 14.7  3.0  0.3 41.5  7.4  0.2  4.2  0.5 17.3 13.6  0.2  1.9  0.0  3.4  0.2
  0.3  1.3  5.0 10.9  0.3  0.3266.8 84.0 41.9111.2 49.5 13.4  9.4  1.8  1.0
  1.1  1.9 34.7  8.3  7.8 25.4  5.9  3.4  2.7  1.3  0.8  1.4  1.4 12.0  1.3
  3.4  5.9  2.2  2.2  8.0  9.1 21.9 16.6  1.6  3.8 74.4 74.1  0.3162.8  1.9
  1.9  0.0  0.0  0.0  0.0  0.0  0.0  0.0  0.0  0.0  0.0  0.0  0.0  0.0  0.0
  0.0  0.0  0.0  2.1  0.5  2.1  1.3  0.0  0.0  0.0  0.0  0.0  0.2  0.0  0.5
  0.5  0.8  0.2  0.3  0.0  0.2  0.0  0.2  0.0  0.5  0.2  0.3  1.0  0.6  0.0
  5.9  0.0  0.2  6.1  2.2  0.3  3.0  2.1  0.0  0.0  0.0  0.0  0.0  0.0  0.0
  0.2  0.5  0.0  0.0  0.0  0.0  0.2 11.4  5.8  3.5 11.4 22.1  8.2  3.5  8.5
  1.6  0.3  0.3  4.2  0.2  0.8  0.8 30.2 19.8 18.2  1.1  5.1 12.2  5.0  0.0
     -6.41      4.46      0.50     -3.39      1.16  0.2  0.0  0.0  0.0  0.0
                                     4000_story_3236_llm.txt 36.0  4.5 6148
 12.8  3.7  0.3 43.6 15.0  1.0  2.4  0.7 27.3 12.2  0.7  1.3  0.0  3.1  0.0
  1.8  1.5  3.4 12.7  0.5  0.5281.9 96.5 36.3103.4 54.8 11.4 11.2  0.5  1.1
  0.5  1.3 39.9  8.9  8.0 23.6  8.3  3.7  3.7  1.0  0.5  1.3  2.4  9.4  0.8
  5.5  4.1  2.1  1.1  5.2  7.6 20.3 15.8  2.0  2.1 57.6 97.1  1.1161.0  2.4
  1.8  0.0  0.0  0.0  0.0  0.0  0.0  0.0  0.0  0.0  0.0  0.0  0.0  0.0  0.0
  0.0  0.0  0.0  1.8  0.7  2.3  2.6  0.2  0.0  0.0  0.0  0.0  0.0  0.0  0.2
  0.2  0.3  0.7  1.3  0.0  0.3  0.0  0.0  0.2  0.0  0.0  0.0  0.8  1.0  0.0
  7.3  0.2  0.0  7.5  2.6  0.5  3.1  1.8  0.0  0.0  0.0  0.0  0.0  0.0  0.0
  0.2  0.3  0.0  0.0  0.0  0.2  0.2 25.4  6.2  1.8 12.0 25.2  4.1  3.7  9.6
  4.1  2.0  3.6  2.4  0.3  0.7  0.3 29.0 18.2 14.8  2.0  4.9 12.0  4.2  0.0
     -5.55      4.38     -0.72     -3.31      1.74  0.2  0.3  0.0  0.0  0.0
                                     4000_story_3237_llm.txt 34.8  4.7 5447
 14.1  2.6  0.6 47.2  7.2  0.4  1.5  1.3 14.0 16.3  0.0  2.2  0.4  4.0  1.3
  0.7  1.7  7.9 13.0  0.4  0.6247.1 90.9 40.6 98.4 73.1 21.8  7.3  3.9  4.4
  2.9  1.8 42.4  5.1  4.6 28.1  8.3  1.7  2.4  1.8  2.8  3.5  3.3  9.7  1.1
  5.1  9.2  3.5  2.8  5.5 12.3 28.1 16.0  2.0 11.2 68.3 94.2  2.8158.4  2.9
  0.9  0.2  0.0  0.0  0.0  0.0  0.0  0.0  0.0  0.0  0.0  0.0  0.0  0.0  0.0
  0.0  0.0  0.0  2.6  0.0  2.4  3.3  0.0  0.0  0.2  0.0  0.0  0.0  0.0  1.1
  0.2  0.7  1.7  1.7  0.0  0.0  0.0  0.0  0.0  0.4  0.2  0.0  1.7  2.0  0.0
  8.3  0.2  0.0  8.4  5.3  0.0  5.7  3.9  0.0  0.0  0.0  0.0  0.0  0.0  0.0
  0.2  0.4  0.2  0.0  0.0  0.0  0.0 12.7  6.1  3.3 14.0 18.0  4.0  3.3  5.1
  2.0  2.9  0.7  0.7  0.4  0.6  0.4 27.9 17.3 20.9  2.4  5.0 12.9  3.5  0.0
     -2.52      6.32      7.33     -1.90      2.42  0.4  0.0  0.0  0.0  0.0
                                     4000_story_3238_llm.txt 33.3  4.5 2510
  6.0  0.8  0.4 41.4  6.4  0.0  3.6  1.6 13.1 13.1  0.4  0.8  0.0  3.6  0.4
  4.0  2.4  6.0 21.5  0.4  0.4292.8 87.3 39.8100.8 47.4  8.8 13.1  0.0  1.2
  0.0  2.4 18.7  7.2 15.5 31.9  6.0  4.4  2.0  0.4  1.6  3.2  0.8 10.4  0.0
  1.2  3.6  2.4  2.0  6.0 12.0 28.7 11.6  2.8  1.2 72.1 66.9  2.0153.0  5.6
  0.4  0.0  0.0  0.0  0.0  0.0  0.0  0.0  0.0  0.0  0.0  0.0  0.0  0.0  0.0
  0.0  0.0  0.0  2.0  0.4  1.2  0.4  0.0  0.0  0.0  0.0  0.0  0.0  0.0  0.4
  0.0  0.0  1.6  0.8  0.0  0.0  0.4  0.0  0.0  0.0  0.0  0.4  2.4  0.8  0.0
  4.0  0.0  0.0  4.0  2.8  0.4  3.2  3.6  0.0  0.0  0.0  0.0  0.0  0.0  0.0
  0.4  0.8  0.0  0.0  0.4  0.0  0.0  4.8  2.8  0.0  2.4 17.1  1.6  3.6 10.8
  3.2  2.8  2.0  1.2  0.4  0.4  0.0 33.9 17.9  9.2  2.0  4.8  7.6  4.8  0.0
     -2.83      3.82     -4.67     -2.70     -1.17  0.4  0.0  0.0  0.0  0.0
                                     4000_story_3248_llm.txt 36.3  4.4 5242
  9.0  2.9  0.6 36.2  3.6  0.0  3.6  0.4  9.0 12.0  0.6  1.1  0.0  5.9  0.4
  1.9  1.0  2.3 13.2  0.2  1.7291.1 83.7 30.7119.6 53.2  7.8 10.3  0.8  0.8
  0.0  3.1 13.5 12.0 15.5 32.4  5.3  2.3  1.5  0.4  2.1  1.3  1.9  5.9  1.0
  3.1  4.6  0.8  1.7  9.0  6.7 22.3  9.9  1.1  1.5 66.0 65.8  2.5168.1  6.5
  0.6  0.0  0.0  0.0  0.0  0.0  0.0  0.0  0.0  0.0  0.0  0.0  0.0  0.0  0.0
  0.0  0.0  0.0  1.3  0.6  1.3  1.7  0.2  0.0  0.0  0.0  0.0  0.0  0.0  0.0
  0.4  0.8  0.4  0.4  0.0  0.2  0.0  0.0  0.0  0.4  0.2  0.0  1.1  0.8  0.0
  5.0  0.2  0.0  5.2  1.9  0.2  2.5  2.1  0.0  0.0  0.0  0.0  0.0  0.0  0.0
  1.1  0.6  0.0  0.0  0.2  0.0  0.6  3.1  1.1  0.4  3.8 27.9  3.2  2.5  8.6
  3.1  1.3  1.0  1.0  0.6  0.6  0.0 40.3 14.3 12.2  0.8  5.9  7.2  6.5  0.0
     -6.57      3.98     -5.95     -3.86      0.18  1.5  0.0  0.2  0.0  0.0
                                     4000_story_3250_llm.txt 30.3  4.4 2476
  9.3  2.0  0.0 35.5  5.3  0.0  3.2  0.8 10.9 13.3  1.6  1.2  0.0  4.4  0.0
  2.8  1.2  2.4 20.2  1.6  0.8299.3 85.6 39.6109.5 56.1  7.3 16.2  0.0  1.2
  0.0  1.2 23.4  6.9 17.4 29.9  5.7  4.0  2.0  0.4  3.2  1.6  3.6  6.9  0.0
  4.8  2.8  2.0  1.2  7.7  9.7 25.8 11.7  2.8  1.2 70.7 72.3  2.0159.5  5.7
  0.4  0.0  0.0  0.0  0.0  0.0  0.0  0.0  0.0  0.0  0.0  0.0  0.0  0.0  0.0
  0.0  0.0  0.0  2.4  0.4  0.8  1.2  0.4  0.0  0.0  0.0  0.0  0.0  0.0  0.0
  0.0  0.8  0.8  0.4  0.0  0.0  0.0  0.0  0.4  0.0  0.4  0.0  2.0  0.0  0.0
  4.8  0.4  0.0  5.3  2.0  0.4  2.4  2.4  0.0  0.0  0.0  0.0  0.0  0.0  0.0
  1.2  0.0  0.0  0.0  0.0  0.0  0.0  5.7  0.4  0.0  2.4 19.4  2.0  4.0  8.1
  2.0  4.8  4.0  2.0  0.4  0.0  0.0 37.6 20.2 10.5  1.6  4.8  8.1  4.4  0.0
     -4.62      4.76     -5.11     -2.62      1.25  0.8  0.0  0.0  0.0  0.0
                                     4000_story_3253_llm.txt 34.0  4.3 1812
 14.9  3.9  0.0 50.2  7.2  1.7  1.1  2.2 26.5 17.7  4.4  1.1  0.0  1.7  0.0
  3.9  1.7  6.1 18.2  0.0  2.2268.8 74.5 36.4100.4 55.2 11.0  7.7  0.0  3.3
  0.6  1.1 32.0  8.8 12.1 37.0  7.7 10.5  2.2  1.7  2.8  1.7  3.3  3.3  0.0
  2.8  2.8  1.1  1.1  7.2 19.3 24.8  6.1  1.7  3.9 61.8 88.9  2.8162.3  6.1
  0.6  0.0  0.0  0.0  0.0  0.0  0.0  0.0  0.0  0.0  0.0  0.0  0.0  0.0  0.0
  0.0  0.0  0.0  0.0  1.1  3.3  2.2  0.0  0.0  0.0  0.0  0.0  0.0  0.0  0.0
  0.6  1.7  0.6  0.0  0.0  0.0  0.0  0.0  0.6  0.0  0.0  0.0  2.8  1.1  0.0
  6.6  0.0  0.0  6.6  2.8  0.6  3.3  3.9  0.0  0.0  0.0  0.0  0.0  0.0  0.0
  0.0  0.6  0.0  0.0  0.0  0.0  0.0  3.9  0.6  0.6  2.2 34.2  1.1  4.4  4.4
  1.1  2.8  1.1  1.7  0.0  0.0  0.0 34.8 14.3 21.5  1.1  5.0 11.6  4.4  0.0
     -0.30      3.58     -2.43     -0.67     -0.17  0.0  0.0  0.0  0.0  0.0
                                     4000_story_3256_llm.txt 39.8  4.7 4117
 14.8  3.4  0.2 32.3 10.7  0.0  2.7  1.2 57.3 21.1  0.2  1.7  0.0  4.9  1.0
  1.5  0.0  5.3 14.6  1.0  0.7225.2 83.8 41.0114.9 33.5 14.8  9.5  2.4  1.2
  1.2  2.9 41.0  8.3  5.1 29.4  7.3  1.9  2.4  2.2  1.0  3.4  4.4  9.0  0.5
  3.4  7.8  3.9  3.2  8.3  8.3 29.1 12.9  1.0  4.9 73.1101.5  1.5163.5  7.5
  0.0  0.2  0.0  0.0  0.0  0.0  0.0  0.0  0.0  0.0  0.0  0.0  0.0  0.0  0.0
  0.0  0.0  0.0  1.5  0.2  2.2  3.2  0.5  0.2  0.0  0.0  0.0  0.2  0.0  0.5
  0.0  1.2  0.7  1.7  0.0  0.2  0.0  0.2  0.0  0.2  0.2  0.2  1.9  1.5  0.0
  7.0  0.7  0.2  8.0  4.1  0.5  4.9  3.9  0.0  0.0  0.0  0.0  0.0  0.0  0.0
  0.0  0.2  0.0  0.0  0.0  0.0  0.0 18.7  5.1  4.6  7.5 22.1  5.8  4.9  7.5
  2.4  1.5  2.4  1.0  0.2  1.9  1.0 25.3 18.0 21.9  0.7  9.2 11.2  4.6  0.0
     -1.77      4.14      2.51     -2.54      1.94  0.7  0.0  0.0  0.0  0.0
                                     4000_story_3257_llm.txt 36.3  4.8 2448
 11.8  2.5  1.2 35.9  1.6  0.0  2.5  0.8 14.3  7.8  0.0  2.0  0.4  5.3  0.0
  0.8  0.4  3.7  7.8  0.8  0.4265.1 89.9 38.0109.5 65.8 13.5 10.2  0.4  4.9
  0.4  2.0 40.8  6.5  6.9 22.5  4.1  3.7  2.0  2.5  1.2  2.0  0.4 11.4  1.2
  6.1  8.6  3.3  4.1  3.7  8.6 22.9 18.8  1.2  5.7 61.7 81.7  1.6155.2  3.3
  0.4  0.0  0.0  0.0  0.0  0.0  0.0  0.0  0.0  0.0  0.0  0.0  0.0  0.0  0.0
  0.0  0.0  0.0  3.7  0.8  1.6  0.0  0.4  0.0  0.0  0.0  0.0  0.0  0.0  0.4
  0.4  0.8  2.0  0.0  0.0  0.0  0.0  0.0  0.0  1.2  1.6  0.0  0.8  0.4  0.0
  6.1  0.4  0.0  6.5  3.7  0.0  4.9  2.9  0.0  0.0  0.0  0.0  0.0  0.0  0.0
  0.0  0.0  0.0  0.0  0.0  0.0  0.0 12.7  4.1  1.6  7.8 12.3  2.5  5.7 12.3
  2.9  1.6  1.2  1.6  0.0  1.2  0.8 30.6 17.6 15.9  2.9  5.7  6.9  4.9  0.0
     -9.76      5.28      2.44     -2.56      1.28  0.0  0.0  0.4  0.0  0.0
                                     4000_story_3258_llm.txt 36.8  5.0 2977
  8.1  2.7  0.0 30.9  6.4  0.7  1.0  0.3 13.8  7.1  0.7  0.0  0.3  4.4  0.3
  0.3  1.0  3.7 20.5  0.3  0.3296.3101.8 50.4 96.1 45.7 11.8  9.7  2.7  3.7
  1.0  0.7 49.0  6.0 10.7 29.9  6.0  2.4  5.0  0.7  0.3  2.0  3.7  7.1  1.3
  4.7  4.4  2.4  1.0  3.7  6.4 26.2 13.1  1.3  7.4 82.3 65.8  1.0142.4  4.7
  1.7  0.0  0.0  0.0  0.0  0.0  0.0  0.0  0.0  0.0  0.0  0.0  0.0  0.0  0.0
  0.0  0.0  0.0  2.7  1.3  1.0  1.0  0.3  0.0  0.0  0.0  0.0  0.0  0.0  0.7
  0.3  0.7  0.7  0.3  0.0  0.7  0.0  0.0  0.0  0.3  0.7  0.3  0.0  1.0  0.0
  6.0  0.3  0.0  6.4  2.7  0.7  3.7  2.0  0.0  0.0  0.0  0.0  0.0  0.0  0.0
  1.0  0.3  0.0  0.0  0.0  0.0  0.0 12.1  3.7  1.0  7.1 17.5  1.0  3.4  7.7
  3.4  3.0  2.7  1.7  0.7  1.7  0.3 26.2 18.8 12.8  1.3  3.4  8.1  4.7  0.0
    -11.10      3.53      2.38     -3.15      2.30  0.0  0.0  0.0  0.0  0.0
                                     4000_story_3259_llm.txt 36.5  4.9 4266
 14.5  2.1  1.4 54.4  7.7  0.2  2.8  0.5 15.0  9.8  1.2  0.9  0.0  5.9  0.9
  0.5  0.9  3.0  8.4  0.5  0.9271.7 88.6 37.0 88.4 51.6 13.4  9.6  2.8  5.4
  1.2  3.0 46.6  5.6  8.0 33.8  6.6  6.3  2.8  2.3  2.6  2.3  2.6  7.7  2.3
  5.2  7.3  2.8  1.9  7.0 12.0 22.0 15.2  1.4  9.4 68.4 74.3  1.4158.7  3.3
  0.7  0.2  0.0  0.0  0.0  0.0  0.0  0.0  0.0  0.0  0.0  0.0  0.0  0.0  0.0
  0.0  0.0  0.0  2.6  1.2  1.2  1.2  0.2  0.2  0.0  0.0  0.0  0.2  0.0  0.5
  0.5  1.2  0.5  0.9  0.0  0.5  0.7  0.0  0.0  1.2  0.0  0.0  1.6  1.9  0.0
  6.1  0.5  0.2  6.8  3.5  1.2  5.9  3.5  0.0  0.0  0.0  0.0  0.0  0.0  0.0
  0.2  0.0  0.0  0.0  0.0  0.0  0.0 12.0  6.8  3.3 10.5 14.8  2.3  5.2  3.3
  1.9  1.2  2.1  1.4  0.5  0.9  0.9 28.8 20.4 21.6  1.4  8.0  9.4  3.8  0.0
     -7.59      3.82      4.89     -0.96      2.62  1.4  0.0  0.2  0.0  0.0
                                     4000_story_3260_llm.txt 35.0  4.3 4930
 10.1  4.5  1.6 55.8  7.7  1.0  1.6  1.6 52.5  6.3  0.8  0.6  0.0  4.7  0.4
  0.8  2.0  4.9 16.6  1.2  1.6224.7 83.2 31.6107.9 71.8 13.2 10.1  1.8  1.0
  0.4  1.6 31.6  9.3 11.6 37.7  5.3  5.9  3.9  2.4  1.4  2.2  3.9  6.5  0.8
  1.6  6.1  2.6  2.8  7.1 12.2 27.4  8.9  3.2  3.2 58.6132.0  2.0169.4  5.1
  0.8  0.4  0.0  0.0  0.0  0.0  0.0  0.0  0.0  0.0  0.0  0.0  0.0  0.0  0.0
  0.0  0.0  0.0  3.4  0.6  2.2  0.6  0.2  0.2  0.0  0.0  0.0  0.0  0.0  0.6
  0.4  1.0  0.2  0.0  0.0  0.0  0.2  0.0  0.0  0.4  0.4  0.0  1.4  2.0  0.0
  6.9  0.4  0.0  7.3  2.2  0.2  2.8  3.9  0.0  0.0  0.0  0.0  0.0  0.0  0.0
  0.4  1.0  0.0  0.0  0.0  0.0  0.2 18.5  0.8  0.8  6.3 17.4  1.8  6.3 10.8
  2.4  1.6  3.0  1.8  0.6  0.4  0.0 37.1 21.1 17.2  2.4  6.5  9.3  5.5  0.0
      0.92      5.43     -2.49     -1.29      0.91  0.2  0.0  0.0  0.2  0.0
                                     4000_story_3262_llm.txt 38.3  4.4 5034
 18.7  4.4  0.4 42.5 10.5  0.2  2.6  1.0 70.3 10.5  1.4  1.2  0.4  3.6  1.2
  0.6  0.2  6.2 16.3  0.6  0.6209.4 81.6 25.8118.8 58.6 18.7 11.1  2.2  3.0
  1.2  2.2 37.3  8.9  5.6 37.7 10.1  5.6  2.6  2.4  1.4  2.6  4.2  6.6  1.4
  3.4  7.4  4.6  2.0  8.5 13.1 29.4 11.3  0.8  6.4 51.3139.5  2.4173.6  3.4
  1.4  0.6  0.0  0.0  0.0  0.0  0.0  0.0  0.0  0.0  0.0  0.0  0.0  0.0  0.0
  0.0  0.0  0.0  3.6  2.0  3.6  1.8  0.0  0.4  0.0  0.0  0.0  0.2  0.0  1.0
  0.8  2.0  1.8  0.6  0.0  0.8  0.0  0.0  0.0  1.8  0.0  0.0  4.0  1.2  0.0
 10.9  0.4  0.2 11.5  6.2  0.8  8.7  5.2  0.0  0.0  0.0  0.0  0.0  0.0  0.0
  0.0  0.4  0.0  0.0  0.0  0.0  0.0  9.9  4.6  3.4  9.5 17.1  2.2  6.0  6.2
  2.4  1.2  2.0  1.8  0.2  0.8  0.4 32.0 23.0 27.0  2.0  4.8 12.3  5.8  0.0
     -0.08      6.44      1.90     -1.67      2.13  0.6  0.0  0.2  0.0  0.0
                                     4000_story_3263_llm.txt 36.8  4.8 4497
 16.0  2.4  0.4 36.0  6.2  0.2  1.1  1.3 21.3  8.2  0.7  0.9  0.2  4.2  0.9
  0.2  1.1  4.4 17.3  0.7  1.6241.0 86.3 36.2109.0 73.6 15.1  7.1  3.1  4.7
  0.2  2.0 40.5  9.3  7.1 40.2 11.3  6.7  2.9  0.9  1.6  4.0  5.1  9.6  1.3
  4.7  4.9  3.6  4.4  6.0 12.7 26.0 15.6  1.8  8.0 64.7101.2  1.6165.2  3.3
  0.7  0.4  0.0  0.0  0.0  0.0  0.0  0.0  0.0  0.0  0.0  0.0  0.0  0.0  0.0
  0.0  0.0  0.0  0.9  1.6  2.9  2.4  0.2  0.4  0.0  0.0  0.0  0.0  0.0  1.1
  0.2  1.3  1.1  1.1  0.0  0.4  0.0  0.0  0.0  1.1  0.0  0.0  2.4  1.6  0.0
  7.8  0.7  0.0  8.5  4.9  0.4  6.4  4.0  0.0  0.0  0.0  0.0  0.0  0.0  0.0
  0.4  0.7  0.0  0.0  0.0  0.0  0.0 13.1  4.4  2.0  8.7 12.5  1.8  5.8  9.1
  4.9  2.0  4.7  1.3  0.4  1.1  0.2 29.8 19.6 22.2  1.3  9.1 10.5  6.4  0.0
     -4.91      5.35      1.85     -1.34      3.55  0.2  0.0  0.0  0.2  0.0
                                     4000_story_3266_llm.txt 30.8  4.4 5384
 12.6  3.3  6.5 41.0  7.6  1.3  2.4  1.7 44.8 12.4  0.7  0.2  0.0  5.4  0.9
  1.1  0.6  5.8 18.8  0.7  0.7247.2 92.1 27.9102.7 35.8 14.5 10.8  2.2  2.8
  0.7  2.2 27.3  9.1 10.6 35.3  7.8  4.8  2.6  2.4  1.7  2.2  5.6 11.0  0.7
  2.4  8.0  2.2  2.2  5.9 12.3 31.6 14.1  1.3  5.8 61.8 88.2  2.0157.1  4.6
  1.9  0.0  0.0  0.0  0.0  0.0  0.0  0.0  0.0  0.0  0.0  0.0  0.0  0.0  0.0
  0.0  0.0  0.0  2.6  1.1  1.9  0.9  0.4  0.0  0.0  0.0  0.0  0.0  0.2  0.6
  0.6  0.6  0.7  0.7  0.0  0.4  0.2  0.2  0.2  0.4  0.6  0.0  3.2  1.1  0.0
  6.5  0.4  0.2  7.1  3.2  0.9  4.5  4.8  0.0  0.0  0.0  0.0  0.0  0.0  0.0
  0.4  0.6  0.0  0.2  0.0  0.0  0.0 10.0  2.8  2.2  8.0 22.5  1.9  6.3 10.6
  4.3  2.6  0.2  1.3  0.7  0.4  0.6 29.0 20.2 17.8  1.9  6.3 11.3  5.4  0.0
     -1.47      4.03     -0.64     -1.83      2.87  0.7  0.2  0.0  0.0  0.0
                                     4000_story_3271_llm.txt 37.5  4.7 2005
 10.5  3.0  8.5 38.4  4.0  0.5  1.0  0.0 26.9 11.0  2.0  2.5  0.5  5.5  1.0
  0.5  0.5  5.0 17.0  0.0  2.5258.9 97.3 38.4 92.8 47.9 11.5  7.0  2.0  4.5
  2.0  4.0 40.4  7.0  7.5 33.4  5.5  4.5  0.5  1.5  3.0  2.5  4.0  8.0  0.5
  3.0  8.5  1.0  1.5  4.0 12.5 33.4 11.5  0.5  8.5 70.3 78.8  3.5148.6  8.0
  1.0  0.0  0.0  0.0  0.0  0.0  0.0  0.0  0.0  0.0  0.0  0.0  0.0  0.0  0.0
  0.0  0.0  0.0  2.0  1.0  1.0  0.5  0.0  0.0  0.0  0.0  0.5  0.5  0.0  0.0
  0.5  0.0  0.5  0.5  0.0  0.5  0.0  0.5  0.0  0.0  0.5  0.0  0.5  0.5  0.0
  4.5  0.0  1.0  5.5  1.5  1.0  2.5  1.5  0.0  0.0  0.0  0.0  0.0  0.0  0.0
  0.5  0.0  0.0  0.0  0.0  0.0  0.0 13.5  2.5  2.5  5.5 10.5  5.5  5.5  5.0
  3.0  2.0  1.5  2.0  0.5  1.0  0.5 25.9 15.5 12.0  2.5  7.0 10.0  4.5  0.0
     -4.80      2.95      4.39     -2.27      1.43  1.5  0.0  0.0  0.0  0.0
                                     4000_story_3275_llm.txt 36.3  4.7 5165
 17.4  4.3  0.2 54.2  8.5  0.2  2.5  0.8 42.2 15.9  0.2  1.5  0.6  3.5  0.2
  1.0  1.0  7.6 12.2  0.8  0.8246.7 93.5 40.9 82.7 23.0 13.9  6.0  2.3  2.3
  1.0  1.7 39.5  6.8 11.4 37.8  6.8  3.7  3.1  3.1  1.4  2.3  4.8  7.7  1.2
  3.5  9.9  3.3  4.5  5.6 12.6 28.5 12.4  1.7  5.6 75.3 73.8  2.5153.3  5.0
  1.5  0.0  0.0  0.0  0.0  0.0  0.0  0.0  0.0  0.0  0.0  0.0  0.0  0.0  0.0
  0.0  0.0  0.0  2.7  0.6  1.9  3.1  0.0  0.2  0.0  0.0  0.0  0.2  0.0  0.4
  0.2  0.4  0.2  1.5  0.0  0.2  0.0  0.4  0.0  0.2  0.0  0.0  1.5  1.0  0.0
  8.3  0.2  0.2  8.7  2.7  0.6  3.5  2.5  0.0  0.0  0.0  0.0  0.0  0.0  0.0
  0.0  0.2  0.0  0.0  0.0  0.0  0.0  7.7  4.1  3.3  9.3 19.9  2.9  4.6  8.1
  2.3  1.0  1.5  1.4  0.2  1.4  1.0 23.2 13.0 21.7  1.5  7.7 11.0  4.3  0.0
     -2.78      1.81      0.33     -1.75      2.59  1.2  0.2  0.2  0.2  0.0
                                     4000_story_3277_llm.txt 35.8  4.5 5085
 17.5  3.9 16.1 62.5 20.1  0.8  3.1  1.0 25.6  9.6  1.0  1.2  0.8  3.7  1.6
  0.6  1.6  6.3 20.8  0.8  2.6254.7 87.1 28.1 85.9 64.9 14.2  9.2  2.0  3.5
  0.2  2.6 34.8  7.3 10.0 35.2  6.3 11.6  1.8  1.8  1.4  2.0  6.3  5.3  0.4
  5.3  7.9  2.4  2.2  7.3 19.3 34.2 11.0  2.4  5.7 65.7110.5  3.9162.8  5.1
  1.8  0.2  0.0  0.0  0.0  0.0  0.0  0.0  0.0  0.0  0.0  0.0  0.0  0.0  0.0
  0.0  0.0  0.0  2.2  0.8  2.6  1.6  0.0  0.2  0.0  0.0  0.0  0.2  0.2  0.0
  0.8  0.8  0.2  0.4  0.0  0.0  0.0  0.4  0.2  0.6  0.2  0.0  1.4  1.4  0.0
  7.1  0.2  0.4  7.7  2.2  0.6  3.3  2.9  0.0  0.0  0.0  0.0  0.0  0.0  0.0
  0.4  0.2  0.0  0.0  0.0  0.0  0.4  9.0  4.1  1.6 10.0 19.3  2.0  3.9  5.7
  2.6  1.2  2.6  2.2  0.6  0.2  0.4 29.1 15.1 23.2  1.8  4.5  9.8  3.9  0.0
      3.13      4.42      0.41     -1.03      3.13  0.8  0.0  0.2  0.0  0.0
                                     4000_story_3281_llm.txt 35.8  4.2 5814
 17.5  7.6  4.6 54.0 24.1  0.7  1.9  0.9 63.6 19.6  0.5  1.9  0.5  4.1  0.3
  0.5  1.0  5.2 11.5  0.7  0.9235.1 88.4 27.3104.4 38.9 15.3  9.6  0.5  2.6
  0.5  1.9 20.0  8.9 13.1 31.0  7.6  5.5  2.2  1.5  1.5  1.7  2.6  4.8  0.2
  2.1  7.6  1.7  1.7  4.3 12.2 24.4  7.1  1.7  3.6 51.8126.6  4.0172.0  5.5
  1.0  0.0  0.0  0.0  0.0  0.0  0.0  0.0  0.0  0.0  0.0  0.0  0.0  0.0  0.0
  0.0  0.0  0.0  3.6  1.2  3.3  2.2  0.0  0.0  0.0  0.0  0.0  0.0  0.0  0.2
  0.0  1.2  0.3  1.7  0.0  0.0  0.0  0.2  0.0  0.5  0.2  0.2  1.9  1.0  0.0
 10.3  0.0  0.0 10.3  3.4  0.2  4.1  3.3  0.0  0.0  0.0  0.0  0.0  0.0  0.0
  0.0  0.7  0.0  0.0  0.0  0.0  0.0  7.4  2.1  1.9  7.6 21.5  4.1  3.4  9.3
  1.2  1.0  0.9  2.4  0.3  0.3  0.2 37.8 16.2 21.8  2.4  2.9  9.8  6.0  0.0
      2.74      4.16     -3.04     -2.44     -0.49  0.5  0.0  0.0  0.0  0.0
                                     4000_story_3285_llm.txt 36.3  4.4 6541
 16.5  4.9 24.3 70.2 22.9  1.4  2.0  0.9 25.4 16.2  2.0  2.1  0.6  5.7  1.2
  0.3  1.7  6.0 12.8  1.2  2.3217.7 82.4 27.8104.9 67.4 20.2  9.8  1.1  1.8
  1.1  2.4 26.9  8.7 11.3 34.6  7.9  9.2  1.4  2.4  1.5  1.8  4.9  6.6  0.6
  3.7  7.2  1.5  2.6  7.2 16.7 27.1 10.9  2.9  4.0 62.1115.7  5.0189.1  4.9
  0.5  0.3  0.0  0.0  0.0  0.0  0.0  0.0  0.0  0.0  0.0  0.0  0.0  0.0  0.0
  0.0  0.0  0.0  2.4  0.5  3.8  1.7  0.3  0.0  0.0  0.0  0.0  0.0  0.2  0.8
  0.6  1.8  0.3  0.5  0.0  0.5  0.0  0.0  0.0  0.3  0.2  0.2  2.9  1.4  0.0
  8.4  0.3  0.2  8.9  4.0  0.5  4.7  4.6  0.0  0.0  0.0  0.0  0.0  0.0  0.0
  0.5  0.9  0.0  0.0  0.0  0.0  0.0 11.6  5.2  2.6  6.6 21.6  2.6  3.4  7.3
  2.6  1.5  2.9  0.8  0.3  0.5  0.6 37.0 17.0 24.8  1.5  5.2 11.5  6.4  0.0
      6.51      6.41     -1.51     -1.40      2.08  0.6  0.0  0.2  0.0  0.0
                                     4000_story_3290_llm.txt 37.3  4.3 5727
 13.8  3.0 11.7 45.7  9.4  1.6  2.6  0.9 16.8 10.5  1.0  0.2  0.0  2.6  0.3
  0.3  0.5  5.8 12.4  2.1  2.1256.2 94.3 29.7107.2 69.3 13.8 14.5  0.5  1.6
  0.0  2.6 23.0  8.9 13.1 29.9  6.8  6.8  3.0  3.0  1.4  1.6  3.5  8.6  0.9
  3.8  8.6  3.0  2.4  2.1 14.0 26.7 13.3  2.6  2.1 53.6 95.5  2.3168.7  5.4
  1.0  0.2  0.0  0.0  0.0  0.0  0.0  0.0  0.0  0.0  0.0  0.0  0.0  0.0  0.0
  0.0  0.0  0.0  2.6  1.2  1.7  1.0  0.0  0.0  0.0  0.0  0.0  0.0  0.0  0.2
  0.7  1.4  1.0  0.3  0.0  0.0  0.2  0.2  0.0  0.2  0.2  0.0  1.4  1.2  0.0
  6.6  0.0  0.0  6.6  3.7  0.3  4.2  2.8  0.0  0.0  0.0  0.0  0.0  0.0  0.0
  0.3  0.5  0.0  0.0  0.0  0.0  0.3 10.1  1.2  1.0  6.1 22.0  3.1  4.0 11.5
  3.1  1.9  2.8  1.2  0.7  0.2  0.3 40.3 22.9 19.2  1.9  4.2  9.8  5.9  0.0
     -4.13      6.22     -3.45     -1.38      1.76  0.5  0.0  0.5  0.0  0.0
                                     4000_story_3291_llm.txt 36.0  4.6 4262
 17.1  4.5  0.0 46.9  6.8  0.2  2.3  2.6 39.7 11.5  0.9  0.5  0.2  3.8  0.9
  1.9  0.5  5.6 13.1  1.4  0.5258.3 91.3 37.3 88.2 44.3 19.9 14.3  2.1  2.8
  1.9  1.2 39.4  5.9  8.4 32.1  7.0  3.3  1.6  0.9  3.1  1.2  3.1  6.8  0.9
  3.1  8.2  4.5  3.1  4.7 12.0 23.9 10.8  1.9  6.8 64.8 90.8  2.1152.3  5.4
  1.4  0.0  0.0  0.0  0.0  0.0  0.0  0.0  0.0  0.0  0.0  0.0  0.0  0.0  0.0
  0.0  0.0  0.0  3.5  0.5  2.8  1.4  0.5  0.0  0.0  0.0  0.2  0.2  0.0  0.5
  0.7  0.5  0.2  0.9  0.0  0.0  0.0  0.5  0.2  0.9  0.0  0.5  2.8  1.4  0.0
  8.2  0.5  0.5  9.2  2.8  0.7  4.5  4.7  0.0  0.0  0.0  0.0  0.0  0.0  0.0
  0.0  0.0  0.0  0.0  0.0  0.0  0.0 10.6  3.1  1.2  7.5 19.9  4.5  4.0  5.4
  5.9  1.2  2.8  1.6  0.2  0.7  0.0 22.5 24.4 20.6  1.2  6.8  8.4  3.5  0.0
     -3.70      5.63      2.52     -2.94      1.02  0.7  0.0  0.0  0.0  0.0
                                     4000_story_3298_llm.txt 35.0  4.7 1967
 11.2  0.5  7.6 25.9  5.1  0.0  1.0  0.5  5.6 12.7  0.0  1.5  0.0  5.1  0.5
  0.0  0.0  3.1 16.8  0.0  1.0275.0 95.6 34.6114.4 56.4 14.7 11.7  1.0  3.6
  1.0  4.6 36.1  7.1 15.8 38.6  5.1  3.6  5.1  1.0  1.0  1.5  5.6  4.1  1.5
  5.1  6.6  0.0  2.5  4.1  7.6 30.5 10.7  0.0  5.6 69.1 67.1  1.5160.7  5.6
  1.0  0.0  0.0  0.0  0.0  0.0  0.0  0.0  0.0  0.0  0.0  0.0  0.0  0.0  0.0
  0.0  0.0  0.0  1.0  0.0  0.5  2.0  0.0  0.0  0.0  0.0  0.0  0.0  0.0  0.5
  0.0  0.5  1.0  1.5  0.0  0.5  0.0  0.0  0.0  0.0  0.5  0.0  1.0  0.5  0.0
  3.6  0.0  0.0  3.6  3.6  0.5  4.1  2.0  0.0  0.0  0.0  0.0  0.0  0.0  0.0
  0.0  0.0  0.0  0.0  0.0  0.0  0.0  9.7  3.6  1.5  8.1 21.9  3.1  3.6 11.7
  0.5  2.0  4.1  1.0  0.0  1.5  0.0 31.5 21.4 13.7  3.1  7.6 13.2  5.6  0.0
    -10.04      5.54     -0.39     -2.56      3.30  0.5  0.0  0.0  0.0  0.0
                                     4000_story_3302_llm.txt 35.8  4.5 4619
 12.6  2.2  7.6 33.3  3.0  0.9  2.2  1.1  5.6 15.4  0.9  1.7  0.0  5.2  0.6
  0.2  0.2  5.8 14.5  0.9  1.7279.7 90.7 26.8115.8 55.2 12.1 12.1  0.4  1.9
  0.0  1.9 19.3  6.1 13.6 32.7  3.5  3.5  2.4  1.7  0.4  1.5  2.8  6.7  0.9
  5.4  7.6  2.6  2.4  3.2  9.7 27.5 13.0  1.1  2.4 58.5 63.9  1.3162.6  4.3
  1.1  0.4  0.0  0.0  0.0  0.0  0.0  0.0  0.0  0.0  0.0  0.0  0.0  0.0  0.0
  0.0  0.0  0.0  2.4  0.2  1.1  1.1  0.0  0.2  0.2  0.0  0.0  0.0  0.0  0.0
  0.0  0.2  0.6  0.2  0.0  0.2  0.0  0.2  0.0  0.0  0.2  0.0  1.1  0.9  0.0
  4.8  0.4  0.0  5.2  1.1  0.4  1.5  2.2  0.0  0.0  0.0  0.0  0.0  0.0  0.0
  0.6  0.6  0.0  0.0  0.0  0.0  0.0  2.8  2.2  2.2  7.6 25.8  2.6  5.0  3.9
  0.4  2.2  0.4  0.6  0.4  0.9  0.2 29.4 18.6 16.9  2.2  4.8 12.3  7.1  0.0
     -5.29      5.11     -3.34     -3.41      1.56  1.5  0.0  0.0  0.0  0.0
                                     4000_story_3303_llm.txt 36.3  4.4 4499
 14.9  4.2  0.4 36.0  7.3  0.0  1.6  0.9 54.0 10.4  0.9  0.9  0.7  3.8  0.0
  1.1  0.9  4.0 19.6  0.0  0.9258.3 94.7 37.6106.2 41.3 10.4  9.6  2.2  3.3
  0.4  1.6 22.9  8.7 11.6 27.6  7.1  3.6  3.3  2.2  2.0  1.8  2.9  5.8  0.2
  4.9 10.4  2.4  1.8  3.1  9.6 34.7 10.9  0.9  6.0 62.7102.7  3.3159.8  5.1
  0.9  0.4  0.0  0.0  0.0  0.0  0.0  0.0  0.0  0.0  0.0  0.0  0.0  0.0  0.0
  0.0  0.0  0.0  2.7  1.1  2.2  1.6  0.0  0.0  0.0  0.0  0.0  0.2  0.0  0.0
  0.4  0.4  0.9  1.1  0.0  0.2  0.2  0.0  0.0  0.2  0.0  0.0  1.8  0.0  0.0
  7.6  0.0  0.2  7.8  2.9  0.4  3.6  1.8  0.0  0.0  0.0  0.0  0.0  0.0  0.0
  0.2  0.0  0.0  0.0  0.0  0.0  0.2 15.8  2.0  0.7  5.3 20.4  1.3  3.8  6.7
  2.2  4.7  1.3  2.7  0.4  1.8  0.0 35.3 15.8 17.1  0.9  6.0  9.1  5.1  0.0
     -4.23      3.38     -0.92     -2.01      0.80  0.2  0.0  0.0  0.0  0.0
                                     4000_story_3305_llm.txt 35.5  4.4 5264
 13.5  0.9  0.8 44.3 10.1  0.4  2.1  1.1 58.5 14.6  0.4  0.9  0.2  3.8  0.4
  1.3  1.1  5.5 11.4  0.0  1.5243.4 94.0 38.9 92.1 33.6 16.7  4.2  0.4  3.4
  0.6  3.2 39.5  7.0  9.1 34.4  5.5  2.1  1.7  2.3  1.9  2.5  3.2  6.1  1.1
  3.0  9.1  2.8  2.1  7.6  9.5 27.0 10.3  1.1  4.4 77.3102.2  2.1147.4  4.0
  0.6  0.0  0.0  0.0  0.0  0.0  0.0  0.0  0.0  0.0  0.0  0.0  0.0  0.0  0.0
  0.0  0.0  0.0  1.1  0.8  1.3  1.3  0.0  0.0  0.0  0.0  0.0  0.2  0.0  0.4
  0.2  1.1  0.4  0.4  0.2  0.4  0.0  0.2  0.0  0.8  0.2  0.0  2.3  1.7  0.0
  4.6  0.0  0.2  4.7  2.5  0.8  4.0  4.2  0.0  0.0  0.0  0.0  0.0  0.0  0.0
  0.2  0.4  0.0  0.0  0.0  0.0  0.2  8.4  5.1  2.5  7.6 25.6  2.1  3.6  8.7
  3.2  0.9  0.9  2.3  0.8  0.6  0.6 25.8  9.9 18.8  2.1  3.6  8.2  4.4  0.0
     -3.95      2.79      0.72     -2.63      1.17  0.0  0.2  0.2  0.0  0.0
                                     4000_story_3306_llm.txt 33.0  4.4 2138
 12.6  8.9  9.4 44.0 10.8  0.9  1.9  2.8 12.2 18.7  2.8  0.5  0.0  4.7  0.0
  1.4  0.9  5.1 22.5  1.9  5.1263.8 79.5 21.0109.4 57.5 12.6 14.0  0.5  1.9
  0.5  2.3  9.4 12.6 15.9 43.0  6.5  4.2  2.3  3.7  1.9  3.7  5.6  6.1  0.0
  1.9 10.8  0.0  1.9  2.3 11.2 39.8  8.0  2.8  2.8 50.5 80.4  3.3172.1  7.5
  0.9  0.0  0.0  0.0  0.0  0.0  0.0  0.0  0.0  0.0  0.0  0.0  0.0  0.0  0.0
  0.0  0.0  0.0  4.7  0.5  3.3  1.9  0.5  0.0  0.0  0.0  0.0  0.0  0.0  0.5
  0.0  0.9  0.9  0.9  0.0  0.0  0.5  0.0  0.5  0.0  0.5  0.0  3.7  0.0  0.0
 10.3  0.5  0.0 10.8  3.3  0.9  4.2  4.2  0.0  0.0  0.0  0.0  0.0  0.0  0.0
  0.5  0.5  0.0  0.0  0.0  0.0  0.0 10.3  1.4  0.5  5.1 26.2  1.9  6.1  6.1
  3.3  2.3  0.5  0.9  0.9  0.0  0.0 40.7 22.5 13.1  0.9  4.2 12.6  9.8  0.0
      3.97      5.46     -6.61     -0.76      1.41  0.5  0.0  0.0  0.0  0.0
                                     4000_story_3309_llm.txt 35.5  4.4 3579
 15.6  4.2 19.3 48.3 11.7  2.2  2.8  1.7 14.5 16.2  2.8  0.0  0.6  5.3  0.3
  0.8  2.0  6.4 20.4  1.4  2.8259.8 79.9 37.4107.0 70.4 17.9  7.8  0.3  2.5
  0.3  2.0 22.4 10.1 11.5 36.0  7.0  6.1  1.4  1.7  1.4  1.4  3.1  2.8  0.0
  2.8  6.4  0.6  2.0  5.0 14.0 30.5  5.6  3.4  3.1 74.0 96.7  1.7169.3  6.7
  0.6  0.3  0.0  0.0  0.0  0.0  0.0  0.0  0.0  0.0  0.0  0.0  0.0  0.0  0.0
  0.0  0.0  0.0  1.1  1.7  2.5  1.1  0.3  0.0  0.0  0.0  0.0  0.0  0.0  0.6
  0.3  1.4  0.6  1.7  0.0  0.0  0.0  0.0  0.0  0.3  0.0  0.0  2.2  0.6  0.0
  6.4  0.3  0.0  6.7  4.5  0.0  4.7  2.8  0.0  0.0  0.0  0.0  0.0  0.0  0.0
  1.4  1.1  0.0  0.0  0.3  0.0  0.0  8.4  1.7  1.4  3.9 21.5  1.1  3.4  6.4
  3.4  2.2  3.1  2.5  0.0  0.0  0.3 41.6 14.2 19.8  2.0  8.1  9.5  5.0  0.0
      3.74      5.81     -3.37     -2.70     -0.38  0.6  0.0  0.0  0.0  0.0
                                     4000_story_3310_llm.txt 33.8  4.3 4155
 17.1  7.5 15.2 70.3 16.8  1.7  3.6  1.4 32.3 14.9  1.7  1.7  0.2  4.8  1.4
  1.4  1.4  6.0 13.5  1.2  1.4244.3 69.1 29.4102.5 66.4 12.8 24.1  0.0  2.2
  0.2  1.7 19.5  4.8  9.9 34.7  6.7  9.4  1.7  3.1  1.9  1.7  5.1  7.2  0.2
  2.6  7.0  1.0  3.4  5.1 17.3 27.0 10.1  2.6  2.4 65.9115.5  3.6184.1  9.4
  0.7  0.0  0.0  0.0  0.0  0.0  0.0  0.0  0.0  0.0  0.0  0.0  0.0  0.0  0.0
  0.0  0.0  0.0  2.9  0.0  2.6  2.4  0.0  0.0  0.0  0.0  0.0  0.0  0.0  0.5
  0.0  1.4  0.7  0.0  0.0  0.0  0.2  0.0  0.0  0.5  0.2  0.0  2.6  1.0  0.0
  7.9  0.0  0.0  7.9  2.6  0.2  3.4  3.9  0.0  0.0  0.0  0.0  0.0  0.0  0.0
  1.0  0.2  0.0  0.0  0.2  0.0  0.2 15.6  1.2  0.5  6.5 24.1  1.4  6.0  5.5
  3.4  1.9  1.0  1.9  0.7  1.2  0.0 33.9 33.2 22.6  2.2  3.9 11.8  7.9  0.0
      5.86      7.51     -1.99     -0.81      1.67  0.0  0.0  0.0  0.0  0.0
                                     4000_story_3311_llm.txt 36.5  4.5 3517
 10.5  1.4  4.3 50.6 10.2  1.4  1.4  1.7 17.6 16.2  2.0  0.6  0.0  3.4  0.6
  1.4  0.9  8.8 16.8  0.3  2.6257.6 75.1 42.1103.2 60.8 11.4 12.5  0.6  1.7
  0.6  4.3 18.5  7.1 11.7 36.1  5.1  7.7  2.3  3.4  2.8  0.6  3.4  6.8  0.6
  3.1  6.5  1.4  3.4  3.7 19.3 31.6 10.5  1.1  2.8 76.5 88.7  3.7167.2  7.4
  1.1  0.6  0.0  0.0  0.0  0.0  0.0  0.0  0.0  0.0  0.0  0.0  0.0  0.0  0.0
  0.0  0.0  0.0  0.9  0.9  0.6  0.6  0.3  0.3  0.0  0.0  0.3  0.0  0.0  0.0
  0.3  0.0  0.6  0.6  0.0  0.3  0.0  0.0  0.0  0.0  0.0  0.3  1.4  0.3  0.0
  2.8  0.6  0.3  3.7  1.4  0.3  1.7  2.0  0.0  0.0  0.0  0.0  0.0  0.0  0.0
  0.6  0.9  0.0  0.0  0.0  0.0  0.3  6.5  2.0  1.1  7.4 34.1  1.1  4.0  7.4
  5.7  2.6  1.4  1.7  0.3  0.9  0.6 36.7 17.6 12.2  1.4  6.0  8.8  5.4  0.0
     -2.73      4.88     -1.97     -0.91      0.99  0.0  0.3  0.0  0.3  0.0
                                     4000_story_3315_llm.txt 37.0  4.4 2930
 14.3  5.1  2.0 57.7 15.0  2.4  1.7  3.1 53.2 11.9  2.0  1.7  0.0  5.1  0.0
  1.7  0.7  6.8 15.4  1.7  0.7247.1 77.5 44.4 90.8 36.2 20.5 10.6  0.3  2.7
  0.3  2.0 30.4  6.1  8.2 41.0  6.8  7.5  3.8  2.0  1.0  3.4  6.5  6.5  0.0
  1.7  8.5  3.4  2.7  6.5 15.4 29.7  8.2  2.4  3.4 74.7104.4  1.7157.0  6.5
  2.0  0.0  0.0  0.0  0.0  0.0  0.0  0.0  0.0  0.0  0.0  0.0  0.0  0.0  0.0
  0.0  0.0  0.0  3.1  1.4  3.4  2.4  0.3  0.0  0.0  0.0  0.0  0.0  0.3  1.4
  0.3  1.0  0.7  0.7  0.0  0.3  0.7  0.0  0.3  0.0  0.3  0.0  2.7  0.7  0.0
 10.2  0.3  0.3 10.9  4.1  1.4  5.5  3.8  0.0  0.0  0.0  0.0  0.0  0.0  0.0
  0.0  0.3  0.0  0.0  0.0  0.0  0.0 10.2  1.4  2.7  2.4 20.5  1.0  3.8  3.1
  2.7  2.4  5.5  3.1  0.3  1.0  0.3 26.3 19.8 19.8  1.4  2.4 12.3  4.1  0.0
      1.50      4.76     -0.77     -0.82      1.96  0.3  0.0  0.0  0.0  0.0
                                     4000_story_3319_llm.txt 36.0  4.7 4945
 14.6  7.5  4.7 64.9 15.2  1.4  2.8  1.2 23.5 10.5  3.6  1.2  0.2  8.3  0.4
  0.8  1.6  8.7 13.8  1.2  0.6272.8 75.8 32.8 95.4 48.5 14.2 19.2  0.6  1.4
  0.0  1.8 27.5  6.1  9.1 32.8  8.9  9.3  1.4  3.0  4.0  2.2  4.0  6.5  0.4
  3.6  3.6  2.0  3.2  7.9 22.0 23.5 10.5  2.8  2.0 60.9 87.2  1.4174.5  5.9
  1.0  0.0  0.0  0.0  0.0  0.0  0.0  0.0  0.0  0.0  0.0  0.0  0.0  0.0  0.0
  0.0  0.0  0.0  4.4  1.4  3.2  2.0  0.2  0.0  0.2  0.0  0.0  0.0  0.0  0.8
  0.4  2.0  0.2  0.4  0.2  0.0  0.2  0.2  0.2  0.4  0.4  0.0  2.6  1.2  0.0
 11.1  0.4  0.0 11.5  3.8  0.8  5.1  4.2  0.0  0.0  0.0  0.0  0.0  0.0  0.0
  0.2  0.2  0.2  0.0  0.0  0.0  0.0  4.0  2.6  1.8  4.0 18.2  2.2  5.5  7.7
  3.8  2.2  0.6  1.6  0.6  0.2  0.2 33.4 26.5 23.1  0.8  3.2  9.7  7.1  0.0
      2.77      5.85     -1.65      0.26      1.37  0.0  0.0  0.0  0.0  0.0
                                     4000_story_3321_llm.txt 35.0  4.2 3872
 16.3  9.0  5.9 47.5  9.0  0.8  2.3  1.0 56.0 11.6  0.8  1.3  0.3  4.9  0.8
  0.3  0.3  7.0 23.8  1.3  1.5236.8 77.2 29.4111.1 50.9 15.5  9.3  0.3  1.5
  0.0  2.1 11.9  8.3  9.8 25.3  8.5  4.9  2.3  3.9  2.3  0.8  2.1  1.8  0.3
  1.8  9.0  2.1  4.4  7.7 14.2 40.0  3.9  1.5  1.8 60.4116.0  3.9172.3  6.7
  1.0  0.0  0.0  0.0  0.0  0.0  0.0  0.0  0.0  0.0  0.0  0.0  0.0  0.0  0.0
  0.0  0.0  0.0  4.4  1.0  4.9  1.8  0.0  0.0  0.0  0.0  0.0  0.0  0.3  0.5
  0.5  1.3  0.5  1.3  0.0  0.0  0.3  0.0  0.0  0.0  0.0  0.0  1.3  1.0  0.0
 12.1  0.0  0.3 12.4  4.1  0.3  4.4  2.3  0.0  0.0  0.0  0.0  0.0  0.0  0.0
  0.3  0.5  0.0  0.0  0.0  0.0  0.0 11.9  2.6  0.8  5.4 25.3  2.1  5.4  8.8
  3.4  1.0  2.6  1.0  1.5  0.5  0.0 41.3 17.3 23.2  1.8  5.7 10.8  4.6  0.0
      3.85      4.89     -3.20     -1.51     -1.28  0.3  0.0  0.0  0.0  0.0
                                     4000_story_3322_llm.txt 35.5  4.3 4194
 17.9  6.4  0.7 35.5  7.6  0.2  2.1  1.7 32.2 21.0  0.5  1.9  0.0  5.7  1.2
  1.9  0.7  6.0 14.8  1.9  0.5204.3 81.1 26.0128.3 76.3 18.4 15.5  1.0  3.6
  1.4  2.1 30.0 12.9 12.9 41.7  7.4  1.7  4.3  0.7  1.9  1.7  5.5  6.0  0.7
  1.7  9.8  5.2  1.4  4.5  9.5 29.3  8.3  2.6  6.0 55.8116.1  3.1173.6  4.8
  1.7  0.0  0.0  0.0  0.0  0.0  0.0  0.0  0.0  0.0  0.0  0.0  0.0  0.0  0.0
  0.0  0.0  0.0  3.8  0.7  5.0  2.1  0.0  0.0  0.0  0.0  0.0  0.5  0.2  0.5
  0.2  0.7  1.2  0.7  0.0  0.0  0.0  0.0  0.0  0.2  0.0  0.0  1.4  1.4  0.0
 11.7  0.0  0.7 12.4  3.3  0.0  3.6  2.9  0.0  0.0  0.0  0.0  0.0  0.0  0.0
  0.7  0.7  0.0  0.0  0.2  0.0  0.2 11.0  2.1  3.6  6.9 23.8  3.6  4.5 11.9
  2.9  2.6  1.7  1.4  0.2  0.7  0.5 33.1 25.8 22.9  1.0  8.3 11.2  6.9  0.0
      3.94      8.28     -2.33     -2.92      1.79  0.0  0.0  0.0  0.0  0.0
                                     4000_story_3323_llm.txt 35.8  4.4 2621
  9.9  2.7 19.5 51.1  6.1  0.8  0.4  1.1 36.6 12.6  0.4  0.4  0.8  5.7  1.5
  0.0  0.4  4.2 21.0  1.1  4.2253.7 90.4 44.6 80.9 61.8 12.6 10.3  3.4  2.3
  0.0  3.8 27.5  7.2 13.4 37.8  8.4  6.5  1.5  1.9  1.5  2.7  3.1  5.3  1.1
  1.9  8.8  1.9  0.8  5.0 12.2 35.9  8.4  1.5  5.7 82.0104.5  2.7146.9  5.0
  2.7  0.0  0.0  0.0  0.0  0.0  0.0  0.0  0.0  0.0  0.0  0.0  0.0  0.0  0.0
  0.0  0.0  0.0  3.1  0.4  1.1  1.9  0.0  0.0  0.0  0.0  0.0  0.0  0.0  0.0
  0.4  0.4  0.8  1.5  0.0  0.8  0.4  0.0  0.0  0.0  0.8  0.0  3.8  1.9  0.0
  6.5  0.0  0.0  6.5  3.1  1.1  4.2  6.5  0.0  0.0  0.0  0.0  0.0  0.0  0.0
  0.0  1.1  0.0  0.0  0.0  0.0  0.4 13.0  1.1  1.5  9.9 15.6  0.4  5.3  6.1
  4.6  1.5  5.7  1.1  1.1  1.1  0.4 27.5 19.5 13.7  1.9  3.4 11.1  6.5  0.0
     -0.84      4.01     -0.69     -1.91      0.59  1.1  0.0  0.0  0.0  0.0
                                     4000_story_3326_llm.txt 35.5  4.3 2091
 15.3  3.3  2.4 82.7 12.0  0.0  2.9  1.4 41.1 10.5  1.4  2.9  0.0  7.2  1.4
  1.9  2.9 16.3 21.0  1.0  1.4224.8 70.3 43.0 73.2 46.9 18.2 10.5  2.4  3.8
  1.4  3.8 24.4  6.7  9.6 33.0 13.9  7.2  1.9  1.9  5.7  3.8  3.3  5.3  0.5
  2.4  7.2  1.9  3.8 10.0 29.2 36.8  8.1  3.8  7.7 77.0100.0  0.5170.3  3.8
  1.4  0.5  0.0  0.0  0.0  0.0  0.0  0.0  0.0  0.0  0.0  0.0  0.0  0.0  0.0
  0.0  0.0  0.0  1.9  1.9  2.9  1.4  1.9  0.0  0.0  0.0  0.0  0.0  0.0  0.5
  0.5  1.0  0.5  1.0  0.0  0.5  0.0  0.0  0.5  1.4  0.0  0.0  2.4  1.0  0.0
  8.1  1.9  0.0 10.0  3.3  1.0  5.7  3.3  0.0  0.0  0.0  0.0  0.0  0.0  0.0
  0.0  0.0  0.0  0.0  0.0  0.0  0.5  9.1  3.3  1.9  7.7  8.6  3.3  4.3  5.3
  3.8  1.9  1.9  1.0  0.5  0.5  0.5 33.0 22.0 22.0  1.4  5.3 12.0  3.8  0.0
     11.46      4.21      2.11      0.85      0.40  1.0  0.0  0.0  0.0  0.0
                                     4000_story_3327_llm.txt 36.5  4.4 2242
 11.2  4.0  8.9 55.8  9.8  1.3  2.2  0.0 36.1 11.6  1.3  1.8  0.4  4.9  0.9
  0.0  0.9  5.4 25.4  0.4  1.8217.7 76.7 34.3 99.9 68.2 17.8 12.5  0.9  2.7
  2.2  1.8 27.7  6.7  8.9 45.5  8.0  8.0  0.9  2.2  0.9  1.3  4.9  6.2  0.0
  3.6  6.2  1.8  4.5  8.0 14.3 37.5  9.8  1.3  5.8 69.1114.2  3.6174.8  4.9
  1.3  0.0  0.0  0.0  0.0  0.0  0.0  0.0  0.0  0.0  0.0  0.0  0.0  0.0  0.0
  0.0  0.0  0.0  1.3  0.4  2.2  2.2  0.0  0.0  0.0  0.0  0.0  0.0  0.0  0.4
  0.0  1.3  0.4  0.4  0.0  0.4  0.0  0.0  0.4  0.9  0.0  0.4  1.8  2.7  0.0
  6.2  0.0  0.0  6.2  2.7  0.9  4.5  4.9  0.0  0.0  0.0  0.0  0.0  0.0  0.0
  0.9  0.4  0.0  0.0  0.0  0.0  0.0 28.1  3.1  2.2 13.4 19.6  1.3  4.0  7.1
  1.3  3.1  0.4  0.9  0.4  0.0  1.8 29.4 23.6 15.2  1.8  7.6 12.0  5.4  0.0
      1.92      6.34      0.32     -2.43      1.54  0.4  0.0  0.0  0.0  0.0
                                     4000_story_3333_llm.txt 36.0  4.6 3508
 13.7  2.0  0.6 64.4 16.8  0.9  3.1  0.6 16.8 10.3  2.3  2.9  0.0  4.0  0.0
  1.4  3.1 10.8 16.8  1.1  0.9263.4 81.5 39.6 79.2 71.6 15.4 10.8  2.0  2.3
  1.4  1.1 47.6  5.1  5.7 38.5  6.0  5.4  1.4  3.4  1.1  1.7  4.6  7.1  1.1
  2.9  6.8  3.1  4.6  9.7 17.4 31.1 11.1  4.3  5.7 72.1105.2  0.6151.9  3.4
  1.7  0.3  0.0  0.0  0.0  0.0  0.0  0.0  0.0  0.0  0.0  0.0  0.0  0.0  0.0
  0.0  0.0  0.0  2.0  0.3  0.9  2.3  0.3  0.3  0.0  0.0  0.0  0.0  0.0  0.0
  0.0  0.3  0.6  0.9  0.0  0.9  0.0  0.0  0.0  0.6  0.0  0.0  1.7  1.7  0.0
  5.4  0.6  0.0  6.0  1.7  0.9  3.1  3.4  0.0  0.0  0.0  0.0  0.0  0.0  0.0
  0.0  0.9  0.0  0.0  0.0  0.0  0.0 12.5  5.1  2.0 15.7 17.7  2.9  3.1  5.4
  2.3  2.0  0.9  0.0  0.0  0.6  0.3 23.7 19.4 21.4  0.9  6.3  8.6  2.9  0.0
      2.93      5.03      2.98     -2.07      2.10  0.6  0.0  0.0  0.0  0.0
                                     4000_story_3335_llm.txt 36.0  4.6 4596
 14.1  5.7  3.7 67.9 14.4  2.0  2.6  1.3 20.5 10.2  1.7  0.7  0.0  6.1  0.4
  0.9  1.7  7.0 20.5  0.9  1.1256.7 86.8 28.7 68.1 49.4 14.1 10.2  2.4  4.8
  1.3  1.1 44.4  7.2  4.1 32.0  8.9  7.2  2.6  3.7  3.7  3.7  2.4 10.9  0.4
  4.6  4.1  3.9  4.8  6.5 17.8 30.0 15.9  2.6  8.5 61.1 84.2  1.7148.0  4.6
  1.7  0.0  0.0  0.0  0.0  0.0  0.0  0.0  0.0  0.0  0.0  0.0  0.0  0.0  0.0
  0.0  0.0  0.0  3.9  0.9  2.6  2.0  0.4  0.0  0.0  0.0  0.0  0.0  0.0  0.4
  0.2  0.7  1.7  0.9  0.4  1.1  0.2  0.0  0.2  0.7  0.7  0.2  3.3  0.9  0.0
  9.4  0.4  0.0  9.8  3.9  2.0  6.5  5.0  0.0  0.0  0.0  0.0  0.0  0.0  0.0
  0.4  0.2  0.0  0.0  0.0  0.0  0.0 23.3  7.2  3.5 17.0 14.1  3.0  6.5  3.9
  2.2  0.4  0.7  0.2  0.2  0.7  0.7 25.2 17.4 19.8  2.6  4.6  8.1  2.6  0.0
      1.93      3.32      4.36      0.87      1.33  0.9  0.0  0.7  0.4  0.0
                                     4000_story_3336_llm.txt 37.8  4.7 2666
 12.0  4.9  0.4 55.1 11.6  1.1  1.9  1.5 25.1 10.9  1.1  1.1  0.0  5.6  0.4
  1.5  0.4  9.0 22.1  1.9  1.1253.9 80.3 28.1 91.5 64.1 23.3 12.8  1.1  2.6
  0.8  1.5 44.6  9.0  4.5 40.9  8.3  7.1  2.6  1.9  3.0  3.0  4.5 10.1  0.4
  3.8  7.1  3.4  3.8  7.1 19.1 33.8 14.3  2.3  4.5 56.6100.9  1.9159.0  3.0
  0.8  0.0  0.0  0.0  0.0  0.0  0.0  0.0  0.0  0.0  0.0  0.0  0.0  0.0  0.0
  0.0  0.0  0.0  5.3  0.8  0.8  1.1  0.0  0.0  0.0  0.0  0.0  0.4  0.0  0.0
  1.1  0.0  2.3  0.0  0.0  0.8  0.8  0.0  0.0  0.4  0.8  0.0  3.8  1.5  0.0
  7.9  0.0  0.4  8.3  3.4  1.5  5.3  6.0  0.0  0.0  0.0  0.0  0.0  0.0  0.0
  0.4  0.0  0.0  0.0  0.0  0.0  0.0 15.8  3.8  1.9 12.0 18.8  6.8  6.4  4.5
  3.0  1.9  1.9  0.0  0.0  0.8  0.4 28.5 19.9 18.8  2.3  4.9  7.9  4.9  0.0
      0.76      6.97      1.07     -0.58      2.22  0.4  0.0  0.0  0.0  0.0
                                     4000_story_3338_llm.txt 34.5  4.6 2749
 18.2  4.4  7.3 61.5  8.0  0.0  2.9  1.1 16.0 17.1  0.4  2.5  0.4  1.8  0.0
  1.1  0.4  9.8 17.8  0.4  1.8257.2 96.8 29.8 80.4 56.0 12.0 12.0  2.9  4.7
  1.1  0.7 42.9  3.6  5.5 38.2 10.9  5.8  3.3  3.6  1.5  1.8  6.2  8.7  1.1
  4.0  5.5  6.2  2.9  5.8 17.1 30.2 13.8  0.7  8.7 57.1 80.0  3.3156.8  4.7
  0.7  0.7  0.0  0.0  0.0  0.0  0.0  0.0  0.0  0.0  0.0  0.0  0.0  0.0  0.0
  0.0  0.0  0.0  2.9  2.9  3.3  1.8  0.4  0.4  0.4  0.0  0.0  0.0  0.7  0.4
  0.7  1.8  2.2  0.7  0.4  0.0  0.0  0.0  0.0  1.5  0.4  0.0  2.9  0.4  0.0
 10.9  1.1  0.7 12.7  5.8  0.4  7.6  3.6  0.0  0.0  0.0  0.0  0.0  0.0  0.0
  0.0  0.7  0.0  0.0  0.0  0.0  0.0  8.0  5.1  3.3 21.5 10.9  4.7  7.6  5.8
  1.5  0.7  0.4  0.0  1.1  0.7  0.0 24.4 18.9 24.0  6.2  3.3 10.5  5.1  0.0
     -2.22      3.94      4.48     -1.09      3.69  0.7  0.4  0.0  0.0  0.0
                                     4000_story_3342_llm.txt 38.3  4.5 2667
 13.9  5.6  0.7 83.2 13.9  0.4  0.7  1.1 30.0 16.5  1.5  1.1  0.4  3.4  0.0
  2.6  1.9 10.1 18.7  0.4  1.9245.2 79.9 27.7 75.4 55.1 13.1 10.5  3.0  1.9
  0.0  0.7 32.6  5.2  9.0 43.1  8.2  7.5  4.1  2.2  5.2  2.2  4.5  7.1  0.4
  4.1  4.9  2.2  2.2  9.4 22.9 27.7 11.6  2.2  4.9 56.6 99.0  4.5173.6  4.5
  1.9  0.0  0.0  0.0  0.0  0.0  0.0  0.0  0.0  0.0  0.0  0.0  0.0  0.0  0.0
  0.0  0.0  0.0  3.0  1.1  3.4  0.7  0.0  0.0  0.0  0.0  0.0  0.0  0.0  0.4
  0.4  1.5  1.9  0.4  0.4  0.4  0.0  0.0  0.0  0.0  0.0  0.4  1.5  0.4  0.0
  8.2  0.0  0.0  8.2  4.5  0.7  5.2  2.2  0.0  0.0  0.0  0.0  0.0  0.0  0.0
  0.0  0.0  0.0  0.0  0.0  0.0  0.0 16.5  2.2  2.2  8.6 22.1  3.4  6.4  3.4
  4.5  3.0  0.7  0.0  1.1  0.7  0.0 34.9 19.5 22.1  2.6  3.0  7.1  5.2  0.0
      3.43      3.67     -0.38      0.93      1.88  0.4  0.0  0.0  0.4  0.0
                                     4000_story_3343_llm.txt 38.0  4.5 3026
 15.2  6.3  2.0 58.2 12.2  1.0  3.6  1.0 19.8 15.5  1.0  1.3  0.7  9.9  0.3
  3.3  2.3  4.6  8.9  0.7  1.0242.6 86.6 30.1 99.8 68.1 17.5 12.6  2.0  5.6
  0.7  2.3 26.1  9.6  8.9 38.0  6.6  4.6  3.3  1.0  3.0  2.6  3.0  4.6  1.0
  2.3  5.3  1.7  1.3  5.6 12.2 18.8  7.9  3.0  8.3 55.5100.1  3.0167.9  6.3
  0.3  0.0  0.0  0.0  0.0  0.0  0.0  0.0  0.0  0.0  0.0  0.0  0.0  0.0  0.0
  0.0  0.0  0.0  3.3  1.0  2.6  2.6  0.0  0.0  0.0  0.0  0.0  0.0  0.0  0.3
  0.0  0.7  1.3  1.7  0.0  0.0  0.3  0.0  0.0  0.0  0.3  0.0  3.6  1.3  0.0
  9.6  0.0  0.0  9.6  4.0  0.3  4.3  5.3  0.0  0.0  0.0  0.0  0.0  0.0  0.0
  0.0  0.7  0.0  0.0  0.0  0.0  0.0 13.9  2.6  1.7  9.9 17.5  5.0  7.6  5.3
  3.3  1.0  1.0  3.6  0.3  0.0  0.7 36.7 22.1 18.5  2.6  4.3  8.9  4.3  0.0
      3.91      6.27      0.70     -1.51      0.44  1.7  0.0  0.0  0.0  0.0
                                     4000_story_3344_llm.txt 36.8  4.7 2278
 11.4  4.0  0.4 58.8 20.2  0.9  0.9  0.0 23.3  8.3  0.4  0.4  0.0  1.8  0.0
  0.0  0.9  6.1 21.9  0.4  0.9268.7 80.3 36.9 97.5 67.6 14.0  5.7  3.1  3.5
  1.8  1.8 37.3  8.3 11.4 37.3  6.1  8.8  1.3  4.0  3.1  3.5  4.0  4.8  0.0
  2.2  4.4  0.9  3.1  4.8 18.0 32.5  7.0  1.3  8.3 68.9111.1  3.1165.1  4.8
  0.4  0.0  0.0  0.0  0.0  0.0  0.0  0.0  0.0  0.0  0.0  0.0  0.0  0.0  0.0
  0.0  0.0  0.0  1.3  0.4  3.1  0.4  0.0  0.0  0.0  0.0  0.0  0.0  0.0  0.4
  1.3  0.9  0.4  0.4  0.0  0.4  0.0  0.0  0.0  0.9  0.0  0.0  1.8  0.4  0.0
  5.3  0.0  0.0  5.3  3.5  0.4  4.8  2.2  0.0  0.0  0.0  0.0  0.0  0.0  0.0
  0.0  0.0  0.0  0.0  0.0  0.0  0.0 14.9  3.5  0.9 10.5 19.3  3.1  3.1  9.2
  4.0  0.4  3.5  0.4  0.4  0.0  0.0 34.2 14.9 18.0  0.4  5.3 10.5  5.3  0.0
     -5.58      4.24      1.51      0.57      0.28  0.0  0.0  0.0  0.0  0.0
                                     4000_story_3346_llm.txt 33.0  4.6 4403
 10.0  2.7  0.7 73.4 15.4  0.9  2.3  0.9 25.2 17.5  0.7  0.7  0.0  1.6  0.7
  2.0  2.0 10.7 12.9  0.5  0.7256.0 78.6 38.4 72.2 52.7 11.8  9.3  1.6  3.4
  2.0  2.0 47.0  6.8  2.3 31.3 12.3 10.2  2.0  3.2  3.2  3.0  2.7 11.4  0.7
  3.4  4.5  2.3  3.6  6.1 24.1 23.4 15.4  2.5  7.0 63.6 93.3  3.4157.8  4.1
  2.0  0.0  0.0  0.0  0.0  0.0  0.0  0.0  0.0  0.0  0.0  0.0  0.0  0.0  0.0
  0.0  0.0  0.0  2.7  0.5  1.6  2.0  0.5  0.0  0.0  0.0  0.0  0.0  0.2  1.4
  0.9  0.7  2.0  0.7  0.0  0.9  0.5  0.0  0.0  1.6  0.2  0.2  2.5  0.9  0.0
  6.8  0.5  0.2  7.5  5.7  1.4  8.6  3.9  0.0  0.0  0.0  0.0  0.0  0.0  0.0
  0.0  0.2  0.0  0.0  0.0  0.0  0.0 11.1  4.3  4.3 13.9 12.9  2.0  9.3  6.8
  4.3  3.9  1.6  0.0  0.9  0.9  0.2 38.8 18.9 18.9  3.2  3.9  7.0  3.4  0.0
     -0.69      2.99      5.10      0.63      1.42  0.5  0.9  0.0  0.0  0.0
                                     4000_story_3347_llm.txt 34.8  4.6 4074
  8.8  1.2  0.2 32.6  2.2  0.7  1.0  0.0  5.9  8.6  0.0  0.2  0.2  2.9  0.0
  0.0  0.0  7.6 21.4  0.5  2.5266.1105.8 47.9 90.8 61.6 16.7  4.2  2.0  3.2
  0.7  2.0 27.2  6.9 10.1 30.9  5.9  1.5  1.2  1.2  1.2  1.7  3.4 11.0  1.0
  3.7  5.6  1.5  3.7  2.9 10.3 30.4 15.7  0.5  5.9 79.8 69.7  1.0141.4  6.1
  0.5  0.2  0.0  0.0  0.0  0.0  0.0  0.0  0.0  0.0  0.0  0.0  0.0  0.0  0.0
  0.0  0.0  0.0  1.2  0.5  0.5  0.7  0.2  0.0  0.0  0.0  0.0  0.0  0.0  0.2
  0.5  0.2  1.2  0.0  0.0  1.0  0.0  0.2  0.0  0.2  0.0  0.0  1.0  0.5  0.0
  2.9  0.2  0.0  3.2  2.2  1.2  3.7  1.5  0.0  0.0  0.0  0.0  0.0  0.0  0.0
  0.0  0.2  0.0  0.2  0.0  0.0  0.0 15.5  2.0  1.2 11.3 19.9  3.7  5.2 10.8
  3.9  2.5  0.2  1.0  0.0  0.2  0.5 27.0  8.6 11.0  2.0  5.6  6.6  2.9  0.0
    -10.65      3.98      0.33     -4.03      2.14  0.5  0.2  0.5  0.0  0.0
                                     4000_story_3351_llm.txt 33.3  4.7 4997
 16.2  4.4  1.0 57.6 19.4  0.6  3.2  1.4 24.0 11.0  0.8  2.0  0.2  3.8  0.4
  1.8  0.8  7.4 16.4  1.0  1.6217.3 88.3 28.6 93.3 73.8 19.0  8.2  2.4  5.0
  1.0  1.0 42.4  6.6  8.6 43.2 11.4  7.2  3.6  2.6  1.8  3.0  4.0  5.4  0.2
  2.2  8.2  4.4  4.0  7.0 16.4 30.2  7.8  1.8  8.4 62.0117.3  2.8169.9  6.4
  1.4  0.2  0.0  0.0  0.0  0.0  0.0  0.0  0.0  0.0  0.0  0.0  0.0  0.0  0.0
  0.0  0.0  0.0  2.8  1.4  4.2  2.8  0.2  0.2  0.0  0.0  0.0  0.0  0.0  1.0
  0.0  2.4  1.0  0.8  0.0  1.0  0.2  0.0  0.2  1.6  0.0  0.0  3.0  1.0  0.0
 11.2  0.4  0.0 11.6  5.2  1.4  8.2  4.0  0.0  0.0  0.0  0.0  0.0  0.0  0.0
  0.0  1.2  0.0  0.0  0.0  0.0  0.2 10.8  5.2  4.2 12.4 15.8  0.6  4.8  5.0
  2.8  1.8  1.2  1.0  0.4  0.4  0.8 34.8 17.4 25.0  2.0  6.0 10.0  6.0  0.0
      0.65      5.80      2.24     -0.49      0.56  0.8  0.2  0.2  0.0  0.0
                                     4000_story_3362_llm.txt 25.5  4.2 2060
  2.9  0.0  1.9 43.2  6.3  1.0  1.9  1.5  4.4 23.8  0.0  1.5  0.0  6.3  0.0
  0.0  2.4  2.9 15.0  0.0  2.9294.2 89.8 44.7 95.1 32.0  3.9 15.0  0.5  2.9
  0.0  1.5 15.0  8.7 11.7 31.1  3.9  0.5  7.3  1.9  0.5  1.0  6.3  5.3  0.0
  2.4  2.4  0.0  0.5  2.4  3.9 22.3  7.8  2.4  3.4 67.0 42.7  1.9156.8  2.9
  0.0  0.0  0.0  0.0  0.0  0.0  0.0  0.0  0.0  0.0  0.0  0.0  0.0  0.0  0.0
  0.0  0.0  0.0  0.0  1.0  0.5  0.0  0.0  0.0  0.0  0.0  0.0  0.0  0.0  0.0
  1.5  1.5  0.0  0.5  0.0  0.0  0.0  0.0  0.0  0.0  0.0  0.0  2.4  0.5  0.0
  1.5  0.0  0.0  1.5  3.4  0.0  3.4  2.9  0.0  0.0  0.0  0.0  0.0  0.0  0.0
  0.5  0.5  0.0  0.0  0.0  0.0  0.0  6.3  0.5  0.5  7.8 34.0  1.9  2.4  9.7
  2.9  5.8  1.0  5.8  1.0  0.0  0.0 45.6 25.2  6.8  0.0  5.3  7.3  2.9  0.0
     -3.65      2.36     -3.39     -2.64      1.91  0.5  0.0  1.0  0.0  0.0
                                     4000_story_3365_llm.txt 32.3  4.2 2657
 19.6  6.8  0.0 91.5 27.5  2.3  2.6  0.4 27.9  6.4  1.9  0.0  0.8  6.4  0.0
  0.4  4.1 10.5 14.3  1.5  0.4238.6 68.1 23.7 90.7 80.5 11.7 13.5  0.0  1.9
  0.0  2.3 23.0  9.8 10.2 31.6  7.5 12.8  1.9  1.9  1.9  1.9  4.5  4.5  0.8
  2.6  5.6  3.0  3.4 11.7 25.2 24.1  7.9  5.6  1.9 54.2135.9  5.3187.1  5.3
  0.8  0.0  0.0  0.0  0.0  0.0  0.0  0.0  0.0  0.0  0.0  0.0  0.0  0.0  0.0
  0.0  0.0  0.0  5.6  2.3  4.1  0.4  0.0  0.0  0.0  0.0  0.0  0.0  0.0  1.1
  0.8  1.9  0.4  0.0  0.0  0.0  0.0  0.0  0.0  1.5  0.4  0.0  1.1  2.6  0.0
 12.4  0.0  0.0 12.4  4.1  0.0  5.6  4.1  0.0  0.0  0.0  0.0  0.0  0.0  0.0
  0.4  0.4  0.0  0.0  0.4  0.0  0.4 18.8  8.3  1.5  7.2 14.3  1.9  5.3 11.3
  2.6  0.8  6.4  0.4  0.4  0.8  0.0 40.6 23.7 28.2  2.6  3.4  8.7  6.0  0.0
     10.01      5.59     -3.24     -0.45      1.31  0.0  0.4  0.0  0.0  0.0
                                     4000_story_3369_llm.txt 33.3  4.6 5728
 13.4  4.0  0.3 61.6 13.4  0.3  1.2  0.3 71.2 11.3  1.4  0.9  0.2  2.6  0.3
  0.2  1.4  7.9 15.5  0.3  0.7255.4 79.8 35.4 91.1 41.4 11.0  5.9  2.8  2.4
  1.2  1.7 40.9 11.7  7.2 31.3  7.2  8.9  1.2  4.4  1.6  2.1  2.8  4.7  1.0
  3.3 10.5  1.0  2.6  5.4 18.3 33.0  9.1  1.7  6.5 70.5126.0  1.0166.7  1.9
  1.7  0.0  0.0  0.0  0.0  0.0  0.0  0.0  0.0  0.0  0.0  0.0  0.0  0.0  0.0
  0.0  0.0  0.0  1.6  0.7  1.4  1.7  0.2  0.0  0.0  0.0  0.0  0.2  0.2  0.3
  0.2  0.7  1.0  0.3  0.0  0.3  0.0  0.0  0.0  0.2  0.0  0.0  1.7  1.0  0.0
  5.4  0.2  0.3  5.9  2.6  0.3  3.1  2.8  0.0  0.0  0.0  0.0  0.0  0.0  0.0
  0.0  0.0  0.0  0.0  0.0  0.0  0.0  7.2  4.5  2.6  8.9 19.9  4.5  4.5  5.8
  1.4  1.0  0.9  1.7  0.0  0.7  0.2 26.5 14.1 19.6  2.1  7.9 10.1  2.8  0.0
     -1.79      2.32      1.21     -0.52      0.71  0.3  0.0  0.0  0.2  0.0
                                     4000_story_3374_llm.txt 34.5  4.5 5833
 13.9  4.1 11.8 45.8  9.3  1.4  1.7  0.2 12.2 14.4  1.2  0.9  0.3  6.3  1.7
  0.2  0.5  6.0 13.9  0.9  3.1264.5 81.9 29.3118.1 62.7  9.3  7.7  0.2  1.2
  0.2  3.8 24.2  8.1 14.4 30.5  6.3  8.1  0.9  1.5  1.0  1.4  3.4  3.8  0.2
  5.0  5.1  2.2  3.1  4.1 15.1 25.2  8.9  1.4  1.5 73.4 84.2  2.9180.5  7.7
  1.4  0.0  0.0  0.0  0.0  0.0  0.0  0.0  0.0  0.0  0.0  0.0  0.0  0.0  0.0
  0.0  0.0  0.0  1.7  0.7  4.1  0.7  0.5  0.2  0.0  0.0  0.2  0.2  0.0  0.0
  0.2  1.2  1.2  0.5  0.2  0.5  0.0  0.0  0.5  0.0  0.0  0.0  0.3  1.2  0.0
  7.2  0.7  0.3  8.2  3.1  1.2  4.3  1.5  0.0  0.0  0.0  0.0  0.0  0.0  0.0
  0.9  0.3  0.2  0.0  0.0  0.0  0.2  5.7  2.6  1.4 11.0 20.9  3.9  4.6  3.6
  1.2  0.7  1.5  1.0  0.7  1.7  0.3 41.3 10.6 16.8  1.0  6.3  7.5  4.3  0.0
     -1.05      4.16     -3.37     -2.67      0.82  0.3  0.0  0.0  0.0  0.0
                                     4000_story_3377_llm.txt 36.3  4.5 3279
 16.2  4.0 14.9 43.9  7.3  1.5  2.7  0.6 11.3 20.1  0.9  0.9  0.3  3.0  0.0
  0.9  0.3  9.5 15.9  0.3  0.6268.1 88.4 30.8100.6 79.0 14.0 10.1  0.6  1.8
  0.6  1.2 25.6  7.3  8.2 37.8  4.6  3.4  3.7  3.0  0.9  1.5  3.7  5.2  0.0
  5.5  8.2  1.8  2.4  4.0 13.7 29.3 10.7  0.6  3.0 61.0 97.6  1.5159.8  3.4
  2.4  0.0  0.0  0.0  0.0  0.0  0.0  0.0  0.0  0.0  0.0  0.0  0.0  0.0  0.0
  0.0  0.0  0.0  3.0  0.6  1.5  0.6  0.0  0.0  0.0  0.0  0.0  0.0  0.0  0.0
  0.3  0.9  0.0  0.3  0.0  0.3  0.0  0.0  0.0  0.3  0.0  0.0  2.1  0.9  0.0
  5.8  0.0  0.0  5.8  1.5  0.3  2.1  3.0  0.0  0.0  0.0  0.0  0.0  0.0  0.0
  0.0  0.6  0.0  0.0  0.0  0.0  0.0 11.3  1.8  1.8  6.4 20.1  2.1  4.6  5.2
  3.4  2.1  2.4  1.5  0.6  0.6  0.9 34.5 18.9 20.1  1.2  5.8 13.1  4.0  0.0
     -3.28      5.65     -1.63     -2.19      1.22  0.3  0.0  0.0  0.3  0.0
                                     4000_story_3378_llm.txt 36.8  4.5 5398
 10.7  3.0 21.9 62.6 16.3  2.2  2.6  0.7 17.2 11.9  1.9  1.7  1.1  3.3  0.9
  0.6  0.4  5.9 17.0  0.4  1.3298.6 77.3 36.3 88.4 55.9 15.7 12.6  0.7  1.5
  0.7  2.0 29.8  6.3  8.5 30.0  9.6  6.9  2.2  3.3  0.9  1.7  4.6  5.0  0.9
  3.0  5.4  2.8  1.9  3.5 13.7 29.5  8.9  0.7  3.0 67.6 89.5  2.0167.5  4.4
  1.3  0.2  0.0  0.0  0.0  0.0  0.0  0.0  0.0  0.0  0.0  0.0  0.0  0.0  0.0
  0.0  0.0  0.0  2.2  0.2  2.6  0.6  0.2  0.2  0.0  0.0  0.0  0.2  0.2  0.6
  0.4  0.9  1.5  0.9  0.0  0.4  0.0  0.0  0.0  0.2  0.2  0.0  2.4  1.3  0.0
  5.6  0.4  0.4  6.3  4.3  0.4  4.8  3.9  0.0  0.0  0.0  0.0  0.0  0.0  0.0
  0.2  0.2  0.0  0.0  0.0  0.0  0.2 15.9  1.7  1.9  9.1 25.8  0.7  4.3  5.6
  4.3  2.4  3.5  2.0  0.7  0.7  0.4 33.9 20.6 15.9  3.1  7.0  7.4  5.4  0.0
     -2.65      5.03     -0.36     -1.63      1.69  0.2  0.0  0.0  0.0  0.0
                                     4000_story_3380_llm.txt 33.5  4.2 4901
 16.3  5.1 38.0 70.2 23.9  2.9  2.7  0.6 23.1 15.7  1.4  1.6  0.2  2.9  0.0
  0.4  1.8  6.9 16.1  1.6  2.0258.3 77.1 28.0 88.8 73.0 14.7 10.4  0.8  2.9
  0.0  2.0 24.5  6.7  9.6 36.1  9.2 15.3  1.6  3.1  1.4  1.6  3.7  6.9  0.4
  1.8  6.9  2.2  1.6  4.1 23.7 29.8  9.2  3.5  3.7 59.0120.0  2.9169.6  3.3
  1.4  0.0  0.0  0.0  0.0  0.0  0.0  0.0  0.0  0.0  0.0  0.0  0.0  0.0  0.0
  0.0  0.0  0.0  3.7  0.6  2.0  1.2  0.0  0.0  0.4  0.0  0.0  0.0  0.0  0.4
  0.6  0.6  1.2  0.6  0.4  0.2  0.2  0.0  0.0  0.2  0.6  0.0  1.6  1.0  0.0
  7.5  0.4  0.0  8.0  3.5  0.8  4.5  3.3  0.0  0.0  0.0  0.0  0.0  0.0  0.0
  1.0  0.2  0.0  0.0  0.0  0.0  0.0 13.5  3.5  1.8  5.5 14.1  3.3  3.9  8.8
  3.9  1.0  2.0  0.8  0.6  1.0  0.4 42.6 18.6 23.7  1.0  4.1  9.0  8.0  0.0
      5.72      5.19     -1.46      0.29      0.63  0.6  0.0  0.0  0.0  0.0
                                     4000_story_3382_llm.txt 36.3  4.8 6914
 16.8  3.9  1.4 54.1 10.4  0.9  2.7  1.3 22.9 12.7  2.0  1.3  0.6  4.6  0.7
  1.4  0.6  6.8 15.2  0.7  0.3289.4 83.9 33.4 90.0 39.6 16.6 10.6  1.4  2.5
  0.3  0.9 41.5  6.1  5.2 35.9  8.1  8.0  2.3  1.3  2.0  3.8  4.2  7.1  1.0
  4.8  4.3  3.0  3.3  6.1 16.8 23.0 12.9  1.3  4.2 62.9 72.9  3.6160.5  4.9
  0.9  0.3  0.0  0.0  0.0  0.0  0.0  0.0  0.0  0.0  0.0  0.0  0.0  0.0  0.0
  0.0  0.0  0.0  1.7  2.2  2.5  2.0  0.1  0.0  0.3  0.1  0.0  0.1  0.0  0.4
  0.3  1.4  0.9  0.4  0.1  0.3  0.0  0.3  0.0  1.2  0.3  0.1  4.3  0.4  0.0
  8.4  0.4  0.3  9.1  3.5  0.7  5.4  5.2  0.0  0.0  0.0  0.0  0.0  0.0  0.0
  0.4  0.4  0.0  0.1  0.0  0.0  0.0  9.1  4.2  2.6  5.1 14.2  3.5  6.7  6.9
  6.8  2.3  1.9  0.4  0.6  1.2  0.4 30.5 18.5 25.7  2.6  4.2 10.0  4.2  0.0
     -3.49      4.15      1.22     -0.90      2.39  1.0  0.1  0.0  0.0  0.0
                                     4000_story_3383_llm.txt 33.8  4.5 4890
 13.5  4.9  0.4 51.5 17.4  0.4  1.8  1.0 17.8 12.5  1.0  2.5  0.0  2.9  0.4
  1.2  0.8  4.9 13.3  0.2  0.6233.9 95.7 32.7100.8 99.2 13.5  9.4  2.7  2.0
  1.4  2.5 32.7  5.7  8.8 35.2 10.0  6.7  2.2  3.1  3.3  2.2  3.3  2.9  0.4
  4.7  6.5  2.2  3.1  8.2 14.9 27.8  8.0  1.0  6.1 63.2134.4  2.5169.5  4.7
  1.8  0.4  0.0  0.0  0.0  0.0  0.0  0.0  0.0  0.0  0.0  0.0  0.0  0.0  0.0
  0.0  0.0  0.0  4.1  0.6  1.6  2.7  0.0  0.4  0.0  0.0  0.0  0.0  0.0  1.0
  0.2  0.8  1.2  1.2  0.0  0.2  0.2  0.0  0.0  1.0  0.0  0.0  2.9  0.6  0.0
  9.0  0.4  0.0  9.4  4.5  0.4  5.9  3.5  0.0  0.0  0.0  0.0  0.0  0.0  0.0
  0.0  0.6  0.0  0.0  0.0  0.0  0.0  6.5  4.1  3.1  8.2 17.2  3.9  4.9  6.5
  2.9  2.0  2.0  1.4  0.0  0.8  0.6 32.7 17.0 20.2  1.6  8.2 14.1  5.3  0.0
     -3.86      6.33      1.82     -0.42      0.68  0.6  0.0  0.0  0.0  0.0
                                     4000_story_3384_llm.txt 35.3  4.8 4706
 12.1  3.0  1.9 33.8  3.2  0.6  2.5  1.1  7.6 18.9  0.8  1.9  0.2  4.0  0.2
  0.4  1.3  4.9 19.8  0.6  1.7297.5 91.4 35.9109.4 32.7 12.1  9.1  1.5  3.6
  1.1  1.1 35.7  7.2 15.9 37.0  5.7  4.9  1.9  2.3  1.3  1.9  5.1  6.8  1.3
  6.6  6.4  1.1  2.8  5.3 11.0 31.4 14.7  1.9  6.2 71.2 43.6  1.1161.9  3.2
  1.5  0.0  0.0  0.0  0.0  0.0  0.0  0.0  0.0  0.0  0.0  0.0  0.0  0.0  0.0
  0.0  0.0  0.0  1.3  0.4  2.3  1.3  0.0  0.0  0.0  0.0  0.0  0.2  0.0  0.0
  0.2  1.1  0.2  1.1  0.0  0.4  0.0  0.0  0.0  0.2  0.2  0.6  1.7  1.5  0.0
  5.3  0.0  0.2  5.5  2.5  0.4  3.2  4.0  0.0  0.0  0.0  0.0  0.0  0.0  0.0
  0.0  0.0  0.0  0.0  0.0  0.0  0.2  6.4  2.3  1.3  4.9 31.2  2.1  3.8 10.0
  5.5  1.5  0.8  3.4  0.2  0.6  0.2 27.2 16.1 17.2  2.1  6.2 10.8  7.9  0.0
     -4.94      3.35     -1.36     -2.39      3.70  0.0  0.0  0.0  0.0  0.0
                                     4000_story_3385_llm.txt 34.3  4.4 3361
 14.9  7.1  8.9 54.2 15.8  1.5  2.7  2.7 24.1 17.9  1.2  2.1  0.6  4.5  0.0
  1.8  1.8  8.6 14.6  1.2  0.9229.7 73.2 29.5102.1 65.8 12.5 10.4  1.5  3.0
  1.2  0.9 20.5  6.2 14.3 40.8  9.2  6.2  1.5  3.3  1.5  1.5  4.2  6.5  1.5
  3.6  8.3  1.5  3.9  3.3 16.4 29.2 11.6  3.0  5.7 56.2105.6  1.5170.8  6.8
  1.2  0.0  0.0  0.0  0.0  0.0  0.0  0.0  0.0  0.0  0.0  0.0  0.0  0.0  0.0
  0.0  0.0  0.0  4.2  1.5  3.0  2.1  0.0  0.0  0.0  0.0  0.0  0.3  0.3  0.3
  0.6  0.6  0.9  1.5  0.0  0.0  0.0  0.0  0.0  0.6  0.9  0.6  4.5  1.5  0.0
 10.7  0.0  0.6 11.3  3.9  0.0  4.5  7.4  0.0  0.0  0.0  0.0  0.0  0.0  0.0
  1.2  0.3  0.0  0.0  0.0  0.0  0.0  9.5  2.7  2.1  4.5 27.4  1.5  3.0  3.6
  1.5  3.0  0.3  1.5  0.6  1.5  0.6 26.2 16.7 21.1  2.1  4.2 12.5  4.5  0.0
      5.25      4.88     -2.13     -1.85      2.26  0.0  0.3  0.0  0.0  0.0
                                     4000_story_3388_llm.txt 34.3  4.8 3531
  8.2  2.0  0.8102.5  0.3  0.6  2.8  1.4 45.0 11.6  2.8  1.7  0.8  3.4  0.3
  0.6  1.1  9.3 26.9  0.6  0.6246.4 80.4 45.3 27.2 20.1 15.0  3.4  2.5  5.4
  2.0  0.8 51.3  4.5  4.8 41.3 11.9  5.1  2.0  3.1  4.8  4.5  5.9 10.8  2.0
  2.0  6.8  3.1  2.5  9.3 19.3 39.4 14.7  1.7  9.9 91.2 65.4  2.3146.4  3.7
  1.1  0.0  0.0  0.0  0.0  0.0  0.0  0.0  0.0  0.0  0.0  0.0  0.0  0.0  0.0
  0.0  0.0  0.0  0.8  1.4  1.1  0.6  0.3  0.0  0.0  0.0  0.0  0.0  0.0  0.0
  0.3  0.8  0.8  0.0  0.3  1.4  0.0  0.6  0.0  0.8  0.3  0.0  2.5  1.7  0.0
  4.0  0.3  0.0  4.2  2.0  2.3  5.1  4.5  0.0  0.0  0.0  0.0  0.0  0.0  0.0
  0.3  0.0  0.0  0.0  0.3  0.0  0.0 10.5  5.4  2.8 10.5 12.5  2.3  5.9  5.9
  2.0  2.8  1.1  0.3  0.0  1.7  1.1 23.2 12.7 16.1  3.4  4.8  5.9  3.7  0.0
      0.24     -0.42      5.78      0.77      3.89  1.1  0.8  0.3  0.0  0.0
                                     4000_story_3397_llm.txt 36.5  4.7 3760
  8.2  1.3  0.0 19.7  0.0  0.3  1.3  1.1 25.0 18.4  0.3  0.5  0.3  2.9  0.5
  0.5  0.5  3.5 22.6  0.0  1.6251.9111.7 59.6 93.9  9.6 16.0  1.1  1.9  3.2
  2.4  2.1 26.6 11.2 15.4 41.2  6.1  1.1  0.8  0.8  2.4  1.9  3.5  8.2  1.9
  2.1 10.4  0.8  2.9  3.2  6.9 36.4 12.2  0.5  7.4 97.9 34.6  1.1132.7  6.6
  0.8  0.3  0.0  0.0  0.0  0.0  0.0  0.0  0.0  0.0  0.0  0.0  0.0  0.0  0.0
  0.0  0.0  0.0  0.3  0.3  1.1  1.3  0.5  0.0  0.0  0.0  0.0  0.0  0.3  0.0
  0.0  0.3  0.0  0.8  0.0  0.0  0.3  0.3  0.0  0.0  0.0  0.0  0.3  1.6  0.0
  2.9  0.5  0.3  3.7  1.1  0.5  1.6  1.9  0.0  0.0  0.0  0.0  0.0  0.0  0.0
  0.3  0.0  0.0  0.0  0.0  0.0  0.0  3.2  2.4  1.9  6.1 14.4  1.3  4.3 15.7
  1.6  2.9  0.5  2.9  0.0  1.3  0.8 26.1  5.6  7.4  0.5  9.8 11.7  4.3  0.0
     -9.61      1.05     -1.60     -3.85      1.90  0.5  0.0  0.3  0.0  0.0
                                     4000_story_3400_llm.txt 35.3  4.2 4750
 11.6  4.2  8.8 38.3  8.2  0.0  2.9  0.0  6.3  9.5  1.3  0.4  0.0  2.5  1.3
  0.2  0.4  5.3 24.0  0.4  2.1264.2 94.9 25.1100.8 69.7 12.4  7.8  0.2  1.5
  0.4  2.7 24.8  9.7  9.7 31.4  4.6  6.5  1.7  3.4  0.6  0.6  4.4  5.3  0.8
  1.7 10.7  1.9  2.5  5.9 12.4 41.3  7.8  0.8  2.1 66.1 84.2  1.9154.9  4.8
  2.3  0.0  0.0  0.0  0.0  0.0  0.0  0.0  0.0  0.0  0.0  0.0  0.0  0.0  0.0
  0.0  0.0  0.0  2.9  0.0  2.9  0.6  0.0  0.0  0.2  0.0  0.0  0.0  0.0  0.0
  0.0  0.6  0.8  0.4  0.2  0.4  0.0  0.2  0.0  0.0  0.0  0.0  1.7  1.3  0.0
  6.5  0.2  0.0  6.7  1.9  0.8  2.7  2.9  0.0  0.0  0.0  0.0  0.0  0.0  0.0
  0.2  0.2  0.0  0.0  0.0  0.0  0.0  9.9  1.5  1.7  6.1 25.7  2.5  5.3  9.7
  2.9  0.6  2.7  1.5  0.2  0.2  0.4 36.0 14.5 15.6  1.3  4.8  9.5  6.5  0.0
     -4.19      4.52     -2.44     -2.42      1.13  0.2  0.0  0.0  0.0  0.0
                                     4000_story_3403_llm.txt 34.8  4.8 4959
 16.9  4.0  0.0 43.8  6.7  0.8  2.4  2.2 63.1 27.2  0.8  1.2  0.0  5.0  0.2
  1.2  0.4  7.3 14.5  0.4  0.8229.7 90.9 46.4 94.6 37.3 13.9  9.5  2.4  7.1
  1.0  1.8 50.6  9.3  3.6 29.0  7.3  6.0  3.4  1.8  1.6  5.2  1.8  7.7  0.6
  2.6  5.6  3.4  1.0  9.3 14.9 25.0 10.9  0.8 10.5 78.6107.1  1.8151.0  4.2
  1.2  0.4  0.0  0.0  0.0  0.0  0.0  0.0  0.0  0.0  0.0  0.0  0.0  0.0  0.0
  0.0  0.0  0.0  2.4  2.2  1.8  1.2  0.2  0.2  0.2  0.0  0.0  0.0  0.0  0.0
  0.2  0.4  1.8  0.8  0.2  0.2  0.0  0.0  0.0  0.6  0.0  0.0  1.6  1.2  0.0
  7.7  0.6  0.0  8.3  3.2  0.4  4.2  2.8  0.0  0.0  0.0  0.0  0.0  0.0  0.0
  0.0  0.6  0.0  0.0  0.0  0.0  0.0 10.3  7.3  3.8 15.3 15.1  4.0  4.8  5.2
  1.4  1.4  1.8  0.0  0.4  0.8  1.2 22.2 24.2 18.4  2.6  3.4 11.3  3.8  0.0
     -0.99      3.47      5.66     -0.37     -0.02  0.4  0.0  0.0  0.0  0.0
                                     4000_story_3409_llm.txt 33.0  4.6 6636
 12.1  4.7 13.7 47.3  8.3  1.2  3.9  0.9 44.5 13.7  1.5  0.9  0.2  4.5  0.3
  0.6  1.2  5.1 18.5  0.9  2.1230.6 81.8 33.3111.8 53.9 16.3 20.0  1.7  3.3
  0.5  1.4 40.7  8.7  8.6 27.1 14.3  6.3  6.0  1.8  1.8  3.2  2.9  8.3  0.9
  2.9  6.0  6.8  2.1  5.4 13.3 28.6 12.1  2.1  5.4 55.5106.7  3.0174.5  2.4
  1.8  0.3  0.0  0.0  0.0  0.0  0.0  0.0  0.0  0.0  0.0  0.0  0.0  0.0  0.0
  0.0  0.0  0.0  6.2  1.2  3.6  1.5  0.3  0.2  0.2  0.0  0.0  0.2  0.2  0.5
  0.3  2.6  2.4  0.6  0.2  0.3  0.2  0.2  0.2  1.4  0.8  0.2  2.3  0.2  0.0
 12.5  0.6  0.3 13.4  6.3  0.9  8.6  3.3  0.0  0.0  0.0  0.0  0.0  0.0  0.0
  0.0  0.6  0.6  0.2  0.0  0.2  0.0 10.7  5.1  4.1 10.4 13.7  2.7  5.9  7.4
  6.6  1.4  1.2  0.5  0.3  0.9  0.3 28.8 33.0 22.6  3.5  3.6 10.5  4.8  0.0
      0.92      7.19      0.78     -0.20      1.04  0.3  0.0  0.2  0.0  0.0
                                     4000_story_3412_llm.txt 32.8  4.7 2431
 18.5  3.7  0.8 55.1 14.4  0.8  5.3  0.8 18.9 10.3  0.4  1.6  0.4  4.1  0.4
  0.4  1.6  8.2 16.9  0.0  0.0239.0 72.4 31.3102.8 59.2 12.8 15.6  2.1  1.6
  1.2  2.1 46.9  3.3  4.5 28.0  9.5  9.5  4.5  4.5  3.3  1.2  4.5 12.8  0.8
  5.3  5.3  5.3  0.4  8.2 21.0 30.4 18.9  1.6  4.9 58.8 92.6  1.6172.8  3.3
  0.0  0.4  0.0  0.0  0.0  0.0  0.0  0.0  0.0  0.0  0.0  0.0  0.0  0.0  0.0
  0.0  0.0  0.0  4.1  3.7  1.6  2.9  0.4  0.0  0.0  0.0  0.4  0.0  0.4  0.0
  0.4  2.5  1.2  0.8  0.0  0.0  0.0  0.0  0.0  0.8  0.4  0.0  0.0  1.6  0.0
 12.3  0.4  0.8 13.6  4.9  0.0  5.8  2.1  0.0  0.0  0.0  0.0  0.0  0.0  0.0
  0.0  0.0  0.0  0.0  0.0  0.0  0.0 26.7  6.2  1.6  7.8 11.5  1.2  2.5  3.7
  0.4  1.2  1.2  1.2  0.0  0.8  0.4 21.8 24.3 28.0  4.1  4.5  8.6  2.9  0.0
     -0.28      5.63      4.29      1.22      3.49  0.8  0.0  0.4  0.0  0.0
                                     4000_story_3413_llm.txt 34.5  4.7 4144
 10.4  2.4  0.2 45.6  8.4  0.5  2.2  0.7 10.6 26.1  1.7  1.0  0.0  4.8  1.0
  1.4  1.7  7.5 18.3  0.2  1.7236.2 89.5 44.2 95.6 47.1 14.5  6.8  0.5  1.9
  2.4  2.9 33.8  8.4  9.7 36.2  7.2  4.1  2.7  3.1  2.9  1.7  3.4  9.4  1.0
  4.8  6.3  2.9  1.9  5.8 14.5 31.6 15.2  1.9  4.8 79.6 66.1  0.7157.1  4.6
  0.5  0.2  0.0  0.0  0.0  0.0  0.0  0.0  0.0  0.0  0.0  0.0  0.0  0.0  0.0
  0.0  0.0  0.0  2.2  0.5  1.0  2.4  0.2  0.0  0.2  0.0  0.0  0.0  0.0  0.2
  0.2  0.5  1.2  1.2  0.2  0.2  0.0  0.0  0.0  0.2  0.2  0.0  1.2  1.4  0.0
  6.0  0.5  0.0  6.5  3.4  0.5  4.1  2.9  0.0  0.0  0.0  0.0  0.0  0.0  0.0
  0.0  0.5  0.0  0.0  0.0  0.0  0.0  0.5  1.9  4.3 14.7 41.5  8.0  5.3 11.8
  1.9  1.4  0.0  1.0  0.2  1.4  0.2 31.9 12.1 14.5  1.7 11.1 11.8  7.5  0.0
     -0.57      3.54      0.53     -1.29      2.21  0.0  0.0  0.2  0.0  0.0
                                     4000_story_3415_llm.txt 34.8  4.7 2656
 12.0  5.6  1.5 36.5  0.0  0.0  1.1  0.0  1.1 10.2  1.1  0.8  0.4  4.1  0.0
  1.5  0.0  5.6 17.3  0.0  0.0253.0 94.9 45.2101.7 76.1 15.8  1.5  2.6  4.5
  0.8  3.4 53.5  2.6  9.0 28.2  5.3 11.7  2.6  2.3  1.9  3.0  3.0 15.1  1.5
  4.1  8.7  4.5  2.3  7.2 19.2 32.4 20.7  0.0  7.9 79.1 77.2  3.0150.2  1.5
  1.9  0.0  0.0  0.0  0.0  0.0  0.0  0.0  0.0  0.0  0.0  0.0  0.0  0.0  0.0
  0.0  0.0  0.0  1.9  0.4  5.3  3.4  0.0  0.0  0.0  0.0  0.0  0.0  0.0  0.0
  0.4  0.0  1.9  0.8  0.0  0.0  0.0  0.0  0.0  0.0  0.8  0.0  1.5  0.4  0.0
 10.9  0.0  0.0 10.9  3.0  0.0  3.0  2.6  0.0  0.0  0.0  0.0  0.0  0.0  0.0
  0.0  0.4  0.0  0.0  0.0  0.0  0.4 27.5  3.8  3.4 12.8 19.2  1.9  4.9  2.3
  1.1  1.5  4.5  0.4  1.5  1.1  0.8 33.5  6.8 25.6  2.6  3.0 11.7  2.3  0.0
     -9.81      4.32      5.42      0.15      3.03  0.8  0.0  0.0  0.0  0.0
                                     4000_story_3416_llm.txt 33.0  4.6 6419
 16.4  2.2  0.0 48.0 17.0  0.6  3.0  1.2 16.4 23.7  0.8  1.6  0.2  3.9  0.3
  1.6  0.6  6.2 14.5  0.3  0.8222.3 88.8 39.9103.4 49.1 18.7  9.3  3.0  3.7
  1.4  2.6 46.0  7.8  7.0 29.3  9.5  5.3  1.7  2.3  1.7  3.3  2.5 10.6  2.0
  3.9  5.3  4.5  3.4  5.6 13.2 26.3 16.5  0.9  8.1 72.0 82.4  1.9163.7  3.4
  0.2  0.6  0.0  0.0  0.0  0.0  0.0  0.0  0.0  0.0  0.0  0.0  0.0  0.0  0.0
  0.0  0.0  0.0  1.2  0.8  3.6  3.6  0.0  0.3  0.0  0.0  0.0  0.0  0.2  0.2
  0.2  2.2  1.1  1.9  0.0  0.6  0.0  0.2  0.0  0.6  0.3  0.0  2.3  0.5  0.0
  9.2  0.3  0.2  9.7  5.5  0.8  6.9  3.1  0.0  0.0  0.0  0.0  0.0  0.0  0.0
  0.2  0.0  0.0  0.0  0.0  0.0  0.2 11.2  7.0  6.1 12.2 21.3  2.3  4.8  3.1
  1.2  2.3  0.3  1.7  0.5  0.9  0.6 26.8 18.9 23.8  2.2  5.5 14.6  5.1  0.0
     -2.06      5.18      4.08     -1.60      2.35  0.8  0.2  0.0  0.0  0.0
                                     4000_story_3418_llm.txt 37.8  4.6 3427
 12.3  3.5 21.3 53.4  7.0  0.6  0.9  1.2 11.1 10.5  0.9  1.8  0.0  4.1  0.6
  0.6  0.0  4.1 18.4  1.5  1.2292.4 77.3 27.1 97.5 46.4 14.3 16.6  2.3  3.5
  1.2  2.3 37.6  5.3  8.8 31.8  7.0  2.9  0.6  0.9  1.8  3.2  4.4 10.5  1.8
  4.7  5.8  3.8  3.2  4.7  8.8 29.2 16.9  1.5  7.0 51.6 64.5  1.2165.2  2.6
  0.9  0.0  0.0  0.0  0.0  0.0  0.0  0.0  0.0  0.0  0.0  0.0  0.0  0.0  0.0
  0.0  0.0  0.0  4.1  0.0  2.3  0.9  0.3  0.0  0.0  0.3  0.0  0.0  0.0  0.6
  0.3  1.2  1.2  0.3  0.0  0.3  0.0  0.0  0.3  0.3  0.3  0.0  1.8  0.6  0.0
  7.3  0.3  0.3  7.9  3.5  0.6  4.4  2.6  0.0  0.0  0.0  0.0  0.0  0.0  0.0
  0.0  0.3  0.6  0.0  0.0  0.0  0.3 14.6  6.7  2.3  9.6  7.0  2.6  6.1  6.7
  5.8  2.3  0.6  1.2  0.6  0.9  1.2 28.0 25.4 19.3  2.0  3.8  8.8  5.3  0.0
     -4.39      5.37      2.75     -3.21      3.55  1.2  0.0  0.0  0.0  0.0
                                     4000_story_3419_llm.txt 36.5  4.6 5688
 17.2  6.2  0.7 70.1 14.8  1.6  5.3  1.2 68.2 13.7  2.5  1.4  0.0  6.3  0.2
  2.5  1.1 10.5 17.9  0.7  0.7202.0 87.0 30.1 87.2 39.7 17.8 13.9  3.0  4.7
  1.8  1.9 59.1  7.7  5.3 34.5  9.3  5.6  3.2  3.9  4.0  4.7  4.9 10.4  1.8
  3.2  6.2  5.6  4.0  7.0 20.2 31.3 15.3  1.8  9.5 57.7122.7  3.9172.3  8.3
  0.4  0.5  0.0  0.0  0.0  0.0  0.0  0.0  0.0  0.0  0.0  0.0  0.0  0.0  0.0
  0.0  0.0  0.0  3.7  2.8  2.3  3.9  0.2  0.4  0.4  0.0  0.2  0.2  0.2  0.5
  0.4  1.9  1.6  0.9  0.7  0.4  0.0  0.4  0.0  1.4  0.5  0.2  4.0  0.9  0.0
 12.7  0.9  0.5 14.1  5.3  1.4  8.1  5.6  0.0  0.0  0.0  0.0  0.0  0.0  0.0
  0.5  0.2  0.0  0.0  0.0  0.0  0.2  5.6  6.7  3.7 10.9 12.5  2.1  6.5  6.0
  2.1  0.9  1.4  0.2  0.4  1.4  0.7 21.3 24.4 25.1  2.8  6.9 12.5  4.0  0.0
      6.47      4.89      5.80      1.34      3.40  0.7  0.0  0.2  0.0  0.0
                                     4000_story_3421_llm.txt 35.0  4.3 4696
 14.7  5.7  0.2 57.3 11.5  0.6  2.8  0.6 59.6 10.4  2.3  1.7  0.0  5.5  0.6
  0.0  0.9  6.4 19.2  0.2  1.1209.5 88.8 26.4103.5 72.6 15.5  8.1  1.5  1.9
  1.5  0.9 30.2 10.2  9.2 33.4  6.8  4.7  3.0  1.9  2.6  1.1  3.6  6.0  0.6
  1.7  9.2  2.8  2.3  6.6 13.6 32.8  8.3  1.1  4.9 58.6143.7  2.6170.6  4.3
  0.6  0.0  0.0  0.0  0.0  0.0  0.0  0.0  0.0  0.0  0.0  0.0  0.0  0.0  0.0
  0.0  0.0  0.0  3.8  0.6  2.8  1.5  0.0  0.0  0.0  0.0  0.2  0.0  0.0  0.4
  0.6  0.0  1.7  0.4  0.0  0.4  0.0  0.0  0.0  0.6  0.0  0.2  1.9  1.3  0.0
  8.7  0.0  0.2  8.9  3.2  0.4  4.3  3.4  0.0  0.0  0.0  0.0  0.0  0.0  0.0
  0.0  0.0  0.0  0.0  0.0  0.0  0.0  9.4  4.5  1.1  7.9 20.9  4.7  4.7  7.0
  1.7  1.3  1.7  2.1  0.2  0.9  0.6 31.7 21.3 20.2  2.6  5.7 11.7  5.3  0.0
      2.17      5.39     -0.93     -2.01      0.58  0.6  0.0  0.0  0.0  0.0
                                     4000_story_3424_llm.txt 37.0  4.5 5238
 13.0  2.5  0.2 27.7  3.4  0.0  0.0  1.0 50.2 17.9  1.1  0.4  0.4  4.2  1.5
  0.8  1.0  5.3 16.4  0.4  1.5228.5 97.9 37.6110.9 30.0 14.5  6.9  2.5  1.7
  1.5  2.1 29.0  8.4  9.9 37.0  8.2  1.7  1.1  0.8  1.5  2.1  3.2  5.9  1.1
  3.2  9.9  3.4  4.4  6.3  8.6 29.6 10.3  1.3  5.7 77.1 83.6  1.5156.2  2.9
  0.2  0.2  0.0  0.0  0.0  0.0  0.0  0.0  0.0  0.0  0.0  0.0  0.0  0.0  0.0
  0.0  0.0  0.0  1.1  1.0  1.9  2.1  0.0  0.2  0.0  0.0  0.0  0.0  0.2  0.2
  0.2  0.2  1.1  1.1  0.0  0.4  0.0  0.0  0.0  0.2  0.0  0.0  0.4  1.1  0.0
  6.1  0.2  0.2  6.5  2.9  0.4  3.4  1.5  0.0  0.0  0.0  0.0  0.0  0.0  0.0
  0.2  0.2  0.0  0.2  0.0  0.0  0.0  8.0  2.5  2.3  9.7 21.6  4.0  4.2 12.6
  1.5  2.5  0.8  2.9  0.0  0.6  0.6 30.7 12.2 16.0  1.5  7.8 13.4  5.5  0.0
     -3.05      3.32      0.05     -3.91      1.23  0.6  0.0  0.4  0.0  0.0
                                     4000_story_3426_llm.txt 34.8  4.5 3596
 15.0  7.5  3.1 50.6 12.5  0.6  3.1  0.6 50.6 14.5  1.4  0.0  0.3  6.4  0.8
  1.4  1.1  5.0 17.2  0.6  1.1269.5 89.3 25.6 90.4 43.1 10.6 13.9  1.7  3.9
  0.6  0.6 40.3  7.5  5.0 31.1  8.6  6.1  4.2  3.1  1.1  2.5  3.6  5.0  0.8
  1.1  7.2  3.3  3.3  7.0 12.2 28.1  7.0  1.7  6.1 48.7106.2  2.8155.2  5.3
  1.1  0.0  0.0  0.0  0.0  0.0  0.0  0.0  0.0  0.0  0.0  0.0  0.0  0.0  0.0
  0.0  0.0  0.0  5.3  1.7  3.1  2.2  0.0  0.0  0.0  0.0  0.0  0.0  0.3  0.8
  0.8  2.2  0.6  1.1  0.0  0.8  0.0  0.0  0.3  1.4  0.3  0.3  1.9  1.4  0.0
 12.2  0.0  0.3 12.5  5.6  1.1  8.1  3.9  0.0  0.0  0.0  0.0  0.0  0.0  0.0
  0.0  0.3  0.3  0.0  0.0  0.3  0.0 10.0  7.2  3.3  8.9 14.7  2.5  9.2  6.7
  5.3  1.1  1.7  0.3  0.3  1.4  0.0 26.7 24.2 21.4  2.2  3.9  8.6  2.5  0.0
      0.75      3.77      2.03     -0.88      0.39  0.3  0.3  0.3  0.0  0.0
                                     4000_story_3429_llm.txt 36.3  4.4 5983
 11.0  3.5  0.5 51.3 10.7  0.5  1.8  1.7 42.3 16.2  0.0  0.5  0.3  2.3  0.0
  0.2  1.3  3.0 14.0  0.0  1.3266.3 97.3 29.9 91.4 48.1 10.4  6.5  3.0  2.5
  0.5  2.2 24.7  6.4  9.0 30.3  4.8  4.5  1.8  1.3  2.7  0.3  3.7  5.7  0.8
  3.7  9.9  1.0  1.0  2.7 10.2 27.9 10.2  1.3  6.0 61.5101.1  0.2155.6  3.2
  1.5  0.0  0.0  0.0  0.0  0.0  0.0  0.0  0.0  0.0  0.0  0.0  0.0  0.0  0.0
  0.0  0.0  0.0  1.8  0.3  1.7  1.7  0.0  0.0  0.0  0.0  0.0  0.0  0.0  0.5
  0.0  0.2  0.5  1.0  0.0  0.0  0.0  0.0  0.0  0.0  0.0  0.0  0.5  0.7  0.0
  5.5  0.0  0.0  5.5  2.2  0.0  2.2  1.2  0.0  0.0  0.0  0.0  0.0  0.0  0.0
  0.0  0.2  0.0  0.0  0.0  0.0  0.0 10.2  4.7  2.0  8.2 25.4  5.5  4.7  5.3
  0.3  0.8  0.5  2.3  0.0  1.0  0.3 26.2 15.4 16.2  0.2 11.0 11.0  5.7  0.0
     -5.46      2.62      0.79     -2.92      1.36  0.3  0.0  0.0  0.0  0.0
                                     4000_story_3430_llm.txt 33.8  4.4 4516
 14.6  5.5  0.4 65.1 22.4  0.7  3.1  1.8 28.1 16.4  2.0  2.0  0.0  6.2  1.1
  2.2  2.4  6.4 13.1  1.3  0.2221.4 81.0 33.4 92.3 66.4 14.8 11.5  1.8  3.1
  0.7  0.9 28.6  8.0  8.4 35.2  9.1  8.6  1.8  1.8  3.3  2.0  3.1  8.2  1.6
  3.5  8.9  4.2  2.4  6.4 18.4 26.6 13.3  3.8  5.5 61.3116.9  1.8172.9  6.2
  0.4  0.2  0.0  0.0  0.0  0.0  0.0  0.0  0.0  0.0  0.0  0.0  0.0  0.0  0.0
  0.0  0.0  0.0  4.0  1.6  2.2  2.2  0.2  0.0  0.0  0.0  0.0  0.0  0.0  0.4
  0.0  0.7  0.9  0.4  0.0  0.0  0.0  0.0  0.0  0.4  0.2  0.0  2.0  0.9  0.0
 10.0  0.2  0.0 10.2  2.4  0.0  2.9  3.1  0.0  0.0  0.0  0.0  0.0  0.0  0.0
  0.2  0.4  0.0  0.2  0.0  0.0  0.0 11.5  4.9  1.8  6.4 17.3  4.7  3.8  3.8
  2.4  2.4  1.6  1.1  0.4  1.3  0.2 33.7 19.9 24.8  2.2  6.2  9.3  4.9  0.0
      6.20      5.25     -0.27     -0.79      1.89  0.0  0.0  0.0  0.0  0.0
                                     4000_story_3433_llm.txt 37.0  4.6 6796
 12.7  3.2  2.6 41.3  8.2  0.7  0.7  0.9 11.5 16.3  0.1  0.3  0.3  3.5  1.0
  0.7  1.3  4.1 17.5  0.9  1.5246.8 91.8 37.4105.4 75.8 17.2  7.7  2.6  3.8
  0.9  1.6 34.1  8.2 12.1 31.9  6.9  4.7  2.5  0.9  0.9  3.2  3.1 10.7  1.6
  3.8  8.2  3.2  2.5  3.5  9.7 28.5 16.2  2.2  7.4 68.3 95.5  1.0163.0  5.7
  0.6  0.1  0.0  0.0  0.0  0.0  0.0  0.0  0.0  0.0  0.0  0.0  0.0  0.0  0.0
  0.0  0.0  0.0  2.8  0.7  2.4  1.3  0.0  0.0  0.0  0.0  0.0  0.0  0.0  0.3
  0.1  0.6  1.6  0.7  0.0  0.4  0.0  0.0  0.0  0.7  0.0  0.0  0.7  0.7  0.0
  7.2  0.0  0.0  7.2  3.4  0.4  4.6  1.5  0.0  0.0  0.0  0.0  0.0  0.0  0.0
  0.1  0.3  0.1  0.0  0.0  0.0  0.0  8.8  1.9  1.5  6.6 24.3  2.5  4.0 13.2
  3.4  1.2  1.9  1.6  0.0  1.2  0.1 29.6 15.6 18.8  2.1  7.9  9.4  3.2  0.0
     -3.94      5.83      0.50     -2.56      2.41  0.7  0.0  0.0  0.1  0.0
                                     4000_story_3434_llm.txt 35.3  4.6 6022
 10.1  3.0  4.5 36.4  3.3  0.2  1.3  0.7 33.0 14.1  0.7  0.8  0.3  4.0  0.8
  0.3  0.5  4.6 11.3  0.2  1.2252.9108.1 44.5 93.0 47.2 11.5 10.5  2.2  2.2
  1.3  1.7 31.4  7.5  8.5 34.5  5.6  2.5  1.5  1.8  0.8  1.2  3.8  6.5  1.2
  3.3  5.6  3.2  2.5  4.2  8.0 21.3 11.0  0.7  5.6 79.7 83.5  1.2147.8  6.3
  1.8  0.2  0.0  0.0  0.0  0.0  0.0  0.0  0.0  0.0  0.0  0.0  0.0  0.0  0.0
  0.0  0.0  0.0  2.3  0.2  1.3  1.3  0.5  0.0  0.0  0.0  0.0  0.0  0.0  0.3
  0.0  0.5  0.8  0.3  0.0  0.5  0.0  0.2  0.3  0.0  0.5  0.0  1.2  1.5  0.0
  5.1  0.5  0.0  5.6  2.0  1.0  3.0  3.2  0.0  0.0  0.0  0.0  0.0  0.0  0.0
  0.5  0.3  0.2  0.0  0.0  0.0  0.0 14.1  3.2  2.8 10.3 27.6  4.5  4.3  6.0
  0.7  2.3  2.2  2.5  0.3  0.5  1.2 27.1 16.8 13.0  1.8  4.3 11.6  5.5  0.0
     -8.42      3.57      0.74     -3.84      1.71  0.8  0.2  0.0  0.0  0.0
                                     4000_story_3435_llm.txt 36.0  4.0 3202
 12.5 11.6 42.2 75.6 20.0  1.6  3.1  0.6 65.3 20.9  2.2  0.6  1.2  2.2  1.9
  0.6  0.3  5.9 16.6  0.9  1.6233.6 87.8 21.2 94.0 53.1  9.4 23.7  0.3  1.6
  0.6  1.2 12.8  5.9  8.1 35.9  7.2 12.5  3.1  5.0  2.5  3.4  4.4  5.6  0.6
  1.6  6.2  2.8  3.1  3.1 20.9 29.7  7.8  1.2  2.5 50.9138.4  5.0178.6  2.5
  2.2  0.0  0.0  0.0  0.0  0.0  0.0  0.0  0.0  0.0  0.0  0.0  0.0  0.0  0.0
  0.0  0.0  0.0  9.4  0.3  3.7  1.9  0.0  0.0  0.0  0.0  0.0  0.0  0.0  1.2
  0.3  0.6  0.3  0.9  0.0  0.3  0.0  0.0  0.0  0.9  0.3  0.0  5.3  1.6  0.0
 15.3  0.0  0.0 15.3  3.4  0.3  4.7  7.2  0.0  0.0  0.0  0.0  0.0  0.0  0.0
  0.6  1.6  0.0  0.0  0.0  0.0  1.2  7.8  4.4  1.6  2.5 23.7  1.2  5.3  9.1
  2.2  2.5  1.2  2.2  0.3  0.0  0.0 35.6 32.2 18.1  1.9  2.8 10.0  6.2  0.0
      7.93      5.92     -2.27      2.21      0.94  0.3  0.0  0.0  0.0  0.0
                                     4000_story_3436_llm.txt 36.5  4.7 5309
  8.9  2.1  3.4 35.2  4.9  0.2  1.3  0.8 44.5  9.2  0.9  2.4  0.0  4.0  0.6
  0.9  0.6  4.9 17.9  1.1  1.5263.1 93.2 34.5 98.3 34.8 12.8 12.8  2.6  3.2
  1.5  0.4 42.4  7.9  5.3 31.5 10.9  3.8  3.2  1.9  2.3  1.3  5.3  5.1  1.1
  5.8  4.1  2.1  2.1  3.8 10.9 26.7 12.1  1.7  7.3 60.8 84.2  2.4156.5  4.5
  0.8  0.0  0.0  0.0  0.0  0.0  0.0  0.0  0.0  0.0  0.0  0.0  0.0  0.0  0.0
  0.0  0.0  0.0  2.3  0.6  1.5  1.9  0.0  0.0  0.2  0.0  0.0  0.2  0.0  0.4
  0.8  0.6  0.8  1.3  0.2  1.1  0.0  0.0  0.0  0.4  0.6  0.0  1.9  1.1  0.0
  6.2  0.2  0.2  6.6  3.8  1.3  5.5  3.6  0.0  0.0  0.0  0.0  0.0  0.0  0.0
  0.2  0.9  0.0  0.2  0.2  0.0  0.0  7.2  2.6  3.0  9.4 17.0  2.1  6.4  7.5
  2.1  2.1  0.6  0.2  0.2  0.8  0.6 33.0 20.5 13.0  1.1  6.2  8.3  3.2  0.0
     -4.75      3.89      2.98     -2.22      3.19  0.9  0.2  0.4  0.0  0.0
                                     4000_story_3438_llm.txt 35.5  4.2 4275
 10.3 10.1 27.4 62.5 10.1  0.7  5.8  0.2 26.4 20.4  0.7  1.9  0.5  5.1  0.9
  0.2  0.9  6.1 19.9  0.7  3.7270.2 91.2 26.9 94.7 36.3 11.9 22.7  0.9  0.5
  0.5  3.5 13.1 10.1  9.6 34.6 10.1  5.6  2.6  4.2  2.1  1.2  2.6  5.4  0.7
  3.5  6.5  1.2  1.4  4.4 13.8 36.0  9.6  1.6  1.9 59.6 72.7  3.0168.4  2.1
  1.2  0.2  0.0  0.0  0.0  0.0  0.0  0.0  0.0  0.0  0.0  0.0  0.0  0.0  0.0
  0.0  0.0  0.0  9.4  0.9  0.9  1.4  0.2  0.2  0.0  0.0  0.0  0.0  0.0  0.0
  0.9  0.5  0.7  0.9  0.2  0.2  0.0  0.0  0.2  0.0  0.2  0.0  1.9  0.9  0.0
 12.6  0.5  0.0 13.1  3.0  0.7  3.7  3.0  0.0  0.0  0.0  0.0  0.0  0.0  0.0
  0.7  0.2  0.0  0.0  0.0  0.0  0.0  8.7  3.0  0.9  8.7 13.8  4.4  3.5 13.6
  1.6  2.1  2.3  0.7  0.5  1.6  0.5 35.6 29.9 16.1  1.6  2.8  9.1  4.7  0.0
      5.38      5.50     -3.27     -1.05      0.47  0.2  0.0  0.0  0.0  0.0
                                     4000_story_3440_llm.txt 38.0  4.3 3554
 13.5  3.9  1.1 81.0 13.8  2.8  3.9  2.8 26.7 13.8  0.8  2.0  0.3  4.2  0.3
  3.1  2.5  8.7 21.7  1.1  1.4251.0 70.9 40.0 67.8 51.2  8.7 10.7  1.4  3.4
  0.0  1.1 15.8  7.0  5.1 45.9  7.6 12.7  2.8  1.7  3.7  2.0  3.7  4.8  0.0
  1.4  7.0  2.3  2.8  4.8 25.0 33.5  6.2  3.7  4.8 63.9 91.7  3.4159.0  5.6
  1.1  0.3  0.0  0.0  0.0  0.0  0.0  0.0  0.0  0.0  0.0  0.0  0.0  0.0  0.0
  0.0  0.0  0.0  0.3  1.4  2.3  2.3  0.6  0.0  0.0  0.0  0.0  0.0  0.0  0.0
  0.6  0.8  0.6  0.6  0.3  0.3  0.0  0.3  0.0  0.0  0.0  0.3  3.9  1.1  0.0
  6.2  0.6  0.0  6.8  2.5  0.8  3.4  5.3  0.0  0.0  0.0  0.0  0.0  0.0  0.0
  0.0  0.8  0.6  0.0  0.0  0.0  0.0 11.3  2.3  1.4  5.6 25.3  4.2  4.8  4.8
  1.1  2.3  4.2  1.7  1.1  2.3  0.3 36.9 18.3 21.1  0.6  3.4  9.6  5.1  0.0
      7.23      2.44     -1.10      0.61     -0.16  0.3  0.3  0.0  0.3  0.0
                                     4000_story_3441_llm.txt 35.5  4.8 2894
 12.1  5.2  0.7116.4 10.7  1.0  2.8  1.7 34.2 16.2  5.5  2.8  0.0  3.5  0.7
  3.1  1.0 20.4 22.8  1.0  0.7234.6 71.2 40.8 37.0 20.4 12.1 15.2  3.8  7.3
  1.7  1.4 60.1  6.6  2.4 47.7 10.0  6.9  3.1  5.9  7.6  5.9  5.9  6.2  1.4
  2.4  5.9  6.6  2.8 10.7 34.9 38.7 10.0  2.1 12.8 79.8 65.3  1.4164.8  2.8
  1.4  0.0  0.0  0.0  0.0  0.0  0.0  0.0  0.0  0.0  0.0  0.0  0.0  0.0  0.0
  0.0  0.0  0.0  4.1  0.7  2.4  4.1  0.7  0.0  0.0  0.0  0.3  0.0  0.0  0.0
  0.3  0.7  3.5  0.7  0.0  0.3  0.0  0.3  0.0  0.0  0.0  0.0  5.9  1.4  0.0
 11.4  0.7  0.3 12.4  5.2  0.7  5.9  7.3  0.0  0.0  0.0  0.0  0.0  0.0  0.0
  0.0  0.0  0.0  0.3  0.0  0.0  0.0 10.4  5.9  6.2 13.8  7.6  7.6  4.1  0.3
  1.7  0.7  1.7  0.0  2.1  0.3  0.3 23.5 29.4 19.0  3.5  3.5  6.6  4.1  0.0
      8.50      1.54      7.80      4.68      2.83  0.3  0.0  0.0  0.0  0.0
                                     4000_story_3445_llm.txt 36.3  4.8 2891
 14.5  5.9  1.7 50.2  9.0  0.3  2.4  2.4 17.6  7.6  0.3  1.0  0.7  5.5  0.3
  3.1  0.0  5.5 15.9  0.0  0.3269.1 74.7 51.5 95.5 73.7  9.0 19.7  0.3  2.1
  0.3  2.4 30.4  4.8  8.6 45.3  7.6  3.8  2.8  1.7  1.7  2.1  6.2  7.3  0.0
  3.1  6.2  4.5  3.5  6.6 11.1 27.3 10.4  0.0  2.8 78.9100.3  2.1164.3  5.5
  0.7  0.0  0.0  0.0  0.0  0.0  0.0  0.0  0.0  0.0  0.0  0.0  0.0  0.0  0.0
  0.0  0.0  0.0  3.8  1.4  2.4  3.1  0.0  0.0  0.0  0.0  0.0  0.0  0.0  0.3
  0.7  1.7  0.3  0.7  0.0  0.0  0.0  0.0  0.0  0.3  0.3  0.0  5.2  0.3  0.0
 10.7  0.0  0.0 10.7  3.8  0.0  4.2  5.9  0.0  0.0  0.0  0.0  0.0  0.0  0.0
  1.0  0.0  0.0  0.0  0.7  0.3  0.3 15.6  4.5  3.1  7.6 14.5  1.7  4.8  5.5
  2.4  3.5  3.5  0.3  1.4  2.1  0.7 27.7 26.6 20.4  0.7  5.2  7.6  4.5  0.0
     -5.68      6.07     -0.96     -2.37      2.37  1.4  0.0  0.3  0.0  0.0
                                     4000_story_3449_llm.txt 30.8  4.2 3790
 16.4  8.2 26.9 64.6  9.5  1.6  2.9  1.6 16.1 19.0  1.1  3.2  0.5  4.0  0.8
  0.5  0.5  6.9 21.6  1.6  1.1273.6 76.5 24.0 91.8 67.5 13.2 14.5  0.8  1.6
  0.0  2.6 18.7 11.1  7.9 28.2 11.3  5.5  3.2  2.9  1.6  0.3  2.9  4.0  0.0
  2.4  9.5  0.8  2.6  6.1 14.0 39.8  6.3  2.1  2.4 60.9 93.1  4.5170.4  1.3
  2.1  0.0  0.0  0.0  0.0  0.0  0.0  0.0  0.0  0.0  0.0  0.0  0.0  0.0  0.0
  0.0  0.0  0.0  5.3  1.1  2.4  1.1  0.3  0.0  0.0  0.0  0.0  0.0  0.3  0.5
  0.5  1.8  0.8  0.5  0.0  0.8  0.3  0.0  0.0  0.8  0.8  0.0  2.6  0.3  0.0
  9.8  0.3  0.3 10.3  4.2  1.1  6.1  3.7  0.0  0.0  0.0  0.0  0.0  0.0  0.0
  1.3  0.0  0.3  0.0  0.0  0.0  0.0 11.3  2.1  1.8  7.9 19.8  4.5  5.0 10.3
  3.7  1.3  3.7  1.3  0.8  0.8  0.0 40.9 24.5 19.8  0.8  2.1  9.2  7.1  0.0
      5.50      5.52     -2.59     -2.09     -0.45  0.0  0.0  0.0  0.0  0.0
                                     4000_story_3451_llm.txt 36.3  4.8 1839
 10.3  3.8  0.5 66.3  9.8  1.1  3.3  0.5 22.3  7.6  0.5  0.5  0.5  4.9  0.0
  0.5  0.5  2.7 17.9  1.1  2.7279.5 75.0 46.2 76.7 58.7 15.8 14.1  0.0  2.7
  0.0  0.5 38.6  7.6 10.3 44.6  7.1  3.8  6.5  0.5  4.4  4.4  3.8  7.1  0.0
  1.6  7.6  4.9  3.3  4.4 10.9 27.2  8.7  1.6  2.7 72.9 90.8  1.1157.7  6.5
  2.2  0.0  0.0  0.0  0.0  0.0  0.0  0.0  0.0  0.0  0.0  0.0  0.0  0.0  0.0
  0.0  0.0  0.0  3.3  0.0  1.6  2.2  0.0  0.0  0.0  0.0  0.0  0.0  0.0  0.5
  0.0  0.0  0.0  0.5  0.0  0.0  0.0  0.0  0.0  0.0  1.6  0.5  7.1  1.6  0.0
  7.1  0.0  0.0  7.1  1.1  0.0  1.1 10.9  0.0  0.0  0.0  0.0  0.0  0.0  0.0
  0.0  0.0  0.0  0.0  0.0  0.0  0.0 11.4  8.2  1.1  9.8  8.2  1.1  6.0  6.0
  6.0  1.6  5.4  0.0  0.5  0.5  1.6 23.4 27.7 16.9  2.2  3.3  7.1  5.4  0.0
     -5.48      5.06     -2.53      0.46      0.35  0.5  0.5  0.0  0.0  0.0
                                     4000_story_3453_llm.txt 38.3  4.8 2395
  9.2  2.9  0.0 16.7  0.0  0.0  0.4  2.1 43.0  7.9  0.4  0.4  0.0  2.5  0.4
  0.8  1.3  2.5 25.5  0.0  0.4261.0113.2 48.0 97.3 47.2 11.7  2.1  1.3  6.7
  1.3  2.1 33.4  7.9  9.2 33.0  6.3  0.4  0.0  2.1  2.1  2.9  5.8  8.4  0.8
  2.5  3.3  2.9  3.3  6.7  5.0 33.4 11.7  1.3  9.2 80.6 90.2  1.7130.7  5.0
  0.4  0.4  0.0  0.0  0.0  0.0  0.0  0.0  0.0  0.0  0.0  0.0  0.0  0.0  0.0
  0.0  0.0  0.0  1.3  0.4  2.1  2.5  0.4  0.0  0.4  0.0  0.0  0.0  0.4  0.0
  0.0  0.4  0.0  1.7  0.0  0.0  0.0  0.4  0.4  0.0  1.7  0.0  1.7  0.8  0.0
  6.3  0.8  0.4  7.5  2.1  0.8  2.9  4.2  0.0  0.0  0.0  0.0  0.0  0.0  0.0
  0.0  0.0  0.0  0.0  0.0  0.0  0.0  6.3  2.1  0.8  4.6 18.8  0.8  3.8 10.0
  3.8  3.8  2.1  0.4  0.4  0.8  1.3 20.5 10.0 13.4  1.7  6.3  9.6  2.5  0.0
     -9.13      2.20      2.44     -3.39      2.74  1.3  0.0  0.0  0.0  0.0
                                     4000_story_3457_llm.txt 35.0  4.2 5550
 15.0  8.1 23.4 62.5  7.4  1.1  2.5  2.0 16.6 13.0  1.8  0.7  0.4  3.4  0.2
  0.4  0.2  5.9 22.3  1.6  2.9278.0 89.4 24.5 92.6 49.5 15.5 16.2  0.5  1.8
  0.7  2.5 18.0  8.1 10.8 35.1  8.6  5.0  1.8  2.3  0.7  1.6  4.5  6.1  0.5
  3.8  8.1  1.3  2.2  3.6 11.7 36.0 10.5  1.8  3.1 59.6 73.5  3.6171.7  3.1
  1.8  0.2  0.0  0.0  0.0  0.0  0.0  0.0  0.0  0.0  0.0  0.0  0.0  0.0  0.0
  0.0  0.0  0.0  5.8  0.2  2.3  1.1  0.0  0.2  0.0  0.0  0.0  0.0  0.0  0.2
  0.2  0.5  0.4  0.9  0.4  0.5  0.0  0.0  0.0  0.0  0.4  0.2  2.3  0.4  0.0
  9.4  0.2  0.0  9.5  2.2  0.9  3.1  3.2  0.0  0.0  0.0  0.0  0.0  0.0  0.0
  0.7  0.7  0.0  0.0  0.2  0.0  0.4  8.5  1.3  1.1  7.6 20.7  3.4  3.1  6.3
  2.9  2.3  1.3  1.8  0.2  0.9  0.5 38.9 22.9 19.5  2.2  5.2  7.7  4.3  0.0
      0.94      5.50     -2.46     -2.77      1.75  0.2  0.0  0.0  0.0  0.0
                                     4000_story_3459_llm.txt 34.3  4.3 6031
 12.1 10.6 21.9 67.8 10.4  0.8  1.7  1.5 15.1 11.1  1.0  1.3  0.2  4.3  0.8
  0.8  0.2  7.0 22.7  0.7  3.3286.4 87.1 32.3 75.6 59.4 18.1 18.6  0.3  1.7
  0.0  1.5 24.5  7.5  9.0 32.7  9.3  5.8  0.8  3.8  2.2  2.2  3.3  5.1  0.7
  2.0  6.8  1.7  2.3  3.6 14.9 36.1  7.8  0.8  2.0 62.8 84.9  3.8155.9  0.3
  3.3  0.3  0.0  0.0  0.0  0.0  0.0  0.0  0.0  0.0  0.0  0.0  0.0  0.0  0.0
  0.0  0.0  0.0  7.8  1.5  2.5  1.0  0.8  0.0  0.0  0.0  0.0  0.0  0.2  0.3
  0.5  0.3  0.5  0.5  0.0  0.7  0.2  0.0  0.0  0.2  0.2  0.0  4.0  1.3  0.0
 12.8  0.8  0.2 13.8  2.2  0.8  3.2  5.5  0.0  0.0  0.0  0.0  0.0  0.0  0.0
  1.3  0.7  0.0  0.0  0.0  0.2  0.3  8.3  5.3  3.0  8.0 16.6  2.0  3.3  2.7
  3.5  0.8  4.0  1.2  0.7  1.7  0.3 33.0 25.7 19.2  1.5  2.8 10.8  5.0  0.0
      0.93      6.31     -2.37     -1.33      0.38  0.2  0.0  0.2  0.0  0.2
                                     4000_story_3460_llm.txt 35.8  4.3 2653
 11.7 13.9 23.0 70.5  8.3  0.4  3.0  0.4 18.5 11.7  1.1  0.8  0.4  3.8  0.4
  0.4  0.8  6.8 25.6  0.8  2.3273.7 73.9 30.9 79.2 69.0 15.8 23.4  0.4  1.9
  0.4  4.1 20.0  5.7  8.7 32.4 13.2  4.1  3.0  3.8  3.8  1.9  3.8  4.9  0.0
  3.8  6.8  1.5  1.9  4.1 14.7 41.1  8.7  1.5  2.6 58.4 95.7  3.8164.3  0.8
  2.3  0.0  0.0  0.0  0.0  0.0  0.0  0.0  0.0  0.0  0.0  0.0  0.0  0.0  0.0
  0.0  0.0  0.0 10.9  0.4  1.1  2.6  0.0  0.0  0.0  0.0  0.0  0.0  0.8  0.4
  0.0  0.4  0.8  0.8  0.4  0.0  0.0  0.4  0.0  0.8  0.4  0.0  4.5  0.4  0.0
 15.1  0.0  0.8 15.8  2.3  0.8  3.8  5.3  0.0  0.0  0.0  0.0  0.0  0.0  0.0
  0.8  1.5  0.4  0.0  0.0  0.0  0.4  9.4  6.8  4.1  6.0 13.9  2.6  3.4  3.4
  4.5  0.0  1.9  1.1  0.8  1.9  0.0 32.8 31.7 16.6  1.9  3.0  9.0  5.3  0.0
      3.04      7.31     -0.60     -0.38      0.69  0.4  0.4  0.4  0.0  0.0
                                     4000_story_3462_llm.txt 32.3  4.5 2438
 12.3  5.3  0.0 34.5  3.3  0.4  0.8  3.7  5.7 16.0  1.2  1.2  0.8  6.2  0.0
  2.1  0.8  4.5 25.4  0.0  1.6262.5 82.4 36.5100.9 49.2  6.6 16.4  0.8  4.1
  1.2  1.6 29.1  7.4 13.9 39.0  9.8  7.0  2.9  1.2  0.8  2.1  4.5 12.3  0.0
  3.3  7.8  4.1  2.9  4.1 12.3 37.3 15.6  0.8  6.2 66.0 58.2  2.5151.8  4.9
  2.1  0.0  0.0  0.0  0.0  0.0  0.0  0.0  0.0  0.0  0.0  0.0  0.0  0.0  0.0
  0.0  0.0  0.0  5.3  2.5  1.6  1.2  0.0  0.0  0.0  0.0  0.0  0.0  0.0  0.0
  1.2  0.8  0.0  1.2  0.0  0.8  0.0  0.4  0.0  0.4  0.4  0.0  4.5  1.6  0.0
 10.7  0.0  0.0 10.7  3.3  1.2  4.9  6.6  0.0  0.0  0.0  0.0  0.0  0.0  0.0
  0.4  0.0  0.0  0.0  0.0  0.0  0.0  7.4  2.9  0.8  3.7 21.7  1.2  7.8  8.6
  2.5  4.1  4.1  1.6  0.4  0.4  1.6 32.0 24.2 12.7  2.1  4.9 11.1  5.7  0.0
     -1.60      4.08     -1.17     -2.25      2.12  0.0  0.4  0.0  0.0  0.0
                                     4000_story_3464_llm.txt 37.3  4.6 6443
 10.2  1.7  6.8 52.0  8.1  0.5  1.7  0.5 14.4 14.0  0.8  1.1  0.9  2.8  0.2
  0.6  1.4  7.4 17.1  0.3  0.8304.4 84.9 33.8 95.6 50.4 11.2  9.9  0.8  3.4
  0.6  0.9 36.5  4.8  8.4 26.5  5.4  5.0  2.2  2.5  2.2  1.4  3.3 12.4  1.1
  5.0  7.0  6.5  1.9  4.2 14.6 28.6 18.5  1.7  4.8 57.1 72.9  1.4162.8  4.3
  2.5  0.0  0.0  0.0  0.0  0.0  0.0  0.0  0.0  0.0  0.0  0.0  0.0  0.0  0.0
  0.0  0.0  0.0  2.9  0.9  0.9  0.8  0.0  0.0  0.0  0.2  0.2  0.0  0.0  0.2
  0.0  0.5  0.5  0.2  0.0  0.2  0.0  0.0  0.0  0.3  0.0  0.0  1.4  0.6  0.0
  5.6  0.0  0.3  5.9  1.2  0.2  1.7  2.0  0.0  0.0  0.0  0.0  0.0  0.0  0.0
  0.3  0.2  0.0  0.0  0.0  0.0  0.2 21.0  3.7  1.2 13.5 18.5  5.1  3.6  5.9
  1.9  2.0  1.7  2.3  0.3  0.3  1.9 33.7 19.9 14.3  2.3  4.7  7.6  6.7  0.0
     -5.38      3.65      1.23     -2.00      2.73  0.5  0.0  0.0  0.2  0.0
                                     4000_story_3469_llm.txt 35.8  4.4 2556
 10.6  2.3 16.8 55.9 12.1  0.8  2.7  0.4 14.5  9.8  0.0  0.4  0.4  5.1  1.2
  1.6  0.8  9.4 16.0  0.0  4.3266.0 81.0 35.2111.9 39.1 12.9 13.7  0.4  2.3
  0.0  3.9 18.8  9.4 22.7 41.1  6.7  4.7  2.3  1.6  0.4  2.0  4.3  3.9  0.0
  4.7  6.7  1.2  2.3  1.2 14.5 28.6  8.6  0.8  2.7 63.0 65.7  2.0178.8  8.6
  0.4  0.0  0.0  0.0  0.0  0.0  0.0  0.0  0.0  0.0  0.0  0.0  0.0  0.0  0.0
  0.0  0.0  0.0  1.2  0.8  1.6  0.8  0.0  0.0  0.0  0.0  0.0  0.0  0.0  0.4
  0.4  0.4  3.1  0.4  0.0  0.0  0.0  0.0  0.0  0.0  0.0  0.0  0.4  1.2  0.0
  4.3  0.0  0.0  4.3  4.7  0.0  4.7  1.6  0.0  0.0  0.0  0.0  0.0  0.0  0.0
  2.3  0.0  0.4  0.0  0.0  0.0  0.4  3.5  1.2  2.3 11.7 10.2  3.5  6.3  5.1
  0.8  2.3  0.8  3.1  0.8  1.2  0.0 47.7 20.0  9.4  3.9  7.4 10.2  7.0  0.0
     -1.02      4.71     -6.56     -3.05      1.17  0.8  0.4  0.0  0.0  0.0
                                     4000_story_3471_llm.txt 34.3  4.3 4700
 14.0 13.4 48.7 81.1  7.9  3.6  1.3  1.1 43.0 17.7  1.1  1.5  0.2  2.6  0.6
  0.4  0.9  5.5 20.6  1.1  2.3266.2 74.5 19.4 86.4 62.8 11.9 25.7  0.6  1.5
  0.0  1.1 26.4 10.6 11.1 33.0  9.4  8.9  0.9  3.4  0.9  0.9  4.0  8.3  0.6
  4.3  8.5  1.5  2.1  4.5 15.3 35.1 13.2  1.9  2.1 47.2113.6  2.1182.3  1.1
  1.7  0.0  0.0  0.0  0.0  0.0  0.0  0.0  0.0  0.0  0.0  0.0  0.0  0.0  0.0
  0.0  0.0  0.0 11.5  0.9  1.3  2.1  0.2  0.0  0.2  0.0  0.0  0.0  0.0  0.4
  0.4  2.8  1.1  0.9  0.4  0.2  0.0  0.0  0.0  0.0  0.6  0.2  3.2  0.9  0.0
 15.7  0.4  0.0 16.2  5.5  0.6  6.2  4.9  0.0  0.0  0.0  0.0  0.0  0.0  0.0
  0.4  1.5  0.2  0.0  0.2  0.2  0.0 14.7  2.8  1.9 11.1 20.6  1.1  4.5  2.8
  3.4  0.2  0.0  2.1  0.4  0.9  0.4 35.5 31.1 24.0  3.8  2.8 12.1  3.2  0.0
      7.28      6.96     -3.85     -1.91      2.02  0.0  0.0  0.0  0.0  0.0
                                     4000_story_3475_llm.txt 35.3  4.6 4847
  9.5  0.8  0.2 36.1  5.2  0.6  1.4  0.2  7.4 10.1  0.6  0.8  0.0  2.1  0.0
  1.0  0.2  5.4 23.9  0.8  0.6266.6 92.4 48.1102.1 62.1 13.2  6.8  1.4  6.4
  0.4  3.7 32.6  5.2  8.0 28.7 13.4  3.9  1.0  1.2  1.4  0.6  4.3  9.7  0.4
  3.5  4.1  1.4  1.7  6.0 10.7 33.8 13.6  1.0  8.3 82.5 74.7  1.9159.3  3.9
  0.4  0.0  0.0  0.0  0.0  0.0  0.0  0.0  0.0  0.0  0.0  0.0  0.0  0.0  0.0
  0.0  0.0  0.0  1.7  1.0  1.0  0.8  0.0  0.2  0.0  0.2  0.0  0.2  0.0  1.0
  0.2  0.8  0.8  0.4  0.0  1.7  0.0  0.4  0.0  0.8  0.0  0.2  1.0  0.0  0.0
  4.5  0.2  0.4  5.2  3.3  2.1  6.2  1.2  0.0  0.0  0.0  0.0  0.0  0.0  0.0
  0.0  0.4  0.0  0.0  0.0  0.0  0.0 10.9  5.8  1.9 14.6 23.3  1.9  7.8  7.2
  2.3  1.0  1.2  0.8  0.8  1.7  1.0 34.2 12.4 12.8  2.7  8.5 11.6  4.1  0.0
     -9.28      4.19      3.57     -3.84      2.00  0.4  0.0  0.0  0.0  0.0
                                     4000_story_3476_llm.txt 37.8  4.7 4354
 15.2  2.5  0.5 41.6  3.0  0.7  0.9  3.0  5.1 11.9  1.4  0.7  0.7  3.2  0.7
  2.3  1.4 11.3 23.7  2.3  0.9242.1 82.5 46.4 95.8 62.9  9.2  7.1  2.1  4.8
  0.2  2.5 39.0 10.3  6.7 46.4 10.6  6.7  5.1  2.1  2.8  2.8  6.9  6.4  0.2
  3.7  7.3  2.3  4.4  6.4 20.7 36.3 10.3  3.7  7.1 79.7 71.0  2.3155.9  7.3
  0.2  0.0  0.0  0.0  0.0  0.0  0.0  0.0  0.0  0.0  0.0  0.0  0.0  0.0  0.0
  0.0  0.0  0.0  1.6  1.6  1.4  2.5  0.0  0.0  0.0  0.0  0.0  0.0  0.0  1.4
  0.2  1.8  0.0  1.6  0.0  0.5  0.0  0.0  0.0  0.7  0.5  0.0  2.1  0.9  0.0
  7.1  0.0  0.0  7.1  5.1  0.5  6.2  3.4  0.0  0.0  0.0  0.0  0.0  0.0  0.0
  0.2  0.7  0.0  0.0  0.2  0.0  0.0 17.0  5.7  4.1 16.3 12.6  2.3  3.9  5.7
  0.9  4.4  2.1  0.0  1.1  0.7  0.9 30.1 18.8 19.5  0.7  7.6 11.7  6.0  0.0
      0.39      3.30      0.91     -0.03      3.02  0.5  0.0  0.0  0.0  0.0
                                     4000_story_3479_llm.txt 37.3  5.0 3497
  4.9  0.9  0.6 83.5  0.0  0.0  2.9  2.0 22.3  8.0  2.9  0.9  0.3  1.1  0.0
  1.4  0.3 15.7 25.5  0.9  0.3260.2114.1 44.3  7.1 24.3  5.4  2.3  6.0  4.3
  1.7  2.3 74.6  2.6  2.0 40.3 11.7 17.7  3.1  1.4  3.7  6.6  9.4 15.4  2.9
  2.6  7.4  8.6  3.4  5.1 37.2 37.5 20.9  1.1 12.0 77.8 46.6  1.7111.8  3.1
  2.0  0.0  0.0  0.0  0.0  0.0  0.0  0.0  0.0  0.0  0.0  0.0  0.0  0.0  0.0
  0.0  0.0  0.0  4.0  0.9  1.4  1.4  0.0  0.9  0.0  0.0  0.0  0.0  0.3  1.1
  1.4  0.3  0.3  0.0  0.0  0.9  0.0  0.9  0.3  0.9  1.1  0.3  1.4  0.3  0.0
  7.7  0.9  0.3  8.9  3.1  2.0  6.0  3.1  0.0  0.0  0.0  0.0  0.0  0.0  0.0
  0.0  0.0  0.0  0.0  0.0  0.0  0.0 14.6  8.3  4.6 15.4  5.7  0.6  5.4  3.4
  0.9  1.4  1.1  0.3  0.9  1.4  1.1 18.0 10.3 14.0  3.1  2.9  4.0  1.1  0.0
     -5.92     -2.94     10.63      3.68      7.64  3.1  0.3  0.3  0.0  0.0
                                     4000_story_3481_llm.txt 33.8  4.6 3483
 13.8  3.7  0.9 57.1  7.5  0.6  2.3  0.9 15.8  9.5  1.1  1.1  0.6  1.7  0.6
  1.4  2.6  5.5 12.9  0.3  1.4256.4 88.1 29.3103.1 76.4 18.9  8.9  1.4  0.9
  2.6  2.3 37.0  9.5 10.6 33.0  5.5  3.7  2.0  1.7  1.7  2.3  5.2  7.5  0.9
  2.9  8.6  5.5  2.3  3.4 10.9 26.7 11.2  2.9  4.9 54.0 99.6  3.2170.0  4.6
  0.3  0.0  0.0  0.0  0.0  0.0  0.0  0.0  0.0  0.0  0.0  0.0  0.0  0.0  0.0
  0.0  0.0  0.0  2.9  0.6  4.3  1.7  0.0  0.0  0.0  0.0  0.6  0.3  0.0  0.0
  0.0  0.3  0.3  1.1  0.0  0.3  0.0  0.0  0.0  0.0  0.0  0.0  1.1  0.6  0.0
  9.5  0.0  0.9 10.3  1.7  0.3  2.0  1.7  0.0  0.0  0.0  0.0  0.0  0.0  0.0
  0.0  0.0  0.0  0.0  0.0  0.0  0.0 19.2  5.2  3.2  9.2 23.8  2.3  4.3 11.8
  5.5  2.9  0.3  1.4  0.3  0.6  0.6 32.7 16.7 18.4  1.4  6.0  9.2  6.9  0.0
     -2.90      6.35      0.31     -2.55      2.32  0.3  0.0  0.0  0.0  0.0
                                     4000_story_3483_llm.txt 38.0  4.5 2962
 13.5  2.0  1.0 53.0  8.8  1.0  1.7  1.4 28.0  8.4  0.3  1.0  0.0  3.4  0.3
  2.4  4.4  5.7 11.1  1.0  0.7260.0 85.1 27.7101.6 63.5  9.1  8.8  2.0  2.7
  0.0  1.7 39.5  8.8 11.1 32.7  6.8  4.7  6.1  2.0  1.7  2.7  3.7  6.8  0.3
  2.0  7.1  5.4  2.4  4.1 12.2 23.0  9.1  5.4  4.7 48.6100.3  2.0160.4  7.1
  0.3  0.3  0.0  0.0  0.0  0.0  0.0  0.0  0.0  0.0  0.0  0.0  0.0  0.0  0.0
  0.0  0.0  0.0  2.7  1.4  2.7  1.0  0.0  0.3  0.0  0.0  0.0  0.0  0.0  0.0
  0.0  0.3  1.0  0.7  0.0  0.3  0.0  0.0  0.0  0.7  0.0  0.0  2.0  1.4  0.0
  7.8  0.3  0.0  8.1  2.0  0.3  3.0  3.4  0.0  0.0  0.0  0.0  0.0  0.0  0.0
  0.3  0.7  0.0  0.0  0.0  0.0  0.0 21.9  4.4  0.7  3.0 23.0  1.7  6.8  7.4
  4.4  2.0  1.4  1.7  0.3  0.0  0.3 36.1 19.9 15.9  2.4  7.8 11.1  4.7  0.0
      1.30      3.81     -0.76     -0.71      0.63  0.0  0.3  0.0  0.0  0.0
                                     4000_story_3485_llm.txt 37.3  4.8 2250
 10.7  3.6  1.8 49.3  2.2  0.4  2.7  0.4  2.7 12.4  0.4  0.0  0.0  4.9  0.0
  0.0  0.0  6.2 16.4  0.4  0.4269.8 97.3 41.3 96.0 83.1 15.1  6.2  2.2  3.1
  0.9  3.1 39.1  5.8  9.3 37.3  3.1  4.9  2.2  1.3  1.8  1.3  3.6 13.8  1.3
  4.0  8.0  2.7  3.6  4.0 12.9 28.9 19.1  0.4  6.2 65.8 88.0  2.2156.4  4.9
  1.8  0.0  0.0  0.0  0.0  0.0  0.0  0.0  0.0  0.0  0.0  0.0  0.0  0.0  0.0
  0.0  0.0  0.0  1.8  0.4  2.2  1.3  0.0  0.0  0.0  0.0  0.0  0.0  0.0  0.0
  0.0  0.9  1.3  0.4  0.0  0.0  0.4  0.0  0.0  0.4  0.4  0.0  0.4  0.4  0.0
  5.8  0.0  0.0  5.8  2.7  0.4  3.6  1.3  0.0  0.0  0.0  0.0  0.0  0.0  0.0
  0.0  0.4  0.0  0.0  0.0  0.0  0.4 18.2  7.1  1.8  9.3 18.2  0.4  2.7 12.9
  6.2  2.2  0.9  0.9  0.0  0.9  0.4 34.7 18.7 18.2  1.8  4.9 10.2  3.6  0.0
     -9.67      5.18      2.00     -2.74      3.00  0.0  0.0  0.0  0.0  0.0
                                     4000_story_3488_llm.txt 37.0  4.6 2981
 10.7  2.0  0.0 35.6  8.1  0.0  2.3  0.3 42.9 10.1  0.0  1.0  0.0  5.0  0.7
  1.3  1.3  5.0 13.4  0.3  1.0257.6 97.3 37.6102.0 63.4 14.8  7.7  1.7  3.7
  1.3  1.7 43.9  9.1 10.1 31.9  6.7  1.7  3.4  1.7  0.7  3.4  3.4  7.4  1.0
  5.0  7.4  5.0  2.7  3.7  7.4 25.2 13.4  1.7  6.7 57.0114.4  2.7154.3  6.0
  0.0  0.0  0.0  0.0  0.0  0.0  0.0  0.0  0.0  0.0  0.0  0.0  0.0  0.0  0.0
  0.0  0.0  0.0  2.7  0.0  2.0  1.3  0.0  0.0  0.0  0.0  0.0  0.0  0.0  0.0
  0.0  0.0  0.7  0.7  0.0  0.3  0.0  0.3  0.0  0.0  0.3  0.0  0.3  0.7  0.0
  6.0  0.0  0.0  6.0  1.3  0.7  2.0  1.3  0.0  0.0  0.0  0.0  0.0  0.0  0.0
  0.3  0.7  0.0  0.0  0.0  0.0  0.0 18.5  5.7  2.0  6.7 21.1  3.4  9.1  5.4
  5.7  6.0  1.0  1.3  0.0  0.3  0.0 35.2 17.8 15.1  1.0  8.4 11.1  6.0  0.0
     -5.30      4.71      1.34     -2.70      1.99  0.3  0.3  0.0  0.0  0.0
                                     4000_story_3489_llm.txt 36.5  4.6 3724
 11.3  3.2  0.8 41.4  6.7  0.0  1.6  0.3  8.1 15.8  0.5  0.8  0.5  7.3  0.0
  0.8  1.1  6.7 15.0  0.0  1.1262.6 94.0 38.4101.8 78.7 16.6  9.1  1.1  2.4
  0.8  2.1 32.8  8.6 11.5 33.3  9.4  4.6  1.9  1.9  2.1  3.8  5.1  8.1  0.3
  3.0  7.5  2.1  3.5  5.1 13.4 27.4 11.3  1.1  4.3 66.9 93.4  0.8163.0  8.3
  0.8  0.0  0.0  0.0  0.0  0.0  0.0  0.0  0.0  0.0  0.0  0.0  0.0  0.0  0.0
  0.0  0.0  0.0  1.6  1.1  3.2  1.1  0.0  0.0  0.0  0.0  0.0  0.0  0.0  0.8
  0.0  1.1  1.3  0.3  0.0  0.3  0.0  0.0  0.3  0.5  0.3  0.0  1.3  1.3  0.0
  7.0  0.0  0.0  7.0  3.5  0.5  4.6  3.0  0.0  0.0  0.0  0.0  0.0  0.0  0.0
  0.0  0.0  0.0  0.0  0.0  0.0  0.3 13.7  1.1  0.8  5.9 22.3  1.3  5.4 13.7
  6.7  1.3  2.1  1.3  0.0  1.1  0.3 32.5 16.6 15.0  2.4  7.8 10.2  4.3  0.0
     -4.88      6.01     -1.13     -1.53      1.94  0.5  0.3  0.3  0.0  0.0
                                     4000_story_3491_llm.txt 32.5  4.3 5674
 13.4  5.5  0.9 55.3  9.5  1.4  3.9  1.1 72.6 11.6  0.9  2.6  0.2  4.8  0.2
  0.7  0.9  6.0 15.3  0.9  1.1211.0 88.5 25.2107.7 65.0 20.3  9.2  1.8  1.4
  1.6  2.8 39.5  9.0  8.1 34.2  7.4  5.8  2.6  1.8  3.0  2.3  4.9  5.8  0.9
  1.8  9.7  2.6  2.5  6.2 14.8 32.3  8.5  1.8  4.8 51.1147.2  2.8175.5  6.2
  2.3  0.2  0.0  0.0  0.0  0.0  0.0  0.0  0.0  0.0  0.0  0.0  0.0  0.0  0.0
  0.0  0.0  0.0  2.6  1.8  2.3  1.9  0.0  0.2  0.2  0.0  0.0  0.0  0.0  0.4
  0.0  0.9  0.7  0.7  0.0  0.2  0.0  0.2  0.0  0.9  0.2  0.0  1.4  0.9  0.0
  8.6  0.4  0.0  9.0  2.6  0.4  3.9  2.5  0.0  0.0  0.0  0.0  0.0  0.0  0.0
  0.2  0.4  0.0  0.0  0.0  0.0  0.0 12.0  4.2  0.9  7.0 22.0  2.1  5.6  9.5
  3.7  1.8  0.5  0.5  0.4  0.4  1.1 35.8 20.8 22.2  1.6  7.0 13.9  6.2  0.0
      2.71      6.30      1.05     -1.22      1.59  0.0  0.0  0.2  0.0  0.0
                                     4000_story_3492_llm.txt 33.3  4.5 2438
 15.2  4.9  0.8 45.1  9.0  0.0  1.6  0.4 11.9 10.3  0.8  1.2  0.4  2.5  0.0
  0.4  1.2  4.5 14.4  0.0  1.2242.4 93.1 26.3 99.3105.4 13.5  6.2  0.8  2.1
  2.1  2.9 34.9  5.7  8.2 33.6  8.6  6.6  2.9  3.3  2.9  1.6  4.9  9.8  0.4
  4.5  6.2  4.5  2.5  4.1 13.9 27.9 14.8  1.2  4.9 57.0126.3  2.9159.1  3.3
  0.4  0.0  0.0  0.0  0.0  0.0  0.0  0.0  0.0  0.0  0.0  0.0  0.0  0.0  0.0
  0.0  0.0  0.0  2.1  1.6  4.9  3.3  0.4  0.0  0.0  0.0  0.0  0.0  0.4  1.6
  0.0  1.2  0.8  0.8  0.0  0.8  0.4  0.0  0.4  0.0  0.0  0.0  0.4  1.2  0.0
 11.9  0.4  0.4 12.7  4.5  1.6  6.2  1.6  0.0  0.0  0.0  0.0  0.0  0.0  0.0
  0.4  0.0  0.0  0.0  0.4  0.0  0.0 20.9  2.1  2.1  9.4 16.4  3.7  5.3  9.8
 10.7  1.6  0.4  0.0  0.0  1.2  0.0 34.5 16.4 23.0  1.6  6.2  9.0  4.9  0.0
     -5.62      5.96      1.87     -0.60      2.71  0.0  0.0  0.0  0.0  0.0
                                     4000_story_3493_llm.txt 37.0  4.6 5673
 12.3  3.5  0.2 37.7  2.3  0.4  1.2  0.5 56.6 13.2  0.0  0.5  0.5  3.0  0.2
  0.9  1.4  3.3 14.6  0.4  0.7269.3101.2 40.9 98.5 33.0 13.2  5.6  0.9  1.8
  0.7  1.6 37.9  9.0 11.3 29.8  4.8  2.8  2.1  1.6  1.2  1.9  3.3  7.2  1.1
  2.3  8.3  3.3  1.9  5.5  7.4 26.6 10.6  1.8  3.3 66.6 91.8  1.6152.1  5.1
  1.4  0.0  0.0  0.0  0.0  0.0  0.0  0.0  0.0  0.0  0.0  0.0  0.0  0.0  0.0
  0.0  0.0  0.0  2.8  0.7  2.3  1.6  0.0  0.0  0.0  0.0  0.0  0.2  0.0  0.2
  0.0  0.7  0.7  1.1  0.0  0.0  0.0  0.0  0.0  0.5  0.2  0.0  1.1  0.5  0.0
  7.4  0.0  0.2  7.6  2.6  0.0  3.2  1.8  0.0  0.0  0.0  0.0  0.0  0.0  0.0
  0.0  0.2  0.0  0.0  0.0  0.0  0.0  6.9  2.8  2.5  9.9 21.2  3.2  5.5 14.5
  1.4  1.4  1.1  2.5  0.4  1.2  0.5 26.1 13.4 16.9  1.1  7.2 10.4  4.2  0.0
     -6.54      2.57     -1.35     -3.17      1.11  0.4  0.0  0.0  0.0  0.0
                                     4000_story_3494_llm.txt 33.3  4.6 3184
 12.2  1.6  0.9 36.1  4.4  0.6  0.3  0.9  6.9  6.3  1.3  4.1  0.9  4.4  0.3
  0.3  0.9  2.5 16.3  0.6  0.3255.7101.1 28.0111.5 53.4 10.7 11.0  0.0  2.2
  2.2  2.8 28.3  8.5 14.8 37.7  8.8  1.9  4.4  1.6  1.3  3.1  6.0  8.8  0.3
  3.5  6.0  2.2  0.6  4.4  5.7 30.8 12.6  1.6  4.4 59.7 64.7  0.9163.0  2.8
  1.3  0.0  0.0  0.0  0.0  0.0  0.0  0.0  0.0  0.0  0.0  0.0  0.0  0.0  0.0
  0.0  0.0  0.0  0.9  2.5  2.8  1.6  0.0  0.0  0.0  0.0  0.0  0.0  0.0  1.3
  0.6  2.5  0.9  1.3  0.0  0.3  0.3  0.0  0.0  1.9  1.6  0.3  3.1  0.3  0.0
  7.9  0.0  0.0  7.9  6.6  0.6  9.1  5.3  0.0  0.0  0.0  0.0  0.0  0.0  0.0
  0.6  0.0  0.0  0.0  0.0  0.0  0.0  7.2  1.6  0.3  5.3 11.0  2.8  4.4  6.6
  0.3  0.6  2.8  1.3  0.0  0.6  0.6 28.6 21.7 19.8  1.6  7.5 14.4  4.7  0.0
     -6.42      4.40     -1.82     -2.17      2.79  0.3  0.0  1.3  0.0  0.0
                                     4000_story_3495_llm.txt 37.8  4.6 2257
 11.5  3.5  0.9 35.4  8.4  0.0  0.9  1.3 15.5  8.9  0.0  0.4  1.3  4.0  0.4
  0.0  0.0  2.2 18.6  0.4  1.8235.7 86.4 37.2 98.8 88.6 14.2  4.0  1.8  1.3
  0.4  2.7 27.9  8.4 10.2 36.3  7.1  5.3  3.5  0.9  0.9  1.3  6.2  5.3  1.3
  5.3  9.3  1.8  1.8  4.4  8.4 31.9 12.0  0.4  3.5 77.1112.5  1.8159.1 10.2
  0.9  0.4  0.0  0.0  0.0  0.0  0.0  0.0  0.0  0.0  0.0  0.0  0.0  0.0  0.0
  0.0  0.0  0.0  0.9  2.7  1.3  0.4  0.4  0.0  0.0  0.0  0.0  0.0  0.0  0.9
  0.4  0.9  0.9  0.4  0.0  0.4  0.0  0.0  0.0  0.4  0.0  0.0  0.9  0.9  0.0
  5.3  0.4  0.0  5.8  3.5  0.4  4.4  1.8  0.0  0.0  0.0  0.0  0.0  0.0  0.0
  0.0  0.9  0.0  0.0  0.0  0.0  0.0 12.4  3.5  1.8  7.5 28.8  4.4  4.0 14.6
  4.0  2.2  4.4  0.4  0.0  0.0  0.9 33.7 19.9 16.4  1.3  6.6 12.0  4.9  0.0
     -7.34      4.93     -1.46     -2.84      3.79  0.4  0.0  0.4  0.0  0.0
                                     4000_story_3496_llm.txt 36.5  4.6 3243
 10.2  3.4  1.2 58.9 24.4  0.9  3.4  0.3 29.9 12.0  1.5  2.2  0.3  3.4  0.9
  0.3  1.5  4.0 12.3  0.9  0.6243.0 80.2 28.1101.4 59.2 21.9  8.6  1.9  3.7
  0.9  1.9 33.9  7.1 10.2 36.4  9.3  8.6  3.1  3.1  2.8  4.0  4.0 10.5  0.9
  4.3  7.1  2.5  4.0  6.8 15.4 26.5 15.7  2.5  6.5 53.3113.5  2.8173.9  2.8
  1.2  0.3  0.0  0.0  0.0  0.0  0.0  0.0  0.0  0.0  0.0  0.0  0.0  0.0  0.0
  0.0  0.0  0.0  3.1  1.5  1.5  1.9  0.0  0.3  0.0  0.0  0.0  0.0  0.0  0.9
  0.0  1.9  0.9  1.5  0.0  0.3  0.0  0.0  0.0  0.9  0.3  0.0  2.2  1.5  0.0
  8.0  0.3  0.0  8.3  5.2  0.3  6.5  4.0  0.0  0.0  0.0  0.0  0.0  0.0  0.0
  0.0  0.0  0.0  0.0  0.0  0.0  0.0 23.1  7.4  0.9  9.3 17.0  2.8  4.0  9.6
  4.9  0.6  2.5  1.2  0.0  0.6  0.0 36.1 19.1 16.7  1.9  8.0 13.9  6.8  0.0
     -0.90      6.05      0.71      0.77      2.57  0.6  0.0  0.0  0.0  0.0
                                     4000_story_3498_llm.txt 36.5  4.7 2515
 10.7  3.2  0.0 35.8  9.1  0.0  2.8  0.4 12.3  9.9  0.4  2.0  0.8  3.2  0.0
  0.0  1.2  2.4 16.3  0.4  0.4287.5100.6 25.0112.1 70.4 12.3  9.1  0.8  4.8
  0.8  2.8 38.6  7.2 11.1 33.0  4.0  2.0  0.8  1.6  0.8  1.6  4.0  4.0  0.8
  5.2  6.8  4.0  1.2  6.4  5.2 29.4  9.9  1.6  6.4 55.7 91.8  1.2162.6  2.8
  0.8  0.8  0.0  0.0  0.0  0.0  0.0  0.0  0.0  0.0  0.0  0.0  0.0  0.0  0.0
  0.0  0.0  0.0  2.4  0.0  1.6  2.0  0.0  0.8  0.0  0.0  0.0  0.0  0.0  0.4
  0.0  0.0  0.4  0.8  0.0  0.0  0.0  0.0  0.0  0.0  0.0  0.4  0.8  0.4  0.0
  6.0  0.8  0.0  6.8  1.6  0.0  1.6  1.6  0.0  0.0  0.0  0.0  0.0  0.0  0.0
  0.0  0.4  0.0  0.0  0.0  0.0  0.0  8.0  3.2  2.4  9.5 19.5  5.6  2.0 13.9
  0.4  0.0  1.2  1.2  0.0  0.8  0.4 34.6 20.7 12.7  0.8  6.0 11.1  4.4  0.0
     -7.89      5.15      1.06     -4.14      1.74  0.8  0.0  0.0  0.0  0.0
                                     4000_story_3500_llm.txt 35.8  5.0 4953
 11.5  3.4  0.4 40.8 11.7  0.6  2.0  0.8 12.3  8.7  1.0  0.4  0.0  4.2  0.2
  0.6  2.2  5.5 10.1  0.0  0.6295.4 93.3 47.0 96.7 56.3 18.0  9.3  1.0  3.4
  1.0  2.0 62.2  7.1  4.4 30.3  7.1  2.2  4.2  2.0  1.8  3.0  4.4  9.3  1.2
  5.9  5.0  3.4  2.2  4.2  9.5 19.6 16.4  2.2  5.5 69.5 80.4  1.4156.9  6.1
  0.8  0.2  0.0  0.0  0.0  0.0  0.0  0.0  0.0  0.0  0.0  0.0  0.0  0.0  0.0
  0.0  0.0  0.0  1.8  1.0  2.2  2.0  0.0  0.2  0.0  0.0  0.0  0.0  0.4  0.2
  0.6  0.6  1.6  0.6  0.0  0.4  0.2  0.0  0.0  0.0  0.6  0.0  3.4  1.2  0.0
  7.1  0.2  0.4  7.7  3.6  0.6  4.2  5.2  0.0  0.0  0.0  0.0  0.0  0.0  0.0
  0.2  0.4  0.0  0.0  0.0  0.0  0.0 12.3  3.8  1.4  9.3 19.0  3.4  4.6  5.9
  3.6  1.0  1.4  0.8  0.4  0.8  2.4 24.8 21.2 17.4  1.0  3.4  8.3  5.2  0.0
     -8.84      5.13      4.22     -1.71      3.38  0.2  0.0  0.0  0.0  0.0
                                     4000_story_3504_llm.txt 35.0  4.6 4814
 18.7  5.0  9.6 42.4 10.2  1.5  2.9  0.8 17.0 14.7  1.0  2.9  0.4  5.6  0.6
  0.6  0.6  3.9 17.7  2.3  1.7237.4 85.8 32.8110.9 71.5 18.3 12.3  1.9  3.7
  0.6  2.1 36.8  6.9  8.9 43.2 10.0  2.5  2.9  1.2  2.5  3.3  5.0  4.2  1.2
  4.6  6.2  4.6  3.3  6.4  8.9 30.1 10.0  2.9  6.2 70.0 98.7  1.9170.5  9.1
  1.9  0.6  0.0  0.0  0.0  0.0  0.0  0.0  0.0  0.0  0.0  0.0  0.0  0.0  0.0
  0.0  0.0  0.0  4.8  0.8  3.1  2.1  0.8  0.0  0.0  0.0  0.0  0.2  0.2  0.4
  0.0  1.5  0.6  1.0  0.0  0.6  0.4  0.2  0.0  0.2  0.4  0.0  3.9  0.6  0.0
 10.8  0.8  0.4 12.0  3.5  1.2  5.0  5.0  0.0  0.0  0.0  0.0  0.0  0.0  0.0
  0.2  0.2  0.0  0.0  0.0  0.0  0.0  8.7  3.1  1.9 10.0 13.1  1.2  2.9  6.9
  2.9  1.0  4.4  1.0  0.0  1.2  0.2 30.1 23.7 26.0  1.9  4.8 13.9  5.6  0.0
      1.59      6.88      0.79     -1.99      2.55  0.4  0.2  0.6  0.0  0.0
                                     4000_story_3509_llm.txt 34.3  4.4 3994
 13.0  3.8  1.3 56.8 16.3  0.5  3.0  1.5 26.3  5.5  1.0  2.5  0.3  2.5  0.3
  1.0  0.8  4.8 20.5  1.0  0.8244.6 80.6 25.5 88.6 87.9 16.0 13.0  1.5  4.3
  1.0  1.3 27.3  7.5  9.5 38.1  6.5  9.3  3.3  5.0  3.8  2.0  5.5  7.3  0.5
  3.3 10.3  4.0  2.0  7.3 17.8 39.6 11.0  1.8  6.8 60.3130.4  4.0162.7  6.0
  1.5  0.3  0.0  0.0  0.0  0.0  0.0  0.0  0.0  0.0  0.0  0.0  0.0  0.0  0.0
  0.0  0.0  0.0  3.3  0.5  3.3  0.5  0.0  0.3  0.0  0.0  0.0  0.0  0.0  1.0
  0.0  0.3  0.3  0.8  0.0  0.5  0.5  0.0  0.0  0.5  0.3  0.0  2.8  1.3  0.0
  7.5  0.3  0.0  7.8  2.3  1.0  3.8  4.3  0.0  0.0  0.0  0.0  0.0  0.0  0.0
  0.0  0.5  0.0  0.0  0.0  0.0  0.0 10.8  2.3  1.8  6.8 14.3  2.8  5.3  7.3
  3.8  1.5  1.8  0.5  0.8  0.3  0.0 31.8 24.3 18.5  1.8  4.5 10.3  4.5  0.0
     -1.49      6.59      0.15      1.52      2.35  0.3  0.0  0.0  0.0  0.0
                                     4000_story_3510_llm.txt 39.0  4.8 5508
 11.1  2.4  1.1 76.6  1.3  0.0  2.4  0.0 16.9  9.3  1.5  1.5  0.2  2.4  0.0
  0.4  0.7  8.0 21.6  1.5  0.9307.7 90.2 59.0 31.0 34.9  8.5  4.4  1.6  4.2
  2.4  0.7 51.9  3.1  6.7 25.6  5.3  3.6  1.8  0.9  1.6  2.4  2.9  6.5  1.8
  2.7  5.6  4.2  1.8  5.1 13.3 30.3 11.1  2.2  8.2 91.9 53.0  1.3121.6  4.4
  1.3  0.0  0.0  0.0  0.0  0.0  0.0  0.0  0.0  0.0  0.0  0.0  0.0  0.0  0.0
  0.0  0.0  0.0  1.5  0.7  2.0  1.3  0.0  0.0  0.0  0.0  0.0  0.0  0.2  0.2
  0.0  0.5  0.7  0.5  0.0  0.2  0.0  0.0  0.0  0.4  0.2  0.0  1.8  1.1  0.0
  5.4  0.0  0.2  5.6  2.0  0.2  2.5  3.1  0.0  0.0  0.0  0.0  0.0  0.0  0.0
  0.4  0.0  0.0  0.0  0.0  0.0  0.0 19.2  4.2  1.5  8.4 23.2  1.6  3.4  5.8
  3.4  3.4  4.7  2.0  0.2  1.1  1.6 20.2 10.3 15.8  1.8  5.3  7.3  1.8  0.0
     -7.45     -0.71      5.73     -3.02      1.45  0.2  0.0  0.4  0.2  0.0
                                     4000_story_3513_llm.txt 35.5  4.8 2892
 12.8  4.1  0.0 77.5 12.1  0.7  0.7  0.0 24.6 10.7  1.7  2.8  0.0  4.5  0.0
  0.7  1.0  5.9 21.8  1.0  0.3291.1 86.4 43.2 38.4 44.3 11.4 10.4  3.5  4.8
  1.4  0.3 49.8  5.5 10.4 29.4  5.5  9.0  1.7  3.1  2.8  3.8  7.3 12.4  1.4
  2.8  7.3  4.1  4.8  1.7 17.6 35.3 16.6  2.1  9.7 66.0 80.9  1.0128.3  5.9
  0.7  0.0  0.0  0.0  0.0  0.0  0.0  0.0  0.0  0.0  0.0  0.0  0.0  0.0  0.0
  0.0  0.0  0.0  3.8  2.8  1.0  0.7  0.0  0.0  0.0  0.3  0.0  0.0  0.0  0.0
  0.7  0.3  0.0  0.3  0.0  0.0  0.0  0.0  0.0  0.7  0.0  0.0  3.8  0.0  0.0
  8.3  0.0  0.3  8.6  1.4  0.0  2.1  3.8  0.0  0.0  0.0  0.0  0.0  0.0  0.0
  0.0  0.3  2.4  0.0  0.3  0.0  0.0 14.2  3.8  2.4  5.9 21.8  2.1  2.1  4.5
  2.4  2.4  4.8  0.7  0.7  0.3  0.3 18.7 18.3 21.1  2.1  4.5  8.3  3.8  0.0
     -2.97      1.62      3.97      0.35      4.75  0.3  0.0  0.0  0.0  0.0
                                     4000_story_3520_llm.txt 36.5  4.5 2888
  9.3  2.8  3.5 24.6  6.9  0.7  2.1  0.7 35.3 15.9  0.0  0.7  0.3  4.8  0.0
  0.3  0.7  3.1 15.2  0.3  1.4289.8 93.8 36.7114.6 17.7 11.1  6.2  0.0  4.2
  0.0  3.1 18.0  8.3 11.1 32.2  5.9  1.7  1.0  0.0  0.3  2.4  3.1  5.5  0.0
  2.4  7.3  0.7  2.8  3.8  5.2 26.3  8.0  1.0  4.2 74.1 59.9  2.1162.7  8.7
  3.1  0.0  0.0  0.0  0.0  0.0  0.0  0.0  0.0  0.0  0.0  0.0  0.0  0.0  0.0
  0.0  0.0  0.0  2.1  0.7  0.7  2.1  0.0  0.0  0.0  0.0  0.0  0.0  0.0  0.3
  0.7  0.3  0.3  1.7  0.0  0.3  0.0  0.0  0.0  0.3  0.0  0.3  3.1  1.0  0.0
  5.5  0.0  0.0  5.5  3.5  0.3  4.2  4.5  0.0  0.0  0.0  0.0  0.0  0.0  0.0
  0.7  1.0  0.0  0.0  0.0  0.3  0.0  8.7  1.4  0.0  4.8 29.8  3.8  4.8  5.5
  5.9  1.7  3.1  3.1  0.3  1.0  0.0 31.5 18.0 13.9  1.0  9.7  9.3  6.6  0.0
     -7.28      2.11     -2.01     -4.72     -0.06  1.0  0.3  0.7  0.0  0.0
                                     4000_story_3523_llm.txt 32.3  4.4 3742
 18.2  6.9  2.1 48.1  9.1  0.3  3.5  2.7 53.4 11.0  0.8  1.9  0.3 10.2  1.6
  2.1  0.3  5.9 16.8  1.1  1.1202.0 78.0 33.7106.4 66.3 12.0  7.5  0.5  1.1
  1.3  5.3 30.7 10.7 11.5 42.0  6.7  3.2  2.1  2.7  3.5  2.4  6.9  5.9  0.5
  3.2  9.4  2.1  4.0  7.5 12.6 36.1  9.6  1.3  2.9 70.0128.8  2.1168.1  6.1
  1.9  0.5  0.0  0.0  0.0  0.0  0.0  0.0  0.0  0.0  0.0  0.0  0.0  0.0  0.0
  0.0  0.0  0.0  2.7  1.3  3.2  3.5  0.3  0.0  0.0  0.0  0.0  0.0  0.0  0.0
  0.3  1.3  0.5  1.1  0.0  0.3  0.0  0.0  0.0  0.5  1.1  0.0  2.7  2.4  0.0
 10.7  0.3  0.0 11.0  3.2  0.3  4.0  6.1  0.0  0.0  0.0  0.0  0.0  0.0  0.0
  0.0  0.5  0.0  0.0  0.0  0.0  0.0 13.9  2.7  0.5 10.7 16.0  1.9  4.8  5.9
  2.9  1.3  2.7  5.1  0.5  1.3  0.0 31.3 13.9 25.4  2.4  6.9 14.2  5.6  0.0
      5.85      4.41     -1.67     -1.32      3.05  0.5  0.0  0.0  0.0  0.0
                                     4000_story_3525_llm.txt 30.5  4.1 2069
 10.1  1.0  4.8 59.0 18.4  1.4  2.4  0.0 14.0 10.1  0.5  1.4  0.5  7.7  1.0
  0.0  2.9  7.7 20.8  1.4  1.0205.9 67.2 24.2126.1113.1 12.6 14.5  0.0  0.5
  0.0  2.4 21.7 10.1  9.2 34.3  7.2  4.8  4.8  6.8  1.4  3.4  2.9  5.3  0.0
  2.4  7.7  2.4  2.9 10.1 14.0 39.1  7.7  4.3  0.5 55.1145.5  4.8195.3  7.2
  1.9  0.5  0.0  0.0  0.0  0.0  0.0  0.0  0.0  0.0  0.0  0.0  0.0  0.0  0.0
  0.0  0.0  0.0  1.0  1.4  0.5  1.4  0.0  0.0  0.0  0.0  0.0  0.0  0.0  0.0
  0.5  0.0  1.4  0.5  0.0  0.0  0.0  0.0  0.0  0.0  0.0  0.0  2.9  0.0  0.0
  4.3  0.0  0.0  4.3  2.4  0.0  2.4  2.9  0.0  0.0  0.0  0.0  0.0  0.0  0.0
  0.0  0.0  0.0  0.0  0.0  0.0  0.5 22.7  3.4  1.9  5.3 16.4  1.4  5.8  8.2
  2.4  1.9  5.3  1.4  0.5  1.0  0.0 59.4 27.5 15.9  2.9  5.3  9.2  7.2  0.0
      7.58      8.55     -3.93      1.22     -0.23  0.0  0.0  0.0  0.0  0.0
                                     4000_story_3529_llm.txt 33.5  4.1 6505
 12.9  3.8  6.1 64.6 19.2  1.1  1.8  0.6 17.4 10.9  0.3  1.1  0.3  5.1  0.0
  0.2  1.7  4.9 19.8  2.0  1.7247.0 71.3 21.2111.6 61.0 17.7 14.9  0.6  2.2
  0.2  2.2 18.8 10.6 10.3 25.8  7.1  5.5  2.6  4.2  2.6  1.7  1.7 10.1  0.3
  2.9  5.4  1.5  3.4  6.3 13.1 32.6 13.4  3.7  2.9 42.0 97.6  2.3187.5  6.0
  0.8  0.2  0.0  0.0  0.0  0.0  0.0  0.0  0.0  0.0  0.0  0.0  0.0  0.0  0.0
  0.0  0.0  0.0  3.4  0.5  1.2  0.6  0.0  0.2  0.0  0.0  0.0  0.0  0.0  0.8
  0.0  0.6  1.1  0.2  0.0  0.0  0.0  0.3  0.2  0.5  0.2  0.2  0.8  0.2  0.0
  5.7  0.2  0.0  5.8  2.6  0.5  3.5  1.2  0.0  0.0  0.0  0.0  0.0  0.0  0.0
  0.2  0.8  0.0  0.0  0.2  0.0  0.2 22.1  1.7  1.2  7.2 12.8  4.6  5.7  8.1
  4.3  0.6  6.3  0.5  0.2  0.6  0.2 44.0 24.3 21.1  2.9  4.8 10.3  8.1  0.0
      3.31      6.82     -2.88     -0.64      0.15  0.3  0.0  0.0  0.2  0.0
                                     4000_story_3532_llm.txt 35.5  4.6 6831
 17.1  4.5  0.6 44.5  9.1  1.5  2.5  1.0 12.9 10.5  0.7  4.4  0.4  5.4  0.9
  0.4  1.2  4.8 21.4  1.6  0.7223.1 81.2 33.1110.1100.3 17.6  7.0  1.6  4.8
  0.7  2.2 35.4  7.0  4.8 32.4 12.0  4.4  4.8  2.0  2.0  2.5  3.2  8.1  0.7
  3.1  4.2  2.3  3.1  8.6 11.3 34.3 11.9  2.8  7.2 62.4122.2  2.3171.6  4.1
  1.0  0.3  0.0  0.0  0.0  0.0  0.0  0.0  0.0  0.0  0.0  0.0  0.0  0.0  0.0
  0.0  0.0  0.0  2.5  2.3  2.9  2.0  0.3  0.3  0.0  0.0  0.1  0.1  0.1  0.9
  0.6  1.9  1.6  0.9  0.1  0.4  0.4  0.1  0.1  1.5  0.0  0.0  0.4  0.1  0.0
  9.8  0.6  0.4 10.8  5.9  1.3  8.6  0.6  0.0  0.0  0.0  0.0  0.0  0.0  0.0
  0.4  0.1  0.0  0.0  0.0  0.0  0.0 18.2  4.8  3.7 11.6 11.7  1.0  4.0  5.3
  1.5  1.5  2.8  0.4  0.4  0.4  0.6 25.2 18.0 28.4  2.0  7.2 12.7  5.9  0.0
      2.61      7.03      3.01     -1.10      1.16  0.6  0.3  0.0  0.0  0.0
                                     4000_story_3533_llm.txt 32.0  4.2 2808
 20.3  3.9  0.4 57.3 18.9  2.1  2.8  0.7 33.5  7.8  1.1  0.7  1.4  5.3  0.0
  0.0  1.8  7.8 22.4  1.8  0.7204.8 67.7 14.6122.2104.0 14.6 15.7  0.4  2.5
  0.0  2.8 16.7  7.5  6.1 38.5 11.0  9.3  4.6  2.1  2.1  2.5  2.1 16.4  0.4
  1.4  7.8  2.8  1.8  4.3 19.2 36.0 18.2  3.6  2.8 37.4156.3  1.4190.2  2.8
  0.4  0.0  0.0  0.0  0.0  0.0  0.0  0.0  0.0  0.0  0.0  0.0  0.0  0.0  0.0
  0.0  0.0  0.0  3.6  2.5  3.6  0.0  0.0  0.0  0.0  0.0  0.0  0.0  0.0  1.1
  0.4  3.2  1.1  0.4  0.0  0.4  0.0  0.0  0.0  1.8  0.0  0.0  1.4  0.4  0.0
  9.6  0.0  0.0  9.6  6.1  0.4  8.2  1.8  0.0  0.0  0.0  0.0  0.0  0.0  0.0
  0.7  0.7  0.4  0.0  0.0  0.0  0.4 15.3  2.5  0.7  6.8 10.7  1.8  6.1  9.3
  2.5  1.4  1.4  0.7  0.4  0.4  0.4 36.0 29.2 29.9  1.8  7.8  8.9  5.3  0.0
      7.14      8.62     -1.46      0.08      0.92  0.0  0.0  0.0  0.0  0.0
                                     4000_story_3543_llm.txt 34.8  4.0 3515
 19.9  4.0  0.0 40.1  6.3  0.3  1.4  1.1 74.3 11.7  1.1  0.6  0.0  2.8  0.3
  1.1  0.6  4.6 19.9  2.0  4.0200.0 86.5 25.3122.3 47.8 18.5 11.1  0.3  0.3
  0.0  2.8 13.7 10.5 17.4 30.4  8.8  6.0  0.9  2.3  2.0  1.1  3.7  8.0  0.3
  3.4  8.3  1.1  3.4  8.0 12.5 33.9 11.7  2.6  0.6 50.4128.3  2.8183.5  7.1
  1.4  0.0  0.0  0.0  0.0  0.0  0.0  0.0  0.0  0.0  0.0  0.0  0.0  0.0  0.0
  0.0  0.0  0.0  2.0  1.1  2.0  1.4  0.0  0.0  0.3  0.0  0.0  0.0  0.0  0.3
  0.0  1.7  1.1  1.4  0.3  0.3  0.0  0.0  0.0  0.6  0.0  0.0  0.9  0.0  0.0
  6.5  0.3  0.0  6.8  4.6  0.6  5.7  0.9  0.0  0.0  0.0  0.0  0.0  0.0  0.0
  0.0  0.3  0.0  0.0  0.0  0.0  1.4  5.1  0.3  0.3 13.4 28.7  5.1  6.0  9.7
  0.9  2.0  2.3  2.8  0.0  1.7  0.0 51.2 14.5 24.2  1.7  8.3 11.9  6.0  0.0
      2.95      6.03     -6.56     -2.47      1.21  0.3  0.3  0.0  0.3  0.0
                                     4000_story_3545_llm.txt 36.0  4.4 3472
 12.4  4.9  0.0 56.2  7.8  0.6  1.4  0.9 21.0  7.8  0.0  2.9  0.6  2.6  0.3
  0.0  1.7  4.9 23.0  1.4  0.9255.8 78.3 25.1 99.7 74.6 12.7 12.7  0.6  2.9
  0.6  2.3 24.2  7.5  8.6 34.3  8.1  9.2  4.3  2.9  1.4  1.7  3.5  8.6  0.9
  3.5  6.3  0.9  1.2  4.9 15.6 37.4 13.0  3.2  4.0 48.7103.4  1.4167.1  5.8
  1.2  0.3  0.0  0.0  0.0  0.0  0.0  0.0  0.0  0.0  0.0  0.0  0.0  0.0  0.0
  0.0  0.0  0.0  3.2  1.2  1.7  0.6  0.0  0.0  0.0  0.0  0.0  0.0  0.0  0.9
  0.3  1.4  1.2  0.0  0.0  0.3  0.0  0.0  0.3  0.9  0.0  0.3  0.9  0.3  0.0
  6.6  0.0  0.0  6.6  3.7  0.6  5.2  1.4  0.0  0.0  0.0  0.0  0.0  0.0  0.0
  0.0  0.6  0.0  0.0  0.0  0.0  0.0  8.9  4.3  1.2  8.4 11.5  1.7  5.8 13.0
  3.5  1.7  3.2  1.2  0.0  1.4  0.6 33.7 24.8 18.4  2.3  7.8  7.5  6.0  0.0
      0.05      5.65     -0.82     -0.33      1.62  0.0  0.0  0.0  0.0  0.0
                                     4000_story_3547_llm.txt 32.8  4.4 2852
 14.7  7.0  1.1 86.6 15.1  1.1  3.2  0.0 17.5 20.7  0.7  2.5  0.0  3.9  0.0
  0.0  0.4 10.5 22.8  1.1  0.7236.7 88.7 34.0 54.3 54.3 18.6 13.0  1.4  6.3
  2.5  0.7 38.6  4.9 10.5 29.8  6.7  3.2  1.4  2.5  0.7  1.8  5.3  9.1  1.1
  2.1  8.4  4.6  3.2  4.9 14.4 36.8 12.3  1.4 10.2 58.2 87.0  0.7152.9  6.7
  1.8  0.7  0.0  0.0  0.0  0.0  0.0  0.0  0.0  0.0  0.0  0.0  0.0  0.0  0.0
  0.0  0.0  0.0  6.7  0.7  3.2  1.4  0.0  0.7  0.0  0.0  0.0  0.0  0.0  0.4
  0.0  0.7  1.4  0.0  0.0  0.4  0.0  0.0  0.0  0.4  0.4  0.0  1.1  0.4  0.0
 11.9  0.7  0.0 12.6  2.5  0.4  3.2  1.8  0.0  0.0  0.0  0.0  0.0  0.0  0.0
  0.0  0.0  0.0  0.0  0.0  0.0  0.0 16.8  2.5  3.5  9.5 12.6  7.4  3.5 12.6
  3.2  1.8  0.4  0.0  0.0  1.8  0.7 23.1 20.0 21.4  1.1  5.6  9.8  4.6  0.0
      2.67      4.45      3.93     -3.25      2.53  0.0  0.0  0.0  0.0  0.0
                                     4000_story_3550_llm.txt 27.5  4.5 5234
 12.6  4.0  1.5 57.9  4.2  1.1  2.9  0.4 16.0  9.6  1.3  2.9  0.2  5.7  0.2
  0.2  2.3  6.1 16.8  0.6  1.1260.0 85.6 32.9 91.1 58.1 17.0 11.7  1.7  2.9
  1.1  3.2 29.2  6.5  6.7 26.6  7.5  3.8  2.9  1.0  3.4  1.9  3.4  9.4  1.1
  2.3  8.8  5.9  3.8  7.5 13.4 32.7 12.8  2.9  5.7 59.4 78.3  1.9162.6  6.5
  0.4  0.4  0.0  0.0  0.0  0.0  0.0  0.0  0.0  0.0  0.0  0.0  0.0  0.0  0.0
  0.0  0.0  0.0  4.2  1.5  2.5  1.7  0.2  0.4  0.0  0.0  0.0  0.0  0.0  0.6
  0.0  1.3  0.8  0.4  0.0  0.0  0.2  0.2  0.2  0.8  0.4  0.0  1.0  0.6  0.0
  9.9  0.6  0.0 10.5  3.1  0.6  4.4  1.9  0.0  0.0  0.0  0.0  0.0  0.0  0.0
  1.0  0.0  0.0  0.0  0.0  0.0  0.0 17.8  4.2  2.1  6.5 16.2  0.8  5.2  7.1
  4.4  2.3  1.7  2.1  0.4  1.0  0.8 35.0 21.0 18.0  2.9  5.0  8.6  5.0  0.0
     -0.19      5.28      2.36     -1.93      1.56  0.4  0.4  0.4  0.0  0.0
                                     4000_story_3552_llm.txt 35.0  4.6 6317
 17.4  2.7  0.8 62.5 12.8  1.3  4.0  0.2 11.7  8.2  1.3  3.3  0.5  3.3  0.2
  0.5  2.5  7.8 15.4  1.3  0.3248.2 79.6 32.1 91.3 64.3 12.2 10.0  2.1  4.4
  0.9  1.6 47.5  8.4  7.9 29.1  8.7  6.3  4.3  1.9  4.1  1.1  3.3 13.9  1.6
  4.3  5.7  6.3  2.7  7.0 18.2 27.9 19.8  3.8  7.4 60.0 88.8  1.1170.2  4.1
  0.9  0.3  0.0  0.0  0.0  0.0  0.0  0.0  0.0  0.0  0.0  0.0  0.0  0.0  0.0
  0.0  0.0  0.0  3.2  0.9  3.2  1.1  0.0  0.2  0.0  0.0  0.0  0.0  0.2  0.8
  0.0  0.9  1.4  0.5  0.0  0.2  0.0  0.2  0.0  1.9  0.3  0.2  1.9  0.6  0.0
  8.4  0.2  0.2  8.7  3.6  0.3  5.9  3.0  0.0  0.0  0.0  0.0  0.0  0.0  0.0
  0.2  0.5  0.0  0.0  0.0  0.0  0.0 21.1  5.4  0.9 10.6 17.4  4.1  3.0  8.1
  1.4  1.3  4.0  1.9  0.3  0.3  0.6 28.7 21.7 21.5  4.3  4.6 10.8  6.2  0.0
      1.08      4.32      2.77     -0.45      3.16  0.3  0.2  0.3  0.0  0.0
                                     4000_story_3553_llm.txt 36.0  4.5 6769
 11.7  2.7  2.7 44.3 10.0  1.5  1.8  0.0 14.0  9.6  1.3  0.7  0.7  4.7  0.4
  0.3  2.7  5.5 18.9  1.0  1.6250.0 86.3 36.9105.2 64.3 13.6 11.5  0.9  2.8
  0.4  3.3 22.0 10.9 10.5 35.5  5.9  6.5  3.0  1.3  1.5  1.6  3.0  9.5  0.6
  2.8  5.9  3.0  2.4  6.1 13.4 30.1 12.9  3.7  4.1 71.1 88.3  1.9162.5  5.8
  0.9  0.0  0.0  0.0  0.0  0.0  0.0  0.0  0.0  0.0  0.0  0.0  0.0  0.0  0.0
  0.0  0.0  0.0  2.2  1.2  1.3  1.6  0.0  0.0  0.0  0.0  0.0  0.0  0.0  0.4
  0.3  1.5  0.3  0.4  0.0  0.1  0.0  0.0  0.1  0.7  0.0  0.0  0.7  0.9  0.0
  6.4  0.0  0.0  6.4  3.0  0.3  4.0  1.6  0.0  0.0  0.0  0.0  0.0  0.0  0.0
  0.4  0.1  0.0  0.0  0.0  0.1  0.1 14.9  2.1  0.4  8.4 22.9  1.6  4.7  9.3
  1.6  2.5  1.9  3.5  0.3  1.0  0.1 33.5 20.2 18.0  1.0  6.9 10.9  5.6  0.0
     -0.38      5.34     -2.19     -2.15      1.01  0.1  0.0  0.1  0.0  0.0
                                     4000_story_3554_llm.txt 34.0  4.7 3933
 11.2  1.8  1.0102.2  6.6  0.8  4.8  0.5 20.3 12.7  1.3  3.6  0.3  2.3  0.0
  1.0  0.0  4.6 32.0  0.5  0.3248.7 72.7 30.3 46.8 44.0  9.9 11.2  4.1  6.9
  1.5  1.8 56.4  4.8  5.3 27.2 15.3  6.9  1.8  2.3  4.3  2.3  4.8 12.2  1.0
  2.0  5.3  9.4  3.6  8.6 15.8 45.0 15.3  0.5 12.5 58.0 70.9  1.5170.1  6.4
  0.5  0.5  0.0  0.0  0.0  0.0  0.0  0.0  0.0  0.0  0.0  0.0  0.0  0.0  0.0
  0.0  0.0  0.0  6.4  1.8  1.8  0.8  0.3  0.5  0.0  0.0  0.0  0.3  0.0  1.8
  0.3  3.8  1.5  0.0  0.0  0.3  0.0  0.5  0.0  1.8  0.5  0.3  2.3  0.0  0.0
 10.7  0.8  0.3 11.7  7.4  0.8  9.9  3.1  0.0  0.0  0.0  0.0  0.0  0.0  0.0
  0.0  0.0  0.0  0.0  0.0  0.0  0.0  8.9  9.4  3.8 14.7  9.7  1.0  2.3  8.6
  1.0  0.5  1.8  0.5  0.0  0.5  0.8 19.1 27.2 18.1  2.0  5.8  6.4  5.6  0.0
     -0.63      1.74      8.27     -0.38      2.68  1.8  0.3  0.3  0.0  0.0
                                     4000_story_3557_llm.txt 36.5  4.9 2942
  7.5  0.7  1.0 22.4  0.3  0.3  0.3  0.3  5.4  9.5  0.7  0.0  0.0  4.4  0.7
  0.0  0.3  3.7 14.3  0.0  2.0297.1 97.2 40.1115.2 41.5 11.2  6.8  0.0  1.0
  0.0  3.7 26.2  8.5 19.0 34.7  3.7  2.7  2.4  2.7  0.3  0.7  5.1  6.1  0.7
  6.8  4.8  0.7  0.7  2.0  6.8 25.5 13.6  0.3  1.0 81.6 47.2  0.3156.7  4.4
  0.3  0.0  0.0  0.0  0.0  0.0  0.0  0.0  0.0  0.0  0.0  0.0  0.0  0.0  0.0
  0.0  0.0  0.0  0.0  0.0  0.7  1.4  0.0  0.0  0.0  0.0  0.0  0.0  0.0  0.0
  0.0  0.7  0.7  1.0  0.0  0.0  0.0  0.0  0.0  0.0  0.0  0.0  0.0  1.0  0.0
  2.0  0.0  0.0  2.0  2.4  0.0  2.4  1.0  0.0  0.0  0.0  0.0  0.0  0.0  0.0
  0.0  0.0  0.0  0.0  0.0  0.0  0.0  4.1  1.0  2.0  7.1 31.3  7.1  4.4  6.5
  1.0  0.7  0.3  1.4  0.0  1.7  0.0 35.4 11.2  7.5  2.4 11.6  7.5  4.4  0.0
    -13.58      3.32     -5.31     -3.52      3.20  0.0  0.0  0.0  0.0  0.0
                                     4000_story_3583_llm.txt 35.8  4.3 3822
 14.1  7.8  0.8 60.7 20.1  2.1  3.7  0.8 79.3 13.1  0.5  2.6  0.0  6.0  0.5
  0.8  1.6  3.7 17.3  1.3  0.8199.6 62.3 23.3118.3 61.7 14.1 12.0  0.5  1.3
  0.5  1.0 26.2 12.3  7.3 39.8  8.1  8.9  5.0  3.9  4.4  1.6  7.1  3.9  0.3
  0.8  9.7  1.8  3.4 11.3 17.0 34.5  5.0  2.9  2.4 54.7161.2  2.4188.9  6.0
  1.0  0.0  0.0  0.0  0.0  0.0  0.0  0.0  0.0  0.0  0.0  0.0  0.0  0.0  0.0
  0.0  0.0  0.0  5.2  1.0  1.8  1.6  0.0  0.0  0.0  0.0  0.0  0.0  0.0  1.3
  0.0  1.6  1.0  0.0  0.0  0.5  0.0  0.0  0.0  0.8  0.0  0.3  4.2  3.4  0.0
  9.7  0.0  0.0  9.7  3.9  0.5  5.2  7.8  0.0  0.0  0.0  0.0  0.0  0.0  0.0
  0.5  0.0  0.0  0.0  0.3  0.0  0.0 17.0  3.7  1.6  8.1 22.2  0.5  6.0  6.5
  2.1  1.8  0.8  0.5  0.3  1.0  0.0 32.7 26.7 24.1  1.8  8.6 10.2  7.3  0.0
      8.43      5.85     -3.31      1.65      1.84  0.0  0.0  0.0  0.3  0.0
                                     4000_story_3597_llm.txt 33.3  4.4 5161
 16.1  5.4  2.1 52.3  3.7  0.6  3.5  1.0 59.1 14.7  1.0  2.9  0.0  6.0  0.0
  1.6  1.0  7.2 15.1  1.7  1.4249.8 65.9 23.1124.0 56.6 13.6 12.0  0.2  2.9
  0.0  3.1 36.0  8.3  7.9 33.9  8.9  5.0  2.1  2.3  2.9  2.1  4.3  4.8  1.0
  3.9  7.2  2.1  2.1  7.6 15.1 30.6  9.7  2.7  3.1 52.7119.4  3.1191.0  5.4
  1.4  0.2  0.0  0.0  0.0  0.0  0.0  0.0  0.0  0.0  0.0  0.0  0.0  0.0  0.0
  0.0  0.0  0.0  3.3  1.4  2.5  0.6  0.0  0.2  0.2  0.0  0.2  0.0  0.0  0.2
  0.2  1.0  1.7  0.4  0.2  0.2  0.0  0.0  0.0  1.0  0.2  0.0  3.5  2.7  0.0
  7.8  0.4  0.2  8.3  3.5  0.4  4.8  6.4  0.0  0.0  0.0  0.0  0.0  0.0  0.0
  0.4  0.2  0.0  0.0  0.0  0.0  0.0 12.6  4.5  1.4  7.8 20.7  4.1  2.5  6.0
  4.1  1.6  2.1  1.0  0.4  0.0  0.8 35.8 23.8 22.9  2.1  8.7 10.5  4.8  0.0
      4.10      5.70     -0.45     -1.42      1.77  0.0  0.2  0.0  0.0  0.0
                                     4000_story_3624_llm.txt 36.3  4.7 4445
 10.3  4.5  0.4 69.3 10.3  1.6  5.2  0.7 38.2 19.1  1.1  2.9  0.2  4.9  0.2
  0.9  0.9  6.5 11.0  0.2  1.1254.4 74.0 40.5 81.2 41.4 14.4 10.6  0.9  2.5
  0.2  2.5 33.5  7.2  4.3 29.9  7.6  4.3  3.8  3.8  2.7  2.5  3.4  7.9  1.1
  2.0  6.3  2.2  2.9  9.0 13.5 26.5 11.0  1.1  3.6 71.1 90.0  2.5163.6  3.4
  0.9  0.0  0.0  0.0  0.0  0.0  0.0  0.0  0.0  0.0  0.0  0.0  0.0  0.0  0.0
  0.0  0.0  0.0  2.0  2.0  2.5  1.1  0.0  0.0  0.0  0.0  0.0  0.0  0.0  0.2
  0.7  1.6  0.9  0.0  0.0  0.0  0.0  0.0  0.0  0.7  0.2  0.0  1.8  0.7  0.0
  7.6  0.0  0.0  7.6  3.4  0.0  4.0  2.7  0.0  0.0  0.0  0.0  0.0  0.0  0.0
  0.2  0.0  0.0  0.0  0.0  0.0  0.0 12.4  3.8  3.4  8.1 24.5  3.1  3.6  3.8
  1.6  0.9  1.6  1.1  0.7  0.9  1.1 30.8 18.7 16.4  2.7  3.1  7.6  3.1  0.0
     -0.62      3.51      1.18     -0.34      1.19  0.4  0.0  0.0  0.0  0.0
                                     4000_story_3626_llm.txt 37.0  4.9 3394
  6.5  2.7  1.2 35.9  3.2  0.0  2.4  0.3 35.9  7.4  0.9  1.8  0.0  2.9  1.2
  1.5  0.3  5.9 17.1  0.0  0.6274.9 89.6 37.4103.7 39.5 13.0 12.7  1.5  2.9
  0.3  1.5 53.0  6.8  3.8 35.7  6.8  2.1  5.0  0.6  0.9  4.4  6.5 13.8  1.2
  5.3  8.8  6.5  2.7  8.0  8.8 29.8 20.3  0.3  4.7 66.0 78.7  1.5156.5  5.3
  0.9  0.0  0.0  0.0  0.0  0.0  0.0  0.0  0.0  0.0  0.0  0.0  0.0  0.0  0.0
  0.0  0.0  0.0  5.9  0.3  0.0  1.8  0.0  0.0  0.0  0.0  0.3  0.0  0.6  0.9
  0.0  0.9  1.8  0.3  0.0  0.0  0.3  0.0  0.0  0.9  0.3  0.6  2.9  1.2  0.0
  8.0  0.0  0.9  8.8  3.8  0.3  5.0  5.0  0.0  0.0  0.0  0.0  0.0  0.0  0.0
  0.6  0.6  0.0  0.0  0.0  0.3  0.0  7.7  6.2  2.4 13.0 12.4  1.5  8.2  4.7
  4.1  1.5  1.2  0.9  0.3  3.2  2.1 27.4 21.8 11.5  2.1  5.0  6.2  3.8  0.0
     -8.55      4.28      2.72     -2.04      5.14  0.6  0.0  0.0  0.0  0.0
                                     4000_story_3638_llm.txt 33.5  5.0 3598
 10.8  3.6  0.0107.3  0.0  0.6  3.9  1.4 28.3 20.0  2.2  2.2  0.0  4.2  0.6
  0.6  0.0 10.6 23.6  0.6  0.8289.3 80.9 46.4 14.7 38.6 10.0  3.3  2.5  4.7
  0.3  0.6 75.0  3.9  3.9 26.7 10.6  5.3  1.7  4.2  3.3  2.8  3.1  7.5  1.4
  3.1  4.7  3.3  2.8  7.8 19.2 35.3 12.0  0.6  7.5 76.2 67.0  1.9138.1  2.8
  1.4  0.0  0.0  0.0  0.0  0.0  0.0  0.0  0.0  0.0  0.0  0.0  0.0  0.0  0.0
  0.0  0.0  0.0  2.5  1.9  1.4  1.1  0.6  0.0  0.0  0.0  0.3  0.3  0.0  1.7
  0.6  1.1  1.7  0.3  0.0  0.8  0.3  0.0  0.3  0.8  1.1  0.0  2.2  1.4  0.0
  6.9  0.6  0.6  8.1  5.3  1.4  7.5  4.7  0.0  0.0  0.0  0.0  0.0  0.0  0.0
  0.0  0.3  0.0  0.0  0.0  0.0  0.0 10.0  4.4  3.1 13.1 12.5  1.7  3.1  9.4
  5.3  1.9  1.1  0.8  0.0  0.3  5.0 27.5 10.8 16.4  2.8  3.1  6.4  1.4  0.0
     -1.71     -0.98      6.71     -0.22      1.48  1.1  0.0  0.0  0.0  0.0
                                     4000_story_3641_llm.txt 31.8  4.9 2096
  9.1  4.3  0.5 25.8  1.4  0.5  0.5  1.0  1.4 13.4  1.9  3.8  0.0  4.8  0.0
  1.0  0.0  3.8 23.4  1.0  1.4259.5 84.4 38.2113.5 72.5 13.4  9.1  0.0  7.6
  1.0  1.9 51.5  5.2  3.3 34.8  8.6  5.2  2.4  1.4  1.0  4.8  4.3 22.4  1.4
 10.5  4.8  8.6  1.9  5.2 10.0 35.3 34.4  1.0  8.6 66.8 75.4  2.4166.0  2.9
  0.0  1.0  0.0  0.0  0.0  0.0  0.0  0.0  0.0  0.0  0.0  0.0  0.0  0.0  0.0
  0.0  0.0  0.0  6.7  1.0  3.3  1.0  0.5  0.5  0.0  0.5  0.0  0.0  0.0  0.5
  0.0  0.0  2.4  0.0  0.0  1.0  0.0  0.0  0.0  0.5  0.0  0.5  2.4  0.0  0.0
 11.9  1.0  0.5 13.4  2.9  1.0  4.3  2.9  0.0  0.0  0.0  0.0  0.0  0.0  0.0
  0.0  0.0  0.0  0.0  0.0  0.0  0.5 10.5  4.3  1.4 13.4  9.5  1.4  2.9  5.7
  7.2  1.9  2.4  0.0  1.4  1.0  1.9 35.3 16.2 19.1  1.4  5.2  4.3  4.8  0.0
     -5.77      5.48      5.48     -1.57      6.94  0.5  0.0  1.0  0.5  0.0
                                     4000_story_3654_llm.txt 32.3  4.3 1963
 15.8  4.1  2.5 94.8 14.3  0.0  4.6  1.0 10.7 24.5  2.0  2.5  0.5  4.1  1.0
  0.5  1.5  6.1 17.8  2.0  0.5226.7 70.3 45.3 59.6 44.3  9.7 11.7  1.5  2.0
  0.0  3.1 35.7 10.2  6.6 35.7  7.1  7.1  1.0  6.6  5.6  1.5  6.1  4.6  1.5
  2.5 10.2  4.6  2.5  4.1 18.8 40.2  8.7  3.6  3.6 70.3 69.3  3.6161.5  6.6
  1.0  0.5  0.0  0.0  0.0  0.0  0.0  0.0  0.0  0.0  0.0  0.0  0.0  0.0  0.0
  0.0  0.0  0.0  2.5  1.5  3.1  1.5  0.0  0.5  0.0  0.0  0.0  0.0  0.0  0.0
  0.0  0.5  2.0  0.5  0.0  0.0  0.0  0.0  0.0  0.5  0.5  0.0  1.5  1.0  0.0
  8.7  0.5  0.0  9.2  3.1  0.0  3.6  3.1  0.0  0.0  0.0  0.0  0.0  0.0  0.0
  0.5  0.0  0.0  0.0  0.0  0.0  0.0 22.4  5.6  3.1  8.7 18.3  1.0  1.0  7.1
  4.6  1.5  4.1  0.5  0.0  1.0  0.0 33.6 18.3 20.4  3.1  4.6  7.6  6.1  0.0
      5.54      2.23     -0.39      1.71      2.89  0.5  0.0  0.0  0.0  0.0
                                     4000_story_3659_llm.txt 35.0  4.6 3236
 14.2  5.3  0.0 62.7  7.1  0.6  3.7  0.9 39.6 19.5  0.6  2.8  0.9  6.2  0.0
  1.2  1.2  6.2 11.4  1.2  2.5242.9 71.4 31.5104.4 55.6 14.8 16.7  0.6  3.4
  0.0  2.2 36.5  9.0  4.6 31.2  7.1  2.2  3.4  1.5  3.7  2.5  4.0  6.8  0.9
  4.0  6.5  1.5  3.4  9.0 12.1 24.4 11.7  2.5  4.0 62.1102.3  2.8181.1  4.9
  2.5  0.0  0.0  0.0  0.0  0.0  0.0  0.0  0.0  0.0  0.0  0.0  0.0  0.0  0.0
  0.0  0.0  0.0  4.9  0.9  1.2  0.9  0.0  0.0  0.0  0.3  0.0  0.0  0.0  0.0
  0.6  0.6  0.3  0.6  0.0  0.6  0.0  0.0  0.0  1.2  0.0  0.0  4.9  0.3  0.0
  8.0  0.0  0.3  8.3  2.2  0.6  4.0  5.3  0.0  0.0  0.0  0.0  0.0  0.0  0.0
  0.3  0.6  0.0  0.0  0.0  0.0  0.0  9.6  4.6  2.5  9.0 15.1  2.5  4.3  4.6
  1.2  0.3  2.5  0.0  0.0  1.2  0.0 31.5 27.8 19.5  2.5 10.5  8.7  7.1  0.0
      3.00      6.12      0.67     -1.54      1.92  0.3  0.0  0.0  0.0  0.0
                                     4000_story_3660_llm.txt 36.5  4.7 2543
 11.0  3.5  0.4 91.2  5.9  0.4  4.7  0.0 32.6 22.8  0.4  0.8  0.4  5.9  0.4
  1.2  1.2  5.9 14.5  0.4  1.2238.3 66.5 28.7 74.7 32.6  9.4 18.1  2.4  4.3
  0.0  1.6 46.4  9.0  3.5 30.3  7.1  4.7  3.5  2.0  5.9  3.1  4.3 11.0  0.4
  3.5  3.9  2.8  2.4  5.9 16.5 22.8 14.9  1.6  6.7 66.9 71.2 16.1180.9  5.9
  0.4  0.0  0.0  0.0  0.0  0.0  0.0  0.0  0.0  0.0  0.0  0.0  0.0  0.0  0.0
  0.0  0.0  0.0  4.3  0.4  1.6  1.2  0.0  0.0  0.0  0.0  0.8  0.0  0.0  1.2
  0.4  1.6  0.0  0.0  0.0  0.0  0.0  0.4  0.0  0.0  0.4  0.0  3.1  1.2  0.0
  7.5  0.0  0.8  8.3  3.1  0.4  3.5  4.7  0.0  0.0  0.0  0.0  0.0  0.0  0.0
  0.0  0.8  0.0  0.0  0.0  0.0  0.0 15.3  5.1  0.8 14.5 13.0  1.6  5.5  5.1
  2.4  0.4  0.0  1.2  0.4  1.6  0.8 23.2 24.4 17.7  2.8  3.9  7.5  6.3  0.0
      1.28      3.35      2.98      0.62      2.19  0.0  0.0  1.2  0.8  0.0
                                     4000_story_3666_llm.txt 36.3  4.8 2290
 10.9  2.2  0.4 34.1  5.2  0.4  1.3  0.9  7.9 13.5  0.4  3.1  0.4  1.7  0.0
  0.4  0.9  4.4 17.5  0.9  0.4277.3 88.6 45.0107.0 51.1  9.6 14.4  1.3  2.2
  0.9  2.2 35.4  7.0 10.9 33.6  5.7  4.4  2.6  3.1  0.9  2.2  6.6 10.9  2.6
  6.6  8.3  6.6  0.9  6.6  9.6 34.1 20.1  1.7  4.4 70.7 64.2  1.3158.5  4.4
  1.7  0.0  0.0  0.0  0.0  0.0  0.0  0.0  0.0  0.0  0.0  0.0  0.0  0.0  0.0
  0.0  0.0  0.0  4.8  0.9  1.3  1.3  0.0  0.0  0.0  0.0  0.0  0.0  0.0  0.4
  0.4  0.4  1.3  0.9  0.0  0.4  0.0  0.0  0.4  0.0  0.4  0.0  1.7  0.4  0.0
  8.3  0.0  0.0  8.3  3.5  0.9  4.4  2.6  0.0  0.0  0.0  0.0  0.0  0.0  0.0
  0.4  0.0  0.0  0.0  0.0  0.0  0.0 10.0  2.2  2.6  7.9 14.0  1.3  3.1  7.0
  1.3  0.9  0.9  0.9  0.9  0.9  0.9 25.8 26.2 17.0  2.6  7.0  4.4  3.5  0.0
     -8.13      4.58     -0.22     -2.04      6.25  0.9  0.0  0.4  0.0  0.0
                                     4000_story_3695_llm.txt 35.3  4.7 4160
 11.5  3.6 10.3 87.5 15.4  1.0  5.5  0.2 15.9 15.6  1.0  1.0  0.2  5.5  1.4
  1.2  1.2  7.5 20.7  1.4  2.4256.0 72.1 45.4 63.5 36.8 14.9  8.7  1.0  3.8
  0.2  1.2 48.8  5.5  4.8 32.0  9.1  5.3  1.9  2.4  2.4  1.2  3.4  6.5  1.2
  1.9  5.0  4.3  1.9  8.2 15.1 30.3  9.6  2.6  5.0 80.0 68.0  3.8160.3  5.5
  0.7  0.0  0.0  0.0  0.0  0.0  0.0  0.0  0.0  0.0  0.0  0.0  0.0  0.0  0.0
  0.0  0.0  0.0  3.6  0.7  1.4  2.9  0.0  0.0  0.2  0.0  0.2  0.2  0.0  0.0
  0.5  0.7  2.2  1.0  0.5  0.0  0.0  0.2  0.2  0.7  0.5  0.0  1.2  2.4  0.0
  8.7  0.2  0.5  9.4  4.3  1.0  6.0  4.1  0.0  0.0  0.0  0.0  0.0  0.0  0.0
  0.2  0.0  0.0  0.0  0.0  0.5  0.0 20.4  8.2  5.3 12.0 13.7  2.6  6.3 13.0
  4.6  3.1  1.0  2.2  0.5  1.4  2.6 31.0 16.8 19.2  2.2  5.5 12.7  4.6  0.0
      3.49      2.46      2.70     -2.01      1.01  0.2  0.0  0.0  0.2  0.0
                                     4000_story_3719_llm.txt 34.8  4.7 2615
 12.2  5.4 14.9 46.3  3.1  0.8  3.4  0.8 58.1 19.1  0.4  1.1  0.0  1.9  0.0
  0.4  0.0  7.6 22.6  1.5  2.7252.8 92.9 34.8 99.4 31.7 13.0  9.6  0.8  1.9
  0.8  1.9 49.3  6.5  9.6 32.9  9.6  1.1  1.9  0.8  0.4  1.5  5.0  9.9  1.9
  4.2  8.8  2.3  2.7  8.4  9.2 35.2 16.1  1.5  3.4 68.5 92.9  2.3163.3  6.5
  0.8  0.4  0.0  0.0  0.0  0.0  0.0  0.0  0.0  0.0  0.0  0.0  0.0  0.0  0.0
  0.0  0.0  0.0  4.2  0.8  1.5  3.1  0.0  0.4  0.0  0.0  0.0  0.0  0.0  0.0
  0.4  1.9  1.5  0.4  0.0  0.8  0.0  0.0  0.0  1.5  1.1  0.0  1.5  0.8  0.0
  9.6  0.4  0.0  9.9  4.2  0.8  6.5  3.4  0.0  0.0  0.0  0.0  0.0  0.0  0.0
  0.8  0.4  0.0  0.0  0.0  0.0  0.0  8.4  4.6  4.6 18.0 24.9  3.1  4.6  6.9
  3.1  1.5  0.8  0.4  0.0  1.5  0.0 34.0 14.1 14.9  2.7  6.1  9.2  5.0  0.0
     -0.84      3.22      0.67     -4.57      3.81  1.1  0.0  0.0  0.0  0.0
                                     4000_story_3726_llm.txt 36.8  4.6 2752
  8.0 10.2  0.4 27.6  1.1  0.4  2.5  0.7 44.7 15.6  1.1  1.5  0.0  4.0  0.0
  0.7  0.0  4.7 23.6  0.7  1.8248.5 94.5 30.9112.3 38.9 12.0 18.2  1.1  4.7
  1.5  2.2 40.7  6.5  1.8 24.7  7.3  2.2  2.5  2.2  2.2  1.5  3.6  6.5  1.5
  4.0  5.1  3.3  4.0  5.5  9.1 34.5 12.0  0.7  7.3 49.1 84.7  3.3153.7  4.7
  0.4  0.0  0.0  0.0  0.0  0.0  0.0  0.0  0.0  0.0  0.0  0.0  0.0  0.0  0.0
  0.0  0.0  0.0 10.5  1.5  2.2  0.4  0.0  0.0  0.0  0.0  0.0  0.0  0.0  0.4
  0.7  0.4  0.4  0.4  0.4  0.4  0.0  0.0  0.0  0.4  0.7  0.0  1.8  0.0  0.0
 14.5  0.0  0.0 14.5  2.2  0.7  3.3  2.5  0.0  0.0  0.0  0.0  0.0  0.0  0.0
  1.1  0.4  0.0  0.0  0.0  0.0  0.0 20.7  5.1  1.8 11.3 26.2  2.2  7.6  7.3
  8.4  0.7  0.7  0.4  0.4  0.7  0.4 25.4 24.7 11.3  2.9  2.9  3.6  4.0  0.0
     -2.89      5.36      5.12     -2.65      2.04  0.4  0.0  0.4  0.0  0.0
                                     4000_story_3737_llm.txt 33.5  3.9 1823
 13.7  7.7 37.8 49.4  9.9  0.0  0.0  0.0 88.3  9.9  0.5  0.0  0.0 12.6  2.2
  0.5  1.1  2.7 24.7  0.5  0.5240.3 62.0 20.8133.3 67.5 10.4 15.9  0.0  0.5
  0.0  2.2 12.1  7.7 13.2 32.9  5.5  1.6  2.2  3.3  0.5  1.1  3.3  8.2  0.0
  1.6  6.6  0.5  1.1  5.5  4.9 36.8  9.9  1.6  0.5 52.7165.7  3.8192.0  2.7
  0.5  0.0  0.0  0.0  0.0  0.0  0.0  0.0  0.0  0.0  0.0  0.0  0.0  0.0  0.0
  0.0  0.0  0.0  6.0  0.5  1.1  0.5  0.0  0.0  0.0  0.0  0.0  0.0  0.0  0.0
  0.0  0.0  1.1  0.0  0.0  0.0  0.0  0.0  0.0  0.5  0.0  0.5  4.9  1.6  0.0
  8.2  0.0  0.0  8.2  1.1  0.0  1.6  7.1  0.0  0.0  0.0  0.0  0.0  0.0  0.0
  1.6  0.0  0.0  0.0  0.0  0.0  0.0 18.7  2.7  0.0 11.0 13.2  0.5  2.2  1.6
  1.6  2.7  2.7  0.5  0.5  1.1  0.0 50.5 23.0 14.8  2.7  2.2 13.7 10.4  0.0
     10.25      6.61     -5.04     -3.31      0.21  0.0  0.0  0.0  0.0  0.0
                                     4000_story_3749_llm.txt 37.8  4.8 2136
 10.3  4.2  0.0 49.2  4.7  0.0  1.9  0.5  4.7 11.7  1.9  0.5  0.0  2.8  0.0
  0.5  1.4  5.6 15.9  0.5  0.0297.8 86.6 45.9 88.0 73.0  9.8 11.2  0.9  5.1
  0.0  1.9 50.6  4.7  6.6 29.0  7.0  5.1  2.3  2.8  2.3  0.0  2.8 11.2  1.4
  3.7  6.6  1.4  1.9  2.8 13.1 27.6 16.4  1.9  6.1 68.8 82.4  1.4153.6  3.3
  0.5  0.0  0.0  0.0  0.0  0.0  0.0  0.0  0.0  0.0  0.0  0.0  0.0  0.0  0.0
  0.0  0.0  0.0  2.8  0.9  0.5  2.8  0.0  0.0  0.0  0.0  0.0  0.0  0.0  0.9
  0.5  0.9  0.5  0.5  0.0  0.0  0.0  0.0  0.0  0.5  0.0  0.0  2.3  0.5  0.0
  7.0  0.0  0.0  7.0  3.3  0.0  3.7  2.8  0.0  0.0  0.0  0.0  0.0  0.0  0.0
  0.0  0.5  0.0  0.0  0.0  0.0  0.0 21.1  4.7  0.9 11.7 16.4  0.5  2.3 10.8
  4.7  4.2  1.4  1.4  0.0  0.0  0.9 27.2 16.4 16.4  0.9  4.7  7.5  6.1  0.0
     -9.11      4.38      3.39     -2.23      2.12  0.5  0.0  0.0  0.0  0.0
                                     4000_story_3758_llm.txt 36.3  4.8 3446
 11.6  1.7  1.7 41.8  2.0  0.9  2.6  3.2 30.8  9.9  0.9  0.3  0.6  2.9  0.0
  0.9  1.2  3.8 17.7  0.0  1.2268.7105.0 48.8 88.8 27.6  9.9  7.3  1.2  4.9
  1.2  4.1 35.4  6.1 12.8 30.8  8.7  1.5  1.7  1.2  2.3  2.3  3.2  4.6  0.9
  4.1  7.0  2.6  3.8  6.7  7.5 30.2  9.6  1.2  7.3 87.1 60.4  2.9153.5  5.8
  3.2  0.3  0.0  0.0  0.0  0.0  0.0  0.0  0.0  0.0  0.0  0.0  0.0  0.0  0.0
  0.0  0.0  0.0  0.9  1.7  1.7  2.3  0.3  0.0  0.0  0.0  0.0  0.0  0.0  0.0
  0.6  1.5  0.9  1.2  0.0  0.3  0.0  0.0  0.0  0.9  0.9  0.0  2.3  1.2  0.0
  6.7  0.3  0.0  7.0  4.1  0.3  5.2  4.4  0.0  0.0  0.0  0.0  0.0  0.0  0.0
  0.6  0.0  0.0  0.0  0.0  0.0  0.0 10.4  2.0  2.3  8.1 12.5  2.6  4.9 12.5
  1.5  3.5  1.7  2.0  0.0  0.9  0.0 27.9 16.0 13.3  1.7  7.0 12.2  3.5  0.0
     -8.35      1.66      1.90     -3.14      1.05  1.2  0.0  0.3  0.0  0.0
                                     4000_story_3760_llm.txt 38.5  4.7 4777
  8.8  2.3  1.0 35.2  2.1  0.0  1.9  0.2 36.8  9.4  0.6  0.2  0.6  1.7  0.4
  1.3  0.2  3.8 20.3  0.6  0.8268.6106.6 45.4 90.6 21.8 11.5  8.8  1.3  3.3
  0.4  2.5 34.5  5.0 12.1 37.9  6.7  2.9  2.7  1.3  2.9  1.0  4.8  6.9  0.8
  2.7  5.0  2.7  3.1  3.8  9.6 29.3 10.5  0.8  5.0 80.0 60.7  1.0142.8  6.5
  1.9  0.2  0.0  0.0  0.0  0.0  0.0  0.0  0.0  0.0  0.0  0.0  0.0  0.0  0.0
  0.0  0.0  0.0  1.9  0.2  1.0  1.7  0.2  0.0  0.0  0.0  0.0  0.0  0.0  0.0
  0.4  0.2  0.8  0.6  0.0  0.4  0.0  0.0  0.0  0.0  0.4  0.0  1.9  1.7  0.0
  4.8  0.2  0.0  5.0  2.1  0.4  2.5  4.0  0.0  0.0  0.0  0.0  0.0  0.0  0.0
  0.6  0.2  0.0  0.0  0.2  0.0  0.0  5.2  4.4  2.3  8.2 23.2  1.0  5.7 15.9
  3.3  3.3  0.8  4.0  0.0  0.8  1.0 35.8 14.9 10.3  0.6  8.2  8.8  3.3  0.0
    -10.07      2.06     -0.06     -2.64      1.95  0.6  0.2  0.0  0.0  0.0
                                     4000_story_3766_llm.txt 36.0  4.7 3877
 10.6  1.3  0.0 83.6  9.3  0.5  3.1  1.0 29.9 18.6  0.8  1.0  0.3  2.8  0.8
  0.8  0.3  8.0 22.2  1.3  0.8263.3 94.7 47.5 43.1 19.1 14.4  2.8  1.3  4.1
  0.3  1.5 42.6  3.1 11.9 37.1  6.2  3.1  1.8  2.3  2.3  2.3  3.9 10.8  0.5
  4.1  7.0  1.8  3.6  7.2 13.4 34.0 15.5  1.5  5.7 81.0 58.3  3.1140.6  4.1
  2.3  0.0  0.0  0.0  0.0  0.0  0.0  0.0  0.0  0.0  0.0  0.0  0.0  0.0  0.0
  0.0  0.0  0.0  0.8  0.8  0.5  0.5  0.5  0.3  0.0  0.0  0.0  0.3  0.0  0.3
  0.0  0.5  0.5  0.3  0.0  0.3  0.3  0.3  0.3  0.3  0.3  0.0  2.6  0.5  0.0
  2.6  0.8  0.3  3.6  1.5  1.0  2.8  3.4  0.0  0.0  0.0  0.0  0.0  0.0  0.0
  0.0  0.5  0.0  0.0  0.0  0.0  0.0  5.2  3.4  2.8  7.2 16.5  1.0  7.0 10.3
  1.8  2.3  1.5  2.3  0.0  1.5  1.0 22.4  7.7 15.7  3.6  6.7  9.0  4.4  0.0
     -2.76     -0.16      1.07     -2.20      2.16  0.5  0.0  0.0  0.0  0.0
                                     4000_story_3770_llm.txt 36.8  4.6 2609
 12.6  1.5  0.0 64.4 16.1  0.8  6.9  1.9 34.9 14.6  0.4  2.7  1.1  5.0  0.0
  0.8  0.8  5.0 16.9  1.5  1.1245.3 90.8 39.9 73.6 33.7 13.8  8.8  2.3  6.1
  0.8  1.9 42.5  6.5  5.0 39.9 10.0  1.9  1.1  2.7  3.1  2.7  1.9  8.4  0.8
  3.1  8.0  1.1  3.1 11.5 10.0 32.2 12.3  2.3  9.2 73.6 84.7  0.8153.7  3.8
  1.9  0.0  0.0  0.0  0.0  0.0  0.0  0.0  0.0  0.0  0.0  0.0  0.0  0.0  0.0
  0.0  0.0  0.0  1.5  1.1  1.5  0.8  0.0  0.0  0.4  0.0  0.0  0.0  0.0  0.8
  0.4  1.5  1.1  1.1  0.4  0.4  0.0  0.0  0.0  0.8  0.0  0.4  3.1  0.8  0.0
  5.0  0.4  0.0  5.4  5.0  0.8  6.5  4.2  0.0  0.0  0.0  0.0  0.0  0.0  0.0
  0.0  0.4  0.0  0.0  0.0  0.0  0.0 16.9  4.2  2.7 11.5 11.1  5.0  5.0  4.2
  2.3  3.4  2.3  0.8  0.0  0.8  0.8 21.8 13.8 16.9  1.5  6.9  6.9  4.2  0.0
      0.31      2.48      4.16     -2.03      0.43  0.8  0.0  0.4  0.0  0.0
                                     4000_story_3780_llm.txt 36.3  4.8 2646
 13.2  2.3  0.0 56.7  6.4  0.4  1.1  1.9 11.7  7.6  1.5  2.3  0.8  3.8  0.8
  0.4  2.6 11.0 14.0  0.8  0.8250.2 87.7 49.9 85.4 69.2 13.2  9.8  4.5  4.2
  2.3  0.0 38.9  7.9  6.4 34.8  7.2  3.8  2.6  1.1  3.8  4.9  4.9  6.4  0.4
  3.4  6.4  3.4  3.4  9.8 18.5 23.8 10.2  3.4 11.0 85.4 87.3  0.4156.5  4.5
  0.8  0.0  0.0  0.0  0.0  0.0  0.0  0.0  0.0  0.0  0.0  0.0  0.0  0.0  0.0
  0.0  0.0  0.0  2.3  0.8  2.3  1.9  0.8  0.0  0.0  0.0  0.0  0.0  0.4  0.8
  0.0  1.5  0.0  0.0  0.0  0.0  0.0  0.0  0.8  0.4  0.4  0.4  2.3  0.8  0.0
  7.2  0.8  0.4  8.3  2.3  0.8  3.4  3.8  0.0  0.0  0.0  0.0  0.0  0.0  0.0
  0.0  0.0  0.0  0.0  0.0  0.0  0.0 20.8  2.6  3.0 12.1 20.4  1.1  5.7  2.6
  2.3  3.4  3.8  2.3  0.4  1.9  0.4 28.0 20.4 18.9  1.1  7.2  6.0  3.0  0.0
     -1.61      4.52      4.35     -0.57      1.81  0.8  0.0  0.0  0.0  0.0
                                     4000_story_3784_llm.txt 34.8  4.4 3379
  8.9  2.7  1.8 48.8  9.8  0.6  3.8  0.6 30.2  9.2  0.0  0.9  0.6  5.3  0.3
  0.9  0.9  8.6 21.3  0.0  2.4246.5 89.7 34.9 92.0 54.2 15.1 10.1  0.3  3.3
  0.3  1.2 32.0  8.9 10.7 33.4  8.6 10.9  4.4  3.0  1.8  1.8  4.7  7.7  0.3
  1.5  9.2  2.4  1.8  7.1 21.3 35.5  9.5  0.9  3.8 63.0 94.1  5.0153.0  4.7
  0.3  0.0  0.0  0.0  0.0  0.0  0.0  0.0  0.0  0.0  0.0  0.0  0.0  0.0  0.0
  0.0  0.0  0.0  1.8  0.3  2.4  1.8  0.0  0.0  0.0  0.0  0.0  0.3  0.0  0.6
  0.6  0.3  0.9  0.3  0.0  0.0  0.3  0.3  0.0  1.2  0.6  0.0  2.7  1.8  0.0
  6.2  0.0  0.3  6.5  2.7  0.6  4.4  5.0  0.0  0.0  0.0  0.0  0.0  0.0  0.0
  0.0  0.0  0.3  0.0  0.0  0.0  0.3 13.0  5.6  0.9  9.5 28.1  2.4  3.3  5.3
  4.1  2.4  1.5  0.9  0.3  0.6  0.9 34.6 18.6 13.0  0.9  5.3  7.1  3.8  0.0
     -1.45      4.47     -1.87      0.33      1.20  0.3  0.0  0.6  0.0  0.0
                                     4000_story_3785_llm.txt 38.5  4.5 5173
 11.4  3.5  5.0 39.4  9.1  0.2  1.9  2.1 25.1 12.6  1.2  0.0  0.2  2.9  1.0
  0.8  0.8  4.4 14.9  0.6  1.5264.5 95.5 34.0102.5 39.2 18.6  8.5  0.2  1.9
  0.2  2.7 29.2  9.9 14.5 35.0  7.0  3.7  1.0  1.9  2.3  1.4  2.7  4.3  0.6
  3.3  6.4  1.0  2.9  4.8 10.4 25.9  8.1  1.4  2.3 63.2 73.5  2.7160.1  4.6
  1.9  0.2  0.0  0.0  0.0  0.0  0.0  0.0  0.0  0.0  0.0  0.0  0.0  0.0  0.0
  0.0  0.0  0.0  2.1  0.0  0.8  1.9  0.2  0.0  0.0  0.0  0.0  0.0  0.2  0.2
  0.2  0.0  1.0  1.0  0.0  0.8  0.2  0.0  0.0  0.0  0.2  0.0  1.5  2.1  0.0
  4.8  0.2  0.2  5.2  2.3  1.0  3.3  3.9  0.0  0.0  0.0  0.0  0.0  0.0  0.0
  0.6  0.4  0.0  0.0  0.0  0.0  0.2  5.6  1.4  0.4  9.1 23.2  2.3  3.9  8.3
  1.0  2.7  1.4  2.9  0.8  0.8  0.4 31.7 13.9 14.5  1.0  6.0  9.7  7.3  0.0
     -5.76      4.53     -3.81     -2.89      0.22  0.2  0.0  0.0  0.0  0.0
                                     4000_story_3786_llm.txt 35.3  4.5 4155
 12.8  4.1  1.4 86.9 13.0  1.4  3.4  0.0 28.4 10.1  0.5  2.4  0.2  5.1  0.2
  0.7  1.0  6.7 16.4  0.5  0.7266.4 87.6 34.7 62.8 52.2 11.1  6.5  0.7  2.9
  0.7  1.7 28.2  6.5 11.3 32.5  7.0  6.0  2.4  3.6  3.1  1.2  3.6  5.1  0.2
  2.6  5.5  2.9  1.7  7.2 15.9 29.6  7.9  1.4  4.3 63.5 93.6  1.0158.6  3.1
  1.0  0.0  0.0  0.0  0.0  0.0  0.0  0.0  0.0  0.0  0.0  0.0  0.0  0.0  0.0
  0.0  0.0  0.0  2.9  0.5  1.9  1.4  0.0  0.0  0.0  0.0  0.0  0.2  0.0  0.5
  0.5  0.5  0.7  1.0  0.0  0.0  0.2  0.2  0.0  0.2  0.0  0.0  2.2  2.2  0.0
  6.7  0.0  0.2  7.0  3.1  0.5  3.9  4.3  0.0  0.0  0.0  0.0  0.0  0.0  0.0
  0.0  0.0  0.0  0.0  0.0  0.0  0.0  9.9  5.1  1.9 12.3 16.4  3.1  1.9 11.6
  4.8  2.6  1.9  1.0  1.2  0.7  0.7 26.2 17.6 18.3  1.9  6.3 10.3  4.8  0.0
     -1.04      1.99     -0.95     -0.78      0.43  0.0  0.2  0.0  0.0  0.0
                                     4000_story_3800_llm.txt 36.5  5.0 3805
 10.5  1.8  7.1 47.3  5.0  0.5  2.1  1.3 11.3 15.0  1.6  1.1  0.3  4.2  0.5
  0.8  0.3  3.7 16.6  0.8  3.2282.0 87.5 43.6 99.9 40.7 17.1 11.0  1.6  2.6
  1.3  2.9 45.5  6.0 10.5 35.0  6.8  4.7  3.4  1.6  1.8  2.1  2.9  6.3  2.4
  4.5  6.0  1.3  2.6  6.6 10.2 28.1 13.1  1.1  5.5 83.8 57.0  0.8165.3  5.5
  0.5  0.0  0.0  0.0  0.0  0.0  0.0  0.0  0.0  0.0  0.0  0.0  0.0  0.0  0.0
  0.0  0.0  0.0  1.1  0.8  0.5  2.1  0.0  0.0  0.3  0.0  0.0  0.0  0.0  0.0
  0.3  1.3  1.3  0.5  0.3  0.8  0.0  0.0  0.0  0.3  0.0  0.0  1.3  1.3  0.0
  4.5  0.3  0.0  4.7  3.4  1.1  4.7  2.6  0.0  0.0  0.0  0.0  0.0  0.0  0.0
  0.0  0.5  0.0  0.0  0.0  0.0  0.0  6.0  5.8  2.4 12.4 26.0  1.8  3.2  7.1
  2.9  1.1  1.1  1.1  0.0  0.8  1.3 34.4 19.7 17.6  1.3  6.0  6.0  4.7  0.0
     -7.18      4.70      1.83     -1.94      2.40  0.3  0.0  0.5  0.0  0.0
                                     4000_story_3809_llm.txt 36.0  4.9 2611
 10.0  0.4  0.4 32.6  1.9  0.0  1.5  0.8  2.7 16.9  0.8  0.4  1.9  1.1  0.8
  1.1  1.5  5.4 11.1  0.4  0.4269.6 95.0 42.9 96.1 42.5 14.2  5.0  4.2  3.1
  1.9  2.7 48.6 10.3  7.3 36.4  6.1  2.7  3.1  3.1  2.3  1.1  5.7  6.9  1.5
  4.2  6.9  0.4  3.8  1.9 10.3 24.1 12.6  1.9  9.2 73.5 47.1  1.1145.9  6.9
  2.3  0.0  0.0  0.0  0.0  0.0  0.0  0.0  0.0  0.0  0.0  0.0  0.0  0.0  0.0
  0.0  0.0  0.0  0.8  0.8  0.0  1.1  0.0  0.0  0.0  0.0  0.0  0.0  0.0  0.8
  0.0  1.5  0.4  0.8  0.0  0.0  0.0  0.0  0.0  0.8  0.0  0.0  0.8  1.5  0.0
  2.7  0.0  0.0  2.7  3.4  0.0  4.2  2.3  0.0  0.0  0.0  0.0  0.0  0.0  0.0
  0.0  0.0  0.0  0.0  0.0  0.0  0.0  6.5  4.6  3.8 11.1 18.4  3.4  2.3  8.0
  0.8  1.9  1.9  1.9  0.4  2.7  0.8 27.2 12.3 18.8  2.3  8.4 10.7  4.6  0.0
     -9.64      2.97      3.93     -2.03      3.55  0.4  0.0  0.0  0.0  0.0
                                     4000_story_3820_llm.txt 35.8  4.7 2647
  8.7  0.8  1.5 40.4  0.0  0.4  1.5  1.5 43.8 15.1  0.0  0.4  0.0  2.3  0.4
  0.8  0.0  3.4 20.0  0.0  1.1244.8 98.6 39.7 87.3 26.4 14.7  3.4  1.9  5.3
  1.5  3.0 35.9  7.2 12.1 35.5  8.3  1.5  0.8  1.1  1.9  3.0  6.8  7.6  1.1
  3.8  6.8  2.3  4.2  3.4  6.8 31.4 12.5  0.0  8.7 74.4 70.3  1.5146.2  3.4
  0.8  0.0  0.0  0.0  0.0  0.0  0.0  0.0  0.0  0.0  0.0  0.0  0.0  0.0  0.0
  0.0  0.0  0.0  0.4  0.8  0.8  0.8  0.4  0.0  0.4  0.0  0.4  0.0  0.0  0.0
  0.0  0.8  1.5  0.4  0.4  0.0  0.4  0.0  0.0  1.1  0.4  0.0  1.1  1.9  0.0
  2.6  0.8  0.4  3.8  2.6  0.8  4.5  3.4  0.0  0.0  0.0  0.0  0.0  0.0  0.0
  0.0  0.0  0.0  0.0  0.0  0.0  0.0  4.5  3.8  2.6 13.6 24.9  0.8  7.2  7.6
  3.0  2.6  0.0  0.8  1.1  3.0  0.4 30.2  7.9  9.4  2.3  9.8  6.8  3.8  0.0
     -8.86      1.78      2.09     -3.38      3.86  0.4  0.0  0.0  0.0  0.0
                                     4000_story_3823_llm.txt 34.8  4.6 4061
 16.0  3.9  0.2 47.5 12.6  0.2  2.0  0.5 16.5 16.5  0.5  2.7  0.5  6.4  0.0
  2.0  1.7  4.4 14.5  0.5  1.7254.1 79.3 30.5111.5 76.8 13.5  9.4  0.5  2.0
  0.7  2.0 41.1  8.6 11.8 33.5  4.4  2.0  1.5  3.0  2.2  1.0  3.4  5.2  1.0
  3.4  5.7  1.0  4.4  7.9  8.6 27.8  9.6  2.2  3.2 62.3105.9  4.2172.6  4.4
  1.2  0.0  0.0  0.0  0.0  0.0  0.0  0.0  0.0  0.0  0.0  0.0  0.0  0.0  0.0
  0.0  0.0  0.0  2.5  1.2  1.7  1.5  0.0  0.0  0.0  0.0  0.0  0.2  0.0  0.2
  0.2  0.7  1.0  1.0  0.0  0.5  0.0  0.0  0.0  0.5  0.0  0.0  1.5  1.2  0.0
  6.9  0.0  0.2  7.1  3.2  0.5  4.2  2.7  0.0  0.0  0.0  0.0  0.0  0.0  0.0
  0.0  0.2  0.0  0.0  0.0  0.0  0.0  7.9  4.4  2.7  5.4 29.1  4.2  5.7  8.6
  5.2  2.2  1.0  2.5  0.5  0.7  0.0 37.2 19.7 21.9  1.5  4.7  8.4  4.2  0.0
      0.48      5.69     -1.34     -2.87      1.18  0.2  0.0  0.2  0.2  0.0
                                     4000_story_3830_llm.txt 34.0  4.9 2515
  6.0  2.0  6.0 64.0 13.9  1.2  4.8  1.6 15.1  8.3  0.8  2.0  0.0 10.3  0.8
  1.2  0.8  6.8  7.2  1.2  0.0293.8 62.8 53.7 96.2 42.5 11.1 16.3  0.0  0.4
  0.0  0.8 50.1  7.2  5.6 37.4  4.8  5.2  2.8  0.8  2.4  1.6  5.6 11.1  0.4
  3.6  4.0  0.4  2.0  7.6 14.3 14.7 15.1  2.0  0.4 81.5 71.6  5.2173.0  6.4
  0.0  0.0  0.0  0.0  0.0  0.0  0.0  0.0  0.0  0.0  0.0  0.0  0.0  0.0  0.0
  0.0  0.0  0.0  1.6  1.2  0.4  0.8  0.0  0.0  0.0  0.0  0.0  0.0  0.0  0.8
  0.8  1.2  1.2  0.0  0.0  0.0  0.0  0.0  0.0  0.0  0.0  0.0  2.8  0.8  0.0
  4.0  0.0  0.0  4.0  4.0  0.0  4.0  3.6  0.0  0.0  0.0  0.0  0.0  0.0  0.0
  0.0  0.8  0.0  0.0  0.0  0.0  0.0 13.5  5.6  1.2  9.1 16.3  2.0  2.8  5.6
  1.6  2.4  2.8  2.0  0.4  1.6  0.4 33.0 25.4 13.9  3.6  6.4  7.6  7.2  0.0
     -3.32      4.49     -0.86     -2.34      3.00  0.0  0.0  0.0  0.0  0.0
                                     4000_story_3832_llm.txt 35.0  4.7 3865
  8.5  1.6 14.5 49.2 12.4  1.6  4.9  1.0 22.3 13.7  2.8  1.0  0.5 11.9  1.8
  1.3  0.0  6.0  9.8  1.3  1.3274.0 75.3 43.7108.9 41.7 11.4 15.5  0.3  1.8
  0.3  0.5 31.6  6.0  8.5 32.1  9.3  6.2  3.1  0.5  1.0  1.6  4.1  4.9  0.3
  4.4  5.2  1.8  2.3  3.6 13.2 17.1  9.6  1.3  2.3 71.7 76.3  4.1175.4  8.3
  1.8  0.0  0.0  0.0  0.0  0.0  0.0  0.0  0.0  0.0  0.0  0.0  0.0  0.0  0.0
  0.0  0.0  0.0  1.6  0.5  1.3  0.5  0.3  0.0  0.0  0.0  0.3  0.0  0.0  0.0
  0.8  1.0  2.6  0.0  0.0  0.0  0.3  0.3  0.0  0.5  0.5  0.0  1.8  1.6  0.0
  3.9  0.3  0.3  4.4  4.4  0.5  5.4  3.9  0.0  0.0  0.0  0.0  0.0  0.0  0.0
  1.3  1.0  0.0  0.0  0.3  0.0  0.0 13.2  3.9  1.0  4.9 19.9  3.1  7.5 12.9
  0.5  1.3  1.6  0.0  0.5  0.8  1.0 34.9 23.0 15.0  1.8  5.4  9.6  6.0  0.0
     -0.18      4.77     -1.38     -2.78      1.32  0.3  0.0  0.3  0.5  0.0
                                     4000_story_3835_llm.txt 34.8  4.2 5189
 13.9  4.0 10.4 32.2  7.7  0.2  5.8  1.3 62.2 19.1  0.4  0.8  0.4  6.9  0.4
  1.0  0.0  4.8 17.9  0.6  1.7234.9 93.1 27.4110.2 47.8 13.3  7.5  0.2  1.0
  0.2  1.7 17.2  9.3 12.5 28.9  5.8  3.3  1.7  3.7  0.8  1.2  3.1  4.0  0.4
  2.5  6.6  1.5  3.7  6.0  8.9 30.6  6.9  0.6  1.3 60.1117.7  3.3160.1  4.8
  2.5  0.0  0.0  0.0  0.0  0.0  0.0  0.0  0.0  0.0  0.0  0.0  0.0  0.0  0.0
  0.0  0.0  0.0  2.7  0.6  1.9  1.0  0.0  0.0  0.0  0.0  0.2  0.0  0.0  0.6
  0.6  0.8  0.6  0.4  0.0  0.0  0.0  0.0  0.0  0.4  0.4  0.0  1.2  2.1  0.0
  6.2  0.0  0.2  6.4  2.9  0.0  3.3  3.7  0.0  0.0  0.0  0.0  0.0  0.0  0.0
  0.2  0.6  0.0  0.0  0.0  0.0  0.0  3.3  2.7  0.4  8.9 25.2  3.3  7.3  5.2
  0.8  2.3  1.3  1.7  0.4  0.8  0.2 43.4 14.5 17.5  1.2  3.9  6.7  5.6  0.0
      1.25      3.97     -4.39     -2.77      0.02  0.6  0.2  0.2  0.2  0.0
                                     4000_story_3855_llm.txt 36.0  4.9 3003
 11.7  1.0  0.3 34.3  4.7  0.3  2.7  1.0  5.7 19.3  1.0  0.0  0.0  7.0  1.7
  1.0  0.0  5.0 15.7  1.0  0.7266.7105.2 52.6 89.6 59.9 10.0  8.7  1.3  2.0
  1.7  4.3 38.6  5.3  7.3 28.6  6.3  1.3  1.0  1.0  2.3  2.7  3.3  7.7  1.0
  6.0  7.7  1.7  4.0  5.7  8.7 28.6 14.7  1.0  5.0 89.2 70.3  1.3144.2  4.0
  1.0  0.3  0.0  0.0  0.0  0.0  0.0  0.0  0.0  0.0  0.0  0.0  0.0  0.0  0.0
  0.0  0.0  0.0  1.0  0.7  2.0  0.7  0.3  0.0  0.0  0.0  0.0  0.0  0.0  0.3
  0.0  0.7  0.0  0.7  0.0  0.3  0.0  0.3  0.3  0.7  0.3  0.0  1.3  1.0  0.0
  4.3  0.3  0.0  4.7  1.7  1.0  3.3  2.7  0.0  0.0  0.0  0.0  0.0  0.0  0.0
  0.7  0.3  0.0  0.0  0.0  0.0  0.0  4.0  2.3  1.7  8.7 23.0  1.3  5.3  4.3
  1.0  3.0  0.0  1.3  0.3  0.7  0.0 25.6 16.0 14.3  2.3  8.7  7.3  2.0  0.0
     -7.60      3.41      3.25     -3.34      2.32  0.0  0.3  0.3  0.3  0.0
                                     4000_story_3856_llm.txt 34.0  4.4 2768
 12.6  3.6  2.9 40.1  8.7  0.4  4.3  1.8 55.6 18.8  0.4  1.1  0.0  6.1  0.4
  1.1  0.4  6.9 17.3  1.1  4.0232.3 87.4 21.7107.7 32.5 12.3  9.8  0.4  2.2
  0.0  0.7 30.3  9.4 10.1 42.3 10.1  5.1  1.8  2.2  0.7  1.8  6.5  6.9  0.7
  1.4  5.1  0.7  2.5  7.2 12.6 26.4  9.0  1.4  2.5 51.7 96.8  4.3166.2  5.4
  0.7  0.0  0.0  0.0  0.0  0.0  0.0  0.0  0.0  0.0  0.0  0.0  0.0  0.0  0.0
  0.0  0.0  0.0  1.4  0.4  1.4  1.4  0.0  0.0  0.0  0.0  0.0  0.0  0.0  0.0
  0.0  0.7  1.8  0.7  0.0  0.0  0.0  0.0  0.0  0.0  0.4  0.0  1.4  2.5  0.0
  4.7  0.0  0.0  4.7  3.3  0.0  3.3  4.3  0.0  0.0  0.0  0.0  0.0  0.0  0.0
  1.1  0.4  0.0  0.0  0.0  0.0  0.4  6.9  1.8  2.2  8.3 17.3  1.4  4.3 12.6
  0.7  1.4  0.4  1.8  0.4  0.7  0.0 42.3 13.4 14.1  0.7  5.8  8.7  5.8  0.0
      2.62      3.43     -3.42     -2.77      2.50  0.4  0.4  0.4  0.0  0.0
                                     4000_story_3858_llm.txt 36.5  4.5 2579
 14.3  8.5 20.6 60.1  5.8  1.9  1.2  0.0 27.9 12.8  1.2  1.2  0.0  8.5  0.8
  2.3  1.6  2.3 16.7  0.4  3.1255.5 92.3 29.9 97.3 78.3 10.9 20.2  0.8  2.7
  0.0  0.0 38.0  7.0  5.0 33.3  8.1  4.7  3.9  1.2  1.2  1.6  2.7  6.2  0.4
  3.5  8.5  1.9  3.5  4.7  8.1 27.5 10.1  1.9  3.5 57.8112.1  2.3169.4  7.8
  3.5  0.0  0.0  0.0  0.0  0.0  0.0  0.0  0.0  0.0  0.0  0.0  0.0  0.0  0.0
  0.0  0.0  0.0  5.4  0.8  3.5  1.9  0.0  0.0  0.0  0.0  0.0  0.0  0.0  0.4
  1.6  1.6  0.8  0.8  0.0  0.0  0.0  0.0  0.0  0.4  0.8  0.0  3.9  1.2  0.0
 11.6  0.0  0.0 11.6  5.0  0.0  5.4  5.8  0.0  0.0  0.0  0.0  0.0  0.0  0.0
  0.4  0.8  0.0  0.0  0.0  0.0  0.0  7.0  4.3  1.2 13.2 17.8  0.4  5.0  3.9
  3.1  0.8  1.9  1.6  0.4  0.8  0.4 33.7 32.6 17.4  2.3  5.4  8.9  4.7  0.0
      2.84      6.78      0.05     -2.54      0.43  1.2  0.0  0.0  0.0  0.0
                                     4000_story_3859_llm.txt 35.8  4.8 3575
  9.2  0.8  3.4 29.7  2.0  0.3  2.8  1.1  2.5 17.3  0.6  1.4  0.8  2.0  0.0
  0.3  0.6  4.5 23.2  0.3  1.7278.0 98.7 48.1105.7 49.2 14.0  8.1  0.0  0.8
  0.3  3.6 34.1  7.3 11.7 31.0  5.3  2.2  2.2  0.6  0.3  1.4  3.9  7.3  1.1
  3.4  5.6  1.4  1.4  3.4  7.0 34.4 11.7  0.8  1.1 88.7 53.7  1.4154.1  5.3
  3.4  0.0  0.0  0.0  0.0  0.0  0.0  0.0  0.0  0.0  0.0  0.0  0.0  0.0  0.0
  0.0  0.0  0.0  0.3  0.0  1.1  1.7  0.0  0.0  0.0  0.0  0.0  0.0  0.0  0.6
  0.0  0.0  0.6  1.1  0.0  0.0  0.3  0.3  0.0  0.0  0.6  0.3  2.0  1.1  0.0
  3.1  0.0  0.0  3.1  2.2  0.6  2.8  3.9  0.0  0.0  0.0  0.0  0.0  0.0  0.0
  0.0  0.3  0.0  0.0  0.0  0.0  0.3  6.4  3.6  2.0 10.3 27.1  3.1  4.2  5.6
  1.1  7.0  0.3  2.5  0.0  1.1  0.6 24.3 12.6 12.6  1.1  5.3  8.4  4.5  0.0
     -8.90      4.13     -1.93     -4.40      1.87  0.6  0.0  0.3  0.0  0.0
                                     4000_story_3860_llm.txt 36.8  4.5 4785
 11.3  3.3  3.8 44.9  8.8  1.0  3.3  1.7 53.1 17.6  1.0  0.4  0.4  5.0  0.0
  3.6  0.8  4.8 11.5  0.2  2.9229.0 88.4 45.8107.4 35.5 11.7 18.6  0.8  1.5
  0.0  2.3 31.1  5.9  9.2 38.0  4.6  3.3  3.3  1.7  1.7  2.9  4.8  5.4  0.8
  2.9  6.5  2.1  4.6  6.3  9.8 22.4  9.2  1.0  2.3 77.5 97.4  1.3165.9  6.5
  0.8  0.0  0.0  0.0  0.0  0.0  0.0  0.0  0.0  0.0  0.0  0.0  0.0  0.0  0.0
  0.0  0.0  0.0  1.9  0.6  1.9  1.7  0.0  0.0  0.0  0.0  0.0  0.0  0.0  0.4
  0.2  0.2  0.2  0.8  0.0  0.0  0.0  0.0  0.0  0.2  0.2  0.4  4.0  1.7  0.0
  6.1  0.0  0.0  6.1  1.9  0.0  2.1  6.3  0.0  0.0  0.0  0.0  0.0  0.0  0.0
  0.2  0.0  0.0  0.0  0.0  0.0  0.2  7.7  2.3  2.5  8.2 27.0  3.8  4.4  7.1
  1.0  2.5  0.2  3.3  1.0  1.5  0.0 29.5 27.0 16.3  1.0  4.6 11.7  5.9  0.0
     -1.50      5.08     -1.33     -2.00      1.79  0.8  0.0  0.0  0.2  0.0
                                     4000_story_3863_llm.txt 37.5  4.5 3094
 14.9  5.8  3.6 63.7  9.0  1.3  2.6  0.3 86.3 13.3  1.3  1.3  0.0  3.6  0.0
  1.3  0.6  5.2  9.4  1.0  0.6250.2 81.8 32.0 87.6 32.6 12.9  9.4  1.9  2.6
  1.6  1.6 43.0  7.8  8.4 31.0  6.1  3.9  3.9  2.9  1.9  3.6  4.8  6.1  0.3
  2.6  8.1  1.9  2.3  4.5 11.0 23.3  9.0  1.6  6.1 61.7128.0  3.2161.9  7.1
  0.6  0.0  0.0  0.0  0.0  0.0  0.0  0.0  0.0  0.0  0.0  0.0  0.0  0.0  0.0
  0.0  0.0  0.0  2.9  1.0  3.9  1.3  0.0  0.0  0.0  0.3  0.0  0.3  0.0  0.6
  0.0  1.3  1.0  0.6  0.0  0.3  0.0  0.6  0.0  1.0  0.0  0.0  1.6  0.3  0.0
  9.0  0.0  0.6  9.7  3.6  1.0  5.5  1.9  0.0  0.0  0.0  0.0  0.0  0.0  0.0
  1.0  0.0  0.3  0.0  0.0  0.0  0.0 10.3  3.9  3.2 10.0 14.5  2.6  2.9  4.5
  2.3  1.6  1.3  0.0  1.0  0.3  1.9 28.8 21.0 16.2  2.6  5.2  9.0  6.1  0.0
     -1.35      2.83      2.01     -0.76      1.42  1.6  0.0  0.3  0.0  0.0
                                     4000_story_3865_llm.txt 35.3  4.8 4632
  8.9  3.2 10.6 44.0  9.1  1.1  3.5  0.4 10.4 12.3  1.3  1.3  0.0  6.0  0.4
  2.4  1.1  3.7 19.4  0.6  1.3273.7 93.3 45.1 94.6 62.6 12.7 13.8  1.1  3.2
  0.4  2.6 50.3  6.7  7.6 31.5  5.6  5.6  1.7  2.6  1.7  2.4  5.6  7.3  0.4
  3.0  6.3  3.7  1.9  5.8 11.0 32.2 10.8  1.7  4.7 80.1 82.0  2.2155.7  6.7
  1.9  0.0  0.0  0.0  0.0  0.0  0.0  0.0  0.0  0.0  0.0  0.0  0.0  0.0  0.0
  0.0  0.0  0.0  3.7  0.0  1.5  1.3  0.0  0.2  0.0  0.0  0.0  0.2  0.0  0.0
  0.0  0.2  0.4  1.1  0.0  0.2  0.0  0.2  0.4  0.2  0.9  0.4  1.5  1.3  0.0
  6.5  0.2  0.2  6.9  1.7  0.9  2.8  4.1  0.0  0.0  0.0  0.0  0.0  0.0  0.0
  0.6  0.4  0.0  0.0  0.0  0.2  0.2 12.1  4.3  2.8  9.9 18.4  2.8  3.2  7.1
  3.0  1.1  1.3  0.9  0.2  0.4  0.9 32.0 21.6 14.5  1.7  6.3  7.6  4.5  0.0
     -3.89      5.17      2.15     -1.76      2.30  0.6  0.0  0.0  0.0  0.0
                                     4000_story_3866_llm.txt 34.8  4.4 4100
 13.7  4.9  1.2 32.7  4.4  0.5  1.5  1.0 62.2 18.5  1.0  1.5  0.0  5.4  0.7
  0.7  0.2  2.7 15.6  0.5  1.5234.6 95.9 43.2108.5 18.5  8.8  8.3  0.2  0.7
  0.7  2.2 28.5  7.8 14.6 30.7  5.4  2.2  0.7  0.7  0.7  1.5  3.7  5.9  1.0
  3.2  9.5  2.0  2.7  6.1  5.6 29.5 10.0  0.7  1.7 77.6 85.1  2.2156.6  2.0
  2.7  0.0  0.0  0.0  0.0  0.0  0.0  0.0  0.0  0.0  0.0  0.0  0.0  0.0  0.0
  0.0  0.0  0.0  2.7  0.2  2.2  2.2  0.0  0.0  0.0  0.0  0.5  0.0  0.0  0.5
  0.0  0.2  0.0  1.7  0.0  0.2  0.0  0.2  0.0  0.0  0.5  0.0  0.7  0.5  0.0
  7.3  0.0  0.5  7.8  2.4  0.5  2.9  1.7  0.0  0.0  0.0  0.0  0.0  0.0  0.0
  0.0  0.5  0.0  0.0  0.0  0.0  0.0 10.7  2.9  1.5  8.0 32.2  7.6  3.9  9.8
  1.2  2.4  2.0  4.4  0.2  0.7  0.5 35.1 13.4 15.6  2.0  6.1  9.8  5.1  0.0
     -2.82      1.89     -3.34     -4.58      1.32  0.0  0.0  0.0  0.0  0.0
                                     4000_story_3870_llm.txt 36.3  4.6 2663
 15.4  5.6  5.3 51.8 10.5  1.5  4.5  0.4  9.8 15.0  1.1  0.4  0.0  3.4  0.8
  0.0  2.6  3.8 10.9  0.4  1.9253.1 93.5 36.4 92.0 59.7 11.3  9.8  0.8  0.4
  0.4  1.5 42.8  7.5 10.9 30.4  5.3  6.8  0.4  1.1  1.9  1.5  2.6  4.9  0.4
  3.0  6.4  1.9  2.3  3.4 12.4 20.3  8.3  3.0  1.5 73.6 80.0  0.8161.1  6.8
  1.9  0.0  0.0  0.0  0.0  0.0  0.0  0.0  0.0  0.0  0.0  0.0  0.0  0.0  0.0
  0.0  0.0  0.0  1.5  0.4  4.1  1.5  0.0  0.0  0.0  0.0  0.0  0.0  0.0  0.0
  0.8  1.5  0.8  0.0  0.0  0.4  0.0  0.0  0.0  0.4  0.4  0.0  0.8  1.1  0.0
  7.5  0.0  0.0  7.5  3.0  0.4  3.8  2.3  0.0  0.0  0.0  0.0  0.0  0.0  0.0
  1.1  1.1  0.0  0.0  0.0  0.0  0.0 15.4  5.3  1.9  7.9 25.2  3.4  3.4  3.4
  3.4  1.5  1.1  0.0  0.4  0.0  0.8 26.7 13.1 18.0  2.6  4.5 11.6  9.8  0.0
     -2.31      3.93     -1.60     -2.87      0.01  0.0  0.0  0.4  0.4  0.0
                                     4000_story_3872_llm.txt 35.0  4.5 5632
 24.9  6.2  9.6 62.1 14.7  1.2  5.7  0.9 38.0 18.6  1.1  0.9  0.0  5.3  0.7
  2.7  0.7  6.4 15.4  1.6  3.0213.6 73.7 34.1107.1 58.1 16.9 14.4  0.4  1.8
  0.7  2.5 33.6 10.5  8.7 41.7  5.7  3.7  3.0  1.6  2.3  3.0  4.6  5.9  0.0
  5.0  7.1  2.8  2.1  6.2 12.4 27.5 10.8  2.3  2.8 66.4110.8  2.8182.0  5.1
  2.1  0.0  0.0  0.0  0.0  0.0  0.0  0.0  0.0  0.0  0.0  0.0  0.0  0.0  0.0
  0.0  0.0  0.0  4.3  1.1  1.6  2.1  0.0  0.0  0.0  0.0  0.0  0.0  0.0  0.5
  0.9  0.7  0.4  0.7  0.0  0.2  0.0  0.0  0.0  0.0  0.0  0.4  1.8  1.2  0.0
  9.1  0.0  0.0  9.1  3.2  0.2  3.4  3.4  0.0  0.0  0.0  0.0  0.0  0.0  0.0
  0.7  0.7  0.0  0.0  0.0  0.0  0.2  5.3  5.0  2.7  7.6 17.6  3.4  3.0  8.3
  2.0  1.6  0.7  0.7  2.0  1.4  0.5 36.0 22.2 24.5  1.8  6.6 10.7  5.7  0.0
      6.28      6.28     -1.96     -1.71      1.75  0.9  0.2  0.0  0.0  0.0
                                     4000_story_3878_llm.txt 36.5  4.5 4459
  8.5  2.5  0.4 26.5  4.0  0.0  1.1  0.7  5.4 20.6  0.9  2.0  0.2  3.1  1.6
  0.9  0.2  2.5 13.5  0.7  2.5241.1 95.1 59.9104.7 55.6 14.4  6.5  0.2  0.9
  0.2  2.7 21.5 11.2 15.9 34.8  3.8  3.8  1.3  0.4  1.8  1.8  3.1  7.8  1.3
  4.0  8.5  0.7  2.9  3.6  8.1 27.1 13.2  0.9  1.3 89.7 65.0  1.6151.2  4.7
  1.3  0.0  0.0  0.0  0.0  0.0  0.0  0.0  0.0  0.0  0.0  0.0  0.0  0.0  0.0
  0.0  0.0  0.0  0.9  0.4  1.6  0.9  0.0  0.0  0.0  0.0  0.0  0.0  0.0  0.0
  0.0  0.0  0.7  0.7  0.0  0.2  0.0  0.0  0.0  0.0  0.0  0.0  0.9  1.8  0.0
  3.8  0.0  0.0  3.8  1.3  0.2  1.6  2.7  0.0  0.0  0.0  0.0  0.0  0.0  0.0
  0.9  0.2  0.0  0.0  0.0  0.0  0.2 20.6  1.3  0.9  6.3 15.0  5.8  3.8 10.8
  0.7 11.9  0.4 11.0  0.0  0.2  0.2 32.3 10.8 11.2  1.1  6.5  7.2  3.8  0.0
     -7.71      4.15     -5.61     -3.49      1.86  0.4  0.0  0.0  0.0  0.0
                                     4000_story_3879_llm.txt 34.0  4.6 3260
 10.1  3.4  3.7 30.4  3.4  0.6  1.2  0.9  4.9 12.6  0.0  0.0  0.0  6.1  0.0
  1.2  0.3  4.0 17.2  0.3  2.8256.7 96.0 39.3116.3 51.2 14.1  7.1  1.5  1.8
  0.6  3.7 29.4 11.0 14.1 34.7  6.1  2.5  0.9  0.3  0.6  0.6  5.2  4.9  0.3
  4.3  4.0  1.2  2.1  3.7  7.1 25.2  9.5  0.6  4.0 73.0 59.5  1.5165.3  8.0
  0.0  0.0  0.0  0.0  0.0  0.0  0.0  0.0  0.0  0.0  0.0  0.0  0.0  0.0  0.0
  0.0  0.0  0.0  1.2  0.3  2.5  1.5  0.0  0.0  0.0  0.0  0.0  0.0  0.0  0.0
  0.3  0.3  1.5  0.9  0.0  0.0  0.0  0.0  0.0  0.0  0.6  0.3  0.6  1.2  0.0
  5.5  0.0  0.0  5.5  3.1  0.0  3.1  2.8  0.0  0.0  0.0  0.0  0.0  0.0  0.0
  0.3  0.0  0.0  0.0  0.0  0.0  0.3 12.0  1.5  1.5  6.7 31.3  1.8  5.5 13.5
  4.3  1.2  1.2  4.0  0.9  0.9  0.3 39.3 13.8 12.3  1.5  7.7 15.0  4.3  0.0
     -7.56      4.39     -2.51     -5.05      2.00  0.0  0.0  0.0  0.0  0.0
                                     4000_story_3884_llm.txt 36.0  4.6 5186
 15.0  6.2  6.9 45.9  7.3  1.2  2.1  1.2 10.0 14.8  2.1  1.0  1.2  5.4  1.2
  0.8  0.6  5.4  7.9  0.6  1.7237.6 83.3 36.8107.0 91.6 17.9  6.6  1.0  0.6
  0.8  3.1 34.7  7.1 11.0 36.8  6.9  7.5  1.0  1.5  4.2  2.1  3.7  5.6  1.0
  4.6  9.3  2.1  3.5  4.4 17.2 22.8 11.2  1.2  2.3 74.6108.9  1.3171.2  5.8
  1.2  0.0  0.0  0.0  0.0  0.0  0.0  0.0  0.0  0.0  0.0  0.0  0.0  0.0  0.0
  0.0  0.0  0.0  3.3  0.8  2.5  1.3  0.2  0.0  0.0  0.0  0.0  0.0  0.0  0.4
  0.2  1.0  1.3  0.4  0.0  0.6  0.0  0.0  0.0  0.2  0.0  0.0  1.7  1.9  0.0
  7.9  0.2  0.0  8.1  3.3  0.6  4.0  3.7  0.0  0.0  0.0  0.0  0.0  0.0  0.0
  0.4  1.5  0.0  0.0  0.0  0.0  0.0 13.9  2.7  3.3  9.4 23.7  2.7  3.7  4.4
  1.2  1.7  0.8  1.9  0.4  1.0  0.2 35.3 13.3 20.8  1.5  7.5 12.1  5.0  0.0
     -2.94      6.53     -1.28     -0.93      1.75  0.6  0.0  0.0  0.2  0.0
                                     4000_story_3885_llm.txt 34.5  4.7 3824
 17.5  5.8  1.8 37.9  8.4  0.8  1.6  2.1 14.4 18.3  1.6  0.8  0.3  4.7  0.5
  1.8  0.0  6.5 11.2  0.5  1.0279.0 89.2 39.5100.2 59.4 15.2  8.4  1.0  2.9
  0.5  1.8 34.8  7.1  6.0 35.0  8.6  8.9  2.9  1.8  2.1  2.1  3.9  6.0  1.6
  3.4  6.3  3.4  2.1  3.1 17.5 22.0 11.0  0.5  4.4 66.7 82.1  1.8155.9  5.8
  1.8  0.0  0.0  0.0  0.0  0.0  0.0  0.0  0.0  0.0  0.0  0.0  0.0  0.0  0.0
  0.0  0.0  0.0  2.6  1.6  2.6  3.4  0.3  0.0  0.0  0.0  0.0  0.0  0.0  1.0
  0.8  1.0  1.0  0.8  0.0  0.3  0.3  0.0  0.0  0.8  0.5  0.0  2.9  1.6  0.0
 10.2  0.3  0.0 10.5  4.7  0.5  6.0  5.0  0.0  0.0  0.0  0.0  0.0  0.0  0.0
  0.3  0.8  0.0  0.0  0.0  0.0  0.3 13.3  3.7  1.0  8.6 24.1  7.3  4.2  6.8
  1.3  1.0  2.4  1.3  0.0  0.8  1.0 28.2 20.7 23.3  1.3  5.0  9.9  6.5  0.0
     -5.61      4.67      0.82     -0.90      2.04  0.5  0.3  0.3  0.0  0.0
                                     4000_story_3891_llm.txt 33.5  4.6 4332
 10.4  2.1  6.5 35.5  6.5  0.5  0.9  1.6  7.8 14.3  1.2  0.9  0.7  4.4  0.9
  0.7  0.2  5.5 12.7  0.7  1.8283.5106.4 34.9 93.0 43.4 15.5  6.0  1.8  2.8
  1.4  2.3 25.4  5.3  8.1 33.2  6.7  8.3  0.5  1.6  1.6  2.1  3.5  7.2  1.2
  3.2  4.4  3.5  2.3  5.1 15.5 21.9 11.5  0.9  6.0 65.1 57.7  1.8145.9  5.1
  1.6  0.0  0.0  0.0  0.0  0.0  0.0  0.0  0.0  0.0  0.0  0.0  0.0  0.0  0.0
  0.0  0.0  0.0  2.1  0.2  1.8  2.1  0.0  0.0  0.0  0.0  0.0  0.0  0.0  0.0
  0.5  0.7  0.5  1.4  0.0  0.2  0.0  0.0  0.0  0.2  0.2  0.0  0.9  0.7  0.0
  6.2  0.0  0.0  6.2  3.0  0.2  3.5  1.8  0.0  0.0  0.0  0.0  0.0  0.0  0.0
  0.5  0.5  0.0  0.0  0.0  0.0  0.0  6.7  2.1  3.5  7.8 23.8  3.9  5.3  5.5
  4.6  0.5  1.8  1.8  0.0  0.5  0.5 30.9 14.3 14.3  0.7  7.4 13.2  5.1  0.0
     -7.83      3.35      1.54     -2.14      1.55  0.2  0.2  0.2  0.0  0.0
                                     4000_story_3895_llm.txt 37.8  4.5 5810
 11.7  4.8 10.2 53.0  9.5  1.4  2.9  1.0 21.3 15.3  1.2  1.5  0.5  4.5  0.7
  0.2  1.0  5.9  9.0  0.3  2.4249.2 96.4 32.5 95.2 79.5 14.8  8.4  0.9  1.5
  1.4  2.2 31.5  5.5 11.5 32.0  6.4  5.7  1.2  1.7  1.9  2.4  2.2  7.2  0.3
  2.9  3.8  3.1  2.6  4.0 13.4 18.2 10.5  1.4  3.8 65.6110.3  2.4161.6  6.7
  1.2  0.0  0.0  0.0  0.0  0.0  0.0  0.0  0.0  0.0  0.0  0.0  0.0  0.0  0.0
  0.0  0.0  0.0  2.8  0.7  3.1  1.5  0.0  0.0  0.0  0.0  0.2  0.3  0.0  0.3
  0.0  0.5  0.5  1.2  0.0  0.0  0.0  0.0  0.0  0.0  0.0  0.0  1.2  0.5  0.0
  8.1  0.0  0.5  8.6  2.6  0.0  2.6  1.7  0.0  0.0  0.0  0.0  0.0  0.0  0.0
  0.0  0.3  0.0  0.0  0.0  0.0  0.2 10.2  4.8  3.4  9.5 25.5  2.4  2.6 10.5
  2.1  1.9  1.5  2.2  0.2  0.3  0.3 36.0 16.5 17.0  2.2  5.0  9.6  5.0  0.0
     -2.68      5.35     -0.26     -2.22      0.08  0.9  0.0  0.2  0.0  0.0
                                     4000_story_3897_llm.txt 35.8  4.6 4213
 22.1  5.5  2.4 54.1 21.1  0.9  3.3  2.4 21.8 18.8  1.7  1.9  1.2  8.3  0.5
  2.6  1.2 10.0 12.8  2.4  1.4187.8 79.8 32.5100.2 88.5 27.5  8.8  2.1  2.1
  1.2  2.1 49.4  8.3  4.7 45.8 11.6  5.2  3.8  3.1  2.6  4.0  5.2  4.0  1.2
  1.4  8.5  6.9  2.1  5.2 17.8 28.5  6.6  3.6  5.5 66.0131.5  4.7169.7  4.7
  1.9  0.0  0.0  0.0  0.0  0.0  0.0  0.0  0.0  0.0  0.0  0.0  0.0  0.0  0.0
  0.0  0.0  0.0  3.8  2.4  3.3  3.3  0.0  0.0  0.0  0.0  0.0  0.0  0.0  0.9
  0.5  0.9  1.7  1.7  0.0  0.0  0.0  0.2  0.0  1.2  0.0  0.2  4.0  3.1  0.0
 12.8  0.0  0.0 12.8  5.7  0.2  7.1  7.4  0.0  0.0  0.0  0.0  0.0  0.0  0.0
  0.0  0.7  0.0  0.0  0.0  0.0  0.5  4.3  8.1  5.0 13.1 15.0  4.7  3.3  4.7
  1.4  1.9  0.5  0.2  0.7  0.7  0.5 31.3 20.9 31.8  4.0  3.6 12.1  3.1  0.0
      9.02      8.42      2.22      0.12      1.62  1.9  0.2  0.5  0.0  0.0
                                     4000_story_3898_llm.txt 34.5  4.8 4485
 22.7  6.2  1.3 43.5  7.6  0.4  2.5  1.8 11.6 10.7  1.8  3.8  1.3  5.6  1.1
  1.8  0.4  4.9 10.3  0.7  2.0243.9 97.2 39.2 98.3 74.0 16.1  8.2  1.3  1.6
  2.9  3.8 38.6  6.5 10.0 38.8  5.6  6.7  2.7  2.9  1.8  2.0  3.8  4.2  0.4
  4.0  6.5  3.3  3.6  3.8 13.4 27.2  8.7  1.1  5.8 76.0 93.2  1.6158.3  7.1
  1.8  0.2  0.0  0.0  0.0  0.0  0.0  0.0  0.0  0.0  0.0  0.0  0.0  0.0  0.0
  0.0  0.0  0.0  1.3  1.1  2.9  3.6  0.2  0.2  0.0  0.0  0.0  0.0  0.0  0.0
  0.0  0.4  0.7  0.9  0.0  0.9  0.0  0.0  0.0  0.7  0.2  0.4  3.8  1.1  0.0
  8.9  0.4  0.0  9.4  2.0  0.9  3.6  5.6  0.0  0.0  0.0  0.0  0.0  0.0  0.0
  0.0  0.0  0.0  0.0  0.0  0.0  0.2  4.5  4.0  5.4  9.4 20.3  2.5  2.9  8.5
  1.3  0.7  0.9  0.2  0.4  0.4  0.0 23.4 18.3 29.7  2.0  8.7 11.4  4.9  0.0
     -1.89      5.41      2.26     -1.18      1.02  0.4  0.0  0.0  0.0  0.0
                                     4000_story_3912_llm.txt 35.3  4.6 6034
 12.3  5.6  5.3107.7 36.6  1.7  5.8  2.0 45.6 16.9  2.5  1.2  0.2  8.5  1.2
  3.0  1.8  6.5 10.3  0.5  0.8338.7 58.3 20.9 33.8 31.7 11.6  4.6  0.3  0.8
  0.2  0.2 34.3 12.8  5.0 32.0  8.8  9.4  2.2  3.0  3.6  2.8  2.2  3.8  0.5
  1.0  2.8  1.5  4.8  8.8 19.6 17.4  5.3  2.3  1.3 45.9113.9  4.6146.5  5.0
  1.2  0.2  0.0  0.0  0.0  0.0  0.0  0.0  0.0  0.0  0.0  0.0  0.0  0.0  0.0
  0.0  0.0  0.0  2.3  1.8  2.7  0.7  0.2  0.3  0.0  0.0  0.0  0.0  0.0  0.8
  0.2  1.2  0.7  0.0  0.0  0.7  0.3  0.2  0.0  1.5  0.3  0.2  3.8  0.7  0.0
  7.5  0.5  0.0  8.0  2.8  1.2  5.5  5.0  0.0  0.0  0.0  0.0  0.0  0.0  0.0
  0.0  1.0  0.0  0.0  0.0  0.0  0.0  8.0  3.3  2.7  9.4  9.8  2.7  3.6  3.6
  1.0  1.0  0.8  0.3  0.3  0.5  1.2 23.7 12.3 23.7  2.3  2.8  8.6  3.6  0.0
      6.78     -0.12     -2.75      0.56     -1.00  0.3  0.0  0.3  0.0  0.0
                                     4000_story_3913_llm.txt 36.8  4.6 4286
 14.2  4.4  4.4 39.4  5.1  0.5  2.8  3.0 49.0 17.7  0.2  2.1  0.0  7.7  1.2
  1.2  0.5  4.4 14.7  1.6  2.1225.6 88.2 37.8102.0 51.6 25.7  7.7  1.6  3.3
  0.9  1.9 37.1  5.6  8.4 29.6 11.0  2.8  1.9  0.5  1.6  3.3  2.6  5.6  1.2
  4.9  7.7  6.3  2.8  5.6  8.9 26.8 11.7  2.1  5.8 69.5105.7  4.7163.6  3.7
  1.2  0.0  0.0  0.0  0.0  0.0  0.0  0.0  0.0  0.0  0.0  0.0  0.0  0.0  0.0
  0.0  0.0  0.0  4.9  0.7  2.8  2.6  0.0  0.0  0.0  0.2  0.0  0.2  0.2  0.7
  0.2  1.4  0.7  1.4  0.0  0.5  0.0  0.5  0.0  0.5  0.2  0.0  4.4  1.4  0.0
 11.0  0.0  0.7 11.7  4.4  0.9  5.8  6.1  0.0  0.0  0.0  0.0  0.0  0.0  0.0
  0.5  0.5  0.5  0.0  0.0  0.0  0.5  7.5  7.0  3.0 10.5 18.9  2.6  3.5  5.8
  2.1  2.3  2.1  1.4  0.7  0.7  0.9 31.3 14.2 22.6  1.6  5.6 14.9  5.6  0.0
      2.01      6.28      1.93     -3.04      1.30  1.2  0.2  0.7  0.0  0.0
                                     4000_story_3915_llm.txt 35.3  4.6 2006
  9.5  2.0  6.5 40.9  7.5  0.0  0.5  1.0 12.5  7.0  3.0  0.0  0.5  4.0  0.0
  0.5  0.5  6.0 21.9  0.5  0.0293.1 78.8 40.9104.2 54.8 17.9 11.5  1.0  5.5
  0.5  3.0 17.9  8.0  9.5 29.4  3.5  6.5  2.5  2.5  3.5  1.0  3.5  6.5  1.0
  3.5  6.5  3.0  1.0  5.5 16.0 33.9 11.0  1.0  7.0 74.8 74.8  2.5159.5  4.5
  2.0  0.0  0.0  0.0  0.0  0.0  0.0  0.0  0.0  0.0  0.0  0.0  0.0  0.0  0.0
  0.0  0.0  0.0  3.5  0.5  0.5  0.5  0.0  0.0  0.0  0.0  0.0  0.0  0.0  1.0
  0.0  0.5  1.0  0.0  0.0  0.0  0.0  0.0  0.0  0.0  0.0  0.5  2.0  1.0  0.0
  5.0  0.0  0.0  5.0  2.5  0.0  2.5  3.5  0.0  0.0  0.0  0.0  0.0  0.0  0.0
  0.0  0.0  0.0  0.0  0.0  0.0  0.0 21.4  0.5  0.5  5.0 16.0  2.5  4.5  5.5
  3.0  5.0  0.5  2.0  0.0  0.5  0.0 33.4 18.9 16.0  3.5  3.0  9.5  3.5  0.0
     -8.10      5.71      0.37     -1.06      1.43  0.0  0.0  0.0  0.0  0.0
                                     4000_story_3916_llm.txt 36.0  4.5 4163
  7.9  2.9 17.1 47.6 10.1  1.7  4.6  1.0 15.1 11.8  1.2  1.4  0.0  1.9  1.0
  0.2  0.7  3.8  6.7  0.2  1.7286.6 88.9 27.1107.9 56.7 12.5 10.8  0.2  4.1
  0.2  1.9 27.1  6.2 12.5 28.1  6.0  4.6  1.4  2.6  1.0  1.7  3.1  7.2  0.2
  3.8  6.7  0.7  4.3  4.6  9.4 19.5 11.3  1.0  4.6 59.3 81.9  2.6167.7  3.4
  1.7  0.0  0.0  0.0  0.0  0.0  0.0  0.0  0.0  0.0  0.0  0.0  0.0  0.0  0.0
  0.0  0.0  0.0  2.2  0.5  1.2  1.2  0.0  0.0  0.5  0.0  0.0  0.0  0.2  1.0
  0.2  0.7  0.2  0.2  0.5  0.0  0.0  0.0  0.0  0.0  1.0  0.5  1.4  0.2  0.0
  5.0  0.5  0.2  5.8  2.4  0.5  2.9  3.1  0.0  0.0  0.0  0.0  0.0  0.0  0.0
  0.0  0.2  0.0  0.0  0.0  0.0  0.0  7.4  1.7  1.0  6.7 25.9  1.7  2.2  6.5
  4.3  1.0  0.7  1.9  0.2  0.5  0.5 30.5 19.2 13.0  1.7  4.8 11.3  5.8  0.0
     -7.18      4.74     -1.08     -2.72      0.84  0.2  0.2  0.0  0.0  0.0
                                     4000_story_3918_llm.txt 31.3  4.6 3392
  7.7  1.8  5.9 42.5  5.3  0.3  2.1  0.6  4.4 11.5  0.9  1.8  0.3  3.5  0.9
  0.6  0.0  7.4 15.3  0.3  3.2289.8 93.2 28.6105.2 68.1 11.2  6.8  1.8  2.7
  0.6  2.1 27.1  6.5 10.9 29.5  7.1  4.1  0.6  1.2  2.1  0.6  3.5  6.8  0.0
  2.4  5.3  0.9  3.2  5.0 13.6 25.6  9.1  0.3  5.0 67.2 77.8  0.9166.9  5.9
  1.2  0.3  0.0  0.0  0.0  0.0  0.0  0.0  0.0  0.0  0.0  0.0  0.0  0.0  0.0
  0.0  0.0  0.0  1.2  0.6  0.9  0.6  0.0  0.3  0.0  0.0  0.0  0.0  0.0  0.3
  0.0  0.9  2.1  0.0  0.0  0.0  0.0  0.0  0.0  0.9  0.3  0.3  0.9  0.3  0.0
  3.2  0.3  0.0  3.5  3.2  0.0  4.1  1.8  0.0  0.0  0.0  0.0  0.0  0.0  0.0
  0.9  0.3  0.3  0.0  0.0  0.0  0.0  4.7  2.9  0.6  4.7 20.6  1.2  3.8  9.4
  0.9  2.1  0.6  0.0  0.0  0.6  0.6 35.4 10.0 11.8  2.1  7.1 11.2  7.1  0.0
     -7.17      4.17     -0.21     -3.68      0.37  0.3  0.6  0.0  0.0  0.3
                                     4000_story_3919_llm.txt 34.3  4.4 3106
  9.0  1.9  9.3 34.1  4.5  1.3  3.5  1.3  9.3 10.3  0.3  2.3  0.3  5.2  1.0
  0.0  1.0  3.2 17.7  0.6  3.2262.4 92.1 37.3108.8 77.6 18.4  5.2  0.6  3.2
  1.0  1.6 19.0  6.8 12.6 35.7  5.5  1.6  0.6  1.6  0.3  2.6  4.2  5.8  0.3
  7.1  7.7  1.0  2.9  4.5  5.2 30.9 13.2  1.6  4.8 65.0 91.4  1.0165.5  6.8
  1.3  0.3  0.0  0.0  0.0  0.0  0.0  0.0  0.0  0.0  0.0  0.0  0.0  0.0  0.0
  0.0  0.0  0.0  1.3  0.3  1.3  1.3  0.0  0.3  0.0  0.0  0.0  0.0  0.0  0.3
  0.6  1.0  0.0  0.3  0.0  0.0  0.0  0.3  0.0  0.0  0.0  0.0  1.0  1.3  0.0
  4.2  0.3  0.0  4.5  2.3  0.3  2.6  2.3  0.0  0.0  0.0  0.0  0.0  0.0  0.0
  0.6  1.0  0.0  0.0  0.0  0.0  0.0 11.6  3.5  1.9  7.1 24.5  0.6  6.8  6.8
  0.0  1.3  2.6  5.2  0.3  0.0  0.0 36.1 10.6 13.5  1.9  4.5 10.0  8.0  0.0
     -3.52      5.78     -1.90     -4.10      2.40  0.3  0.3  0.3  0.0  0.0
                                     4000_story_3920_llm.txt 34.5  4.5 4660
 18.7  3.9  9.9 47.6  6.9  1.1  1.5  0.9  9.2  9.2  0.0  1.5  0.2  3.9  0.6
  2.1  0.9  6.7 15.2  0.6  2.4256.9 90.1 29.6101.3 72.7 17.4  5.2  0.9  2.1
  1.3  2.4 24.0  8.6 15.9 34.3  9.4  5.4  2.4  3.6  1.1  1.1  2.8  6.2  0.4
  3.9  3.9  3.0  2.6  4.3 13.1 26.6 10.5  1.5  4.3 58.6 88.8  1.5169.5  5.8
  0.9  0.2  0.0  0.0  0.0  0.0  0.0  0.0  0.0  0.0  0.0  0.0  0.0  0.0  0.0
  0.0  0.0  0.0  1.7  1.1  3.2  2.4  0.2  0.0  0.0  0.0  0.0  0.0  0.0  0.2
  0.0  3.2  0.6  0.6  0.0  0.4  0.0  0.0  0.2  1.3  0.0  0.2  0.9  0.4  0.0
  8.4  0.2  0.0  8.6  4.7  0.6  6.7  1.5  0.0  0.0  0.0  0.0  0.0  0.0  0.0
  0.4  0.6  0.0  0.0  0.0  0.0  0.0  8.4  4.7  2.4  8.2 15.5  2.4  4.5  8.2
  0.4  2.8  0.2  0.2  0.4  0.4  0.0 38.0 12.9 21.9  2.4  5.6 10.9  3.4  0.0
     -2.43      5.13     -2.81     -1.97      0.64  0.4  0.0  0.0  0.0  0.0
                                     4000_story_3921_llm.txt 34.5  4.5 5443
 14.1  3.7  6.8 53.3 18.9  1.5  3.1  1.5 20.4 15.6  0.7  1.5  0.7  5.9  0.4
  2.0  1.3  6.6 13.2  1.1  2.0218.4 82.5 40.1104.0 73.1 15.4  7.5  0.0  3.1
  0.4  3.3 24.4  7.7  9.6 38.8  9.7  5.7  2.6  1.8  2.9  1.1  3.5  5.7  0.4
  2.6  6.8  2.2  4.4  6.4 15.2 26.6  8.6  2.4  3.5 75.7112.4  3.3167.6  5.3
  0.9  0.2  0.0  0.0  0.0  0.0  0.0  0.0  0.0  0.0  0.0  0.0  0.0  0.0  0.0
  0.0  0.0  0.0  2.2  0.6  2.8  1.8  0.0  0.2  0.2  0.0  0.0  0.0  0.0  0.6
  0.7  0.7  1.1  1.1  0.2  0.6  0.0  0.0  0.0  0.4  0.2  0.4  2.6  2.2  0.0
  7.3  0.4  0.0  7.7  4.2  0.7  5.3  5.3  0.0  0.0  0.0  0.0  0.0  0.0  0.0
  0.2  0.6  0.0  0.0  0.0  0.0  0.4  4.6  2.9  1.3  6.4 12.7  2.9  4.6  7.2
  0.7  3.3  2.2  1.1  0.4  0.2  0.4 31.6 16.9 19.8  1.3  7.5 13.6  3.5  0.0
      2.42      5.31     -1.43     -1.74      0.53  0.2  0.2  0.2  0.2  0.0
                                     4000_story_3922_llm.txt 34.3  4.6 5708
 15.6  4.4 11.7 47.0  4.9  0.5  2.5  1.4  8.6 12.1  1.2  0.9  0.5  5.1  0.2
  0.0  0.4  6.1 14.0  0.4  1.1281.9 84.6 28.7102.7 56.8 16.6 10.0  0.7  3.0
  0.7  0.9 30.3  7.2  9.1 28.6  7.9  5.3  2.6  1.9  1.2  2.3  3.9  7.2  0.5
  4.0  6.3  1.8  1.9  3.5 12.6 24.0 11.7  0.7  4.4 57.3 70.3  1.4167.0  7.2
  1.4  0.2  0.0  0.0  0.0  0.0  0.0  0.0  0.0  0.0  0.0  0.0  0.0  0.0  0.0
  0.0  0.0  0.0  2.8  0.2  1.2  1.2  0.0  0.2  0.0  0.0  0.0  0.0  0.0  0.7
  0.2  0.5  0.7  0.2  0.0  0.2  0.0  0.2  0.0  0.5  0.5  0.0  2.1  0.9  0.0
  5.4  0.2  0.0  5.6  2.3  0.4  3.2  3.5  0.0  0.0  0.0  0.0  0.0  0.0  0.0
  0.5  0.0  0.0  0.0  0.0  0.2  0.0 11.7  4.2  1.2  9.1 15.6  3.3  5.8 10.5
  1.6  1.1  2.3  0.9  0.7  0.5  0.2 33.8 20.5 21.4  1.4  5.4 11.0  5.3  0.0
     -5.38      5.22     -0.41     -2.14      1.57  0.7  0.4  0.4  0.0  0.0
                                     4000_story_3923_llm.txt 36.5  4.5 3510
 12.0  2.3  4.3 40.5  6.0  0.3  2.6  0.6  5.4 14.8  0.9  2.0  0.9  3.4  0.6
  0.3  0.6  8.0  7.4  0.3  1.4270.9 93.7 28.8101.1 58.7 11.1 10.0  0.9  2.3
  0.6  2.8 20.8  8.3 12.8 37.0  7.4  3.7  1.1  1.7  1.1  1.1  3.4  6.8  0.3
  5.1  5.4  3.4  4.0  5.7 12.8 19.4 12.3  0.9  3.7 61.0 70.1  3.1165.2  6.3
  1.4  0.0  0.0  0.0  0.0  0.0  0.0  0.0  0.0  0.0  0.0  0.0  0.0  0.0  0.0
  0.0  0.0  0.0  2.3  0.3  2.3  0.6  0.3  0.0  0.0  0.0  0.0  0.0  0.3  0.6
  0.0  0.0  1.1  0.0  0.3  0.0  0.0  0.0  0.3  0.3  0.6  0.3  2.0  1.1  0.0
  5.4  0.3  0.3  6.0  1.7  0.6  2.6  4.0  0.0  0.0  0.0  0.0  0.0  0.0  0.0
  1.1  1.4  0.6  0.3  0.3  0.0  0.0 10.3  2.6  0.9  7.7 19.9  2.3  1.4  8.3
  0.9  1.7  1.1  0.6  0.3  1.1  0.0 41.6 15.7 15.1  1.7  4.0  6.3  4.3  0.0
     -6.66      4.19     -2.60     -3.58      1.42  0.6  0.0  0.9  0.0  0.0
                                     4000_story_3924_llm.txt 36.8  4.5 3235
  8.0  1.5  9.9 51.3  7.7  1.5  1.5  0.9  6.2 14.5  1.5  0.3  0.3  4.3  0.3
  0.9  0.6  5.6 16.4  1.5  2.5288.7 91.5 33.7 94.6 34.9  6.5  9.3  0.0  2.2
  0.6  3.1 25.0  7.7 13.0 30.6  7.4  2.5  4.0  2.2  2.8  0.6  3.4  4.9  0.0
  4.0  3.7  1.5  1.2  2.8 10.8 25.7  9.0  2.2  2.8 62.4 48.8  3.1162.3  5.9
  1.2  0.0  0.0  0.0  0.0  0.0  0.0  0.0  0.0  0.0  0.0  0.0  0.0  0.0  0.0
  0.0  0.0  0.0  0.6  0.3  1.2  0.3  0.0  0.0  0.0  0.0  0.0  0.0  0.0  0.0
  0.0  0.9  0.3  0.3  0.0  0.0  0.0  0.0  0.0  0.0  0.3  0.0  1.2  0.0  0.0
  2.5  0.0  0.0  2.5  1.5  0.0  1.5  1.5  0.0  0.0  0.0  0.0  0.0  0.0  0.0
  0.0  0.3  0.0  0.0  0.3  0.0  0.3  7.7  3.1  1.2 11.7 19.8  1.9  5.3 15.5
  7.1  1.5  1.2  2.8  0.6  0.6  0.6 38.9 17.0  7.7  1.2  5.9 10.8  6.8  0.0
     -4.85      1.90     -2.26     -2.16      0.54  0.3  0.3  0.0  0.0  0.0
                                     4000_story_3925_llm.txt 34.5  4.6 3995
  6.0  0.8  8.0 32.8  6.0  1.0  2.8  0.8 15.5 12.3  0.3  1.8  0.5  4.0  0.8
  0.8  0.3  4.5 16.5  0.0  2.5257.6100.4 39.3109.9 55.3 13.3  7.0  1.3  0.5
  0.3  3.0 25.5  8.3 12.5 35.3  4.3  1.3  0.8  1.0  1.3  1.3  3.5  9.3  0.5
  4.8  6.5  1.0  1.8  2.5  7.0 28.8 14.5  0.3  2.0 74.3 76.8  0.5160.7  6.8
  2.0  0.3  0.0  0.0  0.0  0.0  0.0  0.0  0.0  0.0  0.0  0.0  0.0  0.0  0.0
  0.0  0.0  0.0  0.8  0.5  0.8  0.8  0.0  0.3  0.0  0.0  0.0  0.0  0.3  0.0
  0.0  0.3  0.5  0.8  0.0  0.3  0.0  0.3  0.0  0.3  0.3  0.0  0.5  1.0  0.0
  2.8  0.3  0.3  3.3  1.5  0.5  2.3  1.8  0.0  0.0  0.0  0.0  0.0  0.0  0.0
  1.0  0.8  0.0  0.0  0.0  0.0  0.0  6.0  2.8  1.0 10.0 20.8  2.5  4.8  8.5
  3.5  1.5  0.0  2.0  0.3  1.5  0.0 32.8 11.0 11.3  1.5  6.8  9.0  6.3  0.0
     -7.24      4.19     -2.97     -4.51      1.89  0.3  0.5  0.0  0.0  0.0
                                     4000_story_3926_llm.txt 33.5  4.8 5997
 18.8  4.0  4.3 58.7 12.0  1.0  3.5  0.8 12.8 15.8  1.0  2.5  0.5  6.5  0.3
  1.5  0.7  5.2 13.7  0.7  1.7265.6 74.5 41.9 99.7 60.0 17.8 12.3  0.5  3.5
  0.7  1.8 40.4  5.8  9.2 32.7  8.2  4.8  3.0  1.8  2.8  2.8  3.3  5.2  1.5
  3.0  4.2  4.5  1.7  6.8 12.8 24.0  9.7  1.3  4.7 79.0 84.9  2.7175.3  3.8
  1.0  0.0  0.0  0.0  0.0  0.0  0.0  0.0  0.0  0.0  0.0  0.0  0.0  0.0  0.0
  0.0  0.0  0.0  2.2  1.8  3.2  1.3  0.0  0.0  0.0  0.0  0.0  0.3  0.0  0.3
  0.5  1.2  0.8  0.3  0.0  0.0  0.0  0.2  0.0  0.2  0.3  0.3  2.3  1.5  0.0
  8.5  0.0  0.3  8.8  3.2  0.2  3.5  4.5  0.0  0.0  0.0  0.0  0.0  0.0  0.0
  0.2  0.2  0.0  0.0  0.0  0.0  0.0  9.7  5.5  3.2 10.7 14.8  3.7  3.0  5.5
  2.0  0.8  1.5  1.3  0.5  0.7  0.0 23.3 22.0 27.3  2.0  6.7  9.8  6.0  0.0
     -1.21      5.94      0.88     -1.17      1.36  0.5  0.0  0.0  0.0  0.0
                                     4000_story_3927_llm.txt 35.8  4.5 3979
 13.6  2.3 18.6 47.2  9.0  0.5  2.0  0.3  9.0 11.6  0.8  0.5  0.3  4.0  0.0
  0.8  0.5  4.3 14.1  0.3  1.0283.2 86.0 30.4107.1 59.6 10.1  9.0  0.5  3.0
  0.5  1.8 16.8  7.0 12.6 21.6  3.8  4.8  1.0  2.8  1.3  0.5  2.5  7.5  0.3
  4.8  7.5  1.5  2.3  4.0 10.3 26.6 12.6  0.8  4.0 75.6 77.7  1.8170.1  4.0
  1.3  0.0  0.0  0.0  0.0  0.0  0.0  0.0  0.0  0.0  0.0  0.0  0.0  0.0  0.0
  0.0  0.0  0.0  1.3  0.0  1.5  0.8  0.0  0.0  0.0  0.0  0.0  0.0  0.0  0.0
  0.3  0.0  0.3  0.3  0.0  0.0  0.0  0.0  0.0  0.0  0.3  0.0  0.3  0.3  0.0
  3.5  0.0  0.0  3.5  0.8  0.0  0.8  0.8  0.0  0.0  0.0  0.0  0.0  0.0  0.0
  1.3  0.3  0.0  0.0  0.0  0.0  0.3  6.3  3.0  0.8 15.6 23.6  3.3  6.5  8.5
  0.5  2.0  0.3  1.3  0.5  0.5  0.5 36.4 15.3 16.1  2.8  4.8  7.0  6.3  0.0
     -7.08      4.05     -1.88     -3.09      0.82  0.5  0.0  0.0  0.0  0.0
                                     4000_story_3928_llm.txt 33.5  4.5 5738
 11.3  2.6 12.0 44.8 11.2  0.3  2.8  0.5  7.1 12.4  0.3  1.6  0.2  4.4  0.5
  0.2  0.9  5.8 14.6  0.5  2.3272.7 89.2 28.4110.7 52.8 12.7  7.8  0.5  1.9
  0.5  3.1 25.1  9.8 19.2 36.2  6.4  3.7  2.3  0.5  0.5  1.2  4.0  6.8  0.3
  3.3  5.8  1.2  3.3  4.7  9.9 25.6 10.5  1.4  3.0 64.0 71.1  2.8169.6  4.2
  1.0  0.2  0.0  0.0  0.0  0.0  0.0  0.0  0.0  0.0  0.0  0.0  0.0  0.0  0.0
  0.0  0.0  0.0  1.7  0.2  1.0  2.1  0.2  0.0  0.2  0.0  0.0  0.2  0.2  0.2
  0.2  0.7  0.9  0.9  0.2  0.0  0.0  0.0  0.2  0.0  0.5  0.2  0.5  1.6  0.0
  5.1  0.3  0.3  5.8  2.8  0.3  3.1  2.8  0.0  0.0  0.0  0.0  0.0  0.0  0.0
  1.0  0.2  0.0  0.0  0.0  0.0  0.2  6.3  3.1  1.9  7.5 19.9  2.4  4.5  6.8
  3.0  1.9  0.3  1.2  1.0  0.3  0.2 37.6 13.9 14.1  2.6  4.9  9.4  4.5  0.0
     -4.15      4.16     -4.87     -4.03      1.24  0.5  0.0  0.2  0.0  0.0
                                     4000_story_3929_llm.txt 35.0  4.8 2118
 14.2  5.2  2.8 43.0  3.8  0.0  3.8  0.9  2.8 26.0  1.9  2.8  0.5  5.7  1.4
  0.9  0.0  8.0 10.4  0.0  0.9258.7 70.8 41.1110.5 58.1 15.6 12.3  0.5  1.9
  1.4  2.8 41.1  9.4  8.5 36.4  6.6  2.4  1.9  2.4  0.5  1.9  6.1  4.7  0.0
  4.2  9.0  2.8  2.4  5.7 10.9 27.4  9.0  0.0  3.8 73.2 64.7  1.9173.7  9.9
  2.4  0.0  0.0  0.0  0.0  0.0  0.0  0.0  0.0  0.0  0.0  0.0  0.0  0.0  0.0
  0.0  0.0  0.0  2.4  0.9  3.8  2.8  0.0  0.0  0.0  0.0  0.0  0.0  0.0  0.5
  0.5  0.5  1.4  1.4  0.0  0.0  0.0  0.0  0.0  0.0  0.5  0.0  0.9  3.3  0.0
  9.9  0.0  0.0  9.9  4.2  0.0  4.2  4.7  0.0  0.0  0.0  0.0  0.0  0.0  0.0
  0.0  0.0  0.0  0.0  0.0  0.0  0.0 16.5  4.7  1.4 15.1 35.9  3.8  2.8 10.9
  5.2  1.4  0.9  2.8  0.0  0.5  0.0 34.9 18.4 17.9  1.9  6.6  9.9  6.6  0.0
     -2.77      5.76      0.12     -3.38      2.30  0.5  0.0  0.0  0.0  0.0
                                     4000_story_3930_llm.txt 34.3  4.3 6642
 12.6  8.4 42.0 61.3 10.4  1.7  3.6  1.4 34.5 16.9  2.0  1.4  0.2  4.2  0.5
  1.1  0.5  7.7 22.0  1.2  2.7263.6 84.3 27.7 92.7 49.4 12.2 14.6  0.9  0.8
  0.2  1.4 24.2  5.9  9.9 33.0  8.1  6.8  2.3  5.3  2.0  0.8  4.7  7.7  0.5
  1.7  7.8  1.5  2.0  4.4 16.4 37.8  9.8  1.7  1.8 57.4 94.2  3.9166.4  2.0
  2.6  0.0  0.0  0.0  0.0  0.0  0.0  0.0  0.0  0.0  0.0  0.0  0.0  0.0  0.0
  0.0  0.0  0.0  7.4  0.2  1.5  2.1  0.0  0.0  0.2  0.0  0.0  0.0  0.0  0.2
  0.5  0.5  0.8  0.9  0.2  0.3  0.0  0.2  0.0  0.2  1.7  0.0  3.9  0.3  0.0
 11.1  0.2  0.0 11.3  2.7  0.6  3.5  5.9  0.0  0.0  0.0  0.0  0.0  0.0  0.0
  0.3  0.9  0.0  0.0  0.2  0.0  0.2 12.6  3.0  2.1  8.7 16.3  1.8  4.8  8.1
  3.0  1.4  0.9  4.1  0.6  1.1  0.5 32.2 21.5 20.5  2.3  3.8  9.3  4.5  0.0
      5.21      4.57     -2.27     -0.64      1.34  0.0  0.0  0.0  0.0  0.0
                                     4000_story_3934_llm.txt 33.0  4.2 4287
 13.3  4.7  0.2 79.1 18.0  1.4  4.2  3.7 39.7 14.0  1.6  0.2  0.0  5.6  0.5
  5.8  0.5  6.5 27.5  0.9  1.2214.4 79.3 39.0 76.7 52.3  7.9 18.4  0.2  1.2
  0.0  1.9 21.7  7.7  6.3 32.4 10.3 12.1  2.6  3.0  5.4  2.6  4.7  6.3  0.5
  1.4  7.9  3.3  2.1 10.3 24.0 40.6  8.2  1.4  1.4 68.8109.9  5.1166.8  7.2
  1.2  0.7  0.0  0.0  0.0  0.0  0.0  0.0  0.0  0.0  0.0  0.0  0.0  0.0  0.0
  0.0  0.0  0.0  3.0  0.9  3.5  1.6  0.9  0.0  0.0  0.0  0.2  0.0  0.0  0.2
  0.5  1.6  0.9  0.5  0.0  0.2  0.7  0.0  0.0  0.2  0.0  0.2  7.9  0.5  0.0
  9.1  0.9  0.2 10.3  3.7  0.9  4.9  8.6  0.0  0.0  0.0  0.0  0.0  0.0  0.0
  0.2  0.5  0.0  0.0  0.0  0.0  0.0 15.2  2.8  1.6  7.9 12.1  1.6  6.1  6.5
  1.9  7.2  1.4  2.3  2.6  0.7  0.2 34.3 27.1 22.2  1.2  5.1  6.3  4.7  0.0
      6.73      4.06     -2.00      2.07      1.05  0.5  0.5  0.2  0.0  0.0
                                     4000_story_3936_llm.txt 32.8  4.4 3174
 14.5  4.7  0.0 67.7 10.4  0.6  1.3  1.9 22.7 10.1  1.3  2.2  0.0  6.0  0.0
  1.9  0.9  5.0 16.1  0.6  0.9233.5 92.3 29.9 95.5 65.8 10.7 18.3  0.0  3.2
  0.6  0.3 18.0  6.0 13.2 35.3  5.7  6.6  2.8  1.6  2.8  1.9  3.5  9.5  0.0
  1.6  6.3  2.5  1.9 12.6 14.5 26.5 11.0  1.6  3.8 65.5 98.9  1.6177.1  4.7
  0.9  0.0  0.0  0.0  0.0  0.0  0.0  0.0  0.0  0.0  0.0  0.0  0.0  0.0  0.0
  0.0  0.0  0.0  2.8  0.6  3.8  0.9  0.3  0.0  0.0  0.0  0.0  0.0  0.0  0.3
  0.3  0.3  0.9  0.0  0.0  0.3  0.3  0.3  0.0  0.6  0.3  0.3  2.2  0.6  0.0
  8.2  0.3  0.0  8.5  1.9  0.9  3.5  3.5  0.0  0.0  0.0  0.0  0.0  0.0  0.0
  0.0  0.6  0.0  0.0  0.0  0.0  0.0  9.1  1.9  1.3  6.3 23.3  5.0  3.5  9.1
  2.5  2.8  2.5  1.3  0.0  0.0  0.3 32.1 26.1 19.2  0.9  6.3 11.7  3.8  0.0
     -0.44      5.78     -3.12     -1.29      0.48  0.0  0.3  0.0  0.0  0.0
                                     4000_story_3937_llm.txt 35.3  4.7 1895
 13.2  5.8  0.5 66.0 21.6  0.5  2.6  3.2 16.9 10.6  0.5  1.1  0.0  5.3  0.5
  2.6  0.5  7.4 14.8  1.1  0.5261.2 76.0 31.1 84.4 54.4 12.7 11.6  1.1  8.4
  0.0  0.5 41.2  5.3  2.6 32.2 13.7  6.9  3.2  2.1  2.6  4.7  3.2  7.4  3.2
  2.1  6.9  4.2  2.6  7.4 16.9 25.3 12.7  1.6  9.5 62.3 92.9  8.4167.8  4.2
  3.2  0.0  0.0  0.0  0.0  0.0  0.0  0.0  0.0  0.0  0.0  0.0  0.0  0.0  0.0
  0.0  0.0  0.0  3.7  3.7  2.6  1.1  0.0  0.0  0.0  0.0  0.0  0.0  0.0  0.0
  0.0  1.6  1.1  0.0  0.0  0.0  0.0  0.0  0.0  1.6  0.0  0.0  4.7  0.0  0.0
 11.1  0.0  0.0 11.1  2.6  0.0  4.2  4.7  0.0  0.0  0.0  0.0  0.0  0.0  0.0
  0.5  0.0  0.0  0.0  0.0  0.0  0.0 15.3  2.6  1.1 10.0 16.9  2.1  4.2  1.1
  1.6  0.5  3.7  0.5  0.5  0.5  0.5 26.9 21.6 19.0  3.2  3.2 13.2  4.7  0.0
     -0.54      4.05      4.76      0.17      2.59  0.5  0.0  0.0  0.0  0.0
                                     4000_story_3938_llm.txt 30.3  4.2 2061
  8.7  1.5  0.0 70.4 15.5  0.0  0.5  1.5 24.3 25.7  1.9  0.5  0.5  1.5  0.0
  1.5  1.0  3.9 29.6  0.5  0.5244.1 99.0 32.0 83.9 51.4 10.2 11.6  0.5  1.0
  1.0  1.0  9.7  3.4 14.1 27.7  2.9  9.2  1.0  1.9  2.9  1.5  1.5  6.3  0.0
  2.4  7.8  1.9  1.9 11.2 16.0 40.8  8.7  1.5  2.4 66.5 91.2  1.0162.5  1.9
  2.4  0.0  0.0  0.0  0.0  0.0  0.0  0.0  0.0  0.0  0.0  0.0  0.0  0.0  0.0
  0.0  0.0  0.0  1.5  1.0  1.5  1.0  0.0  0.0  0.0  0.0  0.0  0.0  0.0  1.0
  0.0  0.0  0.0  0.0  0.0  0.0  0.0  0.5  0.0  1.0  0.0  0.0  1.5  0.0  0.0
  4.9  0.0  0.0  4.9  1.0  0.5  2.4  1.5  0.0  0.0  0.0  0.0  0.0  0.0  0.0
  0.0  0.5  0.0  0.0  0.0  0.0  0.0  7.3  1.0  0.5  5.8 27.2  0.0  1.0  4.4
  0.5  1.9  2.4  8.7  0.5  1.0  0.0 28.6 28.1 14.6  0.0  9.2  6.3  4.4  0.0
     -0.72      3.44     -3.02     -1.25     -0.98  0.0  0.0  0.0  0.0  0.0
                                     4000_story_3940_llm.txt 34.0  4.6 4049
  9.9  3.7  0.2 70.1  7.7  0.5  4.7  2.0 24.5 10.1  2.0  1.0  0.2  8.2  0.2
  3.7  0.5  4.7 13.6  0.2  0.7239.3 83.2 47.9 81.5 38.5 14.1 19.3  0.2  2.2
  0.7  0.7 40.5  6.7  6.7 33.3 10.4  4.0  2.2  2.2  3.2  6.2  4.0  6.9  0.7
  4.2  5.2  2.5  3.0  9.1 11.9 22.7 11.9  0.7  3.2 79.3 70.6  3.0167.7  5.7
  1.0  0.0  0.0  0.0  0.0  0.0  0.0  0.0  0.0  0.0  0.0  0.0  0.0  0.0  0.0
  0.0  0.0  0.0  2.5  2.0  1.7  2.2  0.2  0.0  0.0  0.0  0.0  0.0  0.0  0.0
  0.5  1.2  1.5  0.5  0.0  0.2  0.2  0.0  0.0  1.0  0.2  0.0  5.2  0.2  0.0
  8.4  0.2  0.0  8.6  3.7  0.5  5.2  5.7  0.0  0.0  0.0  0.0  0.0  0.0  0.0
  0.2  0.2  0.0  0.0  0.0  0.0  0.2  9.6  4.0  1.7  7.9 15.1  3.0  5.7  5.9
  1.2  3.5  0.7  1.5  1.5  0.7  2.7 28.6 26.9 16.5  1.7  7.7  6.2  4.2  0.0
     -2.31      4.94      0.23      0.06      1.82  0.5  0.0  0.0  0.0  0.0
                                     4000_story_3942_llm.txt 37.5  4.3 2180
 19.7  6.9  0.5 49.1 13.3  0.9  2.8  1.4 57.3 11.5  0.5  1.8  0.0  7.3  0.9
  1.4  1.4  5.0 13.8  0.5  0.9214.7 84.4 27.1113.3 74.8 11.9  8.3  1.4  2.3
  0.9  1.4 36.7  8.3  9.2 34.4  9.6  1.8  3.7  0.9  1.4  2.3  5.0  5.0  0.9
  1.4  6.4  3.2  4.1  6.9  8.3 24.3  7.3  1.8  4.6 59.6145.4  4.1173.4  6.0
  1.8  0.0  0.0  0.0  0.0  0.0  0.0  0.0  0.0  0.0  0.0  0.0  0.0  0.0  0.0
  0.0  0.0  0.0  3.2  1.8  3.7  3.2  0.0  0.0  0.0  0.0  0.0  0.0  0.0  0.5
  0.5  1.4  1.8  1.4  0.0  0.0  0.0  0.0  0.0  0.9  0.5  0.0  2.3  2.3  0.0
 11.9  0.0  0.0 11.9  5.5  0.0  6.4  5.0  0.0  0.0  0.0  0.0  0.0  0.0  0.0
  0.5  0.0  0.0  0.0  0.0  0.0  0.0  9.6  3.2  2.3 10.1 16.5  2.8  5.5  2.8
  3.7  0.9  0.5  1.4  0.0  0.5  0.5 31.7 19.3 28.4  1.4  9.2 11.0  4.1  0.0
      4.08      5.15     -0.19     -2.99      1.44  0.0  0.0  0.0  0.0  0.0
                                     4000_story_3944_llm.txt 34.8  4.4 6527
  7.4  1.2  0.0 42.1  5.8  0.3  2.6  0.6 11.6 11.8  0.8  2.1  0.0  1.4  0.0
  0.5  1.2  2.9 24.4  0.3  0.9275.6107.1 36.6 95.4 57.3 10.4  7.8  1.1  3.8
  1.2  2.9 27.1  6.6  7.8 22.7  4.6  5.2  2.8  2.3  1.7  1.4  1.5 10.3  1.1
  4.7  6.4  2.5  0.9  5.1  9.8 38.1 16.1  1.5  6.1 62.2 74.8  1.8150.9  2.5
  1.5  0.2  0.0  0.0  0.0  0.0  0.0  0.0  0.0  0.0  0.0  0.0  0.0  0.0  0.0
  0.0  0.0  0.0  2.0  0.5  1.1  0.8  0.2  0.0  0.0  0.0  0.0  0.0  0.0  0.5
  0.2  0.3  0.0  0.6  0.0  0.0  0.2  0.0  0.0  0.2  0.2  0.0  0.6  0.5  0.0
  4.3  0.2  0.0  4.4  1.5  0.2  1.8  1.2  0.0  0.0  0.0  0.0  0.0  0.0  0.0
  0.2  0.2  0.2  0.0  0.0  0.0  0.3 11.2  0.6  0.3  5.5 18.2  2.5  3.2  5.5
  0.9  3.2  3.5  3.5  0.5  0.8  0.3 31.1 14.7 11.6  1.8  7.5  7.7  4.9  0.0
     -7.33      3.41      2.13     -2.08      1.24  0.2  0.0  0.2  0.0  0.0
                                     4000_story_3945_llm.txt 32.3  4.2 4004
 13.7  3.2  3.7 50.7 14.2  1.7  2.5  1.0 11.5 10.2  1.0  0.7  0.2  5.7  0.5
  1.2  1.2 10.0 24.7  0.7  2.0215.0 81.9 29.5113.9 74.7 10.5 10.7  0.0  1.7
  0.2  4.2 12.0 10.2 15.7 35.7  6.5  5.0  2.5  1.5  1.7  2.2  3.5  9.0  0.5
  2.0  7.7  2.5  2.7  8.7 16.7 39.0 11.5  2.0  2.0 64.2100.4  2.0176.3  4.5
  2.5  0.0  0.0  0.0  0.0  0.0  0.0  0.0  0.0  0.0  0.0  0.0  0.0  0.0  0.0
  0.0  0.0  0.0  1.2  1.2  2.5  1.5  0.0  0.0  0.2  0.0  0.0  0.0  0.0  0.0
  0.5  0.5  0.2  0.5  0.0  0.5  0.0  0.2  0.0  0.0  0.0  0.0  2.2  0.5  0.0
  6.5  0.2  0.0  6.7  1.7  0.7  2.5  2.7  0.0  0.0  0.0  0.0  0.0  0.0  0.0
  0.0  0.2  0.0  0.0  0.0  0.0  0.2  2.5  1.2  0.5  4.7 14.0  1.0  5.7  3.7
  1.7  1.7  2.2  1.2  0.0  0.2  0.0 38.5 18.7 21.5  0.7 10.5 11.5  4.0  0.0
      3.84      5.34     -5.10     -2.20      0.95  0.0  0.0  0.0  0.0  0.0
                                     4000_story_3947_llm.txt 33.8  4.3 5273
 16.9  4.2  9.3 65.6 16.1  0.6  7.2  0.8 45.7 17.1  0.9  1.1  0.4  6.1  0.4
  1.3  1.9  8.9 12.5  1.5  0.6223.6 72.6 26.4 96.5 57.8 24.5 11.4  0.8  3.6
  0.6  0.6 32.6  6.3  4.4 37.9 10.8  4.0  1.5  2.7  3.0  2.3  3.4  4.9  0.9
  1.9  5.5  3.8  3.0  4.4 15.9 22.4  7.8  3.4  4.9 49.1119.7  3.6173.5  6.8
  1.5  0.6  0.0  0.0  0.0  0.0  0.0  0.0  0.0  0.0  0.0  0.0  0.0  0.0  0.0
  0.0  0.0  0.0  2.3  2.3  3.2  1.3  0.2  0.4  0.0  0.0  0.0  0.0  0.2  1.3
  0.8  1.9  1.5  0.6  0.0  0.4  0.0  0.0  0.2  0.6  0.2  0.4  3.8  1.9  0.0
  9.1  0.6  0.2  9.9  6.1  0.6  7.2  6.3  0.0  0.0  0.0  0.0  0.0  0.0  0.0
  0.4  0.2  0.2  0.0  0.0  0.2  0.2 10.2  4.4  2.8  9.7 15.6  3.4  7.0  4.2
  2.7  1.3  2.3  0.4  1.1  1.1  0.6 33.0 19.7 26.0  2.8  2.3 11.2  6.6  0.0
      6.99      6.83      0.99     -1.61      0.60  0.8  0.2  0.0  0.0  0.0
                                     4000_story_3948_llm.txt 35.8  4.7 5940
 14.3  3.5 13.0 65.8 19.7  1.5  5.7  2.9 23.7 10.9  0.7  0.3  0.3  5.2  0.3
  3.2  1.7  4.5  8.1  0.8  1.5277.8 81.3 30.6 81.1 43.3 17.8  7.7  2.2  3.4
  0.7  1.5 38.9  8.6  3.4 40.4  6.4  7.4  2.2  2.4  2.9  3.4  7.6  6.7  0.5
  4.0  3.7  2.2  2.5  5.6 14.8 16.0 11.3  2.5  6.2 57.6 86.7  2.2159.9  6.7
  1.0  0.2  0.0  0.0  0.0  0.0  0.0  0.0  0.0  0.0  0.0  0.0  0.0  0.0  0.0
  0.0  0.0  0.0  1.9  1.3  1.5  2.9  0.2  0.0  0.0  0.0  0.2  0.0  0.2  0.2
  0.2  2.0  0.7  0.7  0.0  0.0  0.0  0.0  0.0  0.5  0.3  0.3  4.0  1.3  0.0
  7.6  0.2  0.3  8.1  3.7  0.0  4.2  6.1  0.0  0.0  0.0  0.0  0.0  0.0  0.0
  0.2  0.0  0.0  0.0  0.0  0.2  0.0  9.3  5.4  2.4 12.5 14.6  4.9  6.7  7.1
  1.0  2.7  1.5  0.0  1.0  0.8  1.5 25.9 18.4 22.1  1.7  5.6 10.1  5.1  0.0
     -0.27      3.73      2.08     -0.35      3.82  0.3  0.0  0.0  0.0  0.0
                                     4000_story_3957_llm.txt 33.8  4.5 6080
 16.8  7.1  9.9 75.2 19.7  1.0  3.6  2.8 43.8 17.9  0.8  0.7  0.3  6.4  0.3
  1.3  2.0  5.8  8.9  1.0  2.0250.0 80.9 37.7 85.4 41.1 15.8 11.2  2.0  4.1
  0.5  1.3 27.6  5.8  4.8 31.4  9.2  5.6  1.0  3.5  2.1  2.8  2.5  4.9  0.8
  3.3  6.1  5.3  3.8  4.6 13.5 20.4  9.0  3.0  6.6 61.5104.6  4.1176.2  7.6
  0.5  0.2  0.0  0.0  0.0  0.0  0.0  0.0  0.0  0.0  0.0  0.0  0.0  0.0  0.0
  0.0  0.0  0.0  5.6  0.7  3.1  3.9  0.2  0.0  0.3  0.0  0.0  0.0  0.2  0.3
  0.0  1.5  1.3  1.5  0.2  0.0  0.0  0.3  0.0  1.0  0.5  0.0  3.6  0.7  0.0
 13.3  0.5  0.2 14.0  4.6  0.5  6.1  4.8  0.0  0.0  0.0  0.0  0.0  0.0  0.0
  1.0  1.5  0.5  0.0  0.0  0.0  0.3 10.9  4.1  3.0  9.9 18.8  2.5  4.9  3.8
  2.0  2.1  1.5  0.7  1.6  1.3  0.8 32.2 19.6 23.0  2.1  4.8 13.0  5.8  0.0
      4.30      4.02      2.21     -1.25      0.36  1.0  0.2  0.0  0.3  0.0
                                     4000_story_3958_llm.txt 34.0  4.5 6802
 14.0  4.4 15.4 69.7 15.9  2.2  5.9  1.8 25.9 14.3  1.3  1.3  0.6  6.3  0.0
  1.3  1.5  8.4 12.2  1.2  1.0260.4 81.7 36.3 90.0 57.2 16.2 12.3  1.2  3.2
  0.6  1.0 37.2  4.6  7.4 28.8  8.4  6.5  2.8  2.8  2.4  2.8  2.6  7.1  1.3
  4.1  5.1  3.4  2.5  6.9 17.2 22.5 12.5  2.6  5.0 65.1 98.9  2.8173.6  6.0
  1.6  0.1  0.0  0.0  0.0  0.0  0.0  0.0  0.0  0.0  0.0  0.0  0.0  0.0  0.0
  0.0  0.0  0.0  2.6  1.0  3.2  1.5  0.1  0.1  0.0  0.0  0.0  0.0  0.3  0.7
  0.4  1.9  1.6  0.6  0.0  0.1  0.1  0.0  0.1  0.4  0.3  0.0  2.2  0.6  0.0
  8.4  0.3  0.3  9.0  5.3  0.4  6.2  3.1  0.0  0.0  0.0  0.0  0.0  0.0  0.0
  0.4  0.9  0.1  0.0  0.0  0.0  0.0 14.4  3.5  2.4 10.6 14.4  1.0  5.0  7.8
  1.2  1.0  4.4  1.3  1.0  1.6  0.1 37.8 20.9 22.5  1.6  5.7  9.9  4.6  0.0
      3.15      5.17      1.68     -0.66      1.44  0.7  0.1  0.1  0.0  0.0
                                     4000_story_3972_llm.txt 34.8  4.8 2897
 12.8  1.0  6.9 33.1  9.3  1.0  3.5  0.3  5.2  8.3  0.7  1.0  0.3  2.8  0.7
  0.3  0.0  3.8 14.2  0.3  1.0309.3 91.8 41.8100.8 58.3 18.6  5.5  2.4  3.5
  1.0  1.0 54.5  8.3  4.8 30.7  7.2  2.1  2.8  0.7  1.4  2.1  3.8  7.6  0.7
  4.5  3.8  3.8  4.1  4.8  7.2 20.7 12.8  0.3  6.9 71.8 72.8  1.0153.6  3.8
  0.7  0.3  0.0  0.0  0.0  0.0  0.0  0.0  0.0  0.0  0.0  0.0  0.0  0.0  0.0
  0.0  0.0  0.0  0.7  1.4  2.4  1.4  0.7  0.0  0.0  0.0  0.0  0.3  0.0  0.3
  0.0  1.4  0.7  0.3  0.0  0.3  0.3  0.0  0.0  1.0  0.3  0.0  3.5  0.7  0.0
  5.9  0.7  0.3  6.9  2.8  0.7  4.5  4.5  0.0  0.0  0.0  0.0  0.0  0.0  0.0
  1.0  0.3  0.0  0.0  0.0  0.0  0.3 11.4  3.1  3.8 13.1 17.9  2.4  2.4  6.6
  1.0  1.7  0.7  0.3  0.3  1.0  1.0 29.3 12.8 20.4  2.8  2.4 10.4  4.1  0.0
    -11.78      4.79      3.70     -3.42      1.88  0.3  0.0  0.0  0.3  0.0
                                     4000_story_3973_llm.txt 36.0  4.6 4396
 14.1  5.5 16.6 56.4 15.5  0.7  4.1  1.1 25.0 16.6  1.4  1.4  0.7  4.8  0.2
  0.5  0.7  4.5 11.8  1.4  2.3260.7 93.5 30.9102.1 50.7 21.6 10.0  1.1  3.6
  0.7  1.8 35.9  7.3 10.0 33.4  7.7  5.0  1.1  1.1  1.4  1.6  4.1  4.3  0.5
  3.4  5.5  3.0  2.0  6.8 10.9 21.6  8.2  2.0  5.5 59.8 91.2  3.4176.1  8.6
  1.8  0.2  0.0  0.0  0.0  0.0  0.0  0.0  0.0  0.0  0.0  0.0  0.0  0.0  0.0
  0.0  0.0  0.0  3.2  0.9  3.0  1.8  0.2  0.2  0.0  0.0  0.2  0.0  0.0  0.2
  0.2  0.7  1.6  0.5  0.5  0.2  0.2  0.0  0.0  0.2  0.2  0.2  1.1  0.9  0.0
  8.9  0.5  0.2  9.6  3.2  0.9  4.3  2.5  0.0  0.0  0.0  0.0  0.0  0.0  0.0
  1.6  0.7  0.0  0.0  0.0  0.0  0.0 11.4  4.8  3.0 10.0 24.8  2.3  4.1  5.0
  3.2  0.7  1.8  0.0  0.5  0.5  0.0 28.9 18.7 21.2  2.0  7.7 11.8  7.3  0.0
     -0.86      5.90      0.33     -3.24      1.04  1.1  0.0  0.0  0.2  0.0
                                     4000_story_3975_llm.txt 33.0  4.6 7020
 13.4  3.6  9.3 62.0 16.8  1.9  4.8  1.4 25.1 14.5  1.4  0.6  0.1  5.1  0.7
  2.0  1.6  5.0 11.7  0.6  0.6278.9 81.6 31.2 91.9 45.4 16.0 10.8  1.0  4.7
  0.7  1.3 33.8  7.0  4.4 27.2  7.5  5.8  2.8  1.4  2.6  2.0  2.4  6.0  1.7
  4.4  3.0  2.4  2.6  5.6 13.4 17.9 12.1  2.1  6.4 58.0 87.3  4.1166.0  4.8
  0.6  0.0  0.0  0.0  0.0  0.0  0.0  0.0  0.0  0.0  0.0  0.0  0.0  0.0  0.0
  0.0  0.0  0.0  1.6  1.6  1.9  2.0  0.1  0.0  0.0  0.0  0.0  0.0  0.0  0.1
  0.3  1.0  0.6  0.9  0.0  1.0  0.0  0.0  0.0  0.9  0.4  0.1  2.7  1.4  0.0
  7.0  0.1  0.0  7.1  2.8  1.0  4.7  4.7  0.0  0.0  0.0  0.0  0.0  0.0  0.0
  0.4  0.3  0.0  0.0  0.0  0.0  0.3 12.4  5.8  3.0 12.5 15.1  5.3  4.8  6.1
  4.0  1.3  0.6  1.1  0.7  0.7  0.4 31.3 21.8 18.7  2.8  4.4 10.7  5.1  0.0
     -0.58      4.39      2.54     -1.63      1.53  0.6  0.1  0.4  0.1  0.0
                                     4000_story_3976_llm.txt 37.0  4.4 6846
 17.4  7.7  8.8 81.1 30.8  1.8  5.8  2.6 50.2 12.3  1.6  1.0  0.0  7.6  0.1
  0.6  2.3  7.2  7.4  0.9  1.8237.2 65.9 29.2101.7 49.1 15.8 17.5  0.7  2.9
  0.1  0.7 31.0  8.9  8.0 35.5  8.9  6.9  2.3  1.6  2.5  3.9  2.6  5.8  1.2
  2.8  4.2  4.2  1.6  5.8 16.5 15.0  9.8  3.2  3.8 57.7130.1  3.9193.4  8.9
  0.4  0.0  0.0  0.0  0.0  0.0  0.0  0.0  0.0  0.0  0.0  0.0  0.0  0.0  0.0
  0.0  0.0  0.0  4.4  1.3  3.8  3.5  0.4  0.0  0.0  0.0  0.0  0.0  0.3  0.4
  0.4  1.3  0.7  1.5  0.0  0.4  0.1  0.0  0.1  0.7  0.1  0.0  5.0  2.3  0.0
 13.0  0.4  0.3 13.7  4.4  0.7  5.8  7.4  0.0  0.0  0.0  0.0  0.0  0.0  0.0
  0.3  0.3  0.0  0.0  0.0  0.0  0.1  9.3  4.1  2.5  9.6 12.0  1.8  5.4  1.8
  1.0  1.5  2.0  0.9  1.0  1.0  0.4 31.1 27.8 26.0  1.2  4.2 13.6  4.5  0.0
      7.91      6.08     -1.51     -0.73      0.70  0.4  0.1  0.6  0.3  0.0
                                     4000_story_3977_llm.txt 33.0  4.5 4823
 13.1  2.1  6.4 61.6 16.0  0.4  2.5  1.5 19.5 16.4  0.6  0.2  0.6  4.4  0.0
  0.8  0.8  4.6 12.0  0.2  1.5283.8 87.5 29.4 89.8 56.8 13.3  9.7  2.5  3.1
  1.7  1.9 37.3  5.8  7.7 29.6  7.0  7.9  2.3  2.7  1.0  2.1  2.3  4.1  0.8
  4.1  3.7  1.5  1.0  5.0 13.5 20.5  9.1  1.0  7.3 54.5 92.3  4.8165.9  5.8
  0.6  0.4  0.0  0.0  0.0  0.0  0.0  0.0  0.0  0.0  0.0  0.0  0.0  0.0  0.0
  0.0  0.0  0.0  1.2  1.5  2.1  1.5  0.2  0.0  0.0  0.2  0.0  0.2  0.0  0.4
  0.2  2.1  1.0  0.8  0.2  0.2  0.0  0.0  0.0  1.0  0.0  0.0  1.7  2.5  0.0
  6.2  0.2  0.4  6.8  4.6  0.4  6.0  4.1  0.0  0.0  0.0  0.0  0.0  0.0  0.0
  0.4  0.6  0.0  0.0  0.0  0.2  0.0  9.3  4.8  2.7 10.6 20.3  1.7  3.1  8.7
  1.2  2.3  1.9  0.8  0.4  0.6  0.4 34.8 18.9 17.4  1.0  3.9 10.0  5.2  0.0
     -5.07      4.11      3.18     -1.45      0.40  1.5  0.2  0.0  0.0  0.0
                                     4000_story_3984_llm.txt 34.3  4.7 5309
 11.5  2.6  4.0 52.6 12.4  0.6  2.4  3.0 16.4 15.8  0.9  0.2  0.2  6.2  0.2
  1.7  0.6  6.2  9.8  0.4  2.1256.0 95.1 47.3 91.4 49.9 19.4 10.5  3.2  7.3
  1.7  2.1 32.4  4.3  5.5 35.6  9.8  2.6  0.8  2.3  0.8  3.4  4.0  7.3  2.1
  2.3  3.4  3.4  3.2  5.1  9.6 17.7 11.7  0.9 12.2 77.8 78.7  2.1159.2  6.2
  0.6  0.2  0.0  0.0  0.0  0.0  0.0  0.0  0.0  0.0  0.0  0.0  0.0  0.0  0.0
  0.0  0.0  0.0  2.4  1.1  2.6  2.4  0.2  0.0  0.0  0.0  0.0  0.4  0.4  0.2
  0.6  1.7  0.9  1.1  0.2  0.6  0.0  0.0  0.0  0.8  0.2  0.4  2.6  0.6  0.0
  8.7  0.2  0.8  9.6  4.5  0.8  6.0  3.8  0.0  0.0  0.0  0.0  0.0  0.0  0.0
  0.6  0.4  0.0  0.0  0.2  0.2  0.4  8.9  6.4  3.2 10.7 15.1  2.1  4.1  6.6
  2.6  2.4  2.4  0.2  1.5  1.3  1.3 33.3 21.1 19.4  1.9  4.1 10.0  4.9  0.0
     -5.17      5.18      6.22     -2.99      2.28  0.4  0.2  0.4  0.2  0.0
                                     4000_story_3985_llm.txt 36.8  4.7 4970
 10.1  2.8  9.5 65.4 17.9  1.0  3.2  2.6 22.1 11.3  2.4  0.2  0.0  4.8  0.2
  1.2  0.2  6.2 12.5  0.8  1.6298.0 94.2 40.2 75.9 38.8 11.3  8.7  0.8  3.4
  0.0  0.8 49.7  4.6  5.6 29.0  5.0  9.7  1.0  2.4  2.6  3.2  1.6  6.8  0.0
  3.6  4.2  1.8  1.8  4.4 18.5 20.1 10.5  1.0  4.2 64.6 78.9  4.0149.5  3.6
  0.6  0.2  0.0  0.0  0.0  0.0  0.0  0.0  0.0  0.0  0.0  0.0  0.0  0.0  0.0
  0.0  0.0  0.0  2.0  0.6  1.0  1.6  0.2  0.0  0.4  0.0  0.0  0.2  0.0  0.2
  0.4  1.0  0.8  0.2  0.2  0.0  0.0  0.2  0.0  0.6  0.0  0.2  2.0  0.4  0.0
  5.2  0.6  0.2  6.0  2.6  0.4  3.6  2.6  0.0  0.0  0.0  0.0  0.0  0.0  0.0
  0.4  0.6  0.0  0.0  0.0  0.0  0.0 16.1  5.8  1.4 11.9 20.7  3.2  6.0  6.0
  3.0  2.2  1.2  0.6  1.0  0.8  2.2 29.6 16.5 16.1  2.0  4.8  8.2  5.0  0.0
     -5.83      2.26      2.28     -0.35     -0.42  0.2  0.4  0.0  0.0  0.0
                                     4000_story_3992_llm.txt 36.0  4.4 5063
 13.6  3.8 19.2 69.3 20.3  2.6  4.5  1.4 23.3 19.8  1.8  1.0  0.2  5.5  1.0
  0.8  1.0  8.3 11.5  1.4  2.6242.5 84.3 30.6 93.4 64.0 17.2  9.1  1.6  2.8
  0.6  1.4 31.4  8.9 10.9 39.1  7.1 10.9  1.6  3.0  2.0  4.0  4.7  4.5  0.4
  2.6  4.3  2.2  3.0  4.7 21.1 21.1  7.5  2.4  4.9 60.8107.6  3.8174.0  7.5
  0.4  0.2  0.0  0.0  0.0  0.0  0.0  0.0  0.0  0.0  0.0  0.0  0.0  0.0  0.0
  0.0  0.0  0.0  1.8  0.8  1.8  2.0  0.2  0.0  0.0  0.0  0.0  0.0  0.0  0.6
  0.0  1.2  1.0  0.4  0.0  0.0  0.0  0.0  0.0  0.0  0.4  0.2  2.6  2.2  0.0
  6.3  0.2  0.0  6.5  3.2  0.0  3.2  5.3  0.0  0.0  0.0  0.0  0.0  0.0  0.0
  0.6  0.6  0.0  0.0  0.0  0.0  0.6 10.5  3.8  1.0  8.1 14.8  2.2  6.1  5.9
  0.4  2.2  1.0  0.8  0.4  0.4  1.0 35.0 17.4 25.3  2.4  4.0 14.8  7.1  0.0
      4.29      5.18     -1.44      0.36      1.16  2.0  0.0  0.0  0.2  0.0
                                     4000_story_3996_llm.txt 38.0  4.4 7571
 18.0  7.1 13.9 70.3 27.9  2.1  5.5  1.6 30.4 19.2  1.1  2.2  0.8  6.5  0.7
  1.7  1.8  6.6 11.1  1.7  1.5220.8 67.6 31.0104.2 61.4 16.1 13.1  0.9  3.3
  0.4  2.5 28.9  5.7  6.1 37.6  9.1  5.5  2.6  2.5  2.1  2.1  4.1  4.5  0.7
  3.2  4.8  2.9  3.3  7.8 14.3 23.1  8.3  3.6  4.6 64.9119.7  4.4187.6  9.1
  0.7  0.0  0.0  0.0  0.0  0.0  0.0  0.0  0.0  0.0  0.0  0.0  0.0  0.0  0.0
  0.0  0.0  0.0  4.4  0.9  3.3  3.4  0.0  0.0  0.0  0.0  0.0  0.1  0.1  0.5
  0.5  1.1  1.5  1.2  0.0  0.3  0.0  0.0  0.0  0.7  0.1  0.0  3.2  1.1  0.0
 12.0  0.0  0.3 12.3  4.8  0.3  5.7  4.4  0.0  0.0  0.0  0.0  0.0  0.0  0.0
  0.8  1.1  0.0  0.1  0.0  0.0  0.1  7.8  5.7  2.2  9.6 17.0  5.2  4.9  9.2
  2.2  0.8  1.8  0.4  0.1  0.9  0.7 35.1 23.9 28.8  2.0  6.6 12.5  6.7  0.0
      9.76      5.95      0.92     -1.44      1.14  0.8  0.1  0.3  0.1  0.0
                                     4000_story_4001_llm.txt 34.3  4.1 6848
 19.0  6.4 26.9 71.0 22.8  1.3  4.7  0.6 32.3 17.5  1.2  1.0  0.0  5.8  1.6
  0.1  2.2  4.1  2.8  2.2  4.4249.6 76.4 13.4137.0 58.7  8.2 20.7  0.0  0.1
  0.3  2.9 12.0  8.3 17.5 29.8  5.8  4.7  2.6  0.7  2.5  0.4  1.2  3.7  0.1
  2.3  2.6  1.3  2.0  6.9 11.2 10.1  6.1  4.4  0.4 52.7113.8  1.6214.8  9.8
  0.3  0.0  0.0  0.0  0.0  0.0  0.0  0.0  0.0  0.0  0.0  0.0  0.0  0.0  0.0
  0.0  0.0  0.0  3.5  0.4  2.5  1.8  0.0  0.0  0.0  0.0  0.0  0.0  0.0  0.3
  0.6  1.6  0.4  0.1  0.0  0.0  0.0  0.3  0.0  0.0  0.0  0.0  0.6  1.0  0.0
  8.2  0.0  0.0  8.2  3.1  0.3  3.4  1.6  0.0  0.0  0.0  0.0  0.0  0.0  0.0
  1.5  1.2  0.0  0.0  0.0  0.0  0.0 10.8  1.5  1.0  7.2 32.6  1.8  4.7 10.2
  3.2  1.5  0.6  0.9  0.0  0.0  0.1 55.8 29.1 21.6  1.9  4.5 13.0 11.4  0.0
      8.11      6.80     -6.00     -2.96     -1.48  0.1  0.0  0.0  0.0  0.0
                                     4000_story_4003_llm.txt 37.8  4.6 5555
 10.8  3.1  2.9 49.7  6.7  0.7  1.6  1.4 20.2 18.4  2.3  3.1  0.5  5.2  0.5
  0.7  0.7  6.7 11.5  0.0  1.8268.0 79.0 33.3 92.0 55.1 14.9  5.2  0.7  1.4
  0.4  2.2 36.5  7.7 12.1 38.2  4.7  7.9  1.8  2.0  2.2  0.9  4.3  6.3  0.4
  5.0  5.8  0.2  1.8  4.3 16.7 24.5 11.7  0.7  2.5 71.1 81.9  1.6159.5  6.7
  1.1  0.0  0.0  0.0  0.0  0.0  0.0  0.0  0.0  0.0  0.0  0.0  0.0  0.0  0.0
  0.0  0.0  0.0  1.6  0.9  1.4  0.7  0.0  0.0  0.0  0.0  0.0  0.0  0.0  0.0
  0.4  0.9  0.5  0.4  0.0  0.0  0.0  0.0  0.0  0.0  0.0  0.0  2.2  3.2  0.0
  4.7  0.0  0.0  4.7  2.2  0.0  2.2  5.4  0.0  0.0  0.0  0.0  0.0  0.0  0.0
  0.0  0.2  0.0  0.0  0.2  0.2  0.0 13.9  1.6  1.3  7.6 27.4  4.5  3.4  4.7
  2.0  1.3  1.3  2.3  0.7  0.4  0.2 33.7 12.6 16.2  2.0  8.3 10.4  4.9  0.0
     -2.88      3.59     -2.15     -1.85      1.93  0.7  0.0  0.0  0.0  0.0
                                     4000_story_4004_llm.txt 34.8  4.8 6324
 19.6  6.0  1.1 51.1  3.6  1.4  2.7  2.5 28.5 15.0  1.1  4.9  0.3  4.4  0.2
  1.3  2.2  7.3 15.0  2.4  2.1275.1 76.2 31.9110.8 41.7 14.7 19.8  1.7  4.1
  1.4  1.3 52.8  6.8  4.0 24.8 11.1  4.7  6.6  3.2  4.0  2.2  2.7  8.2  1.1
  3.5  8.4  5.7  1.6  7.7 16.0 32.7 12.8  4.6  7.3 60.2 73.8  2.1178.7  5.1
  0.5  0.3  0.0  0.0  0.0  0.0  0.0  0.0  0.0  0.0  0.0  0.0  0.0  0.0  0.0
  0.0  0.0  0.0  7.1  1.4  2.4  2.2  0.0  0.2  0.2  0.0  0.0  0.3  0.0  0.0
  0.5  2.2  2.7  0.5  0.0  0.0  0.0  0.0  0.2  0.6  0.2  0.0  2.2  0.8  0.0
 13.1  0.3  0.3 13.8  5.9  0.2  6.6  3.2  0.0  0.0  0.0  0.0  0.0  0.0  0.0
  0.2  0.3  0.0  0.2  0.0  0.0  0.0 11.5  9.5  3.8 12.0 10.9  3.3  1.9  4.1
  3.0  1.4  0.9  1.4  1.3  0.6  2.2 28.3 33.7 24.8  2.1  6.5  5.5  4.4  0.0
      4.66      6.26      4.97      0.87      1.27  0.5  0.0  0.5  0.0  0.0
                                     4000_story_4006_llm.txt 36.0  4.5 2607
  8.4  3.8  6.9 33.8  4.6  1.2  1.9  0.8 10.7 15.0  0.0  1.2  0.4  5.4  0.8
  0.8  0.4  1.5 10.0  0.4  2.7266.2 85.9 45.3101.3 52.9 15.3 10.0  0.0  1.5
  1.2  3.5 21.9  8.4  9.6 35.7  7.3  2.7  1.2  1.9  0.0  1.2  5.4  2.3  0.4
  3.8  9.2  1.5  1.9  2.3  4.2 25.7  6.5  0.8  2.7 87.1 68.3  0.8156.5  8.4
  0.8  0.0  0.0  0.0  0.0  0.0  0.0  0.0  0.0  0.0  0.0  0.0  0.0  0.0  0.0
  0.0  0.0  0.0  2.7  0.4  2.7  1.9  0.0  0.0  0.0  0.0  0.0  0.0  0.0  0.8
  0.0  1.2  0.4  1.2  0.0  0.4  0.0  0.0  0.0  0.0  0.0  0.4  0.0  1.9  0.0
  7.7  0.0  0.0  7.7  3.5  0.4  3.8  2.3  0.0  0.0  0.0  0.0  0.0  0.0  0.0
  1.2  0.4  0.0  0.0  0.0  0.0  0.4 16.5  0.8  3.1  8.1 34.5  3.1  4.2  8.4
  0.0  1.9  3.8  5.4  0.0  0.8  0.4 34.9 15.7 13.4  1.5  8.1 10.4  5.8  0.0
     -7.44      4.75     -1.67     -4.26      1.61  0.0  0.0  0.0  0.0  0.0
                                     4000_story_4008_llm.txt 33.8  4.7 3281
 14.6  4.3  2.1101.8  0.6  1.2  1.8  1.8 30.5 19.2  3.4  1.8  0.0  7.0  0.9
  0.3  1.2 10.1 15.2  0.6  1.5276.4 92.7 33.5 25.6 11.0  8.8  5.2  1.2  1.2
  1.2  1.8 45.1  7.3 10.1 38.1  7.3  4.6  1.8  4.3  4.6  2.1  7.9  6.4  0.3
  3.0  7.6  4.3  4.0  4.3 19.2 30.8  9.8  1.8  3.7 65.2 42.1  0.3146.9  6.7
  0.6  0.0  0.0  0.0  0.0  0.0  0.0  0.0  0.0  0.0  0.0  0.0  0.0  0.0  0.0
  0.0  0.0  0.0  1.2  0.3  2.7  1.8  0.3  0.3  0.0  0.0  0.0  0.3  0.3  0.0
  0.3  0.6  0.6  0.3  0.0  0.3  0.0  0.3  0.3  0.0  0.0  0.0  1.8  3.7  0.0
  6.1  0.6  0.6  7.3  1.8  0.9  2.7  5.5  0.0  0.0  0.0  0.0  0.0  0.0  0.0
  0.6  0.0  0.0  0.0  0.0  0.0  0.0  5.5  3.7  4.0 10.4 28.3 11.3  5.2  8.2
  1.5  1.8  0.6  2.4  0.0  0.9  0.6 24.1 10.1 17.4  1.5  5.5 12.5  2.1  0.0
      1.99     -1.74      0.01      0.04      3.51  0.3  0.3  0.3  0.0  0.0
                                     4000_story_4014_llm.txt 33.3  4.3 2995
 12.4  3.0  0.3 48.1  5.0  0.3  1.3  1.7 15.4 17.4  1.7  1.0  0.3  1.7  0.3
  0.7  0.7  3.0 25.4  1.0  0.7252.4 88.8 29.4101.2 50.4 14.4  9.7  1.0  4.3
  0.7  5.0 22.7 10.4 12.7 31.4  6.3  7.0  2.0  2.3  1.0  2.3  4.7 11.4  1.3
  4.3  9.3  1.0  2.7  5.7 11.0 43.1 17.0  1.7  6.0 59.1 70.8  2.0165.6  4.3
  1.3  0.0  0.0  0.0  0.0  0.0  0.0  0.0  0.0  0.0  0.0  0.0  0.0  0.0  0.0
  0.0  0.0  0.0  1.0  0.7  1.0  1.3  0.0  0.0  0.0  0.0  0.0  0.0  0.3  0.3
  0.3  0.3  0.7  0.0  0.0  0.0  0.3  0.0  0.0  0.7  0.3  0.0  1.0  0.7  0.0
  4.0  0.0  0.3  4.3  1.7  0.3  2.7  2.0  0.0  0.0  0.0  0.0  0.0  0.0  0.0
  0.0  0.3  0.0  0.0  0.0  0.0  0.0  6.3  1.0  1.0  7.0 13.0  5.0  3.3  4.7
  1.7  1.7  2.3  1.7  1.3  0.7  0.0 30.4 15.0 16.0  1.7 10.0  7.7  6.3  0.0
     -3.30      4.40     -0.70     -1.82      3.44  0.7  0.0  0.0  0.0  0.0
                                     4000_story_4015_llm.txt 32.8  4.1 4273
 13.6  4.7  1.2 39.1  5.6  0.0  2.6  0.0  5.6 13.8  0.2  0.7  0.0  4.0  0.2
  0.2  0.5  3.3 32.8  1.4  1.9237.3 99.9 26.2112.1 82.4 12.2 13.1  0.0  0.2
  0.0  1.6 24.6  5.6 11.2 27.4  2.8  6.3  1.6  2.8  1.2  1.4  2.1  7.0  0.0
  2.1 10.1  0.9  0.7  6.3 10.8 48.0  9.1  1.9  0.2 51.5 93.6  2.8163.8  8.7
  3.0  0.0  0.0  0.0  0.0  0.0  0.0  0.0  0.0  0.0  0.0  0.0  0.0  0.0  0.0
  0.0  0.0  0.0  3.5  0.9  0.9  0.2  0.0  0.0  0.0  0.0  0.0  0.0  0.0  0.2
  0.0  0.0  0.7  0.2  0.0  0.0  0.0  0.0  0.0  0.5  0.0  0.0  0.9  0.5  0.0
  5.6  0.0  0.0  5.6  1.2  0.0  1.6  1.4  0.0  0.0  0.0  0.0  0.0  0.0  0.0
  0.9  0.2  0.0  0.0  0.0  0.0  0.5 13.1  1.9  1.2  6.1 25.5  4.4  6.6 13.6
  4.2  2.1  5.4  4.7  0.0  0.2  0.0 46.6 20.8 15.2  1.6  5.9  7.5  4.9  0.0
     -0.80      6.39     -3.06     -2.18     -0.57  0.5  0.0  0.2  0.0  0.0
                                     4000_story_4016_llm.txt 32.0  4.1 2319
  9.9  3.4  0.4 40.1  5.6  0.4  2.2  0.4  9.9 16.4  0.9  0.9  0.4  3.0  1.3
  0.4  0.4  4.7 30.2  0.0  0.9264.3115.6 31.5 88.4 72.4 12.1  9.9  1.3  0.9
  0.4  0.4 22.9  5.2  9.1 25.0  4.3  4.7  1.3  1.7  0.9  0.0  1.7  5.6  0.0
  2.2  8.6  0.4  1.3  4.3 10.3 41.8  7.8  0.4  2.6 55.2 88.0  3.9147.0  7.3
  3.9  0.0  0.0  0.0  0.0  0.0  0.0  0.0  0.0  0.0  0.0  0.0  0.0  0.0  0.0
  0.0  0.0  0.0  1.7  0.0  1.3  0.4  0.0  0.0  0.0  0.0  0.0  0.0  0.0  0.9
  0.0  0.0  0.0  0.4  0.0  0.0  0.0  0.0  0.0  0.4  0.0  0.0  0.9  1.3  0.0
  3.4  0.0  0.0  3.4  1.3  0.0  1.7  2.2  0.0  0.0  0.0  0.0  0.0  0.0  0.0
  0.4  0.0  0.0  0.0  0.0  0.0  0.0 11.2  0.4  0.4  6.9 23.3  1.3  6.5  8.6
  5.6  1.3 10.8  2.6  0.9  0.0  0.0 37.5 19.8 14.7  0.4  4.7  6.0  5.2  0.0
     -3.72      4.56     -1.26     -3.86     -1.00  0.0  0.4  0.0  0.0  0.0
                                     4000_story_4018_llm.txt 35.8  4.4 3291
  8.2  1.5  1.5 50.1  9.1  0.0  2.1  0.9 14.6  9.4  0.6  2.1  0.6  1.8  0.0
  0.0  0.0  5.8 21.3  0.0  0.6272.3 99.7 40.1 83.0 58.6 10.9 12.5  0.9  2.4
  1.2  1.8 20.7  5.2  8.8 28.3  6.1  4.0  1.5  1.2  0.6  1.2  3.0  5.8  1.2
  3.3 10.0  2.7  1.8  3.6 10.3 36.5 10.3  0.0  4.6 65.6 82.3  1.2151.3  4.3
  3.3  0.0  0.0  0.0  0.0  0.0  0.0  0.0  0.0  0.0  0.0  0.0  0.0  0.0  0.0
  0.0  0.0  0.0  0.9  1.2  2.1  1.2  0.0  0.0  0.0  0.0  0.0  0.0  0.0  0.3
  0.3  0.0  0.3  1.2  0.0  0.0  0.0  0.0  0.0  0.0  0.0  0.0  1.2  0.0  0.0
  5.5  0.0  0.0  5.5  2.1  0.0  2.1  1.2  0.0  0.0  0.0  0.0  0.0  0.0  0.0
  0.6  0.3  0.0  0.0  0.0  0.0  0.0 10.3  1.5  0.3 10.0 18.2  2.1  4.0  6.7
  1.5  1.5  1.8  3.3  0.3  0.0  0.3 32.2 20.1 12.2  1.5  3.3  4.3  4.3  0.0
     -8.71      4.02      0.27     -3.85      1.16  0.0  0.0  0.0  0.0  0.0
                                     4000_story_4019_llm.txt 35.8  4.4 2300
 10.0  3.0  0.4 32.6  5.2  0.4  0.9  0.0  8.3 13.0  0.4  0.4  0.9  2.2  0.4
  0.0  0.9  2.2 39.1  0.4  2.6248.3 93.0 37.0103.5 56.1 10.0  9.6  2.2  3.0
  0.4  5.2 18.3  9.1 17.0 32.2  3.9  5.2  1.3  0.4  0.4  2.2  5.2  6.1  0.9
  3.9 11.3  3.0  2.2  3.9  7.8 56.5 10.9  1.3  5.7 60.9 69.6  1.3154.8  6.5
  2.2  0.0  0.0  0.0  0.0  0.0  0.0  0.0  0.0  0.0  0.0  0.0  0.0  0.0  0.0
  0.0  0.0  0.0  2.6  0.9  2.2  2.2  0.0  0.0  0.0  0.0  0.0  0.0  0.0  0.4
  0.0  0.4  0.0  1.7  0.0  0.0  0.0  0.0  0.0  0.4  0.0  0.0  0.0  0.0  0.0
  7.8  0.0  0.0  7.8  2.6  0.0  3.0  0.0  0.0  0.0  0.0  0.0  0.0  0.0  0.0
  0.0  0.9  0.0  0.0  0.0  0.0  0.0  9.1  0.4  0.0  6.5 21.3  2.6  3.5 17.4
  1.3  2.2  1.7  6.1  0.0  0.0  0.0 33.9 17.4 10.4  0.9  6.5 10.9  4.8  0.0
     -3.14      3.86     -2.05     -3.67      2.49  0.0  0.0  0.0  0.0  0.0
                                     4000_story_4020_llm.txt 34.0  4.2 2956
 14.9  4.1  0.0 38.2  7.1  0.0  2.4  1.0 11.2 12.2  0.7  1.7  0.3  2.4  2.4
  0.0  2.0  4.7 34.5  0.7  0.7234.4105.5 24.0109.6 78.5 17.3  8.5  0.7  0.7
  0.0  3.7 21.0  6.1  8.5 25.4  4.4  3.0  2.4  1.7  0.0  2.7  1.7  6.4  0.3
  3.0 11.2  1.0  1.7  9.5  7.8 52.8  9.8  2.7  1.4 59.2 96.8  4.1162.0  7.4
  3.7  0.0  0.0  0.0  0.0  0.0  0.0  0.0  0.0  0.0  0.0  0.0  0.0  0.0  0.0
  0.0  0.0  0.0  2.4  0.7  1.4  1.0  0.0  0.0  0.0  0.0  0.0  0.0  0.0  0.0
  0.0  0.0  0.3  1.4  0.0  0.7  0.0  0.0  0.0  0.0  0.0  0.0  2.0  1.7  0.0
  5.4  0.0  0.0  5.4  1.7  0.7  2.4  3.7  0.0  0.0  0.0  0.0  0.0  0.0  0.0
  0.0  0.0  0.0  0.0  0.0  0.0  0.7  7.4  2.0  1.7  6.4 28.4  5.1  3.4  9.1
  2.4  0.7  3.7  4.1  0.0  1.4  0.0 37.9 15.9 21.3  0.7  5.4  9.1  2.0  0.0
      2.81      6.25     -1.12     -3.26     -0.35  0.0  0.0  0.0  0.0  0.0
                                     4000_story_4021_llm.txt 34.0  4.2 1981
  5.6  0.0  0.0 58.1 12.1  0.5  2.0  1.0 19.2 16.7  1.5  1.5  0.5  1.5  0.0
  0.5  0.5  5.0 27.8  0.5  0.0264.0104.5 38.4 78.7 38.4 13.1  6.1  2.5  4.0
  2.0  3.0 20.7  6.1 12.6 22.2  3.0 11.6  2.0  0.5  0.5  0.5  5.0  6.1  0.5
  1.5 12.6  1.0  0.5  5.6 17.2 45.4  8.1  1.0  8.6 68.1 69.7  3.5146.4  4.0
  3.5  0.0  0.0  0.0  0.0  0.0  0.0  0.0  0.0  0.0  0.0  0.0  0.0  0.0  0.0
  0.0  0.0  0.0  0.0  0.0  1.0  1.5  0.0  0.0  0.0  0.0  0.0  0.0  0.0  0.0
  0.0  0.0  0.5  1.5  0.0  0.0  0.0  0.0  0.0  0.0  0.0  0.0  0.5  0.5  0.0
  2.5  0.0  0.0  2.5  2.0  0.0  2.0  1.0  0.0  0.0  0.0  0.0  0.0  0.0  0.0
  0.5  0.5  0.0  0.0  0.0  0.0  0.0 13.1  0.5  1.5  8.6 24.7  3.5  6.6  8.6
  1.0  3.0  2.5  2.5  0.5  0.5  0.0 28.8 16.7 12.6  1.0  7.1  9.6  2.5  0.0
     -5.12      2.21      2.17     -2.52      1.32  0.0  0.0  0.0  0.0  0.0
                                     4000_story_4023_llm.txt 30.5  4.1 2942
 11.2  4.4  0.3 60.5 15.0  0.7  2.7  0.3 13.3 17.7  1.4  0.7  0.0  3.7  0.0
  0.0  1.0  5.4 30.3  0.0  2.7236.9 97.2 24.5 96.5 70.0 12.9 13.9  0.0  0.7
  0.0  1.7 21.4  7.5 17.3 25.8  3.4 13.6  1.7  3.1  1.0  1.0  3.1  5.4  0.0
  1.0  6.8  0.7  1.7  5.8 20.1 42.5  6.5  1.0  0.7 48.3 98.2  2.4169.3  7.5
  1.4  0.0  0.0  0.0  0.0  0.0  0.0  0.0  0.0  0.0  0.0  0.0  0.0  0.0  0.0
  0.0  0.0  0.0  1.7  0.3  2.7  0.0  0.0  0.0  0.0  0.0  0.0  0.0  0.0  0.0
  0.0  0.0  0.0  0.3  0.0  0.3  0.0  0.0  0.3  0.0  0.0  0.3  1.7  0.0  0.0
  4.8  0.0  0.0  4.8  0.3  0.7  1.0  2.0  0.0  0.0  0.0  0.0  0.0  0.0  0.0
  0.3  0.0  0.0  0.0  0.0  0.0  0.3  8.2  1.4  1.0  5.8 20.7  6.5  4.4 12.2
  5.4  1.4  2.0  2.4  0.0  0.7  0.0 40.1 23.1 13.9  5.1  6.8  6.1  6.5  0.0
      1.17      5.62     -5.27     -0.54     -0.56  0.3  0.3  0.0  0.0  0.0
                                     4000_story_4024_llm.txt 34.5  4.3 2602
 15.0  5.0  1.5 43.4  4.2  0.0  3.1  0.8 10.0  9.2  1.2  1.2  0.4  1.2  0.0
  0.0  0.8  4.2 26.9  0.8  1.2264.4103.0 31.9 98.8 71.5 11.1 13.5  1.9  3.5
  1.9  2.7 28.1  6.9  9.6 20.8  3.1  4.6  2.7  1.2  1.2  1.2  3.8  8.1  1.2
  5.4  9.2  4.2  1.5  7.3 10.0 41.1 14.6  1.5  7.3 61.9 85.7  0.8158.7  3.5
  1.5  0.0  0.0  0.0  0.0  0.0  0.0  0.0  0.0  0.0  0.0  0.0  0.0  0.0  0.0
  0.0  0.0  0.0  5.0  0.8  1.9  1.2  0.0  0.0  0.0  0.0  0.0  0.0  0.0  0.4
  0.0  0.0  0.0  0.4  0.0  0.4  0.0  0.0  0.0  0.0  0.0  0.0  1.5  0.4  0.0
  8.8  0.0  0.0  8.8  0.8  0.4  1.2  1.9  0.0  0.0  0.0  0.0  0.0  0.0  0.0
  0.0  0.4  0.0  0.0  0.0  0.0  0.0 27.3  3.8  3.8  6.1 16.5  1.9  2.7  5.0
  1.9  2.3  2.3  1.9  0.4  1.9  0.4 30.7 23.8 21.9  1.9  5.4  8.1  3.1  0.0
     -5.08      5.33      2.54     -3.11      2.62  0.4  0.0  0.0  0.0  0.0
                                     4000_story_4025_llm.txt 36.0  4.3 1802
 10.5  2.2  0.6 33.3  2.2  0.0  1.7  1.7 15.0  9.4  1.7  0.0  1.1  4.4  0.0
  0.0  2.2  2.2 39.4  1.1  1.7268.6 97.1 24.4101.0 57.7 15.0 12.2  2.2  3.3
  0.0  2.8 20.0  6.7  7.8 31.6  6.7  2.2  5.0  1.7  1.1  0.6  4.4  7.8  0.6
  1.7  5.5  3.3  2.8  2.2  5.5 49.4 10.0  3.3  5.5 49.4 74.9  1.1152.1  2.8
  2.2  0.0  0.0  0.0  0.0  0.0  0.0  0.0  0.0  0.0  0.0  0.0  0.0  0.0  0.0
  0.0  0.0  0.0  3.9  0.6  1.7  1.7  0.0  0.0  0.0  0.0  0.0  0.6  0.0  1.7
  1.1  0.6  0.0  0.6  0.0  0.0  0.0  0.0  0.0  0.0  0.0  0.0  0.6  0.6  0.0
  7.8  0.0  0.6  8.3  3.9  0.0  3.9  1.1  0.0  0.0  0.0  0.0  0.0  0.0  0.0
  0.0  0.6  0.0  0.0  0.0  0.0  0.0 14.4  0.6  1.7  6.7 25.5  5.0  1.7  7.2
  0.6  1.7  1.1  1.7  0.6  0.6  0.6 35.0 26.1 15.5  0.6  4.4  6.7  4.4  0.0
      0.30      5.30      0.37     -2.96      1.29  0.0  0.0  0.0  0.0  0.0
                                     4000_story_4027_llm.txt 36.8  4.4 8029
 16.8  5.7 12.5 62.6 21.2  1.4  2.0  0.7 25.0 13.0  1.5  1.5  0.6  5.1  1.6
  0.1  1.2  6.0  7.2  1.2  1.7262.7 80.2 27.0105.5 77.0  8.2  8.5  0.2  1.0
  0.0  1.6 24.4  7.8 10.5 29.3  6.7  4.5  2.2  1.2  1.7  0.7  1.7  2.5  0.4
  3.9  5.6  0.7  2.7  2.5 12.2 17.2  6.7  2.5  1.2 59.3123.2  1.5181.5  4.6
  1.1  0.0  0.0  0.0  0.0  0.0  0.0  0.0  0.0  0.0  0.0  0.0  0.0  0.0  0.0
  0.0  0.0  0.0  2.2  0.5  3.0  1.1  0.0  0.0  0.0  0.0  0.0  0.0  0.0  0.5
  0.1  1.0  0.7  0.5  0.0  0.2  0.0  0.1  0.0  0.2  0.0  0.0  1.0  1.6  0.0
  6.9  0.0  0.0  6.9  2.9  0.4  3.5  2.6  0.0  0.0  0.0  0.0  0.0  0.0  0.0
  0.1  0.4  0.1  0.0  0.0  0.0  0.1 13.2  4.1  0.5 10.7 25.3  3.7  5.1 11.7
  3.0  1.5  1.0  1.7  0.0  1.5  0.4 46.2 17.9 22.2  2.7  7.1 10.8  5.5  0.0
      1.51      4.31     -3.07     -3.12     -0.63  0.4  0.0  0.0  0.0  0.0
                                     4000_story_4030_llm.txt 31.5  4.0 4210
 20.2  5.5 11.6 70.3 16.4  2.6  2.1  1.2 87.6  7.8  0.7  1.7  0.5  5.9  2.6
  0.0  2.9  7.6 11.6  0.7  1.2243.5 79.6 17.6104.3 58.0  7.6 12.4  0.2  1.0
  0.2  2.1 20.2 10.5  8.6 29.2  3.8  8.8  2.1  2.6  2.1  1.0  2.1  2.4  0.2
  1.2  6.4  0.7  2.9  3.3 18.5 24.5  3.8  3.6  1.4 41.1162.0  3.8177.9  4.5
  1.7  0.0  0.0  0.0  0.0  0.0  0.0  0.0  0.0  0.0  0.0  0.0  0.0  0.0  0.0
  0.0  0.0  0.0  2.4  1.0  2.4  0.2  0.0  0.0  0.0  0.0  0.0  0.0  0.0  0.2
  0.2  1.2  0.0  0.0  0.0  0.0  0.0  0.0  0.0  0.2  0.0  0.0  1.2  0.7  0.0
  5.9  0.0  0.0  5.9  1.7  0.0  1.9  1.9  0.0  0.0  0.0  0.0  0.0  0.0  0.0
  0.5  0.5  0.0  0.0  0.2  0.0  0.2 16.2  2.4  0.2  6.4 25.7  2.6  3.8 11.9
  3.6  1.4  0.7  1.7  0.5  1.4  0.0 48.0 22.8 23.8  1.4  5.0 13.1  7.1  0.0
     10.11      4.03     -3.16     -1.24     -1.36  0.2  0.0  0.0  0.0  0.0
                                     4000_story_4032_llm.txt 35.3  4.8 2197
  7.3  2.3  0.0 50.5 12.3  0.5  3.6  0.0 15.9  7.3  0.0  0.5  0.0  2.7  0.0
  0.5  0.5 11.4 25.0  0.0  0.9232.1100.6 33.2 86.9 82.8 17.3  8.2  3.6  5.5
  0.5  4.1 43.2  6.4  5.0 39.6 11.8  4.1  3.2  0.9  2.3  4.1  4.6 17.3  2.7
  3.6  9.1  7.3  2.7  3.2 17.8 39.6 23.7  0.5  9.6 56.0111.1  0.5162.9  5.5
  0.9  0.0  0.0  0.0  0.0  0.0  0.0  0.0  0.0  0.0  0.0  0.0  0.0  0.0  0.0
  0.0  0.0  0.0  3.6  0.9  2.3  1.8  0.0  0.0  0.0  0.0  0.0  0.0  0.0  0.5
  0.9  0.0  1.8  0.0  0.0  0.0  0.0  0.0  0.0  1.4  0.5  0.0  2.3  0.5  0.0
  8.6  0.0  0.0  8.6  3.2  0.0  4.6  3.2  0.0  0.0  0.0  0.0  0.0  0.0  0.0
  0.0  0.5  0.0  0.0  0.0  0.0  0.0 12.3  7.3  1.8 10.0 14.1  1.4  4.1  2.7
  1.4  1.4  0.0  0.5  0.0  0.0  0.5 26.4 17.3 16.4  1.8  6.4 10.5  3.6  0.0
     -5.35      5.66      5.24     -1.47      5.11  0.0  0.0  0.0  0.5  0.0
                                     4000_story_4033_llm.txt 36.3  4.6 4169
 10.3  0.0  0.5 33.1  0.7  0.2  1.4  0.5  8.4  8.2  1.2  0.2  0.5  1.9  0.5
  0.2  0.7  7.0 20.6  0.0  0.5257.4108.4 48.9 87.6 52.3 16.3  4.3  2.4  4.8
  1.7  4.1 30.5  5.8 13.2 32.1  9.1  3.8  1.0  1.9  2.2  2.4  2.6 11.3  1.0
  3.8  4.6  2.9  3.4  4.3 13.0 31.4 16.1  0.7  8.9 84.0 61.4  0.7139.6  2.9
  1.9  0.0  0.0  0.0  0.0  0.0  0.0  0.0  0.0  0.0  0.0  0.0  0.0  0.0  0.0
  0.0  0.0  0.0  1.2  0.0  1.0  1.7  0.0  0.0  0.0  0.0  0.0  0.2  0.0  0.7
  0.2  0.0  1.7  0.5  0.0  1.4  0.0  0.0  0.0  0.0  0.2  0.0  1.2  1.2  0.0
  3.8  0.0  0.2  4.1  3.1  1.4  4.6  2.6  0.0  0.0  0.0  0.0  0.0  0.0  0.0
  0.0  0.0  0.2  0.0  0.0  0.0  0.2 19.9  5.8  1.4  8.4 14.4  1.7  4.3  7.2
  0.5  2.9  3.1  1.0  0.0  0.7  0.2 29.3  9.6 13.9  1.4  5.8  8.4  4.3  0.0
    -10.77      3.41      2.58     -2.52      1.71  0.2  0.0  0.0  0.0  0.0
                                     4000_story_4036_llm.txt 37.0  4.8 3464
  9.2  1.4  0.6 46.8  0.0  0.3  2.6  1.7  1.7 11.3  1.2  0.3  0.0  0.6  0.6
  1.4  0.3 14.1 26.8  0.9  1.2251.7103.1 39.8 73.6 46.5 12.4  1.2  3.8  3.8
  2.0  1.2 47.1  5.5  7.2 34.9 13.6  3.5  0.6  2.0  4.0  3.2  5.2 16.5  1.4
  3.2  8.9  3.2  3.2  2.6 21.7 39.3 21.1  1.2  9.5 66.7 48.2  1.2138.3  3.8
  1.2  0.0  0.0  0.0  0.0  0.0  0.0  0.0  0.0  0.0  0.0  0.0  0.0  0.0  0.0
  0.0  0.0  0.0  1.2  0.3  2.3  1.2  0.6  0.0  0.3  0.0  0.3  0.3  0.0  0.3
  0.3  0.3  1.2  0.6  0.3  0.9  0.0  0.0  0.3  1.4  0.0  0.0  1.2  2.3  0.0
  4.9  0.9  0.6  6.4  2.6  1.4  5.5  3.5  0.0  0.0  0.0  0.0  0.0  0.0  0.0
  0.0  0.0  0.0  0.0  0.0  0.0  0.0 10.4  6.9  0.9 13.3  9.8  6.4  5.2  4.0
  3.2  1.7  1.2  0.6  0.0  0.3  1.2 26.8  4.3 13.6  3.5  7.2  4.9  2.0  0.0
     -5.63      1.36      4.92     -1.48      4.25  1.2  0.3  0.0  0.0  0.0
                                     4000_story_4041_llm.txt 36.3  4.8 2051
 12.2  3.4  0.5 52.2  0.5  0.0  1.5  0.5  5.4 11.2  0.5  2.0  0.0  2.0  0.0
  0.5  0.0 10.7 29.7  1.0  0.5237.0 91.2 33.2 77.5 72.6 14.1  5.9  2.4  6.8
  0.0  2.4 39.5  5.9  5.4 29.3 15.6  3.9  6.3  1.0  4.9  3.9  4.9 20.0  2.9
  3.4 11.2 12.7  2.4  6.8 19.5 46.3 26.3  1.0  9.3 63.9 78.5  1.0159.9  9.3
  0.0  0.5  0.0  0.0  0.0  0.0  0.0  0.0  0.0  0.0  0.0  0.0  0.0  0.0  0.0
  0.0  0.0  0.0  7.3  3.9  2.4  1.5  0.0  0.0  0.5  0.0  0.0  0.0  0.0  3.4
  0.0  2.0  4.4  0.0  0.0  1.5  0.5  0.0  0.0  1.0  1.0  0.0  0.5  1.0  0.0
 15.1  0.5  0.0 15.6  9.8  2.0 12.7  2.4  0.0  0.0  0.0  0.0  0.0  0.0  0.0
  0.0  0.0  0.0  0.0  0.0  0.0  0.0 10.2  6.8  1.0 11.7  3.9  2.4  2.4  5.4
  2.4  1.5  0.5  0.0  0.0  0.0  1.0 30.7 17.6 18.0  3.9  6.8  9.3  5.4  0.0
     -4.04      3.85      4.55      0.69      5.80  0.5  0.5  0.0  0.0  0.0
                                     4000_story_4042_llm.txt 35.3  4.7 3071
 12.0  1.6  0.3 42.3  1.0  0.0  3.3  0.7  5.5  8.5  0.3  0.7  1.0  1.3  0.0
  0.3  0.0 11.4 26.4  0.0  0.0239.0101.6 38.1 82.1 77.2 12.7  6.5  5.5  8.1
  1.3  1.6 49.2  3.6  5.5 38.1 11.1  3.6  3.3  0.7  4.6  3.6  4.6 17.6  1.6
  4.9  5.9  6.5  2.6  5.5 19.5 35.2 24.1  0.0 15.0 68.7 83.7  1.3141.3  3.6
  1.3  0.3  0.0  0.0  0.0  0.0  0.0  0.0  0.0  0.0  0.0  0.0  0.0  0.0  0.0
  0.0  0.0  0.0  1.6  1.6  3.3  3.3  0.0  0.0  0.7  0.0  0.0  0.0  0.0  0.7
  0.7  2.3  2.9  0.7  0.3  1.3  0.0  0.0  0.0  0.7  0.3  0.0  1.0  1.3  0.0
  9.8  0.7  0.0 10.4  7.2  1.6  9.4  2.6  0.0  0.0  0.0  0.0  0.0  0.0  0.0
  0.0  0.0  0.0  0.0  0.0  0.0  0.0 17.6  6.2  2.0 13.0  8.1  1.0  2.6  5.2
  3.3  1.0  0.7  0.0  0.7  0.3  1.3 24.1 15.3 21.2  3.3  4.6  7.5  1.0  0.0
     -7.76      4.05      8.69     -0.80      4.72  0.7  0.0  0.0  0.0  0.0
                                     4000_story_4045_llm.txt 35.0  4.7 3493
  9.2  1.4  0.0 35.5  3.1  0.9  2.6  0.6  9.2  8.9  1.4  0.3  0.6  1.7  0.0
  0.6  0.9  5.7 30.6  0.0  1.4267.4100.5 32.1 94.2 58.4 14.0  4.6  1.4  4.0
  1.1  2.0 38.6  8.0  8.9 30.1  9.7  4.9  4.9  1.4  3.7  3.7  3.1 18.9  1.4
  4.6  7.2  5.4  2.0  3.4 14.3 41.5 24.9  0.9  6.6 53.2 70.7  2.6151.2  5.4
  1.4  0.3  0.0  0.0  0.0  0.0  0.0  0.0  0.0  0.0  0.0  0.0  0.0  0.0  0.0
  0.0  0.0  0.0  1.1  1.1  2.9  1.4  0.0  0.0  0.0  0.0  0.0  0.0  0.0  0.9
  0.0  1.7  0.6  0.6  0.0  1.4  0.0  0.0  0.0  0.6  0.6  0.0  0.9  0.6  0.0
  6.6  0.0  0.0  6.6  3.7  1.4  5.7  2.0  0.0  0.0  0.0  0.0  0.0  0.0  0.0
  0.3  0.6  0.0  0.0  0.0  0.0  0.0 14.0  4.0  0.3  8.9  4.9  1.1  4.0  6.3
  1.1  4.0  1.7  0.0  0.6  0.0  0.0 26.6 10.9 14.9  2.9  7.7  6.9  5.2  0.0
     -6.97      3.51      1.68      0.04      3.78  0.0  0.0  0.0  0.0  0.0
                                     4000_story_4046_llm.txt 37.0  4.8 2380
  6.7  1.7  0.8 45.4  1.7  0.8  2.5  0.8  2.5  9.7  1.7  1.7  0.0  1.7  0.0
  0.4  1.3 10.5 22.3  0.0  2.9265.1 93.3 45.0 86.1 50.0 15.1  4.6  1.3  5.0
  1.3  2.1 47.5  6.7  8.0 31.5  8.8  3.8  2.9  1.7  1.3  2.5  4.2 13.4  2.1
  6.3  8.0  4.2  4.2  3.8 15.5 35.7 21.8  1.3  7.6 74.8 54.2  0.8147.5  2.5
  1.3  0.0  0.0  0.0  0.0  0.0  0.0  0.0  0.0  0.0  0.0  0.0  0.0  0.0  0.0
  0.0  0.0  0.0  1.7  0.0  2.1  0.4  0.0  0.0  0.0  0.0  0.0  0.0  0.0  0.0
  0.4  1.3  0.8  0.0  0.0  0.4  0.0  0.0  0.0  0.0  0.0  0.0  0.8  0.0  0.0
  4.2  0.0  0.0  4.2  2.5  0.4  2.9  0.8  0.0  0.0  0.0  0.0  0.0  0.0  0.0
  0.0  0.0  0.0  0.0  0.0  0.0  0.0  8.0  3.4  0.8 13.0 19.3  2.9  5.5  7.6
  1.3  1.7  0.8  0.0  0.4  0.8  0.4 24.8  9.2 10.9  0.8  5.0  7.6  4.6  0.0
     -6.15      3.09      3.40     -2.38      4.69  0.4  0.0  0.0  0.4  0.0
                                     4000_story_4047_llm.txt 36.3  4.8 2961
  9.8  1.4  0.0 31.1  0.0  0.3  2.4  0.3  1.0  8.1  1.0  0.3  0.0  1.0  0.0
  0.7  0.3  8.1 26.7  0.7  1.7278.3105.0 44.6 97.3 52.3 12.2  4.1  2.7  5.7
  2.0  1.7 32.1  6.1  8.1 30.4  8.8  3.0  2.0  1.7  3.4  3.4  4.7 15.5  2.0
  5.4  6.8  3.4  1.7  4.7 14.5 37.1 23.0  1.0 10.5 72.9 53.4  2.0147.2  3.7
  1.0  0.0  0.0  0.0  0.0  0.0  0.0  0.0  0.0  0.0  0.0  0.0  0.0  0.0  0.0
  0.0  0.0  0.0  1.0  1.4  1.0  1.0  0.0  0.0  0.0  0.0  0.0  0.0  0.0  0.0
  0.3  0.3  1.7  0.0  0.0  0.3  0.0  0.0  0.0  0.3  0.3  0.0  1.0  0.7  0.0
  4.4  0.0  0.0  4.4  2.4  0.3  3.0  2.0  0.0  0.0  0.0  0.0  0.0  0.0  0.0
  0.0  0.3  0.0  0.0  0.0  0.0  0.0  4.4  4.7  0.3 11.1  6.4  2.4  3.7 11.8
  1.0  1.4  0.3  0.3  0.0  1.7  0.0 33.8  6.4 13.5  2.0  5.7 10.8  5.1  0.0
    -10.33      2.89      4.28     -1.50      4.98  0.0  0.0  0.0  0.0  0.0
                                     4000_story_4049_llm.txt 34.0  4.9 2954
 11.2  1.7  0.7 33.9  0.0  0.0  1.4  1.7  0.0 11.8  1.0  0.3  0.0  1.4  0.7
  0.7  0.0 11.8 21.7  0.3  1.7277.6105.3 45.0 79.2 42.3 10.5  3.7  1.4  4.7
  2.4  2.7 59.9  5.4  6.4 29.5 12.2  2.0  2.7  3.4  2.7  2.0  5.1 18.3  3.0
  6.4  7.4  4.1  4.7  3.0 16.6 35.5 27.8  0.3  8.5 74.5 42.3  3.7141.8  5.4
  1.4  0.3  0.0  0.0  0.0  0.0  0.0  0.0  0.0  0.0  0.0  0.0  0.0  0.0  0.0
  0.0  0.0  0.0  1.7  1.4  1.0  3.7  1.0  0.0  0.7  0.0  0.0  0.3  0.0  0.0
  1.0  1.4  2.4  1.0  0.7  2.0  0.0  0.0  0.3  0.3  0.7  0.0  0.7  0.3  0.0
  7.8  1.7  0.3  9.8  5.8  3.0  9.1  1.7  0.0  0.0  0.0  0.0  0.0  0.0  0.0
  0.0  0.0  0.0  0.0  0.0  0.0  0.3 17.3  4.7  2.4 14.9  7.1  1.0  4.7  6.4
  3.0  2.4  0.3  0.0  0.0  1.4  1.7 24.4  8.8 14.6  4.4  4.7 11.2  3.0  0.0
     -9.94      1.47      6.35     -1.61      6.74  0.0  0.0  0.3  0.0  0.0
                                     4000_story_4052_llm.txt 37.3  5.0 2390
  9.2  1.3  0.8 45.6  0.4  0.4  2.9  1.7  7.1 10.0  0.4  0.0  0.4  2.1  0.4
  1.3  0.0  9.2 28.5  0.4  0.4264.4 82.8 42.7 86.2 46.4 17.2  8.8  2.9  6.7
  1.7  0.8 58.2  5.4  5.0 34.3  7.9  5.4  4.2  2.1  3.3  2.5  6.7 18.8  1.3
  6.7  5.4  5.4  3.3  3.3 18.0 36.8 26.8  0.4 11.3 66.1 54.0  1.3151.5  5.0
  0.8  0.0  0.0  0.0  0.0  0.0  0.0  0.0  0.0  0.0  0.0  0.0  0.0  0.0  0.0
  0.0  0.0  0.0  4.6  0.8  0.4  0.4  0.0  0.0  0.0  0.0  0.0  0.0  0.0  0.8
  0.4  1.7  1.3  0.0  0.0  0.4  0.0  0.8  0.0  0.8  0.4  0.0  2.1  0.4  0.0
  6.3  0.0  0.0  6.3  4.2  1.3  6.3  2.9  0.0  0.0  0.0  0.0  0.0  0.0  0.0
  0.0  0.4  0.0  0.0  0.0  0.0  0.0 14.2  5.9  2.5 10.9  7.1  2.1  1.7  7.9
  2.1  1.7  1.3  0.4  1.3  0.4  0.4 34.3 17.2 15.5  2.1  2.1  9.2  5.0  0.0
     -7.58      4.10      6.93     -0.41      6.54  0.4  0.0  0.0  0.0  0.0
                                     4000_story_4056_llm.txt 35.0  4.9 4356
 11.2  1.1  0.0 38.6  0.0  0.0  0.5  0.7  0.9  7.6  1.6  1.4  0.7  1.6  0.2
  1.1  0.7 10.6 21.8  0.7  0.7271.6 97.8 44.3 90.9 51.4 16.8  5.3  2.5  6.7
  1.4  4.4 41.1  3.7  4.6 31.9  8.5  2.5  1.8  2.3  1.8  2.5  5.1 12.9  2.3
  5.3  5.7  4.8  2.8  5.5 14.9 35.6 20.4  1.4 10.6 76.2 52.3  0.5148.3  4.4
  1.6  0.0  0.0  0.0  0.0  0.0  0.0  0.0  0.0  0.0  0.0  0.0  0.0  0.0  0.0
  0.0  0.0  0.0  1.1  1.8  2.1  1.1  0.2  0.0  0.0  0.0  0.0  0.0  0.0  0.7
  0.0  1.4  1.8  0.5  0.0  0.5  0.0  0.2  0.0  0.7  0.2  0.0  0.0  0.5  0.0
  6.2  0.2  0.0  6.4  4.4  0.7  5.7  0.7  0.0  0.0  0.0  0.0  0.0  0.0  0.0
  0.0  0.2  0.0  0.0  0.0  0.0  0.0  4.8  3.2  0.9 12.2  9.0  1.4  5.3 10.1
  1.4  1.6  0.7  0.9  0.2  1.1  1.6 25.5 10.1 17.7  1.6  5.1  7.6  4.8  0.0
     -8.51      3.75      7.30     -2.48      4.95  0.5  0.0  0.0  0.0  0.0
                                     4000_story_4057_llm.txt 36.5  4.8 2769
 10.1  0.7  0.0 50.2  3.6  0.0  2.9  1.4  6.5  5.1  0.7  2.5  0.0  2.2  0.4
  0.4  0.0 10.1 24.6  0.4  0.4253.2 96.1 33.2 77.3 64.3 17.3  6.9  3.6  6.1
  1.8  1.4 56.3  5.1  5.1 36.8  9.0  5.4  1.4  1.4  2.5  4.3  3.3 18.4  1.4
  2.9  6.5  3.6  4.0  5.4 18.1 36.5 22.8  0.4 11.6 61.8 74.4  2.2149.5  6.1
  2.2  0.4  0.0  0.0  0.0  0.0  0.0  0.0  0.0  0.0  0.0  0.0  0.0  0.0  0.0
  0.0  0.0  0.0  4.3  0.7  0.0  1.8  0.0  0.0  0.4  0.0  0.0  0.4  0.0  0.7
  0.0  1.8  1.4  0.4  0.0  0.7  0.0  0.0  0.0  0.4  0.0  0.0  0.4  1.8  0.0
  6.9  0.4  0.4  7.6  4.3  0.7  5.4  2.2  0.0  0.0  0.0  0.0  0.0  0.0  0.0
  0.0  0.0  0.0  0.0  0.0  0.0  0.0 18.1  6.9  1.8 12.6  5.4  2.2  5.8  3.6
  0.4  0.0  2.2  0.7  0.4  1.1  0.7 24.9 13.0 16.6  1.8  6.1 10.8  3.6  0.0
     -6.92      4.28      7.23     -1.26      3.24  0.0  0.4  0.0  0.0  0.0
                                     4000_story_4064_llm.txt 34.5  4.8 5045
 14.3  1.4  0.2 43.8  6.7  0.2  2.2  0.4  8.3  7.9  1.0  0.6  0.0  1.6  0.4
  0.2  0.6  9.7 25.6  0.4  0.6277.7 96.7 35.1 97.5 62.2 13.5  5.0  2.6  5.6
  1.0  1.6 42.8  5.0  9.7 31.5  8.9  3.0  3.4  2.2  2.4  2.4  2.8 14.7  1.8
  4.8  8.7  5.0  1.8  5.4 15.1 38.7 21.2  1.0  9.1 61.1 77.3  1.4158.4  2.4
  1.6  0.0  0.0  0.0  0.0  0.0  0.0  0.0  0.0  0.0  0.0  0.0  0.0  0.0  0.0
  0.0  0.0  0.0  1.2  1.0  2.6  1.6  0.0  0.0  0.0  0.0  0.0  0.0  0.0  0.4
  0.2  0.8  1.2  0.2  0.0  0.4  0.0  0.2  0.2  0.0  0.0  0.0  0.4  1.0  0.0
  6.3  0.0  0.0  6.3  2.8  0.8  3.6  1.4  0.0  0.0  0.0  0.0  0.0  0.0  0.0
  0.2  0.0  0.0  0.0  0.0  0.0  0.0  7.5  5.6  0.6 10.1  8.7  4.6  3.6  6.1
  1.8  1.8  1.0  0.8  0.2  0.2  0.2 24.6 14.7 18.0  3.2  8.1  9.3  4.4  0.0
     -7.23      3.76      3.66     -1.74      3.24  0.2  0.0  0.0  0.0  0.0
                                     cont_story_0001_llm.txt 36.8  4.5 4846
 18.0  5.8  3.7120.9  8.9  0.4  1.9  1.0  8.5 13.8  3.3  2.7  0.2  7.2  1.9
  0.6  1.2  7.6  7.2  0.4  0.8298.8 76.6 29.5 16.7 68.3  7.6  9.9  0.4  0.8
  0.2  2.5 26.2 10.1  9.7 35.7  7.0 18.0  0.8  3.7  1.9  1.9  3.3  2.9  0.4
  1.2  7.6  2.7  2.9  6.4 27.4 23.7  4.5  1.7  1.4 68.7 85.6  1.9147.8  4.7
  1.2  0.2  0.0  0.0  0.0  0.0  0.0  0.0  0.0  0.0  0.0  0.0  0.0  0.0  0.0
  0.0  0.0  0.0  2.7  0.2  2.7  2.1  0.2  0.0  0.0  0.0  0.0  0.0  0.0  0.8
  0.2  1.0  0.6  0.6  0.0  0.2  0.0  0.0  0.0  0.4  0.0  0.0  1.2  2.3  0.0
  7.6  0.2  0.0  7.8  3.3  0.2  3.9  3.5  0.0  0.0  0.0  0.0  0.0  0.0  0.0
  0.0  0.0  0.0  0.0  0.0  0.0  0.0 19.6  3.9  0.8  9.1 29.3  3.1  3.3  8.3
  2.9  1.7  0.4  1.9  0.2  0.2  0.6 31.2 18.8 25.0  0.6  4.1  9.1  4.7  0.0
      1.29      1.16     -3.22      1.25     -0.41  0.8  0.0  0.0  0.0  0.0
                                     cont_story_0002_llm.txt 37.8  4.6 3987
  9.8  3.3  1.8 42.6 12.5  0.5  1.3  1.3 15.3 10.8  0.5  0.0  0.0  6.8  0.3
  0.3  2.0  2.8  8.3  1.5  1.8304.5 86.3 23.6111.9 59.4 12.3 15.0  1.3  1.3
  0.5  2.0 35.6 10.0  9.8 26.1  8.5  3.8  3.3  1.0  2.3  1.8  3.0  7.0  0.0
  5.5  5.0  1.8  1.8  3.3  8.8 16.3 12.5  3.5  3.0 44.4 87.3  2.5170.8  6.8
  0.0  0.3  0.0  0.0  0.0  0.0  0.0  0.0  0.0  0.0  0.0  0.0  0.0  0.0  0.0
  0.0  0.0  0.0  3.5  0.5  0.5  1.3  0.0  0.0  0.0  0.0  0.0  0.0  0.0  0.5
  0.3  0.3  0.8  0.8  0.0  0.0  0.0  0.0  0.0  0.5  0.0  0.0  0.5  0.3  0.0
  5.8  0.0  0.0  5.8  2.5  0.0  3.0  0.8  0.0  0.0  0.0  0.0  0.0  0.0  0.0
  0.0  0.3  0.0  0.3  0.0  0.0  0.0  6.0  2.5  0.5  6.0 32.6  1.8  4.5 11.8
  2.5  0.3  1.0  0.5  0.0  1.0  0.0 37.6 23.6 12.0  2.3  6.0  9.5  8.3  0.0
     -4.82      5.74     -1.21     -2.42      1.10  0.5  0.0  0.0  0.0  0.0
                                     cont_story_0003_llm.txt 36.5  4.7 4946
 12.7  4.7  7.9 48.7 11.7  0.6  4.4  2.2 12.9  8.3  1.4  1.8  1.0  6.1  2.0
  1.2  1.8  6.1  6.1  0.6  2.2274.6 68.3 40.0 98.3 55.2 13.1 10.1  0.4  2.0
  0.6  2.0 36.2  9.1 12.7 33.0  5.5  9.5  1.8  3.0  1.4  2.0  3.0  3.8  0.2
  3.8  6.7  0.4  2.8  4.2 17.0 19.6  7.9  2.4  3.0 81.5 79.9  3.0170.8 12.5
  1.2  0.0  0.0  0.0  0.0  0.0  0.0  0.0  0.0  0.0  0.0  0.0  0.0  0.0  0.0
  0.0  0.0  0.0  1.8  0.4  2.2  0.8  0.2  0.0  0.0  0.0  0.0  0.0  0.0  1.0
  0.2  1.0  0.8  0.2  0.0  0.0  0.2  0.0  0.0  0.4  0.4  0.0  1.2  2.4  0.0
  5.3  0.2  0.0  5.5  3.2  0.2  3.8  4.0  0.0  0.0  0.0  0.0  0.0  0.0  0.0
  0.4  0.2  0.0  0.2  0.0  0.0  0.2 14.4  3.0  1.2  7.7 25.3  1.6  4.4  9.7
  2.2  0.4  2.2  1.2  0.4  1.0  1.6 38.6 18.8 18.8  2.2  3.4 10.5  6.1  0.0
     -0.49      4.36     -2.18     -0.89      0.25  0.2  0.0  0.4  0.0  0.0
                                     cont_story_0004_llm.txt 35.8  4.2 4534
 16.1  6.6  5.7 50.3 15.9  2.0  2.0  0.4 89.3 15.0  0.9  1.8  0.9  3.5  0.2
  0.4  1.8  7.3  8.4  1.8  0.0225.4 84.0 22.3121.3 68.4 14.1 14.1  0.2  1.8
  0.2  2.0 21.4  7.1  7.9 26.2  7.9  4.6  3.1  2.4  1.5  1.5  3.7  3.5  0.0
  3.7  7.7  3.3  2.0  6.2 13.5 22.3  7.3  3.5  2.2 45.0173.6  2.4183.7  8.2
  0.9  0.2  0.0  0.0  0.0  0.0  0.0  0.0  0.0  0.0  0.0  0.0  0.0  0.0  0.0
  0.0  0.0  0.0  5.5  0.4  2.2  1.5  0.2  0.0  0.0  0.0  0.0  0.0  0.0  1.1
  0.2  1.1  0.7  0.4  0.0  0.0  0.0  0.0  0.0  0.4  0.0  0.0  0.4  1.1  0.0
  9.7  0.2  0.0  9.9  3.5  0.0  4.0  1.5  0.0  0.0  0.0  0.0  0.0  0.0  0.0
  0.2  0.2  0.0  0.0  0.0  0.0  0.0 20.5  3.5  2.0  9.5 26.9  2.2  5.1  6.8
  3.7  1.5  2.0  0.4  0.7  0.9  0.0 39.5 27.8 24.3  2.6  5.1  8.8  6.6  0.0
      4.73      6.63     -1.44     -2.05      0.46  0.7  0.0  0.0  0.0  0.0
                                     cont_story_0005_llm.txt 36.5  4.4 3773
 13.3  4.8 16.2128.5 10.3  1.3  4.0  1.6 51.7 13.3  0.8  3.2  0.0  8.7  0.5
  0.3  0.5  3.7  2.7  1.9  2.7323.9 67.3 30.2 14.6 66.5  2.1 11.9  0.3  0.5
  0.3  0.0 37.9  4.8 10.1 23.9  1.9  4.0  0.8  2.4  0.8  0.5  2.1  2.9  0.0
  0.8  4.0  1.1  1.1  7.2  8.5 12.2  3.7  2.4  1.1 69.2128.5  2.1145.5  4.0
  1.1  0.0  0.0  0.0  0.0  0.0  0.0  0.0  0.0  0.0  0.0  0.0  0.0  0.0  0.0
  0.0  0.0  0.0  1.6  0.3  1.9  1.1  0.3  0.0  0.0  0.0  0.0  0.0  0.0  0.0
  0.0  0.3  0.5  0.0  0.0  0.5  0.3  0.0  0.0  0.0  0.0  0.0  1.1  0.3  0.0
  4.8  0.3  0.0  5.0  0.8  0.8  1.6  1.3  0.0  0.0  0.0  0.0  0.0  0.0  0.0
  0.5  0.8  0.0  0.0  0.0  0.0  0.0 26.8  2.1  0.5 10.3 23.1  2.4  3.2  4.8
  2.7  0.8  1.3  1.3  0.5  1.3  0.0 36.3 17.5 16.4  2.4  2.7  4.8  4.0  0.0
      2.33      0.32     -1.41     -3.73     -1.60  0.3  0.0  0.0  0.0  0.0
                                     cont_story_0006_llm.txt 37.5  4.3 3413
 17.0  7.6 15.5124.8 12.9  1.8  6.7  2.3 53.0 15.8  0.9  2.6  0.9  8.5  1.5
  0.3  1.2  4.1  7.3  0.3  2.6280.1 73.0 26.4 26.4 55.4  7.3 16.7  1.2  1.5
  0.0  0.9 41.3  7.0  6.4 31.9  5.9  2.9  2.6  3.2  1.2  1.8  2.3  1.2  0.3
  0.3  7.3  1.8  0.6  4.1  8.2 21.4  1.8  1.5  2.6 63.3121.3  0.6159.7 10.0
  0.6  0.0  0.0  0.0  0.0  0.0  0.0  0.0  0.0  0.0  0.0  0.0  0.0  0.0  0.0
  0.0  0.0  0.0  2.1  2.6  4.4  1.5  0.0  0.0  0.0  0.0  0.0  0.0  0.0  0.0
  0.6  2.1  0.3  0.0  0.0  0.0  0.0  0.0  0.0  0.3  0.3  0.0  3.2  1.5  0.0
 10.5  0.0  0.0 10.5  2.9  0.0  3.2  5.0  0.0  0.0  0.0  0.0  0.0  0.0  0.0
  0.0  0.9  0.0  0.0  0.0  0.0  0.0 18.2  4.4  0.9 11.1 15.8  2.6  5.6  7.0
  0.6  0.6  0.3  1.8  1.8  1.2  0.6 35.7 27.0 23.4  2.9  2.3 10.8  2.3  0.0
      7.37      2.10     -0.13     -2.33     -1.66  0.0  0.0  0.0  0.0  0.0
                                     cont_story_0007_llm.txt 35.3  4.1 4816
 17.9  8.3 28.0 66.2 28.0  2.5  7.7  2.3 79.5 16.2  0.4  2.7  1.2  8.7  2.1
  0.4  2.9  5.4  3.9  1.5  3.3207.0 71.8 11.6133.5 56.5 13.3 18.7  0.0  0.2
  0.0  0.4 12.0  8.1 11.6 37.6  7.7  5.4  5.0  1.9  2.7  1.7  3.9  3.1  0.0
  1.7  5.0  0.8  0.6  6.0 13.5 13.9  4.8  4.4  0.2 50.0164.0  4.2207.4 10.8
  0.4  0.0  0.0  0.0  0.0  0.0  0.0  0.0  0.0  0.0  0.0  0.0  0.0  0.0  0.0
  0.0  0.0  0.0  4.6  0.8  2.7  1.0  0.0  0.0  0.0  0.0  0.0  0.0  0.4  0.2
  0.0  1.5  1.9  0.6  0.0  0.2  0.0  0.0  0.0  0.0  0.0  0.2  1.7  2.7  0.0
  9.1  0.0  0.4  9.6  4.2  0.2  4.4  4.6  0.0  0.0  0.0  0.0  0.0  0.0  0.0
  1.7  1.5  0.0  0.0  0.2  0.0  0.0  3.5  2.3  1.7  7.9 26.8  1.9  2.5  7.1
  1.2  0.4  0.2  1.5  0.4  0.4  0.2 40.1 29.7 28.2  3.1  4.6 13.9  8.9  0.0
     17.47      7.19     -5.80     -0.91     -0.15  0.2  0.0  0.0  0.2  0.0
                                     cont_story_0008_llm.txt 33.8  4.5 3151
 17.5 10.5  1.6100.6 30.5  2.5  7.6  1.0 48.6 11.4  2.5  4.8  0.3 10.5  0.0
  1.0  1.0 11.1 13.3  1.6  0.3214.9 69.8 33.6 60.3 27.3  9.2  9.8  1.3  2.2
  0.6  0.6 43.8 10.5  3.8 36.2  8.6  8.3  3.8  5.1  2.9  1.6  5.7  8.9  0.0
  1.6  9.2  3.5  4.8  8.9 22.2 33.0 10.5  2.5  4.1 64.1106.3  3.5169.2  7.3
  2.2  0.0  0.0  0.0  0.0  0.0  0.0  0.0  0.0  0.0  0.0  0.0  0.0  0.0  0.0
  0.0  0.0  0.0  7.6  1.9  4.8  1.9  0.3  0.0  0.0  0.0  0.0  0.3  0.0  1.9
  1.3  2.2  1.0  0.0  0.0  0.3  0.3  0.0  0.0  0.3  0.3  0.0  1.0  2.2  0.0
 16.2  0.3  0.3 16.8  6.3  0.6  7.3  3.5  0.0  0.0  0.0  0.0  0.0  0.0  0.0
  1.0  0.0  0.0  0.0  0.0  0.0  0.0 16.5  6.7  4.8 11.4 14.6  4.1  1.9  5.1
  2.5  0.6  3.5  2.2  1.6  1.0  1.3 25.4 25.7 23.8  1.3  3.2  6.7  3.5  0.0
     13.03      1.06      0.52      0.89      1.80  0.0  0.3  0.0  0.0  0.0
                                     cont_story_0009_llm.txt 36.8  4.4 1900
 15.3  8.4  1.1 52.1  8.4  0.0  4.7  1.1 84.7 12.6  0.5  3.7  1.1  3.7  1.1
  1.6  0.0  7.9 11.1  0.5  0.5225.8 73.7 28.9107.9 30.0 15.3 14.2  0.0  2.1
  0.5  1.1 33.2  7.4  7.4 37.9  7.4 10.5  3.7  3.7  1.6  1.6  5.3  6.8  0.5
  3.7  8.9  3.2  4.2  6.8 20.0 28.4 11.1  0.5  2.6 56.3123.2  2.6176.3  6.3
  0.5  0.0  0.0  0.0  0.0  0.0  0.0  0.0  0.0  0.0  0.0  0.0  0.0  0.0  0.0
  0.0  0.0  0.0  6.8  0.0  2.6  1.1  0.0  0.0  0.0  0.0  0.0  0.0  0.0  1.6
  0.5  1.6  1.1  0.0  0.0  0.5  0.0  0.0  0.0  0.0  0.5  0.5  1.6  2.6  0.0
 10.5  0.0  0.0 10.5  4.7  0.5  5.3  5.3  0.0  0.0  0.0  0.0  0.0  0.0  0.0
  0.5  0.0  0.5  0.0  0.0  0.0  0.0 13.7  2.1  2.6  7.4 18.4  5.8  1.6 10.5
  7.4  1.6  2.1  1.1  0.0  0.5  0.5 35.8 25.3 26.3  3.2  5.8  8.4  4.2  0.0
      2.78      4.72     -1.23      0.15      2.29  0.0  0.0  0.5  0.0  0.0
                                     cont_story_0010_llm.txt 34.8  4.5 3506
 16.0  7.1  7.4 42.5  7.1  0.0  4.8  1.1 10.3 14.0  1.1  5.1  1.4  7.1  1.1
  0.6  0.6  5.1  8.6  0.3  2.9259.8 73.3 25.7114.1 66.5 18.0 10.3  0.9  2.6
  0.6  2.0 15.7  6.8 12.8 31.9  7.4  6.3  0.6  3.1  0.9  2.3  4.8  4.3  0.6
  5.1 10.0  1.1  2.3  4.6 12.3 28.8 10.0  0.9  4.0 59.6 83.9  3.1176.0  9.1
  0.9  0.0  0.0  0.0  0.0  0.0  0.0  0.0  0.0  0.0  0.0  0.0  0.0  0.0  0.0
  0.0  0.0  0.0  2.3  0.3  5.1  1.1  0.0  0.0  0.0  0.0  0.0  0.0  0.3  0.3
  0.6  2.6  0.6  0.6  0.0  0.0  0.0  0.0  0.0  0.3  0.3  0.3  1.1  1.4  0.0
  8.8  0.0  0.3  9.1  4.6  0.0  4.8  3.1  0.0  0.0  0.0  0.0  0.0  0.0  0.0
  1.4  1.1  0.0  0.0  0.0  0.0  0.0 19.7  1.4  0.9 10.0 25.1  0.6  6.3  6.8
  3.7  0.9  1.1  2.0  1.4  0.9  0.6 39.6 16.0 26.8  1.7  3.7 10.6  4.3  0.0
      1.63      6.34     -2.44     -2.18      2.15  0.0  0.0  0.6  0.0  0.0
                                     cont_story_0011_llm.txt 33.5  4.4 2844
 20.7  7.4  8.1 61.2 16.5  1.8  3.2  2.1 18.6 18.3  0.7  4.9  0.4  7.7  0.4
  0.7  0.7  7.7 12.3  2.5  1.8248.2 77.4 33.4110.8 65.8 13.4 19.3  0.7  3.5
  0.7  1.1 22.9  5.3  8.1 38.3  4.6  3.2  4.2  1.1  0.4  1.8  6.0  5.3  1.1
  1.4  8.8  3.5  1.1  6.0 11.3 28.1  7.7  3.2  4.9 64.3100.9  3.2186.7  9.1
  0.7  0.0  0.0  0.0  0.0  0.0  0.0  0.0  0.0  0.0  0.0  0.0  0.0  0.0  0.0
  0.0  0.0  0.0  4.9  0.0  1.4  1.1  0.4  0.0  0.0  0.0  0.0  0.0  0.0  0.4
  0.0  1.8  0.0  0.0  0.0  0.0  0.0  0.0  0.4  0.7  0.4  0.0  1.8  1.8  0.0
  7.4  0.4  0.0  7.7  2.1  0.4  3.2  3.9  0.0  0.0  0.0  0.0  0.0  0.0  0.0
  0.0  0.0  0.0  0.0  0.0  0.0  0.0 17.6  3.2  1.4  9.8 19.0  2.1  6.3  6.0
  1.8  1.8  1.4  1.1  1.8  2.1  0.4 36.9 28.8 26.4  2.1  3.9  7.0  7.7  0.0
      7.12      6.99     -0.30     -3.14      2.17  1.1  0.0  0.0  0.0  0.0
                                     cont_story_0012_llm.txt 34.3  4.5 4909
 15.9  7.1  4.5 47.5 15.1  0.6  3.1  0.4 12.0 11.0  0.8  1.8  0.2  9.6  1.0
  0.6  1.2  4.9  5.1  1.0  0.4247.1 75.6 33.8113.7 87.4 15.5 14.9  0.2  2.6
  0.2  2.6 30.8  7.3 14.5 29.7  6.9  7.1  3.3  3.5  1.8  1.6  3.5  4.5  0.2
  4.3  9.0  1.2  2.0  3.5 13.9 22.0  9.0  2.2  3.1 63.4114.5  2.4175.4  6.7
  2.2  0.0  0.0  0.0  0.0  0.0  0.0  0.0  0.0  0.0  0.0  0.0  0.0  0.0  0.0
  0.0  0.0  0.0  4.9  0.0  2.6  1.4  0.2  0.0  0.0  0.0  0.0  0.0  0.0  0.6
  0.0  1.8  0.8  0.6  0.0  0.2  0.2  0.0  0.0  0.4  0.0  0.0  1.4  0.6  0.0
  9.0  0.2  0.0  9.2  3.9  0.4  4.7  2.0  0.0  0.0  0.0  0.0  0.0  0.0  0.0
  1.0  0.4  0.0  0.0  0.0  0.0  0.0 26.3  5.1  1.2  6.7 31.6  3.5  4.7  8.6
  2.9  1.0  4.1  4.3  0.8  0.0  0.8 39.1 28.1 20.2  2.6  6.1  9.4  6.5  0.0
      0.00      7.63     -2.32     -0.76      0.75  0.4  0.2  0.0  0.0  0.0
                                     cont_story_0013_llm.txt 32.5  4.2 3305
 13.9 10.0  6.1117.1  2.1  1.5  1.5  0.9 43.6  8.5  0.9  1.8  0.6  5.1  0.6
  0.0  0.3  3.0  4.2  0.6  0.3300.5 89.3 21.8 26.6 70.5  6.4 11.5  0.3  1.5
  0.0  1.2 19.1  7.3 14.5 22.7  6.1  2.4  0.6  2.4  2.4  0.9  1.8  3.9  0.0
  0.6  8.8  0.6  0.9  7.6  7.9 18.5  4.5  0.9  1.8 45.7116.2  0.9151.9  5.4
  0.9  0.0  0.0  0.0  0.0  0.0  0.0  0.0  0.0  0.0  0.0  0.0  0.0  0.0  0.0
  0.0  0.0  0.0  7.6  0.3  1.2  0.9  0.0  0.0  0.0  0.0  0.0  0.0  0.0  0.6
  0.0  1.8  0.6  0.3  0.0  0.0  0.0  0.3  0.0  0.0  0.0  0.0  1.8  0.6  0.0
 10.0  0.0  0.0 10.0  3.3  0.3  3.6  2.4  0.0  0.0  0.0  0.0  0.0  0.0  0.0
  0.0  1.2  0.0  0.0  0.0  0.0  0.0 13.9  3.3  0.0  6.1 36.3  3.0  4.8 10.9
  7.9  0.9  0.9  3.9  0.3  0.0  0.0 47.2 25.7 15.4  1.2  2.1  6.4  4.2  0.0
     -3.40      1.63     -3.96     -3.22     -1.70  0.0  0.3  0.0  0.3  0.0
                                     cont_story_0014_llm.txt 33.0  4.4 7125
 17.8  4.6  8.4 51.2 15.9  1.4  5.2  0.7 60.5 23.6  0.6  2.2  0.1  7.6  0.6
  0.3  1.3  5.9  5.1  0.8  2.1222.2 74.7 31.4124.2 42.8 12.4 10.9  0.4  1.7
  0.1  2.5 26.4  8.3 11.9 28.1  6.6  4.6  4.8  1.7  1.8  1.4  2.1  4.8  0.6
  4.5  4.9  0.3  1.3  7.0 12.4 16.4  9.8  2.1  2.2 68.4119.2  3.2191.3  8.0
  0.8  0.0  0.0  0.0  0.0  0.0  0.0  0.0  0.0  0.0  0.0  0.0  0.0  0.0  0.0
  0.0  0.0  0.0  2.5  0.1  1.4  1.3  0.3  0.0  0.1  0.0  0.0  0.0  0.1  0.3
  0.4  2.1  1.0  0.3  0.1  0.3  0.4  0.0  0.0  0.0  0.1  0.1  1.7  1.5  0.0
  5.3  0.4  0.1  5.9  4.1  0.8  4.9  3.5  0.0  0.0  0.0  0.0  0.0  0.0  0.0
  0.6  0.1  0.1  0.0  0.1  0.0  0.1 33.7  2.9  1.4  7.6 22.9  5.2  4.6  7.2
  3.9  0.8  3.1  1.7  0.4  0.7  0.4 42.7 26.1 16.7  2.2  9.5 11.9  8.6  0.0
      4.95      4.66     -2.51     -1.77      0.29  0.3  0.1  0.0  0.1  0.0
                                     cont_story_0015_llm.txt 36.5  4.4 4984
 15.2  5.0  4.2 44.1 12.4  0.4  3.4  1.0 65.4 11.4  0.8  3.6  0.8  5.0  0.2
  0.6  1.0  3.8  5.4  1.4  1.4255.0 72.2 22.5123.0 54.0 13.8 17.3  0.4  2.4
  0.2  1.8 28.3  7.8  9.8 27.7 11.0  5.4  3.8  2.2  0.8  1.2  2.8  5.0  0.4
  3.8  6.8  0.4  2.6  5.4 10.0 19.9  9.2  2.4  3.0 51.8131.8  2.4189.2 10.8
  1.2  0.0  0.0  0.0  0.0  0.0  0.0  0.0  0.0  0.0  0.0  0.0  0.0  0.0  0.0
  0.0  0.0  0.0  2.0  0.6  2.2  1.6  0.0  0.0  0.2  0.0  0.0  0.0  0.2  1.0
  1.0  2.6  1.4  0.6  0.0  0.0  0.0  0.2  0.0  0.0  0.6  0.0  1.2  0.6  0.0
  6.4  0.2  0.2  6.8  6.6  0.2  6.8  2.4  0.0  0.0  0.0  0.0  0.0  0.0  0.0
  0.4  0.2  0.0  0.0  0.0  0.0  0.0 24.9  3.0  2.0  9.4 22.5  2.2  4.4  5.6
  6.2  1.2  1.0  0.6  0.4  0.6  0.2 41.1 30.3 23.7  4.8  4.6  9.6  5.2  0.0
      0.68      6.57     -1.47     -2.22      0.43  0.2  0.0  0.0  0.2  0.0
                                     cont_story_0016_llm.txt 36.3  4.3 4714
 15.9  6.2 22.3123.7 17.4  2.1  5.1  1.3 27.6 22.3  3.4  1.1  0.2  7.2  2.3
  0.0  1.3  5.7  5.5  0.6  1.5267.7 80.0 26.5 33.3 63.2  6.6 16.5  0.2  0.2
  0.0  1.5 22.3 11.2 12.5 28.4  4.7  4.7  0.0  2.8  2.3  0.8  1.5  4.0  0.2
  0.4  5.3  1.5  0.2  5.5 12.7 16.1  4.7  1.9  0.4 55.4108.2  2.5160.6  9.8
  0.4  0.0  0.0  0.0  0.0  0.0  0.0  0.0  0.0  0.0  0.0  0.0  0.0  0.0  0.0
  0.0  0.0  0.0  3.0  0.0  3.0  1.3  0.0  0.2  0.0  0.0  0.0  0.0  0.0  0.2
  0.0  2.3  0.2  0.0  0.0  0.0  0.0  0.2  0.0  0.0  0.0  0.0  1.3  3.0  0.0
  7.2  0.2  0.0  7.4  2.8  0.2  3.0  4.2  0.0  0.0  0.0  0.0  0.0  0.0  0.0
  0.6  0.8  0.0  0.0  0.0  0.0  0.0  8.9  1.1  0.6  5.5 29.9  1.9  2.8 12.1
  3.4  1.1  1.3  1.7  0.0  0.2  0.0 39.0 22.9 22.3  0.2  1.7 10.0  3.6  0.0
      6.33      2.51     -5.21     -2.79     -1.79  0.0  0.0  0.0  0.0  0.0
                                     cont_story_0017_llm.txt 34.8  4.4 3324
 15.3  5.7  9.9120.0  9.6  0.6  3.6  0.9 16.5 14.4  0.6  1.2  0.3  4.5  0.6
  0.3  1.2  4.8  8.4  0.6  2.1266.8 85.4 23.5 22.6 72.8  9.3 14.4  0.3  0.6
  0.0  0.6 28.3  8.1 11.1 29.5  6.9  1.8  1.8  1.5  1.5  1.8  2.1  4.5  0.3
  1.8  6.3  2.7  3.9  7.5  8.1 18.1  6.6  1.8  0.9 52.6 99.0  1.2152.8  7.2
  1.2  0.0  0.0  0.0  0.0  0.0  0.0  0.0  0.0  0.0  0.0  0.0  0.0  0.0  0.0
  0.0  0.0  0.0  3.9  0.9  2.7  1.2  0.0  0.0  0.0  0.0  0.0  0.3  0.0  1.2
  0.0  2.4  0.3  0.6  0.0  0.0  0.0  0.0  0.0  0.6  0.0  0.0  0.6  0.3  0.0
  8.7  0.0  0.3  9.0  4.5  0.0  5.1  0.9  0.0  0.0  0.0  0.0  0.0  0.0  0.0
  0.6  0.3  0.0  0.0  0.0  0.0  0.0 54.5  3.6  1.5  6.9 23.5  4.8  5.1  8.7
  2.4  1.8  2.7  1.8  0.3  0.9  0.3 36.7 28.6 22.0  1.5  2.4  9.0  4.5  0.0
     -0.20      2.72     -3.63     -3.47     -0.81  0.6  8.7  0.0  0.0  0.0
                                     cont_story_0018_llm.txt 35.3  4.4 4432
 14.0 11.7  2.3 36.1 94.3  0.0  1.8  0.9  3.2 13.3  0.0  4.5  0.0  5.9  0.2
  0.2  0.5  5.2  8.6  2.0  2.0230.1 80.6 20.1135.8 65.2 16.7 20.3  0.0  1.4
  0.2  2.5 27.1  6.1  9.0 26.2  9.0  6.3  7.0  5.0  1.1  2.0  4.1  2.9  0.9
  4.1 10.4  2.7  1.4  6.8 12.6 30.9  7.9  2.5  1.6 47.8162.7  2.7186.6  5.2
  1.6  0.5  0.0  0.0  0.0  0.0  0.0  0.0  0.0  0.0  0.0  0.0  0.0  0.0  0.0
  0.0  0.0  0.0  9.5  0.9  2.0  0.9  0.2  0.0  0.0  0.0  0.0  0.0  0.0  1.4
  0.2  2.7  0.7  0.0  0.0  0.2  0.0  0.0  0.0  0.5  0.0  0.0  1.1  0.7  0.0
 13.3  0.2  0.0 13.5  5.0  0.2  5.6  1.8  0.0  0.0  0.0  0.0  0.0  0.0  0.0
  0.5  0.5  0.0  0.0  0.0  0.0  0.0 21.7  3.2  0.9  6.8 21.9  2.5  3.2  9.0
  7.4  1.4  0.0  2.5  0.2  0.2  0.2 39.0 40.2 23.2  3.4  1.8  9.3  5.0  0.0
      6.99      8.61     -1.23      0.76      1.36  0.0  0.0  0.2  0.0  0.0
                                     cont_story_0019_llm.txt 35.8  4.7 5045
 11.3  5.7  0.4 30.1  2.4  0.2  1.6  0.8 29.7  7.9  1.2  1.0  0.0  6.3  0.0
  0.8  0.6  5.0 11.1  1.4  1.2289.8 88.4 31.3115.4 66.8  9.9 16.5  1.2  2.4
  0.4  1.4 28.5  7.5  8.1 21.6  8.5  5.2  5.0  1.8  1.4  1.8  2.2  9.5  0.2
  6.1  6.9  2.4  2.0  4.6 11.5 22.2 15.9  2.0  4.0 60.7 98.9  2.8165.1  4.8
  1.2  0.0  0.0  0.0  0.0  0.0  0.0  0.0  0.0  0.0  0.0  0.0  0.0  0.0  0.0
  0.0  0.0  0.0  6.5  0.4  1.8  0.0  0.0  0.0  0.0  0.0  0.2  0.0  0.0  0.4
  0.6  0.8  0.8  0.4  0.0  0.0  0.0  0.2  0.0  0.8  0.0  0.2  1.2  0.2  0.0
  8.7  0.0  0.2  8.9  3.0  0.2  4.0  1.6  0.0  0.0  0.0  0.0  0.0  0.0  0.0
  0.0  0.0  0.0  0.0  0.0  0.0  0.0 20.0  5.0  0.8 10.1 19.8  2.4  5.7  7.9
  2.0  0.4  1.2  1.0  0.0  0.0  0.2 31.3 26.2 18.6  3.2  4.6  6.3  6.3  0.0
     -6.55      5.99     -0.05     -1.59      1.31  0.4  0.2  0.4  0.0  0.0
                                     cont_story_0020_llm.txt 35.3  4.4 3600
 15.6  8.9  2.8 76.7 73.6  0.6  3.1  0.8  8.1 19.7  1.7  3.1  0.6  5.6  1.9
  0.6  0.0  6.9  5.8  3.1  0.8230.3 80.8 20.0 91.1 56.9 14.7 16.7  1.1  0.0
  0.0  1.9 17.8  9.7 11.4 34.4 10.8  2.2  2.8  1.4  0.0  0.8  3.6  4.2  0.3
  2.2  8.1  2.5  3.1  8.9  9.2 20.3  6.7  3.1  1.1 54.2138.6  1.1186.9  7.2
  0.8  0.3  0.0  0.0  0.0  0.0  0.0  0.0  0.0  0.0  0.0  0.0  0.0  0.0  0.0
  0.0  0.0  0.0  6.4  0.0  3.3  0.8  0.0  0.3  0.0  0.0  0.0  0.0  0.0  2.2
  0.0  4.2  0.8  0.0  0.0  0.0  0.0  0.0  0.0  0.0  0.0  0.0  1.9  1.9  0.0
 10.6  0.3  0.0 10.8  7.2  0.0  7.2  3.9  0.0  0.0  0.0  0.0  0.0  0.0  0.0
  0.0  0.6  0.0  0.0  0.0  0.0  0.0 14.2  1.7  0.8  9.4 28.3  1.9  6.4  5.6
  2.8  0.8  0.6  1.9  0.6  0.8  0.0 38.6 30.3 25.0  1.9  7.5  8.9  5.8  0.0
      8.33      5.72     -4.50     -4.22      0.19  0.6  0.0  0.0  0.0  0.0
