                                4000_story_0004_llm_free.txt 38.3  4.6 3398
 10.0  2.6  6.2 47.4 10.0  1.2  4.1  0.6  7.9 23.2  1.8  0.9  0.3  7.1  0.3
  0.9  0.6  7.9 10.3  1.2  0.6294.0 84.5 35.6114.5 45.0 14.4 10.9  0.0  0.6
  0.0  2.6 25.0  6.5 10.0 27.4  5.0  3.2  3.8  1.5  0.3  1.5  1.8  6.8  0.0
  2.6  5.3  0.6  2.1  3.8 11.5 20.6  9.4  1.8  0.6 67.1 63.0  1.2176.3  6.8
  2.6  0.0  0.0  0.0  0.0  0.0  0.0  0.0  0.0  0.0  0.0  0.0  0.0  0.0  0.0
  0.0  0.0  0.0  2.1  0.6  0.6  0.6  0.0  0.0  0.0  0.0  0.3  0.0  0.0  0.0
  0.0  0.9  1.2  0.3  0.0  0.6  0.0  0.0  0.0  0.6  0.0  0.0  1.5  0.0  0.0
  3.8  0.0  0.3  4.1  2.4  0.6  3.5  1.5  0.0  0.0  0.0  0.0  0.0  0.0  0.0
  0.0  0.3  0.0  0.0  0.0  0.0  0.0  7.7  3.2  0.9  8.8 36.5  6.2  4.1 14.4
  1.2  0.6  2.1  2.6  0.3  1.2  0.3 29.7 19.4 14.1  1.8  6.5  8.8  9.7  0.0
     -2.92      4.83     -2.36     -3.20     -0.64  0.3  0.0  0.0  0.0  0.0
                                4000_story_0005_llm_free.txt 35.0  4.4 3765
 16.7  4.5  4.5 41.7 12.2  1.3  3.5  0.8 10.9 19.1  0.3  0.8  0.8  5.0  0.5
  0.5  2.1  6.6  9.8  1.3  1.6245.2 74.6 30.8119.5 67.5 13.5  9.8  0.5  0.8
  0.3  1.3 14.1 12.2  8.0 38.0  8.8  2.7  2.9  2.1  1.3  2.7  4.5  4.0  0.3
  6.6  6.4  1.9  2.4  3.7 10.6 20.5 10.9  3.5  1.6 63.5 90.6  1.9179.3  7.7
  0.8  0.3  0.0  0.0  0.0  0.0  0.0  0.0  0.0  0.0  0.0  0.0  0.0  0.0  0.0
  0.0  0.0  0.0  2.1  0.5  3.5  1.1  0.0  0.3  0.0  0.0  0.0  0.0  0.0  0.8
  0.0  1.6  1.3  0.5  0.0  0.0  0.0  0.0  0.0  0.0  0.0  0.3  2.7  0.8  0.0
  7.2  0.3  0.0  7.4  4.2  0.0  4.2  3.7  0.0  0.0  0.0  0.0  0.0  0.0  0.0
  0.3  0.3  0.0  0.0  0.0  0.0  0.0  6.4  2.7  2.4  6.4 34.5  0.8 12.2 10.9
  0.8  1.1  1.3  2.4  0.3  1.1  0.0 36.7 16.7 21.8  3.5 10.4 14.3 11.2  0.0
      1.64      5.63     -4.60     -2.37      2.15  0.0  0.0  0.3  0.0  0.0
                                4000_story_0007_llm_free.txt 36.5  4.4 3131
 14.1  2.6  6.4 40.6 10.2  1.3  3.5  1.9 10.5 27.1  0.0  1.9  0.3  5.4  0.3
  0.0  2.2  6.7 11.5  0.6  2.2259.3 76.7 32.6125.5 59.7 13.4 10.5  0.3  0.6
  0.3  2.9 14.7 10.5 16.6 29.7  5.1  2.2  2.9  1.0  0.6  2.9  3.5  7.0  0.6
  3.5  6.7  0.6  1.6  5.7  9.6 24.0 11.2  2.9  1.3 63.9 80.5  1.0180.5  8.3
  1.9  0.0  0.0  0.0  0.0  0.0  0.0  0.0  0.0  0.0  0.0  0.0  0.0  0.0  0.0
  0.0  0.0  0.0  1.0  0.6  1.0  2.2  0.0  0.0  0.0  0.0  0.0  0.0  0.0  0.0
  0.0  1.6  0.6  1.0  0.0  0.0  0.0  0.0  0.0  0.0  0.0  0.0  1.6  0.6  0.0
  4.8  0.0  0.0  4.8  3.2  0.0  3.2  2.2  0.0  0.0  0.0  0.0  0.0  0.0  0.0
  0.0  0.0  0.0  0.0  0.3  0.0  0.0  7.0  4.2  0.6  5.1 30.3  3.8  4.8  8.9
  2.6  1.9  1.6  2.2  0.3  1.0  0.0 39.0 16.9 20.1  1.0  6.7 10.5  5.7  0.0
      1.96      5.59     -5.73     -3.26      1.26  0.3  0.3  0.0  0.0  0.0
                                4000_story_0008_llm_free.txt 38.0  4.6 2742
 15.7  4.0  7.3 41.9  8.8  1.1  4.4  0.4  7.3 16.0  0.7  0.7  0.0  6.6  0.4
  0.4  1.8  3.3 11.3  2.2  1.1283.7 86.1 27.7128.0 51.4 15.0 11.7  0.0  2.6
  0.0  1.5 31.7  8.4 15.3 26.6  5.1  2.2  3.3  1.1  1.5  2.9  4.0  8.4  0.7
  8.8  6.2  0.4  0.0  5.1  6.9 20.8 17.9  4.0  2.6 58.0 67.5  0.7187.1  6.6
  1.8  0.0  0.0  0.0  0.0  0.0  0.0  0.0  0.0  0.0  0.0  0.0  0.0  0.0  0.0
  0.0  0.0  0.0  1.1  1.5  1.1  1.5  0.0  0.0  0.0  0.0  0.0  0.0  0.0  0.7
  0.0  0.4  1.1  1.1  0.0  0.0  0.0  0.0  0.0  0.4  0.4  0.0  2.2  0.7  0.0
  5.1  0.0  0.0  5.1  3.3  0.0  3.6  3.3  0.0  0.0  0.0  0.0  0.0  0.0  0.0
  0.0  0.4  0.0  0.0  0.0  0.0  0.0 10.9  1.5  1.1  5.8 25.5  5.8  4.7 11.7
  2.6  1.1  3.3  1.1  0.0  1.8  0.4 33.6 23.3 16.4  0.7  9.1 10.9  9.8  0.0
     -1.34      5.81     -3.42     -2.67      3.54  1.1  0.0  0.0  0.4  0.0
                                4000_story_0009_llm_free.txt 35.8  4.6 3536
  9.6  3.7  4.5 30.5  3.7  0.3  2.8  1.1  4.0 15.6  0.8  0.3  0.3  6.2  0.8
  0.3  0.3  4.5 10.5  1.4  1.4286.2 90.2 42.7115.7 48.4 11.9  8.5  0.3  0.3
  0.0  0.8 22.6  9.3 18.7 27.1  5.1  4.8  2.0  1.4  1.1  2.3  3.7  5.4  0.3
  5.7  4.5  0.8  2.5  1.7 10.5 17.5 11.3  1.7  0.6 71.8 56.0  2.0163.2  5.1
  1.7  0.0  0.0  0.0  0.0  0.0  0.0  0.0  0.0  0.0  0.0  0.0  0.0  0.0  0.0
  0.0  0.0  0.0  1.1  0.8  1.7  0.8  0.0  0.0  0.0  0.0  0.0  0.0  0.0  0.0
  0.0  0.8  0.3  0.6  0.0  0.3  0.0  0.0  0.0  0.0  0.0  0.0  1.4  1.7  0.0
  4.5  0.0  0.0  4.5  1.7  0.3  2.0  3.1  0.0  0.0  0.0  0.0  0.0  0.0  0.0
  0.0  0.3  0.0  0.0  0.3  0.0  0.0 13.3  2.8  1.1  8.5 27.1  4.0  7.6 16.1
  1.4  2.8  5.1  2.0  0.0  0.6  0.3 36.8 13.0 14.4  1.7  6.8 13.3  8.2  0.0
     -7.56      4.08     -6.53     -2.74      1.53  0.0  0.0  0.0  0.0  0.0
                                4000_story_0010_llm_free.txt 34.5  4.5 3247
 15.7  4.6  5.5 37.6 10.5  2.2  2.2  0.9 16.0 28.3  0.3  0.6  0.6  6.2  0.3
  0.3  1.2  4.3  8.9  1.5  0.9260.2 88.4 38.2117.3 47.7 16.0  7.4  0.3  0.9
  0.3  2.8 20.9  5.2 13.6 31.7  5.5  5.5  2.8  2.2  1.8  1.8  4.0  6.8  0.3
  3.1  7.1  1.2  2.5  3.1 11.7 21.6 10.2  2.8  1.5 69.6 74.2  0.3174.0  8.3
  1.5  0.0  0.0  0.0  0.0  0.0  0.0  0.0  0.0  0.0  0.0  0.0  0.0  0.0  0.0
  0.0  0.0  0.0  2.8  0.9  1.8  1.2  0.0  0.0  0.0  0.0  0.0  0.0  0.3  1.2
  0.3  1.2  1.2  0.0  0.0  0.3  0.0  0.0  0.0  0.3  0.3  0.0  3.4  0.3  0.0
  6.8  0.0  0.3  7.1  4.0  0.3  4.6  4.0  0.0  0.0  0.0  0.0  0.0  0.0  0.0
  0.6  0.0  0.0  0.0  0.0  0.0  0.0  8.3  1.2  1.5  7.7 32.3  3.4  4.6 12.0
  2.2  0.3  2.8  6.8  0.0  1.2  0.0 36.3 16.9 18.8  1.5  8.6 10.8  9.5  0.0
     -1.00      4.70     -2.91     -1.79      1.13  0.3  0.0  0.0  0.0  0.0
                                4000_story_0013_llm_free.txt 34.5  4.6 3153
 13.6  2.9  1.0 34.6  6.7  0.6  2.5  1.0  5.1 15.9  0.6  0.6  0.6  3.5  0.6
  1.3  1.9  4.8 10.5  1.0  1.6283.5 90.1 39.6118.6 57.7 14.6  8.2  0.0  0.3
  0.3  2.5 39.3  5.7 13.6 32.7  4.1  3.2  1.6  2.2  0.6  2.5  2.9  7.0  1.0
  3.8  3.8  2.2  2.2  3.2  8.6 19.7 11.7  2.9  0.6 72.6 69.5  1.3170.9  5.7
  2.9  0.0  0.0  0.0  0.0  0.0  0.0  0.0  0.0  0.0  0.0  0.0  0.0  0.0  0.0
  0.0  0.0  0.0  1.0  1.0  1.6  1.6  0.0  0.0  0.0  0.0  0.0  0.0  0.0  0.6
  0.0  1.3  0.0  0.0  0.0  0.6  0.0  0.0  0.0  0.3  0.0  0.0  3.5  0.0  0.0
  5.1  0.0  0.0  5.1  1.9  0.6  2.9  3.5  0.0  0.0  0.0  0.0  0.0  0.0  0.0
  0.0  0.6  0.0  0.0  0.0  0.0  0.0 12.7  3.2  1.3  7.3 28.5  1.3  2.9 28.9
  1.0  1.3  1.9  3.2  0.3  0.3  0.6 30.4 15.5 17.1  1.9  9.8 10.5  9.2  0.0
     -5.34      5.07     -2.41     -3.01      1.17  0.0  0.3  0.0  0.0  0.0
                                4000_story_0014_llm_free.txt 33.5  4.4 3044
 17.7  4.3  6.6 37.8  6.2  1.6  1.0  1.3 11.5 26.3  0.3  0.7  0.3  4.3  0.3
  0.0  1.3  4.3  9.9  0.7  2.3266.1 88.7 29.9114.7 53.9 15.1  7.6  0.3  0.3
  0.0  1.6 20.7  7.9 11.5 29.9  6.2  3.0  2.0  1.6  0.7  2.6  1.6  4.3  0.7
  6.9  8.9  1.3  2.3  4.3  7.9 22.7 11.8  2.0  0.7 65.0 71.6  0.3167.2  7.6
  2.0  0.0  0.0  0.0  0.0  0.0  0.0  0.0  0.0  0.0  0.0  0.0  0.0  0.0  0.0
  0.0  0.0  0.0  2.0  0.0  3.3  0.7  0.3  0.0  0.0  0.0  0.0  0.0  0.0  0.3
  0.0  0.0  1.3  0.3  0.0  0.3  0.3  0.3  0.0  0.0  0.0  0.0  1.6  1.3  0.0
  5.9  0.3  0.0  6.2  2.0  1.0  3.0  3.0  0.0  0.0  0.0  0.0  0.0  0.0  0.0
  0.0  0.3  0.0  0.0  0.0  0.0  0.0 13.8  3.9  2.0  5.3 31.2  8.5  5.6 12.8
  0.3  1.3  2.0  3.9  0.3  0.3  0.0 35.2 14.1 19.4  2.0  6.2  8.2  9.9  0.0
     -2.63      4.74     -3.96     -3.15      0.78  0.0  0.0  0.3  0.0  0.0
                                4000_story_0016_llm_free.txt 36.0  4.4 3311
 15.4  6.9  8.5 34.7 10.6  0.6  2.4  0.9 15.4 17.8  0.6  0.6  0.3  5.4  0.3
  0.6  0.6  4.2  8.5  0.6  0.6272.7 89.1 28.7128.7 64.9 11.5 11.5  0.3  0.6
  0.3  2.7 19.6  9.7 18.1 34.4  4.8  1.2  2.7  2.1  1.5  1.2  3.3  4.2  0.0
  4.5  5.7  1.2  1.8  4.5  6.9 19.6  8.8  1.2  1.2 59.5 90.9  1.5179.4  6.3
  2.4  0.0  0.0  0.0  0.0  0.0  0.0  0.0  0.0  0.0  0.0  0.0  0.0  0.0  0.0
  0.0  0.0  0.0  3.0  0.6  2.4  2.1  0.0  0.0  0.0  0.0  0.0  0.0  0.0  0.3
  0.3  0.9  0.3  0.9  0.0  0.0  0.0  0.0  0.0  0.0  0.0  0.0  2.4  0.6  0.0
  8.2  0.0  0.0  8.2  2.7  0.0  2.7  3.0  0.0  0.0  0.0  0.0  0.0  0.0  0.0
  0.3  0.6  0.0  0.0  0.0  0.0  0.0 16.0  2.4  1.5  8.2 27.8  4.8  4.5 25.1
  2.4  2.7  1.8  2.4  0.6  1.2  0.0 40.2 18.4 15.7  0.3  8.5 12.4  9.7  0.0
     -4.48      5.72     -5.95     -3.28      0.55  0.3  0.0  0.0  0.0  0.0
                                4000_story_0018_llm_free.txt 39.8  4.4 3377
 21.9  8.9  8.6 48.6 14.8  1.2  4.7  1.2 16.0 21.6  0.3  1.5  0.6  4.7  0.6
  0.6  2.1  6.5 10.1  0.6  1.2253.2 77.6 26.9125.9 63.7 10.7 12.1  0.3  0.9
  0.0  2.7 21.9  9.5 11.5 35.5  9.5  2.1  3.0  1.5  1.2  3.3  1.8  7.7  0.3
  4.4  6.2  1.2  1.8  3.3  9.8 21.9 12.4  2.7  1.2 59.8 94.5  2.1194.0  5.6
  0.6  0.0  0.0  0.0  0.0  0.0  0.0  0.0  0.0  0.0  0.0  0.0  0.0  0.0  0.0
  0.0  0.0  0.0  5.3  0.3  5.0  1.2  0.0  0.0  0.0  0.0  0.0  0.0  0.3  1.5
  0.9  2.1  0.9  0.9  0.0  0.3  0.0  0.0  0.0  0.3  0.0  0.0  5.0  0.9  0.0
 11.8  0.0  0.3 12.1  6.2  0.3  6.8  5.9  0.0  0.0  0.0  0.0  0.0  0.0  0.0
  0.3  0.9  0.0  0.0  0.0  0.0  0.0  9.8  3.0  1.2  8.6 19.5  4.7 18.1  6.5
  0.9  1.2  1.5  2.1  0.3  1.5  0.0 47.4 21.6 25.2  1.5  7.4 10.7  7.7  0.0
      3.82      5.54     -4.02     -2.62      0.31  0.6  0.0  0.0  0.0  0.0
                                4000_story_0019_llm_free.txt 38.5  4.4 3760
 18.6  5.3  3.2 35.6 10.6  0.0  3.2  1.1 13.3 15.4  0.8  2.9  0.5  4.8  0.0
  0.5  1.6  4.8  9.6  1.1  2.4270.2 84.8 34.8130.9 70.7  9.0 13.3  0.8  1.1
  0.3  1.3 23.9  8.2 19.1 33.2  5.3  2.1  1.3  1.3  0.8  0.5  3.7  5.6  0.3
  5.1  4.0  0.5  2.7  3.5  7.7 19.1 10.9  2.7  2.1 59.3 94.7  1.6184.8  7.2
  0.8  0.0  0.0  0.0  0.0  0.0  0.0  0.0  0.0  0.0  0.0  0.0  0.0  0.0  0.0
  0.0  0.0  0.0  2.1  0.8  1.1  1.9  0.3  0.0  0.0  0.0  0.0  0.0  0.0  0.0
  0.3  1.3  0.8  0.8  0.0  0.3  0.3  0.0  0.0  0.0  0.0  0.0  2.1  1.1  0.0
  5.9  0.3  0.0  6.1  3.2  0.5  3.7  3.2  0.0  0.0  0.0  0.0  0.0  0.0  0.0
  0.3  0.3  0.0  0.0  0.0  0.0  0.0 13.3  1.9  1.3  6.6 30.6  4.3  3.7 25.8
  1.3  0.8  4.5  2.1  0.3  1.9  0.8 37.8 17.6 20.5  2.1  9.8 13.0  9.6  0.0
     -1.26      5.92     -5.51     -4.47      1.38  0.0  0.3  0.0  0.0  0.0
                                4000_story_0020_llm_free.txt 36.5  4.6 3553
 16.9  5.3  6.2 39.1 11.3  0.6  2.5  1.4 12.1 14.9  0.0  0.0  0.3  5.9  0.8
  0.6  2.5  2.3  7.3  2.0  0.3286.5 80.2 37.4125.5 56.6  9.6 12.4  0.0  1.4
  0.8  0.8 29.6  6.2 12.7 29.0  5.1  2.3  4.8  1.7  1.4  1.7  3.7  6.8  0.6
  3.1  3.7  1.1  1.4  5.1  5.9 13.5 10.4  4.5  2.3 71.2 79.9  1.4180.4  9.0
  1.7  0.0  0.0  0.0  0.0  0.0  0.0  0.0  0.0  0.0  0.0  0.0  0.0  0.0  0.0
  0.0  0.0  0.0  2.5  0.0  3.1  1.1  0.0  0.0  0.0  0.0  0.0  0.0  0.0  0.3
  0.3  2.0  1.1  0.0  0.0  0.6  0.0  0.0  0.0  0.0  0.6  0.0  1.7  1.1  0.0
  6.8  0.0  0.0  6.8  3.7  0.6  4.2  3.4  0.0  0.0  0.0  0.0  0.0  0.0  0.0
  0.0  0.8  0.3  0.0  0.0  0.0  0.0 15.2  0.6  1.4  9.6 32.4  4.2 11.3 18.0
  2.5  1.4  2.3  3.7  0.0  1.7  0.8 34.1 20.3 22.5  2.5  8.7  9.9  7.3  0.0
     -2.16      5.05     -2.33     -2.41      1.12  0.0  0.3  1.1  0.0  0.0
                                4000_story_0022_llm_free.txt 35.5  4.5 3544
 14.1  6.5  5.1 35.3  6.2  0.3  1.7  0.8 13.0 16.4  0.0  0.8  0.0  5.1  0.6
  0.3  1.4  3.4  7.6  1.4  2.0280.5 95.1 39.8120.8 60.1 14.1 10.2  0.0  0.3
  0.8  0.8 28.2  4.8 13.8 27.9  7.1  1.7  4.2  1.4  0.8  2.0  2.5  6.5  0.0
  5.6  4.8  1.4  2.8  2.3  5.9 15.5 12.1  2.8  1.1 59.8 79.3  1.4173.3  7.1
  2.0  0.0  0.0  0.0  0.0  0.0  0.0  0.0  0.0  0.0  0.0  0.0  0.0  0.0  0.0
  0.0  0.0  0.0  2.8  0.6  3.7  0.6  0.0  0.0  0.0  0.0  0.0  0.0  0.0  1.1
  0.0  1.7  0.3  0.0  0.0  0.0  0.0  0.0  0.0  0.6  0.0  0.3  2.0  0.0  0.0
  7.6  0.0  0.0  7.6  3.1  0.0  3.7  2.3  0.0  0.0  0.0  0.0  0.0  0.0  0.0
  0.0  0.6  0.0  0.0  0.0  0.0  0.0 13.0  2.5  2.8  7.6 20.6  2.8  6.8 24.8
  3.7  1.1  2.8  3.1  0.0  0.6  0.6 37.8 16.4 16.9  0.3  8.5 11.0  7.3  0.0
     -4.86      5.51     -2.87     -3.00      0.76  0.3  0.0  0.0  0.0  0.0
                                4000_story_0188_llm_free.txt 35.5  4.4 3302
 16.7  5.5  4.8 33.9 10.3  2.7  3.0  0.3  9.1 20.9  1.2  0.0  0.3  3.6  0.0
  0.6  1.5  2.4  7.0  1.5  1.2271.4 89.6 27.6116.9 65.4 13.0  6.7  0.3  0.0
  0.3  2.7 16.1  7.6 14.8 31.5  4.5  5.8  2.4  1.2  1.5  0.6  2.4  4.8  0.0
  5.8  5.8  0.6  2.4  6.1  9.7 16.7 10.6  3.0  0.6 68.1 84.8  1.2171.1  6.1
  1.8  0.0  0.0  0.0  0.0  0.0  0.0  0.0  0.0  0.0  0.0  0.0  0.0  0.0  0.0
  0.0  0.0  0.0  1.8  1.2  2.7  0.6  0.0  0.0  0.0  0.0  0.0  0.0  0.0  0.9
  0.3  0.6  0.9  0.0  0.0  0.0  0.0  0.0  0.0  0.6  0.0  0.0  2.1  0.3  0.0
  6.4  0.0  0.0  6.4  2.7  0.0  3.3  2.4  0.0  0.0  0.0  0.0  0.0  0.0  0.0
  0.3  0.0  0.0  0.0  0.0  0.0  0.0 11.5  0.6  1.8  6.1 28.2  9.1  3.0  8.2
  2.7  1.8  0.6  3.0  0.3  0.3  0.0 36.6 15.1 23.0  1.2  7.0 11.2  8.5  0.0
     -3.81      4.76     -4.77     -2.94      0.48  0.3  0.0  0.0  0.0  0.0
                                4000_story_0190_llm_free.txt 35.3  4.6 2980
 18.1  5.0  5.4 32.6  5.0  1.0  1.7  0.7 10.1 18.5  0.3  1.0  0.3  5.7  0.3
  0.0  0.7  3.4 10.1  0.3  1.3273.2 97.0 34.9117.1 47.0 15.4  9.4  0.7  1.0
  0.3  1.0 31.2 10.4 12.8 28.5  7.0  2.3  2.7  2.7  2.3  0.7  3.7  4.4  0.3
  7.7  5.4  1.0  2.0  3.4  8.1 20.1 12.4  1.0  2.0 66.8 62.1  0.7173.8  4.0
  0.3  0.0  0.0  0.0  0.0  0.0  0.0  0.0  0.0  0.0  0.0  0.0  0.0  0.0  0.0
  0.0  0.0  0.0  2.7  0.7  2.3  0.0  0.0  0.0  0.0  0.0  0.0  0.0  0.0  0.0
  0.3  1.0  1.3  0.3  0.0  0.0  0.0  0.0  0.0  0.0  0.3  0.0  0.7  0.7  0.0
  5.7  0.0  0.0  5.7  3.0  0.0  3.0  1.7  0.0  0.0  0.0  0.0  0.0  0.0  0.0
  0.0  0.0  0.0  0.0  0.0  0.0  0.0 10.7  3.7  1.0  6.4 42.3  4.4 12.4 12.4
  1.7  2.0  3.4  2.0  0.0  2.3  0.0 34.6 15.1 18.5  2.3  7.7 10.1  9.1  0.0
     -6.37      4.92     -3.63     -2.57      2.09  0.7  0.0  0.0  0.0  0.0
                                4000_story_0198_llm_free.txt 35.0  4.6 3522
 17.0  5.7  8.5 37.8  5.1  0.3  1.4  0.6 12.5 18.7  0.0  0.6  0.6  7.7  0.3
  0.9  1.7  5.7  7.7  0.9  1.1281.4 83.5 27.5124.4 44.6 10.8  9.7  0.0  1.1
  0.0  1.7 26.7  6.8 13.9 32.7  6.2  1.4  2.6  1.7  0.6  1.4  2.6  5.7  0.3
  2.3  4.3  1.1  3.1  4.0  7.7 15.9  8.2  2.6  1.1 61.0 62.2  1.1174.6  6.5
  1.4  0.0  0.0  0.0  0.0  0.0  0.0  0.0  0.0  0.0  0.0  0.0  0.0  0.0  0.0
  0.0  0.0  0.0  2.6  0.3  2.8  1.7  0.0  0.0  0.0  0.0  0.0  0.0  0.0  1.1
  0.0  1.1  0.6  0.3  0.0  0.0  0.0  0.0  0.0  0.0  0.0  0.0  0.9  0.9  0.0
  7.4  0.0  0.0  7.4  3.1  0.0  3.1  1.7  0.0  0.0  0.0  0.0  0.0  0.0  0.0
  0.0  0.3  0.0  0.0  0.0  0.0  0.0  8.5  1.4  0.0  6.2 20.2  6.2  5.7 13.3
  6.0  1.4  0.9  0.9  0.3  1.4  0.0 32.4 15.0 19.3  1.4 10.5 15.3  9.9  0.0
     -1.94      4.21     -3.87     -3.83     -0.22  0.6  0.3  0.0  0.3  0.0
                                4000_story_0199_llm_free.txt 34.0  4.5 3136
  9.9  4.5  5.4 33.5  5.7  1.9  1.6  1.3  9.9 19.5  0.6  0.6  0.3  2.6  0.6
  0.6  1.3  5.1  9.6  0.3  1.6276.8 85.8 33.2129.5 57.1 15.3 12.8  0.0  0.3
  0.3  1.6 21.0  9.6 18.5 28.1  4.8  2.9  1.3  0.6  1.3  2.2  2.6  6.1  0.0
  3.8  6.4  1.3  2.9  6.7  9.2 18.8  9.9  1.6  0.6 67.6 72.7  0.3178.3  6.1
  0.6  0.0  0.0  0.0  0.0  0.0  0.0  0.0  0.0  0.0  0.0  0.0  0.0  0.0  0.0
  0.0  0.0  0.0  1.9  0.0  2.9  1.3  0.0  0.0  0.0  0.0  0.0  0.0  0.0  0.0
  0.0  1.3  0.6  0.3  0.0  0.0  0.0  0.0  0.0  0.0  0.0  0.0  1.9  0.3  0.0
  6.1  0.0  0.0  6.1  2.2  0.0  2.2  2.2  0.0  0.0  0.0  0.0  0.0  0.0  0.0
  0.0  0.0  0.0  0.0  0.0  0.0  0.0  9.6  3.5  1.3  7.0 50.1  3.5  5.1  7.7
  0.3  1.9  2.6  2.2  0.0  1.6  0.3 36.7 17.9 15.0  2.2 10.2  9.6  8.3  0.0
     -5.75      6.37     -6.29     -3.72      0.12  0.0  0.0  0.0  0.3  0.0
                                4000_story_0201_llm_free.txt 38.0  4.3 3403
 19.4  6.5  9.1 50.5 12.6  2.1  5.3  1.2 17.3 17.0  1.2  2.1  0.3  8.2  0.3
  0.6  1.8  5.9 11.2  0.6  1.2242.1 80.2 33.5130.5 81.1 13.8 12.3  0.3  1.2
  0.0  1.5 17.0  7.1 14.1 32.9  6.2  4.7  4.1  1.2  0.9  2.1  2.1  3.5  0.3
  4.4  4.1  0.6  2.4  3.8 11.5 20.0  8.2  2.4  1.5 58.2111.1  1.8191.9  5.0
  1.2  0.0  0.0  0.0  0.0  0.0  0.0  0.0  0.0  0.0  0.0  0.0  0.0  0.0  0.0
  0.0  0.0  0.0  3.2  0.0  2.4  1.8  0.0  0.0  0.0  0.0  0.0  0.0  0.3  0.6
  0.0  1.5  0.9  0.6  0.0  0.6  0.0  0.0  0.0  0.0  0.0  0.0  2.4  1.2  0.0
  7.3  0.0  0.3  7.6  3.5  0.6  4.1  3.5  0.0  0.0  0.0  0.0  0.0  0.0  0.0
  0.0  0.6  0.0  0.0  0.0  0.0  0.0  7.3  1.5  0.9  7.6 40.0  4.4 12.3 12.9
  0.6  2.9  1.5  5.3  0.0  0.6  0.0 36.4 25.3 22.9  3.2  9.4 15.9  9.1  0.0
      4.04      7.11     -4.57     -2.38     -0.16  0.3  0.0  0.0  0.0  0.0
                                4000_story_0203_llm_free.txt 36.0  4.4 3517
 13.1  4.5 10.0 44.6 14.2  0.3  4.8  1.1 16.5 16.5  0.3  1.4  0.3  5.1  1.1
  0.6  1.7  4.0  8.0  1.4  2.0257.3 83.0 26.4125.7 53.2 15.4 10.2  0.0  1.4
  0.0  2.3 11.9  8.0 14.2 34.4  6.5  2.6  3.1  2.3  2.8  2.8  3.1  3.7  0.6
  4.0  5.7  1.1  2.8  4.3  9.4 19.6  8.2  3.1  1.4 53.5 83.9  1.1181.1  6.5
  1.7  0.0  0.0  0.0  0.0  0.0  0.0  0.0  0.0  0.0  0.0  0.0  0.0  0.0  0.0
  0.0  0.0  0.0  2.0  0.6  2.8  1.1  0.0  0.0  0.0  0.0  0.0  0.0  0.0  0.6
  0.3  2.0  0.3  0.6  0.0  0.0  0.0  0.0  0.0  0.3  0.3  0.0  2.8  0.6  0.0
  6.5  0.0  0.0  6.5  3.7  0.0  4.0  3.7  0.0  0.0  0.0  0.0  0.0  0.0  0.0
  0.3  0.0  0.0  0.0  0.0  0.0  0.0  9.4  1.7  1.1  6.8 32.1  2.0  6.5 12.8
  0.9  0.6  1.1  1.4  0.0  0.9  0.0 36.4 17.6 17.9  2.0  9.4 12.5 10.5  0.0
      0.30      5.62     -5.05     -1.46      0.61  0.6  0.0  0.0  0.0  0.0
                                4000_story_0205_llm_free.txt 35.3  4.5 3348
 16.7  6.3  4.5 33.2  7.5  0.6  2.1  0.9 14.3 16.7  0.9  0.9  0.3  6.3  0.3
  0.0  1.2  2.7 12.5  1.5  0.9271.8 83.3 31.7124.9 62.1 22.7 10.8  0.6  1.5
  0.3  1.5 31.1  6.3 12.5 31.1  7.2  3.9  3.3  1.8  1.2  2.7  3.3  6.0  0.6
  4.2  4.8  3.0  3.3  5.1  7.8 21.5 10.8  2.7  2.4 57.6 83.9  0.6174.7  4.8
  1.2  0.3  0.0  0.0  0.0  0.0  0.0  0.0  0.0  0.0  0.0  0.0  0.0  0.0  0.0
  0.0  0.0  0.0  4.2  0.0  3.0  2.1  0.3  0.0  0.0  0.0  0.0  0.0  0.0  2.1
  0.3  1.8  0.3  0.0  0.0  0.0  0.0  0.0  0.0  0.6  0.0  0.0  3.3  0.9  0.0
  9.3  0.3  0.0  9.6  4.5  0.0  5.1  4.2  0.0  0.0  0.0  0.0  0.0  0.0  0.0
  0.3  0.9  0.0  0.0  0.0  0.0  0.0 18.8  3.6  0.6  8.7 29.6  8.4  6.0 13.7
  2.4  1.5  3.3  3.0  0.6  0.9  0.0 39.4 25.7 24.5  1.5  7.2 10.5  6.6  0.0
     -2.64      7.50     -2.19     -2.16      1.14  0.6  0.0  0.0  0.0  0.0
                                4000_story_0208_llm_free.txt 32.3  4.2 3428
 21.6  6.4  7.9 47.3 15.5  1.8  4.1  1.2 18.7 19.3  0.9  1.2  0.0  4.1  0.3
  0.9  2.0  4.1  7.3  2.3  0.9250.0 83.7 23.3129.8 69.4 11.7 12.5  0.3  1.5
  0.0  2.0 16.3  8.8 19.5 30.9  9.3  2.6  5.3  2.3  1.8  1.8  0.6  3.8  0.6
  5.0  5.8  0.9  2.0  6.1  8.5 18.7  9.3  4.4  1.8 49.3103.6  0.6187.9  3.5
  0.9  0.0  0.0  0.0  0.0  0.0  0.0  0.0  0.0  0.0  0.0  0.0  0.0  0.0  0.0
  0.0  0.0  0.0  3.2  0.3  2.6  2.3  0.0  0.0  0.0  0.0  0.0  0.0  0.0  1.2
  0.0  2.0  1.2  0.3  0.0  0.0  0.0  0.3  0.0  0.3  0.0  0.3  2.3  0.6  0.0
  8.5  0.0  0.0  8.5  4.7  0.3  5.3  3.2  0.0  0.0  0.0  0.0  0.0  0.0  0.0
  0.0  0.3  0.0  0.0  0.0  0.0  0.0  9.0  2.3  0.3  8.5 27.1  2.3  5.3 23.0
  2.9  1.5  1.2  4.1  0.3  0.6  0.0 40.0 25.4 23.3  2.0  5.8 13.4 10.2  0.0
      2.91      6.20     -6.24     -1.69     -0.64  0.3  0.0  0.0  0.0  0.0
                                4000_story_0209_llm_free.txt 36.8  4.5 3391
 14.2  3.5  6.5 48.7 11.5  1.2  2.4  1.2 13.9 19.5  0.0  1.5  1.5  4.7  0.6
  0.6  0.9  5.3 10.3  1.2  1.2266.6 78.1 30.7115.9 63.4 13.9  8.0  0.6  1.2
  0.0  1.8 20.6  8.8 13.0 35.1  7.1  5.0  1.8  0.6  3.5  1.8  3.2  4.4  0.0
  4.4  4.1  0.0  2.4  2.4 13.9 18.3  8.8  2.1  1.8 67.5 88.8  1.5178.1  5.9
  1.2  0.3  0.0  0.0  0.0  0.0  0.0  0.0  0.0  0.0  0.0  0.0  0.0  0.0  0.0
  0.0  0.0  0.0  0.3  0.3  2.4  1.8  0.3  0.0  0.0  0.0  0.0  0.0  0.0  0.3
  0.9  0.3  1.5  0.9  0.0  0.3  0.0  0.3  0.0  0.0  0.3  0.3  2.4  0.9  0.0
  4.7  0.3  0.0  5.0  3.8  0.6  4.4  3.8  0.0  0.0  0.0  0.0  0.0  0.0  0.0
  0.0  0.9  0.0  0.0  0.0  0.0  0.0 13.9  1.2  1.8  7.4 29.2  3.8 13.0  9.4
  2.1  0.9  2.1  3.2  0.0  0.9  0.3 43.4 15.3 16.5  2.7  8.6 12.4 11.8  0.0
     -1.62      5.04     -4.34     -2.18      0.50  0.6  0.0  0.3  0.0  0.0
                                4000_story_0213_llm_free.txt 38.0  4.8 3320
 15.4  3.3  6.3 38.3  7.8  0.6  0.6  0.3  9.9 13.6  0.9  1.2  0.6  5.1  0.3
  1.2  1.2  5.1  9.0  0.9  1.2284.6 86.1 40.4116.9 56.6 12.3  7.2  0.3  0.0
  0.0  1.5 44.9  8.1 13.9 31.3  3.0  3.0  1.2  0.6  0.9  0.9  2.7  5.1  0.6
  5.4  3.6  0.6  2.1  4.5  9.0 16.0 11.1  2.1  0.3 72.0 74.4  0.6166.6  4.8
  0.9  0.3  0.0  0.0  0.0  0.0  0.0  0.0  0.0  0.0  0.0  0.0  0.0  0.0  0.0
  0.0  0.0  0.0  1.2  0.0  1.8  1.2  0.3  0.0  0.0  0.0  0.0  0.0  0.0  0.0
  0.3  0.3  0.0  0.3  0.0  0.0  0.0  0.3  0.0  0.0  0.3  0.0  0.6  0.9  0.0
  4.2  0.3  0.0  4.5  0.9  0.3  1.2  1.8  0.0  0.0  0.0  0.0  0.0  0.0  0.0
  0.6  0.0  0.0  0.0  0.0  0.0  0.0 10.2  2.4  0.6  5.1 27.4  2.4 16.6 17.2
  2.1  1.5  1.5  3.9  0.0  1.2  0.9 33.7 13.0 18.1  2.4  8.7  9.3  6.6  0.0
     -6.21      4.35     -3.35     -4.43      1.06  0.3  0.0  0.3  0.0  0.0
                                4000_story_0215_llm_free.txt 35.5  4.6 2781
 15.8  5.4  6.1 31.6  5.0  0.7  4.3  0.4  9.0 23.4  0.7  0.7  0.0  6.1  0.4
  0.0  0.4  3.2 12.6  0.7  1.1267.9 88.1 36.0121.9 61.5 13.7  6.8  0.0  0.4
  0.0  2.9 21.2  6.8 18.7 25.5  5.8  3.2  1.4  1.1  0.7  1.8  2.5  4.3  0.0
  5.8  5.8  0.4  1.4  4.7  7.2 23.0 10.1  1.1  0.4 74.1 75.5  1.8173.7  7.2
  1.1  0.4  0.0  0.0  0.0  0.0  0.0  0.0  0.0  0.0  0.0  0.0  0.0  0.0  0.0
  0.0  0.0  0.0  1.4  0.7  2.9  1.1  0.0  0.4  0.0  0.0  0.0  0.0  0.0  0.4
  0.7  0.4  0.4  0.7  0.0  0.0  0.0  0.0  0.0  0.0  0.0  0.0  2.9  0.7  0.0
  6.1  0.4  0.0  6.5  2.5  0.0  2.5  3.6  0.0  0.0  0.0  0.0  0.0  0.0  0.0
  0.0  1.1  0.0  0.0  0.0  0.0  0.0  6.5  4.7  1.1  7.6 28.4  5.4  5.4 17.6
  1.8  1.8  1.4  3.6  0.0  0.4  0.0 38.8 11.9 18.3  0.7  7.9 12.9 11.9  0.0
     -4.64      4.91     -5.21     -3.82      0.46  0.4  0.0  0.0  0.0  0.0
                                4000_story_0218_llm_free.txt 37.5  4.5 3528
 14.7  2.3  4.0 38.8  8.5  0.6  1.7  0.9  7.7 18.7  0.6  0.0  0.0  3.7  0.3
  0.6  2.6  1.7  8.5  1.1  1.4287.4 93.8 39.7122.4 57.5 10.8 10.2  0.3  0.6
  0.3  1.7 27.2  6.5 15.9 27.5  3.7  0.6  1.7  1.1  2.3  1.4  1.7  6.0  0.3
  5.1  2.8  0.6  2.3  4.3  4.5 14.2 11.3  3.7  1.1 66.9 73.7  0.6169.8  4.5
  1.7  0.0  0.0  0.0  0.0  0.0  0.0  0.0  0.0  0.0  0.0  0.0  0.0  0.0  0.0
  0.0  0.0  0.0  0.6  0.3  1.7  1.1  0.0  0.0  0.0  0.0  0.0  0.0  0.0  0.6
  0.0  0.6  0.3  0.6  0.0  0.0  0.0  0.0  0.0  0.3  0.6  0.0  1.4  0.6  0.0
  3.7  0.0  0.0  3.7  2.0  0.0  2.3  2.6  0.0  0.0  0.0  0.0  0.0  0.0  0.0
  0.3  0.9  0.0  0.0  0.0  0.0  0.0  8.5  2.8  1.1  8.5 32.6  6.0  5.4 26.6
  2.3  1.7  1.1  4.0  0.0  1.4  0.6 38.0 14.7 15.0  2.0  6.2 11.9  9.1  0.0
     -5.81      4.82     -3.89     -3.76      0.20  0.0  0.0  0.0  0.0  0.0
                                4000_story_0219_llm_free.txt 33.5  4.5 3927
 17.3  5.1  6.6 40.0  9.7  0.8  2.3  1.3 12.7 22.4  0.8  1.5  0.0  7.1  1.0
  0.8  1.0  4.8  6.4  2.0  1.8279.1 85.8 35.1113.6 51.9 12.0 11.2  0.0  0.8
  0.0  2.3 21.9  8.4 10.2 32.8  7.6  2.8  2.5  0.3  1.3  1.8  2.8  4.6  0.5
  5.9  5.6  1.8  2.5  2.0  8.9 16.0 10.9  3.1  0.8 62.6 74.4  1.3173.9  7.4
  1.3  0.0  0.0  0.0  0.0  0.0  0.0  0.0  0.0  0.0  0.0  0.0  0.0  0.0  0.0
  0.0  0.0  0.0  3.6  0.5  2.0  2.0  0.0  0.3  0.0  0.0  0.3  0.0  0.0  0.8
  0.3  2.5  0.0  0.8  0.0  0.0  0.0  0.3  0.0  1.0  0.3  0.0  3.1  1.3  0.0
  8.1  0.3  0.3  8.7  4.3  0.3  5.6  4.6  0.0  0.0  0.0  0.0  0.0  0.0  0.0
  0.0  0.3  0.0  0.0  0.0  0.0  0.0 15.5  5.9  4.8  6.6 34.4  4.8  6.1  6.1
  1.5  1.5  2.3  0.3  0.3  1.0  0.3 37.2 19.9 25.0  1.0  9.2  9.7  7.6  0.0
     -0.66      4.69     -3.54     -3.68      1.10  1.0  0.0  0.0  0.0  0.0
                                4000_story_0220_llm_free.txt 34.8  4.4 3518
 17.9  6.3  6.8 40.1 14.2  0.9  1.1  2.0 15.9 19.6  0.9  0.6  0.3  7.1  0.9
  0.3  1.1  6.3  9.1  0.6  2.3250.7 84.4 23.0118.8 69.1 16.8  9.1  0.3  0.6
  0.0  1.7 19.3  9.9 13.1 27.0  7.4  3.7  4.3  1.7  0.3  2.6  2.3  2.6  0.0
  6.5  5.1  1.4  2.6  5.4 10.2 18.2  9.1  1.7  0.9 57.1 99.2  1.1176.0  6.8
  1.4  0.0  0.0  0.0  0.0  0.0  0.0  0.0  0.0  0.0  0.0  0.0  0.0  0.0  0.0
  0.0  0.0  0.0  3.4  1.1  2.3  0.9  0.0  0.0  0.0  0.0  0.0  0.0  0.0  0.6
  0.6  2.0  0.6  0.3  0.0  0.0  0.0  0.0  0.0  0.0  0.3  0.0  1.1  0.6  0.0
  7.7  0.0  0.0  7.7  4.0  0.0  4.0  2.0  0.0  0.0  0.0  0.0  0.0  0.0  0.0
  0.3  0.0  0.0  0.0  0.0  0.0  0.0 15.6  2.3  2.8  8.5 24.7  6.3  3.7  6.8
  6.3  1.1  2.3  3.1  0.3  0.0  0.0 38.7 17.9 24.2  2.3  5.4 13.4  8.8  0.0
      0.76      6.16     -4.82     -2.42      0.29  0.3  0.0  0.0  0.0  0.0
                                4000_story_0222_llm_free.txt 34.3  4.6 3049
 15.7  4.3  4.3 24.9  3.6  0.0  1.6  1.3  7.2 20.0  0.0  1.0  0.3  6.2  0.0
  0.7  1.0  3.3 11.8  1.0  0.7290.6 87.2 32.8126.3 51.5 18.4 10.2  0.0  2.3
  0.0  1.0 21.3  9.2 14.1 25.9  4.6  2.3  2.0  0.7  1.3  2.0  2.6  6.2  0.3
  4.9  6.2  1.6  3.0  2.6  6.9 20.7 11.5  2.0  2.3 61.7 62.3  1.0169.9  6.9
  2.6  0.0  0.0  0.0  0.0  0.0  0.0  0.0  0.0  0.0  0.0  0.0  0.0  0.0  0.0
  0.0  0.0  0.0  1.6  0.3  3.3  2.0  0.0  0.0  0.0  0.0  0.0  0.0  0.0  0.0
  0.0  1.0  0.3  0.7  0.0  0.0  0.0  0.0  0.0  0.0  0.3  0.0  2.0  0.7  0.0
  7.2  0.0  0.0  7.2  2.0  0.0  2.0  3.0  0.0  0.0  0.0  0.0  0.0  0.0  0.0
  0.0  0.0  0.0  0.0  0.0  0.0  0.0 11.5  3.0  0.7  3.6 34.4  5.9  7.5 14.8
  3.6  1.0  3.6  2.3  0.0  0.7  0.0 31.8 15.1 20.7  1.3  5.9  9.5  8.9  0.0
     -5.70      6.13     -4.28     -3.71      0.80  0.3  0.0  0.3  0.0  0.0
                                4000_story_0223_llm_free.txt 37.3  4.5 3863
 13.5  3.1  7.0 46.1 10.4  1.3  3.9  1.3 12.9 16.0  0.5  1.0  0.8  5.4  0.3
  1.0  2.1  5.2 10.1  0.5  2.3256.0 84.6 34.4122.7 58.0 16.6 10.6  0.3  1.6
  0.5  1.3 29.5  6.0 13.7 31.1  7.0  2.1  3.4  1.8  0.8  3.1  3.9  8.8  0.5
  3.6  4.4  0.5  2.1  2.3  8.0 18.6 12.9  2.6  2.3 63.2 81.3  0.5186.6  8.0
  1.3  0.3  0.0  0.0  0.0  0.0  0.0  0.0  0.0  0.0  0.0  0.0  0.0  0.0  0.0
  0.0  0.0  0.0  1.6  0.5  1.3  1.0  0.3  0.0  0.0  0.0  0.0  0.0  0.0  0.3
  0.5  1.3  0.5  0.3  0.0  0.0  0.0  0.0  0.0  0.5  0.3  0.3  4.9  0.5  0.0
  4.4  0.3  0.0  4.7  2.8  0.0  3.4  6.0  0.0  0.0  0.0  0.0  0.0  0.0  0.0
  0.0  0.0  0.3  0.0  0.0  0.0  0.0 12.9  4.7  0.5  8.8 30.3  5.7 11.9 14.5
  1.8  1.3  2.3  2.8  0.3  1.0  0.0 37.0 19.4 19.4  1.8  9.8 12.9  8.0  0.0
     -0.78      6.04     -2.60     -2.59      1.70  1.0  0.0  0.0  0.0  0.0
                                4000_story_0224_llm_free.txt 35.3  4.5 3292
 14.3  4.9  5.2 44.0 13.7  0.9  5.2  0.9 11.2 25.2  0.6  3.0  1.2  7.6  0.3
  0.6  1.5  4.9  5.5  1.2  2.7254.6 84.1 27.6125.8 66.8 14.3  9.7  0.0  0.6
  0.3  1.2 26.7  6.1 16.1 31.0  4.6  2.4  2.1  1.2  0.9  2.4  2.1  5.5  0.3
  4.3  5.5  0.3  4.3  5.8  8.2 16.4 10.0  2.7  0.9 56.2 91.7  2.1181.3  7.9
  1.5  0.0  0.0  0.0  0.0  0.0  0.0  0.0  0.0  0.0  0.0  0.0  0.0  0.0  0.0
  0.0  0.0  0.0  1.5  0.6  2.1  1.8  0.0  0.0  0.0  0.0  0.0  0.0  0.0  0.0
  0.9  0.3  0.3  0.3  0.0  0.0  0.0  0.0  0.0  0.0  0.0  0.0  1.5  1.5  0.0
  6.1  0.0  0.0  6.1  1.8  0.0  1.8  3.0  0.0  0.0  0.0  0.0  0.0  0.0  0.0
  0.0  0.6  0.3  0.3  0.0  0.0  0.0 17.0  3.6  2.1  8.5 27.6  1.2 13.7 10.6
  3.3  1.8  1.5  2.7  0.3  0.3  0.0 35.8 17.0 19.7  0.9  7.0 12.5  9.4  0.0
      2.69      5.92     -4.37     -3.38      0.14  0.0  0.0  0.0  0.0  0.0
                                4000_story_0225_llm_free.txt 35.3  4.6 3393
 17.1  4.7  3.5 25.1  4.4  0.3  2.9  1.8  9.1 18.6  0.3  0.6  0.6  5.9  0.0
  0.6  1.5  2.7  7.4  0.9  3.5283.2 84.0 33.6129.7 66.3 14.7 10.0  0.0  0.9
  0.0  0.9 25.6  6.8 13.6 27.1  7.1  1.2  0.6  1.2  0.6  0.6  1.8  7.1  0.3
  4.4  5.3  1.5  2.4  4.1  4.4 15.3 11.8  2.4  0.9 62.5 79.9  1.5174.5  6.2
  1.2  0.0  0.0  0.0  0.0  0.0  0.0  0.0  0.0  0.0  0.0  0.0  0.0  0.0  0.0
  0.0  0.0  0.0  2.4  0.9  2.1  0.9  0.0  0.0  0.0  0.0  0.0  0.0  0.0  0.0
  0.3  0.9  0.6  0.3  0.0  0.0  0.0  0.0  0.0  0.0  0.0  0.0  0.3  0.3  0.0
  6.2  0.0  0.0  6.2  2.1  0.0  2.1  0.6  0.0  0.0  0.0  0.0  0.0  0.0  0.0
  0.0  0.3  0.3  0.0  0.0  0.0  0.0 13.6  3.2  2.7  8.8 33.3  5.6  4.7 10.3
  2.4  2.7  3.2  3.2  0.0  2.7  0.0 39.5 16.5 21.8  0.9  7.1 13.9 11.2  0.0
     -4.30      6.17     -3.94     -5.08      0.20  0.0  0.3  0.3  0.3  0.0
                                4000_story_0226_llm_free.txt 34.3  4.5 3746
 19.2  5.3  5.6 37.6 11.7  0.5  2.1  0.5 12.0 20.3  0.5  1.1  0.5  4.8  0.8
  0.3  1.1  2.1 10.7  0.5  1.6287.8 80.9 26.2123.3 69.7 12.3 10.1  0.0  0.5
  0.3  1.3 19.5  8.0 16.0 30.2  5.3  3.2  1.6  1.6  1.3  2.9  3.5  3.5  0.3
  5.1  5.9  0.0  1.9  4.8  6.7 20.6  8.8  1.6  0.8 61.9 93.4  1.6176.7  6.7
  0.5  0.0  0.0  0.0  0.0  0.0  0.0  0.0  0.0  0.0  0.0  0.0  0.0  0.0  0.0
  0.0  0.0  0.0  1.6  0.5  2.1  1.3  0.3  0.0  0.0  0.0  0.0  0.0  0.0  0.3
  0.0  0.5  1.3  0.3  0.0  0.0  0.3  0.0  0.0  0.3  0.0  0.3  2.9  0.5  0.0
  5.6  0.3  0.0  5.9  2.4  0.3  2.9  3.7  0.0  0.0  0.0  0.0  0.0  0.0  0.0
  0.0  0.3  0.0  0.0  0.0  0.0  0.0 17.9  1.9  1.3  5.6 21.4  7.7  2.1  9.9
  2.9  1.9  0.5  3.5  0.5  0.5  0.5 34.4 16.8 22.4  1.9  5.9 11.7 10.1  0.0
     -3.30      5.67     -5.38     -2.79      0.91  0.3  0.0  0.0  0.0  0.0
                                4000_story_0230_llm_free.txt 31.8  4.5 3523
 16.5  5.1  3.4 41.7  9.1  0.6  2.0  1.1 11.9 19.6  0.3  2.0  0.0  4.3  0.0
  0.9  2.3  2.6  9.4  1.1  1.4286.1 87.1 25.8126.0 51.1 12.2  9.9  0.0  0.6
  0.0  1.7 29.8  8.8 17.6 30.9  4.0  2.6  2.0  0.9  1.4  1.4  2.0  5.7  0.0
  5.7  4.8  1.1  1.4  4.8  6.5 18.7 11.4  3.4  0.6 49.4 72.1  2.8182.5  8.2
  2.0  0.0  0.0  0.0  0.0  0.0  0.0  0.0  0.0  0.0  0.0  0.0  0.0  0.0  0.0
  0.0  0.0  0.0  2.6  0.6  2.6  0.9  0.0  0.0  0.0  0.0  0.0  0.0  0.0  0.0
  0.6  0.6  0.3  0.6  0.0  0.0  0.0  0.0  0.0  0.0  0.0  0.3  2.3  0.6  0.0
  6.5  0.0  0.0  6.5  2.0  0.0  2.0  3.1  0.0  0.0  0.0  0.0  0.0  0.0  0.0
  0.0  0.0  0.0  0.0  0.0  0.0  0.0  7.7  2.3  1.1  6.2 27.0  3.1  3.4 26.7
  4.3  1.1  3.1  2.8  0.0  0.9  0.6 40.3 19.9 16.7  1.1  8.8 12.8  9.1  0.0
     -2.14      4.88     -5.49     -3.73      0.31  0.6  0.0  0.0  0.0  0.0
                                4000_story_0237_llm_free.txt 38.5  4.4 2998
 15.3  4.3  7.3 55.0  9.3  0.7  3.0  1.0 15.0 16.0  0.3  2.3  0.3  4.0  0.7
  0.7  1.3  6.7 10.0  0.3  1.3249.2 74.0 25.7116.7 65.7 12.3  8.7  0.7  1.0
  0.3  1.3 19.0 11.3 10.3 38.4  7.0  5.0  4.0  2.7  1.7  3.3  4.7  6.0  0.7
  5.0  6.0  0.3  5.0  4.3 13.3 22.3 11.7  1.7  2.0 58.7 90.1  1.3185.1  7.3
  0.7  0.0  0.0  0.0  0.0  0.0  0.0  0.0  0.0  0.0  0.0  0.0  0.0  0.0  0.0
  0.0  0.0  0.0  2.3  0.0  0.7  1.3  0.0  0.0  0.0  0.0  0.0  0.0  0.0  1.3
  0.3  0.3  0.7  0.0  0.0  0.3  0.0  0.0  0.0  0.3  0.3  0.0  3.3  0.7  0.0
  4.3  0.0  0.0  4.3  2.7  0.3  3.3  4.3  0.0  0.0  0.0  0.0  0.0  0.0  0.0
  1.3  0.3  0.7  0.0  0.0  0.0  0.0 14.3  2.3  2.0  9.0 33.4  1.3 14.3 14.7
  1.0  1.7  2.0  0.7  0.0  0.0  0.0 45.4 19.3 16.0  1.3  5.3 10.0 11.0  0.0
     -0.62      5.01     -4.48     -0.78      2.33  0.0  0.0  0.0  0.0  0.0
                                4000_story_0238_llm_free.txt 37.0  4.3 3587
 19.0  5.3  7.0 44.9  8.6  0.6  5.3  1.4 12.8 17.6  2.0  0.6  0.3  3.9  0.6
  0.0  1.1  7.5 10.6  2.5  1.4259.0 80.3 40.7117.4 69.7 13.7 10.3  0.6  1.4
  0.6  1.4 19.5  7.2 10.6 31.8  7.2  2.8  2.0  2.0  1.7  2.5  2.2  6.1  0.6
  5.6  5.3  0.8  1.7  5.3 12.0 19.8 12.3  3.6  2.5 66.6 91.2  1.4178.4  5.0
  0.8  0.0  0.0  0.0  0.0  0.0  0.0  0.0  0.0  0.0  0.0  0.0  0.0  0.0  0.0
  0.0  0.0  0.0  2.5  1.4  2.0  0.8  0.0  0.0  0.0  0.0  0.0  0.0  0.0  0.6
  0.3  0.8  0.8  0.3  0.0  0.0  0.3  0.0  0.0  0.0  0.0  0.0  3.6  0.3  0.0
  6.7  0.0  0.0  6.7  2.8  0.3  3.1  3.9  0.0  0.0  0.0  0.0  0.0  0.0  0.0
  0.3  0.3  0.0  0.0  0.0  0.0  0.0 11.2  1.4  2.2  9.2 33.2  5.3 11.7 14.2
  5.9  2.2  1.4  6.1  0.0  2.8  0.0 30.4 16.2 20.1  2.5  6.7 12.8 10.9  0.0
      0.11      5.77     -2.62     -2.62      0.92  0.0  0.0  0.0  0.0  0.0
                                4000_story_0242_llm_free.txt 34.8  4.5 3064
 15.7  6.2  2.0 33.9  9.5  0.0  1.6  0.3 13.7 14.7  0.3  0.3  0.0  6.2  1.0
  0.7  2.6  3.6  9.5  0.3  3.6275.8 91.7 29.0124.7 56.1 10.4 10.1  0.0  0.7
  0.3  1.6 27.7  7.5 13.7 28.4  7.5  1.6  2.0  2.0  1.0  1.0  5.2  6.5  0.7
  3.6  5.9  0.7  2.0  2.9  6.2 19.3 10.8  2.9  1.0 58.1 79.3  0.3177.9  7.2
  1.6  0.3  0.0  0.0  0.0  0.0  0.0  0.0  0.0  0.0  0.0  0.0  0.0  0.0  0.0
  0.0  0.0  0.0  3.9  0.7  0.7  0.3  0.0  0.3  0.0  0.0  0.0  0.0  0.0  0.7
  0.0  1.0  1.6  0.0  0.0  0.3  0.0  0.0  0.0  0.0  0.0  0.0  1.0  0.7  0.0
  5.5  0.3  0.0  5.9  3.3  0.3  3.6  1.6  0.0  0.0  0.0  0.0  0.0  0.0  0.0
  0.0  0.3  0.0  0.0  0.0  0.0  0.0 13.1  2.3  0.7 11.1 35.9  5.9  4.2 23.5
  1.6  0.7  2.3  2.6  0.3  0.3  0.7 46.0 21.9 17.6  1.0  6.5  9.1  9.5  0.0
     -1.82      4.75     -3.66     -3.84      2.29  0.0  0.0  0.0  0.0  0.0
                                4000_story_0249_llm_free.txt 35.8  4.6 3231
 15.8  3.7  7.1 43.6 11.1  1.5  2.2  0.6  9.3 20.7  1.9  1.5  0.6  5.0  0.3
  0.6  1.2  5.0  8.4  0.9  2.2273.6 94.1 30.6108.9 49.5 10.8  8.7  0.0  0.9
  0.0  0.9 21.7  5.0 16.1 30.6  6.8  3.1  1.9  2.2  1.9  0.3  2.8  5.6  0.0
  5.6  3.7  0.3  2.8  3.4  9.9 16.7 11.1  2.2  0.9 63.4 69.9  0.9175.8  9.3
  0.9  0.0  0.0  0.0  0.0  0.0  0.0  0.0  0.0  0.0  0.0  0.0  0.0  0.0  0.0
  0.0  0.0  0.0  0.9  0.6  2.2  0.9  0.0  0.0  0.0  0.0  0.0  0.0  0.0  0.0
  0.9  1.2  0.3  0.0  0.0  0.0  0.0  0.0  0.0  0.6  0.0  0.0  1.5  0.9  0.0
  4.6  0.0  0.0  4.6  2.5  0.0  3.1  2.5  0.0  0.0  0.0  0.0  0.0  0.0  0.0
  0.0  0.3  0.0  0.0  0.0  0.0  0.0  9.9  1.9  0.6  8.4 26.6  7.1  5.9 23.8
  1.9  2.8  2.8  3.4  0.3  1.2  0.3 30.3 14.2 22.0  0.3  9.9 13.9 10.5  0.0
     -2.68      3.74     -4.60     -3.28      0.76  0.0  0.3  0.0  0.0  0.0
                                4000_story_0250_llm_free.txt 37.5  4.5 3728
 19.3  5.6  6.7 44.8 15.8  1.6  1.6  0.8 14.8 16.6  0.5  1.3  0.3  6.2  0.3
  0.3  2.1  5.4  9.4  0.5  0.8273.6 82.9 25.5126.1 67.9 11.3  9.1  0.0  0.5
  0.0  1.9 19.8  8.6 11.3 28.2  5.4  1.6  1.9  1.6  1.3  1.6  2.1  4.6  0.0
  4.3  4.3  1.9  2.7  4.6  8.3 18.5  8.9  2.7  0.5 58.5 98.4  1.1182.4  3.0
  0.8  0.0  0.0  0.0  0.0  0.0  0.0  0.0  0.0  0.0  0.0  0.0  0.0  0.0  0.0
  0.0  0.0  0.0  3.0  0.0  3.0  2.1  0.0  0.0  0.0  0.0  0.0  0.0  0.0  0.5
  0.5  1.9  0.3  0.5  0.0  0.3  0.0  0.0  0.0  0.0  0.0  0.3  2.1  0.8  0.0
  8.0  0.0  0.0  8.0  3.8  0.3  4.0  3.2  0.0  0.0  0.0  0.0  0.0  0.0  0.0
  0.5  0.0  0.0  0.0  0.0  0.0  0.0 18.2  4.8  0.5  5.9 33.8  1.6  6.7  9.7
  1.1  2.4  1.3  3.2  0.0  0.5  0.3 40.0 17.2 24.1  1.3  5.4  8.6 11.3  0.0
      0.00      5.29     -4.05     -3.60     -0.21  0.3  0.0  0.0  0.0  0.0
                                4000_story_0254_llm_free.txt 36.8  4.5 3481
 14.1  4.9  8.0 46.0 11.8  1.1  4.0  0.6 18.1 15.2  0.9  2.0  0.3  5.5  1.1
  0.0  2.0  5.7  8.6  0.6  1.1262.3 79.6 30.7122.7 52.6 20.1 12.1  0.6  0.6
  0.0  1.1 25.0  8.0  8.9 32.5  4.3  3.2  2.6  1.4  2.3  3.2  2.9  6.0  0.9
  6.3  4.9  0.9  2.3  4.0 11.2 18.1 13.2  2.6  1.1 63.5 82.4  3.2181.3  5.5
  2.3  0.0  0.0  0.0  0.0  0.0  0.0  0.0  0.0  0.0  0.0  0.0  0.0  0.0  0.0
  0.0  0.0  0.0  3.4  1.1  1.7  0.3  0.3  0.0  0.0  0.0  0.0  0.0  0.0  0.3
  0.9  0.6  0.6  0.3  0.0  0.0  0.3  0.3  0.0  0.0  0.0  0.3  4.9  0.3  0.0
  6.6  0.3  0.0  6.9  2.6  0.6  3.2  5.5  0.0  0.0  0.0  0.0  0.0  0.0  0.0
  0.0  0.6  0.0  0.0  0.0  0.0  0.0  8.0  3.7  0.9  9.5 36.5  2.6  4.6 12.1
  4.0  0.9  1.4  2.0  0.3  1.1  0.0 36.5 20.4 21.5  2.3  6.9 12.4 12.1  0.0
      0.10      6.75     -3.00     -2.01      1.78  0.0  0.0  0.0  0.0  0.0
                                4000_story_0256_llm_free.txt 37.0  4.4 3593
 23.4  4.7  3.6 39.5 13.1  0.6  2.5  1.1 13.1 19.5  0.6  1.7  0.8  6.4  0.8
  0.0  1.4  3.3  5.8  0.8  1.9259.1 88.5 24.2121.6 68.2 13.6  9.2  0.3  0.3
  0.0  1.9 16.1  7.5 12.2 28.1  7.0  5.0  3.1  1.7  1.7  2.2  2.8  4.2  0.6
  6.4  4.2  0.8  3.9  2.8 10.0 15.3 11.1  2.2  0.6 53.4 94.4  1.1178.1  6.4
  1.4  0.0  0.0  0.0  0.0  0.0  0.0  0.0  0.0  0.0  0.0  0.0  0.0  0.0  0.0
  0.0  0.0  0.0  1.9  0.6  2.2  0.8  0.3  0.0  0.0  0.0  0.0  0.0  0.0  0.6
  0.3  2.2  0.8  0.3  0.0  0.0  0.3  0.0  0.0  0.0  0.0  0.0  3.1  0.6  0.0
  5.6  0.3  0.0  5.8  4.2  0.3  4.5  3.6  0.0  0.0  0.0  0.0  0.0  0.0  0.0
  0.3  0.3  0.0  0.0  0.0  0.0  0.0 16.1  2.2  2.5  9.2 30.1  4.7  7.0 15.6
  1.1  1.9  1.1  5.0  0.0  0.8  0.0 38.4 21.7 27.0  0.8  6.7 12.8  9.7  0.0
     -0.56      5.63     -4.23     -1.98      1.24  0.3  0.0  0.0  0.0  0.0
                                4000_story_0268_llm_free.txt 35.5  4.4 3214
 12.8  3.4  3.1 31.1  7.8  0.3  2.5  0.6 10.3 27.1  0.0  0.0  0.6  5.3  0.0
  0.3  0.9  2.5 10.3  0.3  1.2279.1 77.5 34.2121.7 50.4 16.2 10.3  0.0  0.0
  0.0  3.1 15.9 10.6 17.7 32.7  5.3  3.7  0.6  0.6  0.9  0.6  4.4  2.2  0.3
  4.7  4.7  0.6  2.2  4.4  7.2 18.7  7.2  1.2  0.0 72.5 68.5  1.6164.9  4.4
  0.9  0.3  0.0  0.0  0.0  0.0  0.0  0.0  0.0  0.0  0.0  0.0  0.0  0.0  0.0
  0.0  0.0  0.0  1.9  0.3  1.2  0.6  0.0  0.0  0.0  0.0  0.0  0.0  0.0  0.3
  0.0  0.6  0.6  0.6  0.0  0.0  0.0  0.0  0.0  0.0  0.0  0.0  0.9  0.6  0.0
  4.0  0.0  0.0  4.0  2.2  0.0  2.2  1.6  0.0  0.0  0.0  0.0  0.0  0.0  0.0
  0.0  0.3  0.0  0.0  0.0  0.0  0.0  5.3  1.9  0.3  8.7 34.2  7.5  5.0  8.7
  0.0  2.8  1.2  4.4  0.0  1.2  0.0 33.0 16.2 15.2  2.2  7.5  7.8  8.1  0.0
     -5.62      5.53     -6.87     -4.54      1.17  0.3  0.0  0.3  0.0  0.0
                                4000_story_0271_llm_free.txt 35.3  4.5 3166
  9.8  3.8  4.1 49.3  6.3  0.3  3.5  1.6 14.5 23.1  0.6  0.9  0.0  6.0  0.6
  0.3  2.2  6.6  9.2  1.6  0.9271.3 84.6 38.2116.9 39.8 16.1  8.8  1.3  0.6
  0.6  1.6 19.0  8.8 14.2 24.6  4.1  4.4  2.8  1.9  2.8  2.8  2.2  9.5  0.6
  3.5  6.3  1.6  2.2  3.5 13.9 19.9 13.6  3.8  2.5 67.0 60.6  1.3178.8  7.9
  1.9  0.3  0.0  0.0  0.0  0.0  0.0  0.0  0.0  0.0  0.0  0.0  0.0  0.0  0.0
  0.0  0.0  0.0  2.5  0.3  1.6  1.6  0.3  0.0  0.0  0.0  0.0  0.0  0.0  0.6
  0.0  0.9  0.3  0.9  0.0  0.0  0.0  0.0  0.0  0.0  0.3  0.3  1.6  0.0  0.0
  6.0  0.3  0.0  6.3  2.8  0.0  2.8  2.2  0.0  0.0  0.0  0.0  0.0  0.0  0.0
  0.0  0.9  0.3  0.0  0.0  0.0  0.0  7.6  2.8  1.6  6.0 33.2  3.8  6.3 19.6
  2.5  1.3  5.7  1.3  0.0  0.3  0.0 40.1 18.3 15.2  2.5  8.2 10.4  7.3  0.0
     -0.46      4.62     -3.60     -1.28      0.80  0.0  0.0  0.3  0.0  0.0
                                4000_story_0276_llm_free.txt 36.8  4.5 3670
 18.8  4.4  5.4 53.4 20.4  0.8  4.1  1.1 18.8 14.7  1.4  1.1  0.0  3.8  0.3
  0.0  1.6  7.1  8.2  0.8  1.4259.1 75.2 29.2114.4 59.4 15.0 11.2  0.5  0.3
  0.3  1.6 22.1  8.2 12.8 32.7  6.8  4.4  2.7  1.6  1.4  3.0  2.5  4.1  0.5
  3.8  3.8  3.5  1.1  3.8 12.8 16.3  8.4  2.5  1.1 56.1 98.6  2.2188.0  9.5
  2.5  0.0  0.0  0.0  0.0  0.0  0.0  0.0  0.0  0.0  0.0  0.0  0.0  0.0  0.0
  0.0  0.0  0.0  1.9  0.8  4.1  1.6  0.0  0.0  0.0  0.0  0.0  0.0  0.0  0.0
  0.5  0.8  1.6  0.3  0.0  0.0  0.0  0.0  0.0  0.0  0.0  0.3  2.7  1.4  0.0
  8.4  0.0  0.0  8.4  3.3  0.0  3.3  4.4  0.0  0.0  0.0  0.0  0.0  0.0  0.0
  0.0  0.3  0.3  0.0  0.0  0.0  0.0 17.7  4.4  1.6 10.1 28.9  4.1 13.9 13.9
  1.4  1.1  1.4  1.9  1.1  0.8  0.0 39.5 17.7 22.1  1.9  6.8 12.8  9.3  0.0
     -0.69      5.63     -4.14     -2.10      0.18  0.3  0.0  0.0  0.0  0.0
                                4000_story_0277_llm_free.txt 34.8  4.4 3318
 19.6  7.2  7.5 44.9 16.0  0.6  3.6  0.6 22.3 20.5  0.6  1.8  0.0  4.8  1.2
  0.9  0.6  5.4  9.0  1.8  0.6252.0 75.9 28.0124.5 64.8 13.9 14.2  0.0  1.8
  0.3  0.6 25.9  7.5 10.8 30.1 10.8  6.0  2.7  1.2  1.2  2.4  3.9  4.2  0.0
  2.1  7.8  4.2  1.8  6.6 12.7 20.5  6.3  2.4  2.1 52.7103.1  1.5182.0  5.4
  0.6  0.0  0.0  0.0  0.0  0.0  0.0  0.0  0.0  0.0  0.0  0.0  0.0  0.0  0.0
  0.0  0.0  0.0  3.9  0.6  4.2  0.6  0.0  0.0  0.0  0.0  0.0  0.0  0.0  0.9
  0.3  2.7  0.6  0.6  0.0  0.0  0.0  0.0  0.0  0.0  0.0  0.0  2.7  2.1  0.0
  9.3  0.0  0.0  9.3  5.1  0.0  5.1  4.8  0.0  0.0  0.0  0.0  0.0  0.0  0.0
  0.0  0.3  0.3  0.0  0.0  0.0  0.0 12.1  2.7  3.0  5.7 19.9  5.7 13.9  3.0
  1.8  1.2  2.4  2.4  0.6  0.6  0.0 44.9 28.0 22.6  2.1  5.7  9.6  6.9  0.0
      1.24      6.54     -2.88     -2.21      0.14  0.3  0.0  0.0  0.3  0.0
                                4000_story_0278_llm_free.txt 35.8  4.4 3366
 16.9  4.5  6.8 39.2  4.5  0.6  3.3  0.6 14.0 16.9  0.3  1.2  0.0  4.5  0.0
  0.9  2.7  3.3 11.3  1.2  0.9273.3 91.2 34.8128.9 49.0 16.6 12.5  0.3  1.5
  0.3  1.2 20.2  9.2 19.0 27.6  7.4  2.1  2.1  1.2  2.1  1.8  3.6  4.5  0.0
  3.9  7.4  1.2  2.7  4.5  7.4 22.3  8.3  3.9  2.1 56.4 67.4  2.7183.9  7.4
  1.2  0.0  0.0  0.0  0.0  0.0  0.0  0.0  0.0  0.0  0.0  0.0  0.0  0.0  0.0
  0.0  0.0  0.0  0.3  1.2  3.3  1.2  0.0  0.0  0.0  0.0  0.0  0.0  0.0  0.0
  0.9  2.1  0.9  0.0  0.0  0.0  0.0  0.0  0.0  0.0  0.0  0.0  1.2  1.2  0.0
  5.9  0.0  0.0  5.9  3.9  0.0  3.9  2.4  0.0  0.0  0.0  0.0  0.0  0.0  0.0
  0.0  0.0  0.0  0.0  0.3  0.0  0.0  7.4  1.5  1.2  7.1 31.8  4.2  2.7 26.1
  3.0  0.9  4.5  3.3  0.0  0.9  0.0 33.3 17.8 21.7  1.2  7.7  8.9  9.2  0.0
     -1.85      6.20     -5.79     -3.20      0.52  0.3  0.0  0.0  0.0  0.0
                                4000_story_0279_llm_free.txt 36.8  4.5 3264
 15.6  5.5  6.1 42.9 11.0  0.6  4.0  1.5 13.5 21.8  1.2  1.2  0.0  5.8  0.0
  0.6  3.7  4.0  9.8  0.6  0.9283.4 86.1 33.4118.3 44.7 11.0  8.9  0.0  0.6
  0.0  1.8 27.9  6.7 11.0 24.8  6.4  2.5  2.1  1.8  0.9  2.5  3.4  4.3  0.6
  3.1  5.2  1.5  2.8  4.3  7.4 19.9  8.0  4.3  0.6 62.2 69.2  2.1179.5  8.6
  1.2  0.3  0.0  0.0  0.0  0.0  0.0  0.0  0.0  0.0  0.0  0.0  0.0  0.0  0.0
  0.0  0.0  0.0  1.5  0.6  2.8  2.8  0.0  0.3  0.0  0.0  0.0  0.0  0.0  0.3
  0.6  1.5  0.3  0.0  0.0  0.0  0.0  0.0  0.0  0.6  0.0  0.3  1.8  0.6  0.0
  7.7  0.3  0.0  8.0  2.8  0.0  3.4  2.8  0.0  0.0  0.0  0.0  0.0  0.0  0.0
  0.0  0.6  0.0  0.0  0.0  0.0  0.0 10.4  5.2  1.5  9.2 35.8  2.1  5.2 17.8
  0.6  0.9  1.2  2.8  0.3  1.8  0.0 42.9 16.2 20.2  0.9  6.7 11.0 10.7  0.0
      1.35      3.92     -2.68     -3.08      0.59  0.0  0.0  0.0  0.0  0.0
                                4000_story_0280_llm_free.txt 34.8  4.5 3503
 14.3  3.7  4.9 32.3 12.8  0.3  1.1  1.4 13.4 15.7  0.6  0.9  0.3  4.0  0.3
  0.6  0.9  3.1  9.4  0.0  2.6273.8 87.9 30.5126.5 61.4 14.0 11.4  0.3  0.3
  0.0  1.7 18.0  8.6 14.0 31.1  7.7  2.9  2.3  0.6  0.9  1.1  3.4  3.1  0.0
  6.3  6.9  0.9  2.0  6.9  6.9 19.4  9.4  0.9  0.6 62.2 87.6  0.6178.1  4.3
  0.9  0.0  0.0  0.0  0.0  0.0  0.0  0.0  0.0  0.0  0.0  0.0  0.0  0.0  0.0
  0.0  0.0  0.0  2.0  0.3  2.6  1.7  0.3  0.0  0.0  0.0  0.0  0.0  0.0  1.7
  0.3  0.3  1.1  1.1  0.0  0.0  0.3  0.6  0.0  0.0  0.0  0.3  1.1  0.6  0.0
  6.6  0.3  0.0  6.9  4.6  0.9  5.4  2.0  0.0  0.0  0.0  0.0  0.0  0.0  0.0
  0.3  0.6  0.0  0.0  0.0  0.0  0.0  6.6  4.6  1.7  6.0 26.3  9.1  5.7  7.4
  1.1  3.4  2.9  2.3  0.0  0.9  0.3 35.7 18.3 18.0  2.3  6.3 11.1  6.9  0.0
     -6.50      5.96     -5.16     -4.06      1.02  0.0  0.0  0.0  0.0  0.0
                                4000_story_0282_llm_free.txt 34.0  4.4 2895
 14.5  5.5  6.9 39.4  9.7  0.7  3.1  1.0 13.8 20.4  0.3  1.4  0.7  9.0  0.3
  0.7  1.4  5.2  8.3  1.0  1.0252.8 77.0 34.5127.1 67.7 14.5 11.7  0.7  0.3
  1.4  1.7 23.8 11.4 15.9 30.4  8.6  3.1  3.8  2.1  1.4  1.7  3.1  2.8  0.7
  6.9  5.9  1.0  3.8  5.2  9.7 19.3 10.4  2.4  2.4 58.7 91.2  1.7185.1  6.9
  3.1  0.0  0.0  0.0  0.0  0.0  0.0  0.0  0.0  0.0  0.0  0.0  0.0  0.0  0.0
  0.0  0.0  0.0  3.1  1.0  1.7  1.0  0.0  0.0  0.0  0.0  0.0  0.0  0.0  0.3
  0.7  2.4  1.0  0.0  0.0  0.0  0.0  0.0  0.0  0.7  0.0  0.0  1.0  0.7  0.0
  6.9  0.0  0.0  6.9  4.5  0.0  5.2  1.7  0.0  0.0  0.0  0.0  0.0  0.0  0.0
  0.0  0.0  0.0  0.0  0.0  0.0  0.0 12.1  1.4  1.4  7.9 35.9  3.1 16.6 14.9
  1.4  2.1  2.1  2.4  0.0  1.4  0.0 38.0 21.1 20.4  1.4  7.6 14.2  7.3  0.0
      0.78      6.43     -4.55     -2.35      1.50  0.7  0.0  0.0  0.3  0.0
                                4000_story_0284_llm_free.txt 37.0  4.3 3722
 23.1  9.7 11.3 57.5 27.1  3.2  4.8  1.1 20.7 17.7  0.5  1.3  0.0  5.6  0.3
  1.3  1.3  9.7  7.8  1.9  1.1237.0 75.5 25.5109.1 70.9 10.7 11.6  0.3  0.8
  0.0  1.9 21.2  8.6  9.7 32.0 10.5  7.8  1.9  3.2  1.6  3.0  2.7  3.8  0.3
  4.3  5.6  3.0  3.2  5.1 19.1 19.9  8.3  3.2  1.1 53.2118.8  2.1185.1  6.7
  0.5  0.0  0.0  0.0  0.0  0.0  0.0  0.0  0.0  0.0  0.0  0.0  0.0  0.0  0.0
  0.0  0.0  0.0  4.8  3.0  4.6  2.1  0.3  0.0  0.0  0.0  0.0  0.0  0.3  0.5
  0.8  3.2  1.1  0.8  0.0  0.8  0.3  0.0  0.0  0.5  0.0  0.0  3.0  1.3  0.0
 14.5  0.3  0.3 15.0  6.4  1.1  8.1  4.3  0.0  0.0  0.0  0.0  0.0  0.0  0.0
  0.0  0.5  0.5  0.0  0.0  0.0  0.0 18.0  3.5  7.5  9.7 23.1  1.3 23.6 10.7
  3.2  1.6  1.1  0.8  0.5  2.1  0.0 40.6 18.3 32.0  1.3  6.4 10.7  9.7  0.0
      7.09      5.22     -3.41     -0.73      0.22  0.8  0.0  0.0  0.0  0.0
                                4000_story_0286_llm_free.txt 36.5  4.4 3116
 12.8  3.5  8.3 36.9  8.3  1.0  3.2  1.6  8.7 25.0  0.0  0.3  0.3  4.8  1.0
  0.3  1.6  2.9  8.3  2.2  1.6267.3 89.5 31.8123.2 54.9 12.8  9.3  0.0  1.3
  0.3  2.2 18.9  8.7 14.8 27.6  4.8  1.9  2.6  1.0  1.6  1.3  3.9  4.5  0.0
  4.2  4.5  0.6  3.5  3.9  6.4 16.4  8.7  3.9  1.6 60.7 71.9  1.3173.6  6.7
  1.3  0.0  0.0  0.0  0.0  0.0  0.0  0.0  0.0  0.0  0.0  0.0  0.0  0.0  0.0
  0.0  0.0  0.0  2.6  0.6  1.3  1.0  0.0  0.0  0.0  0.0  0.0  0.0  0.0  0.0
  0.0  0.6  0.3  0.6  0.0  0.0  0.0  0.0  0.0  0.0  0.0  0.0  1.0  0.3  0.0
  5.5  0.0  0.0  5.5  1.6  0.0  1.6  1.3  0.0  0.0  0.0  0.0  0.0  0.0  0.0
  0.3  0.3  0.0  0.0  0.0  0.0  0.0 13.5  5.1  0.3  6.1 42.0  3.9 13.5  4.5
  2.6  1.3  2.6  3.9  0.3  1.0  0.0 40.1 17.3 18.0  1.6  6.4  8.3 10.3  0.0
     -1.28      4.96     -4.33     -3.60      0.81  0.0  0.0  0.0  0.0  0.3
                                4000_story_0290_llm_free.txt 33.0  4.5 3234
 17.6  6.8  6.8 35.9  5.9  0.6  2.5  0.3 10.5 14.8  0.3  0.6  0.3  6.8  0.6
  0.0  0.6  2.8  6.2  1.2  1.9282.0 89.7 28.1127.4 57.8 12.7  9.0  0.0  0.3
  0.3  1.5 24.7  8.7 11.8 29.7  6.2  3.1  1.9  1.5  0.9  0.3  2.8  7.7  0.6
  3.7  5.6  0.3  1.9  3.1  6.8 15.5 12.1  1.9  0.6 56.9 74.2  1.9176.9  4.0
  0.9  0.0  0.0  0.0  0.0  0.0  0.0  0.0  0.0  0.0  0.0  0.0  0.0  0.0  0.0
  0.0  0.0  0.0  2.5  0.0  2.2  1.2  0.0  0.0  0.0  0.0  0.0  0.0  0.0  0.0
  0.0  0.6  0.9  0.3  0.0  0.0  0.0  0.0  0.0  0.3  0.0  0.0  1.9  0.9  0.0
  5.9  0.0  0.0  5.9  1.9  0.0  2.2  2.8  0.0  0.0  0.0  0.0  0.0  0.0  0.0
  0.3  0.0  0.0  0.0  0.0  0.0  0.0 11.8  2.5  0.9 10.5 40.8  2.5  5.3 10.5
  0.6  1.2  2.8  2.8  0.3  0.9  0.3 34.0 14.8 22.0  1.5  7.1  8.7  8.0  0.0
     -4.94      5.13     -3.92     -4.00      0.96  0.3  0.6  0.0  0.0  0.0
                                4000_story_0293_llm_free.txt 34.0  4.5 3352
 12.2  2.4  3.0 40.9  4.5  0.3  3.3  0.6  7.2 19.4  0.3  1.8  0.3  5.1  0.6
  0.0  1.8  4.2 12.5  0.6  1.2296.5 93.4 38.8112.2 47.7 13.4 11.3  0.3  1.2
  0.3  1.5 25.7  6.9 16.1 26.3  4.2  3.9  1.5  1.5  1.8  1.8  3.6  6.0  0.6
  4.2  4.8  1.5  3.0  4.8  9.8 22.1 10.7  2.4  1.8 64.1 59.4  0.6169.5  5.4
  1.2  0.3  0.0  0.0  0.0  0.0  0.0  0.0  0.0  0.0  0.0  0.0  0.0  0.0  0.0
  0.0  0.0  0.0  2.7  0.0  1.5  0.3  0.0  0.3  0.0  0.0  0.0  0.0  0.0  0.9
  0.3  0.6  0.0  0.0  0.0  0.0  0.0  0.0  0.0  0.9  0.0  0.0  0.9  0.0  0.0
  4.5  0.3  0.0  4.8  1.8  0.0  2.7  0.9  0.0  0.0  0.0  0.0  0.0  0.0  0.0
  0.0  0.3  0.3  0.0  0.0  0.0  0.0  6.0  1.8  2.1  7.2 43.6  6.0  3.6 19.1
  2.4  2.1  5.4  2.7  0.3  0.3  0.3 32.5 17.0 16.4  0.9  7.2 12.2  8.7  0.0
     -4.65      4.76     -3.84     -2.95      1.32  0.6  0.0  0.0  0.0  0.0
                                4000_story_0295_llm_free.txt 35.5  4.4 3570
 19.0  7.0  5.6 44.0 12.6  1.4  2.8  1.1 17.1 21.3  1.1  1.1  0.3  6.4  0.3
  0.3  1.1  4.8 10.1  0.6  2.2254.1 78.2 30.0122.1 53.5 12.6  9.8  0.3  1.1
  0.3  1.1 17.1  7.0 11.2 30.5  5.9  4.2  1.1  2.0  2.5  1.7  3.6  5.9  0.6
  7.6  5.9  1.1  2.5  4.5 11.5 20.2 14.0  1.7  1.7 68.1 83.2  1.4183.5  6.7
  1.7  0.0  0.0  0.0  0.0  0.0  0.0  0.0  0.0  0.0  0.0  0.0  0.0  0.0  0.0
  0.0  0.0  0.0  3.4  0.8  3.1  1.7  0.0  0.0  0.0  0.0  0.0  0.0  0.0  0.3
  0.0  0.8  1.7  0.6  0.0  0.0  0.0  0.0  0.0  0.0  0.0  0.0  3.1  0.3  0.0
  9.0  0.0  0.0  9.0  3.4  0.0  3.4  3.4  0.0  0.0  0.0  0.0  0.0  0.0  0.0
  0.0  0.3  0.0  0.0  0.0  0.0  0.0 13.2  2.5  0.3  7.0 28.9  4.5  7.0 10.9
  0.8  1.7  0.8  3.9  0.0  1.4  0.0 40.9 16.0 19.3  1.7  9.0 15.1  7.8  0.0
      0.50      4.91     -3.48     -2.48      2.41  0.0  0.0  0.3  0.0  0.0
                                4000_story_0298_llm_free.txt 34.0  4.4 3546
 17.2  5.1  2.3 43.1 12.7  1.4  1.4  2.0 13.8 17.5  0.3  2.8  1.1  5.4  0.0
  0.3  1.4  7.3 10.7  0.6  0.8257.8 94.8 20.9124.1 61.2 13.5  8.5  0.0  0.6
  0.8  2.5 23.7  9.0 12.7 33.0  5.9  4.5  2.5  1.7  2.5  2.0  3.1  7.3  0.3
  3.7  6.2  0.8  2.5  3.9 14.4 24.0 11.3  2.0  1.4 50.2 87.7  2.0181.9  6.2
  1.4  0.0  0.0  0.0  0.0  0.0  0.0  0.0  0.0  0.0  0.0  0.0  0.0  0.0  0.0
  0.0  0.0  0.0  1.1  0.3  3.1  2.0  0.6  0.0  0.0  0.0  0.0  0.0  0.0  0.6
  0.6  0.8  0.3  0.6  0.0  0.6  0.3  0.0  0.0  0.0  0.0  0.3  1.4  1.1  0.0
  6.5  0.6  0.0  7.1  2.8  0.8  3.7  2.8  0.0  0.0  0.0  0.0  0.0  0.0  0.0
  0.0  0.0  0.0  0.0  0.0  0.0  0.0 13.0  1.7  1.1  7.3 32.1  4.8 14.1 20.9
  3.7  0.6  2.0  2.8  0.0  0.0  0.0 40.0 17.2 24.0  1.1 10.2 13.8  9.0  0.0
      0.10      5.24     -3.58     -1.94      0.82  0.0  0.0  0.3  0.0  0.0
                                4000_story_0314_llm_free.txt 35.5  4.4 3483
 18.1  7.8  6.9 51.7  8.6  2.0  2.9  1.1 16.7 25.0  0.6  1.1  0.3  3.7  0.6
  0.9  2.0  4.0  7.8  0.9  1.4251.5 77.2 21.2127.8 70.3 13.5 12.3  0.3  0.9
  0.6  2.3 18.9  8.6 10.3 37.6  4.9  3.4  2.6  2.3  1.4  1.1  4.0  4.9  0.9
  5.5  7.5  1.1  2.6  5.5  8.9 21.0 11.2  2.9  1.7 53.1 95.6  2.0188.9  6.3
  1.1  0.3  0.0  0.0  0.0  0.0  0.0  0.0  0.0  0.0  0.0  0.0  0.0  0.0  0.0
  0.0  0.0  0.0  2.0  1.1  4.6  1.4  0.0  0.3  0.0  0.0  0.0  0.0  0.0  0.0
  0.0  0.9  0.9  0.3  0.0  0.3  0.0  0.0  0.0  0.0  0.3  0.0  1.1  0.6  0.0
  9.2  0.3  0.0  9.5  2.0  0.3  2.3  2.0  0.0  0.0  0.0  0.0  0.0  0.0  0.0
  0.3  0.9  0.0  0.0  0.0  0.0  0.0  9.2  4.6  0.6  5.2 31.9  3.2 13.5  8.6
  2.6  1.7  0.9  1.7  0.0  0.6  0.0 37.9 20.4 24.4  1.1  8.0 12.3 10.6  0.0
      1.87      6.48     -3.38     -2.76      2.05  0.0  0.3  0.0  0.0  0.0
                                4000_story_0315_llm_free.txt 38.8  4.4 2875
 19.8  8.3  7.0 49.7 11.8  1.4  2.8  1.7 16.3 18.8  0.3  1.0  0.3  4.9  0.7
  0.0  0.7  4.9 11.5  0.3  2.4266.8 86.6 27.5121.0 59.1 13.2  9.4  0.0  0.7
  0.7  0.7 11.8  7.7 15.0 27.5  5.9  4.2  2.4  3.5  3.5  1.4  2.8  4.5  1.0
  4.5  4.9  0.7  4.2  3.5 12.5 21.6 10.1  1.0  1.4 56.7 87.3  2.4185.0  4.9
  1.7  0.0  0.0  0.0  0.0  0.0  0.0  0.0  0.0  0.0  0.0  0.0  0.0  0.0  0.0
  0.0  0.0  0.0  3.8  0.7  2.8  2.1  0.0  0.0  0.0  0.0  0.0  0.0  0.0  0.7
  0.3  0.0  0.7  0.3  0.0  0.0  0.0  0.0  0.0  0.0  0.0  0.0  0.7  0.7  0.0
  9.4  0.0  0.0  9.4  2.1  0.0  2.1  1.4  0.0  0.0  0.0  0.0  0.0  0.0  0.0
  0.0  0.3  0.0  0.0  0.0  0.0  0.0 11.5  2.4  0.0  7.3 32.3  5.2  5.6 16.3
  0.7  1.0  1.0  4.2  0.0  1.0  0.0 41.4 18.1 21.9  1.0  4.9 11.1  7.3  0.0
     -0.85      5.16     -5.11     -1.03      1.06  0.3  0.0  0.0  0.0  0.0
                                4000_story_0317_llm_free.txt 39.0  4.4 3968
 16.6  5.5  6.3 39.6 13.6  0.8  3.8  1.0 15.6 16.9  1.0  1.5  1.0  5.0  0.5
  0.0  2.3  4.8  9.1  0.5  1.5266.1 84.2 28.5130.8 58.0 12.9 11.6  0.5  1.3
  0.3  1.5 16.6  9.1 13.1 29.0  6.6  6.8  3.3  1.5  1.3  1.8  3.0  5.5  0.5
  7.3  6.6  1.5  2.3  4.3 12.9 20.2 13.4  2.8  2.0 59.0 87.2  1.3189.0  5.0
  3.3  0.3  0.0  0.0  0.0  0.0  0.0  0.0  0.0  0.0  0.0  0.0  0.0  0.0  0.0
  0.0  0.0  0.0  3.0  0.8  1.3  1.0  0.3  0.0  0.0  0.0  0.0  0.0  0.0  0.3
  0.3  1.8  0.0  0.0  0.0  0.5  0.0  0.0  0.0  0.0  0.0  0.3  1.5  1.3  0.0
  6.0  0.3  0.0  6.3  2.3  0.5  2.8  3.0  0.0  0.0  0.0  0.0  0.0  0.0  0.0
  0.3  0.5  0.3  0.0  0.0  0.0  0.0 13.1  2.5  2.0  6.8 25.5  4.3  4.0 19.4
  3.0  1.3  1.8  3.8  0.5  0.5  0.0 41.8 20.2 22.7  1.8 10.1 11.8  8.8  0.0
      0.13      5.77     -4.25     -1.94      1.85  0.0  0.0  0.0  0.0  0.0
                                4000_story_0319_llm_free.txt 35.0  4.5 3758
 16.0  3.5  2.7 39.9 13.3  0.8  3.5  0.8 13.3 16.8  0.0  2.4  0.0  5.3  0.3
  0.3  1.9  3.7  8.8  1.1  1.1277.5 86.2 32.5122.1 61.2 13.3  8.8  0.5  1.6
  0.0  1.3 30.9  8.5 18.4 21.8  6.9  2.9  2.9  1.1  1.1  0.8  1.1  2.9  0.3
  5.9  3.7  0.0  2.4  3.7  7.7 17.3  9.0  2.9  2.1 58.8 87.8  1.6182.0  7.2
  1.9  0.0  0.0  0.0  0.0  0.0  0.0  0.0  0.0  0.0  0.0  0.0  0.0  0.0  0.0
  0.0  0.0  0.0  1.9  0.3  1.3  0.3  0.0  0.0  0.0  0.0  0.0  0.0  0.0  1.1
  0.5  1.1  1.1  0.3  0.0  0.0  0.0  0.0  0.0  0.5  0.0  0.3  0.8  0.8  0.0
  3.7  0.0  0.0  3.7  4.0  0.0  4.5  1.9  0.0  0.0  0.0  0.0  0.0  0.0  0.0
  0.3  0.3  0.0  0.0  0.0  0.0  0.0 11.7  3.2  3.2  5.3 22.4  2.9  3.7 28.5
  1.6  0.8  2.9  2.4  0.0  0.0  0.0 39.9 17.8 21.0  1.1 11.2  9.8  8.8  0.0
     -2.33      5.19     -4.35     -3.65     -0.42  0.0  0.0  0.0  0.0  0.0
                                4000_story_0323_llm_free.txt 34.8  4.7 3232
 20.4  6.2  2.2 23.5  1.9  0.0  1.2  0.9  1.5 23.2  0.9  0.3  0.9  5.6  0.0
  0.6  0.9  7.1 10.8  0.6  0.6293.3 89.1 34.0122.8 54.5 16.7  8.4  0.0  0.3
  0.6  4.0 33.7 10.2 13.3 31.6  6.8  1.2  0.9  0.9  1.2  1.2  2.5  6.2  0.3
  8.4  4.6  0.6  2.8  3.4  9.6 20.7 14.9  1.5  0.9 64.4 57.9  0.6173.9  7.7
  1.5  0.0  0.0  0.0  0.0  0.0  0.0  0.0  0.0  0.0  0.0  0.0  0.0  0.0  0.0
  0.0  0.0  0.0  4.6  0.0  1.9  1.9  0.0  0.0  0.0  0.0  0.0  0.0  0.0  0.3
  0.6  0.0  1.2  1.5  0.0  0.0  0.0  0.0  0.0  0.3  0.0  0.0  0.9  0.6  0.0
  8.4  0.0  0.0  8.4  3.7  0.0  4.0  1.5  0.0  0.0  0.0  0.0  0.0  0.0  0.0
  0.0  0.0  0.0  0.0  0.0  0.0  0.0 12.7  1.9  1.2 10.2 29.7  5.3  4.0 11.8
  1.5  1.5  2.2  3.1  0.0  0.3  0.3 32.8 16.7 19.8  1.5  7.4 11.1  6.8  0.0
     -5.52      5.49     -3.10     -4.50      1.79  0.0  0.0  0.0  0.0  0.0
                                4000_story_0336_llm_free.txt 37.5  4.3 3726
 18.8  5.4  8.1 48.3 20.4  0.8  3.5  1.1 30.1 17.4  0.5  1.3  0.0  5.6  0.3
  0.5  1.1  3.0  7.5  1.6  1.6236.4 82.9 25.2116.5 66.8 14.5  9.1  0.0  1.1
  0.0  2.1 22.0  9.9 15.0 38.4  5.4  4.6  3.5  3.5  0.8  2.7  1.6  4.0  0.3
  4.3  8.1  1.1  2.1  4.0  8.3 22.5  8.6  2.7  1.1 49.9117.3  3.0176.3  6.2
  0.5  0.0  0.0  0.0  0.0  0.0  0.0  0.0  0.0  0.0  0.0  0.0  0.0  0.0  0.0
  0.0  0.0  0.0  1.6  0.5  2.7  1.6  0.3  0.0  0.0  0.0  0.0  0.0  0.0  0.3
  0.5  0.8  0.8  0.3  0.0  0.0  0.3  0.0  0.0  0.0  0.0  0.0  1.6  1.1  0.0
  6.4  0.3  0.0  6.7  2.7  0.3  3.0  2.7  0.0  0.0  0.0  0.0  0.0  0.0  0.0
  0.3  0.5  0.0  0.0  0.0  0.0  0.0  5.1  4.3  1.3  6.2 27.1  8.9  8.3 10.5
  0.5  1.3  1.9  4.0  0.5  0.3  0.0 41.3 19.6 24.2  1.1  8.1 10.5  8.1  0.0
      0.96      5.55     -5.60     -1.35     -0.42  0.3  0.0  0.5  0.0  0.0
                                4000_story_0337_llm_free.txt 35.8  4.5 3841
 18.0  4.4 10.4 50.2  8.6  0.8  3.1  1.0 13.0 21.9  0.3  1.3  0.8  8.1  0.8
  0.8  2.1  5.7 11.2  1.0  1.8259.3 73.2 37.8117.9 60.9 12.5 10.7  0.0  0.5
  0.0  0.8 17.2  7.6 14.3 28.1  6.2  3.4  3.1  2.1  2.6  1.0  2.9  4.2  0.5
  5.7  2.1  1.8  2.1  4.2 11.7 17.4 10.4  3.1  0.5 71.6 82.5  3.6183.0  6.5
  1.0  0.0  0.0  0.0  0.0  0.0  0.0  0.0  0.0  0.0  0.0  0.0  0.0  0.0  0.0
  0.0  0.0  0.0  2.3  0.8  2.6  1.3  0.0  0.0  0.0  0.0  0.0  0.0  0.0  0.3
  0.0  1.3  0.5  0.8  0.0  0.0  0.0  0.0  0.0  0.3  0.0  0.0  2.3  0.3  0.0
  7.0  0.0  0.0  7.0  2.9  0.0  3.1  2.6  0.0  0.0  0.0  0.0  0.0  0.0  0.0
  0.8  0.5  0.0  0.0  0.0  0.0  0.0 11.5  3.1  0.3  6.8 35.1  3.6 11.5 16.4
  1.3  1.6  2.1  1.6  0.3  1.0  0.5 37.0 17.7 20.0  2.1  9.4  9.4 13.3  0.0
      3.24      5.24     -5.25     -2.19      1.04  0.3  0.0  0.0  0.0  0.0
                                4000_story_0339_llm_free.txt 35.5  4.5 3961
 16.9  5.3  5.3 45.7 19.4  0.0  2.8  1.0 22.2 17.7  0.5  1.0  0.5  8.1  0.5
  0.5  1.5  5.8  8.8  0.8  1.5245.1 77.0 32.3118.9 54.5 15.1 11.9  0.5  1.5
  0.5  1.3 22.2  9.6  9.8 32.3  9.3  5.0  2.8  2.5  1.3  3.0  2.3  5.3  0.3
  4.3  4.8  1.5  2.8  5.6 12.1 18.4  9.8  2.3  2.5 67.4 96.2  2.0178.2  4.3
  1.5  0.0  0.0  0.0  0.0  0.0  0.0  0.0  0.0  0.0  0.0  0.0  0.0  0.0  0.0
  0.0  0.0  0.0  3.5  0.0  2.3  2.5  0.0  0.0  0.0  0.0  0.0  0.0  0.0  0.0
  0.8  0.8  0.8  1.3  0.0  0.0  0.0  0.0  0.0  1.0  0.3  0.0  3.8  1.0  0.0
  8.3  0.0  0.0  8.3  3.5  0.0  4.5  5.0  0.0  0.0  0.0  0.0  0.0  0.0  0.0
  0.0  0.5  0.0  0.0  0.0  0.0  0.0 10.4  6.6  1.8  7.1 38.1  3.5  8.1  9.1
  1.5  0.5  2.3  3.3  0.0  1.0  0.0 35.6 19.9 23.5  2.8  9.6  9.6 10.4  0.0
      1.37      5.72     -2.98     -1.55      0.18  0.0  0.0  0.0  0.0  0.0
                                4000_story_0344_llm_free.txt 36.3  4.5 2940
 18.4  5.1  4.8 34.4 11.2  0.7  1.0  1.0 11.6 16.0  0.0  0.7  0.7  7.8  0.3
  0.0  0.0  2.7  6.8  0.3  1.0266.3 85.4 28.2125.5 66.0 16.0 10.5  0.0  0.7
  0.0  2.7 19.0  7.8 15.0 33.0  6.8  2.4  2.0  2.4  3.4  1.0  2.4  4.1  1.0
  2.7  7.5  2.0  0.7  3.1  8.5 20.1  7.8  0.3  0.7 66.0 88.8  2.4177.6  8.8
  2.0  0.0  0.0  0.0  0.0  0.0  0.0  0.0  0.0  0.0  0.0  0.0  0.0  0.0  0.0
  0.0  0.0  0.0  3.4  0.0  2.7  1.7  0.0  0.0  0.0  0.0  0.0  0.0  0.0  0.7
  0.3  1.4  0.3  1.0  0.0  0.0  0.0  0.0  0.0  0.0  0.0  0.3  2.0  1.0  0.0
  7.8  0.0  0.0  7.8  3.7  0.0  3.7  3.4  0.0  0.0  0.0  0.0  0.0  0.0  0.0
  0.0  0.3  0.0  0.0  0.0  0.0  0.0 14.6  2.0  0.7  6.5 22.4  3.1  3.4 16.0
  2.0  1.0  1.4  2.7  0.3  0.3  0.0 40.8 16.7 22.1  2.4  6.5 15.0  8.5  0.0
     -6.04      6.36     -4.87     -2.27      0.14  0.7  0.3  0.0  0.0  0.0
                                4000_story_0348_llm_free.txt 38.0  4.3 3234
 17.9  6.5  4.0 33.4 11.4  0.6  3.1  0.9 20.4 24.1  0.3  1.2  0.6  6.8  0.6
  0.9  1.9  4.9  9.3  1.5  1.2240.6 83.8 29.1128.6 73.0 12.7 10.5  0.3  0.6
  0.3  1.9 16.7  6.8 12.1 33.1  7.7  2.5  3.7  1.2  1.5  1.2  4.3  4.0  0.0
  4.3  5.9  1.2  1.2  5.6  9.0 19.5  8.3  3.4  1.2 64.9104.8  1.9181.2  7.7
  0.9  0.0  0.0  0.0  0.0  0.0  0.0  0.0  0.0  0.0  0.0  0.0  0.0  0.0  0.0
  0.0  0.0  0.0  3.1  0.0  3.4  2.5  0.0  0.0  0.0  0.0  0.0  0.0  0.0  0.6
  0.0  2.5  0.6  0.3  0.0  0.0  0.0  0.3  0.0  0.6  0.0  0.0  3.4  0.0  0.0
  9.0  0.0  0.0  9.0  4.0  0.3  4.9  3.4  0.0  0.0  0.0  0.0  0.0  0.0  0.0
  0.3  0.3  0.0  0.0  0.0  0.0  0.0 11.4  2.8  0.0  7.7 40.8  2.5  7.7  9.6
  3.7  2.5  2.2  3.4  0.6  1.9  0.0 43.3 21.3 23.2  1.5  7.1  9.9  8.3  0.0
      3.15      6.13     -3.78     -3.03      1.08  0.0  0.0  0.0  0.0  0.0
                                4000_story_0350_llm_free.txt 34.8  4.5 3775
 15.9  6.1  7.7 33.9 11.1  0.5  2.6  0.5 13.0 21.7  0.8  0.3  0.0  6.9  0.8
  0.3  2.1  4.2  7.2  0.3  1.3277.1 93.5 33.1116.0 53.5 10.9  8.2  0.5  0.3
  0.0  1.9 25.7  9.0 13.2 32.1  6.6  1.6  1.9  1.1  1.3  1.3  2.6  5.0  0.0
  6.1  6.1  0.8  2.9  2.6  7.2 16.4 11.1  2.4  0.8 68.3 77.6  1.9170.1  8.2
  0.8  0.0  0.0  0.0  0.0  0.0  0.0  0.0  0.0  0.0  0.0  0.0  0.0  0.0  0.0
  0.0  0.0  0.0  3.2  0.8  3.2  1.1  0.0  0.0  0.0  0.0  0.0  0.0  0.0  0.3
  0.8  0.8  1.6  0.0  0.0  0.0  0.0  0.0  0.0  0.0  0.0  0.0  0.5  0.8  0.0
  8.2  0.0  0.0  8.2  3.4  0.0  3.4  1.3  0.0  0.0  0.0  0.0  0.0  0.0  0.0
  0.3  0.5  0.0  0.0  0.0  0.0  0.0  9.8  2.9  2.6  9.0 24.9 10.1  6.9  7.2
  3.7  1.9  3.2  3.2  0.0  1.6  0.3 40.8 15.4 18.0  1.9  7.4 10.6  7.7  0.0
     -2.22      4.08     -4.40     -3.99      0.76  0.8  0.0  0.3  0.0  0.0
                                4000_story_0352_llm_free.txt 35.3  4.4 3266
 16.2  3.1  4.9 36.4  6.4  1.2  2.1  1.2 11.0 17.5  0.6  0.9  0.3  4.0  0.3
  0.3  1.8  1.8  9.8  0.9  1.2283.8 87.9 35.8115.4 58.8 11.6  8.9  0.0  0.9
  0.3  0.6 18.7  7.0 16.8 29.1  5.8  3.7  1.8  2.4  2.8  2.8  3.4  4.6  0.3
  4.3  4.9  0.3  3.7  1.5  8.3 18.7  9.2  2.8  1.2 63.7 76.2  2.8165.3  5.8
  0.3  0.0  0.0  0.0  0.0  0.0  0.0  0.0  0.0  0.0  0.0  0.0  0.0  0.0  0.0
  0.0  0.0  0.0  0.6  0.6  1.8  0.3  0.0  0.0  0.0  0.0  0.0  0.0  0.0  0.3
  0.0  1.2  0.9  0.3  0.0  0.0  0.0  0.0  0.0  0.0  0.3  0.3  1.5  0.6  0.0
  3.4  0.0  0.0  3.4  2.8  0.0  2.8  2.8  0.0  0.0  0.0  0.0  0.0  0.0  0.0
  0.0  0.3  0.0  0.0  0.0  0.0  0.0 11.3  1.8  0.6  7.0 32.1  7.3  4.9  9.8
  0.6  2.8  2.4  3.7  0.0  0.6  0.0 33.7 16.5 17.8  1.8  8.0 15.3  5.2  0.0
     -4.91      4.56     -5.38     -1.61      0.79  0.3  0.0  0.3  0.0  0.0
                                4000_story_0354_llm_free.txt 33.8  4.5 3615
 21.9  8.3  7.7 37.3 12.7  0.8  4.1  0.8 16.0 21.0  1.7  1.4  0.6  6.1  0.0
  0.0  1.4  4.1  9.4  1.1  1.9250.9 87.4 32.6127.8 65.6 14.4 11.6  0.3  0.3
  0.6  2.2 19.4  6.1 16.3 29.6  5.3  2.5  3.0  0.6  1.1  1.4  2.2  5.8  0.0
  3.0  4.7  1.9  3.9  5.0  7.7 18.3  8.9  2.5  1.1 66.7 94.3  1.9180.9 10.2
  3.6  0.0  0.0  0.0  0.0  0.0  0.0  0.0  0.0  0.0  0.0  0.0  0.0  0.0  0.0
  0.0  0.0  0.0  1.4  1.4  5.5  1.9  0.0  0.0  0.0  0.0  0.0  0.0  0.0  0.6
  0.3  1.1  0.6  0.0  0.0  0.0  0.0  0.0  0.0  0.0  0.0  0.0  2.5  0.6  0.0
 10.2  0.0  0.0 10.2  2.5  0.0  2.5  3.0  0.0  0.0  0.0  0.0  0.0  0.0  0.0
  0.0  0.3  0.0  0.0  0.3  0.0  0.0 11.6  1.4  0.8  7.7 32.1  7.5  6.6 23.2
  2.8  0.6  3.3  3.6  0.3  1.1  0.0 36.5 19.6 25.2  1.4  6.6 15.5  7.5  0.0
      0.82      6.31     -4.28     -3.70     -0.38  1.4  0.0  0.0  0.0  0.0
                                4000_story_0358_llm_free.txt 35.0  4.4 3419
 18.4  4.7  2.6 42.1 12.0  0.0  1.8  0.3 14.9 20.8  0.6  1.5  1.2  5.3  1.2
  0.3  1.2  4.4  8.5  0.6  1.5255.9 81.9 30.1124.3 68.1 12.3  7.3  0.3  0.6
  0.0  3.2 26.6  7.0 20.2 36.0  8.8  3.5  2.3  2.3  1.2  0.6  3.2  5.3  0.6
  3.2  5.3  1.5  2.6  3.5  9.1 20.8  9.1  1.8  0.9 54.4 95.1  1.8181.9  7.0
  2.9  0.0  0.0  0.0  0.0  0.0  0.0  0.0  0.0  0.0  0.0  0.0  0.0  0.0  0.0
  0.0  0.0  0.0  1.8  0.9  1.8  1.2  0.0  0.0  0.0  0.0  0.0  0.3  0.0  1.5
  0.6  1.8  0.3  0.0  0.0  0.0  0.0  0.0  0.0  0.3  0.0  0.6  2.3  0.6  0.0
  5.6  0.0  0.3  5.8  4.1  0.0  4.4  3.5  0.0  0.0  0.0  0.0  0.0  0.0  0.0
  0.0  0.0  0.0  0.0  0.0  0.0  0.0 12.6  3.8  1.5 10.8 23.1  5.3  5.8 24.3
  2.0  0.9  3.2  4.4  0.3  0.9  0.9 36.3 17.8 20.2  3.2  7.3  9.9  9.4  0.0
     -1.59      5.11     -5.51     -3.16      0.67  0.3  0.0  0.3  0.0  0.0
                                4000_story_0359_llm_free.txt 38.3  4.4 3091
 13.9  5.5  3.6 38.2 13.9  1.0  2.6  1.6 12.0 20.1  0.0  1.6  0.3  6.5  0.3
  0.6  1.9  4.5 10.7  1.3  0.6276.6 92.5 34.6122.0 59.2 11.6  8.7  0.0  0.6
  0.6  1.9 17.5  6.5 12.9 24.6  6.5  3.9  1.9  1.9  1.0  2.6  3.2  6.5  0.6
  5.2  5.8  0.3  1.3  3.6  9.4 22.0 12.3  3.2  1.3 61.1 85.1  1.3177.3  5.5
  3.2  0.0  0.0  0.0  0.0  0.0  0.0  0.0  0.0  0.0  0.0  0.0  0.0  0.0  0.0
  0.0  0.0  0.0  2.3  0.0  2.6  0.6  0.0  0.0  0.0  0.0  0.0  0.0  0.0  0.0
  0.0  0.3  1.0  0.0  0.0  0.3  0.0  0.0  0.0  0.0  0.0  0.3  3.2  0.0  0.0
  5.5  0.0  0.0  5.5  1.3  0.3  1.6  3.6  0.0  0.0  0.0  0.0  0.0  0.0  0.0
  0.3  0.3  0.0  0.0  0.0  0.0  0.0 12.9  1.9  1.0  8.4 47.9  4.2 10.7  5.5
  2.6  0.6  0.6  3.9  0.6  1.3  0.3 38.5 13.6 16.5  0.6  7.1 10.7  7.4  0.0
     -0.36      4.77     -3.23     -2.67      1.54  0.3  0.0  0.0  0.0  0.0
                                4000_story_0360_llm_free.txt 35.0  4.5 3316
 18.4  5.7  8.4 41.9 12.1  0.3  4.2  1.2 12.1 22.6  0.3  0.9  0.9  6.3  1.2
  0.0  2.1  4.8  9.7  2.1  1.5253.6 83.2 33.8120.6 71.8 13.6  8.4  0.3  0.9
  0.0  1.8 20.2  6.0 12.1 31.1  4.5  3.0  3.6  1.8  0.9  1.8  1.8  4.2  0.6
  6.6  5.4  0.9  1.8  1.8  8.7 19.6 11.5  4.2  1.2 64.5 95.9  1.2177.9  3.9
  1.5  0.0  0.0  0.0  0.0  0.0  0.0  0.0  0.0  0.0  0.0  0.0  0.0  0.0  0.0
  0.0  0.0  0.0  2.1  0.6  3.0  1.2  0.0  0.0  0.0  0.0  0.0  0.0  0.3  0.3
  0.6  0.6  0.6  0.0  0.0  0.0  0.0  0.0  0.0  0.3  0.0  0.3  3.6  0.6  0.0
  6.9  0.0  0.3  7.2  2.1  0.0  2.4  4.5  0.0  0.0  0.0  0.0  0.0  0.0  0.0
  0.0  0.6  0.0  0.0  0.0  0.0  0.0 10.6  2.1  5.4  5.7 25.0  5.1  8.7  5.1
  1.8  1.8  1.8  6.0  0.3  0.9  0.0 35.0 16.0 20.5  2.1  9.3 13.0 10.0  0.0
      3.18      5.60     -3.36     -2.74      0.75  0.3  0.0  0.0  0.0  0.0
                                4000_story_0361_llm_free.txt 36.0  4.6 4003
 13.5  3.5  5.2 44.7 14.5  1.5  1.7  0.2 11.2 15.2  1.2  1.2  0.7  6.0  0.5
  0.5  3.0  4.2  7.5  1.7  1.5267.8 88.4 30.5117.4 66.0  8.5  9.7  0.2  1.0
  0.5  1.0 26.5  6.5 17.2 24.0  6.2  3.0  1.7  1.0  1.2  0.7  1.5  6.0  0.2
  5.5  4.5  1.0  2.2  3.5  8.5 15.2 11.7  4.7  1.7 63.7 91.7  1.7183.4  8.2
  1.5  0.2  0.0  0.0  0.0  0.0  0.0  0.0  0.0  0.0  0.0  0.0  0.0  0.0  0.0
  0.0  0.0  0.0  1.0  0.7  2.2  0.7  0.0  0.2  0.0  0.0  0.0  0.0  0.0  0.5
  0.0  1.0  0.7  0.5  0.0  0.0  0.0  0.0  0.0  0.5  0.0  0.2  1.5  0.2  0.0
  4.7  0.2  0.0  5.0  2.7  0.0  3.2  2.0  0.0  0.0  0.0  0.0  0.0  0.0  0.0
  0.0  0.2  0.2  0.0  0.0  0.0  0.0 15.7  3.0  1.0  3.7 34.0  4.7  8.5 12.0
  1.7  0.7  2.7  3.5  0.2  0.5  0.7 40.2 16.2 17.7  1.5  7.5 11.0  7.7  0.0
      0.26      4.50     -4.00     -3.98      0.18  0.2  0.0  0.0  0.0  0.0
                                4000_story_0362_llm_free.txt 39.3  4.4 3511
 19.7  6.8 11.7 42.7 15.9  0.6  4.0  0.9 22.8 12.2  0.9  1.1  0.6  5.1  0.6
  0.0  2.3  3.7  9.4  1.4  1.7240.7 69.5 26.2132.2 72.9 17.4 12.2  0.0  1.1
  0.3  1.7 18.8  8.8 11.7 32.2  7.1  4.6  2.8  2.0  1.4  2.3  2.0  5.7  0.3
  4.6  6.6  2.0  2.8  4.8  9.7 20.8 10.5  3.7  1.4 58.1111.6  1.7189.4  7.1
  0.6  0.0  0.0  0.0  0.0  0.0  0.0  0.0  0.0  0.0  0.0  0.0  0.0  0.0  0.0
  0.0  0.0  0.0  2.8  1.1  4.8  2.3  0.3  0.3  0.0  0.0  0.0  0.0  0.0  0.0
  0.3  2.8  0.6  0.0  0.0  0.3  0.3  0.3  0.0  0.9  0.0  0.3  3.1  0.9  0.0
 11.1  0.6  0.0 11.7  3.7  0.9  5.4  4.3  0.0  0.0  0.0  0.0  0.0  0.0  0.0
  0.6  0.9  0.0  0.0  0.0  0.0  0.0 16.8  2.3  1.1  5.1 28.5  3.1 13.7 10.3
  2.0  2.0  2.0  1.4  0.0  2.0  0.0 36.5 20.2 26.5  2.3 10.0 12.0  8.0  0.0
      2.59      7.47     -4.05     -2.11      0.17  0.3  0.0  0.0  0.0  0.0
                                4000_story_0363_llm_free.txt 35.0  4.6 3315
 16.3  3.6  6.0 37.7  7.8  0.6  1.5  0.6 12.1 22.9  0.3  2.4  0.6  7.5  1.2
  0.0  1.2  4.2 10.3  1.2  1.5263.0 88.7 37.1112.2 43.7 18.1  3.6  0.9  0.0
  0.0  1.5 23.2 10.3 13.3 28.7  7.2  5.7  0.9  1.8  0.9  3.0  3.6  9.0  0.6
  2.1  6.0  0.3  3.6  4.2 10.9 22.0 11.8  2.4  0.9 69.4 63.7  3.6167.1  3.0
  3.6  0.0  0.0  0.0  0.0  0.0  0.0  0.0  0.0  0.0  0.0  0.0  0.0  0.0  0.0
  0.0  0.0  0.0  1.5  0.3  2.1  0.6  0.0  0.0  0.0  0.0  0.0  0.0  0.0  0.3
  0.3  0.6  1.5  0.0  0.0  0.0  0.0  0.0  0.0  0.0  0.0  0.0  3.3  0.6  0.0
  4.5  0.0  0.0  4.5  2.7  0.0  2.7  3.9  0.0  0.0  0.0  0.0  0.0  0.0  0.0
  0.0  0.3  0.0  0.0  0.0  0.0  0.0 10.3  2.7  1.2  6.3 31.4  6.0  6.6 15.1
  2.1  1.2  1.2  4.5  0.0  2.7  0.0 32.6  7.5 19.9  1.5 12.7 12.1  6.0  0.0
     -0.66      4.06     -4.78     -2.49      1.15  0.0  0.0  0.0  0.3  0.0
                                4000_story_0366_llm_free.txt 38.5  4.6 3511
 14.8  3.7  2.8 39.9  9.4  0.6  1.7  1.1 11.4 22.8  0.9  0.6  0.0  4.8  0.0
  0.9  2.0  2.3  9.4  2.6  0.6284.0 87.7 34.7125.3 49.0  7.7 14.0  0.6  0.0
  0.0  1.4 25.3  6.3 16.8 25.3  3.7  6.0  1.7  1.7  1.7  0.9  2.3  6.8  0.0
  4.8  5.1  1.1  2.6  6.3 10.0 18.2 11.7  4.6  0.6 61.8 69.8  0.9175.7  4.6
  2.0  0.0  0.0  0.0  0.0  0.0  0.0  0.0  0.0  0.0  0.0  0.0  0.0  0.0  0.0
  0.0  0.0  0.0  2.6  0.0  1.4  1.1  0.0  0.0  0.0  0.0  0.0  0.0  0.0  0.3
  0.0  0.6  0.6  0.0  0.0  0.0  0.0  0.0  0.0  0.3  0.0  0.3  0.3  0.3  0.0
  5.1  0.0  0.0  5.1  1.4  0.0  1.7  0.9  0.0  0.0  0.0  0.0  0.0  0.0  0.0
  0.0  0.3  0.0  0.0  0.0  0.0  0.0 10.0  3.1  0.9  6.3 47.0  4.6  4.3 17.9
  3.4  1.4  3.4  3.7  0.3  1.1  0.3 33.0 21.1 15.9  3.4  8.5  9.7  7.7  0.0
     -2.77      4.64     -4.58     -2.70      0.40  0.3  0.0  0.0  0.0  0.0
                                4000_story_0367_llm_free.txt 35.3  4.5 3495
 19.7  6.0  8.0 48.9 16.3  1.1  3.7  2.0 29.5 12.6  0.9  2.3  1.4  5.2  1.4
  0.6  0.6  5.2  7.7  3.4  1.7247.8 77.5 22.9119.6 64.9 17.2 15.2  0.0  1.7
  0.0  0.3 32.6  8.3  7.4 33.5  8.6  3.1  3.1  2.3  1.4  2.6  3.7  6.0  0.9
  4.6  7.4  2.0  2.3  6.0  9.7 20.0 11.4  4.0  1.7 51.5110.7  1.7186.3  5.7
  2.3  0.0  0.0  0.0  0.0  0.0  0.0  0.0  0.0  0.0  0.0  0.0  0.0  0.0  0.0
  0.0  0.0  0.0  4.0  0.3  2.3  1.7  0.0  0.0  0.0  0.0  0.0  0.3  0.0  0.9
  0.3  3.1  1.4  0.6  0.0  0.0  0.0  0.3  0.0  0.0  0.6  0.0  3.1  2.0  0.0
  8.3  0.0  0.3  8.6  6.3  0.3  6.6  5.7  0.0  0.0  0.0  0.0  0.0  0.0  0.0
  0.6  0.0  0.3  0.0  0.0  0.0  0.0 14.6  2.3  1.4  6.3 18.0  7.7  6.3 13.2
  3.4  0.9  2.6  1.4  0.6  1.1  0.0 37.5 36.9 31.2  0.9  3.7  7.7  5.2  0.0
      3.85      7.20     -2.26     -2.09      1.75  0.0  0.0  0.0  0.0  0.0
                                4000_story_0420_llm_free.txt 35.5  4.5 3521
 11.9  1.4  6.2 35.2  5.1  0.6  3.1  1.1  8.8 15.6  0.0  0.9  0.0  3.4  0.3
  0.0  2.6  2.0 10.5  0.9  0.9288.8 87.8 35.5114.2 53.7  8.2  9.9  0.3  0.3
  0.0  0.9 25.0  7.1 19.6 28.1  5.7  1.1  2.8  2.3  2.0  0.9  2.8  5.7  0.3
  6.5  4.3  0.6  1.4  4.3  5.1 18.7 12.5  3.4  0.6 66.7 67.6  0.6166.1  8.0
  0.6  0.0  0.0  0.0  0.0  0.0  0.0  0.0  0.0  0.0  0.0  0.0  0.0  0.0  0.0
  0.0  0.0  0.0  0.3  0.0  1.7  0.3  0.0  0.0  0.0  0.0  0.0  0.0  0.0  0.3
  0.3  1.4  0.3  0.0  0.0  0.0  0.0  0.0  0.0  0.3  0.0  0.3  1.4  0.0  0.0
  2.3  0.0  0.0  2.3  2.3  0.0  2.6  1.7  0.0  0.0  0.0  0.0  0.0  0.0  0.0
  0.0  0.3  0.0  0.0  0.0  0.0  0.0  5.4  2.6  0.3  7.4 27.5  4.5  6.2  8.5
  1.7  1.1  2.0  2.8  0.0  0.9  0.6 39.2 14.5 15.3  1.4  7.7 11.9  8.0  0.0
     -6.02      3.84     -6.06     -3.10      1.33  0.3  0.0  0.0  0.0  0.0
                                4000_story_0422_llm_free.txt 36.8  4.4 3556
 17.4  8.4  7.9 47.2 16.9  1.4  4.5  0.3 20.2 18.3  0.6  1.7  0.3  3.7  1.7
  0.0  1.4  2.8  9.6  2.2  2.5271.9 74.5 26.2111.4 57.4 15.5 12.7  0.6  0.6
  0.0  1.7 19.1  7.6 12.1 30.7  8.2  7.9  2.5  2.5  1.4  2.0  3.4  3.1  0.6
  3.7  8.7  0.6  3.4  3.1 12.1 24.2  7.3  3.7  1.1 57.4 94.5  3.1176.0  7.9
  0.8  0.3  0.0  0.0  0.0  0.0  0.0  0.0  0.0  0.0  0.0  0.0  0.0  0.0  0.0
  0.0  0.0  0.0  3.7  0.0  3.7  1.1  0.6  0.0  0.0  0.0  0.0  0.0  0.0  0.0
  0.3  1.4  1.7  0.0  0.0  0.0  0.0  0.0  0.3  0.3  0.0  0.0  1.7  2.0  0.0
  8.4  0.6  0.0  9.0  3.4  0.3  3.9  3.7  0.0  0.0  0.0  0.0  0.0  0.0  0.0
  0.0  0.6  0.0  0.0  0.0  0.0  0.3 12.9  1.4  1.4  9.3 29.0  4.8  4.5  5.6
  1.7  2.2  2.0  3.4  0.0  0.6  0.0 35.4 21.4 21.7  3.7  6.5 10.4  9.8  0.0
      2.38      5.80     -3.93     -1.31      0.56  0.3  0.0  0.0  0.0  0.0
                                4000_story_0425_llm_free.txt 36.3  4.5 3429
 17.5  3.8  1.7 34.7 11.1  0.9  1.7  1.2 13.1 16.0  0.3  1.2  0.3  2.9  0.3
  0.3  0.6  5.2  9.6  1.2  1.2274.4 91.9 31.5128.0 64.5 11.7  9.9  0.3  0.6
  0.0  1.5 21.9  7.0 12.2 26.0  6.7  2.9  1.2  1.2  2.3  2.0  1.5  6.1  0.3
  4.4  5.2  0.6  2.6  5.5 10.5 18.7 10.8  1.7  0.9 61.2 88.7  1.5180.8  6.4
  0.6  0.0  0.0  0.0  0.0  0.0  0.0  0.0  0.0  0.0  0.0  0.0  0.0  0.0  0.0
  0.0  0.0  0.0  1.5  1.2  2.0  0.9  0.0  0.0  0.0  0.0  0.0  0.0  0.0  0.3
  0.0  1.5  0.3  0.0  0.0  0.3  0.0  0.0  0.0  0.0  0.0  0.0  1.5  0.3  0.0
  5.5  0.0  0.0  5.5  2.0  0.3  2.3  1.7  0.0  0.0  0.0  0.0  0.0  0.0  0.0
  0.0  0.6  0.0  0.0  0.0  0.0  0.0 10.5  0.9  0.9 11.1 37.6  4.4  4.4 13.1
  0.6  0.9  5.5  1.5  0.3  0.3  0.6 33.2 16.3 20.7  2.0  9.6  7.3  7.3  0.0
     -6.04      5.43     -3.58     -3.08     -0.15  0.6  0.0  0.0  0.0  0.0
                                4000_story_0427_llm_free.txt 34.8  4.5 3334
 16.8  6.3  6.3 37.2 10.8  0.6  3.9  0.3 12.9 25.8  0.3  0.9  0.3  4.8  0.3
  0.0  0.9  3.9  7.8  0.9  2.1283.1 87.6 26.1125.7 55.2 15.9  9.6  0.0  0.3
  0.0  1.5 26.4  9.3 13.2 29.4  5.4  1.8  1.8  2.7  0.9  0.9  3.0  3.9  0.3
  3.0  4.2  1.2  2.7  3.6  6.6 17.1  7.2  1.8  0.3 57.0 78.9  2.1174.6  5.4
  0.9  0.3  0.0  0.0  0.0  0.0  0.0  0.0  0.0  0.0  0.0  0.0  0.0  0.0  0.0
  0.0  0.0  0.0  2.4  0.9  3.3  1.2  0.3  0.0  0.0  0.0  0.0  0.0  0.0  0.0
  0.3  0.6  0.6  0.0  0.0  0.0  0.0  0.0  0.0  0.6  0.3  0.0  1.2  0.3  0.0
  7.8  0.3  0.0  8.1  1.5  0.0  2.1  1.8  0.0  0.0  0.0  0.0  0.0  0.0  0.0
  1.5  0.3  0.0  0.0  0.0  0.0  0.0 12.0  3.9  0.9 12.9 29.7 10.2  3.0  9.9
  3.0  0.9  1.5  2.1  0.0  0.9  0.3 41.1 18.3 18.9  1.8  7.5 11.7  9.0  0.0
     -2.94      5.69     -4.70     -3.58      0.04  0.3  0.0  0.3  0.0  0.0
                                4000_story_0428_llm_free.txt 35.5  4.5 3560
 13.5  4.2  7.0 36.2 11.8  0.8  1.7  0.3  9.8 17.1  0.6  1.7  0.0  5.6  0.6
  0.6  1.7  3.9 10.4  0.3  2.0271.3 94.4 30.9121.6 59.8 11.0 10.4  0.3  0.6
  0.0  0.8 17.1  9.6 14.6 30.6  6.2  3.9  2.5  2.0  2.0  1.7  3.1  5.6  0.0
  3.7  3.1  0.8  2.0  3.7  9.8 18.0  9.3  2.0  0.8 60.7 81.5  1.4173.9  7.3
  2.5  0.0  0.0  0.0  0.0  0.0  0.0  0.0  0.0  0.0  0.0  0.0  0.0  0.0  0.0
  0.0  0.0  0.0  1.4  0.8  2.0  0.3  0.0  0.0  0.0  0.0  0.0  0.0  0.0  0.3
  0.3  1.1  1.4  0.3  0.0  0.0  0.0  0.0  0.3  0.0  0.0  0.0  1.4  0.6  0.0
  4.5  0.0  0.0  4.5  3.4  0.3  3.7  2.0  0.0  0.0  0.0  0.0  0.0  0.0  0.0
  0.0  0.3  0.0  0.0  0.0  0.0  0.0  6.7  2.0  0.3  7.3 30.9  3.1  4.2 15.2
  0.8  1.1  1.1  3.9  0.3  0.6  0.0 40.4 16.6 15.2  3.4  9.0 11.2  7.9  0.0
     -3.20      4.96     -5.84     -2.35      0.33  0.3  0.0  0.0  0.0  0.0
                                4000_story_0429_llm_free.txt 38.3  4.6 3335
 21.0  4.5  6.6 32.4 11.4  0.3  2.4  0.3  8.7 15.9  0.0  1.8  0.0  4.8  0.9
  0.6  1.5  3.6  8.1  1.5  3.0288.2 87.9 36.6124.1 62.4 13.2  8.4  0.0  0.9
  0.3  1.2 24.0  4.5 18.6 25.2  3.9  3.3  3.0  0.3  2.4  1.2  2.4  6.0  0.3
  9.0  4.8  0.3  1.2  2.1  9.3 16.2 15.3  3.0  1.2 63.6 82.5  0.9174.5  6.6
  1.5  0.0  0.0  0.0  0.0  0.0  0.0  0.0  0.0  0.0  0.0  0.0  0.0  0.0  0.0
  0.0  0.0  0.0  1.8  0.6  2.1  0.9  0.0  0.0  0.0  0.0  0.0  0.0  0.0  0.3
  0.0  0.6  0.6  0.0  0.0  0.0  0.0  0.0  0.0  0.0  0.0  0.0  2.1  0.6  0.0
  5.4  0.0  0.0  5.4  1.5  0.0  1.5  2.7  0.0  0.0  0.0  0.0  0.0  0.0  0.0
  0.0  0.3  0.0  0.0  0.0  0.0  0.0  5.1  0.9  3.3  8.1 34.8  5.1  3.6 24.0
  1.5  0.9  0.9  4.5  0.0  0.6  0.3 31.5 14.4 24.0  1.5  7.8  9.0  8.1  0.0
     -3.10      5.22     -4.38     -3.09      1.91  0.3  0.0  0.0  0.0  0.0
                                4000_story_0440_llm_free.txt 36.5  4.4 3092
 15.8  3.9  1.9 45.9 12.9  0.3  1.9  1.3 27.8 24.3  1.0  0.3  0.0  6.1  0.3
  0.0  1.3  7.8 10.7  1.9  1.0243.2 75.7 31.0125.2 46.9 11.6 13.6  0.3  0.6
  0.3  1.6 24.3  6.8 10.0 33.6  4.5  2.9  2.6  1.9  1.9  2.6  1.9  7.8  1.0
  6.5  6.5  1.6  2.9  6.1 12.6 21.0 15.2  3.2  1.3 63.1 87.6  3.2185.6  6.8
  1.9  0.0  0.0  0.0  0.0  0.0  0.0  0.0  0.0  0.0  0.0  0.0  0.0  0.0  0.0
  0.0  0.0  0.0  2.9  0.3  1.3  1.0  0.0  0.0  0.0  0.0  0.0  0.0  0.0  0.0
  0.0  0.6  1.0  0.0  0.0  0.3  0.0  0.0  0.0  0.0  0.0  0.0  3.2  0.6  0.0
  5.5  0.0  0.0  5.5  1.6  0.3  1.9  3.9  0.0  0.0  0.0  0.0  0.0  0.0  0.0
  0.0  0.6  0.0  0.0  0.0  0.0  0.0  7.8  2.6  0.0  8.4 17.5  2.6 19.1 12.6
  1.0  0.6  2.9  2.3  0.0  0.6  0.3 41.1 18.8 20.4  2.9  8.4 15.5 10.0  0.0
      1.49      5.23     -2.74     -2.24      1.60  0.0  0.0  0.0  0.0  0.0
                                4000_story_0445_llm_free.txt 36.5  4.5 3207
 11.2  2.5  5.3 29.0  5.6  0.6  1.9  0.3  5.3 16.5  0.9  0.9  0.0  7.2  0.9
  1.2  0.3  4.1  9.7  1.2  1.9281.6 86.7 30.9131.6 51.4 13.1  6.9  0.0  0.9
  0.3  2.2 23.4  7.5 21.2 29.9  6.9  1.6  3.4  0.6  0.9  1.6  2.8  2.8  0.3
  4.4  4.4  0.6  2.2  3.1  6.5 17.8  7.5  1.6  1.2 60.2 62.4  2.8176.8  7.8
  1.6  0.0  0.0  0.0  0.0  0.0  0.0  0.0  0.0  0.0  0.0  0.0  0.0  0.0  0.0
  0.0  0.0  0.0  0.6  0.3  1.9  0.9  0.0  0.0  0.0  0.0  0.0  0.0  0.0  0.0
  0.0  0.0  0.9  0.6  0.0  0.0  0.0  0.0  0.0  0.0  0.0  0.0  1.2  0.9  0.0
  3.7  0.0  0.0  3.7  1.6  0.0  1.6  2.2  0.0  0.0  0.0  0.0  0.0  0.0  0.0
  0.3  0.0  0.0  0.0  0.0  0.0  0.0  9.0  2.8  0.9  5.6 26.2  4.4  6.9 19.0
  1.2  1.6  0.6  4.7  0.3  0.0  0.0 40.8 15.3 14.3  1.2  5.6 12.8  7.5  0.0
     -5.57      4.68     -5.92     -3.77      0.20  0.0  0.0  0.0  0.0  0.0
                                4000_story_0447_llm_free.txt 34.8  4.4 3595
 13.6  2.8  4.5 38.4  6.4  0.6  1.7  1.7  7.0 27.8  0.3  0.6  0.3  5.3  0.6
  0.6  1.9  3.6 10.8  1.9  0.8276.2 86.8 24.5121.6 52.6 14.2 10.6  0.3  0.0
  0.0  1.4 20.3  6.4 17.2 27.5  5.0  4.5  2.8  1.9  1.4  1.9  3.1  5.3  0.0
  4.2  5.6  0.0  3.6  3.3  9.5 20.3  9.5  3.9  0.3 53.1 65.9  1.4171.3  4.7
  1.1  0.0  0.0  0.0  0.0  0.0  0.0  0.0  0.0  0.0  0.0  0.0  0.0  0.0  0.0
  0.0  0.0  0.0  1.7  0.3  0.8  0.8  0.0  0.0  0.0  0.0  0.0  0.0  0.0  0.0
  0.0  0.8  1.1  0.6  0.0  0.3  0.0  0.0  0.0  0.3  0.0  0.0  2.5  0.6  0.0
  3.6  0.0  0.0  3.6  2.5  0.3  3.1  3.1  0.0  0.0  0.0  0.0  0.0  0.0  0.0
  0.0  0.3  0.0  0.0  0.0  0.0  0.0 13.4  3.6  0.8  7.5 35.0  3.3  5.0 28.4
  1.4  2.2  2.8  1.9  0.0  0.8  0.0 37.0 17.8 13.6  1.9  8.3 12.2 10.3  0.0
     -0.66      5.29     -5.40     -2.32      0.43  0.0  0.0  0.0  0.0  0.0
                                4000_story_0449_llm_free.txt 34.8  4.5 2736
 10.2  4.4  4.4 26.7  4.4  1.5  1.8  0.4  4.0 19.7  0.4  0.4  0.0  5.5  2.2
  0.0  0.4  2.9  7.3  0.7  1.1296.4 91.7 30.7117.3 53.0 14.6  8.0  0.0  1.5
  0.0  2.9 19.7  8.4 18.6 31.1  3.7  2.2  0.4  0.7  1.1  2.9  3.3  4.8  0.0
  6.2  4.4  0.7  2.6  4.0  6.2 15.7 11.0  1.1  1.5 60.3 61.4  1.5164.8  5.8
  0.7  0.0  0.0  0.0  0.0  0.0  0.0  0.0  0.0  0.0  0.0  0.0  0.0  0.0  0.0
  0.0  0.0  0.0  1.5  0.4  2.6  0.4  0.0  0.0  0.0  0.0  0.0  0.0  0.0  0.0
  0.0  0.0  0.7  0.4  0.0  0.0  0.0  0.0  0.0  0.0  0.0  0.0  2.9  1.1  0.0
  4.8  0.0  0.0  4.8  1.1  0.0  1.1  4.0  0.0  0.0  0.0  0.0  0.0  0.0  0.0
  0.0  0.4  0.0  0.0  0.0  0.0  0.0  6.6  3.3  0.4  8.8 35.1  5.1  4.0 10.6
  1.1  1.8  1.5  3.7  0.0  2.2  0.0 35.8 15.0 15.4  0.7  7.3 11.3  7.7  0.0
     -7.62      4.79     -5.49     -3.94      1.15  0.4  0.4  0.0  0.0  0.0
                                4000_story_0452_llm_free.txt 34.8  4.7 3222
 18.9  5.6  5.3 29.2  6.5  0.0  2.2  1.2  9.0 16.8  0.0  0.6  0.3  7.8  0.9
  0.3  1.2  2.8 10.9  0.9  1.2273.7 88.5 27.3116.1 64.2 15.2  5.3  0.3  1.2
  0.0  2.5 32.0  7.1 18.6 34.1  6.5  1.6  3.4  0.6  0.9  2.2  3.1  5.0  0.6
  4.7  4.3  1.9  3.4  3.1  5.3 18.9 10.2  2.2  1.6 61.5 79.8  2.8163.6  6.2
  1.9  0.0  0.0  0.0  0.0  0.0  0.0  0.0  0.0  0.0  0.0  0.0  0.0  0.0  0.0
  0.0  0.0  0.0  1.6  0.6  3.1  0.9  0.0  0.0  0.0  0.0  0.0  0.0  0.0  0.9
  0.6  0.6  0.6  0.3  0.0  0.0  0.0  0.0  0.0  0.0  0.0  0.3  3.7  0.9  0.0
  6.2  0.0  0.0  6.2  3.1  0.0  3.1  5.0  0.0  0.0  0.0  0.0  0.0  0.0  0.0
  0.0  0.3  0.3  0.0  0.0  0.0  0.0  8.7  4.0  1.9  9.3 17.7  5.6  5.6 10.9
  0.9  0.6  1.6  2.5  0.3  1.2  0.6 36.3 18.3 20.8  1.2  6.5  9.3  9.6  0.0
     -3.03      4.85     -4.54     -3.54      1.05  0.3  0.0  0.0  0.0  0.0
                                4000_story_0454_llm_free.txt 36.8  4.5 3309
 16.9  3.9  4.2 37.5  7.3  0.6  1.8  1.2  7.9 20.6  0.6  1.5  0.0  6.0  0.9
  0.6  1.8  1.5 12.4  1.2  2.4277.7 86.4 42.6115.7 55.6 12.7  8.8  0.0  1.2
  0.0  2.4 27.5  4.5 15.1 30.5  4.5  3.0  3.0  1.2  0.6  2.1  3.6  3.3  0.3
  3.6  3.6  0.6  2.7  3.6  5.1 21.2  7.3  3.0  1.2 78.0 70.7  2.7168.3  6.3
  2.1  0.0  0.0  0.0  0.0  0.0  0.0  0.0  0.0  0.0  0.0  0.0  0.0  0.0  0.0
  0.0  0.0  0.0  1.8  0.9  1.8  0.3  0.0  0.3  0.0  0.0  0.0  0.0  0.0  0.3
  0.0  0.6  0.6  0.0  0.0  0.0  0.0  0.3  0.0  0.0  0.0  0.0  2.1  0.6  0.0
  4.8  0.3  0.0  5.1  1.5  0.3  1.8  2.7  0.0  0.0  0.0  0.0  0.0  0.0  0.0
  0.0  0.3  0.0  0.0  0.0  0.0  0.0 12.1  1.2  1.8  7.9 37.8  5.4  8.5 17.2
  2.1  1.8  2.1  6.3  0.0  0.9  0.0 32.6 16.3 17.8  0.9  5.4 11.8 10.0  0.0
     -1.98      4.61     -3.09     -3.23      0.55  0.3  0.0  0.0  0.0  0.0
                                4000_story_0456_llm_free.txt 34.3  4.5 3305
 16.9  3.9  3.6 38.7 10.9  0.9  2.4  0.9 10.0 18.8  0.3  2.1  0.0  7.0  0.3
  0.6  1.2  3.9  7.9  1.2  1.2266.9 81.4 27.5119.5 58.1 11.5  8.2  0.3  1.5
  0.0  2.4 19.7  9.7 14.5 33.6  8.8  4.2  3.3  1.5  1.8  0.9  2.1  5.1  0.9
  3.6  7.6  0.9  3.3  5.4 10.0 21.5  9.7  2.4  1.8 60.2 79.0  0.9173.7  4.2
  0.3  0.0  0.0  0.0  0.0  0.0  0.0  0.0  0.0  0.0  0.0  0.0  0.0  0.0  0.0
  0.0  0.0  0.0  2.4  0.3  1.5  1.2  0.0  0.0  0.0  0.0  0.0  0.0  0.0  0.6
  0.3  0.9  1.2  0.9  0.0  0.0  0.0  0.0  0.0  0.0  0.0  0.3  0.9  0.6  0.0
  5.4  0.0  0.0  5.4  3.9  0.0  3.9  1.8  0.0  0.0  0.0  0.0  0.0  0.0  0.0
  0.0  0.3  0.0  0.0  0.0  0.0  0.0  8.5  2.7  4.2  7.3 26.6  6.1  5.1 11.2
  1.8  0.6  1.8  2.4  0.0  0.9  0.0 39.9 18.5 19.1  3.3  7.6 10.0  7.0  0.0
     -1.65      4.51     -4.78     -2.61      0.35  0.3  0.0  0.0  0.0  0.0
                                4000_story_0458_llm_free.txt 34.8  4.4 2940
 19.4  2.4  8.2 63.9 12.9  0.7  4.1  1.7 16.7 13.3  0.3  2.4  0.0  7.1  0.7
  1.4  1.0  8.8  5.4  0.3  1.4241.8 76.9 36.1105.4 56.1 13.6  6.5  0.7  1.0
  0.0  3.1 17.3 10.9 15.0 35.4  7.1  3.1  3.4  3.1  2.0  4.1  5.4  4.4  0.0
  4.1  7.1  1.0  2.7  7.1 13.9 21.1  8.5  1.4  1.7 70.1 85.7  1.7183.3  6.8
  1.0  0.0  0.0  0.0  0.0  0.0  0.0  0.0  0.0  0.0  0.0  0.0  0.0  0.0  0.0
  0.0  0.0  0.0  0.7  1.0  2.4  2.4  0.0  0.0  0.0  0.0  0.0  0.0  0.0  0.3
  1.0  2.0  1.4  1.0  0.0  0.3  0.0  0.0  0.0  0.3  0.0  0.0  2.4  1.0  0.0
  6.5  0.0  0.0  6.5  5.8  0.3  6.5  3.4  0.0  0.0  0.0  0.0  0.0  0.0  0.0
  0.0  0.0  0.0  0.0  0.0  0.0  0.0 21.4  2.4  0.7  5.8 32.3  1.0 16.7 12.6
  3.4  1.0  4.1  3.7  0.3  0.7  0.0 42.2 16.0 25.2  1.0  6.5 17.3  7.8  0.0
      0.35      4.05     -5.30     -0.78      1.76  0.3  0.0  0.0  0.0  0.0
                                4000_story_0461_llm_free.txt 36.0  4.5 3091
 14.2  3.6  6.1 45.3  6.8  1.0  3.2  1.0 11.3 23.3  0.6  0.6  0.0  5.2  0.6
  0.3  3.2  6.8  7.1  1.6  1.3254.3 83.8 35.6122.0 52.4  8.7 12.0  0.3  0.6
  1.0  3.2 29.4  9.7  8.7 34.0  4.9  3.9  3.9  1.3  2.3  1.0  4.2  7.8  0.6
  7.1  6.5  1.0  3.2  5.2 12.9 18.8 15.5  4.9  1.9 72.5 70.5  1.9185.4  5.5
  1.3  0.0  0.0  0.0  0.0  0.0  0.0  0.0  0.0  0.0  0.0  0.0  0.0  0.0  0.0
  0.0  0.0  0.0  1.6  0.3  2.6  1.6  0.0  0.3  0.0  0.0  0.0  0.0  0.0  0.3
  0.3  0.3  1.0  1.0  0.0  0.0  0.0  0.3  0.0  0.0  0.0  0.0  2.3  1.0  0.0
  6.1  0.3  0.0  6.5  2.9  0.3  3.2  3.2  0.0  0.0  0.0  0.0  0.0  0.0  0.0
  0.3  0.6  0.0  0.0  0.0  0.0  0.0  5.5  5.5  0.3  6.5 28.1  3.2 10.0 12.6
  0.3  2.6  0.6  2.6  0.3  1.3  0.0 35.9 17.8 19.1  1.6  8.4 13.3 10.4  0.0
      1.42      4.51     -1.66     -2.37      2.97  0.0  0.0  0.0  0.0  0.0
                                4000_story_0462_llm_free.txt 35.0  4.4 3194
 12.5  3.4  0.9 26.0  6.9  0.3  3.4  1.3 17.2 24.1  0.3  0.3  0.0  6.9  0.3
  0.3  1.6  4.1 10.0  0.6  2.8272.4 86.4 25.4133.1 49.8 10.6 14.4  0.0  2.5
  0.3  1.3 28.5  7.5 16.0 27.6  4.1  1.3  3.1  1.3  1.9  1.6  4.7  5.0  0.6
  4.4  6.3  0.9  4.1  3.4  7.2 19.1 10.0  2.2  2.8 52.6 73.9  0.9174.7  5.6
  2.2  0.0  0.0  0.0  0.0  0.0  0.0  0.0  0.0  0.0  0.0  0.0  0.0  0.0  0.0
  0.0  0.0  0.0  2.2  0.0  0.3  0.6  0.3  0.0  0.0  0.0  0.0  0.3  0.0  0.0
  0.0  0.0  0.9  0.3  0.0  0.3  0.3  0.0  0.0  0.0  0.0  0.0  2.5  0.3  0.0
  3.1  0.3  0.3  3.8  1.3  0.6  1.9  2.8  0.0  0.0  0.0  0.0  0.0  0.0  0.0
  0.3  0.9  0.3  0.0  0.0  0.0  0.0 12.2  1.6  1.9  5.9 29.4  7.8  7.8 11.9
  3.1  2.8  2.8  2.2  0.0  0.9  0.0 39.1 23.8 13.1  1.6 10.0 15.3  8.1  0.0
     -2.18      5.58     -3.46     -3.21      1.96  0.0  0.0  0.6  0.0  0.0
                                4000_story_0463_llm_free.txt 34.8  4.5 3175
 14.8  4.7  3.1 32.1  6.3  0.9  2.5  0.6 10.1 12.6  0.0  1.3  0.0  5.4  0.6
  0.6  1.9  5.4  8.2  0.6  3.1269.9 80.0 25.5134.5 64.6 17.6  7.6  0.3  1.6
  0.0  1.3 24.6  7.2 13.5 29.0  6.3  1.9  0.6  1.3  0.9  2.8  2.8  4.4  0.3
  4.1  4.7  0.9  3.1  3.1  8.2 16.7  8.8  2.5  1.9 63.3 80.9  0.6177.6  6.0
  0.6  0.0  0.0  0.0  0.0  0.0  0.0  0.0  0.0  0.0  0.0  0.0  0.0  0.0  0.0
  0.0  0.0  0.0  1.9  0.6  2.2  1.3  0.0  0.0  0.0  0.0  0.0  0.0  0.0  0.3
  0.3  1.6  0.6  0.3  0.0  0.3  0.0  0.0  0.0  0.0  0.0  0.3  3.1  0.6  0.0
  6.0  0.0  0.0  6.0  3.1  0.3  3.5  4.1  0.0  0.0  0.0  0.0  0.0  0.0  0.0
  0.3  0.3  0.0  0.0  0.0  0.0  0.0 20.8  4.7  0.6  5.7 29.9  4.7  9.8 16.4
  3.8  0.9  3.1  1.9  0.0  0.9  0.0 43.8 14.5 17.3  2.2  7.2 15.7  9.4  0.0
     -2.44      6.36     -3.58     -3.80      0.38  0.6  0.0  0.0  0.0  0.0
                                4000_story_0464_llm_free.txt 37.3  4.5 3059
 18.0  3.3  3.3 43.2  7.2  0.0  1.0  0.7  7.2 26.2  0.3  0.3  0.0  4.9  0.3
  0.3  1.0  5.2 12.1  1.3  1.3273.6 88.9 33.7115.1 46.7 10.8  6.9  1.0  0.7
  0.0  2.3 17.3  9.2 13.4 29.4  4.2  4.9  2.3  1.6  2.0  2.3  2.9  7.2  0.3
  5.6  5.9  0.3  2.6  3.3 12.1 22.2 13.1  2.3  1.6 70.0 61.1  2.9176.2  5.9
  1.0  0.0  0.0  0.0  0.0  0.0  0.0  0.0  0.0  0.0  0.0  0.0  0.0  0.0  0.0
  0.0  0.0  0.0  1.3  0.0  0.7  1.0  0.0  0.0  0.0  0.0  0.0  0.0  0.0  0.3
  0.3  1.3  0.0  0.3  0.0  0.0  0.0  0.0  0.0  0.0  0.0  0.3  1.6  0.3  0.0
  2.9  0.0  0.0  2.9  2.3  0.0  2.3  2.3  0.0  0.0  0.0  0.0  0.0  0.0  0.0
  0.0  0.7  0.0  0.0  0.0  0.0  0.0 11.1  2.3  0.7  3.6 38.2  5.6  6.2 20.6
  0.7  1.6  1.3  2.9  0.0  0.0  0.0 36.9 15.0 18.6  2.6  7.2 11.8 11.8  0.0
     -3.76      3.48     -4.30     -2.11      1.35  0.0  0.0  0.0  0.0  0.0
                                4000_story_0466_llm_free.txt 35.0  4.5 2978
 17.1  1.7  4.4 24.2  1.0  0.7  1.0  0.7  5.4 20.8  0.0  0.7  0.0  6.7  0.7
  1.0  0.7  3.7  8.4  1.0  1.3285.1 90.0 38.3112.2 46.3 15.1  7.7  0.7  1.7
  0.0  2.4 23.5  8.4 14.4 26.2  5.7  1.0  1.0  1.7  0.3  1.7  2.4  6.7  0.0
  6.4  7.4  0.0  2.7  3.0  5.0 20.5 13.1  1.7  2.4 72.2 52.7  1.0155.1  7.7
  1.0  0.0  0.0  0.0  0.0  0.0  0.0  0.0  0.0  0.0  0.0  0.0  0.0  0.0  0.0
  0.0  0.0  0.0  0.7  0.0  1.3  0.0  0.0  0.0  0.0  0.0  0.0  0.3  0.0  0.3
  0.0  0.3  0.0  0.3  0.0  0.3  0.0  0.0  0.0  0.3  0.0  0.0  2.4  1.0  0.0
  2.0  0.0  0.3  2.4  1.0  0.3  1.7  3.4  0.0  0.0  0.0  0.0  0.0  0.0  0.0
  0.0  0.3  0.0  0.0  0.0  0.0  0.0 10.7  2.4  0.3  4.4 23.2  6.4  6.4  8.4
  1.3  2.0  3.7  6.7  0.7  1.7  0.0 40.0 14.4 16.8  0.3  7.4 12.4  7.1  0.0
     -6.83      4.36     -3.42     -4.45      0.92  0.0  0.0  0.0  0.0  0.0
                                4000_story_0470_llm_free.txt 35.3  4.6 3601
 15.0  3.6  4.7 36.9  9.7  0.0  1.1  0.8  6.9 21.4  1.4  0.3  0.6  6.4  0.8
  0.3  0.0  6.7  9.7  0.3  2.5289.9 89.7 33.9108.3 37.2 14.2  4.4  0.0  0.0
  0.3  1.7 31.1  9.7 16.9 29.2  4.7  2.8  0.3  2.2  1.1  0.8  3.3  6.4  0.0
  4.7  5.8  1.9  3.1  4.4 10.6 19.7 11.1  0.3  0.3 65.5 53.9  1.9161.3  6.4
  1.1  0.0  0.0  0.0  0.0  0.0  0.0  0.0  0.0  0.0  0.0  0.0  0.0  0.0  0.0
  0.0  0.0  0.0  0.3  1.1  3.6  1.1  0.0  0.0  0.0  0.0  0.3  0.0  0.0  0.0
  0.3  0.8  0.3  0.6  0.0  0.0  0.0  0.0  0.0  0.3  0.0  0.0  1.1  0.6  0.0
  6.1  0.0  0.3  6.4  1.9  0.0  2.2  1.7  0.0  0.0  0.0  0.0  0.0  0.0  0.0
  0.6  0.6  0.0  0.0  0.0  0.0  0.0  5.8  3.3  2.2 13.1 34.2  4.7  2.8  7.8
  1.4  1.9  1.7  5.6  0.3  0.3  0.0 32.8  8.6 18.9  1.4  7.5 11.9  8.6  0.0
     -5.93      3.04     -5.41     -3.98      0.95  0.8  0.0  0.0  0.0  0.0
                                4000_story_0471_llm_free.txt 34.8  4.5 3289
 10.6  3.6  6.1 37.7  6.1  0.6  4.6  0.6  8.5 30.7  0.6  1.5  0.3  2.7  1.2
  0.0  2.1  4.3  7.3  0.0  2.1280.3 85.1 30.1118.6 38.6  9.4  8.5  0.3  0.6
  0.0  0.9 19.8  7.6 13.7 31.6  7.3  2.4  3.3  0.9  0.9  0.6  2.1  7.3  0.0
  6.4  4.3  0.6  1.8  5.5  7.6 14.9 13.7  2.1  0.9 69.6 53.2  1.8176.6  9.7
  0.6  0.0  0.0  0.0  0.0  0.0  0.0  0.0  0.0  0.0  0.0  0.0  0.0  0.0  0.0
  0.0  0.0  0.0  1.5  0.0  2.1  1.2  0.0  0.0  0.0  0.0  0.0  0.0  0.0  0.0
  0.3  0.9  1.2  0.3  0.0  0.0  0.0  0.3  0.0  0.0  0.0  0.0  0.3  2.1  0.0
  4.9  0.0  0.0  4.9  2.7  0.3  3.0  2.4  0.0  0.0  0.0  0.0  0.0  0.0  0.0
  0.0  0.0  0.0  0.0  0.0  0.0  0.0  5.5  3.0  0.6  7.3 38.3  3.6  9.7 10.0
  4.0  2.1  0.6  2.7  0.3  0.9  0.0 37.1 13.4 14.9  2.7  9.1 10.6  9.1  0.0
     -2.58      3.28     -4.83     -3.85      0.87  0.6  0.3  0.0  0.3  0.0
                                4000_story_0473_llm_free.txt 35.8  4.6 3483
 13.8  2.9  2.0 34.5  6.6  0.3  2.0  2.6 10.9 23.0  0.6  0.0  0.3  4.3  0.3
  0.9  1.1  3.4  7.2  0.9  0.9286.2 89.6 37.6121.4 46.8 14.4 10.0  0.3  1.1
  0.3  2.3 25.3  8.0 15.2 31.9  5.2  4.0  2.6  1.4  0.9  2.3  1.1  4.6  0.3
  5.5  4.9  0.9  2.6  4.3  8.3 15.8 10.3  2.0  1.7 70.3 64.3  0.9172.8  4.3
  1.1  0.0  0.0  0.0  0.0  0.0  0.0  0.0  0.0  0.0  0.0  0.0  0.0  0.0  0.0
  0.0  0.0  0.0  1.4  0.6  1.4  0.9  0.0  0.0  0.0  0.0  0.0  0.0  0.0  0.9
  0.0  1.4  0.9  0.0  0.0  0.3  0.0  0.0  0.0  0.3  0.0  0.0  2.6  0.6  0.0
  4.3  0.0  0.0  4.3  3.2  0.3  3.7  3.2  0.0  0.0  0.0  0.0  0.0  0.0  0.0
  0.0  0.6  0.3  0.0  0.0  0.0  0.3 10.6  1.7  0.9  6.0 21.0  4.0  5.5 22.4
  3.4  1.4  1.1  4.0  0.3  1.4  0.6 35.6 17.2 18.1  2.9  8.3 11.8 10.0  0.0
     -6.90      4.97     -4.00     -2.83     -0.23  0.3  0.0  0.0  0.0  0.0
                                4000_story_0475_llm_free.txt 35.8  4.5 3798
 15.8  3.7  6.8 41.6 12.6  1.1  2.1  0.0 14.0 21.1  0.8  2.1  0.5  7.4  1.1
  0.3  1.6  3.9  6.8  0.3  1.8258.6 79.0 29.8126.4 62.9 13.4 10.3  0.0  0.8
  0.0  2.1 18.4  6.8 13.7 30.8  7.1  3.2  2.1  1.6  1.3  3.4  3.7  5.8  0.0
  5.0  6.6  0.8  1.6  2.9  8.4 19.2 10.8  1.8  0.8 64.0 89.5  1.8182.5  8.2
  1.6  0.0  0.0  0.0  0.0  0.0  0.0  0.0  0.0  0.0  0.0  0.0  0.0  0.0  0.0
  0.0  0.0  0.0  1.8  0.3  2.6  0.8  0.0  0.0  0.0  0.0  0.0  0.0  0.0  0.8
  0.0  1.3  0.5  0.8  0.0  0.5  0.0  0.3  0.0  0.3  0.3  0.0  2.4  0.8  0.0
  5.5  0.0  0.0  5.5  3.4  0.8  4.5  3.4  0.0  0.0  0.0  0.0  0.0  0.0  0.0
  0.0  0.5  0.0  0.0  0.0  0.0  0.0 13.2  4.5  1.1  6.8 34.0  3.2 10.8  9.7
  0.8  1.8  2.4  3.2  0.0  0.5  0.0 39.8 17.9 18.2  1.3  6.3 13.4 11.1  0.0
     -0.42      5.71     -4.30     -2.46      1.17  0.0  0.0  0.0  0.0  0.0
                                4000_story_0478_llm_free.txt 36.0  4.7 2928
 12.3  3.4  4.8 49.2  8.5  1.0  3.4  1.4  7.9 19.5  0.7  0.3  0.3  4.4  0.7
  0.3  0.7  5.1 12.0  0.3  1.7294.1 85.0 37.9111.3 38.3 10.2 12.6  0.0  0.3
  0.3  3.1 36.5 10.9  9.9 26.6  6.8  4.1  3.1  1.0  1.7  1.4  2.4  3.8  0.3
  6.1  3.1  0.3  2.4  5.5 10.9 19.5 10.2  1.0  0.7 72.1 54.6  1.7176.2  4.1
  2.7  0.0  0.0  0.0  0.0  0.0  0.0  0.0  0.0  0.0  0.0  0.0  0.0  0.0  0.0
  0.0  0.0  0.0  2.4  0.7  0.7  0.7  0.0  0.0  0.0  0.0  0.0  0.0  0.0  0.7
  0.7  1.0  0.0  0.0  0.0  0.0  0.3  0.0  0.0  0.0  0.3  0.0  1.4  0.0  0.0
  4.4  0.0  0.0  4.4  2.4  0.3  2.7  1.7  0.0  0.0  0.0  0.0  0.0  0.0  0.0
  0.0  0.0  0.0  0.0  0.0  0.0  0.0  2.4  1.0  0.3 10.6 30.4  4.1  3.1 12.0
  3.4  1.0  3.4  3.4  0.0  0.3  0.0 34.8 16.7 17.4  1.0  8.5  8.2  7.9  0.0
     -6.03      3.95     -2.42     -2.81      0.68  0.7  0.0  0.3  0.0  0.0
                                4000_story_0479_llm_free.txt 33.8  4.5 2807
 12.8  2.5  3.2 26.4  2.9  0.0  0.7  1.1  4.6 16.7  0.4  0.7  1.8  7.1  0.4
  0.0  0.4  3.2 11.4  0.0  2.1271.5 84.4 35.6125.0 55.9 15.7  6.4  0.4  1.1
  0.7  2.5 24.9  8.2 15.0 30.6  7.8  1.8  1.8  0.4  1.8  1.8  3.6  4.6  0.7
  2.9  5.7  0.7  2.9  4.3  6.8 20.7  8.2  0.4  2.1 67.3 63.4  2.9169.9  8.9
  1.8  0.0  0.0  0.0  0.0  0.0  0.0  0.0  0.0  0.0  0.0  0.0  0.0  0.0  0.0
  0.0  0.0  0.0  0.7  0.4  2.5  1.1  0.0  0.0  0.0  0.0  0.0  0.0  0.0  0.0
  0.0  1.8  1.1  0.7  0.0  0.4  0.0  0.0  0.0  0.4  0.0  0.0  2.5  0.0  0.0
  4.6  0.0  0.0  4.6  3.6  0.4  4.3  2.5  0.0  0.0  0.0  0.0  0.0  0.0  0.0
  0.0  0.4  0.0  0.0  0.0  0.0  0.0  8.6  2.5  0.4  8.6 22.4  3.6  6.4  5.0
  1.4  2.1  3.2  4.6  0.0  1.4  0.0 40.6 15.3 16.0  2.5 12.1 14.3 10.3  0.0
     -7.10      5.07     -3.46     -3.88      0.77  0.0  0.0  0.4  0.4  0.0
                                4000_story_0480_llm_free.txt 36.0  4.4 4061
 19.0  4.9  4.7 46.5 10.6  0.7  3.4  1.5 17.0 20.9  0.7  1.5  0.0  4.2  0.5
  0.5  1.0  4.7  6.9  0.2  1.5262.7 75.6 33.2123.6 67.5  9.1 11.3  1.2  0.7
  0.0  2.2 12.6  8.4 14.5 30.5  6.4  2.0  2.7  1.7  0.2  1.5  3.7  3.9  0.5
  3.9  6.6  1.5  3.7  5.9  6.9 19.0  8.4  1.2  2.0 62.5 95.1  1.2182.2  4.9
  1.7  0.0  0.0  0.0  0.0  0.0  0.0  0.0  0.0  0.0  0.0  0.0  0.0  0.0  0.0
  0.0  0.0  0.0  2.7  0.5  3.0  1.7  0.0  0.0  0.0  0.0  0.0  0.0  0.0  0.5
  0.2  0.7  0.5  0.7  0.0  0.0  0.0  0.0  0.0  0.0  0.0  0.2  1.5  1.2  0.0
  7.9  0.0  0.0  7.9  2.7  0.0  2.7  3.0  0.0  0.0  0.0  0.0  0.0  0.0  0.0
  0.0  0.5  0.0  0.0  0.0  0.0  0.0 14.5  1.5  2.2  9.6 34.2  4.4  6.4 14.8
  0.5  1.0  1.5  5.2  0.2  1.5  0.2 38.9 20.2 22.2  0.2  7.9  9.4  6.9  0.0
     -2.70      5.19     -4.64     -3.77      0.93  0.2  0.0  0.0  0.0  0.0
                                4000_story_0481_llm_free.txt 36.8  4.3 3910
 20.5  4.1  7.4 54.0 15.3  0.5  2.8  0.5 17.9 20.7  0.8  1.3  0.0  3.3  0.0
  0.0  2.0  7.4  7.2  0.5  1.0240.2 81.6 27.9110.0 85.9  9.2  7.7  0.0  0.3
  0.3  1.8 16.6  8.4 11.8 36.3  7.9  4.3  2.3  2.3  2.0  1.5  2.8  5.9  0.0
  3.8  7.2  0.5  4.1  5.1 13.8 19.7  9.7  2.6  0.5 58.8119.2  1.5183.6  8.2
  0.3  0.0  0.0  0.0  0.0  0.0  0.0  0.0  0.0  0.0  0.0  0.0  0.0  0.0  0.0
  0.0  0.0  0.0  1.5  1.0  2.3  1.5  0.0  0.5  0.0  0.0  0.0  0.0  0.0  0.3
  1.3  1.0  0.8  1.0  0.5  0.5  0.0  0.3  0.0  0.3  0.0  0.3  4.9  0.8  0.0
  6.4  0.5  0.0  6.9  4.3  1.3  5.9  5.9  0.0  0.0  0.0  0.0  0.0  0.0  0.0
  0.5  0.5  0.0  0.0  0.0  0.0  0.0 14.1  2.8  2.3  6.9 25.1  3.3 15.9  9.5
  1.0  2.6  3.3  1.5  0.0  1.3  0.0 41.9 12.8 25.1  2.6  8.2 11.3 10.0  0.0
      0.09      4.90     -4.78     -2.19      0.26  0.3  0.0  0.0  0.0  0.0
                                4000_story_0483_llm_free.txt 31.5  4.5 3308
 21.2  8.2 11.5 43.8 13.6  1.2  2.4  0.9 15.1 14.5  0.0  1.5  0.6  1.5  0.3
  0.6  0.9  3.3  9.1  0.6  0.9260.9 84.3 26.3117.9 66.2 13.6 10.0  0.0  0.9
  0.0  1.8 23.6 10.3 16.6 29.6  4.8  5.4  1.2  2.1  1.2  0.6  3.0  5.1  0.0
  3.6  5.4  0.6  1.8  4.2 10.0 20.0  8.8  1.5  0.9 57.4 94.9  1.2173.2  6.7
  1.2  0.0  0.0  0.0  0.0  0.0  0.0  0.0  0.0  0.0  0.0  0.0  0.0  0.0  0.0
  0.0  0.0  0.0  3.6  0.6  4.2  0.9  0.0  0.0  0.0  0.0  0.0  0.0  0.0  0.0
  0.3  2.4  0.3  0.6  0.0  0.0  0.0  0.3  0.0  0.3  0.0  0.0  1.5  0.0  0.0
  9.4  0.0  0.0  9.4  3.6  0.3  4.2  1.5  0.0  0.0  0.0  0.0  0.0  0.0  0.0
  0.3  0.6  0.0  0.0  0.0  0.0  0.0  5.1  3.6  0.6  7.6 29.9  5.4  5.7 10.3
  1.2  1.8  1.8  2.1  0.0  0.9  0.0 42.3 16.6 25.1  1.2  6.7 13.0  8.2  0.0
     -3.67      5.56     -5.77     -3.14      0.21  0.0  0.0  0.0  0.0  0.0
                                4000_story_0487_llm_free.txt 34.5  4.5 3228
 17.0  7.1  5.9 41.5  9.0  0.3  3.4  0.6 13.9 28.2  1.2  0.9  0.3  6.2  0.3
  0.0  2.5  3.7 10.5  1.2  1.2268.3 79.9 25.4121.4 58.9 10.5 14.6  0.0  0.3
  0.3  1.5 27.9  8.7 11.5 28.5  7.4  2.8  2.5  1.5  1.2  0.9  2.5  3.7  0.3
  5.6  7.1  2.5  1.5  4.0  7.7 21.7  9.6  3.7  0.6 58.2 81.8  1.9182.2  7.1
  1.5  0.3  0.0  0.0  0.0  0.0  0.0  0.0  0.0  0.0  0.0  0.0  0.0  0.0  0.0
  0.0  0.0  0.0  3.4  0.9  4.3  1.2  0.0  0.0  0.3  0.0  0.0  0.0  0.0  0.6
  0.0  1.2  0.9  0.6  0.0  0.0  0.0  0.0  0.0  0.0  0.0  0.0  1.2  0.3  0.0
  9.9  0.3  0.0 10.2  3.4  0.0  3.4  1.5  0.0  0.0  0.0  0.0  0.0  0.0  0.0
  0.3  0.6  0.0  0.0  0.0  0.0  0.0  9.9  5.6  3.7  7.1 34.1  2.8 12.1 17.7
  2.2  0.3  1.5  0.9  0.0  0.9  0.3 39.3 22.3 21.1  1.5  7.4  8.1  6.2  0.0
      2.19      5.60     -3.55     -3.48      0.52  0.3  0.0  0.0  0.0  0.0
                                4000_story_0489_llm_free.txt 35.3  4.6 3250
 13.8  4.6  5.2 30.5  8.9  0.3  1.8  2.2  9.8 17.5  0.0  0.9  0.3  6.5  0.9
  0.0  0.6  2.2  8.3  0.6  1.8282.8 91.1 29.5117.8 49.5 16.3  7.4  0.0  0.3
  0.0  2.5 28.0  9.5 16.0 26.2  4.6  3.7  1.2  1.2  1.8  1.2  3.4  4.3  0.0
  4.9  5.5  0.3  1.5  2.5  7.7 18.5  9.2  1.2  0.3 67.4 68.3  1.2165.8  5.5
  1.5  0.3  0.0  0.0  0.0  0.0  0.0  0.0  0.0  0.0  0.0  0.0  0.0  0.0  0.0
  0.0  0.0  0.0  2.2  0.3  1.8  0.6  0.0  0.0  0.0  0.0  0.0  0.0  0.0  0.0
  0.6  0.9  0.6  0.3  0.0  0.0  0.0  0.0  0.0  0.0  0.3  0.0  2.2  0.9  0.0
  4.9  0.0  0.0  4.9  2.5  0.0  2.5  3.4  0.0  0.0  0.0  0.0  0.0  0.0  0.0
  0.3  0.6  0.0  0.0  0.0  0.0  0.0 10.8  4.6  0.6 12.3 26.5  7.1  5.5 13.2
  0.9  1.8  1.2  2.8  0.0  2.5  0.0 41.2 13.2 16.9  0.9  7.7  9.5  9.8  0.0
     -5.81      4.85     -4.93     -3.40      0.73  0.3  0.0  0.3  0.0  0.0
                                4000_story_0492_llm_free.txt 35.8  4.6 3682
 14.1  2.4  6.0 38.0  7.1  0.5  1.4  0.8  9.0 20.4  1.1  1.1  0.5  6.0  0.5
  0.3  0.3  3.0  9.5  1.1  2.4278.1 87.2 39.4115.4 50.8 12.8 13.6  0.0  0.3
  0.3  1.1 24.7  7.1 13.6 28.5  6.0  3.8  2.2  1.9  1.1  1.4  2.4  5.4  0.3
  6.5  4.6  0.3  2.2  4.1  7.9 18.2 12.2  1.4  0.5 74.4 66.8  2.4168.1  5.4
  0.8  0.0  0.0  0.0  0.0  0.0  0.0  0.0  0.0  0.0  0.0  0.0  0.0  0.0  0.0
  0.0  0.0  0.0  2.2  0.0  0.5  0.3  0.0  0.0  0.0  0.0  0.0  0.0  0.0  0.3
  0.0  1.4  0.3  0.3  0.0  0.0  0.0  0.0  0.0  0.3  0.5  0.0  2.4  0.5  0.0
  3.0  0.0  0.0  3.0  2.2  0.0  2.4  3.5  0.0  0.0  0.0  0.0  0.0  0.0  0.0
  0.0  0.0  0.0  0.0  0.0  0.0  0.0  7.6  4.1  0.8  8.1 22.5  3.5  4.9  8.4
  0.5  2.2  1.1  3.0  0.0  0.8  0.3 32.3 19.8 17.9  0.8  7.9 15.5  9.0  0.0
     -5.96      5.30     -4.16     -3.07      1.04  0.0  0.0  0.0  0.0  0.0
                                4000_story_0493_llm_free.txt 35.5  4.4 3608
 21.3  4.4  9.1 51.0 13.9  3.3  3.9  0.8 14.1 16.9  0.8  2.2  0.3  5.8  0.3
  0.6  1.7  6.9  8.0  0.3  1.1260.3 78.4 30.2118.9 66.2 13.0  8.3  0.3  0.0
  0.0  1.1 20.2  6.7 10.3 31.3  6.7  3.0  2.2  1.1  1.4  3.0  2.2  7.2  0.0
  3.0  4.4  1.1  2.8  5.8 11.4 16.9 10.3  1.9  0.3 62.4 94.2  1.7182.4  6.1
  2.5  0.0  0.0  0.0  0.0  0.0  0.0  0.0  0.0  0.0  0.0  0.0  0.0  0.0  0.0
  0.0  0.0  0.0  2.2  0.8  0.6  1.4  0.0  0.3  0.0  0.0  0.0  0.0  0.0  0.0
  0.0  2.2  1.1  0.0  0.0  0.0  0.0  0.3  0.0  0.6  0.0  0.0  2.8  0.3  0.0
  5.0  0.3  0.0  5.3  3.3  0.3  4.2  3.0  0.0  0.0  0.0  0.0  0.0  0.0  0.0
  0.6  0.3  0.0  0.0  0.0  0.0  0.0 17.5  2.5  3.0 11.1 20.0  2.5 14.4 13.3
  3.6  1.1  1.9  3.0  0.3  1.7  0.0 38.2 14.1 26.1  2.8  9.4 13.9  7.2  0.0
      1.20      5.17     -3.74     -2.78     -0.17  0.3  0.0  0.0  0.0  0.0
                                4000_story_0497_llm_free.txt 34.8  4.4 2911
 15.1  6.9  0.7 34.4  7.2  1.0  3.1  0.0 15.1 17.5  1.0  2.1  0.0  5.8  0.0
  0.0  1.4  3.4  7.9  1.0  3.4271.4 83.8 26.8119.2 60.5 16.8 10.0  0.0  0.0
  0.0  1.4 19.6  9.3 15.1 35.7  5.5  2.7  1.0  0.3  2.1  1.7  2.1  3.1  0.0
  3.1  5.5  1.0  2.1  5.2  8.2 17.2  6.2  2.4  0.0 56.7 82.8  2.1170.0  8.2
  1.7  0.3  0.0  0.0  0.0  0.0  0.0  0.0  0.0  0.0  0.0  0.0  0.0  0.0  0.0
  0.0  0.0  0.0  3.8  0.7  3.1  2.4  0.3  0.0  0.0  0.0  0.0  0.0  0.0  0.0
  0.3  1.0  0.7  1.4  0.0  0.0  0.0  0.0  0.3  0.3  0.0  0.0  2.4  1.0  0.0
 10.0  0.3  0.0 10.3  3.4  0.3  4.1  3.4  0.0  0.0  0.0  0.0  0.0  0.0  0.0
  0.0  0.3  0.3  0.0  0.0  0.0  0.0  5.8  1.7  0.0  7.6 32.6  8.9  7.6  7.2
  1.4  2.7  3.8  1.7  0.0  1.4  0.0 37.1 15.8 22.0  2.7  6.2 12.4  7.2  0.0
     -2.02      5.96     -6.28     -3.79     -0.87  0.0  0.0  0.0  0.0  0.0
                                4000_story_0500_llm_free.txt 36.3  4.5 3266
 11.9  4.6  3.1 31.8  4.9  0.6  2.1  0.0 10.7 19.9  0.3  0.3  0.0  5.2  0.0
  0.0  1.8  3.1  9.2  1.2  3.1286.3 93.7 28.8119.7 48.1 14.1  9.5  0.0  0.6
  0.0  3.1 17.5  8.6 15.9 28.5  4.6  2.1  1.2  1.2  1.5  1.2  2.8  5.5  0.9
  4.9  5.8  0.3  2.4  3.4  6.7 19.6 11.3  3.1  0.6 67.4 63.7  1.5167.5  6.7
  0.6  0.0  0.0  0.0  0.0  0.0  0.0  0.0  0.0  0.0  0.0  0.0  0.0  0.0  0.0
  0.0  0.0  0.0  1.5  0.6  2.4  0.3  0.0  0.0  0.0  0.0  0.0  0.0  0.3  0.0
  0.3  0.3  1.2  0.3  0.0  0.0  0.0  0.0  0.0  0.0  0.0  0.0  1.5  0.6  0.0
  4.9  0.0  0.3  5.2  2.1  0.0  2.1  2.1  0.0  0.0  0.0  0.0  0.0  0.0  0.0
  0.0  0.6  0.3  0.0  0.0  0.0  0.0  9.8  1.8  0.6  6.7 41.9  3.4  6.7  7.7
  4.6  2.1  3.4  1.2  0.0  0.9  0.0 33.7 16.8 14.4  0.0  5.2 10.1  8.6  0.0
     -4.63      4.81     -5.12     -3.92      1.22  0.0  0.0  0.0  0.0  0.0
                                4000_story_0501_llm_free.txt 38.3  4.4 3453
 20.0  4.6  8.7 45.8  8.1  2.0  2.9  0.6 15.9 22.3  0.6  0.9  0.0  5.8  1.4
  0.0  1.7  4.1  8.7  1.7  0.9265.0 88.9 31.0112.7 55.9  9.6 10.1  0.0  0.6
  0.0  1.2 18.5  6.7 13.3 23.7  9.6  5.2  3.5  2.0  1.4  1.2  0.9  4.1  0.3
  4.1  5.2  0.6  1.4  4.1 10.7 18.0  8.4  3.5  0.6 62.0 79.9  1.7174.6  4.9
  1.2  0.0  0.0  0.0  0.0  0.0  0.0  0.0  0.0  0.0  0.0  0.0  0.0  0.0  0.0
  0.0  0.0  0.0  2.9  0.9  2.0  0.9  0.0  0.0  0.0  0.0  0.0  0.0  0.0  1.2
  0.0  2.9  0.6  0.3  0.0  0.0  0.0  0.0  0.0  0.6  0.0  0.0  2.3  1.2  0.0
  6.7  0.0  0.0  6.7  4.9  0.0  5.5  3.5  0.0  0.0  0.0  0.0  0.0  0.0  0.0
  0.3  0.6  0.0  0.0  0.0  0.0  0.0 16.2  2.9  5.2  8.1 21.4  4.9  6.1  8.7
  2.6  2.3  2.3  2.9  0.0  1.4  0.0 36.8 18.5 24.9  2.9  7.5 10.7  8.7  0.0
      0.68      4.18     -4.19     -2.17     -0.94  0.3  0.0  0.0  0.0  0.0
                                4000_story_0503_llm_free.txt 35.5  4.3 3575
 20.4  7.6 11.5 43.4 13.7  1.1  3.1  1.4 26.6 19.0  0.6  2.2  0.3  3.6  1.1
  0.3  1.1  5.0  7.3  2.0  1.7240.3 80.6 28.0131.7 66.0 11.5 12.6  0.0  0.3
  0.8  1.7 13.7  9.0 12.3 26.9  8.1  3.9  1.4  0.8  1.4  1.7  3.9  4.5  0.3
  3.9  4.2  1.4  2.5  3.6 10.3 16.2  8.7  3.1  1.1 62.1106.3  2.5189.7  5.6
  1.1  0.0  0.0  0.0  0.0  0.0  0.0  0.0  0.0  0.0  0.0  0.0  0.0  0.0  0.0
  0.0  0.0  0.0  3.9  0.3  2.5  1.7  0.0  0.0  0.0  0.0  0.0  0.0  0.0  0.8
  0.6  0.3  1.7  0.8  0.0  0.0  0.0  0.0  0.0  0.0  0.0  0.3  1.4  1.1  0.0
  8.4  0.0  0.0  8.4  4.2  0.0  4.2  2.8  0.0  0.0  0.0  0.0  0.0  0.0  0.0
  0.0  0.3  0.0  0.0  0.0  0.0  0.0 10.1  2.0  1.1  8.7 27.4  6.7  5.0  6.2
  2.2  1.1  1.1  4.5  0.3  0.3  0.3 41.1 22.1 22.7  2.0 11.2 12.9  9.2  0.0
      2.44      6.08     -4.25     -3.50      0.98  0.0  0.0  0.0  0.0  0.0
                                4000_story_0511_llm_free.txt 37.5  4.6 3625
 15.2  4.7  7.7 34.2 13.8  0.8  1.4  1.7 10.2 17.1  0.6  0.0  0.0  4.7  0.0
  0.6  1.9  5.2  7.4  1.4  1.4267.9 87.7 37.2126.9 64.6  9.9  8.8  0.0  0.8
  0.6  1.9 31.2  9.9 15.4 29.5  6.9  2.5  2.5  2.2  1.1  1.7  3.0  4.1  0.6
  4.4  5.8  1.1  1.4  3.6  8.8 17.4  9.1  3.3  1.4 63.2 88.6  1.1181.2  7.4
  1.7  0.3  0.0  0.0  0.0  0.0  0.0  0.0  0.0  0.0  0.0  0.0  0.0  0.0  0.0
  0.0  0.0  0.0  2.5  0.3  2.5  1.1  0.3  0.0  0.0  0.0  0.0  0.0  0.0  0.3
  0.0  0.6  0.8  0.8  0.0  0.0  0.0  0.0  0.0  0.3  0.0  0.0  3.0  1.1  0.0
  6.3  0.3  0.0  6.6  2.5  0.0  2.8  4.1  0.0  0.0  0.0  0.0  0.0  0.0  0.0
  0.0  1.1  0.0  0.0  0.0  0.0  0.0 12.1  0.8  1.4  7.2 30.6  2.8  9.1 13.0
  1.1  1.4  2.2  4.1  0.0  2.2  0.0 36.1 15.2 14.6  2.5 10.2 12.1 10.2  0.0
     -3.66      4.86     -4.29     -3.02      0.75  0.0  0.0  0.0  0.3  0.0
                                4000_story_0514_llm_free.txt 36.5  4.5 3725
 14.2  3.8  6.7 39.2 13.2  0.5  2.1  1.1  8.6 18.5  0.8  1.1  0.3  4.8  0.0
  0.5  1.3  4.3  5.9  0.0  0.8280.8 83.2 29.5124.3 65.0 14.0  8.3  0.5  0.8
  0.5  1.3 25.8  7.2 11.8 26.8  7.0  3.5  2.1  2.4  1.3  2.4  3.0  5.1  0.3
  4.3  5.9  0.5  3.0  4.6  9.1 16.6  9.7  1.3  1.9 57.4 86.7  2.1179.1  7.0
  3.0  0.0  0.0  0.0  0.0  0.0  0.0  0.0  0.0  0.0  0.0  0.0  0.0  0.0  0.0
  0.0  0.0  0.0  1.3  0.8  1.1  1.3  0.0  0.0  0.0  0.0  0.0  0.0  0.0  0.0
  0.0  1.9  1.1  0.5  0.0  0.0  0.0  0.0  0.0  0.3  0.0  0.3  3.2  0.0  0.0
  4.6  0.0  0.0  4.6  3.5  0.0  3.8  3.5  0.0  0.0  0.0  0.0  0.0  0.0  0.0
  0.0  0.0  0.0  0.0  0.0  0.0  0.0 20.9  2.1  0.8  8.1 32.2  5.4  9.1 12.6
  2.7  0.8  2.4  1.9  0.0  0.8  0.5 40.5 16.6 18.3  1.6  8.9 12.1  9.9  0.0
     -5.81      5.47     -2.60     -2.38      0.58  0.0  0.0  0.0  0.0  0.0
                                4000_story_0520_llm_free.txt 38.5  4.4 3395
 17.7  4.4 10.3 53.9 16.5  1.2  4.7  0.9 20.6 20.3  0.9  1.2  0.0  5.6  1.5
  0.6  4.1  7.4 11.8  3.2  2.1252.1 75.7 34.8119.3 54.5 13.8  6.8  0.0  0.6
  0.0  1.2 21.2 11.2 10.3 30.0  6.5  4.4  2.9  3.5  1.8  1.8  1.8  3.8  1.2
  3.5  5.0  1.2  0.9  5.0 13.5 22.7  8.5  7.4  0.6 63.9 91.6  1.2181.7  6.2
  2.4  0.0  0.0  0.0  0.0  0.0  0.0  0.0  0.0  0.0  0.0  0.0  0.0  0.0  0.0
  0.0  0.0  0.0  2.4  1.5  1.8  1.2  0.0  0.0  0.0  0.0  0.0  0.0  0.0  0.3
  0.6  1.5  0.9  0.0  0.0  0.0  0.3  0.0  0.0  0.0  0.0  0.0  2.7  0.6  0.0
  6.8  0.0  0.0  6.8  3.2  0.3  3.5  3.2  0.0  0.0  0.0  0.0  0.0  0.0  0.0
  0.9  1.8  0.0  0.0  0.0  0.0  0.0 16.8  2.1  0.9  7.4 33.6  1.8 15.0 10.0
  0.6  0.9  1.5  3.5  0.0  0.0  0.0 36.8 16.2 21.2  1.5  6.8 12.4 10.0  0.0
     10.01      4.54     -4.76     -1.45      0.10  0.6  0.0  0.0  0.3  0.0
                                4000_story_0522_llm_free.txt 33.5  4.5 3107
 22.9  6.4  2.3 34.8  6.1  0.6  2.6  0.3 11.6 23.2  1.3  0.3  0.0  4.8  0.0
  0.3  0.6  4.2  8.7  1.6  1.3279.7 88.8 27.7118.8 52.1 13.8  6.1  0.0  1.0
  0.0  1.0 26.1  6.8 17.1 25.4  5.1  4.8  1.9  2.9  1.9  1.9  1.6  5.5  0.0
  4.5  4.8  1.0  3.5  3.9 10.9 17.7 10.0  2.3  1.0 55.4 69.8  1.3168.0  6.8
  1.3  0.0  0.0  0.0  0.0  0.0  0.0  0.0  0.0  0.0  0.0  0.0  0.0  0.0  0.0
  0.0  0.0  0.0  0.3  2.6  4.2  0.6  0.3  0.0  0.0  0.0  0.0  0.0  0.0  0.0
  0.6  0.6  0.3  0.0  0.0  0.0  0.3  0.0  0.0  0.3  0.0  0.3  1.9  0.6  0.0
  7.7  0.3  0.0  8.0  1.6  0.3  2.3  2.9  0.0  0.0  0.0  0.0  0.0  0.0  0.0
  0.0  0.3  0.0  0.0  0.0  0.0  0.0  9.7  0.6  4.2 11.3 26.7 11.3  3.2 12.6
  1.9  2.6  1.0  5.5  0.0  1.0  0.3 32.5 11.3 22.5  2.6  8.7 12.6  7.7  0.0
     -3.91      4.29     -4.77     -1.82     -0.34  0.6  0.0  0.0  0.0  0.0
                                4000_story_0529_llm_free.txt 37.5  4.5 3779
 13.5  4.8  4.2 45.3 11.4  1.3  3.7  1.1 13.8 22.0  1.1  1.1  0.3  3.4  0.3
  1.1  1.6  4.5 11.6  0.5  1.9259.6 83.6 29.6120.9 62.2 12.4 11.1  0.0  0.3
  0.3  1.6 28.0  8.7  9.0 31.8  7.4  2.9  1.9  2.6  1.6  2.6  4.5  4.0  0.3
  4.5  6.4  0.5  2.9  2.9  9.0 23.3  8.7  2.1  0.5 64.8 87.3  3.2182.9  4.5
  1.3  0.0  0.0  0.0  0.0  0.0  0.0  0.0  0.0  0.0  0.0  0.0  0.0  0.0  0.0
  0.0  0.0  0.0  2.9  0.5  2.1  0.3  0.0  0.0  0.0  0.0  0.0  0.0  0.0  0.3
  1.6  0.3  2.9  0.0  0.0  0.5  0.0  0.0  0.0  0.3  0.0  0.0  3.7  1.1  0.0
  5.8  0.0  0.0  5.8  5.0  0.5  5.8  4.8  0.0  0.0  0.0  0.0  0.0  0.0  0.0
  0.0  0.5  0.0  0.0  0.0  0.0  0.0  2.9  3.7  0.8  5.6 36.8  3.4 16.1  9.8
  1.9  2.9  0.5  2.6  0.0  0.5  0.3 41.0 16.9 16.9  1.9  8.7 13.0 11.6  0.0
     -1.63      5.46     -3.06     -2.30      1.44  0.0  0.0  0.0  0.0  0.0
                                4000_story_0531_llm_free.txt 33.5  4.4 3668
 11.2  1.6  5.2 40.3  9.8  0.8  2.7  0.0 10.4 18.5  1.1  1.4  0.3  7.1  1.1
  0.3  0.5  5.5  9.3  0.5  1.4271.3 95.4 27.0110.7 53.4 13.9  9.5  0.3  0.8
  0.0  2.7 16.1  7.1 16.4 31.9  6.3  4.6  3.3  1.6  0.8  2.7  2.5  3.3  0.0
  5.2  3.8  1.4  1.4  4.4 10.9 18.8  8.5  1.1  1.1 56.7 73.6  1.4167.9  6.5
  1.6  0.3  0.0  0.0  0.0  0.0  0.0  0.0  0.0  0.0  0.0  0.0  0.0  0.0  0.0
  0.0  0.0  0.0  1.6  0.3  0.3  1.4  0.3  0.0  0.0  0.0  0.0  0.0  0.0  0.5
  0.0  0.8  0.3  0.5  0.0  0.0  0.0  0.0  0.0  0.0  0.0  0.0  2.5  1.9  0.0
  3.5  0.3  0.0  3.8  2.2  0.0  2.2  4.4  0.0  0.0  0.0  0.0  0.0  0.0  0.0
  0.0  1.1  0.0  0.0  0.0  0.0  0.0  5.7  3.3  1.6  6.8 30.5  2.5  5.7 13.1
  0.8  0.8  3.3  1.6  0.3  1.4  0.0 39.8 17.7 13.9  0.8  9.3 12.0  8.2  0.0
     -4.22      4.73     -4.98     -2.22      0.07  0.5  0.3  0.0  0.0  0.0
                                4000_story_0532_llm_free.txt 34.5  4.6 3205
 11.9  2.2  4.7 32.1  6.2  0.0  2.5  0.0  7.2 14.7  1.6  0.3  0.0  3.1  1.2
  0.6  0.9  4.1 10.6  0.6  1.9291.4 95.2 31.8118.3 60.2 13.4  4.7  0.0  0.6
  0.3  1.9 44.9  8.7 17.2 24.6  4.7  2.5  2.2  1.2  0.6  1.6  3.1  5.6  0.9
  5.0  6.6  0.3  1.9  5.3  7.2 20.6 11.5  1.6  0.9 61.8 73.6  1.2166.0  5.0
  2.2  0.0  0.0  0.0  0.0  0.0  0.0  0.0  0.0  0.0  0.0  0.0  0.0  0.0  0.0
  0.0  0.0  0.0  0.3  0.0  2.2  0.9  0.0  0.0  0.0  0.0  0.0  0.0  0.0  0.0
  0.3  0.6  0.0  0.3  0.0  0.0  0.0  0.0  0.0  0.0  0.0  0.3  1.6  0.9  0.0
  3.4  0.0  0.0  3.4  1.2  0.0  1.2  2.8  0.0  0.0  0.0  0.0  0.0  0.0  0.0
  0.3  0.3  0.0  0.0  0.0  0.0  0.0 15.9  2.8  0.9 11.5 34.6  6.6  5.0 14.7
  4.1  1.6  3.4  4.4  0.0  1.6  0.0 29.6 15.3 12.5  2.8  7.2 12.8 10.0  0.0
     -8.21      4.29     -3.56     -3.82      1.51  0.0  0.0  0.6  0.3  0.0
                                4000_story_0537_llm_free.txt 36.3  4.4 3704
 17.0  4.0  9.2 45.6 11.6  1.3  3.0  0.8 14.3 18.1  0.3  0.0  0.3  8.6  1.1
  0.8  1.9  5.1  8.9  0.8  2.2260.5 85.3 32.4123.7 58.0 14.0 12.4  0.0  0.8
  0.0  1.1 18.4  7.0 16.2 33.5  4.9  1.3  2.2  0.8  1.9  2.7  3.5  6.5  0.0
  4.9  5.1  1.6  1.1  3.0  8.4 15.9 11.3  2.7  0.8 64.5 84.0  2.2184.9  6.5
  2.2  0.0  0.0  0.0  0.0  0.0  0.0  0.0  0.0  0.0  0.0  0.0  0.0  0.0  0.0
  0.0  0.0  0.0  2.2  0.8  1.6  1.1  0.0  0.3  0.0  0.0  0.0  0.0  0.0  0.0
  0.0  1.3  0.3  0.8  0.0  0.0  0.0  0.3  0.0  0.3  0.0  0.3  2.7  0.5  0.0
  5.7  0.3  0.0  5.9  2.4  0.3  3.0  3.5  0.0  0.0  0.0  0.0  0.0  0.0  0.0
  0.0  0.8  0.0  0.0  0.0  0.0  0.0  7.8  3.0  1.3 11.1 24.3  2.4  5.9 17.5
  7.0  0.8  3.5  4.0  0.0  0.3  0.8 38.3 20.5 20.5  1.6 10.8 13.8  8.6  0.0
      1.04      5.92     -5.62     -3.24      1.12  0.0  0.0  0.0  0.0  0.0
                                4000_story_0542_llm_free.txt 36.0  4.4 3543
 20.0  7.3  7.9 34.7 10.4  0.8  1.4  2.3 11.3 16.4  0.3  1.7  0.3  5.1  0.3
  0.8  2.0  4.5  9.9  1.1  2.8259.1 84.4 31.0130.1 78.2 17.5  9.0  0.3  0.8
  0.0  2.5 12.4  7.6 15.0 28.2  5.1  2.5  2.5  2.0  1.4  1.4  4.8  4.0  0.3
  5.4  7.3  0.6  1.4  4.2  8.5 23.4  9.6  3.1  1.1 64.1 99.9  1.7181.2  5.9
  0.8  0.0  0.0  0.0  0.0  0.0  0.0  0.0  0.0  0.0  0.0  0.0  0.0  0.0  0.0
  0.0  0.0  0.0  2.8  0.3  4.2  0.8  0.0  0.0  0.0  0.0  0.0  0.0  0.0  0.8
  0.0  0.8  0.3  0.3  0.0  0.3  0.0  0.0  0.0  0.3  0.0  0.0  2.3  0.6  0.0
  8.2  0.0  0.0  8.2  2.3  0.3  2.8  2.8  0.0  0.0  0.0  0.0  0.0  0.0  0.0
  0.6  0.3  0.0  0.0  0.0  0.0  0.0 12.7  0.8  0.6  6.2 32.5  5.9  5.9 12.1
  2.5  3.4  1.7  4.0  0.0  0.6  0.0 40.1 19.2 24.3  0.6  9.3 13.3  7.6  0.0
      0.87      7.06     -4.81     -3.05      1.92  0.3  0.0  0.0  0.0  0.0
                                4000_story_0544_llm_free.txt 37.3  4.5 3508
 17.1  6.3  3.7 39.9  9.4  0.9  2.0  0.0 10.5 15.7  0.0  1.1  0.6  6.0  0.3
  0.3  1.7  5.1  8.8  0.3  0.9270.8 82.4 34.8119.4 68.7 16.8  8.0  0.3  1.4
  0.6  2.0 22.5  6.8 11.1 33.4  3.1  4.0  1.1  1.7  2.9  1.7  2.6  5.7  0.6
  6.3  4.6  0.9  2.6  3.7 12.0 18.2 12.5  2.0  2.3 57.9 88.7  1.7177.0  6.6
  1.7  0.0  0.0  0.0  0.0  0.0  0.0  0.0  0.0  0.0  0.0  0.0  0.0  0.0  0.0
  0.0  0.0  0.0  0.3  0.9  3.1  2.3  0.0  0.0  0.0  0.0  0.0  0.0  0.3  0.0
  0.3  1.1  1.7  0.0  0.0  0.3  0.0  0.0  0.0  0.0  0.0  0.0  1.1  0.6  0.0
  6.6  0.0  0.3  6.8  3.1  0.3  3.4  1.7  0.0  0.0  0.0  0.0  0.0  0.0  0.0
  0.6  0.3  0.0  0.0  0.3  0.0  0.0 12.3  1.7  2.0  7.1 30.2  2.3 17.7 10.8
  2.6  0.6  2.3  4.0  0.3  1.7  0.3 38.2 13.4 21.7  1.1  9.1 13.4  6.6  0.0
     -3.10      5.97     -2.44     -2.47      1.30  1.1  0.0  0.3  0.0  0.0
                                4000_story_0548_llm_free.txt 33.3  4.5 3225
 15.2  6.5  5.6 35.0  6.8  0.6  2.5  0.3  8.7 19.8  0.6  0.9  0.3  5.9  0.3
  0.0  1.9  2.8  8.1  2.5  1.2275.7 85.6 23.3129.0 55.2 14.6 10.9  0.0  1.2
  0.3  0.9 25.4  5.6 10.9 30.1  7.8  1.9  1.2  1.2  1.6  2.5  1.6  9.6  0.3
  4.7  5.6  1.6  1.6  3.1  6.2 16.7 14.6  4.3  1.6 56.1 70.7  2.2179.8  4.7
  0.3  0.0  0.0  0.0  0.0  0.0  0.0  0.0  0.0  0.0  0.0  0.0  0.0  0.0  0.0
  0.0  0.0  0.0  2.5  0.3  3.4  1.6  0.0  0.3  0.0  0.0  0.0  0.0  0.0  0.0
  0.0  1.6  0.3  0.3  0.0  0.3  0.0  0.3  0.0  0.9  0.0  0.0  1.9  0.3  0.0
  7.8  0.3  0.0  8.1  2.2  0.6  3.7  2.2  0.0  0.0  0.0  0.0  0.0  0.0  0.0
  0.0  0.0  0.0  0.0  0.0  0.0  0.0 13.0  4.0  0.0  7.8 37.2  6.2  5.3  9.3
  2.5  1.2  1.2  1.6  0.0  0.0  0.0 32.6 15.8 24.5  2.5  8.4 10.5  9.9  0.0
     -1.12      5.78     -2.51     -3.47      0.54  0.3  0.0  0.3  0.0  0.0
                                4000_story_0549_llm_free.txt 36.0  4.4 3230
 18.9  7.4  9.3 43.3 16.1  1.5  3.7  0.9 18.3 20.4  0.6  1.2  0.3  5.9  0.0
  1.2  1.5  2.5 10.5  0.9  0.9253.3 78.3 29.4123.5 57.9 14.2  8.4  0.0  0.3
  0.0  0.9 19.5  9.0 17.0 30.0  5.6  5.9  3.1  2.2  1.9  1.5  3.1  6.5  0.6
  2.8  5.3  2.2  1.9  5.3 10.2 20.1  9.9  2.5  0.3 61.9 92.3  0.6180.2  8.0
  1.9  0.0  0.0  0.0  0.0  0.0  0.0  0.0  0.0  0.0  0.0  0.0  0.0  0.0  0.0
  0.0  0.0  0.0  3.7  0.6  4.3  0.6  0.0  0.0  0.0  0.0  0.0  0.0  0.0  0.0
  0.3  0.3  0.9  0.3  0.0  0.0  0.0  0.0  0.0  0.0  0.0  0.0  0.9  0.9  0.0
  9.3  0.0  0.0  9.3  1.9  0.0  1.9  1.9  0.0  0.0  0.0  0.0  0.0  0.0  0.0
  0.3  0.6  0.0  0.0  0.0  0.0  0.0  8.7  3.1  0.3  5.0 25.1  5.6  5.0 10.5
  2.2  1.2  1.9  3.1  0.0  0.6  0.0 37.5 17.6 23.2  2.5 10.8 11.5 10.2  0.0
      1.20      5.20     -6.45     -1.72      0.67  0.3  0.0  0.0  0.0  0.0
                                4000_story_0550_llm_free.txt 34.5  4.3 3429
 15.7  5.5  6.7 34.7 17.2  0.3  5.0  0.9 14.0 20.4  0.6  1.2  0.3  5.2  0.3
  0.0  1.2  3.5  7.3  0.9  1.7250.8 86.3 41.1123.4 59.8 13.4  9.3  0.6  1.2
  0.9  2.0 14.0  7.6 14.9 28.0  5.8  2.6  1.2  1.2  1.2  1.2  2.0  5.5  0.0
  5.0  5.2  1.2  1.2  4.1  7.3 16.9 10.5  2.0  2.6 74.4 91.0  2.6173.8  5.2
  3.8  0.0  0.0  0.0  0.0  0.0  0.0  0.0  0.0  0.0  0.0  0.0  0.0  0.0  0.0
  0.0  0.0  0.0  2.9  0.0  2.9  2.0  0.0  0.0  0.0  0.0  0.0  0.0  0.0  1.2
  0.6  0.3  0.3  0.6  0.0  0.0  0.0  0.0  0.0  0.3  0.3  0.0  2.9  0.0  0.0
  7.9  0.0  0.0  7.9  2.9  0.0  3.2  3.2  0.0  0.0  0.0  0.0  0.0  0.0  0.0
  0.3  0.3  0.0  0.0  0.0  0.0  0.0  7.9  1.2  1.5  5.5 39.7  6.1 11.7  7.3
  2.3  1.5  2.0  3.8  0.0  0.9  1.2 41.1 16.0 17.2  1.7  5.2 10.8  7.6  0.0
     -2.29      5.30     -3.71     -4.05      0.09  0.6  0.0  0.3  0.0  0.3
                                4000_story_0552_llm_free.txt 34.3  4.5 3314
 13.3  3.6  5.7 30.5  7.5  0.3  2.4  0.6  7.8 20.2  0.3  0.9  0.3  5.1  0.0
  0.0  1.2  3.3 10.6  0.3  1.5279.7 92.0 33.8126.1 50.7 18.1  6.0  0.3  0.9
  0.0  0.3 24.4  7.8 19.6 26.9  3.0  1.8  0.9  0.6  0.3  3.0  2.1  4.2  1.2
  5.4  4.8  1.5  3.0  5.4  5.4 17.2 10.9  1.5  1.2 62.8 66.1  1.8171.4  6.0
  0.9  0.0  0.0  0.0  0.0  0.0  0.0  0.0  0.0  0.0  0.0  0.0  0.0  0.0  0.0
  0.0  0.0  0.0  2.1  0.3  2.4  0.6  0.0  0.3  0.0  0.0  0.0  0.0  0.0  0.3
  0.6  0.3  0.3  0.0  0.0  0.0  0.0  0.3  0.0  0.3  0.0  0.0  3.3  0.9  0.0
  5.4  0.3  0.0  5.7  1.5  0.3  2.1  4.2  0.0  0.0  0.0  0.0  0.0  0.0  0.0
  0.3  0.3  0.0  0.0  0.0  0.0  0.0  7.8  3.0  0.9  6.3 26.3  6.9  4.5  6.6
  0.9  2.4  1.8  3.3  0.3  1.2  0.0 41.0 12.4 18.7  2.7  6.6 13.9  7.8  0.0
     -6.29      5.27     -6.12     -4.26      1.01  0.0  0.0  0.0  0.0  0.0
                                4000_story_0554_llm_free.txt 33.0  4.4 3017
 15.6  3.3 11.3 51.0 13.9  2.0  5.0  1.3 26.5 19.6  0.7  2.3  0.0  7.3  0.7
  0.7  3.0  6.0  8.9  0.7  2.0250.6 77.6 21.5116.0 61.3 13.3 12.6  0.0  0.7
  0.3  1.7 23.2 11.9 11.9 25.5  9.3  4.0  2.3  2.7  1.3  2.3  2.3  4.6  0.0
  6.0  2.3  2.0  2.7  5.6 11.3 17.9 10.6  3.6  1.0 62.0101.8  1.0187.3  6.3
  1.0  0.3  0.0  0.0  0.0  0.0  0.0  0.0  0.0  0.0  0.0  0.0  0.0  0.0  0.0
  0.0  0.0  0.0  2.3  0.7  2.0  1.0  0.0  0.3  0.0  0.0  0.0  0.0  0.0  1.0
  0.7  2.7  1.0  0.7  0.0  0.0  0.3  0.0  0.0  0.0  0.0  0.0  2.7  0.0  0.0
  6.0  0.3  0.0  6.3  6.0  0.3  6.3  2.7  0.0  0.0  0.0  0.0  0.0  0.0  0.0
  0.0  0.7  0.0  0.0  0.0  0.0  0.0 14.9  2.0  3.0  3.6 22.2  7.0  2.0 13.3
  3.3  2.0  1.0  1.3  0.0  1.7  0.0 42.1 23.5 20.2  3.0  7.6 14.6  9.6  0.0
      5.89      5.70     -4.54     -2.15      0.45  0.0  0.0  0.0  0.0  0.0
                                4000_story_0564_llm_free.txt 35.3  4.6 3580
 15.1  3.1  8.1 48.3  8.9  0.6  3.1  1.1  9.5 20.9  2.0  0.8  0.3  7.5  0.6
  0.6  0.6  5.9  7.8  1.7  0.8274.6 73.7 31.3115.9 50.0 15.1 10.1  0.0  0.6
  0.6  0.8 34.1  6.7  9.8 34.4  5.0  6.4  1.7  3.9  0.6  2.5  3.6  6.4  0.6
  3.9  6.4  1.4  3.9  2.0 12.8 19.8 10.9  2.2  1.1 59.8 68.4  2.5179.1  7.0
  1.7  0.0  0.0  0.0  0.0  0.0  0.0  0.0  0.0  0.0  0.0  0.0  0.0  0.0  0.0
  0.0  0.0  0.0  3.1  1.1  1.4  0.3  0.0  0.0  0.0  0.0  0.0  0.0  0.0  0.3
  0.8  1.1  0.8  0.0  0.0  0.3  0.0  0.0  0.0  0.3  0.0  0.0  1.7  1.1  0.0
  5.9  0.0  0.0  5.9  3.1  0.3  3.6  2.8  0.0  0.0  0.0  0.0  0.0  0.0  0.0
  0.0  0.3  0.0  0.0  0.0  0.0  0.0  7.8  3.1  2.0  6.4 22.1  5.9  3.1 13.7
  2.8  2.0  1.7  3.4  0.0  0.8  0.3 41.9 17.9 19.0  2.5  6.7 12.0  9.8  0.0
     -1.85      5.07     -2.31     -1.49      1.31  0.6  0.0  0.0  0.0  0.0
                                4000_story_0565_llm_free.txt 36.0  4.5 3694
 16.8  3.0  4.9 33.6  9.5  0.5  1.6  0.3 13.3 18.7  0.3  0.8  0.8  8.7  0.3
  0.5  1.1  5.7  8.1  1.9  2.2269.1 87.4 32.2126.4 60.9 13.8  7.6  0.3  1.1
  0.0  2.2 15.7  7.9 12.5 32.2  4.3  1.4  3.0  1.1  1.9  1.1  3.2  3.2  0.0
  3.0  6.8  2.2  3.5  4.1  8.9 18.9  6.2  3.0  1.4 65.2 83.6  1.1174.3  7.0
  0.8  0.0  0.0  0.0  0.0  0.0  0.0  0.0  0.0  0.0  0.0  0.0  0.0  0.0  0.0
  0.0  0.0  0.0  1.6  1.6  1.6  0.3  0.0  0.0  0.0  0.0  0.0  0.0  0.0  0.0
  0.0  0.5  0.3  0.3  0.0  0.0  0.0  0.0  0.0  0.3  0.0  0.0  1.4  0.5  0.0
  5.1  0.0  0.0  5.1  1.1  0.0  1.4  1.9  0.0  0.0  0.0  0.0  0.0  0.0  0.0
  0.3  0.3  0.0  0.0  0.0  0.0  0.0 11.6  2.4  2.4  7.9 31.9  3.2  5.7  8.7
  0.8  2.4  0.8  5.1  0.3  0.5  0.3 37.1 13.8 18.9  1.6 11.6  9.2 10.3  0.0
     -1.21      5.20     -4.17     -3.49     -0.14  0.5  0.0  0.0  0.0  0.0
                                4000_story_0571_llm_free.txt 35.8  4.5 3897
 15.9  6.4  5.1 40.3 12.3  0.5  2.1  0.5 12.6 21.0  0.8  1.3  0.3  3.8  0.8
  0.5  0.5  3.3  7.4  0.8  2.1259.9 86.2 30.0126.0 70.8  9.8  9.2  0.0  0.8
  0.0  2.1 19.5  6.9 12.8 34.6  4.4  3.6  2.3  2.3  1.0  2.1  4.1  3.3  0.5
  4.4  6.7  0.8  2.6  1.5  8.0 19.8  8.2  1.3  0.8 61.1 95.7  1.5182.2  8.0
  2.1  0.0  0.0  0.0  0.0  0.0  0.0  0.0  0.0  0.0  0.0  0.0  0.0  0.0  0.0
  0.0  0.0  0.0  1.8  0.5  2.6  1.5  0.0  0.0  0.0  0.0  0.0  0.0  0.0  0.3
  0.0  1.3  1.0  0.0  0.0  0.0  0.0  0.0  0.0  0.0  0.0  0.0  3.1  0.8  0.0
  6.4  0.0  0.0  6.4  2.6  0.0  2.6  3.8  0.0  0.0  0.0  0.0  0.0  0.0  0.0
  0.0  0.0  0.0  0.0  0.0  0.0  0.0 12.6  1.0  0.5  6.2 30.8  7.2  3.8  9.8
  4.6  1.8  1.3  2.6  0.0  1.8  0.3 39.5 18.5 20.5  1.5 11.0 15.1  9.2  0.0
     -4.01      5.15     -4.25     -2.65      1.25  0.0  0.3  0.0  0.0  0.0
                                4000_story_0575_llm_free.txt 35.5  4.5 3091
 15.2  3.2  5.5 33.3  7.8  1.6  2.3  1.0 10.7 12.9  0.3  3.2  0.0  6.8  1.0
  0.0  1.0  3.9 10.4  0.6  1.3276.6 95.1 31.1117.1 54.0 13.3  8.4  0.0  0.3
  0.0  0.3 31.4  7.4 15.5 22.0  6.8  4.2  1.6  1.0  1.3  2.6  2.3  9.4  0.3
  3.6  4.5  1.6  3.2  4.5  9.4 19.4 13.3  1.6  0.3 62.1 72.5  2.3165.0  3.9
  0.6  0.0  0.0  0.0  0.0  0.0  0.0  0.0  0.0  0.0  0.0  0.0  0.0  0.0  0.0
  0.0  0.0  0.0  3.6  0.0  1.3  0.6  0.3  0.0  0.0  0.0  0.0  0.0  0.0  0.3
  0.6  0.6  1.6  0.6  0.0  0.0  0.3  0.0  0.0  0.3  0.0  0.0  1.0  1.0  0.0
  5.5  0.3  0.0  5.8  3.9  0.3  4.5  1.9  0.0  0.0  0.0  0.0  0.0  0.0  0.0
  0.3  0.0  0.0  0.0  0.0  0.0  0.0  8.7  1.0  1.0  9.1 36.9  4.9  6.1 18.8
 10.7  1.6  2.9  2.6  0.3  1.9  0.6 34.3 16.8 20.7  1.3  6.5 12.3  4.2  0.0
     -3.49      4.63     -4.51     -2.99      0.61  0.6  0.3  0.0  0.6  0.0
                                4000_story_0579_llm_free.txt 35.0  4.4 3508
 16.0  5.1  9.4 52.7 23.7  1.1  4.0  0.9 21.9 24.8  1.7  1.1  0.6  6.0  0.0
  0.3  0.9  8.3  8.8  0.9  2.6262.3 75.8 27.1117.2 46.8 14.3  8.6  0.0  1.1
  0.6  1.4 18.0  9.4 11.7 33.1  5.7  5.1  2.0  2.3  2.6  1.4  5.1  2.6  0.6
  6.0  7.4  1.1  2.3  4.3 16.0 21.1  9.1  1.7  1.7 58.4 92.4  2.3183.6  4.8
  1.7  0.0  0.0  0.0  0.0  0.0  0.0  0.0  0.0  0.0  0.0  0.0  0.0  0.0  0.0
  0.0  0.0  0.0  2.9  0.0  3.1  1.1  0.0  0.0  0.0  0.0  0.0  0.0  0.0  0.3
  0.3  1.1  0.9  0.6  0.0  0.0  0.0  0.0  0.0  0.0  0.0  0.3  2.3  0.3  0.0
  7.1  0.0  0.0  7.1  3.1  0.0  3.1  2.9  0.0  0.0  0.0  0.0  0.0  0.0  0.0
  0.3  0.3  0.0  0.0  0.0  0.0  0.0 16.5  2.6  0.9  8.6 32.8  5.4  8.6  8.0
  1.7  2.0  2.3  2.9  0.0  1.1  0.0 40.8 16.0 23.7  1.7  6.3 14.8  9.1  0.0
      2.46      4.53     -4.17     -1.91      2.34  0.0  0.0  0.0  0.0  0.0
                                4000_story_0582_llm_free.txt 37.5  4.5 3360
 16.1  3.6  5.7 33.0  8.0  0.6  2.4  0.6  8.9 19.0  0.9  1.2  0.3  5.4  0.6
  0.3  1.8  4.8 10.1  1.8  1.8269.3 88.7 32.4131.0 64.3  8.3 11.9  0.0  0.0
  0.0  2.7 25.0  7.1 14.9 28.9  4.8  2.4  3.3  1.5  0.9  0.9  3.3  4.5  0.3
  3.6  5.1  2.4  3.0  4.5  8.0 20.5  8.3  3.6  0.0 66.7 81.3  2.7180.1  7.4
  0.6  0.0  0.0  0.0  0.0  0.0  0.0  0.0  0.0  0.0  0.0  0.0  0.0  0.0  0.0
  0.0  0.0  0.0  1.5  0.9  2.7  0.6  0.0  0.0  0.0  0.0  0.0  0.0  0.0  0.0
  0.0  1.8  0.6  0.0  0.0  0.3  0.0  0.0  0.0  0.6  0.0  0.0  1.8  0.9  0.0
  5.7  0.0  0.0  5.7  2.4  0.3  3.3  2.7  0.0  0.0  0.0  0.0  0.0  0.0  0.0
  0.3  0.6  0.0  0.0  0.0  0.0  0.0 10.7  0.3  0.6  8.0 31.8  5.7  6.0 31.8
  3.0  0.9  1.8  3.3  0.0  0.6  0.0 39.3 19.0 17.3  1.2  6.5  9.5  7.4  0.0
     -1.59      5.24     -4.36     -3.52      0.48  0.6  0.0  0.3  0.0  0.0
                                4000_story_0585_llm_free.txt 37.3  4.4 3222
 20.8  7.1  9.6 50.0 19.6  0.9  4.0  1.9 21.7 20.2  1.6  0.9  0.0  5.3  0.3
  0.6  0.9  5.9  8.1  0.9  0.9245.8 72.0 29.5122.9 59.0 14.6 11.2  1.2  1.9
  0.3  0.6 19.2  7.1  9.9 30.1  5.6  3.4  1.6  1.9  1.2  2.8  2.8  5.9  0.9
  5.0  6.2  1.9  2.8  4.3 10.6 17.7 11.8  1.9  3.4 57.1100.2  1.2185.0  6.8
  1.6  0.0  0.0  0.0  0.0  0.0  0.0  0.0  0.0  0.0  0.0  0.0  0.0  0.0  0.0
  0.0  0.0  0.0  3.1  1.2  5.3  1.9  0.0  0.0  0.0  0.0  0.0  0.0  0.0  0.3
  1.2  0.9  1.2  0.3  0.0  0.0  0.0  0.0  0.0  0.0  0.0  0.3  4.3  1.6  0.0
 11.5  0.0  0.0 11.5  4.0  0.0  4.0  6.2  0.0  0.0  0.0  0.0  0.0  0.0  0.0
  0.0  0.9  0.0  0.0  0.0  0.0  0.0 16.1  3.1  1.6 10.6 23.9  0.9  8.4 17.4
  2.2  1.9  1.2  4.7  0.3  1.6  0.0 38.8 19.2 26.1  2.8  5.9 10.6  8.7  0.0
      1.37      5.81     -2.19     -2.74      1.33  0.6  0.0  0.0  0.0  0.0
                                4000_story_0586_llm_free.txt 36.5  4.5 3379
 15.7  3.6  4.4 33.7  8.0  1.2  2.7  1.2 10.7 23.1  0.3  0.3  0.3  5.0  0.6
  0.3  1.2  2.7  9.8  0.3  0.9280.0 92.6 30.5121.0 53.9 15.1  7.4  0.0  0.3
  0.0  2.1 22.2 10.9 13.6 29.9  3.6  2.4  2.7  2.7  0.9  1.2  2.1  5.0  0.3
  4.7  6.5  1.2  2.7  5.0  5.9 21.3 10.1  1.5  0.3 66.6 72.5  2.4169.6  7.7
  1.2  0.0  0.0  0.0  0.0  0.0  0.0  0.0  0.0  0.0  0.0  0.0  0.0  0.0  0.0
  0.0  0.0  0.0  2.4  0.6  0.9  0.9  0.3  0.0  0.0  0.0  0.0  0.3  0.0  0.0
  0.0  0.3  0.0  0.3  0.0  0.3  0.3  0.0  0.0  0.0  0.3  0.0  1.2  0.6  0.0
  4.7  0.3  0.3  5.3  0.6  0.6  1.2  2.1  0.0  0.0  0.0  0.0  0.0  0.0  0.0
  0.0  0.0  0.0  0.0  0.0  0.0  0.0 12.4  3.0  3.8  7.1 39.7  2.1  6.8 13.0
  7.4  2.4  1.5  3.0  0.0  0.6  0.3 34.3 16.6 21.0  2.1  6.5 10.1  9.2  0.0
     -5.35      4.92     -5.40     -3.08      0.19  0.6  0.0  0.0  0.0  0.0
                                4000_story_0587_llm_free.txt 35.5  4.4 3264
 10.4  5.2  5.2 46.0  9.8  0.6  3.4  0.3 13.5 16.9  0.6  0.9  0.0  5.2  0.3
  0.3  1.2  6.1  6.7  1.2  0.9272.1 92.5 29.4122.9 61.6 15.6 10.4  0.3  0.3
  0.3  1.5 24.5  6.7 15.3 30.6  4.6  4.0  2.8  2.5  1.5  1.2  2.5  6.4  0.3
  5.8  6.1  0.3  0.9  4.0 11.6 17.8 12.6  2.5  0.9 56.4 84.9  0.9185.7  4.0
  1.2  0.0  0.0  0.0  0.0  0.0  0.0  0.0  0.0  0.0  0.0  0.0  0.0  0.0  0.0
  0.0  0.0  0.0  3.1  0.3  0.9  1.5  0.0  0.0  0.0  0.0  0.0  0.0  0.3  0.3
  0.3  1.2  0.9  0.3  0.0  0.0  0.0  0.0  0.0  0.0  0.0  0.0  4.0  0.6  0.0
  5.8  0.0  0.3  6.1  3.1  0.0  3.1  4.6  0.0  0.0  0.0  0.0  0.0  0.0  0.0
  0.0  0.6  0.0  0.3  0.0  0.0  0.0  7.7  3.4  1.2  6.1 35.5  3.7 14.4 11.0
  2.1  1.8  2.1  4.9  0.0  1.2  0.0 43.2 19.0 17.5  2.1  7.0  8.6 11.3  0.0
     -3.90      5.98     -4.32     -2.43      0.99  0.0  0.0  0.0  0.0  0.0
                                4000_story_0588_llm_free.txt 38.5  4.5 3180
 15.1  4.1  2.2 31.1  6.6  0.3  1.6  0.3  8.8 19.8  0.9  0.0  0.3  3.8  0.0
  0.0  0.6  3.1  9.1  1.9  2.8287.7 89.9 28.6125.5 52.2 11.0 10.4  0.0  0.3
  0.0  1.6 20.1  8.5 19.2 25.2  4.7  2.5  3.1  2.8  2.5  0.3  2.5  3.5  0.0
  5.0  5.3  0.6  2.2  4.1  8.2 18.9  8.5  2.5  0.3 67.9 67.6  2.2170.8  6.0
  1.3  0.0  0.0  0.0  0.0  0.0  0.0  0.0  0.0  0.0  0.0  0.0  0.0  0.0  0.0
  0.0  0.0  0.0  1.6  0.6  2.2  0.9  0.0  0.0  0.0  0.0  0.0  0.0  0.0  0.3
  0.9  0.0  0.9  0.6  0.0  0.0  0.0  0.0  0.0  0.0  0.0  0.0  1.6  0.9  0.0
  5.3  0.0  0.0  5.3  2.8  0.0  2.8  2.5  0.0  0.0  0.0  0.0  0.0  0.0  0.0
  0.6  0.3  0.0  0.0  0.0  0.0  0.0  7.9  1.3  0.9  6.3 27.7  6.3  4.4 12.9
  1.6  1.9  1.3  3.1  0.0  0.9  0.3 33.6 17.9 15.4  1.3  9.4 12.3  7.9  0.0
     -6.66      4.76     -6.39     -2.38      0.09  0.3  0.0  0.0  0.3  0.0
                                4000_story_0589_llm_free.txt 35.3  4.5 3245
 13.6  5.2  6.2 42.8  8.9  0.6  2.8  0.6  9.6 25.3  0.3  2.5  0.9  6.2  0.0
  0.3  1.5  4.9  7.7  1.5  0.0280.1 85.1 29.9126.0 61.0 12.6 11.4  0.0  0.0
  0.3  1.2 24.7  6.5 18.8 29.9  3.7  2.2  3.1  1.8  2.8  1.8  3.7  6.5  0.6
  4.9  6.5  0.9  1.8  3.7  9.9 19.7 12.0  3.1  0.3 54.9 79.5  2.5182.1  5.9
  1.2  0.0  0.0  0.0  0.0  0.0  0.0  0.0  0.0  0.0  0.0  0.0  0.0  0.0  0.0
  0.0  0.0  0.0  2.5  0.3  2.8  0.9  0.0  0.0  0.0  0.0  0.0  0.0  0.0  0.3
  0.0  0.9  0.3  0.0  0.0  0.0  0.0  0.0  0.0  0.0  0.0  0.0  2.5  0.9  0.0
  6.5  0.0  0.0  6.5  1.5  0.0  1.5  3.4  0.0  0.0  0.0  0.0  0.0  0.0  0.0
  0.0  0.9  0.0  0.0  0.0  0.0  0.0 11.7  1.5  1.5  8.6 30.8  4.0  3.1 28.0
  2.2  1.2  1.5  4.0  0.3  0.6  0.3 34.5 20.0 18.2  1.2  8.9 12.0  9.2  0.0
     -0.96      5.67     -5.65     -2.20      1.73  0.3  0.0  0.0  0.0  0.0
                                4000_story_0592_llm_free.txt 32.8  4.6 3177
 13.5  4.7  3.5 33.4  6.0  0.3  2.2  0.9  7.2 24.2  0.3  0.6  0.3  6.3  0.0
  0.3  0.6  4.4  9.4  0.9  2.5285.5 84.7 30.8118.0 50.7 12.3  7.6  0.0  0.9
  0.3  1.9 20.8  8.8 19.2 30.8  3.1  1.3  1.9  0.3  2.2  1.9  3.5  2.8  0.6
  7.2  4.1  0.9  0.9  3.8  7.9 16.4 10.7  1.6  1.3 68.6 63.9  1.9172.8  7.6
  0.9  0.0  0.0  0.0  0.0  0.0  0.0  0.0  0.0  0.0  0.0  0.0  0.0  0.0  0.0
  0.0  0.0  0.0  1.9  0.3  3.1  0.3  0.0  0.0  0.0  0.0  0.0  0.0  0.0  0.3
  0.0  0.6  0.0  0.0  0.0  0.0  0.0  0.0  0.0  0.0  0.3  0.0  2.2  0.0  0.0
  5.7  0.0  0.0  5.7  0.9  0.0  0.9  2.5  0.0  0.0  0.0  0.0  0.0  0.0  0.0
  0.0  0.0  0.0  0.0  0.0  0.0  0.0 16.7  4.1  0.9  6.0 29.6  6.9  6.0  9.4
  1.6  1.3  2.8  2.8  0.0  1.3  0.0 33.7 14.2 22.0  1.6  7.9 13.8  9.8  0.0
     -4.62      4.17     -6.04     -3.75      1.79  0.0  0.0  0.3  0.0  0.0
                                4000_story_0594_llm_free.txt 37.3  4.6 3618
 18.8  5.3  6.4 37.9  9.7  0.0  2.8  0.8 10.5 14.6  0.3  0.6  0.6  4.7  0.6
  0.6  1.9  4.1  7.7  1.1  0.6278.1 86.2 27.4126.3 65.2 13.3 12.4  0.3  0.3
  0.3  1.7 29.0  8.6 17.1 28.2  5.8  1.1  2.5  1.7  1.1  1.7  1.7  3.9  0.8
  5.8  6.6  0.8  1.7  2.8  6.4 18.2 10.5  3.0  0.8 54.7 85.4  1.4182.4  7.5
  1.1  0.0  0.0  0.0  0.0  0.0  0.0  0.0  0.0  0.0  0.0  0.0  0.0  0.0  0.0
  0.0  0.0  0.0  1.7  0.3  3.0  1.7  0.0  0.0  0.0  0.0  0.0  0.0  0.0  0.6
  0.6  1.7  0.3  0.3  0.0  0.0  0.0  0.0  0.0  0.3  0.0  0.0  1.9  0.6  0.0
  6.6  0.0  0.0  6.6  3.3  0.0  3.6  2.5  0.0  0.0  0.0  0.0  0.0  0.0  0.0
  0.0  0.8  0.3  0.0  0.0  0.0  0.0  9.7  1.7  1.1  8.3 22.1  5.0  3.3 23.8
  1.7  1.4  2.8  1.9  0.0  0.8  0.0 40.4 19.9 20.7  0.8  6.1 11.3  9.7  0.0
     -3.42      6.18     -4.93     -3.60      0.51  0.0  0.3  0.0  0.0  0.0
                                4000_story_0596_llm_free.txt 36.5  4.4 3631
 13.5  4.7  8.0 45.4 10.2  0.8  2.5  1.4 15.7 16.8  1.7  1.1  0.6  2.8  0.6
  0.3  1.7  3.0  9.6  0.6  1.4269.1 84.5 27.3116.5 76.0 13.2 11.0  0.3  0.8
  0.0  1.9 25.3 10.2 19.0 30.0  3.6  3.6  2.8  1.4  2.8  1.7  4.1  5.5  0.0
  5.8  6.3  1.4  3.3  3.3  9.4 20.4 11.3  2.2  1.1 57.6101.9  2.2177.4  6.3
  1.7  0.0  0.0  0.0  0.0  0.0  0.0  0.0  0.0  0.0  0.0  0.0  0.0  0.0  0.0
  0.0  0.0  0.0  2.8  0.6  2.5  0.8  0.0  0.0  0.0  0.0  0.0  0.0  0.0  0.6
  0.0  1.1  0.0  0.3  0.0  0.0  0.0  0.3  0.0  0.3  0.0  0.0  2.2  0.8  0.0
  6.6  0.0  0.0  6.6  1.9  0.3  2.5  3.0  0.0  0.0  0.0  0.0  0.0  0.0  0.0
  0.0  0.3  0.3  0.0  0.0  0.0  0.0 18.5  3.3  0.8  7.2 33.6  3.0  6.9 22.6
  6.1  2.5  3.3  2.5  0.3  0.6  0.0 30.0 19.0 17.9  1.1  8.0 10.2  7.4  0.0
     -3.51      6.06     -6.18     -2.27      1.66  0.0  0.0  0.0  0.0  0.0
                                4000_story_0597_llm_free.txt 37.5  4.4 3753
 15.2  5.3  9.1 49.3 16.0  1.1  3.5  0.8 16.5 21.0  1.3  0.3  1.3  6.7  0.8
  0.3  1.6  9.6 13.9  0.5  1.9235.3 82.9 33.8113.8 59.4 14.9  6.9  0.3  0.8
  0.0  1.6 13.6  6.9 10.1 29.6  8.0  5.1  2.7  1.6  1.1  1.1  4.3  4.8  0.3
  3.7  3.5  1.3  2.9  4.3 15.7 20.8  8.8  2.1  1.1 69.5 91.9  2.4179.1  5.6
  1.3  0.0  0.0  0.0  0.0  0.0  0.0  0.0  0.0  0.0  0.0  0.0  0.0  0.0  0.0
  0.0  0.0  0.0  2.9  0.3  1.6  2.9  0.0  0.0  0.0  0.0  0.0  0.0  0.0  0.3
  1.3  1.3  1.3  0.5  0.0  0.0  0.0  0.0  0.0  0.3  0.0  0.0  2.4  1.1  0.0
  7.7  0.0  0.0  7.7  4.8  0.0  5.1  3.5  0.0  0.0  0.0  0.0  0.0  0.0  0.0
  0.0  0.3  0.0  0.0  0.0  0.0  0.0  6.9  4.0  1.3  9.1 23.2  2.4 16.3  9.6
  2.4  1.1  0.8  3.2  0.0  0.8  0.0 37.3 14.4 21.8  1.6  9.3  9.1  7.7  0.0
      3.71      4.81     -3.57     -2.88      1.17  0.3  0.0  0.0  0.0  0.0
                                4000_story_0598_llm_free.txt 35.8  4.5 2886
 17.0  3.1  5.2 33.3  6.2  0.0  2.1  1.4 12.1 22.5  0.7  0.7  0.3  6.6  0.3
  0.3  0.7  3.5  9.0  2.1  2.4292.1 82.5 27.4129.9 52.0 12.8  8.7  0.0  0.7
  0.0  1.4 13.9  9.0 12.8 32.9  5.5  3.1  2.8  2.1  1.0  1.7  1.4  3.5  0.0
  4.2  5.5  0.0  1.7  2.8  7.6 18.7  7.6  2.8  0.7 54.4 70.3  1.0177.8  5.9
  1.7  0.0  0.0  0.0  0.0  0.0  0.0  0.0  0.0  0.0  0.0  0.0  0.0  0.0  0.0
  0.0  0.0  0.0  1.0  0.0  0.3  2.1  0.0  0.0  0.0  0.0  0.0  0.0  0.0  0.0
  0.0  1.7  0.3  0.3  0.0  0.0  0.0  0.0  0.0  0.0  0.3  0.0  1.7  2.1  0.0
  3.5  0.0  0.0  3.5  2.4  0.0  2.4  4.2  0.0  0.0  0.0  0.0  0.0  0.0  0.0
  0.0  0.3  0.0  0.0  0.0  0.0  0.0 15.2  1.4  0.7  8.7 37.1  4.9  6.6  6.9
  1.0  1.7  3.5  2.1  0.0  0.7  0.3 41.9 14.6 18.4  1.4  6.6 11.8 10.4  0.0
     -2.95      4.93     -5.42     -2.84     -0.89  0.0  0.0  0.0  0.0  0.0
                                4000_story_0602_llm_free.txt 34.3  4.4 3342
 14.7  3.0  6.0 39.5  6.6  0.3  1.2  0.0 12.6 21.2  0.0  0.3  0.6  9.0  0.3
  0.0  1.2  4.5  7.8  1.8  0.6259.1 86.2 25.7129.3 65.5 14.4 11.1  0.0  2.7
  0.0  1.5 22.7  7.2 11.1 29.3  5.4  2.7  3.0  2.4  1.8  0.9  2.4  6.0  0.6
  5.7  7.8  0.6  1.2  3.0  9.0 19.7 12.3  3.0  2.7 55.7 84.7  1.2185.2  7.2
  0.9  0.0  0.0  0.0  0.0  0.0  0.0  0.0  0.0  0.0  0.0  0.0  0.0  0.0  0.0
  0.0  0.0  0.0  2.1  0.6  1.2  0.6  0.0  0.0  0.0  0.0  0.0  0.0  0.0  0.3
  0.3  1.5  1.5  0.3  0.0  0.0  0.0  0.0  0.0  0.6  0.0  0.0  2.1  1.2  0.0
  4.5  0.0  0.0  4.5  3.9  0.0  4.5  3.3  0.0  0.0  0.0  0.0  0.0  0.0  0.0
  0.3  0.3  0.0  0.0  0.0  0.0  0.0 13.5  2.4  0.0  8.4 28.4  3.9  7.5  6.6
  0.9  1.5  2.4  1.5  0.0  1.2  0.3 42.5 21.5 18.0  3.0  7.8  7.8  7.5  0.0
     -1.90      6.25     -2.52     -2.70      1.07  0.3  0.3  0.0  0.0  0.0
                                4000_story_0605_llm_free.txt 38.0  4.5 3071
 13.4  4.9  6.2 36.5  8.1  0.3  1.6  0.3 11.4 21.8  0.7  1.3  0.3  5.5  0.3
  0.3  1.6  3.3 10.1  0.3  2.0282.3 93.8 37.4111.0 40.7 10.7  6.8  0.0  0.7
  0.0  1.0 16.9  8.8 14.7 32.2  8.1  3.9  3.3  2.6  0.3  1.6  2.0  2.3  0.7
  4.2  2.9  0.0  2.6  3.6  7.5 17.9  7.2  2.0  0.7 67.1 60.2  1.3163.5  7.2
  1.3  0.0  0.0  0.0  0.0  0.0  0.0  0.0  0.0  0.0  0.0  0.0  0.0  0.0  0.0
  0.0  0.0  0.0  1.0  0.3  2.6  1.6  0.0  0.0  0.0  0.0  0.0  0.0  0.0  0.7
  0.0  2.3  0.7  0.0  0.0  0.7  0.0  0.3  0.0  0.3  0.0  0.0  1.3  1.3  0.0
  5.5  0.0  0.0  5.5  3.6  1.0  4.9  2.6  0.0  0.0  0.0  0.0  0.0  0.0  0.0
  0.0  0.0  0.0  0.0  0.3  0.0  0.0  7.5  2.3  0.3  5.2 27.4  7.8  5.9 12.0
  1.0  2.3  2.6  3.9  0.0  1.0  0.0 42.0 14.3 15.3  0.3  7.5 12.7  8.5  0.0
     -4.13      3.07     -5.82     -2.63     -0.19  0.0  0.0  0.0  0.0  0.0
                                4000_story_0606_llm_free.txt 38.0  4.5 3622
 18.5  3.0  2.2 40.6  7.7  0.6  2.8  0.0 11.0 23.2  1.1  1.4  0.0  7.5  0.3
  0.6  0.8  5.0  8.3  1.1  1.9280.0 81.7 34.0109.9 50.0  9.4  9.1  0.0  0.0
  0.3  1.1 19.9  8.6 11.3 30.9  5.8  2.5  3.6  2.5  3.0  1.4  3.0  4.1  0.0
  5.8  7.7  0.3  3.9  3.9 10.5 21.0  9.9  1.9  0.3 65.2 68.7  1.9173.1  8.6
  1.4  0.0  0.0  0.0  0.0  0.0  0.0  0.0  0.0  0.0  0.0  0.0  0.0  0.0  0.0
  0.0  0.0  0.0  0.8  1.1  1.4  1.4  0.0  0.0  0.0  0.0  0.0  0.0  0.0  0.0
  0.6  0.6  0.0  0.3  0.0  0.0  0.0  0.0  0.0  0.0  0.0  0.0  1.9  1.7  0.0
  4.7  0.0  0.0  4.7  1.4  0.0  1.4  3.6  0.0  0.0  0.0  0.0  0.0  0.0  0.0
  0.3  0.0  0.0  0.0  0.6  0.0  0.0  6.1  2.8  6.6  5.2 26.8  5.2  7.2  8.0
  1.1  1.4  1.9  2.5  0.0  0.3  0.0 36.2 18.2 22.9  1.1  6.9  9.9  9.1  0.0
     -2.66      3.60     -4.52     -1.73      0.77  0.6  0.0  0.0  0.0  0.0
                                4000_story_0608_llm_free.txt 36.5  4.5 3833
 14.3  3.4  4.7 32.6  8.6  0.8  2.9  0.8 13.8 19.6  0.5  1.6  0.3  5.5  0.5
  0.5  0.8  2.3 12.5  0.5  1.3284.4 94.7 32.6121.8 48.3 13.6 12.8  0.3  1.0
  0.0  0.8 20.1  5.7 12.8 25.6  7.0  2.3  0.3  1.0  2.3  1.6  2.6  8.1  0.8
  5.7  7.0  1.6  3.1  5.2  7.0 23.0 14.6  1.3  1.3 59.0 70.7  2.3175.1  4.7
  1.3  0.0  0.0  0.0  0.0  0.0  0.0  0.0  0.0  0.0  0.0  0.0  0.0  0.0  0.0
  0.0  0.0  0.0  2.9  0.3  1.3  1.0  0.0  0.3  0.0  0.0  0.0  0.0  0.0  0.8
  0.3  0.8  1.3  0.5  0.0  0.0  0.0  0.3  0.0  0.8  0.0  0.5  1.3  1.3  0.0
  5.5  0.3  0.0  5.7  3.7  0.3  4.7  3.1  0.0  0.0  0.0  0.0  0.0  0.0  0.0
  0.0  0.0  0.0  0.0  0.0  0.0  0.0  9.7  1.3  0.8  6.0 41.7  5.5  5.7 13.6
  4.2  1.0  2.1  1.8  0.3  0.3  0.5 38.6 15.4 18.5  2.3  9.7 11.5 11.0  0.0
     -5.11      5.40     -3.52     -3.74      1.68  0.3  0.0  0.0  0.0  0.5
                                4000_story_0610_llm_free.txt 35.3  4.4 3194
 19.7  5.6  2.5 36.0  7.8  0.9  2.5  0.6 12.2 14.4  0.3  1.3  0.0  2.8  0.6
  0.6  1.6  3.1 15.7  0.9  1.6254.2 76.4 40.7126.5 76.4 13.5 11.0  0.3  0.6
  0.3  0.9 19.4  8.1 16.0 35.1  7.2  2.8  1.3  1.3  1.9  1.6  3.8  4.7  0.3
  4.7  6.9  1.3  3.1  4.1  7.8 26.0  9.7  2.5  1.3 64.2 96.4  1.6178.8  5.3
  1.6  0.3  0.0  0.0  0.0  0.0  0.0  0.0  0.0  0.0  0.0  0.0  0.0  0.0  0.0
  0.0  0.0  0.0  1.6  1.3  3.1  1.3  0.0  0.3  0.0  0.0  0.0  0.0  0.0  0.0
  0.3  0.6  0.6  0.9  0.0  0.0  0.0  0.0  0.0  0.3  0.0  0.0  1.9  0.9  0.0
  7.2  0.3  0.0  7.5  2.5  0.0  2.8  2.8  0.0  0.0  0.0  0.0  0.0  0.0  0.0
  0.0  0.3  0.0  0.0  0.0  0.0  0.0 18.5  2.2  1.6  6.9 30.1  4.1  7.2 19.4
  3.1  1.9  7.5  4.1  0.3  0.6  0.0 36.0 15.7 21.3  1.6 10.0 15.7  8.1  0.0
     -2.37      6.45     -5.56     -3.44      1.19  1.3  0.0  0.0  0.0  0.0
                                4000_story_0612_llm_free.txt 34.3  4.5 2861
 15.0  4.9  2.8 28.0  6.6  1.0  2.4  1.7 10.1 14.7  0.0  0.3  0.0  6.6  0.0
  0.0  1.4  2.4 10.5  0.7  2.4272.6 90.2 29.0127.9 67.1 12.2  7.0  0.0  0.3
  0.0  1.7 22.4  7.7 18.9 26.9  5.6  1.4  1.7  1.7  1.4  2.4  3.1  6.3  0.3
  5.6  5.6  0.7  2.1  3.1  5.2 19.9 12.2  2.1  0.3 66.4 83.9  0.7174.4  4.2
  1.7  0.7  0.0  0.0  0.0  0.0  0.0  0.0  0.0  0.0  0.0  0.0  0.0  0.0  0.0
  0.0  0.0  0.0  1.0  0.7  2.4  1.0  0.0  0.0  0.0  0.0  0.0  0.0  0.0  0.0
  0.0  0.3  1.0  0.7  0.0  0.0  0.0  0.0  0.0  0.0  0.0  0.0  1.7  0.3  0.0
  5.2  0.0  0.0  5.2  2.1  0.0  2.1  2.1  0.0  0.0  0.0  0.0  0.0  0.0  0.0
  0.0  0.0  0.0  0.0  0.0  0.0  0.0 16.8  5.2  1.0  3.8 29.0  3.8  4.2  9.1
  1.0  2.1  1.0  3.1  0.3  0.7  0.0 43.3 12.9 16.8  1.0  8.7 12.2  7.7  0.0
     -4.57      5.11     -5.93     -3.27      1.37  0.7  0.0  0.0  0.0  0.0
                                4000_story_0613_llm_free.txt 34.8  4.5 3727
 12.1  3.2  9.7 47.5  8.6  0.8  4.0  0.8 10.5 15.0  0.3  1.6  0.0  3.8  0.0
  0.5  1.6  5.9  9.1  1.6  1.3282.8 83.4 36.2111.9 49.4 11.0  8.9  0.3  0.3
  0.5  1.6 36.0  7.8 18.5 36.8  6.4  2.1  2.7  2.1  3.0  0.5  5.9  6.7  0.3
  4.6  3.0  0.3  1.9  2.7 11.0 17.4 11.5  3.2  1.1 64.4 68.4  0.3176.8  8.9
  1.1  0.0  0.0  0.0  0.0  0.0  0.0  0.0  0.0  0.0  0.0  0.0  0.0  0.0  0.0
  0.0  0.0  0.0  1.1  0.3  1.6  1.3  0.3  0.0  0.0  0.0  0.0  0.0  0.0  0.8
  0.8  0.5  0.8  0.3  0.0  0.0  0.3  0.0  0.0  0.3  0.0  0.3  1.6  0.8  0.0
  4.3  0.3  0.0  4.6  3.2  0.3  3.8  2.7  0.0  0.0  0.0  0.0  0.0  0.0  0.0
  0.0  0.5  0.0  0.0  0.0  0.0  0.0  9.9  1.9  1.3  9.4 31.9  5.9  1.6 21.7
  4.8  1.3  1.3  4.6  0.0  0.8  0.3 39.2 16.4 16.6  1.6  7.5 11.8  5.4  0.0
     -3.44      3.90     -4.91     -2.63      2.76  0.3  0.0  0.0  0.3  0.0
                                4000_story_0614_llm_free.txt 35.3  4.6 3612
 15.5  4.2  4.4 57.3 14.1  0.3  3.6  0.6 13.0 21.0  0.3  0.6  0.3  5.5  0.0
  0.3  2.2  4.7 10.2  1.4  1.4263.3 70.6 26.3119.0 60.6 13.6 11.1  0.6  0.6
  0.3  1.9 27.7  9.4 10.5 33.2  6.1  6.1  3.6  3.0  0.6  2.2  3.0  6.9  0.0
  5.0  5.0  0.6  1.7  6.1 11.4 20.8 11.9  3.6  1.4 58.1 87.8  2.5188.8  6.4
  0.8  0.0  0.0  0.0  0.0  0.0  0.0  0.0  0.0  0.0  0.0  0.0  0.0  0.0  0.0
  0.0  0.0  0.0  2.5  0.6  1.1  1.4  0.0  0.0  0.0  0.0  0.0  0.0  0.0  0.8
  0.6  1.9  0.3  0.3  0.0  0.0  0.0  0.0  0.0  0.3  0.0  0.0  3.6  0.0  0.0
  5.5  0.0  0.0  5.5  3.9  0.0  4.2  3.6  0.0  0.0  0.0  0.0  0.0  0.0  0.0
  0.0  0.3  0.0  0.0  0.0  0.0  0.0  8.9  5.0  1.1  8.9 32.7  3.3  8.6  5.0
  3.9  1.1  1.7  2.2  0.0  1.1  0.0 38.5 18.8 22.1  0.3 10.0 10.5  8.6  0.0
      0.54      5.54     -3.20     -1.46      0.93  0.3  0.0  0.0  0.0  0.0
                                4000_story_0615_llm_free.txt 32.3  4.5 3757
 14.4  5.3  6.9 53.5 22.6  1.1  5.6  0.8 27.1 13.8  1.1  1.9  0.3  6.4  1.1
  0.5  2.7  5.3  7.7  1.1  1.1240.1 78.8 25.3121.1 74.0 14.4  9.3  0.0  0.0
  0.0  1.6 22.4  9.6 13.8 32.7  4.8  4.0  4.5  1.9  1.1  2.7  3.7  3.7  0.0
  4.0  6.1  1.6  2.4  4.5 10.4 19.2  7.7  3.7  0.0 50.3123.8  5.6184.5  7.5
  1.1  0.0  0.0  0.0  0.0  0.0  0.0  0.0  0.0  0.0  0.0  0.0  0.0  0.0  0.0
  0.0  0.0  0.0  2.1  0.3  3.2  0.5  0.0  0.0  0.0  0.3  0.0  0.0  0.0  0.0
  0.0  1.6  0.5  0.0  0.0  0.0  0.0  0.0  0.0  0.0  0.0  0.3  1.3  0.8  0.0
  6.1  0.0  0.3  6.4  2.1  0.0  2.1  2.4  0.0  0.0  0.0  0.0  0.0  0.0  0.0
  0.3  1.1  0.3  0.0  0.0  0.0  0.0 14.9  4.8  1.6  5.9 25.3  1.1  8.5 12.2
  2.9  1.1  2.7  1.6  0.0  0.3  0.0 42.9 20.2 20.8  2.1  8.3 14.1 11.2  0.0
      4.41      6.03     -5.55     -1.78      0.56  0.8  0.0  0.0  0.0  0.0
                                4000_story_0617_llm_free.txt 37.0  4.5 3945
 15.7  3.3  2.0 37.0 10.6  1.0  1.8  0.8 15.0 23.8  0.5  1.8  0.3  2.3  0.5
  0.3  2.0  4.8  9.1  1.0  1.0280.4 84.7 40.6120.4 39.3 15.0  8.9  0.0  1.3
  0.8  1.0 22.8  6.3 15.7 31.2  5.8  3.0  3.8  1.8  1.3  1.3  1.8  6.1  0.5
  4.3  4.3  0.5  1.5  4.1  9.1 18.0 10.9  3.0  2.0 65.7 64.9  1.0171.1  4.6
  1.5  0.3  0.0  0.0  0.0  0.0  0.0  0.0  0.0  0.0  0.0  0.0  0.0  0.0  0.0
  0.0  0.0  0.0  1.8  1.0  1.0  1.3  0.0  0.3  0.0  0.0  0.0  0.0  0.0  0.5
  0.3  0.5  0.5  0.8  0.0  0.0  0.0  0.3  0.0  0.0  0.3  0.0  2.0  0.8  0.0
  5.1  0.3  0.0  5.3  2.5  0.3  2.8  3.0  0.0  0.0  0.0  0.0  0.0  0.0  0.0
  0.3  0.5  0.0  0.0  0.0  0.0  0.0  5.1  3.0  0.3  9.1 36.2  5.3  7.6 17.5
  0.3  1.5  2.3  3.8  0.5  0.8  0.3 35.7 16.5 19.0  0.8 10.9 15.2  7.6  0.0
     -3.46      4.50     -3.95     -2.74      0.18  0.3  0.0  0.3  0.0  0.0
                                4000_story_0628_llm_free.txt 34.8  4.5 2889
 13.5  6.9  6.2 32.9  5.9  0.0  2.4  1.0  4.2 19.0  0.3  0.3  0.3  4.2  0.0
  0.3  0.7  3.1 10.0  1.4  1.7291.5 90.0 31.5125.0 59.9 12.5  7.3  0.0  0.7
  0.0  1.7 24.9  9.7 14.9 24.9  5.2  2.4  1.7  1.4  1.7  1.0  2.8  5.2  0.0
  5.2  8.3  2.1  1.4  1.7  7.3 21.8 10.4  2.1  0.7 67.2 69.9  1.7174.5  6.9
  0.7  0.3  0.0  0.0  0.0  0.0  0.0  0.0  0.0  0.0  0.0  0.0  0.0  0.0  0.0
  0.0  0.0  0.0  4.2  0.7  3.8  0.7  0.0  0.3  0.0  0.0  0.0  0.0  0.3  0.3
  0.0  0.7  0.7  0.3  0.0  0.0  0.0  0.0  0.0  0.3  0.0  0.0  1.4  0.0  0.0
  9.3  0.3  0.3 10.0  2.1  0.0  2.4  1.4  0.0  0.0  0.0  0.0  0.0  0.0  0.0
  0.0  0.0  0.0  0.0  0.0  0.0  0.0 13.2  0.7  1.0  6.6 39.8  8.3  5.9 26.0
  2.8  1.0  2.4  2.1  0.0  0.7  0.0 32.9 15.9 19.0  1.0 11.1 11.8  7.6  0.0
     -6.41      4.79     -4.87     -3.60      0.57  0.3  0.0  0.0  0.0  0.0
                                4000_story_0631_llm_free.txt 36.0  4.4 2909
 23.0  4.8 10.0 39.9  7.2  0.0  1.7  1.7 13.4 18.6  0.7  2.4  1.4  6.5  0.0
  0.3  1.0  4.5  7.6  2.8  1.0267.4 85.6 33.3118.9 74.3 21.3  8.3  0.0  0.3
  0.3  1.4 16.2  6.2 16.2 30.9  4.5  3.1  1.7  2.8  1.4  3.1  3.4  3.8  0.0
  4.1  5.8  0.7  2.1  4.5  8.9 19.9  7.9  3.8  0.7 63.9 94.9  0.7173.3  4.1
  1.4  0.0  0.0  0.0  0.0  0.0  0.0  0.0  0.0  0.0  0.0  0.0  0.0  0.0  0.0
  0.0  0.0  0.0  2.4  0.7  2.1  0.3  0.0  0.0  0.0  0.0  0.0  0.0  0.0  0.7
  0.0  0.7  1.0  0.0  0.0  0.0  0.0  0.0  0.0  0.0  0.0  0.0  2.8  0.0  0.0
  5.5  0.0  0.0  5.5  2.4  0.0  2.4  2.8  0.0  0.0  0.0  0.0  0.0  0.0  0.0
  0.3  0.3  0.0  0.0  0.0  0.0  0.0 12.4  1.7  2.8  5.2 23.0  3.1  5.5 14.4
  2.4  1.4  1.7  5.8  0.3  0.7  0.0 38.8 17.2 23.0  1.7  8.6 10.7  9.3  0.0
      0.36      7.11     -5.19     -2.17      0.43  0.3  0.0  0.0  0.0  0.0
                                4000_story_0634_llm_free.txt 36.0  4.5 3278
 13.7  2.1  4.3 30.2  7.0  0.0  1.2  1.5  9.5 19.5  0.3  1.5  0.3  5.2  0.9
  0.3  1.5  4.9  9.8  1.2  3.7269.4 90.9 30.2125.7 59.2 16.5  7.3  0.0  0.9
  0.0  3.1 20.7  9.5 14.9 30.2  5.8  3.4  1.5  0.6  0.3  0.9  1.2  5.2  0.3
  5.2  4.3  1.5  0.6  5.2  8.5 19.2 10.7  2.7  0.9 61.6 75.7  0.6175.4  5.5
  1.8  0.0  0.0  0.0  0.0  0.0  0.0  0.0  0.0  0.0  0.0  0.0  0.0  0.0  0.0
  0.0  0.0  0.0  1.2  0.9  1.5  0.3  0.0  0.0  0.0  0.0  0.0  0.0  0.0  0.3
  0.3  1.2  0.0  0.3  0.0  0.0  0.0  0.0  0.3  0.0  0.0  0.0  1.8  0.9  0.0
  4.0  0.0  0.0  4.0  2.1  0.3  2.4  2.7  0.0  0.0  0.0  0.0  0.0  0.0  0.0
  0.0  0.3  0.0  0.0  0.0  0.0  0.0  6.4  1.5  0.3  5.5 26.5  7.6  6.1  7.0
  1.8  2.1  2.1  4.3  0.0  0.6  0.3 39.7 13.4 17.1  1.2  9.2 12.5 11.6  0.0
     -2.53      5.56     -4.81     -4.53     -0.17  0.3  0.3  0.0  0.0  0.0
                                4000_story_0640_llm_free.txt 35.3  4.6 3053
 14.7  4.9  9.5 41.6 11.5  0.3  1.6  1.3 11.8 18.3  0.3  1.0  1.0  5.6  0.7
  0.3  0.7  6.2  8.5  0.7  2.6259.1 91.4 28.5116.6 59.0 17.0  8.2  0.0  0.3
  0.0  2.9 33.7  9.2 12.4 30.5  6.9  3.6  1.0  2.6  0.7  2.3  4.6  5.2  1.6
  3.3  5.2  1.0  2.3  3.9 10.5 20.3 10.2  1.3  0.3 66.8 82.2  1.0175.9  5.6
  2.9  0.0  0.0  0.0  0.0  0.0  0.0  0.0  0.0  0.0  0.0  0.0  0.0  0.0  0.0
  0.0  0.0  0.0  2.3  0.3  2.9  0.7  0.0  0.3  0.0  0.0  0.0  0.0  0.0  0.0
  0.0  1.6  1.0  0.0  0.0  0.3  0.0  0.3  0.0  0.0  0.3  0.0  2.9  0.3  0.0
  6.2  0.3  0.0  6.6  2.6  0.7  3.3  3.6  0.0  0.0  0.0  0.0  0.0  0.0  0.0
  0.0  0.3  0.0  0.3  0.0  0.0  0.0  8.8  2.3  1.6  8.2 32.1  3.6 11.5 10.8
  0.3  0.3  0.7  2.0  0.3  1.0  0.0 37.0 11.8 22.6  1.0  7.2 11.8 11.1  0.0
     -2.90      5.52     -3.44     -3.01      2.35  0.3  0.0  0.0  0.0  0.0
                                4000_story_0647_llm_free.txt 36.0  4.6 3209
 17.8  4.4  4.4 39.0 12.5  0.0  3.1  0.0 11.8 16.8  0.9  2.2  0.0  6.2  0.3
  0.6  0.6  6.2 10.9  0.9  0.6281.1 75.1 29.3119.4 56.7 11.5  9.3  0.0  0.6
  0.0  1.9 26.2  8.1 10.9 29.6  7.2  3.7  0.9  0.9  2.2  1.6  3.4  5.3  0.6
  4.1  5.9  0.3  1.9  4.7 12.2 21.8 10.0  1.6  0.6 67.3 81.0  0.6173.0  4.7
  0.9  0.3  0.0  0.0  0.0  0.0  0.0  0.0  0.0  0.0  0.0  0.0  0.0  0.0  0.0
  0.0  0.0  0.0  0.9  0.0  1.9  1.9  0.3  0.0  0.0  0.0  0.0  0.0  0.0  0.6
  0.0  0.6  1.2  0.9  0.0  0.0  0.0  0.0  0.0  0.3  0.0  0.0  0.3  0.9  0.0
  4.7  0.3  0.0  5.0  3.4  0.0  3.7  1.2  0.0  0.0  0.0  0.0  0.0  0.0  0.0
  0.0  0.9  0.0  0.3  0.0  0.0  0.0 15.0  5.0  0.0  7.2 39.3  4.1  8.1 10.6
  2.2  2.2  2.5  1.2  0.3  1.2  0.0 32.1 15.3 21.5  3.4  8.1 12.5 11.2  0.0
     -2.78      4.67     -3.41     -3.33      1.10  0.3  0.3  0.0  0.0  0.0
                                4000_story_0666_llm_free.txt 36.8  4.6 3272
 16.5  3.1  3.4 33.0  7.3  0.6  2.1  0.9  6.1 17.7  0.3  0.9  0.0  5.2  0.0
  1.2  0.9  2.4 10.1  2.1  1.2290.6 91.1 29.3118.9 59.3 16.8  8.9  0.6  1.5
  0.0  2.8 26.9  4.9 11.9 29.0  4.6  1.2  1.8  1.8  1.8  2.1  2.8  5.5  0.9
  6.7  4.6  1.5  4.0  3.4  5.5 20.2 13.1  3.1  2.1 63.0 72.7  0.6173.3  5.5
  4.3  0.0  0.0  0.0  0.0  0.0  0.0  0.0  0.0  0.0  0.0  0.0  0.0  0.0  0.0
  0.0  0.0  0.0  1.5  0.9  1.8  0.6  0.0  0.0  0.0  0.0  0.0  0.0  0.0  0.0
  0.6  0.9  0.3  0.0  0.0  0.0  0.0  0.0  0.0  0.3  0.0  0.0  3.7  1.2  0.0
  4.9  0.0  0.0  4.9  1.8  0.0  2.1  4.9  0.0  0.0  0.0  0.0  0.0  0.0  0.0
  0.0  0.9  0.0  0.0  0.0  0.0  0.0  8.9  2.1  1.5  8.9 26.9  3.7  6.1 19.9
  4.3  0.9  1.8  4.6  0.0  0.6  0.0 36.4 13.4 17.7  3.1  8.3 11.6  7.9  0.0
     -5.40      5.69     -1.57     -3.16      1.80  0.0  0.0  0.3  0.0  0.0
                                4000_story_0668_llm_free.txt 35.8  4.5 3361
 16.7  2.4  6.2 47.0 13.1  1.8  4.5  0.9 15.5 16.7  0.6  1.2  0.3  8.0  0.0
  0.0  2.1  3.9 11.0  1.8  3.0255.6 83.6 31.8119.9 55.3 13.4  9.8  0.0  1.2
  0.0  1.5 33.0  7.4 13.1 42.0  6.0  2.4  2.4  2.4  2.4  3.0  3.6  3.6  0.0
  6.5  6.0  1.2  2.4  3.6  8.6 22.0 10.1  3.9  1.2 54.2 83.9  2.4179.4  3.6
  0.9  0.0  0.0  0.0  0.0  0.0  0.0  0.0  0.0  0.0  0.0  0.0  0.0  0.0  0.0
  0.0  0.0  0.0  1.5  0.9  1.8  1.2  0.0  0.0  0.0  0.0  0.0  0.0  0.0  0.0
  0.3  1.2  0.9  0.0  0.0  0.0  0.0  0.0  0.0  0.3  0.3  0.0  2.7  1.5  0.0
  5.4  0.0  0.0  5.4  2.4  0.0  2.7  4.5  0.0  0.0  0.0  0.0  0.0  0.0  0.0
  0.3  1.2  0.3  0.0  0.6  0.0  0.0 13.1  3.0  0.9  9.2 36.6  3.3  6.0  7.1
  1.5  1.5  2.7  8.0  0.0  2.4  0.0 36.0 19.3 22.3  3.3  6.5 12.5  8.9  0.0
      1.95      5.07     -3.95     -1.87      1.26  0.9  0.0  0.0  0.0  0.0
                                4000_story_0672_llm_free.txt 35.8  4.5 3232
 17.9  5.0  6.2 29.1  6.2  0.6  2.5  0.3  7.4 22.9  0.0  0.3  0.0  5.9  0.6
  0.6  0.0  1.5  9.6  0.9  0.0276.6 91.3 32.8124.1 56.0 11.1  8.4  0.0  0.9
  0.3  1.5 17.3  5.9 15.8 24.1  5.9  1.5  1.5  1.2  2.8  1.2  1.2  6.8  0.3
  4.0  5.0  0.9  1.5  3.4  5.9 17.6 11.1  0.9  1.2 68.4 69.6  1.2170.5  5.3
  1.5  0.0  0.0  0.0  0.0  0.0  0.0  0.0  0.0  0.0  0.0  0.0  0.0  0.0  0.0
  0.0  0.0  0.0  3.4  0.6  2.2  1.2  0.0  0.0  0.0  0.0  0.0  0.0  0.0  0.6
  0.0  0.6  0.9  0.3  0.0  0.0  0.3  0.0  0.0  0.0  0.0  0.0  2.2  0.3  0.0
  7.4  0.0  0.0  7.4  2.5  0.3  2.8  2.5  0.0  0.0  0.0  0.0  0.0  0.0  0.0
  0.0  0.6  0.0  0.0  0.0  0.0  0.0  9.9  1.5  0.3  8.0 26.0  7.7  3.1  8.4
  2.2  0.6  1.9  5.9  0.0  1.2  0.0 34.3 15.2 20.7  2.8  6.8 12.1  7.4  0.0
     -7.04      4.53     -4.20     -3.35     -0.29  0.0  0.0  0.6  0.3  0.0
                                4000_story_0683_llm_free.txt 36.8  4.5 3779
 20.6  5.3  2.9 47.4 10.6  1.3  2.6  1.1 10.1 16.7  1.1  0.8  0.0  4.2  1.3
  0.5  1.6  8.5 11.1  0.3  1.3259.9 77.3 28.6120.4 66.4 10.6  7.9  0.3  1.3
  0.3  1.9 22.5  7.9  7.4 28.6  6.6  8.7  2.6  2.1  2.4  1.1  1.9  6.6  0.3
  6.4  5.3  0.5  3.2  4.5 19.6 21.2 13.2  1.9  1.9 58.5 87.1  0.8185.2  5.3
  1.3  0.0  0.0  0.0  0.0  0.0  0.0  0.0  0.0  0.0  0.0  0.0  0.0  0.0  0.0
  0.0  0.0  0.0  1.1  0.8  2.6  1.1  0.0  0.0  0.0  0.0  0.0  0.0  0.0  0.0
  0.0  1.3  0.8  0.3  0.0  0.3  0.0  0.0  0.0  0.3  0.8  0.3  2.9  0.3  0.0
  5.6  0.0  0.0  5.6  2.4  0.3  2.9  4.2  0.0  0.0  0.0  0.0  0.0  0.0  0.0
  0.3  0.8  0.3  0.0  0.0  0.0  0.0 18.0  5.3  2.4 14.6 24.9  4.2 15.3  5.0
  2.1  1.3  2.9  1.1  0.0  1.6  0.3 37.6 15.6 25.7  1.9  9.8  9.5  8.2  0.0
     -0.26      4.69     -1.79     -1.15      0.79  0.3  0.0  0.0  0.0  0.0
                                4000_story_0688_llm_free.txt 34.3  4.5 3107
 13.2  3.5  4.8 33.8  9.7  0.0  1.3  0.6 12.9 24.1  1.0  1.3  0.3  5.5  0.3
  0.3  0.6  2.9  9.7  0.3  1.6298.4 86.3 32.2111.4 43.1 15.1  9.0  0.0  0.3
  0.0  1.3 21.9  8.0 15.4 26.4  5.1  1.6  0.6  1.3  1.6  1.3  1.9  4.2  0.0
  5.8  2.6  1.0  2.3  4.5  6.1 16.1 10.0  1.0  0.3 66.9 65.7  1.9161.9  6.8
  1.0  0.0  0.0  0.0  0.0  0.0  0.0  0.0  0.0  0.0  0.0  0.0  0.0  0.0  0.0
  0.0  0.0  0.0  1.9  0.3  1.9  0.6  0.0  0.0  0.0  0.0  0.0  0.0  0.0  0.0
  0.3  0.6  0.0  0.6  0.0  0.3  0.0  0.0  0.0  0.0  0.0  0.0  1.0  0.0  0.0
  4.8  0.0  0.0  4.8  1.6  0.3  1.9  1.0  0.0  0.0  0.0  0.0  0.0  0.0  0.0
  0.0  0.3  0.0  0.0  0.0  0.0  0.0  9.0  1.6  0.3  5.1 35.1  7.4  4.5 12.6
  1.9  1.9  2.3  4.5  0.3  1.3  0.3 40.2 14.5 15.1  1.9  6.8 12.2  8.4  0.0
     -6.05      4.43     -5.21     -4.15      0.08  0.6  0.0  0.0  0.0  0.0
                                4000_story_0693_llm_free.txt 33.3  4.6 2996
 19.7  5.3  4.0 32.0  7.7  0.7  4.0  1.0 12.3 20.4  0.0  2.7  1.0  5.7  0.3
  0.3  2.7  4.3 11.3  0.3  1.0291.7 92.5 33.0112.8 40.1 12.3  6.0  0.3  2.0
  0.0  1.3 30.4  8.7 14.0 24.4  4.0  2.0  2.3  1.3  2.0  2.0  2.7  2.3  0.0
  7.0  4.0  0.3  3.3  3.0  8.3 20.7  9.3  3.0  2.3 66.1 60.1  0.7161.9  3.7
  2.0  0.0  0.0  0.0  0.0  0.0  0.0  0.0  0.0  0.0  0.0  0.0  0.0  0.0  0.0
  0.0  0.0  0.0  0.7  0.3  4.3  0.7  0.0  0.0  0.0  0.0  0.0  0.3  0.0  0.0
  0.0  1.0  0.0  0.0  0.0  0.3  0.0  0.0  0.0  0.0  0.0  0.0  1.3  1.0  0.0
  6.0  0.0  0.3  6.3  1.0  0.3  1.3  2.3  0.0  0.0  0.0  0.0  0.0  0.0  0.0
  0.3  0.7  0.0  0.0  0.0  0.0  0.0  8.0  0.3  2.7  4.7 25.7  3.3  2.7 12.0
  2.0  3.0  1.7  2.7  0.3  1.0  0.7 37.4 15.0 22.4  2.0  6.3 12.3  7.3  0.0
     -0.31      3.25     -3.21     -3.01      0.66  0.0  0.0  0.0  0.0  0.0
                                4000_story_0696_llm_free.txt 33.5  4.4 3000
 14.7  4.0  5.0 28.3  7.0  0.7  1.3  0.7 13.0 23.0  0.0  1.0  1.7  5.0  0.3
  0.0  1.3  3.0  8.0  1.3  1.7255.3 97.7 26.0124.7 67.7 15.0  8.7  0.0  0.7
  0.3  2.3 17.7  8.0 15.7 38.3  5.3  3.0  2.3  1.7  1.3  2.3  4.3  5.3  0.7
  4.7  5.0  0.7  1.3  4.7  7.3 18.0 10.7  2.7  1.0 62.7 87.7  0.7172.3  5.7
  1.0  0.0  0.0  0.0  0.0  0.0  0.0  0.0  0.0  0.0  0.0  0.0  0.0  0.0  0.0
  0.0  0.0  0.0  1.3  0.0  2.7  0.7  0.0  0.0  0.0  0.0  0.0  0.0  0.0  0.3
  0.0  0.3  1.3  0.0  0.0  0.0  0.0  0.3  0.0  0.3  0.0  0.0  2.0  0.3  0.0
  4.7  0.0  0.0  4.7  2.0  0.3  2.7  2.3  0.0  0.0  0.0  0.0  0.0  0.0  0.0
  0.0  0.0  0.0  0.0  0.0  0.0  0.0  8.7  0.7  0.7  4.3 32.3  7.7  8.0  8.7
  3.0  1.3  1.0  3.3  0.0  0.7  0.0 36.0 13.3 18.0  0.7  7.0 10.7 10.7  0.0
     -3.10      5.87     -5.37     -2.81      1.91  0.0  0.0  0.0  0.0  0.0
                                4000_story_0698_llm_free.txt 34.0  4.4 3473
 16.1  2.3  8.1 37.4 10.7  1.2  2.3  0.6 15.5 21.3  1.2  0.9  0.3  5.2  0.3
  0.0  1.2  1.7  9.5  0.6  1.7276.1 84.9 30.8127.6 58.5 11.8 10.4  0.6  1.7
  0.0  2.9 18.4 10.1 17.9 29.9  5.8  3.2  1.2  1.7  1.4  2.6  2.6  6.9  0.3
  5.8  6.0  0.6  3.2  3.5  6.3 21.0 13.0  1.7  2.3 57.3 84.7  1.2187.2  8.4
  0.9  0.0  0.0  0.0  0.0  0.0  0.0  0.0  0.0  0.0  0.0  0.0  0.0  0.0  0.0
  0.0  0.0  0.0  0.3  0.0  2.0  0.6  0.0  0.0  0.0  0.0  0.0  0.3  0.0  0.0
  0.0  1.4  0.6  0.0  0.0  0.3  0.0  0.0  0.0  0.0  0.3  0.0  2.3  0.6  0.0
  2.9  0.0  0.3  3.2  2.0  0.3  2.3  3.2  0.0  0.0  0.0  0.0  0.0  0.0  0.0
  0.3  0.0  0.0  0.0  0.0  0.0  0.0 16.7  1.4  0.6  5.2 34.6  3.5  9.2 14.1
  0.3  0.9  2.0  6.6  0.0  0.6  0.3 38.6 19.6 20.4  2.0  9.2 15.0  6.9  0.0
     -4.36      5.26     -5.31     -2.97      1.12  0.3  0.0  0.0  0.0  0.0
                                4000_story_0708_llm_free.txt 34.5  4.4 3802
 15.0  7.6 13.4 62.9 20.0  1.6  5.3  1.3 25.0 21.0  1.6  1.1  0.8  6.8  1.1
  0.8  2.4  7.4  8.7  1.1  1.3236.7 71.5 20.0118.1 57.9  7.1 12.9  0.3  0.8
  1.1  0.8 14.7 10.0 10.3 33.7  5.0  6.0  2.4  1.6  3.4  1.1  2.9  7.4  0.8
  2.6  6.0  0.8  2.6  4.7 16.8 18.1 10.8  3.4  2.1 53.1102.8  3.4186.7  5.3
  2.6  0.0  0.0  0.0  0.0  0.0  0.0  0.0  0.0  0.0  0.0  0.0  0.0  0.0  0.0
  0.0  0.0  0.0  3.9  0.5  2.6  1.1  0.0  0.0  0.0  0.0  0.0  0.0  0.0  0.0
  0.0  0.5  0.8  0.0  0.0  0.0  0.0  0.0  0.0  0.0  0.0  0.0  3.4  0.5  0.0
  8.2  0.0  0.0  8.2  1.3  0.0  1.3  3.9  0.0  0.0  0.0  0.0  0.0  0.0  0.0
  0.0  0.5  0.0  0.0  0.0  0.0  0.0 15.3  2.4  1.6  9.2 32.1  2.4  8.2  8.9
  1.6  1.8  0.5  1.6  0.0  1.3  0.0 40.8 18.9 16.6  3.7  7.9 12.6 13.7  0.0
      7.94      4.48     -3.99     -1.63      0.75  0.0  0.0  0.5  0.3  0.0
                                4000_story_0710_llm_free.txt 32.5  4.6 3431
 21.3  7.6  6.4 42.6  6.1  1.5  3.2  1.2  7.9 16.3  0.0  1.7  0.3  6.7  0.9
  0.3  4.1  3.8  7.9  0.9  2.0281.6 82.2 27.7122.1 49.3 10.5 15.2  0.6  1.2
  0.3  1.2 24.2  9.6 15.2 29.1  5.5  2.3  3.2  0.9  1.5  1.2  2.0  6.1  0.6
  5.2  5.0  2.0  3.2  5.0  7.6 16.6 11.9  5.0  2.0 54.2 63.2  1.7180.4  9.3
  0.3  0.0  0.0  0.0  0.0  0.0  0.0  0.0  0.0  0.0  0.0  0.0  0.0  0.0  0.0
  0.0  0.0  0.0  5.5  0.3  3.5  1.2  0.0  0.0  0.0  0.0  0.0  0.0  0.0  0.6
  0.0  0.6  0.3  0.6  0.0  0.3  0.0  0.0  0.0  1.2  0.0  0.0  2.3  0.9  0.0
 10.5  0.0  0.0 10.5  2.0  0.3  3.5  3.2  0.0  0.0  0.0  0.0  0.0  0.0  0.0
  0.0  0.0  0.0  0.0  0.0  0.0  0.0 10.5  3.2  1.5  6.4 26.2  3.8  5.5 14.0
  1.7  1.5  2.3  3.5  0.0  0.6  0.3 29.4 25.9 24.2  0.6  7.6 12.2  9.0  0.0
      3.61      5.30     -4.59     -3.46      0.72  0.6  0.0  0.3  0.3  0.0
                                4000_story_0711_llm_free.txt 35.3  4.6 3453
 18.0  4.1  2.3 41.1  9.0  1.2  3.8  2.0  7.5 19.4  0.3  2.9  0.6  5.5  0.3
  0.3  1.7  4.6  9.0  1.2  2.3268.8 89.5 29.2121.6 49.5 15.3  7.5  0.9  0.6
  0.3  2.0 24.0  8.4 14.8 27.8  6.1  3.2  2.3  1.7  1.2  1.7  2.0  5.8  0.0
  5.5  7.0  0.3  2.9  2.0  9.0 22.6 11.3  2.9  1.7 60.5 66.0  1.4180.1  6.1
  1.2  0.0  0.0  0.0  0.0  0.0  0.0  0.0  0.0  0.0  0.0  0.0  0.0  0.0  0.0
  0.0  0.0  0.0  0.6  0.6  2.0  1.7  0.0  0.0  0.0  0.0  0.0  0.0  0.0  0.9
  0.6  0.9  1.2  0.0  0.0  0.0  0.0  0.3  0.0  0.0  0.0  0.0  2.0  0.0  0.0
  4.9  0.0  0.0  4.9  3.5  0.3  3.8  2.0  0.0  0.0  0.0  0.0  0.0  0.0  0.0
  0.3  0.3  0.3  0.0  0.0  0.0  0.0 15.1  3.8  1.7  9.3 26.9  3.5 15.9 15.9
  0.0  1.2  1.7  2.9  0.0  1.4  0.0 39.1 12.5 21.4  2.9  9.0  9.8 10.4  0.0
     -0.26      4.82     -3.87     -3.06      0.29  0.0  0.0  0.3  0.3  0.0
                                4000_story_0715_llm_free.txt 33.0  4.5 3366
 15.4  6.2  6.5 37.4 12.2  0.9  3.0  2.7 11.0 22.3  0.6  1.2  0.6  5.9  0.9
  0.3  0.9  5.3  7.1  0.6  1.5262.3 80.2 27.9127.7 64.2 12.5  9.5  0.0  0.6
  0.0  0.9 19.0  7.7 13.4 34.8  6.2  2.7  4.8  2.7  1.5  1.2  3.6  4.8  0.6
  5.3  6.2  1.5  2.1  3.9  9.5 18.1 10.7  1.5  0.6 63.6 87.3  0.9183.0  7.1
  0.9  0.0  0.0  0.0  0.0  0.0  0.0  0.0  0.0  0.0  0.0  0.0  0.0  0.0  0.0
  0.0  0.0  0.0  2.7  1.5  3.6  0.9  0.3  0.0  0.0  0.0  0.0  0.0  0.0  0.3
  0.3  2.1  1.5  0.0  0.0  0.0  0.3  0.0  0.0  0.6  0.0  0.3  1.8  1.5  0.0
  8.6  0.3  0.0  8.9  4.2  0.3  5.1  3.6  0.0  0.0  0.0  0.0  0.0  0.0  0.0
  0.0  0.3  0.3  0.0  0.0  0.0  0.0 19.0  2.1  1.8  7.7 35.1  4.2  5.3  5.6
  4.5  1.2  2.1  2.4  0.0  0.9  0.0 39.5 18.7 21.4  1.2  4.2 14.0  9.8  0.0
     -1.11      5.49     -5.19     -2.04      1.50  0.0  0.0  0.0  0.0  0.0
                                4000_story_0719_llm_free.txt 35.5  4.5 3722
 19.3  4.6  6.2 43.3 10.7  1.3  3.5  0.8 14.0 19.1  1.1  0.3  0.5  6.2  0.5
  0.5  1.1  4.8 10.2  0.8  2.4251.7 80.1 25.5120.6 63.1 13.2  9.9  0.3  0.5
  0.5  2.1 22.0  9.9 13.4 30.4  8.6  5.1  1.9  1.1  2.4  0.5  2.4  6.2  0.0
  8.1  8.6  1.3  3.0  4.0 12.4 22.3 14.2  1.9  1.3 57.2 87.9  1.9188.1  5.9
  2.4  0.3  0.0  0.0  0.0  0.0  0.0  0.0  0.0  0.0  0.0  0.0  0.0  0.0  0.0
  0.0  0.0  0.0  1.9  0.8  3.0  0.8  0.3  0.0  0.0  0.0  0.0  0.0  0.0  0.5
  0.3  1.9  0.3  0.0  0.0  0.0  0.0  0.3  0.0  0.0  0.0  0.0  0.8  1.3  0.0
  6.4  0.3  0.0  6.7  3.0  0.3  3.2  2.1  0.0  0.0  0.0  0.0  0.0  0.0  0.0
  0.3  0.3  0.0  0.0  0.0  0.0  0.0 11.8  4.0  1.3  4.3 21.8  6.2 17.2 12.4
  0.0  1.3  0.8  1.9  0.5  1.9  0.3 37.9 15.9 23.1  2.7 10.7 10.2 12.4  0.0
     -0.40      5.42     -4.30     -2.93      1.42  0.3  0.0  0.3  0.0  0.0
                                4000_story_0721_llm_free.txt 35.0  4.5 3439
 19.5  5.2  6.1 36.9 13.7  1.2  3.2  0.9 13.1 20.1  0.9  1.2  0.0  4.7  0.6
  0.0  0.9  3.8  8.7  1.2  0.9274.5 84.6 25.3119.5 71.5 17.2  8.4  0.3  1.7
  0.0  1.7 25.3  8.4 16.6 28.8  5.2  2.0  2.0  1.7  1.2  2.0  1.5  3.2  0.3
  3.8  4.9  2.6  2.6  2.6  7.0 18.3  7.3  2.0  2.0 57.3 98.3  0.6175.6  6.1
  1.2  0.0  0.0  0.0  0.0  0.0  0.0  0.0  0.0  0.0  0.0  0.0  0.0  0.0  0.0
  0.0  0.0  0.0  1.7  1.5  2.9  2.0  0.0  0.0  0.0  0.0  0.0  0.0  0.0  0.3
  0.3  0.9  0.6  0.3  0.0  0.3  0.0  0.0  0.0  0.3  0.0  0.3  3.5  0.3  0.0
  8.1  0.0  0.0  8.1  2.3  0.3  2.9  4.1  0.0  0.0  0.0  0.0  0.0  0.0  0.0
  0.0  0.0  0.0  0.0  0.0  0.0  0.0 19.2  3.5  2.0  4.7 35.5  5.2  7.0 11.9
  2.9  2.0  1.7  2.9  0.0  1.5  0.0 39.0 17.4 22.1  2.3  5.2 11.0  8.7  0.0
     -2.77      6.24     -4.50     -3.30     -0.79  0.0  0.0  0.0  0.0  0.0
                                4000_story_0725_llm_free.txt 37.3  4.5 3329
 13.8  4.8  6.6 45.1 12.9  1.5  3.3  0.9 11.4 23.1  0.6  0.6  0.0  6.0  0.3
  0.3  3.3  5.1  8.1  0.3  1.5278.5 88.6 35.7122.0 53.5 11.1 12.9  0.3  0.3
  0.6  2.4 21.6  7.5 11.7 27.0  5.1  3.9  3.6  3.0  1.2  2.4  2.7  5.1  0.3
  4.5  4.5  0.6  2.1  3.6 10.2 18.6  9.9  3.6  1.2 61.0 77.8  1.5183.2  6.3
  0.6  0.0  0.0  0.0  0.0  0.0  0.0  0.0  0.0  0.0  0.0  0.0  0.0  0.0  0.0
  0.0  0.0  0.0  1.8  0.3  2.4  0.6  0.0  0.0  0.0  0.0  0.0  0.0  0.0  0.3
  0.3  0.9  1.2  0.0  0.0  0.0  0.0  0.0  0.0  0.6  0.0  0.0  1.5  0.3  0.0
  5.1  0.0  0.0  5.1  2.7  0.0  3.3  1.8  0.0  0.0  0.0  0.0  0.0  0.0  0.0
  0.0  0.6  0.0  0.0  0.0  0.0  0.3 16.2  2.7  0.9  6.9 36.0  6.0  9.9 11.1
  0.9  1.5  0.6  2.4  0.0  1.2  0.9 32.4 22.2 20.7  1.2  5.7  9.0  9.3  0.0
      0.29      5.19     -2.89     -1.61      0.52  0.3  0.0  0.0  0.0  0.0
                                4000_story_0726_llm_free.txt 35.3  4.5 3600
 20.0  6.1  6.4 36.4  6.1  0.6  3.9  0.3  9.4 22.2  0.0  1.7  0.0  6.1  1.1
  0.0  1.1  2.5  6.7  1.4  1.4284.7 80.3 26.7127.5 52.2 15.3  8.3  0.0  0.6
  0.3  1.9 23.3  6.9 15.3 33.3  4.4  3.6  2.5  2.5  0.6  1.7  2.5  3.9  0.3
  3.9  5.6  1.1  1.1  4.4  6.7 18.3  8.1  2.5  0.8 55.8 67.8  0.6176.1  7.8
  2.5  0.3  0.0  0.0  0.0  0.0  0.0  0.0  0.0  0.0  0.0  0.0  0.0  0.0  0.0
  0.0  0.0  0.0  3.3  0.8  1.9  0.8  0.0  0.3  0.0  0.0  0.0  0.0  0.0  0.8
  0.0  1.4  0.3  0.0  0.0  0.0  0.0  0.0  0.0  0.0  0.0  0.0  1.9  1.4  0.0
  6.9  0.3  0.0  7.2  2.5  0.0  2.5  3.3  0.0  0.0  0.0  0.0  0.0  0.0  0.0
  0.0  0.3  0.0  0.0  0.0  0.0  0.0 12.2  6.9  0.6  3.9 36.7  4.7  6.9  8.9
  0.6  0.0  1.4  3.1  0.6  1.4  0.0 42.2 15.3 20.3  1.4  7.2 11.1 11.1  0.0
     -2.11      5.27     -4.53     -2.87     -0.01  0.0  0.0  0.0  0.0  0.0
                                4000_story_0727_llm_free.txt 34.3  4.6 3550
 16.1  4.5  6.2 41.7  7.6  0.0  3.1  0.6 10.4 16.6  0.6  1.7  0.0  6.5  0.0
  0.6  0.8  6.2 10.1  1.7  2.0280.6 91.8 34.1120.0 42.8 13.2  8.7  0.3  1.4
  0.8  0.3 29.0  9.3 15.5 24.5  4.5  3.4  4.8  0.8  0.3  2.8  1.4  7.9  0.0
  4.2  5.4  0.6  2.3  4.2  9.9 18.3 12.1  2.5  2.5 61.7 60.8  1.7174.1  8.2
  2.0  0.0  0.0  0.0  0.0  0.0  0.0  0.0  0.0  0.0  0.0  0.0  0.0  0.0  0.0
  0.0  0.0  0.0  1.1  0.8  1.4  1.7  0.0  0.0  0.3  0.0  0.0  0.0  0.3  0.0
  0.3  0.0  0.6  0.3  0.3  0.0  0.0  0.0  0.0  0.0  0.0  0.0  1.1  0.6  0.0
  5.1  0.3  0.3  5.6  1.1  0.3  1.4  1.7  0.0  0.0  0.0  0.0  0.0  0.0  0.0
  0.0  0.6  0.0  0.0  0.0  0.0  0.0  5.6  2.8  0.6  4.8 20.3  3.7  6.8 10.7
  2.5  3.4  2.3  2.3  0.0  1.1  0.8 36.1 18.9 19.7  1.1 11.5 14.9  8.5  0.0
     -3.14      4.29     -3.87     -2.61     -0.19  0.3  0.0  0.0  0.0  0.0
                                4000_story_0728_llm_free.txt 35.5  4.4 2743
 15.7  4.4  1.8 35.4  4.7  0.0  1.1  0.7  8.4 19.7  1.1  0.7  0.4  5.8  1.1
  1.1  1.5  5.5  8.4  0.7  3.3260.7 87.1 31.0114.8 59.1 13.5  8.7  0.0  1.1
  0.0  1.1 16.4  6.9 12.4 29.5  8.7  2.6  1.8  2.6  1.8  2.6  3.6  6.2  0.4
  4.0  6.9  0.7  1.8  4.7  9.8 19.7 10.6  2.2  1.1 72.2 72.2  1.5171.3  6.2
  1.8  0.0  0.0  0.0  0.0  0.0  0.0  0.0  0.0  0.0  0.0  0.0  0.0  0.0  0.0
  0.0  0.0  0.0  1.8  0.7  1.8  1.5  0.0  0.0  0.0  0.0  0.0  0.0  0.0  0.4
  0.0  1.1  1.8  1.1  0.0  0.4  0.0  0.0  0.0  0.4  0.0  0.0  2.6  0.7  0.0
  5.8  0.0  0.0  5.8  4.4  0.4  5.1  3.3  0.0  0.0  0.0  0.0  0.0  0.0  0.0
  0.0  0.4  0.0  0.0  0.0  0.0  0.0 16.8  2.2  4.4  9.1 24.1  4.7  4.4 12.8
  1.8  2.6  1.8  3.3  0.0  0.7  0.0 35.7 15.7 20.8  2.6 10.2 10.2  9.5  0.0
     -2.06      4.89     -4.24     -2.36      1.17  0.4  0.0  0.0  0.4  0.0
                                4000_story_0730_llm_free.txt 35.0  4.2 3089
 15.2  3.9 14.6 55.0 21.7  2.6  4.5  1.3 27.2 15.9  0.6  1.3  0.3  3.9  1.3
  0.0  2.3  3.9 10.4  1.6  1.9231.5 71.9 27.5123.7 83.8 11.7 13.6  0.0  0.0
  0.6  2.6 13.9  8.7 13.9 28.2  7.4  5.2  2.9  1.6  2.9  1.6  4.2  4.9  0.0
  3.9  4.5  1.3  2.6  5.5 12.0 20.4  8.7  3.9  0.6 59.9132.7  1.6191.6  5.8
  1.6  0.0  0.0  0.0  0.0  0.0  0.0  0.0  0.0  0.0  0.0  0.0  0.0  0.0  0.0
  0.0  0.0  0.0  3.2  0.0  1.9  1.3  0.0  0.0  0.0  0.0  0.0  0.0  0.0  0.6
  1.0  1.6  0.6  0.0  0.0  0.0  0.0  0.0  0.0  0.3  0.0  0.0  1.3  1.6  0.0
  6.5  0.0  0.0  6.5  3.9  0.0  4.2  2.9  0.0  0.0  0.0  0.0  0.0  0.0  0.0
  0.6  0.3  0.0  0.0  0.0  0.0  0.0 15.9  0.3  0.6  7.4 33.0  5.2  5.8 11.3
  5.5  2.6  3.2  4.2  0.0  0.6  0.0 43.7 21.7 24.0  1.6  4.9 11.0 10.4  0.0
      4.96      6.83     -4.70     -1.66      0.99  0.3  0.0  0.0  0.0  0.0
                                4000_story_0731_llm_free.txt 37.8  4.6 3228
 15.2  4.0  7.4 50.8 13.3  2.5  4.0  0.9 15.8 15.8  0.6  0.9  0.0  5.3  0.3
  0.3  2.5  5.0  9.0  1.2  1.2266.1 76.2 30.0126.1 58.2 13.9 10.2  0.6  0.9
  0.0  1.9 27.3  5.3 15.2 29.7  5.6  3.4  3.4  3.1  0.9  1.9  2.5  7.7  0.0
  6.5  2.8  1.9  2.5  2.8  9.3 17.7 14.3  3.7  1.5 56.1 87.4  1.5189.0  8.1
  2.5  0.0  0.0  0.0  0.0  0.0  0.0  0.0  0.0  0.0  0.0  0.0  0.0  0.0  0.0
  0.0  0.0  0.0  2.5  0.9  1.9  2.2  0.0  0.0  0.0  0.0  0.0  0.0  0.0  0.6
  0.9  0.0  1.5  0.9  0.0  0.0  0.0  0.0  0.0  0.0  0.3  0.0  2.8  0.3  0.0
  7.4  0.0  0.0  7.4  4.0  0.0  4.0  3.4  0.0  0.0  0.0  0.0  0.0  0.0  0.0
  0.3  0.6  0.0  0.0  0.0  0.0  0.0 18.6  2.8  0.6  7.1 27.0  1.9 13.0  9.3
  2.5  0.9  1.9  2.2  0.3  1.5  0.0 34.7 18.6 22.3  2.5  7.4 13.0 10.5  0.0
      0.42      5.58     -3.27     -2.10      1.19  0.3  0.0  0.0  0.0  0.0
                                4000_story_0733_llm_free.txt 36.5  4.5 3420
 19.0  4.7  5.0 28.9  7.9  0.3  3.5  1.8  8.2 15.5  0.6  0.9  0.6  6.1  0.6
  0.9  0.6  4.7  9.9  1.2  2.0274.0 89.2 36.3123.7 71.9 15.5  7.3  0.0  0.9
  0.0  1.8 27.2  7.6 14.9 29.2  6.7  1.5  2.3  0.9  0.6  1.2  4.1  4.1  0.0
  8.2  4.4  0.9  2.0  2.9  6.7 17.8 12.3  1.8  0.9 62.9 88.0  0.9174.0  4.7
  1.2  0.0  0.0  0.0  0.0  0.0  0.0  0.0  0.0  0.0  0.0  0.0  0.0  0.0  0.0
  0.0  0.0  0.0  2.9  0.6  3.2  0.6  0.0  0.0  0.0  0.0  0.0  0.0  0.0  0.3
  1.2  1.8  0.6  0.3  0.0  0.0  0.0  0.0  0.0  0.3  0.0  0.0  1.5  0.3  0.0
  7.3  0.0  0.0  7.3  4.1  0.0  4.4  1.8  0.0  0.0  0.0  0.0  0.0  0.0  0.0
  0.0  0.6  0.0  0.0  0.0  0.0  0.0 12.6  2.9  1.5 10.8 19.6  7.0  5.8  8.5
  2.0  1.8  1.8  2.6  0.0  2.3  0.0 33.0 19.0 22.8  0.9  7.9 10.5  7.0  0.0
     -3.79      5.87     -4.27     -4.36      2.19  0.3  0.0  0.0  0.0  0.0
                                4000_story_0735_llm_free.txt 37.3  4.6 2806
 16.0  3.2  3.9 24.2  5.7  0.4  3.2  1.8  4.3 18.2  0.7  0.4  0.4  5.0  0.4
  0.4  1.4  2.9  9.6  0.4  1.4279.0 85.2 37.8127.6 50.2  9.3 10.0  0.0  1.4
  0.0  4.3 16.4  7.1 17.1 32.1  6.1  2.1  1.4  2.1  1.8  1.4  3.2  6.4  0.0
  6.4  5.7  0.7  3.2  3.9  6.8 22.1 12.8  1.8  1.4 72.7 60.2  0.4170.0  7.8
  1.1  0.4  0.0  0.0  0.0  0.0  0.0  0.0  0.0  0.0  0.0  0.0  0.0  0.0  0.0
  0.0  0.0  0.0  2.1  0.4  2.1  0.0  0.0  0.4  0.0  0.0  0.0  0.4  0.0  0.7
  0.4  0.4  0.7  0.0  0.0  0.0  0.0  0.0  0.0  0.0  0.0  0.0  0.7  1.1  0.0
  4.6  0.4  0.4  5.3  2.1  0.0  2.1  1.8  0.0  0.0  0.0  0.0  0.0  0.0  0.0
  0.7  1.1  0.0  0.0  0.0  0.0  0.0  9.6  1.4  0.7  5.7 30.3  5.3  7.1  6.8
  1.1  2.9  3.6  2.1  0.0  0.0  0.4 40.6 15.0 14.3  1.8  7.1 10.3 10.3  0.0
     -6.31      4.33     -4.48     -3.25      1.42  0.0  0.0  0.0  0.0  0.0
                                4000_story_0736_llm_free.txt 35.5  4.4 3400
 17.1  2.9  9.4 51.2 17.6  0.9  3.2  1.2 16.8 16.8  1.2  0.3  0.0  4.7  0.6
  0.6  1.2  5.0 11.5  0.9  3.2279.4 86.2 33.5106.8 40.0 11.2 11.8  0.0  0.3
  0.0  1.8 24.4 10.3 17.6 28.2  5.0  5.3  2.6  2.1  0.3  0.3  3.2  4.7  0.0
  3.5  6.2  0.6  2.6  3.5 10.6 21.8  8.2  2.1  0.3 57.6 74.4  2.6169.7  6.2
  1.2  0.0  0.0  0.0  0.0  0.0  0.0  0.0  0.0  0.0  0.0  0.0  0.0  0.0  0.0
  0.0  0.0  0.0  1.5  0.6  1.2  1.2  0.0  0.0  0.0  0.0  0.0  0.0  0.0  0.3
  0.0  2.1  0.9  0.3  0.0  0.0  0.0  0.0  0.0  0.0  0.0  0.0  0.9  0.6  0.0
  4.4  0.0  0.0  4.4  3.5  0.0  3.5  1.5  0.0  0.0  0.0  0.0  0.0  0.0  0.0
  0.6  0.6  0.0  0.0  0.0  0.0  0.0  8.5  1.2  0.9 10.3 42.4  4.1  5.0  8.8
  0.3  2.4  2.9  4.4  0.0  1.5  0.0 38.8 21.5 21.2  1.8  3.8  7.9  5.6  0.0
     -1.72      3.89     -6.27     -3.30      0.25  0.9  0.0  0.0  0.0  0.0
                                4000_story_0737_llm_free.txt 34.3  4.5 3203
 15.0  1.9  4.7 30.6  8.7  0.3  1.2  1.2  6.9 19.0  1.2  0.9  0.9  4.1  0.6
  0.6  1.9  5.0  9.1  1.9  0.3281.9 92.1 25.3123.9 59.9 11.2  7.8  0.0  0.9
  0.0  3.7 21.2 10.3 17.5 29.7  6.6  3.7  1.6  1.9  0.3  2.2  3.1  3.1  0.0
  4.4  5.0  1.2  3.1  5.0  9.1 20.6  7.5  3.7  0.9 57.8 75.6  1.2173.0  7.8
  0.3  0.0  0.0  0.0  0.0  0.0  0.0  0.0  0.0  0.0  0.0  0.0  0.0  0.0  0.0
  0.0  0.0  0.0  1.9  0.3  0.9  0.3  0.3  0.0  0.0  0.0  0.0  0.0  0.0  0.0
  0.6  1.2  0.3  0.0  0.0  0.0  0.3  0.0  0.0  0.6  0.0  0.0  1.2  0.6  0.0
  3.4  0.3  0.0  3.7  2.2  0.3  3.1  1.9  0.0  0.0  0.0  0.0  0.0  0.0  0.0
  0.0  0.3  0.0  0.0  0.0  0.0  0.0  4.1  2.2  0.6  5.6 40.6  4.4  4.7  7.2
  1.9  1.6  1.9  3.1  0.0  0.3  0.0 41.8 12.5 16.2  1.2  5.0 10.0  8.4  0.0
     -3.26      4.62     -5.47     -3.34      0.21  0.3  0.0  0.0  0.0  0.0
                                4000_story_0738_llm_free.txt 34.8  4.5 3883
 16.2  3.3  5.7 43.8  3.6  1.3  2.3  1.5  8.8 18.8  0.3  1.3  0.5  4.1  1.5
  0.5  1.5  4.6 10.0  1.0  0.8289.7 92.5 34.0110.5 47.4 12.4 10.6  0.0  0.5
  0.3  1.3 30.9 10.0 27.0 27.0  5.9  2.1  2.3  1.0  1.3  2.3  3.9  3.9  1.0
  2.8  4.9  0.8  1.5  4.6  8.0 18.5  7.7  2.6  0.8 64.1 59.7  0.8166.6  6.4
  1.0  0.0  0.0  0.0  0.0  0.0  0.0  0.0  0.0  0.0  0.0  0.0  0.0  0.0  0.0
  0.0  0.0  0.0  1.0  0.5  1.3  0.8  0.0  0.0  0.0  0.0  0.0  0.0  0.0  0.0
  0.5  0.3  0.3  0.0  0.0  0.3  0.0  0.8  0.0  0.0  0.0  0.0  1.5  0.8  0.0
  3.6  0.0  0.0  3.6  1.0  1.0  2.1  2.3  0.0  0.0  0.0  0.0  0.0  0.0  0.0
  0.0  0.3  0.0  0.0  0.0  0.0  0.0  8.0  2.3  1.0  8.0 28.1  4.4  6.2 18.5
  1.0  1.3  4.4  1.0  0.8  1.5  0.0 36.3 21.1 19.1  0.5  6.2  9.5  7.0  0.0
     -3.27      4.35     -8.27     -3.36      1.08  0.3  0.3  0.0  0.0  0.0
                                4000_story_0743_llm_free.txt 37.3  4.5 3379
 17.8  5.0  4.4 35.2  5.6  0.6  3.6  0.3 10.7 24.0  0.6  0.6  0.6  5.0  1.2
  1.2  1.5  4.7 10.9  0.6  1.2267.2 83.5 32.8127.0 57.7 10.4  8.6  0.3  0.9
  0.3  1.2 20.7  8.3 17.8 26.3  3.8  2.1  2.1  2.4  0.9  1.2  4.4  5.0  0.6
  3.3  7.4  0.9  2.4  4.4  7.7 22.5  8.9  2.1  1.5 61.0 74.0  1.5172.8  3.6
  1.2  0.0  0.0  0.0  0.0  0.0  0.0  0.0  0.0  0.0  0.0  0.0  0.0  0.0  0.0
  0.0  0.0  0.0  1.8  0.3  3.0  1.2  0.0  0.0  0.0  0.0  0.0  0.0  0.0  0.3
  0.3  1.2  0.6  0.0  0.0  0.0  0.0  0.0  0.0  0.3  0.0  0.3  0.9  0.6  0.0
  6.2  0.0  0.0  6.2  2.4  0.0  2.7  1.8  0.0  0.0  0.0  0.0  0.0  0.0  0.0
  0.0  0.3  0.0  0.0  0.0  0.0  0.0  6.5  2.4  1.8  7.4 28.1  8.3  5.3  9.8
  0.6  3.0  3.8  3.8  0.3  1.2  0.3 41.7 15.7 19.8  1.8  6.8 10.4  9.2  0.0
     -1.37      4.59     -5.35     -3.47      1.42  0.3  0.0  0.0  0.0  0.0
                                4000_story_0744_llm_free.txt 34.8  4.6 3288
 19.5  5.2  4.0 30.7  6.4  0.3  0.9  1.5  8.2 17.6  0.3  1.5  0.0  5.2  0.0
  0.3  1.2  4.0  6.1  0.6  3.6289.5 89.7 31.9129.3 72.1 12.5  9.4  0.0  0.9
  0.3  1.8 29.8  7.0 14.6 29.8  4.6  3.6  0.6  0.3  0.6  2.1  2.1  4.9  0.3
  6.7  6.1  0.9  2.1  3.3  8.2 15.8 11.9  1.8  1.2 59.6 86.7  0.6176.1  7.3
  1.5  0.0  0.0  0.0  0.0  0.0  0.0  0.0  0.0  0.0  0.0  0.0  0.0  0.0  0.0
  0.0  0.0  0.0  1.5  0.6  4.0  0.9  0.0  0.0  0.0  0.0  0.0  0.0  0.0  0.0
  0.3  1.2  0.6  0.6  0.0  0.0  0.0  0.0  0.0  0.3  0.3  0.0  1.8  0.6  0.0
  7.0  0.0  0.0  7.0  2.7  0.0  3.0  2.7  0.0  0.0  0.0  0.0  0.0  0.0  0.0
  0.3  0.6  0.0  0.0  0.0  0.0  0.0 16.1  1.2  0.9  6.4 28.0  7.3  5.8  8.8
  1.5  1.5  2.1  1.8  0.3  0.3  0.3 39.8 12.8 19.8  0.6  7.6 11.3  8.5  0.0
     -5.39      5.87     -3.53     -4.26      0.83  0.0  0.0  0.0  0.0  0.0
                                4000_story_0748_llm_free.txt 33.8  4.5 3336
 15.9  3.0  4.2 55.2 16.2  0.9  2.7  0.6 12.9 18.3  0.6  2.4  0.9  5.4  0.0
  0.3  1.5  6.0  6.6  0.3  0.6258.4 82.7 30.0111.8 62.1 13.8  9.0  0.6  1.5
  0.0  1.8 32.1  9.3 14.4 26.4  7.5  5.4  2.1  1.5  2.4  3.6  2.7  5.4  0.0
  2.1  4.2  1.5  1.8  4.2 13.8 16.5  7.5  1.8  2.1 56.7 91.1  2.7182.0  5.4
  0.6  0.3  0.0  0.0  0.0  0.0  0.0  0.0  0.0  0.0  0.0  0.0  0.0  0.0  0.0
  0.0  0.0  0.0  2.4  0.9  2.1  0.6  0.0  0.3  0.0  0.0  0.0  0.0  0.0  1.2
  0.6  0.9  0.3  1.2  0.0  0.6  0.0  0.0  0.0  0.6  0.0  0.0  3.6  0.3  0.0
  6.0  0.3  0.0  6.3  4.2  0.6  5.4  3.9  0.0  0.0  0.0  0.0  0.0  0.0  0.0
  0.0  0.0  0.0  0.0  0.0  0.0  0.0 13.2  3.3  0.0  7.8 32.7  3.6 10.5 11.4
  3.6  0.6  0.9  3.0  0.0  0.3  0.0 45.6 17.7 17.4  2.1  9.9 12.0 10.2  0.0
     -2.02      5.03     -3.42     -1.38     -0.45  0.0  0.0  0.0  0.0  0.0
                                4000_story_0750_llm_free.txt 36.8  4.4 3675
 13.9  5.4  7.3 49.8 12.0  0.8  3.5  0.8 15.8 22.3  0.3  1.6  0.3  4.1  1.1
  0.0  2.2  6.8 10.9  2.2  0.8241.4 79.2 22.6124.4 74.8 16.1 11.4  0.5  0.8
  0.3  1.1 20.1  9.5 16.9 33.5  5.7  2.7  3.8  1.4  1.4  2.7  2.2  5.7  0.3
  4.9  5.7  1.4  3.3  2.7 10.9 20.7 10.9  4.4  1.6 52.0102.6  2.2189.4  7.6
  1.6  0.0  0.0  0.0  0.0  0.0  0.0  0.0  0.0  0.0  0.0  0.0  0.0  0.0  0.0
  0.0  0.0  0.0  2.2  0.0  3.5  1.6  0.0  0.0  0.0  0.0  0.0  0.0  0.0  0.3
  0.3  0.8  1.6  0.8  0.0  0.0  0.0  0.0  0.0  0.0  0.3  0.3  3.3  1.1  0.0
  7.3  0.0  0.0  7.3  3.8  0.0  3.8  4.9  0.0  0.0  0.0  0.0  0.0  0.0  0.0
  0.0  0.0  0.3  0.0  0.0  0.0  0.0 11.4  3.8  0.8  9.0 21.2  4.4  4.6 24.5
  2.2  1.6  1.6  2.2  0.0  0.5  0.3 35.9 18.0 23.1  1.9  6.5 14.4  9.0  0.0
      3.82      6.89     -5.83     -2.37      0.39  0.3  0.0  0.0  0.0  0.0
                                4000_story_0751_llm_free.txt 39.5  4.5 3266
 17.5  3.4  8.6 46.5 15.0  0.9  4.9  0.9 16.2 12.9  1.2  1.5  1.2  5.2  0.3
  0.3  1.5  3.4 11.9  0.3  2.4258.7 86.3 39.5119.7 58.5 13.5  7.7  0.6  0.9
  0.0  2.1 30.0  6.1 12.9 37.0  6.1  6.1  4.9  3.4  1.5  1.5  2.1  4.3  0.0
  4.3  5.8  0.6  2.4  3.7 11.0 24.8  8.6  1.8  1.5 64.9 89.7  2.1181.0  8.0
  0.9  0.0  0.0  0.0  0.0  0.0  0.0  0.0  0.0  0.0  0.0  0.0  0.0  0.0  0.0
  0.0  0.0  0.0  0.6  0.9  2.4  1.8  0.0  0.0  0.0  0.0  0.0  0.0  0.0  0.0
  0.6  1.2  0.3  0.6  0.0  0.0  0.0  0.0  0.0  0.0  0.0  0.0  4.6  0.9  0.0
  5.8  0.0  0.0  5.8  2.8  0.0  2.8  5.5  0.0  0.0  0.0  0.0  0.0  0.0  0.0
  0.0  0.6  0.0  0.0  0.0  0.0  0.0 12.9  1.8  0.6  5.8 31.2  2.1  6.1  9.2
  4.0  1.8  2.4  3.1  0.3  2.1  0.3 41.0 17.5 21.4  2.4  8.6 16.5 10.1  0.0
     -1.73      4.82     -2.97     -0.69     -0.25  0.3  0.0  0.0  0.0  0.0
                                4000_story_0752_llm_free.txt 34.8  4.3 3844
 21.1  5.7  6.8 56.2 19.0  1.3  5.2  1.8 18.7 20.8  0.5  0.5  0.3  4.9  0.5
  0.3  3.4  7.3  9.1  1.6  1.3237.3 81.4 28.4117.3 70.2 14.8  5.7  0.5  0.5
  1.3  2.1 17.2  9.6 15.6 33.3  5.2  3.6  3.6  1.6  2.3  2.6  3.9  4.7  0.3
  3.6  3.9  0.8  3.6  7.0 13.3 17.2  8.6  4.9  2.3 59.1108.0  3.6185.0  6.8
  1.8  0.0  0.0  0.0  0.0  0.0  0.0  0.0  0.0  0.0  0.0  0.0  0.0  0.0  0.0
  0.0  0.0  0.0  1.8  0.5  3.6  2.1  0.0  0.0  0.0  0.0  0.0  0.0  0.5  0.5
  0.8  1.0  0.8  0.5  0.0  0.0  0.0  0.0  0.0  0.3  0.0  0.0  4.4  2.1  0.0
  8.1  0.0  0.5  8.6  3.6  0.0  3.9  6.5  0.0  0.0  0.0  0.0  0.0  0.0  0.0
  0.0  0.5  0.0  0.0  0.0  0.0  0.3 17.7  2.6  2.1 10.1 27.6  1.6  5.5  9.6
  2.6  1.0  1.6  2.1  0.3  0.5  0.0 39.0 13.8 26.0  1.0  7.0 14.0  9.6  0.0
      6.58      5.16     -4.55     -1.70      0.90  0.0  0.0  0.0  0.0  0.0
                                4000_story_0753_llm_free.txt 34.0  4.5 3304
 11.2  3.3  2.7 43.9  8.2  0.6  4.5  0.3 12.4 19.1  0.6  0.6  0.0  4.5  0.6
  0.3  1.2  2.7  9.7  0.6  2.7275.7 83.8 33.0123.2 46.9  8.8  9.1  0.3  0.0
  0.0  1.2 35.4 10.0 19.1 28.8  7.6  1.5  2.4  2.1  3.0  1.8  1.8  4.2  0.9
  5.4  6.1  0.9  3.3  4.2  7.3 19.7 10.6  1.8  0.3 58.1 67.5  2.4182.2  4.5
  2.1  0.0  0.0  0.0  0.0  0.0  0.0  0.0  0.0  0.0  0.0  0.0  0.0  0.0  0.0
  0.0  0.0  0.0  0.9  1.2  1.5  1.5  0.0  0.0  0.0  0.0  0.0  0.0  0.3  0.0
  0.9  0.6  1.2  0.6  0.0  0.3  0.0  0.0  0.0  0.3  0.3  0.0  3.3  1.5  0.0
  5.1  0.0  0.3  5.4  3.3  0.3  3.9  5.1  0.0  0.0  0.0  0.0  0.0  0.0  0.0
  0.0  0.3  0.0  0.0  0.0  0.0  0.0  6.1  2.7  0.3  8.8 28.1  3.9  3.9 27.2
  1.8  2.1  1.5  5.1  0.3  0.0  0.0 37.8 15.1 13.0  2.4  7.9 13.3  9.4  0.0
     -4.93      3.78     -6.04     -2.33      0.61  0.0  0.0  0.0  0.0  0.0
                                4000_story_0754_llm_free.txt 35.5  4.4 2795
 13.6  2.1  3.9 32.9  7.5  0.4  3.2  1.1  8.2 23.3  1.8  1.4  0.0  6.4  1.1
  0.4  1.4  3.6  6.8  0.4  1.1268.7 88.0 31.1127.7 64.8 14.3 11.8  0.4  0.4
  0.0  2.1 15.0  6.8 15.0 25.4  5.7  2.9  1.4  0.4  2.1  2.1  2.9  3.6  0.4
  6.4  7.2  2.1  2.1  5.4  8.6 17.9 10.4  1.8  0.7 62.6 80.5  0.7179.2  7.5
  0.4  0.0  0.0  0.0  0.0  0.0  0.0  0.0  0.0  0.0  0.0  0.0  0.0  0.0  0.0
  0.0  0.0  0.0  0.7  1.1  2.9  0.7  0.0  0.0  0.4  0.0  0.0  0.0  0.0  0.0
  0.4  1.1  0.4  0.7  0.4  0.0  0.0  0.0  0.0  0.0  0.0  0.0  2.1  0.4  0.0
  5.4  0.4  0.0  5.7  2.5  0.4  2.9  2.5  0.0  0.0  0.0  0.0  0.0  0.0  0.0
  0.0  0.4  0.0  0.0  0.0  0.0  0.0 12.2  1.8  0.7  8.6 32.6  2.9  3.9 13.6
  1.8  1.1  1.4  5.0  0.0  0.4  0.0 39.4 21.1 18.6  2.1  7.9 11.1  6.1  0.0
     -3.39      6.29     -4.60     -3.42      1.06  0.0  0.0  0.0  0.0  0.0
                                4000_story_0755_llm_free.txt 37.5  4.5 3464
 20.5  5.5  4.9 40.4 11.3  0.6  3.2  0.9 15.9 13.6  0.3  1.4  0.3  4.6  0.9
  0.0  1.7  6.9  8.4  2.3  1.7261.8 76.5 32.6131.9 82.9 13.9 10.4  0.0  0.9
  0.0  1.7 22.5  6.6 14.4 32.3  4.0  2.3  2.0  1.7  1.2  2.3  2.9  3.2  0.3
  4.3  5.2  0.9  2.0  4.0 10.4 18.5  7.8  4.0  0.9 62.1110.0  1.7181.0  5.2
  0.9  0.0  0.0  0.0  0.0  0.0  0.0  0.0  0.0  0.0  0.0  0.0  0.0  0.0  0.0
  0.0  0.0  0.0  2.9  0.6  2.6  0.6  0.0  0.0  0.0  0.0  0.0  0.0  0.0  0.6
  0.3  1.2  0.6  0.0  0.0  0.3  0.0  0.0  0.3  0.3  0.0  0.0  2.0  0.3  0.0
  6.6  0.0  0.0  6.6  2.6  0.6  3.5  2.3  0.0  0.0  0.0  0.0  0.0  0.0  0.0
  0.0  0.0  0.0  0.0  0.0  0.0  0.0 20.8  1.2  3.2  9.2 29.7  5.5  7.2  6.9
  1.7  2.6  2.3  4.3  0.0  1.4  0.0 39.3 18.2 24.8  2.0  8.7 17.3  8.7  0.0
      0.70      6.88     -4.37     -3.14      0.28  0.0  0.0  0.0  0.0  0.0
                                4000_story_0757_llm_free.txt 36.3  4.4 3129
 21.7  6.1  5.4 31.6 10.9  0.3  2.2  0.6 15.3 19.8  0.3  1.0  1.0  4.2  0.6
  0.3  1.0  4.5  8.3  1.3  3.8261.4 89.8 32.6124.3 70.0 16.9  8.3  0.0  0.0
  0.3  1.0 16.0 10.2 17.9 27.8  5.1  1.9  1.6  1.0  0.6  1.9  1.9  3.8  0.3
  2.9  8.6  1.9  3.2  3.2  7.0 19.8  7.0  2.2  0.3 60.4 96.2  1.6171.6  5.8
  1.3  0.3  0.0  0.0  0.0  0.0  0.0  0.0  0.0  0.0  0.0  0.0  0.0  0.0  0.0
  0.0  0.0  0.0  3.2  0.0  3.8  1.0  0.0  0.3  0.0  0.0  0.0  0.0  0.0  0.3
  0.0  1.0  0.0  0.3  0.0  0.0  0.0  0.0  0.0  0.3  0.0  0.0  1.9  0.6  0.0
  8.0  0.3  0.0  8.3  1.6  0.0  1.9  2.6  0.0  0.0  0.0  0.0  0.0  0.0  0.0
  0.0  0.0  0.0  0.0  0.0  0.0  0.0 14.4  1.9  2.2  8.6 33.9  6.7  9.6  9.3
  1.0  1.3  2.9  3.5  0.0  0.6  0.0 34.5 16.9 24.0  1.6  8.9 16.0  8.6  0.0
     -1.68      6.27     -7.04     -4.13     -0.67  0.0  0.0  0.0  0.0  0.0
                                4000_story_0758_llm_free.txt 34.5  4.5 3063
 18.9  4.9  6.2 46.4  8.8  1.0  2.6  0.7 10.8 16.7  0.3  1.3  0.0  6.2  0.7
  0.7  1.3  6.2  8.2  1.6  1.3263.1 82.9 32.0115.2 64.0 15.3 10.8  0.7  0.7
  0.7  1.6 17.6 14.0 15.0 26.8  4.6  6.2  2.0  2.3  1.3  1.6  2.0  4.9  0.0
  6.2  5.2  2.0  3.6  2.3 13.7 18.6 11.1  2.9  2.0 64.0 83.6  0.3177.3  4.2
  1.0  0.0  0.0  0.0  0.0  0.0  0.0  0.0  0.0  0.0  0.0  0.0  0.0  0.0  0.0
  0.0  0.0  0.0  2.3  0.3  4.6  0.0  0.0  0.0  0.0  0.0  0.0  0.0  0.0  0.3
  0.0  1.0  1.6  0.0  0.0  0.0  0.0  0.0  0.0  0.3  0.0  0.3  2.6  1.0  0.0
  7.2  0.0  0.0  7.2  2.9  0.0  3.3  3.9  0.0  0.0  0.0  0.0  0.0  0.0  0.0
  0.0  0.7  0.0  0.0  0.0  0.0  0.0 13.7  1.0  2.0  5.2 41.1  3.6 13.1 11.8
  2.6  2.0  1.6  2.3  0.7  1.0  0.0 38.5 15.3 20.9  2.9  8.8  9.1  8.2  0.0
     -0.84      5.85     -5.84     -2.18      0.34  0.7  0.0  0.0  0.0  0.0
                                4000_story_0759_llm_free.txt 32.0  4.5 3435
 14.6  4.7  3.5 39.0 12.5  0.3  2.3  1.2 15.1 16.0  0.6  1.2  0.6  4.1  0.6
  0.0  1.2  6.7  7.3  0.6  1.7273.7 85.9 24.2115.9 54.7 14.0  9.0  0.3  0.6
  0.0  2.6 23.6  9.9 14.0 33.2  7.6  2.0  3.2  1.2  0.3  2.0  3.5  5.2  0.3
  4.4  6.1  0.9  2.0  4.1  9.0 18.3  9.9  1.7  0.9 62.6 82.4  0.9168.9  5.2
  1.2  0.3  0.0  0.0  0.0  0.0  0.0  0.0  0.0  0.0  0.0  0.0  0.0  0.0  0.0
  0.0  0.0  0.0  2.0  0.3  2.3  0.9  0.0  0.3  0.0  0.0  0.0  0.0  0.3  0.9
  0.3  0.9  0.6  0.3  0.3  0.0  0.0  0.0  0.0  0.3  0.3  0.3  4.1  1.5  0.0
  5.5  0.3  0.3  6.1  2.9  0.3  3.5  6.1  0.0  0.0  0.0  0.0  0.0  0.0  0.0
  0.3  0.6  0.0  0.0  0.0  0.0  0.0 19.5  4.1  1.2  6.4 19.5  9.3  5.2  7.9
  1.2  2.0  0.3  3.2  0.0  0.9  0.0 31.7 19.8 20.4  0.3  6.1 13.1  7.9  0.0
     -3.72      4.87     -4.78     -3.60      0.98  0.6  0.0  0.0  0.0  0.0
                                4000_story_0760_llm_free.txt 37.8  4.6 3333
 10.8  2.4  4.5 21.6  3.6  0.6  1.2  0.9  5.4 21.3  0.3  0.3  0.9  6.0  0.6
  0.9  0.9  3.3  9.6  0.6  1.8288.9 94.8 34.5129.3 45.3 13.2  7.8  0.0  0.6
  0.0  2.1 25.8  6.9 15.3 32.4  3.9  0.9  1.2  1.2  0.9  0.9  1.8  3.9  0.6
  3.3  3.6  0.0  1.5  2.4  5.1 16.8  7.8  1.5  0.6 69.3 54.3  0.3166.8  5.1
  1.2  0.0  0.0  0.0  0.0  0.0  0.0  0.0  0.0  0.0  0.0  0.0  0.0  0.0  0.0
  0.0  0.0  0.0  1.5  0.0  1.2  0.0  0.0  0.0  0.0  0.0  0.0  0.0  0.0  0.0
  0.0  0.6  0.9  0.0  0.0  0.3  0.0  0.0  0.0  0.0  0.3  0.0  0.9  0.3  0.0
  2.7  0.0  0.0  2.7  1.5  0.3  1.8  1.5  0.0  0.0  0.0  0.0  0.0  0.0  0.0
  0.3  0.9  0.0  0.0  0.0  0.0  0.0  5.1  1.8  0.9  8.1 34.5  4.2  4.5 13.5
  2.4  1.8  2.4  3.9  0.0  1.2  0.6 35.4 14.4 12.0  1.5  8.1 10.8  9.0  0.0
     -7.26      4.52     -4.47     -4.67     -0.38  0.9  0.0  0.0  0.0  0.0
                                4000_story_0761_llm_free.txt 37.0  4.5 3278
 14.6  4.3  2.7 32.6  7.9  0.3  1.5  0.9 10.4 22.6  0.6  0.0  0.9  5.8  0.3
  0.3  0.6  5.2  9.5  0.6  2.1270.3 88.8 27.8121.4 50.3 13.4  6.7  0.3  0.9
  0.0  2.4 24.4  9.5 12.8 29.0  4.0  2.7  3.1  0.9  0.3  1.2  3.4  4.6  0.9
  5.8  5.5  1.2  2.1  6.4  8.2 18.3 11.3  1.2  1.2 69.6 68.6  1.2172.1  7.9
  3.1  0.0  0.0  0.0  0.0  0.0  0.0  0.0  0.0  0.0  0.0  0.0  0.0  0.0  0.0
  0.0  0.0  0.0  1.2  0.3  2.7  1.2  0.0  0.0  0.0  0.0  0.0  0.0  0.0  0.9
  0.0  0.0  0.3  0.3  0.0  0.0  0.0  0.0  0.0  0.0  0.0  0.0  2.4  0.0  0.0
  5.5  0.0  0.0  5.5  1.5  0.0  1.5  2.4  0.0  0.0  0.0  0.0  0.0  0.0  0.0
  0.0  0.0  0.0  0.0  0.0  0.0  0.0 10.7  2.4  1.5  8.8 21.0  8.2  7.9 14.6
  3.1  1.2  4.0  2.4  0.0  1.2  0.3 40.6 13.7 15.9  1.5 10.1 10.1  7.9  0.0
     -4.63      4.33     -3.91     -3.92      1.74  0.0  0.0  0.0  0.0  0.0
                                4000_story_0762_llm_free.txt 34.0  4.4 3719
 18.0  4.3  9.9 46.5 12.9  0.8  4.8  1.9 14.3 26.6  0.3  1.9  0.5  3.8  0.8
  0.3  1.6  4.8  9.9  1.3  0.5248.7 80.4 39.5124.2 61.3 19.4 11.0  0.0  1.1
  0.5  1.3 18.3  5.4 15.3 29.3  8.3  3.8  1.3  0.8  1.6  1.6  3.2  4.8  0.3
  3.8  3.5  1.9  2.7  4.3 10.2 17.5  8.9  3.0  1.6 69.9 88.5  1.9186.9  4.3
  1.1  0.0  0.0  0.0  0.0  0.0  0.0  0.0  0.0  0.0  0.0  0.0  0.0  0.0  0.0
  0.0  0.0  0.0  1.1  1.1  2.7  1.6  0.0  0.0  0.0  0.0  0.0  0.0  0.0  0.3
  0.0  1.9  1.9  0.5  0.0  0.0  0.0  0.0  0.0  0.5  0.3  0.0  2.7  0.3  0.0
  6.5  0.0  0.0  6.5  4.6  0.0  5.1  3.2  0.0  0.0  0.0  0.0  0.0  0.0  0.0
  0.3  0.8  0.0  0.0  0.3  0.0  0.0 17.7  1.9  4.0  6.7 34.1  4.8 12.9  6.7
  0.5  1.6  1.6  5.6  0.0  0.5  0.0 36.0 18.0 22.6  1.3  8.6 14.8 10.8  0.0
      1.25      6.85     -3.94     -3.49      0.54  0.3  0.0  0.0  0.0  0.0
                                4000_story_0764_llm_free.txt 37.5  4.4 3519
 15.1  4.5 11.7 44.3 11.9  0.6  3.1  0.0 12.5 17.3  0.3  0.6  0.6  3.7  0.3
  1.4  2.0  4.8  8.2  0.9  2.0267.4 89.8 31.8119.4 66.8 12.2  9.9  0.9  0.9
  0.0  1.4 20.7  7.4 10.5 34.4  5.1  2.3  1.1  1.1  1.7  2.8  2.6  5.4  0.6
  5.4  5.4  1.4  2.3  4.5  8.8 16.8 11.4  2.8  1.7 63.9 91.2  2.0177.9  5.4
  1.4  0.6  0.0  0.0  0.0  0.0  0.0  0.0  0.0  0.0  0.0  0.0  0.0  0.0  0.0
  0.0  0.0  0.0  2.0  0.0  2.6  0.6  0.3  0.3  0.0  0.0  0.0  0.0  0.0  0.0
  0.0  1.4  0.9  0.3  0.0  0.3  0.0  0.0  0.0  0.0  0.0  0.0  3.4  1.1  0.0
  5.1  0.6  0.0  5.7  2.6  0.3  2.8  4.5  0.0  0.0  0.0  0.0  0.0  0.0  0.0
  0.3  0.9  0.0  0.0  0.0  0.0  0.0 16.2  2.8  1.1  7.4 33.0  3.7 13.4 15.1
  1.4  2.0  1.7  3.1  0.0  1.1  0.3 37.2 14.2 17.6  3.7  8.0  9.1  7.1  0.0
     -2.27      5.36     -3.29     -3.23      0.97  0.3  0.0  0.3  0.0  0.0
                                4000_story_0766_llm_free.txt 37.3  4.5 3366
 13.7  2.7  4.2 38.6  9.2  0.6  1.5  1.2  9.2 18.7  1.8  0.6  0.3  3.0  0.0
  0.9  0.9  4.2 10.4  0.9  2.1291.1105.2 30.6114.7 59.7 10.7  8.6  0.0  0.3
  0.0  1.2 21.1  6.2 14.6 30.0  4.2  1.8  2.1  2.7  1.5  1.2  4.2  6.2  0.9
  4.8  8.0  0.6  2.7  4.2  7.4 22.9 11.9  1.8  0.3 60.3 78.1  2.7169.3  5.1
  2.1  0.0  0.0  0.0  0.0  0.0  0.0  0.0  0.0  0.0  0.0  0.0  0.0  0.0  0.0
  0.0  0.0  0.0  0.6  0.6  1.5  0.9  0.0  0.0  0.0  0.0  0.0  0.0  0.0  0.3
  0.3  0.6  0.6  0.0  0.0  0.0  0.0  0.0  0.0  0.3  0.0  0.0  1.5  0.3  0.0
  3.6  0.0  0.0  3.6  1.8  0.0  2.1  1.8  0.0  0.0  0.0  0.0  0.0  0.0  0.0
  0.0  0.6  0.0  0.0  0.0  0.0  0.0 11.6  3.0  0.9  8.3 36.8  3.9  2.7 18.7
  2.1  0.9  0.3  2.7  0.0  0.0  0.0 30.9 15.2 13.7  0.6 10.1  9.2  5.6  0.0
     -7.31      4.35     -4.74     -3.11      2.14  1.2  0.0  0.0  0.0  0.0
                                4000_story_0767_llm_free.txt 35.3  4.4 3110
 16.4  8.4  5.8 42.4  8.7  1.9  1.9  0.6 13.8 28.6  1.3  0.6  0.0  5.1  1.0
  0.6  1.3  1.9  8.4  1.6  1.9268.5 89.7 33.1116.4 60.5 14.5  8.7  0.0  0.3
  0.3  1.9 23.2  9.6 12.9 30.2  4.2  2.6  2.6  0.6  1.9  2.9  1.3  4.2  0.0
  3.5  5.8  1.0  2.3  2.9  6.4 17.4  7.7  2.9  0.6 61.7 83.0  3.2170.7  6.1
  1.9  0.0  0.0  0.0  0.0  0.0  0.0  0.0  0.0  0.0  0.0  0.0  0.0  0.0  0.0
  0.0  0.0  0.0  4.2  1.0  3.2  0.6  0.3  0.0  0.0  0.0  0.0  0.0  0.0  0.3
  0.0  0.0  1.0  0.0  0.0  0.0  0.3  0.0  0.0  0.0  0.0  0.0  2.3  0.3  0.0
  9.0  0.3  0.0  9.3  1.3  0.3  1.6  2.6  0.0  0.0  0.0  0.0  0.0  0.0  0.0
  0.0  0.3  0.0  0.0  0.0  0.0  0.0  7.4  1.9  4.5  6.4 34.7  6.1  8.7 14.1
  1.0  1.9  1.6  2.6  0.0  0.6  0.3 35.7 17.0 20.9  2.6  7.4 12.5  7.1  0.0
     -0.23      5.18     -4.51     -2.79     -1.05  0.0  0.0  0.0  0.0  0.0
                                4000_story_0768_llm_free.txt 34.5  4.4 3242
 18.2  5.2  9.3 45.0 15.1  0.6  3.4  0.9 28.7 19.4  0.3  0.9  0.3  4.6  0.9
  0.9  0.9  5.2  8.6  3.1  1.5250.8 83.0 22.5123.4 58.9 16.3  8.6  0.0  0.3
  0.0  2.2 21.3  5.2 13.6 33.0  5.6  3.7  2.2  2.2  1.9  1.5  1.5  2.8  0.0
  3.7  4.3  0.6  1.9  4.6 10.8 18.2  6.5  4.0  0.3 52.7102.7  1.9182.6  4.9
  1.5  0.0  0.0  0.0  0.0  0.0  0.0  0.0  0.0  0.0  0.0  0.0  0.0  0.0  0.0
  0.0  0.0  0.0  1.9  0.9  2.2  1.2  0.0  0.0  0.0  0.0  0.0  0.0  0.0  0.9
  0.3  1.5  0.6  0.0  0.0  0.3  0.0  0.3  0.0  0.0  0.0  0.0  2.5  1.2  0.0
  6.2  0.0  0.0  6.2  3.4  0.6  4.0  3.7  0.0  0.0  0.0  0.0  0.0  0.0  0.0
  0.0  0.3  0.0  0.0  0.0  0.0  0.0 14.8  0.9  0.9  5.9 35.8  3.4  6.8  8.3
  0.9  2.2  4.0  4.6  0.0  0.3  0.0 37.3 16.7 22.5  1.2  5.9 12.6  9.3  0.0
      2.31      5.69     -3.96     -2.55     -1.05  0.0  0.0  0.0  0.0  0.0
                                4000_story_0769_llm_free.txt 38.0  4.4 3307
 13.6  3.9  8.5 45.4 12.1  1.8  2.7  1.2 22.1 14.5  1.2  1.5  0.0  5.7  1.2
  0.0  1.2  6.4  8.2  0.6  2.4258.5 81.6 31.8126.4 64.4 13.6 14.8  0.3  0.3
  0.6  1.8 20.9  8.8 12.1 26.6  5.1  3.3  4.8  3.0  1.8  1.5  3.6  6.4  0.0
  5.7  6.4  0.3  2.1  3.9 11.5 20.9 12.1  1.8  1.2 61.1 98.6  1.8186.3  6.4
  1.5  0.0  0.0  0.0  0.0  0.0  0.0  0.0  0.0  0.0  0.0  0.0  0.0  0.0  0.0
  0.0  0.0  0.0  1.2  0.3  2.1  1.8  0.0  0.0  0.0  0.0  0.0  0.0  0.0  0.6
  0.9  0.6  0.0  0.3  0.0  0.0  0.0  0.0  0.0  0.0  0.0  0.0  2.1  1.5  0.0
  5.4  0.0  0.0  5.4  2.4  0.0  2.4  3.6  0.0  0.0  0.0  0.0  0.0  0.0  0.0
  0.0  0.6  0.0  0.0  0.0  0.0  0.3 11.8  1.5  3.0 10.6 28.7  3.3 10.3 10.6
  2.7  1.2  1.2  3.3  0.6  0.6  0.0 38.7 24.8 18.7  3.0  9.7 13.0  8.2  0.0
     -0.94      6.65     -3.60     -1.41      1.46  0.3  0.0  0.0  0.0  0.0
                                4000_story_0774_llm_free.txt 37.5  4.5 3784
 18.0  3.2  1.6 37.3  7.1  0.3  1.1  0.8  7.7 15.9  0.5  1.3  0.0  5.5  0.0
  0.3  1.6  2.6 10.8  1.1  2.1290.2 88.5 37.8118.4 55.8 12.2  9.2  0.3  0.5
  0.0  2.1 25.6  7.1 14.5 27.5  3.7  2.4  1.6  1.8  2.1  1.3  1.1  5.8  1.1
  4.8  4.0  0.5  2.1  3.4  7.1 20.1 11.6  2.6  0.8 66.9 70.6  2.4171.2  7.9
  2.6  0.0  0.0  0.0  0.0  0.0  0.0  0.0  0.0  0.0  0.0  0.0  0.0  0.0  0.0
  0.0  0.0  0.0  1.3  0.0  2.4  0.5  0.0  0.0  0.0  0.0  0.0  0.0  0.0  0.5
  0.3  1.1  0.5  0.0  0.0  0.0  0.0  0.0  0.0  0.0  0.0  0.0  2.1  0.3  0.0
  4.2  0.0  0.0  4.2  2.4  0.0  2.4  2.4  0.0  0.0  0.0  0.0  0.0  0.0  0.0
  0.0  1.1  0.0  0.0  0.0  0.0  0.0 11.1  1.6  1.6  7.1 31.7  3.7  3.4 15.9
  2.4  1.3  2.4  5.0  0.3  1.1  0.3 29.3 19.6 19.0  2.1  8.7 14.5  5.5  0.0
     -5.20      4.70     -3.92     -3.15      0.26  0.3  0.0  0.0  0.0  0.0
                                4000_story_0775_llm_free.txt 35.8  4.5 3099
 16.5  4.5  7.1 47.1  6.5  1.0  1.9  1.6  9.0 20.3  1.3  1.0  0.6  3.2  0.6
  0.0  2.3  4.8  8.7  1.3  1.9288.8 84.9 38.4112.0 48.4 12.6  7.1  0.6  1.3
  0.3  1.3 30.7  8.1 13.6 36.8  3.5  2.9  1.3  1.3  1.6  2.9  2.9  7.7  0.3
  5.8  4.5  0.6  2.9  2.9  9.4 16.8 13.9  3.5  2.3 65.5 63.9  0.6175.9  6.8
  1.9  0.0  0.0  0.0  0.0  0.0  0.0  0.0  0.0  0.0  0.0  0.0  0.0  0.0  0.0
  0.0  0.0  0.0  1.3  0.3  2.6  1.6  0.0  0.0  0.0  0.0  0.0  0.0  0.0  0.0
  0.3  1.3  0.0  0.6  0.0  0.0  0.3  0.3  0.0  0.3  0.0  0.0  3.5  0.6  0.0
  5.8  0.0  0.0  5.8  2.3  0.6  3.2  4.2  0.0  0.0  0.0  0.0  0.0  0.0  0.0
  0.0  0.6  0.0  0.0  0.3  0.0  0.0  4.2  1.6  2.3 11.6 28.4  1.9  4.2 15.2
  3.9  1.0  3.2  3.5  0.0  1.6  0.3 29.4 13.9 18.4  1.9  8.1 13.2  6.8  0.0
     -2.32      3.84     -3.48     -2.98      1.48  0.3  0.0  0.0  0.0  0.0
                                4000_story_0776_llm_free.txt 34.0  4.5 3323
 15.0  3.3  5.1 40.9  9.9  0.9  3.0  0.9 14.1 12.9  0.6  0.6  0.3  4.5  0.3
  0.6  0.9  3.6  8.4  1.5  1.5276.6 87.6 32.2133.0 63.8 11.4 10.8  0.3  0.6
  0.0  2.7 27.4  6.9 16.6 31.9  4.5  2.4  3.6  0.9  1.5  1.5  3.3  3.9  0.0
  5.4  3.9  0.6  1.8  2.4  7.5 16.6  9.3  2.4  0.9 61.1 87.9  2.4189.3  7.2
  2.1  0.0  0.0  0.0  0.0  0.0  0.0  0.0  0.0  0.0  0.0  0.0  0.0  0.0  0.0
  0.0  0.0  0.0  1.5  0.3  1.5  1.2  0.0  0.0  0.0  0.0  0.0  0.0  0.0  0.0
  0.0  1.5  0.9  0.6  0.0  0.0  0.0  0.0  0.0  0.0  0.0  0.0  1.8  0.3  0.0
  4.5  0.0  0.0  4.5  3.0  0.0  3.0  2.1  0.0  0.0  0.0  0.0  0.0  0.0  0.0
  0.0  0.9  0.0  0.0  0.0  0.0  0.0 13.5  1.8  0.6  6.6 34.0  2.4  3.6 21.4
  0.3  0.6  0.9  3.0  0.3  0.3  0.3 39.7 19.6 20.2  1.5  7.5 13.2 10.2  0.0
     -5.40      5.69     -4.30     -3.14      0.78  0.3  0.0  0.0  0.0  0.0
                                4000_story_0777_llm_free.txt 36.5  4.4 2954
 14.2  2.7  6.4 41.3  7.4  0.7  2.7  0.7  8.1 27.4  0.7  0.7  0.0  4.1  0.7
  0.7  0.7  4.1 10.5  1.4  0.7266.1 78.9 30.5121.9 53.5 14.2  8.8  0.3  0.7
  0.3  2.0 16.6 10.8 14.6 32.5  4.4  3.4  2.4  2.0  2.7  1.7  4.1  5.1  0.0
  4.7  6.4  1.0  2.4  5.8 10.2 21.7  9.8  2.0  1.4 64.0 69.1  0.0174.0  3.7
  1.4  0.0  0.0  0.0  0.0  0.0  0.0  0.0  0.0  0.0  0.0  0.0  0.0  0.0  0.0
  0.0  0.0  0.0  1.4  0.3  2.0  1.0  0.0  0.0  0.0  0.0  0.0  0.0  0.0  0.3
  0.0  2.0  0.3  0.3  0.0  0.0  0.0  0.0  0.0  0.0  0.0  0.0  2.0  1.7  0.0
  4.7  0.0  0.0  4.7  3.0  0.0  3.0  3.7  0.0  0.0  0.0  0.0  0.0  0.0  0.0
  0.0  0.7  0.0  0.0  0.0  0.0  0.0 14.6  2.7  0.7  8.5 38.6  5.8  5.8 13.5
  1.4  1.7  1.0  4.4  0.0  1.4  0.0 33.9 14.2 17.3  1.4  7.8  9.8 10.2  0.0
     -3.33      5.02     -5.50     -2.14      1.21  1.0  0.0  0.3  0.0  0.0
                                4000_story_0778_llm_free.txt 36.0  4.5 3457
 20.8  4.9  6.7 43.4 13.9  0.9  2.9  0.3 11.6 23.1  0.3  1.2  0.6  6.4  0.3
  0.9  2.3  3.8  6.9  2.0  1.7272.5 80.7 37.9122.4 57.6 12.7  9.8  0.0  0.3
  0.6  0.6 21.1  6.9 11.6 28.6  7.8  2.9  2.9  1.4  2.0  1.2  2.3  4.3  0.0
  4.3  4.3  2.3  2.0  3.8  8.7 14.5  8.7  4.3  0.9 64.5 83.0  2.9182.2  4.3
  1.2  0.0  0.0  0.0  0.0  0.0  0.0  0.0  0.0  0.0  0.0  0.0  0.0  0.0  0.0
  0.0  0.0  0.0  2.3  1.7  2.0  2.0  0.0  0.0  0.0  0.0  0.0  0.0  0.0  1.2
  0.3  1.7  0.9  0.3  0.0  0.0  0.0  0.0  0.0  0.6  0.0  0.0  0.9  0.3  0.0
  8.1  0.0  0.0  8.1  4.3  0.0  4.9  1.2  0.0  0.0  0.0  0.0  0.0  0.0  0.0
  0.0  1.2  0.0  0.0  0.0  0.0  0.0 12.7  2.3  4.3  7.5 28.9  4.3 14.2 13.3
  1.2  0.9  1.7  4.9  0.3  1.7  0.3 38.5 18.5 23.4  2.6  8.1  9.0  9.0  0.0
      1.43      5.12     -3.69     -2.90     -0.12  0.9  0.0  0.0  0.0  0.0
                                4000_story_0779_llm_free.txt 35.8  4.4 3591
 16.4  5.3  5.6 35.9 13.9  0.3  3.9  0.8 22.8 16.2  0.0  1.4  0.6  4.5  0.6
  0.3  0.8  3.3  7.5  0.0  3.6257.6 81.9 27.6132.0 61.8 17.8 12.5  0.3  1.1
  0.3  1.9 20.9  8.1 11.1 32.6  6.4  3.1  2.5  0.8  2.8  1.9  4.5  5.6  0.3
  3.3  7.2  1.1  2.8  5.6  9.2 18.9  9.2  0.8  1.7 51.2 98.6  0.8180.2  6.1
  0.6  0.0  0.0  0.0  0.0  0.0  0.0  0.0  0.0  0.0  0.0  0.0  0.0  0.0  0.0
  0.0  0.0  0.0  3.1  0.0  1.9  2.2  0.0  0.0  0.0  0.0  0.0  0.0  0.0  0.3
  0.6  1.4  0.8  0.6  0.0  0.3  0.0  0.0  0.0  0.0  0.0  0.0  2.5  1.4  0.0
  7.2  0.0  0.0  7.2  3.6  0.3  3.9  3.9  0.0  0.0  0.0  0.0  0.0  0.0  0.0
  0.0  0.3  0.0  0.0  0.0  0.0  0.0 17.0  4.2  1.4  8.1 27.0  9.5  3.3  5.3
  0.6  1.9  4.2  1.4  0.8  0.3  0.0 33.4 22.0 27.3  3.1  8.1 10.3  5.8  0.0
     -3.12      7.11     -3.31     -2.58      1.29  0.0  0.0  0.0  0.0  0.0
                                4000_story_0783_llm_free.txt 36.5  4.6 3440
 20.6  4.7  3.2 34.9  5.5  0.6  1.7  0.9 10.2 16.0  0.0  0.9  0.6  3.8  0.9
  0.3  1.2  2.9  6.1  1.5  0.9290.1 85.8 36.0121.5 56.7 11.3  7.8  0.3  1.7
  0.0  1.5 24.1  7.8 15.7 27.6  5.5  3.2  2.3  2.3  1.2  2.9  2.0  4.1  0.3
  2.9  6.7  0.9  2.6  5.2  7.3 17.4  7.3  2.6  2.0 71.8 72.4  2.0170.9  5.2
  0.6  0.0  0.0  0.0  0.0  0.0  0.0  0.0  0.0  0.0  0.0  0.0  0.0  0.0  0.0
  0.0  0.0  0.0  1.7  0.6  2.6  0.3  0.0  0.0  0.0  0.0  0.0  0.0  0.0  0.3
  0.0  1.2  0.0  0.0  0.0  0.0  0.0  0.0  0.0  0.3  0.0  0.0  2.9  0.6  0.0
  5.2  0.0  0.0  5.2  1.5  0.0  1.7  3.5  0.0  0.0  0.0  0.0  0.0  0.0  0.0
  0.0  0.6  0.0  0.0  0.0  0.0  0.0 13.7  3.8  1.2  6.1 21.8  8.1  2.9 19.8
  2.0  2.3  0.6  4.4  0.0  0.9  0.0 34.9 13.4 20.6  1.7  8.1 10.5 11.9  0.0
     -6.25      4.42     -4.20     -2.32     -0.58  0.0  0.0  0.0  0.0  0.0
                                4000_story_0794_llm_free.txt 35.5  4.3 3335
 11.4  4.8  6.6 40.8  7.2  0.9  1.5  0.6  9.3 24.6  0.6  0.6  0.3  3.3  0.6
  0.9  1.5  2.1  6.6  0.3  2.7278.0 88.8 25.5115.4 52.5 15.6  7.5  0.0  0.9
  0.0  2.7 20.7  8.1 14.7 32.7  5.7  3.9  2.7  1.2  1.8  0.9  3.6  4.8  0.0
  3.9  5.1  0.3  3.0  1.8  7.8 16.2  8.7  1.8  0.9 57.0 69.0  2.4172.7  7.2
  0.9  0.0  0.0  0.0  0.0  0.0  0.0  0.0  0.0  0.0  0.0  0.0  0.0  0.0  0.0
  0.0  0.0  0.0  1.8  0.6  1.8  1.2  0.0  0.0  0.0  0.0  0.0  0.0  0.0  0.0
  0.0  0.6  1.2  0.3  0.0  0.0  0.0  0.0  0.0  0.3  0.3  0.0  1.5  0.9  0.0
  5.4  0.0  0.0  5.4  2.1  0.0  2.4  2.7  0.0  0.0  0.0  0.0  0.0  0.0  0.0
  0.0  0.3  0.0  0.0  0.0  0.0  0.0 11.4  1.8  0.9  9.6 30.9  6.3  5.7  6.0
  0.6  1.5  2.4  3.6  0.6  0.0  0.0 39.6 16.5 15.6  1.5  7.2 10.5  8.7  0.0
     -4.61      4.79     -4.63     -3.04      0.61  0.6  0.3  0.0  0.0  0.0
                                4000_story_0798_llm_free.txt 35.0  4.7 3086
 15.2  3.2  7.5 35.0  7.5  0.6  1.0  1.0  7.5 15.2  0.6  0.6  0.0  6.5  0.6
  0.3  1.0  3.2  8.1  0.6  3.2291.6 87.5 41.2116.0 43.7 13.0 11.0  0.0  0.3
  0.3  2.6 23.7  8.7 16.9 26.6  4.9  2.3  3.9  1.3  1.6  1.0  2.3  5.5  0.0
  4.9  6.2  2.3  2.9  3.9  7.1 18.8 10.4  1.6  0.6 76.5 58.7  0.6169.2  8.4
  1.6  0.0  0.0  0.0  0.0  0.0  0.0  0.0  0.0  0.0  0.0  0.0  0.0  0.0  0.0
  0.0  0.0  0.0  1.9  0.6  2.6  0.6  0.0  0.0  0.0  0.0  0.0  0.0  0.0  1.0
  0.0  1.0  0.6  0.0  0.0  0.0  0.0  0.0  0.0  0.3  0.0  0.0  1.0  1.3  0.0
  5.8  0.0  0.0  5.8  2.6  0.0  2.9  2.3  0.0  0.0  0.0  0.0  0.0  0.0  0.0
  0.0  0.6  0.0  0.0  0.0  0.0  0.0  8.7  2.6  1.6  8.7 28.2  6.2  4.5 15.6
  0.3  1.0  2.6  4.5  0.0  1.0  0.3 38.2 18.5 17.2  1.3  6.8 11.7  7.1  0.0
     -6.68      4.57     -4.93     -3.06      0.19  0.6  0.0  0.0  0.0  0.0
                                4000_story_0801_llm_free.txt 34.3  4.7 3908
 17.7  4.1  4.9 51.7 10.2  1.3  3.8  0.3 12.5 16.1  0.3  1.0  0.3  4.9  0.3
  0.3  2.0  5.1  9.0  0.8  0.5271.5 80.9 36.3112.3 62.4 11.8 10.5  0.3  0.8
  0.5  1.5 33.5  9.5 13.6 33.8  4.1  2.6  2.3  0.8  1.8  2.8  4.1  7.2  0.5
  9.0  4.4  0.8  2.0  4.6  9.5 16.6 16.6  2.8  1.5 66.0 85.2  2.3183.0  7.4
  1.3  0.0  0.0  0.0  0.0  0.0  0.0  0.0  0.0  0.0  0.0  0.0  0.0  0.0  0.0
  0.0  0.0  0.0  1.3  0.3  2.6  1.0  0.0  0.0  0.0  0.0  0.0  0.0  0.0  0.5
  0.3  0.3  0.8  0.5  0.0  0.0  0.0  0.0  0.0  0.0  0.0  0.0  2.0  1.3  0.0
  5.1  0.0  0.0  5.1  2.3  0.0  2.3  3.3  0.0  0.0  0.0  0.0  0.0  0.0  0.0
  0.3  0.3  0.0  0.0  0.0  0.0  0.0  9.2  4.1  2.6  4.4 26.9  3.3 11.8  9.7
  3.1  1.3  1.8  3.3  0.0  1.3  0.8 33.5 15.4 19.7  2.0  9.0 10.2 10.0  0.0
     -2.95      4.95     -3.74     -2.93      3.30  0.8  0.3  0.3  0.0  0.0
                                4000_story_0804_llm_free.txt 34.5  4.5 3125
 15.7  3.2  3.2 31.4  3.5  0.0  1.6  1.0  3.8 21.4  0.0  0.6  0.3  4.8  1.3
  0.3  0.6  3.2 13.4  0.6  3.5279.0 90.2 31.4112.6 52.8 12.8  4.8  0.3  0.6
  0.3  1.3 25.3  7.4 10.6 35.5  7.4  0.3  2.2  0.6  0.6  1.3  3.8  1.9  0.6
  6.1  2.9  1.6  3.5  4.2  4.2 18.9  8.6  1.3  1.3 66.2 60.2  1.0159.4  3.2
  1.3  0.0  0.0  0.0  0.0  0.0  0.0  0.0  0.0  0.0  0.0  0.0  0.0  0.0  0.0
  0.0  0.0  0.0  2.6  0.6  2.6  0.6  0.0  0.0  0.0  0.0  0.0  0.0  0.3  1.0
  0.3  2.2  1.0  0.0  0.0  0.0  0.0  0.0  0.0  0.0  0.0  0.0  1.6  0.0  0.0
  6.4  0.0  0.3  6.7  4.5  0.0  4.5  1.6  0.0  0.0  0.0  0.0  0.0  0.0  0.0
  0.3  1.0  0.0  0.0  0.0  0.0  0.0 10.6  4.2  4.8  7.4 26.9  6.4  5.4  8.3
  3.8  1.0  1.3  1.9  0.6  1.9  0.0 28.8 10.9 23.0  1.9 10.6 12.5  5.8  0.0
     -5.00      3.67     -3.22     -4.70      1.52  0.6  0.0  0.0  0.0  0.0
                                4000_story_0806_llm_free.txt 34.0  4.6 3392
 12.7  3.5  2.9 41.3  3.5  0.3  1.2  1.5  7.4 18.9  0.6  0.0  0.3  5.3  0.6
  0.6  1.8  7.7 12.7  1.2  1.2285.7 88.7 36.6113.2 40.1 11.2  9.4  0.3  0.9
  0.0  1.5 28.9  6.8 12.7 30.1  4.7  4.1  3.8  2.1  1.8  2.1  2.4 11.2  1.2
  6.2  5.0  1.8  2.9  6.2 13.6 21.2 18.6  2.9  1.2 66.6 51.0  2.1170.4  5.6
  1.8  0.0  0.0  0.0  0.0  0.0  0.0  0.0  0.0  0.0  0.0  0.0  0.0  0.0  0.0
  0.0  0.0  0.0  2.4  0.6  1.5  0.6  0.0  0.0  0.0  0.0  0.0  0.0  0.0  0.3
  0.3  0.9  0.3  0.0  0.0  0.3  0.0  0.0  0.0  0.3  0.0  0.0  1.8  0.9  0.0
  5.0  0.0  0.0  5.0  1.8  0.3  2.4  2.7  0.0  0.0  0.0  0.0  0.0  0.0  0.0
  0.0  0.6  0.0  0.0  0.0  0.0  0.0  3.8  1.8  1.5  6.8 38.0  4.1  4.4 10.9
  1.2  0.6  3.2  1.2  0.0  0.9  0.0 35.4 15.9 13.6  1.5  7.1 12.1  9.4  0.0
     -3.41      3.68     -3.23     -1.78      2.45  0.0  0.0  0.0  0.0  0.0
                                4000_story_0813_llm_free.txt 35.3  4.5 3601
 14.4  3.1  4.4 35.3  7.8  1.7  1.1  0.0 10.6 20.3  0.8  1.1  0.0  6.9  0.0
  0.0  1.7  2.8 10.8  1.1  1.9287.1 87.8 31.4118.9 43.9 10.8 11.7  0.0  1.1
  0.3  1.7 23.0  6.9 14.4 30.5  4.2  3.6  2.8  1.1  1.7  1.1  2.5  5.0  0.6
  4.7  3.1  0.3  2.2  3.9  8.1 17.8 10.3  2.8  1.4 61.4 62.2  0.6168.8  6.4
  0.8  0.0  0.0  0.0  0.0  0.0  0.0  0.0  0.0  0.0  0.0  0.0  0.0  0.0  0.0
  0.0  0.0  0.0  0.8  0.3  1.1  1.7  0.0  0.0  0.0  0.0  0.0  0.0  0.0  0.0
  0.3  0.3  0.3  0.6  0.0  0.0  0.0  0.0  0.0  0.0  0.0  0.0  1.7  0.3  0.0
  3.9  0.0  0.0  3.9  1.4  0.0  1.4  1.9  0.0  0.0  0.0  0.0  0.0  0.0  0.0
  0.0  0.6  0.0  0.0  0.0  0.0  0.3  6.9  3.3  0.8  8.3 32.5  6.7  8.3 17.5
  0.0  2.8  3.6  3.6  0.0  0.3  0.0 35.3 18.6 18.9  1.7  6.7 13.3  9.7  0.0
     -3.32      4.37     -3.97     -3.11      0.64  0.0  0.0  0.0  0.0  0.0
                                4000_story_0817_llm_free.txt 37.0  4.5 3831
 15.1  3.1  7.0 36.8 10.2  1.0  2.3  0.5  8.6 14.9  0.5  0.3  0.0  6.0  0.0
  0.5  1.8  2.3  7.6  0.5  2.3277.7 90.1 28.7118.8 48.3 11.0  7.6  0.0  0.5
  0.0  2.3 24.5  9.1 18.0 26.6  6.3  3.7  3.1  1.3  0.8  0.5  2.9  3.7  0.3
  6.3  4.2  2.1  0.8  3.7  6.8 15.7 10.2  2.3  0.5 66.6 67.1  0.5171.8  6.8
  0.8  0.0  0.0  0.0  0.0  0.0  0.0  0.0  0.0  0.0  0.0  0.0  0.0  0.0  0.0
  0.0  0.0  0.0  1.6  0.3  2.3  1.0  0.0  0.0  0.0  0.0  0.0  0.0  0.0  0.3
  0.0  0.5  1.0  1.0  0.0  0.3  0.0  0.0  0.0  0.0  0.0  0.0  1.0  0.5  0.0
  5.2  0.0  0.0  5.2  2.9  0.3  3.1  1.6  0.0  0.0  0.0  0.0  0.0  0.0  0.0
  0.0  0.3  0.0  0.0  0.0  0.0  0.0  8.1  2.6  1.0  5.7 26.6  5.7  4.4 15.7
  0.8  1.8  0.3  3.9  0.0  0.0  0.3 34.5 14.4 16.2  1.8  9.1 14.1  8.6  0.0
     -5.11      3.84     -5.61     -3.55      0.94  0.3  0.0  0.0  0.0  0.0
                                4000_story_0825_llm_free.txt 34.5  4.4 3038
 16.8  4.3  4.9 45.8  9.5  1.6  3.6  0.3  9.2 18.8  1.0  1.0  0.3  5.6  0.7
  0.3  2.0  3.0  6.6  1.0  1.0274.9 91.5 33.2117.5 53.7 13.5 10.9  0.0  2.0
  0.0  2.3 20.4  8.2 14.5 26.7  4.9  3.9  2.6  1.3  2.0  1.0  3.6  4.9  0.7
  4.9  4.6  1.0  3.3  3.0  8.9 15.8 10.5  3.0  2.0 59.6 72.4  1.6179.4  6.6
  2.3  0.0  0.0  0.0  0.0  0.0  0.0  0.0  0.0  0.0  0.0  0.0  0.0  0.0  0.0
  0.0  0.0  0.0  2.0  0.7  1.6  1.6  0.0  0.0  0.0  0.0  0.0  0.0  0.0  0.3
  0.0  1.0  1.0  0.3  0.0  0.0  0.0  0.0  0.0  0.0  0.0  0.3  3.0  0.7  0.0
  5.9  0.0  0.0  5.9  2.6  0.0  2.6  3.9  0.0  0.0  0.0  0.0  0.0  0.0  0.0
  0.7  0.7  0.0  0.0  0.0  0.0  0.0  7.6  2.0  2.3  6.3 39.5  2.3  3.9 18.1
  3.9  0.7  1.3  3.0  0.0  0.0  0.3 33.2 19.1 20.1  1.3 11.5 14.5  9.5  0.0
     -2.52      5.13     -3.89     -2.88      1.48  0.7  0.0  0.0  0.0  0.0
                                4000_story_0831_llm_free.txt 33.0  4.5 2951
 12.9  4.4  2.7 31.9  7.1  0.3  1.7  0.7 13.6 18.6  0.0  1.0  0.0  5.8  1.0
  0.0  1.0  2.7  9.8  0.7  2.0281.3 77.9 24.7132.5 54.2 12.2 11.9  0.0  1.0
  0.0  1.0 24.7 10.5 11.9 30.8  9.1  2.7  1.7  1.4  0.7  2.4  3.7  6.4  0.3
  5.4  5.4  1.0  3.4  4.7  6.1 18.6 12.2  1.7  1.0 54.6 74.9  0.7182.3  5.4
  1.0  0.0  0.0  0.0  0.0  0.0  0.0  0.0  0.0  0.0  0.0  0.0  0.0  0.0  0.0
  0.0  0.0  0.0  1.7  0.0  2.4  1.4  0.0  0.0  0.0  0.0  0.0  0.0  0.0  0.0
  0.0  2.0  0.7  0.3  0.0  0.7  0.0  0.0  0.0  0.0  0.0  0.0  2.4  1.0  0.0
  5.4  0.0  0.0  5.4  3.0  0.7  3.7  3.4  0.0  0.0  0.0  0.0  0.0  0.0  0.0
  0.3  0.7  0.0  0.0  0.0  0.0  0.0 16.6  0.7  3.4  8.1 25.4  8.1  3.7  8.1
  1.0  2.0  2.7  2.4  0.0  0.7  0.0 37.3 18.3 19.0  1.4  7.1 15.6 11.9  0.0
     -4.48      5.58     -4.67     -3.53      1.69  0.3  0.0  0.0  0.0  0.0
                                4000_story_0833_llm_free.txt 34.5  4.5 4099
 16.6  5.4  8.3 45.1 11.5  0.0  2.4  0.2 13.2 16.8  0.7  0.7  0.2  5.4  0.7
  0.0  1.2  3.7  8.5  1.2  1.7286.9 89.5 28.1122.7 45.1 10.0 11.0  0.5  1.2
  0.0  2.7 25.1  8.3 15.1 24.2  4.4  2.2  3.4  2.2  2.2  0.5  2.2  5.6  0.5
  5.1  4.1  0.7  4.1  5.1  8.1 18.3 11.2  2.4  1.7 58.8 69.8  1.7182.7  6.6
  1.5  0.0  0.0  0.0  0.0  0.0  0.0  0.0  0.0  0.0  0.0  0.0  0.0  0.0  0.0
  0.0  0.0  0.0  2.2  0.7  1.5  1.7  0.0  0.0  0.0  0.0  0.0  0.0  0.0  0.0
  0.0  1.0  0.0  0.2  0.0  0.2  0.0  0.0  0.0  1.0  0.0  0.0  1.0  0.7  0.0
  6.1  0.0  0.0  6.1  1.2  0.2  2.4  1.7  0.0  0.0  0.0  0.0  0.0  0.0  0.0
  0.2  0.2  0.2  0.0  0.0  0.0  0.0  9.5  1.7  1.2  8.5 33.9  4.4  5.1 15.1
 11.7  0.2  1.7  1.5  0.2  0.7  0.5 35.9 19.3 20.5  3.2  8.8 12.7  9.8  0.0
     -3.65      4.27     -3.58     -2.74      0.62  0.0  0.5  0.0  0.0  0.0
                                4000_story_0838_llm_free.txt 37.3  4.5 3384
 15.4  5.0  3.5 33.7  3.5  0.3  1.5  0.0  8.9 25.1  1.5  1.5  0.0  5.3  0.0
  0.3  1.2  1.8 11.2  1.8  0.9291.4 93.7 39.0123.5 60.6 11.2  9.8  0.0  0.0
  0.3  1.2 21.0  5.6 15.1 23.6  3.0  3.5  4.7  1.2  2.7  0.6  2.1  5.3  0.6
  6.2  4.1  1.5  1.5  3.5  8.0 19.2 12.1  3.0  0.3 62.9 73.0  0.3174.6  5.3
  1.2  0.0  0.0  0.0  0.0  0.0  0.0  0.0  0.0  0.0  0.0  0.0  0.0  0.0  0.0
  0.0  0.0  0.0  2.4  0.9  1.8  0.9  0.0  0.0  0.0  0.0  0.0  0.0  0.0  0.0
  0.0  1.2  0.3  0.0  0.0  0.3  0.0  0.0  0.0  0.0  0.3  0.3  0.9  1.2  0.0
  5.9  0.0  0.0  5.9  1.5  0.3  1.8  2.7  0.0  0.0  0.0  0.0  0.0  0.0  0.0
  0.0  0.6  0.0  0.0  0.0  0.0  0.0 10.0  1.8  1.2  4.7 40.5  2.1  5.3 17.4
  1.2  0.9  1.8  3.5  0.3  0.6  0.0 35.5 17.1 18.3  2.7  9.8  9.2  8.0  0.0
     -4.77      4.99     -4.24     -2.20      0.93  0.6  0.3  0.0  0.0  0.0
                                4000_story_0839_llm_free.txt 36.3  4.5 2924
 17.4  4.8  6.8 38.0  5.1  0.3  2.1  0.0 10.6 22.9  0.0  1.0  0.7  5.5  1.0
  0.3  2.1  2.1  9.9  1.7  0.7263.3 83.8 28.7124.1 64.0 13.7 10.9  0.3  1.0
  0.3  3.1 18.8  6.5 16.4 29.8  5.5  2.4  2.4  0.7  1.4  1.7  3.4  6.2  0.3
  4.8  4.1  0.3  4.4  4.4  5.8 18.8 11.3  3.8  1.7 68.4 79.7  1.4176.5  6.2
  3.1  0.0  0.0  0.0  0.0  0.0  0.0  0.0  0.0  0.0  0.0  0.0  0.0  0.0  0.0
  0.0  0.0  0.0  3.4  0.3  1.0  0.7  0.0  0.0  0.0  0.0  0.0  0.0  0.0  0.3
  0.0  1.4  0.0  0.7  0.0  0.0  0.0  0.0  0.0  0.0  0.0  0.0  1.0  0.7  0.0
  5.5  0.0  0.0  5.5  2.4  0.0  2.4  1.7  0.0  0.0  0.0  0.0  0.0  0.0  0.0
  0.3  0.0  0.0  0.0  0.0  0.0  0.0 22.2  2.4  4.8  7.2 26.7  3.4  6.8 10.6
  0.3  1.7  0.7  3.1  0.0  0.7  0.3 37.3 18.1 19.8  2.7  7.2 12.3  7.5  0.0
     -0.64      5.86     -3.93     -3.62      1.25  0.3  0.0  0.0  0.0  0.0
                                4000_story_0842_llm_free.txt 38.5  4.5 4001
 13.7  2.7  6.7 43.5 14.5  1.2  5.0  1.7 18.0 17.7  1.0  2.0  0.0  4.2  0.5
  1.0  2.2  6.5  6.5  0.2  1.7256.4 75.5 39.0117.0 55.7 15.2  8.0  0.2  0.7
  0.0  1.7 23.7 10.0 10.0 32.5  8.7  5.0  4.2  1.7  3.0  1.2  3.7  5.5  0.5
  4.5  3.2  2.0  2.2  4.2 14.5 15.2 10.5  2.5  1.0 66.7 88.2  2.5182.0  9.0
  0.2  0.0  0.0  0.0  0.0  0.0  0.0  0.0  0.0  0.0  0.0  0.0  0.0  0.0  0.0
  0.0  0.0  0.0  1.5  0.7  1.7  1.5  0.2  0.0  0.0  0.0  0.0  0.0  0.2  0.2
  0.5  2.0  1.5  0.5  0.0  0.0  0.0  0.0  0.0  0.0  0.0  0.0  3.2  0.7  0.0
  5.5  0.2  0.2  6.0  4.7  0.0  4.7  4.0  0.0  0.0  0.0  0.0  0.0  0.0  0.0
  0.0  0.5  0.0  0.0  0.0  0.0  0.0 10.7  3.7  0.7  7.7 34.7  3.5 10.2  9.5
  1.7  2.2  2.0  1.5  0.5  0.5  0.2 40.2 16.5 20.0  1.2  6.5 13.5 10.5  0.0
     -0.62      5.01     -3.85     -1.32      1.39  0.2  0.0  0.2  0.0  0.0
                                4000_story_0852_llm_free.txt 33.3  4.5 3602
 15.5  2.2  4.7 32.2  8.3  0.3  1.9  1.7  8.1 20.5  0.6  1.4  0.0  3.9  0.3
  0.0  0.3  1.7  6.9  0.8  1.1298.4 89.7 27.8129.7 44.4 13.0 10.5  0.0  0.8
  0.0  2.5 32.8  5.8 12.8 23.9  5.3  2.5  1.7  0.6  1.1  1.1  1.4  4.4  0.3
  5.8  3.9  1.4  0.8  2.5  5.3 15.3 10.5  1.1  0.8 56.6 60.8  1.1178.5  8.9
  0.8  0.0  0.0  0.0  0.0  0.0  0.0  0.0  0.0  0.0  0.0  0.0  0.0  0.0  0.0
  0.0  0.0  0.0  1.7  0.6  1.1  0.8  0.0  0.0  0.0  0.0  0.0  0.0  0.3  0.0
  0.6  0.6  2.2  0.0  0.0  0.3  0.0  0.0  0.0  0.3  0.3  0.0  1.9  0.8  0.0
  4.2  0.0  0.3  4.4  3.3  0.3  3.9  3.1  0.0  0.0  0.0  0.0  0.0  0.0  0.0
  0.3  0.3  0.0  0.0  0.0  0.0  0.0  8.3  1.4  0.3  7.8 31.9  2.8  7.8 18.9
  9.2  1.4  3.9  1.9  0.0  0.8  0.6 38.6 15.3 20.0  2.2  6.4 11.9  9.7  0.0
     -8.87      4.97     -2.19     -4.25      0.01  0.0  0.0  0.6  0.0  0.0
                                4000_story_0853_llm_free.txt 39.3  4.5 3171
 22.7  6.3  5.7 33.1  7.9  0.3  1.6  1.6 15.1 18.0  0.3  0.9  0.3  6.3  0.0
  0.3  0.9  4.7 10.1  0.0  2.2286.0 81.0 29.6125.5 62.4 11.0 10.4  0.0  1.6
  0.3  1.6 19.9  8.8 15.5 30.3  4.4  4.7  1.3  1.6  1.6  1.9  3.5  4.1  0.3
  4.4  5.4  1.3  1.9  3.5 11.0 19.6  8.8  0.9  1.9 56.4 85.5  1.9175.7  7.3
  0.9  0.3  0.0  0.0  0.0  0.0  0.0  0.0  0.0  0.0  0.0  0.0  0.0  0.0  0.0
  0.0  0.0  0.0  3.5  1.3  3.2  0.3  0.3  0.0  0.0  0.0  0.0  0.0  0.0  0.6
  0.6  0.6  0.3  0.0  0.0  0.0  0.0  0.0  0.0  0.0  0.0  0.0  1.3  0.0  0.0
  8.2  0.3  0.0  8.5  2.2  0.0  2.2  1.3  0.0  0.0  0.0  0.0  0.0  0.0  0.0
  0.0  1.3  0.0  0.0  0.0  0.0  0.0 11.0  0.6  1.3  7.3 26.5  7.6  7.3 10.4
  2.5  2.2  1.3  3.2  0.0  1.3  0.0 35.0 17.7 27.4  1.3  7.9 11.7  8.5  0.0
     -3.52      5.23     -4.78     -2.85      0.83  0.3  0.0  0.0  0.0  0.0
                                4000_story_0854_llm_free.txt 37.8  4.5 4019
 17.9  3.5  4.2 38.8  8.2  1.0  2.7  0.5 13.9 21.6  1.2  2.0  0.2  7.0  0.2
  0.7  1.7  3.5 10.2  0.5  1.7265.7 84.3 27.4132.9 58.0 10.7  8.0  0.5  0.7
  0.0  1.7 24.9 10.7 16.2 28.6  4.5  3.7  2.7  2.2  2.0  1.5  2.0  4.5  0.5
  4.5  4.0  0.7  3.5  4.0  9.2 20.2  9.5  2.2  1.2 61.7 80.1  2.0185.1  5.2
  1.2  0.0  0.0  0.0  0.0  0.0  0.0  0.0  0.0  0.0  0.0  0.0  0.0  0.0  0.0
  0.0  0.0  0.0  0.5  0.7  2.7  0.7  0.0  0.0  0.0  0.0  0.0  0.0  0.0  0.7
  0.2  0.5  0.5  0.5  0.0  0.0  0.0  0.0  0.0  0.2  0.2  0.2  2.2  0.5  0.0
  4.7  0.0  0.0  4.7  2.5  0.0  2.7  3.2  0.0  0.0  0.0  0.0  0.0  0.0  0.0
  0.0  0.7  0.0  0.0  0.0  0.0  0.0 10.5  2.0  1.2  6.0 28.1  8.0  5.7  7.2
  0.5  2.2  1.5  2.2  0.2  0.0  0.0 42.1 16.2 20.9  2.0 10.0 11.9  9.2  0.0
     -0.54      4.75     -5.43     -2.27      0.12  0.5  0.0  0.0  0.0  0.0
                                4000_story_0858_llm_free.txt 38.0  4.5 3421
 17.5  4.1  3.5 48.5 10.2  0.9  3.5  0.3 15.5 15.8  0.6  1.5  0.3  7.6  0.6
  0.6  1.2  5.3  8.2  0.9  1.2271.3 77.2 26.6112.2 60.2 12.9 11.7  0.6  0.9
  0.0  0.6 20.5  6.7  9.1 35.4  6.4  5.8  2.3  1.2  3.2  1.5  2.9  3.8  1.2
  4.1  5.3  1.2  3.5  5.3 14.3 16.7  9.1  2.0  1.5 61.1 85.9  2.3178.9  5.6
  1.2  0.0  0.0  0.0  0.0  0.0  0.0  0.0  0.0  0.0  0.0  0.0  0.0  0.0  0.0
  0.0  0.0  0.0  1.8  0.9  2.3  1.2  0.0  0.0  0.0  0.0  0.0  0.0  0.0  0.9
  0.6  2.3  0.6  0.0  0.0  0.0  0.0  0.0  0.0  0.6  0.6  0.0  1.8  0.6  0.0
  6.1  0.0  0.0  6.1  4.4  0.0  5.0  2.9  0.0  0.0  0.0  0.0  0.0  0.0  0.0
  0.3  0.9  0.3  0.0  0.3  0.0  0.0  9.9  2.6  4.4  9.4 28.9  5.6 11.4 10.8
  1.5  1.2  0.9  1.8  0.3  0.6  0.6 41.5 18.7 21.3  2.6  9.1  8.8  6.7  0.0
     -1.19      5.28     -3.20     -1.81      1.00  0.6  0.0  0.0  0.0  0.0
                                4000_story_0872_llm_free.txt 36.8  4.6 2822
 14.5  3.5  3.5 41.1  5.7  0.4  1.4  0.4  9.9 15.2  0.0  1.4  0.4  3.9  0.0
  0.0  0.4  5.3 12.4  1.4  1.1302.3 84.3 36.9111.3 56.7  9.9 12.4  0.7  0.4
  0.0  1.8 23.0  6.0 21.3 29.8  5.3  1.1  1.4  0.4  0.7  1.8  2.8  2.5  0.0
  6.0  5.7  0.4  3.5  2.5  7.1 21.6  8.5  1.8  1.1 61.7 72.3  0.7175.1  9.2
  1.1  0.0  0.0  0.0  0.0  0.0  0.0  0.0  0.0  0.0  0.0  0.0  0.0  0.0  0.0
  0.0  0.0  0.0  1.4  0.4  1.4  0.0  0.0  0.0  0.0  0.0  0.0  0.0  0.0  0.0
  0.0  1.1  0.7  0.0  0.0  0.4  0.0  0.0  0.0  0.0  0.0  0.0  2.1  0.4  0.0
  3.2  0.0  0.0  3.2  1.8  0.4  2.1  2.5  0.0  0.0  0.0  0.0  0.0  0.0  0.0
  0.0  0.4  0.0  0.0  0.0  0.0  0.0 11.0  2.1  1.1  7.4 31.2  4.6  4.6 22.0
  1.1  0.7  3.5  3.2  0.0  0.7  0.0 36.1 18.4 14.5  1.1  7.8 10.6  7.8  0.0
     -7.38      4.66     -5.84     -4.69      0.46  0.4  0.0  0.0  0.0  0.0
                                4000_story_0879_llm_free.txt 35.0  4.6 3489
  9.7  2.6  3.7 39.0  4.0  0.6  2.0  0.3  8.3 18.3  1.1  0.3  0.0  3.4  0.0
  0.3  0.9  3.2  9.7  0.3  3.4285.2 93.7 34.1126.1 55.3 11.5 12.3  0.0  0.3
  0.3  1.4 28.4  8.3 17.2 27.2  4.9  5.7  2.0  2.6  1.4  1.1  1.7  5.7  1.1
  6.9  6.0  0.0  2.6  3.7 10.3 20.1 13.8  1.1  0.6 67.6 67.6  1.4185.4  6.6
  0.3  0.0  0.0  0.0  0.0  0.0  0.0  0.0  0.0  0.0  0.0  0.0  0.0  0.0  0.0
  0.0  0.0  0.0  1.4  0.3  0.3  1.4  0.0  0.0  0.0  0.0  0.0  0.0  0.0  0.0
  0.0  0.6  0.6  0.9  0.0  0.3  0.0  0.0  0.0  0.0  0.0  0.0  0.6  0.3  0.0
  3.4  0.0  0.0  3.4  2.0  0.3  2.3  0.9  0.0  0.0  0.0  0.0  0.0  0.0  0.0
  0.0  0.9  0.0  0.0  0.0  0.0  0.0  3.4  2.6  0.9  9.7 37.5  5.2  5.7 18.6
  0.9  0.9  3.2  2.3  0.0  0.9  0.0 37.0 18.3 12.9  1.7  9.7  8.6  7.7  0.0
     -9.06      5.37     -5.10     -2.28      1.42  0.0  0.3  0.0  0.0  0.0
                                4000_story_0887_llm_free.txt 34.3  4.4 3239
 18.5  6.5  5.6 31.5  6.2  0.3  2.5  1.9 11.1 16.4  0.3  0.9  0.0  5.6  0.3
  0.0  3.1  5.2  9.0  0.9  1.2282.2 86.8 25.9130.9 64.2 14.2 10.8  0.3  0.6
  0.0  2.2 18.2  9.3  9.9 27.2  6.5  2.8  1.9  1.2  1.2  2.2  2.5  4.0  0.9
  6.5  5.2  0.6  1.9  2.8  9.3 18.5 11.4  4.0  0.9 50.9 81.5  1.5178.1  6.5
  1.9  0.0  0.0  0.0  0.0  0.0  0.0  0.0  0.0  0.0  0.0  0.0  0.0  0.0  0.0
  0.0  0.0  0.0  4.0  0.3  2.5  1.5  0.0  0.0  0.0  0.0  0.0  0.3  0.6  0.3
  0.3  0.9  0.9  0.9  0.0  0.0  0.0  0.0  0.0  0.0  0.0  0.0  1.2  0.9  0.0
  8.3  0.0  0.9  9.3  3.4  0.0  3.4  2.2  0.0  0.0  0.0  0.0  0.0  0.0  0.0
  0.0  0.6  0.0  0.0  0.0  0.0  0.0 13.3  3.4  1.9  9.3 34.9  4.0  6.2 10.2
  5.2  1.9  0.6  3.4  0.0  0.9  0.0 34.3 18.8 22.8  1.9  9.9 13.0  9.9  0.0
     -0.15      6.16     -3.57     -3.33      1.33  1.2  0.0  0.0  0.0  0.0
                                4000_story_0888_llm_free.txt 35.5  4.4 3376
 19.0  7.1  6.8 50.7 10.4  2.7  1.8  0.3 16.3 19.5  0.9  1.5  0.3  3.9  1.2
  0.0  1.5  8.0 10.4  1.2  1.8273.7 77.3 28.4117.0 57.8 12.7  8.6  0.0  0.9
  0.0  1.2 14.8  8.3 10.4 28.7  5.6  5.6  3.9  1.8  3.3  1.2  2.1  3.0  0.3
  5.9  5.0  0.6  3.0  2.4 16.9 19.8  9.2  2.7  0.9 55.1 84.4  2.1183.9  5.0
  0.6  0.0  0.0  0.0  0.0  0.0  0.0  0.0  0.0  0.0  0.0  0.0  0.0  0.0  0.0
  0.0  0.0  0.0  1.2  1.2  4.1  1.8  0.0  0.0  0.0  0.0  0.0  0.0  0.0  0.6
  0.0  1.2  1.5  0.3  0.0  0.0  0.0  0.0  0.0  0.6  0.0  0.0  0.6  0.6  0.0
  8.3  0.0  0.0  8.3  3.6  0.0  4.1  1.2  0.0  0.0  0.0  0.0  0.0  0.0  0.0
  0.3  0.6  0.0  0.0  0.0  0.0  0.0 10.7  1.8  1.8  5.0 40.0  5.6  8.9  8.6
  0.6  3.0  0.6  2.7  0.0  0.6  0.0 43.8 17.8 21.0  1.5  5.3 13.0  9.8  0.0
      1.42      4.73     -4.17     -1.19      0.26  0.0  0.0  0.0  0.0  0.0
                                4000_story_0889_llm_free.txt 36.0  4.6 2996
 14.0  5.7  4.7 34.4  7.3  1.0  1.3  0.3  7.7 19.0  0.3  0.3  0.7  5.0  1.0
  0.7  0.3  3.0 11.7  1.0  1.0300.4 87.8 29.4122.5 49.7 11.7 13.4  0.0  1.3
  0.7  1.0 29.7  8.0 10.0 26.7  3.0  3.0  1.7  1.0  0.3  1.3  2.3  4.7  0.3
  6.7  4.0  1.0  2.7  4.7  6.3 18.0 11.7  1.3  2.0 59.4 64.8  1.3172.9  6.3
  2.7  0.0  0.0  0.0  0.0  0.0  0.0  0.0  0.0  0.0  0.0  0.0  0.0  0.0  0.0
  0.0  0.0  0.0  4.0  0.0  1.7  0.7  0.0  0.0  0.0  0.0  0.0  0.0  0.0  0.0
  0.0  1.3  0.0  0.0  0.0  0.0  0.0  0.0  0.0  0.3  0.0  0.0  0.3  1.0  0.0
  6.3  0.0  0.0  6.3  1.3  0.0  1.7  1.3  0.0  0.0  0.0  0.0  0.0  0.0  0.0
  0.3  0.3  0.0  0.0  0.0  0.0  0.3 10.0  2.7  1.3 10.7 23.0  7.7  5.0 13.4
  2.3  1.7  2.7  2.0  0.0  0.0  1.0 33.4 26.4 15.7  1.0  5.0 10.7  8.0  0.0
     -6.39      5.23     -2.07     -4.20      0.95  0.0  0.0  0.3  0.0  0.0
                                4000_story_0890_llm_free.txt 32.8  4.4 3104
 19.0  3.9  1.0 37.4 11.3  1.0  1.9  1.0 14.8 20.0  0.6  0.6  0.3  4.5  0.6
  0.0  2.6  3.5  9.3  1.6  0.3263.5 83.8 28.0124.7 58.0 15.8  9.3  0.0  2.3
  0.0  2.6 18.7 10.6 12.2 31.3  5.2  3.2  2.3  1.3  2.3  2.3  2.3  5.5  0.3
  3.9  6.1  1.0  1.6  3.2  9.0 20.0  9.7  4.2  2.3 58.3 84.1  2.6180.1  8.1
  1.6  0.0  0.0  0.0  0.0  0.0  0.0  0.0  0.0  0.0  0.0  0.0  0.0  0.0  0.0
  0.0  0.0  0.0  1.6  0.0  2.9  0.3  0.0  0.0  0.0  0.0  0.0  0.0  0.0  0.6
  0.0  0.3  0.3  1.0  0.0  0.0  0.0  0.0  0.0  0.0  0.0  0.0  2.6  0.6  0.0
  4.8  0.0  0.0  4.8  2.3  0.0  2.3  3.2  0.0  0.0  0.0  0.0  0.0  0.0  0.0
  0.0  1.0  0.0  0.0  0.0  0.0  0.0 13.2  1.3  0.3  4.8 31.9  3.5  6.4  9.3
  5.8  1.6  4.5  5.8  0.3  1.3  0.0 40.6 18.4 21.9  1.6  9.3 11.9  5.8  0.0
     -0.52      5.72     -4.06     -2.55      0.11  0.3  0.0  0.0  0.0  0.0
                                4000_story_0891_llm_free.txt 34.5  4.5 3513
 15.1  5.1  8.5 31.6  8.5  1.7  2.3  0.9 13.4 18.8  0.0  0.9  0.9  4.8  0.9
  0.6  0.9  2.8  8.8  1.4  1.4282.9 82.6 29.0127.0 67.2 15.9  8.5  0.0  0.9
  0.0  1.1 16.5 10.8 12.0 30.2  5.4  1.1  2.8  0.6  0.9  1.4  3.1  4.0  0.3
  6.0  6.5  0.6  2.8  2.8  4.8 17.9 10.2  2.3  0.9 58.1 89.1  2.3177.1  4.8
  0.3  0.0  0.0  0.0  0.0  0.0  0.0  0.0  0.0  0.0  0.0  0.0  0.0  0.0  0.0
  0.0  0.0  0.0  2.6  0.3  2.0  3.1  0.0  0.0  0.0  0.0  0.0  0.0  0.0  0.3
  0.0  1.7  0.6  0.9  0.3  0.0  0.0  0.0  0.0  0.0  0.0  0.0  2.6  1.1  0.0
  8.0  0.0  0.0  8.0  3.4  0.3  3.7  3.7  0.0  0.0  0.0  0.0  0.0  0.0  0.0
  0.6  0.6  0.0  0.0  0.0  0.0  0.0 15.9  2.0  1.1  5.4 25.3  3.4  3.7  4.6
  5.4  1.7  1.1  2.6  0.0  0.3  0.6 37.9 18.8 21.3  2.8  6.5 10.8  8.3  0.0
     -3.39      6.08     -5.35     -4.18      1.08  0.3  0.0  0.0  0.0  0.0
                                4000_story_0894_llm_free.txt 34.5  4.5 3205
 13.7  4.1  7.5 34.3 10.0  0.3  1.2  0.9 10.3 17.8  1.2  0.9  0.3  4.1  0.9
  0.3  0.0  8.7  9.0  0.6  3.1278.9 83.6 28.7120.7 60.5 14.7  7.2  0.0  1.2
  0.0  0.9 24.0 11.9 13.1 29.6  6.6  2.5  1.6  1.6  1.6  1.2  1.9  3.4  0.0
  4.1  5.9  0.9  0.9  5.0 12.8 18.4  7.5  0.6  1.2 61.2 80.8  2.2175.4  9.0
  0.6  0.0  0.0  0.0  0.0  0.0  0.0  0.0  0.0  0.0  0.0  0.0  0.0  0.0  0.0
  0.0  0.0  0.0  1.9  0.0  2.8  0.3  0.0  0.0  0.0  0.0  0.0  0.0  0.0  0.3
  0.3  0.6  0.6  0.3  0.0  0.6  0.0  0.0  0.0  0.0  0.0  0.0  2.2  0.6  0.0
  5.0  0.0  0.0  5.0  2.2  0.6  2.8  2.8  0.0  0.0  0.0  0.0  0.0  0.0  0.0
  0.9  0.3  0.3  0.0  0.0  0.0  0.0 10.6  1.2  0.3  8.7 36.5  4.4  5.0  9.7
  2.8  1.6  0.3  2.5  0.3  0.6  0.0 42.4 11.5 17.2  2.5  5.0 10.9  8.1  0.0
     -4.90      5.08     -5.31     -3.56     -0.63  0.3  0.0  0.0  0.0  0.0
                                4000_story_0895_llm_free.txt 34.0  4.5 3199
 10.3  3.4  2.5 35.3  4.4  0.9  0.6  0.3 15.0 17.8  0.3  1.6  0.3  4.4  0.6
  0.0  0.9  3.8 13.8  0.3  1.3299.8 91.3 33.1106.9 44.7 15.0  7.5  0.0  1.3
  0.0  2.2 25.3  8.1 15.0 28.4  4.4  5.9  0.3  2.5  1.3  2.5  2.8  7.8  0.3
  4.1  6.6  0.6  3.1  3.1 10.9 26.6 12.2  1.3  1.3 62.2 64.1  1.9156.3  5.0
  2.2  0.0  0.0  0.0  0.0  0.0  0.0  0.0  0.0  0.0  0.0  0.0  0.0  0.0  0.0
  0.0  0.0  0.0  1.6  0.0  1.6  0.6  0.0  0.0  0.0  0.0  0.0  0.0  0.0  0.9
  0.0  0.6  0.9  0.0  0.0  0.0  0.0  0.0  0.3  0.0  0.0  0.0  1.6  0.9  0.0
  3.8  0.0  0.0  3.8  2.5  0.3  2.8  2.5  0.0  0.0  0.0  0.0  0.0  0.0  0.0
  0.3  0.9  0.0  0.0  0.0  0.0  0.0  8.4  2.8  2.2  5.6 39.7  5.0  4.1 17.5
  1.3  0.9  3.8  0.9  0.0  0.9  0.0 30.6 15.0 15.0  1.9  6.9 10.6  9.1  0.0
     -6.96      4.05     -4.18     -2.36      0.87  0.3  0.0  0.6  0.0  0.0
                                4000_story_0896_llm_free.txt 34.5  4.5 3216
 16.8  5.9  3.7 33.9  6.5  0.3  2.2  0.0  7.2 22.7  0.6  0.9  0.6  5.0  0.3
  0.3  2.2  3.7  9.6  0.6  2.5280.8 89.6 34.8129.4 60.9 13.4  8.7  0.0  1.2
  0.0  1.9 16.5  4.7 15.9 22.7  6.8  3.1  2.8  1.6  0.9  1.9  1.2  7.2  0.0
  5.3  5.6  0.3  1.6  4.7  7.8 19.6 12.4  2.8  1.2 65.6 74.6  1.2180.7  7.8
  0.9  0.0  0.0  0.0  0.0  0.0  0.0  0.0  0.0  0.0  0.0  0.0  0.0  0.0  0.0
  0.0  0.0  0.0  1.6  0.9  3.4  0.9  0.3  0.0  0.0  0.0  0.0  0.0  0.0  0.3
  0.3  0.3  0.6  0.6  0.0  0.0  0.3  0.0  0.0  0.0  0.0  0.0  1.9  0.6  0.0
  6.8  0.3  0.0  7.2  2.2  0.3  2.5  2.5  0.0  0.0  0.0  0.0  0.0  0.0  0.0
  0.0  0.0  0.0  0.0  0.0  0.0  0.0 14.3  0.9  0.6  5.9 26.4  5.6  4.4 12.4
  1.9  1.6  0.0  5.0  0.0  0.6  0.0 43.8 16.5 22.4  0.6  9.6  8.7 10.3  0.0
     -2.42      5.42     -3.86     -3.06     -0.06  0.3  0.0  0.0  0.3  0.0
                                4000_story_0898_llm_free.txt 37.3  4.5 3775
 19.1  5.3  4.8 33.9 14.0  0.8  2.6  1.1 17.0 13.2  0.0  1.1  0.3  5.8  0.0
  0.5  2.1  4.2  8.7  1.6  1.1281.9 90.1 35.0123.2 60.4 13.5 11.7  0.0  2.1
  0.3  0.8 25.4  5.6 18.5 32.6  5.0  4.5  1.1  1.6  1.9  2.6  4.0  5.0  0.5
  4.8  5.3  1.3  0.8  1.6 10.6 17.5 10.3  3.7  2.4 60.4 91.4  2.1174.8  6.4
  2.6  0.0  0.0  0.0  0.0  0.0  0.0  0.0  0.0  0.0  0.0  0.0  0.0  0.0  0.0
  0.0  0.0  0.0  2.4  1.9  2.1  0.5  0.0  0.0  0.0  0.0  0.0  0.0  0.0  0.8
  0.0  0.8  0.3  0.5  0.0  0.0  0.0  0.0  0.0  0.0  0.0  0.0  2.9  0.3  0.0
  6.9  0.0  0.0  6.9  2.4  0.0  2.4  3.2  0.0  0.0  0.0  0.0  0.0  0.0  0.0
  0.0  0.8  0.0  0.0  0.3  0.0  0.0 12.7  0.5  2.1  9.3 23.6  2.9  4.8 18.8
  1.6  1.6  4.5  6.4  0.0  0.5  0.0 40.8 20.4 21.7  2.1  7.2  8.5 10.6  0.0
     -2.00      5.77     -4.56     -2.53      1.57  0.3  0.0  0.0  0.0  0.0
                                4000_story_0899_llm_free.txt 36.0  4.6 3234
 15.2  3.4  3.7 31.5  5.9  0.3  1.9  0.3  5.9 22.6  0.3  0.0  0.9  5.9  0.3
  0.6  0.9  4.3  9.0  0.6  1.5282.0 84.4 33.4125.9 60.0  9.9 12.1  0.3  0.6
  0.3  2.8 22.6  8.0 11.4 32.2  4.0  1.5  1.9  1.2  0.3  2.2  4.9  5.9  0.9
  5.9  4.9  1.2  2.8  4.0  6.2 17.9 12.7  1.5  1.2 69.6 71.7  0.9175.9  8.7
  1.2  0.0  0.0  0.0  0.0  0.0  0.0  0.0  0.0  0.0  0.0  0.0  0.0  0.0  0.0
  0.0  0.0  0.0  2.5  0.3  1.2  0.0  0.0  0.0  0.0  0.0  0.0  0.0  0.0  0.0
  0.0  0.6  0.3  0.3  0.0  0.0  0.0  0.3  0.0  0.3  0.0  0.0  1.2  0.3  0.0
  4.0  0.0  0.0  4.0  1.2  0.3  1.9  1.5  0.0  0.0  0.0  0.0  0.0  0.0  0.0
  0.6  0.0  0.0  0.0  0.0  0.0  0.0 12.7  2.8  1.5 10.5 32.8  3.1  5.6 14.2
  0.3  1.2  1.2  2.5  0.0  1.5  0.6 34.6 17.3 16.4  3.7  5.9  7.1  7.1  0.0
     -5.67      5.21     -3.15     -4.06      2.96  0.9  0.0  0.0  0.0  0.0
                                4000_story_0920_llm_free.txt 35.8  4.6 2748
 17.5  1.8  3.3 28.7  5.1  0.4  1.1  1.8  5.8 27.3  0.0  0.7  0.4  4.7  0.0
  0.0  0.7  4.4 10.6  2.2  0.7272.6 83.7 30.9122.6 49.9 16.4  8.0  0.0  1.5
  0.4  2.5 26.6  9.1 14.2 33.1  4.4  2.9  1.8  2.5  1.5  1.5  2.5  8.4  1.8
  5.5  7.3  1.8  4.7  4.7  8.7 23.7 15.6  2.9  1.8 64.4 60.8  1.5170.7  8.4
  1.1  0.0  0.0  0.0  0.0  0.0  0.0  0.0  0.0  0.0  0.0  0.0  0.0  0.0  0.0
  0.0  0.0  0.0  1.1  1.5  1.5  0.7  0.0  0.0  0.0  0.0  0.0  0.0  0.4  0.0
  0.7  1.1  0.7  0.7  0.0  0.0  0.0  0.0  0.0  0.0  0.0  0.0  1.8  2.5  0.0
  4.7  0.0  0.4  5.1  3.3  0.0  3.3  4.4  0.0  0.0  0.0  0.0  0.0  0.0  0.0
  0.0  0.4  0.0  0.0  0.0  0.0  0.0  8.0  4.4  1.1  4.4 38.6  2.9 16.7 13.1
  2.5  1.8  2.2  2.5  0.0  1.5  0.0 36.4 11.6 20.7  1.1 10.2  8.7 10.6  0.0
     -4.35      5.15     -3.83     -2.89      2.39  0.0  0.0  0.0  0.0  0.0
                                4000_story_0921_llm_free.txt 34.5  4.4 2950
 22.0  4.4 12.5 49.5 11.2  1.4  4.4  1.0 14.9 18.0  0.0  0.3  0.3  5.8  1.0
  0.0  3.4  7.5  7.5  2.7  1.7255.9 86.1 29.2110.5 57.6 10.2  9.2  0.3  1.4
  0.0  1.4 17.6  7.1 20.0 33.6  6.1  2.4  2.4  1.7  2.0  1.4  4.1  5.1  0.7
  5.4  6.8  0.7  4.7  3.7 11.9 17.6 11.2  6.1  1.7 60.0 83.7  2.4174.2  7.5
  0.7  0.0  0.0  0.0  0.0  0.0  0.0  0.0  0.0  0.0  0.0  0.0  0.0  0.0  0.0
  0.0  0.0  0.0  1.7  0.3  3.4  0.7  0.0  0.0  0.0  0.0  0.0  0.0  0.0  0.3
  1.0  2.0  0.0  0.0  0.0  0.0  0.0  0.3  0.0  0.0  0.0  0.0  2.7  2.0  0.0
  6.1  0.0  0.0  6.1  3.4  0.3  3.7  4.7  0.0  0.0  0.0  0.0  0.0  0.0  0.0
  0.0  0.7  0.0  0.0  0.3  0.0  0.0 13.9  4.7  0.7  7.8 21.7  3.7  3.7 14.6
  2.0  1.4  1.7  3.4  0.0  0.0  0.0 38.3 16.6 30.8  1.4  6.1 13.6  7.1  0.0
      5.73      4.12     -6.25     -2.99      1.96  0.3  0.0  0.0  0.3  0.3
                                4000_story_0922_llm_free.txt 37.8  4.6 3360
 16.7  8.9  2.7 35.1  6.3  0.0  3.0  1.2 17.9 19.0  0.0  0.9  0.0  3.3  0.3
  0.6  0.3  4.8  8.6  0.9  1.2271.7 81.3 39.6122.6 62.2 20.5 15.2  0.0  0.3
  0.6  1.2 25.3  6.8 11.6 27.7  9.5  4.5  3.6  1.5  0.9  3.9  3.6  6.0  0.0
  5.7  7.1  1.2  3.3  2.7 10.1 19.3 11.6  1.2  0.9 63.1 86.3  1.5178.9  6.8
  1.5  0.0  0.0  0.0  0.0  0.0  0.0  0.0  0.0  0.0  0.0  0.0  0.0  0.0  0.0
  0.0  0.0  0.0  5.4  0.6  1.5  1.8  0.0  0.0  0.0  0.0  0.0  0.3  0.0  0.6
  0.3  2.7  1.2  0.3  0.0  0.3  0.0  0.0  0.0  0.9  0.0  0.0  2.4  1.5  0.0
  9.2  0.0  0.3  9.5  5.1  0.3  6.3  3.9  0.0  0.0  0.0  0.0  0.0  0.0  0.0
  0.0  0.0  0.0  0.0  0.0  0.0  0.0 12.5  2.1  1.5  9.8 29.2 11.6  6.5  9.5
  1.8  1.8  1.5  1.5  0.0  0.3  0.9 31.5 23.5 21.7  1.8  9.8 10.1  8.6  0.0
     -5.94      7.83     -3.08     -1.74      1.33  0.9  0.0  0.3  0.0  0.0
                                4000_story_0924_llm_free.txt 36.8  4.5 3349
 16.1  3.3  3.9 29.9  6.0  0.6  2.7  0.0 11.0 18.5  0.9  0.6  0.3  4.5  0.6
  0.9  0.9  3.0 11.6  1.2  1.5287.8 92.0 32.5128.4 48.7 14.9 12.2  0.0  1.2
  0.0  1.8 18.2  7.5 17.9 26.9  5.7  1.8  3.3  0.9  2.7  1.5  1.5  6.6  0.0
  4.8  4.8  1.2  1.2  3.9  7.5 19.7 11.3  2.1  1.2 64.5 65.7  0.3178.0  7.8
  1.8  0.0  0.0  0.0  0.0  0.0  0.0  0.0  0.0  0.0  0.0  0.0  0.0  0.0  0.0
  0.0  0.0  0.0  1.2  0.3  3.0  0.6  0.0  0.0  0.0  0.0  0.0  0.0  0.0  0.6
  0.3  1.8  0.6  0.0  0.0  0.0  0.0  0.0  0.0  0.0  0.0  0.0  1.8  0.9  0.0
  5.1  0.0  0.0  5.1  3.3  0.0  3.3  2.7  0.0  0.0  0.0  0.0  0.0  0.0  0.0
  0.0  0.0  0.0  0.0  0.0  0.0  0.0  7.5  0.9  1.2  6.0 31.1  6.9  3.3 13.1
  1.2  1.5  1.5  3.0  0.0  0.3  0.0 37.3 16.1 19.7  2.1  6.0  9.3  6.3  0.0
     -5.62      5.80     -5.43     -2.84     -0.16  0.0  0.0  0.3  0.0  0.0
                                4000_story_0925_llm_free.txt 40.0  4.5 3295
 18.5  7.9  3.3 42.5  7.9  0.9  2.1  0.9 10.9 20.3  0.6  1.2  0.3  4.9  0.0
  0.6  2.1  3.9  8.5  0.6  0.9272.2 74.4 24.6127.5 81.6 13.1  9.1  0.3  1.8
  0.0  1.5 17.9  8.8 11.2 30.3  6.7  3.6  2.4  1.8  2.4  1.8  1.2  5.2  0.3
  4.6  5.2  0.9  3.3  2.7 10.0 18.2 10.0  2.7  2.1 48.9100.5  2.7189.7  5.5
  1.5  0.3  0.0  0.0  0.0  0.0  0.0  0.0  0.0  0.0  0.0  0.0  0.0  0.0  0.0
  0.0  0.0  0.0  2.7  0.9  5.2  0.0  0.0  0.3  0.0  0.0  0.0  0.3  0.0  0.6
  0.0  1.5  0.9  0.0  0.0  0.0  0.0  0.0  0.0  0.0  0.0  0.0  2.1  1.2  0.0
  8.8  0.3  0.3  9.4  3.0  0.0  3.0  3.3  0.0  0.0  0.0  0.0  0.0  0.0  0.0
  0.0  0.3  0.3  0.0  0.0  0.0  0.0 20.0  2.7  3.3  7.3 33.4  0.9 14.0 13.1
  0.9  1.5  2.1  1.8  0.3  1.2  0.0 41.3 15.8 21.2  0.9  9.4 10.0  9.4  0.0
     -1.01      6.29     -3.67     -2.24     -0.38  1.2  0.0  0.0  0.3  0.0
                                4000_story_0926_llm_free.txt 36.8  4.5 3362
 18.1  5.4 10.4 46.4 13.7  1.2  3.0  0.9 15.8 14.0  0.6  1.2  0.6  6.5  1.2
  0.3  1.2  4.8 12.2  0.9  1.2255.8 76.1 36.0128.5 68.7 19.0 14.0  0.0  0.3
  1.2  0.6 17.8  6.5  9.5 30.6  7.1  1.5  2.4  1.2  2.7  1.8  3.0  5.9  0.6
  4.2  4.8  1.5  2.4  7.4  8.9 19.9 10.7  2.1  1.5 62.5 98.2  1.2191.3  3.9
  2.7  0.0  0.0  0.0  0.0  0.0  0.0  0.0  0.0  0.0  0.0  0.0  0.0  0.0  0.0
  0.0  0.0  0.0  3.9  0.0  1.5  1.2  0.3  0.0  0.0  0.0  0.0  0.0  0.0  2.4
  0.9  1.5  0.6  0.6  0.0  0.0  0.3  0.0  0.0  0.0  0.3  0.0  3.0  0.6  0.0
  6.5  0.3  0.0  6.8  5.9  0.3  6.2  3.9  0.0  0.0  0.0  0.0  0.0  0.0  0.0
  0.3  0.6  0.0  0.0  0.0  0.0  0.0 13.1  1.8  1.8  8.3 27.4  3.3  4.5 18.4
  4.2  1.2  2.4  3.0  0.3  1.2  0.3 37.5 21.1 22.3  1.8  8.3  8.0  9.8  0.0
      0.18      7.80     -2.75     -2.95      0.93  0.0  0.0  0.0  0.3  0.0
                                4000_story_0928_llm_free.txt 36.0  4.5 3283
 16.1  3.4  7.3 35.3  8.8  0.6  2.7  0.6 11.3 28.0  1.2  0.6  0.3  4.0  1.2
  0.0  1.5  4.9  7.9  1.5  1.5272.3 87.1 33.8123.4 55.1 14.0 10.7  0.0  0.6
  0.0  2.4 21.3  8.8 12.8 26.8  5.8  4.3  1.5  1.8  0.9  0.9  2.1  3.0  0.9
  6.7  6.1  0.6  2.4  4.6 10.1 18.9 10.7  3.0  0.6 68.2 75.2  0.3176.1  6.7
  1.8  0.0  0.0  0.0  0.0  0.0  0.0  0.0  0.0  0.0  0.0  0.0  0.0  0.0  0.0
  0.0  0.0  0.0  2.1  0.0  1.5  1.5  0.0  0.0  0.0  0.0  0.0  0.0  0.0  0.3
  0.6  0.6  0.3  0.6  0.0  0.0  0.0  0.0  0.0  0.3  0.0  0.3  2.7  0.9  0.0
  5.2  0.0  0.0  5.2  2.4  0.0  2.7  4.0  0.0  0.0  0.0  0.0  0.0  0.0  0.0
  0.0  0.3  0.0  0.0  0.0  0.0  0.0 17.7  2.1  1.8  5.2 35.9  3.4  4.3  9.4
  1.5  3.0  0.6  1.8  0.0  0.6  0.0 38.1 18.3 20.4  1.5 11.3 11.6  8.5  0.0
     -1.85      5.45     -4.15     -3.47      1.03  0.3  0.0  0.0  0.0  0.0
                                4000_story_0929_llm_free.txt 36.0  4.5 3496
 19.5  2.9  7.2 37.5 15.7  0.3  3.7  0.6 11.7 18.0  0.3  1.4  0.0  6.6  0.3
  0.0  1.7  5.1 10.9  2.3  0.3273.7 86.1 18.0125.6 58.6 12.3 10.0  0.3  0.9
  0.3  0.3 21.7  9.2 20.0 28.3  7.2  2.0  3.1  2.3  2.0  1.7  3.1  4.6  0.0
  6.3  5.7  0.3  2.6  2.0  9.2 20.6 10.9  4.0  1.4 45.8 86.1  1.1180.5  5.7
  1.1  0.0  0.0  0.0  0.0  0.0  0.0  0.0  0.0  0.0  0.0  0.0  0.0  0.0  0.0
  0.0  0.0  0.0  0.9  0.6  1.7  0.3  0.0  0.0  0.0  0.0  0.0  0.0  0.0  0.3
  0.0  1.1  1.1  0.0  0.0  0.3  0.0  0.0  0.0  0.0  0.0  0.3  1.4  0.9  0.0
  3.4  0.0  0.0  3.4  2.6  0.3  2.9  2.6  0.0  0.0  0.0  0.0  0.0  0.0  0.0
  0.3  0.3  0.0  0.0  0.0  0.0  0.0 12.9  2.9  4.9  6.9 32.0  3.7  5.1  9.2
  1.4  0.6  1.4  3.1  0.0  0.6  0.0 41.5 18.0 22.3  2.0  7.4 10.6  8.9  0.0
      0.43      5.23     -6.67     -2.43      1.06  0.0  0.0  0.0  0.0  0.0
                                4000_story_0931_llm_free.txt 36.3  4.5 3208
 13.7  2.8  4.7 39.9  7.2  0.3  3.4  0.3  7.2 16.5  0.9  0.9  0.3  3.7  0.6
  0.0  1.2  4.7  7.2  0.6  3.1289.3 93.2 33.4121.3 48.0  9.4 11.8  0.3  1.9
  0.3  1.9 19.6  8.1 17.5 30.2  4.7  2.8  3.7  0.6  0.9  0.6  2.5  5.0  0.0
  5.6  4.4  0.3  1.2  3.7  8.4 15.0 10.6  1.9  2.5 66.1 62.3  1.6180.2  8.1
  1.9  0.0  0.0  0.0  0.0  0.0  0.0  0.0  0.0  0.0  0.0  0.0  0.0  0.0  0.0
  0.0  0.0  0.0  1.2  0.3  0.6  1.2  0.0  0.0  0.0  0.0  0.0  0.0  0.0  0.3
  0.6  0.3  0.9  0.3  0.0  0.0  0.0  0.0  0.0  0.0  0.0  0.0  0.9  0.3  0.0
  3.4  0.0  0.0  3.4  2.5  0.0  2.5  1.2  0.0  0.0  0.0  0.0  0.0  0.0  0.0
  0.0  0.0  0.0  0.0  0.0  0.0  0.0  5.0  0.9  0.3  4.7 32.7  6.2  5.3 15.6
  3.7  1.9  1.6  3.7  0.0  1.9  0.6 40.5 18.7 14.0  0.9  9.0 10.9 10.9  0.0
     -6.39      4.39     -4.74     -3.75      0.50  0.0  0.0  0.0  0.0  0.0
                                4000_story_0932_llm_free.txt 35.0  4.4 3221
 13.0  2.2  6.5 43.8  6.5  0.9  2.2  1.6 10.6 19.6  0.6  0.9  0.0  3.1  0.3
  0.9  2.2  3.7  9.6  1.2  1.9286.2 91.3 34.8115.2 52.8 14.0  8.7  0.3  0.3
  0.0  0.6 24.2  7.8 13.0 29.5  7.5  2.8  4.0  1.6  0.9  2.8  2.8  5.0  0.3
  4.7  4.0  0.9  2.2  3.1  7.5 16.8  9.9  3.4  0.6 63.3 69.9  1.9175.4  6.8
  2.8  0.0  0.0  0.0  0.0  0.0  0.0  0.0  0.0  0.0  0.0  0.0  0.0  0.0  0.0
  0.0  0.0  0.0  1.6  0.6  1.2  0.0  0.0  0.0  0.0  0.0  0.0  0.0  0.0  0.9
  0.0  0.9  0.9  0.0  0.0  0.3  0.0  0.0  0.0  0.0  0.0  0.0  1.6  0.6  0.0
  3.4  0.0  0.0  3.4  2.8  0.3  3.1  2.2  0.0  0.0  0.0  0.0  0.0  0.0  0.0
  0.0  0.0  0.0  0.0  0.0  0.0  0.0 15.5  0.9  1.2  8.7 32.3  5.9  3.7 31.7
  1.6  1.2  2.2  7.5  0.0  0.3  0.0 36.9 20.8 16.1  0.6  8.4  6.8  6.5  0.0
     -3.78      4.70     -4.51     -2.37      0.61  0.6  0.3  0.3  0.0  0.0
                                4000_story_0935_llm_free.txt 35.3  4.3 3449
 14.2  4.6 11.0 37.4 11.6  0.6  4.6  1.2 14.8 17.1  0.6  0.0  0.6  3.2  1.2
  0.0  1.2  3.2 10.7  0.3  1.4266.2 82.6 20.9125.8 71.6  8.4 10.4  0.0  0.6
  0.0  1.4 20.3 11.0 13.3 33.1  9.9  3.2  2.9  1.2  2.0  0.6  4.1  3.2  0.0
  4.3  3.5  2.0  2.9  4.1  8.4 16.8  7.5  1.4  0.6 48.1 98.0  1.4179.8  7.2
  1.2  0.0  0.0  0.0  0.0  0.0  0.0  0.0  0.0  0.0  0.0  0.0  0.0  0.0  0.0
  0.0  0.0  0.0  2.6  0.0  3.5  1.4  0.0  0.0  0.0  0.0  0.0  0.0  0.0  0.9
  0.0  1.4  0.3  1.2  0.0  0.6  0.3  0.3  0.0  0.0  0.0  0.0  1.4  1.7  0.0
  7.5  0.0  0.0  7.5  3.8  1.2  4.9  3.2  0.0  0.0  0.0  0.0  0.0  0.0  0.0
  0.0  0.6  0.0  0.0  0.0  0.0  0.0  8.7  4.1  1.2  7.5 35.1  4.6  7.8  8.4
  0.9  2.3  2.0  3.8  0.0  0.6  0.0 43.8 16.5 16.2  1.4  8.1 14.5  8.1  0.0
     -3.29      5.14     -5.74     -3.18      0.80  0.0  0.0  0.0  0.0  0.0
                                4000_story_0936_llm_free.txt 35.8  4.5 3460
 14.7  5.2  2.9 29.8  8.7  0.0  1.2  1.4 11.6 19.1  0.3  0.9  0.0  3.5  0.9
  0.3  0.9  3.2  6.9  0.9  0.9277.2 84.4 34.7126.9 58.7 19.7  9.0  0.3  0.6
  0.3  2.6 22.8  9.2 11.0 28.9  5.8  1.7  2.0  0.9  2.0  2.0  3.2  4.9  0.3
  3.2  6.4  0.3  3.2  4.9  6.9 17.6  8.4  1.7  1.2 68.5 78.9  0.9169.7  6.1
  1.4  0.0  0.0  0.0  0.0  0.0  0.0  0.0  0.0  0.0  0.0  0.0  0.0  0.0  0.0
  0.0  0.0  0.0  1.2  0.3  3.2  2.0  0.3  0.0  0.0  0.0  0.0  0.0  0.0  0.0
  0.3  1.7  1.7  0.6  0.0  0.3  0.3  0.0  0.0  0.0  0.0  0.3  2.9  0.3  0.0
  6.6  0.3  0.0  6.9  4.3  0.6  4.9  3.5  0.0  0.0  0.0  0.0  0.0  0.0  0.0
  0.3  0.0  0.0  0.0  0.0  0.0  0.0 17.9  2.0  3.5  9.0 51.4 10.1  4.0 12.7
  4.3  0.9  2.3  2.3  0.3  0.9  0.0 38.4 21.4 18.8  1.2  5.5 12.4 10.1  0.0
     -6.85      6.49     -3.27     -3.37      0.35  0.0  0.0  0.0  0.0  0.0
                                4000_story_0938_llm_free.txt 36.3  4.6 3812
 16.3  3.7  9.4 46.7 12.6  1.8  2.1  0.8 14.4 19.7  0.5  3.1  0.5  5.2  0.0
  0.3  2.6  6.0  8.1  0.5  1.3256.6 82.1 33.1126.2 59.8 13.6 10.0  0.5  1.0
  0.0  2.4 24.7  8.9 11.5 31.5  5.5  5.5  3.9  2.9  2.4  1.6  2.9  6.6  0.0
  5.5  6.8  1.8  2.6  3.4 13.9 23.3 12.1  3.1  1.6 66.1 86.8  1.8187.6  7.6
  0.5  0.0  0.0  0.0  0.0  0.0  0.0  0.0  0.0  0.0  0.0  0.0  0.0  0.0  0.0
  0.0  0.0  0.0  2.1  0.5  3.1  0.5  0.0  0.0  0.0  0.0  0.0  0.0  0.0  1.3
  0.0  0.5  1.0  0.0  0.0  0.0  0.0  0.3  0.0  0.5  0.0  0.3  1.8  0.8  0.0
  6.3  0.0  0.0  6.3  2.9  0.3  3.7  2.9  0.0  0.0  0.0  0.0  0.0  0.0  0.0
  0.3  0.0  0.0  0.0  0.0  0.0  0.0  9.4  3.9  3.1  8.4 35.9  1.8 13.6 14.2
  4.5  2.1  0.8  2.4  0.0  2.1  0.5 35.2 18.9 20.7  1.8  9.7 12.9 12.1  0.0
      1.05      5.55     -3.34     -0.96      0.95  0.5  0.0  0.0  0.0  0.0
                                4000_story_0939_llm_free.txt 37.3  4.4 3274
 14.1  3.4  7.0 35.4 10.7  0.9  3.4  0.9 11.9 15.6  0.0  0.0  0.6  3.7  0.6
  0.6  2.7  4.0  8.9  0.9  1.8257.5 82.5 36.3126.5 75.7 18.6  7.9  0.3  1.5
  0.0  1.2 27.5  7.0 13.7 31.8  6.4  2.1  3.1  0.6  1.8  1.8  1.8  7.6  0.9
  5.5  5.5  0.6  1.8  4.0  7.9 16.2 14.1  3.7  1.8 67.5 98.4  2.4179.6  5.5
  1.5  0.0  0.0  0.0  0.0  0.0  0.0  0.0  0.0  0.0  0.0  0.0  0.0  0.0  0.0
  0.0  0.0  0.0  1.8  0.6  2.7  0.3  0.0  0.0  0.0  0.0  0.0  0.0  0.0  0.6
  0.6  0.6  0.3  0.3  0.0  0.6  0.0  0.0  0.0  0.6  0.0  0.0  4.6  0.6  0.0
  5.5  0.0  0.0  5.5  2.4  0.6  3.7  5.2  0.0  0.0  0.0  0.0  0.0  0.0  0.0
  0.3  0.9  0.0  0.0  0.0  0.0  0.0 10.4  2.1  1.5  7.3 27.5  4.0 15.3 14.7
  1.8  2.1  1.8  5.5  0.3  1.2  0.0 41.8 14.7 17.1  1.5  8.2 11.0  8.9  0.0
     -2.10      6.85     -3.58     -3.23      1.15  0.3  0.0  0.0  0.0  0.0
                                4000_story_0943_llm_free.txt 35.5  4.5 2830
 13.1  2.8  2.8 33.9  5.3  0.7  2.1  1.1  8.5 19.1  0.4  0.4  0.0  5.7  0.4
  0.4  1.4  1.4 10.2  0.4  2.5273.9 89.8 40.6123.0 54.4 11.3  9.2  0.0  0.0
  0.0  2.1 18.4 10.6 13.4 32.2  5.7  2.8  3.2  1.1  0.7  1.4  4.2  4.2  0.0
  3.2  7.4  1.1  1.8  4.2  4.9 21.2  7.4  1.8  0.0 72.4 68.2  2.5177.4  9.5
  1.1  0.0  0.0  0.0  0.0  0.0  0.0  0.0  0.0  0.0  0.0  0.0  0.0  0.0  0.0
  0.0  0.0  0.0  0.7  0.4  2.8  0.7  0.0  0.0  0.0  0.0  0.0  0.0  0.0  0.0
  0.7  0.0  1.4  0.4  0.0  0.0  0.0  0.0  0.0  0.0  0.0  0.0  1.8  0.4  0.0
  4.6  0.0  0.0  4.6  2.5  0.0  2.5  2.1  0.0  0.0  0.0  0.0  0.0  0.0  0.0
  0.0  0.0  0.0  0.0  0.0  0.0  0.0  6.4  2.1  0.4  3.9 29.0  7.4  4.6 11.0
  1.1  3.2  3.9  2.5  0.0  1.4  0.0 43.1 17.7 16.3  1.8 10.2 11.0  5.7  0.0
     -6.43      4.61     -5.77     -3.52      0.69  0.4  0.4  0.0  0.0  0.0
                                4000_story_0945_llm_free.txt 35.5  4.6 3246
 14.2  5.2  8.9 33.6  8.0  0.6  3.4  0.6  8.6 19.7  0.9  0.9  0.6  6.8  0.3
  0.3  1.8  3.4  8.9  0.9  1.5283.1 84.4 36.7122.0 55.1 10.8 11.1  0.0  2.2
  0.0  1.5 29.0  7.4 18.8 27.7  6.2  1.2  3.7  2.2  2.5  0.3  3.1  5.2  0.3
  5.5  5.2  1.8  2.5  4.6  7.1 18.8 11.1  2.8  2.2 72.1 71.8  1.2173.1  6.2
  0.3  0.0  0.0  0.0  0.0  0.0  0.0  0.0  0.0  0.0  0.0  0.0  0.0  0.0  0.0
  0.0  0.0  0.0  2.8  0.3  3.7  0.0  0.0  0.0  0.0  0.0  0.0  0.0  0.0  0.0
  0.0  0.6  0.3  0.0  0.0  0.0  0.0  0.0  0.0  0.0  0.0  0.0  1.5  2.2  0.0
  6.8  0.0  0.0  6.8  0.9  0.0  0.9  3.7  0.0  0.0  0.0  0.0  0.0  0.0  0.0
  0.3  0.3  0.0  0.0  0.0  0.0  0.0  7.1  2.8  0.6  8.6 26.8  5.2  5.5  8.9
  2.2  1.5  1.2  5.5  0.6  1.5  0.9 37.3 18.8 15.1  1.2  5.5 12.0 11.4  0.0
     -2.70      4.86     -4.58     -2.84      1.12  0.0  0.0  0.0  0.0  0.0
                                4000_story_0951_llm_free.txt 34.8  4.5 3220
 19.6  4.0  2.5 43.2  9.0  0.6  0.9  0.6  9.6 19.3  0.9  1.2  0.0  6.8  0.3
  0.6  2.8  4.7  9.6  0.9  0.9297.2 89.1 28.9118.3 57.8  9.3  9.9  0.0  0.3
  0.6  2.5 32.6  8.7 16.1 26.4  5.3  2.8  3.1  0.9  1.2  0.3  1.9  8.1  0.3
  5.6  4.3  1.2  2.8  4.7  8.7 18.6 14.0  3.7  0.9 48.4 76.4  0.3180.4  8.7
  1.2  0.0  0.0  0.0  0.0  0.0  0.0  0.0  0.0  0.0  0.0  0.0  0.0  0.0  0.0
  0.0  0.0  0.0  0.6  0.9  3.4  0.6  0.0  0.0  0.0  0.0  0.0  0.0  0.0  0.3
  0.6  0.0  1.2  0.0  0.0  0.0  0.0  0.0  0.0  0.3  0.0  0.3  1.9  0.6  0.0
  5.6  0.0  0.0  5.6  2.2  0.0  2.5  2.8  0.0  0.0  0.0  0.0  0.0  0.0  0.0
  0.0  0.0  0.0  0.0  0.0  0.0  0.0 11.2  1.9  2.5  9.3 32.9  3.1  4.7 19.9
  0.6  0.9  1.2  3.1  0.6  0.3  0.3 36.0 20.5 18.3  1.9  7.8  9.3 10.6  0.0
     -0.77      4.36     -3.86     -3.80      0.80  0.3  0.0  0.0  0.0  0.0
                                4000_story_0952_llm_free.txt 36.5  4.4 3144
 18.4  6.0  5.7 45.5  8.3  1.0  3.5  1.0 21.6 27.4  0.0  1.6  0.3  5.4  0.6
  0.0  1.6  5.4 14.3  1.3  1.3275.4 80.8 32.8121.5 51.5 12.1 10.8  0.0  1.0
  0.3  0.3 22.3  8.0 14.0 28.3  5.1  2.5  2.5  2.2  1.6  1.9  2.5  3.5  1.0
  3.8  4.8  0.6  3.5  4.5  9.5 23.2  8.3  2.9  1.3 56.3 81.4  1.0175.6  4.5
  2.2  0.0  0.0  0.0  0.0  0.0  0.0  0.0  0.0  0.0  0.0  0.0  0.0  0.0  0.0
  0.0  0.0  0.0  2.9  0.3  1.6  1.6  0.0  0.0  0.0  0.0  0.0  0.0  0.0  0.6
  0.3  1.0  0.3  0.3  0.0  0.0  0.0  0.0  0.0  0.0  0.0  0.0  1.6  0.6  0.0
  6.4  0.0  0.0  6.4  2.5  0.0  2.5  2.2  0.0  0.0  0.0  0.0  0.0  0.0  0.0
  0.3  0.3  0.0  0.0  0.0  0.0  0.0  4.8  4.5  3.2  6.7 44.8  8.9  9.2 11.5
  2.9  1.3  2.2  2.5  0.0  1.9  0.3 33.4 18.1 19.7  1.6  8.9  8.9  9.5  0.0
      2.07      4.89     -4.59     -2.65      0.46  0.3  0.0  0.0  0.0  0.0
                                4000_story_0953_llm_free.txt 37.3  4.7 3773
 17.2  2.4  4.0 39.5 11.1  1.3  2.7  1.1 11.9 15.4  0.8  1.3  0.3  5.8  0.5
  0.3  2.1  3.2  7.2  1.6  0.8278.8 89.1 34.7122.7 51.2 12.2  9.5  0.0  0.5
  0.0  2.4 29.4  7.2 14.6 28.9  4.8  1.9  1.1  2.4  0.8  2.1  3.7  8.2  0.0
  6.6  5.0  1.1  3.2  4.5  5.8 18.3 14.8  3.7  0.5 58.6 74.2  1.3181.3  6.6
  2.7  0.0  0.0  0.0  0.0  0.0  0.0  0.0  0.0  0.0  0.0  0.0  0.0  0.0  0.0
  0.0  0.0  0.0  1.3  0.8  1.6  0.3  0.0  0.0  0.0  0.0  0.0  0.0  0.0  0.0
  0.0  0.5  0.3  0.0  0.0  0.3  0.0  0.5  0.0  0.3  0.0  0.0  1.9  0.0  0.0
  4.0  0.0  0.0  4.0  0.8  0.8  1.9  1.9  0.0  0.0  0.0  0.0  0.0  0.0  0.0
  0.0  0.3  0.0  0.0  0.0  0.0  0.0 11.7  2.7  2.4  8.5 21.5  3.4  4.5 17.5
  1.9  1.3  2.9  5.0  0.0  0.5  1.1 35.3 16.7 19.9  1.6  9.0 13.3  6.9  0.0
     -3.10      4.69     -3.81     -3.51      2.08  0.0  0.0  0.3  0.0  0.0
                                4000_story_0954_llm_free.txt 37.3  4.5 3488
 18.6  3.4  4.0 35.6  8.9  0.9  1.1  1.4 15.5 15.2  1.1  0.3  0.3  6.3  0.9
  0.3  1.1  5.2  9.2  0.9  0.6271.2 92.3 30.1124.7 69.7 17.5  8.3  0.0  1.4
  0.3  1.1 22.9  7.2 16.3 24.7  4.3  3.7  2.6  2.6  0.3  1.7  3.2  5.7  0.3
  3.7  5.4  2.9  2.6  3.7  9.2 18.6  9.7  2.0  1.7 53.9 94.0  2.9173.7  4.9
  0.3  0.0  0.0  0.0  0.0  0.0  0.0  0.0  0.0  0.0  0.0  0.0  0.0  0.0  0.0
  0.0  0.0  0.0  1.7  0.0  2.6  2.6  0.0  0.0  0.0  0.0  0.0  0.0  0.0  0.0
  0.3  0.6  0.6  0.6  0.0  0.0  0.3  0.0  0.0  0.3  0.0  0.0  2.0  0.6  0.0
  6.9  0.0  0.0  6.9  2.0  0.3  2.6  2.6  0.0  0.0  0.0  0.0  0.0  0.0  0.0
  0.6  0.6  0.0  0.0  0.0  0.0  0.0 17.2  1.4  1.1  7.7 35.8  2.9  5.7 17.2
  3.7  1.7  3.2  2.0  0.0  2.3  0.6 39.9 18.3 23.2  0.9  4.0  6.6  6.3  0.0
     -3.92      6.37     -4.29     -2.89      0.64  0.0  0.0  0.0  0.0  0.0
                                4000_story_0955_llm_free.txt 35.0  4.4 3564
 13.5  4.2  3.9 39.3 11.5  0.8  2.8  0.6 13.2 20.5  0.0  0.8  0.6  5.3  0.6
  0.3  3.1  3.6  9.3  1.1  1.7259.3 84.7 30.9119.2 55.3 15.2  9.8  0.0  0.3
  0.3  2.2 21.3  6.5 14.3 35.1  9.8  4.8  3.4  1.7  2.2  2.0  2.8  6.5  0.0
  4.2  5.9  1.4  3.4  3.1 10.7 19.9 10.7  4.2  0.6 60.0 80.0  2.0177.6  7.0
  0.8  0.0  0.0  0.0  0.0  0.0  0.0  0.0  0.0  0.0  0.0  0.0  0.0  0.0  0.0
  0.0  0.0  0.0  3.6  0.6  1.4  1.1  0.0  0.0  0.0  0.0  0.0  0.0  0.0  1.4
  0.3  1.1  0.6  0.3  0.0  0.0  0.0  0.0  0.0  0.3  0.0  0.0  3.1  0.8  0.0
  6.7  0.0  0.0  6.7  3.6  0.0  3.9  3.9  0.0  0.0  0.0  0.0  0.0  0.0  0.0
  0.0  0.0  0.0  0.0  0.0  0.0  0.0  8.7  1.1  3.6  5.9 27.2  6.2  5.1 18.8
  1.1  2.0  2.0  3.9  0.0  0.3  0.3 36.2 19.1 16.6  1.7 10.4 13.2 10.1  0.0
      0.58      5.38     -4.36     -1.76      0.46  0.6  0.0  0.0  0.0  0.0
                                4000_story_0957_llm_free.txt 33.0  4.5 3641
 17.3  4.4  6.0 36.5  8.0  0.8  2.5  0.8 12.9 25.0  0.0  1.6  0.0  5.5  0.3
  0.3  1.9  5.5  9.3  1.6  1.4271.1 82.1 30.8124.1 48.6 12.6  9.9  0.3  0.0
  0.3  2.2 21.1  8.8  8.0 30.2  7.1  5.8  3.3  0.3  1.4  1.9  3.3  5.5  0.3
  5.5  4.7  0.8  3.0  2.5 12.6 18.1 11.3  3.6  0.5 59.0 69.5  1.4180.2  6.9
  1.1  0.0  0.0  0.0  0.0  0.0  0.0  0.0  0.0  0.0  0.0  0.0  0.0  0.0  0.0
  0.0  0.0  0.0  1.1  0.8  2.2  1.1  0.0  0.0  0.0  0.0  0.0  0.0  0.0  0.3
  0.3  1.1  1.4  0.3  0.0  0.0  0.0  0.0  0.0  0.0  0.0  0.0  1.1  0.5  0.0
  5.2  0.0  0.0  5.2  3.3  0.0  3.3  1.6  0.0  0.0  0.0  0.0  0.0  0.0  0.0
  0.5  0.3  0.0  0.0  0.0  0.0  0.0  9.3  4.7  0.8  8.8 35.4  2.7 13.5 12.1
  2.7  2.7  1.1  4.1  0.3  1.1  0.0 43.4 15.4 19.8  3.3  6.3  9.6 11.3  0.0
      0.17      4.78     -2.90     -2.62      1.25  0.3  0.0  0.0  0.0  0.0
                                4000_story_0968_llm_free.txt 34.5  4.4 3833
 20.1  5.7  5.0 54.8 13.6  2.3  3.1  0.5 17.2 19.3  0.0  0.5  0.3  3.9  0.5
  0.0  2.1  5.5  9.7  2.1  1.8271.3 83.0 32.9110.9 65.5 11.2 11.0  0.3  0.5
  0.3  1.0 14.6  5.7 13.8 30.0  5.0  3.7  3.7  1.6  2.6  1.6  3.4  5.0  0.5
  5.7  2.9  0.8  3.1  3.1 11.7 15.7 11.2  4.2  1.0 58.7 96.3  2.3182.9  7.3
  2.1  0.0  0.0  0.0  0.0  0.0  0.0  0.0  0.0  0.0  0.0  0.0  0.0  0.0  0.0
  0.0  0.0  0.0  2.6  1.3  2.3  1.0  0.0  0.3  0.0  0.0  0.0  0.0  0.0  0.8
  0.0  0.8  0.3  0.3  0.0  0.0  0.0  0.0  0.0  0.8  0.0  0.0  2.1  0.5  0.0
  7.3  0.3  0.0  7.6  2.1  0.0  2.9  2.6  0.0  0.0  0.0  0.0  0.0  0.0  0.0
  0.0  0.3  0.0  0.0  0.0  0.0  0.0 14.3  3.1  2.9  6.5 33.4  5.2  8.9 10.4
  2.3  2.6  0.8  3.9  0.5  2.1  0.3 40.2 20.6 24.8  3.4  4.7  9.4  9.1  0.0
      1.28      5.02     -4.39     -1.98      1.50  0.3  0.0  0.0  0.0  0.0
                                4000_story_0969_llm_free.txt 35.3  4.5 2788
 17.9  3.2  5.7 40.2  5.7  1.8  2.5  0.0 10.0 19.7  1.8  0.7  0.4  6.5  0.4
  0.4  2.2  4.7  9.3  2.2  2.2252.2 89.3 28.3129.1 72.5 14.3  5.7  0.0  0.7
  0.0  1.1 17.9 11.5 15.8 31.9  5.7  3.6  1.8  0.0  2.5  1.4  3.9  6.1  0.0
  4.3  3.9  0.7  3.2  2.9 10.8 15.1 10.4  4.3  0.7 60.3 88.2  2.5182.9  9.7
  2.2  0.0  0.0  0.0  0.0  0.0  0.0  0.0  0.0  0.0  0.0  0.0  0.0  0.0  0.0
  0.0  0.0  0.0  0.4  0.0  3.6  0.4  0.0  0.0  0.0  0.0  0.0  0.0  0.0  0.0
  0.4  0.0  1.1  0.0  0.0  0.0  0.0  0.0  0.0  0.0  0.0  0.4  2.2  0.0  0.0
  4.3  0.0  0.0  4.3  1.4  0.0  1.4  2.5  0.0  0.0  0.0  0.0  0.0  0.0  0.0
  0.0  0.7  0.0  0.0  0.0  0.0  0.0 16.5  3.2  1.1  5.7 28.3  5.0  9.0 13.3
  2.2  1.1  2.9  2.9  0.0  1.4  0.0 38.4 11.1 21.2  1.4 11.1 12.6 11.8  0.0
      0.71      5.56     -6.76     -3.40      1.15  0.0  0.0  0.0  0.0  0.0
                                4000_story_0972_llm_free.txt 39.0  4.4 3470
 17.0  6.1  8.6 47.6 15.6  0.6  5.8  1.4 15.0 15.3  0.6  1.7  0.0  3.7  0.3
  0.3  2.6  3.5 13.0  1.2  0.9262.8 73.2 28.0137.5 69.2 12.4 11.0  0.3  0.9
  0.0  2.3 21.9  6.1 19.3 30.0  5.5  4.0  2.6  1.2  2.3  2.0  3.5  5.8  0.3
  7.2  6.9  0.6  1.2  5.2  9.8 25.1 13.3  3.7  1.2 50.1 99.7  2.9204.9  7.8
  1.4  0.0  0.0  0.0  0.0  0.0  0.0  0.0  0.0  0.0  0.0  0.0  0.0  0.0  0.0
  0.0  0.0  0.0  4.0  0.6  2.0  1.4  0.0  0.0  0.0  0.0  0.0  0.0  0.6  1.4
  0.3  0.9  1.2  0.3  0.0  0.0  0.0  0.0  0.0  0.9  0.3  0.3  2.9  0.6  0.0
  8.1  0.0  0.6  8.6  4.0  0.0  4.9  4.0  0.0  0.0  0.0  0.0  0.0  0.0  0.0
  0.0  0.6  0.0  0.0  0.0  0.0  0.0 12.4  3.2  1.4  6.6 26.5  3.5  5.2 24.2
  2.9  1.4  3.7  2.3  0.3  0.3  0.0 51.9 19.0 19.3  1.4  8.6 11.0 10.1  0.0
      1.78      6.28     -5.16     -2.38      1.95  0.0  0.0  0.0  0.0  0.0
                                4000_story_0973_llm_free.txt 38.3  4.4 3946
 17.5  3.3  5.3 46.9 11.9  0.5  4.1  1.0 20.0 15.7  0.5  0.5  0.0  5.3  0.0
  0.3  1.5  5.3 11.7  0.8  2.0259.5 80.1 39.5123.2 56.3 12.9  9.1  0.3  1.0
  0.0  1.0 19.0  7.6 13.2 30.9  6.1  1.8  2.8  1.3  1.5  0.3  2.3  3.5  0.0
  4.8  5.6  1.0  2.8  5.1  8.6 20.0  8.4  2.3  1.3 63.4 88.2  1.8182.7  5.8
  1.8  0.3  0.0  0.0  0.0  0.0  0.0  0.0  0.0  0.0  0.0  0.0  0.0  0.0  0.0
  0.0  0.0  0.0  1.8  0.5  2.3  1.0  0.0  0.3  0.0  0.0  0.0  0.0  0.0  0.8
  0.3  1.0  0.8  0.5  0.0  0.0  0.0  0.0  0.0  0.0  0.0  0.5  1.5  0.5  0.0
  5.6  0.3  0.0  5.8  3.3  0.0  3.3  2.5  0.0  0.0  0.0  0.0  0.0  0.0  0.0
  0.0  0.5  0.0  0.0  0.0  0.0  0.0 10.6  0.5  1.3  5.3 30.7  4.3  4.8 20.3
  3.8  1.3  1.5  8.4  0.0  0.8  0.0 40.3 16.5 19.3  1.0  7.3 12.7  9.1  0.0
     -1.84      5.00     -4.48     -3.88     -0.11  0.5  0.0  0.0  0.0  0.0
                                4000_story_0976_llm_free.txt 37.0  4.5 3552
 21.7  9.3  1.1 42.5  3.1  0.3  2.8  0.6  5.1 22.2  1.4  3.1  0.3  7.9  0.0
  0.0  1.7  8.7 13.0  2.3  0.8264.6 78.5 22.5123.9 64.8 15.8  7.6  0.3  0.8
  0.6  2.0 31.0  7.6  9.6 31.0  8.2  3.9  3.4  2.3  1.4  2.0  3.7  5.1  0.0
  3.1  4.5  1.4  2.8  5.1 14.1 24.8  8.2  3.9  1.7 58.0 72.9  1.1184.4  6.5
  0.8  0.0  0.0  0.0  0.0  0.0  0.0  0.0  0.0  0.0  0.0  0.0  0.0  0.0  0.0
  0.0  0.0  0.0  3.1  2.3  4.5  0.8  0.0  0.0  0.0  0.0  0.0  0.0  0.0  0.6
  0.8  1.7  1.4  0.0  0.0  0.0  0.0  0.0  0.0  0.3  0.0  0.0  2.8  1.1  0.0
 10.7  0.0  0.0 10.7  4.5  0.0  4.8  3.9  0.0  0.0  0.0  0.0  0.0  0.0  0.0
  0.0  0.3  0.0  0.0  0.0  0.0  0.0 15.5  3.4  3.7  6.8 35.2  5.6  7.3 11.0
  0.8  1.1  1.7  1.7  0.0  0.6  0.0 35.8 23.1 30.1  0.6  7.3 11.5  9.6  0.0
      4.79      5.66     -1.79     -2.09      0.43  0.3  0.3  0.0  0.0  0.0
                                4000_story_0979_llm_free.txt 37.5  4.5 3021
 14.2  4.0  8.6 33.1  4.3  1.0  2.6  0.3  6.3 19.9  0.7  1.0  0.7  5.3  1.3
  0.3  0.7  4.3  9.9  1.0  1.3282.7 91.7 29.1120.5 48.0 18.9 11.6  0.0  2.0
  0.0  1.3 16.6  7.0 15.2 29.5  5.0  0.0  2.3  0.7  0.7  0.7  2.6  9.3  0.3
  4.6  6.0  2.6  1.0  3.6  5.0 18.9 14.2  1.7  2.0 61.2 58.6  1.3167.8  9.3
  1.3  0.0  0.0  0.0  0.0  0.0  0.0  0.0  0.0  0.0  0.0  0.0  0.0  0.0  0.0
  0.0  0.0  0.0  3.3  0.3  2.6  0.7  0.0  0.0  0.0  0.0  0.0  0.0  0.0  0.7
  0.3  0.7  0.0  0.0  0.0  0.0  0.0  0.0  0.3  0.3  0.0  0.0  0.3  1.3  0.0
  7.0  0.0  0.0  7.0  1.7  0.3  2.3  1.7  0.0  0.0  0.0  0.0  0.0  0.0  0.0
  0.3  0.3  0.0  0.0  0.0  0.0  0.0  5.6  1.7  0.0  5.3 43.7  6.6  5.0  8.9
  0.0  1.3  2.3  3.6  0.0  0.7  0.7 41.7 17.9 14.9  2.0  5.3  9.6  8.9  0.0
     -4.35      6.14     -4.53     -4.98      1.18  0.7  0.0  0.0  0.0  0.0
                                4000_story_0980_llm_free.txt 36.0  4.5 3229
 21.1  3.7  2.8 25.1  6.8  0.3  0.9  0.3  5.0 19.5  0.3  0.9  0.0  6.2  0.3
  0.3  0.6  4.0 12.4  0.9  1.9283.1 89.8 34.7127.0 49.9 18.6  7.4  0.3  0.6
  0.0  2.2 18.3  9.6 18.0 28.2  6.2  2.2  1.5  0.9  0.9  2.5  3.7  5.0  0.9
  4.6  4.3  0.6  1.2  2.8  7.1 20.7 10.5  1.5  0.9 68.1 61.6  0.6169.1  6.2
  2.2  0.0  0.0  0.0  0.0  0.0  0.0  0.0  0.0  0.0  0.0  0.0  0.0  0.0  0.0
  0.0  0.0  0.0  1.9  0.3  2.2  0.9  0.0  0.0  0.0  0.0  0.0  0.0  0.0  0.3
  0.0  0.9  0.9  0.0  0.0  0.0  0.0  0.0  0.0  0.6  0.0  0.3  1.9  1.5  0.0
  5.3  0.0  0.0  5.3  2.2  0.0  2.8  3.7  0.0  0.0  0.0  0.0  0.0  0.0  0.0
  0.0  0.3  0.0  0.3  0.0  0.0  0.0  8.4  0.9  0.6  8.7 36.5  5.3  4.0 17.3
  2.2  1.9  1.5  5.6  0.3  0.0  0.3 37.8 15.5 22.6  1.2  8.1 12.7  9.9  0.0
     -5.31      5.61     -6.09     -3.73      1.66  0.3  0.0  0.0  0.0  0.0
                                4000_story_0983_llm_free.txt 33.8  4.4 3985
 13.8  3.5  8.8 33.1 17.1  0.8  2.0  0.8 19.8 21.8  0.8  0.5  0.0  3.8  1.8
  0.3  2.0  3.5  3.5  1.0  1.3270.3 79.5 26.6130.2 69.8 12.3 11.5  0.5  1.0
  0.0  2.0 17.8  8.0 12.8 29.9  6.0  5.0  1.5  1.8  1.3  2.5  2.5  5.5  0.0
  6.5  5.0  1.3  2.0  3.5  9.8 12.8 12.0  3.0  1.5 58.7106.6  2.0179.4  6.3
  2.0  0.0  0.0  0.0  0.0  0.0  0.0  0.0  0.0  0.0  0.0  0.0  0.0  0.0  0.0
  0.0  0.0  0.0  1.5  0.0  2.8  0.3  0.3  0.0  0.0  0.0  0.0  0.0  0.0  1.0
  0.3  1.0  0.3  0.0  0.0  0.0  0.3  0.0  0.0  0.0  0.0  0.0  1.3  0.3  0.0
  4.5  0.3  0.0  4.8  2.5  0.3  2.8  1.5  0.0  0.0  0.0  0.0  0.0  0.0  0.0
  0.0  0.5  0.5  0.0  0.0  0.0  0.0 19.1  1.8  2.8  5.8 28.9  4.8  5.0  9.8
  2.5  2.3  1.3  6.3  0.0  1.3  0.3 37.9 18.1 17.1  2.3  9.5 10.5  8.3  0.0
     -2.03      6.16     -4.00     -2.52      0.88  0.3  0.0  0.3  0.0  0.0
                                4000_story_0986_llm_free.txt 35.5  4.5 3148
 14.9  3.5  8.9 44.8 12.4  1.3  2.5  0.6 13.0 14.3  0.3  0.6  0.6  5.1  0.6
  1.0  1.3  3.5 13.0  1.0  1.0270.3 83.9 32.7118.8 61.3 16.5  9.5  0.3  1.3
  0.0  1.6 19.4  7.9 14.9 31.8  5.7  4.1  2.9  1.9  1.6  1.9  4.4  5.4  0.6
  3.5  5.4  0.0  2.5  5.1  9.2 22.6  9.5  2.2  1.6 60.7 86.7  0.6176.9  6.4
  2.5  0.0  0.0  0.0  0.0  0.0  0.0  0.0  0.0  0.0  0.0  0.0  0.0  0.0  0.0
  0.0  0.0  0.0  1.3  0.3  1.3  1.3  0.3  0.0  0.0  0.0  0.0  0.0  0.0  0.0
  0.3  0.6  1.9  0.0  0.0  0.0  0.3  0.0  0.0  0.3  0.0  0.0  1.6  1.3  0.0
  4.1  0.3  0.0  4.4  2.9  0.3  3.5  2.9  0.0  0.0  0.0  0.0  0.0  0.0  0.0
  0.0  0.3  0.0  0.0  0.0  0.0  0.0 12.7  2.2  1.0  6.0 28.3  1.6  6.4 19.4
  2.5  1.9  2.9  3.2  0.3  0.6  0.0 35.6 15.9 21.3  1.3  9.2 12.4  6.7  0.0
     -2.80      5.85     -4.74     -2.31      1.59  0.0  0.0  0.0  0.0  0.0
                                4000_story_0987_llm_free.txt 37.5  4.6 3088
 13.9  5.5  8.7 45.7 13.6  1.3  2.3  1.3 18.5 16.5  1.3  1.3  0.6  4.5  0.6
  0.6  1.9  2.9  8.4  1.3  0.6262.6 78.4 24.6126.0 65.7  9.4 13.3  0.0  1.0
  0.0  1.0 23.0  9.4 13.0 30.1  5.2  5.2  2.9  1.9  2.3  1.6  4.2  4.5  0.0
  5.5  5.8  1.0  2.9  6.2 10.4 18.5 10.0  3.2  1.0 62.5 97.8  3.9187.8  8.1
  1.6  0.0  0.0  0.0  0.0  0.0  0.0  0.0  0.0  0.0  0.0  0.0  0.0  0.0  0.0
  0.0  0.0  0.0  3.2  0.3  1.9  1.0  0.0  0.0  0.0  0.0  0.0  0.0  0.0  0.6
  0.3  1.0  0.6  0.0  0.0  0.0  0.0  0.0  0.0  0.0  0.0  0.0  3.2  0.0  0.0
  6.5  0.0  0.0  6.5  2.6  0.0  2.6  3.2  0.0  0.0  0.0  0.0  0.0  0.0  0.0
  0.0  0.6  0.0  0.0  0.0  0.0  0.0 13.0  5.8  1.0  5.5 33.0  4.9  6.5  4.5
  1.6  1.6  1.3  1.0  0.3  1.0  0.3 36.9 18.8 16.2  3.9  9.4 11.0 13.6  0.0
     -0.68      5.60     -4.79     -1.82      1.47  0.6  0.0  0.0  0.0  0.0
                                4000_story_0989_llm_free.txt 35.3  4.5 3325
 17.1  4.5  4.8 47.2 20.5  0.6  3.9  0.9 17.4 17.7  1.2  0.9  0.3  6.0  0.0
  1.2  1.8  4.5  8.1  1.2  1.5260.5 77.6 28.6118.2 53.2  9.9  9.9  0.0  0.6
  0.0  1.8 17.7  9.6  9.9 33.7  4.5  4.8  3.0  1.2  2.1  1.8  3.0  6.9  0.3
  5.4  3.0  2.7  1.5  4.2 11.4 15.0 12.6  3.0  0.6 62.0 91.1  0.6182.3  6.9
  2.1  0.3  0.0  0.0  0.0  0.0  0.0  0.0  0.0  0.0  0.0  0.0  0.0  0.0  0.0
  0.0  0.0  0.0  2.1  0.0  3.9  1.8  0.3  0.0  0.0  0.0  0.0  0.0  0.0  0.3
  0.0  1.5  0.6  0.3  0.0  0.0  0.0  0.0  0.0  0.0  0.3  0.0  2.7  0.3  0.0
  7.8  0.3  0.0  8.1  2.7  0.0  2.7  3.3  0.0  0.0  0.0  0.0  0.0  0.0  0.0
  0.0  0.3  0.0  0.0  0.0  0.0  0.0 12.3  3.6  2.7  6.9 30.7  2.4  9.9 13.5
  2.1  0.3  1.8  0.6  0.0  1.2  0.3 38.5 16.5 18.6  2.1 10.2 12.6 10.8  0.0
      0.42      4.27     -4.41     -2.22      1.28  0.0  0.0  0.0  0.0  0.0
                                4000_story_0996_llm_free.txt 36.3  4.4 4070
 16.0  3.4  8.1 48.9 12.0  1.5  3.9  1.5 18.9 13.8  0.2  1.2  0.0  7.1  0.5
  0.5  2.2  5.2  8.4  1.7  2.9253.6 77.1 34.4123.8 67.3 13.8 11.1  0.2  0.0
  0.5  1.7 15.5  9.3 13.3 31.7  5.2  2.0  2.7  1.5  2.0  1.7  2.2  3.7  0.5
  6.1  4.2  0.7  2.7  3.9  9.1 17.0 10.3  3.9  0.7 62.9 98.3  2.2188.0  5.9
  1.2  0.0  0.0  0.0  0.0  0.0  0.0  0.0  0.0  0.0  0.0  0.0  0.0  0.0  0.0
  0.0  0.0  0.0  0.5  0.5  2.5  1.2  0.2  0.0  0.0  0.0  0.0  0.0  0.0  0.0
  0.2  2.0  0.2  0.0  0.0  0.2  0.2  0.0  0.0  0.5  0.2  0.0  2.2  1.2  0.0
  4.7  0.2  0.0  4.9  2.5  0.5  3.4  3.7  0.0  0.0  0.0  0.0  0.0  0.0  0.0
  0.0  0.5  0.0  0.0  0.0  0.0  0.0 14.7  1.7  3.7  6.1 29.0  1.0  8.6 16.0
  4.7  1.2  3.2  7.9  0.0  1.0  0.0 37.3 19.4 21.6  0.5  7.9 14.5  9.6  0.0
      2.18      6.03     -5.09     -2.97      0.67  0.2  0.0  0.0  0.0  0.0
                                4000_story_0997_llm_free.txt 37.8  4.6 3493
 18.6  5.7  7.2 55.8  8.6  1.1  2.9  0.9  9.4 22.3  0.9  1.1  0.6  7.4  0.6
  0.9  1.7  6.3 11.5  0.6  0.3267.7 72.1 32.4118.8 55.8 12.9 10.0  0.0  3.1
  0.0  1.7 27.2  7.4 12.3 26.3  6.9  2.9  1.4  0.6  2.0  1.1  2.0  6.6  0.6
  5.7  6.0  1.4  3.1  3.4 11.2 20.9 12.9  2.3  3.1 68.1 73.9  2.3193.2  8.3
  1.7  0.0  0.0  0.0  0.0  0.0  0.0  0.0  0.0  0.0  0.0  0.0  0.0  0.0  0.0
  0.0  0.0  0.0  1.7  3.1  3.1  1.4  0.0  0.0  0.0  0.0  0.0  0.0  0.0  0.0
  1.1  1.4  1.1  0.9  0.0  0.0  0.0  0.3  0.0  0.3  0.0  0.0  2.0  1.1  0.0
  9.4  0.0  0.0  9.4  4.6  0.3  5.2  3.1  0.0  0.0  0.0  0.0  0.0  0.0  0.0
  0.0  0.0  0.0  0.0  0.0  0.0  0.0 16.9  1.1  1.4  6.3 36.4  2.6 10.0 13.5
  2.6  0.9  1.7  2.0  0.3  0.9  0.6 32.6 17.7 26.1  3.7  8.9 11.2  8.9  0.0
      1.31      4.99     -2.17     -3.79      0.91  0.0  0.0  0.0  0.0  0.0
                                4000_story_1000_llm_free.txt 37.0  4.5 3303
 13.9  3.3  1.8 25.1  5.8  0.3  2.4  0.9  5.1 19.4  0.3  0.9  0.6  5.8  0.0
  0.6  0.0  3.6 10.6  0.0  1.8280.4 99.0 30.3117.2 53.0 20.3  4.2  0.3  1.5
  0.0  3.6 21.2  7.0 17.0 31.8  9.4  1.5  0.3  2.1  1.2  0.6  3.6  5.4  0.0
  5.1  6.4  1.2  2.4  4.5  6.4 23.6 10.6  0.0  1.8 64.2 63.9  1.8162.6  4.2
  0.9  0.0  0.0  0.0  0.0  0.0  0.0  0.0  0.0  0.0  0.0  0.0  0.0  0.0  0.0
  0.0  0.0  0.0  3.0  0.6  1.5  1.5  0.0  0.0  0.0  0.0  0.0  0.0  0.0  0.6
  0.0  2.4  0.3  1.2  0.0  0.0  0.0  0.3  0.0  1.8  0.0  0.3  1.2  0.6  0.0
  6.7  0.0  0.0  6.7  4.5  0.3  6.7  2.1  0.0  0.0  0.0  0.0  0.0  0.0  0.0
  0.0  0.0  0.0  0.0  0.0  0.0  0.0  7.0  1.8  1.2 10.6 40.9  3.9  5.4 11.5
  4.5  1.5  2.4  1.8  0.0  1.5  0.0 37.8 14.8 17.9  0.0  7.3 13.0  7.0  0.0
     -8.41      5.17     -4.06     -4.36      1.13  0.3  0.0  0.0  0.0  0.0
                                4000_story_1009_llm_free.txt 37.5  4.7 3269
 18.7  4.6  2.1 36.4  5.2  1.5  3.7  1.2 13.2 16.8  1.5  0.9  0.0  7.3  0.3
  0.3  2.1  2.1  9.5  0.9  1.8295.2 98.8 33.0113.2 34.9 11.3  6.4  0.3  0.6
  0.0  2.1 27.5  6.1 15.0 32.7  4.9  7.0  2.4  1.5  1.5  1.8  1.5  4.6  0.6
  5.5  3.4  0.9  3.4  4.3 10.7 17.4 10.7  3.1  0.9 67.0 53.2  1.5165.5  5.5
  1.2  0.0  0.0  0.0  0.0  0.0  0.0  0.0  0.0  0.0  0.0  0.0  0.0  0.0  0.0
  0.0  0.0  0.0  1.8  0.9  0.6  2.8  0.0  0.0  0.0  0.0  0.0  0.0  0.0  0.0
  0.3  1.5  0.6  0.3  0.0  0.0  0.3  0.0  0.0  0.0  0.0  0.0  1.8  0.9  0.0
  6.1  0.0  0.0  6.1  2.8  0.3  3.1  2.8  0.0  0.0  0.0  0.0  0.0  0.0  0.0
  0.0  0.6  0.0  0.0  0.0  0.0  0.0  9.8  2.1  2.8  6.4 38.2  4.9  7.0 11.0
  0.9  0.9  3.1  1.5  0.0  0.9  0.6 32.1 13.8 23.2  1.2  8.3 11.3  8.9  0.0
     -3.00      2.91     -3.85     -1.98      0.27  0.0  0.3  0.0  0.0  0.0
                                4000_story_1014_llm_free.txt 38.3  4.4 3268
 14.4  1.8  8.0 45.6 12.2  0.6  2.1  0.9 20.8 19.3  0.6  0.6  0.3  6.4  0.3
  0.3  1.5  5.5  9.8  0.0  0.6286.4 79.9 33.0120.3 54.8 12.5  8.9  0.0  0.9
  0.0  1.8 26.0  8.6 10.4 35.2  4.6  6.1  3.1  1.8  0.3  0.9  2.4  6.7  0.0
  4.6  4.9  0.9  1.2  3.7 11.9 19.0 11.3  1.5  0.9 62.1 87.8  1.8176.3  4.9
  0.3  0.0  0.0  0.0  0.0  0.0  0.0  0.0  0.0  0.0  0.0  0.0  0.0  0.0  0.0
  0.0  0.0  0.0  0.9  0.3  1.5  0.6  0.6  0.0  0.0  0.0  0.0  0.0  0.0  0.3
  0.0  0.6  0.0  0.6  0.0  0.3  0.6  0.0  0.0  0.3  0.3  0.0  1.5  0.9  0.0
  3.4  0.6  0.0  4.0  1.5  0.9  2.8  2.8  0.0  0.0  0.0  0.0  0.0  0.0  0.0
  0.0  0.3  0.0  0.0  0.0  0.0  0.0  9.5  2.8  2.1  6.7 30.3  4.9 15.3  7.3
  1.5  1.2  0.9  3.7  0.6  1.5  0.0 35.5 19.6 18.1  1.8  5.5 12.5  9.5  0.0
     -3.28      4.72     -3.59     -2.81      0.40  0.0  0.0  0.0  0.0  0.0
                                4000_story_1017_llm_free.txt 36.8  4.5 4019
 15.7  5.0  7.2 41.1 12.9  0.5  4.0  0.7 14.7 19.4  0.5  0.7  0.2  7.0  0.5
  0.2  2.0  3.5  6.5  1.0  2.7277.9 80.4 33.8127.6 59.7  9.2 10.9  0.2  0.2
  0.0  1.5 15.9  5.0 16.4 27.1  5.2  2.5  2.0  0.7  2.2  0.7  3.5  4.7  0.7
  5.2  7.2  1.0  1.7  3.7  8.2 16.7 10.7  3.0  0.5 64.7 87.3  4.0184.1  4.7
  0.7  0.0  0.0  0.0  0.0  0.0  0.0  0.0  0.0  0.0  0.0  0.0  0.0  0.0  0.0
  0.0  0.0  0.0  2.0  0.2  2.5  1.7  0.0  0.0  0.0  0.0  0.2  0.0  0.0  0.5
  0.2  0.2  0.2  0.5  0.0  0.0  0.0  0.0  0.2  0.2  0.0  0.0  0.2  0.5  0.0
  6.5  0.0  0.2  6.7  1.7  0.2  2.2  0.7  0.0  0.0  0.0  0.0  0.0  0.0  0.0
  0.2  0.5  0.0  0.0  0.0  0.0  0.0 12.2  2.2  3.5  6.7 31.6  5.5  3.5  8.0
  1.0  2.0  2.2  2.2  0.0  0.2  0.5 38.6 17.7 18.7  3.0  6.2  9.0  6.2  0.0
     -0.70      4.92     -4.89     -3.67      1.53  0.0  0.0  0.0  0.0  0.0
                                4000_story_1028_llm_free.txt 36.0  4.6 3259
 14.1  4.9  5.5 40.2  8.6  1.5  2.5  1.5 12.3 16.0  0.3  0.9  0.9  6.8  0.3
  0.0  0.9  4.6 11.0  1.5  2.5268.5 80.7 34.4122.4 57.7 17.5 11.0  0.0  0.3
  0.6  2.5 23.6  8.6 16.3 23.6  4.3  2.5  0.9  1.8  2.1  0.9  3.1  9.5  0.0
  4.6  3.4  1.5  1.5  4.9  9.2 19.6 14.1  2.5  0.9 73.6 78.6  0.9181.7  9.5
  1.5  0.6  0.0  0.0  0.0  0.0  0.0  0.0  0.0  0.0  0.0  0.0  0.0  0.0  0.0
  0.0  0.0  0.0  2.5  0.0  3.4  1.5  0.0  0.3  0.0  0.0  0.0  0.0  0.0  0.9
  0.0  0.3  0.0  0.9  0.0  0.0  0.0  0.0  0.0  0.0  0.0  0.0  1.2  0.3  0.0
  7.4  0.3  0.0  7.7  2.1  0.0  2.1  1.5  0.0  0.0  0.0  0.0  0.0  0.0  0.0
  0.6  0.0  0.0  0.0  0.0  0.0  0.0 14.4  1.8  0.6  9.8 41.1  2.1  4.9 21.5
  4.6  0.9  2.5  1.5  0.0  0.9  0.0 38.7 17.8 19.3  2.5  7.4 10.7  6.8  0.0
     -1.79      6.27     -4.35     -3.50      1.22  0.3  0.0  0.0  0.0  0.0
                                4000_story_1030_llm_free.txt 38.0  4.5 3416
 20.5  4.7  9.1 48.0 16.4  1.2  2.6  0.9 15.8 11.1  0.3  1.2  0.3  6.1  0.9
  0.3  0.9  4.7  7.9  0.9  0.0268.1 79.9 32.8124.7 62.4 14.6  7.9  0.0  1.2
  0.0  1.2 26.9  7.0 13.5 22.8  9.1  1.8  1.5  0.3  2.3  1.2  1.5  6.7  0.0
  4.7  3.5  1.2  2.0  2.0  8.8 14.1 11.4  1.8  1.2 57.7 94.6  2.3193.2  9.1
  1.8  0.6  0.0  0.0  0.0  0.0  0.0  0.0  0.0  0.0  0.0  0.0  0.0  0.0  0.0
  0.0  0.0  0.0  0.6  0.9  3.5  1.8  0.9  0.3  0.0  0.0  0.0  0.6  0.0  0.6
  0.3  1.8  2.0  0.9  0.0  0.0  0.3  0.0  0.0  0.3  0.0  0.0  1.8  0.9  0.0
  6.7  1.2  0.6  8.5  5.6  0.3  6.1  2.6  0.0  0.0  0.0  0.0  0.0  0.0  0.0
  0.0  0.9  0.0  0.0  0.0  0.0  0.0 11.4  2.6  2.9  9.1 34.8  2.9  6.1 16.1
  5.0  1.5  2.9  2.6  0.0  0.6  0.0 46.0 16.7 27.2  2.0  6.7 11.4  8.5  0.0
     -2.88      5.42     -3.40     -4.00     -0.18  0.3  0.0  0.0  0.0  0.0
                                4000_story_1031_llm_free.txt 34.3  4.6 3240
 15.7  4.3  7.4 34.6  4.3  0.0  1.9  0.6  6.2 20.4  0.6  0.9  0.6  7.1  0.6
  0.6  1.9  3.7  8.0  0.6  1.5289.5 92.3 25.9123.8 54.9 15.1  9.3  0.0  0.9
  0.3  3.4 18.2  7.4 15.7 25.3  5.6  1.2  2.8  1.5  0.9  2.2  2.5  2.8  0.3
  6.5  8.6  0.6  1.2  2.5  5.9 22.5  9.6  2.5  1.2 58.3 65.4  0.9178.4  6.8
  1.2  0.0  0.0  0.0  0.0  0.0  0.0  0.0  0.0  0.0  0.0  0.0  0.0  0.0  0.0
  0.0  0.0  0.0  0.9  0.6  3.4  0.3  0.0  0.0  0.0  0.0  0.0  0.0  0.0  0.3
  0.0  1.5  0.3  0.0  0.0  0.3  0.0  0.0  0.0  0.0  0.0  0.0  2.2  0.3  0.0
  5.2  0.0  0.0  5.2  2.2  0.3  2.5  2.5  0.0  0.0  0.0  0.0  0.0  0.0  0.0
  0.0  0.0  0.0  0.0  0.0  0.0  0.0 10.5  1.5  2.5  8.0 35.8  4.6  4.6 10.5
  0.6  1.5  1.2  3.4  0.0  1.2  0.6 38.3 18.8 19.8  1.2  8.6 11.4 11.7  0.0
     -3.22      5.41     -3.94     -3.41      0.67  0.0  0.0  0.0  0.0  0.0
                                4000_story_1032_llm_free.txt 34.0  4.5 2956
 20.6  5.8  3.4 35.5  8.1  1.0  2.7  0.7 13.9 15.9  0.7  1.4  0.3  6.1  0.7
  0.3  0.3  3.4  9.8  1.4  0.7266.2 83.6 28.1116.7 62.2 13.2  9.5  0.0  0.3
  0.0  2.0 22.0  7.4 10.1 30.4  6.4  4.1  1.4  1.0  2.7  2.0  5.1  6.1  0.0
  4.7  7.8  1.0  3.0  5.8 10.1 22.0 10.8  1.7  0.3 65.6 84.2  1.4171.2  5.4
  1.7  0.0  0.0  0.0  0.0  0.0  0.0  0.0  0.0  0.0  0.0  0.0  0.0  0.0  0.0
  0.0  0.0  0.0  2.4  1.7  2.4  0.7  0.3  0.0  0.0  0.0  0.0  0.0  0.3  0.0
  0.7  0.3  0.7  0.3  0.0  0.3  0.3  0.0  0.0  0.0  0.0  0.0  2.0  0.7  0.0
  7.1  0.3  0.3  7.8  2.0  0.7  2.7  2.7  0.0  0.0  0.0  0.0  0.0  0.0  0.0
  0.0  1.0  0.0  0.0  0.0  0.0  0.0 10.1  2.0  1.7  6.8 25.4  6.1  5.8  7.1
  0.7  0.7  2.0  2.7  0.0  1.7  0.3 30.8 16.2 24.4  1.7  6.8 10.5  6.8  0.0
     -3.33      5.17     -3.42     -2.64      2.00  0.3  0.0  0.0  0.0  0.0
                                4000_story_1045_llm_free.txt 36.8  4.5 3685
 16.8  5.7  9.0 43.1  8.4  1.4  4.1  1.1 12.2 20.4  0.3  1.4  0.5  6.2  0.5
  0.0  1.4  5.7  6.5  1.4  1.1266.5 82.0 29.6122.9 55.9 11.9 10.0  0.0  0.8
  0.5  0.8 18.7  8.1 13.6 30.4  5.4  5.4  2.4  1.6  1.1  2.4  1.9  4.9  0.5
  5.2  3.8  1.4  3.0  3.0 12.2 14.1 10.6  2.7  1.4 60.2 76.5  2.4185.6  6.8
  2.2  0.3  0.0  0.0  0.0  0.0  0.0  0.0  0.0  0.0  0.0  0.0  0.0  0.0  0.0
  0.0  0.0  0.0  2.7  0.3  2.2  1.9  0.0  0.0  0.0  0.0  0.0  0.0  0.0  0.5
  0.0  0.8  1.4  0.0  0.0  0.0  0.0  0.0  0.0  0.0  0.0  0.0  3.8  0.8  0.0
  7.1  0.0  0.0  7.1  2.7  0.0  2.7  4.6  0.0  0.0  0.0  0.0  0.0  0.0  0.0
  0.3  0.8  0.0  0.0  0.3  0.0  0.0 14.9  1.6  1.9  7.3 23.9  3.5 14.7 12.2
  1.1  2.2  0.8  2.2  0.8  0.8  0.0 41.8 17.9 19.5  0.8  9.0 10.9 10.6  0.0
     -0.47      4.96     -4.57     -2.29      0.38  0.3  0.0  0.3  0.0  0.0
                                4000_story_1049_llm_free.txt 34.5  4.5 3675
 18.8  4.9  3.3 33.7  6.3  0.3  3.8  0.5  9.8 23.1  0.8  2.4  0.0  6.3  0.5
  0.3  1.1  3.8  7.3  1.6  1.1277.0 81.9 21.2135.8 55.5 16.3  9.8  0.3  1.1
  0.3  0.5 23.7  7.6 14.4 29.9  7.9  2.4  4.6  1.9  0.5  3.0  1.9  7.1  0.5
  5.2  4.6  1.9  1.1  4.1  6.8 16.9 12.8  2.7  1.6 55.2 71.6  2.2187.8  4.9
  1.1  0.0  0.0  0.0  0.0  0.0  0.0  0.0  0.0  0.0  0.0  0.0  0.0  0.0  0.0
  0.0  0.0  0.0  2.2  0.3  2.7  2.2  0.0  0.0  0.0  0.0  0.0  0.0  0.0  0.3
  0.0  2.2  1.6  1.1  0.0  0.0  0.0  0.0  0.0  0.0  0.3  0.3  2.7  1.6  0.0
  7.3  0.0  0.0  7.3  5.2  0.0  5.2  4.9  0.0  0.0  0.0  0.0  0.0  0.0  0.0
  0.0  0.3  0.0  0.0  0.0  0.0  0.0 15.5  5.4  0.8  7.3 31.6  2.2  5.2 22.0
  5.4  0.5  2.7  1.1  0.0  1.1  0.3 36.5 17.7 22.0  1.4  9.5 13.9 10.3  0.0
     -1.15      6.16     -4.35     -2.21      0.72  1.1  0.0  0.0  0.0  0.0
                                4000_story_1052_llm_free.txt 33.5  4.4 3768
 18.0  5.3  8.5 41.7 12.5  1.1  2.7  0.5 14.9 18.8  0.5  1.3  0.3  5.3  0.0
  0.3  0.3  5.0  9.3  1.3  1.3275.7 84.7 27.3114.6 56.5 15.9  9.0  0.3  1.3
  0.0  1.3 22.0  6.6 11.9 30.8  6.4  4.0  1.9  1.9  2.1  2.7  2.7  5.8  0.5
  3.7  4.5  0.5  3.5  4.8 11.1 18.3 10.1  1.6  1.6 57.3 83.9  1.1171.4  4.5
  0.8  0.0  0.0  0.0  0.0  0.0  0.0  0.0  0.0  0.0  0.0  0.0  0.0  0.0  0.0
  0.0  0.0  0.0  2.7  0.5  2.7  1.3  0.0  0.0  0.0  0.0  0.0  0.0  0.0  0.8
  0.5  1.9  0.8  0.8  0.0  0.8  0.0  0.0  0.0  0.0  0.5  0.0  2.4  0.3  0.0
  7.2  0.0  0.0  7.2  4.8  0.8  5.6  3.2  0.0  0.0  0.0  0.0  0.0  0.0  0.0
  0.0  0.3  0.8  0.0  0.0  0.0  0.0 11.9  2.1  1.3  6.1 35.0  3.7  6.9  8.8
  8.2  0.0  1.6  1.9  0.3  0.8  0.0 38.7 16.7 22.3  2.4  5.6  8.2  8.2  0.0
     -3.05      5.29     -3.34     -2.14      0.52  0.0  0.0  0.3  0.0  0.0
                                4000_story_1055_llm_free.txt 34.8  4.5 3649
 20.0  7.1  6.0 43.3  9.0  0.3  4.1  0.5 11.5 21.4  0.3  0.5  0.0  4.7  0.3
  0.5  2.2  4.9  8.2  0.3  1.4274.0 81.7 31.0120.9 54.5 15.1  8.5  0.3  0.3
  0.3  1.9 22.7 10.7 15.6 33.4  3.0  4.1  0.8  1.9  1.9  0.8  3.3  4.9  0.8
  4.9  6.6  1.1  1.9  2.5 11.0 19.2 10.7  2.5  0.8 61.1 75.1  1.6177.9  6.6
  1.6  0.0  0.0  0.0  0.0  0.0  0.0  0.0  0.0  0.0  0.0  0.0  0.0  0.0  0.0
  0.0  0.0  0.0  2.2  1.1  4.7  0.5  0.0  0.0  0.0  0.0  0.0  0.0  0.0  0.3
  0.0  0.3  0.3  0.3  0.0  0.3  0.0  0.0  0.0  0.0  0.0  0.0  1.6  0.8  0.0
  8.5  0.0  0.0  8.5  1.1  0.3  1.4  2.5  0.0  0.0  0.0  0.0  0.0  0.0  0.0
  0.0  0.5  0.0  0.0  0.0  0.0  0.0 13.4  1.9  0.5  6.6 35.1  3.0  8.2 14.8
  1.9  0.5  1.9  4.4  0.0  0.5  0.0 36.4 12.1 21.6  3.0  8.2 12.6 13.2  0.0
     -1.43      5.14     -5.74     -3.25      1.40  0.3  0.0  0.0  0.0  0.0
                                4000_story_1060_llm_free.txt 36.0  4.5 3183
 14.1  4.4  2.5 45.6 11.6  0.9  2.5  0.3  8.8 16.3  0.9  1.6  0.0  5.7  0.6
  0.0  1.3 10.1  9.7  2.2  1.3260.4 77.6 29.8115.0 65.7 14.8  8.8  0.6  1.3
  0.0  2.5 26.1 10.7 10.1 29.5  9.1  4.1  3.1  1.3  1.3  2.8  2.8  6.3  0.6
  4.4  5.7  0.6  2.8  4.7 15.4 20.7 11.3  3.5  1.9 64.1 86.1  1.9180.0  5.0
  1.6  0.0  0.0  0.0  0.0  0.0  0.0  0.0  0.0  0.0  0.0  0.0  0.0  0.0  0.0
  0.0  0.0  0.0  2.2  0.3  1.6  0.6  0.0  0.0  0.0  0.0  0.0  0.0  0.0  0.3
  0.0  0.6  0.3  0.3  0.0  0.3  0.0  0.0  0.0  0.3  0.0  0.3  3.5  0.3  0.0
  4.7  0.0  0.0  4.7  1.6  0.3  2.2  4.1  0.0  0.0  0.0  0.0  0.0  0.0  0.0
  0.0  0.0  0.0  0.0  0.0  0.0  0.3 10.7  4.7  1.3 11.9 29.2  5.0 16.0  7.2
  0.0  1.6  1.3  3.1  0.3  0.6  0.0 42.1 17.3 20.4  3.1  8.2  5.7  9.1  0.0
      0.30      5.44     -2.97     -2.32      1.00  0.0  0.0  0.0  0.0  0.0
                                4000_story_1064_llm_free.txt 36.8  4.5 3346
 16.1  5.7  6.0 32.9  5.4  0.0  3.9  0.3  7.2 16.1  0.3  0.6  0.3  5.1  0.6
  0.6  1.2  2.1 11.7  0.9  1.2273.5 95.9 35.6119.8 51.1 14.9 10.5  0.0  1.5
  0.0  1.8 21.8  6.6 16.1 25.7  3.0  2.7  1.8  1.5  0.6  1.5  2.4  8.4  0.3
  5.1  4.8  0.9  2.1  2.7  5.4 20.3 13.7  2.1  1.5 73.5 63.7  0.6168.9  6.9
  1.5  0.3  0.0  0.0  0.0  0.0  0.0  0.0  0.0  0.0  0.0  0.0  0.0  0.0  0.0
  0.0  0.0  0.0  2.1  0.6  2.7  0.9  0.0  0.3  0.0  0.0  0.0  0.0  0.0  0.3
  0.3  0.3  0.3  0.6  0.0  0.0  0.0  0.0  0.0  0.0  0.0  0.0  0.9  0.3  0.0
  6.3  0.3  0.0  6.6  1.8  0.0  1.8  1.2  0.0  0.0  0.0  0.0  0.0  0.0  0.0
  0.3  0.3  0.0  0.0  0.0  0.0  0.0  7.5  1.2  0.9  5.1 35.9  4.2  5.1 23.0
  8.1  0.6  3.3  2.1  0.0  1.2  1.2 36.2 16.7 18.5  1.8  7.5 11.7  6.0  0.0
     -5.15      5.30     -4.19     -3.82      1.00  1.2  0.0  0.0  0.0  0.0
                                4000_story_1070_llm_free.txt 39.0  4.6 3475
 19.3  4.9  6.0 34.2  9.2  0.9  2.0  1.2 13.8 15.8  0.6  2.3  0.6  5.5  0.0
  0.9  0.9  6.3  8.1  0.0  2.9268.5 98.1 38.3119.7 61.9 10.4  7.5  0.3  0.3
  0.3  0.9 28.8  7.5 13.8 27.6  6.3  2.6  2.0  2.0  2.0  1.2  4.0  5.2  0.0
  5.5  5.5  1.2  1.4  2.9 10.9 18.7 10.6  0.9  0.9 64.5 84.9  2.6175.8  7.2
  1.7  0.3  0.0  0.0  0.0  0.0  0.0  0.0  0.0  0.0  0.0  0.0  0.0  0.0  0.0
  0.0  0.0  0.0  2.0  1.4  2.0  1.4  0.0  0.3  0.0  0.0  0.0  0.0  0.0  0.6
  0.3  0.6  1.4  0.3  0.0  0.0  0.0  0.0  0.0  0.0  0.0  0.0  2.9  0.3  0.0
  6.9  0.3  0.0  7.2  3.2  0.0  3.2  3.2  0.0  0.0  0.0  0.0  0.0  0.0  0.0
  0.6  0.0  0.0  0.0  0.0  0.0  0.0  9.2  2.0  1.7  8.1 23.3  3.7 15.8 16.1
  2.0  0.3  2.0  5.5  0.0  2.0  0.0 37.1 12.1 24.5  2.0  8.3 11.5 10.9  0.0
     -4.12      4.34     -3.90     -3.00      1.44  0.3  0.0  0.0  0.0  0.0
                                4000_story_1071_llm_free.txt 36.0  4.5 3052
 11.8  2.9  2.6 27.9  4.3  0.7  1.0  0.3  9.8 19.7  0.7  0.3  0.7  5.9  0.3
  0.3  0.7  2.3  8.5  0.3  0.7285.7 91.1 30.8130.1 54.7  9.2 12.5  0.7  0.3
  0.0  0.7 16.4  8.2 16.7 29.2  7.5  1.0  1.6  0.0  2.0  2.3  1.3  4.9  0.3
  3.9  3.3  1.6  1.0  2.6  5.2 12.8  9.2  1.0  1.0 56.7 68.8  0.3175.0  7.9
  1.3  0.0  0.0  0.0  0.0  0.0  0.0  0.0  0.0  0.0  0.0  0.0  0.0  0.0  0.0
  0.0  0.0  0.0  2.0  1.0  1.3  1.0  0.0  0.0  0.0  0.0  0.0  0.0  0.0  0.0
  0.3  0.7  1.0  1.0  0.0  0.0  0.0  0.0  0.0  0.3  0.0  0.0  1.6  0.3  0.0
  5.2  0.0  0.0  5.2  2.9  0.0  3.3  2.0  0.0  0.0  0.0  0.0  0.0  0.0  0.0
  0.0  0.7  0.0  0.0  0.0  0.0  0.0 12.8  2.6  0.7  6.6 30.8  1.6 10.2  7.2
  2.9  1.3  1.6  2.0  0.3  0.3  0.0 40.6 17.7 13.8  1.3  8.5 12.5 10.5  0.0
     -8.56      5.05     -6.01     -3.99     -0.54  0.0  0.0  0.3  0.0  0.0
                                4000_story_1075_llm_free.txt 33.5  4.5 3611
 15.5  2.5  9.1 43.8 11.6  1.4  2.2  0.8 16.6 20.5  0.8  1.4  0.3  6.6  0.6
  0.6  2.2  1.9  8.9  1.4  1.4262.5 88.3 26.3120.7 50.1 12.2  6.9  0.0  0.0
  0.3  1.7 22.7  8.3 18.8 30.7  5.3  3.0  2.5  1.7  1.1  1.4  3.6  5.3  0.6
  4.7  4.2  0.8  3.9  3.3  6.1 17.7 10.5  3.6  0.3 58.4 78.4  0.8178.9  9.1
  1.4  0.0  0.0  0.0  0.0  0.0  0.0  0.0  0.0  0.0  0.0  0.0  0.0  0.0  0.0
  0.0  0.0  0.0  0.8  0.6  1.4  0.8  0.0  0.0  0.0  0.0  0.0  0.0  0.0  0.0
  0.0  0.8  0.6  0.3  0.0  0.3  0.0  0.0  0.3  0.3  0.6  0.0  1.9  1.4  0.0
  3.6  0.0  0.0  3.6  1.7  0.6  2.5  3.9  0.0  0.0  0.0  0.0  0.0  0.0  0.0
  0.3  0.6  0.0  0.0  0.0  0.0  0.0 10.5  3.6  1.4  8.0 32.7  6.6  4.2 14.7
  1.9  2.5  1.1  3.6  0.3  0.0  0.0 41.0 13.8 18.8  2.5  8.6 15.8 12.7  0.0
      0.06      4.10     -6.24     -3.24      1.37  0.3  0.0  0.0  0.3  0.0
                                4000_story_1091_llm_free.txt 35.5  4.5 3364
 14.6  5.4  5.6 38.3  8.9  0.3  1.8  0.6  9.2 26.5  0.3  1.8  0.3  7.7  0.0
  0.3  1.5  3.9 11.0  0.9  1.2268.7 88.9 33.3118.0 49.3 10.4  9.2  0.0  0.0
  0.0  0.6 28.2  7.1 11.9 28.2  6.8  3.0  2.4  1.5  1.5  1.2  3.0  9.2  0.6
  5.4  5.6  0.6  2.1  3.0  8.3 20.5 15.2  2.4  0.0 60.9 67.5  3.3174.5  4.5
  1.8  0.0  0.0  0.0  0.0  0.0  0.0  0.0  0.0  0.0  0.0  0.0  0.0  0.0  0.0
  0.0  0.0  0.0  2.7  0.0  2.7  1.2  0.0  0.0  0.0  0.0  0.0  0.0  0.0  0.0
  0.0  0.9  1.5  0.0  0.0  0.0  0.0  0.0  0.0  0.3  0.0  0.0  3.0  0.6  0.0
  6.5  0.0  0.0  6.5  2.4  0.0  2.7  3.6  0.0  0.0  0.0  0.0  0.0  0.0  0.0
  0.3  0.6  0.0  0.0  0.0  0.0  0.3 13.4  3.9  0.6  9.8 33.6  2.4 16.3 16.1
  1.2  1.8  1.8  2.7  0.3  0.9  0.3 34.5 16.3 17.5  2.7  8.3 11.3 13.4  0.0
     -0.84      4.05     -3.99     -3.27      1.81  0.3  0.0  0.0  0.0  0.0
                                4000_story_1096_llm_free.txt 38.5  4.5 3236
 17.0  4.0  3.4 34.6 16.7  0.6  4.3  1.2 12.4 15.8  0.9  1.5  0.6  6.5  0.0
  0.3  1.9  4.0  8.3  0.9  1.9263.0 85.6 37.1131.0 58.1 12.4 10.2  0.3  0.6
  0.3  1.9 25.0  7.4 11.4 30.6  6.8  3.4  3.1  0.9  2.5  3.1  2.8  4.0  0.0
  5.6  4.6  0.0  2.5  3.1  9.9 17.3  9.6  2.8  1.2 63.7 87.1  1.9182.0  5.6
  0.9  0.0  0.0  0.0  0.0  0.0  0.0  0.0  0.0  0.0  0.0  0.0  0.0  0.0  0.0
  0.0  0.0  0.0  2.2  0.6  1.2  0.6  0.0  0.0  0.0  0.0  0.0  0.0  0.0  0.3
  0.3  0.9  1.2  0.6  0.0  0.0  0.0  0.0  0.0  0.3  0.3  0.0  3.4  0.9  0.0
  4.6  0.0  0.0  4.6  3.4  0.0  3.7  4.6  0.0  0.0  0.0  0.0  0.0  0.0  0.0
  0.0  0.9  0.0  0.0  0.0  0.0  0.0 22.6  2.2  2.2  9.0 28.1  3.4  9.6 11.1
  2.8  1.5  1.2  3.4  0.0  1.2  0.0 34.9 18.5 19.2  2.2  9.0 10.8  9.3  0.0
     -1.31      5.43     -3.05     -1.96      0.51  0.0  0.0  0.0  0.3  0.0
                                4000_story_1103_llm_free.txt 34.8  4.5 3212
 15.9  7.5  3.7 50.1 14.0  0.6  4.4  0.3 14.3 21.8  1.2  1.6  0.9  4.0  0.0
  0.0  2.8  6.2  9.7  0.6  2.2267.4 86.6 29.0115.5 59.5 12.8  9.3  0.3  0.3
  0.0  2.5 23.3  6.2 12.5 27.7  6.2  4.4  3.1  0.6  3.7  1.6  2.5  6.2  0.3
  6.5  5.6  1.2  2.8  3.4 14.3 19.9 13.1  3.4  0.6 57.9 87.8  2.2184.9  8.4
  1.9  0.0  0.0  0.0  0.0  0.0  0.0  0.0  0.0  0.0  0.0  0.0  0.0  0.0  0.0
  0.0  0.0  0.0  2.2  0.6  3.7  2.5  0.0  0.0  0.0  0.0  0.0  0.0  0.0  0.3
  0.3  2.5  1.2  0.0  0.0  0.0  0.0  0.0  0.0  0.3  0.0  0.0  2.5  0.6  0.0
  9.0  0.0  0.0  9.0  4.4  0.0  4.7  3.1  0.0  0.0  0.0  0.0  0.0  0.0  0.0
  0.3  0.0  0.0  0.0  0.0  0.0  0.0 10.3  0.6  2.5 13.4 38.6  5.0  5.0 13.4
  0.9  1.2  1.6  1.9  0.3  0.3  0.0 34.2 16.5 21.2  1.6 11.8 12.1  8.4  0.0
      1.84      4.90     -3.16     -1.88      1.22  0.6  0.0  0.0  0.0  0.0
                                4000_story_1104_llm_free.txt 36.8  4.7 3389
 13.0  3.0  7.1 48.7  8.3  0.9  3.8  0.9 10.6 18.0  0.3  0.6  0.3  4.4  0.6
  0.3  2.4  6.5  8.0  0.3  0.9292.7 82.6 36.3108.3 45.7 12.1 10.6  0.0  0.3
  0.3  1.2 37.2  4.7 15.3 25.7  8.0  6.5  3.0  2.7  0.3  1.2  0.6  6.5  0.3
  6.8  4.7  0.9  1.5  3.5 13.3 17.1 13.6  2.7  0.6 69.0 64.6  0.3176.5  6.2
  2.1  0.3  0.0  0.0  0.0  0.0  0.0  0.0  0.0  0.0  0.0  0.0  0.0  0.0  0.0
  0.0  0.0  0.0  1.5  0.9  1.5  0.6  0.0  0.6  0.0  0.0  0.0  0.0  0.0  0.3
  0.3  2.4  0.6  0.9  0.0  0.0  0.0  0.0  0.0  0.0  0.0  0.3  2.7  1.2  0.0
  4.4  0.6  0.0  5.0  4.4  0.0  4.4  4.1  0.0  0.0  0.0  0.0  0.0  0.0  0.0
  0.3  0.3  0.6  0.0  0.0  0.0  0.0  6.5  7.1  1.8 14.8 29.2  3.8  2.1 20.7
  2.7  1.2  0.9  3.0  0.0  0.0  1.2 33.0 15.6 15.9  1.2  9.4 12.1  6.5  0.0
     -4.07      4.16     -2.91     -2.29      0.14  0.6  0.0  0.0  0.0  0.0
                                4000_story_1105_llm_free.txt 37.0  4.7 3573
 14.8  4.5  5.0 43.1  6.7  1.4  2.8  1.1 10.9 13.2  1.1  0.8  0.6  3.4  0.3
  0.8  1.4  5.6  9.0  1.7  1.1286.9 82.3 43.7115.6 52.9 11.8 12.3  0.6  0.8
  0.0  2.2 30.2  6.7 11.5 25.7  7.3  5.0  2.5  2.0  1.4  1.4  2.8  8.7  0.6
  4.2  3.1  0.3  3.4  4.5 12.0 17.1 13.4  3.1  1.4 71.1 70.5  2.0176.3  6.2
  1.4  0.0  0.0  0.0  0.0  0.0  0.0  0.0  0.0  0.0  0.0  0.0  0.0  0.0  0.0
  0.0  0.0  0.0  0.8  0.3  4.2  1.1  0.0  0.0  0.0  0.0  0.0  0.0  0.0  0.3
  0.6  1.7  1.4  0.3  0.0  0.0  0.0  0.0  0.0  0.6  0.6  0.0  2.0  1.4  0.0
  6.4  0.0  0.0  6.4  4.2  0.0  4.8  3.9  0.0  0.0  0.0  0.0  0.0  0.0  0.0
  0.6  0.3  0.0  0.0  0.0  0.0  0.0  6.4  4.5  0.8  7.0 28.5  2.8  7.0 14.3
  0.6  1.7  2.0  1.7  0.0  0.6  1.7 35.8 16.0 19.0  2.5  4.8 10.6  8.1  0.0
     -5.11      4.97     -2.11     -2.48      1.22  0.3  0.0  0.0  0.0  0.0
                                4000_story_1106_llm_free.txt 35.0  4.5 4156
 15.2  2.2  7.0 43.6  9.1  1.2  1.4  0.7  9.9 18.8  0.5  1.4  0.0  5.1  0.2
  0.5  1.0  2.9  6.0  0.5  0.5252.4 84.5 35.1119.3 67.4 12.0  8.9  0.5  0.5
  0.2  1.7 27.2  8.4 11.5 29.4  7.0  2.4  1.2  1.9  1.9  1.7  3.8  5.1  0.7
  4.8  3.8  0.0  1.7  4.8  7.2 14.9 10.6  1.4  1.2 67.4 86.4  1.9176.9  5.3
  0.7  0.0  0.0  0.0  0.0  0.0  0.0  0.0  0.0  0.0  0.0  0.0  0.0  0.0  0.0
  0.0  0.0  0.0  0.5  0.5  1.2  1.0  0.0  0.0  0.0  0.0  0.0  0.0  0.0  0.0
  0.7  0.7  0.7  0.0  0.0  0.2  0.0  0.0  0.0  0.2  0.0  0.2  1.0  0.5  0.0
  3.1  0.0  0.0  3.1  2.2  0.2  2.6  1.7  0.0  0.0  0.0  0.0  0.0  0.0  0.0
  0.5  0.0  0.0  0.0  0.0  0.0  0.0 20.9  1.9  0.7  7.2 36.6  2.4 19.2 14.9
  1.4  0.5  6.7  2.6  0.0  0.7  1.2 38.7 13.7 20.2  1.9  9.1 10.1  7.0  0.0
     -6.05      5.15     -3.24     -3.18      1.65  0.0  0.0  0.0  0.0  0.0
                                4000_story_1107_llm_free.txt 35.8  4.5 3612
 16.3  3.6  4.7 34.1  7.2  0.3  1.1  0.6 11.1 21.9  0.0  0.6  0.6  5.8  0.6
  0.6  0.8  2.8  7.8  0.6  1.7284.6 90.3 26.3121.0 49.3 17.2  8.9  0.0  0.0
  0.0  1.4 20.8  7.8 15.8 31.8  5.5  3.3  3.3  1.1  0.8  2.2  2.2  4.7  0.0
  5.5  4.7  1.1  1.9  3.3  6.9 15.5 10.2  1.4  0.0 59.2 67.6  1.9171.9  5.8
  1.4  0.0  0.0  0.0  0.0  0.0  0.0  0.0  0.0  0.0  0.0  0.0  0.0  0.0  0.0
  0.0  0.0  0.0  1.4  0.3  2.2  1.4  0.0  0.0  0.0  0.0  0.0  0.0  0.0  0.3
  0.3  0.3  0.0  0.6  0.0  0.0  0.0  0.0  0.0  0.3  0.0  0.0  1.9  0.3  0.0
  5.3  0.0  0.0  5.3  1.4  0.0  1.7  2.2  0.0  0.0  0.0  0.0  0.0  0.0  0.0
  0.0  0.3  0.0  0.0  0.0  0.0  0.0 12.7  1.7  0.6  8.3 27.7  7.8  4.7 17.7
  3.9  0.8  2.5  2.5  0.0  0.3  0.0 36.5 14.7 17.7  1.7  8.9 13.6  6.9  0.0
     -5.67      5.38     -5.74     -2.96      0.26  0.0  0.0  0.0  0.0  0.0
                                4000_story_1108_llm_free.txt 32.5  4.5 3440
 14.5  4.1 11.3 41.3  7.8  1.2  2.9  0.6 13.4 19.2  0.6  0.3  0.6  6.1  0.9
  0.3  0.3  5.8 11.3  0.9  2.0289.8 82.3 31.7107.3 48.8 10.5 12.5  0.3  0.0
  0.0  0.3 26.7  8.4 12.2 27.6  4.7  6.1  1.5  0.6  2.3  1.7  2.3  7.3  0.0
  5.5  5.2  0.9  3.5  3.5 14.2 17.7 12.8  1.2  0.3 64.0 70.1  3.8164.5  4.9
  1.5  0.0  0.0  0.0  0.0  0.0  0.0  0.0  0.0  0.0  0.0  0.0  0.0  0.0  0.0
  0.0  0.0  0.0  3.5  0.3  0.9  0.0  0.0  0.0  0.3  0.0  0.0  0.0  0.0  0.6
  0.0  0.6  0.0  0.3  0.6  0.0  0.0  0.0  0.0  0.0  0.0  0.0  1.7  1.5  0.0
  4.7  0.3  0.0  4.9  1.5  0.6  2.0  3.2  0.0  0.0  0.0  0.0  0.0  0.0  0.0
  0.0  0.0  0.0  0.0  0.0  0.0  0.0  5.8  4.4  0.6 10.2 38.7  9.0  7.3  9.9
  0.6  2.3  2.6  2.0  0.3  1.5  0.3 32.8 18.9 15.7  0.9  3.8 11.3  4.7  0.0
     -3.65      4.30     -4.46     -2.61      0.71  0.3  0.0  0.0  0.0  0.0
                                4000_story_1111_llm_free.txt 36.3  4.5 3695
 16.5  5.1  6.5 36.5 12.2  1.1  1.1  0.8 12.4 17.1  0.3  1.1  0.3  6.0  1.4
  0.3  1.9  4.3  7.3  0.8  0.8270.1 83.6 31.1129.9 67.4 10.3 12.7  0.0  0.3
  0.0  3.0 19.8  8.4 16.2 30.3  6.2  3.2  1.4  0.8  2.7  0.5  2.7  4.1  0.0
  5.4  5.4  1.4  2.7  5.1 10.3 17.6  9.5  2.7  0.3 66.8 92.0  1.9183.5  7.0
  0.8  0.0  0.0  0.0  0.0  0.0  0.0  0.0  0.0  0.0  0.0  0.0  0.0  0.0  0.0
  0.0  0.0  0.0  2.7  0.3  2.7  0.8  0.0  0.0  0.0  0.0  0.0  0.0  0.0  0.5
  0.0  0.5  0.5  0.0  0.0  0.3  0.0  0.0  0.0  0.0  0.0  0.0  1.9  0.8  0.0
  6.5  0.0  0.0  6.5  1.6  0.3  1.9  2.7  0.0  0.0  0.0  0.0  0.0  0.0  0.0
  0.3  0.0  0.0  0.0  0.0  0.0  0.0  8.7  3.8  0.3  7.3 33.3  5.4  4.3 12.7
  0.5  2.2  0.8  4.9  0.0  1.1  0.0 40.6 18.9 18.9  1.9  9.7 12.2  8.1  0.0
     -1.80      5.87     -5.31     -3.52      0.43  0.0  0.0  0.0  0.0  0.0
                                4000_story_1112_llm_free.txt 33.0  4.5 3294
 14.0  4.9  3.6 27.6  7.3  0.0  1.8  0.0  9.7 18.8  0.0  0.3  0.3  2.7  0.0
  0.0  1.2  2.4  9.1  0.6  2.7281.7 84.1 37.0138.7 64.1 13.1 13.7  0.0  0.0
  0.0  1.5 18.2  7.0 15.5 27.3  4.3  1.5  1.2  1.5  1.2  0.6  1.8  3.6  0.0
  4.6  4.6  0.6  2.1  4.3  5.2 17.0  8.2  1.8  0.0 70.7 81.1  1.8179.7  4.3
  0.3  0.0  0.0  0.0  0.0  0.0  0.0  0.0  0.0  0.0  0.0  0.0  0.0  0.0  0.0
  0.0  0.0  0.0  3.3  0.9  0.9  0.6  0.0  0.0  0.0  0.0  0.0  0.0  0.3  0.3
  0.0  0.6  0.6  0.3  0.0  0.0  0.0  0.0  0.0  0.3  0.3  0.0  1.2  0.3  0.0
  5.8  0.0  0.3  6.1  1.8  0.0  2.1  1.8  0.0  0.0  0.0  0.0  0.0  0.0  0.0
  0.0  0.3  0.0  0.0  0.0  0.0  0.0  9.7  3.3  0.6  6.1 41.6  4.9  4.6 11.2
  0.0  0.9  1.8  4.9  0.0  0.9  0.3 37.6 20.3 14.3  2.4  6.1 12.8 10.6  0.0
     -7.75      6.72     -5.30     -4.34     -0.47  0.3  0.0  0.0  0.0  0.0
                                4000_story_1114_llm_free.txt 34.5  4.4 3291
 16.4  2.4  8.5 32.5  8.8  0.9  1.5  0.6 10.3 22.2  0.6  0.6  0.6  5.5  0.3
  0.0  1.5  2.4  8.2  0.6  2.7267.7 93.6 30.7121.8 59.9 13.4  9.4  0.0  0.9
  0.0  1.8 18.8  7.0 14.0 36.2  5.5  2.4  1.5  1.5  2.7  2.1  4.0  3.3  0.6
  5.5  7.3  1.2  1.2  2.7  7.6 19.4  9.4  2.1  0.9 61.4 79.0  1.5171.1  9.1
  1.2  0.0  0.0  0.0  0.0  0.0  0.0  0.0  0.0  0.0  0.0  0.0  0.0  0.0  0.0
  0.0  0.0  0.0  1.5  0.6  1.2  0.3  0.3  0.0  0.0  0.0  0.0  0.0  0.0  0.3
  0.9  0.3  0.3  0.3  0.0  0.0  0.3  0.0  0.0  0.0  0.0  0.0  2.4  0.0  0.0
  3.6  0.3  0.0  4.0  2.1  0.3  2.4  2.4  0.0  0.0  0.0  0.0  0.0  0.0  0.0
  0.0  0.3  0.0  0.0  0.0  0.0  0.0  9.4  3.3  2.1  7.9 33.1  7.6  6.1  6.4
  1.8  1.5  0.6  5.2  0.0  0.9  0.0 38.9 17.0 18.5  2.1  8.8 11.5  7.9  0.0
     -3.96      5.26     -4.75     -2.69      1.58  0.0  0.0  0.0  0.0  0.0
                                4000_story_1116_llm_free.txt 34.8  4.4 3300
 17.9  3.0  4.5 37.0  8.5  0.6  2.4  0.3 10.3 20.0  1.2  0.6  0.0  4.5  0.0
  0.3  1.2  3.6  8.8  0.6  1.8276.4 84.5 32.1132.1 63.0 11.5 10.9  0.0  0.9
  0.0  0.9 25.2  8.5 13.3 27.0  4.8  3.9  2.7  1.8  1.2  1.8  3.6  6.1  0.3
  3.3  5.5  1.2  1.5  4.8  8.8 17.6  9.7  1.8  0.9 57.9 81.8  3.0179.7  5.2
  1.5  0.0  0.0  0.0  0.0  0.0  0.0  0.0  0.0  0.0  0.0  0.0  0.0  0.0  0.0
  0.0  0.0  0.0  1.8  0.3  1.5  1.2  0.0  0.0  0.0  0.0  0.0  0.0  0.0  0.6
  0.0  0.9  0.3  0.0  0.0  0.3  0.0  0.0  0.0  0.3  0.3  0.0  1.5  0.3  0.0
  4.8  0.0  0.0  4.8  1.8  0.3  2.4  2.1  0.0  0.0  0.0  0.0  0.0  0.0  0.0
  0.0  0.3  0.0  0.0  0.0  0.0  0.0  8.5  2.4  0.0  8.2 31.2  3.9  6.7 21.8
  1.5  1.8  3.0  5.2  0.0  0.6  0.6 41.2 16.7 18.8  2.1  8.5 10.0  9.1  0.0
     -5.19      5.65     -4.37     -2.66      0.87  0.3  0.0  0.0  0.0  0.0
                                4000_story_1117_llm_free.txt 36.3  4.4 3651
 18.4  4.7  6.8 44.4 15.3  0.5  3.0  0.3 19.4 15.3  1.4  1.1  0.3  5.5  1.1
  0.8  1.6  3.6  7.4  0.5  2.2247.1 82.2 31.5124.6 66.0 16.7  8.5  0.5  0.8
  0.3  2.5 28.8 10.7 15.1 35.1  6.6  3.3  2.2  1.4  1.4  4.1  4.7  5.2  0.5
  4.1  7.1  0.8  3.8  3.3  8.2 19.4  9.9  2.2  1.6 58.9100.8  2.2186.0 10.1
  0.5  0.0  0.0  0.0  0.0  0.0  0.0  0.0  0.0  0.0  0.0  0.0  0.0  0.0  0.0
  0.0  0.0  0.0  1.9  0.8  2.2  1.4  0.0  0.0  0.0  0.0  0.0  0.0  0.0  0.3
  0.5  2.7  1.1  0.0  0.0  0.0  0.0  0.0  0.0  0.0  0.0  0.0  2.7  1.1  0.0
  6.3  0.0  0.0  6.3  4.7  0.0  4.7  3.8  0.0  0.0  0.0  0.0  0.0  0.0  0.0
  0.3  0.3  0.3  0.0  0.0  0.0  0.0  8.8  2.2  0.0  8.8 26.8  5.2  5.8 11.2
  0.5  2.5  2.5  4.1  0.3  0.5  0.0 43.3 17.3 25.5  2.2  8.5 13.4  9.0  0.0
     -0.80      6.09     -4.61     -2.20      1.82  0.8  0.3  0.0  0.0  0.0
                                4000_story_1121_llm_free.txt 38.0  4.8 2493
 10.8  4.4  6.4 38.1  6.4  0.4  2.0  1.2  8.0 16.8  0.0  1.6  0.8  4.8  0.4
  0.4  1.6  4.4  3.6  0.4  0.4312.1 87.0 41.3116.3 30.9  8.0 11.6  0.4  0.4
  0.0  1.2 26.5  9.2 17.2 30.1  6.4  2.0  2.8  1.2  0.8  2.0  2.4  6.0  0.8
 11.6  4.0  0.0  2.4  3.2  7.2 11.6 18.5  2.0  0.8 74.6 45.3  2.8178.1  6.0
  1.6  0.0  0.0  0.0  0.0  0.0  0.0  0.0  0.0  0.0  0.0  0.0  0.0  0.0  0.0
  0.0  0.0  0.0  3.2  0.0  1.2  2.0  0.0  0.0  0.0  0.0  0.0  0.0  0.0  0.8
  0.8  0.0  0.4  0.8  0.0  0.0  0.0  0.0  0.0  0.0  0.0  0.0  3.2  1.6  0.0
  6.4  0.0  0.0  6.4  2.8  0.0  2.8  4.8  0.0  0.0  0.0  0.0  0.0  0.0  0.0
  0.0  0.4  0.0  0.0  0.0  0.0  0.0  7.6  4.4  0.0 15.2 30.5  2.8  7.2 18.9
  0.0  0.8  2.4  3.2  0.0  0.0  2.0 26.1 19.3 12.0  2.4  8.8 13.2  9.2  0.0
     -8.14      3.17     -5.72     -3.49      3.16  0.0  0.0  0.0  0.0  0.0
                                4000_story_1128_llm_free.txt 33.8  4.4 2981
 17.8  4.4  6.7 38.6 10.1  0.7  3.0  1.0 16.1 17.4  0.3  1.0  0.3  2.3  0.3
  0.3  1.7  2.3 13.1  2.0  1.0274.1 86.5 27.5124.8 57.4 13.1  9.7  0.0  0.7
  0.3  0.7 24.8  7.7 10.7 28.8  5.4  1.3  3.0  1.0  2.7  0.7  5.4  4.4  0.0
  5.0  6.0  1.7  4.0  4.4  6.4 21.8  9.4  3.7  1.0 54.7 83.5  2.0181.1  9.4
  1.0  0.0  0.0  0.0  0.0  0.0  0.0  0.0  0.0  0.0  0.0  0.0  0.0  0.0  0.0
  0.0  0.0  0.0  1.7  1.0  2.3  2.0  0.0  0.0  0.0  0.0  0.0  0.0  0.0  0.0
  0.7  0.7  0.3  0.3  0.0  0.0  0.0  0.0  0.0  0.0  0.0  0.0  1.3  0.0  0.0
  7.0  0.0  0.0  7.0  2.0  0.0  2.0  1.3  0.0  0.0  0.0  0.0  0.0  0.0  0.0
  0.0  0.0  0.0  0.0  0.0  0.0  0.0 10.7  1.0  1.3  6.0 31.5  3.4  5.7 20.1
  3.7  1.3  2.3  6.0  0.7  0.3  0.0 41.9 16.4 22.1  0.7  8.1 15.1 11.1  0.0
     -2.35      5.24     -3.41     -3.31      2.01  0.0  0.0  0.0  0.3  0.0
                                4000_story_1130_llm_free.txt 34.0  4.5 3011
 14.6  4.3  4.6 30.6  5.6  0.0  1.3  1.0  6.3 17.6  1.0  0.7  1.0  3.7  0.7
  0.0  2.0  3.0  9.6  0.3  1.3282.6 94.3 25.9121.6 61.8 10.6  6.0  0.3  1.3
  0.3  0.3 25.2  9.0 13.3 33.5  5.6  2.7  1.3  1.0  2.3  1.7  4.3  3.7  0.7
  4.0  5.0  0.3  2.3  4.0  8.0 16.6  8.3  2.3  2.0 56.8 73.7  1.3168.1  7.3
  1.3  0.0  0.0  0.0  0.0  0.0  0.0  0.0  0.0  0.0  0.0  0.0  0.0  0.0  0.0
  0.0  0.0  0.0  1.0  0.0  2.7  1.3  0.0  0.0  0.0  0.0  0.0  0.0  0.0  1.0
  0.3  0.3  0.7  0.3  0.0  0.0  0.0  0.0  0.0  0.3  0.0  0.0  2.0  0.7  0.0
  5.0  0.0  0.0  5.0  2.7  0.0  3.0  2.7  0.0  0.0  0.0  0.0  0.0  0.0  0.0
  0.0  0.0  0.0  0.0  0.0  0.0  0.0 10.0  2.3  1.7  6.0 35.9  8.3  3.7 16.9
  1.7  1.7  2.7  3.7  0.0  2.0  0.0 34.9 11.6 17.3  1.3  8.0 13.3  9.6  0.0
     -5.48      4.17     -4.36     -3.32      1.42  0.0  0.0  0.0  0.0  0.0
                                4000_story_1132_llm_free.txt 37.5  4.5 3445
 13.1  1.7  4.1 34.5  4.4  0.6  2.3  0.6  6.1 27.0  0.3  0.6  0.6  6.1  0.6
  0.6  2.0  2.3  8.7  0.6  2.3287.7 97.0 41.8117.0 34.8 12.2  9.3  0.0  0.0
  0.3  1.5 19.4 10.7 16.8 26.1  5.2  1.7  2.9  1.5  2.6  1.7  2.0  4.9  0.0
  4.9  4.6  0.6  2.3  3.8  6.7 16.8  9.9  2.6  0.3 73.7 45.3  1.2165.2  5.8
  0.9  0.0  0.0  0.0  0.0  0.0  0.0  0.0  0.0  0.0  0.0  0.0  0.0  0.0  0.0
  0.0  0.0  0.0  0.9  0.6  0.9  0.0  0.3  0.0  0.0  0.0  0.0  0.0  0.0  0.0
  0.0  0.3  0.6  0.0  0.0  0.3  0.3  0.0  0.0  0.3  0.0  0.0  1.2  0.6  0.0
  2.3  0.3  0.0  2.6  0.9  0.6  1.7  1.7  0.0  0.0  0.0  0.0  0.0  0.0  0.0
  0.0  0.3  0.6  0.0  0.0  0.0  0.0  5.2  1.7  0.9  7.0 30.5  7.3  4.4 18.9
  0.9  0.9  1.7  4.1  0.3  0.6  0.3 31.3 17.4 15.1  0.6  8.7 12.5  7.0  0.0
     -4.52      3.73     -6.38     -2.65     -0.02  0.6  0.3  0.3  0.0  0.0
                                4000_story_1133_llm_free.txt 39.8  4.3 3111
 17.7  2.9  6.1 48.9 13.2  1.9  4.2  1.9 14.1 13.5  1.0  2.3  0.3  4.8  0.0
  0.3  3.2  8.0 10.0  0.0  1.3245.3 87.1 39.5108.3 66.5 16.4  7.7  0.3  2.9
  0.6  2.3 13.2 11.9 13.8 28.6  3.9  5.1  1.9  2.3  1.0  2.3  3.5  4.8  0.6
  4.8  4.2  1.9  2.9  2.3 14.1 20.9 10.3  3.2  3.9 70.1 93.9  1.3170.0  5.5
  1.6  0.0  0.0  0.0  0.0  0.0  0.0  0.0  0.0  0.0  0.0  0.0  0.0  0.0  0.0
  0.0  0.0  0.0  1.6  0.6  1.9  1.3  0.3  0.0  0.0  0.0  0.0  0.0  0.0  0.3
  0.3  0.0  0.3  0.3  0.0  0.3  0.3  0.0  0.0  0.0  0.0  0.0  2.6  0.3  0.0
  5.5  0.3  0.0  5.8  1.3  0.6  1.9  2.9  0.0  0.0  0.0  0.0  0.0  0.0  0.0
  0.0  0.6  0.0  0.0  0.0  0.0  0.0 12.9  1.6  1.6 11.3 37.6  1.0 11.3 12.5
  1.9  0.0  3.2  5.5  0.0  1.3  0.0 39.2 17.4 19.3  1.0  6.1 15.8  8.4  0.0
      1.80      5.37     -4.15     -2.38      1.36  0.0  0.0  0.0  0.0  0.0
                                4000_story_1136_llm_free.txt 36.8  4.3 2997
 20.7  4.0 10.3 43.7 19.0  0.3  2.3  0.0 15.0 19.0  0.0  2.0  0.0  6.7  0.7
  0.7  2.7  5.0  8.0  2.3  1.7245.9 89.1 34.0118.8 69.4 15.3  5.7  0.3  0.7
  0.0  1.0 14.0  8.0 16.0 33.7  4.0  3.3  3.3  2.0  2.3  1.3  3.7  5.7  0.3
  2.7  5.3  1.0  3.0  1.7 10.7 18.4  8.7  5.0  1.0 61.4103.4  1.7173.8  6.3
  1.3  0.3  0.0  0.0  0.0  0.0  0.0  0.0  0.0  0.0  0.0  0.0  0.0  0.0  0.0
  0.0  0.0  0.0  1.0  1.3  2.3  0.7  0.3  0.0  0.0  0.0  0.0  0.0  0.0  0.3
  0.0  1.3  1.0  0.0  0.0  0.0  0.0  0.0  0.0  0.0  0.0  0.0  3.0  1.3  0.0
  5.3  0.3  0.0  5.7  2.7  0.0  2.7  4.3  0.0  0.0  0.0  0.0  0.0  0.0  0.0
  0.3  0.3  0.0  0.0  0.0  0.0  0.0 10.3  0.7  2.7  7.7 26.4  2.3  7.7  5.7
  0.7  2.0  1.7  4.0  0.0  0.0  0.0 36.7 16.0 23.4  1.7  8.7 11.7  9.3  0.0
      4.03      5.27     -6.07     -2.18      0.64  0.3  0.0  0.0  0.0  0.0
                                4000_story_1137_llm_free.txt 38.5  4.5 4179
 23.0  5.7  8.1 51.4 10.1  1.2  4.3  1.0 14.1 22.5  1.0  2.6  0.0  5.3  0.7
  0.5  1.0  3.4  7.2  1.2  0.5267.5 72.0 26.3121.1 58.4 13.6 10.3  0.7  0.7
  0.5  1.2 30.9  9.8 11.2 24.9  6.0  5.3  1.7  1.4  3.1  1.2  1.7  5.5  0.0
  5.7  4.5  1.7  4.3  4.3 11.7 17.0 11.2  2.2  1.9 56.7 82.6  3.4187.6  6.2
  0.7  0.0  0.0  0.0  0.0  0.0  0.0  0.0  0.0  0.0  0.0  0.0  0.0  0.0  0.0
  0.0  0.0  0.0  4.1  0.7  2.2  0.7  0.0  0.0  0.0  0.0  0.0  0.0  0.2  0.5
  0.2  1.0  0.5  0.2  0.0  0.0  0.0  0.2  0.0  0.2  0.5  0.0  2.4  0.5  0.0
  7.7  0.0  0.2  7.9  2.4  0.2  2.9  3.4  0.0  0.0  0.0  0.0  0.0  0.0  0.0
  0.0  0.2  0.0  0.0  0.2  0.0  0.0  9.8  4.5  1.2  6.9 39.7  8.4  7.4  6.9
  2.4  0.7  1.2  1.9  0.0  0.5  0.5 33.7 19.6 22.3  2.9  6.7 12.4  7.9  0.0
      0.05      5.38     -2.75     -2.20      0.11  0.0  0.0  0.0  0.0  0.0
                                4000_story_1138_llm_free.txt 37.5  4.6 2836
 16.9  5.3  6.7 39.1 10.6  1.4  4.9  0.4 12.0 18.0  0.7  0.4  0.7  4.9  0.0
  0.7  1.8  6.3 10.6  1.1  1.8290.2 80.0 36.3118.1 50.1 12.7 10.6  0.0  1.1
  0.0  1.4 25.7  6.7 12.0 29.3  4.2  2.8  0.7  0.4  1.8  1.4  1.8  9.9  0.0
  6.3  4.2  1.4  2.5  2.5 10.9 16.9 16.2  2.8  1.1 63.8 72.6  2.8173.8  7.1
  2.5  0.0  0.0  0.0  0.0  0.0  0.0  0.0  0.0  0.0  0.0  0.0  0.0  0.0  0.0
  0.0  0.0  0.0  2.1  1.1  3.2  0.4  0.0  0.0  0.0  0.0  0.0  0.0  0.0  0.0
  0.4  0.7  0.4  0.0  0.0  0.0  0.0  0.0  0.0  0.0  0.0  0.0  0.7  0.0  0.0
  6.7  0.0  0.0  6.7  1.4  0.0  1.4  0.7  0.0  0.0  0.0  0.0  0.0  0.0  0.0
  0.0  0.7  0.0  0.0  0.0  0.0  0.0 18.7  2.8  2.1  8.8 24.7  6.7  4.6  6.3
  1.1  2.5  3.2  4.2  0.0  0.7  0.4 35.6 18.3 19.4  1.8 10.2 12.3  8.5  0.0
     -1.73      4.78     -3.29     -4.14      1.02  0.4  0.4  0.0  0.0  0.0
                                4000_story_1139_llm_free.txt 34.8  4.6 3476
 17.0  3.5  4.6 43.4 10.6  1.2  2.9  0.9 10.6 18.4  0.6  1.4  0.3  4.9  0.9
  0.3  1.7  7.2  6.0  1.2  1.7271.3 84.9 35.1115.7 52.6 13.2 10.1  0.0  1.4
  0.0  1.4 24.2  7.8 12.1 32.2  6.3  5.2  2.0  1.2  2.0  1.7  3.2  5.8  0.0
  6.0  6.0  0.3  3.5  3.7 14.4 16.1 11.8  2.9  1.4 63.0 73.9  1.7178.4  8.3
  0.3  0.6  0.0  0.0  0.0  0.0  0.0  0.0  0.0  0.0  0.0  0.0  0.0  0.0  0.0
  0.0  0.0  0.0  1.4  1.2  1.4  0.6  0.9  0.0  0.0  0.0  0.0  0.0  0.3  0.3
  0.3  1.7  1.2  0.0  0.0  0.3  0.3  0.0  0.0  0.3  0.0  0.3  2.3  0.3  0.0
  4.6  0.9  0.3  5.8  3.5  0.6  4.3  2.9  0.0  0.0  0.0  0.0  0.0  0.0  0.0
  0.3  0.0  0.0  0.0  0.0  0.0  0.0 14.4  3.2  1.4  8.1 32.5  2.3 12.9 15.8
  2.3  1.7  0.9  1.7  0.3  1.7  0.0 32.8 17.8 20.1  3.2  8.3 10.9 10.1  0.0
     -1.97      4.83     -3.70     -2.55      1.17  0.0  0.0  0.0  0.0  0.0
                                4000_story_1141_llm_free.txt 37.5  4.4 3632
 18.4  6.9  4.1 50.1 10.2  0.3  3.3  0.3 23.4 14.3  0.3  2.2  0.8  4.7  0.8
  0.0  0.6  5.0  9.1  2.2  1.9277.3 80.9 27.8107.1 64.2 13.8 11.0  0.0  0.8
  0.3  0.6 26.2  8.8 11.8 32.2  5.0  4.7  2.2  1.4  0.8  1.7  2.8  4.4  0.3
  4.1  8.0  1.4  1.1  5.5 10.5 21.2  8.8  2.8  1.1 51.5 97.7  1.9172.4  6.9
  1.4  0.0  0.0  0.0  0.0  0.0  0.0  0.0  0.0  0.0  0.0  0.0  0.0  0.0  0.0
  0.0  0.0  0.0  4.4  0.0  2.2  2.5  0.0  0.0  0.0  0.0  0.0  0.3  0.0  0.0
  0.3  1.9  0.6  0.3  0.0  0.0  0.0  0.0  0.0  0.6  0.3  0.0  3.0  1.4  0.0
  9.1  0.0  0.3  9.4  3.0  0.0  3.6  4.7  0.0  0.0  0.0  0.0  0.0  0.0  0.0
  0.0  0.3  0.0  0.3  0.3  0.0  0.0 10.7  3.0  0.6 10.5 21.5  8.0  5.5  8.0
  3.6  0.8  2.2  2.5  0.3  0.3  0.3 40.2 21.5 24.8  1.1  4.4  7.4  6.3  0.0
     -0.84      5.33     -4.17     -3.10      0.31  0.3  0.0  0.0  0.0  0.0
                                4000_story_1143_llm_free.txt 35.3  4.5 3771
 13.8  5.0  8.5 41.6  7.7  0.3  1.6  1.1 11.4 23.9  0.3  0.5  0.8  5.3  1.1
  0.5  2.1  4.5 10.3  1.3  1.1250.3 85.7 38.5119.1 58.3 17.0 10.6  0.3  1.1
  0.5  1.6 23.9  5.6 13.0 28.6  6.9  6.6  3.2  1.3  1.3  2.9  3.4  4.2  0.8
  4.5  5.0  1.3  4.2  5.0 12.5 18.8  9.5  3.4  1.9 73.7 77.4  1.1178.7  8.5
  2.4  0.3  0.0  0.0  0.0  0.0  0.0  0.0  0.0  0.0  0.0  0.0  0.0  0.0  0.0
  0.0  0.0  0.0  4.5  0.5  1.6  0.8  0.0  0.3  0.0  0.0  0.0  0.0  0.0  0.8
  0.0  2.1  1.1  0.0  0.0  0.0  0.0  0.0  0.0  0.5  0.0  0.3  2.9  1.6  0.0
  7.4  0.3  0.0  7.7  4.0  0.0  4.5  4.8  0.0  0.0  0.0  0.0  0.0  0.0  0.0
  0.0  0.3  0.3  0.0  0.0  0.0  0.0 12.7  2.1  1.3  7.4 31.0  3.2  8.8 22.5
  2.7  2.1  1.6  3.4  0.3  1.6  0.0 35.0 18.6 19.6  1.6 11.7 13.5 11.7  0.0
     -0.16      6.01     -2.65     -1.60      1.24  0.5  0.0  0.0  0.0  0.0
                                4000_story_1144_llm_free.txt 37.0  4.6 3179
 17.3  1.9  5.7 30.8  5.0  0.6  0.6  0.6 19.2 21.1  0.0  0.6  0.6  6.6  0.0
  0.3  1.6  4.1  9.4  0.9  1.6290.3 81.5 32.7122.4 55.0 11.0  9.8  0.0  0.6
  0.0  0.9 29.6  8.5 13.2 23.6  5.7  3.1  1.9  1.9  0.0  0.9  2.5  5.3  0.3
  6.0  4.4  1.3  3.5  3.5  7.2 17.3 11.6  2.5  0.6 66.1 79.3  0.6174.6  9.8
  0.9  0.0  0.0  0.0  0.0  0.0  0.0  0.0  0.0  0.0  0.0  0.0  0.0  0.0  0.0
  0.0  0.0  0.0  2.2  0.3  0.6  0.3  0.0  0.0  0.0  0.0  0.0  0.0  0.0  0.0
  0.3  0.6  0.9  0.0  0.0  0.3  0.0  0.0  0.0  0.0  0.0  0.0  1.6  0.0  0.0
  3.5  0.0  0.0  3.5  1.9  0.3  2.2  1.6  0.0  0.0  0.0  0.0  0.0  0.0  0.0
  0.3  0.3  0.0  0.0  0.3  0.0  0.0  9.8  1.3  2.2  7.9 23.6  6.3  4.7 12.0
  0.9  2.2  1.6  3.1  0.0  1.9  0.3 37.1 18.6 21.1  0.6 10.4 12.3 12.0  0.0
     -4.03      4.67     -3.96     -4.01      0.93  0.0  0.0  0.0  0.0  0.0
                                4000_story_1145_llm_free.txt 36.5  4.5 3310
 17.8  3.3  4.8 38.4  6.9  0.3  1.8  0.9 11.5 16.6  0.9  0.3  0.0  5.1  0.3
  0.6  2.7  4.2 11.2  1.8  2.4284.9 86.4 32.9123.0 61.3 12.4 10.0  0.3  0.6
  0.3  1.5 26.0  4.2 19.3 25.7  6.3  2.1  1.2  0.6  1.5  1.2  4.2  4.8  0.9
  6.0  4.8  0.9  2.7  1.5  7.9 18.4 11.8  4.5  1.2 57.4 79.8  0.9181.9  7.3
  1.8  0.0  0.0  0.0  0.0  0.0  0.0  0.0  0.0  0.0  0.0  0.0  0.0  0.0  0.0
  0.0  0.0  0.0  2.7  0.3  1.5  0.6  0.0  0.0  0.0  0.0  0.0  0.0  0.3  0.0
  0.3  0.6  1.5  0.6  0.0  0.0  0.0  0.0  0.0  0.0  0.3  0.0  0.3  0.3  0.0
  5.1  0.0  0.3  5.4  3.0  0.0  3.0  0.9  0.0  0.0  0.0  0.0  0.0  0.0  0.0
  0.0  0.3  0.0  0.0  0.0  0.0  0.0 14.8  2.7  2.1  6.6 25.4  5.1  2.4 25.1
  3.9  0.9  1.8  4.8  0.0  0.9  0.0 35.0 17.5 20.2  1.2  3.9 12.4 11.2  0.0
     -1.29      5.27     -4.26     -4.23      2.40  0.0  0.0  0.0  0.0  0.0
                                4000_story_1146_llm_free.txt 34.5  4.5 3054
 19.3  5.9  1.3 33.7  5.6  0.0  1.3  0.7 13.4 17.7  0.0  1.6  0.7  6.5  0.3
  0.3  0.3  3.6  7.9  1.3  1.3264.6 87.8 25.2120.5 60.9 19.6  8.8  0.3  1.3
  0.0  1.6 31.1  7.5 13.1 25.9  9.2  5.9  2.0  0.7  2.6  1.6  1.3  7.9  0.3
  6.5  5.9  2.6  2.3  4.6 12.1 17.7 14.7  1.6  1.6 53.0 79.9  0.3178.8  7.9
  2.0  0.0  0.0  0.0  0.0  0.0  0.0  0.0  0.0  0.0  0.0  0.0  0.0  0.0  0.0
  0.0  0.0  0.0  2.9  0.3  2.9  2.6  0.0  0.0  0.0  0.0  0.0  0.0  0.0  0.7
  0.7  2.3  0.3  0.7  0.0  0.7  0.0  0.0  0.0  0.0  0.0  0.0  2.3  1.3  0.0
  8.8  0.0  0.0  8.8  4.6  0.7  5.2  3.6  0.0  0.0  0.0  0.0  0.0  0.0  0.0
  0.3  0.0  0.0  0.0  0.0  0.0  0.0 16.4  4.6  2.6  6.5 27.2 10.2  4.9  7.2
  2.6  1.6  3.6  3.3  0.3  1.6  0.3 42.9 21.0 23.9  3.6  8.5  8.2  6.2  0.0
     -4.16      6.36     -2.89     -2.37      0.75  0.0  0.3  0.0  0.0  0.0
                                4000_story_1148_llm_free.txt 36.0  4.4 3474
 15.5  4.9  6.6 46.9 15.8  0.6  3.5  1.7 19.0 19.3  0.0  0.9  0.3  6.9  0.0
  0.3  0.9  6.6  8.6  2.0  1.2241.2 80.3 24.8126.4 67.1 18.4 13.5  0.3  1.4
  0.0  2.0 18.7  9.2 10.1 36.0  5.8  3.7  3.5  1.2  1.4  2.6  3.5  4.6  0.3
  4.6  5.8  0.9  2.6  3.7 11.8 18.4  9.5  2.9  1.7 52.4101.9  2.0186.8  6.9
  0.9  0.0  0.0  0.0  0.0  0.0  0.0  0.0  0.0  0.0  0.0  0.0  0.0  0.0  0.0
  0.0  0.0  0.0  3.2  0.0  2.6  0.9  0.0  0.0  0.0  0.0  0.0  0.0  0.3  0.3
  0.3  1.2  0.0  0.3  0.0  0.0  0.0  0.0  0.0  0.0  0.0  0.0  2.9  1.4  0.0
  6.6  0.0  0.3  6.9  2.0  0.0  2.0  4.3  0.0  0.0  0.0  0.0  0.0  0.0  0.0
  0.0  0.6  0.0  0.0  0.0  0.0  0.0 16.4  2.3  1.2  5.8 27.3  2.3 20.1  6.9
  2.9  2.0  1.2  2.6  0.3  0.9  0.0 40.0 21.3 22.2  3.2  7.5 11.5  8.6  0.0
      1.15      7.46     -3.73     -2.35      0.94  0.3  0.0  0.0  0.0  0.0
                                4000_story_1150_llm_free.txt 38.0  4.5 3236
 16.7  4.0  9.3 46.0  9.0  1.2  2.5  1.2 15.1 23.2  1.5  0.3  0.3  4.6  0.6
  0.0  1.5  6.5  9.6  1.2  0.6277.8 90.9 31.8109.7 58.4 11.1  4.9  0.0  0.3
  0.0  1.2 22.9  8.3 17.3 29.0  5.3  1.9  0.6  1.5  1.2  1.5  2.8  4.6  0.6
  5.9  4.6  0.9  1.9  3.4  9.6 17.3 11.1  2.8  0.3 60.0 82.5  1.5175.2  7.7
  1.2  0.0  0.0  0.0  0.0  0.0  0.0  0.0  0.0  0.0  0.0  0.0  0.0  0.0  0.0
  0.0  0.0  0.0  1.2  0.6  2.2  0.9  0.0  0.0  0.0  0.0  0.0  0.0  0.0  0.3
  0.3  0.3  2.2  0.3  0.0  0.3  0.0  0.0  0.0  0.0  0.0  0.0  3.4  0.3  0.0
  4.9  0.0  0.0  4.9  3.4  0.3  3.7  3.7  0.0  0.0  0.0  0.0  0.0  0.0  0.0
  0.0  0.0  0.0  0.0  0.0  0.0  0.0 11.4  3.1  0.9  4.6 50.4  6.8 10.8 12.7
  7.7  0.9  1.2  3.1  1.2  0.3  0.3 41.1 10.8 19.2  2.2  8.0 10.8 11.4  0.0
     -1.82      3.53     -5.95     -4.06      1.18  0.3  0.3  0.0  0.0  0.0
                                4000_story_1151_llm_free.txt 36.3  4.5 3843
 15.1  5.5  8.1 32.5 11.2  0.8  1.0  0.3 12.8 29.1  0.3  0.5  0.0  6.0  0.5
  0.8  1.8  2.9  7.8  0.8  2.9272.4 84.8 36.4127.0 54.1 11.7  7.8  0.0  0.3
  0.0  2.1 18.0 10.4 16.1 31.0  2.9  3.6  2.3  0.8  2.1  1.0  2.6  3.1  0.3
  4.4  4.2  0.5  2.6  3.9  8.6 15.4  7.8  2.6  0.3 74.7 78.1  1.8173.3  3.9
  1.0  0.0  0.0  0.0  0.0  0.0  0.0  0.0  0.0  0.0  0.0  0.0  0.0  0.0  0.0
  0.0  0.0  0.0  2.1  0.3  3.1  0.3  0.0  0.0  0.0  0.0  0.0  0.0  0.0  0.0
  0.0  0.8  0.3  0.0  0.0  0.0  0.0  0.0  0.0  0.0  0.0  0.0  1.8  0.8  0.0
  5.7  0.0  0.0  5.7  1.0  0.0  1.0  2.6  0.0  0.0  0.0  0.0  0.0  0.0  0.0
  0.0  0.5  0.0  0.0  0.0  0.0  0.0  8.8  1.6  0.8  4.2 31.0  5.2  6.0  9.1
  0.3  1.6  2.1  3.4  0.3  0.5  0.0 39.6 17.7 15.9  1.3  9.1 11.2  5.2  0.0
     -1.36      4.55     -6.36     -3.22      0.10  0.3  0.0  0.0  0.0  0.0
                                4000_story_1158_llm_free.txt 34.8  4.4 3715
 18.8  5.1  5.1 45.0  9.7  0.8  2.7  0.5 12.1 20.2  0.0  0.0  0.3  6.7  0.3
  0.3  2.4  6.7  9.4  1.3  1.6265.9 93.1 31.0117.9 65.9 13.7 11.3  1.1  0.5
  0.0  3.2 27.7  6.2 17.2 27.5  4.3  1.3  3.0  1.9  1.6  1.1  0.8  5.1  0.3
  4.6  4.0  0.0  2.2  4.3  9.7 18.6 10.0  3.8  1.6 60.3 87.8  1.6176.3  5.9
  0.5  0.0  0.0  0.0  0.0  0.0  0.0  0.0  0.0  0.0  0.0  0.0  0.0  0.0  0.0
  0.0  0.0  0.0  0.8  0.5  3.2  0.8  0.0  0.3  0.0  0.0  0.0  0.0  0.0  0.3
  0.0  0.8  0.0  0.5  0.0  0.3  0.0  0.0  0.0  0.0  0.0  0.0  2.4  0.5  0.0
  5.4  0.3  0.0  5.7  1.6  0.3  1.9  3.0  0.0  0.0  0.0  0.0  0.0  0.0  0.0
  0.0  0.5  0.0  0.0  0.0  0.0  0.0 12.1  1.3  1.3  6.5 28.8  1.9  5.4 28.3
  4.0  0.5  0.5  6.2  0.3  1.1  0.3 35.0 17.2 22.3  1.6  7.8 14.0 12.4  0.0
      0.72      5.82     -3.40     -3.27     -0.66  0.5  0.0  0.0  0.0  0.0
                                4000_story_1160_llm_free.txt 35.8  4.4 3316
 16.6  6.3  8.7 47.9 13.0  0.6  3.6  0.3 13.6 16.6  0.6  1.8  0.3  5.7  0.0
  0.3  1.8  6.0 10.6  2.4  1.2260.0 83.8 29.6119.7 76.3 16.6  7.5  0.3  0.6
  0.9  0.6 24.4  8.1 15.4 26.2  7.5  4.2  4.8  0.6  3.0  0.9  2.4  3.0  0.6
  3.3  6.3  2.1  3.3  3.3 13.3 19.9  6.9  4.2  1.8 53.7102.8  0.0182.8  6.6
  1.2  0.0  0.0  0.0  0.0  0.0  0.0  0.0  0.0  0.0  0.0  0.0  0.0  0.0  0.0
  0.0  0.0  0.0  2.7  0.9  4.2  1.2  0.3  0.0  0.0  0.0  0.0  0.0  0.0  0.3
  0.3  0.9  0.9  0.0  0.0  0.0  0.3  0.0  0.0  0.3  0.0  0.0  1.8  0.0  0.0
  9.0  0.3  0.0  9.3  2.4  0.3  3.0  1.8  0.0  0.0  0.0  0.0  0.0  0.0  0.0
  0.3  0.3  0.0  0.0  0.0  0.0  0.0 10.0  2.7  0.9  4.8 32.3  2.1  7.2 12.7
  6.3  0.6  1.8  3.0  0.6  0.6  0.0 34.4 21.1 20.2  3.3  6.6 13.0  7.2  0.0
      1.84      6.19     -4.15     -1.97     -0.13  0.3  0.0  0.3  0.0  0.0
                                4000_story_1161_llm_free.txt 37.3  4.6 3327
 12.3  0.9  6.0 32.5  9.9  0.9  1.8  0.6  7.8 18.3  0.3  0.3  0.0  4.5  0.0
  0.0  1.2  3.9  7.5  2.1  2.4295.2 89.6 37.9133.8 54.1 12.3 10.5  0.6  0.3
  0.3  3.6 13.5  7.5 14.7 26.8  5.7  2.4  1.2  0.3  0.6  1.2  3.0  4.8  0.6
  3.6  5.4  1.2  1.8  3.3  6.9 17.1  9.0  3.3  1.2 72.1 71.8  1.5181.2  8.4
  1.2  0.0  0.0  0.0  0.0  0.0  0.0  0.0  0.0  0.0  0.0  0.0  0.0  0.0  0.0
  0.0  0.0  0.0  0.6  0.3  1.5  0.3  0.0  0.0  0.0  0.0  0.0  0.0  0.0  0.0
  0.6  0.9  0.3  0.0  0.0  0.0  0.0  0.0  0.0  0.0  0.0  0.0  0.6  0.6  0.0
  2.7  0.0  0.0  2.7  1.8  0.0  1.8  1.2  0.0  0.0  0.0  0.0  0.0  0.0  0.0
  0.0  0.3  0.0  0.0  0.0  0.0  0.3  5.7  1.2  0.6  6.6 31.9  5.7  4.2 16.8
  1.5  2.1  0.3  6.3  0.0  1.5  0.0 42.4 15.9 15.3  2.4  8.7  8.4  8.4  0.0
     -6.81      5.39     -3.97     -4.74      0.61  0.6  0.6  0.0  0.0  0.0
                                4000_story_1171_llm_free.txt 35.5  4.3 3074
 16.3  5.9 10.4 48.5 16.3  2.0  0.7  1.3 21.8 26.0  0.3  1.0  0.0  5.5  0.0
  0.3  3.9  5.2  8.5  1.3  0.7262.8 73.2 23.7128.5 56.6 13.3 12.4  0.0  1.0
  0.0  1.6 16.9  8.1 11.1 27.7  6.2  5.2  3.6  2.3  0.7  1.0  4.2  6.5  0.3
  4.9  5.2  2.6  1.6  5.2 11.1 18.5 11.7  5.2  1.0 56.0 94.7  2.6188.4  4.9
  1.3  0.0  0.0  0.0  0.0  0.0  0.0  0.0  0.0  0.0  0.0  0.0  0.0  0.0  0.0
  0.0  0.0  0.0  2.9  0.3  4.9  1.3  0.0  0.0  0.0  0.0  0.0  0.0  0.0  0.7
  0.0  0.7  1.0  0.3  0.0  0.3  0.0  0.0  0.0  0.3  0.0  0.0  2.0  0.3  0.0
  9.4  0.0  0.0  9.4  2.6  0.3  3.3  2.3  0.0  0.0  0.0  0.0  0.0  0.0  0.0
  0.0  0.3  0.3  0.0  0.0  0.0  0.0 15.6  2.3  2.3  9.8 36.1  6.2  8.1  7.2
  3.9  1.6  2.3  2.0  0.0  1.0  0.0 36.8 22.8 22.4  2.3  3.6 10.7 11.7  0.0
      5.33      5.87     -3.91     -2.48      1.83  0.3  0.0  0.0  0.0  0.0
                                4000_story_1181_llm_free.txt 34.3  4.2 3749
 20.8  8.5 13.1 49.3 17.6  1.9  4.0  1.9 34.9 17.6  0.3  1.1  0.0  7.5  0.8
  0.8  1.9  3.5 13.6  1.1  2.7232.6 76.3 24.5123.0 72.3  9.3 13.3  0.0  0.5
  0.0  1.3 17.1  6.9 11.5 30.1 10.7  4.5  4.0  1.9  1.3  2.1  2.1  4.8  0.0
  4.8  7.2  1.1  1.9  5.3  9.3 25.1  9.6  2.9  0.5 56.5124.8  1.3190.2  6.9
  0.8  0.0  0.0  0.0  0.0  0.0  0.0  0.0  0.0  0.0  0.0  0.0  0.0  0.0  0.0
  0.0  0.0  0.0  5.6  1.3  1.9  1.9  0.0  0.0  0.0  0.0  0.0  0.0  0.0  1.3
  0.3  2.7  1.1  1.1  0.0  0.0  0.0  0.0  0.0  0.0  0.0  0.0  2.1  0.5  0.0
 10.7  0.0  0.0 10.7  6.4  0.0  6.4  2.7  0.0  0.0  0.0  0.0  0.0  0.0  0.0
  0.3  1.1  0.3  0.0  0.0  0.0  0.3 12.0  1.3  1.1  6.9 40.3  1.1  6.4  9.1
  4.8  1.3  1.3  3.2  0.0  0.8  0.0 39.7 22.4 30.4  2.4  6.9 11.5 10.1  0.0
      7.27      5.80     -4.15     -1.90     -0.02  0.5  0.0  0.0  0.0  0.0
                                4000_story_1182_llm_free.txt 35.3  4.6 3510
 12.0  4.6  6.3 29.3  8.0  0.6  3.1  0.9  7.1 13.4  1.1  0.6  0.3  4.3  0.6
  0.9  2.3  2.6  7.4  0.6  1.4285.2 84.6 28.2130.8 59.0 12.5 12.5  0.3  2.0
  0.0  2.6 23.9  8.8 13.4 31.3  4.3  0.9  1.4  1.1  1.1  1.1  4.3  4.0  1.7
  5.7  4.8  1.4  3.4  5.7  4.6 16.5 11.4  2.8  2.3 66.1 74.1  1.7173.8  6.3
  0.9  0.0  0.0  0.0  0.0  0.0  0.0  0.0  0.0  0.0  0.0  0.0  0.0  0.0  0.0
  0.0  0.0  0.0  3.7  0.6  1.4  0.6  0.0  0.0  0.0  0.0  0.0  0.0  0.0  0.3
  0.6  0.9  0.3  0.3  0.0  0.0  0.0  0.0  0.0  0.0  0.0  0.0  1.1  1.1  0.0
  6.3  0.0  0.0  6.3  2.3  0.0  2.3  2.3  0.0  0.0  0.0  0.0  0.0  0.0  0.0
  0.0  0.0  0.0  0.0  0.0  0.0  0.0 12.8  2.0  1.1  6.0 27.1  6.0  6.0  2.3
  2.8  0.9  2.0  3.7  0.0  0.6  0.0 38.7 17.7 14.2  1.7  7.4 10.5  7.1  0.0
     -5.10      5.93     -3.49     -4.43      2.80  0.3  0.0  0.3  0.0  0.0
                                4000_story_1186_llm_free.txt 32.5  4.5 3446
 15.4  4.4  5.5 40.6  7.5  0.6  3.2  2.9  7.3 27.9  0.6  1.2  0.6  4.4  0.6
  0.3  0.9  3.5  9.3  0.6  1.2283.8 87.6 33.1116.4 49.9 16.5 10.2  0.6  0.6
  0.3  0.3 18.3  7.0 15.7 27.9  4.6  2.6  1.2  2.6  0.9  1.7  2.6  9.3  0.6
  6.1  4.6  0.6  2.6  3.5  7.0 18.0 16.0  1.5  1.5 60.9 64.7  1.2170.9  5.8
  1.5  0.0  0.0  0.0  0.0  0.0  0.0  0.0  0.0  0.0  0.0  0.0  0.0  0.0  0.0
  0.0  0.0  0.0  1.2  0.3  3.2  0.6  0.3  0.0  0.0  0.0  0.0  0.0  0.0  0.0
  0.3  0.9  0.9  0.3  0.0  0.0  0.3  0.0  0.0  0.0  0.0  0.0  2.0  0.6  0.0
  5.2  0.3  0.0  5.5  2.3  0.3  2.6  2.6  0.0  0.0  0.0  0.0  0.0  0.0  0.0
  0.0  0.3  0.0  0.0  0.3  0.0  0.0 10.2  2.0  1.2  7.3 40.9  7.0  4.4 18.9
  2.3  0.9  2.6  2.0  0.6  0.6  0.3 34.2 13.3 16.8  1.7  6.7 10.4  7.8  0.0
     -3.80      5.38     -4.94     -3.31      1.83  0.6  0.3  0.3  0.0  0.0
                                4000_story_1193_llm_free.txt 34.8  4.5 3218
 19.0  4.4  6.5 33.9  5.3  1.6  1.6  0.6  6.2 18.3  0.0  0.3  0.0  5.3  0.3
  0.3  1.6  3.1  9.3  1.9  1.9269.1 93.2 25.8123.7 69.0 14.3  9.3  0.0  0.9
  0.0  1.9 20.8  4.7 17.7 31.1  5.6  2.5  2.8  3.4  1.2  2.5  1.9  4.7  0.3
  6.5  5.9  2.2  1.6  3.7  6.8 20.8 11.5  3.4  0.9 64.0 80.5  1.2175.9  8.4
  1.9  0.0  0.0  0.0  0.0  0.0  0.0  0.0  0.0  0.0  0.0  0.0  0.0  0.0  0.0
  0.0  0.0  0.0  3.1  0.3  1.2  0.9  0.0  0.0  0.0  0.0  0.0  0.0  0.0  0.3
  0.0  0.9  0.9  0.3  0.0  0.0  0.0  0.0  0.0  0.0  0.0  0.3  0.9  0.9  0.0
  5.6  0.0  0.0  5.6  2.5  0.0  2.5  2.2  0.0  0.0  0.0  0.0  0.0  0.0  0.0
  0.3  0.6  0.0  0.0  0.0  0.0  0.0  3.7  1.2  2.2  6.8 26.4  6.8  5.0 13.1
  0.0  1.6  2.2  2.5  0.0  0.3  0.0 40.1 16.2 23.0  2.5  5.3 10.6  7.5  0.0
     -2.98      5.88     -4.73     -1.97      0.59  0.0  0.3  0.0  0.0  0.3
                                4000_story_1194_llm_free.txt 35.0  4.4 3038
 14.8  5.6 12.5 36.9 12.5  1.6  3.0  0.3 15.5 16.1  0.0  1.0  0.3  8.2  1.0
  1.0  0.3  3.0  8.9  0.7  1.6245.2 83.3 26.3144.8 92.2 14.2 14.2  0.0  0.3
  0.3  3.9 15.1  7.6 14.8 33.2  7.2  1.0  2.3  1.0  1.3  0.3  4.9  4.6  0.3
  4.3  5.3  2.0  2.6  3.6  5.3 20.1  9.2  1.0  0.7 63.2120.1  1.0200.5 11.2
  0.3  0.0  0.0  0.0  0.0  0.0  0.0  0.0  0.0  0.0  0.0  0.0  0.0  0.0  0.0
  0.0  0.0  0.0  3.0  0.3  4.3  1.3  0.0  0.0  0.0  0.0  0.0  0.0  0.0  1.0
  0.7  1.0  0.3  0.3  0.0  0.0  0.0  0.0  0.0  1.0  0.0  0.0  1.3  1.0  0.0
  8.9  0.0  0.0  8.9  3.3  0.0  4.3  2.3  0.0  0.0  0.0  0.0  0.0  0.0  0.0
  0.3  1.0  0.0  0.0  0.0  0.0  0.3 13.8  1.6  0.0  5.3 31.9  2.3  3.9 10.2
  4.3  0.7  1.0  5.3  0.3  0.3  0.3 41.1 21.7 23.7  1.3  9.5 15.8  9.5  0.0
     -1.22      8.48     -4.46     -4.42      1.79  0.3  0.0  0.3  0.0  0.0
                                4000_story_1197_llm_free.txt 35.8  4.5 3502
 13.4  4.6  6.9 36.6  7.4  0.6  2.3  1.1  9.4 18.8  0.6  0.3  1.1  5.4  0.3
  0.0  1.1  2.6  6.9  0.3  1.1286.4 89.4 38.3121.6 56.5 11.4  6.6  0.3  0.6
  0.0  1.1 21.7  7.4 12.8 27.7  6.6  2.9  2.6  1.7  0.9  0.9  1.1  4.3  0.9
  4.0  6.0  0.6  2.0  3.7  6.3 16.0  9.1  1.4  0.9 68.8 73.4  0.3173.0  5.1
  0.3  0.0  0.0  0.0  0.0  0.0  0.0  0.0  0.0  0.0  0.0  0.0  0.0  0.0  0.0
  0.0  0.0  0.0  1.4  0.3  2.3  1.4  0.0  0.0  0.0  0.0  0.0  0.0  0.0  0.3
  0.3  0.9  0.3  0.9  0.0  0.0  0.0  0.0  0.0  0.6  0.0  0.0  1.4  0.9  0.0
  5.4  0.0  0.0  5.4  2.6  0.0  3.1  2.3  0.0  0.0  0.0  0.0  0.0  0.0  0.0
  0.3  0.0  0.0  0.0  0.0  0.0  0.0 12.3  1.4  0.9  6.9 38.8  4.9  4.6 10.3
  1.7  1.4  1.7  4.0  0.3  1.7  0.0 40.5 12.8 18.3  1.1  7.4 11.7  8.0  0.0
     -6.83      4.20     -4.12     -3.57     -0.31  0.0  0.0  0.0  0.0  0.0
                                4000_story_1199_llm_free.txt 36.3  4.5 3540
 15.3  3.4 11.0 45.5 14.4  0.6  2.8  0.6 13.3 16.9  1.4  1.7  0.3  7.9  0.6
  0.0  1.1  5.4  7.1  0.3  2.0273.2 78.0 29.9120.6 47.2  9.6  9.6  0.0  0.0
  0.0  2.0 28.8  9.0 17.8 28.0  4.0  4.2  2.3  1.1  1.4  1.1  3.4  4.5  0.6
  6.8  4.2  0.3  3.4  2.3 11.0 16.1 11.9  1.4  0.0 57.3 74.9  1.1181.4  7.6
  0.6  0.3  0.0  0.0  0.0  0.0  0.0  0.0  0.0  0.0  0.0  0.0  0.0  0.0  0.0
  0.0  0.0  0.0  1.1  0.8  1.1  1.1  0.3  0.0  0.0  0.0  0.0  0.0  0.0  0.6
  0.0  1.1  0.3  0.0  0.0  0.0  0.0  0.0  0.0  0.0  0.0  0.0  2.0  0.3  0.0
  4.2  0.3  0.0  4.5  2.0  0.0  2.0  2.3  0.0  0.0  0.0  0.0  0.0  0.0  0.0
  0.0  0.6  0.3  0.0  0.0  0.0  0.0 13.8  0.6  0.6  8.2 24.0  4.8  6.5 29.1
  1.4  1.1  0.6  2.3  0.3  1.1  0.0 37.6 16.9 17.8  1.4  9.0 13.0  9.3  0.0
     -1.72      3.96     -5.70     -3.23      1.80  0.3  0.0  0.0  0.0  0.0
                                4000_story_1205_llm_free.txt 34.3  4.4 3309
 15.1  4.2  7.6 41.4  7.0  0.9  3.3  0.3 12.1 20.2  0.3  0.9  0.6  6.0  0.3
  0.3  1.2  3.6 11.2  0.9  1.8246.3 81.9 24.5124.2 69.2 19.0  9.4  0.6  0.3
  0.0  0.6 21.5  8.2 12.4 32.3 10.6  3.3  3.3  0.9  1.2  4.2  3.3  5.4  0.3
  3.0  7.3  0.9  2.7  3.6  8.2 20.9  8.8  2.1  0.9 52.9 88.2  3.0185.6  9.7
  2.7  0.0  0.0  0.0  0.0  0.0  0.0  0.0  0.0  0.0  0.0  0.0  0.0  0.0  0.0
  0.0  0.0  0.0  2.1  0.6  2.4  0.9  0.0  0.0  0.0  0.0  0.0  0.0  0.0  1.2
  0.6  0.6  0.9  1.2  0.0  0.3  0.3  0.0  0.0  0.6  0.3  0.3  3.6  0.9  0.0
  6.0  0.0  0.0  6.0  4.5  0.6  5.7  5.1  0.0  0.0  0.0  0.0  0.0  0.0  0.0
  0.0  0.3  0.0  0.0  0.0  0.0  0.0 12.7  2.7  4.2  7.6 17.8  6.0  6.3  9.1
  1.5  1.8  1.8  4.2  0.3  0.6  0.3 41.7 20.2 24.8  1.2  7.6 10.6 10.0  0.0
     -1.05      6.83     -4.62     -2.06      0.48  0.3  0.3  0.0  0.0  0.0
                                4000_story_1212_llm_free.txt 34.8  4.4 3833
 18.0  3.7  6.3 41.7 12.3  0.3  3.7  0.3 12.5 22.4  1.6  1.0  0.0  4.7  0.5
  0.5  2.3  5.2  9.9  0.5  1.6275.5 80.9 32.9131.0 55.0 10.2 10.4  0.5  0.8
  0.0  0.5 21.4  8.6 14.6 30.3  5.7  2.1  2.1  1.6  1.3  1.8  2.3  6.0  0.0
  2.6  6.3  0.8  2.1  4.4  8.6 19.3  8.6  2.9  1.3 62.1 79.8  1.6182.1  7.6
  2.9  0.0  0.0  0.0  0.0  0.0  0.0  0.0  0.0  0.0  0.0  0.0  0.0  0.0  0.0
  0.0  0.0  0.0  2.3  1.0  1.0  1.8  0.0  0.0  0.0  0.0  0.0  0.0  0.0  0.3
  0.5  1.0  0.8  1.0  0.0  0.3  0.0  0.0  0.0  0.8  0.5  0.3  2.3  1.3  0.0
  6.3  0.0  0.0  6.3  3.7  0.3  4.7  4.4  0.0  0.0  0.0  0.0  0.0  0.0  0.0
  0.0  0.3  0.0  0.0  0.3  0.0  0.0  8.3  3.1  1.3  7.8 29.7  2.3  4.4 10.4
  0.5  1.6  0.8  5.2  0.0  1.3  0.0 35.5 17.7 20.3  2.3  9.9 13.6  7.0  0.0
     -0.60      4.92     -5.13     -3.37     -0.41  0.5  0.0  0.0  0.0  0.0
                                4000_story_1216_llm_free.txt 36.3  4.6 3720
 12.9  4.3  4.0 45.4  9.4  0.3  3.0  0.8 11.0 19.9  0.5  1.1  0.0  5.6  0.3
  0.5  0.5  5.1  9.7  0.8  1.1282.0 84.7 36.3115.9 49.5 11.8 11.6  0.5  0.8
  0.3  2.4 30.1  5.6 16.4 32.5  8.1  4.6  4.6  0.8  1.9  3.0  3.8 10.5  0.8
  5.6  4.6  1.1  2.7  4.8 11.6 18.5 16.9  1.3  1.6 65.6 69.9  1.1179.8  6.5
  1.3  0.0  0.0  0.0  0.0  0.0  0.0  0.0  0.0  0.0  0.0  0.0  0.0  0.0  0.0
  0.0  0.0  0.0  1.1  0.3  3.0  2.2  0.3  0.0  0.0  0.0  0.0  0.0  0.3  0.5
  0.3  1.6  0.3  0.8  0.0  0.0  0.0  0.0  0.3  0.0  0.3  0.3  2.4  0.5  0.0
  6.5  0.3  0.3  7.0  3.5  0.3  3.8  3.5  0.0  0.0  0.0  0.0  0.0  0.0  0.0
  0.3  0.3  0.0  0.0  0.3  0.0  0.0 10.2  1.9  1.6  6.2 26.6  3.0  4.8 21.0
  0.0  1.3  2.4  3.0  0.5  0.5  0.8 36.6 18.5 18.0  2.2  6.5 12.4  9.4  0.0
     -5.31      4.70     -3.36     -1.60      2.76  0.0  0.0  0.0  0.0  0.0
                                4000_story_1218_llm_free.txt 36.5  4.4 3234
 13.9  4.6  6.2 42.4 12.1  0.3  3.7  0.9 13.0 15.8  0.6  1.5  0.0  5.6  0.0
  0.9  0.9  4.9  8.7  0.6  1.2265.3 90.6 27.5130.8 65.6 10.8 11.4  0.0  0.9
  0.0  1.2 17.6  8.3 18.9 25.4  5.9  3.7  2.2  1.2  2.5  1.2  1.2  4.0  0.6
  3.1  3.4  0.6  1.9  3.1 11.1 16.1  7.7  1.5  0.9 60.0 90.6  1.2184.6  6.5
  2.5  0.0  0.0  0.0  0.0  0.0  0.0  0.0  0.0  0.0  0.0  0.0  0.0  0.0  0.0
  0.0  0.0  0.0  2.8  0.0  2.8  0.6  0.0  0.0  0.0  0.0  0.0  0.0  0.0  0.9
  0.0  0.3  0.6  0.3  0.0  0.3  0.0  0.0  0.0  0.3  0.0  0.0  1.2  0.3  0.0
  6.2  0.0  0.0  6.2  2.2  0.3  2.8  1.5  0.0  0.0  0.0  0.0  0.0  0.0  0.0
  0.6  0.0  0.0  0.0  0.0  0.0  0.0 10.5  2.2  1.5  6.2 25.7  4.0  4.6 12.7
  7.1  1.9  0.9  3.7  0.0  1.2  0.0 43.0 18.6 13.6  1.5 11.4 15.8 12.1  0.0
     -3.58      5.69     -6.25     -2.79     -0.77  1.2  0.0  0.0  0.3  0.0
                                4000_story_1227_llm_free.txt 34.0  4.4 4152
 14.5  4.8  4.8 40.5 10.4  1.0  2.9  1.0 12.8 24.1  0.7  0.7  0.5  5.3  0.5
  0.0  1.7  5.1  8.4  0.7  2.4261.8 84.1 33.7120.7 64.5 14.2  8.7  0.5  1.0
  0.0  0.7 13.7  6.7 15.2 33.2  7.2  4.1  3.9  1.7  0.5  2.4  2.9  3.1  0.2
  4.3  5.5  0.7  1.7  4.6  9.6 17.1  7.7  2.4  1.4 64.8 87.7  2.6175.8  5.5
  1.2  0.2  0.0  0.0  0.0  0.0  0.0  0.0  0.0  0.0  0.0  0.0  0.0  0.0  0.0
  0.0  0.0  0.0  2.4  0.2  2.6  1.7  0.0  0.0  0.0  0.0  0.0  0.0  0.0  0.7
  0.0  1.0  0.2  1.2  0.0  0.2  0.0  0.0  0.0  0.2  0.0  0.0  1.9  0.5  0.0
  7.0  0.0  0.0  7.0  3.1  0.2  3.6  2.4  0.0  0.0  0.0  0.0  0.0  0.0  0.0
  0.0  0.0  0.0  0.2  0.0  0.0  0.0  7.7  1.7  1.4 10.6 33.5  3.6  6.7 16.4
  2.2  1.2  3.9  3.6  0.5  1.0  0.2 37.6 18.5 18.3  1.4  9.2 13.2  9.4  0.0
     -0.98      5.45     -5.32     -2.43      0.24  0.7  0.2  0.0  0.0  0.0
                                4000_story_1228_llm_free.txt 33.5  4.5 3209
 14.6  7.2  6.2 34.3 12.2  0.3  1.9  0.9 12.2 21.2  1.2  1.6  0.3  5.3  0.0
  0.6  1.6  3.4  8.7  0.3  0.9274.5 87.3 27.1131.5 63.9 12.8 12.2  0.0  1.6
  0.0  1.2 15.9  6.5 11.5 31.2  4.1  4.4  3.7  1.2  1.2  1.9  2.2  4.7  0.6
  3.7  5.9  1.6  2.2  4.1  9.0 18.7  9.0  1.9  1.6 59.2 88.2  1.2178.9  9.7
  0.9  0.0  0.0  0.0  0.0  0.0  0.0  0.0  0.0  0.0  0.0  0.0  0.0  0.0  0.0
  0.0  0.0  0.0  4.7  1.6  1.9  0.9  0.0  0.0  0.0  0.0  0.0  0.0  0.0  0.6
  0.0  0.3  0.0  0.0  0.0  0.3  0.0  0.0  0.0  0.3  0.0  0.0  2.8  0.6  0.0
  9.0  0.0  0.0  9.0  0.9  0.3  1.6  3.4  0.0  0.0  0.0  0.0  0.0  0.0  0.0
  0.0  0.6  0.3  0.0  0.0  0.0  0.0 12.8  3.7  1.6  7.2 35.5  2.5  5.9  9.3
  1.2  1.2  0.9  2.2  0.3  0.6  0.0 37.1 22.1 18.4  1.6  6.9 10.0  8.7  0.0
     -2.79      6.14     -3.71     -2.45      0.13  0.3  0.0  0.0  0.0  0.0
                                4000_story_1239_llm_free.txt 35.8  4.5 3446
 18.0  6.7  4.6 40.6  9.6  0.3  2.6  0.6 12.2 17.7  0.6  1.5  0.3  2.6  0.6
  0.3  1.5  2.6 10.7  1.7  1.2287.9 88.8 33.1123.9 66.7 13.3  9.3  0.3  0.9
  0.0  2.3 26.4  5.5 23.2 27.9  5.8  3.5  2.9  0.9  0.6  2.0  2.6  4.6  0.3
  5.5  4.1  0.9  1.7  2.0  6.7 19.4 10.4  3.2  1.2 55.7 88.5  1.7181.1  4.1
  1.2  0.0  0.0  0.0  0.0  0.0  0.0  0.0  0.0  0.0  0.0  0.0  0.0  0.0  0.0
  0.0  0.0  0.0  3.2  0.9  2.9  0.6  0.0  0.0  0.0  0.0  0.0  0.0  0.0  0.6
  0.3  1.5  0.9  0.3  0.0  0.3  0.0  0.0  0.0  0.0  0.0  0.0  2.3  0.6  0.0
  7.5  0.0  0.0  7.5  3.5  0.3  3.8  2.9  0.0  0.0  0.0  0.0  0.0  0.0  0.0
  0.6  0.0  0.0  0.0  0.0  0.0  0.0 16.0  2.0  1.5  6.1 29.0  2.6  4.9 13.3
  1.7  0.6  2.0  3.8  0.0  0.6  0.3 37.1 16.8 21.5  2.6  7.0 10.7  6.7  0.0
     -3.70      5.60     -5.71     -3.36      0.71  0.9  0.0  0.0  0.3  0.0
                                4000_story_1244_llm_free.txt 35.5  4.4 3920
 15.8  3.3  5.4 40.6 14.0  0.5  3.1  1.0 13.5 17.1  0.3  0.8  0.3  4.3  0.8
  0.3  1.8  4.1  7.7  0.0  1.5264.0 83.7 32.4117.9 53.1 15.3 10.7  0.3  0.5
  0.0  2.3 18.6 10.2 13.5 28.8  6.9  3.6  2.0  1.8  2.0  3.3  4.6  4.1  0.5
  4.6  7.1  1.0  2.3  2.0  9.7 19.6  9.2  1.8  0.8 59.7 80.6  1.3177.3  5.9
  2.3  0.0  0.0  0.0  0.0  0.0  0.0  0.0  0.0  0.0  0.0  0.0  0.0  0.0  0.0
  0.0  0.0  0.0  1.8  0.0  2.0  1.3  0.3  0.0  0.0  0.0  0.0  0.0  0.0  0.8
  0.0  1.5  0.5  0.8  0.0  0.0  0.3  0.0  0.0  0.0  0.0  0.3  2.6  0.8  0.0
  5.1  0.3  0.0  5.4  3.6  0.3  3.8  3.6  0.0  0.0  0.0  0.0  0.0  0.0  0.0
  0.3  0.3  0.0  0.0  0.0  0.0  0.0 14.8  2.8  2.0  4.3 23.7  4.6  5.6 13.5
  2.0  2.0  3.3  2.6  0.0  0.5  0.0 35.5 20.2 19.9  1.5  9.9 15.8  8.4  0.0
     -3.73      5.44     -5.01     -1.99      1.74  0.3  0.3  0.0  0.0  0.0
                                4000_story_1250_llm_free.txt 36.0  4.5 3327
 13.2  3.0  3.0 34.3  7.8  0.9  2.7  0.9  6.9 20.4  1.2  2.1  0.3  3.9  0.3
  0.6  0.3  3.6 10.5  0.0  1.8267.2 83.3 35.2115.7 55.6 13.8  9.0  0.6  0.3
  0.0  2.4 20.1  7.8 15.9 36.1  6.9  3.0  0.3  1.5  1.5  1.5  4.2  4.5  0.0
  3.6  6.6  0.3  1.5  5.7  8.1 23.1  8.1  0.3  0.9 72.4 70.3  2.1167.7  7.5
  1.2  0.0  0.0  0.0  0.0  0.0  0.0  0.0  0.0  0.0  0.0  0.0  0.0  0.0  0.0
  0.0  0.0  0.0  1.8  1.5  1.2  1.5  0.0  0.0  0.0  0.3  0.0  0.0  0.0  0.6
  0.6  1.8  1.2  0.9  0.0  0.0  0.0  0.0  0.0  1.2  0.3  0.0  3.0  0.0  0.0
  6.0  0.0  0.3  6.3  5.1  0.0  6.3  3.3  0.0  0.0  0.0  0.0  0.0  0.0  0.0
  0.3  0.9  0.0  0.0  0.0  0.0  0.0  4.2  2.4  0.6  6.3 26.8  6.3  6.9  6.6
  1.2  2.4  0.9  5.1  0.0  0.6  0.0 36.1 13.8 17.4  1.5  6.3 14.7  8.7  0.0
     -6.47      4.88     -5.20     -3.79      0.85  0.0  0.0  0.3  0.0  0.0
                                4000_story_1252_llm_free.txt 36.5  4.4 3198
 11.3  2.5  6.6 29.4  7.5  0.6  3.1  0.3  5.6 21.3  0.6  0.6  0.0  3.8  0.3
  0.6  1.6  3.4  8.4  0.0  1.3287.7 86.0 30.0127.9 64.1 13.1  5.3  0.0  0.6
  0.3  2.8 10.6  7.2 16.3 33.1  3.1  2.2  2.2  1.3  0.6  0.6  1.6  4.1  0.6
  6.6  5.6  0.6  1.9  6.3  6.3 18.8 11.3  1.6  0.9 64.7 77.2  1.3169.5  3.4
  1.9  0.3  0.0  0.0  0.0  0.0  0.0  0.0  0.0  0.0  0.0  0.0  0.0  0.0  0.0
  0.0  0.0  0.0  1.3  0.0  1.3  0.9  0.0  0.3  0.0  0.0  0.0  0.3  0.0  0.0
  0.0  0.3  0.0  0.3  0.0  0.0  0.0  0.3  0.0  0.0  0.0  0.3  1.9  0.6  0.0
  3.4  0.3  0.3  4.1  0.6  0.3  0.9  2.8  0.0  0.0  0.0  0.0  0.0  0.0  0.0
  0.0  0.3  0.0  0.0  0.0  0.0  0.0 10.0  1.6  0.3  9.1 26.9 11.9  5.3  7.2
  0.6  2.2  2.2  2.8  0.0  1.6  0.0 39.4 13.1 12.8  0.6  6.9 11.3  7.8  0.0
     -6.73      4.84     -5.37     -4.26      0.57  0.3  0.0  0.0  0.0  0.0
                                4000_story_1258_llm_free.txt 35.5  4.7 3567
 12.3  2.5  6.4 36.2 10.4  0.0  1.1  0.8  8.1 13.2  0.6  0.3  0.3  3.6  0.0
  0.3  1.4  5.3  8.1  1.1  2.2289.9 84.4 41.8111.3 47.7 14.0  7.3  0.0  0.3
  0.0  1.4 28.3  9.8 14.6 29.4  3.9  7.8  2.0  0.8  0.8  0.8  3.6  5.0  0.3
  4.5  6.4  1.1  2.5  2.2 14.0 17.1  9.8  2.5  0.3 65.3 66.2  1.1160.6  5.6
  0.3  0.0  0.0  0.0  0.0  0.0  0.0  0.0  0.0  0.0  0.0  0.0  0.0  0.0  0.0
  0.0  0.0  0.0  2.0  0.6  1.4  0.3  0.0  0.0  0.0  0.0  0.0  0.0  0.0  0.6
  0.3  0.0  0.0  0.6  0.3  0.0  0.0  0.0  0.0  0.3  0.0  0.3  1.1  0.0  0.0
  4.2  0.0  0.0  4.2  1.4  0.3  2.0  1.4  0.0  0.0  0.0  0.0  0.0  0.0  0.0
  1.1  0.0  0.0  0.0  0.0  0.0  0.0  6.2  3.1  1.7  8.4 26.1 11.8  7.0  8.4
  2.5  2.0  1.4  3.4  0.3  1.1  0.6 35.9 17.7 14.9  1.7  7.3  7.8  5.0  0.0
     -7.71      4.10     -5.16     -2.98      1.08  0.0  0.0  0.0  0.0  0.0
                                4000_story_1260_llm_free.txt 34.8  4.6 3348
 10.8  2.7  2.1 37.6  6.9  0.0  1.8  0.6  7.8 20.6  0.6  0.9  0.0  3.3  0.3
  0.0  2.1  5.4  8.1  0.0  2.1283.2 88.1 32.6117.1 44.8 10.5 11.6  0.0  0.0
  0.3  1.2 25.4  7.8 17.3 31.4  3.3  4.2  2.7  2.4  0.9  1.5  0.9  5.4  0.0
  4.8  3.3  1.2  2.4  3.9 10.5 15.8 10.2  2.1  0.3 63.6 59.4  1.2168.8  6.3
  0.6  0.0  0.0  0.0  0.0  0.0  0.0  0.0  0.0  0.0  0.0  0.0  0.0  0.0  0.0
  0.0  0.0  0.0  1.8  0.3  1.8  0.9  0.0  0.0  0.0  0.0  0.0  0.0  0.0  0.3
  0.0  0.0  0.6  0.9  0.0  0.0  0.0  0.0  0.0  0.0  0.0  0.0  2.1  0.0  0.0
  4.8  0.0  0.0  4.8  1.8  0.0  1.8  2.1  0.0  0.0  0.0  0.0  0.0  0.0  0.0
  0.6  0.0  0.0  0.0  0.0  0.0  0.0  4.8  3.6  1.5  8.7 30.8  6.3  5.4 10.5
  0.6  2.4  1.2  1.5  0.0  0.9  0.0 35.2 16.7 13.1  2.4 12.2  7.8  4.5  0.0
     -6.22      4.28     -5.65     -2.63     -0.71  0.3  0.0  0.0  0.0  0.0
                                4000_story_1262_llm_free.txt 35.3  4.6 3936
 19.8  4.3  3.6 49.5 15.8  1.8  4.1  0.5 15.5 15.0  0.5  2.0  0.3  6.6  0.8
  0.3  2.5  2.8  6.9  2.0  0.3279.0 74.4 27.7117.4 48.0 11.2 11.4  1.0  0.8
  0.5  2.0 25.2  8.1 11.7 27.4  7.1  3.0  3.6  1.8  1.8  1.5  2.8  6.4  0.3
  7.1  4.6  0.8  1.3  3.0  7.6 17.3 13.7  4.6  2.3 59.2 79.3  0.8183.9  5.8
  2.0  0.3  0.0  0.0  0.0  0.0  0.0  0.0  0.0  0.0  0.0  0.0  0.0  0.0  0.0
  0.0  0.0  0.0  1.5  0.3  2.0  1.5  0.3  0.0  0.0  0.0  0.0  0.0  0.0  1.5
  0.3  1.8  0.3  0.0  0.0  0.0  0.0  0.0  0.0  0.3  0.0  0.0  1.3  0.3  0.0
  5.3  0.3  0.0  5.6  3.8  0.0  4.1  1.5  0.0  0.0  0.0  0.0  0.0  0.0  0.0
  0.3  0.3  0.0  0.0  0.0  0.0  0.0 11.9  3.0  3.3  7.9 24.1  5.6 13.5 14.0
  2.0  1.3  1.0  0.8  0.0  1.0  0.0 34.3 18.5 24.6  2.3  9.4  8.9  8.6  0.0
      1.40      4.53     -2.41     -2.47      1.57  0.0  0.0  0.0  0.0  0.0
                                4000_story_1267_llm_free.txt 36.0  4.5 3597
 13.6  2.5  5.3 32.8 11.4  0.3  1.9  0.6  9.2 25.0  0.6  0.8  0.0  3.6  0.0
  0.8  2.2  3.6 10.8  1.1  1.1283.0 98.4 37.0124.8 52.8 10.0 10.0  0.0  0.8
  0.3  2.8 26.7  6.1 17.2 24.7  8.1  3.9  2.8  1.7  1.9  1.7  2.5  5.8  0.6
  5.6  4.7  1.7  0.8  7.5  9.5 20.9 12.0  3.3  1.1 62.8 73.4  0.8174.3  5.3
  2.8  0.0  0.0  0.0  0.0  0.0  0.0  0.0  0.0  0.0  0.0  0.0  0.0  0.0  0.0
  0.0  0.0  0.0  2.5  0.3  0.8  1.1  0.0  0.0  0.0  0.0  0.0  0.0  0.0  0.8
  0.6  1.4  1.9  0.0  0.0  0.0  0.3  0.0  0.0  0.0  0.0  0.3  2.2  0.3  0.0
  4.7  0.0  0.0  4.7  4.7  0.3  5.0  2.8  0.0  0.0  0.0  0.0  0.0  0.0  0.0
  0.0  0.3  0.0  0.0  0.0  0.0  0.0 12.0  2.8  0.0  7.0 36.7  3.9  5.0 13.3
  1.9  1.9  2.5  3.9  0.0  0.0  0.3 37.5 18.1 17.8  0.8  7.8 10.3  8.3  0.0
     -4.11      4.50     -3.70     -2.43      1.04  1.1  0.6  0.0  0.3  0.0
                                4000_story_1269_llm_free.txt 36.0  4.5 3313
 10.9  3.6 12.4 48.6 11.2  0.9  3.6  1.2 14.8 22.0  1.5  0.9  0.6  5.4  0.6
  0.0  3.0  4.2  7.5  0.3  4.2280.4 79.7 29.9118.6 50.7  7.5 10.6  0.0  0.9
  0.0  0.6 23.2  8.1 15.7 25.1  4.8  2.4  2.4  1.5  0.6  0.9  2.1  3.0  0.6
  6.0  5.1  0.9  2.7  3.6  7.2 15.7  9.7  3.3  0.9 66.1 76.7  1.2180.2  6.6
  0.6  0.0  0.0  0.0  0.0  0.0  0.0  0.0  0.0  0.0  0.0  0.0  0.0  0.0  0.0
  0.0  0.0  0.0  2.7  0.3  2.1  1.2  0.0  0.0  0.0  0.0  0.0  0.0  0.0  0.3
  0.6  0.9  0.6  0.6  0.0  0.3  0.0  0.0  0.0  0.0  0.0  0.0  1.2  0.3  0.0
  6.3  0.0  0.0  6.3  3.0  0.3  3.3  1.5  0.0  0.0  0.0  0.0  0.0  0.0  0.0
  0.0  0.9  0.0  0.0  0.0  0.0  0.3 13.6  2.4  1.2  7.8 28.7  7.5  5.7  6.0
  1.2  2.1  2.1  2.4  0.0  0.3  0.0 40.7 19.3 16.9  1.2  5.7 12.1  9.7  0.0
      1.05      3.84     -5.10     -3.92      0.56  0.0  0.0  0.3  0.0  0.0
                                4000_story_1270_llm_free.txt 36.3  4.4 3015
 16.3  4.3  4.3 32.2  4.6  0.0  2.0  0.7 11.9 23.5  0.0  0.7  0.7  5.0  0.0
  1.0  1.3  2.3  7.0  0.0  1.3278.9 93.2 32.5120.1 60.7 16.3  5.3  0.0  2.0
  0.0  2.0 20.9  6.3 19.2 26.9  5.0  2.3  2.0  2.0  2.0  1.0  3.0  3.3  0.0
  4.3  4.3  1.0  1.7  2.3  6.6 15.9  7.6  1.3  2.0 66.3 77.3  0.7165.5  7.6
  1.7  0.3  0.0  0.0  0.0  0.0  0.0  0.0  0.0  0.0  0.0  0.0  0.0  0.0  0.0
  0.0  0.0  0.0  1.7  0.3  3.3  0.3  0.0  0.3  0.0  0.0  0.0  0.0  0.0  0.0
  0.3  0.0  1.7  0.3  0.0  0.0  0.0  0.0  0.0  0.0  0.0  0.0  2.0  0.7  0.0
  5.6  0.3  0.0  6.0  2.3  0.0  2.3  2.7  0.0  0.0  0.0  0.0  0.0  0.0  0.0
  0.0  0.3  0.0  0.3  0.0  0.0  0.0 13.9  1.3  1.0  8.0 37.5  2.7  5.6 12.3
  1.0  1.7  1.3  3.6  0.0  0.7  0.0 38.8 11.9 17.9  2.0  7.6 13.3  8.0  0.0
     -6.08      5.03     -4.83     -3.16      0.13  0.3  0.0  0.0  0.0  0.0
                                4000_story_1271_llm_free.txt 34.3  4.5 3586
 16.7  3.3  7.3 41.8 14.2  0.6  5.6  1.4 11.4 17.3  0.0  1.7  0.0  3.9  0.0
  1.1  0.8  8.1  8.1  0.6  1.1270.5 83.4 29.6119.6 61.6 12.5  8.9  0.0  0.6
  0.3  3.1 24.5  8.4 12.3 32.6  4.5  1.4  1.4  1.1  1.1  1.7  3.3  5.0  0.6
  5.9  5.6  1.1  0.8  3.9 10.6 19.5 11.4  1.4  0.8 61.3 87.3  1.4178.2  4.5
  1.4  0.0  0.0  0.0  0.0  0.0  0.0  0.0  0.0  0.0  0.0  0.0  0.0  0.0  0.0
  0.0  0.0  0.0  1.4  0.6  2.0  1.1  0.0  0.0  0.0  0.0  0.0  0.0  0.0  0.3
  0.0  1.7  0.3  0.3  0.0  0.0  0.0  0.0  0.0  0.3  0.0  0.3  2.5  0.6  0.0
  5.0  0.0  0.0  5.0  2.5  0.0  2.8  3.3  0.0  0.0  0.0  0.0  0.0  0.0  0.0
  0.6  0.3  0.0  0.0  0.0  0.0  0.0 15.6  1.4  1.1  7.3 34.6  3.9  9.8 13.9
  2.8  1.4  0.6  3.3  0.8  0.8  0.0 36.5 15.1 18.7  2.5  8.1 14.5 11.2  0.0
     -3.09      5.01     -3.51     -4.12      1.54  0.3  0.0  0.3  0.0  0.0
                                4000_story_1273_llm_free.txt 36.5  4.5 3581
 15.1  5.3  4.5 48.6 12.8  2.5  3.6  1.4 10.6 21.5  0.6  1.1  0.6  7.5  0.3
  1.4  1.7  5.3 10.3  2.5  4.7260.5 80.4 24.0132.1 61.7  9.8 15.4  0.3  1.1
  0.6  1.4 22.3 11.2  9.8 28.8  4.7  5.0  3.9  1.7  1.4  2.2  4.7  7.5  0.0
  3.6  4.2  1.7  3.1  4.5 11.7 18.7 11.2  4.2  2.0 57.5 85.2  2.2193.2  4.7
  1.4  0.0  0.0  0.0  0.0  0.0  0.0  0.0  0.0  0.0  0.0  0.0  0.0  0.0  0.0
  0.0  0.0  0.0  3.1  0.8  2.8  1.1  0.0  0.0  0.0  0.0  0.0  0.0  0.0  0.3
  0.8  0.8  0.8  0.3  0.0  0.0  0.0  0.0  0.0  0.3  0.0  0.0  1.7  0.6  0.0
  7.8  0.0  0.0  7.8  3.1  0.0  3.4  2.2  0.0  0.0  0.0  0.0  0.0  0.0  0.0
  0.0  0.0  0.0  0.0  0.0  0.0  0.0 12.6  2.2  0.6  8.7 29.6  4.7  8.4 10.9
  3.1  2.0  1.1  2.5  0.0  0.8  0.0 42.4 22.6 19.5  1.1  7.8 11.2 10.9  0.0
      5.13      6.08     -3.43     -1.83      1.65  0.3  0.0  0.0  0.0  0.0
                                4000_story_1274_llm_free.txt 34.3  4.5 3280
 19.2  5.8  8.5 47.0  6.1  1.5  3.7  1.8 15.9 22.9  0.6  1.8  0.9  5.5  1.5
  0.0  2.7  5.5 11.6  0.9  0.9271.0 83.8 36.9113.7 61.0 15.5  8.2  0.3  0.3
  0.0  2.1 21.6  8.8 17.4 29.0  4.6  2.7  2.4  1.8  2.4  3.7  2.4  8.2  0.0
  4.9  7.3  0.6  2.1  1.8 10.7 24.7 13.1  3.7  0.6 63.7 82.9  3.4177.4  4.6
  1.8  0.0  0.0  0.0  0.0  0.0  0.0  0.0  0.0  0.0  0.0  0.0  0.0  0.0  0.0
  0.0  0.0  0.0  0.9  0.9  4.3  0.9  0.0  0.0  0.0  0.0  0.0  0.0  0.0  0.3
  0.6  0.6  0.9  0.0  0.0  0.0  0.0  0.0  0.0  0.0  0.0  0.0  3.7  2.4  0.0
  7.0  0.0  0.0  7.0  2.4  0.0  2.4  6.1  0.0  0.0  0.0  0.0  0.0  0.0  0.0
  0.0  0.3  0.3  0.0  0.0  0.0  0.0  7.9  1.2  1.2  8.8 37.2  2.1  3.7 18.6
  2.7  0.3  1.8  1.2  0.0  0.9  0.0 37.2 13.4 17.4  0.9  8.5 10.7 10.7  0.0
      3.47      5.24     -5.68     -1.71      0.72  0.3  0.0  0.0  0.0  0.0
                                4000_story_1275_llm_free.txt 37.3  4.4 3154
 20.0  6.7 13.0 55.2 10.1  1.3  4.8  1.9 20.6 24.7  0.3  0.6  0.3  5.4  1.0
  0.0  1.0  6.3  7.3  1.0  2.5261.9 81.8 31.1108.8 65.0 10.5  9.5  0.0  1.6
  0.3  0.6 19.3  8.9 10.8 33.9  7.0  9.5  2.5  3.8  2.2  3.5  4.1  6.3  0.3
  5.4  5.4  1.3  2.9  3.2 18.1 17.8 12.0  1.9  1.9 54.2 95.8  2.2182.9  7.6
  0.3  0.0  0.0  0.0  0.0  0.0  0.0  0.0  0.0  0.0  0.0  0.0  0.0  0.0  0.0
  0.0  0.0  0.0  3.5  1.0  2.5  1.0  0.3  0.0  0.0  0.0  0.0  0.0  0.0  0.3
  0.0  2.2  1.3  0.0  0.0  0.0  0.3  0.0  0.0  0.0  0.0  0.0  2.9  1.0  0.0
  7.9  0.3  0.0  8.2  3.8  0.3  4.1  3.8  0.0  0.0  0.0  0.0  0.0  0.0  0.0
  0.0  0.6  0.0  0.0  0.0  0.0  0.0 16.5  1.0  2.2  8.6 23.8  1.0 14.6 18.7
  2.2  0.3  0.0  4.4  0.0  2.2  0.0 35.2 17.1 28.2  3.5  7.6 11.7  9.5  0.0
      1.52      4.51     -4.00      0.66      1.89  0.3  0.0  0.0  0.0  0.0
                                4000_story_1279_llm_free.txt 35.0  4.6 2941
 18.4  4.1  3.7 43.9  7.8  1.0  1.4  0.3 10.5 18.7  0.3  0.7  0.3  4.8  0.3
  0.7  1.4  3.7  9.5  2.0  2.0276.8 77.2 28.6111.9 52.4 14.6 11.6  0.0  1.7
  0.0  1.7 23.5  8.2 12.2 32.3  6.5  5.1  1.7  2.4  1.0  2.7  3.4  4.1  0.0
  5.4  7.5  1.0  2.7  4.1  9.9 21.8  9.5  3.4  1.7 59.2 70.7  1.0175.5  8.5
  1.4  0.0  0.0  0.0  0.0  0.0  0.0  0.0  0.0  0.0  0.0  0.0  0.0  0.0  0.0
  0.0  0.0  0.0  1.7  0.7  3.1  0.3  0.0  0.0  0.0  0.0  0.0  0.0  0.0  1.4
  0.0  0.7  0.7  0.0  0.0  0.0  0.0  0.3  0.0  0.0  0.0  0.0  2.4  1.0  0.0
  5.8  0.0  0.0  5.8  2.7  0.3  3.1  3.4  0.0  0.0  0.0  0.0  0.0  0.0  0.0
  0.0  0.7  0.0  0.0  0.0  0.0  0.3 10.9  3.7  0.0  4.8 30.3  3.1 14.3 10.5
  1.4  1.0  1.7  1.0  0.0  2.0  0.0 40.5 16.0 21.8  2.4  7.5 10.2  9.5  0.0
     -2.42      5.23     -3.68     -2.19      0.87  0.3  0.0  0.3  0.0  0.0
                                4000_story_1280_llm_free.txt 34.3  4.4 3169
 15.8  2.8  7.6 39.8 13.3  0.3  2.5  0.3 13.3 18.9  0.3  0.9  0.3  7.3  0.9
  0.0  0.9  2.8 10.1  0.9  1.9266.0 89.9 28.1123.4 60.3 12.9  5.7  0.0  0.9
  0.0  3.2 15.8  9.2 11.0 26.2  6.3  2.8  0.3  1.9  0.9  0.9  2.2  5.0  0.0
  1.6  5.7  0.9  2.2  6.9  6.6 21.8  6.6  1.9  0.9 64.1 86.8  0.9176.4  6.0
  0.3  0.0  0.0  0.0  0.0  0.0  0.0  0.0  0.0  0.0  0.0  0.0  0.0  0.0  0.0
  0.0  0.0  0.0  1.3  0.3  1.9  0.9  0.0  0.0  0.0  0.0  0.0  0.0  0.0  0.6
  0.3  0.3  0.6  0.6  0.0  0.0  0.0  0.0  0.0  0.0  0.3  0.0  2.2  0.3  0.0
  4.4  0.0  0.0  4.4  2.5  0.0  2.5  2.8  0.0  0.0  0.0  0.0  0.0  0.0  0.0
  0.0  0.3  0.0  0.0  0.0  0.0  0.0  7.3  4.1  0.3  4.7 45.1  4.7  6.3  6.0
  1.3  1.9  0.9  3.5  0.3  0.9  0.0 39.1  9.5 18.3  1.6  8.8 10.4  7.9  0.0
     -2.36      4.55     -3.64     -4.14     -0.97  0.3  0.0  0.0  0.0  0.0
                                4000_story_1284_llm_free.txt 34.3  4.4 4086
 18.6  5.9  5.1 40.1  9.8  1.0  4.4  1.2 26.7 20.3  0.2  1.0  0.0  4.9  0.5
  0.0  0.2  2.9 11.7  0.7  2.2248.2 84.9 26.7126.3 65.6 15.4  9.1  0.0  1.2
  0.0  2.0 25.7  6.6 14.7 31.1  7.8  2.2  1.2  2.4  2.2  1.7  1.7  7.3  0.5
  4.2  9.8  2.0  2.2  3.9  7.3 26.9 12.0  1.0  1.2 55.8102.1  2.2183.3  8.3
  1.2  0.0  0.0  0.0  0.0  0.0  0.0  0.0  0.0  0.0  0.0  0.0  0.0  0.0  0.0
  0.0  0.0  0.0  1.5  0.5  4.7  1.0  0.0  0.0  0.0  0.0  0.0  0.0  0.0  0.2
  0.5  0.7  1.2  0.5  0.0  0.5  0.0  0.0  0.0  0.0  0.0  0.0  3.4  1.2  0.0
  7.6  0.0  0.0  7.6  3.2  0.5  3.7  4.7  0.0  0.0  0.0  0.0  0.0  0.0  0.0
  0.0  0.2  0.0  0.0  0.0  0.0  0.0  8.6  2.2  2.2  8.3 29.6  7.6  7.8 14.7
  1.0  1.5  1.2  3.7  0.5  0.7  0.0 39.2 18.4 25.5  1.0  9.1 13.5  8.8  0.0
     -2.11      5.98     -3.88     -2.84      0.28  0.2  0.0  0.0  0.0  0.0
                                4000_story_1285_llm_free.txt 36.3  4.6 3896
 13.9  2.3  9.2 40.3  6.9  0.3  2.6  0.5  9.0 16.4  0.5  0.5  0.3  5.1  0.5
  0.8  0.0  3.9 11.6  1.0  1.0287.2 83.7 33.6106.5 50.1 11.3  9.0  0.3  1.0
  0.3  1.0 26.7 10.3 17.7 31.8  9.0  5.1  1.3  3.1  0.8  1.0  4.6  5.4  0.3
  4.1  5.6  1.3  3.9  4.6  9.8 21.8  9.8  1.0  1.5 63.1 66.0  1.3163.5  7.4
  1.3  0.0  0.0  0.0  0.0  0.0  0.0  0.0  0.0  0.0  0.0  0.0  0.0  0.0  0.0
  0.0  0.0  0.0  1.0  0.3  2.3  0.8  0.0  0.0  0.0  0.0  0.0  0.0  0.0  0.8
  0.8  1.0  0.5  0.3  0.0  0.3  0.0  0.0  0.0  0.3  0.0  0.0  1.3  0.8  0.0
  4.4  0.0  0.0  4.4  3.3  0.3  3.9  2.1  0.0  0.0  0.0  0.0  0.0  0.0  0.0
  0.3  0.8  0.0  0.0  0.0  0.0  0.0  3.9  3.9  0.3 11.3 22.6  8.2  8.5  6.2
  0.8  2.3  2.8  2.6  0.3  1.8  0.0 41.1 14.6 19.3  1.8  4.6 12.3  5.9  0.0
     -7.38      3.84     -5.85     -2.79      1.60  0.0  0.0  0.0  0.0  0.0
                                4000_story_1286_llm_free.txt 34.5  4.6 3427
 13.4  3.5  2.0 45.8  5.0  1.2  2.9  0.3  7.3 22.8  0.0  1.2  0.3  5.8  0.3
  0.0  1.8  3.5  9.3  0.6  0.9281.0 89.0 36.2109.7 48.4 17.8  9.3  0.0  1.5
  1.2  1.2 24.8  5.8 17.2 28.9  6.1  2.0  3.2  2.6  3.2  3.5  3.2  6.7  0.6
  5.5  5.0  0.6  3.5  3.5  8.8 19.3 12.8  2.3  2.6 59.8 60.7  0.9175.7  5.5
  1.2  0.0  0.0  0.0  0.0  0.0  0.0  0.0  0.0  0.0  0.0  0.0  0.0  0.0  0.0
  0.0  0.0  0.0  1.8  0.9  1.5  1.2  0.0  0.0  0.0  0.0  0.0  0.0  0.3  0.3
  0.0  0.9  0.6  0.6  0.0  0.0  0.0  0.3  0.0  0.3  0.3  0.3  2.9  0.3  0.0
  5.3  0.0  0.3  5.5  2.3  0.3  2.9  3.8  0.0  0.0  0.0  0.0  0.0  0.0  0.0
  0.0  0.0  0.0  0.0  0.0  0.0  0.0 11.1  1.2  0.6  5.8 31.8  5.3  5.0 21.3
  1.5  0.9  1.2  7.9  0.3  0.6  0.0 32.1 16.9 16.0  1.2  8.8 13.7  9.0  0.0
     -4.31      5.19     -3.45     -0.96      1.63  0.6  0.0  0.0  0.0  0.0
                                4000_story_1287_llm_free.txt 37.0  4.7 3611
 13.0  5.0  7.5 33.2  6.6  1.1  1.9  1.4  6.1 18.8  0.6  0.6  0.3  4.4  0.8
  0.3  1.4  3.9 11.6  1.1  2.8289.4 96.6 34.1118.8 41.3 11.6 11.9  0.3  1.1
  0.3  2.5 22.7  7.8 17.4 31.0  5.3  2.8  1.9  0.6  1.4  0.6  3.0  4.2  0.3
  7.5  4.7  0.0  1.9  3.6  8.0 19.9 11.9  2.5  1.7 71.2 54.0  1.7174.5  7.2
  0.0  0.6  0.0  0.0  0.0  0.0  0.0  0.0  0.0  0.0  0.0  0.0  0.0  0.0  0.0
  0.0  0.0  0.0  1.7  0.8  1.4  1.9  0.0  0.0  0.3  0.0  0.0  0.0  0.3  0.0
  0.0  1.7  0.6  0.3  0.0  0.0  0.0  0.3  0.0  0.0  0.0  0.0  0.8  0.8  0.0
  5.8  0.3  0.3  6.4  2.5  0.3  2.8  1.7  0.0  0.0  0.0  0.0  0.0  0.0  0.0
  0.0  0.0  0.0  0.0  0.0  0.0  0.0  7.5  2.2  1.4  6.4 30.7  9.1  2.8 16.1
  0.8  1.1  3.3  3.9  0.3  0.3  0.0 32.7 18.0 17.2  2.2 10.5 13.6 10.5  0.0
     -4.41      4.46     -4.67     -4.19      1.53  0.3  0.0  0.0  0.0  0.0
                                4000_story_1288_llm_free.txt 35.0  4.3 3557
 19.7  5.6  9.3 46.1 15.7  0.8  4.8  0.8 16.0 21.4  0.6  1.1  0.3  4.5  0.8
  0.3  2.8  4.8  8.7  1.4  0.6251.9 79.8 29.2125.4 69.4 14.9 10.7  0.0  0.8
  0.0  1.1 15.5  7.9 12.1 26.4  9.3  3.4  3.4  1.4  2.5  1.7  2.5  5.6  0.6
  6.5  4.5  1.1  3.4  2.5 10.7 16.9 12.7  4.2  0.8 54.0101.2  1.1191.5  5.6
  2.8  0.0  0.0  0.0  0.0  0.0  0.0  0.0  0.0  0.0  0.0  0.0  0.0  0.0  0.0
  0.0  0.0  0.0  3.4  0.6  3.1  2.0  0.0  0.0  0.0  0.0  0.0  0.0  0.0  1.7
  0.3  1.1  0.6  1.1  0.0  0.3  0.0  0.0  0.0  0.3  0.0  0.3  2.5  1.1  0.0
  9.0  0.0  0.0  9.0  4.8  0.3  5.3  3.9  0.0  0.0  0.0  0.0  0.0  0.0  0.0
  0.6  0.0  0.0  0.0  0.0  0.0  0.0 14.1  2.8  2.0  8.2 23.6  2.5  8.4 25.0
  4.5  0.8  2.0  2.8  1.4  0.3  0.3 40.8 21.9 23.6  2.2  9.0 11.8  7.0  0.0
      3.29      6.33     -4.42     -2.20      1.33  0.0  0.0  0.0  0.0  0.0
                                4000_story_1292_llm_free.txt 39.0  4.4 3353
 23.3  7.8  3.6 48.6 14.3  0.3  5.1  1.2 17.6 17.6  1.2  2.1  0.9  5.7  0.3
  1.5  0.9  6.6  7.8  2.1  0.3241.9 74.0 25.1125.9 80.2 16.1 12.8  0.0  0.6
  0.3  1.2 17.0  9.5  7.8 34.3  8.9  6.3  3.6  1.5  1.2  3.6  3.0  3.9  0.6
  3.9  4.5  3.9  2.7  6.9 14.0 17.0  8.4  3.0  0.9 57.9112.1  1.2191.2  6.9
  1.2  0.0  0.0  0.0  0.0  0.0  0.0  0.0  0.0  0.0  0.0  0.0  0.0  0.0  0.0
  0.0  0.0  0.0  4.8  1.8  2.7  1.2  0.0  0.0  0.0  0.0  0.0  0.0  0.0  0.6
  0.0  1.5  0.9  0.0  0.0  0.0  0.0  0.0  0.0  0.6  0.0  0.3  3.9  0.9  0.0
 10.4  0.0  0.0 10.4  3.0  0.0  3.6  5.1  0.0  0.0  0.0  0.0  0.0  0.0  0.0
  0.3  0.6  0.0  0.0  0.0  0.0  0.0 16.1  3.3  2.1  5.4 26.5  3.9 15.5 12.5
  2.7  0.3  0.9  2.4  0.0  0.9  0.0 39.1 25.1 27.7  1.2  7.2 14.3  8.9  0.0
      3.16      7.45     -3.79     -1.28      0.53  0.0  0.0  0.3  0.0  0.0
                                4000_story_1302_llm_free.txt 36.3  4.4 3166
 15.5  4.7  3.2 43.9 11.4  0.3  1.9  0.3 23.4 17.4  2.5  0.9  0.6  3.5  0.6
  0.9  0.6  4.4 12.3  0.9  1.6265.0 83.1 21.5113.7 60.6 13.6  9.5  0.0  0.3
  0.3  1.3 31.3  6.6 13.0 28.7  8.5  4.4  1.6  2.5  3.2  2.5  4.4  4.7  0.6
  4.7  6.0  1.3  2.5  7.3 12.0 23.1 10.1  1.6  0.6 49.3 95.4  2.2174.4  6.3
  1.3  0.6  0.0  0.0  0.0  0.0  0.0  0.0  0.0  0.0  0.0  0.0  0.0  0.0  0.0
  0.0  0.0  0.0  2.5  0.3  1.6  1.9  0.6  0.0  0.0  0.0  0.0  0.0  0.0  1.3
  0.3  1.6  0.3  0.3  0.0  0.3  0.0  0.0  0.0  0.3  0.0  0.0  0.9  0.3  0.0
  6.3  0.6  0.0  6.9  3.8  0.3  4.4  1.3  0.0  0.0  0.0  0.0  0.0  0.0  0.0
  0.0  0.0  0.0  0.0  0.0  0.0  0.0  7.9  3.8  0.9 11.1 23.4  9.2  4.4  8.8
  2.5  1.6  1.3  2.5  0.0  0.0  0.0 38.9 18.3 20.5  1.6  4.1 10.1  7.9  0.0
     -2.56      5.07     -3.28     -1.38      1.87  0.3  0.0  0.0  0.0  0.0
                                4000_story_1304_llm_free.txt 35.0  4.5 3734
 20.1  4.0  6.2 38.8 12.9  0.3  2.1  0.3 10.2 14.7  0.3  1.6  0.3  4.8  0.0
  0.0  1.9  3.7  9.4  1.1  1.6278.5 81.7 28.4122.4 60.0 12.1  9.6  0.0  2.1
  0.0  1.6 33.2  6.7 12.9 26.5  5.4  3.7  3.2  1.1  0.8  0.3  2.7  3.5  0.5
  4.6  6.4  0.5  2.4  4.6  8.3 20.1  8.6  2.9  2.1 57.8 83.0  2.1173.8  7.5
  1.9  0.0  0.0  0.0  0.0  0.0  0.0  0.0  0.0  0.0  0.0  0.0  0.0  0.0  0.0
  0.0  0.0  0.0  2.1  0.3  1.6  1.3  0.0  0.0  0.0  0.0  0.0  0.0  0.0  0.0
  0.3  1.1  1.3  0.8  0.0  0.3  0.0  0.0  0.0  0.3  0.0  0.0  1.3  0.3  0.0
  5.4  0.0  0.0  5.4  3.5  0.3  4.0  1.6  0.0  0.0  0.0  0.0  0.0  0.0  0.0
  1.1  0.5  0.0  0.0  0.0  0.0  0.0  7.0  5.6  1.1  7.8 19.3  4.6  6.4  8.8
  0.8  2.1  2.1  2.1  0.5  0.5  0.3 35.1 21.7 24.6  1.9  5.6  9.1  7.0  0.0
     -2.96      5.07     -2.25     -3.70      0.46  0.3  0.0  0.0  0.0  0.0
                                4000_story_1308_llm_free.txt 35.0  4.5 3665
 15.6  4.9  5.5 49.9 13.1  1.1  3.5  0.3 15.8 17.7  0.0  1.9  0.0  3.3  0.8
  0.3  2.2  6.5  6.3  1.1  1.9261.9 86.8 30.6110.8 53.8 12.8 11.5  0.0  0.5
  1.1  1.1 29.5  4.6 11.7 32.7  7.6  3.8  1.6  3.5  1.1  2.7  2.7  4.9  0.5
  5.5  6.5  0.8  3.3  4.1 11.5 19.4 10.9  3.3  1.6 59.2 82.7  3.3178.4  6.0
  2.2  0.0  0.0  0.0  0.0  0.0  0.0  0.0  0.0  0.0  0.0  0.0  0.0  0.0  0.0
  0.0  0.0  0.0  1.9  0.3  2.7  1.9  0.0  0.0  0.0  0.0  0.0  0.0  0.0  0.3
  0.8  0.5  2.2  0.3  0.0  0.0  0.0  0.0  0.0  0.0  0.0  0.3  2.7  1.6  0.0
  6.8  0.0  0.0  6.8  4.1  0.0  4.1  4.6  0.0  0.0  0.0  0.0  0.0  0.0  0.0
  0.0  0.3  0.0  0.0  0.0  0.0  0.0 15.6  3.3  1.1  9.3 32.7  4.9 14.7 16.9
  3.0  1.6  1.1  1.6  0.3  1.6  0.8 34.9 18.6 21.3  2.2  6.5 10.1  9.3  0.0
     -0.57      4.89     -1.95     -1.94      1.00  0.0  0.0  0.0  0.0  0.0
                                4000_story_1310_llm_free.txt 36.8  4.5 3691
 19.2  4.9  6.8 35.8  7.0  1.6  2.7  0.3  5.1 20.6  0.0  1.9  0.3  4.9  0.0
  0.3  1.4  4.1  8.1  1.1  3.0275.0 84.5 29.3118.4 66.9 17.3  8.4  0.3  1.1
  0.0  2.2 21.4  8.7 14.1 28.7  5.7  2.2  1.4  1.1  0.8  1.6  2.2  5.4  0.3
  4.3  5.1  1.4  2.2  3.5  7.0 18.4 10.0  2.4  1.4 64.8 79.1  1.9171.2  4.9
  0.5  0.0  0.0  0.0  0.0  0.0  0.0  0.0  0.0  0.0  0.0  0.0  0.0  0.0  0.0
  0.0  0.0  0.0  2.4  0.5  2.7  0.8  0.0  0.0  0.0  0.0  0.0  0.0  0.0  0.5
  0.0  1.1  1.1  0.5  0.0  0.0  0.0  0.0  0.0  0.3  0.0  0.0  0.8  0.3  0.0
  6.5  0.0  0.0  6.5  3.3  0.0  3.5  1.1  0.0  0.0  0.0  0.0  0.0  0.0  0.0
  0.0  0.0  0.0  0.0  0.0  0.0  0.0  6.2  2.2  5.7  7.3 25.2  5.7  6.0  6.5
  2.2  1.6  3.5  2.7  0.0  0.5  0.0 38.5 15.4 23.3  2.2  7.9  9.5  8.9  0.0
     -2.31      6.03     -4.29     -4.12      0.16  0.3  0.0  0.0  0.0  0.0
                                4000_story_1312_llm_free.txt 35.0  4.5 3061
  9.5  2.6  6.5 35.6 10.5  1.3  3.3  0.3  8.5 23.5  1.0  0.3  0.3  5.2  1.0
  0.0  1.6  2.9  9.5  0.3  2.3263.3 90.5 30.7123.8 48.7 13.4  8.8  0.0  1.0
  0.0  2.3 21.2  8.2 17.3 27.4  6.5  3.3  2.0  1.0  2.6  1.0  2.0  5.2  0.0
  4.9  7.5  0.3  2.9  4.9  8.8 20.6 10.1  2.0  1.0 72.9 67.6  2.0177.1  8.5
  1.0  0.0  0.0  0.0  0.0  0.0  0.0  0.0  0.0  0.0  0.0  0.0  0.0  0.0  0.0
  0.0  0.0  0.0  1.6  0.0  1.0  1.3  0.0  0.0  0.0  0.0  0.0  0.0  0.0  0.3
  0.3  0.3  0.3  1.0  0.0  0.0  0.0  0.0  0.0  0.3  0.0  0.3  0.3  0.3  0.0
  3.9  0.0  0.0  3.9  2.3  0.0  2.6  1.0  0.0  0.0  0.0  0.0  0.0  0.0  0.0
  0.0  1.0  0.0  0.0  0.0  0.0  0.0  4.2  2.3  1.6  7.8 30.1  3.9  4.2 14.7
  2.0  2.3  1.6  4.9  0.0  1.3  0.0 38.2 17.6 13.4  1.3  7.5 13.7  8.2  0.0
     -3.69      4.72     -5.20     -3.11     -0.03  0.7  0.0  0.0  0.0  0.0
                                4000_story_1314_llm_free.txt 36.5  4.6 3635
 13.5  2.5  4.4 27.2  4.4  0.3  0.8  0.8  6.3 22.0  0.3  0.3  0.3  5.5  0.6
  0.3  1.4  3.0  7.2  0.3  1.4272.4 88.6 29.7135.1 56.1 13.8  9.9  0.6  1.1
  0.0  1.7 26.4 12.7 15.7 23.1  3.9  2.5  2.5  1.4  1.4  2.5  1.7  7.2  0.3
  5.0  6.9  0.3  2.2  3.9  6.9 17.3 12.4  1.7  1.7 67.4 66.9  0.8177.2  9.1
  0.8  0.0  0.0  0.0  0.0  0.0  0.0  0.0  0.0  0.0  0.0  0.0  0.0  0.0  0.0
  0.0  0.0  0.0  0.8  0.3  1.4  1.1  0.0  0.0  0.0  0.0  0.0  0.0  0.0  0.3
  0.0  1.1  0.3  0.8  0.0  0.0  0.0  0.0  0.0  0.0  0.0  0.0  2.5  0.3  0.0
  3.6  0.0  0.0  3.6  2.5  0.0  2.5  2.8  0.0  0.0  0.0  0.0  0.0  0.0  0.0
  0.0  0.0  0.0  0.0  0.0  0.0  0.0 11.3  2.5  0.3  6.3 42.9  3.3  6.3  8.8
  5.0  0.8  2.8  2.5  0.3  0.6  0.0 37.7 15.4 18.2  0.8 11.3 12.9 10.5  0.0
     -6.77      5.69     -5.25     -2.95      0.30  0.3  0.0  0.0  0.0  0.0
                                4000_story_1319_llm_free.txt 36.0  4.4 4289
 15.4  6.8 11.2 49.2 14.9  1.2  2.1  0.5 24.5 20.8  0.7  2.1  0.5  5.4  0.9
  0.2  1.4  6.1  8.6  0.5  1.6263.5 84.6 27.3126.4 58.5 14.2 15.2  0.0  0.0
  0.0  1.6 18.0  7.5 15.2 28.0  4.9  4.2  3.0  1.6  2.6  2.1  2.8  4.0  0.2
  3.5  6.8  1.9  2.1  5.1 12.8 20.8  7.7  1.9  0.0 60.6 97.9  1.4190.3  8.2
  1.4  0.2  0.0  0.0  0.0  0.0  0.0  0.0  0.0  0.0  0.0  0.0  0.0  0.0  0.0
  0.0  0.0  0.0  4.0  0.5  2.8  1.4  0.0  0.2  0.0  0.0  0.0  0.0  0.0  0.5
  0.7  1.4  0.2  0.7  0.0  0.0  0.0  0.0  0.0  0.9  0.0  0.0  1.4  1.9  0.0
  8.6  0.2  0.0  8.9  3.5  0.0  4.4  3.3  0.0  0.0  0.0  0.0  0.0  0.0  0.0
  0.0  0.0  0.0  0.0  0.0  0.0  0.0  9.1  1.6  0.7 11.4 28.0  2.1  4.7 15.2
  3.5  1.6  1.9  3.3  0.0  0.2  0.0 40.6 25.2 20.8  1.4  7.9 11.9  9.6  0.0
      1.03      6.57     -5.35     -1.83      0.03  0.0  0.0  0.0  0.0  0.0
                                4000_story_1320_llm_free.txt 39.8  4.6 3175
  9.4  4.7  5.0 42.2  9.8  0.6  1.3  1.6 12.6 12.0  0.9  1.9  0.3  6.3  0.6
  0.9  0.9  4.4  9.4  0.3  1.9280.6 87.9 36.2114.0 63.0  7.9 12.0  0.0  0.3
  0.3  1.6 23.3  9.8 10.7 30.2  6.0  4.4  2.5  0.9  1.9  1.9  1.3  3.5  0.0
  5.4  6.6  1.6  1.6  4.7 10.7 20.5  8.8  1.3  0.6 69.9 85.4  3.5177.0 10.4
  0.3  0.0  0.0  0.0  0.0  0.0  0.0  0.0  0.0  0.0  0.0  0.0  0.0  0.0  0.0
  0.0  0.0  0.0  4.1  0.3  1.9  0.3  0.0  0.0  0.0  0.0  0.0  0.0  0.0  0.3
  0.3  1.9  1.3  0.0  0.0  0.3  0.0  0.0  0.0  0.0  0.0  0.0  2.2  0.6  0.0
  6.6  0.0  0.0  6.6  3.8  0.3  4.1  2.8  0.0  0.0  0.0  0.0  0.0  0.0  0.0
  0.3  0.3  0.0  0.0  0.0  0.0  0.0 13.9  4.1  0.9  6.3 38.1  3.8 12.3 13.2
  3.1  1.9  2.5  1.9  0.6  1.3  0.6 36.5 17.3 16.4  1.6  8.5 11.0  7.6  0.0
     -5.07      4.55     -4.04     -2.66     -0.59  0.0  0.0  0.0  0.0  0.0
                                4000_story_1321_llm_free.txt 34.8  4.6 3159
 12.0  3.2  2.5 48.1  8.5  1.6  3.2  0.9 11.1 23.7  0.0  1.3  0.3  6.3  0.3
  0.6  3.2  3.2  7.9  0.6  1.9266.2 85.2 31.7112.4 52.5 13.0  8.9  0.0  0.6
  0.0  4.1 23.7 10.1  9.2 29.8  6.6  4.4  3.2  1.6  0.3  2.5  2.8  5.1  0.3
  2.5  5.7  0.9  2.8  4.1  7.9 20.6  7.9  3.8  0.6 63.3 72.2  3.5175.7  7.3
  2.2  0.0  0.0  0.0  0.0  0.0  0.0  0.0  0.0  0.0  0.0  0.0  0.0  0.0  0.0
  0.0  0.0  0.0  1.9  0.3  2.2  0.9  0.0  0.0  0.0  0.0  0.0  0.0  0.0  0.6
  0.6  2.2  0.3  0.9  0.0  0.0  0.0  0.0  0.0  0.3  0.3  0.0  2.5  0.0  0.0
  5.4  0.0  0.0  5.4  4.7  0.0  5.1  2.8  0.0  0.0  0.0  0.0  0.0  0.0  0.0
  0.0  0.6  0.0  0.0  0.0  0.0  0.0 13.0  3.5  1.9  8.9 34.2  2.8 13.9 16.1
  0.6  0.3  1.6  2.2  0.3  1.6  0.0 38.0 15.2 18.0  2.2  9.5 10.4  9.5  0.0
      0.27      4.44     -2.82     -2.65     -0.02  0.9  0.3  0.0  0.0  0.0
                                4000_story_1322_llm_free.txt 34.8  4.5 3160
 13.3  2.2  5.7 33.5 10.8  0.9  2.8  1.6  8.2 17.4  0.0  0.6  0.3  4.7  0.6
  0.6  0.9  3.2 10.4  0.9  1.9261.1 81.6 23.1123.7 58.2 15.8 12.0  0.3  1.6
  0.0  2.2 23.1 10.8 13.6 29.1  5.4  1.6  2.2  2.2  1.9  0.6  3.8  5.1  0.0
  5.7  7.9  1.3  5.4  2.5  6.6 23.4 10.8  1.9  1.9 60.1 77.2  1.6172.5  5.4
  0.6  0.0  0.0  0.0  0.0  0.0  0.0  0.0  0.0  0.0  0.0  0.0  0.0  0.0  0.0
  0.0  0.0  0.0  1.9  0.0  0.3  1.9  0.0  0.0  0.0  0.0  0.0  0.0  0.0  0.3
  0.3  1.3  0.6  0.9  0.0  0.0  0.0  0.0  0.0  0.0  0.0  0.6  1.9  0.0  0.0
  4.1  0.0  0.0  4.1  3.5  0.0  3.5  2.5  0.0  0.0  0.0  0.0  0.0  0.0  0.0
  0.0  0.0  0.0  0.0  0.0  0.0  0.0  8.2  3.8  0.0  8.9 24.7  6.6  4.7  8.9
  1.3  1.6  1.6  2.5  0.0  1.3  0.6 35.8 22.8 18.7  2.5  6.0  9.8  7.9  0.0
     -3.90      6.20     -4.35     -3.35      1.35  0.3  0.0  0.0  0.0  0.0
                                4000_story_1324_llm_free.txt 37.8  4.4 2869
 17.1  5.2  5.9 37.3  7.7  0.3  1.7  0.3 17.4 17.4  0.3  0.3  0.3  4.5  0.3
  1.7  1.4  4.5 11.9  1.0  1.4276.8 79.8 41.8124.4 60.3 14.6  8.7  0.0  1.0
  0.0  2.8 19.9  6.3 15.3 30.0  5.2  4.2  4.9  0.7  1.0  0.7  1.7  2.4  0.3
  5.9  5.6  2.1  2.1  4.5  9.8 21.3  8.7  2.4  1.0 64.1 85.4  1.0175.7  6.3
  1.4  0.0  0.0  0.0  0.0  0.0  0.0  0.0  0.0  0.0  0.0  0.0  0.0  0.0  0.0
  0.0  0.0  0.0  4.2  0.3  2.4  0.3  0.0  0.0  0.0  0.0  0.0  0.0  0.0  0.7
  0.0  0.7  0.3  0.0  0.0  0.0  0.0  0.0  0.0  0.0  0.0  0.3  2.8  0.7  0.0
  7.3  0.0  0.0  7.3  1.7  0.0  1.7  3.8  0.0  0.0  0.0  0.0  0.0  0.0  0.0
  0.3  0.7  0.3  0.0  0.0  0.0  0.0 15.3  1.0  1.0  8.4 34.5  2.8  5.2 23.7
  4.9  3.1  5.9  8.7  0.0  0.7  0.7 34.5 19.9 20.9  1.4  5.6 15.3 10.1  0.0
     -3.07      5.47     -4.10     -2.94      0.01  0.0  0.0  0.0  0.0  0.0
                                4000_story_1325_llm_free.txt 39.0  4.4 3304
 16.0  6.1  8.5 47.5 23.6  1.2  3.3  0.3 20.3 14.5  0.3  2.1  0.6  6.1  0.0
  0.0  0.6  6.1 10.3  1.8  2.7242.7 83.2 22.1124.7 74.2 18.5 11.5  0.0  1.2
  0.3  1.2 19.4  8.8 13.6 30.3  6.7  3.6  3.3  3.3  1.5  1.5  4.5  3.0  0.0
  3.3  6.4  1.8  2.7  6.1 11.2 23.3  6.4  2.4  1.5 57.5118.0  2.4188.6  5.8
  1.2  0.3  0.0  0.0  0.0  0.0  0.0  0.0  0.0  0.0  0.0  0.0  0.0  0.0  0.0
  0.0  0.0  0.0  3.3  0.6  2.4  1.8  0.3  0.0  0.0  0.0  0.0  0.0  0.3  0.9
  0.6  1.8  1.2  0.0  0.0  0.0  0.3  0.0  0.0  0.0  0.0  0.3  2.1  0.9  0.0
  8.2  0.3  0.3  8.8  4.5  0.3  4.8  3.3  0.0  0.0  0.0  0.0  0.0  0.0  0.0
  0.3  0.3  0.0  0.0  0.0  0.0  0.0 13.6  2.1  2.4  8.8 22.4  1.5  4.2  5.4
  2.1  1.5  1.2  2.7  0.3  0.0  0.0 40.6 24.2 26.9  1.2  7.6  9.7  8.5  0.0
      1.78      7.35     -4.59     -1.83      0.74  0.3  0.0  0.0  0.0  0.0
                                4000_story_1326_llm_free.txt 35.0  4.5 3107
 15.8  6.1  7.1 40.6 11.9  1.0  1.6  1.0 10.6 18.7  0.6  1.3  0.0  3.2  0.6
  0.6  1.9  4.8  8.7  1.0  1.6246.9 96.9 31.5123.9 66.3 15.4 11.3  0.0  0.0
  0.3  1.9 21.2  8.4 15.8 28.3  5.8  2.6  1.6  1.3  2.6  1.0  1.6  7.1  0.0
  4.8  8.0  1.6  1.9  4.2 10.0 21.2 11.9  2.9  0.3 72.7 88.8  1.6181.2  8.7
  0.6  0.0  0.0  0.0  0.0  0.0  0.0  0.0  0.0  0.0  0.0  0.0  0.0  0.0  0.0
  0.0  0.0  0.0  2.9  0.0  4.5  1.3  0.0  0.0  0.0  0.0  0.0  0.0  0.0  0.3
  0.0  1.6  0.6  1.0  0.0  0.3  0.0  0.0  0.0  0.0  0.0  0.0  2.9  0.6  0.0
  8.7  0.0  0.0  8.7  3.5  0.3  3.9  3.5  0.0  0.0  0.0  0.0  0.0  0.0  0.0
  0.3  0.6  0.0  0.0  0.0  0.0  0.0 10.6  0.6  2.3  3.2 24.8  3.2  5.1  9.0
  3.5  0.6  1.9  4.2  0.0  1.9  0.0 40.9 20.0 19.3  1.3  9.3 10.9  9.3  0.0
     -1.86      6.35     -5.18     -3.28      0.01  0.0  0.3  0.0  0.0  0.0
                                4000_story_1327_llm_free.txt 37.3  4.5 2703
 12.6  1.5  4.4 27.4  8.1  0.0  1.5  1.5  5.9 14.8  0.4  0.7  0.0  3.0  0.7
  0.4  0.4  4.1  7.4  0.7  0.7266.7 81.0 34.8127.6 74.7 16.6  5.9  0.0  1.5
  0.4  1.8 21.5 11.1 11.5 35.5  7.0  2.6  2.6  1.8  0.4  3.3  3.3  4.1  0.7
  1.8  6.7  1.5  3.3  3.3  7.0 18.5  6.7  1.1  1.8 62.2 88.8  2.6172.0  7.4
  1.1  0.0  0.0  0.0  0.0  0.0  0.0  0.0  0.0  0.0  0.0  0.0  0.0  0.0  0.0
  0.0  0.0  0.0  0.4  0.7  3.0  1.1  0.0  0.0  0.0  0.0  0.0  0.0  0.0  0.0
  1.1  1.8  0.7  0.7  0.0  0.0  0.0  0.0  0.0  0.4  0.0  0.0  3.7  1.1  0.0
  5.2  0.0  0.0  5.2  4.4  0.0  4.8  4.8  0.0  0.0  0.0  0.0  0.0  0.0  0.0
  0.4  0.7  0.7  0.0  0.0  0.0  0.0 13.7  1.8  0.7  9.6 29.6  5.2 10.7 12.9
  5.9  1.5  2.2  3.3  0.0  0.4  0.0 37.4 15.5 16.6  2.6  7.8 13.3  7.8  0.0
     -9.26      6.09     -4.34     -2.80      0.24  0.4  0.0  0.0  0.0  0.0
                                4000_story_1329_llm_free.txt 35.8  4.5 3535
 21.5  5.4  4.8 34.2  9.1  1.1  3.4  2.3  9.1 18.1  0.3  0.8  0.3  5.7  0.3
  0.3  1.1  2.3  9.1  0.8  1.1275.0 84.9 32.8121.9 65.1 22.9  9.9  0.6  2.0
  0.0  0.8 22.3  6.8 13.3 25.7  4.5  1.1  2.3  2.5  1.1  1.4  1.7  5.4  0.0
  6.2  6.2  1.7  1.1  4.0  4.5 19.5 11.6  2.0  2.5 58.3 83.2  2.3173.7  6.5
  2.0  0.3  0.0  0.0  0.0  0.0  0.0  0.0  0.0  0.0  0.0  0.0  0.0  0.0  0.0
  0.0  0.0  0.0  1.7  1.7  2.8  1.4  0.3  0.0  0.0  0.0  0.0  0.0  0.0  0.6
  0.3  1.4  0.6  0.0  0.0  0.0  0.0  0.0  0.0  0.0  0.3  0.0  0.8  0.8  0.0
  7.6  0.3  0.0  7.9  2.8  0.0  2.8  2.0  0.0  0.0  0.0  0.0  0.0  0.0  0.0
  0.0  0.0  0.0  0.0  0.0  0.0  0.0 11.9  3.1  2.3 11.6 31.7  7.4  6.8 12.2
  0.8  1.1  2.0  2.5  0.0  0.3  0.6 31.7 18.7 27.2  0.8  7.9 10.7  5.7  0.0
     -3.49      7.41     -3.15     -3.34      0.26  0.6  0.0  0.0  0.0  0.0
                                4000_story_1330_llm_free.txt 34.0  4.5 3373
 16.6  1.8  4.2 27.9  6.2  0.3  1.8  0.3  5.9 15.1  0.3  0.6  0.6  5.6  0.6
  0.6  0.3  4.4  8.9  1.2  1.8274.5 91.3 35.3122.1 60.2 16.6  5.9  0.6  0.3
  0.0  1.2 17.5  6.5 13.3 27.3  3.6  1.8  0.9  1.5  1.5  2.1  1.2  5.9  0.6
  4.7  7.1  2.7  2.4  3.9  7.7 19.3 11.3  1.5  0.9 73.2 72.3  2.1168.7  8.3
  1.5  0.0  0.0  0.0  0.0  0.0  0.0  0.0  0.0  0.0  0.0  0.0  0.0  0.0  0.0
  0.0  0.0  0.0  1.2  0.0  1.8  0.3  0.0  0.0  0.0  0.0  0.0  0.0  0.3  0.6
  0.0  0.0  0.0  0.0  0.0  0.0  0.0  0.0  0.0  0.0  0.0  0.0  3.3  0.6  0.0
  3.3  0.0  0.3  3.6  0.6  0.0  0.6  3.9  0.0  0.0  0.0  0.0  0.0  0.0  0.0
  0.0  0.9  0.0  0.0  0.0  0.0  0.0 10.1  0.6  0.9  7.1 33.2  7.7  3.9 11.9
  0.9  1.2  1.2  3.6  0.0  1.5  0.3 35.3 12.7 19.6  2.4  8.0  8.6  6.2  0.0
     -7.13      5.26     -4.21     -3.68      0.00  0.6  0.0  0.0  0.0  0.0
                                4000_story_1331_llm_free.txt 37.0  4.5 3144
 18.8  6.0  3.5 43.3 10.2  1.0  4.1  1.0  9.2 17.2  1.0  0.6  1.0  6.4  0.6
  0.0  2.9  3.8 13.0  2.2  1.3263.4 81.7 28.0123.7 59.8 13.0  9.9  0.3  1.9
  1.3  1.6 28.0  7.0 14.0 33.7  8.3  4.5  4.1  2.2  2.5  2.9  3.2  6.7  1.3
  3.8  6.4  1.6  4.8  4.8 10.8 23.9 11.8  5.1  3.5 54.7 79.2  1.6182.9  5.4
  3.5  0.0  0.0  0.0  0.0  0.0  0.0  0.0  0.0  0.0  0.0  0.0  0.0  0.0  0.0
  0.0  0.0  0.0  3.2  0.6  2.2  2.5  0.3  0.0  0.0  0.0  0.0  0.0  0.0  0.0
  0.6  1.3  0.6  1.3  0.0  0.0  0.3  0.0  0.0  0.3  0.3  0.0  4.5  0.3  0.0
  8.6  0.3  0.0  8.9  3.8  0.3  4.5  5.1  0.0  0.0  0.0  0.0  0.0  0.0  0.0
  0.3  0.3  0.0  0.0  0.0  0.0  0.0 11.5  0.3  1.3  8.9 26.4  1.9  3.2 24.2
  1.6  1.3  2.9  4.5  0.0  1.6  0.0 37.2 20.0 19.7  0.3  6.0 11.8 11.1  0.0
      3.36      5.33     -2.23     -0.84      1.58  0.6  0.3  0.0  0.0  0.0
                                4000_story_1332_llm_free.txt 30.3  4.3 3232
 17.0  7.1  7.4 40.8 10.8  0.9  3.4  1.5 15.5 15.2  0.9  0.9  1.2  2.8  0.0
  0.6  0.6  6.2  7.4  1.2  0.9255.0 82.9 27.2130.0 78.0 14.2 15.2  0.0  0.3
  0.0  0.6 21.7  9.0 14.9 30.3  7.1  4.6  2.2  3.1  1.2  2.8  4.0  5.3  0.3
  3.4  6.5  0.9  2.2  3.7 12.1 18.6  9.0  1.9  0.3 51.1104.3  1.5185.6  5.6
  0.9  0.0  0.0  0.0  0.0  0.0  0.0  0.0  0.0  0.0  0.0  0.0  0.0  0.0  0.0
  0.0  0.0  0.0  2.8  1.2  1.2  1.9  0.0  0.0  0.0  0.0  0.0  0.0  0.0  0.3
  0.0  1.9  0.0  0.0  0.0  0.6  0.0  0.0  0.0  0.9  0.0  0.0  1.9  1.9  0.0
  7.1  0.0  0.0  7.1  2.2  0.6  3.7  3.7  0.0  0.0  0.0  0.0  0.0  0.0  0.0
  0.6  0.0  0.0  0.0  0.0  0.0  0.0 22.3  1.9  0.6  9.3 40.2  3.1  7.4 10.5
  5.3  0.9  5.0  2.8  0.0  0.6  0.0 38.7 24.1 25.1  1.9  9.9 17.0 10.8  0.0
     -2.89      7.56     -5.79     -1.69      1.02  0.0  0.0  0.0  0.6  0.0
                                4000_story_1333_llm_free.txt 36.5  4.4 3842
 16.7  7.8  4.9 47.1 12.8  1.6  3.6  1.3 20.0 20.0  0.5  2.6  0.8  5.7  0.5
  0.0  1.8  3.1  8.8  0.5  1.6245.7 83.6 26.3120.5 64.5 20.0  9.9  0.0  0.5
  0.0  1.0 18.0  6.5 12.2 31.8  6.8  3.6  2.6  1.8  2.9  1.6  4.7  6.0  0.5
  3.6  7.3  2.1  2.1  3.4  9.6 21.6 10.2  2.3  0.5 58.3 97.3  2.9184.0  6.5
  0.8  0.0  0.0  0.0  0.0  0.0  0.0  0.0  0.0  0.0  0.0  0.0  0.0  0.0  0.0
  0.0  0.0  0.0  3.9  1.3  2.9  2.3  0.0  0.3  0.0  0.0  0.0  0.0  0.0  0.8
  0.3  1.8  1.0  0.3  0.0  0.3  0.0  0.3  0.0  0.5  0.0  0.0  3.1  1.3  0.0
 10.4  0.3  0.0 10.7  4.2  0.5  5.2  4.4  0.0  0.0  0.0  0.0  0.0  0.0  0.0
  0.3  0.3  0.3  0.0  0.0  0.0  0.0  8.3  2.3  2.3  6.5 31.5  7.0  7.8 14.1
  6.2  0.8  2.6  2.1  0.0  0.5  0.3 41.9 18.2 25.2  1.8  8.8  9.4  6.8  0.0
      2.04      6.79     -4.39     -2.08      1.78  0.5  0.3  0.3  0.0  0.0
                                4000_story_1334_llm_free.txt 34.8  4.6 3588
 14.8  5.3  6.1 48.8  8.4  0.3  4.2  0.8  9.2 17.8  0.8  1.4  0.0  3.1  0.3
  0.8  1.4  5.9  8.9  1.4  0.6282.6 86.1 37.3115.9 53.8 12.0 11.4  0.8  1.1
  0.0  0.8 26.5  6.7 18.1 28.1  5.3  3.3  3.6  3.1  1.1  0.6  3.1  4.7  0.6
  5.3  4.2  1.4  3.1  6.1 10.3 18.4 10.6  2.8  2.0 62.7 71.3  0.8180.9  4.7
  1.7  0.0  0.0  0.0  0.0  0.0  0.0  0.0  0.0  0.0  0.0  0.0  0.0  0.0  0.0
  0.0  0.0  0.0  2.8  1.4  1.7  0.0  0.0  0.3  0.0  0.0  0.0  0.0  0.0  0.3
  0.0  1.4  0.6  0.0  0.0  0.0  0.0  0.0  0.0  0.3  0.3  0.0  1.4  0.6  0.0
  5.9  0.3  0.0  6.1  2.2  0.0  2.5  2.2  0.0  0.0  0.0  0.0  0.0  0.0  0.0
  0.0  0.0  0.0  0.0  0.0  0.0  0.0 14.5  1.4  0.3  8.1 22.0  4.7  4.7 22.0
  1.4  1.4  2.2  3.1  0.3  2.0  0.3 29.8 18.4 17.3  1.7  8.4 13.1  8.6  0.0
     -4.01      4.90     -4.67     -2.49      1.14  0.3  0.0  0.0  0.0  0.0
                                4000_story_1337_llm_free.txt 34.0  4.4 3974
 15.6  4.8  3.3 44.0  6.3  0.8  3.3  0.3  9.6 26.7  0.8  1.8  0.3  2.3  0.3
  0.3  2.3  3.8 10.6  2.0  2.5262.7 86.1 29.4120.3 58.9 16.1  7.0  0.0  0.5
  0.8  0.8 23.4  9.1 17.6 29.9  6.5  3.8  2.5  2.3  1.3  3.0  2.3  5.8  0.3
  6.0  6.3  0.0  3.5  5.8  8.8 21.6 12.1  4.3  1.3 56.1 74.7  1.0179.7  5.3
  1.3  0.0  0.0  0.0  0.0  0.0  0.0  0.0  0.0  0.0  0.0  0.0  0.0  0.0  0.0
  0.0  0.0  0.0  2.5  0.0  1.5  1.3  0.0  0.3  0.0  0.0  0.0  0.0  0.0  0.3
  0.0  1.5  1.3  0.0  0.0  0.0  0.0  0.3  0.0  0.3  0.3  0.0  2.0  0.5  0.0
  5.3  0.3  0.0  5.5  3.0  0.3  3.5  2.8  0.0  0.0  0.0  0.0  0.0  0.0  0.0
  0.0  0.0  0.0  0.0  0.0  0.0  0.0 11.8  1.5  0.8  8.3 44.5  3.0  4.0 19.1
  1.3  1.0  3.0  3.5  0.3  0.3  0.3 36.7 13.3 19.6  3.3  5.8 12.6  9.1  0.0
      0.22      5.25     -5.65     -2.06      0.81  0.0  0.0  0.0  0.0  0.0
                                4000_story_1342_llm_free.txt 35.0  4.5 3472
 17.6  4.6  5.8 49.0 17.6  1.7  3.2  1.4 12.1 17.0  0.6  1.4  0.0  6.3  0.9
  0.6  2.9  4.6 10.7  0.6  0.3246.3 70.9 31.7125.6 77.2 16.4  8.9  0.0  1.7
  0.3  2.3 27.4  8.4  8.6 32.8  6.9  6.6  2.3  2.6  1.2  1.7  3.5  4.9  0.0
  6.0  6.0  1.4  3.7  3.7 12.4 23.0 10.9  3.5  2.0 62.5106.9  2.0189.8  4.0
  1.4  0.0  0.0  0.0  0.0  0.0  0.0  0.0  0.0  0.0  0.0  0.0  0.0  0.0  0.0
  0.0  0.0  0.0  2.0  0.6  4.0  0.9  0.0  0.0  0.0  0.0  0.0  0.0  0.0  0.9
  0.9  1.2  1.4  0.6  0.0  0.0  0.0  0.0  0.0  0.6  0.0  0.0  5.5  1.7  0.0
  7.5  0.0  0.0  7.5  4.9  0.0  5.5  7.2  0.0  0.0  0.0  0.0  0.0  0.0  0.0
  0.0  0.0  0.0  0.0  0.0  0.0  0.0 12.7  2.9  2.0 11.2 28.2  5.8 13.2 12.1
  2.3  2.0  0.9  2.6  0.3  1.2  0.0 42.9 18.7 21.9  1.4  7.8 13.0  8.4  0.0
      2.74      6.64     -1.94     -1.87      1.23  0.0  0.0  0.0  0.0  0.0
                                4000_story_1343_llm_free.txt 33.5  4.4 3428
 19.3  4.7  9.0 51.9 16.9  1.2  3.8  1.2 19.3 14.3  0.0  2.0  0.6  6.4  0.0
  0.0  0.3  4.7  5.8  2.0  1.5246.8 76.4 33.3123.4 72.1 13.4 11.1  0.0  1.5
  0.3  1.2 19.8  7.6 14.9 35.9  6.4  3.2  2.3  2.0  1.2  2.3  1.8  2.3  0.0
  4.4  6.4  0.9  0.9  4.4  9.0 17.5  6.7  2.3  1.8 63.3108.2  3.5187.3  5.5
  0.6  0.0  0.0  0.0  0.0  0.0  0.0  0.0  0.0  0.0  0.0  0.0  0.0  0.0  0.0
  0.0  0.0  0.0  2.3  0.9  1.8  0.6  0.0  0.0  0.0  0.0  0.3  0.0  0.0  0.3
  0.6  2.9  1.2  0.3  0.0  0.0  0.0  0.0  0.0  0.0  0.0  0.0  2.0  0.6  0.0
  5.5  0.0  0.3  5.8  5.3  0.0  5.3  2.6  0.0  0.0  0.0  0.0  0.0  0.0  0.0
  0.0  1.5  0.0  0.0  0.0  0.0  0.0 19.5  0.9  0.9 11.7 32.7  1.5 11.7 12.0
  3.8  2.3  8.2  3.2  0.3  0.3  0.0 38.5 21.3 26.8  1.5  6.1 12.5 11.1  0.0
     -0.73      6.17     -4.80     -2.67     -0.77  0.3  0.0  0.0  0.0  0.0
                                4000_story_1345_llm_free.txt 36.3  4.6 3329
 18.3  3.3  3.6 47.2  6.6  0.9  2.1  1.5 10.8 15.9  0.9  0.9  0.3  4.2  1.2
  0.6  2.1  4.5 13.5  2.1  1.2286.6 83.5 36.9116.3 54.1 10.5 12.6  0.3  0.9
  0.0  0.3 22.8  9.0 18.3 29.1  6.9  3.9  3.3  0.3  2.4  1.2  2.7  7.5  0.0
  6.6  7.2  0.9  2.4  4.8 10.8 22.2 14.1  4.2  1.2 58.0 71.5  1.5183.2  5.4
  1.2  0.0  0.0  0.0  0.0  0.0  0.0  0.0  0.0  0.0  0.0  0.0  0.0  0.0  0.0
  0.0  0.0  0.0  2.7  0.6  0.9  0.9  0.0  0.0  0.0  0.0  0.0  0.0  0.0  0.9
  0.0  1.2  0.3  0.6  0.0  0.3  0.0  0.0  0.0  0.3  0.0  0.0  1.2  1.2  0.0
  5.1  0.0  0.0  5.1  3.0  0.3  3.6  2.4  0.0  0.0  0.0  0.0  0.0  0.0  0.0
  0.3  1.2  0.0  0.0  0.0  0.0  0.0 14.1  0.9  2.1  5.4 25.2  3.6  5.1 21.3
  3.0  0.6  2.7  2.4  0.0  0.6  0.6 31.8 22.5 18.6  2.4  8.4 11.1  9.6  0.0
     -1.03      4.86     -6.32     -2.85      1.33  0.3  0.3  0.0  0.0  0.0
                                4000_story_1346_llm_free.txt 37.0  4.5 3636
 15.4  1.4  3.9 40.2  6.9  0.3  1.7  0.8  7.7 20.9  1.7  1.4  0.3  7.7  0.3
  0.3  1.7  5.2  7.2  1.4  1.1284.4 91.6 35.8112.2 41.3  9.9  9.6  0.3  0.8
  0.0  2.5 21.2  6.3 12.9 30.3  6.1  4.7  2.8  2.8  0.8  1.9  2.8  5.2  0.0
  5.5  3.9  1.4  2.2  5.2 10.7 17.6 10.7  3.0  1.1 72.9 55.8  3.3167.8  4.7
  0.8  0.0  0.0  0.0  0.0  0.0  0.0  0.0  0.0  0.0  0.0  0.0  0.0  0.0  0.0
  0.0  0.0  0.0  1.1  0.3  1.4  0.6  0.0  0.0  0.0  0.0  0.0  0.0  0.0  0.8
  0.3  0.3  0.6  0.6  0.0  0.3  0.0  0.0  0.0  0.0  0.0  0.3  2.2  0.6  0.0
  3.3  0.0  0.0  3.3  2.5  0.3  2.8  3.0  0.0  0.0  0.0  0.0  0.0  0.0  0.0
  0.3  0.3  0.0  0.0  0.0  0.0  0.0  8.0  2.2  1.1  7.2 27.8 11.3  5.2 12.9
  1.1  1.4  1.7  2.8  0.3  0.6  0.0 30.8 17.1 15.7  0.8  7.7 10.7  8.3  0.0
     -3.21      3.48     -3.39     -2.19      0.66  0.3  0.3  0.0  0.0  0.0
                                4000_story_1348_llm_free.txt 37.5  4.6 3737
 11.8  2.7  5.6 41.2 10.2  1.1  3.2  0.8 10.4 21.7  0.5  0.3  0.3  4.8  0.8
  0.0  1.1  4.8  6.2  1.3  1.3283.4 83.8 34.8126.6 45.0  9.4 12.3  0.0  0.8
  0.3  2.9 26.8  6.7 12.3 27.8  6.7  5.9  3.2  1.9  0.5  2.1  2.4  5.9  0.3
  5.4  3.2  0.5  1.1  3.2 11.2 14.5 11.5  2.4  1.1 64.5 65.6  2.9187.6  7.8
  1.3  0.0  0.0  0.0  0.0  0.0  0.0  0.0  0.0  0.0  0.0  0.0  0.0  0.0  0.0
  0.0  0.0  0.0  0.5  0.5  1.1  1.3  0.0  0.0  0.0  0.0  0.0  0.0  0.0  0.8
  0.5  2.1  0.5  0.5  0.0  0.0  0.0  0.0  0.0  0.0  0.0  0.3  1.3  0.8  0.0
  3.5  0.0  0.0  3.5  4.5  0.0  4.5  2.4  0.0  0.0  0.0  0.0  0.0  0.0  0.0
  0.0  0.0  0.0  0.0  0.0  0.0  0.0  6.7  2.4  1.6  6.4 28.9  3.2  7.0 11.5
  1.3  1.3  0.8  2.1  0.0  0.8  0.0 34.3 19.5 17.9  1.9  9.6 13.4 10.4  0.0
     -5.05      4.51     -2.55     -2.21      0.70  0.8  0.0  0.0  0.3  0.0
                                4000_story_1354_llm_free.txt 37.0  4.4 3428
 20.7  8.8  8.5 59.5 12.8  1.2  3.8  1.2 21.3 17.8  0.6  1.5  0.0  6.1  1.2
  0.6  1.8  7.9 10.8  0.9  0.9252.0 76.1 26.8112.9 61.6 16.9 12.0  0.3  1.2
  0.6  0.9 21.0  8.5 10.5 28.9  6.4  4.7  2.9  3.2  2.3  1.8  1.8  7.0  0.3
  3.8  5.0  1.8  3.2  2.9 14.9 21.3 11.1  2.6  2.0 54.0 95.7  1.8185.2  5.0
  1.8  0.0  0.0  0.0  0.0  0.0  0.0  0.0  0.0  0.0  0.0  0.0  0.0  0.0  0.0
  0.0  0.0  0.0  3.5  0.9  4.1  2.6  0.0  0.0  0.0  0.0  0.0  0.0  0.0  0.3
  0.6  0.6  0.6  0.6  0.3  0.0  0.0  0.0  0.3  0.0  0.3  0.0  2.9  1.5  0.0
 11.1  0.0  0.0 11.1  2.6  0.6  3.2  4.7  0.0  0.0  0.0  0.0  0.0  0.0  0.0
  0.6  0.0  0.6  0.0  0.0  0.0  0.0  9.3  3.2  1.2  4.4 24.8  2.9 17.5  7.6
  2.6  1.5  1.5  0.9  0.0  1.2  0.3 49.6 19.8 22.5  2.6  8.2  8.5  7.0  0.0
      4.47      6.19     -3.10     -1.28     -0.02  0.3  0.0  0.0  0.0  0.0
                                4000_story_1357_llm_free.txt 36.3  4.4 3076
 14.3  7.5 11.4 52.3 15.6  0.7  3.9  0.7 15.6 21.8  0.3  0.0  0.3  5.2  0.0
  0.0  3.6  7.2  7.2  1.3  2.6252.9 82.2 32.8120.3 66.0 11.7 13.7  0.3  0.0
  0.7  1.6 22.8  8.1 11.1 24.1  6.2  4.6  2.6  2.6  1.0  1.3  1.3  6.5  0.3
  4.2  3.9  1.3  3.9  2.0 12.7 15.3 11.1  4.9  1.0 58.2 97.2  3.3187.3  6.2
  1.0  0.0  0.0  0.0  0.0  0.0  0.0  0.0  0.0  0.0  0.0  0.0  0.0  0.0  0.0
  0.0  0.0  0.0  2.6  1.3  4.2  0.7  0.0  0.0  0.0  0.0  0.0  0.0  0.0  0.3
  0.0  1.6  0.3  0.7  0.0  0.0  0.0  0.0  0.0  0.3  0.0  0.0  1.6  0.3  0.0
  8.8  0.0  0.0  8.8  2.9  0.0  3.3  2.0  0.0  0.0  0.0  0.0  0.0  0.0  0.0
  0.0  0.3  0.0  0.0  0.0  0.0  0.0 20.8  2.6  2.6  5.9 22.1  2.0 13.7  7.8
  1.3  1.0  3.9  2.3  0.0  2.0  0.3 37.1 22.8 22.1  2.3 10.1 12.4  8.1  0.0
      4.04      5.94     -3.00     -2.52     -0.22  0.0  0.0  0.0  0.0  0.0
                                4000_story_1361_llm_free.txt 34.3  4.4 2921
 14.7  3.8  7.9 35.3 15.4  0.3  1.7  1.4 17.8 19.2  0.7  1.0  0.7  7.2  0.7
  0.0  0.7  5.8 11.0  0.7  1.7245.8 93.1 29.4123.9 59.9 17.1  9.6  0.0  0.3
  0.3  2.4 16.4 10.3 11.6 32.5  5.1  2.7  1.7  1.7  3.1  1.0  4.1  3.4  0.3
  3.1  5.8  1.7  2.4  6.5 11.6 21.9  6.8  1.4  0.7 62.0 93.1  2.7173.9  5.8
  1.4  0.0  0.0  0.0  0.0  0.0  0.0  0.0  0.0  0.0  0.0  0.0  0.0  0.0  0.0
  0.0  0.0  0.0  0.7  0.7  3.8  1.0  0.0  0.0  0.0  0.0  0.0  0.0  0.0  0.3
  0.3  1.0  0.0  0.0  0.0  0.0  0.0  0.0  0.0  0.0  0.3  0.0  2.4  0.7  0.0
  6.2  0.0  0.0  6.2  1.7  0.0  1.7  3.4  0.0  0.0  0.0  0.0  0.0  0.0  0.0
  0.7  0.7  0.0  0.0  0.0  0.0  0.0  6.5  2.4  0.3  6.2 29.1  5.8  5.5 15.4
  2.1  1.4  2.4  2.7  0.0  0.0  0.0 38.0 14.4 22.6  0.3  8.6 12.3  7.5  0.0
     -1.17      6.08     -4.72     -2.74      0.72  0.7  0.0  0.0  0.0  0.0
                                4000_story_1363_llm_free.txt 35.3  4.4 2837
 16.6  7.0  6.3 40.9 15.5  0.7  3.2  0.4 15.9 16.6  0.4  0.7  0.4  6.0  0.7
  0.4  1.1  2.5  8.5  1.1  2.5264.4 92.0 26.1113.1 52.5 16.2  8.1  0.7  1.1
  0.0  2.1 19.7  7.4 16.2 36.0  8.8  5.3  3.5  3.2  0.7  3.5  2.5  2.8  0.7
  3.5  5.6  1.1  1.4  2.1  8.5 20.1  7.0  2.1  1.8 53.6 83.9  2.1175.2  6.0
  1.1  0.0  0.0  0.0  0.0  0.0  0.0  0.0  0.0  0.0  0.0  0.0  0.0  0.0  0.0
  0.0  0.0  0.0  3.2  1.1  3.9  0.0  0.0  0.0  0.0  0.0  0.0  0.0  0.0  1.1
  0.0  1.4  1.4  0.7  0.0  0.0  0.0  0.0  0.0  0.0  0.0  0.0  4.2  0.4  0.0
  8.1  0.0  0.0  8.1  4.6  0.0  4.6  4.6  0.0  0.0  0.0  0.0  0.0  0.0  0.0
  0.7  1.8  0.0  0.0  0.0  0.0  0.0  8.8  2.1  1.1  9.5 28.9  6.7  9.5  6.0
  1.4  0.4  3.2  3.9  0.0  1.1  0.0 38.8 15.9 20.4  1.4  9.9 12.7  6.3  0.0
     -1.84      4.95     -4.86     -1.02      0.02  0.4  0.0  0.4  0.0  0.0
                                4000_story_1369_llm_free.txt 37.0  4.4 3661
 16.4  3.6  7.9 43.7  9.8  0.8  2.7  0.5 10.1 19.1  0.8  0.8  0.5  4.6  0.8
  0.3  1.6  4.6  9.0  0.3  1.4270.4 86.0 30.3125.4 67.7 10.4 10.9  0.0  1.9
  0.3  2.2 19.7  6.6 16.1 32.2  4.6  3.0  2.2  2.7  0.5  0.8  3.8  7.1  0.0
  6.0  5.2  0.5  1.9  4.1  8.2 19.9 13.1  1.9  2.2 57.9 87.7  1.9183.3  5.5
  0.8  0.0  0.0  0.0  0.0  0.0  0.0  0.0  0.0  0.0  0.0  0.0  0.0  0.0  0.0
  0.0  0.0  0.0  0.8  0.8  1.6  1.6  0.0  0.0  0.0  0.0  0.0  0.0  0.0  0.3
  0.5  0.8  0.3  0.3  0.0  0.0  0.0  0.5  0.0  0.8  0.0  0.3  1.4  1.1  0.0
  4.9  0.0  0.0  4.9  2.2  0.5  3.6  2.7  0.0  0.0  0.0  0.0  0.0  0.0  0.0
  0.0  0.8  0.0  0.0  0.0  0.0  0.0 12.0  0.5  1.4  9.0 30.9  1.6  3.6 27.3
  5.2  1.1  2.7  3.3  0.3  0.0  0.3 40.4 20.2 21.3  0.3  5.2 12.8  8.7  0.0
     -2.88      5.43     -4.09     -3.36      1.78  0.0  0.0  0.0  0.0  0.0
                                4000_story_1375_llm_free.txt 33.5  4.5 3834
 17.7  5.5  4.7 38.1  6.5  0.5  2.1  0.3  9.1 20.1  0.3  2.1  0.3  6.0  0.3
  0.5  1.0  3.9  8.3  0.8  1.8270.7 82.9 30.8120.8 58.7 18.8 10.2  0.0  1.3
  0.0  2.1 15.6  9.4 12.5 31.3  5.7  2.6  2.1  1.8  0.8  1.8  3.9  5.7  0.3
  6.8  4.2  0.8  1.8  3.7  7.3 18.5 12.8  1.8  1.3 67.8 74.3  1.8175.0  6.3
  1.6  0.0  0.0  0.0  0.0  0.0  0.0  0.0  0.0  0.0  0.0  0.0  0.0  0.0  0.0
  0.0  0.0  0.0  0.8  0.3  2.9  2.3  0.0  0.0  0.0  0.0  0.0  0.0  0.0  0.0
  0.0  1.0  0.3  0.0  0.0  0.3  0.0  0.0  0.0  0.0  0.3  0.0  1.0  2.1  0.0
  6.3  0.0  0.0  6.3  1.3  0.3  1.6  3.4  0.0  0.0  0.0  0.0  0.0  0.0  0.0
  0.0  0.5  0.0  0.0  0.0  0.0  0.0 10.7  1.8  1.0  7.6 29.7  5.5  9.9  7.0
  2.3  1.0  1.0  3.1  0.0  0.0  0.0 35.7 16.2 23.5  2.3  6.3 12.5 11.7  0.0
     -2.89      6.35     -4.66     -3.38      2.08  0.0  0.0  0.0  0.0  0.0
                                4000_story_1380_llm_free.txt 38.3  4.6 3666
 14.7  3.8  6.0 40.4  7.4  1.1  3.3  1.1  6.5 16.9  0.0  3.0  0.3  9.0  0.0
  0.5  1.4  2.5 12.0  1.1  1.6258.6 75.0 24.8125.2 65.2 15.5 12.5  0.0  0.5
  0.8  0.8 22.4 10.9 11.5 35.2  4.1  2.2  3.8  3.0  2.2  1.9  4.9  7.4  0.0
  4.9  7.9  1.9  2.2  4.6  6.8 26.7 12.3  2.5  1.4 61.6 79.1  1.9183.6  5.2
  0.8  0.0  0.0  0.0  0.0  0.0  0.0  0.0  0.0  0.0  0.0  0.0  0.0  0.0  0.0
  0.0  0.0  0.0  1.1  0.3  3.0  0.5  0.0  0.0  0.0  0.0  0.0  0.0  0.0  0.0
  0.0  0.5  0.5  0.0  0.0  0.3  0.0  0.0  0.0  0.0  0.3  0.0  2.2  1.4  0.0
  4.9  0.0  0.0  4.9  1.1  0.3  1.4  3.8  0.0  0.0  0.0  0.0  0.0  0.0  0.0
  0.3  0.3  0.0  0.0  0.0  0.0  0.0 13.6  6.3  0.8  6.0 21.5  7.1  9.0  5.5
  3.0  0.8  2.5  0.3  0.3  1.1  0.5 33.6 19.1 21.0  1.9  8.5 11.2  8.2  0.0
      0.39      6.60     -4.64     -1.69      2.14  0.0  0.0  0.3  0.0  0.0
                                4000_story_1386_llm_free.txt 38.3  4.5 3693
 15.4  3.2  8.9 44.7  9.7  0.5  3.2  1.4 15.2 16.8  0.0  1.4  0.8  5.7  0.3
  0.3  1.1  6.5  9.2  0.8  1.1283.5 77.4 27.1115.4 63.1 13.8  9.5  0.0  0.5
  0.0  2.4 21.1  8.4 11.4 27.3  6.2  3.0  2.7  1.9  2.2  2.2  2.7  6.8  0.5
  4.9  4.3  1.6  3.2  3.2 11.6 19.2 12.2  1.9  0.5 58.5 88.0  1.6179.8  6.8
  1.4  0.0  0.0  0.0  0.0  0.0  0.0  0.0  0.0  0.0  0.0  0.0  0.0  0.0  0.0
  0.0  0.0  0.0  1.6  0.0  2.4  1.4  0.0  0.0  0.0  0.0  0.0  0.0  0.3  0.5
  0.5  1.4  0.5  0.0  0.0  0.0  0.0  0.0  0.0  0.0  0.0  0.0  2.2  0.5  0.0
  5.4  0.0  0.3  5.7  3.0  0.0  3.0  2.7  0.0  0.0  0.0  0.0  0.0  0.0  0.0
  0.3  0.0  0.0  0.0  0.0  0.0  0.0 14.6  2.7  1.9  7.3 39.0  6.0  8.4  7.9
  6.2  0.8  2.2  3.2  0.0  0.8  1.1 36.3 14.1 21.1  4.1  8.7  9.7  7.9  0.0
     -2.45      5.28     -3.68     -2.26      1.08  0.0  0.0  0.0  0.0  0.0
                                4000_story_1393_llm_free.txt 32.5  4.5 2890
 18.3  4.5  4.2 43.6  8.7  1.4  3.1  0.7  6.6 18.7  0.7  1.4  0.3  4.8  0.3
  0.3  2.8  3.5  9.7  0.7  1.0278.5 85.5 36.3119.4 59.9 15.6 10.4  0.3  2.1
  0.0  1.0 28.7  7.6 16.6 28.0  4.8  1.4  1.7  0.7  1.0  3.1  2.8  5.9  0.0
  6.2  6.6  1.7  3.8  5.2  5.9 19.4 12.1  3.5  2.4 63.0 75.1  1.0182.7 10.4
  0.7  0.0  0.0  0.0  0.0  0.0  0.0  0.0  0.0  0.0  0.0  0.0  0.0  0.0  0.0
  0.0  0.0  0.0  1.7  1.0  2.8  1.4  0.3  0.0  0.0  0.0  0.0  0.0  0.0  0.0
  0.0  1.7  0.3  0.0  0.0  0.0  0.3  0.0  0.0  0.0  0.0  0.0  1.4  1.0  0.0
  6.9  0.3  0.0  7.3  2.1  0.3  2.4  2.4  0.0  0.0  0.0  0.0  0.0  0.0  0.0
  0.7  0.3  0.0  0.0  0.0  0.0  0.0 11.8  2.1  1.4  5.9 24.2  1.7  2.8 22.5
  2.4  0.7  2.8  4.2  0.3  0.7  0.0 34.6 19.7 21.8  0.7  6.6 12.8  6.9  0.0
     -1.48      5.78     -4.06     -3.66      1.00  0.0  0.0  0.0  0.0  0.0
                                4000_story_1399_llm_free.txt 34.8  4.5 3018
 14.6  3.3  4.3 36.4  8.0  0.7  2.0  0.7 10.9 14.6  0.3  1.3  0.7  4.3  0.7
  0.7  1.0  2.0  8.6  0.0  2.0286.6 91.8 33.8117.0 46.1 16.6  7.3  0.3  1.3
  0.0  1.7 23.2  8.3 14.2 29.5  7.3  6.0  0.7  2.3  1.3  1.0  4.3  7.3  0.3
  3.6  7.0  1.0  4.0  5.0  9.3 20.9 11.3  1.0  1.7 60.3 64.9  3.0175.3  7.3
  1.7  0.0  0.0  0.0  0.0  0.0  0.0  0.0  0.0  0.0  0.0  0.0  0.0  0.0  0.0
  0.0  0.0  0.0  1.0  0.0  3.0  0.7  0.0  0.0  0.0  0.0  0.0  0.0  0.0  1.7
  0.0  0.3  0.0  0.0  0.0  0.0  0.0  0.0  0.0  0.3  0.0  0.0  3.3  0.0  0.0
  4.6  0.0  0.0  4.6  2.0  0.0  2.3  3.3  0.0  0.0  0.0  0.0  0.0  0.0  0.0
  0.0  0.3  0.0  0.0  0.0  0.0  0.0 12.9  2.0  3.0  8.0 33.1  3.0  5.6 16.2
  8.6  2.0  4.0  1.0  0.0  1.7  0.0 35.1 15.2 19.9  1.0 10.6 12.3  9.3  0.0
     -7.44      4.70     -4.18     -2.89      1.60  0.0  0.3  0.0  0.0  0.0
                                4000_story_1402_llm_free.txt 33.5  4.5 2785
 12.6  2.2  5.7 36.6  9.0  1.1  4.7  0.4  8.3 13.3  1.1  1.4  0.0  4.7  0.4
  0.4  1.4  3.2 10.4  0.7  2.2279.7 90.1 25.5126.0 46.0 10.8  5.0  0.4  1.4
  0.4  2.2 19.4  4.7 11.1 29.4  3.6  5.4  3.9  1.8  0.7  1.1  2.2  5.4  0.7
  4.7  3.6  0.0  3.6  7.2  9.3 19.4 10.8  2.2  2.2 56.4 63.2  2.2171.3  3.6
  1.4  0.0  0.0  0.0  0.0  0.0  0.0  0.0  0.0  0.0  0.0  0.0  0.0  0.0  0.0
  0.0  0.0  0.0  0.4  0.4  1.1  1.1  0.0  0.0  0.0  0.0  0.0  0.0  0.0  0.4
  0.7  0.0  1.1  0.0  0.0  0.4  0.0  0.0  0.0  0.0  0.0  0.0  2.9  1.4  0.0
  2.9  0.0  0.0  2.9  2.2  0.4  2.5  4.3  0.0  0.0  0.0  0.0  0.0  0.0  0.0
  0.4  0.7  0.0  0.0  0.0  0.0  0.0 14.4  5.4  1.1  4.7 40.6  7.5  9.3 11.8
  0.4  1.4  0.7  3.2  0.4  2.2  0.0 32.3 13.3 19.4  1.4  7.2 10.8 11.1  0.0
     -4.70      3.46     -1.91     -2.46      0.59  0.0  0.0  0.4  0.0  0.0
                                4000_story_1405_llm_free.txt 32.5  4.6 3129
 13.4  1.6  9.6 35.8  9.9  0.3  2.6  1.0  7.0 22.1  0.6  0.3  0.3  4.5  0.3
  0.6  1.0  3.5  9.3  0.6  1.0287.3 96.2 46.7119.2 46.0 13.1  6.4  1.0  0.3
  0.3  1.9 23.6  6.1 19.5 24.9  5.1  1.9  1.0  0.6  1.3  1.3  2.9  6.1  0.6
  5.1  5.1  1.0  2.6  0.6  6.7 17.3 11.8  1.6  1.6 72.2 63.0  1.6172.6  5.1
  1.0  0.0  0.0  0.0  0.0  0.0  0.0  0.0  0.0  0.0  0.0  0.0  0.0  0.0  0.0
  0.0  0.0  0.0  0.3  1.3  2.2  0.6  0.0  0.0  0.0  0.0  0.0  0.0  0.0  0.3
  0.3  1.9  0.0  0.3  0.0  0.0  0.0  0.0  0.0  1.0  0.0  0.0  1.0  0.0  0.0
  4.5  0.0  0.0  4.5  2.9  0.0  3.8  1.0  0.0  0.0  0.0  0.0  0.0  0.0  0.0
  0.0  0.3  0.0  0.0  0.0  0.0  0.0 11.2  3.8  1.6  8.0 44.1  2.6  5.1 20.8
  1.3  1.3  3.2  1.3  0.0  0.3  0.6 32.6 12.5 17.9  1.3 10.5 10.9  7.4  0.0
     -7.68      3.94     -4.54     -4.43      1.23  1.0  0.0  0.0  0.0  0.0
                                4000_story_1412_llm_free.txt 36.3  4.7 3069
 15.3  4.2  0.3 46.3 10.4  0.7  1.3  0.0 13.0 14.7  1.0  0.3  0.3  6.5  0.7
  0.3  0.7  6.5  8.5  0.7  1.6284.8 83.7 36.2117.6 46.9 12.4  8.1  0.3  0.3
  0.0  2.6 28.3  7.5 15.3 25.4  6.2  7.2  2.9  2.3  1.0  0.3  2.3  7.8  0.3
  5.5  5.9  2.9  1.3  5.2 14.7 19.6 13.7  1.3  0.7 70.4 70.4  0.7181.2  7.2
  1.6  0.0  0.0  0.0  0.0  0.0  0.0  0.0  0.0  0.0  0.0  0.0  0.0  0.0  0.0
  0.0  0.0  0.0  2.3  0.7  2.9  2.0  0.0  0.0  0.0  0.0  0.0  0.0  0.0  0.7
  1.3  1.3  0.7  0.3  0.0  0.0  0.0  0.0  0.0  0.3  0.0  0.0  2.6  0.7  0.0
  7.8  0.0  0.0  7.8  4.2  0.0  4.6  3.3  0.0  0.0  0.0  0.0  0.0  0.0  0.0
  0.0  0.7  0.0  0.0  0.0  0.0  0.0  5.2  3.3  1.0 11.1 28.0  4.6  6.2 13.0
  1.0  1.0  0.7  1.6  0.0  0.7  1.3 32.9 15.6 22.5  3.3  8.1  8.8  5.5  0.0
     -5.73      4.12     -3.83     -2.32      1.02  0.0  0.0  0.7  0.0  0.0
                                4000_story_1414_llm_free.txt 36.0  4.5 3551
 11.5  2.0  3.4 27.9  8.7  0.8  2.0  1.1  9.9 17.5  1.1  0.0  0.3  4.5  0.0
  0.3  0.6  3.9  7.9  0.8  3.1274.3 92.9 32.7129.5 54.1 14.9  7.6  0.0  0.6
  0.0  2.0 22.0 10.1 14.4 30.7  6.5  1.4  2.8  0.6  2.3  2.0  3.1  2.3  0.3
  5.6  4.8  0.3  3.4  3.9  7.6 15.2  8.2  1.4  0.6 65.6 72.7  1.4175.2  6.2
  1.4  0.0  0.0  0.0  0.0  0.0  0.0  0.0  0.0  0.0  0.0  0.0  0.0  0.0  0.0
  0.0  0.0  0.0  0.6  0.0  1.1  1.1  0.0  0.0  0.0  0.0  0.0  0.0  0.0  0.3
  0.0  0.8  0.3  0.8  0.0  0.0  0.0  0.0  0.0  0.0  0.0  0.3  1.7  0.6  0.0
  2.8  0.0  0.0  2.8  2.3  0.0  2.3  2.5  0.0  0.0  0.0  0.0  0.0  0.0  0.0
  0.0  0.6  0.0  0.0  0.0  0.0  0.0  6.2  4.2  1.7  7.0 35.5  5.6  4.2 12.7
  4.2  2.3  0.8  5.4  0.0  1.1  0.6 35.8 16.3 12.1  2.8  6.8 17.7 12.4  0.0
     -7.70      5.21     -5.35     -3.24      0.68  0.0  0.0  0.3  0.0  0.0
                                4000_story_1418_llm_free.txt 34.8  4.4 3577
 13.4  4.5 14.8 43.3 14.3  1.4  3.6  0.6 15.7 18.5  0.3  1.7  0.0  4.5  0.6
  0.0  1.1  5.0  8.7  0.6  2.2268.1 84.1 25.2125.2 56.5  9.8 10.6  0.0  1.1
  0.0  2.0 19.0  9.5 12.9 30.5  5.3  4.8  2.2  1.4  1.1  0.6  2.2  3.4  0.0
  3.6  6.2  0.8  3.1  3.1 10.9 19.8  7.0  1.7  1.1 52.0 86.4  1.7176.4  4.2
  0.8  0.0  0.0  0.0  0.0  0.0  0.0  0.0  0.0  0.0  0.0  0.0  0.0  0.0  0.0
  0.0  0.0  0.0  2.2  0.6  1.4  1.1  0.0  0.0  0.0  0.0  0.0  0.0  0.0  0.0
  0.0  0.8  0.8  0.3  0.0  0.0  0.0  0.0  0.0  0.0  0.0  0.0  1.4  1.1  0.0
  5.3  0.0  0.0  5.3  2.0  0.0  2.0  2.5  0.0  0.0  0.0  0.0  0.0  0.0  0.0
  0.3  0.6  0.0  0.0  0.0  0.0  0.0 10.1  3.9  1.7  8.1 29.1  7.8  5.0  6.2
  2.0  1.1  1.7  3.1  0.0  0.3  0.0 38.0 18.2 17.3  0.8  6.2 13.1  9.2  0.0
     -1.66      4.75     -4.65     -3.36     -0.55  0.3  0.0  0.3  0.3  0.0
                                4000_story_1420_llm_free.txt 33.8  4.3 3629
 17.9  3.0  8.0 38.6 10.7  2.5  2.2  0.3 15.4 19.3  0.3  0.3  0.6  4.7  0.6
  0.6  1.1  3.3 12.7  0.3  2.2266.2 88.7 31.1117.1 55.1 13.5  7.7  0.0  0.0
  0.0  2.5 14.3  8.5 16.0 31.4  5.8  2.8  1.9  1.4  1.9  1.4  2.8  5.5  0.0
  4.4  5.0  1.7  2.8  4.4  8.0 21.8  9.9  1.4  0.0 61.4 81.3  2.2171.1  4.1
  0.6  0.3  0.0  0.0  0.0  0.0  0.0  0.0  0.0  0.0  0.0  0.0  0.0  0.0  0.0
  0.0  0.0  0.0  1.1  0.0  3.0  1.9  0.0  0.3  0.0  0.3  0.0  0.0  0.0  0.6
  0.6  1.1  0.8  0.8  0.0  0.6  0.0  0.0  0.0  0.0  0.0  0.0  1.4  0.8  0.0
  6.1  0.3  0.3  6.6  3.9  0.6  4.4  2.2  0.0  0.0  0.0  0.0  0.0  0.0  0.0
  0.3  0.6  0.0  0.0  0.0  0.0  0.0  6.6  0.8  3.0  7.7 36.4  9.1  8.5 13.2
  0.6  2.2  1.1  5.5  0.0  0.3  0.3 40.0 14.9 19.3  3.0  6.9 13.5  6.6  0.0
     -2.87      4.60     -6.04     -3.23      0.35  0.6  0.0  0.0  0.0  0.0
                                4000_story_1434_llm_free.txt 36.8  4.4 3501
 15.1  4.0  6.6 34.6  8.6  0.6  4.0  1.7 10.3 16.6  0.0  0.6  0.6  4.6  0.3
  0.6  1.7  3.7  6.0  0.9  0.9280.2 86.8 36.3121.4 59.7 14.0 11.4  0.3  0.9
  0.3  1.4 20.9  8.0 14.9 27.7  5.4  2.3  2.3  1.7  1.7  1.7  1.1  4.6  0.0
  6.3  4.0  0.6  2.3  2.6  7.7 13.7 10.9  2.6  1.4 62.0 78.5  3.4172.8  4.9
  2.3  0.0  0.0  0.0  0.0  0.0  0.0  0.0  0.0  0.0  0.0  0.0  0.0  0.0  0.0
  0.0  0.0  0.0  1.7  0.6  2.0  0.6  0.0  0.0  0.0  0.0  0.0  0.0  0.0  0.3
  0.3  0.0  0.6  0.9  0.0  0.0  0.0  0.0  0.0  0.3  0.0  0.0  3.1  0.3  0.0
  4.9  0.0  0.0  4.9  2.0  0.0  2.3  3.4  0.0  0.0  0.0  0.0  0.0  0.0  0.0
  0.0  0.9  0.0  0.0  0.0  0.0  0.0 14.9  1.1  2.3 10.3 35.7  2.9  9.4 11.1
  2.6  1.1  0.6  6.0  0.0  0.6  0.3 38.8 20.3 17.7  2.3  4.6 11.7  9.7  0.0
     -4.86      5.73     -4.42     -3.04     -0.19  0.0  0.0  0.0  0.0  0.0
                                4000_story_1446_llm_free.txt 38.0  4.5 3274
 22.0  5.2  1.5 49.8 10.4  0.6  2.4  0.3 17.7 13.1  2.1  0.6  0.0  6.7  0.3
  0.3  1.2 10.1  7.3  2.4  1.2263.3 81.6 18.9113.9 52.8 12.8 11.6  0.0  0.6
  0.9  1.2 31.8 14.7  8.9 30.8  7.6  8.2  3.4  2.1  2.4  1.5  3.4  5.5  0.0
  5.2  5.8  1.8  3.7  3.4 20.8 17.1 10.7  3.7  1.5 45.5 80.9  2.1178.4  4.6
  2.1  0.0  0.0  0.0  0.0  0.0  0.0  0.0  0.0  0.0  0.0  0.0  0.0  0.0  0.0
  0.0  0.0  0.0  5.2  1.2  0.9  1.2  0.0  0.0  0.0  0.0  0.3  0.0  0.0  0.9
  0.0  1.8  0.9  0.3  0.0  0.0  0.0  0.0  0.0  0.3  0.3  0.0  1.5  1.5  0.0
  8.6  0.0  0.3  8.9  4.0  0.0  4.3  3.4  0.0  0.0  0.0  0.0  0.0  0.0  0.0
  0.0  0.3  0.3  0.0  0.0  0.0  0.0 15.9  4.3  1.2  7.9 29.0 10.4  8.9 10.7
  1.2  0.6  2.1  2.7  0.0  1.5  0.0 36.3 25.0 24.1  1.8  6.4 10.1  8.9  0.0
      0.93      4.98     -3.78     -0.81      0.98  0.0  0.0  0.0  0.0  0.0
                                4000_story_1474_llm_free.txt 35.5  4.3 3330
 20.1  5.1  6.0 49.2  8.7  1.2  3.6  0.6 14.4 20.4  0.9  0.6  0.0  6.3  0.3
  0.3  1.5  6.0 12.0  1.2  0.9272.1 91.0 37.2115.3 55.0 10.8 11.7  0.0  1.5
  0.3  1.5 17.4  4.8 10.5 24.3  5.7  5.7  3.9  2.1  0.9  0.3  1.8  4.5  0.9
  3.9  5.7  0.6  2.4  3.6 12.6 21.9  9.3  2.7  1.8 67.0 78.1  3.3176.0  4.5
  1.8  0.0  0.0  0.0  0.0  0.0  0.0  0.0  0.0  0.0  0.0  0.0  0.0  0.0  0.0
  0.0  0.0  0.0  1.8  1.2  2.1  1.2  0.0  0.0  0.0  0.0  0.0  0.0  0.0  0.9
  0.3  0.9  0.3  0.3  0.0  0.0  0.0  0.0  0.0  0.0  0.0  0.0  1.5  0.6  0.0
  6.3  0.0  0.0  6.3  2.7  0.0  2.7  2.1  0.0  0.0  0.0  0.0  0.0  0.0  0.0
  0.0  0.6  0.0  0.0  0.0  0.0  0.0 12.0  2.7  0.6 12.9 28.2  3.3  5.1 18.3
  3.9  0.6  3.6  3.6  0.0  0.6  0.0 32.4 21.3 24.3  0.9  6.3 11.7  6.6  0.0
     -0.35      4.76     -2.08     -2.48      0.13  0.0  0.0  0.0  0.3  0.0
                                4000_story_1479_llm_free.txt 34.5  4.5 3236
 10.5  5.3  4.3 35.8  9.6  0.3  1.5  0.6 12.1 21.0  0.3  0.9  0.6  4.0  0.6
  0.3  0.6  3.7 10.8  0.0  3.4274.7 84.1 29.4124.5 50.1 17.0  7.4  0.0  0.9
  0.0  0.9 22.6  9.9 16.4 27.2  6.2  3.1  0.9  1.5  1.9  2.5  2.5  6.5  0.3
  7.1  5.3  0.6  1.9  3.7  8.7 19.5 13.9  0.6  0.9 59.3 71.7  1.2179.5  6.2
  0.9  0.0  0.0  0.0  0.0  0.0  0.0  0.0  0.0  0.0  0.0  0.0  0.0  0.0  0.0
  0.0  0.0  0.0  2.8  0.6  2.2  0.9  0.0  0.0  0.0  0.0  0.0  0.0  0.0  0.3
  0.0  0.9  1.5  0.6  0.0  0.0  0.0  0.0  0.0  0.0  0.0  0.0  1.9  0.3  0.0
  6.5  0.0  0.0  6.5  3.4  0.0  3.4  2.2  0.0  0.0  0.0  0.0  0.0  0.0  0.0
  0.6  0.9  0.0  0.0  0.0  0.0  0.0  8.0  3.4  0.3  4.6 23.5  4.9  3.7 15.5
  1.9  2.2  2.8  3.7  0.0  0.6  0.0 45.7 12.7 14.2  2.5  7.7 12.4  9.3  0.0
     -5.29      5.24     -5.84     -3.00      1.43  0.3  0.0  0.0  0.0  0.0
                                4000_story_1480_llm_free.txt 37.0  4.4 2976
 16.1  6.4  8.1 56.8 19.5  1.0  4.7  1.7 21.5 19.5  0.7  2.0  0.7  6.4  1.0
  0.0  1.3  8.4  8.4  1.7  0.0242.3 75.9 29.9117.9 61.2 13.8 10.4  0.0  0.7
  0.0  0.7 22.5  8.1 14.4 29.6  9.4  5.4  3.0  1.7  2.0  2.4  3.7  5.7  0.0
  6.4  5.4  1.0  5.0  3.4 15.8 18.1 12.1  3.0  0.7 59.8102.2  2.7191.5  6.4
  1.7  0.0  0.0  0.0  0.0  0.0  0.0  0.0  0.0  0.0  0.0  0.0  0.0  0.0  0.0
  0.0  0.0  0.0  2.4  1.0  3.7  1.0  0.0  0.0  0.0  0.0  0.0  0.0  0.0  1.0
  1.0  2.4  0.7  0.0  0.0  0.7  0.0  0.0  0.0  0.0  0.0  0.0  1.3  1.3  0.0
  8.1  0.0  0.0  8.1  5.0  0.7  5.7  2.7  0.0  0.0  0.0  0.0  0.0  0.0  0.0
  0.0  1.7  0.0  0.0  0.0  0.0  0.0  9.7  2.0  2.4  8.1 30.6  1.3 12.8 11.8
  1.7  1.3  1.0  1.3  0.0  0.7  0.0 42.7 20.8 23.5  1.7  5.4 11.8  9.1  0.0
      4.37      5.45     -5.11     -1.68      1.61  0.3  0.0  0.0  0.0  0.0
                                4000_story_1483_llm_free.txt 34.8  4.6 3120
 14.1  3.8  4.8 38.1  4.5  0.6  2.9  0.6 10.9 20.8  0.3  1.9  0.3  6.7  0.6
  0.0  1.6  4.2 11.5  1.0  1.9290.7 90.4 29.2118.9 48.7 15.4 15.7  0.0  0.0
  0.3  1.6 33.7  5.8 16.0 29.2  6.4  1.6  2.2  1.0  2.6  3.5  1.9  6.7  0.6
  7.7  6.1  1.0  2.6  1.9  8.3 22.1 15.1  2.6  0.3 52.9 64.1  0.6176.3  4.5
  1.9  0.0  0.0  0.0  0.0  0.0  0.0  0.0  0.0  0.0  0.0  0.0  0.0  0.0  0.0
  0.0  0.0  0.0  1.6  1.3  2.2  0.6  0.3  0.0  0.0  0.0  0.0  0.0  0.0  0.0
  0.0  1.0  1.6  0.3  0.0  0.0  0.3  0.0  0.0  0.3  0.3  0.0  3.2  1.0  0.0
  5.8  0.3  0.0  6.1  2.9  0.3  3.5  4.5  0.0  0.0  0.0  0.0  0.0  0.0  0.0
  0.0  0.0  0.0  0.0  0.0  0.0  0.0  5.1  1.9  1.0  5.8 21.5  5.1  5.4 26.9
  3.5  0.6  1.0  3.5  0.0  1.0  0.0 34.0 22.4 16.0  1.9 10.3 13.5  7.7  0.0
     -2.05      6.22     -3.82     -2.43      1.57  0.3  0.0  0.6  0.0  0.0
                                4000_story_1487_llm_free.txt 36.5  4.5 3476
 13.5  3.5  8.1 36.5 10.4  1.4  2.3  1.2 10.6 21.3  0.0  1.2  0.9  6.6  0.3
  0.0  2.3  4.0 10.1  0.9  2.6265.0 87.2 35.1123.1 57.8 15.2  8.3  0.0  1.4
  0.0  1.7 22.2  8.3 16.4 26.8  6.3  1.7  2.9  0.3  1.2  1.2  2.9  5.8  0.3
  2.9  6.9  0.9  2.6  4.6  6.9 20.1  8.9  3.2  1.4 68.8 78.8  2.6173.5  8.3
  0.9  0.0  0.0  0.0  0.0  0.0  0.0  0.0  0.0  0.0  0.0  0.0  0.0  0.0  0.0
  0.0  0.0  0.0  0.9  0.0  2.3  1.2  0.0  0.0  0.0  0.0  0.0  0.0  0.0  0.6
  0.0  1.4  1.2  0.0  0.0  0.0  0.0  0.0  0.0  0.3  0.0  0.0  0.6  0.3  0.0
  4.3  0.0  0.0  4.3  3.2  0.0  3.5  0.9  0.0  0.0  0.0  0.0  0.0  0.0  0.0
  0.3  0.6  0.0  0.0  0.0  0.0  0.0 12.1  1.7  0.6  8.6 25.3  3.7  3.7 12.9
  1.7  3.5  1.4  4.9  0.0  0.9  0.0 39.4 15.8 18.1  2.0  6.3 11.2  8.9  0.0
     -0.23      5.37     -4.86     -4.13      0.19  0.0  0.3  0.0  0.0  0.0
                                4000_story_1490_llm_free.txt 34.0  4.5 3234
 16.1  3.1  2.5 24.4  3.4  0.0  1.2  0.9  4.3 14.2  0.3  0.0  0.9  6.5  0.3
  0.0  0.3  4.3  9.0  0.6  1.2287.3 89.7 36.5125.9 65.2 20.7  6.5  0.0  1.2
  0.0  1.2 15.2  6.2 14.2 27.5  4.6  1.5  1.2  1.9  1.2  1.9  5.3  4.9  0.9
  4.9  7.1  1.5  1.5  3.1  7.1 19.2 10.8  0.9  1.2 71.7 73.0  0.9169.4  8.0
  0.9  0.0  0.0  0.0  0.0  0.0  0.0  0.0  0.0  0.0  0.0  0.0  0.0  0.0  0.0
  0.0  0.0  0.0  0.9  0.6  2.8  0.6  0.0  0.0  0.0  0.0  0.0  0.0  0.0  0.0
  0.3  1.2  0.3  0.3  0.0  0.0  0.0  0.0  0.0  0.0  0.0  0.0  0.9  0.3  0.0
  4.9  0.0  0.0  4.9  2.2  0.0  2.2  1.2  0.0  0.0  0.0  0.0  0.0  0.0  0.0
  0.0  0.3  0.0  0.0  0.0  0.0  0.0 18.9  1.2  0.9  7.4 30.3  5.3  4.3 11.8
  4.0  1.9  1.5  6.2  0.0  0.0  0.3 40.2 15.8 17.0  2.2  8.3 11.1  9.0  0.0
     -8.87      6.50     -4.41     -3.66      2.72  0.3  0.0  0.0  0.0  0.0
                                4000_story_1515_llm_free.txt 34.8  4.5 2920
 18.5  4.5  6.5 40.1 10.6  0.3  1.4  0.7  9.2 18.2  0.7  2.1  0.0  5.8  0.3
  0.3  0.7  3.8  8.6  1.0  2.7277.7 86.0 27.7122.6 52.7 13.4  9.9  0.7  1.7
  0.0  0.0 17.8  8.2 15.1 29.1 11.3  4.1  2.4  1.0  1.4  3.1  3.8  3.1  1.0
  2.7  6.8  1.4  3.1  3.4  9.2 18.5  6.8  1.7  2.4 56.5 72.6  1.7183.9  4.8
  3.4  0.0  0.0  0.0  0.0  0.0  0.0  0.0  0.0  0.0  0.0  0.0  0.0  0.0  0.0
  0.0  0.0  0.0  1.4  0.7  3.1  2.1  0.0  0.0  0.0  0.0  0.0  0.0  0.0  0.0
  1.0  1.0  1.4  0.7  0.0  0.0  0.0  0.0  0.0  0.0  0.0  0.0  3.1  0.7  0.0
  7.2  0.0  0.0  7.2  4.1  0.0  4.1  3.8  0.0  0.0  0.0  0.0  0.0  0.0  0.0
  0.0  0.3  0.3  0.0  0.0  0.0  0.0  8.9  2.7  2.7  5.5 40.8  1.0  8.2  7.2
  2.4  1.7  2.7  3.1  0.3  1.0  0.0 41.4 15.8 22.3  2.1  8.2 13.4 10.3  0.0
     -3.45      5.06     -4.96     -2.50      0.87  0.0  0.0  0.3  0.0  0.0
                                4000_story_1525_llm_free.txt 33.3  4.5 3339
 18.9  4.5  6.0 42.5  7.8  0.0  3.0  0.9  9.6 14.1  0.0  0.6  0.6  4.8  0.3
  0.6  1.2  6.0 11.1  0.9  0.0265.3 89.5 33.2115.9 73.1 10.5  7.2  0.0  1.2
  0.3  0.6 25.8  7.5 19.2 30.2  4.2  1.8  3.3  1.5  2.4  1.2  2.4  6.3  0.9
  4.5  6.0  0.9  3.6  4.5 10.2 19.8 11.7  2.1  1.5 60.2 90.4  1.5173.4  5.4
  2.1  0.0  0.0  0.0  0.0  0.0  0.0  0.0  0.0  0.0  0.0  0.0  0.0  0.0  0.0
  0.0  0.0  0.0  2.1  0.0  1.5  0.9  0.0  0.0  0.0  0.0  0.0  0.0  0.0  0.3
  0.0  1.2  0.3  0.0  0.0  0.0  0.0  0.0  0.0  0.0  0.0  0.0  2.4  1.2  0.0
  4.5  0.0  0.0  4.5  1.8  0.0  1.8  3.6  0.0  0.0  0.0  0.0  0.0  0.0  0.0
  0.6  0.3  0.3  0.0  0.0  0.0  0.3  9.3  2.1  1.2  4.5 28.8  3.9  6.0 21.6
  3.6  0.6  2.7  2.4  0.3  1.2  0.0 36.2 14.4 20.7  1.5  6.3 15.0  7.8  0.0
     -4.19      4.68     -5.64     -2.81      0.96  0.6  0.3  0.0  0.0  0.0
                                4000_story_1533_llm_free.txt 36.0  4.5 3655
 15.3  3.6  5.7 33.7 11.8  0.5  2.7  0.8 14.2 18.6  0.3  0.5  1.4  4.1  1.1
  0.0  1.4  4.9  7.1  1.4  2.2276.1 84.8 37.2124.5 56.6 15.3  9.0  0.0  0.3
  0.0  1.6 16.4  5.7 14.2 29.3  4.4  3.8  2.7  3.0  1.1  1.4  0.5  3.8  0.3
  4.7  6.0  0.8  1.4  4.9  9.8 18.3  8.8  2.7  0.3 69.2 82.6  0.8173.5  5.2
  1.9  0.0  0.0  0.0  0.0  0.0  0.0  0.0  0.0  0.0  0.0  0.0  0.0  0.0  0.0
  0.0  0.0  0.0  2.5  0.0  1.1  0.5  0.0  0.0  0.0  0.0  0.0  0.0  0.0  0.3
  0.0  0.0  0.3  0.0  0.0  0.3  0.0  0.0  0.0  0.0  0.0  0.3  4.1  0.0  0.0
  4.1  0.0  0.0  4.1  0.5  0.3  0.8  4.4  0.0  0.0  0.0  0.0  0.0  0.0  0.0
  0.3  0.0  0.0  0.0  0.0  0.0  0.0  7.1  1.6  0.5  6.0 22.7  8.5  5.7  7.7
  0.3  1.1  0.8  3.3  0.0  1.1  0.0 38.3 15.9 19.2  1.6  6.8  8.5  9.6  0.0
     -3.35      5.50     -4.63     -2.37     -0.99  0.0  0.0  0.0  0.3  0.0
                                4000_story_1557_llm_free.txt 34.8  4.4 4012
 14.7  5.7  8.5 31.7 10.0  1.0  1.5  0.7 15.0 23.7  0.5  1.5  1.2  4.2  0.0
  0.5  1.5  3.2  7.7  0.7  1.2267.2 84.2 30.9138.8 57.1 18.2  9.2  0.2  0.0
  0.0  1.0 16.7  7.5 16.2 24.9  7.0  1.2  2.2  2.2  1.0  0.7  2.2  4.0  0.0
  2.5  6.0  0.7  1.5  3.0  5.5 18.4  6.5  2.2  0.2 60.6 82.0  1.0184.2  5.7
  1.0  0.0  0.0  0.0  0.0  0.0  0.0  0.0  0.0  0.0  0.0  0.0  0.0  0.0  0.0
  0.0  0.0  0.0  2.0  0.5  4.0  0.7  0.0  0.0  0.0  0.0  0.0  0.0  0.0  0.2
  0.5  0.7  0.2  0.5  0.0  0.0  0.0  0.0  0.0  0.5  0.0  0.2  1.0  0.7  0.0
  7.2  0.0  0.0  7.2  2.2  0.0  2.7  2.0  0.0  0.0  0.0  0.0  0.0  0.0  0.0
  0.2  0.5  0.0  0.0  0.0  0.0  0.0  9.5  2.5  1.0  7.2 42.4  4.0  6.5  4.5
  3.0  1.2  2.2  3.5  0.2  0.5  0.0 37.6 17.7 16.0  1.2  7.0 14.2  7.7  0.0
     -2.62      6.58     -5.67     -3.79     -0.82  0.0  0.0  0.0  0.0  0.0
                                4000_story_1595_llm_free.txt 34.5  4.6 2623
 12.2  1.9  3.0 24.8  3.0  0.4  1.1  0.0  6.5 19.1  0.4  0.4  0.0  6.9  0.0
  1.1  0.8  1.5 11.4  1.1  2.3314.5 86.5 31.6115.5 36.6 12.6  9.5  0.0  0.8
  0.0  3.0 30.5  6.9 13.3 26.3  5.3  2.7  1.5  0.8  0.4  1.1  2.7  4.6  0.4
  7.2  5.3  0.4  2.3  3.0  4.6 21.0 12.2  1.9  0.8 62.5 46.1  2.3158.2  6.5
  0.8  0.0  0.0  0.0  0.0  0.0  0.0  0.0  0.0  0.0  0.0  0.0  0.0  0.0  0.0
  0.0  0.0  0.0  1.1  0.8  0.4  0.8  0.0  0.0  0.0  0.0  0.0  0.0  0.0  0.0
  0.8  0.8  0.4  0.4  0.0  0.0  0.0  0.0  0.0  0.0  0.0  0.0  1.5  1.1  0.0
  3.0  0.0  0.0  3.0  2.3  0.0  2.3  2.7  0.0  0.0  0.0  0.0  0.0  0.0  0.0
  0.0  0.0  0.0  0.0  0.0  0.0  0.0  7.6  2.7  0.4  6.9 24.8  4.2  3.4  8.0
  3.4  3.4  2.3  4.2  0.0  0.4  0.0 41.9 13.7 15.6  0.8  5.0 11.4  7.6  0.0
     -7.93      3.88     -2.78     -4.49      1.36  0.0  0.4  0.8  0.0  0.0
                                4000_story_1596_llm_free.txt 36.0  4.6 3254
 19.7  6.8  1.5 38.4  4.9  0.6  2.2  0.9 10.1 17.2  0.0  1.2  0.0  4.0  0.0
  0.0  1.2  1.8 10.1  2.2  0.6281.2 89.1 41.5118.3 65.8 12.9 12.0  0.3  0.9
  0.6  1.8 28.0  8.9  9.8 28.3  7.1  1.8  2.2  1.5  2.2  1.5  2.5  5.5  0.6
  6.8  8.6  1.2  1.5  3.7  5.8 23.4 12.9  3.4  1.8 69.8 80.8  1.2172.4  6.8
  1.8  0.0  0.0  0.0  0.0  0.0  0.0  0.0  0.0  0.0  0.0  0.0  0.0  0.0  0.0
  0.0  0.0  0.0  1.5  0.3  5.2  1.5  0.0  0.0  0.0  0.0  0.0  0.0  0.0  0.0
  0.6  0.6  2.8  0.0  0.0  0.0  0.0  0.0  0.0  0.0  0.0  0.0  1.2  0.6  0.0
  8.6  0.0  0.0  8.6  4.0  0.0  4.0  1.8  0.0  0.0  0.0  0.0  0.0  0.0  0.0
  0.0  1.2  0.0  0.0  0.0  0.0  0.0  9.2  3.4  4.3 11.7 32.0  5.5  4.3 13.2
  0.6  0.3  2.2  2.2  0.0  0.6  0.6 28.0 18.4 22.4  1.8  8.0 10.8  6.8  0.0
     -5.20      5.79     -2.25     -3.13      1.40  0.9  0.0  0.0  0.0  0.0
                                4000_story_1634_llm_free.txt 38.8  4.4 3285
 18.9  3.3  9.1 45.1 11.0  0.3  4.3  1.8 13.7 17.4  0.9  1.2  0.3  4.9  0.0
  0.6  1.2  5.5  8.8  0.3  0.9273.1 82.5 30.4118.4 65.4 13.1 10.7  0.6  2.1
  0.0  0.6 25.6  9.1 14.3 32.9  4.9  4.6  1.8  2.4  1.8  1.5  3.0  4.9  1.2
  7.9  5.5  0.6  3.7  5.5 11.9 18.6 14.0  1.5  2.7 56.3 90.1  1.5179.9  5.5
  1.8  0.0  0.0  0.0  0.0  0.0  0.0  0.0  0.0  0.0  0.0  0.0  0.0  0.0  0.0
  0.0  0.0  0.0  2.4  0.3  0.6  0.9  0.0  0.0  0.0  0.0  0.0  0.0  0.0  0.3
  0.3  1.2  0.0  0.0  0.0  0.0  0.0  0.0  0.0  0.0  0.3  0.3  1.8  1.2  0.0
  4.3  0.0  0.0  4.3  1.8  0.0  1.8  3.7  0.0  0.0  0.0  0.0  0.0  0.0  0.0
  0.0  0.3  0.3  0.0  0.0  0.0  0.0  7.6  3.3  0.6  9.1 26.2  5.8  2.4 25.0
  4.0  0.9  3.0  2.7  0.6  1.2  0.6 43.8 17.0 21.6  2.4  6.4  9.4  6.4  0.0
     -3.07      5.57     -4.29     -2.34      2.50  0.0  0.0  0.0  0.0  0.0
                                4000_story_1637_llm_free.txt 33.8  4.4 3449
 13.6  5.5  5.5 22.6  6.4  0.9  1.4  1.4  6.7 15.9  0.3  0.6  1.4  6.4  0.0
  0.0  0.9  2.6 10.1  0.6  1.2283.9 93.1 32.5125.3 67.3 16.8  7.5  0.0  0.3
  0.0  1.7 21.5  9.0 14.5 27.8  6.4  2.6  1.4  0.6  1.2  1.4  2.6  5.2  0.0
  4.3  6.4  0.3  2.0  3.8  6.4 19.4  9.6  1.4  0.3 67.0 80.3  0.9167.3  9.0
  0.3  0.0  0.0  0.0  0.0  0.0  0.0  0.0  0.0  0.0  0.0  0.0  0.0  0.0  0.0
  0.0  0.0  0.0  3.5  0.6  1.7  0.3  0.0  0.0  0.0  0.0  0.0  0.0  0.3  0.6
  0.6  0.3  1.4  0.0  0.0  0.3  0.0  0.0  0.0  0.3  0.0  0.0  1.7  0.6  0.0
  6.1  0.0  0.3  6.4  2.9  0.3  3.5  2.3  0.0  0.0  0.0  0.0  0.0  0.0  0.0
  0.3  0.3  0.0  0.0  0.0  0.0  0.0 16.8  0.9  0.9  6.7 39.4  2.6  7.0 21.2
  9.9  1.4  4.1  3.5  0.0  0.9  0.0 42.3 13.3 14.8  2.0  7.5 13.9  6.4  0.0
     -6.20      6.01     -5.16     -4.12      0.20  0.6  0.0  0.3  0.0  0.0
                                4000_story_1652_llm_free.txt 35.5  4.5 2869
 19.9  5.2  4.9 41.8 14.3  0.3  3.1  1.4 15.0 15.7  1.4  0.7  0.7  8.4  0.7
  0.0  0.3  3.5 10.5  0.3  2.4269.1 83.0 25.8124.4 66.2 15.3  9.8  0.0  0.3
  0.0  1.4 21.3  7.3 16.4 25.4  3.8  1.4  1.4  1.4  2.4  1.0  3.1  3.8  0.7
  6.3  4.2  0.7  1.7  3.8  7.3 18.1 10.8  0.7  0.3 56.1 95.5  3.1187.2  6.3
  0.7  0.0  0.0  0.0  0.0  0.0  0.0  0.0  0.0  0.0  0.0  0.0  0.0  0.0  0.0
  0.0  0.0  0.0  2.4  1.0  2.8  0.0  0.0  0.0  0.0  0.0  0.0  0.0  0.0  0.0
  0.3  1.4  0.3  0.0  0.0  0.0  0.0  0.0  0.0  0.3  0.0  0.3  1.7  0.0  0.0
  6.3  0.0  0.0  6.3  2.1  0.0  2.4  2.1  0.0  0.0  0.0  0.0  0.0  0.0  0.0
  0.0  0.3  0.0  0.0  0.0  0.0  0.0 15.0  3.5  0.3  5.2 21.6  3.8  5.6 16.7
  1.7  1.7  1.7  1.4  0.3  0.0  0.0 42.9 18.5 26.1  1.0  9.1 11.2  9.8  0.0
     -1.95      6.07     -5.21     -3.61      1.48  0.7  0.0  0.0  0.0  0.0
                                4000_story_1659_llm_free.txt 34.5  4.4 3179
 17.3  5.7  4.1 35.9  6.6  0.3  3.1  0.9 14.2 28.6  0.3  1.6  0.9  6.9  0.6
  0.0  0.9  5.7 10.4  0.6  1.6267.7 89.0 28.9133.4 62.0 13.5 10.7  0.0  0.9
  0.0  0.9 15.7  8.2 12.9 25.2  3.5  2.8  2.8  1.3  1.3  2.8  1.9  6.0  0.3
  6.0  5.0  1.9  1.3  3.1  9.8 19.2 12.3  1.6  0.9 59.1 82.7  0.3179.6  5.3
  1.9  0.0  0.0  0.0  0.0  0.0  0.0  0.0  0.0  0.0  0.0  0.0  0.0  0.0  0.0
  0.0  0.0  0.0  3.5  1.3  0.9  1.9  0.0  0.0  0.0  0.0  0.0  0.0  0.0  0.0
  0.0  1.6  0.6  0.3  0.0  0.0  0.0  0.0  0.0  0.0  0.0  0.0  2.2  0.0  0.0
  7.5  0.0  0.0  7.5  2.5  0.0  2.5  2.2  0.0  0.0  0.0  0.0  0.0  0.0  0.0
  0.3  0.0  0.0  0.0  0.0  0.0  0.0 10.7  6.6  0.6  7.5 38.7  4.4  8.5  4.1
  1.3  2.8  0.3  2.5  0.3  1.3  0.0 39.6 18.2 26.7  2.2  7.9  9.4 10.1  0.0
     -0.13      6.00     -4.67     -2.71      0.63  1.3  0.3  0.0  0.0  0.0
                                4000_story_1696_llm_free.txt 32.0  4.4 3292
 18.8  4.9  4.3 36.8 13.7  1.5  1.8  0.9 14.0 25.8  0.6  0.9  0.0  5.8  0.3
  0.0  0.3  4.3  6.4  1.5  2.4249.4 88.1 26.4125.5 63.2 16.4 10.6  0.0  0.9
  0.0  1.8 17.9 12.2 16.4 28.9  5.2  2.4  2.1  1.8  1.8  0.9  2.4  4.3  0.0
  3.6  6.4  1.5  1.5  4.3  8.5 17.3  7.9  1.8  0.9 62.9 90.8  1.2177.7  6.4
  1.8  0.3  0.0  0.0  0.0  0.0  0.0  0.0  0.0  0.0  0.0  0.0  0.0  0.0  0.0
  0.0  0.0  0.0  2.7  0.3  3.0  0.0  0.0  0.3  0.0  0.0  0.0  0.0  0.0  0.6
  0.0  0.9  0.6  0.0  0.0  0.3  0.0  0.0  0.0  0.0  0.0  0.0  2.1  0.9  0.0
  6.1  0.3  0.0  6.4  2.1  0.3  2.4  3.0  0.0  0.0  0.0  0.0  0.0  0.0  0.0
  0.0  0.0  0.0  0.0  0.0  0.0  0.0 10.6  1.5  1.8  5.2 25.5  3.6  5.8  9.1
  2.1  1.8  1.8  2.4  0.0  0.9  0.0 38.0 19.7 22.2  2.7 10.6 13.4 10.6  0.0
     -1.88      6.33     -6.59     -3.28     -0.29  0.3  0.0  0.0  0.0  0.0
                                4000_story_1707_llm_free.txt 38.3  4.5 3324
 13.5  3.6  5.4 30.7  6.6  0.9  1.8  1.2  5.4 19.0  0.0  0.9  0.3  4.8  0.6
  0.3  0.9  1.8  9.3  0.9  1.5286.4 90.3 34.3120.3 47.2 13.8  9.0  0.0  0.3
  0.3  3.0 22.0  9.6 12.6 29.2  6.3  6.0  1.8  2.7  0.9  2.4  2.7  6.6  0.3
  5.1  6.3  0.3  1.8  5.4  8.7 22.3 12.0  1.8  0.6 63.5 59.3  2.1167.6  5.7
  0.3  0.0  0.0  0.0  0.0  0.0  0.0  0.0  0.0  0.0  0.0  0.0  0.0  0.0  0.0
  0.0  0.0  0.0  1.8  0.0  1.5  0.9  0.6  0.0  0.0  0.0  0.0  0.0  0.0  0.3
  0.3  0.6  0.6  0.0  0.0  0.0  0.3  0.3  0.3  0.0  0.0  0.0  3.0  0.3  0.0
  4.2  0.6  0.0  4.8  1.8  0.9  2.7  3.3  0.0  0.0  0.0  0.0  0.0  0.0  0.0
  0.3  0.9  0.0  0.0  0.0  0.0  0.0  3.6  2.7  0.6  8.4 36.7  6.3  6.9  6.9
  0.9  2.1  2.1  2.7  0.0  0.9  0.0 39.1 18.1 17.4  1.2  6.6 11.4  7.2  0.0
     -6.75      4.66     -4.09     -1.97      0.95  0.3  0.0  0.0  0.0  0.0
                                4000_story_1719_llm_free.txt 32.8  4.4 3416
 17.9  4.4  8.5 42.4 12.0  1.8  3.5  0.6 13.5 20.2  0.9  0.9  0.3  6.1  0.3
  1.5  0.6  4.4 10.0  0.9  2.0267.0 85.5 27.2120.9 53.6 12.9 10.2  0.6  2.3
  0.0  1.5 24.0  8.5 11.1 26.3  7.9  4.4  2.3  0.9  2.0  2.9  2.3  3.5  0.3
  5.0  5.9  1.8  3.2  4.7 10.8 19.0  8.8  1.5  2.9 57.1 79.0  2.3177.7  5.9
  2.0  0.3  0.0  0.0  0.0  0.0  0.0  0.0  0.0  0.0  0.0  0.0  0.0  0.0  0.0
  0.0  0.0  0.0  2.3  1.5  3.5  1.2  0.3  0.0  0.0  0.0  0.0  0.0  0.0  0.0
  0.9  1.8  0.9  0.6  0.0  0.0  0.0  0.0  0.0  0.3  0.0  0.0  2.9  0.6  0.0
  8.5  0.3  0.0  8.8  4.1  0.0  4.4  3.5  0.0  0.0  0.0  0.0  0.0  0.0  0.0
  0.3  0.3  0.0  0.0  0.0  0.0  0.0  4.7  1.2  2.6  4.1 29.6  2.3  7.3 10.2
  1.8  1.5  3.2  5.9  0.3  0.9  0.3 30.4 20.5 25.5  2.9  5.9 15.5  7.6  0.0
     -1.52      5.00     -2.50     -2.26      0.20  0.0  0.0  0.0  0.0  0.3
                                4000_story_1757_llm_free.txt 35.3  4.5 2911
 17.5  4.1  2.1 30.2  5.8  0.3  2.1  0.3  6.2 25.4  1.7  1.0  1.0  5.5  0.0
  0.3  0.3  2.7 12.0  2.1  1.7268.6 93.1 38.8119.5 47.4 15.1  6.2  0.0  0.7
  0.0  2.4 22.7  5.8 19.6 27.1  6.2  3.4  2.1  0.7  2.7  1.7  2.1  4.8  0.7
  6.2  3.4  2.7  2.7  4.8  8.9 19.6 11.7  2.4  0.7 74.9 59.4  0.7173.8 10.6
  2.1  0.0  0.0  0.0  0.0  0.0  0.0  0.0  0.0  0.0  0.0  0.0  0.0  0.0  0.0
  0.0  0.0  0.0  1.4  0.7  3.4  1.0  0.0  0.0  0.0  0.0  0.0  0.0  0.0  0.0
  0.7  1.4  0.3  0.0  0.0  0.0  0.0  0.0  0.0  0.0  0.0  0.0  1.4  0.3  0.0
  6.5  0.0  0.0  6.5  2.4  0.0  2.4  1.7  0.0  0.0  0.0  0.0  0.0  0.0  0.0
  0.0  0.3  0.0  0.0  0.0  0.0  0.0  4.5  3.1  0.7  7.2 27.5  5.8  4.1 10.6
  1.4  3.1  2.7  3.1  0.0  0.3  0.0 41.2 11.0 21.0  0.7  7.2 14.4  7.6  0.0
     -4.15      4.36     -5.19     -2.81      0.91  0.0  0.0  0.0  0.0  0.0
                                4000_story_1761_llm_free.txt 36.3  4.6 2924
 14.7  2.4  3.1 34.5  3.4  1.0  2.1  0.7  9.6 19.2  0.3  0.3  0.0  3.8  0.3
  0.3  2.1  3.1  8.5  0.7  2.7292.4 99.2 38.6119.4 38.3 10.9  9.2  0.0  0.3
  0.3  1.7 28.0  9.2 27.4 29.4  2.7  2.4  3.1  0.7  1.0  2.1  3.4  5.5  1.0
  5.8  5.5  0.3  2.1  2.4  6.5 16.8 12.3  2.7  0.7 70.8 51.3  0.7168.3  6.5
  0.7  0.0  0.0  0.0  0.0  0.0  0.0  0.0  0.0  0.0  0.0  0.0  0.0  0.0  0.0
  0.0  0.0  0.0  1.0  1.0  1.0  0.7  0.0  0.0  0.0  0.0  0.0  0.0  0.0  0.3
  0.7  0.0  0.3  0.0  0.0  0.0  0.0  0.0  0.0  0.0  0.0  0.0  1.0  1.0  0.0
  3.8  0.0  0.0  3.8  1.4  0.0  1.4  2.1  0.0  0.0  0.0  0.0  0.0  0.0  0.0
  0.0  0.7  0.0  0.0  0.0  0.0  0.0  4.8  1.4  0.3  9.9 28.0  3.4  3.4 27.7
  0.3  1.4  3.1  5.1  0.0  1.4  0.0 33.5 18.5 17.4  0.3  5.5 10.6  8.5  0.0
     -6.62      3.72     -8.32     -3.42      2.00  0.3  0.3  0.0  0.0  0.0
                                4000_story_1764_llm_free.txt 35.8  4.5 3146
 11.4  2.5  9.5 43.2  6.0  0.6  4.1  1.6 12.4 27.0  0.0  0.6  0.0  5.7  0.0
  0.3  1.6  2.9  9.9  1.3  2.2288.3 86.8 29.9113.8 55.6 12.7  7.9  0.0  0.6
  0.3  2.2 26.4  7.0 15.9 28.0  6.0  1.6  2.9  1.0  1.3  1.9  3.2  4.5  0.0
  5.1  4.8  1.3  3.8  2.5  5.7 18.4  9.5  2.9  1.0 55.3 74.1  1.0173.6  8.9
  1.3  0.0  0.0  0.0  0.0  0.0  0.0  0.0  0.0  0.0  0.0  0.0  0.0  0.0  0.0
  0.0  0.0  0.0  1.0  0.6  1.6  1.0  0.0  0.0  0.0  0.0  0.0  0.0  0.0  0.3
  0.3  1.0  0.3  0.0  0.0  0.0  0.0  0.0  0.0  0.3  0.0  0.0  1.9  0.6  0.0
  4.1  0.0  0.0  4.1  1.9  0.0  2.2  2.5  0.0  0.0  0.0  0.0  0.0  0.0  0.0
  0.3  0.0  0.3  0.0  0.0  0.0  0.0 17.8  1.9  0.3  7.6 27.7  4.5  4.8 23.5
  2.5  1.6  1.6  1.3  0.0  1.3  0.3 36.2 14.3 15.6  1.3  6.0  7.9  7.0  0.0
     -2.42      4.40     -4.03     -3.50      0.68  0.0  0.3  0.3  0.0  0.0
                                4000_story_1770_llm_free.txt 38.0  4.6 3284
 13.4  1.2 10.0 40.2  7.6  0.3  2.1  0.6  9.1 19.5  1.2  0.6  0.3  8.2  0.9
  0.3  2.4  4.0 11.3  1.2  1.5271.6 89.2 28.6118.1 56.0 13.7  9.7  0.0  1.5
  0.3  0.6 25.3  7.3 11.6 28.6  7.0  3.0  3.3  0.9  1.5  1.2  4.9  4.9  0.0
  4.9  7.0  0.9  2.1  3.3  8.5 20.4  9.7  3.7  1.8 58.5 72.8  0.9178.7  9.7
  1.8  0.0  0.0  0.0  0.0  0.0  0.0  0.0  0.0  0.0  0.0  0.0  0.0  0.0  0.0
  0.0  0.0  0.0  1.2  0.3  0.9  0.6  0.0  0.0  0.0  0.0  0.0  0.0  0.0  0.3
  0.6  0.9  0.6  0.3  0.0  0.3  0.0  0.0  0.0  0.3  0.0  0.0  1.5  0.0  0.0
  3.0  0.0  0.0  3.0  2.7  0.3  3.3  1.5  0.0  0.0  0.0  0.0  0.0  0.0  0.0
  0.0  0.6  0.0  0.0  0.0  0.0  0.0  8.2  2.1  0.6  5.2 22.5  7.0  4.0  7.6
  2.1  1.5  1.2  1.8  0.0  0.3  0.6 46.3 17.7 16.7  0.6  8.2 11.6  8.8  0.0
     -0.51      5.09     -3.13     -3.17      1.73  0.3  0.0  0.0  0.0  0.0
                                4000_story_1779_llm_free.txt 37.8  4.6 2983
 15.4  6.7  3.4 37.5  7.7  1.3  2.7  0.3  9.4 23.5  0.3  1.0  0.7  4.7  0.7
  0.3  2.0  6.7  9.4  2.3  1.7269.2 90.2 24.8129.1 62.4 10.7 11.1  0.7  1.0
  0.0  1.7 20.4  7.0 12.7 31.2  4.7  1.3  4.0  1.3  1.7  2.3  2.7  4.0  0.3
  7.0  5.0  1.7  4.7  3.7  9.7 18.4 11.4  4.4  1.7 55.6 79.5  1.7187.4  6.7
  0.3  0.0  0.0  0.0  0.0  0.0  0.0  0.0  0.0  0.0  0.0  0.0  0.0  0.0  0.0
  0.0  0.0  0.0  3.4  0.3  4.4  0.3  0.0  0.0  0.0  0.0  0.0  0.0  0.0  0.7
  0.3  1.0  0.0  0.0  0.0  0.0  0.0  0.0  0.0  0.0  0.3  0.0  3.7  0.7  0.0
  8.4  0.0  0.0  8.4  2.0  0.0  2.0  4.7  0.0  0.0  0.0  0.0  0.0  0.0  0.0
  0.0  0.7  0.0  0.0  0.0  0.0  0.3 12.7  2.3  0.7  5.0 35.2  6.4  7.0 14.4
  0.7  1.0  1.0  1.7  0.7  0.3  0.0 37.5 18.1 22.5  1.7  9.1 12.7 10.4  0.0
      1.17      5.40     -3.62     -2.64      1.19  0.0  0.3  0.3  0.0  0.0
                                4000_story_1796_llm_free.txt 37.8  4.6 3381
 16.9  3.5  5.9 33.4  4.4  0.6  1.8  1.8  9.2 13.6  0.0  2.1  0.0  5.6  0.6
  1.2  0.9  2.7 12.4  0.3  1.5257.6 85.5 37.9127.8 65.4 13.6 10.1  0.0  0.3
  0.9  0.9 31.6 11.5 11.5 33.4  7.1  2.7  2.4  1.8  1.5  1.5  2.7  5.6  1.5
  4.7  5.0  2.4  2.4  5.3  6.8 22.2 11.8  1.2  1.2 65.1 79.0  1.8179.8  8.6
  1.2  0.0  0.0  0.0  0.0  0.0  0.0  0.0  0.0  0.0  0.0  0.0  0.0  0.0  0.0
  0.0  0.0  0.0  3.0  0.6  1.5  2.1  0.0  0.0  0.0  0.0  0.0  0.0  0.0  1.2
  0.0  0.0  0.0  1.5  0.0  0.9  0.0  0.0  0.0  0.3  0.0  0.0  2.7  0.9  0.0
  7.1  0.0  0.0  7.1  2.7  0.9  3.8  3.5  0.0  0.0  0.0  0.0  0.0  0.0  0.0
  0.0  0.3  0.0  0.0  0.0  0.0  0.0 13.9  3.0  0.6  6.2 35.5  2.4 10.4 12.4
  3.0  1.2  2.4  1.8  0.0  2.4  0.0 40.2 19.8 21.0  0.6  7.4 15.1 10.4  0.0
     -4.92      5.86     -4.13     -3.11      1.55  0.0  0.0  0.0  0.0  0.0
                                4000_story_1797_llm_free.txt 39.0  4.6 3078
 16.9  4.9  5.5 41.6 10.4  0.6  3.2  1.3 13.6 14.9  0.3  1.0  1.0  3.9  0.3
  0.0  1.9  5.8  9.1  1.6  0.6271.9 86.1 38.0119.2 60.4 13.3  9.4  0.3  1.0
  0.0  1.3 23.7  6.8 16.6 36.1  7.5  2.3  2.6  1.3  0.3  1.9  3.2  6.2  0.0
  8.1  3.9  0.3  3.6  2.9  8.4 16.6 14.3  3.6  1.3 63.7 84.5  2.3179.0  7.5
  1.3  0.0  0.0  0.0  0.0  0.0  0.0  0.0  0.0  0.0  0.0  0.0  0.0  0.0  0.0
  0.0  0.0  0.0  2.3  0.3  2.3  1.0  0.0  0.0  0.0  0.0  0.0  0.0  0.3  0.3
  0.3  0.6  1.6  0.3  0.0  0.0  0.0  0.0  0.0  0.6  0.3  0.3  2.6  1.0  0.0
  5.8  0.0  0.3  6.2  3.2  0.0  3.9  4.2  0.0  0.0  0.0  0.0  0.0  0.0  0.0
  0.3  0.3  0.0  0.0  0.0  0.0  0.0 13.3  1.3  2.9  5.8 33.8  2.9  5.5 18.8
  1.6  1.0  3.9  4.2  0.0  0.6  0.6 35.4 15.9 19.5  1.9  8.8 12.3  9.4  0.0
     -2.38      5.19     -5.09     -3.70      1.96  0.3  0.3  0.0  0.0  0.0
                                4000_story_1799_llm_free.txt 36.0  4.6 2913
 14.1  5.5  5.8 42.2  9.6  2.4  6.2  0.7  9.6 17.2  0.3  1.4  0.3  4.8  1.0
  0.0  0.7  6.2  9.3  1.4  1.0287.0 87.9 33.6118.8 52.9 12.4 11.7  0.0  1.0
  0.0  2.1 39.5  4.5 12.7 25.7  4.8  4.1  2.7  1.4  2.1  1.0  1.7  4.8  0.0
  3.1  5.8  2.1  1.4  3.1 12.4 19.9  7.9  2.1  1.0 55.3 72.1  1.7172.7  5.8
  2.4  0.0  0.0  0.0  0.0  0.0  0.0  0.0  0.0  0.0  0.0  0.0  0.0  0.0  0.0
  0.0  0.0  0.0  2.7  0.0  3.1  0.7  0.3  0.0  0.0  0.0  0.0  0.0  0.0  0.0
  0.0  1.0  0.3  0.0  0.0  0.0  0.3  0.0  0.0  0.0  0.3  0.0  1.4  0.3  0.0
  6.5  0.3  0.0  6.9  1.4  0.3  1.7  2.1  0.0  0.0  0.0  0.0  0.0  0.0  0.0
  0.0  0.7  0.0  0.0  0.0  0.0  0.0  4.8  4.5  1.7  8.6 25.4  1.7  9.6 15.4
  2.1  1.4  3.8  3.4  0.0  0.3  0.7 31.9 19.9 18.2  2.7  6.9 11.3  8.6  0.0
     -2.92      5.07     -1.48     -2.72     -0.83  0.0  0.0  0.0  0.0  0.0
                                4000_story_1808_llm_free.txt 36.5  4.6 3211
 16.8  3.7  6.5 35.5 11.5  0.3  2.8  0.3 13.7 20.2  0.9  0.3  0.0  4.0  0.0
  0.0  2.2  3.7  8.4  0.3  2.5299.6 76.9 36.1116.2 40.5 15.3 13.1  0.0  0.9
  0.0  2.8 22.4  9.3 20.6 28.3  5.0  2.5  1.9  1.2  0.9  1.6  2.5  4.4  0.0
  5.9  4.4  2.5  3.4  5.0  7.2 17.1 10.3  2.5  0.9 66.0 65.7  0.0168.2  5.9
  0.9  0.0  0.0  0.0  0.0  0.0  0.0  0.0  0.0  0.0  0.0  0.0  0.0  0.0  0.0
  0.0  0.0  0.0  1.9  0.0  2.5  1.9  0.0  0.0  0.0  0.0  0.0  0.0  0.0  0.6
  0.0  0.3  0.6  0.9  0.0  0.0  0.0  0.0  0.0  0.3  0.0  0.0  1.9  0.6  0.0
  6.2  0.0  0.0  6.2  2.5  0.0  2.8  2.5  0.0  0.0  0.0  0.0  0.0  0.0  0.0
  0.3  0.3  0.0  0.0  0.0  0.0  0.0  8.7  1.9  0.6 10.9 32.7  5.6  5.3  8.4
  2.2  1.2  3.4  3.1  0.0  0.9  0.0 30.8 22.1 18.7  1.9  7.8 12.1  6.2  0.0
     -4.73      5.25     -6.29     -3.78      0.50  0.0  0.0  0.0  0.0  0.0
                                4000_story_1812_llm_free.txt 36.5  4.5 3510
 14.8  4.0  8.3 37.9 12.3  1.4  2.0  1.7 17.4 15.7  0.6  0.3  0.0  6.3  0.3
  0.3  3.1  3.4  8.3  1.1  3.1282.9 93.4 34.8130.2 63.2  9.4 10.8  0.0  0.0
  0.3  3.4 22.8  7.7 19.4 25.4  4.0  1.7  2.6  1.1  1.4  1.4  2.8  5.7  0.6
  4.3  4.0  0.0  1.7  3.4  6.6 17.1 10.5  4.3  0.3 60.7 92.9  0.6182.9  7.4
  2.0  0.0  0.0  0.0  0.0  0.0  0.0  0.0  0.0  0.0  0.0  0.0  0.0  0.0  0.0
  0.0  0.0  0.0  1.1  0.3  2.0  0.6  0.0  0.0  0.0  0.0  0.0  0.0  0.0  0.6
  0.0  0.6  0.3  0.3  0.0  0.0  0.0  0.0  0.0  0.0  0.3  0.0  2.6  0.3  0.0
  4.0  0.0  0.0  4.0  1.7  0.0  1.7  3.1  0.0  0.0  0.0  0.0  0.0  0.0  0.0
  0.0  0.3  0.0  0.0  0.0  0.0  0.0  8.8  1.7  0.3  7.1 23.1  2.8  4.6 19.9
  2.3  0.9  2.8  3.7  0.3  0.6  0.0 41.0 19.4 15.4  1.4  6.3 12.3 10.0  0.0
     -0.71      5.18     -5.25     -3.60      0.83  0.0  0.0  0.0  0.0  0.0
                                4000_story_1818_llm_free.txt 33.8  4.4 3617
 14.4  3.3  5.0 27.9  7.7  0.3  1.4  0.6 10.2 15.5  1.7  0.6  0.3  6.6  0.3
  0.3  1.1  2.5  9.1  0.0  2.2287.3 91.5 26.0123.6 57.5 10.2  9.7  0.3  1.1
  0.0  1.7 22.4  9.4 16.9 28.5  5.0  3.3  1.4  1.1  2.8  1.7  1.4  5.0  0.0
  4.1  4.4  0.6  2.8  6.1  8.6 16.9  9.1  1.1  1.4 62.2 75.5  1.1167.8  7.2
  0.3  0.0  0.0  0.0  0.0  0.0  0.0  0.0  0.0  0.0  0.0  0.0  0.0  0.0  0.0
  0.0  0.0  0.0  2.8  0.0  1.7  0.6  0.0  0.0  0.0  0.0  0.0  0.0  0.0  0.6
  0.3  0.6  1.1  0.3  0.0  0.3  0.0  0.0  0.0  0.3  0.0  0.0  1.1  0.8  0.0
  5.0  0.0  0.0  5.0  2.8  0.3  3.3  1.9  0.0  0.0  0.0  0.0  0.0  0.0  0.0
  0.6  0.6  0.0  0.0  0.0  0.0  0.0 15.5  0.3  0.3  6.6 46.4  3.9  5.8  7.2
  5.3  1.1  2.2  2.8  0.0  0.0  0.3 38.4 14.4 16.6  1.7  6.9 10.5  8.8  0.0
     -6.32      4.65     -5.41     -2.89     -0.67  0.0  0.0  0.0  0.0  0.0
                                4000_story_1819_llm_free.txt 35.8  4.5 3411
 17.3  7.3  3.2 32.8 10.3  1.2  3.8  0.9  7.3 24.0  1.2  1.8  0.3  4.4  0.6
  1.5  1.5  2.1  7.0  0.9  0.9278.2 92.9 27.3118.1 53.4 14.7 10.8  0.9  0.3
  0.0  2.6 21.1  6.7 14.7 30.8  5.9  4.7  2.9  2.3  1.5  1.8  2.1  6.7  0.0
  5.6  4.7  0.9  2.3  4.7  8.2 18.5 12.3  2.3  1.2 56.9 70.9  1.5170.6  7.0
  2.3  0.0  0.0  0.0  0.0  0.0  0.0  0.0  0.0  0.0  0.0  0.0  0.0  0.0  0.0
  0.0  0.0  0.0  2.9  0.9  3.2  1.5  0.0  0.0  0.0  0.0  0.0  0.0  0.0  0.6
  0.0  1.5  0.3  0.6  0.0  0.0  0.0  0.0  0.0  0.0  0.0  0.0  2.6  0.9  0.0
  8.5  0.0  0.0  8.5  2.9  0.0  2.9  3.5  0.0  0.0  0.0  0.0  0.0  0.0  0.0
  0.0  0.0  0.0  0.0  0.0  0.0  0.0  5.6  1.8  2.6 10.3 35.8  3.8  5.3 14.4
  1.2  2.9  0.9  4.4  0.0  0.9  0.0 34.3 18.2 19.9  1.5  6.2 11.7  7.3  0.0
     -2.24      5.36     -3.91     -2.07      0.47  0.0  0.0  0.3  0.0  0.0
                                4000_story_1823_llm_free.txt 33.3  4.4 3669
 15.5  3.8  9.3 36.8 10.4  1.1  2.2  1.9 15.3 19.4  0.3  1.4  0.8  4.4  0.5
  0.0  1.1  4.9 10.6  0.3  2.7263.3 80.7 30.5124.3 66.0 13.6 11.7  0.0  0.8
  0.3  1.1 18.5  9.5 12.5 30.8  6.0  1.9  2.7  1.6  1.6  1.9  3.0  4.4  0.0
  7.1  6.0  0.8  3.0  2.7  8.4 20.7 11.4  1.4  1.1 59.4 91.6  3.0177.7  5.2
  0.8  0.5  0.0  0.0  0.0  0.0  0.0  0.0  0.0  0.0  0.0  0.0  0.0  0.0  0.0
  0.0  0.0  0.0  1.9  0.3  2.5  0.5  0.5  0.3  0.0  0.0  0.0  0.0  0.0  0.0
  0.5  1.1  0.8  0.3  0.0  0.0  0.0  0.3  0.0  0.3  0.0  0.0  1.1  0.0  0.0
  5.2  0.8  0.0  6.0  2.7  0.3  3.3  1.1  0.0  0.0  0.0  0.0  0.0  0.0  0.0
  0.0  0.8  0.3  0.0  0.0  0.0  0.0 21.8  2.5  0.5  5.7 35.7  3.8  3.8  7.9
  3.8  1.9  1.9  7.9  0.5  0.5  0.0 40.9 19.9 22.3  1.4  7.6 11.4 10.1  0.0
     -2.17      6.08     -4.84     -2.99      1.19  0.3  0.0  0.0  0.0  0.0
                                4000_story_1831_llm_free.txt 37.5  4.5 3750
 12.8  3.5  2.1 42.7 21.9  0.3  3.2  0.8 23.2 15.2  0.8  2.9  0.8  5.6  0.5
  0.3  1.6  4.3  9.6  1.9  0.5248.0 80.8 30.1120.3 60.8 17.3  9.9  0.8  0.5
  0.3  0.5 36.5  4.8  8.3 30.4  9.6  4.8  2.4  1.3  2.1  1.9  2.7  5.3  0.3
  3.7  6.4  1.3  1.3  3.5 11.2 20.8  9.3  3.5  1.6 57.1105.9  1.9175.5  5.1
  1.6  0.3  0.0  0.0  0.0  0.0  0.0  0.0  0.0  0.0  0.0  0.0  0.0  0.0  0.0
  0.0  0.0  0.0  1.9  0.5  1.6  1.3  0.0  0.3  0.0  0.0  0.0  0.0  0.0  0.5
  0.3  2.4  1.3  0.5  0.0  0.3  0.3  0.0  0.0  0.0  0.0  0.0  2.9  0.5  0.0
  5.3  0.3  0.0  5.6  5.1  0.5  5.6  3.5  0.0  0.0  0.0  0.0  0.0  0.0  0.0
  0.3  0.0  0.0  0.0  0.0  0.0  0.0  6.4  2.1  1.1 12.3 29.1  6.1  6.1 16.0
  1.9  1.3  1.6  2.1  0.3  1.1  0.0 39.2 26.1 24.5  1.6  6.1 10.7  7.5  0.0
      0.77      6.09     -0.84     -2.32      0.26  0.3  0.0  0.0  0.3  0.0
                                4000_story_1834_llm_free.txt 36.0  4.5 3296
 14.3  6.1  5.8 34.0  5.8  1.2  2.7  1.8  7.3 15.8  0.9  0.6  0.6  6.4  0.0
  0.6  2.1  1.8  9.1  0.3  3.3267.0 88.6 35.8127.7 62.2 15.2 11.2  0.3  2.4
  0.0  2.1 16.7  6.7 15.2 35.2  4.6  3.0  0.9  1.2  1.5  2.4  2.4  5.5  0.6
  6.1  5.8  0.9  3.3  3.9  6.4 18.8 12.1  2.4  2.7 71.9 75.2  1.2178.7  8.2
  1.2  0.0  0.0  0.0  0.0  0.0  0.0  0.0  0.0  0.0  0.0  0.0  0.0  0.0  0.0
  0.0  0.0  0.0  3.3  1.8  0.9  0.6  0.0  0.0  0.0  0.0  0.0  0.0  0.0  0.6
  0.0  0.9  0.3  0.0  0.0  0.3  0.0  0.0  0.0  0.9  0.0  0.3  3.9  0.0  0.0
  6.7  0.0  0.0  6.7  1.8  0.3  3.0  4.2  0.0  0.0  0.0  0.0  0.0  0.0  0.0
  0.0  0.6  0.0  0.0  0.0  0.0  0.0 11.5  3.3  1.2  5.8 37.0  1.8  5.8  7.0
  1.5  1.8  2.1  2.7  0.0  1.2  0.6 36.1 18.8 17.9  1.2  7.0 12.7 10.6  0.0
     -2.79      6.23     -4.06     -3.34      1.14  0.3  0.0  0.0  0.0  0.0
                                4000_story_1836_llm_free.txt 34.5  4.5 3346
 20.3  5.7  8.7 35.6  9.9  0.3  3.6  1.5 14.0 17.9  0.6  2.1  0.9  6.6  0.6
  0.6  1.5  4.8 11.4  1.8  1.5257.0 79.5 32.6124.0 68.7 12.6  8.7  0.0  1.5
  0.0  0.9 23.6  8.1 15.5 34.4  4.8  2.4  2.4  1.2  1.2  1.2  3.0  6.9  0.0
  4.8  5.4  1.2  4.5  2.1  8.4 20.9 11.7  3.3  1.5 65.2 92.6  1.2172.7  7.5
  1.5  0.0  0.0  0.0  0.0  0.0  0.0  0.0  0.0  0.0  0.0  0.0  0.0  0.0  0.0
  0.0  0.0  0.0  1.5  0.3  4.8  0.3  0.0  0.0  0.0  0.0  0.0  0.0  0.0  0.0
  0.9  1.8  0.3  0.0  0.0  0.3  0.0  0.0  0.0  0.6  0.3  0.3  1.2  0.6  0.0
  6.9  0.0  0.0  6.9  3.0  0.3  3.9  2.4  0.0  0.0  0.0  0.0  0.0  0.0  0.0
  0.3  0.3  0.0  0.0  0.0  0.0  0.0 12.0  3.6  0.6 12.0 23.0  9.0  6.0 13.7
  1.5  2.4  2.4  3.0  0.0  1.2  0.0 44.2 17.3 25.1  0.9  7.2 11.4  9.0  0.0
      2.07      5.43     -5.14     -3.67      0.83  0.0  0.0  0.0  0.0  0.0
                                4000_story_1837_llm_free.txt 36.8  4.5 3776
 21.7  5.0  4.5 45.0  7.4  1.3  4.2  1.3 19.6 17.2  1.1  1.9  0.3  3.7  0.3
  0.3  1.9  7.2 10.1  1.9  1.9294.0 79.7 27.0125.5 64.1 11.4 11.7  0.3  0.5
  0.0  2.9 28.6  7.2 16.9 24.1  3.7  3.2  4.0  1.3  1.1  1.6  1.1  5.0  0.5
  6.4  7.2  0.5  2.6  3.4 11.4 23.3 11.9  3.7  0.8 51.6 91.1  2.1185.1  6.1
  0.8  0.0  0.0  0.0  0.0  0.0  0.0  0.0  0.0  0.0  0.0  0.0  0.0  0.0  0.0
  0.0  0.0  0.0  2.1  1.9  2.1  0.3  0.0  0.0  0.0  0.0  0.0  0.0  0.0  0.5
  0.0  0.8  0.5  0.0  0.0  0.0  0.0  0.0  0.0  0.3  0.0  0.0  0.8  0.8  0.0
  6.4  0.0  0.0  6.4  1.9  0.0  2.1  1.6  0.0  0.0  0.0  0.0  0.0  0.0  0.0
  0.3  0.3  0.0  0.0  0.0  0.0  0.0 14.6  1.6  3.2 10.1 28.9  3.7  3.2 23.0
  4.0  1.6  0.8  3.7  0.0  0.0  0.0 36.8 19.9 23.8  1.3  8.5 10.3  8.2  0.0
      0.72      5.60     -3.94     -2.83      0.26  0.0  0.0  0.0  0.0  0.0
                                4000_story_1838_llm_free.txt 37.8  4.4 3304
 18.8  3.9  8.2 43.3 13.3  1.5  2.7  0.6 17.6 13.9  0.0  1.8  0.3  6.4  0.6
  0.6  2.4  5.8  6.7  1.8  2.4260.6 79.0 28.1126.2 69.9 10.6 13.0  0.6  0.6
  0.3  1.8 18.5  9.4 14.8 26.0  8.2  3.6  3.6  2.1  0.6  1.2  2.1  5.8  0.6
  7.0  4.2  1.5  3.0  3.3 10.0 16.6 13.3  4.2  1.5 57.8100.8  1.5185.8  5.8
  1.8  0.0  0.0  0.0  0.0  0.0  0.0  0.0  0.0  0.0  0.0  0.0  0.0  0.0  0.0
  0.0  0.0  0.0  3.3  0.0  1.8  0.0  0.0  0.0  0.0  0.0  0.0  0.0  0.0  0.3
  0.3  0.3  1.5  0.0  0.0  0.3  0.0  0.0  0.0  0.0  0.0  0.3  0.9  0.3  0.0
  5.1  0.0  0.0  5.1  2.4  0.3  2.7  1.5  0.0  0.0  0.0  0.0  0.0  0.0  0.0
  0.3  0.3  0.6  0.0  0.0  0.0  0.0 16.9  2.1  0.9  7.0 33.9  3.0  9.1 18.8
  2.4  0.9  0.6  2.4  0.6  0.6  0.0 39.3 20.6 22.1  2.4  7.3 12.1 12.1  0.0
      2.31      5.98     -4.66     -2.83      1.28  0.3  0.0  0.0  0.3  0.0
                                4000_story_1840_llm_free.txt 34.3  4.5 3153
 16.2  4.1  5.1 37.1 10.1  0.3  3.5  1.3 10.5 18.7  0.3  0.3  1.6  6.7  1.0
  0.0  0.3  3.5  8.2  0.6  2.5277.2 92.6 30.4120.8 61.5 16.2  5.7  0.0  0.3
  0.3  1.6 22.8  6.3 16.2 31.4  6.7  1.0  2.9  2.9  2.2  1.9  3.2  4.1  0.3
  4.1  3.5  1.3  3.2  4.8  6.7 16.5  8.6  1.0  0.6 59.6 82.1  1.6172.5  6.7
  0.6  0.0  0.0  0.0  0.0  0.0  0.0  0.0  0.0  0.0  0.0  0.0  0.0  0.0  0.0
  0.0  0.0  0.0  1.6  0.6  1.9  1.6  0.6  0.0  0.0  0.0  0.0  0.0  0.0  0.0
  0.3  2.9  0.6  0.3  0.0  0.0  0.6  0.0  0.0  0.6  0.3  0.3  2.5  0.3  0.0
  5.7  0.6  0.0  6.3  4.1  0.6  5.4  3.5  0.0  0.0  0.0  0.0  0.0  0.0  0.0
  0.3  0.3  0.0  0.0  0.0  0.0  0.0 15.2  4.4  0.6  5.1 28.2  7.6  2.9  9.8
  2.9  1.0  1.3  2.5  0.0  1.3  0.0 34.9 15.2 20.0  1.6  8.2 12.1  7.9  0.0
     -4.36      5.15     -4.76     -2.34      0.55  0.0  0.0  0.0  0.0  0.0
                                4000_story_1841_llm_free.txt 36.0  4.5 2982
 14.1  3.0  5.0 38.2 13.1  1.0  2.3  0.0  9.7 21.8  1.3  1.3  0.0  5.4  0.0
  0.7  1.7  3.7  8.0  0.0  2.0267.9 89.2 25.5114.7 48.6 16.1  6.4  0.0  0.7
  0.3  2.3 17.8 10.4 15.8 27.2  4.0  3.0  1.3  1.7  2.0  2.3  2.3  3.0  0.0
  7.0  4.4  1.3  2.7  4.0  8.7 17.8 10.1  1.7  1.0 70.1 71.4  1.3169.0  4.7
  0.0  0.0  0.0  0.0  0.0  0.0  0.0  0.0  0.0  0.0  0.0  0.0  0.0  0.0  0.0
  0.0  0.0  0.0  1.3  0.7  1.3  0.7  0.0  0.0  0.0  0.0  0.0  0.0  0.0  0.0
  0.0  0.3  0.3  0.3  0.0  0.0  0.0  0.0  0.0  0.0  0.0  0.3  2.7  0.7  0.0
  4.0  0.0  0.0  4.0  1.0  0.0  1.0  3.7  0.0  0.0  0.0  0.0  0.0  0.0  0.0
  0.0  0.7  0.3  0.0  0.0  0.0  0.0  4.4  1.0  0.0 12.1 32.2  6.7  4.4 10.1
  2.0  1.3  1.0  1.7  0.3  0.0  0.0 35.9 15.8 17.4  0.7  7.4 11.4  8.0  0.0
     -3.57      4.48     -5.43     -2.79      0.57  0.0  0.0  0.0  0.0  0.0
                                4000_story_1843_llm_free.txt 36.5  4.2 3968
 18.6  7.6 16.1 61.2 21.2  3.0  5.3  2.3 33.5 19.2  0.5  2.8  0.8  6.0  1.3
  1.0  2.8  7.1  7.8  1.3  1.8229.6 76.9 24.4126.8 63.5 13.9  9.8  0.3  0.8
  0.0  0.8 13.6  8.1 12.1 32.0  6.3  4.3  1.8  3.0  2.0  1.0  2.8  3.3  0.5
  3.8  6.3  1.3  3.3  6.3 13.4 20.7  7.6  4.0  1.0 56.5118.2  3.5194.6  4.3
  1.8  0.0  0.0  0.0  0.0  0.0  0.0  0.0  0.0  0.0  0.0  0.0  0.0  0.0  0.0
  0.0  0.0  0.0  3.3  0.3  4.0  1.8  0.0  0.0  0.0  0.0  0.0  0.0  0.0  0.0
  0.8  2.3  1.0  0.3  0.0  0.0  0.0  0.0  0.0  0.0  0.0  0.0  1.8  1.3  0.0
  9.3  0.0  0.0  9.3  4.3  0.0  4.3  3.0  0.0  0.0  0.0  0.0  0.0  0.0  0.0
  0.3  1.0  0.0  0.0  0.0  0.0  0.0 12.3  0.8  2.0  7.3 23.9  2.5 12.3 14.1
  3.0  0.8  1.5  2.3  0.5  0.5  0.0 39.3 16.9 24.9  3.5  8.3 14.1 11.8  0.0
     10.79      5.75     -4.96     -2.28      0.21  0.5  0.0  0.0  0.0  0.0
                                4000_story_1844_llm_free.txt 34.5  4.5 4005
 14.7  5.5  7.5 36.5  7.2  0.5  2.0  0.5  9.5 21.5  1.0  2.2  0.5  5.0  0.0
  0.5  1.0  4.7 10.7  1.0  1.2280.6 83.6 30.5122.3 59.9 12.7  8.0  0.2  0.7
  0.0  1.5 16.7  9.5 15.0 29.0  5.0  2.2  2.5  1.2  1.7  0.7  3.0  5.7  0.5
  7.0  6.7  0.7  3.0  3.0  8.7 22.5 13.2  2.0  1.0 57.9 76.7  1.5177.3  5.5
  2.0  0.0  0.0  0.0  0.0  0.0  0.0  0.0  0.0  0.0  0.0  0.0  0.0  0.0  0.0
  0.0  0.0  0.0  1.7  1.5  3.0  1.0  0.0  0.0  0.0  0.0  0.0  0.0  0.0  0.2
  0.5  1.7  0.5  0.7  0.0  0.2  0.0  0.0  0.0  0.5  0.0  0.0  1.5  0.0  0.0
  7.2  0.0  0.0  7.2  3.7  0.2  4.5  1.5  0.0  0.0  0.0  0.0  0.0  0.0  0.0
  0.0  0.7  0.0  0.0  0.0  0.0  0.0  7.7  3.2  1.2  5.5 31.5  6.7  7.2 15.0
  2.0  1.7  3.2  3.7  0.0  0.7  0.2 40.4 15.5 17.7  1.7  8.7 12.0  8.0  0.0
     -2.80      4.89     -5.55     -3.57      1.76  0.2  0.0  0.0  0.0  0.0
                                4000_story_1846_llm_free.txt 39.5  4.5 3834
 17.5  3.4  5.0 47.7 15.1  1.8  3.1  0.8 29.5 12.8  1.6  1.0  0.5  6.0  0.0
  0.5  2.1  5.7  8.6  1.6  1.3246.5 79.0 35.0126.8 68.1  5.7 11.7  0.0  0.0
  0.3  0.8 29.5 10.2 14.1 33.9  6.0  4.4  1.8  1.0  1.3  0.8  3.4  5.5  0.0
  4.4  5.0  2.1  2.9  6.5 11.5 16.4  9.9  3.7  0.3 64.2112.7  2.3185.7  5.7
  0.5  0.0  0.0  0.0  0.0  0.0  0.0  0.0  0.0  0.0  0.0  0.0  0.0  0.0  0.0
  0.0  0.0  0.0  2.1  1.0  1.8  1.6  0.0  0.0  0.0  0.0  0.0  0.0  0.0  0.5
  0.3  1.3  1.0  1.3  0.0  0.0  0.0  0.0  0.0  0.5  0.0  0.0  1.0  0.8  0.0
  6.5  0.0  0.0  6.5  4.4  0.0  5.0  1.8  0.0  0.0  0.0  0.0  0.0  0.0  0.0
  0.3  0.5  0.3  0.0  0.0  0.0  0.0 10.7  1.8  2.1  7.3 24.3  2.6  8.3 12.0
  0.8  1.6  4.7  2.3  0.0  1.8  0.0 44.1 18.3 19.3  2.9  5.0 11.2  6.5  0.0
      0.92      4.74     -5.43     -3.55      0.75  0.3  0.0  0.5  0.3  0.0
                                4000_story_1847_llm_free.txt 35.0  4.5 3378
 18.9  3.6  3.0 35.2  7.1  0.3  3.3  0.3  8.3 18.4  0.9  0.6  0.3  3.6  0.3
  0.9  1.5  3.6  8.6  0.3  2.4288.6 86.7 35.2114.9 50.6 14.2  7.4  0.0  0.9
  0.0  2.1 29.3 11.2 13.0 28.7  4.7  3.0  1.2  1.8  1.2  1.2  2.7  6.2  0.6
  7.4  7.1  1.8  3.0  5.3  7.7 20.1 14.2  1.8  0.9 65.1 66.0  0.6173.5  5.9
  0.9  0.3  0.0  0.0  0.0  0.0  0.0  0.0  0.0  0.0  0.0  0.0  0.0  0.0  0.0
  0.0  0.0  0.0  2.4  0.3  1.8  0.9  0.0  0.3  0.0  0.0  0.0  0.0  0.0  0.3
  0.0  0.6  0.6  0.0  0.0  0.0  0.0  0.0  0.0  0.3  0.0  0.0  2.1  0.0  0.0
  5.3  0.3  0.0  5.6  1.5  0.0  1.8  2.1  0.0  0.0  0.0  0.0  0.0  0.0  0.0
  0.0  0.6  0.0  0.0  0.0  0.0  0.0  8.6  4.4  1.2  7.1 27.2  6.2  5.0 12.4
  1.5  1.8  2.4  3.0  0.0  1.2  0.6 37.6 16.3 20.4  2.4  5.0 10.4  5.9  0.0
     -5.96      4.40     -4.46     -3.67      1.82  0.3  0.0  0.0  0.0  0.0
                                4000_story_1848_llm_free.txt 35.8  4.5 2806
 11.8  2.9  3.2 38.5  9.3  0.0  0.7  0.4 13.9 17.1  0.0  2.1  0.4  5.3  0.4
  0.0  0.4  3.2 11.8  0.4  0.7288.0 82.7 29.2114.4 51.0 18.2  5.0  0.0  0.0
  0.0  2.1 22.8 10.0 15.3 38.5  3.2  4.6  2.1  2.5  1.1  3.6  4.6  7.1  0.4
  2.9  4.3  1.1  2.1  4.3  8.9 22.8 10.3  0.7  0.0 62.0 74.1  0.7163.9  8.6
  1.8  0.4  0.0  0.0  0.0  0.0  0.0  0.0  0.0  0.0  0.0  0.0  0.0  0.0  0.0
  0.0  0.0  0.0  2.9  0.4  0.4  0.4  0.4  0.0  0.0  0.0  0.0  0.0  0.0  0.4
  0.0  1.1  0.4  0.0  0.0  0.0  0.0  0.0  0.0  0.0  0.4  0.4  2.5  1.1  0.0
  3.9  0.4  0.0  4.3  1.8  0.0  1.8  4.3  0.0  0.0  0.0  0.0  0.0  0.0  0.0
  0.0  0.4  0.0  0.0  0.0  0.0  0.0 14.3  3.9  0.4 11.8 25.7  6.1  5.7  7.1
  0.7  2.1  1.4  2.5  0.0  2.1  0.0 33.9 15.7 21.0  1.1  6.8 10.0 10.0  0.0
     -6.93      4.72     -6.20     -1.74      1.54  0.7  0.0  0.4  0.0  0.0
                                4000_story_1854_llm_free.txt 38.3  4.5 3509
 20.8  7.4  9.7 47.3 12.8  1.4  2.3  0.6 20.5 20.5  0.9  1.1  0.0  5.1  0.6
  0.3  2.3  5.4  6.8  0.3  2.3279.0 80.9 33.9121.4 60.1 11.7 14.5  0.6  0.9
  0.0  0.9 22.2  9.7 13.4 27.6  6.0  1.7  4.6  1.7  3.4  1.4  2.0  4.0  0.3
  4.8  3.4  0.9  2.0  3.1 10.5 14.0  9.1  2.6  1.4 62.1 93.5  1.4185.8  6.0
  1.7  0.0  0.0  0.0  0.0  0.0  0.0  0.0  0.0  0.0  0.0  0.0  0.0  0.0  0.0
  0.0  0.0  0.0  3.4  1.1  4.0  1.1  0.0  0.0  0.0  0.0  0.0  0.0  0.0  0.9
  0.6  1.1  0.3  0.6  0.0  0.0  0.0  0.0  0.0  0.6  0.0  0.0  2.0  0.9  0.0
  9.7  0.0  0.0  9.7  3.4  0.0  4.0  2.8  0.0  0.0  0.0  0.0  0.0  0.0  0.0
  0.0  0.3  0.0  0.0  0.0  0.0  0.0 13.7  3.4  0.0  7.4 31.1  5.7  8.8 16.8
  2.6  2.0  3.1  2.8  0.0  0.9  0.3 36.2 20.8 23.4  2.0 10.3 14.0  8.8  0.0
      0.29      5.88     -4.68     -1.75      0.01  0.3  0.0  0.0  0.0  0.0
                                4000_story_1855_llm_free.txt 38.5  4.5 3104
 16.8  2.9 10.3 41.9 11.0  1.3  2.9  1.0  9.7 20.6  1.0  1.9  0.0  4.5  0.3
  0.3  1.6  4.5  9.7  1.3  1.0277.4 84.1 31.9116.6 64.4 12.6  9.0  0.0  2.3
  0.0  1.6 26.7  7.1 20.0 29.0  6.8  2.6  1.9  1.3  1.6  1.0  2.3  3.2  0.3
  6.4  4.2  1.0  2.3  2.3  8.7 18.7 10.0  2.9  2.3 59.9 85.1  0.6178.2  3.9
  1.6  0.0  0.0  0.0  0.0  0.0  0.0  0.0  0.0  0.0  0.0  0.0  0.0  0.0  0.0
  0.0  0.0  0.0  1.3  0.6  1.6  1.0  0.0  0.0  0.0  0.0  0.0  0.0  0.0  1.0
  0.3  0.6  1.9  0.0  0.0  0.3  0.0  0.3  0.0  0.3  0.0  0.0  1.3  0.6  0.0
  4.5  0.0  0.0  4.5  3.9  0.6  4.8  1.9  0.0  0.0  0.0  0.0  0.0  0.0  0.0
  0.0  0.3  0.0  0.0  0.0  0.0  0.0 14.8  2.3  1.3  5.8 26.7  1.6  5.2 30.6
  1.9  0.6  1.6  4.2  0.0  0.3  0.3 41.2 15.1 20.9  1.3  7.7 11.3 12.2  0.0
     -1.92      5.06     -4.99     -3.63      0.60  0.0  0.0  0.0  0.3  0.0
                                4000_story_1856_llm_free.txt 34.0  4.5 2957
 17.6  4.4  3.7 30.4  8.1  0.3  2.0  1.4  9.1 27.1  0.7  1.0  0.3  7.4  0.7
  1.0  1.0  4.1  8.8  1.4  2.0257.4 83.2 28.1122.8 71.7 20.0  6.4  0.0  0.7
  0.0  2.4 13.5  7.1 16.6 35.2  6.1  3.7  2.0  0.7  1.4  2.7  5.7  3.7  0.0
  6.8  7.1  0.7  1.0  2.4  9.1 20.0 10.5  2.4  0.7 65.3 88.9  1.4174.2  7.1
  2.7  0.0  0.0  0.0  0.0  0.0  0.0  0.0  0.0  0.0  0.0  0.0  0.0  0.0  0.0
  0.0  0.0  0.0  1.0  0.0  3.7  0.3  0.0  0.0  0.0  0.0  0.0  0.0  0.0  0.3
  0.0  2.0  0.3  0.0  0.0  0.3  0.0  0.0  0.0  0.0  0.0  0.0  3.0  0.3  0.0
  5.1  0.0  0.0  5.1  2.7  0.3  3.0  3.4  0.0  0.0  0.0  0.0  0.0  0.0  0.0
  0.3  0.3  0.0  0.0  0.0  0.0  0.0 15.6  1.7  3.0  8.1 32.1  5.1  6.4 11.2
  2.0  2.7  1.0  3.0  0.0  0.0  0.0 38.2 12.5 25.0  0.3  9.5 12.2  8.8  0.0
     -0.26      6.52     -5.77     -3.03      2.71  0.0  0.0  0.0  0.0  0.0
                                4000_story_1857_llm_free.txt 33.5  4.5 3198
 15.9  2.8  3.8 30.3  4.4  0.9  1.9  0.9 10.6 21.6  0.0  1.3  0.9  4.7  0.0
  0.3  1.3  2.8 10.6  0.3  1.9270.2 89.4 35.6127.9 49.1 15.6  5.9  0.3  0.0
  0.3  1.9 12.8  8.4 15.9 29.7  6.9  1.6  1.3  1.9  0.9  2.8  2.8  5.9  0.3
  4.4  4.7  0.9  2.8  4.1  5.3 20.3 10.6  1.6  0.6 71.0 64.1  0.9177.6  7.2
  0.9  0.0  0.0  0.0  0.0  0.0  0.0  0.0  0.0  0.0  0.0  0.0  0.0  0.0  0.0
  0.0  0.0  0.0  0.6  0.9  1.9  0.9  0.0  0.0  0.0  0.0  0.0  0.0  0.0  0.3
  0.3  0.6  1.3  0.6  0.0  0.0  0.0  0.0  0.0  0.0  0.0  0.0  1.9  0.3  0.0
  4.4  0.0  0.0  4.4  3.1  0.0  3.1  2.2  0.0  0.0  0.0  0.0  0.0  0.0  0.0
  0.0  0.6  0.0  0.0  0.0  0.0  0.0 12.2  0.6  0.3  4.7 36.0  2.2  7.2  5.6
  0.9  0.9  2.5  4.4  0.0  1.6  0.3 36.0 11.6 20.0  1.6  7.8 10.9  8.8  0.0
     -5.24      4.77     -5.76     -3.40      0.69  0.6  0.0  0.0  0.0  0.0
                                4000_story_1860_llm_free.txt 37.3  4.6 3302
 12.4  2.7 10.9 36.6  9.7  0.3  2.7  0.3  7.6 26.3  1.2  0.6  0.3  4.8  0.0
  0.6  0.3  3.6 10.3  0.0  1.8279.2 89.0 30.9111.4 48.5 16.7  5.5  0.3  0.6
  0.0  2.7 20.9  8.2 19.1 28.8  4.2  5.5  1.2  1.5  1.2  0.9  1.8  4.2  0.6
  3.9  3.3  1.2  2.1  4.2 10.3 18.5  8.8  0.3  0.9 65.4 65.7  0.9166.6  5.8
  0.3  0.0  0.0  0.0  0.0  0.0  0.0  0.0  0.0  0.0  0.0  0.0  0.0  0.0  0.0
  0.0  0.0  0.0  0.6  0.0  3.0  0.9  0.0  0.0  0.0  0.0  0.0  0.0  0.0  0.3
  0.3  1.2  0.3  0.6  0.0  0.0  0.0  0.0  0.0  0.0  0.3  0.0  2.1  0.3  0.0
  4.5  0.0  0.0  4.5  2.7  0.0  2.7  2.7  0.0  0.0  0.0  0.0  0.0  0.0  0.0
  0.6  0.6  0.0  0.0  0.0  0.0  0.0 11.2  1.8  0.6  8.2 31.2  5.1  6.7  9.4
  1.2  2.1  1.2  2.7  0.0  0.9  0.3 43.0 10.6 16.7  0.9  6.4 10.3  7.0  0.0
     -6.53      4.30     -5.67     -3.29     -0.11  0.0  0.0  0.0  0.0  0.0
                                4000_story_1863_llm_free.txt 34.0  4.4 3197
 21.9  5.3  8.4 48.8 17.2  1.6  2.8  1.6 16.3 17.5  1.3  1.9  0.6  5.3  0.6
  0.3  2.2  8.4  9.1  0.9  0.3262.4 77.6 26.9115.1 68.8 12.2  7.8  0.0  1.9
  0.0  1.3 18.1  7.5 12.8 31.0  5.6  4.1  3.8  3.8  1.3  1.9  2.5  5.6  0.0
  3.4  5.3  1.6  0.9  3.8 13.8 21.3  9.1  3.1  1.9 58.8102.3  1.3178.0  5.0
  1.3  0.0  0.0  0.0  0.0  0.0  0.0  0.0  0.0  0.0  0.0  0.0  0.0  0.0  0.0
  0.0  0.0  0.0  1.6  1.3  3.8  1.3  0.0  0.0  0.0  0.0  0.0  0.0  0.0  0.3
  0.3  1.3  0.6  0.0  0.0  0.0  0.0  0.0  0.0  0.3  0.0  0.0  4.1  1.3  0.0
  7.8  0.0  0.0  7.8  2.5  0.0  2.8  5.3  0.0  0.0  0.0  0.0  0.0  0.0  0.0
  0.6  0.0  0.0  0.0  0.0  0.0  0.0 19.1  3.1  5.0  7.8 24.1  7.8  4.7  9.7
  2.2  1.6  0.9  1.9  0.0  0.9  0.0 46.9 16.6 23.5  2.5  7.2 11.3  8.4  0.0
      3.22      4.91     -4.04     -1.37     -0.10  0.0  0.0  0.0  0.0  0.0
                                4000_story_1864_llm_free.txt 39.5  4.6 3183
 14.8  2.5  5.0 23.2  7.9  0.0  1.6  0.9  8.2 16.0  0.0  0.0  0.3  4.7  0.9
  0.6  1.3  3.1  9.1  0.3  1.6268.9 88.3 39.6125.0 66.9 11.0  5.3  0.0  0.6
  0.0  3.1 17.9  7.9 24.2 27.0  3.8  3.5  0.9  0.6  0.3  1.3  2.5  5.0  0.0
 10.7  6.3  2.5  1.9  4.4  6.9 19.2 15.7  1.6  0.6 71.6 82.9  1.6173.7  6.6
  1.3  0.0  0.0  0.0  0.0  0.0  0.0  0.0  0.0  0.0  0.0  0.0  0.0  0.0  0.0
  0.0  0.0  0.0  1.9  0.0  2.5  0.9  0.0  0.0  0.0  0.0  0.0  0.0  0.0  0.3
  0.0  0.0  0.0  0.3  0.0  0.0  0.0  0.0  0.0  0.0  0.0  0.3  2.5  0.3  0.0
  5.3  0.0  0.0  5.3  0.6  0.0  0.6  3.1  0.0  0.0  0.0  0.0  0.0  0.0  0.0
  0.6  0.3  0.0  0.0  0.0  0.0  0.0  7.5  1.9  0.9 10.7 33.0  9.4  5.7  6.3
  0.6  2.8  0.9  5.7  0.0  0.6  0.0 34.6 15.4 15.4  1.9 11.9 11.9  9.4  0.0
     -7.36      4.46     -7.20     -4.54      2.15  0.0  0.0  0.0  0.3  0.3
                                4000_story_1879_llm_free.txt 36.0  4.5 3445
 16.0  6.1  6.1 41.8 12.5  0.3  3.8  0.6 14.2 22.4  1.2  1.2  0.0  6.4  0.0
  0.9  1.5  3.5  9.3  0.9  2.3261.2 86.5 32.2124.2 59.5 12.5 13.9  0.3  0.9
  0.0  1.5 22.1  6.7 12.8 34.5  6.1  4.6  2.6  2.3  1.7  1.7  3.8  4.4  0.3
  2.9  4.9  2.0  3.2  4.1  9.9 19.2  7.5  2.3  1.2 66.2 86.2  1.2180.3  5.8
  2.3  0.0  0.0  0.0  0.0  0.0  0.0  0.0  0.0  0.0  0.0  0.0  0.0  0.0  0.0
  0.0  0.0  0.0  3.5  0.6  2.9  1.2  0.0  0.0  0.0  0.0  0.3  0.0  0.0  0.0
  0.6  0.9  0.9  0.0  0.0  0.0  0.0  0.3  0.0  0.3  0.0  0.0  4.1  0.9  0.0
  8.1  0.0  0.3  8.4  2.3  0.3  2.9  4.9  0.0  0.0  0.0  0.0  0.0  0.0  0.0
  0.0  0.6  0.0  0.0  0.0  0.0  0.0  9.9  2.0  0.3  7.3 22.4  6.4  6.4  8.4
  2.6  0.9  3.8  1.7  0.6  0.3  0.6 33.4 22.9 24.1  2.0  7.3 10.7 10.2  0.0
     -0.79      5.98     -3.98     -2.08      0.55  0.0  0.0  0.0  0.0  0.0
                                4000_story_1886_llm_free.txt 35.0  4.5 3114
 17.7  4.5  2.9 41.4 12.5  0.6  1.9  1.3 13.2 20.2  0.0  1.3  0.3  4.8  1.3
  0.6  1.0  4.2 12.2  1.6  0.6250.2 82.2 29.9119.1 62.6 16.1  7.4  0.0  1.6
  0.3  1.9 24.4  9.0 12.8 31.1  7.4  4.2  2.2  0.6  1.6  4.2  3.5  7.4  0.6
  5.1  7.1  1.9  4.2  3.2 10.0 23.1 13.2  2.6  1.9 62.0 88.3  2.6176.0  3.9
  1.6  0.3  0.0  0.0  0.0  0.0  0.0  0.0  0.0  0.0  0.0  0.0  0.0  0.0  0.0
  0.0  0.0  0.0  2.2  0.0  3.9  1.6  0.6  0.0  0.0  0.0  0.0  0.0  0.0  0.3
  1.3  0.3  2.6  0.3  0.0  0.0  0.3  0.0  0.0  0.0  0.0  0.0  4.2  0.3  0.0
  7.7  0.6  0.0  8.3  4.8  0.3  5.1  4.5  0.0  0.0  0.0  0.0  0.0  0.0  0.0
  0.0  0.0  0.0  0.0  0.0  0.0  0.0 11.9  4.2  2.2  7.4 31.8  3.2  3.9 15.7
  0.6  3.5  1.9  2.9  0.0  0.6  0.0 33.1 16.4 23.4  2.2  9.3 13.2 11.2  0.0
     -0.78      5.43     -3.64     -2.16      1.85  0.3  0.0  0.0  0.0  0.0
                                4000_story_1894_llm_free.txt 36.5  4.4 3441
 13.7  5.2  4.4 48.0  9.0  0.9  2.6  0.9 12.5 21.2  0.0  1.2  0.6  6.7  2.0
  0.6  1.2  4.4 10.8  0.0  1.7262.7 83.4 25.9116.2 67.7 13.9 11.6  0.3  0.3
  0.0  0.6 25.6  9.0  8.4 32.5  8.4  2.0  2.6  1.5  0.6  1.5  3.8  4.9  0.9
  5.2  4.4  1.5  2.3  4.4  7.0 18.3 11.0  1.2  0.6 50.0 89.2  1.2182.5  6.4
  0.9  0.0  0.0  0.0  0.0  0.0  0.0  0.0  0.0  0.0  0.0  0.0  0.0  0.0  0.0
  0.0  0.0  0.0  3.8  0.0  2.3  1.5  0.0  0.0  0.0  0.0  0.0  0.0  0.0  0.3
  0.6  1.7  1.2  0.6  0.0  0.0  0.0  0.0  0.0  0.0  0.0  0.0  1.2  0.6  0.0
  7.6  0.0  0.0  7.6  4.4  0.0  4.4  1.7  0.0  0.0  0.0  0.0  0.0  0.0  0.0
  0.0  0.6  0.0  0.0  0.0  0.0  0.3 11.6  4.9  1.2  8.7 27.3  0.9 14.8 10.2
  4.4  0.3  0.9  1.5  0.0  1.7  0.0 36.6 20.3 19.5  3.2  7.0  8.7 12.8  0.0
     -0.31      5.94     -3.62     -3.76      1.84  0.9  0.0  0.0  0.3  0.0
                                4000_story_1911_llm_free.txt 36.8  4.5 3562
 14.0  2.2  4.2 41.8  8.4  0.6  1.7  0.0  9.8 21.9  0.3  0.6  0.0  4.2  0.3
  1.1  1.4  3.1 12.1  0.8  2.2279.6 93.5 32.0114.3 46.3 11.5  7.9  0.6  1.1
  0.3  0.8 22.2  7.6 13.5 27.2  5.3  6.7  2.8  1.4  2.0  1.7  2.2  7.3  0.8
  5.1  5.1  0.3  3.1  3.1 11.8 19.9 13.2  2.2  2.0 60.9 64.6  2.0173.2  7.0
  0.6  0.0  0.0  0.0  0.0  0.0  0.0  0.0  0.0  0.0  0.0  0.0  0.0  0.0  0.0
  0.0  0.0  0.0  0.8  0.0  2.2  0.8  0.0  0.0  0.0  0.0  0.0  0.0  0.0  0.6
  1.1  0.8  0.8  0.3  0.0  0.0  0.0  0.0  0.0  0.6  0.0  0.3  1.4  0.6  0.0
  3.9  0.0  0.0  3.9  3.6  0.0  4.2  2.2  0.0  0.0  0.0  0.0  0.0  0.0  0.0
  0.0  0.0  0.0  0.0  0.0  0.0  0.0  9.8  2.5  0.6  4.8 36.8  3.1  4.8  9.0
  1.1  1.4  2.5  2.0  0.6  0.6  0.8 41.5 15.2 16.0  2.8  7.6  9.8  8.4  0.0
     -4.75      3.76     -3.70     -1.85      1.16  0.0  0.0  0.3  0.0  0.0
                                4000_story_1914_llm_free.txt 38.3  4.5 2932
 17.7  4.4  7.2 33.4  6.8  1.7  2.0  2.0 11.6 16.7  1.0  1.7  0.3  5.1  1.4
  0.3  0.7  4.4 11.3  2.0  0.7290.6 88.7 29.3124.1 66.2 11.6 10.9  0.0  0.0
  0.3  1.0 19.1  9.2 22.5 27.6  3.1  1.7  1.7  0.3  1.0  1.4  5.5  3.4  0.7
  6.8  3.1  1.0  2.7  3.1  7.2 17.4 10.9  2.7  0.3 55.3 84.6  2.0173.3  7.8
  1.7  0.0  0.0  0.0  0.0  0.0  0.0  0.0  0.0  0.0  0.0  0.0  0.0  0.0  0.0
  0.0  0.0  0.0  2.4  0.0  1.7  1.4  0.0  0.0  0.0  0.0  0.0  0.0  0.0  0.3
  0.3  0.7  0.3  0.0  0.0  0.0  0.0  0.0  0.0  0.0  0.0  0.0  1.7  2.4  0.0
  5.5  0.0  0.0  5.5  1.7  0.0  1.7  4.1  0.0  0.0  0.0  0.0  0.0  0.0  0.0
  0.3  0.7  0.0  0.0  0.0  0.0  0.0  8.2  1.4  0.7  9.5 32.4  1.4  6.1 17.7
  4.1  1.0  2.7  3.8  0.3  2.0  0.3 32.1 23.2 20.8  2.4  8.9 15.3  7.5  0.0
     -2.36      5.55     -7.83     -4.46      3.03  0.0  0.0  0.3  0.0  0.0
                                4000_story_1915_llm_free.txt 34.0  4.5 3243
 15.7  4.3  4.6 31.8  8.3  0.9  0.6  1.2 11.7 18.5  0.6  0.9  1.2  3.7  0.3
  0.6  0.9  0.9 11.7  0.3  2.2269.5 92.2 33.9128.6 59.5 14.5 10.5  0.0  1.5
  0.3  2.5 19.1  9.3 13.0 35.2  4.3  1.2  1.5  1.2  1.5  2.8  3.1  3.4  0.6
  5.9  4.0  0.6  1.5  4.3  3.7 20.4  9.9  1.2  1.9 71.5 79.6  0.9181.9  5.6
  0.3  0.0  0.0  0.0  0.0  0.0  0.0  0.0  0.0  0.0  0.0  0.0  0.0  0.0  0.0
  0.0  0.0  0.0  2.8  0.0  2.2  0.0  0.0  0.0  0.0  0.0  0.0  0.0  0.0  0.0
  0.3  1.2  0.0  0.0  0.0  0.3  0.0  0.0  0.0  0.0  0.0  0.0  2.2  1.2  0.0
  4.9  0.0  0.0  4.9  1.5  0.3  1.9  3.4  0.0  0.0  0.0  0.0  0.0  0.0  0.0
  0.0  0.3  0.0  0.0  0.0  0.0  0.3 12.6  0.9  0.3  5.6 33.3  4.6  8.0 10.5
  2.5  1.2  1.9  4.0  0.3  1.9  0.3 37.6 17.0 19.4  1.2  7.1 12.0  8.6  0.0
     -6.03      5.88     -4.18     -3.41      1.18  0.0  0.0  0.6  0.0  0.3
                                4000_story_1921_llm_free.txt 36.3  4.5 3215
 17.4  6.2  5.9 48.2  8.7  0.3  2.2  0.9 16.8 19.3  0.3  1.6  0.6  4.4  0.3
  0.0  1.9  5.6  9.6  1.2  0.3270.9 73.7 24.0113.2 57.9 12.4 11.5  0.6  0.9
  0.0  1.6 27.7  8.1  9.3 28.0  7.8  4.0  3.7  2.2  3.1  1.6  2.8  7.2  0.0
  5.6  3.4  1.2  5.3  3.4 12.8 18.4 12.8  3.1  1.6 59.1 83.4  0.6178.2  5.3
  2.2  0.0  0.0  0.0  0.0  0.0  0.0  0.0  0.0  0.0  0.0  0.0  0.0  0.0  0.0
  0.0  0.0  0.0  2.8  0.0  3.4  1.9  0.0  0.3  0.0  0.0  0.0  0.0  0.0  0.6
  0.0  0.9  0.9  1.2  0.0  0.0  0.0  0.3  0.0  0.3  0.0  0.0  1.9  1.2  0.0
  8.1  0.3  0.0  8.4  3.7  0.3  4.4  3.1  0.0  0.0  0.0  0.0  0.0  0.0  0.0
  0.0  0.3  0.0  0.0  0.0  0.0  0.0 10.9  3.4  0.9 10.9 32.7  4.7 13.1  9.6
  2.8  0.6  0.9  1.6  0.3  0.6  0.3 34.2 21.8 22.1  1.2  7.2 10.3 10.0  0.0
     -0.46      5.09     -2.34     -1.35      1.01  0.3  0.0  0.0  0.0  0.0
                                4000_story_1930_llm_free.txt 37.8  4.5 3370
 16.3  4.5  8.3 48.7 10.4  0.9  2.4  0.6 17.5 22.6  1.2  0.6  0.6  3.9  0.9
  0.3  0.0  5.0 12.5  1.8  0.9261.4 83.7 37.1111.0 54.0 12.2 11.9  0.3  0.0
  0.0  0.9 24.3 10.7 13.4 31.5  5.3  6.8  2.7  1.5  2.1  1.5  3.9  6.5  0.0
  3.9  5.0  2.4  2.4  3.9 13.9 20.5 10.4  1.8  0.3 68.8 81.9  2.7176.0  8.3
  0.6  0.0  0.0  0.0  0.0  0.0  0.0  0.0  0.0  0.0  0.0  0.0  0.0  0.0  0.0
  0.0  0.0  0.0  2.1  1.8  2.1  1.2  0.3  0.0  0.0  0.0  0.3  0.0  0.0  0.6
  0.0  0.9  0.6  0.6  0.0  0.0  0.3  0.0  0.0  0.3  0.0  0.0  2.7  1.5  0.0
  7.1  0.3  0.3  7.7  2.7  0.3  3.3  4.2  0.0  0.0  0.0  0.0  0.0  0.0  0.0
  0.0  0.3  0.0  0.0  0.0  0.0  0.0  4.7  2.7  1.8  7.1 28.5  4.7  5.0 17.8
  1.5  1.2  1.8  2.1  0.0  1.2  0.3 34.1 19.9 20.8  1.8 10.1 12.8  5.3  0.0
     -3.04      4.86     -5.60     -1.86      1.02  0.3  0.0  0.0  0.0  0.0
                                4000_story_1932_llm_free.txt 32.3  4.5 3464
 18.8  6.1  6.6 41.3 13.3  1.4  1.2  0.0 10.4 14.7  0.3  2.3  0.3  5.8  0.9
  1.2  2.6  2.9  8.4  2.0  0.6281.5 77.9 35.2131.1 71.6 13.6 12.1  0.9  0.6
  0.0  0.9 21.9  7.5 16.2 29.2  4.3  2.0  2.9  0.6  2.9  3.5  4.3  4.0  0.6
  4.9  4.9  0.3  2.6  2.9  7.8 17.0  9.5  4.6  1.4 56.3 95.3  2.0185.9  6.1
  1.2  0.3  0.0  0.0  0.0  0.0  0.0  0.0  0.0  0.0  0.0  0.0  0.0  0.0  0.0
  0.0  0.0  0.0  2.6  0.3  3.8  0.3  0.3  0.0  0.0  0.0  0.0  0.0  0.0  0.0
  0.0  1.7  0.6  0.3  0.0  0.0  0.0  0.0  0.0  0.3  0.0  0.0  1.4  0.6  0.0
  6.9  0.3  0.0  7.2  2.6  0.0  2.9  2.0  0.0  0.0  0.0  0.0  0.0  0.0  0.0
  0.0  0.0  0.0  0.0  0.0  0.0  0.0 15.6  1.4  2.9 10.1 21.1  1.7  2.9 20.2
  6.1  0.0  2.0  6.6  0.0  1.4  0.0 32.9 21.9 23.4  1.7  9.8 12.7 11.3  0.0
      0.73      6.62     -4.94     -2.17      1.72  0.9  0.0  0.0  0.0  0.0
                                4000_story_1934_llm_free.txt 35.8  4.7 3305
 15.4  4.5  4.2 41.5 12.7  1.5  3.6  0.9  9.7 17.5  0.3  0.9  0.3  1.8  0.3
  0.3  1.5  2.7  7.3  1.8  0.6278.1 92.3 38.7116.2 54.8 10.9  8.5  0.6  0.9
  0.0  0.6 30.0  7.3 14.2 26.0  8.5  4.5  2.4  0.9  1.8  0.9  2.4  7.3  0.3
  7.9  7.0  0.9  0.6  3.9  9.1 16.6 15.4  3.3  1.5 69.9 77.2  1.8177.9  5.4
  1.8  0.0  0.0  0.0  0.0  0.0  0.0  0.0  0.0  0.0  0.0  0.0  0.0  0.0  0.0
  0.0  0.0  0.0  1.5  1.2  3.3  0.0  0.0  0.0  0.0  0.0  0.0  0.0  0.0  0.0
  1.2  1.2  1.5  0.3  0.0  0.0  0.0  0.0  0.0  0.0  0.3  0.0  1.5  0.0  0.0
  6.1  0.0  0.0  6.1  4.2  0.0  4.2  1.8  0.0  0.0  0.0  0.0  0.0  0.0  0.0
  0.0  0.9  0.0  0.0  0.0  0.0  0.0 10.9  2.1  0.9  4.8 39.6  4.5  6.1 20.3
  3.0  0.3  1.8  2.7  0.0  1.2  0.0 37.8 11.2 21.5  1.8 10.6  8.8  9.1  0.0
     -5.93      4.19     -3.65     -3.10      1.76  0.3  0.0  0.6  0.0  0.0
                                4000_story_1943_llm_free.txt 38.0  4.5 3057
 14.7  3.6  3.9 20.9  7.5  0.0  0.7  1.3  9.5 19.0  1.3  0.7  0.7  4.9  0.3
  0.3  0.7  3.9  7.2  1.0  1.3276.4 86.0 27.2129.5 48.7 16.4 10.5  0.0  1.3
  0.0  2.6 24.5  6.2 12.1 32.7  6.2  2.6  1.6  1.3  1.6  1.0  2.6  7.9  0.0
  3.6  7.5  2.0  2.0  3.6  8.2 19.3 11.4  1.6  1.3 62.5 65.8  1.3167.5  8.8
  1.6  0.0  0.0  0.0  0.0  0.0  0.0  0.0  0.0  0.0  0.0  0.0  0.0  0.0  0.0
  0.0  0.0  0.0  1.3  0.3  3.3  0.3  0.0  0.0  0.0  0.0  0.0  0.0  0.0  0.0
  0.0  2.3  0.0  0.3  0.0  0.3  0.0  0.0  0.0  0.0  0.0  0.0  1.3  0.3  0.0
  5.2  0.0  0.0  5.2  2.6  0.3  2.9  1.6  0.0  0.0  0.0  0.0  0.0  0.0  0.0
  0.0  0.3  0.0  0.0  0.0  0.0  0.0  7.5  2.0  0.0  7.9 26.8  7.2  7.2 10.8
  1.0  1.6  2.0  4.3  0.0  1.0  0.0 44.5 15.0 20.3  1.3  5.2 12.8 10.8  0.0
     -6.69      5.78     -2.89     -3.69      0.36  0.0  0.0  0.0  0.0  0.0
                                4000_story_1952_llm_free.txt 36.3  4.5 2834
 12.7  2.5  9.5 41.6  8.1  0.4  2.5  0.7 11.6 18.7  0.7  1.1  0.4  4.6  0.0
  0.4  1.8  3.9  5.6  0.7  2.5285.8 96.0 39.5109.0 46.6 17.3  9.2  0.0  0.0
  0.4  0.4 24.3  7.1 17.3 24.7  4.2  4.9  2.1  1.8  1.8  1.4  1.8  4.9  0.7
  6.4  5.3  1.4  1.8  4.9 10.6 14.1 12.0  2.5  0.4 73.4 66.3  2.1165.1  6.4
  1.4  0.0  0.0  0.0  0.0  0.0  0.0  0.0  0.0  0.0  0.0  0.0  0.0  0.0  0.0
  0.0  0.0  0.0  0.7  1.1  2.1  0.4  0.4  0.0  0.0  0.0  0.0  0.0  0.0  0.0
  0.7  0.7  0.0  0.4  0.0  0.0  0.4  0.0  0.0  0.0  0.0  0.0  1.4  0.4  0.0
  4.2  0.4  0.0  4.6  1.8  0.4  2.1  1.8  0.0  0.0  0.0  0.0  0.0  0.0  0.0
  0.7  0.0  0.0  0.0  0.0  0.0  0.0  3.5  1.1  0.0  3.9 33.5  4.2  8.8 13.1
  2.1  1.1  1.4  3.2  0.7  1.4  0.0 30.7 15.2 17.3  0.4  8.1 14.5  9.2  0.0
     -5.82      4.95     -5.39     -2.54      0.82  0.4  0.4  0.0  0.0  0.0
                                4000_story_1999_llm_free.txt 35.0  4.5 3218
 15.8  5.3  3.4 28.9  6.2  0.3  1.6  1.2  9.0 14.6  0.0  0.6  0.6  4.7  0.6
  0.3  0.3  2.5  7.5  1.6  1.6285.9 95.1 24.5121.5 63.7 13.1  7.5  0.3  0.3
  0.0  3.4 19.6  7.5 17.7 28.9  3.4  1.2  1.6  0.6  0.9  1.2  3.1  5.3  0.3
  4.7  4.4  0.6  1.9  2.8  4.7 16.5 10.3  1.9  0.6 63.4 78.9  2.5166.6  5.6
  1.2  0.0  0.0  0.0  0.0  0.0  0.0  0.0  0.0  0.0  0.0  0.0  0.0  0.0  0.0
  0.0  0.0  0.0  0.6  0.3  5.0  0.3  0.0  0.0  0.0  0.0  0.0  0.0  0.0  0.3
  0.0  0.6  0.9  0.3  0.0  0.0  0.0  0.0  0.0  0.0  0.0  0.0  2.5  0.0  0.0
  6.2  0.0  0.0  6.2  2.2  0.0  2.2  2.5  0.0  0.0  0.0  0.0  0.0  0.0  0.0
  0.0  0.3  0.0  0.0  0.0  0.0  0.0 10.9  2.5  1.6  6.5 34.2  7.5  5.3  9.6
  0.0  1.2  0.3  2.8  0.0  0.6  0.0 33.6 15.5 17.1  2.2  5.9  9.3  7.5  0.0
     -7.14      4.99     -5.05     -4.58      0.86  0.0  0.0  0.0  0.0  0.0
                                4000_story_2016_llm_free.txt 36.0  4.4 3462
 13.6  2.6  5.5 40.4 11.8  1.2  1.4  0.3 14.2 17.3  0.9  1.2  0.3  4.3  0.6
  0.3  2.0  6.1  6.6  0.9  0.9266.0 83.5 28.3124.2 72.2 10.4 10.7  0.6  0.3
  0.0  1.4 18.2  7.5 12.1 31.5  6.4  4.6  3.5  1.2  1.4  1.7  2.0  4.9  0.3
  4.0  6.6  0.9  2.6  4.0 12.1 17.0  9.2  2.9  0.9 65.3 98.2  2.3185.7  9.0
  0.9  0.3  0.0  0.0  0.0  0.0  0.0  0.0  0.0  0.0  0.0  0.0  0.0  0.0  0.0
  0.0  0.0  0.0  1.2  0.9  1.2  1.2  0.3  0.0  0.0  0.0  0.0  0.0  0.0  0.0
  0.0  0.9  0.6  0.0  0.0  0.0  0.0  0.0  0.0  1.2  0.0  0.0  3.5  0.6  0.0
  4.3  0.3  0.0  4.6  1.4  0.0  2.6  4.0  0.0  0.0  0.0  0.0  0.0  0.0  0.0
  0.0  0.3  0.3  0.0  0.0  0.0  0.0 17.9  0.3  2.6  6.9 24.6  4.6 13.6 13.6
  1.4  0.9  2.6  2.3  0.3  1.2  0.0 39.0 18.2 18.8  1.2  8.7 12.7 11.0  0.0
     -2.81      5.55     -4.25     -2.48     -0.09  0.3  0.0  0.0  0.0  0.0
                                4000_story_2017_llm_free.txt 36.3  4.2 3979
 15.6  7.8  4.0 54.5 17.1  0.8  4.3  1.0 22.4 21.6  2.8  1.8  1.5  5.3  0.3
  0.0  1.0  9.3  8.8  2.0  3.0229.7 80.2 21.1115.1 74.6 15.3  9.8  0.5  0.8
  0.0  2.0 12.6  9.6 11.3 34.2  8.5 10.3  0.8  3.3  2.3  1.0  3.0  3.5  0.3
  3.5  5.3  1.0  3.5  3.8 21.9 21.1  7.3  3.0  1.3 47.5114.1  2.8183.5  5.3
  1.0  0.0  0.0  0.0  0.0  0.0  0.0  0.0  0.0  0.0  0.0  0.0  0.0  0.0  0.0
  0.0  0.0  0.0  5.5  0.8  2.3  0.8  0.0  0.0  0.0  0.0  0.0  0.0  0.0  0.5
  0.3  2.5  1.3  0.5  0.0  0.5  0.0  0.0  0.0  0.0  0.0  0.0  2.5  0.5  0.0
  9.3  0.0  0.0  9.3  5.0  0.5  5.5  3.0  0.0  0.0  0.0  0.0  0.0  0.0  0.0
  0.0  0.8  0.0  0.0  0.0  0.0  0.0 12.8  1.5  1.5  6.8 23.9  5.0 16.3  6.3
  3.8  1.0  0.3  2.3  0.5  0.5  0.0 40.7 17.3 22.6  2.0  5.5 12.8  9.0  0.0
      5.86      6.14     -4.73     -0.94      0.12  0.0  0.0  0.0  0.0  0.0
                                4000_story_2019_llm_free.txt 34.5  4.6 3419
 12.6  4.1  4.7 30.7  7.0  0.3  2.0  1.2  9.4 20.8  0.0  0.9  0.3  7.3  0.9
  0.0  1.2  5.6 13.2  0.3  1.2291.6 87.5 32.8113.8 34.5 12.6 11.4  0.6  0.6
  0.0  1.5 27.2 10.2 14.6 31.0  7.3  2.0  2.6  2.0  1.2  0.9  2.9  5.8  0.6
  6.4  6.1  1.2  2.0  3.5  8.8 23.7 12.9  1.5  1.2 65.5 50.9  0.6163.8  5.3
  1.2  0.0  0.0  0.0  0.0  0.0  0.0  0.0  0.0  0.0  0.0  0.0  0.0  0.0  0.0
  0.0  0.0  0.0  2.0  0.0  2.3  1.8  0.0  0.0  0.0  0.0  0.0  0.0  0.0  0.3
  0.6  0.9  0.9  0.3  0.0  0.3  0.0  0.0  0.0  0.3  0.0  0.0  1.2  0.9  0.0
  6.1  0.0  0.0  6.1  2.9  0.3  3.5  2.0  0.0  0.0  0.0  0.0  0.0  0.0  0.0
  0.0  0.6  0.0  0.0  0.0  0.0  0.0  9.9  3.8  0.9  6.1 25.4  4.7  4.4  7.6
  1.5  2.3  4.4  3.2  0.0  2.0  0.3 35.1 17.8 16.1  1.2  7.3 11.1  7.6  0.0
     -3.71      4.08     -4.95     -3.43      1.61  0.3  0.0  0.0  0.0  0.0
                                4000_story_2020_llm_free.txt 38.5  4.4 3835
 20.1  6.3 10.2 48.5 11.5  0.5  4.4  1.6 16.2 19.6  0.3  2.3  0.5  7.8  0.5
  0.5  2.3  5.2  8.1  1.0  3.7239.6 86.3 27.6115.0 70.4 13.8  8.3  0.3  1.3
  0.0  2.9 19.0  8.3 14.6 29.2  5.2  5.5  2.9  2.1  1.0  2.3  2.3  3.7  0.3
  5.7  5.2  1.0  3.9  3.1 11.7 20.6  9.6  3.4  1.6 58.1 98.0  1.8183.1  7.6
  1.8  0.0  0.0  0.0  0.0  0.0  0.0  0.0  0.0  0.0  0.0  0.0  0.0  0.0  0.0
  0.0  0.0  0.0  2.1  1.0  2.3  2.3  0.0  0.0  0.0  0.0  0.0  0.0  0.0  0.0
  0.5  1.6  0.8  0.5  0.0  0.3  0.0  0.0  0.0  0.0  0.0  0.0  2.9  1.6  0.0
  7.8  0.0  0.0  7.8  3.4  0.3  3.7  4.4  0.0  0.0  0.0  0.0  0.0  0.0  0.0
  0.3  0.5  0.0  0.0  0.0  0.3  0.0 14.3  1.6  4.4  8.1 31.3  1.3  6.3 14.9
  2.6  1.6  2.1  2.6  0.5  1.3  0.3 36.5 16.9 27.4  3.4  7.3 13.8  6.0  0.0
      5.36      5.39     -4.18     -1.99      0.44  0.8  0.0  0.3  0.0  0.0
                                4000_story_2025_llm_free.txt 36.0  4.6 3319
 13.0  2.7  6.9 29.5  5.1  0.6  2.7  0.3  4.8 19.0  0.6  1.2  0.0  6.9  0.3
  0.6  1.8  3.6  8.1  0.9  1.8278.1 95.5 35.6115.4 46.1  9.3  8.7  0.0  0.9
  0.0  2.7 23.2  9.0 15.7 25.9  6.0  2.1  1.2  1.2  1.2  1.8  1.5  4.5  0.6
  5.4  6.9  0.6  1.5  4.2  6.9 20.2 10.5  2.7  0.9 83.5 56.0  1.5162.7  6.9
  0.9  0.0  0.0  0.0  0.0  0.0  0.0  0.0  0.0  0.0  0.0  0.0  0.0  0.0  0.0
  0.0  0.0  0.0  1.5  0.3  0.6  0.6  0.3  0.0  0.0  0.0  0.0  0.0  0.0  0.0
  0.0  0.9  0.6  0.0  0.0  0.0  0.3  0.3  0.0  0.0  0.0  0.0  1.2  0.6  0.0
  3.0  0.3  0.0  3.3  1.5  0.6  2.1  1.8  0.0  0.0  0.0  0.0  0.0  0.0  0.0
  0.0  0.6  0.0  0.0  0.3  0.0  0.0  3.6  2.1  0.9  7.8 24.4  5.4  3.0 16.6
  1.8  2.7  2.4  4.8  0.3  0.6  0.0 37.4 14.2 15.1  0.9  9.6 10.2  8.7  0.0
     -4.39      3.53     -4.62     -3.87      0.21  0.0  0.3  0.0  0.0  0.0
                                4000_story_2026_llm_free.txt 36.5  4.4 3139
 21.0  5.7  6.1 42.4 10.5  2.5  2.2  0.3 17.5 15.9  0.6  1.9  0.3  3.5  0.3
  0.3  1.3  3.8  9.6  0.3  1.0265.4 83.8 35.4131.6 69.4 13.7 10.2  0.0  1.0
  0.3  2.5 22.6  8.6 15.9 28.4  7.0  1.6  1.9  1.3  1.6  1.6  3.2  6.4  0.6
  5.4  6.1  1.6  2.5  3.5  7.0 21.3 12.4  1.6  1.3 60.2 97.5  1.6187.6  7.3
  2.2  0.0  0.0  0.0  0.0  0.0  0.0  0.0  0.0  0.0  0.0  0.0  0.0  0.0  0.0
  0.0  0.0  0.0  2.9  0.0  3.2  1.0  0.0  0.0  0.0  0.0  0.0  0.0  0.0  0.3
  0.0  1.3  1.0  0.0  0.0  0.0  0.0  0.0  0.0  0.0  0.0  0.0  1.3  0.6  0.0
  7.0  0.0  0.0  7.0  2.5  0.0  2.5  1.9  0.0  0.0  0.0  0.0  0.0  0.0  0.0
  0.0  0.3  0.0  0.0  0.0  0.0  0.0 23.9  2.2  1.6  6.4 24.5  2.9  2.9 15.9
  6.7  3.8  1.0  3.8  0.0  0.3  0.0 37.9 19.4 23.9  1.3  9.2 12.4  8.3  0.0
     -3.14      6.21     -4.50     -3.63      1.57  0.3  0.0  0.0  0.0  0.0
                                4000_story_2027_llm_free.txt 36.8  4.4 3861
 15.8  6.2  9.6 45.1 14.0  0.3  4.1  1.0 17.4 17.1  0.0  1.0  0.5  6.7  0.5
  0.3  1.6  4.9  8.5  0.8  2.6263.4 83.7 29.0127.7 66.0 15.5 11.7  0.3  0.8
  0.0  1.0 19.4  6.2 15.3 28.2  6.5  3.4  5.2  2.1  0.8  1.3  2.8  4.4  0.8
  4.1  4.9  1.3  1.6  3.6  9.1 17.6  9.3  2.3  1.0 53.6 97.4  1.6185.7  4.7
  0.5  0.0  0.0  0.0  0.0  0.0  0.0  0.0  0.0  0.0  0.0  0.0  0.0  0.0  0.0
  0.0  0.0  0.0  3.6  0.8  1.6  2.6  0.0  0.0  0.0  0.0  0.0  0.0  0.0  0.8
  0.8  1.3  0.8  0.5  0.0  0.0  0.0  0.0  0.0  0.5  0.0  0.0  2.3  0.5  0.0
  8.5  0.0  0.0  8.5  4.1  0.0  4.7  2.8  0.0  0.0  0.0  0.0  0.0  0.0  0.0
  0.3  0.0  0.0  0.0  0.0  0.0  0.0 10.9  4.7  1.0  6.5 24.6  7.3  7.3  6.5
  0.8  1.0  0.5  4.9  0.0  0.5  0.0 33.9 23.1 21.8  1.8  7.8 13.7  8.3  0.0
      0.29      6.55     -4.63     -2.30      0.76  0.3  0.0  0.0  0.0  0.0
                                4000_story_2029_llm_free.txt 35.5  4.6 3397
 10.9  3.5  1.5 50.0  5.0  0.9  3.5  0.9  8.8 19.1  1.8  1.8  0.3  5.6  0.0
  0.0  1.5  4.7 10.0  1.5  0.6294.7 91.6 34.1106.9 40.3 11.8 11.2  0.0  0.6
  0.0  1.2 30.6  8.8 14.1 25.6  4.4  5.9  4.4  1.8  0.9  0.9  2.9  3.5  0.6
  5.6  3.8  0.6  2.6  6.2 11.5 18.5  9.7  2.9  0.6 65.4 54.2  0.9169.9  5.9
  0.9  0.0  0.0  0.0  0.0  0.0  0.0  0.0  0.0  0.0  0.0  0.0  0.0  0.0  0.0
  0.0  0.0  0.0  2.1  0.9  0.9  1.2  0.0  0.0  0.0  0.0  0.0  0.0  0.0  0.3
  0.3  0.0  0.0  0.3  0.0  0.0  0.0  0.0  0.0  0.0  0.0  0.3  1.8  0.9  0.0
  5.0  0.0  0.0  5.0  0.9  0.0  0.9  2.9  0.0  0.0  0.0  0.0  0.0  0.0  0.0
  0.0  0.0  0.0  0.0  0.0  0.0  0.0  7.9  2.9  1.5  7.7 42.4  8.5  4.1  9.7
  0.6  1.2  1.5  2.4  0.3  0.9  0.6 29.4 16.8 18.8  2.4  6.5  8.2  6.2  0.0
     -4.16      3.92     -4.30     -2.20      1.01  0.9  0.0  0.0  0.0  0.0
                                4000_story_2034_llm_free.txt 34.8  4.5 3155
 11.4  3.5  2.9 30.1  4.4  0.3  1.6  0.3  6.0 17.7  0.6  1.9  0.3  3.5  1.0
  0.0  1.3  3.2 11.4  0.6  1.0286.5 95.7 26.0119.5 67.8 15.5  7.3  0.3  1.0
  0.3  1.3 27.9  7.0 17.4 24.1  4.8  2.5  3.2  1.0  0.6  1.0  2.2  4.1  0.6
  6.3  3.5  0.6  1.6  3.5  6.3 19.0 11.1  1.9  1.6 59.3 78.3  1.9166.1  1.6
  0.3  0.0  0.0  0.0  0.0  0.0  0.0  0.0  0.0  0.0  0.0  0.0  0.0  0.0  0.0
  0.0  0.0  0.0  1.6  0.0  1.6  1.0  0.0  0.0  0.0  0.0  0.0  0.0  0.0  0.0
  0.0  0.6  0.3  0.0  0.0  0.0  0.0  0.0  0.0  0.3  0.3  0.0  1.6  0.6  0.0
  4.1  0.0  0.0  4.1  1.0  0.0  1.3  2.5  0.0  0.0  0.0  0.0  0.0  0.0  0.0
  0.3  0.6  0.0  0.0  0.0  0.0  0.0 12.0  2.9  1.0  7.3 27.3  9.2  5.4  5.4
  0.6  1.6  1.6  1.6  0.0  1.3  0.6 30.4 18.4 14.6  1.9  7.3 10.5  7.6  0.0
     -6.57      5.55     -4.16     -3.86      0.92  0.3  0.0  0.0  0.0  0.0
                                4000_story_2035_llm_free.txt 34.3  4.4 2836
 15.9  3.9  5.6 45.8 13.4  1.1  3.2  0.7 15.9 18.3  0.7  2.5  0.0 10.2  0.7
  0.7  1.4  5.6  7.8  1.1  2.5262.7 86.4 26.1116.4 45.8 11.3 10.2  1.1  1.4
  0.0  0.7 14.1  6.7 12.7 29.6  6.3  1.8  2.5  1.8  2.1  1.8  4.9  4.9  0.4
  6.0  6.0  0.4  3.2  4.2  9.5 18.7 11.3  2.5  2.5 58.2 75.1  1.1178.8  7.4
  1.4  0.0  0.0  0.0  0.0  0.0  0.0  0.0  0.0  0.0  0.0  0.0  0.0  0.0  0.0
  0.0  0.0  0.0  1.8  0.4  2.1  1.4  0.0  0.0  0.0  0.0  0.0  0.0  0.0  0.7
  0.4  0.7  0.4  0.7  0.0  0.4  0.0  0.0  0.0  0.0  0.0  0.0  1.8  1.4  0.0
  5.6  0.0  0.0  5.6  2.8  0.4  3.2  3.2  0.0  0.0  0.0  0.0  0.0  0.0  0.0
  0.0  0.7  0.0  0.0  0.0  0.0  0.0 13.0  1.1  1.8  7.8 25.4  2.1  6.0  4.2
  1.4  0.0  1.1  1.1  0.0  0.4  0.0 42.0 16.2 20.1  2.8  9.5 10.2  7.4  0.0
      2.44      4.20     -3.79     -2.88      2.41  0.4  0.4  0.0  0.0  0.0
                                4000_story_2036_llm_free.txt 37.3  4.7 3116
 14.8  2.2  4.5 37.9  6.7  0.6  2.6  1.9  8.0 15.4  0.3  1.0  0.3  6.4  0.3
  1.3  2.2  3.2  9.6  1.6  1.3280.5 85.7 38.5122.3 58.4 12.5  7.4  0.0  0.6
  0.3  1.3 29.8  6.1 12.8 32.7  5.1  1.9  2.9  1.0  1.3  1.9  3.2  6.7  0.0
  4.5  6.4  0.6  1.9  3.9  6.4 19.3 11.2  3.9  1.0 63.5 73.2  2.6176.5  8.3
  2.2  0.0  0.0  0.0  0.0  0.0  0.0  0.0  0.0  0.0  0.0  0.0  0.0  0.0  0.0
  0.0  0.0  0.0  0.6  0.3  1.6  1.6  0.0  0.0  0.0  0.0  0.0  0.0  0.0  0.0
  1.0  0.6  0.3  0.6  0.0  0.0  0.0  0.0  0.0  0.0  0.3  0.0  2.9  0.0  0.0
  4.2  0.0  0.0  4.2  2.6  0.0  2.6  3.2  0.0  0.0  0.0  0.0  0.0  0.0  0.0
  0.0  0.3  0.0  0.0  0.0  0.0  0.0  9.6  0.6  1.6  5.1 25.4  4.8  4.5 15.1
  6.4  1.0  2.2  6.7  0.3  0.6  0.0 38.5 18.0 17.3  0.6  7.7 10.6 10.6  0.0
     -2.77      4.66     -3.24     -3.40      0.85  0.6  0.3  0.6  0.0  0.0
                                4000_story_2038_llm_free.txt 34.5  4.4 2905
 12.0  4.8  2.4 37.2  7.9  0.3  2.1  0.7 17.2 21.3  0.7  1.0  1.0  5.5  0.0
  1.0  1.0  3.1  8.6  0.3  2.8262.7 82.6 31.0117.7 53.0 18.6  8.3  0.0  1.7
  0.0  2.1 19.6  6.5 12.7 26.5 10.7  9.3  1.7  4.1  1.4  2.4  1.4  5.5  1.0
  5.2  5.9  1.0  2.4  3.8 13.8 21.7 11.7  1.4  1.7 59.9 78.1  1.0174.5  3.8
  1.0  0.0  0.0  0.0  0.0  0.0  0.0  0.0  0.0  0.0  0.0  0.0  0.0  0.0  0.0
  0.0  0.0  0.0  2.1  1.0  2.8  1.4  0.0  0.0  0.0  0.0  0.0  0.0  0.0  1.0
  0.0  1.4  1.4  1.0  0.0  0.0  0.0  0.0  0.0  0.7  0.0  0.3  4.5  0.7  0.0
  7.2  0.0  0.0  7.2  4.8  0.0  5.5  5.5  0.0  0.0  0.0  0.0  0.0  0.0  0.0
  0.3  0.3  0.0  0.0  0.0  0.0  0.0  9.6  2.8  2.1  9.3 31.3  6.5  6.9  9.3
  2.1  1.4  2.1  4.5  0.0  2.1  0.0 37.9 18.9 15.8  2.1  6.9 11.0  9.0  0.0
     -3.58      5.61     -3.16     -0.34      0.53  0.3  0.3  0.0  0.0  0.0
                                4000_story_2043_llm_free.txt 33.0  4.5 3372
 11.3  1.8  3.6 33.5  5.6  0.0  2.4  1.5  8.0 16.3  1.2  0.0  0.0  5.0  0.0
  1.2  0.3  4.7  9.5  0.3  3.6284.1103.8 38.6111.2 38.0 11.6 11.3  0.3  0.9
  0.0  2.4 27.3  8.6 18.1 23.4  4.4  3.9  2.1  3.6  2.1  0.3  1.5  4.2  0.9
  6.2  5.6  0.6  2.1  4.2 10.7 21.1 11.3  0.6  1.2 67.6 51.6  1.8161.6  5.3
  0.9  0.0  0.0  0.0  0.0  0.0  0.0  0.0  0.0  0.0  0.0  0.0  0.0  0.0  0.0
  0.0  0.0  0.0  1.5  0.3  0.9  0.6  0.0  0.0  0.0  0.0  0.0  0.0  0.0  0.9
  0.0  0.0  0.0  0.6  0.0  0.0  0.0  0.0  0.0  0.0  0.3  0.0  0.6  0.6  0.0
  3.3  0.0  0.0  3.3  1.5  0.0  1.5  1.5  0.0  0.0  0.0  0.0  0.0  0.0  0.0
  0.0  0.0  0.0  0.0  0.0  0.0  0.0  5.0  2.7  0.6 10.4 43.3  7.7  6.5 23.7
  1.8  0.6  3.3  2.7  0.0  2.1  0.3 31.1 18.1 13.6  0.9  6.8  8.6  7.1  0.0
     -8.96      3.93     -4.74     -2.29      0.62  0.9  0.0  0.0  0.6  0.0
                                4000_story_2046_llm_free.txt 36.5  4.5 3013
 11.0  4.0 11.0 41.8  8.0  1.3  4.6  1.3 12.9 26.2  0.7  1.7  0.0  5.3  0.3
  0.0  1.7  4.6 12.6  1.0  1.3263.9 75.7 33.9125.1 45.5 12.3 10.0  0.3  1.0
  0.0  0.7 20.6 10.3 13.6 32.9  6.6  1.7  2.7  0.7  1.3  1.3  4.3  4.0  0.7
  5.0  4.6  1.3  3.0  6.3  7.6 20.2  9.6  2.7  1.3 67.7 66.4  0.7186.5  8.0
  0.7  0.0  0.0  0.0  0.0  0.0  0.0  0.0  0.0  0.0  0.0  0.0  0.0  0.0  0.0
  0.0  0.0  0.0  2.3  0.3  1.3  1.3  0.0  0.0  0.0  0.0  0.0  0.0  0.0  0.3
  0.0  1.3  1.0  0.7  0.0  0.3  0.0  0.0  0.0  0.0  0.3  0.0  0.7  1.0  0.0
  5.3  0.0  0.0  5.3  3.3  0.3  3.7  2.0  0.0  0.0  0.0  0.0  0.0  0.0  0.0
  0.3  0.7  0.0  0.0  0.0  0.0  0.0 10.0  3.7  0.7  6.0 28.9  5.6  3.0  8.3
  1.7  2.3  3.7  2.3  1.0  0.7  0.0 39.2 17.6 17.3  1.0  7.6 13.9  8.6  0.0
      0.27      4.61     -5.47     -3.89      1.79  0.0  0.0  0.0  0.0  0.0
                                4000_story_2047_llm_free.txt 34.0  4.5 4260
 15.7  3.5  5.2 39.7  8.5  0.7  2.8  1.2  9.2 18.3  0.2  1.2  0.2  4.9  0.0
  0.2  0.9  2.6  8.0  0.7  1.6274.4 89.9 34.3123.2 60.6 10.8  8.2  0.0  0.7
  0.0  2.1 23.9  9.4 12.9 25.4  5.9  4.7  0.9  0.9  1.6  1.9  0.9  7.3  0.0
  2.8  5.4  1.4  1.9  3.3  8.9 17.6 10.1  1.6  0.7 68.8 78.2  1.6177.5  7.0
  1.4  0.0  0.0  0.0  0.0  0.0  0.0  0.0  0.0  0.0  0.0  0.0  0.0  0.0  0.0
  0.0  0.0  0.0  1.6  0.2  4.2  0.5  0.0  0.0  0.0  0.0  0.0  0.0  0.0  0.0
  0.2  1.4  1.6  0.7  0.0  0.0  0.0  0.2  0.0  0.5  0.0  0.0  1.2  0.2  0.0
  6.6  0.0  0.0  6.6  4.0  0.2  4.7  1.4  0.0  0.0  0.0  0.0  0.0  0.0  0.0
  0.0  0.2  0.0  0.0  0.0  0.0  0.0 10.6  2.8  1.2  8.2 41.3  2.3  8.2 12.0
  1.4  0.5  2.3  2.8  0.2  1.2  0.7 41.5 12.9 18.5  1.9  7.7 11.3  7.7  0.0
     -6.09      4.62     -4.15     -3.22     -1.03  0.5  0.0  0.5  0.0  0.0
                                4000_story_2051_llm_free.txt 33.5  4.5 3227
 14.9  2.2  8.1 47.1 10.5  0.9  3.4  1.2 12.1 13.0  0.3  0.6  0.3  5.6  0.6
  0.3  1.5  4.0  9.6  0.3  2.5266.5 86.1 26.0117.8 62.6 13.6  8.1  0.3  2.8
  0.0  1.9 18.9  7.7 12.1 28.8  5.9  6.5  1.5  2.2  0.9  1.2  4.3  3.7  0.3
  4.6  7.4  1.2  2.8  2.5 11.5 21.7  8.7  1.9  3.1 56.1 85.2  1.9180.4  6.2
  1.2  0.0  0.0  0.0  0.0  0.0  0.0  0.0  0.0  0.0  0.0  0.0  0.0  0.0  0.0
  0.0  0.0  0.0  1.5  0.3  1.2  0.3  0.0  0.0  0.0  0.0  0.0  0.0  0.0  0.0
  0.0  1.9  0.6  0.0  0.0  0.0  0.0  0.0  0.0  0.3  0.0  0.0  2.2  0.6  0.0
  3.4  0.0  0.0  3.4  2.5  0.0  2.8  2.8  0.0  0.0  0.0  0.0  0.0  0.0  0.0
  0.3  0.3  0.0  0.0  0.0  0.0  0.0 18.3  4.3  0.6  7.1 25.1  2.2  6.8  5.9
  8.1  0.9  2.8  1.5  0.0  0.6  0.0 40.3 15.8 23.2  1.5  6.8 14.3  8.7  0.0
     -3.17      5.04     -2.85     -2.63      1.39  0.0  0.0  0.0  0.0  0.0
                                4000_story_2053_llm_free.txt 33.0  4.4 3742
 15.0  5.1  7.7 38.5 12.6  0.8  2.1  0.5 12.6 16.0  0.3  0.8  0.3  3.2  0.3
  0.3  2.9  3.2  8.6  1.1  1.9265.1 82.3 29.9127.2 70.6 17.1  8.8  0.5  0.8
  0.5  1.3 19.2  7.7 13.4 29.9  5.9  3.2  4.5  1.9  1.3  2.1  2.1  5.9  0.3
  5.1  6.7  0.8  2.9  4.0  7.7 19.2 11.2  4.0  1.9 57.2 95.7  1.6178.0  5.6
  1.6  0.0  0.0  0.0  0.0  0.0  0.0  0.0  0.0  0.0  0.0  0.0  0.0  0.0  0.0
  0.0  0.0  0.0  2.7  0.0  2.1  0.5  0.0  0.0  0.0  0.0  0.0  0.0  0.0  0.3
  0.5  0.0  1.1  0.5  0.0  0.0  0.0  0.0  0.0  0.0  0.0  0.3  1.9  0.5  0.0
  5.3  0.0  0.0  5.3  2.4  0.0  2.4  2.7  0.0  0.0  0.0  0.0  0.0  0.0  0.0
  0.0  0.5  0.0  0.0  0.0  0.0  0.0  9.1  1.1  2.4  4.8 33.9  5.1  8.6 17.9
  3.2  1.9  1.1  4.5  0.0  0.8  0.0 43.0 15.2 16.3  2.7  6.9 11.5  6.7  0.0
     -1.40      6.51     -3.84     -2.03      0.44  0.3  0.0  0.0  0.0  0.0
                                4000_story_2054_llm_free.txt 36.3  4.4 2946
 20.7  3.7  8.5 47.2 11.5  1.4  5.8  2.0 28.2 13.9  0.3  2.7  0.0  5.4  1.0
  1.0  2.4  3.7  7.5  0.3  0.3248.5 83.5 36.0127.3 45.5 10.5  8.5  0.0  0.7
  0.3  1.0 22.1  5.1 10.5 32.2  9.5  3.4  2.0  1.7  1.4  2.4  3.4  6.8  0.0
  4.4  8.1  2.7  2.4  4.8  8.5 21.0 11.2  2.7  1.0 66.5 85.2  1.4187.4  5.1
  1.4  0.3  0.0  0.0  0.0  0.0  0.0  0.0  0.0  0.0  0.0  0.0  0.0  0.0  0.0
  0.0  0.0  0.0  2.7  2.4  2.4  1.4  0.3  0.3  0.0  0.0  0.7  0.0  0.0  0.3
  0.7  1.7  1.0  0.7  0.0  0.0  0.3  0.3  0.0  0.7  0.0  0.3  3.1  0.3  0.0
  8.8  0.7  0.7 10.2  4.4  0.7  5.8  3.7  0.0  0.0  0.0  0.0  0.0  0.0  0.0
  0.0  0.0  0.0  0.0  0.0  0.0  0.0 12.2  3.4  0.3  7.8 32.9  3.1  5.8 14.6
  1.0  1.0  2.0  3.4  0.0  1.0  0.3 37.0 21.7 24.1  1.7  8.5 11.2  9.2  0.0
      1.39      4.08     -2.85     -2.77      0.95  0.7  0.0  0.0  0.0  0.0
                                4000_story_2056_llm_free.txt 35.5  4.4 3157
 12.4  2.5  4.1 39.6  6.7  0.0  2.2  0.3 15.8 25.0  1.0  1.6  0.6  5.7  0.3
  0.6  1.0  6.3  7.6  1.3  3.2266.4 83.3 28.8125.8 53.5 14.3 11.1  0.3  0.6
  0.0  2.9 15.2  7.9 14.6 28.8  5.4  3.2  2.9  2.9  0.6  1.0  1.9  4.8  0.0
  2.5  6.0  0.3  2.2  2.5 10.1 20.9  7.3  2.2  1.0 60.8 76.0  1.3178.7  8.2
  1.3  0.0  0.0  0.0  0.0  0.0  0.0  0.0  0.0  0.0  0.0  0.0  0.0  0.0  0.0
  0.0  0.0  0.0  1.6  0.3  1.3  0.3  0.0  0.0  0.0  0.0  0.0  0.0  0.0  0.3
  0.0  0.6  1.0  0.3  0.0  0.0  0.0  0.0  0.0  0.0  0.0  0.3  1.0  0.3  0.0
  3.5  0.0  0.0  3.5  2.2  0.0  2.2  1.6  0.0  0.0  0.0  0.0  0.0  0.0  0.0
  0.0  0.3  0.0  0.0  0.0  0.0  0.3  7.6  4.4  0.0  7.0 40.2  7.0  9.5  9.5
  1.6  1.6  1.6  2.2  0.0  1.3  0.3 41.2 18.7 19.0  1.9  7.9 13.0 13.0  0.0
     -1.58      5.58     -4.60     -2.95     -0.90  0.3  0.0  0.0  0.0  0.0
                                4000_story_2057_llm_free.txt 35.8  4.4 2675
 20.2  6.0 10.8 50.8  8.2  1.1  0.4  0.0 12.3 19.8  2.2  0.4  0.0  7.1  1.1
  0.7  2.6  8.2 10.1  2.2  1.9269.5 81.1 25.8118.1 60.2 11.6  8.2  0.7  1.1
  0.0  1.9 17.2  8.6  7.9 32.5  3.7  6.4  3.4  3.4  0.7  1.5  2.2  5.6  0.0
  6.0  6.0  1.9  1.9  6.0 15.3 21.7 11.6  4.9  1.9 52.7 80.7  3.4180.9  5.6
  0.7  0.0  0.0  0.0  0.0  0.0  0.0  0.0  0.0  0.0  0.0  0.0  0.0  0.0  0.0
  0.0  0.0  0.0  1.5  1.5  2.6  1.9  0.0  0.0  0.0  0.0  0.0  0.0  0.0  0.4
  0.0  0.0  0.7  0.0  0.0  0.0  0.0  0.0  0.0  0.0  0.0  0.0  2.6  1.1  0.0
  7.5  0.0  0.0  7.5  1.1  0.0  1.1  3.7  0.0  0.0  0.0  0.0  0.0  0.0  0.0
  0.0  0.0  0.0  0.0  0.0  0.0  0.4  9.7  1.1  3.0  4.5 38.1  4.1  9.3  6.4
  1.9  1.1  2.2  3.0  0.0  1.9  0.0 36.3 18.3 25.0  1.1  6.7 10.5  8.6  0.0
      4.82      4.58     -2.75     -1.52      0.55  0.4  0.0  0.0  0.0  0.0
                                4000_story_2063_llm_free.txt 34.8  4.4 3128
 14.7  2.2  2.2 37.7  6.4  0.3  2.2  1.3  5.1 27.2  1.9  0.0  0.0  5.4  1.0
  1.0  1.0  5.8 11.5  0.6  1.0291.6 90.5 39.6115.7 42.5 10.9  8.6  0.3  0.3
  0.0  1.3 16.0  6.1 13.1 21.1  4.8  2.2  1.9  1.6  0.6  1.3  3.2  6.1  0.3
  7.0  4.8  1.3  1.9  2.9  8.6 19.2 13.4  1.6  0.6 64.9 54.0  1.9170.4  7.4
  2.6  0.0  0.0  0.0  0.0  0.0  0.0  0.0  0.0  0.0  0.0  0.0  0.0  0.0  0.0
  0.0  0.0  0.0  1.6  0.0  1.3  0.3  0.0  0.0  0.0  0.0  0.0  0.0  0.0  0.0
  0.3  1.3  0.3  0.0  0.0  0.0  0.0  0.0  0.0  0.3  0.0  0.0  1.3  1.3  0.0
  3.2  0.0  0.0  3.2  1.9  0.0  2.2  2.6  0.0  0.0  0.0  0.0  0.0  0.0  0.0
  0.3  0.3  0.0  0.0  0.0  0.0  0.0 10.5  0.3  1.6  5.8 48.6  4.2  5.8 28.1
  4.8  1.3  3.2  1.6  0.0  1.0  0.6 36.8 13.4 16.3  1.6  8.3 10.2  9.0  0.0
     -4.47      3.66     -3.88     -3.91      1.81  1.0  0.0  0.0  0.0  0.0
                                4000_story_2064_llm_free.txt 36.3  4.4 2969
 17.9  4.7  4.7 43.4 10.1  1.0  2.4  0.3 19.9 20.9  0.7  1.3  1.0  5.1  0.7
  0.0  1.3  4.0  6.4  0.3  1.7248.9 84.9 29.6131.7 65.3 10.4 10.4  0.0  0.3
  0.0  1.7 20.2  8.4 10.1 34.4  7.1  6.4  2.0  1.7  2.0  1.7  2.7  3.4  0.7
  3.7  4.7  1.3  4.0  6.1 12.5 15.8  7.7  1.7  0.3 62.3 95.3  2.0189.3  4.4
  3.0  0.0  0.0  0.0  0.0  0.0  0.0  0.0  0.0  0.0  0.0  0.0  0.0  0.0  0.0
  0.0  0.0  0.0  2.0  0.3  2.7  1.3  0.0  0.0  0.0  0.0  0.0  0.0  0.0  0.0
  0.7  1.7  0.7  0.3  0.0  0.0  0.0  0.0  0.0  0.0  0.0  0.0  3.4  1.0  0.0
  6.4  0.0  0.0  6.4  3.4  0.0  3.4  4.4  0.0  0.0  0.0  0.0  0.0  0.0  0.0
  0.0  0.0  0.0  0.0  0.3  0.0  0.0 14.1  4.4  2.4  7.7 25.9  2.0 17.9  8.8
  0.7  1.0  1.7  0.7  0.0  2.4  0.3 41.4 17.9 21.6  1.7  8.8 12.1 10.1  0.0
     -1.85      5.45     -4.16     -2.03      0.28  0.3  0.0  0.0  0.0  0.0
                                4000_story_2067_llm_free.txt 37.5  4.5 3231
 12.1  4.0  3.4 19.8  2.2  0.0  0.9  0.0  1.2 25.7  0.0  0.3  0.3  3.4  0.0
  0.6  0.9  2.2 11.8  0.0  1.2285.1 93.2 33.4121.3 49.2 18.0  7.4  0.0  1.2
  0.3  2.2 16.7 10.5 17.3 28.8  4.0  0.3  0.0  0.9  0.6  1.2  4.0  6.2  0.3
  3.4  6.5  0.9  2.8  3.1  3.1 21.7  9.9  0.9  1.5 72.4 52.6  0.9155.7  4.0
  1.2  0.0  0.0  0.0  0.0  0.0  0.0  0.0  0.0  0.0  0.0  0.0  0.0  0.0  0.0
  0.0  0.0  0.0  1.5  0.0  2.5  0.3  0.0  0.0  0.0  0.0  0.0  0.0  0.0  0.0
  0.0  0.6  0.9  0.0  0.0  0.0  0.0  0.0  0.0  0.0  0.0  0.0  0.9  0.6  0.0
  4.3  0.0  0.0  4.3  1.5  0.0  1.5  1.5  0.0  0.0  0.0  0.0  0.0  0.0  0.0
  0.0  0.0  0.0  0.0  0.0  0.0  0.0 10.5  2.2  0.3 10.5 37.1  8.7  7.7  8.0
  1.9  1.5  3.1  2.2  0.0  1.2  0.0 32.2 14.9 14.5  0.6  5.3 12.7  6.5  0.0
     -9.06      5.28     -5.90     -5.32      1.16  0.0  0.0  0.0  0.0  0.0
                                4000_story_2068_llm_free.txt 37.0  4.4 3507
 12.3  4.3  6.6 43.3 11.7  1.7  1.7  1.4 16.3 19.1  0.6  2.0  0.0  6.0  0.9
  0.9  1.7  3.7 10.0  0.9  0.9262.3 77.8 32.5126.0 69.3  9.4  9.4  0.3  0.3
  0.3  1.4 18.8  7.7 18.2 33.9  7.4  1.4  3.1  2.3  0.9  1.1  3.4  7.7  0.3
  3.7  4.6  1.1  1.7  2.9  6.0 20.2 11.7  2.6  0.9 62.7 97.2  2.0182.5  4.6
  1.7  0.0  0.0  0.0  0.0  0.0  0.0  0.0  0.0  0.0  0.0  0.0  0.0  0.0  0.0
  0.0  0.0  0.0  2.3  0.3  1.7  1.4  0.0  0.0  0.0  0.0  0.0  0.0  0.0  0.3
  0.0  0.6  1.1  0.6  0.0  0.0  0.0  0.0  0.3  0.0  0.0  0.0  2.6  1.1  0.0
  5.7  0.0  0.0  5.7  2.6  0.3  2.9  3.7  0.0  0.0  0.0  0.0  0.0  0.0  0.0
  0.3  0.6  0.0  0.0  0.0  0.0  0.0 18.0  0.9  1.4  7.7 33.4  5.7  9.4  8.6
  3.1  2.3  1.1  4.6  0.3  1.1  0.0 40.5 18.8 14.0  2.3 10.8 11.1 10.3  0.0
     -0.37      5.05     -6.12     -3.35      1.09  0.0  0.0  0.0  0.0  0.0
                                4000_story_2069_llm_free.txt 32.8  4.5 3582
 14.8  2.8 10.3 45.8  7.5  1.1  2.5  0.6 11.7 25.1  0.6  0.6  0.6  5.0  1.7
  0.3  0.8  3.9  7.8  0.6  1.7278.3 90.5 32.9118.9 45.5  8.4 10.1  0.0  0.6
  0.0  1.4 18.7  7.3 15.9 24.6  3.6  3.6  1.1  2.2  1.1  0.3  3.1  3.6  0.3
  5.9  3.4  0.3  2.8  5.9  8.7 15.4  9.8  1.4  0.6 68.4 64.8  2.0182.3  8.4
  0.3  0.3  0.0  0.0  0.0  0.0  0.0  0.0  0.0  0.0  0.0  0.0  0.0  0.0  0.0
  0.0  0.0  0.0  1.4  0.6  1.1  1.1  0.0  0.3  0.0  0.0  0.0  0.0  0.0  0.8
  0.0  0.3  0.3  0.6  0.0  0.0  0.0  0.3  0.0  0.0  0.0  0.0  0.6  0.6  0.0
  4.2  0.3  0.0  4.5  2.0  0.3  2.2  1.1  0.0  0.0  0.0  0.0  0.0  0.0  0.0
  0.3  0.3  0.0  0.0  0.0  0.0  0.0  5.9  3.1  1.1  9.5 32.4  6.4  3.9 14.2
  0.0  1.4  0.3  1.4  0.0  1.1  0.8 38.8 16.8 14.8  1.7  6.7  8.9  8.1  0.0
     -3.82      3.68     -5.08     -3.72      0.95  0.8  0.0  0.0  0.0  0.0
                                4000_story_2070_llm_free.txt 39.3  4.5 3108
 14.5  3.9  5.1 34.4  8.7  1.0  1.3  2.3 14.5 16.7  0.3  1.9  0.3  3.9  0.3
  0.3  0.3  5.5 10.9  1.0  1.6264.5 94.0 29.9123.6 57.9 12.5  8.7  0.0  0.3
  0.0  2.3 17.1  9.3 18.0 31.9  3.9  0.6  1.0  1.9  0.6  1.3  3.5  6.4  0.6
  3.9  6.1  0.6  2.9  4.8  6.8 23.2 10.9  1.3  0.3 64.0 81.1  1.9175.7  7.7
  1.6  0.0  0.0  0.0  0.0  0.0  0.0  0.0  0.0  0.0  0.0  0.0  0.0  0.0  0.0
  0.0  0.0  0.0  1.6  0.3  1.6  1.0  0.0  0.0  0.0  0.0  0.0  0.0  0.0  0.0
  0.3  0.0  0.3  0.0  0.0  0.0  0.0  0.0  0.0  0.0  0.0  0.0  3.2  0.0  0.0
  4.5  0.0  0.0  4.5  0.6  0.0  0.6  3.2  0.0  0.0  0.0  0.0  0.0  0.0  0.0
  0.3  0.6  0.0  0.0  0.0  0.0  0.0 10.0  2.6  0.0  9.0 37.0  1.0 10.6 13.5
  2.6  1.9  1.6  2.3  0.0  1.0  0.3 41.2 13.2 15.4  1.9  8.0 10.9  9.0  0.0
     -4.83      4.93     -6.62     -4.44      1.30  0.0  0.0  0.0  0.0  0.0
                                4000_story_2073_llm_free.txt 35.8  4.6 3868
 16.5  3.6  4.7 34.1  5.9  0.0  2.3  1.3 10.3 18.4  1.0  0.0  0.0  4.7  0.5
  0.3  1.0  4.1  8.0  0.8  0.8281.0 88.9 35.9127.5 57.1 11.1  9.6  0.5  0.5
  0.0  1.8 27.7  6.7 15.3 26.6  6.2  2.3  2.1  1.3  0.8  2.1  2.1  4.7  0.3
  6.7  6.7  0.8  1.3  2.3  7.2 17.8 11.6  1.8  1.0 64.4 73.4  1.3182.8  5.9
  2.3  0.0  0.0  0.0  0.0  0.0  0.0  0.0  0.0  0.0  0.0  0.0  0.0  0.0  0.0
  0.0  0.0  0.0  2.8  0.3  1.0  0.8  0.0  0.0  0.0  0.0  0.0  0.0  0.0  0.0
  0.0  1.3  1.6  0.8  0.0  0.0  0.0  0.0  0.0  0.3  0.0  0.3  2.3  0.8  0.0
  4.9  0.0  0.0  4.9  3.6  0.0  3.9  3.4  0.0  0.0  0.0  0.0  0.0  0.0  0.0
  0.3  0.0  0.3  0.0  0.0  0.0  0.0 16.5  2.1  2.1  5.7 34.6  5.4 12.7 20.9
  1.3  1.6  2.6  3.4  0.0  0.0  0.8 39.8 14.2 18.9  1.8  7.5 10.6 11.6  0.0
     -7.02      4.91     -3.79     -3.60      0.74  0.5  0.5  0.0  0.0  0.0
                                4000_story_2074_llm_free.txt 35.5  4.5 3028
 15.9  4.0  2.0 48.2  9.6  1.3  4.0  1.3 12.2 19.8  0.7  0.7  0.3  5.6  0.7
  1.0  2.6  4.3  9.9  1.0  1.0265.9 82.6 29.4121.2 70.7 10.6 11.6  0.7  0.3
  0.3  1.7 21.8  4.0 11.9 28.4  5.9  2.6  3.6  1.7  0.0  1.7  1.0  5.0  0.0
  3.3  4.3  1.0  2.3  3.0  6.9 18.2  8.3  3.6  1.3 58.5 92.5  1.3184.3  6.6
  2.0  0.0  0.0  0.0  0.0  0.0  0.0  0.0  0.0  0.0  0.0  0.0  0.0  0.0  0.0
  0.0  0.0  0.0  2.0  0.3  2.3  1.0  0.0  0.0  0.0  0.0  0.0  0.0  0.0  1.0
  0.7  0.7  1.0  0.0  0.0  0.0  0.0  0.0  0.0  0.3  0.0  0.0  2.0  2.0  0.0
  5.6  0.0  0.0  5.6  3.3  0.0  3.6  4.0  0.0  0.0  0.0  0.0  0.0  0.0  0.0
  0.0  0.7  0.0  0.0  0.0  0.0  0.0  7.3  1.3  1.3  6.6 29.4  9.6  6.9 15.9
  3.6  1.7  3.6  3.0  0.7  1.3  0.0 38.6 17.2 15.5  2.0  8.3 11.6 10.2  0.0
      0.66      5.57     -2.29     -3.39     -1.19  0.3  0.0  0.0  0.0  0.0
                                4000_story_2075_llm_free.txt 35.5  4.4 2834
 16.2  4.2 13.8 42.0  9.9  0.7  4.9  0.0 14.8 18.0  0.4  1.4  0.4  4.2  0.4
  0.4  1.4  2.8  7.8  1.1  1.8269.9 84.3 32.5122.1 62.5 11.3  9.5  0.0  0.0
  0.4  1.8 22.2  8.8  9.9 25.1  7.4  3.5  2.5  2.5  1.4  1.1  2.5  4.9  0.4
  4.9  7.4  1.1  1.1  3.2  7.8 20.8 10.2  2.5  0.4 65.3 87.2  1.4178.2  4.6
  1.1  0.0  0.0  0.0  0.0  0.0  0.0  0.0  0.0  0.0  0.0  0.0  0.0  0.0  0.0
  0.0  0.0  0.0  2.1  0.7  1.4  1.1  0.0  0.4  0.0  0.0  0.0  0.0  0.0  0.0
  0.4  1.8  0.4  0.0  0.0  0.0  0.0  0.4  0.0  0.0  0.0  0.0  1.8  0.4  0.0
  5.3  0.4  0.0  5.6  2.5  0.4  2.8  2.1  0.0  0.0  0.0  0.0  0.0  0.0  0.0
  0.0  0.4  0.0  0.0  0.0  0.0  0.0  9.2  3.9  0.7  7.4 23.6  5.3  6.4  9.2
  0.7  2.5  3.2  1.1  0.0  0.7  0.4 42.3 18.3 22.6  0.7  9.5 10.2  9.9  0.0
     -2.77      5.00     -3.36     -2.75      0.53  0.0  0.0  0.0  0.4  0.0
                                4000_story_2076_llm_free.txt 36.3  4.6 4058
 15.3  4.2  3.9 53.7  9.1  1.7  3.4  1.0 12.8 20.9  0.7  1.7  1.0  5.9  0.7
  1.0  2.2  6.2  7.9  1.2  1.7266.9 73.2 31.5109.2 51.5 14.0  9.1  0.5  1.7
  0.5  2.2 20.9  6.9  9.1 28.1  4.9  4.9  3.2  3.0  3.0  1.0  2.7  5.9  1.0
  6.2  6.2  1.0  2.5  3.7 14.0 20.9 13.1  3.4  2.7 59.6 73.4  2.0172.5  5.4
  0.7  0.0  0.0  0.0  0.0  0.0  0.0  0.0  0.0  0.0  0.0  0.0  0.0  0.0  0.0
  0.0  0.0  0.0  2.2  1.0  2.0  1.5  0.0  0.0  0.0  0.0  0.0  0.0  0.0  0.2
  0.2  0.7  0.2  0.5  0.0  0.2  0.0  0.0  0.0  0.5  0.0  0.0  1.7  1.2  0.0
  6.7  0.0  0.0  6.7  2.0  0.2  2.7  3.0  0.0  0.0  0.0  0.0  0.0  0.0  0.0
  0.0  1.0  0.0  0.0  0.2  0.0  0.0 13.8  3.7  3.4 10.1 27.4  3.2 13.6  9.1
  2.0  2.0  1.0  1.0  0.0  1.0  0.2 36.5 16.5 19.7  2.2  6.2  6.4 10.8  0.0
      2.05      4.54     -1.40     -1.25      1.71  0.2  0.0  0.0  0.0  0.0
                                4000_story_2077_llm_free.txt 33.5  4.4 3123
 16.3  4.8  4.5 31.1  9.6  0.6  1.6  1.6 17.3 16.3  0.3  1.3  0.3  6.1  0.3
  0.0  1.0  2.6  8.6  1.6  1.0262.9 93.2 36.2119.4 67.2 17.9 12.2  1.0  0.6
  0.3  3.2 19.2  7.7 15.0 30.4  6.1  2.9  2.2  1.3  1.3  1.3  2.9  4.8  0.0
  4.8  6.4  1.9  2.9  2.9  6.7 20.8  9.6  2.6  1.9 73.0 94.1  2.2168.1  7.0
  1.3  0.0  0.0  0.0  0.0  0.0  0.0  0.0  0.0  0.0  0.0  0.0  0.0  0.0  0.0
  0.0  0.0  0.0  3.2  0.0  2.9  1.3  0.0  0.0  0.0  0.0  0.0  0.0  0.0  0.3
  0.0  3.5  0.3  0.6  0.0  0.0  0.0  0.0  0.0  0.0  0.0  0.0  1.3  0.6  0.0
  7.4  0.0  0.0  7.4  4.8  0.0  4.8  1.9  0.0  0.0  0.0  0.0  0.0  0.0  0.0
  0.0  0.6  0.0  0.0  0.0  0.0  0.0 11.8  1.6  0.0  4.2 24.3  5.1  3.8  5.4
  2.2  1.9  4.2  5.4  0.0  0.3  0.0 41.0 21.1 18.6  1.9  6.7 13.1  7.7  0.0
     -3.99      6.89     -3.68     -3.49      0.45  0.0  0.0  0.0  0.0  0.0
                                4000_story_2078_llm_free.txt 34.8  4.4 3157
 17.7  3.2  7.0 39.9 10.8  0.6  1.3  1.0 13.0 22.8  0.6  1.6  0.0  6.0  0.3
  0.0  3.5  2.5  9.5  1.0  0.0274.3 78.6 28.5124.5 57.6 12.7 10.5  0.0  1.6
  0.3  1.6 21.2  7.6  9.8 27.9  6.0  4.1  4.1  1.6  2.2  0.3  1.6  3.8  0.0
  3.8  7.0  1.0  2.2  7.0  8.9 21.2  7.6  4.4  1.9 58.9 81.4  2.2179.6  7.9
  2.2  0.0  0.0  0.0  0.0  0.0  0.0  0.0  0.0  0.0  0.0  0.0  0.0  0.0  0.0
  0.0  0.0  0.0  2.5  0.0  1.0  0.0  0.0  0.0  0.0  0.0  0.0  0.0  0.0  0.6
  0.0  0.6  1.0  0.0  0.0  0.0  0.0  0.0  0.0  0.0  0.0  0.0  1.9  0.6  0.0
  3.5  0.0  0.0  3.5  2.2  0.0  2.2  2.5  0.0  0.0  0.0  0.0  0.0  0.0  0.0
  0.0  0.3  0.0  0.0  0.0  0.0  0.0 15.2  1.0  1.9  7.0 28.2  5.7  7.3  9.2
  1.3  2.2  1.0  6.3  0.0  0.0  0.0 36.1 22.2 21.5  1.6  9.5 16.5 12.4  0.0
      0.81      5.30     -2.53     -2.39     -0.83  0.3  0.0  0.0  0.0  0.0
                                4000_story_2079_llm_free.txt 37.0  4.3 2992
 16.0  8.0 11.7 62.5 23.1  1.7  4.3  2.3 25.7 25.1  1.3  2.3  0.3  6.4  0.0
  0.7  1.3  8.4 10.0  1.3  0.7234.3 71.2 29.4113.6 55.1 11.4 11.7  0.0  1.0
  0.0  0.3 15.7  9.7  8.0 30.7  5.0  5.0  2.7  2.7  3.0  2.0  2.7  5.7  0.7
  5.0  6.0  1.3  2.7  5.7 16.4 21.4 11.4  2.7  1.0 72.5103.9  2.3188.5  6.7
  1.3  0.0  0.0  0.0  0.0  0.0  0.0  0.0  0.0  0.0  0.0  0.0  0.0  0.0  0.0
  0.0  0.0  0.0  3.7  1.0  2.7  2.7  0.0  0.0  0.0  0.0  0.0  0.0  0.0  0.3
  0.3  1.3  0.3  0.3  0.0  0.0  0.0  0.0  0.0  0.0  0.0  0.0  4.7  1.0  0.0
 10.0  0.0  0.0 10.0  2.7  0.0  2.7  5.7  0.0  0.0  0.0  0.0  0.0  0.0  0.0
  0.3  0.7  0.0  0.0  0.0  0.0  0.0 10.4  4.0  1.3  5.0 26.1  1.7 13.7  9.7
  2.0  1.7  0.7  1.0  0.7  1.3  0.0 35.4 17.7 24.4  0.3  7.4 13.4 12.0  0.0
      7.02      4.81     -4.19     -1.10      1.04  0.0  0.0  0.0  0.0  0.0
                                4000_story_2080_llm_free.txt 36.3  4.7 3332
 16.5  2.4  3.3 36.0  2.1  0.3  2.7  1.5  3.0 21.0  0.0  0.0  0.9  4.5  1.2
  0.3  0.6  2.7 12.9  0.6  0.6289.6 95.4 41.1117.6 41.1 12.9  7.5  0.0  0.9
  0.0  2.4 26.4  7.5 18.6 25.2  5.1  2.1  1.2  1.8  1.8  1.5  2.1  7.2  1.8
  4.8  5.4  0.0  1.8  5.7  6.6 22.5 13.8  1.2  0.9 73.8 46.2  1.8171.1  6.0
  1.8  0.0  0.0  0.0  0.0  0.0  0.0  0.0  0.0  0.0  0.0  0.0  0.0  0.0  0.0
  0.0  0.0  0.0  0.6  0.6  1.5  0.3  0.0  0.0  0.0  0.0  0.0  0.0  0.0  0.0
  0.9  0.9  0.0  0.3  0.0  0.0  0.0  0.0  0.0  0.0  0.3  0.0  0.3  0.9  0.0
  3.0  0.0  0.0  3.0  2.1  0.0  2.1  1.5  0.0  0.0  0.0  0.0  0.0  0.0  0.0
  0.3  0.0  0.0  0.0  0.3  0.0  0.0  2.4  2.7  0.6  7.2 47.4  4.8  6.0 12.3
  3.3  0.9  3.6  2.1  0.3  0.3  0.6 32.7  9.9 15.6  0.9 12.0  6.9  6.9  0.0
     -7.92      3.84     -4.90     -3.44      1.71  0.3  0.6  0.3  0.0  0.0
                                4000_story_2081_llm_free.txt 35.0  4.4 3424
 19.0  6.4  9.1 40.0  9.1  1.5  5.3  0.9 14.6 19.6  0.3  2.0  0.3  6.7  0.3
  0.9  1.8  2.6  9.1  1.5  1.5259.6 77.1 31.0123.5 85.9 15.8  9.6  0.3  0.3
  0.3  1.8 18.7  8.2  9.9 30.4  5.3  2.6  2.3  0.6  1.2  2.3  4.4  6.1  0.3
  4.7  5.0  1.2  1.5  6.1  6.4 18.4 11.1  3.2  0.9 64.5109.5  2.0181.1  5.0
  0.9  0.3  0.0  0.0  0.0  0.0  0.0  0.0  0.0  0.0  0.0  0.0  0.0  0.0  0.0
  0.0  0.0  0.0  1.8  1.5  2.3  0.9  0.0  0.3  0.0  0.0  0.0  0.0  0.0  0.0
  0.0  0.0  1.8  0.0  0.0  0.0  0.0  0.0  0.0  0.0  0.0  0.0  2.9  0.3  0.0
  6.4  0.3  0.0  6.7  1.8  0.0  1.8  3.2  0.0  0.0  0.0  0.0  0.0  0.0  0.0
  0.0  0.0  0.0  0.0  0.0  0.0  0.0 19.9  0.3  3.2  7.6 15.5  4.1  3.8  9.3
  3.2  2.0  1.8  4.7  0.3  1.8  0.0 38.0 18.7 25.7  2.3  7.9 11.4  7.9  0.0
      1.80      6.97     -3.48     -3.47      1.77  0.0  0.0  0.0  0.0  0.0
                                4000_story_2082_llm_free.txt 36.8  4.6 3734
 15.8  2.4  4.8 38.8  7.5  1.1  2.7  1.3 10.4 16.3  0.0  0.5  0.3  4.8  0.3
  0.8  1.6  3.5 11.0  1.3  0.8272.4 90.0 37.5118.9 61.1 14.5  8.6  0.0  1.6
  0.3  1.6 27.9  6.4 11.0 26.0  7.5  1.1  3.5  2.1  0.8  1.3  2.9  4.3  0.3
  6.2  5.9  1.3  3.5  3.7  5.4 21.2 10.7  2.9  1.9 63.2 79.0  3.5177.8  7.2
  1.6  0.0  0.0  0.0  0.0  0.0  0.0  0.0  0.0  0.0  0.0  0.0  0.0  0.0  0.0
  0.0  0.0  0.0  1.3  1.1  1.6  0.5  0.0  0.0  0.0  0.0  0.0  0.0  0.0  0.5
  0.5  1.1  1.1  0.3  0.0  0.3  0.0  0.0  0.0  0.0  0.0  0.0  1.3  1.1  0.0
  4.6  0.0  0.0  4.6  3.5  0.3  3.7  2.4  0.0  0.0  0.0  0.0  0.0  0.0  0.0
  0.3  0.5  0.0  0.0  0.0  0.0  0.0 14.7  1.3  2.7  8.3 29.7  4.0  8.6 11.8
  1.9  1.9  1.9  2.4  0.8  1.6  0.0 39.9 18.5 18.5  1.6 10.7 12.1  8.0  0.0
     -4.41      5.27     -1.99     -3.33      1.06  0.0  0.0  0.0  0.0  0.0
                                4000_story_2083_llm_free.txt 38.3  4.5 3590
 14.2  6.1  4.5 41.8 10.9  0.3  2.2  1.4 13.4 19.2  0.6  2.8  0.8  6.4  0.8
  0.6  0.3  7.0 13.4  0.6  1.1276.6 79.4 27.6119.2 52.1 15.9 10.0  1.1  0.3
  0.6  0.8 25.1  7.8 10.3 30.9  9.2  4.7  2.5  1.7  0.6  3.1  3.3  6.7  0.8
  5.0  4.5  0.6  2.2  4.7 12.3 23.1 12.5  0.8  1.9 53.8 76.3  1.7179.1  5.3
  1.1  0.0  0.0  0.0  0.0  0.0  0.0  0.0  0.0  0.0  0.0  0.0  0.0  0.0  0.0
  0.0  0.0  0.0  2.5  0.8  2.5  1.7  0.0  0.0  0.0  0.0  0.0  0.0  0.3  0.8
  0.8  1.4  0.8  0.8  0.0  0.0  0.0  0.0  0.0  0.3  0.0  0.0  2.8  0.3  0.0
  7.5  0.0  0.3  7.8  4.7  0.0  5.0  3.1  0.0  0.0  0.0  0.0  0.0  0.0  0.0
  0.3  0.6  0.0  0.0  0.0  0.0  0.0 12.3  2.2  0.3 10.0 33.4  8.4  4.7  8.9
  3.6  0.6  1.7  1.7  0.3  1.1  0.0 40.1 18.9 20.3  2.5  5.6  9.2  7.0  0.0
     -0.90      5.42     -2.69     -2.42      1.74  0.0  0.0  0.3  0.0  0.0
                                4000_story_2086_llm_free.txt 33.5  4.4 3120
 16.3  4.2  7.7 36.2 10.6  1.0  1.3  0.3 16.0 24.4  0.6  1.3  1.0  5.1  1.0
  0.3  2.2  3.2  7.4  1.0  0.6267.3 90.1 27.6124.7 49.4 13.5  8.3  0.6  1.3
  0.0  2.2 16.0  7.4 19.2 28.8  5.4  3.5  1.0  1.6  2.6  1.6  2.2  7.1  0.0
  6.1  6.4  1.9  0.3  3.5  9.3 18.9 13.1  3.2  1.9 59.9 76.0  0.3181.1  8.0
  1.9  0.3  0.0  0.0  0.0  0.0  0.0  0.0  0.0  0.0  0.0  0.0  0.0  0.0  0.0
  0.0  0.0  0.0  4.2  0.3  1.3  1.3  0.0  0.3  0.0  0.0  0.0  0.0  0.0  0.0
  1.0  1.0  0.3  0.3  0.0  0.0  0.3  0.0  0.0  0.0  0.0  0.0  1.3  0.6  0.0
  7.1  0.3  0.0  7.4  2.6  0.3  2.9  1.9  0.0  0.0  0.0  0.0  0.0  0.0  0.0
  0.0  0.3  0.0  0.0  0.0  0.0  0.0  9.3  1.3  0.3  8.0 33.0  7.7  5.8  8.0
  2.2  1.6  2.2  3.5  0.0  1.0  0.0 39.4 18.9 20.8  2.2 10.9 12.5  7.4  0.0
     -0.78      4.70     -5.47     -2.87      0.81  0.6  0.0  0.0  0.0  0.0
                                4000_story_2087_llm_free.txt 33.8  4.5 3458
 12.7  3.8  5.8 54.1 10.7  0.0  3.5  1.2 13.9 15.3  0.9  1.2  0.6  4.6  0.0
  0.3  2.0  7.2  8.7  0.9  1.7268.1 82.4 29.5102.1 59.3 11.6  9.3  0.0  1.4
  0.3  1.4 35.3  9.3 11.0 30.4  6.1  7.8  4.0  2.6  1.4  2.3  2.6  2.9  0.3
  3.2  3.8  3.2  2.6  4.0 16.5 17.6  6.4  2.9  1.7 58.4 83.9  3.2170.3  6.4
  1.2  0.0  0.0  0.0  0.0  0.0  0.0  0.0  0.0  0.0  0.0  0.0  0.0  0.0  0.0
  0.0  0.0  0.0  3.8  0.6  3.5  0.9  0.0  0.0  0.0  0.0  0.0  0.0  0.0  1.2
  0.9  0.6  0.3  0.3  0.0  0.0  0.0  0.0  0.0  0.3  0.0  0.0  1.7  1.4  0.0
  8.7  0.0  0.0  8.7  3.2  0.0  3.5  3.2  0.0  0.0  0.0  0.0  0.0  0.0  0.0
  0.0  0.9  0.0  0.0  0.0  0.0  0.0 19.4  2.9  0.9  6.4 39.3  3.5  7.2 11.0
  0.9  1.2  2.9  2.0  0.0  1.7  0.0 39.9 19.1 16.2  1.4  6.4 13.3  6.1  0.0
     -1.62      4.20     -2.66     -0.64     -0.31  0.0  0.0  0.0  0.0  0.0
                                4000_story_2089_llm_free.txt 34.5  4.5 2789
 18.6  5.4  6.1 47.0 11.8  0.4  3.6  1.1 15.4 17.2  1.1  1.4  1.1  5.7  0.4
  0.0  0.7  9.3 11.8  0.4  1.1246.3 81.0 34.1122.3 71.0 14.7  8.2  0.0  1.8
  0.4  1.8 21.2  6.8 12.9 30.8  9.0  4.7  2.2  1.4  1.4  2.5  3.6  7.5  0.0
  3.9  6.8  0.0  3.6  5.4 15.4 23.3 11.5  1.1  2.2 64.2 98.2  2.2192.2  7.2
  2.9  0.0  0.0  0.0  0.0  0.0  0.0  0.0  0.0  0.0  0.0  0.0  0.0  0.0  0.0
  0.0  0.0  0.0  2.2  0.4  2.9  0.7  0.0  0.0  0.0  0.0  0.0  0.0  0.0  0.0
  0.0  2.9  0.4  0.4  0.0  0.0  0.0  0.0  0.0  0.4  0.0  0.0  3.6  1.1  0.0
  6.1  0.0  0.0  6.1  3.6  0.0  3.9  4.7  0.0  0.0  0.0  0.0  0.0  0.0  0.0
  0.0  1.1  0.0  0.0  0.0  0.0  0.0 17.2  2.9  2.2  6.8 24.7  5.7 15.1 12.2
  2.5  1.8  1.8  1.1  0.7  1.1  0.0 37.3 16.1 25.1  0.4 10.0 17.6 10.8  0.0
     -0.37      5.80     -3.17     -2.46      1.03  0.0  0.0  0.0  0.0  0.0
                                4000_story_2090_llm_free.txt 35.8  4.4 3462
 19.4  3.8  5.8 45.6 13.0  0.9  2.9  3.2 16.2 15.6  0.0  1.4  0.6  5.2  0.3
  0.0  2.6  4.0 11.3  0.3  1.4266.6 82.0 23.7121.3 70.8 16.5  9.2  0.6  0.9
  0.9  2.9 31.5  6.9 17.9 30.0  3.8  3.2  1.7  1.4  2.9  2.6  2.6  4.6  0.3
  2.9  6.4  1.2  2.9  4.9 10.1 23.4  7.8  2.9  2.3 54.9 99.9  1.7179.1  4.3
  0.6  0.0  0.0  0.0  0.0  0.0  0.0  0.0  0.0  0.0  0.0  0.0  0.0  0.0  0.0
  0.0  0.0  0.0  0.9  0.0  3.5  0.6  0.0  0.0  0.0  0.0  0.0  0.0  0.0  0.0
  0.6  1.2  0.6  0.6  0.0  0.0  0.0  0.0  0.0  0.3  0.0  0.3  2.3  0.6  0.0
  4.9  0.0  0.0  4.9  2.9  0.0  3.2  3.2  0.0  0.0  0.0  0.0  0.0  0.0  0.0
  0.0  0.0  0.0  0.0  0.0  0.0  0.0  9.2  1.7  1.4  5.5 22.8  4.3  5.5 24.0
  1.7  1.2  2.6  3.5  0.0  0.3  0.0 41.3 17.6 20.2  1.7  9.2 11.3  7.2  0.0
      0.64      6.29     -3.16     -2.22     -0.15  0.3  0.0  0.0  0.0  0.0
                                4000_story_2091_llm_free.txt 36.3  4.5 3495
 20.0  3.1  2.0 38.3 11.4  0.9  2.9  1.7 11.4 16.9  2.0  1.4  0.9  5.7  0.0
  0.0  1.1  4.3  9.4  0.6  2.0269.2 91.6 26.9112.7 67.0  9.7  6.6  0.0  1.1
  0.0  2.0 20.6  6.9 11.4 36.3  4.9  5.4  2.0  0.9  1.7  1.1  3.4  4.6  0.3
  4.6  5.4  0.9  2.3  6.3 11.4 19.2  9.4  1.7  1.1 57.8 89.8  1.7169.1  6.6
  1.4  0.0  0.0  0.0  0.0  0.0  0.0  0.0  0.0  0.0  0.0  0.0  0.0  0.0  0.0
  0.0  0.0  0.0  0.9  0.9  2.0  1.1  0.0  0.3  0.0  0.0  0.0  0.0  0.0  0.0
  0.3  0.3  0.3  0.6  0.0  0.3  0.0  0.0  0.0  0.0  0.0  0.0  2.3  0.6  0.0
  4.9  0.3  0.0  5.2  1.4  0.3  1.7  2.9  0.0  0.0  0.0  0.0  0.0  0.0  0.0
  0.0  0.6  0.3  0.0  0.0  0.0  0.0 12.3  2.9  4.0  6.6 30.9  5.2  6.3 10.0
  1.7  2.0  1.1  1.7  0.0  0.9  0.0 36.9 12.9 22.0  1.4  9.2 11.7  9.2  0.0
     -2.99      4.05     -3.67     -3.00      0.91  0.6  0.0  0.3  0.0  0.0
                                4000_story_2092_llm_free.txt 37.8  4.4 3470
 19.3  7.8  6.3 46.7 11.2  1.4  3.2  1.4 22.2 15.3  0.3  1.2  0.9  5.5  0.0
  0.6  0.9  6.6 10.1  0.6  0.9262.5 81.6 34.0119.3 64.8 14.1  8.6  0.3  0.6
  0.0  1.2 20.7  6.9 12.7 34.9  7.5  2.9  1.4  0.3  1.2  1.4  3.2  8.1  0.6
  5.5  5.5  0.9  3.2  4.3 10.7 18.2 14.1  1.4  0.9 59.7 98.3  1.2182.4  5.2
  2.3  0.0  0.0  0.0  0.0  0.0  0.0  0.0  0.0  0.0  0.0  0.0  0.0  0.0  0.0
  0.0  0.0  0.0  2.3  0.9  3.2  1.7  0.0  0.3  0.0  0.0  0.0  0.0  0.0  0.0
  0.0  1.7  0.3  0.3  0.0  0.0  0.0  0.6  0.0  0.3  0.0  0.3  2.3  0.6  0.0
  8.1  0.3  0.0  8.4  2.3  0.6  3.2  3.2  0.0  0.0  0.0  0.0  0.0  0.0  0.0
  0.0  0.3  0.0  0.0  0.0  0.0  0.3 17.9  1.7  2.3  9.8 27.7  2.0  6.9 19.3
  4.6  1.2  4.0  3.5  0.0  0.9  0.0 39.2 18.4 23.9  2.0  5.8 13.0 10.4  0.0
     -1.11      5.40     -4.39     -4.20      1.79  0.0  0.0  0.0  0.0  0.0
                                4000_story_2094_llm_free.txt 34.5  4.5 3152
 15.9  5.1  1.0 33.0  7.3  0.3  2.2  1.3  8.9 15.5  0.6  1.0  0.0  4.8  0.3
  0.0  1.9  3.8 10.5  0.6  1.9281.7 91.7 36.5122.5 63.1 14.9  8.9  0.3  1.3
  0.3  1.9 30.1  7.3 17.1 26.6  6.3  4.4  1.9  0.3  1.3  2.5  1.9  7.3  0.3
  5.1  5.4  1.9  1.9  4.1  9.5 19.0 12.7  2.5  1.9 63.1 79.3  1.6171.0  5.1
  2.2  0.0  0.0  0.0  0.0  0.0  0.0  0.0  0.0  0.0  0.0  0.0  0.0  0.0  0.0
  0.0  0.0  0.0  2.2  0.3  3.8  0.6  0.0  0.0  0.0  0.0  0.0  0.0  0.0  0.3
  0.6  1.6  0.6  0.3  0.0  0.0  0.0  0.0  0.0  0.3  0.3  0.3  1.9  0.0  0.0
  7.0  0.0  0.0  7.0  3.5  0.0  3.8  2.5  0.0  0.0  0.0  0.0  0.0  0.0  0.0
  0.0  0.3  0.0  0.0  0.0  0.0  0.0 13.6  1.3  1.6  8.2 34.9  6.3  5.4 26.3
  3.5  2.9  1.9  2.2  0.3  1.0  0.0 33.6 17.1 18.1  1.3  7.6 14.9  8.9  0.0
     -4.67      5.62     -3.76     -3.17      0.55  0.3  0.0  0.0  0.3  0.0
                                4000_story_2098_llm_free.txt 37.5  4.3 3050
 16.4  5.2  8.5 54.1 21.3  1.3  2.3  1.3 18.7 18.7  0.0  2.0  0.3  4.6  0.0
  0.0  1.0  9.2 10.8  1.3  2.6247.9 76.7 23.6119.3 67.5 14.1 10.5  0.0  2.0
  0.0  2.0 14.1  7.5 11.5 30.8  7.5  3.6  4.6  1.6  1.0  1.6  2.0  6.2  0.3
  6.2  6.6  2.6  2.3  3.6 13.8 23.0 12.8  2.3  2.0 56.4107.5  2.3190.5  5.9
  1.0  0.0  0.0  0.0  0.0  0.0  0.0  0.0  0.0  0.0  0.0  0.0  0.0  0.0  0.0
  0.0  0.0  0.0  4.6  0.3  1.0  1.6  0.0  0.3  0.0  0.0  0.0  0.0  0.0  0.3
  0.3  2.6  0.7  0.3  0.0  0.3  0.0  0.3  0.0  0.7  0.0  0.3  3.0  2.0  0.0
  7.5  0.3  0.0  7.9  4.3  0.7  5.6  5.2  0.0  0.0  0.0  0.0  0.0  0.0  0.0
  0.3  0.0  0.3  0.0  0.0  0.0  0.0 14.8  1.0  1.6 10.5 31.5  1.6 14.1 11.5
  0.7  0.3  1.6  3.6  0.0  0.7  0.0 43.3 18.4 20.3  3.3 11.1 13.8 10.2  0.0
      2.57      5.85     -3.62     -2.40      0.81  0.0  0.0  0.0  0.0  0.0
                                4000_story_2100_llm_free.txt 37.3  4.4 3664
 18.6  4.6  4.6 39.0 13.1  0.5  1.6  0.0 16.6 15.8  0.3  0.5  0.5  4.4  0.5
  0.0  2.2  5.2  8.2  1.6  1.6277.3 86.5 24.6120.4 69.9 11.2 10.6  0.0  0.3
  0.3  1.1 17.7  7.1 14.7 25.9  5.7  3.0  3.8  0.8  1.4  1.4  3.0  4.1  0.5
  5.2  3.3  1.4  1.6  4.6  9.6 13.9  9.8  3.8  0.5 57.0 99.6  1.1180.9  5.2
  0.3  0.0  0.0  0.0  0.0  0.0  0.0  0.0  0.0  0.0  0.0  0.0  0.0  0.0  0.0
  0.0  0.0  0.0  2.5  1.1  3.5  0.8  0.0  0.0  0.0  0.0  0.0  0.0  0.0  1.4
  0.5  1.6  0.0  0.5  0.0  0.3  0.0  0.0  0.0  0.3  0.0  0.0  2.7  0.0  0.0
  7.9  0.0  0.0  7.9  4.1  0.3  4.6  2.7  0.0  0.0  0.0  0.0  0.0  0.0  0.0
  0.0  0.5  0.0  0.0  0.0  0.0  0.0 19.9  1.6  3.0  7.6 40.4  5.5  3.5  8.2
  2.2  2.2  2.2  3.3  0.0  0.8  0.3 37.7 18.6 21.3  2.5  7.9 11.5  8.5  0.0
     -1.43      5.46     -4.84     -3.09      0.96  0.8  0.0  0.0  0.0  0.0
                                4000_story_2102_llm_free.txt 35.5  4.5 3433
 13.4  1.7  3.5 36.4  8.7  0.0  2.3  0.3 10.2 15.1  0.9  1.2  0.6  2.3  0.9
  0.6  2.0  3.5 10.2  1.5  0.9275.3 75.7 33.5117.7 57.7 15.7  9.0  0.3  2.0
  0.3  2.3 35.2  8.7 14.3 31.2  8.7  2.6  2.6  2.6  1.5  1.7  2.3  9.0  0.0
  4.1  5.0  0.3  2.3  3.8  7.6 21.3 13.1  3.5  2.6 67.0 76.6  2.0172.2  6.1
  1.7  0.0  0.0  0.0  0.0  0.0  0.0  0.0  0.0  0.0  0.0  0.0  0.0  0.0  0.0
  0.0  0.0  0.0  0.9  0.3  1.7  0.3  0.0  0.0  0.0  0.0  0.0  0.0  0.0  0.3
  0.0  2.6  0.6  0.3  0.0  0.0  0.0  0.0  0.0  0.0  0.6  0.0  3.8  0.6  0.0
  3.2  0.0  0.0  3.2  3.8  0.0  3.8  5.0  0.0  0.0  0.0  0.0  0.0  0.0  0.0
  0.9  0.6  0.0  0.0  0.0  0.0  0.0 15.1  2.0  1.5  7.0 40.5  1.5  5.2 15.7
  2.6  1.2  3.5  3.8  0.0  0.6  0.6 39.6 17.2 20.1  0.9  7.6 15.1  9.9  0.0
     -4.49      5.40     -2.73     -2.55      0.51  0.0  0.3  0.0  0.0  0.0
                                4000_story_2103_llm_free.txt 34.5  4.4 3411
 17.9  8.2 10.0 54.5 20.8  0.9  4.4  0.9 20.5 19.3  1.2  0.9  0.3  6.2  0.3
  0.0  3.8  5.9  9.4  2.3  0.6243.0 72.4 29.0121.1 58.6 13.5 15.2  0.3  0.6
  0.0  1.2 21.7  6.7 13.5 27.3 12.9  4.7  5.9  2.3  1.5  0.9  1.8  5.9  0.6
  6.4  6.4  1.8  2.9  4.1 12.0 20.2 12.9  6.2  0.9 58.6100.0  3.8198.5  7.0
  0.6  0.3  0.0  0.0  0.0  0.0  0.0  0.0  0.0  0.0  0.0  0.0  0.0  0.0  0.0
  0.0  0.0  0.0  5.9  0.9  2.6  1.2  0.6  0.0  0.0  0.0  0.0  0.0  0.0  1.5
  0.6  2.3  1.5  1.5  0.0  0.3  0.3  0.0  0.0  0.0  0.0  0.0  0.6  0.3  0.0
 10.6  0.6  0.0 11.1  7.3  0.6  7.9  0.9  0.0  0.0  0.0  0.0  0.0  0.0  0.0
  0.0  0.6  0.3  0.0  0.0  0.0  0.0 10.6  2.6  2.6  7.9 25.2  2.1 18.8  8.5
  1.5  2.3  1.5  1.2  0.3  1.2  0.6 46.3 26.7 22.9  2.1  8.2 13.5 10.0  0.0
      7.99      6.28     -4.06     -1.48      0.89  0.0  0.0  0.0  0.3  0.0
                                4000_story_2107_llm_free.txt 35.5  4.5 3081
 17.5  2.3  1.0 31.5  5.2  0.0  0.6  1.9  6.5 19.5  1.0  0.3  0.0  5.2  0.6
  0.3  0.0  4.9 11.0  0.6  0.6280.1 84.1 37.0117.5 50.3 11.4  8.8  0.0  0.0
  0.6  2.3 21.1  7.5 12.0 24.7  5.8  3.9  0.6  1.9  1.9  0.6  2.9  7.8  1.3
  4.9  4.9  2.3  2.9  2.9 10.7 20.4 14.0  0.6  0.6 67.2 62.0  0.6166.2  4.5
  1.6  0.0  0.0  0.0  0.0  0.0  0.0  0.0  0.0  0.0  0.0  0.0  0.0  0.0  0.0
  0.0  0.0  0.0  1.9  1.0  1.9  1.0  0.0  0.0  0.0  0.0  0.3  0.0  0.0  0.0
  0.3  1.0  0.6  0.6  0.0  0.0  0.0  0.0  0.0  0.0  0.0  0.0  1.0  0.0  0.0
  5.8  0.0  0.3  6.2  2.6  0.0  2.6  1.0  0.0  0.0  0.0  0.0  0.0  0.0  0.0
  0.3  0.0  0.0  0.0  0.0  0.0  0.0  5.8  1.6  0.6  4.5 32.1  9.1  6.2  7.8
  0.3  1.9  2.3  2.6  0.0  1.3  0.0 35.1 17.5 22.1  1.9  4.5 10.4  7.8  0.0
     -7.95      4.18     -3.20     -3.40      1.95  0.0  0.0  0.0  0.0  0.0
                                4000_story_2118_llm_free.txt 36.8  4.4 3482
 20.7  6.6 11.2 45.1 14.1  0.9  3.2  1.4 15.8 19.5  0.6  1.7  0.6  5.2  0.3
  0.0  2.3  4.0  8.0  0.6  1.4257.6 85.6 31.6122.9 57.4 14.4  9.2  0.0  0.9
  0.6  1.7 15.2  7.5 10.9 32.5  6.6  4.6  4.3  3.2  0.3  1.4  4.0  4.0  0.9
  4.9  5.7  0.6  2.0  2.9  8.9 20.4  9.8  2.9  1.4 58.3 87.3  2.3184.4  6.9
  2.3  0.0  0.0  0.0  0.0  0.0  0.0  0.0  0.0  0.0  0.0  0.0  0.0  0.0  0.0
  0.0  0.0  0.0  0.6  0.3  4.9  2.6  0.0  0.0  0.0  0.0  0.0  0.0  0.0  0.3
  0.6  1.4  1.7  0.3  0.0  0.3  0.0  0.0  0.0  0.0  0.0  0.0  2.3  0.6  0.0
  8.3  0.0  0.0  8.3  4.3  0.3  4.6  2.9  0.0  0.0  0.0  0.0  0.0  0.0  0.0
  0.0  0.6  0.0  0.0  0.0  0.0  0.0 10.3  2.0  2.3  7.8 32.2  2.3 13.2 11.8
  8.6  0.6  0.9  3.2  0.3  1.7  0.0 37.3 18.7 23.5  2.0  8.9 10.1  8.9  0.0
      1.13      5.33     -3.57     -1.97      1.73  0.0  0.0  0.0  0.0  0.0
                                4000_story_2133_llm_free.txt 34.3  4.5 3135
 12.8  2.9  3.5 31.6  4.8  0.6  1.9  1.9  8.0 16.6  0.3  0.6  0.3  3.5  0.0
  0.6  1.0  3.2  5.4  1.3  1.3269.2 86.4 29.3115.8 72.1 17.2  6.4  0.6  0.6
  0.0  1.3 17.9  7.3 11.2 29.3  7.0  2.2  1.3  1.3  2.2  1.6  2.6  7.0  0.3
  4.5  8.0  1.3  2.6  3.2  7.7 16.6 11.8  2.2  1.3 61.9 84.8  1.6167.1  9.9
  2.2  0.3  0.0  0.0  0.0  0.0  0.0  0.0  0.0  0.0  0.0  0.0  0.0  0.0  0.0
  0.0  0.0  0.0  0.6  1.0  1.9  0.3  0.3  0.0  0.0  0.0  0.0  0.0  0.0  0.0
  0.0  2.9  0.3  0.0  0.0  0.0  0.0  0.0  0.0  0.6  0.0  0.3  2.2  0.3  0.0
  3.8  0.3  0.0  4.1  3.2  0.0  3.8  2.9  0.0  0.0  0.0  0.0  0.0  0.0  0.0
  0.0  0.3  0.0  0.0  0.0  0.0  0.0 17.5  1.6  1.6  4.8 34.1  5.7  3.5  9.6
  1.6  1.9  0.3  6.7  0.0  1.6  0.0 33.2 15.0 17.2  1.9  7.7 11.5  9.9  0.0
     -7.45      5.78     -3.67     -3.38      0.72  0.0  0.0  0.0  0.0  0.0
                                4000_story_2136_llm_free.txt 35.3  4.4 3392
 15.9  4.7  8.0 43.6 13.0  2.9  4.1  1.5 21.5 23.3  0.3  0.9  0.0  5.3  0.9
  0.3  2.4  7.1  8.8  0.3  1.5251.2 71.0 36.0125.6 72.5 13.3  8.3  0.3  0.9
  0.0  1.8 15.6  8.3 10.3 38.3  8.3  3.5  2.1  1.5  1.8  2.4  3.2  3.8  0.0
  2.7  4.4  0.6  4.7  5.6 12.4 17.4  6.5  2.7  1.2 68.1107.0  1.5185.1  8.0
  1.2  0.0  0.0  0.0  0.0  0.0  0.0  0.0  0.0  0.0  0.0  0.0  0.0  0.0  0.0
  0.0  0.0  0.0  1.2  0.9  2.7  1.5  0.0  0.0  0.0  0.0  0.0  0.0  0.0  0.9
  0.0  1.8  1.2  0.3  0.0  0.3  0.0  0.3  0.0  0.6  0.0  0.0  3.2  0.0  0.0
  6.2  0.0  0.0  6.2  4.1  0.6  5.3  3.2  0.0  0.0  0.0  0.0  0.0  0.0  0.0
  0.9  0.0  0.0  0.0  0.0  0.0  0.0 13.6  2.7  2.9  7.7 26.5  0.6  9.1 10.0
  2.9  0.9  0.3  5.0  0.0  1.2  0.3 41.3 16.2 21.5  1.8  9.1 13.6 10.9  0.0
      2.69      5.71     -4.24     -2.64     -0.16  0.0  0.0  0.0  0.0  0.0
                                4000_story_2143_llm_free.txt 33.8  4.5 3165
 25.0  6.3  6.3 41.1 12.6  2.2  2.2  1.6 12.3 19.3  1.6  2.5  0.0  4.1  0.3
  0.0  1.9  3.8  7.3  0.6  1.3270.8 83.4 32.9116.9 64.5 10.4  8.8  0.0  0.9
  0.0  1.9 15.5  8.5 12.0 33.2  7.0  5.4  0.6  1.3  1.3  0.6  2.5  4.7  0.0
  4.4  5.7  0.3  2.2  4.1 10.4 18.6  9.2  2.5  0.9 64.8 89.4  0.9176.9  6.3
  0.6  0.0  0.0  0.0  0.0  0.0  0.0  0.0  0.0  0.0  0.0  0.0  0.0  0.0  0.0
  0.0  0.0  0.0  2.5  0.3  3.8  1.3  0.0  0.0  0.0  0.0  0.0  0.0  0.0  0.0
  0.0  1.3  0.6  0.9  0.0  0.3  0.0  0.6  0.0  0.3  0.0  0.0  2.8  0.3  0.0
  7.9  0.0  0.0  7.9  2.8  0.9  4.1  3.2  0.0  0.0  0.0  0.0  0.0  0.0  0.0
  0.0  0.6  0.0  0.0  0.0  0.0  0.0 13.3  2.5  2.8  9.8 24.0  6.0  5.7  7.0
  1.6  2.2  2.2  3.2  0.0  0.6  0.0 35.7 17.7 27.2  1.6  7.9 14.2  8.5  0.0
     -0.73      4.63     -4.63     -3.69      0.10  0.0  0.0  0.0  0.0  0.0
                                4000_story_2148_llm_free.txt 33.3  4.4 2900
 18.3  4.8  8.3 45.5 15.5  1.0  3.4  0.3 19.0 15.9  1.0  1.0  1.0  7.2  0.3
  2.1  1.4  6.6  8.6  0.7  3.1253.4 76.6 29.3118.6 62.4 13.8  7.9  0.3  1.4
  0.3  2.4 31.7  6.9 12.8 38.3  6.2  4.1  4.1  2.8  0.3  1.0  3.4  4.8  0.0
  5.2  6.2  0.7  2.8  3.8 11.0 21.0 10.0  2.1  2.1 56.6 96.9  2.1177.6  5.9
  1.0  0.0  0.0  0.0  0.0  0.0  0.0  0.0  0.0  0.0  0.0  0.0  0.0  0.0  0.0
  0.0  0.0  0.0  1.4  0.3  3.4  1.4  0.0  0.0  0.0  0.0  0.0  0.3  0.0  0.0
  0.3  1.7  0.7  0.7  0.0  0.0  0.0  0.0  0.0  0.0  0.0  0.3  1.4  1.7  0.0
  6.6  0.0  0.3  6.9  3.4  0.0  3.4  3.4  0.0  0.0  0.0  0.0  0.0  0.0  0.0
  0.0  2.1  0.0  0.0  0.0  0.0  0.0 11.4  3.1  1.7  5.2 34.1  3.8  9.0 15.2
  3.1  1.0  1.7  3.4  0.3  1.4  0.3 41.0 16.9 25.9  1.7  6.6 12.8  9.3  0.0
      2.13      5.07     -2.62     -2.45      0.93  0.0  0.0  0.0  0.3  0.0
                                4000_story_2178_llm_free.txt 34.5  4.5 3948
 17.7  5.6  7.1 33.4  8.9  0.5  2.5  0.8 10.9 16.5  0.8  0.8  0.8  4.8  0.8
  0.8  2.8  3.8  9.1  0.0  3.0275.8 88.1 39.3122.6 58.0 13.4  9.4  0.3  0.0
  0.3  1.5 28.4  9.1 10.6 27.9  5.8  2.8  1.0  1.8  0.5  1.8  0.5  4.3  0.5
  5.6  4.3  1.5  1.5  3.3  7.1 17.5 10.4  2.8  0.5 70.9 77.8  2.8172.7  7.1
  1.3  0.0  0.0  0.0  0.0  0.0  0.0  0.0  0.0  0.0  0.0  0.0  0.0  0.0  0.0
  0.0  0.0  0.0  3.8  0.8  2.5  0.5  0.0  0.0  0.0  0.0  0.0  0.0  0.0  0.5
  0.0  1.0  1.5  0.5  0.0  0.0  0.0  0.0  0.0  0.3  0.3  0.0  1.5  0.8  0.0
  7.6  0.0  0.0  7.6  3.5  0.0  3.8  2.5  0.0  0.0  0.0  0.0  0.0  0.0  0.0
  0.0  0.8  0.0  0.0  0.0  0.0  0.0 12.7  2.3  0.8  7.1 37.5  5.3  5.6  9.6
  1.8  1.0  2.5  3.3  0.5  1.3  0.3 36.5 15.2 20.0  2.0  5.6 11.4  8.6  0.0
     -1.67      5.20     -3.43     -3.86     -0.47  0.0  0.0  0.5  0.0  0.0
                                4000_story_2186_llm_free.txt 37.0  4.5 3359
 12.8  7.7  7.4 42.9 15.8  0.6  1.5  0.3 16.7 16.1  0.0  2.1  0.6  3.6  1.2
  0.3  0.6  4.2  9.2  0.3  0.6267.9 87.5 31.9114.6 56.3 14.3  9.2  0.0  0.9
  0.0  1.8 32.2  8.9  8.6 32.5  8.9  5.1  2.7  2.1  1.5  3.9  3.6  6.0  0.9
  2.7  6.3  1.8  2.7  2.1 10.7 21.4  9.5  0.9  0.9 59.2 88.7  1.8173.9  5.4
  2.7  0.0  0.0  0.0  0.0  0.0  0.0  0.0  0.0  0.0  0.0  0.0  0.0  0.0  0.0
  0.0  0.0  0.0  3.9  1.2  2.7  2.7  0.0  0.0  0.0  0.0  0.0  0.0  0.0  0.3
  0.3  2.1  0.6  0.3  0.0  0.9  0.0  0.0  0.0  0.3  0.0  0.0  3.0  0.6  0.0
 10.4  0.0  0.0 10.4  3.6  0.9  4.8  3.6  0.0  0.0  0.0  0.0  0.0  0.0  0.0
  0.3  0.3  0.0  0.0  0.0  0.0  0.0 16.7  5.1  2.4  9.5 37.2  3.6  9.5  8.6
  1.8  2.7  1.8  1.2  0.3  1.2  0.9 37.2 14.6 16.7  2.1  6.3 11.6  9.2  0.0
     -4.47      5.00     -2.62     -1.33      1.06  0.0  0.0  0.3  0.0  0.0
                                4000_story_2199_llm_free.txt 35.8  4.4 3043
 12.8  3.0  4.6 33.5  7.2  0.3  1.6  0.3 10.5 16.1  0.0  0.7  0.3  3.6  0.3
  0.0  2.3  3.9 11.5  0.7  1.0292.1 84.5 31.9121.3 55.2 15.1  7.6  0.7  0.7
  0.0  2.0 23.3  8.2 11.8 28.6  5.9  2.0  3.0  1.0  1.6  2.0  2.3  6.2  0.0
  4.6  7.6  0.3  2.0  4.3  7.6 22.7 10.8  3.0  1.3 61.8 73.0  1.3168.6  3.6
  0.7  0.0  0.0  0.0  0.0  0.0  0.0  0.0  0.0  0.0  0.0  0.0  0.0  0.0  0.0
  0.0  0.0  0.0  0.3  0.0  1.6  2.6  0.0  0.0  0.0  0.0  0.0  0.0  0.0  0.0
  0.0  1.0  0.7  0.7  0.0  0.0  0.0  0.0  0.0  0.0  0.0  0.0  1.3  0.3  0.0
  4.6  0.0  0.0  4.6  2.3  0.0  2.3  1.6  0.0  0.0  0.0  0.0  0.0  0.0  0.0
  0.3  0.3  0.0  0.0  0.0  0.0  0.0 15.1  2.0  0.3  5.3 37.5  6.9  3.0  9.2
  6.2  2.3  3.3  3.6  0.0  0.0  0.0 31.9 15.8 17.4  1.0  6.6 12.2  7.2  0.0
     -5.16      5.02     -3.41     -3.16      0.24  0.0  0.0  0.0  0.0  0.0
                                4000_story_2222_llm_free.txt 36.3  4.4 3663
 16.7  4.1  6.0 39.0  7.4  0.3  2.5  0.8  8.7 25.1  0.3  1.4  0.5  5.2  0.3
  0.5  1.1  3.3  9.0  0.8  1.1265.6 79.2 30.8126.7 65.8 12.8 11.5  0.3  0.8
  0.0  0.8 19.1  9.3 12.6 27.0  6.6  3.3  1.6  0.8  1.1  0.5  4.4  6.6  0.5
  5.5  5.2  0.8  3.3  3.8  7.6 17.2 12.6  1.9  1.1 60.6 81.9  2.7186.5  6.0
  2.2  0.0  0.0  0.0  0.0  0.0  0.0  0.0  0.0  0.0  0.0  0.0  0.0  0.0  0.0
  0.0  0.0  0.0  1.4  0.3  2.2  1.1  0.0  0.0  0.0  0.0  0.0  0.0  0.0  0.0
  0.0  0.8  1.4  0.3  0.0  0.0  0.0  0.0  0.0  0.3  0.0  0.3  1.1  0.3  0.0
  4.9  0.0  0.0  4.9  2.5  0.0  2.7  1.6  0.0  0.0  0.0  0.0  0.0  0.0  0.0
  0.0  0.5  0.0  0.0  0.0  0.0  0.0 16.1  2.2  1.1  7.4 28.7  1.9 10.9 12.6
  1.6  2.2  0.5  2.2  0.0  1.1  0.0 38.8 15.6 20.5  4.6 11.2 12.0  8.7  0.0
     -2.77      5.95     -4.71     -4.19      2.28  0.0  0.0  0.0  0.0  0.0
                                4000_story_2245_llm_free.txt 36.3  4.7 2647
 13.2  3.8  5.7 28.0  4.9  1.1  2.3  0.8  6.8 21.9  0.8  0.0  0.0  3.4  0.0
  0.8  0.4  2.6 11.0  0.0  1.9304.5 93.3 35.9118.6 39.3 10.6  5.7  0.4  0.0
  0.4  0.8 28.7  8.3 16.6 28.7  6.4  2.3  1.1  1.1  1.5  1.1  3.0  5.3  0.0
  4.9  3.8  0.8  1.9  2.6  6.4 16.6 10.2  0.4  0.8 66.1 51.0  0.4168.5  7.6
  2.3  0.0  0.0  0.0  0.0  0.0  0.0  0.0  0.0  0.0  0.0  0.0  0.0  0.0  0.0
  0.0  0.0  0.0  0.8  0.4  3.0  1.1  0.0  0.0  0.0  0.0  0.0  0.0  0.0  0.0
  0.4  0.4  0.4  0.4  0.0  0.0  0.0  0.0  0.0  0.0  0.4  0.0  1.1  0.4  0.0
  5.3  0.0  0.0  5.3  1.5  0.0  1.5  1.9  0.0  0.0  0.0  0.0  0.0  0.0  0.0
  0.0  1.1  0.0  0.0  0.0  0.0  0.0  4.9  2.3  1.1  8.3 35.5  7.6  6.8  8.3
  0.4  1.1  0.8  0.8  0.0  2.3  0.0 31.7 10.2 16.6  1.1  9.4  8.7 10.2  0.0
    -10.15      3.00     -5.08     -4.01      0.65  0.4  0.0  0.0  0.0  0.0
                                4000_story_2254_llm_free.txt 36.8  4.5 3551
 17.5  3.1  5.6 51.3  9.9  0.6  2.8  1.1 14.9 19.4  1.1  0.0  0.6  4.8  0.0
  0.3  1.7  5.9  9.6  1.4  1.1274.3 87.9 31.0115.2 48.7 11.3 14.6  0.0  0.3
  0.0  2.0 29.9  8.2 23.7 27.3  4.2  3.1  2.5  1.7  2.0  2.3  1.1  7.0  0.6
  7.6  4.8  1.4  2.8  4.5 11.0 18.0 15.2  3.1  0.3 61.1 73.5  0.8185.3  7.0
  1.7  0.0  0.0  0.0  0.0  0.0  0.0  0.0  0.0  0.0  0.0  0.0  0.0  0.0  0.0
  0.0  0.0  0.0  2.0  0.6  2.3  0.3  0.0  0.0  0.0  0.0  0.0  0.0  0.0  0.6
  0.0  0.3  0.6  0.8  0.0  0.6  0.0  0.3  0.0  0.0  0.0  0.0  2.8  1.4  0.0
  5.1  0.0  0.0  5.1  2.3  0.8  3.1  4.2  0.0  0.0  0.0  0.0  0.0  0.0  0.0
  0.0  0.6  0.0  0.0  0.0  0.0  0.0  9.3  1.4  0.8  7.9 25.3  2.5  3.4 35.5
  2.0  1.1  2.0  2.5  0.0  0.0  0.3 38.6 24.5 19.4  1.4  5.6 13.5  9.3  0.0
     -2.37      5.10     -6.93     -2.44      1.03  0.3  0.0  0.0  0.3  0.0
                                4000_story_2259_llm_free.txt 40.8  4.4 3252
 20.3  4.9 11.7 57.5 20.3  1.8  4.6  2.2 21.5 24.3  1.5  0.9  0.3  5.5  0.3
  0.9  2.5  7.1 10.1  1.2  0.9246.0 67.0 29.2115.6 60.9 11.1 10.1  0.3  1.8
  0.6  1.8 19.1  9.8  9.2 31.1  8.0  4.6  3.7  1.8  2.2  2.5  3.1  5.5  0.3
  3.7  5.2  1.5  2.5  2.8 13.8 20.0  9.5  3.7  2.8 66.1102.7  2.5189.7  8.3
  1.2  0.0  0.0  0.0  0.0  0.0  0.0  0.0  0.0  0.0  0.0  0.0  0.0  0.0  0.0
  0.0  0.0  0.0  1.8  0.3  4.0  0.3  0.0  0.0  0.0  0.0  0.0  0.0  0.0  0.3
  0.0  2.2  1.2  0.0  0.0  0.0  0.0  0.0  0.0  0.3  0.0  0.3  1.5  0.6  0.0
  6.5  0.0  0.0  6.5  3.7  0.0  4.0  2.5  0.0  0.0  0.0  0.0  0.0  0.0  0.0
  0.6  0.3  0.3  0.0  0.0  0.0  0.0 17.2  2.8  4.6  8.3 23.7  0.9 20.6 11.7
  0.9  0.9  2.2  3.4  0.9  0.0  0.3 37.2 19.1 24.0  2.5  7.7 13.8  9.8  0.0
      6.40      4.79     -2.65     -1.47      0.56  0.0  0.0  0.0  0.0  0.0
                                4000_story_2286_llm_free.txt 37.5  4.6 3835
 14.9  3.7  6.5 43.3 12.0  1.6  2.1  0.5 14.1 20.9  0.8  0.5  0.3  7.0  0.5
  0.3  1.8  5.5 11.2  2.6  1.3274.6 85.3 33.9117.1 42.2 11.7 14.9  0.0  0.8
  0.3  1.3 24.3  7.8 13.6 31.6  9.4  1.6  2.3  2.1  2.1  2.3  3.1  5.2  0.5
  5.5  3.9  0.5  2.9  4.7  9.1 19.0 11.2  4.4  1.0 61.3 68.3  1.6182.5  8.3
  3.4  0.0  0.0  0.0  0.0  0.0  0.0  0.0  0.0  0.0  0.0  0.0  0.0  0.0  0.0
  0.0  0.0  0.0  1.8  0.0  3.1  1.0  0.0  0.0  0.0  0.0  0.0  0.0  0.0  0.8
  1.0  2.3  0.3  0.3  0.0  0.8  0.0  0.0  0.0  0.3  0.0  0.0  1.0  1.0  0.0
  6.0  0.0  0.0  6.0  4.7  0.8  5.7  2.1  0.0  0.0  0.0  0.0  0.0  0.0  0.0
  0.0  0.5  0.0  0.0  0.0  0.0  0.0 13.3  0.3  1.3  6.0 30.2  2.6  3.7 15.4
  3.4  1.3  3.1  2.1  0.3  0.3  0.8 36.5 19.8 21.4  3.1 11.0 10.2 12.0  0.0
      0.81      5.01     -4.25     -2.60      1.29  0.3  0.0  0.0  0.0  0.0
                                4000_story_2287_llm_free.txt 35.8  4.5 3524
 16.2  6.0  3.1 57.0 15.0  1.1  4.3  1.4 10.2 12.5  1.4  0.9  0.0  4.3  0.3
  0.3  2.3  4.5  9.4  0.6  1.4275.5 92.2 37.2111.5 64.7 15.3  8.5  0.6  1.1
  0.3  0.9 28.7  6.0 17.3 27.8  3.7  2.8  1.4  1.4  2.3  4.0  2.0  4.8  0.0
  4.5  3.7  0.6  0.9  3.4  9.6 16.2  9.4  2.8  2.0 59.6 90.0  1.1179.9  6.8
  2.0  0.0  0.0  0.0  0.0  0.0  0.0  0.0  0.0  0.0  0.0  0.0  0.0  0.0  0.0
  0.0  0.0  0.0  2.8  1.4  1.7  1.4  0.0  0.0  0.0  0.0  0.0  0.0  0.0  0.0
  0.3  1.1  0.9  0.3  0.0  0.0  0.0  0.0  0.0  0.0  0.0  0.3  2.0  0.9  0.0
  7.4  0.0  0.0  7.4  2.6  0.0  2.6  3.1  0.0  0.0  0.0  0.0  0.0  0.0  0.0
  0.0  0.3  0.0  0.0  0.0  0.0  0.0 16.5  2.0  0.6  9.1 24.7  4.0  3.7 18.2
  0.6  1.1  2.0  2.3  0.6  0.9  0.0 25.5 17.0 18.7  1.7  6.5 10.5  8.8  0.0
     -2.54      5.34     -3.94     -2.16     -0.19  0.0  0.0  0.0  0.0  0.0
                                4000_story_2288_llm_free.txt 35.5  4.7 3106
 15.1  4.5  6.8 31.2  6.4  1.0  2.6  1.3 12.9 18.7  0.3  0.6  0.6  5.2  0.0
  0.0  1.3  3.2  8.4  0.3  1.3295.9 96.9 30.3121.4 37.0 13.2 10.0  0.3  1.0
  0.0  2.3 34.1 10.6 16.7 31.2  5.5  1.3  2.3  0.6  1.0  1.0  3.9  4.2  0.3
  5.2  4.5  1.3  1.0  3.5  5.5 16.4  9.7  1.6  1.3 54.1 56.3  1.0171.3  7.4
  1.6  0.0  0.0  0.0  0.0  0.0  0.0  0.0  0.0  0.0  0.0  0.0  0.0  0.0  0.0
  0.0  0.0  0.0  2.9  0.3  1.3  0.6  0.0  0.0  0.0  0.0  0.0  0.0  0.0  0.6
  0.0  1.6  0.0  0.0  0.0  0.0  0.0  0.0  0.0  0.3  0.3  0.0  1.3  0.0  0.0
  5.2  0.0  0.0  5.2  2.3  0.0  2.6  1.6  0.0  0.0  0.0  0.0  0.0  0.0  0.0
  0.0  0.3  0.3  0.0  0.0  0.0  0.0 10.6  1.9  2.9  4.2 27.4  4.2  5.8 13.5
  0.3  1.3  1.3  1.9  0.0  1.0  0.6 32.5 20.3 19.3  1.0 10.6 13.5  8.4  0.0
     -6.78      4.30     -4.88     -4.43      1.33  0.3  0.3  0.0  0.0  0.0
                                4000_story_2289_llm_free.txt 35.5  4.5 3458
 17.1  4.0  6.1 41.6  8.7  1.4  2.9  2.3 11.0 18.2  0.9  0.9  0.0  4.9  0.3
  0.0  1.2  4.6  8.1  2.6  0.9262.9 78.9 24.9121.2 61.6 15.9 11.3  0.0  0.9
  0.3  0.6 21.1  8.7 13.0 30.4  9.5  4.3  2.9  1.2  3.2  2.3  2.9  5.5  0.3
  4.6  5.2  1.4  2.9  2.6 12.1 15.9 10.4  3.8  1.2 54.4 81.3  1.7182.5  5.8
  1.4  0.3  0.0  0.0  0.0  0.0  0.0  0.0  0.0  0.0  0.0  0.0  0.0  0.0  0.0
  0.0  0.0  0.0  1.7  1.4  2.6  0.0  0.3  0.0  0.0  0.0  0.0  0.0  0.0  0.3
  0.3  2.3  0.3  0.0  0.0  0.3  0.3  0.0  0.0  0.9  0.0  0.3  3.2  0.6  0.0
  5.8  0.3  0.0  6.1  3.2  0.6  4.6  4.0  0.0  0.0  0.0  0.0  0.0  0.0  0.0
  0.0  0.6  0.0  0.0  0.3  0.0  0.0 15.0  4.3  1.7  6.9 26.0 11.0 17.6  5.8
  0.3  0.0  1.7  1.4  0.3  0.9  0.0 39.9 21.7 25.7  1.7  8.1 11.6  9.5  0.0
     -1.19      6.14     -4.68     -1.67      0.73  0.3  0.0  0.0  0.0  0.0
                                4000_story_2290_llm_free.txt 37.5  4.5 3415
 15.5  5.0  6.1 38.4 10.8  0.6  2.9  1.5 13.8 17.0  0.3  1.5  0.3  5.6  0.3
  0.3  1.5  5.6 10.0  0.6  1.2267.3 92.5 27.5122.4 68.8 14.1  9.4  0.0  2.3
  0.0  0.6 31.9  7.9 17.0 24.3  6.1  3.2  2.6  2.0  2.0  2.3  2.9  4.7  0.6
  5.9  4.7  0.9  3.8  3.2 10.8 18.7 11.1  2.0  2.3 54.8 93.4  1.2180.1  5.9
  2.3  0.0  0.0  0.0  0.0  0.0  0.0  0.0  0.0  0.0  0.0  0.0  0.0  0.0  0.0
  0.0  0.0  0.0  1.5  0.0  3.2  0.6  0.0  0.3  0.0  0.0  0.0  0.0  0.0  0.6
  0.0  0.9  0.9  0.3  0.0  0.6  0.0  0.6  0.0  0.3  0.0  0.3  1.8  0.6  0.0
  5.3  0.3  0.0  5.6  2.6  1.2  4.1  2.6  0.0  0.0  0.0  0.0  0.0  0.0  0.0
  0.3  0.3  0.0  0.0  0.0  0.0  0.0 11.1  1.8  1.5 10.8 30.2  2.9  7.3 23.7
  2.3  1.5  1.2  2.3  0.0  1.2  0.3 42.5 16.4 18.2  2.3  9.4 11.7  7.9  0.0
     -2.39      5.80     -4.06     -2.14      1.25  0.6  0.0  0.0  0.0  0.0
                                4000_story_2291_llm_free.txt 34.5  4.4 3527
 13.6  3.4  7.9 44.2 18.4  0.3  2.8  1.4 19.6 17.9  0.6  1.7  0.0  2.8  0.6
  0.6  2.3  5.1  5.1  1.4  2.3245.8 83.1 25.0113.1 74.0 16.4  7.4  0.0  1.1
  0.6  2.0 17.3 10.8 14.5 32.9  8.2  4.8  3.7  3.4  1.4  2.0  4.8  5.1  0.0
  4.5  6.2  0.6  2.8  4.3 11.3 18.4  9.6  3.7  1.7 55.3112.0  1.4178.9  7.9
  2.0  0.3  0.0  0.0  0.0  0.0  0.0  0.0  0.0  0.0  0.0  0.0  0.0  0.0  0.0
  0.0  0.0  0.0  1.1  0.6  1.1  1.4  0.3  0.0  0.0  0.0  0.0  0.0  0.3  0.6
  0.0  2.6  1.7  0.0  0.0  0.0  0.0  0.0  0.0  0.6  0.3  0.0  2.8  1.1  0.0
  4.3  0.3  0.3  4.8  4.8  0.0  5.4  4.3  0.0  0.0  0.0  0.0  0.0  0.0  0.0
  0.3  0.3  0.0  0.0  0.0  0.0  0.0 18.4  3.4  0.6  9.4 28.6  6.0 16.7 13.3
  2.0  1.1  1.7  3.1  0.0  0.9  0.0 42.2 14.2 20.1  1.4 10.8 12.5 10.5  0.0
     -0.19      5.81     -5.21     -1.25      1.62  0.3  0.0  0.0  0.0  0.0
                                4000_story_2292_llm_free.txt 36.5  4.5 3645
 19.2  4.1  3.8 37.6  5.8  0.8  2.2  1.1 12.3 25.2  0.5  1.1  0.0  3.8  0.8
  0.0  1.4  4.4  8.2  1.4  2.5274.1 84.5 30.7114.7 58.4 13.4  8.0  0.3  1.1
  0.0  1.1 24.4  8.5 14.8 31.3  7.1  4.7  0.8  1.9  0.8  0.8  3.3  3.3  0.3
  2.2  5.5  1.4  3.3  5.5  9.9 17.8  5.8  2.7  1.4 67.8 76.5  1.1166.5  6.9
  2.2  0.0  0.0  0.0  0.0  0.0  0.0  0.0  0.0  0.0  0.0  0.0  0.0  0.0  0.0
  0.0  0.0  0.0  1.9  0.3  2.7  0.5  0.0  0.0  0.0  0.0  0.0  0.0  0.0  0.0
  0.5  0.8  1.1  0.5  0.0  0.0  0.0  0.0  0.0  0.0  0.0  0.0  2.5  0.0  0.0
  5.5  0.0  0.0  5.5  3.0  0.0  3.0  2.5  0.0  0.0  0.0  0.0  0.0  0.0  0.0
  0.0  0.3  0.0  0.0  0.0  0.0  0.0 14.8  3.0  0.5  6.3 45.0  4.9 12.1  9.9
  1.9  1.6  2.5  1.6  0.0  1.1  0.3 32.9 15.6 22.8  1.1  5.2 13.2 10.4  0.0
     -2.23      4.70     -4.78     -3.64     -0.15  0.5  0.0  0.0  0.0  0.0
                                4000_story_2293_llm_free.txt 35.5  4.7 3534
 17.3  3.1  5.4 33.4  3.4  1.1  1.1  0.3  7.4 17.5  1.4  0.3  0.0  5.7  0.3
  0.6  0.3  5.4 10.2  0.6  0.6262.0 88.0 49.5113.5 46.1 19.0  5.4  0.0  4.0
  0.0  2.0 25.2  7.1 12.5 28.0  3.7  4.5  1.7  2.0  2.8  2.8  2.8  7.9  0.6
  7.1  2.8  1.4  3.4  2.5 12.7 17.3 15.6  0.8  4.0 78.9 56.9  0.8168.1  8.2
  2.0  0.3  0.0  0.0  0.0  0.0  0.0  0.0  0.0  0.0  0.0  0.0  0.0  0.0  0.0
  0.0  0.0  0.0  1.4  0.0  2.3  0.8  0.0  0.8  0.0  0.0  0.0  0.0  0.0  0.3
  0.0  0.6  0.8  0.0  0.0  0.3  0.0  0.6  0.0  0.3  0.0  0.0  2.3  0.3  0.0
  4.5  0.8  0.0  5.4  1.7  0.8  2.8  2.5  0.0  0.0  0.0  0.0  0.0  0.0  0.0
  0.0  0.3  0.0  0.0  0.3  0.0  0.0 10.2  3.7  1.7  9.6 30.0  7.4  4.5 21.5
  1.1  0.6  2.5  2.0  0.6  3.1  0.6 35.4  9.6 19.5  1.4  9.1 15.3 11.3  0.0
     -8.23      4.70     -1.84     -1.60      2.06  0.6  0.0  0.0  0.0  0.0
                                4000_story_2294_llm_free.txt 36.8  4.5 3331
 12.9  3.9  6.9 42.0 11.4  0.3  3.3  0.6 15.6 24.6  1.5  1.8  0.3  5.7  0.6
  1.2  0.9  4.2  8.7  0.9  2.4265.1 94.6 31.5118.6 46.2  9.3 13.2  0.0  0.9
  0.0  1.8 17.4  7.2 13.5 27.6  6.9  4.2  2.4  1.5  2.1  1.8  2.1  5.4  0.0
  3.3  6.0  2.1  2.1  4.8 10.5 19.8  8.7  1.8  0.9 66.9 73.3  2.1179.5  6.9
  1.8  0.0  0.0  0.0  0.0  0.0  0.0  0.0  0.0  0.0  0.0  0.0  0.0  0.0  0.0
  0.0  0.0  0.0  3.6  0.6  0.9  0.9  0.0  0.0  0.0  0.0  0.0  0.0  0.0  0.9
  0.9  2.1  0.6  0.3  0.0  0.3  0.0  0.0  0.0  0.0  0.0  0.0  1.5  0.6  0.0
  6.0  0.0  0.0  6.0  4.8  0.3  5.1  2.1  0.0  0.0  0.0  0.0  0.0  0.0  0.0
  0.0  0.3  0.0  0.0  0.0  0.0  0.0  7.5  3.0  0.9  5.7 22.8  6.6  4.2 12.9
  1.2  1.8  1.2  3.6  0.0  0.6  0.6 33.6 18.9 19.8  1.2 11.1 11.4  8.4  0.0
     -1.91      4.46     -4.30     -2.43     -0.43  0.6  0.3  0.3  0.0  0.0
                                4000_story_2295_llm_free.txt 37.5  4.3 3739
 21.4  6.2  7.8 49.2 17.1  1.9  2.1  0.5 20.6 15.2  1.1  2.1  0.3  3.7  0.3
  0.3  1.3  6.7 10.4  1.9  1.6248.2 69.5 29.4119.8 73.5 14.7 11.8  0.3  1.9
  0.0  1.9 18.2 11.0  8.8 30.8 10.2  5.3  6.2  2.1  1.1  2.1  4.8  5.3  0.0
  6.4  5.3  1.3  4.8  3.2 13.1 21.9 11.8  3.2  2.1 55.9111.3  1.1189.6  5.3
  2.1  0.0  0.0  0.0  0.0  0.0  0.0  0.0  0.0  0.0  0.0  0.0  0.0  0.0  0.0
  0.0  0.0  0.0  2.9  1.3  2.1  1.6  0.3  0.0  0.0  0.0  0.0  0.0  0.0  2.4
  0.3  2.4  0.3  0.0  0.0  0.0  0.3  0.0  0.0  0.3  0.3  0.0  3.7  0.8  0.0
  8.0  0.3  0.0  8.3  5.3  0.3  5.9  4.8  0.0  0.0  0.0  0.0  0.0  0.0  0.0
  0.0  0.0  0.0  0.0  0.0  0.0  0.0 16.0  3.5  0.8 11.0 28.1  2.4 16.6  6.4
  2.4  2.9  2.1  1.6  0.3  2.1  0.0 38.0 25.1 28.1  2.1  8.0 10.7  8.0  0.0
      2.33      6.49     -3.45     -1.01      2.26  0.0  0.0  0.0  0.0  0.0
                                4000_story_2296_llm_free.txt 36.0  4.4 3428
 13.1  4.4  8.5 44.9 12.8  1.5  2.9  0.6 14.6 20.4  0.0  0.6  0.6  6.7  0.9
  0.3  1.2  4.1  7.6  1.2  0.6250.0 81.4 26.5119.9 63.0 15.2 11.4  0.0  0.3
  0.9  1.5 30.9 10.8  8.5 32.7  9.9  1.2  2.3  1.8  2.6  1.5  2.6  3.5  0.6
  6.4  7.0  1.8  1.8  5.0  7.9 18.4 10.5  2.3  1.2 60.4 90.4  2.9184.9  7.6
  0.9  0.0  0.0  0.0  0.0  0.0  0.0  0.0  0.0  0.0  0.0  0.0  0.0  0.0  0.0
  0.0  0.0  0.0  2.6  0.9  3.5  1.2  0.0  0.0  0.0  0.0  0.0  0.0  0.0  0.6
  0.3  1.8  1.8  0.3  0.0  0.0  0.0  0.0  0.0  0.3  0.0  0.0  3.8  1.2  0.0
  8.2  0.0  0.0  8.2  4.7  0.0  5.0  5.0  0.0  0.0  0.0  0.0  0.0  0.0  0.0
  0.3  0.3  0.0  0.0  0.0  0.0  0.0 13.7  5.0  1.2  9.3 36.2  1.5 10.2 11.4
  1.8  0.9  1.2  1.2  0.0  0.3  0.3 41.4 18.4 20.1  1.2  7.0 10.5 10.8  0.0
     -1.02      6.04     -2.83     -2.95      1.06  0.3  0.0  0.0  0.0  0.0
                                4000_story_2297_llm_free.txt 34.5  4.4 3606
 19.7  6.1 12.5 53.5 18.0  1.7  2.2  0.8 21.9 14.4  1.4  2.8  0.6  9.2  0.3
  1.1  1.9  5.0  8.3  2.2  1.7227.1 76.8 33.0125.3 61.3 15.3 11.4  0.3  1.1
  0.0  1.7 18.9  8.0  6.9 33.3  8.9  5.3  2.8  1.7  0.6  2.2  3.6  3.3  0.0
  3.9  4.2  1.9  2.8  8.3 10.8 18.6  7.2  4.2  1.4 69.6101.2  4.7192.5  6.7
  0.8  0.0  0.0  0.0  0.0  0.0  0.0  0.0  0.0  0.0  0.0  0.0  0.0  0.0  0.0
  0.0  0.0  0.0  3.1  1.1  3.3  2.2  0.3  0.3  0.0  0.0  0.0  0.0  0.0  0.3
  0.6  2.5  0.6  0.8  0.0  0.0  0.3  0.6  0.0  0.3  0.0  0.0  4.2  1.4  0.0
  9.7  0.6  0.0 10.3  4.7  0.8  5.8  5.5  0.0  0.0  0.0  0.0  0.0  0.0  0.0
  0.0  0.8  0.0  0.0  0.0  0.0  0.0 18.3  3.3  0.6  9.2 21.4  3.3  6.9 17.7
  1.4  1.4  1.7  3.1  0.3  1.1  0.3 34.9 20.2 26.1  2.5  6.9 12.2 14.1  0.0
      6.53      6.16     -2.61     -2.55      0.38  0.3  0.0  0.0  0.0  0.0
                                4000_story_2302_llm_free.txt 34.0  4.5 3236
 16.1  3.4  4.6 38.3  7.4  0.6  1.2  0.3  8.7 20.7  0.3  0.3  0.6  5.9  0.3
  0.3  2.8  2.5  8.3  0.3  1.5285.5 87.8 34.0124.2 56.6 12.4  8.7  0.0  0.6
  0.3  2.5 18.2  7.1 14.2 26.3  5.3  4.3  3.7  0.9  3.1  3.4  1.5  3.7  0.6
  2.2  2.5  0.3  3.7  2.5  9.9 14.5  6.5  3.1  0.9 68.0 72.6  2.2175.8  7.1
  1.5  0.0  0.0  0.0  0.0  0.0  0.0  0.0  0.0  0.0  0.0  0.0  0.0  0.0  0.0
  0.0  0.0  0.0  1.9  0.3  1.5  0.6  0.0  0.0  0.0  0.0  0.0  0.0  0.0  0.0
  0.0  0.6  0.9  0.3  0.0  0.0  0.0  0.0  0.0  0.0  0.0  0.3  2.5  0.0  0.0
  4.3  0.0  0.0  4.3  1.9  0.0  1.9  2.8  0.0  0.0  0.0  0.0  0.0  0.0  0.0
  0.0  1.2  0.3  0.0  0.0  0.0  0.0 11.1  2.8  0.3  6.5 38.0  1.9  6.8 10.2
  2.2  1.5  1.2  5.9  0.3  1.2  0.0 37.4 17.0 15.8  0.9 10.8 11.4  9.0  0.0
     -3.58      4.85     -3.96     -1.13     -0.93  0.6  0.0  0.0  0.0  0.0
                                4000_story_2305_llm_free.txt 36.0  4.4 3850
 19.2  4.9  7.5 50.4 15.3  1.0  3.4  1.3 17.9 14.8  1.0  1.6  0.5  3.4  0.8
  0.3  2.3  4.7  9.4  1.0  0.8266.5 82.3 28.6116.4 62.1 14.3  9.6  0.0  0.3
  0.0  0.5 19.2  8.1 12.5 30.4  4.2  7.8  2.1  2.3  1.0  1.8  3.4  4.9  0.0
  6.0  6.2  0.3  1.8  4.2 13.5 20.0 10.9  3.4  0.3 57.1 95.3  0.8177.7  7.5
  2.1  0.0  0.0  0.0  0.0  0.0  0.0  0.0  0.0  0.0  0.0  0.0  0.0  0.0  0.0
  0.0  0.0  0.0  1.0  0.0  2.9  2.1  0.0  0.0  0.0  0.0  0.0  0.0  0.5  0.3
  0.5  1.0  0.0  0.0  0.0  0.3  0.0  0.0  0.0  0.0  0.0  0.0  3.6  1.3  0.0
  6.0  0.0  0.5  6.5  1.8  0.3  2.1  4.9  0.0  0.0  0.0  0.0  0.0  0.0  0.0
  0.0  0.0  0.0  0.0  0.0  0.0  0.0 20.0  2.3  2.1  8.8 29.6  5.2  6.0 12.7
  1.8  1.3  2.3  4.7  0.5  1.8  0.0 40.3 17.9 27.3  1.3  7.5 15.1 10.1  0.0
      0.18      5.39     -5.06     -1.80      1.16  0.0  0.0  0.0  0.3  0.0
                                4000_story_2311_llm_free.txt 33.8  4.4 3416
 19.9  2.9  1.8 37.8  7.6  0.3  2.6  0.3  9.1 17.3  0.9  1.5  0.3  5.9  0.0
  0.3  1.5  3.5  6.4  2.0  1.2265.2 73.8 26.1121.8 72.3 13.8  9.1  0.6  1.2
  0.3  2.0 22.0  8.2 10.8 33.4  8.5  3.5  4.1  0.6  2.3  0.9  2.9  3.5  0.3
  5.3  5.3  1.8  2.0  3.2  9.4 15.8  9.1  3.5  2.0 51.2 89.0  2.6178.6  5.6
  0.3  0.0  0.0  0.0  0.0  0.0  0.0  0.0  0.0  0.0  0.0  0.0  0.0  0.0  0.0
  0.0  0.0  0.0  2.3  0.9  2.0  0.9  0.0  0.0  0.0  0.0  0.0  0.0  0.0  0.9
  0.3  2.0  0.9  0.3  0.0  0.6  0.0  0.3  0.0  0.3  0.0  0.0  2.9  0.9  0.0
  6.1  0.0  0.0  6.1  4.4  0.9  5.6  3.8  0.0  0.0  0.0  0.0  0.0  0.0  0.0
  0.0  0.3  0.0  0.0  0.0  0.0  0.0 16.7  2.9  2.9 10.2 33.7  5.6 17.6  8.5
  0.6  1.2  0.6  2.6  0.0  1.5  0.0 40.7 17.9 23.1  1.5  6.4 10.0 10.8  0.0
     -2.31      5.82     -2.97     -2.71      0.66  0.6  0.0  0.0  0.0  0.0
                                4000_story_2312_llm_free.txt 35.8  4.7 3377
 19.5  5.0  7.4 37.6  8.3  0.3  3.6  0.9 15.1 16.6  1.2  0.0  0.3  5.3  0.3
  0.0  1.8  6.2  8.3  0.6  1.8294.0 75.5 44.4112.8 44.1 10.1 10.7  0.0  1.2
  0.0  0.3 29.6  7.4 16.9 26.1  8.6  6.2  3.6  0.3  0.6  1.8  4.7  6.2  0.6
  5.9  4.4  2.4  2.1  4.1 13.0 13.3 12.7  2.4  1.2 80.8 67.5  2.4173.8  6.2
  2.4  0.0  0.0  0.0  0.0  0.0  0.0  0.0  0.0  0.0  0.0  0.0  0.0  0.0  0.0
  0.0  0.0  0.0  1.8  1.2  3.3  1.8  0.0  0.0  0.0  0.0  0.0  0.0  0.0  0.3
  0.0  3.3  1.2  0.9  0.0  0.3  0.0  0.0  0.0  0.0  0.0  0.0  2.4  0.6  0.0
  8.0  0.0  0.0  8.0  5.6  0.3  5.9  3.0  0.0  0.0  0.0  0.0  0.0  0.0  0.0
  0.0  0.3  0.0  0.0  0.0  0.0  0.0  2.7  2.7  0.9  8.0 31.7  3.6  5.3  5.0
  1.2  1.8  3.6  2.7  0.0  0.3  0.3 33.8 22.5 23.7  3.0  6.2  9.8  7.4  0.0
     -3.96      3.85     -4.83     -2.85      2.64  0.0  0.0  0.0  0.0  0.0
                                4000_story_2314_llm_free.txt 34.5  4.5 3645
 12.3  3.6  4.1 37.9 11.0  0.5  3.8  0.8  9.9 25.2  0.0  1.4  0.5  6.6  0.5
  0.0  0.8  3.0  9.1  0.3  2.2264.7 88.1 31.3125.4 62.8 12.1  8.5  0.3  1.6
  0.0  1.6 18.7  8.2 14.3 29.1  4.7  3.8  2.2  1.4  2.2  1.1  3.3  3.8  0.5
  4.7  4.1  0.3  2.2  4.1  9.1 17.6  9.1  1.1  1.9 62.6 83.7  1.9182.7  5.8
  1.6  0.0  0.0  0.0  0.0  0.0  0.0  0.0  0.0  0.0  0.0  0.0  0.0  0.0  0.0
  0.0  0.0  0.0  0.5  0.5  1.9  1.1  0.0  0.0  0.0  0.0  0.0  0.0  0.0  0.3
  0.0  0.8  0.3  0.3  0.0  0.0  0.0  0.0  0.0  0.3  0.0  0.0  1.4  0.0  0.0
  4.1  0.0  0.0  4.1  1.6  0.0  1.9  1.4  0.0  0.0  0.0  0.0  0.0  0.0  0.0
  0.0  0.0  0.0  0.0  0.0  0.0  0.0 13.2  1.4  2.7  6.0 37.0  2.2  4.1 15.4
  0.3  1.9  1.9  3.6  0.8  1.1  0.3 35.1 16.5 15.6  0.8 11.0 13.2  8.8  0.0
     -3.33      5.09     -4.34     -2.88      0.94  0.0  0.0  0.3  0.0  0.0
                                4000_story_2316_llm_free.txt 34.8  4.5 3232
 12.4  4.0  7.7 44.2 13.9  0.9  4.0  0.3 13.9 24.1  1.9  0.6  0.3  4.6  0.6
  1.5  4.0  4.0  9.0  0.3  1.5279.7 83.5 33.1121.0 34.7 11.8  9.0  0.0  0.3
  0.0  1.5 26.3  9.3 13.6 31.9  4.3  4.3  1.9  1.2  0.6  2.2  3.1  6.2  0.0
  3.7  5.0  0.9  1.5  5.9  9.0 17.3  9.9  4.3  0.3 64.7 62.5  0.9174.5  2.8
  0.6  0.0  0.0  0.0  0.0  0.0  0.0  0.0  0.0  0.0  0.0  0.0  0.0  0.0  0.0
  0.0  0.0  0.0  1.5  0.3  2.8  0.6  0.0  0.0  0.0  0.0  0.0  0.0  0.0  0.0
  0.0  1.5  0.0  0.3  0.0  0.0  0.0  0.0  0.0  0.3  0.3  0.0  1.9  1.5  0.0
  5.3  0.0  0.0  5.3  1.9  0.0  2.2  3.7  0.0  0.0  0.0  0.0  0.0  0.0  0.0
  0.0  0.6  0.0  0.0  0.0  0.0  0.0  8.7  2.2  0.9  7.7 27.8  4.0  5.9 15.8
  2.5  1.2  1.5  3.7  0.0  0.6  0.0 30.9 16.7 15.2  5.0  6.8  9.9  8.0  0.0
      1.75      3.71     -4.94     -3.25      0.44  0.3  0.0  0.0  0.0  0.0
                                4000_story_2317_llm_free.txt 35.8  4.5 3794
 16.9  6.1  3.4 41.9 11.3  1.3  3.2  0.8 10.5 15.8  0.5  1.3  0.3  4.7  0.5
  1.1  1.1  2.6  9.2  0.8  2.4262.3 82.5 24.5121.5 69.3 12.7  9.5  0.5  1.1
  0.3  2.1 26.9  8.2 17.9 31.1  7.1  4.2  2.1  1.1  2.6  2.4  3.4  5.8  0.5
  3.4  6.1  0.8  2.6  3.4  9.5 19.8  9.8  1.8  1.8 55.1 91.2  0.5182.1  4.5
  0.5  0.3  0.0  0.0  0.0  0.0  0.0  0.0  0.0  0.0  0.0  0.0  0.0  0.0  0.0
  0.0  0.0  0.0  3.4  1.3  1.8  0.8  0.5  0.0  0.0  0.0  0.0  0.3  0.0  1.3
  0.0  1.3  0.8  1.1  0.0  0.3  0.3  0.0  0.0  0.0  0.0  0.0  1.8  0.3  0.0
  7.4  0.5  0.3  8.2  4.5  0.5  5.0  2.1  0.0  0.0  0.0  0.0  0.0  0.0  0.0
  0.0  0.8  0.0  0.3  0.0  0.0  0.0 21.1  1.3  2.4  9.2 33.5  3.4 10.8 10.8
  0.8  1.3  4.0  2.6  0.0  0.5  0.0 36.4 16.9 22.9  2.1 10.3 13.4 13.2  0.0
     -2.52      5.54     -4.67     -2.24      0.90  0.3  0.0  0.0  0.0  0.0
                                4000_story_2320_llm_free.txt 36.0  4.5 3261
 23.0  6.1  5.8 41.7  7.7  0.9  2.5  0.6 14.1 19.0  0.3  0.6  0.0  6.1  0.3
  0.3  2.5  4.9 11.0  2.5  1.2276.0 78.8 34.3121.4 57.3 14.7 11.3  0.0  0.3
  0.3  0.6 20.5  6.4 10.4 25.1  4.9  2.8  2.8  1.8  2.1  3.1  1.2  5.2  0.0
  5.8  4.3  1.2  1.8  4.0  9.8 18.4 11.0  4.9  0.6 63.5 79.1  0.6178.2  7.4
  1.2  0.0  0.0  0.0  0.0  0.0  0.0  0.0  0.0  0.0  0.0  0.0  0.0  0.0  0.0
  0.0  0.0  0.0  0.6  1.2  4.6  2.1  0.0  0.0  0.0  0.0  0.0  0.0  0.0  0.3
  0.3  0.3  1.2  0.6  0.0  0.0  0.0  0.0  0.0  0.0  0.0  0.0  1.2  0.9  0.0
  8.6  0.0  0.0  8.6  2.8  0.0  2.8  2.1  0.0  0.0  0.0  0.0  0.0  0.0  0.0
  0.0  0.3  0.0  0.0  0.0  0.0  0.0 17.2  2.8  4.0  4.9 33.7  6.7  4.6  9.8
  1.5  2.8  3.1  1.2  0.0  0.9  0.0 42.0 19.3 23.0  2.5  8.0 12.6  9.8  0.0
      1.90      5.75     -3.28     -1.97     -0.19  0.0  0.0  0.0  0.0  0.0
                                4000_story_2321_llm_free.txt 36.8  4.6 2997
 13.3  4.7  9.7 52.1  9.7  1.3  4.0  1.0 12.0 24.4  0.7  1.7  0.3  7.7  1.0
  0.7  2.0  5.0  7.3  0.7  2.7257.3 73.7 31.4123.8 57.7 18.7  8.3  0.7  0.3
  0.0  1.7 22.4  7.7 13.7 31.4  7.0  4.3  3.7  0.3  1.7  4.3  1.7  6.7  0.0
  6.0  5.3  1.3  4.3  6.7 11.0 16.3 12.7  2.7  1.0 68.1 79.4  3.3193.2  6.7
  1.7  0.0  0.0  0.0  0.0  0.0  0.0  0.0  0.0  0.0  0.0  0.0  0.0  0.0  0.0
  0.0  0.0  0.0  2.0  0.3  2.3  2.3  0.0  0.0  0.0  0.0  0.0  0.0  0.0  0.3
  0.3  2.3  0.3  0.7  0.0  0.0  0.0  0.0  0.0  0.3  0.0  0.0  6.0  0.7  0.0
  7.0  0.0  0.0  7.0  4.0  0.0  4.3  6.7  0.0  0.0  0.0  0.0  0.0  0.0  0.0
  0.0  0.3  0.0  0.0  0.0  0.0  0.0 10.3  2.3  2.3  8.7 33.7  2.7  6.7 14.0
  2.0  1.0  1.0  1.7  0.0  0.0  0.0 37.4 17.0 20.0  2.0 10.0 13.7 13.0  0.0
      2.60      6.05     -4.29     -1.71      0.36  0.0  0.0  0.0  0.0  0.0
                                4000_story_2322_llm_free.txt 37.3  4.5 3364
 16.6  3.9  6.2 38.6  6.8  1.2  2.7  0.6 10.4 16.6  0.3  1.8  0.0  3.0  0.0
  0.3  2.4  4.5 10.1  1.2  1.2270.8 92.2 36.9120.7 62.1 14.9  8.6  0.0  0.9
  0.3  1.5 24.1 10.1 17.8 28.8  6.2  2.7  2.1  0.9  0.6  2.4  2.4  5.4  0.3
  5.6  5.4  1.8  2.1  4.5  7.7 19.6 11.3  3.6  1.2 60.6 79.4  1.5178.4  6.2
  2.7  0.0  0.0  0.0  0.0  0.0  0.0  0.0  0.0  0.0  0.0  0.0  0.0  0.0  0.0
  0.0  0.0  0.0  1.2  0.6  2.4  0.3  0.0  0.0  0.0  0.0  0.0  0.0  0.0  0.6
  0.3  1.2  1.2  0.0  0.0  0.0  0.0  0.3  0.0  0.3  0.0  0.0  3.0  0.6  0.0
  4.5  0.0  0.0  4.5  3.3  0.3  3.9  3.6  0.0  0.0  0.0  0.0  0.0  0.0  0.0
  0.3  0.0  0.0  0.0  0.0  0.0  0.0  7.4  2.4  2.7  5.6 25.6  4.5  7.4 27.1
  3.6  0.6  2.4  4.2  0.0  0.0  0.9 36.0 15.8 21.1  0.9  8.3 12.8  8.0  0.0
     -3.35      5.46     -5.86     -3.66      0.72  0.0  0.0  0.0  0.0  0.0
                                4000_story_2325_llm_free.txt 35.0  4.4 3405
 18.5  4.1  3.8 44.6 14.1  0.0  3.8  0.9 16.4 17.9  0.9  2.1  0.9  4.1  0.3
  0.0  2.1  4.4 10.0  0.6  2.1268.7 81.1 22.3118.6 47.3 11.2  8.5  0.9  1.2
  0.0  0.6 17.9 10.6 12.0 28.2  5.6  4.7  1.8  2.6  1.5  1.2  2.6  2.3  0.3
  6.5  4.1  1.5  1.5  3.8 10.6 19.4  9.1  2.6  2.1 58.7 77.8  2.3179.7  3.8
  2.6  0.0  0.0  0.0  0.0  0.0  0.0  0.0  0.0  0.0  0.0  0.0  0.0  0.0  0.0
  0.0  0.0  0.0  2.9  0.6  1.5  0.9  0.0  0.0  0.0  0.0  0.0  0.0  0.0  0.3
  0.3  0.9  0.6  0.6  0.0  0.0  0.0  0.0  0.0  0.0  0.0  0.0  1.8  1.2  0.0
  5.9  0.0  0.0  5.9  2.6  0.0  2.6  2.9  0.0  0.0  0.0  0.0  0.0  0.0  0.0
  0.0  1.2  0.0  0.0  0.0  0.0  0.0 12.9  2.3  1.5  6.2 22.9  5.9  5.0  9.4
  1.8  1.2  2.6  2.1  0.6  0.6  0.3 40.2 15.3 20.3  1.5  8.8 13.8  7.6  0.0
     -0.19      4.00     -4.62     -2.55      0.69  0.3  0.0  0.0  0.0  0.0
                                4000_story_2326_llm_free.txt 36.8  4.4 3147
 16.5  6.0  8.6 33.4  9.9  1.3  2.2  1.0 11.8 27.3  0.0  1.0  0.0  6.7  0.3
  0.3  1.9  3.5  6.4  1.6  1.9268.2 84.2 31.1125.8 63.2 12.4  8.9  0.0  0.6
  0.0  0.3 18.1  7.9 14.0 26.7  4.8  2.5  2.2  1.3  1.6  0.3  2.5  3.8  0.0
  3.2  7.3  0.6  2.9  4.1  7.6 16.2  7.0  3.5  0.6 67.0 84.8  1.3171.9  6.7
  1.3  0.3  0.0  0.0  0.0  0.0  0.0  0.0  0.0  0.0  0.0  0.0  0.0  0.0  0.0
  0.0  0.0  0.0  1.9  0.3  3.8  1.3  0.3  0.0  0.0  0.0  0.0  0.3  0.0  0.0
  0.3  0.0  1.0  0.3  0.0  0.0  0.0  0.3  0.0  0.0  0.0  0.0  0.3  0.3  0.0
  7.3  0.3  0.3  7.9  1.6  0.3  1.9  0.6  0.0  0.0  0.0  0.0  0.0  0.0  0.0
  0.3  0.6  0.0  0.0  0.0  0.0  0.0 11.8  2.9  4.8  7.9 38.1  7.0  7.9  7.3
  0.3  2.5  2.2  5.1  0.0  0.3  0.0 38.4 16.5 19.4  1.0  5.1 11.1  9.5  0.0
      0.39      5.25     -5.23     -3.82     -0.43  0.0  0.0  0.0  0.0  0.0
                                4000_story_2327_llm_free.txt 38.3  4.5 3367
 16.6  7.7  6.5 44.8  9.2  0.6  3.6  1.8 14.0 17.8  0.6  2.7  1.2  5.9  0.6
  0.0  1.8  8.0  7.7  0.6  0.9262.5 77.5 32.4121.2 69.8 16.9  8.9  0.6  0.9
  0.0  0.6 21.4  7.7  9.2 31.5  5.3  2.7  3.9  0.9  2.4  2.4  3.0  7.1  0.9
  5.3  3.9  3.3  2.4  5.3 13.1 15.7 13.4  2.4  1.5 56.4 93.0  2.7181.5  7.1
  2.1  0.0  0.0  0.0  0.0  0.0  0.0  0.0  0.0  0.0  0.0  0.0  0.0  0.0  0.0
  0.0  0.0  0.0  2.7  0.6  3.9  2.4  0.0  0.0  0.0  0.0  0.0  0.0  0.0  0.9
  0.0  0.6  0.3  0.6  0.0  0.3  0.0  0.0  0.0  0.0  0.0  0.0  1.5  0.9  0.0
  9.5  0.0  0.0  9.5  2.4  0.3  2.7  2.4  0.0  0.0  0.0  0.0  0.0  0.0  0.0
  0.0  0.3  0.3  0.0  0.0  0.0  0.0 14.3  3.3  5.0  7.4 22.3  0.6 20.5 12.8
  0.6  0.6  0.9  3.6  0.0  1.2  0.0 40.4 17.5 22.9  2.1  8.6 10.4  7.4  0.0
      1.55      6.27     -3.23     -2.24      1.72  0.0  0.0  0.0  0.0  0.0
                                4000_story_2328_llm_free.txt 34.0  4.4 3525
 17.9  5.1  7.7 44.5 12.8  0.9  3.7  0.9 11.3 22.7  0.9  1.4  0.6  6.5  0.0
  0.3  2.0  5.1  9.9  1.4  2.0268.4 83.7 28.9121.1 62.1 12.5 11.6  0.3  1.1
  0.3  0.9 23.5  7.4 15.9 26.4  5.1  4.0  3.1  1.7  2.0  1.7  1.7  9.1  1.4
  6.0  4.8  0.6  2.0  2.3 11.1 18.7 16.5  3.4  1.7 57.0 86.2  2.3183.0  6.8
  1.1  0.0  0.0  0.0  0.0  0.0  0.0  0.0  0.0  0.0  0.0  0.0  0.0  0.0  0.0
  0.0  0.0  0.0  1.7  0.3  2.6  1.7  0.0  0.0  0.0  0.0  0.0  0.0  0.3  0.3
  0.0  0.9  0.9  0.6  0.0  0.3  0.0  0.0  0.0  0.0  0.0  0.0  1.7  0.6  0.0
  6.2  0.0  0.3  6.5  2.6  0.3  2.8  2.3  0.0  0.0  0.0  0.0  0.0  0.0  0.0
  0.0  0.3  0.0  0.0  0.0  0.0  0.0 20.1  2.0  3.4  7.1 26.1  3.1 10.8  9.4
  1.4  1.1  0.9  2.6  0.3  0.3  0.0 37.2 17.9 21.8  1.7  5.7 11.6 10.8  0.0
      1.78      5.57     -4.36     -2.25      1.83  0.3  0.0  0.0  0.0  0.0
                                4000_story_2330_llm_free.txt 34.0  4.5 3235
 20.1  5.6  4.3 29.7  6.2  0.3  1.5  0.9 11.1 19.2  1.9  0.9  0.0  2.8  0.0
  0.0  0.6  5.3 10.8  0.3  0.9287.2 89.6 36.5119.0 58.7 15.1  6.2  0.0  0.0
  0.0  1.2 20.4  6.8 14.8 28.1  4.0  2.5  2.5  0.9  0.9  0.9  1.9  7.1  0.3
  6.2  4.0  1.2  1.5  4.3  8.7 17.9 13.6  0.9  0.0 67.7 76.0  0.9167.2  6.2
  0.9  0.0  0.0  0.0  0.0  0.0  0.0  0.0  0.0  0.0  0.0  0.0  0.0  0.0  0.0
  0.0  0.0  0.0  2.5  0.9  2.5  1.5  0.0  0.0  0.0  0.0  0.0  0.0  0.0  0.0
  0.6  0.9  0.6  0.6  0.0  0.0  0.0  0.3  0.0  0.0  0.0  0.0  1.5  0.3  0.0
  7.4  0.0  0.0  7.4  2.8  0.3  3.1  1.9  0.0  0.0  0.0  0.0  0.0  0.0  0.0
  0.0  0.3  0.0  0.0  0.0  0.0  0.0 12.4  3.1  0.3  8.3 33.4  7.7  4.3  8.7
  2.2  2.2  1.2  5.3  0.0  1.2  0.3 31.8 13.6 21.9  2.2  5.9 15.1  9.6  0.0
     -7.23      4.86     -5.06     -3.98      0.84  0.3  0.0  0.3  0.0  0.0
                                4000_story_2339_llm_free.txt 34.0  4.6 3971
 14.9  4.3  3.3 43.1 10.8  0.0  2.8  0.0  9.8 15.4  1.3  2.0  0.3  5.3  0.3
  0.5  0.5  5.5  7.1  2.0  1.0284.1 92.2 38.3110.3 53.9 13.1  9.6  0.0  1.5
  0.3  2.0 40.3  6.3 15.4 26.7  4.8  4.0  2.5  1.8  1.5  3.3  2.5  6.0  1.0
  3.8  5.0  1.3  2.0  2.5 11.1 17.9 10.8  2.5  1.8 62.7 74.5  1.0168.5  5.8
  3.3  0.3  0.0  0.0  0.0  0.0  0.0  0.0  0.0  0.0  0.0  0.0  0.0  0.0  0.0
  0.0  0.0  0.0  2.0  0.3  1.8  1.8  0.3  0.0  0.0  0.0  0.0  0.0  0.0  0.0
  0.0  1.3  0.5  0.8  0.0  0.0  0.3  0.3  0.0  0.0  0.0  0.0  2.5  0.5  0.0
  5.8  0.3  0.0  6.0  2.5  0.5  3.0  3.0  0.0  0.0  0.0  0.0  0.0  0.0  0.0
  0.0  0.3  0.3  0.0  0.0  0.0  0.0 12.8  0.8  1.8  8.3 21.9  4.0  4.5 26.4
  4.3  0.8  2.5  4.8  0.3  0.5  0.5 34.5 16.9 16.4  1.8  9.3 11.1 10.8  0.0
     -5.31      4.59     -2.33     -2.00      0.86  0.3  0.0  0.0  0.0  0.0
                                4000_story_2341_llm_free.txt 37.0  4.4 3645
 15.9  5.8  5.2 37.3  4.4  0.8  1.4  1.4  9.3 21.9  0.0  0.5  0.3  4.7  0.5
  0.3  1.1  3.0 10.4  1.4  1.4275.4 85.3 30.7126.5 65.3 14.3 10.2  0.0  0.8
  0.3  2.7 15.6  9.1 15.6 31.3  6.0  1.4  1.1  1.4  0.8  1.6  2.2  3.8  0.3
  5.8  5.5  1.1  1.6  2.5  5.2 20.6  9.9  2.5  1.1 61.7 79.0  3.0179.1  3.8
  0.0  0.0  0.0  0.0  0.0  0.0  0.0  0.0  0.0  0.0  0.0  0.0  0.0  0.0  0.0
  0.0  0.0  0.0  3.3  1.1  2.5  1.1  0.0  0.0  0.0  0.0  0.0  0.0  0.0  0.8
  0.8  1.1  0.5  0.0  0.0  0.3  0.0  0.0  0.0  0.3  0.0  0.0  2.5  2.2  0.0
  8.0  0.0  0.0  8.0  3.3  0.3  3.8  4.7  0.0  0.0  0.0  0.0  0.0  0.0  0.0
  0.3  1.1  0.0  0.0  0.0  0.0  0.0  7.1  2.2  0.0  8.8 34.0  2.2  6.6 10.4
  3.8  2.7  1.6  1.9  0.0  0.3  0.0 37.6 18.7 23.0  2.2  8.0  9.6  5.5  0.0
     -3.39      5.96     -5.23     -4.25      0.40  0.3  0.0  0.0  0.0  0.0
                                4000_story_2343_llm_free.txt 34.3  4.4 3320
 19.0  4.8 10.5 35.2 12.3  0.6  1.8  1.8 13.3 17.8  0.0  1.8  0.6  4.8  0.9
  0.6  3.0  3.6  8.7  0.9  1.2275.0 88.6 29.5122.3 60.2 14.8  7.8  0.3  0.6
  0.0  1.2 14.5  6.9 16.6 27.1  6.0  3.0  2.7  1.5  1.8  1.2  2.7  6.6  0.3
  5.4  6.0  1.8  3.3  4.5  8.4 19.3 12.3  3.9  0.9 61.1 85.8  0.9175.3  3.0
  0.9  0.0  0.0  0.0  0.0  0.0  0.0  0.0  0.0  0.0  0.0  0.0  0.0  0.0  0.0
  0.0  0.0  0.0  2.4  0.0  2.7  1.5  0.0  0.0  0.0  0.0  0.0  0.0  0.0  0.6
  0.6  0.6  0.6  0.6  0.0  0.0  0.0  0.0  0.0  0.0  0.0  0.3  2.4  0.9  0.0
  6.6  0.0  0.0  6.6  3.0  0.0  3.0  3.6  0.0  0.0  0.0  0.0  0.0  0.0  0.0
  0.0  0.3  0.0  0.0  0.0  0.0  0.0  9.9  2.4  0.3  5.1 29.5  6.6  3.3  8.7
  2.1  1.2  2.4  5.7  0.3  0.9  0.0 40.7 16.6 21.4  1.2 10.5 11.7  7.5  0.0
      0.80      5.26     -5.49     -2.99      1.05  0.3  0.0  0.0  0.0  0.0
                                4000_story_2347_llm_free.txt 35.8  4.3 3659
 15.0  7.4  7.1 35.3 13.9  1.9  1.9  0.3 16.4 21.3  0.5  0.8  0.5  4.1  0.5
  0.3  1.6  2.2  9.3  0.5  0.8262.4 82.5 26.2131.2 62.9 17.5  9.6  0.0  0.5
  0.0  2.5 20.0  6.8 14.2 27.3  7.4  5.2  2.5  1.6  1.6  0.8  3.0  4.6  0.3
  4.1  5.2  0.8  2.7  4.4  9.0 19.4  9.0  2.2  0.5 57.9 93.2  1.6180.1  3.6
  0.8  0.0  0.0  0.0  0.0  0.0  0.0  0.0  0.0  0.0  0.0  0.0  0.0  0.0  0.0
  0.0  0.0  0.0  3.3  0.5  2.7  1.6  0.0  0.0  0.0  0.0  0.0  0.0  0.0  0.8
  0.5  0.8  1.4  0.5  0.0  0.0  0.0  0.0  0.0  0.3  0.0  0.0  1.4  2.5  0.0
  8.2  0.0  0.0  8.2  4.1  0.0  4.4  3.8  0.0  0.0  0.0  0.0  0.0  0.0  0.0
  0.3  0.5  0.0  0.0  0.0  0.0  0.0 10.7  1.1  0.5  8.7 28.4  7.7  5.2  9.6
  0.3  3.6  1.1  2.2  0.0  1.4  0.0 42.1 17.8 19.7  2.7  7.7 10.1  8.2  0.0
     -1.74      6.52     -4.14     -2.72      0.49  0.5  0.0  0.0  0.0  0.0
                                4000_story_2350_llm_free.txt 35.5  4.6 3094
 14.5  2.9  2.9 29.1  2.6  1.3  1.6  1.0  5.2 26.5  0.6  1.9  0.3  3.6  0.0
  0.0  4.2  2.9 10.7  1.0  0.0286.0 87.6 34.3121.8 48.2 13.3  6.1  0.3  1.0
  0.0  0.6 21.0  6.5 12.9 31.7  4.5  4.5  2.9  0.3  1.3  2.6  2.6 10.3  0.6
  5.2  4.5  0.6  3.2  3.6  8.7 18.1 16.2  5.2  1.3 66.9 55.9  0.6166.1  4.8
  2.3  0.0  0.0  0.0  0.0  0.0  0.0  0.0  0.0  0.0  0.0  0.0  0.0  0.0  0.0
  0.0  0.0  0.0  0.3  0.3  1.6  1.0  0.0  0.0  0.0  0.0  0.0  0.0  0.0  1.0
  0.0  0.3  0.3  0.0  0.0  0.0  0.0  0.0  0.0  0.0  0.0  0.3  2.6  1.0  0.0
  3.2  0.0  0.0  3.2  1.6  0.0  1.6  3.9  0.0  0.0  0.0  0.0  0.0  0.0  0.0
  0.0  0.0  0.0  0.0  0.0  0.0  0.0  2.9  3.2  1.6  7.4 30.1  5.2  2.3 17.8
  0.0  1.6  0.3  2.6  0.3  1.0  1.0 22.9 14.5 20.4  1.3 11.3 12.0  9.0  0.0
     -1.28      4.11     -4.10     -2.79      1.72  0.6  0.0  0.0  0.3  0.0
                                4000_story_2351_llm_free.txt 36.3  4.5 3531
 14.7  4.2  6.8 39.9 11.3  0.8  3.1  0.6 14.2 16.1  0.6  1.7  0.8  4.0  0.0
  1.7  0.6  6.5  9.3  0.6  0.6264.5 77.6 34.0119.8 56.6 15.6 12.2  0.0  1.1
  0.6  1.4 22.7  8.5 14.7 30.3  6.8  3.7  0.8  0.3  1.7  1.4  2.3  7.1  0.3
  3.4  2.3  0.6  2.0  3.4 11.9 15.0 10.8  1.1  1.7 70.0 82.1  2.3176.2  5.4
  1.1  0.0  0.0  0.0  0.0  0.0  0.0  0.0  0.0  0.0  0.0  0.0  0.0  0.0  0.0
  0.0  0.0  0.0  3.4  0.8  0.8  1.1  0.0  0.3  0.0  0.0  0.0  0.0  0.0  1.1
  0.3  1.1  0.3  0.3  0.0  0.0  0.0  0.3  0.0  0.8  0.0  0.3  2.5  0.3  0.0
  6.2  0.3  0.0  6.5  3.1  0.3  4.2  3.1  0.0  0.0  0.0  0.0  0.0  0.0  0.0
  0.0  0.8  0.0  0.0  0.0  0.0  0.0  9.9  2.3  0.8  8.8 28.0  2.5 14.7 15.3
  0.8  1.7  4.2  2.5  0.0  1.7  0.6 40.2 17.3 20.1  1.1  8.8  9.3  8.5  0.0
     -3.95      5.98     -4.33     -3.95      0.18  0.3  0.3  0.0  0.0  0.0
                                4000_story_2352_llm_free.txt 36.0  4.6 3076
 16.3  2.0  2.3 26.7  2.6  0.0  2.9  0.7 10.1 15.0  0.0  1.6  0.3  9.4  0.3
  0.7  1.0  4.2 10.7  1.0  0.3296.2 86.8 34.1120.6 51.7 18.5 10.4  0.3  0.7
  0.3  1.3 31.5  5.2 18.5 25.7  2.9  1.3  2.6  1.6  1.6  1.3  1.6  7.8  0.3
  4.6  4.6  0.7  3.3  2.0  7.2 19.8 12.7  2.0  1.3 61.1 64.4  1.3168.4  6.8
  2.3  0.3  0.0  0.0  0.0  0.0  0.0  0.0  0.0  0.0  0.0  0.0  0.0  0.0  0.0
  0.0  0.0  0.0  1.6  0.3  1.0  0.7  0.0  0.0  0.0  0.0  0.0  0.0  0.3  0.0
  0.3  0.7  0.3  0.7  0.0  0.0  0.0  0.0  0.0  0.0  0.0  0.0  1.6  0.0  0.0
  3.6  0.0  0.3  3.9  2.0  0.0  2.0  1.6  0.0  0.0  0.0  0.0  0.0  0.0  0.0
  0.7  0.0  0.0  0.0  0.0  0.0  0.0 15.0  2.0  2.9  7.5 28.9  5.9  4.9 28.0
  2.6  1.3  2.9  3.9  0.7  0.7  0.0 31.5 21.5 19.8  1.6 10.7 11.1  7.5  0.0
     -4.94      6.03     -3.94     -3.42      0.29  0.3  0.0  0.0  0.0  0.0
                                4000_story_2353_llm_free.txt 36.5  4.4 3575
 15.7  5.3  8.7 40.3  8.4  0.8  1.1  0.6 15.4 19.9  1.7  1.7  0.6  3.4  0.6
  0.3  1.4  2.8  9.8  0.6  2.8274.7 82.5 30.2121.7 49.8 14.8  8.4  0.0  0.6
  0.0  1.1 17.6  7.0 15.7 26.9  5.9  4.2  2.5  0.6  1.4  1.7  3.4  6.7  0.0
  4.8  3.9  1.1  1.1  5.6  8.4 17.1 11.5  2.0  0.6 62.7 73.6  1.7174.0  8.7
  0.6  0.3  0.0  0.0  0.0  0.0  0.0  0.0  0.0  0.0  0.0  0.0  0.0  0.0  0.0
  0.0  0.0  0.0  2.5  0.0  3.1  0.6  0.0  0.3  0.0  0.0  0.0  0.0  0.0  0.3
  0.3  1.4  0.6  0.3  0.0  0.3  0.0  0.0  0.0  0.3  0.0  0.0  0.8  0.6  0.0
  6.2  0.3  0.0  6.4  2.8  0.3  3.4  1.4  0.0  0.0  0.0  0.0  0.0  0.0  0.0
  0.3  0.0  0.0  0.0  0.0  0.0  0.0  9.2  3.1  0.8  6.7 26.3  8.4  6.2  6.2
  1.4  1.4  1.7  6.7  0.0  0.8  0.0 45.0 15.9 17.9  2.5  5.3 11.2 10.6  0.0
     -2.85      4.89     -5.24     -3.20      1.02  0.3  0.0  0.0  0.0  0.0
                                4000_story_2369_llm_free.txt 34.0  4.4 3036
 14.8  3.0  5.9 30.3  4.3  0.3  1.6  0.0  5.3 22.1  0.7  0.3  0.3  5.3  0.0
  0.0  1.6  4.6  7.6  1.0  3.0276.4 89.3 31.6126.2 58.3 17.8  6.3  0.0  2.3
  0.0  2.0 18.1 10.2 11.9 33.6  5.3  1.0  2.0  2.3  1.0  1.3  4.0  7.2  0.3
  4.0  4.9  0.3  4.0  3.6  6.6 17.1 11.5  2.6  2.3 64.9 67.9  1.3171.9  7.6
  0.7  0.0  0.0  0.0  0.0  0.0  0.0  0.0  0.0  0.0  0.0  0.0  0.0  0.0  0.0
  0.0  0.0  0.0  1.0  0.0  2.3  1.3  0.3  0.0  0.0  0.0  0.0  0.0  0.3  0.7
  0.3  1.0  0.7  0.7  0.0  0.0  0.3  0.3  0.0  0.3  0.0  0.3  2.0  0.3  0.0
  4.6  0.3  0.3  5.3  3.3  0.7  4.3  2.6  0.0  0.0  0.0  0.0  0.0  0.0  0.0
  0.0  1.0  0.0  0.0  0.0  0.0  0.0 13.8  2.3  1.0  7.2 24.0  6.3  4.3  7.2
  2.0  1.0  4.0  4.9  0.0  0.3  0.3 44.8 14.2 16.8  1.6  6.6 12.2  8.6  0.0
     -4.50      5.59     -4.20     -3.69      1.47  0.0  0.0  0.0  0.3  0.0
                                4000_story_2370_llm_free.txt 35.8  4.6 3304
 14.8  4.5 10.0 35.1  9.4  0.9  2.7  0.9 12.1 17.6  0.6  0.3  0.6  4.2  0.3
  0.0  1.2  3.3  7.6  1.5  1.5269.4 83.8 27.5124.1 63.6 13.3  8.8  0.3  1.8
  0.0  1.2 23.3  5.8 13.6 31.5  7.9  1.5  3.0  1.8  0.9  0.9  2.7  5.1  0.3
  7.3  6.4  0.3  3.0  4.2  5.8 17.3 12.7  2.7  2.1 61.7 85.0  1.2184.3  8.2
  1.8  0.0  0.0  0.0  0.0  0.0  0.0  0.0  0.0  0.0  0.0  0.0  0.0  0.0  0.0
  0.0  0.0  0.0  1.8  0.3  2.4  1.5  0.0  0.0  0.0  0.0  0.0  0.0  0.0  0.6
  0.3  1.2  1.2  0.6  0.0  0.3  0.0  0.0  0.0  0.0  0.0  0.0  2.7  0.6  0.0
  6.1  0.0  0.0  6.1  3.9  0.3  4.2  3.3  0.0  0.0  0.0  0.0  0.0  0.0  0.0
  0.0  0.3  0.0  0.0  0.3  0.0  0.0  9.7  3.9  0.6  5.4 27.8  2.7  9.7 13.0
  0.6  1.2  1.5  2.1  0.3  0.9  0.6 41.5 16.9 17.6  1.8  6.7 11.2 11.8  0.0
     -4.21      5.37     -3.31     -3.65      1.43  0.3  0.0  0.0  0.3  0.0
                                4000_story_2371_llm_free.txt 36.5  4.5 3526
 13.3  4.8  4.5 42.3 11.3  0.6  4.0  0.3 11.9 18.7  0.6  1.4  0.0  5.7  0.6
  0.9  0.9  3.1 11.3  0.3  1.4275.7 81.4 36.9119.4 49.3 11.1 11.6  0.3  0.3
  0.6  1.4 22.4  6.8 10.2 32.6  7.4  2.8  1.7  1.7  2.0  2.0  2.8  5.1  0.3
  3.7  6.5  0.9  1.4  5.7  7.9 22.4  9.1  1.1  1.1 70.9 72.6  2.8179.2  6.5
  0.9  0.0  0.0  0.0  0.0  0.0  0.0  0.0  0.0  0.0  0.0  0.0  0.0  0.0  0.0
  0.0  0.0  0.0  4.5  0.3  0.6  0.9  0.0  0.0  0.0  0.0  0.0  0.0  0.0  0.3
  0.0  0.3  0.9  0.6  0.0  0.3  0.0  0.0  0.0  0.6  0.3  0.3  2.3  0.6  0.0
  6.2  0.0  0.0  6.2  2.0  0.3  2.8  3.4  0.0  0.0  0.0  0.0  0.0  0.0  0.0
  0.3  0.3  0.0  0.0  0.0  0.0  0.0  6.0  2.6  0.9  6.0 32.0  1.7  8.2 15.6
  1.7  1.1  0.9  1.7  0.0  1.4  0.3 38.0 18.2 16.7  0.9  6.5 11.1 11.6  0.0
     -4.10      4.67     -2.92     -2.87      0.33  0.6  0.0  0.0  0.0  0.0
                                4000_story_2373_llm_free.txt 37.3  4.5 3488
 17.8  3.4  2.6 37.6 11.5  0.6  2.0  0.9 11.5 15.2  0.6  2.3  0.0  7.5  0.6
  0.6  1.1  7.2 10.3  2.6  1.7281.3 82.3 20.1127.0 56.5 13.5  6.6  0.0  1.1
  0.3  2.9 26.7  7.2  9.7 31.0  7.7  4.6  2.6  0.9  0.9  2.0  2.6  6.0  0.6
  4.3  5.2  1.4  5.2  3.4 12.6 21.5 10.9  3.7  1.4 53.9 79.4  2.0183.5  3.4
  1.1  0.3  0.0  0.0  0.0  0.0  0.0  0.0  0.0  0.0  0.0  0.0  0.0  0.0  0.0
  0.0  0.0  0.0  1.1  0.6  1.1  1.7  0.0  0.0  0.0  0.0  0.0  0.0  0.0  0.3
  0.6  0.6  1.4  0.3  0.0  0.0  0.0  0.0  0.0  0.0  0.0  0.0  2.9  1.1  0.0
  4.6  0.0  0.0  4.6  3.2  0.0  3.2  4.0  0.0  0.0  0.0  0.0  0.0  0.0  0.0
  0.0  0.6  0.0  0.0  0.0  0.0  0.0 12.0  2.9  0.3  8.6 29.0  6.0  4.9  7.7
  1.1  0.9  1.7  0.3  0.0  1.4  0.3 29.2 16.6 22.4  2.6  9.2  6.6 10.0  0.0
      0.86      4.77     -1.95     -3.08      0.73  0.3  0.0  0.0  0.0  0.0
                                4000_story_2376_llm_free.txt 36.3  4.7 3087
 15.2  4.5 10.0 40.2 10.0  1.0  2.6  1.3  9.4 13.9  1.0  0.3  0.6  4.2  0.3
  0.0  1.3  2.9 11.0  1.3  0.3289.6 82.6 37.9115.3 52.8 10.7 10.0  0.3  1.0
  0.0  2.6 27.2  9.4 14.3 29.8  4.9  3.6  3.2  0.3  1.0  1.0  2.3  7.8  0.0
  8.1  4.2  1.9  1.0  4.9  7.5 18.5 15.9  2.6  1.3 72.9 72.2  1.3177.8 10.4
  1.6  0.0  0.0  0.0  0.0  0.0  0.0  0.0  0.0  0.0  0.0  0.0  0.0  0.0  0.0
  0.0  0.0  0.0  3.9  0.0  1.3  1.0  0.0  0.0  0.0  0.0  0.0  0.0  0.0  0.0
  0.3  1.6  0.6  0.0  0.0  0.0  0.0  0.3  0.0  0.6  0.0  0.0  1.6  0.6  0.0
  6.2  0.0  0.0  6.2  2.6  0.3  3.6  2.3  0.0  0.0  0.0  0.0  0.0  0.0  0.0
  0.3  0.3  0.0  0.0  0.0  0.0  0.0  5.5  2.9  1.0  5.8 19.8  3.9  4.2 14.3
  1.6  2.3  2.9  5.5  0.0  0.6  0.6 36.6 15.9 21.1  1.0  5.8  8.1  9.7  0.0
     -5.72      4.33     -4.07     -3.71      1.58  0.3  0.0  0.0  0.0  0.0
                                4000_story_2387_llm_free.txt 36.5  4.6 3499
 19.1  4.3  2.6 46.9 12.6  0.6  1.4  0.6 13.7 22.0  0.6  2.3  0.3  3.1  0.3
  0.6  1.1  6.6  8.9  1.1  0.6263.8 81.2 45.4103.5 46.3 15.4  9.1  0.6  0.9
  0.3  1.7 20.6  7.1 11.7 29.2  7.4  5.4  2.3  2.3  1.7  2.0  3.1  7.1  0.6
  6.3  4.3  1.7  2.0  3.4 13.7 19.4 14.0  2.3  1.7 69.4 72.6  2.6173.2  5.4
  2.0  0.3  0.0  0.0  0.0  0.0  0.0  0.0  0.0  0.0  0.0  0.0  0.0  0.0  0.0
  0.0  0.0  0.0  2.3  0.6  3.1  2.3  0.0  0.3  0.0  0.0  0.0  0.0  0.3  0.3
  0.3  2.3  0.9  0.3  0.0  0.0  0.0  0.0  0.0  0.0  0.3  0.0  1.7  0.9  0.0
  8.3  0.3  0.3  8.9  4.0  0.0  4.0  2.9  0.0  0.0  0.0  0.0  0.0  0.0  0.0
  0.0  0.0  0.0  0.0  0.0  0.0  0.0  7.7  2.9  4.3  9.4 35.4  4.3 17.1 18.0
  2.0  1.1  1.7  4.9  0.0  0.6  0.3 27.7 12.0 26.3  2.6  6.0 11.4  9.4  0.0
     -3.10      4.39     -3.08     -1.92      1.89  0.3  0.0  0.0  0.0  0.0
                                4000_story_2388_llm_free.txt 31.5  4.5 3319
 14.2  3.0  3.0 35.0 10.8  0.3  1.2  0.9  5.1 15.1  0.9  0.9  0.0  3.0  0.0
  1.5  2.1  4.2 13.9  0.0  0.0279.6 82.3 37.7120.2 68.1 13.6  9.0  0.3  0.0
  0.0  1.5 19.0  6.9 13.3 35.0  5.7  4.2  1.5  2.1  0.6  1.2  3.3  7.2  0.0
  5.4  5.4  0.9  3.0  5.4  9.0 23.8 12.7  2.1  0.3 66.3 84.1  1.5174.1  5.4
  3.0  0.0  0.0  0.0  0.0  0.0  0.0  0.0  0.0  0.0  0.0  0.0  0.0  0.0  0.0
  0.0  0.0  0.0  1.2  0.9  1.5  0.3  0.0  0.0  0.0  0.0  0.0  0.0  0.0  0.0
  0.3  0.6  0.0  0.3  0.0  0.0  0.0  0.0  0.0  0.0  0.0  0.0  4.5  0.3  0.0
  3.9  0.0  0.0  3.9  1.2  0.0  1.2  4.8  0.0  0.0  0.0  0.0  0.0  0.0  0.0
  0.0  0.0  0.0  0.0  0.0  0.0  0.0 22.3  0.3  2.1  8.1 30.1  4.2  5.7 29.8
  3.6  0.3  3.0  3.0  0.3  1.8  0.3 33.1 14.5 17.8  1.5  6.9 10.5  9.9  0.0
     -5.73      5.53     -4.84     -3.39      1.29  1.2  0.0  0.0  0.0  0.0
                                4000_story_2389_llm_free.txt 32.8  4.4 3472
 14.7  3.5 10.9 50.1 17.0  1.4  3.5  0.0 14.1 18.7  1.7  0.9  0.6  6.3  0.3
  0.0  2.0  4.3  8.6  0.9  1.7261.5 81.5 25.1112.9 45.8 12.7  8.4  0.3  0.3
  0.0  2.9 21.3  9.5 13.5 27.6  5.8  7.2  2.0  0.6  1.7  0.9  3.2  3.7  0.3
  5.2  7.5  1.7  2.3  4.6 13.2 20.4  9.2  2.9  0.6 59.0 76.9  1.4177.7  5.8
  0.9  0.0  0.0  0.0  0.0  0.0  0.0  0.0  0.0  0.0  0.0  0.0  0.0  0.0  0.0
  0.0  0.0  0.0  3.5  0.0  1.4  0.9  0.0  0.0  0.0  0.0  0.0  0.0  0.0  0.3
  0.0  0.9  0.9  0.6  0.0  0.6  0.0  0.0  0.0  0.0  0.0  0.0  1.4  0.9  0.0
  5.8  0.0  0.0  5.8  2.6  0.6  3.2  2.3  0.0  0.0  0.0  0.0  0.0  0.0  0.0
  0.3  0.6  0.0  0.0  0.0  0.0  0.0 10.1  5.2  1.4  8.9 32.5  3.7  5.8  5.2
  0.6  2.0  1.4  2.9  0.9  0.3  0.0 39.2 15.0 17.9  2.3  7.8 10.9 10.1  0.0
      0.39      4.01     -4.43     -2.81      0.81  0.3  0.0  0.0  0.0  0.0
                                4000_story_2391_llm_free.txt 36.0  4.5 3181
 17.9  6.6  4.7 34.6  9.1  0.3  2.8  0.6 10.4 15.7  0.0  1.6  0.3  4.4  0.9
  0.0  1.6  2.2  8.8  0.6  1.3285.4 81.1 31.4121.7 55.3 15.1 10.4  0.3  0.6
  0.0  1.6 23.6  7.5 17.0 33.6  3.1  0.6  1.9  1.9  0.3  1.3  6.3  2.8  0.3
  5.0  5.3  0.9  3.5  3.8  3.1 19.2  8.2  2.2  0.9 61.0 74.8  1.9173.8 10.7
  1.3  0.0  0.0  0.0  0.0  0.0  0.0  0.0  0.0  0.0  0.0  0.0  0.0  0.0  0.0
  0.0  0.0  0.0  3.1  0.6  2.5  1.6  0.0  0.0  0.0  0.0  0.0  0.0  0.0  0.3
  0.0  0.0  0.3  0.6  0.0  0.0  0.0  0.0  0.0  0.3  0.0  0.0  1.9  0.9  0.0
  7.9  0.0  0.0  7.9  1.3  0.0  1.6  2.8  0.0  0.0  0.0  0.0  0.0  0.0  0.0
  0.0  0.3  0.0  0.0  0.0  0.0  0.0 12.6  1.6  0.3  7.2 26.1  2.5  6.9 25.5
  6.3  1.3  2.8  3.1  0.0  0.9  0.0 41.2 19.2 18.5  1.6  9.1 11.9  9.1  0.0
     -3.95      5.56     -5.37     -4.34      2.60  0.6  0.0  0.0  0.0  0.0
                                4000_story_2392_llm_free.txt 33.8  4.4 3342
 21.5  6.9  7.5 42.2 14.4  0.3  1.8  1.2 18.9 18.9  0.3  0.9  0.9  2.4  0.6
  0.3  1.2  5.7  8.4  1.2  1.5260.0 76.6 26.0129.3 71.2 13.5  8.4  0.0  1.2
  0.0  2.4 19.7 10.8 12.3 35.6  6.0  1.8  3.6  3.3  0.6  3.6  3.6  6.0  0.3
  3.9  6.6  1.2  2.4  4.8  8.1 21.5 10.2  2.4  1.2 61.6104.4  0.9185.2  5.4
  0.3  0.0  0.0  0.0  0.0  0.0  0.0  0.0  0.0  0.0  0.0  0.0  0.0  0.0  0.0
  0.0  0.0  0.0  2.1  0.3  4.8  1.2  0.0  0.0  0.0  0.0  0.0  0.0  0.3  0.3
  0.6  1.2  0.6  0.3  0.0  0.0  0.0  0.0  0.0  0.0  0.0  0.0  5.4  0.9  0.0
  8.4  0.0  0.3  8.7  3.0  0.0  3.0  6.3  0.0  0.0  0.0  0.0  0.0  0.0  0.0
  0.0  0.9  0.3  0.0  0.0  0.0  0.0 20.3  2.4  1.5  9.6 27.8  5.1  3.3 10.2
  3.0  0.6  1.5  3.0  0.0  0.9  0.0 37.4 20.0 26.0  0.9  7.8 12.3  7.8  0.0
     -1.03      5.83     -4.88     -1.80      1.01  0.0  0.0  0.0  0.0  0.0
                                4000_story_2396_llm_free.txt 34.8  4.4 2838
 12.0  4.9  6.3 34.9  8.8  0.4  1.4  0.4  8.5 20.1  1.1  0.4  0.0  3.9  0.4
  0.0  2.5  2.8  7.4  0.4  1.4267.1 89.1 28.2126.8 60.3 10.6 12.0  0.0  1.1
  0.0  1.1 15.9  9.2 17.6 25.7  7.8  3.9  3.5  1.8  1.1  1.4  2.1  9.2  0.7
  4.2  6.0  1.8  2.5  4.6  7.8 16.6 14.1  2.8  1.1 65.5 77.5  1.1185.7  9.2
  2.1  0.0  0.0  0.0  0.0  0.0  0.0  0.0  0.0  0.0  0.0  0.0  0.0  0.0  0.0
  0.0  0.0  0.0  2.8  0.7  2.5  1.1  0.0  0.0  0.0  0.0  0.0  0.0  0.0  0.4
  0.4  0.7  0.7  0.7  0.0  0.0  0.0  0.0  0.0  0.0  0.0  0.0  1.8  0.0  0.0
  7.0  0.0  0.0  7.0  2.8  0.0  2.8  1.8  0.0  0.0  0.0  0.0  0.0  0.0  0.0
  0.4  0.0  0.0  0.0  0.0  0.0  0.0 11.3  0.7  0.4  8.1 38.8  4.9  3.2  3.9
  1.8  1.4  1.1  2.8  0.0  0.4  0.0 40.2 20.4 14.8  1.1  9.2 10.9 10.2  0.0
     -4.45      5.37     -6.27     -2.68      0.99  0.4  0.0  0.0  0.0  0.0
                                4000_story_2397_llm_free.txt 37.3  4.5 2959
 19.3  4.7  5.1 43.3 13.9  0.7  3.4  1.4 17.2 20.3  1.0  1.4  0.3  7.1  0.7
  1.7  2.7  8.1  6.8  2.0  1.0256.5 84.2 34.1110.2 54.1 13.2  8.8  0.0  0.7
  0.3  0.7 23.7  7.8 13.9 28.7  8.1  2.7  3.4  1.0  2.0  2.7  0.3  8.8  0.7
  5.1  4.4  0.0  3.0  2.0 12.8 14.2 14.5  4.7  1.0 65.9 85.2  2.0170.7  4.1
  4.1  0.0  0.0  0.0  0.0  0.0  0.0  0.0  0.0  0.0  0.0  0.0  0.0  0.0  0.0
  0.0  0.0  0.0  1.7  0.0  2.0  2.4  0.0  0.0  0.0  0.0  0.0  0.0  0.0  0.7
  0.3  0.3  1.0  1.0  0.0  0.0  0.0  0.0  0.0  0.7  0.0  0.0  4.1  0.7  0.0
  6.1  0.0  0.0  6.1  3.4  0.0  4.1  4.7  0.0  0.0  0.0  0.0  0.0  0.0  0.0
  0.0  0.0  0.0  0.0  1.0  0.0  0.0 15.9  4.1  1.7  8.1 23.0  2.0 12.5 16.6
  1.4  1.7  2.4  2.7  0.7  0.0  0.3 34.5 15.2 23.3  1.7  6.4 13.2  7.1  0.0
      4.49      4.46     -4.42     -2.36      0.07  0.0  0.0  0.0  0.0  0.0
                                4000_story_2400_llm_free.txt 34.0  4.5 3304
 14.5  3.9  7.0 37.5 10.6  1.8  1.2  2.1 12.1 16.3  0.0  0.0  0.0  5.8  0.6
  0.0  1.2  3.9  8.2  0.6  2.1278.5 87.8 27.2122.6 56.9 11.2  8.8  0.3  0.3
  0.0  0.9 22.4  8.5 13.3 31.8  6.4  2.4  1.8  1.2  1.2  0.6  2.1  5.8  0.9
  6.7  3.9  2.4  2.1  4.2  7.6 14.2 13.3  1.8  0.6 54.5 79.6  1.5177.4  5.4
  1.5  0.0  0.0  0.0  0.0  0.0  0.0  0.0  0.0  0.0  0.0  0.0  0.0  0.0  0.0
  0.0  0.0  0.0  2.4  0.6  2.4  0.3  0.0  0.0  0.0  0.0  0.0  0.0  0.0  0.6
  0.0  0.9  1.5  0.0  0.0  0.0  0.0  0.0  0.0  0.0  0.0  0.0  0.6  0.0  0.0
  5.8  0.0  0.0  5.8  3.0  0.0  3.0  0.6  0.0  0.0  0.0  0.0  0.0  0.0  0.0
  0.3  0.3  0.0  0.0  0.0  0.0  0.0 13.0  5.1  0.3  6.7 36.9  4.8 10.9 23.9
  1.8  2.1  1.5  1.2  0.3  1.5  0.0 36.6 13.0 17.9  2.4  8.5 10.3 10.3  0.0
     -4.48      4.61     -4.95     -4.07      1.42  0.6  0.0  0.0  0.0  0.0
                                4000_story_2402_llm_free.txt 36.3  4.7 3025
 13.6  3.6  4.6 32.1  7.9  1.7  2.0  0.0 13.6 21.2  0.0  1.7  0.0  2.6  0.3
  1.0  1.7  4.0  9.3  1.3  0.7285.6 94.5 36.4122.0 44.3 13.6  8.9  0.0  0.7
  0.0  1.0 25.5  7.6 14.9 30.7  6.0  4.6  3.3  2.6  1.7  3.0  3.0  6.6  0.3
  6.0  5.3  0.3  1.7  2.6 10.2 19.8 12.9  3.0  0.7 62.5 65.8  1.0170.2  6.3
  2.0  0.0  0.0  0.0  0.0  0.0  0.0  0.0  0.0  0.0  0.0  0.0  0.0  0.0  0.0
  0.0  0.0  0.0  1.0  0.7  1.3  2.0  0.0  0.0  0.0  0.0  0.0  0.0  0.0  1.3
  0.3  0.0  0.7  0.3  0.0  0.3  0.0  0.0  0.0  0.0  0.3  0.0  2.0  1.7  0.0
  5.0  0.0  0.0  5.0  2.6  0.3  3.0  4.0  0.0  0.0  0.0  0.0  0.0  0.0  0.0
  0.0  0.0  0.0  0.0  0.0  0.0  0.0  6.3  1.3  1.7  7.9 28.8  4.0  4.6 21.2
  2.3  2.3  2.3  2.3  0.0  0.7  0.0 28.8 16.9 17.2  3.3  9.9  9.6  6.9  0.0
     -5.38      4.51     -4.86     -1.26      1.41  0.3  0.3  0.0  0.3  0.0
                                4000_story_2405_llm_free.txt 32.8  4.5 3044
 14.8  3.0  0.7 41.4 10.2  0.0  2.6  1.0 11.2 23.3  0.0  0.7  0.0  3.9  0.0
  0.3  1.6  5.6  8.9  1.3  0.0279.6 93.6 38.8108.4 42.4 12.8  9.2  0.3  0.7
  0.3  2.6 29.6  7.9 15.1 23.3  8.5  3.3  2.6  1.0  1.0  2.6  2.6  5.9  0.3
  4.3  4.9  1.3  1.0  3.9  9.9 18.1 10.5  3.0  1.3 69.0 63.7  0.7167.5  6.2
  3.0  0.0  0.0  0.0  0.0  0.0  0.0  0.0  0.0  0.0  0.0  0.0  0.0  0.0  0.0
  0.0  0.0  0.0  1.6  2.3  2.0  1.0  0.0  0.0  0.0  0.0  0.0  0.0  0.0  0.7
  0.0  3.0  1.0  0.7  0.0  0.0  0.0  0.0  0.0  2.0  0.0  0.0  0.7  1.0  0.0
  6.9  0.0  0.0  6.9  5.3  0.0  7.2  1.6  0.0  0.0  0.0  0.0  0.0  0.0  0.0
  0.0  0.3  0.0  0.0  0.0  0.0  0.0  4.6  1.0  0.7  5.9 34.8  8.9  3.3 13.8
  0.7  2.0  1.6  3.0  0.0  1.0  0.7 35.8 17.1 19.7  2.3  7.9  9.5  8.2  0.0
     -5.07      3.89     -3.20     -3.01      0.54  0.3  0.0  0.0  0.0  0.0
                                4000_story_2408_llm_free.txt 37.5  4.4 3529
 17.6  4.3  4.3 48.5 12.2  2.8  4.0  0.9 16.7 18.1  0.6  2.6  0.3  7.1  0.6
  0.3  1.1  7.4 10.5  1.1  1.4254.2 77.4 38.8113.3 59.2 14.5  9.1  0.9  1.1
  0.3  2.3 18.7  9.9 11.9 30.3  7.1  2.0  2.3  1.7  1.7  4.0  1.7  3.7  0.0
  4.0  5.4  0.0  2.0  4.3 11.1 22.4  7.7  2.3  2.3 67.4 88.1  2.6176.0  6.5
  1.1  0.3  0.0  0.0  0.0  0.0  0.0  0.0  0.0  0.0  0.0  0.0  0.0  0.0  0.0
  0.0  0.0  0.0  2.3  1.4  1.1  0.6  0.0  0.3  0.0  0.0  0.0  0.0  0.0  0.0
  0.3  1.7  0.0  0.0  0.0  0.0  0.0  0.0  0.0  0.6  0.0  0.0  2.0  0.6  0.0
  5.4  0.3  0.0  5.7  2.0  0.0  2.6  2.6  0.0  0.0  0.0  0.0  0.0  0.0  0.0
  0.3  0.6  0.0  0.0  0.0  0.0  0.0 15.6  1.7  2.8  7.1 31.7  2.6 21.5 12.5
  1.4  2.3  2.6  4.3  0.3  0.6  0.0 32.0 14.2 24.7  2.0  8.8 13.0 11.6  0.0
      2.00      5.09     -3.62     -2.23     -0.73  0.3  0.3  0.0  0.0  0.0
                                4000_story_2409_llm_free.txt 36.3  4.5 3271
 16.2  4.3  2.8 38.5  5.5  1.2  1.2  0.6  7.3 22.3  0.6  0.6  0.6  5.8  0.0
  0.0  1.2  5.8  8.6  1.5  1.5275.8 87.1 33.3115.3 62.7 13.5  8.3  0.6  0.3
  0.3  1.5 18.3  6.1 12.5 32.4  6.1  3.4  2.4  0.9  0.9  1.8  2.8  7.3  0.3
  4.3  6.1  0.6  2.8  4.6 10.1 17.7 11.9  2.8  1.2 63.0 75.5  2.4172.4  6.4
  0.9  0.0  0.0  0.0  0.0  0.0  0.0  0.0  0.0  0.0  0.0  0.0  0.0  0.0  0.0
  0.0  0.0  0.0  2.4  0.6  1.8  0.6  0.0  0.0  0.0  0.0  0.0  0.0  0.0  0.3
  0.6  0.6  0.9  0.0  0.0  0.0  0.3  0.3  0.0  0.3  0.3  0.0  0.9  0.6  0.0
  5.5  0.0  0.0  5.5  2.4  0.6  3.4  1.8  0.0  0.0  0.0  0.0  0.0  0.0  0.0
  0.0  0.6  0.0  0.0  0.0  0.0  0.0 15.6  3.4  1.2  8.3 32.7  2.1 17.4 10.1
  1.2  1.5  1.5  2.1  0.0  1.2  0.3 42.2 14.7 20.5  0.9  5.5 11.6  6.4  0.0
     -3.25      4.96     -3.67     -3.43      0.82  0.3  0.3  0.0  0.0  0.0
                                4000_story_2410_llm_free.txt 34.0  4.5 3438
 19.8  4.9  7.9 38.1 12.2  0.6  2.0  0.3 13.7 22.7  0.0  1.2  0.3  5.8  0.0
  0.6  1.2  3.8 10.5  0.3  0.9264.1 77.7 29.1124.5 59.6 10.8  8.4  0.0  0.9
  0.3  2.6 17.2  9.3 15.1 33.4  7.6  3.5  2.3  1.7  0.9  1.7  2.6  3.2  0.3
  4.4  5.2  1.5  2.0  4.4  8.1 21.2  7.9  1.5  1.2 63.1 85.5  1.2179.8  7.0
  1.2  0.3  0.0  0.0  0.0  0.0  0.0  0.0  0.0  0.0  0.0  0.0  0.0  0.0  0.0
  0.0  0.0  0.0  1.5  0.9  3.8  0.3  0.3  0.0  0.0  0.0  0.0  0.0  0.0  0.9
  0.6  0.9  0.3  0.3  0.0  0.3  0.0  0.0  0.0  0.6  0.3  0.3  2.3  0.9  0.0
  6.4  0.3  0.0  6.7  2.9  0.3  3.8  3.8  0.0  0.0  0.0  0.0  0.0  0.0  0.0
  0.0  0.6  0.3  0.0  0.0  0.0  0.0 11.3  3.2  3.2 10.2 22.1  7.3  4.7 14.3
  1.2  1.7  0.9  4.1  0.0  1.2  0.3 35.8 16.9 23.3  2.0  8.1 10.2 11.6  0.0
     -2.21      4.65     -5.17     -3.12      0.13  0.6  0.3  0.0  0.0  0.0
                                4000_story_2412_llm_free.txt 33.8  4.5 4182
 18.9  7.4  8.4 38.5 15.5  0.0  3.1  1.0 14.8 17.2  0.7  1.7  1.0  4.5  1.0
  0.5  1.2  4.3  7.9  1.4  1.7256.8 83.0 24.9122.0 72.9 13.9 11.5  0.0  1.0
  0.2  1.7 24.4  9.3 12.9 33.0  9.6  5.0  1.4  2.4  1.4  1.4  2.4  2.9  0.7
  4.5  3.8  1.7  1.7  2.9 10.8 17.5  8.1  2.6  1.2 58.8103.3  2.2182.9  7.2
  1.0  0.0  0.0  0.0  0.0  0.0  0.0  0.0  0.0  0.0  0.0  0.0  0.0  0.0  0.0
  0.0  0.0  0.0  3.1  1.2  3.6  2.2  0.0  0.0  0.0  0.0  0.0  0.0  0.0  0.5
  1.2  1.2  1.2  0.2  0.0  0.0  0.0  0.0  0.0  0.0  0.0  0.2  1.9  0.2  0.0
 10.0  0.0  0.0 10.0  4.3  0.0  4.3  2.4  0.0  0.0  0.0  0.0  0.0  0.0  0.0
  0.2  0.0  0.0  0.0  0.0  0.0  0.2 16.7  3.8  0.2  7.7 24.2  2.6  9.8 14.8
  1.7  0.7  1.7  2.2  0.5  0.5  0.2 38.3 19.4 22.0  1.2  9.3 10.8 10.8  0.0
      0.02      6.32     -4.35     -2.60      0.32  0.2  0.0  0.0  0.0  0.0
                                4000_story_2432_llm_free.txt 36.5  4.5 3538
 15.5  5.1  7.9 49.2 11.9  1.4  2.5  1.4 12.4 19.2  1.7  0.6  0.3  4.2  0.6
  0.3  1.4  6.2 10.2  0.6  0.3280.9 84.5 35.9109.4 60.8 11.6  9.9  0.3  0.3
  0.3  1.1 26.0  7.9 11.0 27.1  6.8  5.7  1.4  1.7  2.0  1.7  3.4  4.2  0.0
  5.1  4.0  0.8  2.3  4.8 13.8 17.5  9.3  2.0  0.8 65.3 85.1  1.4176.9  7.1
  1.1  0.0  0.0  0.0  0.0  0.0  0.0  0.0  0.0  0.0  0.0  0.0  0.0  0.0  0.0
  0.0  0.0  0.0  2.5  0.0  2.3  1.1  0.0  0.0  0.0  0.0  0.0  0.0  0.0  0.0
  0.0  0.6  0.8  0.3  0.0  0.0  0.0  0.0  0.0  0.0  0.0  0.3  2.3  0.8  0.0
  5.9  0.0  0.0  5.9  1.7  0.0  1.7  3.4  0.0  0.0  0.0  0.0  0.0  0.0  0.0
  0.0  0.8  0.0  0.0  0.0  0.0  0.0 11.9  3.4  3.4 10.7 38.4  5.7  5.4  8.8
  1.1  2.0  3.1  2.5  0.0  1.1  0.6 32.8 15.8 20.9  2.3  9.0 11.0  7.9  0.0
     -2.89      4.63     -3.28     -2.41      0.78  0.3  0.3  0.0  0.0  0.0
                                4000_story_2453_llm_free.txt 37.3  4.5 3005
 10.6  2.0  5.7 40.6 12.0  1.3  5.3  0.7  9.7 16.3  0.3  0.7  0.7  4.3  0.3
  0.7  2.3  3.3  7.3  2.7  1.0268.6 79.9 30.6121.8 71.9 12.3 11.6  0.7  2.0
  0.0  1.0 27.3  8.7 14.3 33.3  8.0  2.3  5.3  2.0  1.0  1.7  3.7  5.0  0.0
  5.0  6.0  0.7  4.0  5.0  6.7 17.0 10.0  5.0  2.7 62.9 93.5  1.7181.0  7.0
  0.7  0.0  0.0  0.0  0.0  0.0  0.0  0.0  0.0  0.0  0.0  0.0  0.0  0.0  0.0
  0.0  0.0  0.0  1.0  0.0  1.3  0.7  0.0  0.0  0.0  0.0  0.0  0.0  0.0  0.7
  0.0  0.7  1.3  0.3  0.0  0.0  0.0  0.0  0.0  0.3  0.3  0.3  3.0  1.3  0.0
  3.0  0.0  0.0  3.0  3.0  0.0  3.3  5.0  0.0  0.0  0.0  0.0  0.0  0.0  0.0
  0.0  0.3  0.0  0.0  0.0  0.0  0.0 16.6  1.7  3.3  6.3 26.0  4.3  6.0 17.0
  2.0  1.7  2.0  1.7  0.0  2.0  0.0 35.6 22.6 17.6  1.0  7.0 13.6 10.6  0.0
     -1.37      6.00     -3.94     -2.28      1.03  0.0  0.0  0.0  0.0  0.0
                                4000_story_2461_llm_free.txt 37.8  4.4 3803
 17.4  4.2  8.7 58.9 14.7  1.6  4.2  1.3 18.9 21.3  0.8  0.8  0.3  5.5  0.5
  0.3  2.1  8.2  5.8  1.3  1.8249.8 78.6 26.0114.6 50.0 11.0  9.7  0.3  1.6
  0.5  1.6 31.6  9.7  9.7 34.2  7.6  4.2  2.9  2.1  2.4  3.7  1.6  7.4  0.3
  6.8  4.5  1.1  2.9  6.6 14.7 14.7 14.5  3.4  2.4 61.5 83.6  2.4187.7  5.3
  2.9  0.0  0.0  0.0  0.0  0.0  0.0  0.0  0.0  0.0  0.0  0.0  0.0  0.0  0.0
  0.0  0.0  0.0  2.1  1.1  2.4  1.1  0.0  0.3  0.0  0.0  0.0  0.0  0.0  1.1
  0.3  1.8  0.8  0.3  0.0  0.0  0.0  0.3  0.0  0.3  0.0  0.0  4.7  1.6  0.0
  6.6  0.3  0.0  6.8  4.2  0.3  4.7  6.3  0.0  0.0  0.0  0.0  0.0  0.0  0.0
  0.3  0.3  0.0  0.0  0.0  0.0  0.0 16.6  2.4  1.1  6.3 24.2  7.9  5.3 15.0
  2.4  1.6  1.8  3.7  0.3  0.3  0.0 33.9 20.2 24.5  2.4  7.6 12.1  6.8  0.0
      2.95      4.19     -2.41     -1.11      0.88  0.0  0.0  0.0  0.0  0.0
                                4000_story_2479_llm_free.txt 39.0  4.5 3221
 15.5  2.5  1.6 45.3 12.1  1.9  2.8  2.2 10.9 18.9  1.6  0.9  0.3  5.3  0.3
  0.6  0.9  3.7 12.7  0.6  1.2263.9 82.3 33.2109.6 56.8  9.6 10.2  0.0  0.3
  0.6  2.8 19.9 10.9 10.2 32.9  6.8  6.5  1.9  0.9  2.2  1.9  3.4  6.2  0.0
  6.2  7.1  0.9  2.2  5.3 12.4 24.5 12.4  1.6  0.9 68.3 79.8  2.8177.6  6.2
  0.6  0.0  0.0  0.0  0.0  0.0  0.0  0.0  0.0  0.0  0.0  0.0  0.0  0.0  0.0
  0.0  0.0  0.0  1.9  0.3  1.2  0.6  0.0  0.0  0.0  0.0  0.0  0.0  0.0  0.3
  0.3  1.2  0.6  0.0  0.0  0.3  0.0  0.0  0.0  0.0  0.0  0.3  3.4  0.3  0.0
  4.0  0.0  0.0  4.0  2.5  0.3  2.8  4.0  0.0  0.0  0.0  0.0  0.0  0.0  0.0
  0.3  0.9  0.0  0.0  0.0  0.0  0.0 13.7  1.6  4.0  7.8 30.7  0.6 15.8  3.4
  0.0  2.5  1.2  2.5  1.6  0.9  0.3 32.9 15.8 23.9  1.2  5.0 13.7  9.0  0.0
     -2.91      4.15     -3.88     -2.25      1.45  0.0  0.0  0.0  0.0  0.0
                                4000_story_2489_llm_free.txt 33.3  4.5 3251
 16.6  5.5  7.1 38.8  8.6  0.3  2.5  1.8 12.0 20.3  0.0  0.3  0.3  6.2  0.0
  0.3  0.0  4.3  7.7  1.2  1.5279.0 90.1 30.5124.9 60.9 16.9 13.8  0.3  1.5
  0.3  1.5 23.7  6.2 10.8 28.3  6.8  1.8  1.2  2.5  2.2  2.2  2.8  3.7  0.0
  3.4  5.5  1.2  2.2  2.5  8.3 17.5  7.1  1.2  2.2 56.0 81.5  2.2178.1  8.3
  0.9  0.0  0.0  0.0  0.0  0.0  0.0  0.0  0.0  0.0  0.0  0.0  0.0  0.0  0.0
  0.0  0.0  0.0  4.0  0.6  1.5  1.5  0.0  0.0  0.0  0.0  0.0  0.0  0.0  0.0
  0.6  1.2  0.9  0.9  0.0  0.0  0.0  0.0  0.0  0.0  0.0  0.0  3.4  1.2  0.0
  7.7  0.0  0.0  7.7  3.7  0.0  3.7  4.6  0.0  0.0  0.0  0.0  0.0  0.0  0.0
  0.0  0.0  0.0  0.0  0.0  0.0  0.0 10.8  2.8  0.9  8.0 34.5  8.0  9.5 12.0
  3.4  0.9  2.5  2.5  0.0  0.9  0.3 35.7 20.9 21.5  1.5  4.9 11.4 11.1  0.0
     -5.33      6.90     -2.11     -2.76     -0.25  0.0  0.0  0.0  0.0  0.0
                                4000_story_2490_llm_free.txt 34.8  4.5 3230
 17.0  4.0  4.0 38.1 11.1  0.6  0.9  1.5 11.5 15.5  0.3  1.2  0.9  5.0  0.0
  0.3  1.9  4.6  8.7  1.2  1.2276.2 92.0 34.4121.7 57.3 12.7  8.4  0.0  1.2
  0.0  1.9 22.6  8.7 17.0 25.7  6.8  1.5  3.1  1.5  0.6  0.9  0.9  4.6  0.3
  4.6  5.0  0.6  2.2  3.7  6.8 18.3  9.6  3.1  1.2 62.5 79.9  1.9182.7  8.7
  0.9  0.3  0.0  0.0  0.0  0.0  0.0  0.0  0.0  0.0  0.0  0.0  0.0  0.0  0.0
  0.0  0.0  0.0  1.9  0.9  0.9  1.2  0.3  0.3  0.0  0.0  0.0  0.0  0.3  0.3
  0.6  0.6  0.9  0.0  0.0  0.0  0.0  0.0  0.0  0.0  0.0  0.0  3.7  1.2  0.0
  5.0  0.6  0.3  5.9  2.5  0.0  2.5  5.0  0.0  0.0  0.0  0.0  0.0  0.0  0.0
  0.0  0.9  0.0  0.0  0.0  0.0  0.0 13.6  0.6  0.9  5.9 30.0  4.0  5.0 12.7
 10.5  0.9  0.9  4.3  0.0  1.2  0.0 39.9 15.2 22.0  2.2  7.4 12.7  8.7  0.0
     -3.48      4.81     -5.09     -3.87     -0.61  0.6  0.0  0.0  0.0  0.0
                                4000_story_2497_llm_free.txt 35.5  4.4 3015
 14.6  3.0  4.0 39.1 10.6  1.0  3.6  0.7  9.3 17.2  0.0  1.0  0.3  4.6  1.0
  0.3  0.7  4.3 11.6  0.3  1.7261.7 87.2 33.2114.8 68.0 16.9  5.3  0.3  1.0
  0.0  2.3 20.9  9.3 17.9 28.5  6.0  2.7  1.7  3.3  1.3  1.0  2.3  4.0  1.0
  4.3  3.3  1.0  1.3  3.6  8.3 21.6  9.3  1.0  1.3 67.7 87.9  2.3170.1  6.0
  3.0  0.3  0.0  0.0  0.0  0.0  0.0  0.0  0.0  0.0  0.0  0.0  0.0  0.0  0.0
  0.0  0.0  0.0  1.3  0.7  1.0  1.0  0.3  0.3  0.0  0.0  0.0  0.0  0.0  0.3
  0.3  1.3  0.7  0.3  0.0  0.0  0.0  0.0  0.0  0.3  0.0  0.0  2.3  1.3  0.0
  4.0  0.7  0.0  4.6  3.0  0.0  3.3  3.6  0.0  0.0  0.0  0.0  0.0  0.0  0.0
  0.0  0.3  0.0  0.0  0.0  0.0  0.0  7.6  4.3  1.3  6.3 28.9  8.3  6.3 10.0
  2.7  2.0  2.3  4.0  0.0  1.7  0.0 37.5 15.9 20.6  1.0  5.6 14.6  7.6  0.0
     -4.46      5.30     -5.56     -2.90      0.58  0.3  0.0  0.3  0.0  0.0
                                4000_story_2519_llm_free.txt 36.3  4.5 3448
 21.8  7.0  4.4 37.7 12.2  0.9  3.8  1.2 12.5 21.8  0.3  1.2  0.3  4.6  0.3
  0.9  2.0  2.0  8.7  1.2  1.5267.4 85.6 31.3125.9 59.7 16.0  9.0  0.3  1.2
  0.0  0.6 32.5  9.0 13.9 30.7  6.4  3.2  2.9  0.9  2.3  1.2  2.9  7.5  0.3
  4.1  6.4  1.5  2.6  3.8  7.5 17.7 11.9  3.2  1.5 53.4 84.4  0.3175.8  6.4
  1.2  0.0  0.0  0.0  0.0  0.0  0.0  0.0  0.0  0.0  0.0  0.0  0.0  0.0  0.0
  0.0  0.0  0.0  3.5  0.3  1.5  2.6  0.0  0.0  0.0  0.0  0.0  0.0  0.0  0.3
  0.0  0.9  0.6  0.6  0.0  0.3  0.0  0.0  0.0  0.6  0.0  0.0  3.2  0.0  0.0
  7.8  0.0  0.0  7.8  2.3  0.3  3.2  3.2  0.0  0.0  0.0  0.0  0.0  0.0  0.0
  0.0  0.0  0.0  0.0  0.0  0.0  0.0 10.7  2.0  0.6  6.4 29.3  9.9  4.9 19.1
  2.3  2.3  3.5  2.6  0.0  0.6  0.9 37.7 18.9 26.4  2.0  7.3 11.3  6.1  0.0
     -0.42      5.80     -4.22     -2.95      0.86  0.6  0.0  0.0  0.0  0.0
                                4000_story_2544_llm_free.txt 34.3  4.6 3140
 14.6  4.1  5.7 34.1  8.0  1.0  1.6  1.9 12.4 15.3  1.0  1.0  0.6  5.1  0.0
  0.0  1.3  4.8 11.5  0.3  1.0295.9 88.9 37.3116.9 60.5 12.1 10.5  0.0  1.0
  0.0  0.6 38.5  7.6 17.2 25.5  6.4  1.6  3.5  1.3  3.2  1.9  1.9  5.4  0.3
  4.5  5.4  1.0  3.5  2.9  9.6 19.7 10.2  1.6  1.0 59.9 80.9  1.6170.1  5.7
  0.3  0.0  0.0  0.0  0.0  0.0  0.0  0.0  0.0  0.0  0.0  0.0  0.0  0.0  0.0
  0.0  0.0  0.0  1.9  0.3  3.2  0.3  0.0  0.0  0.0  0.0  0.0  0.0  0.0  0.6
  0.3  1.6  1.9  0.0  0.0  0.3  0.0  0.0  0.0  0.0  0.6  0.0  0.6  0.3  0.0
  5.7  0.0  0.0  5.7  4.5  0.3  4.8  1.6  0.0  0.0  0.0  0.0  0.0  0.0  0.0
  0.0  0.0  0.0  0.0  0.0  0.0  0.0 11.8  4.1  3.5 10.5 29.6  3.8  3.8 25.2
  1.6  1.9  1.9  1.6  0.0  1.0  0.0 31.2 16.9 17.5  0.6  6.4 12.7  8.3  0.0
     -5.91      5.08     -4.33     -2.24      0.07  1.0  0.0  0.0  0.0  0.0
                                4000_story_2559_llm_free.txt 35.8  4.6 2796
 13.6  5.4  4.6 33.6  2.9  1.1  1.4  1.1  7.2 23.2  0.7  3.9  0.0  4.6  0.0
  0.0  2.5  3.9 10.0  0.7  0.7290.4 78.7 24.3131.3 40.1 12.2 11.8  0.0  0.4
  0.0  3.6 27.9 10.0 10.7 27.2  5.0  1.8  5.0  1.8  0.7  1.8  2.9  6.8  0.4
  4.6  3.6  1.8  2.9  4.3  6.4 22.9 11.8  3.2  0.4 60.4 50.1  1.8177.8  6.1
  1.4  0.0  0.0  0.0  0.0  0.0  0.0  0.0  0.0  0.0  0.0  0.0  0.0  0.0  0.0
  0.0  0.0  0.0  2.9  0.7  1.4  2.1  0.0  0.0  0.0  0.0  0.0  0.4  0.0  0.4
  0.0  0.7  0.4  0.4  0.0  0.0  0.0  0.4  0.0  0.0  0.4  0.0  1.4  1.4  0.0
  7.2  0.0  0.4  7.5  1.8  0.4  2.1  3.2  0.0  0.0  0.0  0.0  0.0  0.0  0.0
  0.0  0.4  0.0  0.0  0.0  0.0  0.0  6.1  3.9  1.1  8.6 30.4  2.5  6.8 11.8
  0.7  1.1  0.7  3.2  0.0  1.8  0.0 34.7 23.6 20.0  1.1  9.7  7.5  8.9  0.0
     -1.31      4.89     -3.15     -2.70      0.97  0.7  0.0  0.0  0.0  0.0
                                4000_story_2573_llm_free.txt 34.8  4.4 3402
 13.8  3.2  5.6 34.7  5.9  0.6  2.1  1.2  7.9 19.7  0.3  0.6  0.3  4.1  0.3
  0.0  1.5  3.2  7.3  1.2  2.1273.7 91.7 30.0125.5 62.6 17.9  9.1  0.3  2.4
  0.0  2.4 20.9 10.0 16.5 30.3  5.6  3.5  2.6  1.5  0.9  2.1  2.4  5.9  0.9
  2.6  7.3  0.9  2.6  4.4  7.6 19.1  9.4  2.6  2.6 62.6 76.4  0.9175.8  4.7
  0.0  0.0  0.0  0.0  0.0  0.0  0.0  0.0  0.0  0.0  0.0  0.0  0.0  0.0  0.0
  0.0  0.0  0.0  2.1  0.0  2.4  0.9  0.0  0.0  0.0  0.0  0.0  0.0  0.0  0.3
  0.0  1.8  0.3  0.3  0.0  0.0  0.0  0.0  0.0  0.3  0.0  0.0  1.5  0.9  0.0
  5.3  0.0  0.0  5.3  2.6  0.0  2.9  2.4  0.0  0.0  0.0  0.0  0.0  0.0  0.0
  0.0  0.3  0.3  0.0  0.0  0.0  0.0 14.1  0.6  0.0  4.1 36.4  4.1  3.5  8.2
  0.6  3.8  1.8  4.1  0.0  2.4  0.0 34.7 20.6 16.8  1.8  5.3 10.0  8.5  0.0
     -5.23      6.32     -4.77     -3.00      0.27  0.3  0.0  0.3  0.0  0.0
                                4000_story_2582_llm_free.txt 35.8  4.4 3396
 21.5  5.3  7.7 42.1 10.6  1.2  3.2  1.8 14.7 18.6  1.2  2.1  0.6  5.3  0.0
  0.3  0.9  4.4  9.1  0.9  1.5262.1 85.7 26.2123.7 62.4 17.1  9.4  0.0  0.9
  0.0  3.5 24.4  8.5 16.2 26.8  5.3  3.2  2.9  1.5  1.8  1.5  1.8  5.3  0.0
  4.4  5.9  0.9  2.4  3.2  9.4 22.1  9.7  1.8  0.9 58.6 87.8  2.4180.5 10.6
  0.6  0.0  0.0  0.0  0.0  0.0  0.0  0.0  0.0  0.0  0.0  0.0  0.0  0.0  0.0
  0.0  0.0  0.0  2.7  0.6  2.4  1.5  0.0  0.0  0.0  0.0  0.0  0.0  0.0  1.8
  0.3  0.6  0.6  0.6  0.0  0.0  0.0  0.0  0.0  0.0  0.3  0.0  2.7  0.6  0.0
  7.1  0.0  0.0  7.1  3.8  0.0  3.8  3.5  0.0  0.0  0.0  0.0  0.0  0.0  0.0
  0.0  0.3  0.0  0.0  0.0  0.0  0.0 11.5  2.7  0.6  9.4 22.7  3.8  5.0 24.4
  2.9  2.1  1.8  3.5  0.0  0.9  0.0 36.5 21.2 27.1  1.5  6.8 14.7  7.7  0.0
     -1.02      6.14     -4.30     -2.78     -0.29  0.3  0.0  0.0  0.0  0.0
                                4000_story_2588_llm_free.txt 36.3  4.5 3805
 14.7  3.4  5.8 40.5  7.4  1.3  2.4  0.8 11.0 22.6  0.8  1.1  0.3  7.9  0.3
  0.0  2.4  5.5  9.2  1.6  1.3269.4 84.4 28.4115.6 57.0 13.1 10.0  0.0  1.1
  0.3  2.6 19.2 15.0 12.6 30.0  4.5  3.7  4.2  1.1  1.1  2.9  2.6  6.3  0.5
  5.8  7.1  1.1  1.3  4.7 10.2 21.0 12.6  3.9  1.3 60.4 75.4  2.1172.7  7.4
  0.8  0.0  0.0  0.0  0.0  0.0  0.0  0.0  0.0  0.0  0.0  0.0  0.0  0.0  0.0
  0.0  0.0  0.0  1.3  1.3  1.8  0.5  0.0  0.0  0.0  0.0  0.0  0.0  0.0  0.0
  0.3  1.1  0.5  0.5  0.0  0.0  0.0  0.0  0.0  0.3  0.0  0.0  3.4  0.8  0.0
  5.0  0.0  0.0  5.0  2.4  0.0  2.6  4.2  0.0  0.0  0.0  0.0  0.0  0.0  0.0
  0.5  0.5  0.0  0.0  0.0  0.0  0.0 10.5  4.7  1.6  9.2 29.4  4.2 10.8  7.6
  0.8  1.3  1.6  2.1  0.3  1.6  0.3 38.9 18.4 19.2  1.3 12.4  8.4  8.7  0.0
      0.96      4.99     -5.65     -2.24      1.24  0.5  0.0  0.5  0.0  0.0
                                4000_story_2594_llm_free.txt 36.0  4.5 2936
 16.0  7.2  8.5 40.5 10.6  1.0  4.1  0.3 11.2 22.8  0.3  1.0  0.3  6.8  0.0
  0.0  0.7  4.1  8.9  1.4  2.0256.5 83.4 27.2122.3 59.3 12.9  5.4  0.3  1.0
  0.0  2.4 17.0  9.9 14.0 36.1  3.7  1.7  1.0  1.4  1.0  0.7  3.7  5.4  0.3
  3.4  5.8  0.7  3.1  4.4  6.8 19.4  9.2  2.0  1.4 68.8 81.1  2.0174.0  6.8
  2.0  0.0  0.0  0.0  0.0  0.0  0.0  0.0  0.0  0.0  0.0  0.0  0.0  0.0  0.0
  0.0  0.0  0.0  1.0  0.0  6.1  0.7  0.0  0.0  0.0  0.0  0.0  0.0  0.0  0.7
  0.0  0.3  0.3  0.0  0.0  0.0  0.0  0.0  0.0  0.0  0.0  0.0  1.0  1.4  0.0
  7.8  0.0  0.0  7.8  1.4  0.0  1.4  2.4  0.0  0.0  0.0  0.0  0.0  0.0  0.0
  0.0  1.0  0.3  0.0  0.0  0.0  0.0 14.3  0.3  2.7  7.5 30.0  5.4  3.4  4.8
  1.7  2.0  2.0  1.7  0.3  1.7  0.0 37.5 16.0 20.4  1.0  7.2  9.2  9.2  0.0
     -0.88      4.43     -5.23     -4.49      0.90  0.0  0.0  0.0  0.0  0.0
                                4000_story_2597_llm_free.txt 35.3  4.4 3164
 15.8  5.7  8.2 41.7 13.6  0.6  1.3  0.9 12.3 16.8  0.6  0.9  0.3  5.1  0.6
  0.0  1.3  7.9 10.7  0.3  2.2266.1 88.8 28.8117.3 76.8 11.7 10.4  0.0  0.0
  0.0  1.6 15.5  8.2  9.8 25.0  7.3  7.0  2.5  2.2  0.9  0.6  2.8  3.5  0.3
  4.4  4.7  0.9  3.5  2.8 15.8 20.2  8.2  1.6  0.0 61.0102.7  2.2176.0  5.4
  0.9  0.0  0.0  0.0  0.0  0.0  0.0  0.0  0.0  0.0  0.0  0.0  0.0  0.0  0.0
  0.0  0.0  0.0  2.2  0.6  3.5  0.9  0.0  0.0  0.0  0.0  0.0  0.0  0.0  0.3
  0.0  1.9  0.9  0.9  0.0  0.0  0.0  0.0  0.0  0.0  0.0  0.3  1.3  0.3  0.0
  7.3  0.0  0.0  7.3  4.1  0.0  4.1  1.9  0.0  0.0  0.0  0.0  0.0  0.0  0.0
  0.9  0.0  0.0  0.0  0.0  0.0  0.0 10.7  2.5  3.2  7.9 27.8  3.8  6.3  6.6
  1.3  0.9  1.9  4.4  0.3  0.6  0.0 34.1 19.9 19.9  1.6 10.7 14.5  7.3  0.0
     -1.71      5.72     -4.01     -2.42      0.35  0.0  0.0  0.0  0.0  0.0
                                4000_story_2599_llm_free.txt 33.5  4.5 3195
 20.0  6.9  8.5 44.8 11.9  1.3  5.0  1.9 15.6 21.0  1.3  3.1  0.0  4.7  0.3
  0.0  1.6  5.0 10.6  1.6  0.9248.2 77.3 37.9117.7 63.2 17.2 11.3  0.0  3.4
  0.0  0.6 21.0  7.2 10.3 31.0  6.3  4.4  2.5  1.3  1.3  4.4  3.8  5.0  0.3
  6.9  5.3  0.3  2.5  5.0 10.6 21.0 12.2  3.1  3.4 64.5 90.8  1.6181.8  9.7
  3.4  0.0  0.0  0.0  0.0  0.0  0.0  0.0  0.0  0.0  0.0  0.0  0.0  0.0  0.0
  0.0  0.0  0.0  2.2  0.6  2.2  3.1  0.0  0.0  0.0  0.0  0.0  0.0  0.0  0.6
  0.0  0.9  0.9  1.6  0.0  0.0  0.0  0.0  0.0  0.0  0.3  0.0  3.4  0.6  0.0
  8.1  0.0  0.0  8.1  4.1  0.0  4.1  4.4  0.0  0.0  0.0  0.0  0.0  0.0  0.0
  0.3  0.3  0.0  0.0  0.0  0.0  0.0 17.2  5.6  0.6  7.8 28.2  3.8 10.0 11.0
  4.1  0.9  7.5  3.1  0.3  0.3  0.3 39.1 16.9 26.6  1.6  7.5 11.9  7.2  0.0
      2.47      6.35     -2.47     -1.84      1.94  0.3  0.0  0.0  0.0  0.0
                                4000_story_2609_llm_free.txt 34.5  4.4 3462
 15.3  3.8  5.8 39.9 11.8  0.6  2.6  0.3 14.7 23.1  0.6  0.9  0.3  4.0  0.3
  1.4  1.7  6.4 11.8  1.4  1.2273.0 85.8 30.3116.7 47.4 15.3 11.0  0.6  1.4
  0.0  1.4 25.4  6.4 13.0 24.8  8.4  3.2  2.3  1.4  1.2  2.0  1.4  6.6  0.0
  4.9  6.1  1.4  2.3  4.3 10.7 21.7 11.6  3.2  2.0 60.7 73.9  2.6179.7  6.4
  1.7  0.0  0.0  0.0  0.0  0.0  0.0  0.0  0.0  0.0  0.0  0.0  0.0  0.0  0.0
  0.0  0.0  0.0  2.0  0.6  2.0  0.9  0.0  0.0  0.0  0.0  0.0  0.0  0.3  0.0
  0.9  1.2  1.2  0.6  0.0  0.0  0.0  0.0  0.0  0.0  0.0  0.0  2.3  0.6  0.0
  5.5  0.0  0.3  5.8  3.8  0.0  3.8  2.9  0.0  0.0  0.0  0.0  0.0  0.0  0.0
  0.0  0.0  0.3  0.0  0.0  0.0  0.0 11.3  1.4  0.6  7.2 50.0  2.3 16.8  8.7
  1.4  2.6  2.0  4.6  0.0  0.6  0.0 39.0 19.4 18.8  1.7 10.1 11.0 11.0  0.0
     -0.63      5.19     -2.71     -3.09     -0.13  0.0  0.0  0.0  0.0  0.0
                                4000_story_2611_llm_free.txt 33.5  4.4 3148
 14.9  3.2  3.2 35.6  8.3  0.3  3.5  1.3 10.2 17.8  1.0  0.6  0.3  3.5  0.3
  0.0  2.9  5.4 10.5  1.6  1.0284.3 88.6 24.8126.4 59.7 14.6  9.5  0.0  1.0
  0.0  1.6 29.5  6.4 15.6 29.2  4.4  2.2  3.8  1.9  1.3  1.6  3.2  5.4  0.6
  4.8  6.4  0.6  2.2  2.2  8.9 21.0 10.8  4.4  1.0 50.2 78.1  1.3173.8  6.4
  0.6  0.0  0.0  0.0  0.0  0.0  0.0  0.0  0.0  0.0  0.0  0.0  0.0  0.0  0.0
  0.0  0.0  0.0  1.3  0.3  0.6  0.6  0.0  0.0  0.0  0.0  0.0  0.0  0.0  0.3
  0.0  0.6  0.0  0.6  0.0  0.0  0.0  0.0  0.0  0.3  0.0  0.0  1.6  0.6  0.0
  2.9  0.0  0.0  2.9  1.6  0.0  1.9  2.2  0.0  0.0  0.0  0.0  0.0  0.0  0.0
  0.3  0.6  0.0  0.0  0.0  0.0  0.0 12.1  1.0  1.3 10.2 27.3  4.1  5.1 27.0
  4.4  1.0  2.2  3.2  0.3  1.6  0.0 34.9 20.3 18.7  0.6  9.5 14.0 11.1  0.0
     -1.49      5.66     -3.96     -2.74      1.20  0.0  0.3  0.0  0.0  0.0
                                4000_story_2613_llm_free.txt 33.0  4.6 3793
 15.3  3.2  7.1 35.6  7.1  0.8  2.4  1.3 11.1 18.5  1.1  1.1  0.3  5.0  0.3
  0.8  0.8  4.2  6.1  2.4  0.8289.7 86.7 32.7124.4 51.9 13.4  8.4  0.0  2.1
  0.5  2.4 31.1  6.3 12.9 25.3  5.3  2.6  1.6  1.1  1.3  2.6  1.6  5.8  0.0
  6.3  4.7  0.8  1.3  5.8  8.2 15.3 12.1  3.2  2.6 63.8 70.1  1.3176.9  5.5
  0.5  0.0  0.0  0.0  0.0  0.0  0.0  0.0  0.0  0.0  0.0  0.0  0.0  0.0  0.0
  0.0  0.0  0.0  0.8  0.3  2.9  1.1  0.0  0.0  0.0  0.0  0.0  0.0  0.3  0.0
  0.5  1.1  0.5  0.8  0.0  0.0  0.0  0.0  0.0  0.0  0.0  0.0  2.4  0.0  0.0
  5.0  0.0  0.3  5.3  2.9  0.0  2.9  2.4  0.0  0.0  0.0  0.0  0.0  0.0  0.0
  0.5  0.3  0.0  0.0  0.0  0.0  0.0 13.7  3.4  1.1  7.4 45.1  4.2  8.4 11.9
  4.5  2.6  3.2  1.6  0.0  0.3  0.3 36.6 12.7 20.6  1.6 10.3 12.4 12.1  0.0
     -4.85      4.82     -1.50     -3.31      0.28  0.0  0.0  0.3  0.0  0.0
                                4000_story_2616_llm_free.txt 35.5  4.5 3536
 17.3  4.5  2.3 41.9  7.4  0.8  2.0  1.1  7.4 23.2  0.3  1.7  0.0  7.4  0.0
  0.3  1.7  2.8  8.5  0.6  1.4287.0 86.3 33.4121.0 52.9 11.6 10.2  0.3  0.8
  0.0  1.1 33.4 10.2 18.4 28.8  5.1  4.8  3.1  1.4  1.4  2.0  4.2  5.7  0.6
  6.2  4.2  0.0  2.3  3.7  9.0 17.0 12.4  2.3  1.1 56.6 67.6  1.4182.4  6.5
  0.6  0.0  0.0  0.0  0.0  0.0  0.0  0.0  0.0  0.0  0.0  0.0  0.0  0.0  0.0
  0.0  0.0  0.0  2.3  0.6  1.7  1.7  0.0  0.0  0.0  0.0  0.0  0.0  0.0  0.0
  0.0  0.8  0.8  0.6  0.0  0.3  0.0  0.0  0.0  0.6  0.0  0.0  2.5  0.8  0.0
  6.2  0.0  0.0  6.2  2.3  0.3  3.1  3.4  0.0  0.0  0.0  0.0  0.0  0.0  0.0
  0.0  0.6  0.0  0.0  0.0  0.0  0.0  7.1  2.8  0.8  8.2 29.4  2.0  4.2 31.1
  2.0  1.1  2.8  5.4  0.0  0.3  0.0 32.2 18.7 19.8  0.8  5.1 13.9 13.0  0.0
     -2.91      4.72     -5.65     -2.35      2.32  0.3  0.0  0.0  0.0  0.0
                                4000_story_2630_llm_free.txt 34.5  4.4 3602
 16.7  5.6  3.9 32.8  7.5  0.8  1.7  1.7  6.9 20.8  0.0  1.1  0.6  8.1  0.3
  0.0  2.2  5.3  8.9  0.8  1.4266.8 90.0 28.9126.3 59.4 14.2 10.5  0.6  1.1
  0.3  1.9 22.5  7.8 15.3 35.0  7.2  1.9  2.8  1.1  1.1  2.2  2.8  5.6  0.0
  4.2  6.1  1.9  3.6  2.5  8.3 19.2  9.7  3.1  1.9 58.3 73.8  1.1172.7  6.4
  2.2  0.3  0.0  0.0  0.0  0.0  0.0  0.0  0.0  0.0  0.0  0.0  0.0  0.0  0.0
  0.0  0.0  0.0  2.2  1.1  3.6  2.2  0.0  0.3  0.0  0.0  0.0  0.0  0.0  0.8
  0.6  1.7  1.1  0.6  0.0  0.0  0.0  0.0  0.0  0.6  0.0  0.0  3.9  0.3  0.0
  9.2  0.3  0.0  9.4  4.7  0.0  5.3  4.2  0.0  0.0  0.0  0.0  0.0  0.0  0.0
  0.3  0.3  0.0  0.0  0.0  0.0  0.0  7.2  3.1  0.6  9.7 37.2  3.6  8.3 11.7
  0.8  1.9  1.1  3.1  0.0  0.6  0.0 37.5 17.2 20.8  1.1  7.8 13.6  8.6  0.0
      0.07      5.74     -4.31     -3.32      0.29  0.6  0.0  0.0  0.0  0.0
                                4000_story_2632_llm_free.txt 35.5  4.4 3364
 17.5  5.9  8.6 36.0 10.7  1.5  2.1  0.3 14.3 14.9  0.3  0.6  0.0  5.4  0.3
  0.0  1.8  3.9 10.7  0.6  1.5280.6 85.9 25.9123.4 74.0  9.2 10.1  0.3  0.0
  0.3  1.5 21.1  7.7 17.5 27.6  5.6  3.9  2.4  1.2  0.9  2.1  2.4  5.1  0.0
  4.5  4.5  0.9  1.5  2.7  8.6 18.4  9.5  2.4  0.6 53.5 99.0  1.8173.6  5.4
  0.6  0.0  0.0  0.0  0.0  0.0  0.0  0.0  0.0  0.0  0.0  0.0  0.0  0.0  0.0
  0.0  0.0  0.0  1.5  0.3  3.9  1.5  0.0  0.0  0.0  0.0  0.0  0.0  0.0  0.3
  0.3  0.9  1.2  1.2  0.0  0.3  0.0  0.0  0.0  0.0  0.0  0.0  2.4  0.0  0.0
  7.1  0.0  0.0  7.1  3.9  0.3  4.2  2.4  0.0  0.0  0.0  0.0  0.0  0.0  0.0
  0.0  0.0  0.0  0.0  0.3  0.0  0.0  8.6  1.2  2.7  6.5 33.3  7.4  3.0  8.6
  1.2  1.8  2.7  0.9  0.0  0.9  0.0 41.0 18.7 18.1  2.4  6.2 10.1  7.1  0.0
     -2.68      5.26     -5.50     -3.12      0.06  0.0  0.0  0.0  0.0  0.0
                                4000_story_2633_llm_free.txt 34.5  4.6 3673
 14.7  3.8  5.4 29.1  5.4  0.3  1.9  0.5  7.6 21.0  1.1  0.3  0.3  3.8  0.8
  0.3  0.8  4.4 10.6  0.3  2.5296.8 91.2 34.8125.5 44.4 10.9  8.4  0.5  0.5
  0.0  3.3 28.0  7.6 16.1 32.9  4.4  4.1  1.6  1.6  1.4  1.1  4.1  6.8  0.3
  4.9  4.1  0.5  1.6  1.6  9.8 19.9 12.0  1.1  1.1 61.8 57.4  0.5170.4  4.9
  2.2  0.0  0.0  0.0  0.0  0.0  0.0  0.0  0.0  0.0  0.0  0.0  0.0  0.0  0.0
  0.0  0.0  0.0  1.4  0.0  2.7  1.1  0.0  0.0  0.0  0.0  0.0  0.0  0.0  0.3
  0.0  0.5  0.0  1.1  0.0  0.0  0.3  0.0  0.0  0.0  0.0  0.0  1.4  0.8  0.0
  5.2  0.0  0.0  5.2  1.9  0.3  2.2  2.2  0.0  0.0  0.0  0.0  0.0  0.0  0.0
  0.3  0.8  0.0  0.0  0.0  0.0  0.0  9.0  1.4  1.1  5.7 26.4  7.9  6.3  9.0
  0.8  1.6  4.1  3.0  0.0  0.0  0.3 38.7 13.1 15.8  1.9  7.4  9.5  8.2  0.0
     -7.12      4.03     -4.05     -3.28      1.75  0.3  0.5  0.0  0.0  0.0
                                4000_story_2639_llm_free.txt 34.5  4.5 3439
 18.6  4.7  4.1 39.3 11.3  1.5  3.8  0.9 20.6 17.7  1.5  2.3  0.3  6.7  0.0
  0.3  0.9  4.1  9.6  1.5  2.3273.0 84.3 30.5117.5 45.1 10.8 12.2  0.3  1.7
  0.3  0.9 16.3  7.6 11.0 29.4  6.4  3.2  2.6  1.2  2.6  0.3  3.2  4.1  0.0
  9.9  3.8  1.7  2.3  6.1  9.9 17.7 14.0  2.3  2.3 69.2 77.1  3.2177.4  7.3
  2.3  0.3  0.0  0.0  0.0  0.0  0.0  0.0  0.0  0.0  0.0  0.0  0.0  0.0  0.0
  0.0  0.0  0.0  2.0  0.9  3.2  1.2  0.3  0.0  0.0  0.0  0.0  0.0  0.0  0.0
  0.3  1.2  0.3  0.3  0.0  0.3  0.0  0.0  0.0  0.0  0.6  0.3  1.7  0.6  0.0
  7.3  0.3  0.0  7.6  2.0  0.3  2.3  3.2  0.0  0.0  0.0  0.0  0.0  0.0  0.0
  0.0  0.6  0.0  0.0  0.0  0.0  0.0 14.2  2.0  3.2  7.9 25.0  2.9 18.0 10.5
  1.7  2.6  2.0  4.9  0.0  0.3  0.0 30.5 20.4 24.4  1.2  8.4 12.5 11.6  0.0
     -0.62      4.47     -3.34     -3.11      2.18  0.6  0.0  0.0  0.0  0.0
                                4000_story_2644_llm_free.txt 36.5  4.4 3301
 16.1  3.6  5.5 32.7  6.4  0.3  2.4  0.9 16.1 16.7  0.6  1.8  0.0  5.5  0.9
  0.0  0.6  2.4 10.0  0.9  1.5272.9 83.0 31.8129.1 51.2 16.7  8.2  0.0  2.1
  0.0  1.2 17.6  7.9 17.6 35.7  3.9  0.6  1.2  1.5  0.9  3.9  3.0  5.5  0.3
  4.5  4.8  1.2  3.0  4.2  3.9 19.4 10.3  1.5  2.1 63.0 73.6  2.1174.2  6.7
  2.4  0.0  0.0  0.0  0.0  0.0  0.0  0.0  0.0  0.0  0.0  0.0  0.0  0.0  0.0
  0.0  0.0  0.0  2.1  0.3  1.8  0.9  0.0  0.0  0.0  0.0  0.0  0.0  0.0  0.0
  0.9  0.0  0.3  0.3  0.0  0.0  0.0  0.0  0.0  0.0  0.0  0.0  2.1  0.9  0.0
  5.1  0.0  0.0  5.1  1.5  0.0  1.5  3.0  0.0  0.0  0.0  0.0  0.0  0.0  0.0
  0.0  0.3  0.0  0.0  0.0  0.3  0.0 13.6  1.5  1.2  7.6 35.1  4.5  4.2 20.9
  1.8  0.9  2.4  5.5  0.0  0.6  0.0 37.9 15.1 17.3  1.5  7.0 10.9  8.2  0.0
     -4.69      5.51     -5.75     -3.37      0.79  0.0  0.0  0.0  0.0  0.0
                                4000_story_2648_llm_free.txt 37.0  4.4 3299
 14.5  3.3  1.8 40.9  6.4  0.0  3.0  0.6  6.7 16.7  1.2  1.2  0.9  4.5  0.6
  0.0  1.2  5.2  9.1  1.2  0.3263.1 80.0 26.7121.6 80.9 17.6  9.1  0.0  0.6
  0.0  1.8 20.9  7.6 21.8 31.2  4.2  2.1  3.9  2.1  2.1  1.5  3.3  4.2  0.6
  6.7  6.1  1.5  3.3  4.8  9.4 20.3 11.5  2.4  0.6 57.9 94.0  1.8178.5  3.9
  1.2  0.3  0.0  0.0  0.0  0.0  0.0  0.0  0.0  0.0  0.0  0.0  0.0  0.0  0.0
  0.0  0.0  0.0  0.6  1.8  1.5  0.6  0.0  0.3  0.0  0.0  0.0  0.0  0.0  0.6
  0.3  1.5  0.3  0.3  0.0  0.6  0.0  0.0  0.0  0.0  0.3  0.0  0.3  0.3  0.0
  4.5  0.3  0.0  4.8  3.0  0.6  3.6  0.9  0.0  0.0  0.0  0.0  0.0  0.0  0.0
  0.0  0.9  0.0  0.0  0.0  0.0  0.0 17.0  1.8  1.5  8.5 25.5  4.2  4.8 28.5
  4.5  1.5  1.5  1.5  0.6  0.6  0.0 37.3 21.2 19.1  1.2  7.3 14.2 10.6  0.0
     -3.66      6.93     -6.96     -2.25      1.72  0.0  0.0  0.0  0.3  0.0
                                4000_story_2654_llm_free.txt 36.0  4.6 3344
 13.2  6.6  6.0 38.3  6.3  0.3  1.2  0.3  9.9 20.0  0.6  0.6  0.6  3.9  0.3
  0.3  0.3  5.7  9.0  0.6  2.1285.0 83.7 36.2107.4 49.9 12.0 10.5  0.0  0.6
  0.0  1.5 25.1  7.2 15.0 31.4  7.5  3.9  1.5  2.1  1.2  0.6  3.9  6.6  0.0
  6.6  4.5  0.0  1.2  4.8 10.8 17.6 13.2  0.9  0.6 70.9 66.1  0.9166.0  4.2
  0.3  0.0  0.0  0.0  0.0  0.0  0.0  0.0  0.0  0.0  0.0  0.0  0.0  0.0  0.0
  0.0  0.0  0.0  3.0  0.3  3.0  0.9  0.0  0.0  0.0  0.0  0.0  0.0  0.0  0.0
  0.6  1.2  0.6  0.6  0.0  0.0  0.0  0.0  0.0  0.3  0.0  0.3  1.2  0.6  0.0
  7.2  0.0  0.0  7.2  3.0  0.0  3.3  2.1  0.0  0.0  0.0  0.0  0.0  0.0  0.0
  0.3  0.6  0.0  0.0  0.0  0.0  0.0  9.6  2.7  0.6  9.3 29.6  6.6  7.5  8.7
  1.8  2.4  3.3  3.6  0.3  0.3  0.0 36.2 16.7 14.4  2.1  4.8  9.0  7.8  0.0
     -6.71      4.26     -4.66     -3.44      1.92  0.3  0.0  0.0  0.0  0.0
                                4000_story_2655_llm_free.txt 33.3  4.4 3276
 10.7  2.7  2.4 19.8  4.3  0.6  2.1  0.9 12.2 20.5  0.3  0.6  0.0  3.1  0.9
  0.3  0.3  3.4  8.2  0.6  2.4285.1 85.5 39.4123.6 44.9 15.9  8.5  0.3  0.0
  0.0  1.8 17.4  7.9 14.0 30.5  4.3  2.1  0.9  1.2  0.9  1.5  2.7  4.3  0.3
  5.8  3.7  0.9  1.5  3.4  6.4 15.6 10.4  0.9  0.3 75.1 61.4  1.5161.2  6.1
  0.6  0.3  0.0  0.0  0.0  0.0  0.0  0.0  0.0  0.0  0.0  0.0  0.0  0.0  0.0
  0.0  0.0  0.0  1.8  0.0  0.9  0.9  0.0  0.0  0.0  0.0  0.0  0.0  0.0  0.3
  0.0  0.6  0.6  0.3  0.0  0.0  0.0  0.0  0.0  0.0  0.0  0.3  1.8  0.6  0.0
  3.7  0.0  0.0  3.7  1.8  0.0  1.8  2.7  0.0  0.0  0.0  0.0  0.0  0.0  0.0
  0.3  0.9  0.0  0.0  0.0  0.0  0.0 10.1  1.2  0.6  8.2 41.5  5.5  4.6  6.7
  0.9  2.7  4.9  6.1  0.0  0.6  0.0 34.5 11.6 12.8  2.4  8.5 10.7  7.9  0.0
     -8.90      4.97     -5.09     -4.20      0.84  0.6  0.0  0.0  0.0  0.0
                                4000_story_2656_llm_free.txt 37.5  4.5 3136
 14.3  6.1  3.8 53.3 13.1  1.6  4.1  2.6 15.6 19.5  0.3  0.3  0.0  8.0  0.3
  0.6  2.2  3.2  9.6  1.0  1.0256.1 80.4 36.7117.3 60.3 10.5 11.2  0.3  0.3
  0.0  1.9 19.5  7.7 10.2 28.4  6.7  6.4  1.6  1.9  2.2  1.3  3.8  4.8  0.6
  3.8  3.5  1.6  2.6  2.9 11.8 17.2  9.2  3.2  0.6 69.2 89.0  4.1181.8  2.6
  1.9  0.3  0.0  0.0  0.0  0.0  0.0  0.0  0.0  0.0  0.0  0.0  0.0  0.0  0.0
  0.0  0.0  0.0  3.5  0.6  3.2  1.6  0.0  0.0  0.0  0.0  0.0  0.0  0.0  0.3
  1.0  1.0  0.3  0.6  0.0  0.6  0.0  0.0  0.0  0.0  0.0  0.3  1.0  0.6  0.0
  8.9  0.0  0.0  8.9  3.2  0.6  3.8  1.9  0.0  0.0  0.0  0.0  0.0  0.0  0.0
  0.0  0.0  0.0  0.0  0.0  0.0  0.0 13.1  3.2  1.9  7.0 37.3  2.6 17.2  6.4
  1.3  2.9  1.6  3.2  0.3  0.6  0.0 41.8 14.3 18.8  2.2  7.3 12.4  8.3  0.0
      1.22      4.90     -3.42     -2.13      1.21  0.3  0.0  0.0  0.0  0.0
                                4000_story_2659_llm_free.txt 37.0  4.6 2922
 17.8  2.4  3.8 39.0  1.4  0.0  3.4  1.0  2.7 17.8  0.0  0.7  0.3  5.8  0.0
  1.7  1.4  6.8  9.2  1.0  0.3274.8 92.7 28.7109.2 59.9 22.9  7.9  0.0  4.1
  0.0  4.1 28.1  7.5 11.3 37.3  4.8  3.1  1.0  1.4  2.1  7.2  2.4 11.3  0.0
  4.8  5.5  1.7  4.4  3.4 12.0 20.9 16.1  2.4  4.1 66.1 64.0  2.1163.6  3.1
  1.7  0.0  0.0  0.0  0.0  0.0  0.0  0.0  0.0  0.0  0.0  0.0  0.0  0.0  0.0
  0.0  0.0  0.0  2.1  0.0  1.4  0.3  0.0  0.0  0.0  0.0  0.0  0.0  0.0  0.0
  0.0  0.3  0.0  0.0  0.0  0.3  0.0  0.0  0.0  0.0  0.0  0.0  5.5  0.7  0.0
  3.8  0.0  0.0  3.8  0.3  0.3  0.7  6.2  0.0  0.0  0.0  0.0  0.0  0.0  0.0
  0.0  0.3  0.0  0.0  0.0  0.0  0.0 10.6  1.4  1.4 15.4 15.7  4.1  4.4  5.1
  2.4  1.7  1.7  4.1  0.0  2.4  0.0 26.7 18.5 22.2  1.0  6.2 10.6  8.6  0.0
     -4.41      6.39     -1.10     -1.07      1.13  0.0  0.0  0.0  0.0  0.0
                                4000_story_2663_llm_free.txt 36.8  4.6 2970
 17.5  4.0  9.8 42.4 11.8  0.3  4.0  0.7 13.8 14.1  0.7  1.0  0.7  4.4  0.0
  0.3  0.7  5.4 11.1  0.3  2.7291.2 85.5 22.6109.4 51.2 15.8  9.4  0.3  0.7
  0.0  1.0 25.9 10.1 19.2 34.3  6.4  5.7  2.7  2.0  0.0  3.4  3.0  6.1  0.3
  5.4  4.7  0.0  2.4  3.4 11.1 19.9 11.8  1.0  1.0 48.5 76.8  0.7171.7  5.4
  1.7  0.0  0.0  0.0  0.0  0.0  0.0  0.0  0.0  0.0  0.0  0.0  0.0  0.0  0.0
  0.0  0.0  0.0  1.7  1.0  1.3  1.0  0.0  0.0  0.0  0.0  0.0  0.0  0.3  0.7
  0.7  1.3  0.7  0.0  0.0  0.0  0.0  0.0  0.0  0.7  0.3  0.0  1.7  1.0  0.0
  5.1  0.0  0.3  5.4  3.4  0.0  4.0  3.0  0.0  0.0  0.0  0.0  0.0  0.0  0.0
  0.7  0.0  0.0  0.0  0.0  0.0  0.0  7.1  3.7  1.3  7.1 26.9  6.4  5.4 11.8
  4.4  3.7  1.3  1.7  0.0  0.3  0.7 35.7 16.5 21.9  3.0  5.7 12.5  8.4  0.0
     -4.47      4.94     -6.80     -2.11      1.18  0.7  0.0  0.0  0.0  0.0
                                4000_story_2666_llm_free.txt 37.8  4.4 3468
 18.7  6.1  8.4 45.8 13.3  1.2  3.2  1.2 16.4 13.3  0.9  0.3  0.0  3.5  0.6
  1.2  2.3  4.3  8.1  1.7  2.6255.2 80.2 31.7118.5 67.8 13.3  7.5  0.3  1.2
  0.0  0.6 29.4  9.2 16.4 32.0  9.8  3.2  3.7  2.9  0.6  1.7  2.9  4.9  0.6
  4.3  5.8  0.6  3.2  1.7  8.1 17.6  9.8  4.0  1.4 57.1 97.5  2.3185.1 10.4
  0.9  0.0  0.0  0.0  0.0  0.0  0.0  0.0  0.0  0.0  0.0  0.0  0.0  0.0  0.0
  0.0  0.0  0.0  2.6  0.3  4.0  0.6  0.3  0.0  0.0  0.0  0.0  0.0  0.3  1.7
  0.3  2.6  0.0  0.3  0.0  0.9  0.3  0.0  0.0  0.6  0.0  0.3  1.7  0.9  0.0
  7.5  0.3  0.3  8.1  4.9  1.2  6.6  2.9  0.0  0.0  0.0  0.0  0.0  0.0  0.0
  0.0  1.7  0.6  0.0  0.0  0.0  0.0 12.4  2.6  1.7  7.8 38.4  1.2  8.7 13.0
  2.6  1.7  1.7  4.3  0.0  0.6  0.3 40.4 17.0 21.3  2.3  6.6 17.0  9.5  0.0
      0.31      5.12     -5.31     -2.36      0.76  0.0  0.6  0.0  0.0  0.0
                                4000_story_2667_llm_free.txt 34.3  4.4 3486
 19.8  4.6  3.2 32.4  8.9  1.1  3.2  1.1 10.6 14.6  0.9  0.9  0.0  4.6  0.3
  0.6  1.1  3.7  8.6  1.4  1.4267.1 90.9 35.9126.8 68.3 12.9  6.0  0.0  0.6
  0.3  0.6 25.0  7.5 14.1 24.7  3.7  4.9  2.0  1.4  0.9  1.4  3.2  5.5  0.3
  3.4  4.3  0.9  4.9  5.5  9.5 15.8  9.2  2.6  0.9 63.7 87.8  1.7175.6  6.9
  0.0  0.0  0.0  0.0  0.0  0.0  0.0  0.0  0.0  0.0  0.0  0.0  0.0  0.0  0.0
  0.0  0.0  0.0  1.1  0.9  2.3  0.6  0.0  0.0  0.0  0.0  0.0  0.0  0.3  0.0
  0.0  0.3  0.3  0.3  0.0  0.3  0.0  0.0  0.0  0.0  0.3  0.0  2.0  0.3  0.0
  4.9  0.0  0.3  5.2  0.9  0.3  1.1  2.6  0.0  0.0  0.0  0.0  0.0  0.0  0.0
  0.0  0.3  0.0  0.0  0.0  0.0  0.0  8.9  1.7  4.3  6.6 38.7  2.6 10.9 10.0
  1.4  1.4  3.2  8.9  0.0  0.3  0.0 39.6 11.2 23.8  0.6  7.7 11.5  9.2  0.0
     -4.22      5.08     -4.20     -3.16      0.50  0.0  0.0  0.0  0.0  0.0
                                4000_story_2670_llm_free.txt 37.5  4.5 3102
 21.6 10.3  4.8 42.2 12.6  0.3  1.9  0.3 12.6 14.2  0.3  2.9  0.0  5.8  0.6
  1.0  3.2  4.8 10.3  1.9  1.3268.9 80.6 30.3129.9 67.7 15.2 13.9  0.3  1.3
  0.3  0.6 26.1  7.4 10.6 30.9  5.8  3.5  1.3  1.3  0.3  1.9  3.5  4.8  0.6
  4.5  7.7  1.3  3.5  3.9  8.7 22.9 10.0  5.2  1.9 58.3 92.8  1.9186.3  5.2
  2.3  0.0  0.0  0.0  0.0  0.0  0.0  0.0  0.0  0.0  0.0  0.0  0.0  0.0  0.0
  0.0  0.0  0.0  4.8  1.0  4.2  1.3  0.0  0.0  0.3  0.0  0.0  0.0  0.0  1.6
  0.0  1.6  0.3  0.0  0.3  0.3  0.0  0.3  0.0  0.6  0.0  0.3  2.9  0.6  0.0
 11.3  0.3  0.0 11.6  3.5  1.0  5.2  3.9  0.0  0.0  0.0  0.0  0.0  0.0  0.0
  0.0  0.3  0.0  0.0  0.0  0.0  0.0 19.7  2.3  1.9  7.7 18.1  4.5  6.1 18.1
  1.0  0.6  1.3  2.3  0.0  1.6  0.0 38.0 21.9 24.5  0.6  9.7 11.6  6.8  0.0
      4.48      7.04     -2.85     -3.83      1.27  0.3  0.0  0.0  0.0  0.0
                                4000_story_2671_llm_free.txt 34.8  4.5 2973
 14.5  5.7  8.1 32.0  7.1  0.3  1.0  1.7 11.1 19.5  0.7  1.7  0.3  5.0  0.0
  0.3  0.3  3.4  8.4  1.3  1.7282.5 89.1 24.2131.5 67.9  9.4 10.8  0.0  0.0
  0.3  1.7 19.8  8.1 17.2 25.9  6.4  3.4  1.0  3.4  1.0  0.3  3.7  2.7  0.3
  4.4  9.1  2.0  1.0  5.7  7.7 24.2  7.4  1.7  0.3 54.2 86.1  0.7176.9  6.1
  1.0  0.0  0.0  0.0  0.0  0.0  0.0  0.0  0.0  0.0  0.0  0.0  0.0  0.0  0.0
  0.0  0.0  0.0  2.4  0.3  3.7  2.7  0.0  0.0  0.0  0.3  0.0  0.0  0.0  0.0
  0.3  0.7  1.0  1.3  0.0  0.0  0.0  0.3  0.0  0.0  0.3  0.0  1.0  0.3  0.0
  9.1  0.0  0.3  9.4  3.4  0.3  3.7  1.7  0.0  0.0  0.0  0.0  0.0  0.0  0.0
  0.0  0.3  0.0  0.0  0.0  0.0  0.0 17.8  0.7  0.3  5.0 34.0  3.4  5.0 11.4
  3.7  1.0  3.4  3.4  0.0  0.0  0.0 38.7 15.8 17.2  4.0  8.7 13.1  7.7  0.0
     -5.11      5.42     -5.54     -3.33      0.76  0.0  0.3  0.0  0.0  0.0
                                4000_story_2672_llm_free.txt 35.5  4.6 3151
 16.2  1.9  1.0 28.9  5.1  0.6  1.6  0.0  8.6 18.7  0.3  1.0  0.6  6.3  0.0
  0.6  1.9  2.2 10.8  1.6  2.5287.8 92.0 28.6136.1 48.2 11.1 11.1  0.3  0.6
  0.6  1.3 27.9  6.3 12.7 25.1  5.7  3.2  3.5  1.0  1.0  1.6  1.9 12.1  0.0
  6.0  5.4  1.9  3.2  4.4  6.3 19.4 18.1  3.5  1.6 50.1 61.9  0.6179.3  3.2
  0.3  0.3  0.0  0.0  0.0  0.0  0.0  0.0  0.0  0.0  0.0  0.0  0.0  0.0  0.0
  0.0  0.0  0.0  1.9  0.0  2.2  1.0  0.0  0.0  0.0  0.0  0.0  0.0  0.0  0.0
  0.0  1.3  1.0  0.6  0.0  0.0  0.0  0.0  0.0  0.0  0.3  0.0  2.2  0.3  0.0
  5.1  0.0  0.0  5.1  2.9  0.0  2.9  2.9  0.0  0.0  0.0  0.0  0.0  0.0  0.0
  0.0  0.3  0.3  0.0  0.0  0.0  0.0 11.4  1.6  1.3  7.6 34.9  4.1  4.8 10.5
  1.9  1.6  1.9  1.3  0.0  1.3  0.6 34.6 21.6 20.0  0.6  7.0 11.4  7.3  0.0
     -3.77      5.09     -2.51     -3.20      1.34  0.0  0.0  0.0  0.0  0.0
                                4000_story_2675_llm_free.txt 32.8  4.5 3742
 19.5  5.9  5.6 41.7  9.1  0.8  2.1  0.8  8.3 14.2  0.0  0.3  0.8  5.3  0.3
  0.3  0.3  4.5 12.0  1.1  1.6264.0 88.5 31.3123.7 76.7 16.6 11.0  0.3  1.3
  0.0  2.1 28.6  5.6 14.7 32.9  6.4  2.7  2.7  1.3  0.5  2.9  4.0  4.0  0.0
  6.1  5.3  1.6  3.2  2.9  7.7 21.1 10.2  1.3  1.6 54.5 94.1  2.1185.5  7.2
  1.3  0.3  0.0  0.0  0.0  0.0  0.0  0.0  0.0  0.0  0.0  0.0  0.0  0.0  0.0
  0.0  0.0  0.0  2.9  0.5  3.2  1.6  0.0  0.3  0.0  0.0  0.0  0.0  0.0  1.3
  0.5  0.8  0.8  0.3  0.0  0.0  0.0  0.0  0.0  1.1  0.5  0.3  2.1  1.6  0.0
  8.3  0.3  0.0  8.6  3.7  0.0  4.8  4.5  0.0  0.0  0.0  0.0  0.0  0.0  0.0
  0.0  0.3  0.3  0.0  0.0  0.0  0.0 10.7  3.5  2.1  9.4 23.2  3.7  5.1 29.1
  2.7  1.1  2.1  3.5  0.8  1.1  0.3 38.2 20.3 24.3  1.1  7.5 12.8  8.3  0.0
     -4.42      6.97     -3.22     -3.07      1.47  0.0  0.0  0.0  0.0  0.0
                                4000_story_2676_llm_free.txt 35.5  4.6 3266
 17.1  4.6  5.8 31.2  8.9  0.6  3.1  0.3 16.5 11.6  0.6  0.3  0.3  3.4  0.3
  0.0  1.8  4.6 10.7  0.6  3.1284.1 84.5 35.8124.3 54.8 11.9 10.1  0.6  2.1
  0.0  2.1 34.6  9.2 11.9 27.9  7.3  2.1  2.8  2.1  1.2  1.2  3.4  4.0  0.3
  5.2  6.4  2.1  2.4  4.0  8.0 21.7  9.5  2.4  2.8 64.3 80.2  1.8177.6  4.0
  1.2  0.0  0.0  0.0  0.0  0.0  0.0  0.0  0.0  0.0  0.0  0.0  0.0  0.0  0.0
  0.0  0.0  0.0  1.8  0.6  3.1  0.9  0.0  0.0  0.0  0.0  0.0  0.0  0.0  0.6
  0.0  0.9  0.0  0.6  0.0  0.0  0.0  0.0  0.0  0.0  0.0  0.0  1.5  0.3  0.0
  6.4  0.0  0.0  6.4  2.1  0.0  2.1  1.8  0.0  0.0  0.0  0.0  0.0  0.0  0.0
  0.0  0.6  0.0  0.0  0.0  0.0  0.3 22.4  2.1  0.9  7.0 42.9  1.8  4.6 16.8
  1.2  3.1  3.7  2.1  0.0  1.5  0.6 30.9 19.6 20.5  2.1  7.7 11.3  8.9  0.0
     -5.01      4.96     -2.12     -3.16      1.00  0.0  0.0  0.0  0.3  0.0
                                4000_story_2678_llm_free.txt 38.8  4.6 2840
 11.6  3.9  2.8 25.0  6.0  0.7  2.5  0.0  6.0 25.0  0.4  0.7  0.4  2.8  0.7
  1.1  2.1  1.4 13.0  0.0  3.5299.3 98.2 34.2122.2 46.8 17.3  6.3  0.4  0.7
  0.4  0.7 17.6  5.3 18.3 25.4  3.9  2.1  2.5  0.7  0.4  1.4  0.7  5.3  0.4
  4.6  4.2  0.7  3.2  4.2  3.9 19.4 10.2  2.1  1.4 70.4 58.8  2.5165.5  8.8
  1.4  0.0  0.0  0.0  0.0  0.0  0.0  0.0  0.0  0.0  0.0  0.0  0.0  0.0  0.0
  0.0  0.0  0.0  2.1  0.0  1.8  0.4  0.0  0.0  0.0  0.0  0.0  0.0  0.0  0.4
  0.0  0.0  1.1  0.0  0.0  0.4  0.0  0.0  0.0  0.0  0.0  0.0  3.5  0.0  0.0
  4.2  0.0  0.0  4.2  1.4  0.4  1.8  3.5  0.0  0.0  0.0  0.0  0.0  0.0  0.0
  0.4  0.7  0.0  0.0  0.0  0.0  0.0  8.8  2.1  0.4  8.5 28.2  6.0  4.6  9.5
  0.7  1.8  0.7  4.6  0.0  1.4  0.4 35.9 12.3 17.6  0.7  4.9  8.1  7.7  0.0
     -5.59      4.86     -5.00     -4.26     -0.64  0.0  0.0  0.0  0.0  0.0
                                4000_story_2682_llm_free.txt 33.8  4.5 3249
 19.4  7.1 11.1 34.8 10.5  0.6  3.7  0.9 12.6 16.3  0.3  0.9  0.3  3.7  0.3
  0.6  0.9  3.1  7.7  1.5  1.2271.5 87.1 32.3136.3 73.9 13.9 10.5  0.0  1.2
  0.0  0.9 26.5  7.1 14.8 27.4  4.9  0.6  1.5  0.9  1.5  1.2  3.4  8.3  0.6
  4.9  6.8  0.3  3.1  4.0  5.2 17.2 13.9  2.5  1.2 60.3 97.0  1.2188.1  7.1
  4.0  0.0  0.0  0.0  0.0  0.0  0.0  0.0  0.0  0.0  0.0  0.0  0.0  0.0  0.0
  0.0  0.0  0.0  2.5  0.3  3.7  0.6  0.0  0.0  0.0  0.0  0.0  0.0  0.0  0.3
  0.3  0.6  0.9  0.0  0.0  0.0  0.0  0.0  0.3  0.0  0.0  0.0  2.2  0.3  0.0
  7.1  0.0  0.0  7.1  2.2  0.3  2.5  2.5  0.0  0.0  0.0  0.0  0.0  0.0  0.0
  0.3  1.8  0.0  0.0  0.0  0.0  0.0  8.0  1.8  1.5  6.8 29.5  2.5  8.6 21.5
  4.6  0.3  2.8  5.8  0.6  0.0  0.6 37.2 16.6 19.7  1.5  4.6 18.8 12.3  0.0
     -3.74      6.64     -4.15     -4.32      1.81  0.9  0.0  0.0  0.0  0.0
                                4000_story_2689_llm_free.txt 33.3  4.6 3282
 17.1  4.3  5.2 36.3  8.5  0.0  1.8  0.6  9.1 23.2  0.6  0.9  0.6  4.9  0.0
  0.0  1.2  3.0 10.4  0.0  1.2287.3 86.2 36.3128.0 60.6 12.5 11.3  0.3  0.3
  0.3  1.8 24.7  6.1 14.6 28.9  6.1  2.7  2.1  2.1  0.3  2.4  4.3  5.2  0.6
  4.9  3.7  1.5  1.2  2.4  6.1 18.9 10.7  1.2  0.9 63.4 78.3  0.9178.9  7.9
  1.2  0.0  0.0  0.0  0.0  0.0  0.0  0.0  0.0  0.0  0.0  0.0  0.0  0.0  0.0
  0.0  0.0  0.0  1.8  0.6  2.7  1.2  0.0  0.0  0.0  0.0  0.0  0.0  0.0  0.3
  0.6  0.6  0.9  0.6  0.0  0.0  0.0  0.0  0.0  0.3  0.0  0.0  2.1  0.0  0.0
  6.4  0.0  0.0  6.4  3.0  0.0  3.4  2.1  0.0  0.0  0.0  0.0  0.0  0.0  0.0
  0.0  0.3  0.0  0.0  0.0  0.0  0.0  9.8  1.8  0.0  7.6 38.4  6.4  3.4 12.2
  2.1  1.8  1.8  1.2  0.3  0.6  1.5 35.3 16.8 19.2  0.6  6.7  9.4 10.1  0.0
     -5.96      5.67     -3.71     -3.17      1.87  0.3  0.0  0.3  0.0  0.0
                                4000_story_2704_llm_free.txt 35.8  4.5 3742
 21.6  6.4  9.1 52.9 13.9  1.9  3.5  0.3 24.1 15.5  0.8  1.6  0.3  3.2  0.0
  0.3  1.6  5.1 11.5  1.9  2.4272.8 88.2 26.7111.4 51.3  9.1 10.7  0.5  0.5
  0.3  1.9 25.9  9.4 12.0 28.9  5.3  7.7  0.8  1.9  0.8  1.6  3.2  3.7  0.0
  3.7  4.8  0.5  1.6  3.5 13.6 21.6  7.5  3.5  1.3 58.8 89.3  1.3181.5  5.9
  0.8  0.3  0.0  0.0  0.0  0.0  0.0  0.0  0.0  0.0  0.0  0.0  0.0  0.0  0.0
  0.0  0.0  0.0  2.4  0.5  2.7  1.3  0.3  0.3  0.0  0.0  0.0  0.0  0.0  0.3
  0.0  0.3  0.5  0.0  0.0  0.5  0.3  0.0  0.0  0.5  0.3  0.0  2.4  1.1  0.0
  6.9  0.5  0.0  7.5  1.1  0.8  2.4  3.7  0.0  0.0  0.0  0.0  0.0  0.0  0.0
  0.0  0.8  0.0  0.0  0.0  0.0  0.0  7.5  3.7  1.1  6.4 35.3  9.6 11.2  5.9
  0.5  1.9  1.1  1.6  0.0  1.1  0.0 39.3 17.1 25.7  2.7  9.4 11.2  8.6  0.0
      0.82      3.95     -3.56     -2.63      0.15  0.0  0.0  0.0  0.0  0.0
                                4000_story_2718_llm_free.txt 33.8  4.6 3582
 19.0  2.2  5.3 38.2  8.7  1.1  2.0  1.1 10.9 16.2  0.6  1.4  0.3  6.4  0.6
  0.3  1.4  5.3 10.6  1.4  1.1271.6 95.2 28.2111.4 57.5  9.2  7.3  0.0  0.6
  0.3  2.2 26.8  6.1 10.9 31.5  5.6  2.8  2.8  1.4  2.0  2.2  3.4  5.3  0.3
  3.1  4.7  1.4  2.2  3.6 10.1 20.4  8.7  2.8  0.8 61.1 77.1  2.0166.1  7.5
  1.4  0.0  0.0  0.0  0.0  0.0  0.0  0.0  0.0  0.0  0.0  0.0  0.0  0.0  0.0
  0.0  0.0  0.0  0.6  0.0  2.8  1.4  0.0  0.0  0.0  0.0  0.0  0.0  0.0  0.0
  0.3  1.1  1.1  0.3  0.0  0.3  0.0  0.0  0.0  0.0  0.0  0.0  2.8  0.6  0.0
  4.7  0.0  0.0  4.7  2.8  0.3  3.1  3.4  0.0  0.0  0.0  0.0  0.0  0.0  0.0
  0.3  0.6  0.0  0.0  0.0  0.0  0.0 10.3  4.5  3.9  5.6 31.8  9.2 12.8  8.4
  2.2  1.1  1.1  2.0  0.0  1.1  0.3 31.8 15.4 24.0  3.6  8.1  9.8  8.1  0.0
     -2.39      3.61     -2.55     -2.58      0.48  0.0  0.0  0.3  0.0  0.0
                                4000_story_2746_llm_free.txt 35.8  4.6 3706
 11.1  3.5 10.8 41.3 10.5  0.8  2.2  1.6  8.9 17.3  0.3  0.3  0.5  6.5  0.5
  0.3  1.3  5.4  9.2  0.5  1.6278.7 95.8 35.9105.8 42.9 13.2 10.8  0.0  0.8
  0.3  1.3 25.9  6.5 13.5 32.6  4.3  4.6  2.4  1.6  1.3  1.6  2.7  5.9  0.0
  5.1  2.7  1.3  3.0  4.9 11.3 15.1 11.1  1.9  1.1 72.0 62.3  1.9162.4  7.0
  2.2  0.0  0.0  0.0  0.0  0.0  0.0  0.0  0.0  0.0  0.0  0.0  0.0  0.0  0.0
  0.0  0.0  0.0  2.2  0.0  1.9  1.1  0.0  0.0  0.0  0.0  0.0  0.0  0.3  0.3
  0.0  0.3  0.5  0.5  0.0  0.0  0.0  0.0  0.0  0.0  0.0  0.0  1.9  1.3  0.0
  5.1  0.0  0.3  5.4  1.6  0.0  1.6  3.2  0.0  0.0  0.0  0.0  0.0  0.0  0.0
  0.3  0.3  0.3  0.0  0.0  0.0  0.0  5.7  2.7  0.5  9.2 32.9  7.3  7.0 15.4
  0.3  1.6  3.2  5.4  0.0  0.0  0.8 31.3 17.8 12.1  0.5 10.5 12.4  7.3  0.0
     -4.35      4.20     -3.75     -2.70      0.61  0.3  0.0  0.0  0.0  0.0
                                4000_story_2748_llm_free.txt 35.8  4.5 3543
 13.0  2.5  4.2 52.8  7.1  0.8  3.4  0.8 11.3 19.5  0.8  0.3  0.6  2.8  0.6
  0.0  2.0  7.6  8.5  1.7  0.0276.0 84.1 38.1105.8 37.3  9.0  9.9  0.0  1.1
  0.8  1.7 25.1  9.3 13.5 29.6  9.9  5.1  2.5  1.7  2.3  1.4  3.7  8.2  0.3
  5.1  5.9  0.8  3.7  4.2 15.0 18.1 13.5  3.7  2.0 66.0 55.6  1.4176.7  4.8
  0.8  0.0  0.0  0.0  0.0  0.0  0.0  0.0  0.0  0.0  0.0  0.0  0.0  0.0  0.0
  0.0  0.0  0.0  0.6  0.6  2.5  0.8  0.3  0.0  0.0  0.0  0.0  0.0  0.0  0.6
  0.6  2.5  0.6  0.0  0.0  0.3  0.3  0.0  0.0  0.6  0.3  0.0  3.1  1.1  0.0
  4.5  0.3  0.0  4.8  4.2  0.6  5.4  4.5  0.0  0.0  0.0  0.0  0.0  0.0  0.0
  0.0  0.8  0.0  0.0  0.0  0.0  0.0 11.9  1.4  0.8  6.2 39.5  4.5  6.8 11.0
  0.8  1.7  5.1  3.1  0.0  0.8  0.0 34.7 18.1 17.8  1.4  9.9  9.9  9.3  0.0
     -3.37      2.98     -3.65     -2.17      1.76  0.8  0.0  0.3  0.0  0.0
                                4000_story_2770_llm_free.txt 37.5  4.4 3338
 15.0  3.9  5.1 44.0  9.9  0.6  4.2  1.2 13.2 14.4  0.6  1.5  0.3  7.5  0.3
  0.3  2.1  4.2  9.3  0.6  1.2263.3 81.5 24.0119.2 60.5 12.3  8.1  0.0  0.6
  0.3  2.4 20.7  7.2 16.2 29.1  7.8  2.1  3.3  3.6  3.0  2.4  2.7  6.0  0.9
  6.3  8.1  0.9  3.9  3.0  9.3 24.9 13.2  2.7  0.9 51.5 83.6  1.2181.5  5.1
  1.2  0.3  0.0  0.0  0.0  0.0  0.0  0.0  0.0  0.0  0.0  0.0  0.0  0.0  0.0
  0.0  0.0  0.0  1.8  0.9  1.8  2.4  0.3  0.0  0.0  0.0  0.0  0.3  0.0  0.0
  0.9  1.8  0.9  1.2  0.0  0.0  0.0  0.3  0.0  0.3  0.3  0.0  2.1  0.9  0.0
  6.9  0.3  0.3  7.5  4.8  0.3  5.4  3.3  0.0  0.0  0.0  0.0  0.0  0.0  0.0
  0.0  0.6  0.3  0.0  0.0  0.0  0.0 12.0  3.3  2.7  8.1 28.8  4.5 11.1 17.7
  1.5  0.6  1.8  2.1  0.0  0.6  0.0 39.8 16.8 17.7  2.1  9.9 16.5  9.3  0.0
     -0.29      4.74     -4.59     -1.02      1.69  0.0  0.0  0.0  0.0  0.0
                                4000_story_2772_llm_free.txt 37.3  4.4 2916
 15.8  6.9  7.5 47.7 12.7  1.0  2.7  0.7 12.3 24.0  0.0  0.7  0.3  5.1  0.3
  0.3  2.7  6.5 12.7  0.7  0.0243.8 74.4 26.4118.7 73.0 15.1 12.3  0.3  0.3
  0.3  1.0 18.9  8.2 11.7 32.9  7.5  4.8  3.4  2.4  2.1  1.7  3.1  8.2  0.3
  5.1  7.2  3.8  2.4  6.5 13.4 24.0 13.7  3.4  1.0 62.8 98.1  2.4182.1  4.5
  1.0  0.0  0.0  0.0  0.0  0.0  0.0  0.0  0.0  0.0  0.0  0.0  0.0  0.0  0.0
  0.0  0.0  0.0  3.4  0.3  3.4  2.7  0.0  0.0  0.0  0.0  0.0  0.0  0.0  0.3
  0.7  1.4  1.7  0.3  0.0  0.3  0.0  0.0  0.0  0.0  0.0  0.0  3.4  0.7  0.0
  9.9  0.0  0.0  9.9  4.5  0.3  4.8  4.1  0.0  0.0  0.0  0.0  0.0  0.0  0.0
  0.0  0.7  0.0  0.3  0.0  0.0  0.0 12.3  4.8  2.4  7.2 30.2  3.4 16.1 12.7
  0.7  0.7  0.0  2.4  0.3  1.0  0.3 35.7 19.5 23.3  3.1  6.9  8.6  8.2  0.0
      3.09      6.61     -4.30     -1.60      1.47  0.7  0.0  0.0  0.3  0.0
                                4000_story_2775_llm_free.txt 35.8  4.3 3419
 19.3  6.4  2.3 43.9 11.1  0.9  2.3  1.2 17.5 22.8  1.5  0.6  1.2  5.8  0.3
  0.3  1.8  4.7  9.1  1.5  1.5259.7 82.2 25.4111.7 56.4 12.0  7.9  0.0  0.0
  0.3  1.2 15.5  5.8 12.6 32.2  8.8  4.7  2.0  2.3  1.5  1.2  2.9  5.8  0.3
  3.8  5.6  1.8  2.0  4.4 10.8 18.7  9.9  3.2  0.3 62.0 85.1  2.0177.0  7.0
  2.0  0.0  0.0  0.0  0.0  0.0  0.0  0.0  0.0  0.0  0.0  0.0  0.0  0.0  0.0
  0.0  0.0  0.0  2.3  0.6  3.8  1.2  0.0  0.0  0.3  0.0  0.0  0.0  0.0  0.3
  0.6  0.0  0.6  0.6  0.3  0.3  0.3  0.0  0.0  0.0  0.0  0.0  2.9  0.9  0.0
  7.9  0.3  0.0  8.2  2.0  0.9  2.9  3.8  0.0  0.0  0.0  0.0  0.0  0.0  0.0
  0.3  0.6  0.0  0.0  0.0  0.0  0.0 17.0  1.8  1.8  7.9 31.6 10.5  4.1 14.9
  1.2  2.0  1.2  3.8  0.0  0.0  0.0 43.3 17.3 22.8  2.6  8.2  9.9  7.9  0.0
      1.49      4.22     -4.45     -2.60      0.54  0.3  0.0  0.0  0.0  0.0
                                4000_story_2779_llm_free.txt 35.0  4.5 3423
 16.1  3.5  3.8 40.9  6.4  0.0  2.6  0.9 11.1 24.0  0.9  0.3  0.0  6.1  0.3
  0.6  1.8  6.7  7.9  0.6  2.0267.6 85.0 30.7118.6 50.5 11.4  7.6  0.0  0.9
  0.3  1.8 21.3  5.6 16.9 27.2  5.3  3.2  1.5  4.1  1.8  2.0  2.9  5.0  0.3
  4.4  5.0  1.2  1.5  2.6 11.7 19.0  9.6  2.3  1.2 70.4 68.1  1.5178.2  7.9
  1.2  0.0  0.0  0.0  0.0  0.0  0.0  0.0  0.0  0.0  0.0  0.0  0.0  0.0  0.0
  0.0  0.0  0.0  1.8  0.3  1.2  1.2  0.0  0.3  0.0  0.0  0.0  0.0  0.0  0.3
  0.0  0.6  0.0  0.0  0.0  0.3  0.0  0.3  0.0  0.0  0.0  0.0  1.2  0.6  0.0
  4.4  0.3  0.0  4.7  0.9  0.6  1.5  1.8  0.0  0.0  0.0  0.0  0.0  0.0  0.0
  0.0  0.3  0.0  0.0  0.0  0.0  0.0  7.9  2.0  1.2  8.5 29.5  7.3  7.3 18.4
  1.2  1.5  3.8  2.3  0.0  0.3  0.3 38.3 17.2 16.4  1.5 11.1 12.6  8.2  0.0
     -2.03      4.02     -4.31     -1.86      0.59  0.6  0.0  0.0  0.0  0.0
                                4000_story_2816_llm_free.txt 35.0  4.5 3081
 17.9  4.2  5.5 31.8  9.7  0.3  1.9  1.0 12.3 24.7  0.3  1.6  0.3  6.2  0.6
  0.6  1.3  3.9 10.4  1.3  2.9267.4 89.3 40.2122.4 48.7  9.1 11.4  0.3  1.3
  0.0  1.3 16.6 10.4 15.3 30.2  4.2  4.2  1.0  1.3  0.6  1.6  3.2  4.5  0.3
  4.9  5.5  1.0  2.6  4.5  8.8 20.1  9.7  2.6  1.6 72.7 70.8  2.3173.3  8.1
  1.3  0.0  0.0  0.0  0.0  0.0  0.0  0.0  0.0  0.0  0.0  0.0  0.0  0.0  0.0
  0.0  0.0  0.0  2.9  0.0  2.9  0.0  0.0  0.0  0.0  0.0  0.0  0.0  0.0  0.0
  0.6  0.3  0.0  0.0  0.0  0.3  0.0  0.0  0.0  0.0  0.3  0.0  3.2  0.0  0.0
  5.8  0.0  0.0  5.8  1.0  0.3  1.3  3.6  0.0  0.0  0.0  0.0  0.0  0.0  0.0
  0.0  0.3  0.0  0.0  0.0  0.0  0.0  8.1  2.3  0.6  5.5 35.4  4.2  8.8  5.8
  2.3  1.9  2.3  3.6  0.0  0.0  0.0 31.8 16.6 18.5  2.6  5.5 11.0 11.0  0.0
     -0.95      4.31     -5.73     -3.74      0.91  0.6  0.0  0.0  0.0  0.0
                                4000_story_2823_llm_free.txt 35.3  4.6 3404
 13.8  4.7  6.2 32.0  4.7  0.0  2.4  2.1  6.8 25.9  0.6  0.6  0.3  5.3  0.6
  0.3  0.9  1.8  9.7  0.6  2.6283.8 92.0 38.8122.2 38.8 15.6  7.6  0.0  1.2
  0.0  2.1 25.3  7.6 20.6 32.6  3.5  1.2  3.5  1.2  2.1  2.1  2.6  2.4  0.6
  2.9  4.1  0.6  2.9  5.9  5.0 17.6  5.9  1.5  1.2 69.3 50.2  1.5164.8  5.3
  1.5  0.0  0.0  0.0  0.0  0.0  0.0  0.0  0.0  0.0  0.0  0.0  0.0  0.0  0.0
  0.0  0.0  0.0  1.8  0.9  2.1  1.2  0.0  0.0  0.0  0.0  0.0  0.0  0.0  0.0
  0.0  0.3  0.6  0.3  0.0  0.0  0.0  0.0  0.0  0.0  0.0  0.0  2.4  1.2  0.0
  5.9  0.0  0.0  5.9  1.2  0.0  1.2  3.5  0.0  0.0  0.0  0.0  0.0  0.0  0.0
  0.0  0.9  0.0  0.0  0.0  0.0  0.0  8.2  1.2  0.3  8.8 31.4  5.9  5.0 13.2
  2.1  3.2  2.9  2.9  0.0  0.9  0.6 35.5 16.5 15.3  0.9  8.2 13.5 10.3  0.0
     -5.70      4.42     -6.01     -2.85     -0.22  0.0  0.3  0.3  0.0  0.0
                                4000_story_2860_llm_free.txt 34.0  4.6 3103
 13.2  3.5  2.6 28.4  4.8  0.3  1.6  1.3  4.5 15.1  0.3  0.0  0.0  4.2  0.6
  0.0  0.3  2.9  8.4  0.6  1.9303.9 96.0 39.3111.8 42.2 12.6  9.3  0.0  0.6
  0.0  1.6 20.3  8.4 14.8 27.7  5.2  1.6  1.6  1.0  0.3  1.9  2.3  4.5  0.3
  4.2  4.5  0.3  2.6  3.5  4.8 15.5  9.0  1.0  0.6 74.4 51.6  1.0158.6  6.8
  1.0  0.0  0.0  0.0  0.0  0.0  0.0  0.0  0.0  0.0  0.0  0.0  0.0  0.0  0.0
  0.0  0.0  0.0  1.3  0.0  1.3  1.9  0.0  0.0  0.0  0.0  0.0  0.0  0.0  0.6
  0.0  0.6  0.0  0.3  0.3  0.0  0.0  0.0  0.0  0.0  0.0  0.0  1.0  1.0  0.0
  4.5  0.0  0.0  4.5  1.6  0.3  1.9  1.9  0.0  0.0  0.0  0.0  0.0  0.0  0.0
  0.0  0.0  0.0  0.0  0.0  0.0  0.0  6.8  1.0  1.0  4.8 29.6  2.9  8.4  6.1
  5.8  4.5  2.6  5.5  0.0  1.9  0.0 35.1 14.2 16.4  1.0  6.8 11.3  9.3  0.0
    -10.97      3.97     -5.03     -4.34      0.07  0.0  0.0  0.0  0.0  0.0
                                4000_story_2870_llm_free.txt 36.3  4.9 2856
 11.2  1.8  3.5 34.0  8.1  1.1  0.7  0.0  8.4 18.6  0.7  0.7  0.0  6.3  0.4
  0.0  0.4  3.5 10.2  1.1  0.4322.5 91.7 38.5114.8 31.9 10.5  6.3  0.0  1.1
  0.0  2.1 35.7  7.4 11.2 26.6  5.6  4.2  2.1  1.1  1.4  1.1  2.1  6.7  0.4
  8.1  4.6  1.4  1.4  3.2  9.1 18.6 15.1  1.4  1.1 65.1 48.3  0.4170.5  6.3
  1.4  0.0  0.0  0.0  0.0  0.0  0.0  0.0  0.0  0.0  0.0  0.0  0.0  0.0  0.0
  0.0  0.0  0.0  1.4  0.4  0.7  0.7  0.0  0.0  0.0  0.0  0.0  0.0  0.0  0.0
  0.7  0.4  0.7  0.0  0.0  0.0  0.0  0.4  0.0  0.0  0.0  0.4  0.0  0.7  0.0
  3.2  0.0  0.0  3.2  1.8  0.4  2.1  1.1  0.0  0.0  0.0  0.0  0.0  0.0  0.0
  0.0  0.4  0.0  0.0  0.0  0.0  0.0  8.1  3.9  0.0 15.4 35.0  3.2  5.3 17.9
  1.4  1.1  1.4  1.8  0.0  1.4  1.8 38.2 10.5 16.1  1.8  8.4 10.2 11.6  0.0
    -10.17      2.65     -2.15     -3.36      1.56  0.4  0.0  0.7  0.0  0.0
                                4000_story_2877_llm_free.txt 37.3  4.5 3552
 18.3  6.8  9.3 50.1 12.1  0.6  2.0  0.6 14.4 15.2  1.1  2.5  0.8  5.6  0.3
  0.8  1.4  5.9  8.4  1.1  1.7263.5 82.8 22.0114.9 68.4 10.7 10.4  0.3  1.4
  0.3  2.3 26.2 10.4 11.0 29.3  9.0  5.3  2.5  1.7  1.7  1.7  3.4  2.5  0.3
  4.5  5.6  1.7  3.1  4.2 13.0 20.6  7.3  2.5  2.0 53.5 94.9  2.3181.9  5.6
  2.3  0.0  0.0  0.0  0.0  0.0  0.0  0.0  0.0  0.0  0.0  0.0  0.0  0.0  0.0
  0.0  0.0  0.0  2.3  1.7  3.1  2.0  0.0  0.0  0.0  0.0  0.0  0.0  0.0  0.6
  0.3  2.0  1.4  0.6  0.0  0.3  0.0  0.0  0.0  0.0  0.0  0.0  1.4  0.8  0.0
  9.0  0.0  0.0  9.0  4.8  0.3  5.1  2.3  0.0  0.0  0.0  0.0  0.0  0.0  0.0
  0.3  0.8  0.0  0.0  0.0  0.3  0.0 12.1  0.8  3.1 10.1 22.2  8.2  5.3  7.9
  2.5  1.4  1.4  2.3  0.0  0.8  0.0 35.2 16.3 23.9  0.6  6.5 12.1  8.4  0.0
      0.83      5.08     -3.12     -2.27      0.54  0.6  0.0  0.0  0.0  0.0
                                4000_story_2878_llm_free.txt 36.0  4.5 3433
 19.8  4.7  6.4 40.5  7.0  0.9  2.0  2.3 16.0 16.9  0.9  0.9  0.3  4.1  0.3
  0.6  1.2  2.9 11.1  0.9  0.6283.1 86.8 33.8111.3 62.6 11.9 11.7  0.6  0.6
  0.0  1.2 22.4  7.6 12.2 30.0  8.2  2.9  2.3  2.6  0.9  1.5  1.5  7.0  0.0
  5.5  3.2  1.2  2.3  5.5  6.7 18.9 12.5  2.0  1.2 64.1 85.6  2.3175.1  7.3
  2.0  0.0  0.0  0.0  0.0  0.0  0.0  0.0  0.0  0.0  0.0  0.0  0.0  0.0  0.0
  0.0  0.0  0.0  2.6  0.6  1.2  1.5  0.0  0.0  0.0  0.0  0.0  0.0  0.0  0.9
  0.0  1.7  0.3  0.6  0.0  0.3  0.0  0.0  0.6  0.3  0.0  0.3  1.7  1.2  0.0
  5.8  0.0  0.0  5.8  3.5  0.9  4.7  3.2  0.0  0.0  0.0  0.0  0.0  0.0  0.0
  0.0  0.6  0.0  0.0  0.0  0.0  0.0 11.1  1.7  1.7  8.7 36.7  7.6  5.5  5.8
  0.6  1.2  2.3  2.6  0.0  1.5  0.3 32.9 16.6 21.8  2.3 13.4  8.4  7.9  0.0
     -4.53      5.17     -3.87     -2.97      0.13  0.6  0.0  0.0  0.0  0.0
                                4000_story_2879_llm_free.txt 35.5  4.4 3497
 18.9  5.7  2.9 28.9  5.7  0.3  0.9  0.6  6.0 17.7  0.3  0.0  0.6  3.4  0.6
  0.0  0.6  7.4 11.4  0.0  1.7279.7 81.5 30.0113.5 52.3 14.0  4.6  0.0  0.0
  0.3  1.4 19.4  8.6 17.4 29.5  2.9  1.1  2.3  2.9  0.9  2.3  4.6  5.7  0.9
  3.7  5.7  1.4  3.7  3.4  9.4 21.4 10.3  0.6  0.3 60.9 64.1  1.1155.6  4.9
  1.4  0.3  0.0  0.0  0.0  0.0  0.0  0.0  0.0  0.0  0.0  0.0  0.0  0.0  0.0
  0.0  0.0  0.0  0.6  0.6  2.9  0.6  0.3  0.0  0.0  0.0  0.0  0.0  0.3  0.3
  0.0  0.0  0.0  0.3  0.0  0.0  0.0  0.0  0.0  0.0  0.0  0.0  2.0  0.3  0.0
  4.6  0.3  0.3  5.1  0.6  0.0  0.6  2.3  0.0  0.0  0.0  0.0  0.0  0.0  0.0
  0.3  0.0  0.0  0.0  0.0  0.0  0.3  7.1  1.1  1.4  7.7 20.6  5.7  7.4 10.9
  1.1  1.4  2.9  2.3  0.3  0.9  0.0 32.0 12.3 19.4  1.4  6.0  8.0  5.1  0.0
     -6.20      3.87     -6.14     -2.97      1.96  0.0  0.0  0.0  0.0  0.0
                                4000_story_2880_llm_free.txt 37.5  4.5 3587
 16.2  3.6  1.4 44.0 12.3  0.6  2.2  0.8 14.5 18.1  1.1  1.4  0.6  3.9  0.0
  0.8  1.1  5.0  8.9  0.6  1.7269.9 84.8 31.5119.9 58.3 11.7 11.4  0.3  1.7
  0.6  1.1 29.6  5.6 12.0 29.0  8.4  4.7  2.0  1.7  2.0  2.8  3.6  6.4  0.0
  5.6  6.7  1.7  3.1  4.7 11.7 19.8 12.0  1.7  2.5 61.3 85.0  1.7180.9  5.9
  3.3  0.0  0.0  0.0  0.0  0.0  0.0  0.0  0.0  0.0  0.0  0.0  0.0  0.0  0.0
  0.0  0.0  0.0  1.1  0.6  2.8  2.2  0.0  0.0  0.0  0.0  0.0  0.0  0.0  0.6
  0.3  0.8  1.4  2.0  0.0  0.3  0.0  0.0  0.0  0.0  0.0  0.0  3.6  0.3  0.0
  6.7  0.0  0.0  6.7  5.0  0.3  5.3  3.9  0.0  0.0  0.0  0.0  0.0  0.0  0.0
  0.0  0.0  0.0  0.0  0.0  0.0  0.0 12.3  2.2  0.6  8.1 34.6  2.5 18.4 14.2
  2.2  1.4  2.8  2.0  0.0  1.4  0.6 38.5 17.6 20.4  2.8  6.7 10.0  9.2  0.0
     -4.17      5.17     -1.82     -2.04      1.41  0.0  0.0  0.0  0.0  0.0
                                4000_story_2881_llm_free.txt 35.5  4.5 3255
 16.6  5.2  6.5 44.2 11.4  0.6  3.1  0.3 13.5 17.8  0.3  0.6  0.0  5.5  0.6
  0.0  2.5  4.0 12.3  0.6  1.8285.7 82.9 28.6123.5 54.7 13.8 13.5  0.0  0.0
  0.3  2.8 19.7  9.5 15.1 29.5  6.5  1.5  1.8  0.6  0.6  2.2  1.5  5.8  0.6
  4.3  6.1  0.6  2.5  2.8  6.1 22.4 10.8  3.1  0.3 56.8 79.6  2.5182.8  6.5
  0.9  0.0  0.0  0.0  0.0  0.0  0.0  0.0  0.0  0.0  0.0  0.0  0.0  0.0  0.0
  0.0  0.0  0.0  1.5  0.3  1.5  2.5  0.0  0.0  0.0  0.0  0.0  0.3  0.0  0.6
  0.0  0.9  0.6  0.3  0.0  0.0  0.0  0.0  0.0  0.3  0.0  0.3  2.5  0.6  0.0
  5.8  0.0  0.3  6.1  2.5  0.0  2.8  3.4  0.0  0.0  0.0  0.0  0.0  0.0  0.0
  0.0  0.6  0.0  0.0  0.0  0.0  0.0  8.0  4.3  2.5  7.4 36.9  6.1  5.2  6.5
  2.5  1.2  2.5  3.1  0.6  0.9  0.0 34.7 22.7 20.9  2.2  7.7 10.4  8.9  0.0
     -0.92      5.93     -5.18     -4.21      0.08  0.0  0.0  0.0  0.0  0.0
                                4000_story_2883_llm_free.txt 34.5  4.5 3162
 14.9  5.4  7.6 39.2  9.2  0.9  1.9  0.0  8.5 21.2  0.3  0.3  0.3  8.2  1.3
  0.6  0.6  4.4 10.4  1.9  1.6265.0 90.8 31.0120.5 56.3 13.3 11.4  0.3  0.6
  0.0  0.9 22.5  7.0 18.7 30.7  8.5  2.2  1.9  1.3  1.6  1.9  2.5  3.8  1.3
  6.3  7.0  1.6  3.2  3.2  8.2 19.9 11.4  2.5  0.9 58.2 74.0  2.8181.2  8.2
  1.3  0.0  0.0  0.0  0.0  0.0  0.0  0.0  0.0  0.0  0.0  0.0  0.0  0.0  0.0
  0.0  0.0  0.0  1.3  0.6  3.8  2.2  0.0  0.0  0.0  0.0  0.0  0.0  0.0  0.3
  0.6  1.6  0.6  0.0  0.0  0.3  0.0  0.0  0.0  0.3  0.0  0.3  1.6  0.6  0.0
  7.9  0.0  0.0  7.9  3.2  0.3  3.8  2.5  0.0  0.0  0.0  0.0  0.0  0.0  0.0
  0.0  0.3  0.0  0.0  0.3  0.0  0.0  7.6  4.1  1.3  7.9 31.0  5.1  6.6  8.2
  0.9  1.3  1.9  4.4  0.6  0.6  0.0 42.7 17.7 19.3  2.5  7.3 13.6  8.5  0.0
     -1.12      5.40     -5.83     -3.38      1.54  0.0  0.3  0.9  0.0  0.0
                                4000_story_2884_llm_free.txt 35.8  4.5 3359
 17.9  6.8  6.5 46.7 16.4  0.6  2.4  1.5 19.1 13.7  0.9  1.2  0.3  6.0  0.9
  0.3  1.5  6.3 10.1  2.4  0.9270.0 82.2 31.0116.4 67.0 13.7 10.1  0.3  0.9
  0.3  1.2 29.2 11.9 11.0 27.4  6.8  4.5  3.9  2.4  0.9  1.2  0.9  5.1  0.0
  7.4  4.5  1.2  1.8  3.6 11.6 19.4 12.5  3.9  1.5 51.5102.4  2.1185.5  6.3
  1.8  0.3  0.0  0.0  0.0  0.0  0.0  0.0  0.0  0.0  0.0  0.0  0.0  0.0  0.0
  0.0  0.0  0.0  2.1  1.2  4.2  1.8  0.3  0.0  0.0  0.0  0.0  0.0  0.0  0.9
  0.3  1.5  0.9  0.6  0.0  0.3  0.0  0.0  0.0  0.3  0.0  0.3  1.2  0.6  0.0
  9.2  0.3  0.0  9.5  4.2  0.3  4.8  2.1  0.0  0.0  0.0  0.0  0.0  0.0  0.0
  0.0  0.3  0.0  0.0  0.0  0.0  0.0 12.8  2.4  3.6  6.3 26.8  3.6  5.7 15.8
  2.1  1.2  2.4  3.9  0.3  0.0  0.0 42.0 18.2 24.4  1.2  6.8 12.8  8.9  0.0
      1.41      5.59     -3.87     -2.31      0.10  0.0  0.0  0.3  0.0  0.0
                                4000_story_2887_llm_free.txt 35.5  4.6 3678
 17.7  4.4  7.1 41.1  9.2  1.9  3.0  0.8 11.4 27.2  0.5  0.8  0.3  3.0  0.3
  0.5  0.3  6.0 10.1  0.5  1.1291.5 89.5 37.2116.1 53.8 10.1 11.7  0.0  0.5
  0.3  1.4 26.9  6.8 13.6 24.7  4.6  3.5  2.7  1.1  1.6  0.3  2.2  6.5  0.0
  6.8  3.3  1.1  1.9  3.3 11.1 16.6 13.3  0.8  0.8 60.1 74.5  1.6178.9  7.9
  1.4  0.0  0.0  0.0  0.0  0.0  0.0  0.0  0.0  0.0  0.0  0.0  0.0  0.0  0.0
  0.0  0.0  0.0  2.7  0.3  2.4  1.6  0.0  0.0  0.0  0.0  0.0  0.0  0.3  0.5
  0.5  1.6  0.8  0.0  0.0  0.3  0.0  0.0  0.0  0.0  0.0  0.0  1.6  0.3  0.0
  7.1  0.0  0.3  7.3  3.5  0.3  3.8  1.9  0.0  0.0  0.0  0.0  0.0  0.0  0.0
  0.0  1.1  0.0  0.0  0.0  0.0  0.0 10.1  1.4  1.1  6.3 40.5  8.4  6.0  9.0
  1.9  2.4  1.1  2.7  0.0  0.0  0.0 31.3 18.2 19.0  2.7  7.6  8.4  7.1  0.0
     -5.43      4.58     -3.48     -3.51      0.91  0.3  0.3  0.3  0.0  0.0
                                4000_story_2890_llm_free.txt 38.5  4.7 3236
 14.8  5.3  3.7 41.1  7.4  0.9  1.9  0.9  8.0 15.8  0.3  0.9  0.0  4.0  0.6
  0.0  0.6  4.6 13.9  2.8  1.5289.9 92.7 43.9110.3 52.5 12.4 11.1  0.3  1.2
  0.0  1.5 27.5  6.5 11.7 23.8  5.9  4.3  1.5  3.1  0.9  2.8  2.5  9.0  0.6
  3.4  4.3  1.5  3.1  3.4  9.9 23.8 13.0  3.4  1.5 74.8 68.0  1.5168.7  5.6
  1.9  0.0  0.0  0.0  0.0  0.0  0.0  0.0  0.0  0.0  0.0  0.0  0.0  0.0  0.0
  0.0  0.0  0.0  3.7  0.6  2.2  1.2  0.0  0.0  0.0  0.0  0.0  0.0  0.3  0.6
  0.0  1.2  0.3  0.0  0.0  0.0  0.0  0.0  0.0  0.3  0.0  0.3  2.2  0.3  0.0
  7.7  0.0  0.3  8.0  2.2  0.0  2.5  2.8  0.0  0.0  0.0  0.0  0.0  0.0  0.0
  0.0  0.6  0.0  0.0  0.0  0.0  0.0 10.2  3.1  1.2  7.4 30.6  5.9  8.0 12.4
  0.9  0.9  2.2  0.9  0.3  0.9  0.9 30.9 16.1 20.7  1.2  8.0  9.6  7.1  0.0
     -4.84      4.67     -2.40     -2.12      0.85  0.9  0.3  0.0  0.0  0.0
                                4000_story_2891_llm_free.txt 37.5  4.5 3275
 13.1  3.7  4.0 33.6  5.8  0.6  1.8  0.6 16.8 14.4  0.3  2.4  0.9  4.3  0.3
  0.6  2.1  2.7  9.2  1.5  2.1277.6 95.0 35.1129.5 56.2 11.0 10.7  0.3  1.2
  0.0  1.8 25.3  4.6 17.1 31.5  4.9  2.1  1.8  1.2  1.8  2.1  3.1  5.2  0.3
  4.9  4.9  0.6  1.2  3.1  6.7 19.5 10.4  3.7  1.5 63.2 78.8  1.8175.0  5.8
  0.9  0.3  0.0  0.0  0.0  0.0  0.0  0.0  0.0  0.0  0.0  0.0  0.0  0.0  0.0
  0.0  0.0  0.0  1.2  0.3  2.1  0.9  0.3  0.0  0.0  0.0  0.0  0.0  0.3  0.0
  0.6  0.6  0.3  0.0  0.0  0.0  0.0  0.0  0.0  0.0  0.0  0.3  2.1  0.9  0.0
  4.6  0.3  0.3  5.2  1.5  0.0  1.5  3.4  0.0  0.0  0.0  0.0  0.0  0.0  0.0
  0.0  0.9  0.0  0.0  0.0  0.0  0.0 10.7  1.8  0.9  5.5 32.4  4.9  4.9 28.4
  4.6  1.2  3.4  4.0  0.0  0.6  0.0 37.9 17.7 13.4  1.2  6.4 14.0 10.4  0.0
     -3.07      5.12     -3.92     -3.22      0.88  0.3  0.0  0.0  0.0  0.0
                                4000_story_2893_llm_free.txt 37.5  4.5 3105
 13.8  3.9  8.7 40.3  6.1  1.0  1.9  0.6  9.7 20.3  0.0  1.9  0.0  6.4  0.3
  0.6  1.3  2.9  8.4  0.0  1.6282.8 93.1 34.1125.6 57.6  9.0 11.0  0.0  0.3
  0.0  2.3 16.4  7.7 16.4 24.5  4.8  2.3  2.9  1.0  1.0  1.6  2.3  2.6  0.3
  3.2  7.1  1.3  1.9  3.2  6.1 20.6  6.1  1.3  0.3 66.0 73.4  2.6179.7  7.4
  0.6  0.0  0.0  0.0  0.0  0.0  0.0  0.0  0.0  0.0  0.0  0.0  0.0  0.0  0.0
  0.0  0.0  0.0  1.6  0.3  2.3  1.3  0.0  0.0  0.0  0.0  0.0  0.0  0.0  0.0
  0.3  1.0  0.3  0.0  0.0  0.0  0.0  0.0  0.0  0.3  0.0  0.0  2.3  0.3  0.0
  5.5  0.0  0.0  5.5  1.6  0.0  1.9  2.6  0.0  0.0  0.0  0.0  0.0  0.0  0.0
  0.0  0.0  0.0  0.0  0.0  0.0  0.0  9.0  1.0  1.3  5.8 34.1  3.2  4.5 16.4
  2.3  1.6  1.9  4.8  0.3  1.0  0.0 41.2 17.1 13.2  1.6  6.8 12.9  9.0  0.0
     -4.80      4.73     -5.32     -3.59     -0.54  0.3  0.0  0.0  0.0  0.0
                                4000_story_2894_llm_free.txt 34.5  4.5 3614
 13.3  4.7  5.5 32.9  8.9  0.8  2.5  0.8 10.5 19.9  0.6  0.6  0.8  5.0  0.8
  0.3  1.7  3.0  6.6  0.0  1.9278.6 85.2 29.3122.0 60.6 14.9  8.6  0.0  0.3
  0.0  1.4 18.8  7.5 16.0 35.1  5.3  2.5  2.5  1.7  2.2  1.7  3.6  4.2  0.0
  3.3  5.0  0.3  2.2  5.5  7.7 15.2  7.5  1.7  0.3 66.1 80.0  1.7169.3  7.2
  0.6  0.0  0.0  0.0  0.0  0.0  0.0  0.0  0.0  0.0  0.0  0.0  0.0  0.0  0.0
  0.0  0.0  0.0  1.7  0.0  2.8  1.7  0.0  0.0  0.0  0.0  0.0  0.0  0.0  0.8
  0.0  0.8  0.6  0.6  0.0  0.0  0.0  0.0  0.0  0.3  0.0  0.0  1.1  1.1  0.0
  6.1  0.0  0.0  6.1  2.8  0.0  3.0  2.2  0.0  0.0  0.0  0.0  0.0  0.0  0.0
  0.0  0.8  0.0  0.0  0.0  0.0  0.0 11.1  4.2  2.2  8.3 32.1 10.0  3.6  7.7
  1.7  1.7  1.4  2.8  0.8  0.6  0.0 31.8 16.0 21.0  1.1  7.7 11.6 10.2  0.0
     -4.48      5.44     -5.92     -2.74      0.32  0.3  0.3  0.0  0.0  0.0
                                4000_story_2895_llm_free.txt 33.8  4.3 3134
 18.5  6.1  6.1 31.9  9.3  1.0  2.9  0.6 13.1 17.9  0.3  1.6  0.3  5.4  0.6
  1.0  1.3  6.1  8.3  1.6  0.3262.0 89.0 31.0118.1 69.2 16.9  7.3  0.6  0.3
  0.3  1.3 16.6  8.9 14.7 26.5  9.6  1.9  1.9  1.3  1.3  1.9  3.5  3.8  0.0
  6.7  8.9  1.3  0.6  3.2  9.3 21.4 10.5  2.9  1.3 56.5 91.6  2.2174.2  6.4
  1.6  0.0  0.0  0.0  0.0  0.0  0.0  0.0  0.0  0.0  0.0  0.0  0.0  0.0  0.0
  0.0  0.0  0.0  1.6  1.3  3.5  1.3  0.0  0.0  0.0  0.6  0.0  0.0  0.0  1.0
  0.6  3.2  0.6  0.3  0.0  0.3  0.0  0.0  0.3  0.3  0.0  0.0  2.9  0.6  0.0
  7.7  0.0  0.6  8.3  5.7  0.6  6.7  3.5  0.0  0.0  0.0  0.0  0.0  0.0  0.0
  0.0  0.0  0.0  0.0  0.0  0.0  0.0 13.4  2.6  1.3  6.7 31.6  4.1 14.0  9.3
  4.5  1.3  1.6  0.6  0.6  1.0  0.0 36.1 16.6 24.6  2.6  6.1  9.3  9.3  0.0
     -0.88      5.84     -4.95     -3.58      1.31  0.0  0.0  0.0  0.0  0.0
                                4000_story_2896_llm_free.txt 40.3  4.4 3032
 15.5  4.0  6.3 43.9 12.2  1.6  2.6  1.6 21.1 25.7  0.0  0.3  0.3  6.6  1.3
  0.0  2.0  3.6  8.6  1.3  1.3266.2 75.9 32.0125.0 55.4  8.6  8.6  0.3  0.7
  0.3  2.3 15.5  8.6 11.2 33.3  5.6  4.9  2.0  1.6  1.6  2.0  2.0  6.3  0.7
  5.3  5.9  1.0  2.0  4.6 10.2 18.8 12.2  3.3  1.3 64.6 88.7  2.6183.4  5.3
  1.3  0.0  0.0  0.0  0.0  0.0  0.0  0.0  0.0  0.0  0.0  0.0  0.0  0.0  0.0
  0.0  0.0  0.0  2.0  0.7  1.6  0.3  0.0  0.0  0.0  0.0  0.0  0.0  0.0  0.3
  0.0  0.3  0.7  0.3  0.0  0.0  0.0  0.0  0.0  0.0  0.0  0.3  4.3  1.0  0.0
  4.6  0.0  0.0  4.6  1.6  0.0  1.6  5.6  0.0  0.0  0.0  0.0  0.0  0.0  0.0
  0.0  0.0  0.0  0.0  0.0  0.0  0.0 14.5  2.6  1.3  9.9 37.3  3.6 15.5  8.9
  3.0  2.0  0.7  4.0  0.7  1.3  0.0 42.5 13.9 15.8  2.0  8.6  8.9  8.9  0.0
      1.52      4.08     -3.91     -2.46      0.77  0.0  0.0  0.0  0.0  0.0
                                4000_story_2897_llm_free.txt 34.0  4.6 3332
 17.1  4.5  2.4 37.5  4.2  0.3  2.1  0.9  7.2 19.8  0.0  1.5  0.6  3.6  0.6
  0.0  0.6  3.6  7.2  0.3  6.6277.0 88.8 36.3116.1 65.1 12.6  8.4  0.0  0.0
  0.0  1.5 19.2  9.6 15.0 28.8  6.0  3.9  1.2  1.8  1.2  2.4  3.6  3.0  0.0
  5.4  6.0  0.6  2.4  3.3  8.7 18.0  8.4  0.9  0.0 70.8 76.5  1.8174.1  6.3
  0.9  0.0  0.0  0.0  0.0  0.0  0.0  0.0  0.0  0.0  0.0  0.0  0.0  0.0  0.0
  0.0  0.0  0.0  1.8  0.3  2.7  0.6  0.0  0.0  0.0  0.0  0.0  0.0  0.0  0.6
  0.0  0.6  0.6  0.3  0.0  0.6  0.0  0.0  0.0  0.3  0.0  0.0  2.4  0.3  0.0
  5.4  0.0  0.0  5.4  2.1  0.6  3.0  2.7  0.0  0.0  0.0  0.0  0.0  0.0  0.0
  0.3  0.0  0.0  0.0  0.0  0.0  0.0 15.6  3.3  0.6  7.8 33.3  6.0  7.8  7.2
  0.6  2.4  2.4  1.5  0.0  0.9  0.6 38.7 17.7 19.5  1.5  8.1  9.3  7.5  0.0
     -5.78      4.97     -5.93     -2.94      0.82  0.0  0.3  0.0  0.3  0.0
                                4000_story_2898_llm_free.txt 35.5  4.4 3546
 19.2  6.5  5.9 47.1 11.0  0.6  2.3  1.1 14.7 21.7  0.8  1.1  0.6  8.2  0.0
  0.3  1.4  6.5 11.6  1.4  0.8251.8 81.5 33.0113.9 54.4 13.5 11.3  0.8  0.3
  0.0  2.3 21.2  6.8 10.4 36.1  7.6  6.2  2.8  2.8  0.8  2.5  3.9  8.2  0.0
  5.6  8.5  2.8  2.3  2.5 13.5 26.2 13.8  2.8  1.1 64.3 80.1  1.1180.2  7.1
  1.7  0.3  0.0  0.0  0.0  0.0  0.0  0.0  0.0  0.0  0.0  0.0  0.0  0.0  0.0
  0.0  0.0  0.0  1.7  3.7  3.9  1.7  0.6  0.0  0.0  0.0  0.0  0.0  0.0  0.0
  0.0  2.5  0.6  0.8  0.0  0.0  0.3  0.0  0.0  0.3  0.3  0.0  3.4  1.7  0.0
 11.0  0.6  0.0 11.6  3.9  0.3  4.5  5.4  0.0  0.0  0.0  0.0  0.0  0.0  0.0
  0.0  0.6  0.0  0.0  0.0  0.0  0.0  4.8  2.5  0.6  7.3 23.4  3.7  7.9 11.0
  2.0  2.3  1.7  2.8  0.0  0.8  0.3 38.4 21.2 23.4  2.3  9.9 11.0 11.3  0.0
      2.24      5.13     -3.14     -1.52      1.90  0.0  0.0  0.3  0.0  0.0
                                4000_story_2899_llm_free.txt 35.0  4.4 2934
 16.4  1.4  2.4 41.2 11.2  0.7  2.4  1.0 11.2 25.9  0.7  0.7  0.0  4.4  1.0
  0.7  0.7  5.1  7.5  1.4  2.4264.1 82.5 33.1124.4 55.6 18.1  9.2  0.0  0.7
  0.0  2.7 18.1  8.9 16.0 25.6  5.8  1.4  2.4  3.7  0.7  2.7  2.4  5.5  0.0
  5.5  4.8  1.0  1.7  5.5  7.2 19.4 10.9  2.0  0.7 61.7 78.1  1.4178.6  7.5
  2.4  0.0  0.0  0.0  0.0  0.0  0.0  0.0  0.0  0.0  0.0  0.0  0.0  0.0  0.0
  0.0  0.0  0.0  1.4  0.0  0.7  0.7  0.0  0.0  0.0  0.0  0.0  0.0  0.0  0.3
  0.3  1.0  0.3  0.3  0.0  0.0  0.0  0.0  0.0  0.0  0.3  0.0  1.4  1.7  0.0
  2.7  0.0  0.0  2.7  2.4  0.0  2.4  3.4  0.0  0.0  0.0  0.0  0.0  0.0  0.0
  0.0  0.0  0.0  0.0  0.0  0.0  0.0 15.3  3.4  1.0  8.2 33.1  7.5 10.2  9.2
  1.4  2.4  1.7  4.4  0.3  1.0  0.0 37.5 20.4 21.1  2.4  7.5 13.6 11.9  0.0
     -2.95      6.01     -5.12     -2.39      0.45  0.3  0.3  0.0  0.0  0.0
                                4000_story_2900_llm_free.txt 32.3  4.6 3667
 16.1  3.3  4.6 42.5 10.9  0.5  3.0  0.5  7.4 19.4  0.3  0.3  0.8  6.0  0.5
  0.3  1.6  3.8  8.5  1.1  0.5287.4 94.1 32.5113.7 52.6 11.2 10.4  0.3  1.6
  0.3  1.4 20.5  8.2 15.5 26.2  2.7  1.9  3.0  1.4  1.9  1.6  4.4  4.6  0.5
  8.5  4.4  0.5  1.6  2.7  7.6 15.8 13.6  2.7  2.2 60.8 70.9  0.5172.6  6.8
  0.0  0.3  0.0  0.0  0.0  0.0  0.0  0.0  0.0  0.0  0.0  0.0  0.0  0.0  0.0
  0.0  0.0  0.0  0.5  0.8  1.9  0.8  0.3  0.0  0.0  0.0  0.0  0.0  0.0  0.5
  0.3  0.0  0.5  0.0  0.0  0.0  0.0  0.0  0.0  0.0  0.0  0.0  0.5  2.7  0.0
  4.1  0.3  0.0  4.4  1.4  0.0  1.4  3.3  0.0  0.0  0.0  0.0  0.0  0.0  0.0
  0.0  0.3  0.5  0.0  0.0  0.0  0.0 11.5  1.6  1.1  6.0 35.7  6.0  6.0 16.4
  1.9  2.2  3.5  3.3  0.0  0.5  1.6 38.2 17.5 16.9  2.2  7.1 11.2  6.8  0.0
     -4.16      4.42     -4.27     -3.00      2.95  0.5  0.0  0.0  0.0  0.0
                                4000_story_2901_llm_free.txt 34.0  4.4 3492
 14.0  6.3  4.6 35.8  8.9  0.9  2.3  0.6 12.9 20.3  0.3  0.9  0.6  8.9  0.6
  0.0  1.1  4.6  7.7  0.3  2.0260.9 85.6 28.4119.7 59.9 14.0  9.5  0.3  1.7
  0.0  1.1 20.9  8.0 13.2 30.6  5.4  3.4  2.6  1.4  1.7  1.4  3.2  6.0  0.9
  5.7  6.3  2.0  1.7  2.6  9.7 17.5 12.6  1.4  2.0 66.4 81.6  2.3172.1  6.9
  1.1  0.3  0.0  0.0  0.0  0.0  0.0  0.0  0.0  0.0  0.0  0.0  0.0  0.0  0.0
  0.0  0.0  0.0  2.6  0.3  4.3  1.1  0.3  0.0  0.0  0.0  0.0  0.0  0.0  0.9
  0.3  0.6  0.9  0.3  0.0  0.0  0.0  0.0  0.0  0.0  0.0  0.0  2.9  1.1  0.0
  8.3  0.3  0.0  8.6  2.9  0.0  2.9  4.0  0.0  0.0  0.0  0.0  0.0  0.0  0.0
  0.6  0.0  0.0  0.0  0.0  0.0  0.0 13.7  2.3  0.0 10.3 27.8  7.2  4.6 11.7
  3.2  2.3  1.4  2.3  0.9  0.3  0.0 39.8 18.6 19.8  0.6 10.6 11.2  7.7  0.0
     -1.32      5.32     -4.03     -2.91      1.76  0.3  0.0  0.0  0.3  0.0
                                4000_story_2902_llm_free.txt 36.0  4.6 3549
 11.6  3.7  4.5 34.9  4.2  0.6  2.0  1.1  6.8 14.7  0.6  1.1  0.3  3.7  1.1
  0.3  1.1  3.4  8.2  0.0  2.5278.1 88.2 40.0118.9 40.6 11.6  8.5  0.0  0.3
  0.6  2.5 22.8  8.7 16.9 29.0  7.0  2.5  1.4  1.4  0.8  1.1  2.8  5.9  0.6
  4.5  3.4  0.3  3.4  3.9  6.8 16.6 11.0  1.1  0.8 78.3 51.6  1.7170.2  9.9
  0.6  0.0  0.0  0.0  0.0  0.0  0.0  0.0  0.0  0.0  0.0  0.0  0.0  0.0  0.0
  0.0  0.0  0.0  1.1  0.6  1.1  2.3  0.0  0.0  0.0  0.0  0.0  0.0  0.0  0.3
  0.0  0.6  0.3  0.8  0.0  0.0  0.0  0.0  0.0  0.0  0.0  0.0  1.1  0.8  0.0
  5.1  0.0  0.0  5.1  2.0  0.0  2.0  2.0  0.0  0.0  0.0  0.0  0.0  0.0  0.0
  0.3  0.8  0.0  0.0  0.0  0.0  0.0  7.3  2.0  0.3 10.4 23.4  5.1  4.5 13.5
  0.6  2.3  3.1  3.1  0.0  0.6  0.3 37.8 13.0 14.4  1.4  9.3 13.5  6.8  0.0
     -7.88      3.77     -4.97     -4.05      0.92  0.3  0.0  0.6  0.0  0.0
                                4000_story_2903_llm_free.txt 36.5  4.5 3867
 18.1  4.7 10.1 52.5 15.5  1.8  3.6  0.8 20.9 15.8  0.8  2.1  0.0  5.9  0.5
  0.3  1.8  4.4  8.0  1.0  1.8260.4 83.8 30.3112.0 53.0  7.5 11.9  1.0  0.0
  0.0  1.3 30.8  9.1 16.6 30.0  7.2  3.6  3.4  2.3  1.8  1.0  3.1  4.4  1.6
  3.9  3.9  2.3  3.4  4.9  9.8 17.6  9.8  2.8  1.0 58.2 89.5  2.8178.7  7.0
  2.3  0.3  0.0  0.0  0.0  0.0  0.0  0.0  0.0  0.0  0.0  0.0  0.0  0.0  0.0
  0.0  0.0  0.0  2.3  0.5  2.1  1.6  0.0  0.3  0.0  0.0  0.0  0.0  0.0  0.3
  0.3  0.5  0.0  0.0  0.0  0.0  0.0  0.3  0.0  0.3  0.0  0.3  2.8  1.0  0.0
  6.5  0.3  0.0  6.7  1.0  0.3  1.6  4.1  0.0  0.0  0.0  0.0  0.0  0.0  0.0
  0.3  0.0  0.0  0.0  0.0  0.0  0.0 10.6  2.1  0.8 11.4 30.3  4.9  4.4 26.1
  3.1  2.1  2.1  2.3  0.3  1.6  0.0 32.6 21.2 21.2  2.3  9.6 12.9  8.3  0.0
      0.84      3.96     -4.96     -2.33      1.42  0.0  0.0  0.0  0.0  0.0
                                4000_story_2907_llm_free.txt 37.0  4.5 3251
 21.8  4.3  5.8 47.1 13.2  0.6  2.5  1.2 11.4 19.1  0.9  0.0  0.3  4.3  0.3
  1.2  2.2  5.8  8.9  1.2  2.2270.1 83.7 28.6122.7 67.1  8.6  8.9  0.0  0.3
  0.6  2.2 23.4  5.2 15.4 27.7  5.8  2.2  2.2  1.5  1.8  1.5  2.5  6.8  0.6
  4.9  4.9  1.5  3.4  2.8  9.8 17.5 12.3  3.4  0.9 54.1 91.7  3.1191.0  6.8
  1.5  0.0  0.0  0.0  0.0  0.0  0.0  0.0  0.0  0.0  0.0  0.0  0.0  0.0  0.0
  0.0  0.0  0.0  0.9  1.5  3.1  0.6  0.0  0.0  0.0  0.0  0.0  0.0  0.0  0.3
  0.0  0.6  0.9  0.6  0.0  0.0  0.0  0.6  0.0  0.6  0.0  0.3  3.1  0.9  0.0
  6.2  0.0  0.0  6.2  2.5  0.6  3.7  4.3  0.0  0.0  0.0  0.0  0.0  0.0  0.0
  0.0  0.3  0.0  0.0  0.0  0.0  0.0 13.2  1.5  2.2  9.5 30.1  3.1  5.8 26.8
  1.5  1.8  1.5  2.8  0.6  0.3  0.3 37.8 15.4 24.6  0.6  5.8 15.1  9.2  0.0
     -0.21      4.60     -3.48     -3.20      1.00  0.9  0.0  0.0  0.0  0.0
                                4000_story_2908_llm_free.txt 33.3  4.5 2901
 13.8  3.1  1.0 38.3  5.5  0.0  1.7  1.7  8.6 17.6  0.3  1.4  0.3  5.2  0.0
  0.0  1.0  4.5 11.0  1.4  0.7298.5 81.4 34.1111.7 56.5 15.2 11.4  0.7  0.7
  0.0  0.7 33.4  6.2 14.5 27.9  5.2  1.7  2.4  0.7  2.8  2.8  5.2  5.2  0.0
  6.2  3.4  0.7  3.4  2.4  9.0 17.2 11.4  2.4  1.4 59.3 70.7  1.4168.6  5.5
  3.8  0.0  0.0  0.0  0.0  0.0  0.0  0.0  0.0  0.0  0.0  0.0  0.0  0.0  0.0
  0.0  0.0  0.0  1.7  0.3  1.0  0.7  0.0  0.0  0.0  0.0  0.0  0.0  0.0  0.0
  0.3  0.0  0.3  0.3  0.0  0.0  0.0  0.0  0.0  0.0  0.0  0.0  2.1  1.7  0.0
  3.8  0.0  0.0  3.8  1.0  0.0  1.0  3.8  0.0  0.0  0.0  0.0  0.0  0.0  0.0
  0.0  0.3  0.0  0.0  0.0  0.0  0.0  7.2  2.1  2.4  3.8 21.0  2.8  3.1 26.5
  1.0  1.7  2.1  3.8  0.0  0.3  0.0 30.7 15.9 17.2  0.3  4.1 13.1 10.3  0.0
     -5.72      5.48     -3.32     -2.69      2.39  0.3  0.0  0.0  0.3  0.0
                                4000_story_2910_llm_free.txt 35.8  4.4 3782
 17.5  5.6 10.3 55.0 25.9  1.6  3.4  1.3 24.1 14.5  0.8  1.3  0.0  4.8  0.5
  0.3  1.6  7.9 12.4  1.3  1.3262.0 78.0 26.2106.8 61.1 13.2 10.6  0.0  0.8
  0.0  1.1 23.5  8.2 13.5 33.1  7.1 10.3  1.1  2.9  1.9  1.9  4.2  4.8  0.0
  2.4  4.8  1.6  2.1  3.4 20.1 22.5  7.1  2.9  0.8 52.9111.1  1.9173.5  5.6
  0.8  0.3  0.0  0.0  0.0  0.0  0.0  0.0  0.0  0.0  0.0  0.0  0.0  0.0  0.0
  0.0  0.0  0.0  1.9  1.3  2.4  2.1  0.0  0.0  0.0  0.0  0.0  0.0  0.0  0.0
  0.0  2.1  1.1  0.3  0.0  0.0  0.3  0.0  0.0  0.5  0.0  0.0  2.1  1.3  0.0
  7.7  0.0  0.0  7.7  3.4  0.3  4.2  3.4  0.0  0.0  0.0  0.0  0.0  0.0  0.0
  0.5  0.0  0.0  0.0  0.0  0.0  0.0  8.5  4.5  3.4  8.5 29.6  1.6 15.1  7.7
  2.4  2.1  1.3  1.6  0.0  1.9  0.0 39.7 16.4 23.5  1.6  5.3 13.0  7.4  0.0
      3.10      5.00     -4.79     -0.86      0.51  0.8  0.0  0.0  0.0  0.0
                                4000_story_2911_llm_free.txt 34.8  4.5 3144
 14.6  6.7  4.8 27.7  6.7  0.6  1.6  0.3 12.7 15.3  0.6  2.2  1.0  7.3  0.3
  0.0  1.9  3.2  7.3  0.3  2.9282.8 87.8 29.3121.5 64.6 18.4  8.3  0.0  0.0
  0.0  1.6 28.6  5.1 14.6 28.6  6.4  2.2  1.6  1.6  1.3  0.3  3.8  4.1  0.3
  6.0  7.0  1.3  2.9  2.9  6.7 19.7 10.5  2.2  0.0 64.9 84.0  1.3171.4  6.4
  0.6  0.0  0.0  0.0  0.0  0.0  0.0  0.0  0.0  0.0  0.0  0.0  0.0  0.0  0.0
  0.0  0.0  0.0  2.5  0.6  2.5  2.2  0.0  0.0  0.0  0.0  0.0  0.0  0.0  0.6
  0.0  1.0  0.6  0.6  0.0  0.3  0.0  0.0  0.0  0.0  0.0  0.0  1.0  1.0  0.0
  8.0  0.0  0.0  8.0  2.9  0.3  3.2  1.9  0.0  0.0  0.0  0.0  0.0  0.0  0.0
  0.0  0.0  0.3  0.0  0.0  0.0  0.0 13.4  2.2  1.3  5.7 29.6  5.4  5.1  9.9
  0.6  1.6  1.9  3.5  0.3  1.6  0.0 35.0 18.8 20.7  0.6  8.0 10.5  6.7  0.0
     -2.50      6.22     -3.83     -4.11      1.58  0.6  0.0  0.0  0.0  0.0
                                4000_story_2912_llm_free.txt 35.0  4.4 3166
 15.5  5.1  5.7 29.7  7.9  0.6  1.3  0.6  6.0 23.1  0.6  1.6  0.0  4.4  0.3
  0.0  1.3  3.8  9.2  0.6  1.3281.4 95.1 37.3116.2 41.1 14.5  7.6  0.0  0.6
  0.0  2.5 22.4  8.2 17.1 23.4  4.1  2.8  1.3  1.9  0.6  1.3  2.2  4.4  0.3
  4.1  6.0  1.3  1.6  4.7  7.3 21.2  8.8  1.9  0.6 75.8 55.0  0.9162.0  7.3
  3.2  0.0  0.0  0.0  0.0  0.0  0.0  0.0  0.0  0.0  0.0  0.0  0.0  0.0  0.0
  0.0  0.0  0.0  2.2  0.3  3.8  0.3  0.0  0.0  0.0  0.0  0.0  0.0  0.0  0.0
  0.3  0.3  0.3  0.3  0.0  0.0  0.3  0.0  0.0  0.0  0.0  0.0  0.9  0.9  0.0
  6.6  0.0  0.0  6.6  1.3  0.3  1.6  1.9  0.0  0.0  0.0  0.0  0.0  0.0  0.0
  0.0  0.0  0.0  0.0  0.0  0.0  0.0  7.6  0.9  0.9  6.9 32.5 14.2  5.4 16.4
  1.3  1.3  3.5  2.2  0.0  1.3  0.9 34.1 11.7 20.2  1.3 10.1  8.2  7.3  0.0
     -5.29      4.12     -4.91     -3.85     -0.01  0.3  0.0  0.3  0.0  0.0
                                4000_story_2916_llm_free.txt 39.0  4.6 3037
 20.1  4.6  4.6 49.1  6.9  1.6  1.3  1.6 11.9 25.7  0.0  1.6  0.3  6.9  1.0
  1.6  2.3  5.6  6.9  1.0  1.0257.5 82.0 28.6116.6 61.2 11.9  6.9  0.7  1.0
  0.7  3.0 23.7  5.3  9.2 37.5  5.6  4.9  2.6  2.6  3.3  1.6  3.6  3.0  0.0
  4.9  6.6  1.0  3.0  3.3 13.8 20.7  7.9  3.3  2.3 58.0 80.0  2.6180.8  6.3
  2.0  0.0  0.0  0.0  0.0  0.0  0.0  0.0  0.0  0.0  0.0  0.0  0.0  0.0  0.0
  0.0  0.0  0.0  1.3  0.3  3.0  0.7  0.0  0.0  0.0  0.0  0.0  0.0  0.0  0.0
  0.3  0.3  0.3  0.0  0.0  0.0  0.0  0.0  0.0  0.0  0.7  0.0  3.6  0.3  0.0
  5.3  0.0  0.0  5.3  1.0  0.0  1.0  4.6  0.0  0.0  0.0  0.0  0.0  0.0  0.0
  0.3  0.7  0.0  0.0  0.0  0.0  0.0 10.5  2.6  0.3  5.9 36.5  3.0 14.5  9.5
  1.6  1.0  0.7  3.0  0.0  1.3  0.0 42.1 15.5 25.0  1.0  8.6 10.2 11.2  0.0
      2.51      4.39     -1.15     -1.16      0.68  0.3  0.0  0.0  0.0  0.0
                                4000_story_2919_llm_free.txt 36.3  4.4 3177
 19.5  5.4  6.0 50.0 15.1  0.0  4.1  0.6 21.7 19.5  0.9  1.9  0.0  2.8  0.6
  0.9  0.3  3.8  8.2  1.9  0.9260.6 82.2 23.6113.0 59.2 16.1  9.1  0.0  0.9
  0.3  0.6 26.1 11.0 11.0 30.8  7.6  2.8  2.8  1.6  1.9  1.6  2.8  5.7  0.3
  4.7  6.0  2.5  2.2  4.7  8.5 18.3 10.7  2.2  1.3 48.8 96.0  3.1180.4  7.2
  1.6  0.0  0.0  0.0  0.0  0.0  0.0  0.0  0.0  0.0  0.0  0.0  0.0  0.0  0.0
  0.0  0.0  0.0  4.1  0.3  3.5  1.3  0.0  0.0  0.0  0.0  0.0  0.0  0.0  1.3
  0.3  1.3  0.6  0.3  0.0  0.3  0.0  0.3  0.0  1.3  0.0  0.0  1.9  0.9  0.0
  9.1  0.0  0.0  9.1  3.8  0.6  5.7  2.8  0.0  0.0  0.0  0.0  0.0  0.0  0.0
  0.0  0.9  0.3  0.0  0.0  0.0  0.0 12.9  1.6  1.3  7.6 23.9  8.8 10.4 10.1
  3.8  2.8  2.8  1.6  0.0  1.3  0.0 36.5 25.8 23.6  1.6  6.6 10.1  7.6  0.0
     -1.81      5.40     -4.36     -2.77      0.77  0.0  0.0  0.0  0.0  0.0
                                4000_story_2920_llm_free.txt 38.3  4.5 3266
 17.8  4.6  8.3 40.4  9.2  1.2  0.9  0.6 11.3 15.9  0.6  0.9  0.0  5.5  0.3
  0.0  0.6  4.9  9.2  1.5  3.1277.7 81.1 35.5123.7 53.0 15.0 10.7  0.3  1.5
  0.0  1.2 25.1 10.7 16.2 33.1  5.5  2.4  2.1  2.4  0.9  1.5  4.6  5.2  0.3
  6.4  6.4  1.8  1.8  2.1  8.3 20.2 11.9  2.1  1.8 58.8 73.5  1.5184.6  8.0
  1.5  0.0  0.0  0.0  0.0  0.0  0.0  0.0  0.0  0.0  0.0  0.0  0.0  0.0  0.0
  0.0  0.0  0.0  0.9  1.5  3.4  0.6  0.0  0.0  0.0  0.0  0.0  0.0  0.0  0.3
  0.0  1.2  0.3  0.3  0.0  0.0  0.0  0.0  0.0  0.0  0.0  0.3  1.8  0.6  0.0
  6.4  0.0  0.0  6.4  2.1  0.0  2.1  2.8  0.0  0.0  0.0  0.0  0.0  0.0  0.0
  0.0  1.2  0.0  0.0  0.0  0.0  0.0 17.8  1.5  1.2 10.4 30.6  4.0  4.3 11.3
  1.5  1.2  2.8  4.3  0.3  0.9  0.0 37.7 17.5 21.1  4.0  8.0 11.6  8.0  0.0
     -3.68      5.57     -5.60     -3.17      2.34  0.3  0.0  0.0  0.0  0.0
                                4000_story_2921_llm_free.txt 37.8  4.5 3097
 12.6  2.9  4.2 35.2  2.3  0.3  1.9  1.0  7.4 19.4  1.0  0.3  0.0  8.1  0.3
  0.0  1.0  4.5 11.6  1.0  2.9284.8 90.1 29.4125.9 50.4 12.9 12.9  0.0  0.0
  0.3  1.0 22.6  6.5 16.1 32.0  4.2  2.6  1.0  1.0  2.3  2.3  3.9  5.2  0.0
  5.2  4.8  1.3  1.3  4.8  9.4 18.7 10.3  1.9  0.3 60.1 60.1  1.0177.3  7.7
  1.3  0.0  0.0  0.0  0.0  0.0  0.0  0.0  0.0  0.0  0.0  0.0  0.0  0.0  0.0
  0.0  0.0  0.0  1.9  0.0  1.6  1.0  0.0  0.0  0.0  0.0  0.0  0.0  0.0  0.0
  0.3  0.6  0.3  0.3  0.0  0.0  0.0  0.3  0.0  0.0  0.0  0.0  1.9  1.0  0.0
  4.5  0.0  0.0  4.5  1.6  0.3  1.9  2.9  0.0  0.0  0.0  0.0  0.0  0.0  0.0
  0.0  0.0  0.3  0.0  0.0  0.0  0.0  2.6  1.6  0.3  7.7 25.2  5.2  5.2 16.5
  0.3  1.6  1.3  3.2  0.0  0.6  0.3 37.1 18.7 17.4  1.0  8.1 11.6  8.1  0.0
     -4.16      5.53     -5.21     -3.26      1.24  0.0  0.3  0.0  0.3  0.0
                                4000_story_2924_llm_free.txt 35.5  4.5 3169
 19.6  6.0  7.9 36.3 10.1  0.6  2.5  0.9 14.2 23.7  0.6  1.3  0.9  4.4  0.6
  0.3  1.6  2.8  7.9  0.3  1.3283.7 83.9 24.9130.3 52.4 12.9  8.8  0.3  0.3
  0.3  3.2 17.4  6.6 12.3 28.1  4.1  1.6  2.2  3.8  0.6  1.6  1.9  5.0  0.6
  5.7  6.0  0.3  2.5  3.5  5.0 22.1 11.4  1.9  0.9 54.6 76.7  0.9184.3  8.8
  0.9  0.0  0.0  0.0  0.0  0.0  0.0  0.0  0.0  0.0  0.0  0.0  0.0  0.0  0.0
  0.0  0.0  0.0  3.8  0.0  1.9  0.6  0.0  0.0  0.0  0.0  0.0  0.0  0.0  0.6
  0.0  0.6  0.9  0.0  0.0  0.0  0.0  0.0  0.0  0.3  0.0  0.0  1.3  0.6  0.0
  6.3  0.0  0.0  6.3  2.2  0.0  2.5  1.9  0.0  0.0  0.0  0.0  0.0  0.0  0.0
  0.0  0.6  0.0  0.0  0.0  0.0  0.0 12.0  1.6  0.3  8.5 32.5  3.2  5.0  8.5
  0.6  1.3  1.9  1.6  0.3  0.3  0.6 43.9 18.6 20.2  0.9  8.5  8.8  8.5  0.0
     -2.20      5.01     -3.13     -2.86      0.64  0.0  0.0  0.0  0.0  0.0
                                4000_story_2926_llm_free.txt 35.5  4.5 3633
 10.7  4.4  8.0 41.8  9.4  1.1  4.4  0.3 13.5 19.8  0.8  1.7  0.0  6.3  0.3
  0.8  1.4  5.8  6.1  0.3  0.8274.4 77.3 30.6120.8 55.3 13.5 12.1  0.0  0.8
  0.0  3.3 26.1  8.8 12.9 32.8  6.6  3.9  1.9  1.1  2.8  1.1  4.4  2.2  0.0
  3.3  5.0  0.6  1.4  3.3 12.4 17.1  5.5  1.7  0.8 64.7 78.2  1.7175.1  8.0
  1.7  0.0  0.0  0.0  0.0  0.0  0.0  0.0  0.0  0.0  0.0  0.0  0.0  0.0  0.0
  0.0  0.0  0.0  2.2  0.8  1.7  0.8  0.0  0.0  0.3  0.0  0.0  0.0  0.0  0.6
  0.0  2.2  0.3  0.3  0.0  0.0  0.0  0.3  0.0  0.0  0.3  0.3  2.5  1.1  0.0
  5.5  0.3  0.0  5.8  3.3  0.3  3.6  4.1  0.0  0.0  0.0  0.0  0.0  0.0  0.0
  0.3  0.6  0.0  0.0  0.0  0.0  0.0 10.7  5.2  1.9  9.1 35.0  7.7  5.5 11.8
  1.1  1.1  1.1  3.0  0.0  1.7  0.3 39.6 19.3 15.4  1.7  8.5 12.9  9.4  0.0
     -2.86      5.54     -3.76     -2.81      0.53  0.0  0.0  0.3  0.0  0.0
                                4000_story_2927_llm_free.txt 36.8  4.3 3799
 19.7  5.8  8.4 51.1 18.7  1.3  4.2  0.8 23.4 15.5  0.3  1.6  0.3  3.2  0.3
  0.0  1.1  6.1 10.5  1.1  1.1251.1 78.2 31.1115.0 58.7 13.2 10.3  0.5  0.5
  0.0  2.9 11.3  6.8 11.1 31.1  5.3  8.2  2.6  2.6  1.8  2.4  2.6  6.8  0.3
  5.3  3.9  1.3  1.3  4.7 16.1 21.6 12.4  2.1  1.1 63.2100.8  2.4184.3  6.3
  1.3  0.5  0.0  0.0  0.0  0.0  0.0  0.0  0.0  0.0  0.0  0.0  0.0  0.0  0.0
  0.0  0.0  0.0  2.9  0.3  3.7  0.8  0.8  0.0  0.0  0.0  0.0  0.0  0.0  0.5
  0.5  0.8  0.5  0.5  0.0  0.0  0.3  0.0  0.0  0.0  0.0  0.3  2.9  0.5  0.0
  7.6  0.8  0.0  8.4  2.9  0.3  3.2  3.7  0.0  0.0  0.0  0.0  0.0  0.0  0.0
  0.5  0.8  0.5  0.0  0.0  0.0  0.0  9.5  1.6  0.8  5.8 30.5  4.2  6.3 10.5
  2.4  1.3  2.1  3.9  0.0  0.3  0.0 40.5 17.6 25.8  1.3  6.8 14.0  7.9  0.0
     -0.15      5.10     -3.57     -0.79      0.96  0.3  0.0  0.0  0.0  0.0
                                4000_story_2929_llm_free.txt 37.0  4.3 3664
 15.3  4.9  6.6 41.8 12.8  1.6  2.5  0.8 18.3 19.7  0.3  1.6  0.3  6.0  1.9
  0.8  1.6  4.6  9.3  1.1  0.8257.9 87.1 29.5133.5 68.5 11.2 10.9  0.0  0.8
  0.0  1.6 14.7  7.4 10.1 24.0  6.0  2.2  2.7  1.6  1.6  0.5  2.5  5.5  0.5
  3.0  5.2  0.5  2.7  4.6  8.5 19.4  9.0  2.7  0.8 58.7 99.6  2.2188.3  6.6
  1.6  0.0  0.0  0.0  0.0  0.0  0.0  0.0  0.0  0.0  0.0  0.0  0.0  0.0  0.0
  0.0  0.0  0.0  2.2  0.8  2.5  0.8  0.0  0.0  0.0  0.0  0.0  0.0  0.0  0.5
  0.0  1.9  0.8  0.8  0.0  0.0  0.0  0.0  0.0  0.3  0.0  0.0  1.4  1.1  0.0
  6.3  0.0  0.0  6.3  4.1  0.0  4.4  2.5  0.0  0.0  0.0  0.0  0.0  0.0  0.0
  0.0  0.0  0.0  0.0  0.0  0.0  0.0 11.7  1.1  1.1  4.9 31.4  3.3  9.8 14.5
  1.9  2.5  0.0  3.5  0.3  0.8  0.0 43.7 19.7 19.4  1.9  8.7 10.1 10.6  0.0
      1.30      5.88     -3.43     -3.46      0.12  0.5  0.0  0.0  0.0  0.0
                                4000_story_2933_llm_free.txt 36.5  4.4 3069
 22.5  9.8  5.2 48.6  9.4  2.0  3.3  0.7 15.0 21.8  0.0  1.0  0.0  4.9  1.6
  0.3  2.9  6.2  6.5  1.3  0.3258.4 87.7 26.1122.5 67.4 16.6 15.3  0.0  0.3
  0.3  1.3 25.7  8.5 22.5 26.7  4.2  3.6  2.6  1.6  1.6  2.6  2.6  6.5  0.0
  6.5  3.6  0.7  2.0  3.9 11.4 14.0 13.0  4.2  0.7 52.8 91.9  3.9186.1  5.2
  2.0  0.0  0.0  0.0  0.0  0.0  0.0  0.0  0.0  0.0  0.0  0.0  0.0  0.0  0.0
  0.0  0.0  0.0  4.6  0.7  3.3  2.3  0.0  0.0  0.0  0.0  0.0  0.0  0.3  0.7
  0.0  0.3  0.7  0.7  0.0  0.0  0.0  0.0  0.0  0.0  0.0  0.3  2.6  2.0  0.0
 10.8  0.0  0.3 11.1  2.3  0.0  2.3  4.9  0.0  0.0  0.0  0.0  0.0  0.0  0.0
  0.3  0.3  0.0  0.0  0.0  0.0  0.0  7.5  1.3  0.3  8.1 34.5  2.9  4.2 19.6
  2.3  1.3  2.0  4.2  0.0  1.3  0.0 33.6 22.2 27.0  1.3  9.8 12.7 11.1  0.0
      3.89      7.33     -6.85     -2.35      1.09  0.0  0.0  0.0  0.3  0.0
                                4000_story_2934_llm_free.txt 37.0  4.5 3536
 17.5  3.7  5.7 45.5 13.3  2.0  4.0  3.7 12.4 16.4  0.3  0.3  0.6  7.1  0.0
  0.0  1.1  4.5 10.5  0.6  0.3270.6 89.9 39.9112.3 56.8 10.7  8.8  0.3  1.7
  0.3  0.8 23.2  4.5 10.5 30.8  7.6  5.9  1.7  1.4  2.3  2.0  2.3  5.7  0.6
  5.1  3.1  0.6  3.7  3.1 12.7 16.1 11.3  1.7  2.3 63.9 82.6  0.8177.9  5.9
  1.4  0.0  0.0  0.0  0.0  0.0  0.0  0.0  0.0  0.0  0.0  0.0  0.0  0.0  0.0
  0.0  0.0  0.0  0.8  0.0  2.5  2.0  0.0  0.0  0.0  0.0  0.0  0.0  0.3  0.0
  0.3  0.8  1.4  0.0  0.0  0.0  0.0  0.0  0.0  0.6  0.3  0.0  1.4  1.1  0.0
  5.4  0.0  0.3  5.7  2.5  0.0  3.1  2.8  0.0  0.0  0.0  0.0  0.0  0.0  0.0
  0.3  0.6  0.0  0.0  0.0  0.0  0.0 14.4  4.0  2.5  8.8 26.0  1.7 16.4 15.6
  0.8  1.4  2.5  4.5  0.0  0.6  0.6 33.7 15.8 20.9  2.3 11.9 14.1 10.2  0.0
     -2.97      4.18     -1.95     -2.13      0.72  0.3  0.0  0.0  0.3  0.0
                                4000_story_2935_llm_free.txt 34.3  4.4 3405
 15.0  4.4  9.1 37.3 13.2  0.9  0.9  0.9 13.2 23.5  0.3  2.3  0.0  7.0  0.9
  0.3  0.9  3.5  7.6  0.3  2.3258.1 86.6 34.4130.1 61.1 12.9  9.7  0.0  0.3
  0.0  1.8 18.8  5.0 14.4 30.5  5.3  2.3  3.2  1.5  2.1  1.5  2.3  4.4  0.0
  4.1  3.8  2.6  2.9  2.9  7.9 17.0  8.5  1.2  0.3 59.6 87.5  0.6182.1  6.5
  1.2  0.0  0.0  0.0  0.0  0.0  0.0  0.0  0.0  0.0  0.0  0.0  0.0  0.0  0.0
  0.0  0.0  0.0  2.3  0.6  2.9  0.9  0.0  0.0  0.0  0.0  0.0  0.0  0.0  0.6
  0.6  1.2  0.3  0.9  0.0  0.0  0.0  0.0  0.0  0.0  0.3  0.0  1.2  0.6  0.0
  6.8  0.0  0.0  6.8  3.5  0.0  3.5  2.1  0.0  0.0  0.0  0.0  0.0  0.0  0.0
  0.0  0.3  0.0  0.0  0.0  0.0  0.0 20.3  0.9  1.5  7.0 34.4  3.8  5.9  6.5
  5.6  2.3  1.5  4.1  0.6  1.2  0.3 41.7 17.6 16.7  1.2  5.6 11.5  8.8  0.0
     -1.75      5.55     -4.32     -2.77     -0.16  0.3  0.0  0.3  0.0  0.0
                                4000_story_2936_llm_free.txt 32.8  4.5 3695
 22.2  5.4  6.8 40.3 12.2  2.2  2.2  0.8 15.4 24.1  0.8  1.1  1.4  6.5  0.5
  0.3  2.7  5.7  9.7  1.6  1.1264.1 84.2 29.8123.1 53.0 13.3 12.4  0.0  1.4
  0.0  1.6 27.1  7.8 17.3 29.5  3.5  1.6  2.7  1.6  1.6  1.4  2.7  3.0  0.0
  5.4  5.7  2.2  3.2  4.1  8.9 19.8  8.4  4.3  1.4 59.0 80.6  1.4168.1  6.8
  1.1  0.0  0.0  0.0  0.0  0.0  0.0  0.0  0.0  0.0  0.0  0.0  0.0  0.0  0.0
  0.0  0.0  0.0  2.7  0.8  3.5  1.1  0.0  0.0  0.0  0.0  0.0  0.0  0.0  0.3
  0.0  0.3  0.0  0.8  0.0  0.0  0.0  0.0  0.0  0.0  0.0  0.0  1.9  1.4  0.0
  8.1  0.0  0.0  8.1  1.4  0.0  1.4  3.2  0.0  0.0  0.0  0.0  0.0  0.0  0.0
  0.0  0.5  0.0  0.0  0.0  0.0  0.0 10.8  2.7  0.8  8.7 20.8  6.8  4.9 11.1
  1.4  1.1  3.0  3.0  0.0  0.8  0.0 31.1 24.4 26.0  1.4  4.3 11.6  6.0  0.0
      4.11      5.54     -4.88     -3.29      0.26  1.1  0.3  0.0  0.0  0.0
                                4000_story_2937_llm_free.txt 36.8  4.4 3356
 22.9  5.1  5.7 47.4  8.6  0.6  4.2  1.8 15.8 17.3  0.3  1.5  0.3  6.3  0.9
  1.2  2.1  6.9  8.3  0.6  1.2258.6 79.6 33.4113.2 57.2 13.1  8.0  0.0  1.5
  0.3  0.6 22.3  9.5  9.8 35.2  4.5  3.9  2.7  2.1  3.0  2.1  2.7  7.2  1.2
  5.7  4.2  1.2  2.7  4.8 13.7 16.7 14.0  2.7  1.8 62.0 81.6  2.1175.8  6.6
  1.2  0.0  0.0  0.0  0.0  0.0  0.0  0.0  0.0  0.0  0.0  0.0  0.0  0.0  0.0
  0.0  0.0  0.0  1.8  1.5  2.4  1.2  0.0  0.0  0.0  0.0  0.0  0.0  0.0  0.3
  1.2  0.9  0.3  0.0  0.0  0.3  0.0  0.0  0.0  0.6  0.0  0.3  3.9  0.9  0.0
  6.9  0.0  0.0  6.9  2.7  0.3  3.6  5.1  0.0  0.0  0.0  0.0  0.0  0.0  0.0
  0.0  0.9  0.0  0.0  0.0  0.0  0.0 18.8  3.3  3.9 10.4 29.2  2.4  9.8 11.9
  1.5  1.5  2.4  1.5  0.3  0.9  0.0 34.6 16.4 25.3  2.1  9.8 13.1  9.2  0.0
      1.84      4.55     -3.85     -1.62      1.88  0.0  0.6  0.0  0.0  0.0
                                4000_story_2938_llm_free.txt 36.5  4.7 3126
 12.8  2.6  2.6 39.7  4.8  1.0  3.5  1.3  3.8 21.1  2.6  0.6  0.6  5.1  0.3
  0.6  1.3  5.8  7.4  1.3  1.0292.4 86.4 39.3115.2 45.1 14.7  9.6  0.3  0.6
  0.0  0.6 28.8  8.0 16.0 27.8  5.4  3.8  2.2  2.2  3.2  1.9  2.2  5.1  0.6
  5.1  4.8  0.6  1.6  5.1 12.8 15.7 10.9  2.6  1.0 71.3 53.7  1.9170.8  6.7
  0.3  0.3  0.0  0.0  0.0  0.0  0.0  0.0  0.0  0.0  0.0  0.0  0.0  0.0  0.0
  0.0  0.0  0.0  0.6  0.3  1.3  1.0  0.0  0.3  0.0  0.0  0.0  0.0  0.0  0.3
  0.0  1.3  1.0  0.0  0.3  0.0  0.0  0.0  0.0  0.6  0.3  0.0  1.6  0.3  0.0
  3.2  0.3  0.0  3.5  2.6  0.3  3.5  2.2  0.0  0.0  0.0  0.0  0.0  0.0  0.0
  0.3  1.0  0.0  0.0  0.0  0.0  0.0  5.1  1.6  2.6  4.2 39.3  3.8  9.0 15.4
  1.6  0.6  3.2  5.1  0.0  0.3  0.3 30.1 16.3 19.2  1.6  5.8  9.3  6.7  0.0
     -5.23      4.67     -4.85     -1.66      0.69  0.6  0.0  0.3  0.0  0.0
                                4000_story_2939_llm_free.txt 34.8  4.6 3208
  9.0  2.8  2.8 38.7  7.8  0.6  3.1  0.6  6.2 19.6  0.0  0.3  0.9  4.7  0.0
  0.3  1.2  3.1 10.6  0.0  1.6286.5 94.1 39.6111.3 44.6 10.0  5.6  0.0  0.3
  0.0  1.9 20.6  7.8 16.8 31.2  4.7  0.6  2.2  1.6  0.9  1.2  3.4  4.4  0.3
  4.7  4.4  0.6  2.2  3.7  4.7 18.7  9.4  1.2  0.3 69.5 58.6  2.5163.0  3.4
  2.2  0.0  0.0  0.0  0.0  0.0  0.0  0.0  0.0  0.0  0.0  0.0  0.0  0.0  0.0
  0.0  0.0  0.0  0.3  0.3  2.2  0.9  0.0  0.0  0.0  0.0  0.0  0.0  0.0  0.6
  0.3  0.0  0.3  0.3  0.0  0.0  0.0  0.0  0.0  0.0  0.0  0.0  2.5  0.9  0.0
  3.7  0.0  0.0  3.7  1.6  0.0  1.6  3.4  0.0  0.0  0.0  0.0  0.0  0.0  0.0
  0.0  0.0  0.0  0.0  0.0  0.0  0.0  6.9  3.1  0.3  8.4 41.8  5.6 10.3 21.5
  5.9  1.6  0.9  6.9  0.6  0.6  0.0 33.4 10.6 12.5  1.2  8.1 13.1 11.2  0.0
     -7.79      2.87     -5.70     -4.10      0.93  0.3  0.0  0.0  0.0  0.0
                                4000_story_2940_llm_free.txt 35.3  4.5 3043
 12.5  6.6  8.5 35.8  8.2  0.3  2.0  1.3 11.8 20.0  0.3  0.3  0.7  7.2  0.3
  0.0  0.7  1.6  6.9  0.3  1.3284.9 89.1 31.5117.6 49.6 14.8 12.2  0.3  0.3
  0.0  0.3 17.7  7.2 15.8 30.2  4.6  2.6  0.3  1.6  3.0  0.3  3.6  3.9  0.0
  3.3  4.6  0.3  3.3  3.3  7.2 13.8  7.2  1.0  0.7 73.0 69.7  2.6166.9  5.6
  1.3  0.0  0.0  0.0  0.0  0.0  0.0  0.0  0.0  0.0  0.0  0.0  0.0  0.0  0.0
  0.0  0.0  0.0  3.3  0.7  2.0  1.3  0.0  0.0  0.0  0.0  0.0  0.0  0.0  0.0
  0.0  1.6  0.0  0.0  0.0  0.0  0.0  0.0  0.0  0.3  0.0  0.3  2.3  0.7  0.0
  7.2  0.0  0.0  7.2  1.6  0.0  2.0  3.3  0.0  0.0  0.0  0.0  0.0  0.0  0.0
  0.3  0.7  0.0  0.0  0.0  0.0  0.0  9.9  2.3  0.0  6.6 23.7  7.9  3.9  9.2
  0.0  2.0  2.6  2.3  0.0  0.3  0.3 34.8 16.4 15.8  0.3  7.9 12.5  7.6  0.0
     -5.94      5.44     -5.74     -3.59      0.29  0.0  0.0  0.0  0.0  0.0
                                4000_story_2941_llm_free.txt 37.0  4.6 3341
 12.6  5.7  2.7 23.3  3.0  0.9  1.5  0.9  5.7 16.2  0.3  0.6  0.3  2.4  0.6
  0.3  0.9  3.6  9.0  0.0  1.8286.4 94.0 39.2121.8 52.7 13.8  6.9  0.3  1.5
  0.0  2.7 32.9 10.2 19.2 29.0  4.8  2.1  0.6  0.3  1.5  0.9  1.5  7.2  0.9
  2.7  5.7  0.3  3.6  2.4  7.2 18.3 10.8  0.9  1.8 67.3 61.4  0.9161.6  9.9
  1.5  0.0  0.0  0.0  0.0  0.0  0.0  0.0  0.0  0.0  0.0  0.0  0.0  0.0  0.0
  0.0  0.0  0.0  3.0  0.0  2.7  0.3  0.0  0.0  0.0  0.0  0.0  0.0  0.0  0.6
  0.0  0.6  1.2  0.6  0.0  0.0  0.0  0.3  0.0  0.0  0.3  0.0  0.9  0.0  0.0
  6.0  0.0  0.0  6.0  3.0  0.3  3.3  1.2  0.0  0.0  0.0  0.0  0.0  0.0  0.0
  0.3  0.6  0.0  0.0  0.0  0.0  0.0  7.5  2.4  0.3  6.0 29.6  6.9  4.2  8.4
  0.6  1.5  0.9  3.0  0.0  0.9  0.0 34.1 12.0 16.2  1.2  7.2 14.7  7.5  0.0
     -9.81      4.54     -5.01     -4.71     -0.04  0.0  0.0  0.3  0.3  0.0
                                4000_story_2943_llm_free.txt 35.0  4.6 3059
 20.3  7.8  5.9 43.8  7.8  1.0  2.9  0.3  8.8 17.3  0.0  1.6  0.3  7.2  0.7
  0.3  2.6  4.9  9.5  0.3  1.6270.7 78.8 25.8120.3 61.1 13.1  9.2  0.0  1.0
  0.0  1.3 22.6  7.8 15.0 28.1  5.2  7.2  1.6  2.6  1.0  1.6  2.0  2.9  0.7
  4.9  7.2  1.3  2.0  4.2 13.1 22.2  8.5  2.9  1.0 59.8 77.8  1.3179.1  7.5
  1.3  0.3  0.0  0.0  0.0  0.0  0.0  0.0  0.0  0.0  0.0  0.0  0.0  0.0  0.0
  0.0  0.0  0.0  2.9  1.6  3.9  1.3  0.3  0.3  0.0  0.0  0.0  0.0  0.0  1.0
  0.3  0.3  0.3  0.3  0.0  0.7  0.0  0.3  0.0  0.3  0.0  0.0  1.6  2.0  0.0
  9.8  0.7  0.0 10.5  2.3  1.0  3.6  3.6  0.0  0.0  0.0  0.0  0.0  0.0  0.0
  0.3  0.0  0.0  0.0  0.0  0.0  0.0 11.4  3.6  2.0  5.9 26.5  8.2  4.6 10.8
  0.7  1.3  2.0  2.6  0.0  1.3  0.0 36.3 16.7 19.9  3.9 11.8 13.1 10.1  0.0
      1.57      5.16     -4.75     -2.06      0.13  0.0  0.0  0.3  0.0  0.0
                                4000_story_2944_llm_free.txt 35.3  4.5 3409
 14.4  5.6  5.3 35.5  5.9  0.6  1.2  0.3 12.6 19.4  0.6  0.3  0.3  5.3  0.3
  0.3  2.3  2.9  7.6  0.6  1.5276.6 90.9 34.9129.4 58.1 15.0  9.4  0.0  0.3
  0.3  1.8 20.2  8.2 19.4 29.6  2.3  3.5  2.3  1.8  2.1  0.6  2.6  4.4  0.0
  5.0  4.1  0.6  1.8  2.6  8.5 15.5  9.4  2.9  0.6 63.7 76.6  1.2177.8  9.4
  1.2  0.0  0.0  0.0  0.0  0.0  0.0  0.0  0.0  0.0  0.0  0.0  0.0  0.0  0.0
  0.0  0.0  0.0  2.9  0.6  2.3  1.5  0.0  0.0  0.0  0.0  0.0  0.0  0.0  0.3
  0.3  0.3  0.0  0.3  0.0  0.0  0.0  0.0  0.0  0.3  0.0  0.0  1.8  0.3  0.0
  7.3  0.0  0.0  7.3  1.2  0.0  1.5  2.1  0.0  0.0  0.0  0.0  0.0  0.0  0.0
  0.0  0.3  0.0  0.0  0.0  0.0  0.0 11.4  2.6  0.9  6.7 26.7  6.5  4.1  9.7
  0.6  2.1  3.5  3.2  0.0  1.2  0.3 41.9 18.2 16.7  1.8  7.3 11.7  8.2  0.0
     -4.10      5.72     -6.28     -3.00      0.30  0.9  0.3  0.0  0.0  0.0
                                4000_story_2945_llm_free.txt 39.3  4.3 3251
 19.7  4.0 10.2 46.1 11.1  0.3  2.5  0.3 19.1 22.1  0.6  2.5  0.3  5.2  0.3
  0.0  0.6  5.5 10.8  0.9  0.3249.8 87.4 25.2128.6 68.6 12.9  9.8  0.3  1.2
  0.0  2.2 16.3  7.7 13.5 25.5  6.5  7.1  3.4  3.4  0.9  1.2  1.8  3.4  0.6
  5.5  6.8  1.2  1.5  5.5 13.5 25.5  9.5  1.5  1.5 57.5 98.7  1.5188.9  5.5
  0.6  0.0  0.0  0.0  0.0  0.0  0.0  0.0  0.0  0.0  0.0  0.0  0.0  0.0  0.0
  0.0  0.0  0.0  2.5  0.0  3.4  1.2  0.0  0.0  0.0  0.0  0.0  0.0  0.0  0.3
  0.0  1.2  0.6  0.6  0.0  0.0  0.0  0.3  0.0  0.0  0.0  0.0  1.2  0.9  0.0
  7.1  0.0  0.0  7.1  2.8  0.3  3.1  2.2  0.0  0.0  0.0  0.0  0.0  0.0  0.0
  0.0  0.3  0.0  0.0  0.0  0.0  0.0 10.8  2.2  2.2  8.0 24.9  1.5 12.9 12.3
  4.6  1.2  2.2  2.2  0.3  0.3  0.0 40.6 16.9 24.3  3.1  9.5 13.8 10.5  0.0
     -0.82      5.86     -3.93     -1.36      0.30  0.3  0.3  0.0  0.0  0.0
                                4000_story_2946_llm_free.txt 35.5  4.5 3019
 18.9  6.0  7.9 37.8  8.3  1.0  1.0  1.0 13.6 19.9  0.3  2.3  0.3  5.0  0.3
  0.7  0.3  5.3  9.6  0.7  0.3266.0 85.5 33.1118.9 65.3 16.9 11.3  0.0  0.0
  0.0  0.3 21.9  5.3 13.2 32.1  8.3  2.3  1.0  2.6  1.7  4.3  2.6  6.3  0.0
  5.0  7.0  1.3  2.6  4.3  9.3 21.9 11.3  1.0  0.0 63.9 87.1  0.3179.9  9.6
  0.7  0.0  0.0  0.0  0.0  0.0  0.0  0.0  0.0  0.0  0.0  0.0  0.0  0.0  0.0
  0.0  0.0  0.0  2.0  0.7  4.6  0.7  0.0  0.0  0.0  0.0  0.0  0.0  0.0  1.3
  0.7  1.0  1.7  0.7  0.0  0.0  0.0  0.0  0.0  0.3  0.3  0.3  2.3  0.3  0.0
  7.9  0.0  0.0  7.9  5.3  0.0  5.6  3.3  0.0  0.0  0.0  0.0  0.0  0.0  0.0
  0.0  0.3  0.0  0.0  0.0  0.0  0.0 11.3  2.6  1.7  6.3 39.1  4.3  7.0 12.6
  5.6  2.6  4.6  0.7  0.0  1.3  0.3 35.8 17.6 24.2  1.3  9.9 15.9  9.6  0.0
     -3.67      6.42     -4.62     -2.02      0.59  1.3  0.0  0.0  0.0  0.0
                                4000_story_2950_llm_free.txt 35.8  4.5 2866
 19.5  4.5  9.8 37.0  9.4  0.7  1.7  0.7 11.9 19.5  0.0  0.3  0.0  4.5  0.3
  0.3  1.4  3.8 10.8  1.0  0.3279.1 88.6 41.9123.2 58.3 11.2  9.1  1.0  0.3
  0.0  2.1 23.7  7.0 18.8 28.6  3.1  1.0  1.7  0.7  1.0  1.4  2.1  3.5  0.7
  3.8  4.2  1.0  4.2  2.4  5.9 18.1  8.0  2.4  1.4 71.2 79.6  1.7176.6  7.3
  1.4  0.0  0.0  0.0  0.0  0.0  0.0  0.0  0.0  0.0  0.0  0.0  0.0  0.0  0.0
  0.0  0.0  0.0  0.7  0.0  4.2  1.0  0.3  0.0  0.0  0.0  0.0  0.0  0.0  0.0
  0.0  1.7  0.3  0.3  0.0  0.0  0.3  0.0  0.0  0.0  0.3  0.0  2.1  1.0  0.0
  5.9  0.3  0.0  6.3  2.4  0.3  2.8  3.5  0.0  0.0  0.0  0.0  0.0  0.0  0.0
  0.0  0.0  0.0  0.0  0.0  0.0  0.0 16.7  1.0  1.7  7.7 27.6  4.9  4.2 24.4
  4.5  0.7  1.7  6.6  0.0  1.0  0.0 37.3 14.7 20.9  1.0  6.3 10.5  8.7  0.0
     -4.61      4.74     -4.97     -4.42     -0.01  0.0  0.0  0.0  0.0  0.0
                                4000_story_2965_llm_free.txt 36.3  4.6 3223
 12.1  1.9  5.6 31.0  6.5  0.0  0.9  0.3  6.8 20.2  0.0  0.6  0.3  4.0  0.9
  0.0  0.6  3.4 12.4  0.3  2.5290.1 88.1 36.9113.2 35.4 15.8  5.3  0.0  0.3
  0.0  2.2 18.3  8.7 19.9 29.8  5.0  0.9  0.3  0.3  0.9  1.6  3.7  4.7  0.6
  4.3  7.1  0.6  1.9  4.7  5.3 22.6  9.6  0.9  0.3 71.7 48.7  0.6160.7  5.9
  0.9  0.0  0.0  0.0  0.0  0.0  0.0  0.0  0.0  0.0  0.0  0.0  0.0  0.0  0.0
  0.0  0.0  0.0  0.9  0.6  1.2  0.6  0.0  0.0  0.0  0.0  0.0  0.0  0.0  0.3
  0.3  0.3  0.3  0.6  0.0  0.3  0.0  0.0  0.0  0.6  0.0  0.0  1.2  0.3  0.0
  3.4  0.0  0.0  3.4  1.9  0.3  2.8  1.6  0.0  0.0  0.0  0.0  0.0  0.0  0.0
  0.3  0.6  0.0  0.0  0.0  0.0  0.0  3.7  2.8  0.0 13.0 37.2  5.9  5.9  9.3
  0.3  2.5  1.6  6.8  0.0  0.9  0.3 39.7 10.2 14.9  1.2  6.8 11.2  7.1  0.0
     -8.02      3.59     -6.81     -5.08      1.28  0.0  0.3  0.0  0.0  0.0
                                4000_story_2968_llm_free.txt 37.5  4.6 3443
 13.9  3.5  2.0 36.6  6.1  0.9  2.6  1.2  7.8 14.2  0.3  0.9  0.6  6.4  0.3
  0.0  1.7  3.5  9.6  0.6  0.9292.8 82.8 38.0123.7 56.9 12.2 13.7  0.9  1.2
  0.3  0.9 28.5  8.1 12.8 30.5  3.8  2.6  3.5  2.3  0.3  1.7  2.3  6.4  1.2
  7.3  5.5  1.7  1.5  5.5  6.4 19.2 14.8  2.3  2.3 65.9 70.9  0.9172.2  2.6
  2.0  0.0  0.0  0.0  0.0  0.0  0.0  0.0  0.0  0.0  0.0  0.0  0.0  0.0  0.0
  0.0  0.0  0.0  1.7  0.6  1.7  1.5  0.0  0.0  0.0  0.0  0.0  0.0  0.0  0.6
  0.3  0.9  0.6  0.3  0.0  0.0  0.0  0.0  0.0  0.3  0.0  0.0  1.7  0.6  0.0
  5.5  0.0  0.0  5.5  2.6  0.0  2.9  2.3  0.0  0.0  0.0  0.0  0.0  0.0  0.0
  0.3  0.3  0.0  0.0  0.0  0.0  0.0 10.7  2.6  1.7  8.7 32.2  6.1  6.7 17.4
  2.6  1.7  3.8  2.3  0.3  0.3  0.6 34.0 20.0 16.8  1.7  7.3 10.5  8.4  0.0
     -5.41      5.75     -3.18     -2.97      2.03  0.6  0.0  0.0  0.0  0.0
                                4000_story_2979_llm_free.txt 34.5  4.6 3523
 17.0  3.1  5.4 50.5  5.1  1.1  3.7  0.6 10.5 21.3  0.9  0.9  0.9  5.7  0.3
  0.3  2.0  5.1  9.4  1.4  2.3279.9 81.5 40.0110.7 43.4 12.2 11.1  0.3  0.9
  0.0  1.4 23.0  7.4 15.6 28.7  4.8  0.9  3.7  2.8  1.4  2.3  2.3  3.7  0.3
  4.8  5.7  0.6  4.0  2.8  7.4 20.2  8.8  3.4  1.1 66.4 59.0  1.4176.6  7.9
  1.7  0.0  0.0  0.0  0.0  0.0  0.0  0.0  0.0  0.0  0.0  0.0  0.0  0.0  0.0
  0.0  0.0  0.0  0.9  0.0  2.0  0.0  0.0  0.0  0.0  0.0  0.0  0.0  0.0  0.6
  0.3  0.3  0.9  0.0  0.0  0.0  0.0  0.0  0.0  0.0  0.0  0.0  1.1  0.6  0.0
  2.8  0.0  0.0  2.8  2.0  0.0  2.0  1.7  0.0  0.0  0.0  0.0  0.0  0.0  0.0
  0.0  0.0  0.0  0.0  0.0  0.0  0.0 10.2  1.1  2.8  5.7 27.8  5.7  3.4 12.8
  2.8  2.8  2.0  2.0  0.0  1.1  0.3 30.7 22.4 19.0  1.7  7.9 13.1  8.8  0.0
     -1.18      4.24     -4.64     -2.34      0.13  0.0  0.0  0.0  0.0  0.0
                                4000_story_2980_llm_free.txt 33.3  4.6 3266
 14.4  2.8  4.9 43.8 10.7  1.5  2.4  1.2 10.1 22.4  0.9  0.9  1.2  4.6  0.3
  0.3  1.5  4.3  8.0  0.6  1.2273.1 92.2 33.1115.7 46.5  9.8  8.0  0.3  0.9
  0.0  1.2 27.9  8.3 16.8 30.0  5.5  5.5  3.7  0.9  1.5  2.1  1.8  3.1  0.3
  4.9  3.4  0.9  1.8  3.4 11.3 14.4  8.3  2.1  1.2 63.1 67.4  2.8176.4  7.3
  1.5  0.0  0.0  0.0  0.0  0.0  0.0  0.0  0.0  0.0  0.0  0.0  0.0  0.0  0.0
  0.0  0.0  0.0  0.6  0.6  0.9  2.1  0.0  0.0  0.0  0.0  0.0  0.0  0.0  0.0
  0.3  0.9  0.0  0.9  0.0  0.0  0.0  0.0  0.0  0.0  0.0  0.0  2.1  1.8  0.0
  4.3  0.0  0.0  4.3  2.1  0.0  2.1  4.0  0.0  0.0  0.0  0.0  0.0  0.0  0.0
  0.0  0.3  0.0  0.0  0.0  0.0  0.0  5.2  5.2  0.9 16.5 37.0  3.4  6.1 12.9
  0.3  1.2  2.8  4.3  0.0  0.6  0.3 35.8 14.7 18.1  0.9 10.1 14.1  7.7  0.0
     -3.80      3.51     -5.02     -2.10     -0.20  0.3  0.0  0.0  0.0  0.0
                                4000_story_3020_llm_free.txt 34.3  4.5 3379
 17.2  5.0  4.1 43.2 13.9  0.3  2.1  0.9  9.2 18.9  0.6  0.9  0.0  2.4  0.3
  0.3  1.5  3.8 11.5  0.9  3.0272.9 83.5 34.9119.0 54.2 10.9 10.9  0.3  1.8
  0.0  0.6 31.7  6.5 13.3 30.5  7.7  3.3  3.8  2.1  0.9  2.1  2.4  5.0  0.6
  6.8  5.0  1.5  3.0  3.3  8.0 20.1 12.4  2.4  2.1 64.5 77.2  2.1181.7  5.6
  1.8  0.0  0.0  0.0  0.0  0.0  0.0  0.0  0.0  0.0  0.0  0.0  0.0  0.0  0.0
  0.0  0.0  0.0  1.8  1.2  3.6  0.9  0.0  0.0  0.0  0.0  0.0  0.0  0.0  0.3
  0.0  1.5  1.8  0.6  0.0  0.6  0.0  0.0  0.0  0.3  0.0  0.6  1.8  0.6  0.0
  7.4  0.0  0.0  7.4  4.1  0.6  5.0  3.0  0.0  0.0  0.0  0.0  0.0  0.0  0.0
  0.3  0.6  0.0  0.0  0.0  0.0  0.0 10.9  1.5  1.5  6.5 30.2  1.2  3.8 23.4
  8.3  0.3  2.4  4.7  0.0  0.6  0.0 35.5 17.2 21.0  2.1  8.9 14.8  8.9  0.0
     -3.67      4.73     -3.06     -2.40      1.27  0.3  0.0  0.0  0.0  0.0
                                4000_story_3027_llm_free.txt 32.0  4.4 3387
 19.2  7.1  3.5 43.7 12.7  0.3  2.4  1.2 11.8 14.2  0.3  1.2  0.3  5.6  0.3
  0.3  1.5  5.3 13.9  1.5  1.8264.5 83.6 24.2119.0 56.7 16.2  9.7  1.5  1.8
  0.3  1.2 16.5  9.2 19.5 34.5  8.0  5.3  2.1  1.8  0.9  3.5  3.2  8.0  0.6
  4.1  6.2  0.9  4.7  2.7 11.5 24.2 12.7  3.0  3.5 48.4 81.2  2.7181.0  3.5
  3.0  0.3  0.0  0.0  0.0  0.0  0.0  0.0  0.0  0.0  0.0  0.0  0.0  0.0  0.0
  0.0  0.0  0.0  4.4  0.3  3.0  1.5  0.3  0.0  0.0  0.0  0.0  0.0  0.0  1.2
  0.6  1.8  1.2  0.6  0.0  0.0  0.0  0.0  0.0  0.0  0.0  0.3  3.8  1.2  0.0
  9.2  0.3  0.0  9.4  5.3  0.0  5.3  5.3  0.0  0.0  0.0  0.0  0.0  0.0  0.0
  0.6  0.9  0.0  0.0  0.0  0.0  0.0 14.2  1.2  0.0  6.8 40.2  4.7  5.3 16.8
  5.9  0.9  3.5  3.0  0.0  0.6  0.0 46.6 17.7 23.6  0.0  7.4 12.1  6.2  0.0
      0.51      5.63     -5.73     -2.03      1.40  0.0  0.0  0.0  0.3  0.0
                                4000_story_3031_llm_free.txt 37.0  4.6 3240
 18.5  6.2  7.7 49.1 12.0  1.2  2.2  1.2 14.2 24.4  1.2  0.9  0.6  7.4  0.9
  0.3  1.2  6.2  6.8  0.0  2.8262.0 79.0 27.5125.3 60.5 12.3 13.0  0.6  0.3
  0.0  1.2 20.7  8.0 16.0 35.8  6.8  3.1  2.8  3.1  2.2  3.1  4.3  6.5  0.3
  5.2  7.4  1.5  2.5  4.0 11.4 19.4 12.0  1.2  0.9 54.9 86.7  2.5191.0  7.1
  0.9  0.0  0.0  0.0  0.0  0.0  0.0  0.0  0.0  0.0  0.0  0.0  0.0  0.0  0.0
  0.0  0.0  0.0  2.5  1.2  2.8  2.8  0.0  0.0  0.0  0.0  0.0  0.0  0.0  0.3
  0.3  2.5  0.6  0.6  0.0  0.0  0.0  0.0  0.0  0.6  0.0  0.0  3.7  0.9  0.0
  9.3  0.0  0.0  9.3  4.3  0.0  4.9  4.6  0.0  0.0  0.0  0.0  0.0  0.0  0.0
  0.0  0.3  0.0  0.0  0.0  0.0  0.0 13.6  4.6  1.9  7.4 31.2  4.0 10.2  7.4
  0.3  0.9  0.6  1.9  0.0  1.2  0.6 39.8 20.1 22.2  3.4  7.4 13.6 11.1  0.0
      0.73      5.86     -5.66     -1.31      1.99  0.0  0.0  0.0  0.0  0.0
                                4000_story_3032_llm_free.txt 33.3  4.4 3045
 13.1  3.0  3.3 30.5  8.9  0.7  3.6  1.3 11.2 21.7  0.0  0.3  0.0  3.9  0.3
  0.3  1.0  2.3  6.6  0.7  1.0270.0 83.7 26.9128.7 60.1 16.4 13.1  0.0  1.3
  0.0  2.3 22.3  7.9 16.1 30.5  6.9  3.0  1.3  1.3  1.0  2.3  2.6  6.6  0.0
  6.6  5.9  1.6  2.0  2.0  6.2 16.4 13.1  1.6  1.3 53.2 80.1  2.3180.6  5.9
  1.6  0.0  0.0  0.0  0.0  0.0  0.0  0.0  0.0  0.0  0.0  0.0  0.0  0.0  0.0
  0.0  0.0  0.0  1.3  0.3  1.0  2.6  0.0  0.0  0.0  0.0  0.0  0.0  0.0  0.7
  0.3  1.3  0.7  1.0  0.0  0.0  0.0  0.0  0.0  0.0  0.0  0.0  2.6  0.0  0.0
  5.3  0.0  0.0  5.3  3.9  0.0  3.9  2.6  0.0  0.0  0.0  0.0  0.0  0.0  0.0
  0.0  0.0  0.0  0.0  0.0  0.0  0.0  8.9  2.0  0.3  5.3 27.6  6.9  6.2 10.5
  1.0  2.0  1.6  3.6  0.0  2.3  0.0 39.1 21.7 16.4  0.7  4.9 11.2  8.9  0.0
     -6.42      6.77     -4.69     -3.49      1.13  0.0  0.0  0.0  0.0  0.0
                                4000_story_3052_llm_free.txt 36.3  4.5 3267
 13.2  3.4  5.5 32.4 11.6  0.6  2.8  0.9  6.4 22.3  0.3  0.6  0.3  8.3  0.6
  0.6  1.2  2.8 11.9  0.6  2.1266.6 89.7 32.1120.0 58.8 12.2  6.4  0.0  1.2
  0.0  1.5 18.7  8.6 15.6 33.1  7.0  3.4  1.5  1.2  0.0  1.5  2.4  4.0  0.0
  5.2  4.9  0.9  2.8  3.7  6.1 20.2  9.2  1.8  1.2 63.1 76.8  1.2174.5  8.6
  1.5  0.0  0.0  0.0  0.0  0.0  0.0  0.0  0.0  0.0  0.0  0.0  0.0  0.0  0.0
  0.0  0.0  0.0  1.8  0.0  1.8  1.5  0.0  0.0  0.0  0.0  0.0  0.0  0.0  0.0
  0.0  1.2  1.2  0.9  0.0  0.0  0.0  0.0  0.0  0.0  0.0  0.0  2.1  0.9  0.0
  5.2  0.0  0.0  5.2  3.4  0.0  3.4  3.1  0.0  0.0  0.0  0.0  0.0  0.0  0.0
  0.0  0.0  0.0  0.0  0.0  0.0  0.0  7.7  1.8  1.8  8.0 37.3  4.9  6.4 12.2
  1.2  0.3  2.1  2.1  0.0  0.3  0.3 34.6 12.9 17.1  2.1  9.5  9.8  8.0  0.0
     -2.07      4.38     -5.47     -4.14      0.19  0.6  0.0  0.0  0.0  0.0
                                4000_story_3054_llm_free.txt 37.3  4.4 3203
 15.9  6.6  6.2 48.4 10.6  0.9  4.7  0.9 16.9 20.3  0.9  1.2  0.6  5.3  0.6
  0.3  2.2  8.4 10.9  0.3  0.9243.2 79.6 34.7118.6 67.4 14.7  7.8  0.0  1.6
  0.0  2.2 24.4 10.3 10.3 35.3  7.5  5.0  3.4  1.2  1.6  2.2  1.6  6.2  0.0
  3.7  4.4  0.9  0.9  3.1 15.0 20.0 10.0  2.5  1.6 74.9 94.9  2.2182.3  4.4
  2.5  0.0  0.0  0.0  0.0  0.0  0.0  0.0  0.0  0.0  0.0  0.0  0.0  0.0  0.0
  0.0  0.0  0.0  4.7  0.9  2.8  1.2  0.0  0.0  0.0  0.0  0.0  0.0  0.0  0.6
  0.9  0.3  0.9  0.6  0.0  0.6  0.0  0.0  0.0  0.0  0.0  0.0  3.1  0.6  0.0
  9.7  0.0  0.0  9.7  3.4  0.6  4.1  3.7  0.0  0.0  0.0  0.0  0.0  0.0  0.0
  0.0  0.0  0.0  0.0  0.0  0.0  0.0  9.7  4.1  1.9  5.6 29.7  3.1 17.8 14.4
  1.2  2.5  1.9  2.2  0.6  1.6  0.3 39.0 15.0 21.5  3.4  8.7  9.4  9.4  0.0
      2.40      5.44     -3.72     -2.12     -0.50  0.0  0.0  0.0  0.0  0.0
                                4000_story_3061_llm_free.txt 34.3  4.5 3497
 18.6  7.7  6.3 38.6 16.0  0.6  1.7  0.3 12.3 19.2  0.3  1.4  0.0  3.7  0.6
  0.6  0.9  4.3 12.0  1.7  2.0255.9 86.1 31.5120.7 72.9 15.2  8.3  0.0  0.3
  0.0  2.3 26.0  8.6 13.2 28.9  6.3  2.3  1.7  0.9  0.9  1.1  5.4  2.9  0.3
  5.7  6.0  0.3  1.4  4.0  7.4 22.6  8.9  2.6  0.3 65.2101.2  2.6180.2  7.4
  0.6  0.0  0.0  0.0  0.0  0.0  0.0  0.0  0.0  0.0  0.0  0.0  0.0  0.0  0.0
  0.0  0.0  0.0  2.3  0.6  3.7  1.1  0.0  0.0  0.0  0.0  0.0  0.0  0.0  0.0
  0.3  0.9  0.6  0.0  0.0  0.0  0.0  0.0  0.0  0.6  0.0  0.3  2.6  2.0  0.0
  7.7  0.0  0.0  7.7  1.7  0.0  2.3  4.9  0.0  0.0  0.0  0.0  0.0  0.0  0.0
  0.0  1.1  0.0  0.0  0.0  0.0  0.0 16.9  5.4  1.7  9.2 23.4  7.4  4.3 10.0
  2.3  1.7  3.4  2.3  0.3  1.1  0.0 34.0 17.7 26.3  1.7  7.4 17.4  8.9  0.0
     -1.08      5.93     -4.19     -4.25      2.27  0.9  0.0  0.0  0.0  0.0
                                4000_story_3069_llm_free.txt 34.5  4.5 3600
 13.6  3.6  7.8 36.4  9.7  2.2  2.5  1.4  9.4 18.9  0.0  1.4  0.0  3.3  0.3
  0.3  1.7  3.1  6.9  0.8  1.7281.4 96.9 35.0117.8 52.2 11.4  6.9  0.0  0.8
  0.6  2.5 13.9  8.1 15.6 27.5  7.2  3.6  1.7  1.9  0.8  2.5  3.3  4.7  0.6
  5.6  5.0  0.8  0.8  3.1  7.5 17.8 10.8  2.5  1.4 69.2 71.4  1.1176.4  6.7
  3.1  0.3  0.0  0.0  0.0  0.0  0.0  0.0  0.0  0.0  0.0  0.0  0.0  0.0  0.0
  0.0  0.0  0.0  1.4  1.1  1.9  1.7  0.0  0.3  0.0  0.0  0.0  0.0  0.0  0.8
  0.8  0.6  0.8  0.6  0.0  0.0  0.0  0.0  0.0  0.3  0.0  0.0  2.5  0.3  0.0
  6.1  0.3  0.0  6.4  3.6  0.0  3.9  2.8  0.0  0.0  0.0  0.0  0.0  0.0  0.0
  0.0  0.8  0.0  0.0  0.0  0.0  0.3  8.9  1.1  1.4  4.2 43.1  3.9 10.0 17.5
  0.8  1.1  2.2  2.8  0.0  0.6  0.0 36.7 12.8 15.8  1.4 10.8 10.8 10.8  0.0
     -5.33      3.94     -4.65     -2.93      1.39  0.0  0.3  0.0  0.0  0.0
                                4000_story_3074_llm_free.txt 33.0  4.5 4027
  9.2  2.7  7.4 38.0  8.7  0.7  2.5  1.0 13.9 23.1  0.5  1.2  1.0  4.5  0.2
  0.2  1.7  3.5  8.2  0.5  0.2274.1 88.7 31.8126.4 54.4 11.4 10.7  0.2  0.0
  0.0  4.0 19.9  6.5 14.4 28.6  3.2  2.5  2.2  1.7  2.2  0.5  2.2  3.7  0.7
  4.2  4.7  0.0  1.7  2.2  8.2 19.9  8.7  2.2  0.2 63.3 77.0  0.7177.8  7.0
  1.2  0.0  0.0  0.0  0.0  0.0  0.0  0.0  0.0  0.0  0.0  0.0  0.0  0.0  0.0
  0.0  0.0  0.0  2.5  0.0  0.7  0.0  0.0  0.0  0.0  0.0  0.0  0.0  0.0  0.5
  0.0  0.2  0.5  0.0  0.0  0.0  0.0  0.0  0.0  0.0  0.0  0.0  0.5  1.0  0.0
  3.2  0.0  0.0  3.2  1.2  0.0  1.2  1.5  0.0  0.0  0.0  0.0  0.0  0.0  0.0
  0.2  0.2  0.0  0.0  0.0  0.0  0.0 10.9  2.2  2.0  5.5 34.3  3.0  8.2 14.4
  3.2  1.7  0.2  6.0  0.2  0.0  0.2 45.9 16.4 14.9  1.0  7.7 11.4  8.4  0.0
     -4.38      5.02     -3.73     -3.24      0.27  0.2  0.0  0.0  0.0  0.2
                                4000_story_3078_llm_free.txt 34.3  4.5 4013
 23.9  6.2  8.2 44.9 15.0  1.2  1.5  0.7 17.9 17.2  1.0  1.5  0.0  4.7  0.5
  0.7  1.7  5.5  8.5  0.5  0.7252.7 81.0 39.4114.6 66.8 15.9  8.2  0.0  0.7
  0.0  1.7 26.2  5.2 10.2 39.1  5.7  3.0  2.0  1.2  3.0  2.0  5.2  7.0  0.2
  3.2  3.7  1.0  2.2  4.5 11.5 16.7 10.5  2.2  0.7 69.3 99.7  1.5173.9  4.0
  2.7  0.0  0.0  0.0  0.0  0.0  0.0  0.0  0.0  0.0  0.0  0.0  0.0  0.0  0.0
  0.0  0.0  0.0  1.0  0.5  3.7  1.2  0.0  0.0  0.0  0.0  0.0  0.0  0.0  0.2
  0.0  1.2  0.7  0.5  0.0  0.0  0.0  0.2  0.0  0.0  0.0  0.0  3.0  0.5  0.0
  6.5  0.0  0.0  6.5  2.7  0.2  3.0  3.5  0.0  0.0  0.0  0.0  0.0  0.0  0.0
  0.7  0.5  0.2  0.0  0.2  0.0  0.0  7.0  5.0  1.7  8.0 30.2  4.0 14.7 13.2
  1.7  2.0  1.2  2.7  0.0  1.0  1.2 38.1 15.4 27.2  1.7  6.0 13.5  8.2  0.0
     -0.66      5.60     -2.91     -2.46      1.94  0.2  0.0  0.2  0.0  0.0
                                4000_story_3079_llm_free.txt 36.0  4.5 4009
 11.7  2.0  3.7 37.9  7.5  0.2  1.7  1.0  9.5 21.2  0.0  1.5  0.5  5.2  0.7
  1.5  1.7  6.0  9.2  0.5  1.5277.1 81.6 30.2120.5 61.6 12.5 12.0  0.2  0.0
  0.5  1.2 17.0 10.5 12.2 30.4  7.2  4.0  1.7  1.5  1.0  0.7  3.5  6.0  0.2
  4.5  6.2  0.7  1.7  3.7 11.0 19.7 10.7  2.2  0.7 64.1 78.6  1.0178.3  7.2
  0.7  0.0  0.0  0.0  0.0  0.0  0.0  0.0  0.0  0.0  0.0  0.0  0.0  0.0  0.0
  0.0  0.0  0.0  1.0  0.7  0.5  1.2  0.2  0.0  0.0  0.0  0.0  0.0  0.0  0.7
  0.0  1.5  1.5  0.5  0.0  0.0  0.2  0.0  0.0  0.2  0.0  0.2  1.5  0.7  0.0
  3.5  0.2  0.0  3.7  4.2  0.2  4.7  2.5  0.0  0.0  0.0  0.0  0.0  0.0  0.0
  0.0  1.0  0.0  0.0  0.0  0.0  0.0 12.5  2.5  2.2  9.2 41.4  3.0 12.0 12.0
  2.5  1.2  0.5  2.2  0.7  0.7  0.2 40.9 16.7 17.7  1.5  5.7  9.2  8.7  0.0
     -2.64      5.59     -5.10     -3.64      1.10  0.5  0.0  0.0  0.0  0.0
                                4000_story_3080_llm_free.txt 35.5  4.5 3522
 13.6  3.7  5.7 39.5  8.5  2.0  2.0  0.9  7.4 23.0  1.1  0.9  0.0  7.4  0.6
  0.0  4.0  4.3  8.8  0.3  1.4272.6 83.8 28.4128.1 53.7 19.0 11.1  0.3  0.9
  0.6  2.0 15.9  6.0 12.5 27.3  4.5  1.7  2.0  0.9  1.4  2.0  3.4  5.4  0.3
  3.4  6.2  0.6  3.1  5.7  7.4 18.7  9.1  4.3  1.7 65.0 69.6  1.7181.1  7.4
  2.3  0.0  0.0  0.0  0.0  0.0  0.0  0.0  0.0  0.0  0.0  0.0  0.0  0.0  0.0
  0.0  0.0  0.0  1.7  0.3  1.7  1.1  0.0  0.0  0.0  0.0  0.0  0.0  0.0  0.3
  0.0  1.1  1.1  0.3  0.0  0.0  0.0  0.0  0.0  0.3  0.0  0.0  2.8  1.1  0.0
  4.8  0.0  0.0  4.8  2.8  0.0  3.1  4.0  0.0  0.0  0.0  0.0  0.0  0.0  0.0
  0.0  0.6  0.0  0.0  0.0  0.0  0.0 10.8  1.7  1.1  6.2 36.3  2.3 10.5  5.1
  2.3  1.1  3.4  3.1  0.0  0.9  0.0 34.6 16.2 20.2  0.6  9.1 11.1  9.9  0.0
      1.74      6.58     -3.00     -3.70      0.64  0.0  0.0  0.0  0.0  0.0
                                4000_story_3082_llm_free.txt 35.3  4.5 3074
 21.8  8.1  3.9 37.7  5.5  1.6  2.0  2.6 11.1 19.8  0.7  0.7  0.0  7.2  1.0
  0.3  1.3  2.9 10.1  0.3  0.7281.1 82.3 26.0121.7 58.9 12.7 10.4  0.3  0.3
  0.0  2.0 20.2  5.2 13.3 30.9  5.2  3.6  2.3  2.6  1.6  2.0  4.9  8.1  0.7
  4.9  4.6  1.0  2.6  2.9  8.1 19.8 13.7  1.6  0.7 58.6 75.5  1.0179.9  6.5
  0.3  0.3  0.0  0.0  0.0  0.0  0.0  0.0  0.0  0.0  0.0  0.0  0.0  0.0  0.0
  0.0  0.0  0.0  3.9  2.0  2.0  1.6  0.0  0.0  0.3  0.0  0.0  0.0  0.0  0.7
  0.0  0.3  0.0  1.0  0.0  0.0  0.0  0.0  0.0  0.0  0.0  0.0  1.3  1.0  0.0
  9.4  0.3  0.0  9.8  2.0  0.0  2.0  2.3  0.0  0.0  0.0  0.0  0.0  0.0  0.0
  0.3  0.0  0.0  0.0  0.0  0.0  0.0 15.9  2.0  2.3  7.5 35.1  7.8  5.2  5.9
  1.0  1.6  1.6  0.7  0.0  0.7  0.0 36.1 20.2 25.7  0.3  7.5  7.8  7.8  0.0
     -1.32      5.26     -3.71     -2.28      2.73  0.7  0.0  0.3  0.0  0.0
                                4000_story_3083_llm_free.txt 33.5  4.4 3470
 21.9  5.2  5.2 36.0  8.9  0.3  3.2  0.9 16.7 17.9  0.0  0.9  0.0  6.1  0.3
  0.3  2.6  2.9  8.9  2.0  2.0271.5 85.6 30.0121.6 65.4 13.0 10.7  0.0  1.2
  0.0  1.7 25.9  9.2 15.9 26.2  5.8  2.6  2.9  0.0  1.2  2.0  3.7  5.8  0.6
  6.1  3.5  1.4  3.2  3.2  6.6 15.0 12.4  4.6  1.2 54.8 91.1  1.2176.4  5.5
  2.6  0.0  0.0  0.0  0.0  0.0  0.0  0.0  0.0  0.0  0.0  0.0  0.0  0.0  0.0
  0.0  0.0  0.0  1.7  2.3  2.0  1.2  0.0  0.0  0.0  0.0  0.0  0.0  0.0  0.3
  0.3  0.9  0.3  0.3  0.0  0.0  0.0  0.0  0.0  0.0  0.0  0.0  0.9  0.3  0.0
  7.2  0.0  0.0  7.2  2.0  0.0  2.0  1.2  0.0  0.0  0.0  0.0  0.0  0.0  0.0
  0.0  0.3  0.0  0.0  0.3  0.0  0.0 16.1  2.0  5.5  6.3 31.7  3.7  6.6 14.7
  4.3  0.9  3.7  3.7  1.2  0.3  0.0 33.4 17.6 23.9  0.9  7.5 11.5  7.8  0.0
      0.73      5.65     -4.80     -3.70      1.98  0.3  0.0  0.0  0.0  0.0
                                4000_story_3084_llm_free.txt 37.0  4.6 3474
 16.4  3.5  8.1 33.7  6.0  1.2  2.0  1.2  9.5 17.0  0.3  1.4  0.6  3.2  1.7
  0.3  0.9  5.5 13.2  2.0  2.3285.8 88.4 27.6121.5 64.2 13.0  7.2  0.6  1.4
  0.0  1.2 29.4  7.5 14.1 27.9  5.5  3.2  2.0  1.4  0.9  1.7  3.2  6.3  0.6
  6.0  4.9  0.9  1.7  2.6  9.5 22.2 13.0  2.9  2.0 55.3 79.7  1.7171.8  7.2
  1.4  0.0  0.0  0.0  0.0  0.0  0.0  0.0  0.0  0.0  0.0  0.0  0.0  0.0  0.0
  0.0  0.0  0.0  0.9  0.9  2.3  1.4  0.0  0.0  0.0  0.0  0.0  0.0  0.0  0.0
  0.3  2.0  0.6  0.3  0.0  0.0  0.0  0.0  0.0  0.0  0.0  0.0  1.7  1.2  0.0
  5.5  0.0  0.0  5.5  3.2  0.0  3.2  2.9  0.0  0.0  0.0  0.0  0.0  0.0  0.0
  0.0  0.3  0.0  0.0  0.0  0.0  0.0  9.2  1.7  0.6  6.3 23.6  5.8  6.3 10.7
  1.4  2.6  1.2  1.7  0.3  0.9  0.0 37.7 13.0 23.9  1.2  5.5 11.2  8.6  0.0
     -2.30      4.94     -3.38     -3.45      1.70  0.3  0.0  0.0  0.0  0.0
                                4000_story_3087_llm_free.txt 37.5  4.3 3056
 13.1  3.6 12.8 49.4 17.0  1.0  4.3  0.7 21.3 14.4  1.6  2.3  0.0  5.9  0.7
  1.0  2.3  2.9 13.1  0.7  1.6238.5 77.2 24.2123.0 73.6 13.7 14.7  0.0  1.0
  0.0  1.0 16.7 10.1 10.1 36.3  9.8  7.2  2.3  1.0  1.6  2.3  3.3  4.9  0.3
  5.9  5.6  1.0  2.6  7.2 11.8 22.9 11.1  2.9  1.0 60.9111.9  2.0191.1  7.5
  0.7  0.3  0.0  0.0  0.0  0.0  0.0  0.0  0.0  0.0  0.0  0.0  0.0  0.0  0.0
  0.0  0.0  0.0  2.6  0.7  1.3  1.3  0.7  0.0  0.0  0.0  0.0  0.0  0.0  0.7
  1.0  2.3  0.7  0.7  0.0  0.0  0.3  0.3  0.0  0.0  0.3  0.0  3.6  0.3  0.0
  5.9  0.7  0.0  6.5  5.2  0.7  5.9  4.3  0.0  0.0  0.0  0.0  0.0  0.0  0.0
  0.0  0.3  0.0  0.0  0.0  0.0  0.0 15.4  2.3  2.0  6.5 24.5  2.3 17.0 10.8
  1.0  2.0  0.7  1.0  0.3  1.6  0.0 39.3 25.2 26.8  2.0  7.9 11.8  8.8  0.0
      3.16      6.96     -4.96     -2.01      1.31  0.3  0.0  0.0  0.0  0.0
                                4000_story_3088_llm_free.txt 34.8  4.5 3257
 19.6  3.7  5.8 46.1 11.7  1.5  2.1  1.2 16.0 18.7  0.3  0.9  0.6  5.5  0.9
  0.6  1.8  2.8  5.8  2.8  2.5251.5 82.3 29.8119.7 62.9 11.7  8.6  0.0  0.0
  0.0  1.2 18.4  7.7 12.0 37.2  6.4  3.4  3.4  0.6  1.8  3.7  4.6  5.5  0.3
  6.1  3.7  0.9  1.5  5.2  8.0 12.3 12.0  4.6  0.0 70.6 90.6  2.5180.8  6.8
  0.9  0.3  0.0  0.0  0.0  0.0  0.0  0.0  0.0  0.0  0.0  0.0  0.0  0.0  0.0
  0.0  0.0  0.0  1.8  0.0  2.8  1.5  0.3  0.0  0.0  0.0  0.0  0.0  0.0  0.0
  0.6  1.5  0.9  0.6  0.0  0.3  0.0  0.0  0.0  0.0  0.0  0.3  3.4  0.9  0.0
  6.1  0.3  0.0  6.4  3.7  0.3  4.0  4.6  0.0  0.0  0.0  0.0  0.0  0.0  0.0
  0.3  0.9  0.0  0.0  0.0  0.0  0.0 18.7  1.5  0.9  7.7 23.3  7.7  5.2  9.5
  2.1  1.8  1.8  4.0  0.3  0.9  0.0 38.1 17.2 26.4  0.3 10.1 16.0  8.9  0.0
      1.26      4.84     -5.12     -2.08      2.31  0.0  0.0  0.0  0.0  0.0
                                4000_story_3089_llm_free.txt 34.3  4.5 3224
 13.3  5.0  4.7 36.3 10.2  0.9  2.8  0.6  9.6 17.4  1.2  0.6  0.3  3.7  0.6
  0.6  0.3  3.4  6.8  0.6  1.6290.9 89.0 24.5113.5 54.3 21.4  5.6  0.0  0.6
  0.0  1.9 23.3 11.5 17.1 26.7  6.5  4.0  1.9  1.2  1.2  0.9  4.7  5.3  0.3
  5.0  5.6  2.2  1.6  4.0  8.7 16.1 10.5  0.9  0.6 52.7 74.1  1.6164.7  4.3
  1.2  0.0  0.0  0.0  0.0  0.0  0.0  0.0  0.0  0.0  0.0  0.0  0.0  0.0  0.0
  0.0  0.0  0.0  3.1  0.6  2.5  1.2  0.0  0.0  0.0  0.3  0.0  0.0  0.0  0.6
  0.0  2.8  0.3  0.6  0.3  0.0  0.0  0.0  0.0  0.3  0.0  0.0  1.6  0.3  0.0
  7.4  0.0  0.3  7.8  4.3  0.3  5.0  1.9  0.0  0.0  0.0  0.0  0.0  0.0  0.0
  0.0  0.6  0.0  0.0  0.0  0.0  0.0  3.7  3.1  1.2 10.5 28.2 11.5  5.3  7.8
  0.6  1.2  1.6  1.9  0.0  0.9  0.0 36.0 14.3 21.1  1.2  6.8  7.8  6.8  0.0
     -7.19      5.57     -6.22     -3.52      1.92  0.3  0.0  0.0  0.0  0.0
                                4000_story_3091_llm_free.txt 37.5  4.5 3021
 14.2  4.3  8.9 38.7  4.3  1.0  2.3  1.3  8.6 17.9  1.0  0.3  0.0  4.6  1.0
  0.0  0.0  5.3 10.3  0.3  2.3281.7 87.1 31.1119.2 58.3 12.9 11.6  0.0  1.0
  0.0  1.3 18.2 10.9 14.9 31.1  4.3  4.0  1.3  2.6  1.7  2.3  3.3  6.0  0.3
  3.0  6.0  1.0  2.6  5.3 10.9 20.5  9.3  0.3  1.0 63.2 71.2  1.3172.8  9.3
  0.7  0.0  0.0  0.0  0.0  0.0  0.0  0.0  0.0  0.0  0.0  0.0  0.0  0.0  0.0
  0.0  0.0  0.0  1.3  0.7  2.3  0.3  0.0  0.0  0.0  0.0  0.0  0.0  0.0  0.0
  0.3  0.7  0.7  0.0  0.0  0.0  0.0  0.0  0.0  0.0  0.0  0.0  1.3  0.3  0.0
  4.6  0.0  0.0  4.6  1.7  0.0  1.7  1.7  0.0  0.0  0.0  0.0  0.0  0.0  0.0
  1.0  0.3  0.0  0.0  0.0  0.0  0.0  3.0  2.0  0.3  7.3 24.5  6.0  7.9 11.3
  2.3  3.6  2.0  3.6  0.0  1.7  0.3 42.0 16.2 18.9  3.0  6.0 10.6  7.9  0.0
     -6.39      5.41     -6.05     -2.31      0.56  0.0  0.0  0.0  0.0  0.0
                                4000_story_3094_llm_free.txt 36.5  4.5 2859
 16.8  4.9  7.7 44.4  3.5  0.7  1.0  0.3 17.5 22.4  0.0  1.7  0.3  5.6  0.7
  0.0  2.1  2.8 10.8  0.7  1.7299.1 81.1 27.3122.8 46.5  9.8 11.9  0.3  0.7
  0.0  0.7 26.2  9.8 15.4 32.5  4.5  1.4  3.1  0.3  2.1  1.7  2.1  4.9  0.0
  2.4  5.6  0.3  2.8  3.8  6.3 19.2  7.3  2.8  1.0 57.4 67.5  1.7177.3  7.0
  2.1  0.0  0.0  0.0  0.0  0.0  0.0  0.0  0.0  0.0  0.0  0.0  0.0  0.0  0.0
  0.0  0.0  0.0  1.4  0.7  2.4  0.7  0.0  0.0  0.0  0.0  0.0  0.0  0.0  0.0
  0.0  1.0  0.0  0.0  0.0  0.0  0.0  0.3  0.0  0.0  0.3  0.3  2.4  0.7  0.0
  5.2  0.0  0.0  5.2  1.0  0.3  1.4  3.8  0.0  0.0  0.0  0.0  0.0  0.0  0.0
  0.0  1.0  0.0  0.0  0.0  0.0  0.0  9.8  1.4  2.8  7.0 30.4  3.1  4.5  8.0
  1.0  2.1  1.0  2.8  0.3  0.3  0.7 35.7 26.6 14.0  1.0  8.0 11.9  7.3  0.0
     -1.51      4.46     -5.56     -3.40     -0.78  0.0  0.0  0.0  0.0  0.0
                                4000_story_3098_llm_free.txt 36.8  4.6 3388
 12.4  4.4  7.4 43.7  6.8  1.8  2.7  0.9  8.0 18.9  0.9  0.0  0.0  6.5  0.6
  0.9  1.8  3.8  9.4  0.0  2.1280.1 93.9 33.1108.0 48.4 14.2  7.1  0.3  1.5
  0.6  0.9 24.5 10.0 21.3 31.0  5.3  3.2  0.9  2.1  1.5  3.8  4.4  7.1  0.6
  3.8  5.0  1.5  3.0  3.8  8.6 17.4 11.5  1.8  2.4 62.0 63.2  1.8166.5  6.2
  0.9  0.0  0.0  0.0  0.0  0.0  0.0  0.0  0.0  0.0  0.0  0.0  0.0  0.0  0.0
  0.0  0.0  0.0  2.4  0.3  3.0  1.2  0.0  0.0  0.0  0.0  0.0  0.0  0.0  0.3
  0.0  1.5  1.2  0.6  0.0  0.0  0.0  0.0  0.0  0.0  0.0  0.0  1.5  0.6  0.0
  6.8  0.0  0.0  6.8  3.5  0.0  3.5  2.1  0.0  0.0  0.0  0.0  0.0  0.0  0.0
  0.0  1.2  0.0  0.0  0.0  0.0  0.0  6.8  1.5  0.6 11.8 37.8  8.3  5.9 10.6
  3.0  0.9  1.8  5.3  0.0  1.2  0.0 43.7 17.7 17.4  1.8  5.3 12.1  7.4  0.0
     -3.86      4.01     -6.43     -2.37      1.91  0.3  0.0  0.3  0.0  0.0
                                4000_story_3099_llm_free.txt 35.0  4.5 2943
 16.0  3.7  5.4 39.4  4.4  1.0  2.4  0.3  7.8 21.4  0.3  0.7  0.3  6.1  0.0
  0.3  1.0  2.7 10.2  1.4  1.0292.9 92.4 32.6116.5 58.1 14.3  9.5  0.0  0.7
  0.3  1.0 25.8  6.8 17.3 23.8  6.8  3.4  0.7  2.0  3.1  1.0  3.1 10.2  0.7
  5.8  3.7  0.7  2.4  2.7  9.2 17.7 16.6  2.4  1.0 57.1 70.3  2.0174.3  5.1
  0.3  0.0  0.0  0.0  0.0  0.0  0.0  0.0  0.0  0.0  0.0  0.0  0.0  0.0  0.0
  0.0  0.0  0.0  1.4  1.4  2.0  0.0  0.0  0.0  0.0  0.0  0.0  0.0  0.0  1.4
  0.0  0.7  1.0  0.3  0.0  0.0  0.0  0.0  0.0  0.3  0.0  0.0  1.4  0.0  0.0
  4.8  0.0  0.0  4.8  3.4  0.0  3.7  1.4  0.0  0.0  0.0  0.0  0.0  0.0  0.0
  0.0  0.3  0.0  0.0  0.0  0.0  0.0 12.2  2.7  1.0 10.2 28.5  4.4  5.4 28.5
  0.7  1.4  2.4  3.4  0.0  2.0  0.3 36.0 19.0 19.0  1.4  6.5 12.2  9.5  0.0
     -5.09      5.19     -4.60     -2.79      2.22  0.0  0.0  0.0  0.0  0.0
                                4000_story_3106_llm_free.txt 35.0  4.3 3669
 19.9  4.4 10.4 40.1 16.6  1.4  2.2  1.1 23.2 19.9  0.3  1.1  0.3  4.9  0.8
  0.5  2.7  4.4  7.6  0.8  1.1245.6 85.9 29.2134.4 65.1 11.7 11.2  0.3  0.3
  0.3  2.7 19.1  7.9 19.4 28.1  6.0  3.5  3.0  1.1  2.5  1.9  2.7  4.4  0.3
  4.6  3.8  0.5  3.3  3.3 10.4 16.4  9.3  3.5  0.8 60.8104.9  0.8192.2  6.8
  3.5  0.0  0.0  0.0  0.0  0.0  0.0  0.0  0.0  0.0  0.0  0.0  0.0  0.0  0.0
  0.0  0.0  0.0  2.7  0.0  1.6  1.4  0.0  0.0  0.0  0.0  0.0  0.0  0.0  0.8
  0.0  1.6  0.8  0.3  0.0  0.0  0.0  0.0  0.0  0.0  0.0  0.0  1.9  1.1  0.0
  5.7  0.0  0.0  5.7  3.5  0.0  3.5  3.0  0.0  0.0  0.0  0.0  0.0  0.0  0.0
  0.3  0.3  0.0  0.0  0.0  0.0  0.0 11.7  0.8  2.5  6.8 26.7  1.6  4.6 19.1
  3.0  1.4  3.8  3.3  0.0  0.3  0.3 47.7 21.3 19.9  2.2  7.6 15.3 10.6  0.0
      2.00      5.91     -5.69     -2.37      0.44  0.0  0.0  0.0  0.0  0.0
                                4000_story_3107_llm_free.txt 35.8  4.3 3280
 14.3  5.2  8.5 52.4 14.9  0.6  3.4  0.6 16.5 17.7  0.9  1.2  0.3  4.9  0.0
  0.3  3.0  4.6  7.3  0.6  1.2256.1 80.8 30.2125.0 73.8 15.5 12.2  0.3  0.3
  0.3  0.6 17.4  9.1 19.5 28.7  4.6  2.1  3.0  1.8  1.8  1.2  4.0  5.2  0.3
  3.7  6.4  0.9  3.7  4.3  8.5 17.4  9.1  3.7  0.9 53.4105.2  3.4186.9  5.5
  1.5  0.0  0.0  0.0  0.0  0.0  0.0  0.0  0.0  0.0  0.0  0.0  0.0  0.0  0.0
  0.0  0.0  0.0  3.0  0.9  2.1  0.6  0.0  0.0  0.0  0.0  0.0  0.0  0.0  0.0
  0.0  1.8  0.6  0.6  0.0  0.0  0.0  0.0  0.0  0.0  0.3  0.0  1.2  0.3  0.0
  6.7  0.0  0.0  6.7  3.0  0.0  3.0  1.8  0.0  0.0  0.0  0.0  0.0  0.0  0.0
  0.0  0.3  0.0  0.0  0.0  0.0  0.0  7.9  1.8  0.9  8.2 29.0  1.8  4.3 19.2
  1.5  2.1  0.6  6.4  0.6  0.6  0.0 39.0 20.7 16.8  1.5  6.7 12.5  9.8  0.0
      0.86      6.91     -6.97     -2.92      1.05  0.0  0.0  0.0  0.0  0.0
                                4000_story_3115_llm_free.txt 35.0  4.5 3515
 15.6  4.3  5.7 44.4 11.1  1.1  2.6  0.9 16.5 17.4  0.6  0.3  0.0  5.7  0.3
  0.6  1.7  5.7  9.4  1.7  3.4273.4 79.9 32.7125.2 52.9 13.4 10.8  0.0  0.6
  0.0  2.0 22.5  8.8 14.5 28.2  4.3  1.7  4.0  0.6  2.3  1.7  1.1  5.4  0.0
  3.7  6.0  0.6  2.0  4.6  9.7 18.2  9.1  3.4  0.6 65.4 80.5  2.0182.6  6.0
  2.0  0.0  0.0  0.0  0.0  0.0  0.0  0.0  0.0  0.0  0.0  0.0  0.0  0.0  0.0
  0.0  0.0  0.0  1.7  0.3  2.6  1.1  0.0  0.0  0.0  0.0  0.0  0.0  0.0  0.3
  0.3  0.6  0.9  0.3  0.0  0.0  0.0  0.3  0.0  0.0  0.0  0.3  0.9  0.6  0.0
  5.7  0.0  0.0  5.7  2.3  0.3  2.6  1.7  0.0  0.0  0.0  0.0  0.0  0.0  0.0
  0.3  0.0  0.0  0.0  0.0  0.0  0.0 16.8  1.1  1.1  6.3 24.2  4.8  6.3  8.3
  2.3  2.0  2.3  5.4  0.3  0.6  0.0 41.8 23.0 17.4  2.8  8.5 13.1 10.8  0.0
     -0.64      5.32     -4.83     -2.89     -0.90  0.6  0.3  0.0  0.0  0.0
                                4000_story_3117_llm_free.txt 37.0  4.4 3044
 12.2  5.3  8.5 37.5 19.7  1.3  1.6  0.3 16.8 21.0  0.3  1.6  0.7  3.6  0.7
  0.0  1.0  3.3  6.2  0.7  2.6262.2 87.7 29.9132.1 60.8 11.5 12.5  0.3  0.3
  0.0  1.0 13.1 10.8 16.1 28.6  4.6  4.3  2.3  2.3  1.6  0.7  1.3  3.6  0.7
  5.6  3.9  0.7  2.6  3.0  9.2 15.1  9.9  1.6  0.7 59.8 97.2  2.0187.6  5.6
  1.0  0.0  0.0  0.0  0.0  0.0  0.0  0.0  0.0  0.0  0.0  0.0  0.0  0.0  0.0
  0.0  0.0  0.0  2.0  0.3  2.0  2.0  0.0  0.0  0.0  0.0  0.0  0.0  0.0  0.3
  0.0  1.3  0.7  0.3  0.0  0.0  0.0  0.0  0.0  0.0  0.0  0.0  1.3  0.0  0.0
  6.2  0.0  0.0  6.2  2.6  0.0  2.6  1.3  0.0  0.0  0.0  0.0  0.0  0.0  0.0
  0.0  0.3  0.0  0.0  0.0  0.0  0.0 18.1  1.6  0.0  4.9 36.8  6.6  3.0  7.9
  3.0  1.0  1.6  3.6  0.0  0.3  0.0 37.8 17.1 20.7  1.0  9.2 12.5  9.5  0.0
     -3.09      5.84     -6.85     -2.76      0.05  0.0  0.0  0.0  0.0  0.0
                                4000_story_3119_llm_free.txt 36.5  4.4 3297
 16.7  4.9  5.2 43.4 12.1  0.6  2.4  0.9 10.0 10.9  0.3  0.0  0.6  4.9  0.3
  0.6  2.1  3.3 10.0  1.2  1.2279.3 81.0 28.2122.2 67.3 11.5 11.5  0.0  1.2
  0.9  0.9 27.9  9.7 12.7 33.7  9.7  2.7  3.0  1.8  2.4  1.2  3.9  3.6  0.6
  4.9  5.2  0.3  2.4  4.9  8.5 17.9  9.1  3.3  2.1 56.4 89.5  1.2185.0  4.9
  1.5  0.0  0.0  0.0  0.0  0.0  0.0  0.0  0.0  0.0  0.0  0.0  0.0  0.0  0.0
  0.0  0.0  0.0  2.1  2.1  3.0  1.5  0.0  0.0  0.0  0.0  0.0  0.0  0.0  0.9
  0.9  3.6  1.2  0.3  0.0  0.0  0.0  0.0  0.0  1.2  0.3  0.0  2.1  1.8  0.0
  8.8  0.0  0.0  8.8  7.0  0.0  8.2  4.2  0.0  0.0  0.0  0.0  0.0  0.0  0.0
  0.3  0.3  0.0  0.0  0.0  0.0  0.0 10.3  1.2  1.2  9.1 39.4  2.1  6.7 13.3
  0.6  0.3  1.2  3.6  0.3  1.2  0.0 41.9 21.5 19.4  3.0  7.0 11.8  5.2  0.0
     -2.91      5.64     -3.75     -2.51      1.42  0.3  0.3  0.0  0.0  0.0
                                4000_story_3120_llm_free.txt 35.0  4.5 3742
 10.2  3.7  8.8 31.0  9.4  1.1  0.5  0.5  8.6 21.1  0.3  0.5  0.5  3.7  0.8
  0.3  0.5  2.4  7.2  1.3  2.1278.7 89.0 36.9133.4 46.5 13.4  7.7  0.0  0.8
  0.0  2.7 23.2  9.9 14.7 28.3  5.3  3.5  1.1  1.9  0.8  0.8  2.9  5.3  0.0
  5.1  5.9  0.0  0.8  2.9  6.7 18.2 10.4  1.9  0.8 74.0 64.4  1.1183.9  8.6
  0.0  0.0  0.0  0.0  0.0  0.0  0.0  0.0  0.0  0.0  0.0  0.0  0.0  0.0  0.0
  0.0  0.0  0.0  1.9  0.3  1.1  0.5  0.0  0.0  0.0  0.0  0.0  0.0  0.0  0.8
  0.5  0.3  0.5  0.5  0.0  0.0  0.0  0.0  0.3  0.0  0.3  0.0  1.6  0.3  0.0
  3.7  0.0  0.0  3.7  2.7  0.3  2.9  2.1  0.0  0.0  0.0  0.0  0.0  0.0  0.0
  0.3  0.8  0.0  0.0  0.0  0.0  0.0  5.6  1.6  0.5  6.9 39.0  4.3  5.1  9.1
  0.8  2.1  1.3  8.3  0.5  1.1  0.0 43.6 15.0 12.3  1.3  5.9 12.0  9.1  0.0
     -7.21      4.73     -4.78     -3.88      0.66  0.3  0.0  0.0  0.0  0.0
                                4000_story_3121_llm_free.txt 37.5  4.4 3689
 19.2  7.0  4.1 46.6 12.5  1.4  1.6  0.8 19.8 20.3  1.4  1.6  0.5  4.6  0.0
  0.5  2.4  6.0 11.9  1.1  1.1256.2 85.1 26.6116.3 66.1 15.2  8.4  0.5  0.8
  1.4  1.9 23.3  6.8 13.8 31.7  5.7  5.2  3.3  2.4  2.4  1.6  2.4  5.7  0.5
  5.4  5.4  2.7  1.9  2.2 13.6 23.3 11.7  3.5  2.7 51.0 98.4  2.7176.2  3.0
  1.6  0.3  0.0  0.0  0.0  0.0  0.0  0.0  0.0  0.0  0.0  0.0  0.0  0.0  0.0
  0.0  0.0  0.0  3.0  0.8  3.8  1.1  0.3  0.3  0.0  0.0  0.0  0.0  0.0  0.3
  0.8  0.5  0.3  0.3  0.0  0.3  0.0  0.3  0.0  0.3  0.3  0.0  2.7  2.4  0.0
  8.7  0.5  0.0  9.2  2.2  0.5  3.0  5.4  0.0  0.0  0.0  0.0  0.0  0.0  0.0
  0.0  0.5  0.5  0.0  0.0  0.0  0.0  7.3  3.8  2.4  8.4 30.6  5.4 18.2 12.7
  1.1  2.4  0.8  1.6  0.3  1.1  0.3 34.7 15.2 28.5  1.9  8.1 10.6  9.2  0.0
      2.52      5.51     -2.55     -1.41      0.93  0.0  0.3  0.0  0.0  0.0
                                4000_story_3123_llm_free.txt 35.8  4.3 3275
 17.4  6.4  7.0 44.9 14.0  0.6  1.5  1.2 25.3 19.5  0.3  1.8  0.6  3.4  0.0
  0.3  0.9  4.9 11.6  1.2  1.5251.9 79.4 36.9122.4 59.5 12.8 11.0  0.0  0.6
  0.3  1.5 18.6  7.9 14.0 32.4  6.1  2.4  3.4  1.5  1.8  1.2  3.7  7.3  0.9
  3.7  4.0  2.7  2.4  3.7  9.2 20.5 11.9  2.1  0.9 63.2 98.9  1.8180.8  7.3
  0.9  0.0  0.0  0.0  0.0  0.0  0.0  0.0  0.0  0.0  0.0  0.0  0.0  0.0  0.0
  0.0  0.0  0.0  3.7  0.9  3.4  1.2  0.0  0.0  0.0  0.0  0.0  0.0  0.0  0.3
  0.0  1.8  0.6  0.0  0.0  0.0  0.0  0.9  0.0  0.3  0.0  0.3  2.7  0.9  0.0
  9.2  0.0  0.0  9.2  2.7  0.9  4.0  4.0  0.0  0.0  0.0  0.0  0.0  0.0  0.0
  0.3  0.9  0.3  0.0  0.0  0.0  0.0 11.3  2.1  1.2  9.2 34.5  3.7  5.5  9.5
  3.7  1.8  1.8  4.3  0.3  3.1  0.3 43.1 22.0 22.0  1.2  5.5 11.6  8.2  0.0
     -0.99      5.45     -4.82     -2.89      1.66  0.3  0.0  0.0  0.0  0.0
                                4000_story_3124_llm_free.txt 36.8  4.6 3433
 19.8  3.8  2.0 36.1  9.9  0.6  3.8  0.6 11.7 18.6  0.6  1.5  0.0  6.1  0.3
  0.6  1.5  3.5 10.2  2.0  2.0273.5 84.8 33.8121.8 65.5 15.1  6.7  0.9  0.3
  0.0  1.2 35.5  7.3 12.2 29.7  4.7  2.6  2.6  1.2  1.5  2.3  3.8  8.2  1.2
  4.7  5.2  0.9  2.6  3.5  7.6 19.2 14.0  3.5  1.2 60.3 87.1  3.2174.5  6.1
  1.7  0.0  0.0  0.0  0.0  0.0  0.0  0.0  0.0  0.0  0.0  0.0  0.0  0.0  0.0
  0.0  0.0  0.0  0.9  0.3  2.6  0.3  0.0  0.0  0.0  0.0  0.0  0.0  0.0  0.0
  0.0  0.0  0.6  0.0  0.0  0.0  0.0  0.3  0.0  0.0  0.3  0.0  2.6  0.3  0.0
  4.1  0.0  0.0  4.1  0.6  0.3  0.9  3.2  0.0  0.0  0.0  0.0  0.0  0.0  0.0
  0.0  0.9  0.0  0.0  0.0  0.0  0.0 10.2  2.3  1.7  7.3 31.8  3.8  5.8 23.3
  2.3  0.6  2.9  3.2  0.3  0.6  0.6 33.8 18.4 21.8  1.7 10.8 13.4  7.9  0.0
     -1.40      5.34     -2.83     -2.98      2.38  0.0  0.3  0.0  0.0  0.0
                                4000_story_3126_llm_free.txt 35.8  4.6 3297
 14.3  3.9  3.6 37.3 13.6  0.6  2.1  0.3 12.7 19.7  0.0  1.2  0.3  5.8  0.3
  0.3  0.9  5.5  9.1  0.6  1.2280.6 87.4 31.2132.8 55.5 12.4  9.1  0.0  0.3
  0.0  1.8 24.0  8.8 15.2 23.1  6.7  2.4  2.4  1.2  2.7  0.9  1.5  5.2  0.0
  6.4  5.2  0.9  1.5  4.2 10.6 18.5 11.5  1.5  0.3 61.0 81.9  1.5189.9  7.6
  1.5  0.0  0.0  0.0  0.0  0.0  0.0  0.0  0.0  0.0  0.0  0.0  0.0  0.0  0.0
  0.0  0.0  0.0  1.8  0.3  1.5  0.9  0.0  0.0  0.0  0.0  0.0  0.0  0.0  0.3
  0.0  2.4  1.5  0.0  0.0  0.0  0.0  0.3  0.0  0.0  0.0  0.3  0.3  0.9  0.0
  4.5  0.0  0.0  4.5  4.2  0.3  4.5  1.5  0.0  0.0  0.0  0.0  0.0  0.0  0.0
  0.3  0.3  0.0  0.0  0.0  0.0  0.0  5.5  3.0  0.3 10.0 41.9  5.2  3.6 12.4
  1.5  1.5  2.4  1.8  0.0  0.3  0.3 42.5 13.3 20.0  2.4  9.7  8.5  9.4  0.0
     -4.43      5.19     -4.82     -3.03      0.16  0.0  0.0  0.0  0.3  0.0
                                4000_story_3127_llm_free.txt 38.8  4.6 3245
 14.2  3.4  5.2 43.8 11.1  0.3  3.1  0.6 13.6 16.9  0.0  0.3  0.0  2.5  0.9
  0.3  1.2  8.0  6.5  0.6  2.2302.9 81.7 27.7110.9 45.9 12.9 10.8  0.6  0.3
  0.3  1.8 28.0 10.5 16.9 29.3  6.2  2.5  2.8  1.5  0.3  1.8  1.5  4.3  0.0
  3.7  4.3  1.2  3.4  3.4 10.8 14.5  8.0  1.8  1.2 54.5 70.6  0.3171.0  7.4
  0.9  0.0  0.0  0.0  0.0  0.0  0.0  0.0  0.0  0.0  0.0  0.0  0.0  0.0  0.0
  0.0  0.0  0.0  2.8  0.0  1.5  0.6  0.0  0.0  0.0  0.0  0.0  0.0  0.0  0.9
  0.0  0.3  0.3  0.6  0.0  0.6  0.0  0.0  0.0  0.3  0.3  0.0  0.9  1.8  0.0
  4.9  0.0  0.0  4.9  2.2  0.6  3.1  3.1  0.0  0.0  0.0  0.0  0.0  0.0  0.0
  0.0  1.2  0.0  0.0  0.0  0.0  0.0  8.3  2.2  0.9 11.4 32.7  3.7  4.6  4.3
  0.6  1.8  2.2  3.7  0.0  0.9  0.3 36.4 21.3 17.6  1.2  8.3 10.8  5.5  0.0
     -5.76      4.45     -5.24     -3.54     -0.82  0.3  0.0  0.0  0.3  0.0
                                4000_story_3133_llm_free.txt 34.3  4.6 3882
 16.2  7.0  4.1 32.2  3.1  0.8  2.3  0.8  4.6 21.9  0.8  0.5  0.8  5.7  0.3
  0.3  3.3  4.1  9.3  0.8  2.1277.9 82.7 25.0130.9 58.2 15.7 10.0  0.0  1.0
  0.3  1.3 27.0  6.4 12.9 36.8  3.1  2.6  2.3  0.8  2.3  3.3  1.8  7.7  0.5
  7.0  4.4  1.0  2.3  2.1  9.0 16.2 15.2  4.1  1.3 56.2 65.9  1.8181.1  5.9
  1.0  0.3  0.0  0.0  0.0  0.0  0.0  0.0  0.0  0.0  0.0  0.0  0.0  0.0  0.0
  0.0  0.0  0.0  1.8  0.0  5.2  0.8  0.0  0.3  0.0  0.0  0.0  0.0  0.0  0.0
  0.0  0.0  0.5  0.3  0.0  0.0  0.0  0.0  0.0  0.0  0.0  0.3  3.1  1.5  0.0
  7.7  0.3  0.0  8.0  0.8  0.0  0.8  4.9  0.0  0.0  0.0  0.0  0.0  0.0  0.0
  0.3  0.3  0.0  0.0  0.0  0.0  0.0  8.5  3.6  1.5  7.2 30.7 10.0 10.3 12.1
  1.5  1.3  1.5  2.1  0.3  1.3  0.3 33.5 16.7 21.6  1.3  7.0 11.3  9.3  0.0
      0.36      6.05     -3.64     -2.45      1.31  0.0  0.0  0.0  0.0  0.0
                                4000_story_3136_llm_free.txt 37.0  4.3 3293
 20.0  6.4  8.2 53.1 18.8  0.6  3.9  1.5 23.1 18.8  1.5  0.9  0.0  6.7  0.3
  0.0  1.5  8.2  9.1  1.2  0.6238.1 77.4 24.6123.0 84.4  9.4 14.9  0.0  0.6
  0.0  1.5 13.1  9.7 10.0 29.2  8.5  6.7  2.7  1.8  1.5  1.5  2.1  5.2  0.0
  4.3  6.4  1.2  2.1  4.3 16.4 19.7  9.4  2.7  0.6 55.6126.3  2.1195.6  5.8
  1.2  0.0  0.0  0.0  0.0  0.0  0.0  0.0  0.0  0.0  0.0  0.0  0.0  0.0  0.0
  0.0  0.0  0.0  2.4  0.6  4.3  1.2  0.0  0.0  0.0  0.0  0.0  0.0  0.0  0.0
  1.5  2.4  1.5  0.9  0.0  0.0  0.0  0.0  0.0  0.0  0.0  0.3  1.8  0.0  0.0
  8.5  0.0  0.0  8.5  6.4  0.0  6.4  2.1  0.0  0.0  0.0  0.0  0.0  0.0  0.0
  0.3  0.3  0.3  0.0  0.0  0.0  0.0 21.0  3.0  0.6  9.7 27.6  0.0 13.4  9.1
  1.8  1.5  2.1  1.5  0.0  0.3  0.0 37.0 25.8 28.5  2.7  9.1 15.2  8.8  0.0
      3.72      6.64     -4.63     -1.97     -0.14  0.0  0.0  0.0  0.0  0.0
                                4000_story_3138_llm_free.txt 33.3  4.5 2901
 10.3  4.1  9.0 35.8  5.2  0.3  1.7  2.1  5.5 20.0  1.0  1.4  0.7  4.8  0.7
  0.0  1.0  4.5  8.6  0.3  1.7278.2 86.9 32.7124.8 69.3 18.6 10.7  0.0  0.7
  0.0  1.0 25.5 10.0 16.9 27.6  4.5  3.8  1.4  0.7  1.0  1.7  3.1  3.4  0.0
  3.8  4.1  0.7  2.4  7.2  9.3 15.9  7.2  1.4  0.7 68.9 80.0  0.7172.0  6.9
  0.3  0.0  0.0  0.0  0.0  0.0  0.0  0.0  0.0  0.0  0.0  0.0  0.0  0.0  0.0
  0.0  0.0  0.0  2.8  0.7  1.4  0.3  0.0  0.0  0.0  0.0  0.0  0.0  0.0  1.0
  0.0  1.0  0.3  0.0  0.0  0.0  0.0  0.3  0.0  0.7  0.3  0.0  1.4  0.3  0.0
  5.2  0.0  0.0  5.2  2.4  0.3  3.4  2.1  0.0  0.0  0.0  0.0  0.0  0.0  0.0
  0.7  0.7  0.0  0.0  0.0  0.0  0.0  7.9  2.4  1.4  6.9 31.0  5.9  3.8  8.6
  1.0  1.4  3.1  2.4  0.0  0.3  0.0 32.4 19.6 17.2  1.7  5.9 11.0  7.6  0.0
     -5.21      7.01     -5.92     -3.76      0.06  0.7  0.0  0.0  0.0  0.0
                                4000_story_3140_llm_free.txt 37.3  4.6 3174
 12.3  5.0  1.3 41.9  7.9  0.6  2.5  0.6  8.5 18.0  0.9  1.3  0.6  6.3  0.6
  0.6  1.6  6.0 11.3  0.0  2.2265.3 86.0 34.7116.6 65.5 10.1 12.9  0.3  0.6
  0.6  1.6 25.2  6.9 13.5 31.5  5.7  5.4  2.5  1.3  1.3  2.8  1.9  4.7  0.0
  6.6  4.1  1.3  3.5  2.8 12.6 19.5 11.3  1.6  1.6 63.0 81.9  0.6179.6  5.0
  2.2  0.0  0.0  0.0  0.0  0.0  0.0  0.0  0.0  0.0  0.0  0.0  0.0  0.0  0.0
  0.0  0.0  0.0  2.8  0.9  2.8  0.3  0.0  0.0  0.0  0.0  0.0  0.0  0.0  0.6
  0.6  0.6  0.3  0.0  0.0  0.0  0.0  0.0  0.0  0.6  0.0  0.3  2.5  0.6  0.0
  6.9  0.0  0.0  6.9  2.2  0.0  2.8  3.5  0.0  0.0  0.0  0.0  0.0  0.0  0.0
  0.0  0.3  0.0  0.0  0.0  0.0  0.0 11.3  5.7  0.6  6.3 34.3  2.2  9.8  7.2
  0.6  1.9  1.6  3.8  0.0  0.6  0.6 40.0 19.8 13.5  1.3  9.8  7.6 12.0  0.0
     -2.29      5.35     -3.37     -2.21      0.41  0.3  0.0  0.3  0.0  0.0
                                4000_story_3144_llm_free.txt 38.0  4.6 3245
 11.4  2.2  4.3 38.2  4.9  0.3  1.5  1.5  5.5 14.2  0.0  0.6  0.0  3.4  0.3
  0.6  0.9  3.7 11.4  0.9  0.9297.1 97.1 39.1115.6 54.5 10.2 10.5  0.0  0.6
  0.0  2.2 23.4  6.8 17.6 26.2  7.4  3.1  1.8  0.9  1.2  2.8  3.4  6.8  0.6
  3.7  4.6  0.9  3.7  2.5  8.0 19.7 11.1  1.8  0.6 65.6 65.0  1.2168.6  5.2
  1.5  0.0  0.0  0.0  0.0  0.0  0.0  0.0  0.0  0.0  0.0  0.0  0.0  0.0  0.0
  0.0  0.0  0.0  1.2  0.3  1.8  0.6  0.0  0.0  0.0  0.0  0.0  0.0  0.0  0.3
  0.3  0.9  0.6  0.3  0.0  1.2  0.0  0.0  0.0  0.3  0.6  0.3  1.8  0.6  0.0
  4.0  0.0  0.0  4.0  2.5  1.2  4.0  3.4  0.0  0.0  0.0  0.0  0.0  0.0  0.0
  0.0  0.3  0.0  0.0  0.0  0.0  0.0  4.3  2.5  0.3  5.2 31.7  5.9  4.9 15.7
  1.2  2.8  0.6  4.0  0.6  0.3  0.6 29.0 18.8 13.9  1.5  5.5  7.7  8.9  0.0
     -9.46      4.39     -4.88     -3.16      1.19  0.0  0.0  0.3  0.0  0.0
                                4000_story_3145_llm_free.txt 37.3  4.5 3759
 15.4  3.2  2.7 41.0  9.0  0.8  1.9  0.3 17.0 16.8  0.3  1.9  0.0  5.6  0.3
  0.8  2.4  5.3 10.6  0.3  1.1288.9 83.0 37.5118.6 54.8 10.6  8.0  0.3  0.8
  0.3  1.9 27.9  7.2 15.4 31.1  6.7  1.9  2.7  2.7  0.5  1.9  3.5  4.0  1.9
  5.3  5.1  1.3  3.7  2.4  7.7 22.1 11.2  2.7  1.3 59.9 80.9  1.6175.3  6.7
  1.1  0.0  0.0  0.0  0.0  0.0  0.0  0.0  0.0  0.0  0.0  0.0  0.0  0.0  0.0
  0.0  0.0  0.0  1.9  1.1  2.1  1.1  0.0  0.0  0.0  0.0  0.0  0.0  0.3  0.8
  0.3  2.1  0.3  0.8  0.0  0.0  0.0  0.0  0.0  1.3  0.0  0.0  2.4  0.0  0.0
  6.1  0.0  0.3  6.4  4.3  0.0  5.6  2.4  0.0  0.0  0.0  0.0  0.0  0.0  0.0
  0.0  0.8  0.0  0.0  0.0  0.0  0.0 15.4  3.2  1.3 12.5 27.4  3.2  5.1 22.6
  1.9  1.1  4.8  3.2  0.0  0.8  0.8 36.4 15.2 17.6  0.5  6.9 10.4 10.4  0.0
     -2.70      4.14     -3.96     -3.10      2.29  0.3  0.0  0.0  0.0  0.0
                                4000_story_3150_llm_free.txt 33.0  4.5 3154
 19.0  3.5  4.8 40.9 11.7  1.0  3.2  0.6 11.4 21.6  0.6  1.6  0.6  6.0  0.3
  0.0  1.6  7.3  9.5  1.6  1.0265.4 79.3 24.1123.7 71.0 12.0 11.4  0.0  0.6
  0.3  1.6 23.8  4.8  8.6 35.5  6.7  2.9  4.4  0.3  1.6  2.2  1.9  4.1  0.6
  4.8  3.8  1.3  3.5  5.7 11.7 16.8  9.5  3.2  1.0 56.8 94.2  1.0186.7  8.2
  0.6  0.0  0.0  0.0  0.0  0.0  0.0  0.0  0.0  0.0  0.0  0.0  0.0  0.0  0.0
  0.0  0.0  0.0  1.6  0.0  3.8  0.0  0.0  0.0  0.0  0.0  0.0  0.0  0.0  0.3
  0.3  2.2  0.0  0.0  0.0  0.0  0.0  0.0  0.0  0.3  0.0  0.0  1.0  0.3  0.0
  5.4  0.0  0.0  5.4  2.9  0.0  3.2  1.3  0.0  0.0  0.0  0.0  0.0  0.0  0.0
  0.0  0.6  0.6  0.0  0.0  0.0  0.0 15.5  1.3  8.2  7.9 20.3  1.9  7.0  8.6
  0.6  0.6  1.6  1.6  0.0  0.6  0.3 36.1 21.2 23.5  4.1 10.8  8.2  8.2  0.0
      0.89      5.93     -2.08     -2.71      0.21  0.6  0.0  0.0  0.0  0.0
                                4000_story_3152_llm_free.txt 36.3  4.6 3293
 14.9  1.2  3.6 27.9  3.0  0.3  2.1  0.9  4.6 24.3  0.3  0.6  0.0  3.3  0.6
  0.0  0.9  2.1 11.2  1.2  0.6294.6 87.5 31.6118.1 40.4  8.8  7.9  0.0  0.0
  0.0  1.8 26.4 10.0 15.5 30.1  4.9  6.4  0.9  2.7  0.9  1.2  2.1  3.6  0.0
  4.9  3.9  0.6  3.9  4.6  9.4 20.3  8.5  2.1  0.0 71.1 48.0  1.8161.6  4.9
  1.2  0.0  0.0  0.0  0.0  0.0  0.0  0.0  0.0  0.0  0.0  0.0  0.0  0.0  0.0
  0.0  0.0  0.0  1.2  0.3  0.3  0.6  0.0  0.0  0.0  0.0  0.0  0.0  0.0  0.3
  0.0  0.6  0.9  0.0  0.3  0.0  0.0  0.0  0.0  0.3  0.0  0.3  1.8  0.9  0.0
  2.4  0.0  0.0  2.4  1.8  0.3  2.4  3.0  0.0  0.0  0.0  0.0  0.0  0.0  0.0
  0.0  1.5  0.0  0.0  0.0  0.0  0.0  2.4  3.3  0.6 11.5 31.6  8.8  4.6 10.6
  0.6  2.1  1.8  3.6  0.3  0.9  0.0 34.9 14.6 16.1  2.7  8.2 11.8  4.6  0.0
     -7.78      3.11     -5.64     -2.63     -0.18  0.0  0.0  0.0  0.0  0.0
                                4000_story_3162_llm_free.txt 32.3  4.4 3507
 16.0  7.1  3.4 38.2 12.0  0.6  2.6  0.9 12.3 25.4  1.1  0.6  0.9  4.3  0.6
  0.0  0.0  5.7  7.4  0.9  1.4271.5 92.4 24.8119.2 55.3 20.8  9.1  0.0  1.1
  0.0  1.1 17.1 10.0 15.7 28.2  4.8  6.3  0.6  2.9  2.6  3.7  3.4  4.6  0.0
  4.8  5.7  2.6  3.1  3.7 14.5 17.7  9.4  0.9  1.1 52.8 79.6  1.7173.7  7.1
  1.1  0.0  0.0  0.0  0.0  0.0  0.0  0.0  0.0  0.0  0.0  0.0  0.0  0.0  0.0
  0.0  0.0  0.0  3.7  0.9  3.7  1.1  0.0  0.0  0.0  0.0  0.0  0.0  0.0  0.0
  0.6  0.3  0.0  0.9  0.0  0.0  0.0  0.0  0.0  0.3  0.0  0.0  3.4  0.3  0.0
  9.4  0.0  0.0  9.4  1.7  0.0  2.0  3.7  0.0  0.0  0.0  0.0  0.0  0.0  0.0
  0.0  0.3  0.3  0.0  0.0  0.0  0.0  8.6  1.7  4.0  7.1 32.2  6.6  4.6  8.0
  2.3  0.6  1.1  3.7  0.0  0.9  0.0 31.4 15.1 21.4  2.3  9.7 11.1  8.6  0.0
     -3.93      6.34     -5.91     -0.93      0.77  0.0  0.0  0.0  0.0  0.0
                                4000_story_3164_llm_free.txt 36.8  4.5 3262
 15.9  4.6  2.8 38.9 10.7  1.5  3.4  1.8 10.7 19.3  0.6  1.5  0.3  6.1  0.0
  0.9  1.2  4.0 12.6  0.9  0.9276.5 82.2 31.6121.4 45.4 11.3 10.7  0.3  1.2
  0.0  0.9 20.8  8.6 11.6 28.2  6.1  4.3  1.8  2.5  3.1  1.5  2.5  6.7  0.0
  6.1  6.7  1.2  1.2  4.0 11.3 24.2 12.9  2.1  1.5 61.0 66.8  2.5178.1  7.4
  1.8  0.0  0.0  0.0  0.0  0.0  0.0  0.0  0.0  0.0  0.0  0.0  0.0  0.0  0.0
  0.0  0.0  0.0  2.1  0.3  3.1  1.8  0.0  0.0  0.0  0.0  0.0  0.0  0.0  1.5
  0.6  0.6  0.6  0.3  0.0  0.3  0.0  0.0  0.0  0.6  0.0  0.0  1.5  0.6  0.0
  7.4  0.0  0.0  7.4  3.7  0.3  4.6  2.1  0.0  0.0  0.0  0.0  0.0  0.0  0.0
  0.0  0.3  0.0  0.0  0.0  0.0  0.0 12.3  2.8  0.9  6.1 27.0  5.5  8.3  9.5
  2.8  2.8  2.5  2.1  0.3  1.2  0.0 34.3 15.6 20.8  3.1  6.7 13.2  7.4  0.0
     -1.65      4.45     -3.93     -1.80      0.91  0.0  0.3  0.6  0.0  0.0
                                4000_story_3166_llm_free.txt 34.5  4.4 3733
 17.1  6.4  9.4 44.7 11.0  2.4  2.1  1.1 21.4 19.6  0.3  1.3  0.3  4.6  0.5
  0.5  1.1  5.1  6.2  1.3  2.1256.6 80.9 31.6122.2 65.4 10.7 13.1  0.3  0.8
  0.5  1.9 14.7  5.9 11.0 31.9  5.9  3.2  0.5  1.9  1.1  1.3  2.1  5.1  0.8
  5.4  7.2  1.1  2.4  4.0  9.4 18.5 11.3  2.4  1.6 63.5 97.8  2.7182.7  7.2
  2.4  0.0  0.0  0.0  0.0  0.0  0.0  0.0  0.0  0.0  0.0  0.0  0.0  0.0  0.0
  0.0  0.0  0.0  4.0  0.3  2.7  1.1  0.0  0.0  0.0  0.0  0.0  0.0  0.0  1.1
  0.3  1.6  0.8  0.0  0.0  0.0  0.0  0.0  0.0  0.3  0.0  0.3  2.7  1.6  0.0
  8.0  0.0  0.0  8.0  3.8  0.0  4.0  4.6  0.0  0.0  0.0  0.0  0.0  0.0  0.0
  0.5  0.8  0.0  0.0  0.0  0.0  0.0 13.1  4.0  0.8  6.7 18.8  2.4 15.5 10.7
  2.7  1.1  1.3  2.7  0.3  1.3  0.0 37.8 18.5 24.1  1.3  6.7 12.9 11.8  0.0
     -0.45      5.69     -2.99     -3.77      0.83  0.3  0.0  0.0  0.0  0.0
                                4000_story_3172_llm_free.txt 37.3  4.5 3429
 16.3  5.0  9.0 50.7 19.0  1.7  2.6  1.2 16.9 19.8  0.0  0.6  0.3  4.7  0.6
  0.3  2.0  3.5  6.4  0.6  0.6260.1 77.9 31.5121.6 62.4 11.1 11.7  0.3  0.9
  0.9  1.5 23.0  9.0 11.4 28.9  6.7  6.4  2.6  1.7  2.6  2.9  2.6  7.6  0.3
  5.0  5.8  0.0  2.3  3.2 12.5 16.0 12.8  2.6  2.0 55.7 98.3  1.2187.5  6.4
  1.2  0.0  0.0  0.0  0.0  0.0  0.0  0.0  0.0  0.0  0.0  0.0  0.0  0.0  0.0
  0.0  0.0  0.0  1.7  0.6  2.0  1.5  0.0  0.3  0.0  0.0  0.0  0.0  0.0  0.3
  0.3  0.9  1.5  0.3  0.0  0.3  0.0  0.3  0.0  0.3  0.0  0.3  2.9  0.3  0.0
  5.8  0.3  0.0  6.1  3.2  0.6  4.1  3.5  0.0  0.0  0.0  0.0  0.0  0.0  0.0
  0.0  0.9  0.3  0.0  0.0  0.0  0.0  8.7  3.5  2.6  5.8 29.7  2.3 16.3 15.5
  1.5  1.5  2.6  2.6  0.0  0.9  0.9 38.5 21.6 18.4  3.2  8.5 13.7 11.7  0.0
     -1.23      5.34     -3.05     -1.02      0.99  0.6  0.0  0.0  0.0  0.0
                                4000_story_3173_llm_free.txt 32.8  4.3 2973
 15.1  5.7  8.7 43.7 12.1  0.3  2.0  1.3 12.8 29.9  1.0  1.0  0.7  6.1  0.0
  0.7  3.0  5.0  7.7  0.7  2.0259.3 84.1 28.6123.4 51.8 16.8 12.8  0.0  0.7
  0.0  0.0 25.9  8.1 11.4 28.6  7.7  3.0  3.4  4.7  2.4  2.0  2.4  4.0  1.0
  2.7  6.1  2.4  3.4  5.4 10.4 19.5  7.7  3.7  0.7 53.1 76.7  3.4179.6  7.4
  3.0  0.0  0.0  0.0  0.0  0.0  0.0  0.0  0.0  0.0  0.0  0.0  0.0  0.0  0.0
  0.0  0.0  0.0  2.4  0.3  2.7  2.0  0.0  0.3  0.0  0.0  0.0  0.0  0.3  0.3
  0.0  2.7  1.0  0.3  0.0  0.0  0.0  0.3  0.0  0.0  0.0  0.0  3.0  0.7  0.0
  7.4  0.3  0.3  8.1  4.4  0.3  4.7  3.7  0.0  0.0  0.0  0.0  0.0  0.0  0.0
  0.0  0.0  0.3  0.0  0.0  0.0  0.0 10.1  5.7  0.7  5.7 33.3  2.7  7.1  8.7
  2.7  1.7  1.7  1.7  1.0  1.0  0.3 32.0 26.6 21.2  1.3  8.7 10.4  8.1  0.0
      3.27      6.24     -4.19     -0.73      0.10  0.3  0.0  0.0  0.0  0.0
                                4000_story_3177_llm_free.txt 34.8  4.5 3539
 20.1  7.3  6.5 42.4 15.0  1.4  2.3  1.7 12.4 21.8  0.6  0.6  0.6  7.9  0.3
  0.6  1.4  3.1  6.8  2.0  1.4269.0 88.2 30.0121.2 56.2 13.3  9.9  0.3  0.6
  0.3  2.5 21.5  8.8 11.9 31.4  7.3  2.5  0.8  1.7  1.1  2.3  4.0  5.1  0.3
  4.2  3.4  0.8  2.0  4.5  6.8 15.0  9.6  3.4  1.1 59.9 83.6  2.8180.8  8.5
  1.1  0.0  0.0  0.0  0.0  0.0  0.0  0.0  0.0  0.0  0.0  0.0  0.0  0.0  0.0
  0.0  0.0  0.0  2.3  1.1  2.0  3.4  0.0  0.0  0.0  0.0  0.0  0.0  0.0  0.6
  0.0  0.6  0.8  0.8  0.0  0.0  0.0  0.0  0.0  0.0  0.6  0.0  3.1  1.1  0.0
  8.8  0.0  0.0  8.8  2.8  0.0  2.8  4.8  0.0  0.0  0.0  0.0  0.0  0.0  0.0
  0.6  0.8  0.0  0.0  0.0  0.0  0.0 15.0  2.8  0.8  6.8 35.6  5.1  6.8  9.9
  6.8  0.8  1.7  1.4  0.0  2.0  0.0 32.5 18.9 27.1  2.0  6.2 10.7  9.9  0.0
      0.79      5.14     -3.66     -3.51      1.20  0.0  0.0  0.0  0.0  0.0
                                4000_story_3183_llm_free.txt 36.3  4.6 3029
 10.2  4.0  3.3 27.4  5.6  1.0  2.6  0.7  5.9 16.2  0.3  0.3  0.3  4.6  0.3
  0.3  1.3  2.3 11.6  1.3  0.7285.2 89.8 39.0120.2 55.5 15.8  8.9  0.0  0.3
  0.0  1.7 29.1 10.9 17.8 31.0  6.3  3.0  2.3  1.7  1.7  3.0  3.3  5.3  0.0
  5.6  7.6  1.3  1.3  2.0  6.9 22.8 10.9  2.6  0.3 67.0 67.0  1.0163.4  5.6
  1.7  0.0  0.0  0.0  0.0  0.0  0.0  0.0  0.0  0.0  0.0  0.0  0.0  0.0  0.0
  0.0  0.0  0.0  3.0  0.0  2.3  1.3  0.0  0.0  0.0  0.0  0.0  0.0  0.0  0.0
  0.0  1.0  1.0  1.0  0.0  0.0  0.0  0.0  0.0  0.0  0.0  0.3  3.0  0.7  0.0
  6.6  0.0  0.0  6.6  3.0  0.0  3.0  4.0  0.0  0.0  0.0  0.0  0.0  0.0  0.0
  0.3  0.7  0.0  0.0  0.0  0.0  0.0  6.3  0.7  0.7  4.6 28.4  5.6  3.6 11.6
  4.0  3.3  2.0  3.3  0.0  2.0  0.3 35.7 16.2 14.2  1.3  7.6 11.6  8.3  0.0
     -7.05      5.39     -6.35     -2.43      1.05  0.7  0.0  0.0  0.0  0.0
                                4000_story_3188_llm_free.txt 35.5  4.5 3571
 13.4  3.1  5.3 43.4 16.2  0.3  1.7  1.4 10.9 19.6  0.3  1.7  0.3  4.2  0.3
  0.0  2.0  6.2  6.4  0.8  0.8260.4 84.6 27.4133.3 58.0 17.4 11.5  0.0  0.3
  0.3  1.1 23.0  7.3 14.3 26.0  6.7  3.9  3.6  1.7  0.6  1.4  3.6  5.9  0.6
  4.5  6.2  2.2  3.4  5.0 10.6 17.1 10.9  2.8  0.6 53.5 85.1  2.0194.9  8.4
  2.5  0.0  0.0  0.0  0.0  0.0  0.0  0.0  0.0  0.0  0.0  0.0  0.0  0.0  0.0
  0.0  0.0  0.0  1.7  0.8  1.7  0.8  0.0  0.0  0.0  0.0  0.0  0.0  0.0  0.6
  0.0  1.4  0.6  0.3  0.0  0.3  0.0  0.0  0.0  0.0  0.0  0.0  2.8  1.1  0.0
  5.0  0.0  0.0  5.0  2.8  0.3  3.1  3.9  0.0  0.0  0.0  0.0  0.0  0.0  0.0
  0.0  0.3  0.0  0.0  0.0  0.0  0.0 12.6  1.1  3.1  5.3 29.7  2.8 19.6 12.9
  0.0  1.7  2.2  1.1  0.3  0.6  0.0 41.2 19.6 18.5  2.5  7.3 14.0 13.4  0.0
     -2.38      6.70     -4.38     -2.91      1.42  0.3  0.0  0.0  0.0  0.0
                                4000_story_3189_llm_free.txt 36.5  4.4 2946
 15.6  4.4 10.9 42.1  7.8  0.0  3.7  1.0 14.3 18.3  0.0  0.3  0.3  5.1  0.3
  0.0  1.4  3.7 10.5  1.4  0.3271.2 86.9 26.5115.4 63.8 19.0  6.8  0.0  0.0
  0.0  2.7 17.0 10.9 15.6 38.7  3.1  4.8  1.4  2.0  2.7  4.1  4.1  4.8  0.3
  3.7  2.0  0.7  2.4  3.7 11.2 17.7  8.8  2.7  0.0 56.7 85.9  2.0167.0  5.1
  1.0  0.0  0.0  0.0  0.0  0.0  0.0  0.0  0.0  0.0  0.0  0.0  0.0  0.0  0.0
  0.0  0.0  0.0  1.0  0.7  2.4  0.3  0.0  0.0  0.0  0.0  0.0  0.0  0.0  0.3
  0.0  0.7  0.0  0.0  0.0  0.0  0.0  0.3  0.0  0.0  0.0  0.0  4.1  0.7  0.0
  4.4  0.0  0.0  4.4  1.0  0.3  1.4  4.8  0.0  0.0  0.0  0.0  0.0  0.0  0.0
  0.0  1.0  0.0  0.0  0.0  0.0  0.0 10.5  0.7  0.3  6.4 28.9  6.8  8.1  7.1
  2.0  2.4  0.3  1.7  0.0  0.7  0.0 40.7 12.2 21.7  1.7  4.8 11.5  7.8  0.0
     -2.93      5.82     -6.74     -1.19      1.11  1.4  0.0  0.0  0.0  0.0
                                4000_story_3190_llm_free.txt 34.3  4.4 3191
 16.3  4.4  7.5 45.1 14.4  2.2  3.4  0.3 19.7 13.8  0.9  1.6  0.3  7.2  0.9
  0.3  1.6  4.1  7.5  0.9  0.6232.2 78.0 31.7122.2 67.4 17.5  9.1  0.0  0.6
  0.3  2.5 20.1  6.6 12.5 35.7  6.9  5.3  3.8  2.2  1.6  4.4  2.5  4.7  0.6
  5.0  9.1  1.3  3.4  5.3 11.0 22.9 10.3  2.5  0.9 70.2101.5  0.9185.2  9.7
  2.2  0.0  0.0  0.0  0.0  0.0  0.0  0.0  0.0  0.0  0.0  0.0  0.0  0.0  0.0
  0.0  0.0  0.0  1.6  1.3  2.5  1.3  0.0  0.0  0.0  0.0  0.0  0.0  0.3  0.3
  0.9  0.6  0.9  0.6  0.0  0.3  0.0  0.0  0.0  0.9  0.0  0.0  5.3  0.9  0.0
  6.6  0.0  0.3  6.9  3.4  0.3  4.7  6.3  0.0  0.0  0.0  0.0  0.0  0.0  0.0
  0.3  0.0  0.0  0.0  0.0  0.0  0.0  8.1  4.4  1.6  7.8 21.9  5.3 15.4  6.0
  0.3  2.2  1.6  1.3  0.0  0.6  0.0 35.1 19.1 26.3  0.9  8.5 13.5 11.0  0.0
      0.58      6.34     -3.70     -0.63      0.75  0.6  0.0  0.0  0.0  0.0
                                4000_story_3196_llm_free.txt 36.8  4.5 3099
 16.1  4.8  4.5 48.4 11.0  1.0  2.3  1.6 17.4 17.1  2.6  2.3  0.0  5.5  0.0
  0.0  2.3  6.8 11.6  0.3  0.6260.4 79.1 28.1115.2 67.1 10.6  9.7  1.0  0.3
  0.3  1.3 16.8  7.1 12.3 30.3  6.1  6.5  1.9  1.9  2.3  1.0  2.6  5.8  0.0
  5.2  7.4  1.0  3.5  6.8 15.5 24.5 11.0  2.6  1.6 63.6 95.5  2.3179.7  7.1
  1.6  0.0  0.0  0.0  0.0  0.0  0.0  0.0  0.0  0.0  0.0  0.0  0.0  0.0  0.0
  0.0  0.0  0.0  3.2  0.3  2.9  1.0  0.0  0.3  0.0  0.0  0.0  0.0  0.3  1.0
  0.0  2.6  1.0  0.3  0.0  0.0  0.0  0.3  0.0  1.0  0.0  0.3  3.2  0.6  0.0
  7.4  0.3  0.3  8.1  4.8  0.3  6.1  4.2  0.0  0.0  0.0  0.0  0.0  0.0  0.0
  0.0  0.6  0.0  0.0  0.0  0.0  0.0 18.4  2.3  1.0  7.7 26.1  3.9  6.5 13.2
  3.9  1.9  0.3  4.5  0.0  0.6  0.0 35.2 18.1 21.6  3.5  9.0 14.8 11.0  0.0
      0.59      4.89     -3.72     -2.10      0.53  0.0  0.0  0.0  0.0  0.0
                                4000_story_3218_llm_free.txt 36.5  4.5 2760
 13.8  4.3  2.2 30.1  4.7  0.4  2.2  2.2 11.6 15.6  0.0  0.7  0.4  4.0  0.7
  0.4  1.1  3.6  9.1  1.1  1.8298.9 97.8 39.9118.1 48.9  9.4 11.6  0.0  0.0
  0.0  1.1 31.9  6.9 13.4 32.6  5.8  2.5  3.6  0.4  1.1  1.1  3.3  5.8  0.7
  5.8  2.9  2.2  1.4  2.9  7.2 14.1 12.3  2.2  0.0 63.0 65.2  0.7165.9  4.0
  0.7  0.0  0.0  0.0  0.0  0.0  0.0  0.0  0.0  0.0  0.0  0.0  0.0  0.0  0.0
  0.0  0.0  0.0  3.6  0.4  2.2  1.4  0.0  0.0  0.0  0.0  0.0  0.0  0.0  0.4
  0.4  1.4  0.4  0.0  0.0  0.0  0.0  0.0  0.0  0.0  0.4  0.0  2.9  0.4  0.0
  7.6  0.0  0.0  7.6  2.5  0.0  2.5  3.6  0.0  0.0  0.0  0.0  0.0  0.0  0.0
  0.0  0.4  0.0  0.0  0.0  0.0  0.0  4.7  2.2  0.7  4.3 39.5  5.4  8.3 15.9
  2.9  1.4  2.2  1.8  0.0  0.0  0.0 28.3 19.2 18.1  2.5 12.3  6.5  9.8  0.0
     -7.20      4.29     -4.17     -3.72      1.72  0.4  0.0  0.0  0.0  0.0
                                4000_story_3220_llm_free.txt 35.8  4.5 3479
 15.5  5.2  4.9 31.6  8.6  0.3  1.4  1.1  8.9 22.4  0.3  0.9  0.6  4.3  0.3
  0.0  1.1  3.2 13.5  1.1  2.3275.4 87.1 39.4125.3 54.3 14.9  8.0  0.3  1.4
  0.0  2.9 23.0  7.5 18.1 25.6  5.2  2.0  2.0  0.9  1.4  1.7  2.3  4.0  0.3
  2.0  7.2  0.3  2.6  4.6  6.6 25.3  6.3  2.3  1.7 73.0 71.9  2.6170.2  8.9
  1.4  0.0  0.0  0.0  0.0  0.0  0.0  0.0  0.0  0.0  0.0  0.0  0.0  0.0  0.0
  0.0  0.0  0.0  1.4  0.3  2.9  1.1  0.0  0.0  0.0  0.0  0.0  0.0  0.0  0.9
  0.6  0.6  0.6  0.3  0.0  0.9  0.0  0.0  0.0  0.0  0.0  0.0  2.0  0.3  0.0
  5.7  0.0  0.0  5.7  2.9  0.9  3.7  2.3  0.0  0.0  0.0  0.0  0.0  0.0  0.0
  0.0  0.6  0.0  0.0  0.0  0.0  0.0  4.6  1.7  0.9  8.3 43.1  3.7  3.2 15.5
  1.7  1.7  2.0  7.5  0.0  1.1  0.0 31.3 14.7 19.5  1.4  9.5 11.8  8.6  0.0
     -3.69      5.17     -4.39     -3.71     -0.71  1.1  0.0  0.0  0.0  0.0
                                4000_story_3221_llm_free.txt 33.3  4.5 2751
 16.0  4.0  8.0 31.3  8.0  0.4  3.3  1.1 10.5 21.4  0.0  0.7  0.0  5.5  1.1
  0.0  0.4  1.8 10.9  0.4  2.5286.8 89.8 29.1129.8 57.1 14.2 12.0  0.0  0.0
  0.0  1.1 17.8  8.0 15.6 30.2  4.7  2.9  1.8  1.5  1.8  1.1  2.9  4.7  0.7
  4.0  5.1  0.0  2.2  2.2  6.5 19.3  9.5  0.7  0.0 60.0 75.6  1.8175.9  6.2
  0.7  0.0  0.0  0.0  0.0  0.0  0.0  0.0  0.0  0.0  0.0  0.0  0.0  0.0  0.0
  0.0  0.0  0.0  2.2  0.4  1.8  1.1  0.0  0.0  0.0  0.0  0.0  0.0  0.0  0.4
  0.0  0.7  0.4  0.7  0.0  0.0  0.0  0.0  0.0  0.4  0.0  0.0  0.7  0.4  0.0
  5.5  0.0  0.0  5.5  2.2  0.0  2.5  1.1  0.0  0.0  0.0  0.0  0.0  0.0  0.0
  0.0  0.4  0.0  0.0  0.0  0.0  0.0 14.5  0.7  0.7  8.0 40.3  1.8  4.4 10.2
  8.4  0.0  2.5  3.6  0.0  1.1  0.0 43.3 20.0 16.0  2.5  8.7 11.6  9.1  0.0
     -5.40      6.03     -5.98     -3.36      0.76  0.0  0.0  0.0  0.0  0.0
                                4000_story_3222_llm_free.txt 36.3  4.6 3355
 19.1  5.4  8.9 40.8  8.9  0.9  1.5  0.9  9.2 15.2  0.3  0.3  0.0  6.3  0.6
  0.3  1.2  3.9 12.2  1.2  1.2299.9 84.4 28.0130.0 54.8 14.9 14.0  0.0  0.6
  0.3  0.6 28.6  7.5 16.4 30.1  3.6  2.1  1.8  0.6  2.7  1.2  3.3  5.7  0.0
  5.4  4.2  1.2  3.6  3.9  8.6 17.9 11.0  2.4  0.9 57.2 73.0  2.1183.6  5.1
  1.8  0.3  0.0  0.0  0.0  0.0  0.0  0.0  0.0  0.0  0.0  0.0  0.0  0.0  0.0
  0.0  0.0  0.0  1.8  1.5  2.4  0.9  0.0  0.3  0.0  0.0  0.0  0.0  0.0  0.3
  0.3  0.9  0.3  0.0  0.0  0.0  0.0  0.0  0.0  0.0  0.6  0.3  3.3  0.0  0.0
  6.6  0.3  0.0  6.9  1.8  0.0  1.8  4.2  0.0  0.0  0.0  0.0  0.0  0.0  0.0
  0.3  0.9  0.0  0.3  0.0  0.0  0.0 13.1  1.5  0.9  6.6 29.8  3.6  4.5 18.2
  4.2  1.5  0.6  3.0  0.0  0.6  0.3 33.1 18.5 24.4  1.5  8.0 11.0  6.6  0.0
     -3.60      6.44     -4.91     -3.51      1.01  0.3  0.0  0.0  0.0  0.0
                                4000_story_3223_llm_free.txt 35.8  4.5 3697
 16.2  7.6  1.6 42.5 12.2  1.1  3.2  0.8 12.2 18.9  0.3  0.8  0.3  5.4  0.5
  1.4  1.6  5.7 11.9  2.2  1.1262.1 80.3 31.1114.1 57.9 13.5  9.5  0.8  2.2
  0.3  1.6 27.3  6.8 11.1 30.8 10.0  5.1  3.0  1.6  1.1  1.1  1.6  5.4  0.3
  5.7  3.8  0.5  2.2  2.7 11.9 19.7 11.4  3.8  3.2 58.2 82.2  2.2182.9  6.5
  1.9  0.0  0.0  0.0  0.0  0.0  0.0  0.0  0.0  0.0  0.0  0.0  0.0  0.0  0.0
  0.0  0.0  0.0  2.7  1.1  3.2  2.7  0.0  0.0  0.0  0.0  0.0  0.0  0.0  0.5
  0.5  1.4  1.1  1.1  0.0  0.3  0.0  0.3  0.0  0.5  0.0  0.3  2.2  0.8  0.0
  9.7  0.0  0.0  9.7  4.6  0.5  5.7  3.2  0.0  0.0  0.0  0.0  0.0  0.0  0.0
  0.0  0.3  0.0  0.0  0.0  0.0  0.0 13.5  4.1  2.2  7.6 22.5  5.7 12.7  7.3
  2.4  2.7  1.4  2.2  0.0  0.8  0.0 37.9 14.6 20.0  2.2 10.3 10.3 11.1  0.0
      1.48      4.95     -1.67     -2.74      0.25  0.5  0.0  0.0  0.0  0.0
                                4000_story_3225_llm_free.txt 35.5  4.5 3111
 19.0  7.4  6.1 54.0 15.4  1.3  3.9  1.6 25.1 15.1  0.0  1.3  1.0  2.3  1.0
  0.0  1.9  6.8  9.6  1.0  1.0252.7 79.7 25.4119.9 60.4 19.9  8.7  0.0  1.3
  0.3  1.3 30.9  8.7 11.6 30.5  7.7  3.5  3.2  2.9  1.6  2.3  1.9  5.8  0.0
  3.9  4.8  2.6  2.6  4.2 11.9 19.9  9.6  2.9  1.6 52.1100.9  3.5185.8  7.4
  1.6  0.0  0.0  0.0  0.0  0.0  0.0  0.0  0.0  0.0  0.0  0.0  0.0  0.0  0.0
  0.0  0.0  0.0  2.9  1.0  4.2  1.9  0.0  0.0  0.0  0.0  0.0  0.0  0.0  0.3
  0.0  1.6  0.6  0.0  0.0  0.3  0.0  0.0  0.0  1.0  0.0  0.0  2.9  1.3  0.0
 10.0  0.0  0.0 10.0  2.6  0.3  3.9  4.2  0.0  0.0  0.0  0.0  0.0  0.0  0.0
  0.0  0.6  0.0  0.0  0.0  0.0  0.0 10.0  2.3  0.6 12.2 22.2  6.4 12.2 11.3
  1.6  0.6  2.9  1.3  0.0  0.6  0.0 39.5 17.0 27.0  1.3  8.7 11.6  9.3  0.0
      1.36      6.34     -3.09     -1.75     -0.30  1.3  0.0  0.0  0.0  0.0
                                4000_story_3226_llm_free.txt 36.3  4.5 3418
 17.0  5.0  4.4 43.9 12.6  0.9  2.6  2.0 14.3 21.4  0.3  1.5  0.6  7.3  0.3
  0.9  1.5  3.5  7.3  1.2  2.6269.2 78.1 33.4116.7 58.5 10.8  7.6  0.3  0.0
  0.0  2.3 20.5  8.2 12.6 31.9  3.8  1.8  3.5  1.8  1.2  0.9  1.8  4.1  0.0
  5.0  4.7  0.9  3.8  2.9  6.4 17.6  9.1  2.6  0.3 67.3 85.4  1.5173.8  6.4
  0.3  0.0  0.0  0.0  0.0  0.0  0.0  0.0  0.0  0.0  0.0  0.0  0.0  0.0  0.0
  0.0  0.0  0.0  2.6  1.5  1.8  0.6  0.0  0.0  0.0  0.0  0.0  0.0  0.3  0.0
  0.3  0.9  0.0  0.9  0.0  0.0  0.0  0.3  0.0  0.0  0.0  0.0  2.6  1.2  0.0
  6.4  0.0  0.3  6.7  2.0  0.3  2.3  3.8  0.0  0.0  0.0  0.0  0.0  0.0  0.0
  0.0  1.2  0.0  0.0  0.0  0.0  0.0  9.4  4.1  2.9  6.4 31.0  9.7  8.5  6.1
  1.2  1.8  1.8  3.8  0.9  0.6  0.0 34.2 17.6 20.5  1.5  7.3 14.9  5.9  0.0
      0.17      4.20     -4.42     -3.35     -0.30  0.0  0.0  0.0  0.0  0.0
                                4000_story_3227_llm_free.txt 33.0  4.5 3765
 14.1  3.2  7.7 41.2  6.1  0.5  1.9  1.1 14.6 20.7  0.8  0.5  0.3  7.7  0.8
  0.8  1.6  4.0  8.8  0.8  0.8275.4 94.6 26.6113.9 40.4 12.7  8.0  0.0  0.8
  0.3  1.6 19.4  9.0 21.0 29.7  6.1  4.5  2.1  1.6  1.9  1.6  2.7  6.9  0.3
  3.2  5.6  0.5  1.3  2.9 10.4 18.1 10.4  2.4  1.1 55.8 61.1  1.3171.3  8.2
  0.8  0.0  0.0  0.0  0.0  0.0  0.0  0.0  0.0  0.0  0.0  0.0  0.0  0.0  0.0
  0.0  0.0  0.0  1.3  0.3  1.3  1.1  0.0  0.0  0.0  0.0  0.0  0.0  0.0  0.0
  0.3  0.3  0.0  1.1  0.0  0.0  0.0  0.3  0.0  0.0  0.0  0.0  1.6  1.1  0.0
  4.0  0.0  0.0  4.0  1.6  0.3  1.9  2.7  0.0  0.0  0.0  0.0  0.0  0.0  0.0
  0.3  0.8  0.3  0.0  0.0  0.0  0.0 13.3  1.1  3.5 10.1 35.1  5.6  7.2 12.2
  1.9  1.1  1.6  3.7  0.0  0.8  0.5 34.0 15.4 17.5  0.5  9.8 13.3  7.4  0.0
     -2.28      3.74     -6.89     -2.60      0.31  0.3  0.0  0.0  0.0  0.0
                                4000_story_3229_llm_free.txt 37.3  4.6 3570
 14.3  3.6  2.8 37.5 11.2  0.6  2.5  0.6 10.9 18.2  0.3  1.7  0.8  3.4  0.6
  0.6  1.7  4.5 10.1  1.7  2.8284.0 89.6 40.3118.8 59.4 11.5 11.2  0.3  0.3
  0.3  1.1 23.0  5.9 14.0 28.6  3.4  2.8  2.5  1.1  0.8  1.4  3.9  5.9  0.3
  5.0  3.6  1.4  2.0  2.8  8.1 17.6 11.2  3.4  0.8 68.9 81.5  2.0174.5  7.0
  1.4  0.3  0.0  0.0  0.0  0.0  0.0  0.0  0.0  0.0  0.0  0.0  0.0  0.0  0.0
  0.0  0.0  0.0  2.0  0.3  1.1  0.8  0.3  0.0  0.0  0.0  0.0  0.0  0.0  0.6
  0.0  0.6  0.3  0.3  0.0  0.0  0.0  0.0  0.0  0.0  0.0  0.0  0.8  0.6  0.0
  4.2  0.3  0.0  4.5  1.7  0.0  1.7  1.4  0.0  0.0  0.0  0.0  0.0  0.0  0.0
  0.0  0.3  0.0  0.0  0.3  0.0  0.0 11.5  2.0  1.4  5.9 25.8  7.8  6.2 28.3
  3.6  1.4  2.2  5.3  0.3  0.8  0.6 37.0 19.6 16.0  1.7  9.0 11.2  8.1  0.0
     -3.04      5.10     -3.88     -3.66      1.56  0.6  0.3  0.0  0.0  0.0
                                4000_story_3231_llm_free.txt 35.3  4.4 2765
 23.5  4.3  5.4 31.5  6.9  1.1  2.5  1.4  9.4 23.9  0.0  0.7  0.0  5.4  0.4
  0.4  0.4  4.7  6.5  1.1  0.4269.1 84.3 32.2131.6 70.5 13.7 11.2  0.4  1.8
  0.0  2.9 18.8  6.5 12.3 25.3  5.1  1.4  2.2  1.4  0.7  0.7  2.9  7.2  0.4
  3.3  6.5  0.7  2.9  2.5  6.9 18.1 10.8  1.4  2.2 65.1 86.8  0.4180.5  8.7
  1.4  0.0  0.0  0.0  0.0  0.0  0.0  0.0  0.0  0.0  0.0  0.0  0.0  0.0  0.0
  0.0  0.0  0.0  1.4  0.0  2.2  2.9  0.0  0.0  0.0  0.0  0.0  0.0  0.0  0.4
  0.0  1.1  0.7  1.1  0.0  0.0  0.0  0.0  0.0  0.0  0.0  0.0  1.4  0.7  0.0
  6.5  0.0  0.0  6.5  3.3  0.0  3.3  2.2  0.0  0.0  0.0  0.0  0.0  0.0  0.0
  0.0  0.0  0.0  0.0  0.0  0.0  0.0 18.8  2.2  2.2  5.4 40.5  1.8  5.4  8.7
  0.4  0.7  1.8  3.6  0.7  2.2  0.0 40.5 18.4 25.0  2.5  6.9 13.0  7.2  0.0
     -4.35      6.46     -2.45     -4.27      0.61  0.4  0.0  0.0  0.0  0.0
                                4000_story_3232_llm_free.txt 35.3  4.5 3188
 12.9  5.6  6.3 31.1  9.1  0.0  3.8  1.3  7.2 13.2  0.9  1.9  0.0  7.5  0.6
  0.6  0.6  4.7  7.2  0.3  1.9282.3 90.7 27.0118.6 57.7 20.1 11.6  0.3  2.5
  0.6  1.3 29.8  5.6 13.8 26.3  5.6  4.7  2.2  1.9  0.9  1.9  2.8  6.0  0.6
  5.3  4.4  1.3  2.8  1.9 10.4 16.6 11.9  0.9  3.5 53.3 74.0  0.9171.3  5.0
  0.6  0.0  0.0  0.0  0.0  0.0  0.0  0.0  0.0  0.0  0.0  0.0  0.0  0.0  0.0
  0.0  0.0  0.0  3.1  0.9  2.5  0.6  0.0  0.0  0.0  0.0  0.0  0.0  0.0  0.3
  0.0  0.3  0.9  0.3  0.0  0.0  0.0  0.0  0.0  0.0  0.0  0.0  1.6  0.6  0.0
  7.2  0.0  0.0  7.2  1.9  0.0  1.9  2.2  0.0  0.0  0.0  0.0  0.0  0.0  0.0
  0.0  0.6  0.0  0.0  0.0  0.0  0.0  8.8  3.1  2.2 11.3 22.6  5.6  4.4  8.2
  0.6  0.6  2.8  2.2  0.0  1.9  0.0 32.9 21.0 20.1  1.9  7.8  8.8  9.4  0.0
     -4.69      6.75     -1.65     -2.72      1.24  0.0  0.0  0.0  0.3  0.0
                                4000_story_3233_llm_free.txt 32.5  4.5 3251
 16.0  2.5  8.3 41.8  9.8  1.8  2.8  1.2 12.6 20.0  0.6  1.5  0.0  6.8  0.0
  0.9  1.5  6.2  8.9  0.6  1.8262.7 72.9 37.8119.0 56.0 12.6  8.6  0.0  0.6
  0.6  3.1 29.2  9.2 14.5 29.5  8.6  3.1  3.7  1.5  0.3  1.5  2.8  3.7  0.6
  6.2  5.5  0.6  2.2  4.0  9.5 20.6 10.5  2.2  1.2 69.5 78.4  2.8183.0  6.2
  1.2  0.3  0.0  0.0  0.0  0.0  0.0  0.0  0.0  0.0  0.0  0.0  0.0  0.0  0.0
  0.0  0.0  0.0  1.2  0.3  1.2  0.9  0.0  0.0  0.0  0.0  0.0  0.0  0.0  0.3
  0.3  0.9  0.6  0.3  0.0  0.3  0.0  0.3  0.0  0.3  0.3  0.0  3.1  0.6  0.0
  3.7  0.0  0.0  3.7  2.5  0.6  3.4  4.0  0.0  0.0  0.0  0.0  0.0  0.0  0.0
  0.0  0.3  0.3  0.0  0.0  0.0  0.0 20.3  2.2  1.2  9.8 27.7  4.0 10.8  9.2
  3.1  0.9  1.8  2.2  0.0  2.8  0.3 36.6 18.1 19.1  2.5  4.6  8.9 10.5  0.0
     -0.93      4.70     -3.56     -3.22      1.12  0.9  0.0  0.0  0.0  0.0
                                4000_story_3235_llm_free.txt 36.0  4.4 3454
 16.2  4.9  6.4 41.1 11.0  1.2  2.9  2.3 13.6 23.2  0.6  1.4  0.6  6.9  0.3
  0.0  1.2  3.5  7.8  2.6  2.0265.5 85.4 26.9122.5 59.1 13.3 13.3  0.0  0.3
  0.3  2.9 16.8  6.4 15.9 27.8  6.9  3.8  0.6  1.2  2.9  0.3  3.5  5.8  0.3
  7.5  7.2  2.6  1.7  5.5 10.1 20.6 13.6  3.8  0.6 55.3 83.7  1.7183.3  6.1
  0.3  0.0  0.0  0.0  0.0  0.0  0.0  0.0  0.0  0.0  0.0  0.0  0.0  0.0  0.0
  0.0  0.0  0.0  0.9  0.3  3.2  1.2  0.3  0.0  0.0  0.0  0.0  0.0  0.0  0.0
  0.0  1.7  0.3  0.6  0.0  0.0  0.3  0.0  0.0  0.6  0.0  0.3  1.2  0.6  0.0
  5.5  0.3  0.0  5.8  2.6  0.3  3.5  2.0  0.0  0.0  0.0  0.0  0.0  0.0  0.0
  0.0  0.0  0.3  0.0  0.0  0.0  0.0 12.7  2.6  0.6 10.1 25.8  9.0  3.8  9.6
  2.3  2.0  1.2  2.9  0.6  0.6  0.0 39.1 17.4 23.7  2.9  8.4 10.4  6.4  0.0
      1.21      5.95     -4.46     -3.50      2.07  0.9  0.0  0.0  0.0  0.0
                                4000_story_3236_llm_free.txt 36.8  4.4 3547
 18.3  4.8  9.6 41.4 11.8  1.1  1.7  0.3 18.0 14.7  1.1  0.6  0.8  5.4  0.0
  0.3  0.8  2.0  6.8  1.4  2.0275.7 83.2 25.7127.1 55.8 10.7  8.2  0.0  0.3
  0.0  0.3 16.9  7.3 15.2 33.0  4.5  2.5  3.1  1.7  2.0  1.1  3.1  5.6  0.3
  5.1  5.9  1.1  1.7  3.7  6.5 15.2 11.0  2.3  0.3 57.2 85.7  1.4183.0  8.7
  0.8  0.0  0.0  0.0  0.0  0.0  0.0  0.0  0.0  0.0  0.0  0.0  0.0  0.0  0.0
  0.0  0.0  0.0  1.1  0.0  3.7  1.1  0.0  0.0  0.0  0.0  0.0  0.0  0.0  0.3
  0.0  0.8  0.6  0.3  0.0  0.0  0.0  0.0  0.0  0.0  0.0  0.0  1.4  0.6  0.0
  5.9  0.0  0.0  5.9  2.0  0.0  2.0  2.0  0.0  0.0  0.0  0.0  0.0  0.0  0.0
  0.3  0.3  0.0  0.0  0.0  0.0  0.0 12.4  1.4  1.7  6.5 32.1  5.6  3.4  9.3
  1.7  1.7  1.4  3.1  0.0  0.6  0.3 45.4 15.5 20.3  1.1  6.8 12.1  9.0  0.0
     -3.98      4.51     -6.05     -2.84      1.02  0.0  0.0  0.0  0.0  0.0
                                4000_story_3237_llm_free.txt 37.8  4.5 2805
 20.0  6.1  8.9 41.0 19.6  1.8  2.9  1.4 14.6 12.1  0.4  2.1  0.7  3.9  1.1
  0.0  2.1  2.9 11.1  2.1  2.5264.5 79.1 26.4127.3 72.0 15.0  9.6  0.0  2.1
  0.0  0.4 32.1  6.8 11.8 30.3  7.1  2.9  2.1  0.7  0.7  1.8  2.1  4.3  0.0
  5.0  6.4  0.7  3.2  3.6  6.4 20.7  9.3  4.3  2.1 53.8106.2  3.2188.2  6.8
  1.8  0.0  0.0  0.0  0.0  0.0  0.0  0.0  0.0  0.0  0.0  0.0  0.0  0.0  0.0
  0.0  0.0  0.0  3.2  0.0  2.9  1.1  0.0  0.0  0.0  0.0  0.0  0.0  0.0  0.7
  0.4  1.4  0.0  0.4  0.0  0.0  0.0  0.0  0.0  0.0  0.0  0.0  2.1  1.1  0.0
  7.1  0.0  0.0  7.1  2.9  0.0  2.9  3.2  0.0  0.0  0.0  0.0  0.0  0.0  0.0
  0.0  0.4  0.0  0.0  0.0  0.0  0.0 15.3  2.1  0.4 11.1 36.0  2.9  6.4 10.3
  2.1  0.7  2.5  2.9  0.0  1.4  0.0 37.8 18.2 23.5  2.1  8.6 12.1  9.3  0.0
      2.36      6.32     -2.71     -3.86     -0.03  0.7  0.0  0.0  0.0  0.0
                                4000_story_3238_llm_free.txt 35.8  4.6 3254
 12.9  3.4  5.2 40.3  6.5  0.6  2.2  0.3  9.8 24.0  0.6  0.6  0.6  5.5  0.6
  0.6  2.2  5.2 10.4  0.6  1.8284.6 86.7 35.6112.5 46.1 11.4  9.5  0.0  0.6
  0.0  1.8 20.6  8.9 17.5 30.1  5.2  4.9  2.5  0.9  2.8  1.8  4.0  5.2  0.0
  4.3  3.7  0.6  2.8  4.6 12.9 17.5  9.5  2.8  0.6 74.4 62.4  0.9171.8  8.9
  0.6  0.0  0.0  0.0  0.0  0.0  0.0  0.0  0.0  0.0  0.0  0.0  0.0  0.0  0.0
  0.0  0.0  0.0  2.8  0.0  1.5  0.6  0.0  0.0  0.0  0.0  0.0  0.0  0.0  0.9
  0.3  1.2  0.6  0.0  0.0  0.0  0.3  0.0  0.0  0.0  0.0  0.3  0.3  0.6  0.0
  4.9  0.0  0.0  4.9  3.1  0.3  3.4  1.2  0.0  0.0  0.0  0.0  0.0  0.0  0.0
  0.0  0.3  0.0  0.0  0.0  0.0  0.0 13.2  4.9  1.2  8.3 29.5  8.0  5.8 10.4
  0.6  2.2  1.5  2.8  0.3  0.9  0.0 37.2 15.4 14.8  1.2  7.7 15.4 10.8  0.0
     -2.28      3.97     -6.02     -2.17      1.05  0.3  0.0  0.3  0.0  0.0
                                4000_story_3248_llm_free.txt 34.3  4.8 3483
 12.3  1.4  7.8 35.9  6.3  1.1  2.3  0.6  6.0 23.0  0.3  1.1  0.0  2.9  0.3
  0.9  1.7  3.7 10.3  1.7  1.7301.5 90.7 40.2116.9 38.5  9.5  7.8  0.3  0.3
  0.0  2.0 27.8  6.6 13.5 27.8  5.5  4.3  2.6  1.1  0.0  1.7  2.0  5.5  0.0
  8.6  4.6  0.3  2.9  4.3  8.0 19.2 14.1  3.4  0.6 80.1 50.8  0.6172.0  8.3
  1.4  0.3  0.0  0.0  0.0  0.0  0.0  0.0  0.0  0.0  0.0  0.0  0.0  0.0  0.0
  0.0  0.0  0.0  0.0  0.9  0.6  1.4  0.3  0.3  0.0  0.0  0.0  0.0  0.0  0.0
  0.6  0.9  0.6  0.6  0.0  0.0  0.0  0.0  0.3  0.0  0.3  0.0  2.0  0.3  0.0
  2.9  0.6  0.0  3.4  2.6  0.3  2.9  2.6  0.0  0.0  0.0  0.0  0.0  0.0  0.0
  0.0  0.3  0.0  0.0  0.0  0.0  0.0  3.4  2.9  0.0  5.7 32.2  4.0  4.3 19.8
  1.1  0.3  0.9  0.9  0.0  0.6  0.9 30.1 12.1 14.6  1.4 10.6 11.8  8.3  0.0
     -5.90      3.08     -3.47     -3.54      1.23  0.3  0.6  0.0  0.0  0.0
                                4000_story_3250_llm_free.txt 36.3  4.5 3518
 16.2  4.3  6.0 41.2 11.1  0.6  4.3  0.9 14.8 17.1  0.0  2.3  0.3  6.5  0.0
  1.1  0.6  4.8  7.4  1.1  1.4281.7 83.6 28.1118.5 49.7 15.6  8.5  0.0  1.1
  0.0  2.8 28.4 11.1 14.8 27.6  6.5  2.6  3.1  3.4  2.8  1.4  2.6  7.1  1.1
  4.8  7.1  2.0  2.6  4.3 10.2 23.0 13.1  1.7  1.1 54.3 75.6  1.7176.2  7.1
  0.9  0.0  0.0  0.0  0.0  0.0  0.0  0.0  0.0  0.0  0.0  0.0  0.0  0.0  0.0
  0.0  0.0  0.0  2.8  0.0  1.7  2.0  0.0  0.0  0.0  0.0  0.0  0.3  0.0  0.3
  0.0  0.9  1.4  0.9  0.0  0.0  0.0  0.0  0.0  0.0  0.0  0.0  2.8  1.4  0.0
  6.5  0.0  0.3  6.8  3.4  0.0  3.4  4.3  0.0  0.0  0.0  0.0  0.0  0.0  0.0
  0.0  0.3  0.3  0.0  0.0  0.0  0.0  7.4  2.3  0.9  5.7 32.1 10.8  7.1  8.2
  2.8  1.1  1.4  2.0  0.0  0.9  0.0 39.2 21.0 19.0  2.3  6.3 11.7  8.0  0.0
     -2.91      4.97     -4.51     -1.51      1.48  0.0  0.0  0.0  0.0  0.0
                                4000_story_3253_llm_free.txt 37.8  4.5 3617
 14.4  5.3 15.5 59.4 12.4  0.8  4.7  1.9 16.6 21.3  0.6  0.8  0.0  7.5  1.1
  0.6  0.6  4.1  9.1  0.8  1.1282.3 77.7 30.7108.4 49.2 12.4 13.0  0.0  1.4
  0.0  1.7 30.1  7.5 15.5 31.2  6.4  5.5  1.4  2.2  0.6  1.9  3.3  8.3  0.3
  5.3  4.4  1.4  2.2  3.3 10.2 18.2 13.8  1.4  1.4 55.8 78.2  2.2180.8  5.5
  0.6  0.0  0.0  0.0  0.0  0.0  0.0  0.0  0.0  0.0  0.0  0.0  0.0  0.0  0.0
  0.0  0.0  0.0  2.5  0.8  2.2  1.7  0.0  0.0  0.0  0.0  0.0  0.0  0.0  0.0
  0.6  1.4  0.6  0.8  0.0  0.3  0.0  0.0  0.0  0.0  0.8  0.0  2.2  0.8  0.0
  7.2  0.0  0.0  7.2  3.3  0.3  3.6  3.9  0.0  0.0  0.0  0.0  0.0  0.0  0.0
  0.3  0.0  0.0  0.0  0.0  0.0  0.0  6.6  3.6  1.4 12.2 25.7  3.9  3.9  9.1
  1.7  0.8  2.8  3.3  0.6  1.1  0.0 40.1 19.9 19.6  1.9  4.1 10.5  9.4  0.0
     -0.60      4.82     -4.09     -2.80      1.61  0.3  0.0  0.0  0.0  0.0
                                4000_story_3256_llm_free.txt 36.0  4.4 3013
 16.9  3.0  3.3 35.2  4.0  0.3  1.0  0.7  4.0 18.3  0.3  0.7  0.3  5.0  0.3
  1.3  3.0  4.0  9.6  1.0  0.7265.8 87.0 28.5125.5 79.0 13.3  6.6  0.3  0.3
  0.0  3.3 14.6 11.9  9.0 30.2  6.6  2.3  1.7  2.0  0.7  1.7  2.3  4.3  0.0
  2.7  8.0  0.7  3.0  7.0  7.0 23.6  7.0  4.0  0.7 66.4 87.0  1.7172.9  6.3
  1.7  0.0  0.0  0.0  0.0  0.0  0.0  0.0  0.0  0.0  0.0  0.0  0.0  0.0  0.0
  0.0  0.0  0.0  1.7  1.0  2.0  0.0  0.3  0.0  0.0  0.0  0.0  0.0  0.0  0.7
  0.7  0.3  1.3  0.0  0.0  0.3  0.3  0.0  0.0  0.0  0.0  0.0  2.7  0.7  0.0
  4.6  0.3  0.0  5.0  3.0  0.7  3.7  3.3  0.0  0.0  0.0  0.0  0.0  0.0  0.0
  0.0  0.7  0.0  0.0  0.0  0.0  0.0 11.3  2.3  2.7  9.0 32.9  2.7  7.3  7.0
  0.0  1.0  0.7  2.0  0.3  0.7  0.0 38.8 12.3 18.6  1.3 10.0  9.0  9.6  0.0
     -2.00      5.69     -4.19     -3.63     -0.66  0.0  0.3  0.0  0.0  0.0
                                4000_story_3257_llm_free.txt 36.3  4.4 3236
 17.3  5.6  5.9 39.9 11.1  1.2  3.4  0.6 14.2 22.6  0.9  0.6  0.6  4.3  0.9
  1.2  1.5  2.8  9.0  0.3  2.8271.0 94.9 26.0118.4 51.6 12.4  9.3  0.0  0.3
  0.0  2.5 15.5  9.0 16.4 26.0  8.7  2.2  2.5  2.2  3.1  0.9  2.2  3.7  0.0
  4.9  4.6  0.9  2.2  4.3  8.0 18.9  8.7  1.9  0.3 59.0 76.9  2.2179.5  7.7
  0.3  0.0  0.0  0.0  0.0  0.0  0.0  0.0  0.0  0.0  0.0  0.0  0.0  0.0  0.0
  0.0  0.0  0.0  3.1  0.6  2.2  2.5  0.0  0.0  0.0  0.0  0.0  0.0  0.0  1.2
  0.6  1.9  0.0  0.3  0.0  0.3  0.0  0.0  0.0  0.0  0.0  0.0  0.6  0.6  0.0
  8.3  0.0  0.0  8.3  4.0  0.3  4.3  1.2  0.0  0.0  0.0  0.0  0.0  0.0  0.0
  0.0  0.3  0.0  0.0  0.0  0.0  0.0  4.9  1.9  0.9  8.0 31.2 11.1  4.3  9.9
  2.5  1.5  1.9  1.2  0.0  1.2  0.0 42.0 16.4 20.1  1.5  9.9 11.1  6.5  0.0
     -1.63      4.55     -5.74     -2.47     -0.12  0.0  0.0  0.0  0.0  0.0
                                4000_story_3258_llm_free.txt 31.5  4.4 3817
 14.9  5.0  8.1 45.6 11.0  1.6  2.6  0.3 14.7 17.8  0.3  1.0  0.5  3.7  1.3
  0.5  2.1  3.1  5.0  0.5  1.3263.3 82.8 25.4116.8 66.8 16.2 10.2  0.0  0.3
  0.0  2.1 21.5  8.6 14.4 33.5  8.6  2.1  2.4  2.9  1.6  2.1  2.6  2.6  0.3
  5.5  6.5  2.6  1.8  3.4  6.8 17.6  8.4  2.6  0.3 52.7 92.5  1.0179.7  5.5
  1.3  0.0  0.0  0.0  0.0  0.0  0.0  0.0  0.0  0.0  0.0  0.0  0.0  0.0  0.0
  0.0  0.0  0.0  3.9  0.5  3.4  0.0  0.0  0.0  0.0  0.0  0.0  0.0  0.0  0.5
  0.0  2.1  1.3  0.3  0.0  0.0  0.0  0.0  0.0  0.3  0.0  0.0  1.3  0.5  0.0
  7.9  0.0  0.0  7.9  4.2  0.0  4.5  1.8  0.0  0.0  0.0  0.0  0.0  0.0  0.0
  0.5  0.3  0.0  0.0  0.0  0.0  0.0 12.8  3.4  0.0  6.3 38.5  7.9  8.6 10.2
  0.5  0.8  1.8  1.3  0.0  1.8  0.0 39.6 20.7 21.7  2.6 11.0 14.4  5.5  0.0
     -2.01      6.10     -5.24     -2.45      0.38  0.3  0.0  0.0  0.0  0.0
                                4000_story_3259_llm_free.txt 36.5  4.5 4391
 15.5  4.6  3.2 44.9 19.4  1.4  3.2  1.1 17.3 18.7  0.9  0.9  0.7  3.2  0.5
  0.2  1.6  7.5 10.0  0.5  0.7278.3 75.4 33.5116.8 58.3 11.8  9.8  0.0  1.4
  0.5  1.4 24.6  5.9 15.7 37.3  4.8  2.7  1.6  1.6  2.7  2.0  3.2  6.6  0.0
  6.1  5.2  0.7  2.3  3.6 13.0 19.1 12.8  2.0  1.8 65.8 95.0  2.3176.7  4.1
  2.3  0.2  0.0  0.0  0.0  0.0  0.0  0.0  0.0  0.0  0.0  0.0  0.0  0.0  0.0
  0.0  0.0  0.0  2.3  0.7  2.7  0.5  0.2  0.0  0.0  0.0  0.0  0.0  0.0  0.2
  0.2  0.5  0.9  0.0  0.0  0.2  0.0  0.0  0.0  0.0  0.0  0.2  2.7  0.5  0.0
  6.1  0.2  0.0  6.4  1.8  0.2  2.0  3.4  0.0  0.0  0.0  0.0  0.0  0.0  0.0
  0.0  0.5  0.0  0.0  0.0  0.0  0.0 13.9  4.1  1.6  8.4 33.7  4.1  7.5 10.9
  1.1  1.8  2.3  4.3  0.2  1.1  0.5 32.6 17.1 17.8  2.3 10.0 13.2 11.8  0.0
     -1.81      4.80     -4.15     -2.59      1.35  0.2  0.0  0.0  0.0  0.0
                                4000_story_3260_llm_free.txt 36.0  4.4 3264
 19.9  5.2  9.5 49.9 14.1  1.2  3.7  0.9 19.9 23.9  0.9  1.2  0.6  4.6  0.3
  1.2  1.2  6.4  8.6  1.8  1.8252.8 73.8 29.1114.9 66.2 14.4  7.7  0.3  1.8
  0.0  2.1 22.4 10.1  8.6 25.7  8.9  2.8  3.4  2.1  2.8  0.9  1.8  6.7  0.9
  4.0  6.4  1.5  3.4  6.4 11.9 20.5 11.6  3.1  2.1 64.6100.2  1.5177.4  5.2
  2.1  0.0  0.0  0.0  0.0  0.0  0.0  0.0  0.0  0.0  0.0  0.0  0.0  0.0  0.0
  0.0  0.0  0.0  1.8  0.9  2.5  2.1  0.0  0.0  0.0  0.0  0.0  0.0  0.0  1.2
  0.3  1.8  0.9  0.3  0.0  0.0  0.0  0.0  0.0  0.3  0.0  0.0  1.5  1.2  0.0
  7.4  0.0  0.0  7.4  4.6  0.0  4.9  2.8  0.0  0.0  0.0  0.0  0.0  0.0  0.0
  0.0  0.3  0.0  0.0  0.0  0.0  0.0 19.6  3.1  1.2 10.4 24.2 11.3  5.2 11.0
  1.5  0.3  1.5  3.1  0.0  0.9  0.6 31.6 21.4 25.7  2.5  8.9  9.2  6.7  0.0
      2.52      5.18     -2.45     -2.21      0.54  0.3  0.0  0.0  0.0  0.0
                                4000_story_3262_llm_free.txt 36.0  4.4 3567
 17.9  7.6  6.4 39.2 11.2  1.4  5.6  1.1 13.2 24.7  0.6  1.4  0.3  7.3  0.3
  0.0  1.4  5.9  9.0  2.5  2.8258.2 84.4 26.6126.4 62.8 13.2 12.6  0.0  0.3
  0.0  1.1 19.3  8.4 17.1 34.5  7.0  2.0  3.6  1.7  1.7  2.0  4.2  3.6  0.0
  4.8  6.2  0.8  2.5  3.4  9.5 19.3  8.4  3.9  0.3 62.0 87.2  2.0184.5  6.4
  1.1  0.0  0.0  0.0  0.0  0.0  0.0  0.0  0.0  0.0  0.0  0.0  0.0  0.0  0.0
  0.0  0.0  0.0  2.5  0.8  3.1  2.0  0.0  0.0  0.0  0.0  0.0  0.0  0.0  0.3
  0.3  0.8  0.6  0.3  0.0  0.0  0.0  0.0  0.0  0.3  0.0  0.0  1.7  0.8  0.0
  8.4  0.0  0.0  8.4  2.2  0.0  2.5  2.5  0.0  0.0  0.0  0.0  0.0  0.0  0.0
  0.3  1.1  0.0  0.0  0.0  0.0  0.0 10.9  2.0  1.4  7.6 35.6  2.5  7.3  8.7
  9.5  2.0  1.1  2.8  0.3  0.0  0.0 39.5 23.0 20.7  1.4  7.3 12.6 10.1  0.0
      4.33      6.09     -6.52     -2.61      1.09  1.4  0.0  0.0  0.0  0.0
                                4000_story_3263_llm_free.txt 36.5  4.5 3940
 14.2  3.8  5.3 31.2  7.1  0.8  1.8  0.5  8.9 20.3  1.0  0.8  0.3  3.8  0.5
  0.5  1.8  4.6  7.9  0.5  3.3282.0 91.4 37.6128.4 58.6 12.7  9.4  0.3  0.8
  0.0  2.5 28.2  9.1 17.0 31.7  3.3  1.8  1.0  0.8  0.5  2.5  3.6  3.3  0.5
  3.0  5.6  0.8  1.3  4.6  6.9 17.5  6.9  2.3  1.0 72.8 74.6  1.8170.3  6.9
  0.8  0.0  0.0  0.0  0.0  0.0  0.0  0.0  0.0  0.0  0.0  0.0  0.0  0.0  0.0
  0.0  0.0  0.0  1.8  0.3  1.0  1.5  0.0  0.0  0.0  0.0  0.0  0.0  0.0  0.3
  0.0  0.0  0.0  0.3  0.0  0.0  0.0  0.0  0.0  0.3  0.0  0.0  1.3  1.3  0.0
  4.6  0.0  0.0  4.6  0.5  0.0  0.8  2.5  0.0  0.0  0.0  0.0  0.0  0.0  0.0
  0.3  0.3  0.0  0.0  0.0  0.0  0.0 14.2  2.8  0.3  8.6 28.9  5.3  5.1  7.1
  0.5  2.0  3.3  5.3  0.0  1.5  0.0 37.8 16.0 14.5  1.3  9.1 12.9  8.6  0.0
     -4.81      5.28     -5.01     -4.25      0.47  0.0  0.0  0.3  0.0  0.0
                                4000_story_3266_llm_free.txt 36.8  4.5 3119
 15.7  4.5  5.5 34.9  5.5  1.0  4.5  1.0 10.9 21.2  0.6  0.6  0.6  4.5  0.6
  0.6  0.3  3.8  9.6  0.3  1.9291.1 93.3 34.0118.0 48.1 15.7  7.1  0.0  0.6
  0.0  0.6 19.9  5.8 13.8 27.6  4.5  1.6  1.9  2.2  1.3  1.6  1.9  4.2  0.3
  6.7  3.5  0.6  1.6  3.2  6.7 16.7 11.2  0.6  0.6 67.3 64.4  1.0168.6  6.7
  1.9  0.0  0.0  0.0  0.0  0.0  0.0  0.0  0.0  0.0  0.0  0.0  0.0  0.0  0.0
  0.0  0.0  0.0  1.6  1.3  1.6  0.6  0.0  0.0  0.0  0.0  0.0  0.0  0.0  0.0
  0.3  1.0  0.6  0.3  0.0  0.0  0.0  0.0  0.0  0.3  0.0  0.0  2.2  0.6  0.0
  5.1  0.0  0.0  5.1  2.2  0.0  2.6  2.9  0.0  0.0  0.0  0.0  0.0  0.0  0.0
  0.0  0.6  0.0  0.0  0.0  0.0  0.0  6.7  1.9  1.3  8.0 39.8  2.9  5.1  9.0
  0.6  0.3  1.0  2.6  0.0  0.6  0.3 31.7 13.5 19.6  1.9  7.4  9.0  5.1  0.0
     -6.04      4.62     -4.36     -3.33      0.63  0.3  0.0  0.0  0.0  0.0
                                4000_story_3271_llm_free.txt 37.0  4.3 3015
 16.3  7.0  5.0 55.1 18.9  3.3  4.0  1.0 24.5 16.3  0.7  1.0  0.3  6.0  1.0
  0.7  2.3  9.3  8.3  1.0  0.3241.8 79.9 27.9111.8 65.7 11.9 10.6  0.0  1.0
  0.7  0.3 17.6  9.3  7.6 32.8  6.3  5.6  3.6  2.3  4.6  2.3  2.7  5.0  0.3
  3.0  7.0  2.0  3.3  6.3 19.6 18.9  8.3  3.3  1.7 57.7109.1  1.3183.7  7.3
  2.0  0.7  0.0  0.0  0.0  0.0  0.0  0.0  0.0  0.0  0.0  0.0  0.0  0.0  0.0
  0.0  0.0  0.0  3.6  1.3  2.7  1.7  0.7  0.0  0.0  0.0  0.0  0.3  0.0  0.7
  0.3  2.0  0.3  0.3  0.0  0.0  0.0  0.0  0.0  0.3  0.3  0.0  2.7  1.0  0.0
  9.3  0.7  0.3 10.3  3.6  0.0  4.0  4.0  0.0  0.0  0.0  0.0  0.0  0.0  0.0
  0.0  0.3  0.0  0.0  0.0  0.0  0.0 12.6  2.0  3.3  6.0 27.5  1.7 17.2  6.3
  3.0  2.0  1.3  2.7  0.0  1.0  0.0 38.5 18.9 21.9  3.0  8.6 14.3  8.0  0.0
      5.03      5.13     -3.34      0.11      0.00  0.0  0.0  0.0  0.0  0.0
                                4000_story_3275_llm_free.txt 35.5  4.5 2906
 18.9  4.1  3.8 40.3  6.9  0.3  3.4  0.7  7.6 25.5  0.7  0.7  0.3  5.8  0.3
  1.0  1.4  5.2 11.4  1.7  1.0282.5 84.0 31.3118.4 50.2 11.0  9.6  0.3  1.4
  0.0  2.1 26.5  7.6 18.6 24.8  4.1  4.8  2.8  2.8  1.0  1.7  1.7  3.4  0.3
  4.8  6.2  1.0  2.8  2.1 11.0 23.1  8.6  3.1  1.7 54.4 64.7  0.3175.5  6.5
  2.1  0.0  0.0  0.0  0.0  0.0  0.0  0.0  0.0  0.0  0.0  0.0  0.0  0.0  0.0
  0.0  0.0  0.0  2.4  1.7  1.7  0.3  0.0  0.0  0.0  0.0  0.0  0.0  0.0  0.3
  0.3  0.7  0.3  0.3  0.0  0.0  0.0  0.0  0.0  0.7  0.0  0.3  1.4  0.3  0.0
  6.2  0.0  0.0  6.2  2.1  0.0  2.8  2.1  0.0  0.0  0.0  0.0  0.0  0.0  0.0
  0.0  0.0  0.0  0.0  0.0  0.0  0.0  8.6  1.7  2.8  8.3 32.3  1.7  3.8 24.1
  2.4  1.7  1.7  2.1  0.0  0.0  0.0 35.4 17.9 21.3  1.7  8.6  8.3  8.9  0.0
     -0.94      4.30     -4.57     -2.14     -0.21  0.3  0.0  0.3  0.0  0.0
                                4000_story_3277_llm_free.txt 36.0  4.5 3047
 20.3  4.6  6.2 36.4  6.6  0.7  2.6  0.7 14.8 18.7  0.3  1.0  0.3  5.6  0.0
  0.3  1.6  3.6 11.2  2.3  2.3276.3 85.0 24.3116.5 63.0 14.4  9.2  0.7  1.0
  0.0  1.3 23.3  7.9 13.5 30.2  6.9  2.0  2.3  2.0  1.3  1.3  2.3  6.2  0.7
  7.5  4.3  1.3  3.3  2.0  6.9 19.7 14.4  3.9  1.6 49.9 84.3  1.6173.0  4.6
  1.3  0.0  0.0  0.0  0.0  0.0  0.0  0.0  0.0  0.0  0.0  0.0  0.0  0.0  0.0
  0.0  0.0  0.0  2.3  0.3  2.3  1.6  0.0  0.0  0.0  0.0  0.0  0.3  0.0  0.3
  0.0  1.6  1.0  0.7  0.0  0.3  0.0  0.0  0.0  0.7  0.0  0.0  2.3  1.0  0.0
  6.6  0.0  0.3  6.9  3.6  0.3  4.6  3.3  0.0  0.0  0.0  0.0  0.0  0.0  0.0
  0.0  0.0  0.0  0.0  0.0  0.0  0.0 19.0  2.3  4.9  8.9 21.3  5.6  3.6  7.9
  2.0  1.0  2.3  1.3  0.3  0.3  0.0 33.8 19.0 23.0  1.6  9.2  9.8  6.6  0.0
     -0.51      5.38     -3.97     -3.35      1.69  0.0  0.0  0.0  0.0  0.0
                                4000_story_3281_llm_free.txt 37.0  4.4 2924
 18.5  6.2  9.2 44.8 17.1  0.3  2.1  0.7 21.5 13.7  0.3  1.4  0.7  5.1  0.0
  1.0  1.0  5.8  8.9  1.0  1.4252.4 77.3 27.0123.1 70.5 17.4 10.6  0.3  0.3
  0.0  2.1 19.2  7.9 12.3 32.5  8.9  3.4  4.1  1.4  2.7  1.7  3.8  5.5  0.3
  4.4  5.5  2.1  2.7  3.8 12.0 19.2 10.3  2.1  0.7 54.0109.1  3.1189.1  6.8
  1.4  0.0  0.0  0.0  0.0  0.0  0.0  0.0  0.0  0.0  0.0  0.0  0.0  0.0  0.0
  0.0  0.0  0.0  3.8  1.0  1.7  2.4  0.0  0.0  0.0  0.0  0.0  0.0  0.0  0.3
  0.0  2.1  1.7  1.0  0.0  0.3  0.0  0.3  0.0  0.7  0.0  0.0  3.1  0.3  0.0
  8.9  0.0  0.0  8.9  5.1  0.7  6.5  3.4  0.0  0.0  0.0  0.0  0.0  0.0  0.0
  0.0  0.0  0.0  0.0  0.0  0.0  0.0 20.9  1.7  1.7  9.2 24.3  3.1  8.2 14.0
  1.0  1.0  2.4  2.7  0.3  2.1  0.3 33.9 20.9 23.9  3.8  7.5 13.3 10.6  0.0
     -0.72      6.77     -4.28     -1.86      1.25  0.0  0.0  0.0  0.3  0.0
                                4000_story_3285_llm_free.txt 35.3  4.4 3557
 21.4  7.9  7.0 38.8  7.9  0.8  1.4  0.6 10.7 21.4  0.3  2.2  0.3  8.2  0.0
  0.3  0.6  2.2  8.2  0.6  2.0278.6 84.1 27.6117.2 56.5 12.7  6.5  0.3  0.8
  0.0  1.1 21.6  7.6 14.3 26.7  7.3  2.2  2.5  3.4  1.4  1.7  2.5  6.5  0.3
  6.7  5.1  1.4  1.4  3.9  5.9 20.0 13.5  1.1  1.1 58.8 75.1  1.4174.0  8.7
  1.7  0.0  0.0  0.0  0.0  0.0  0.0  0.0  0.0  0.0  0.0  0.0  0.0  0.0  0.0
  0.0  0.0  0.0  1.7  1.1  5.1  2.0  0.0  0.0  0.0  0.0  0.0  0.0  0.3  0.6
  0.8  1.7  0.8  0.8  0.0  0.0  0.0  0.0  0.0  0.3  0.0  0.0  1.7  0.3  0.0
  9.8  0.0  0.3 10.1  4.8  0.0  5.1  2.0  0.0  0.0  0.0  0.0  0.0  0.0  0.0
  0.0  0.6  0.0  0.0  0.0  0.0  0.0 13.5  2.0  1.1  7.3 32.3  7.6  5.3  9.3
  1.1  2.0  1.4  3.1  0.0  0.3  0.0 37.1 13.2 25.9  1.7  7.3 10.7  7.3  0.0
     -2.02      4.27     -4.42     -2.38      1.33  0.0  0.0  0.0  0.0  0.0
                                4000_story_3290_llm_free.txt 35.8  4.6 3460
 14.2  1.4  3.8 35.0  6.1  0.3  0.9  0.9  9.0 15.6  1.2  0.9  0.6  4.6  0.6
  0.3  1.4  2.9 11.3  0.6  0.6284.1 95.1 37.3115.9 42.8 13.3 11.0  0.0  0.3
  0.0  2.0 21.4  9.2 19.4 30.9  3.5  2.6  2.0  2.0  1.7  1.4  4.6  3.5  0.0
  4.0  4.3  2.0  1.2  6.6  7.2 20.5  7.5  2.0  0.3 74.9 57.8  1.7165.9  8.1
  2.9  0.0  0.0  0.0  0.0  0.0  0.0  0.0  0.0  0.0  0.0  0.0  0.0  0.0  0.0
  0.0  0.0  0.0  0.9  0.3  1.7  0.3  0.0  0.0  0.0  0.0  0.0  0.0  0.0  0.3
  0.0  0.6  0.6  0.3  0.0  0.0  0.0  0.3  0.0  0.0  0.3  0.0  1.2  2.6  0.0
  3.2  0.0  0.0  3.2  1.7  0.3  2.0  4.0  0.0  0.0  0.0  0.0  0.0  0.0  0.0
  0.0  0.6  0.3  0.0  0.3  0.0  0.0  6.6  2.3  0.3  7.8 29.5  8.1  5.8 17.1
  1.7  2.0  3.2  2.9  0.3  0.6  0.0 34.1 16.5 14.2  1.4  6.6 12.7 10.1  0.0
     -7.40      4.58     -6.74     -3.01      1.09  0.9  0.0  0.0  0.3  0.0
                                4000_story_3291_llm_free.txt 36.5  4.6 3292
 14.9  2.4  5.5 34.3  5.5  1.8  1.8  0.6 10.3 17.3  0.9  0.6  0.6  4.9  0.3
  0.0  2.1  1.8 10.9  1.2  2.1295.6 89.9 31.9122.7 47.1  9.1 14.3  0.0  0.9
  0.0  2.1 28.3  6.7 17.0 30.4  5.8  2.1  3.0  0.6  2.4  1.2  1.5  6.1  0.3
  3.6  4.9  1.5  2.1  3.6  6.4 19.1 10.0  3.3  0.9 61.4 62.9  0.9171.9  7.0
  1.5  0.0  0.0  0.0  0.0  0.0  0.0  0.0  0.0  0.0  0.0  0.0  0.0  0.0  0.0
  0.0  0.0  0.0  2.1  0.3  0.6  0.9  0.0  0.0  0.0  0.0  0.0  0.0  0.0  0.0
  0.0  1.2  0.3  0.6  0.0  0.0  0.0  0.0  0.0  0.3  0.0  0.0  1.8  0.0  0.0
  3.9  0.0  0.0  3.9  2.1  0.0  2.4  1.8  0.0  0.0  0.0  0.0  0.0  0.0  0.0
  0.3  0.3  0.0  0.0  0.3  0.0  0.0  8.5  3.0  0.3  7.9 34.6  7.9  8.5 10.0
  0.9  1.5  3.0  2.4  0.3  1.5  0.3 29.8 25.2 15.5  2.4  5.5 10.9  9.7  0.0
     -4.46      4.80     -4.46     -3.20     -0.35  0.0  0.0  0.0  0.0  0.0
                                4000_story_3298_llm_free.txt 34.5  4.5 3312
 12.4  5.1  6.3 33.5  7.5  0.6  1.8  0.9 12.1 20.2  0.3  0.6  0.0  4.5  0.6
  0.0  1.8  4.8 11.5  0.3  2.4285.9 93.0 38.3117.8 48.6 13.6  7.5  0.3  0.0
  0.0  1.8 26.6  9.4 15.4 28.7  3.9  3.6  1.8  1.2  1.2  1.2  2.4  6.9  0.6
  5.4  3.6  0.3  1.5  2.7  9.7 18.7 13.0  2.1  0.3 65.5 68.2  1.2164.3  4.8
  1.2  0.0  0.0  0.0  0.0  0.0  0.0  0.0  0.0  0.0  0.0  0.0  0.0  0.0  0.0
  0.0  0.0  0.0  1.5  0.6  2.7  0.6  0.0  0.0  0.0  0.0  0.0  0.0  0.0  0.3
  0.3  0.0  0.3  0.6  0.0  0.0  0.0  0.0  0.0  0.3  0.0  0.0  1.5  0.9  0.0
  5.4  0.0  0.0  5.4  1.5  0.0  1.8  2.4  0.0  0.0  0.0  0.0  0.0  0.0  0.0
  0.0  0.0  0.0  0.0  0.0  0.0  0.0  5.7  4.2  0.6  6.9 38.0  5.4  3.9  9.7
  1.2  2.7  4.5  3.0  0.0  0.3  0.6 37.7 13.0 13.9  2.4  5.7  9.1  7.2  0.0
     -4.26      4.32     -5.17     -3.55      1.15  0.0  0.0  0.3  0.0  0.0
                                4000_story_3302_llm_free.txt 34.3  4.5 3353
 16.4  6.6  6.3 34.6  4.5  0.0  3.0  1.5  6.9 21.2  2.1  1.2  0.3  6.3  0.3
  0.3  0.9  2.7 10.7  0.9  1.5284.8 86.8 36.1124.7 49.2 12.2 10.7  0.3  0.6
  0.0  0.9 21.5  5.7 14.0 25.9  6.0  4.5  3.6  1.5  1.2  0.0  3.9  3.6  0.6
  5.1  5.7  0.9  3.0  3.3  8.4 20.0  9.2  1.8  0.9 62.9 60.5  1.2178.6  6.3
  0.9  0.0  0.0  0.0  0.0  0.0  0.0  0.0  0.0  0.0  0.0  0.0  0.0  0.0  0.0
  0.0  0.0  0.0  2.7  0.9  2.4  0.9  0.0  0.0  0.0  0.0  0.0  0.0  0.0  0.3
  0.3  0.9  0.6  0.6  0.0  0.3  0.0  0.0  0.0  0.0  0.0  0.0  0.0  0.9  0.0
  6.9  0.0  0.0  6.9  2.7  0.3  3.0  0.9  0.0  0.0  0.0  0.0  0.0  0.0  0.0
  0.0  0.0  0.0  0.0  0.0  0.0  0.0 11.0  2.4  0.9  5.7 39.4  5.4  3.9 21.8
  3.3  2.1  3.9  2.7  0.3  1.5  0.3 34.9 20.0 18.8  0.0  9.5  9.8  8.9  0.0
     -3.88      4.90     -3.95     -3.14      1.43  0.0  0.0  0.3  0.0  0.0
                                4000_story_3303_llm_free.txt 33.8  4.4 3580
 11.2  5.0  8.9 44.4 12.6  0.6  2.8  0.6 18.4 17.0  0.8  0.6  0.3  3.1  0.3
  0.6  1.1  3.6  8.4  1.1  0.8259.8 79.1 29.6127.4 67.3 15.6 10.3  0.0  1.7
  0.0  1.4 23.2  7.0 15.9 30.7  4.5  5.0  3.1  2.2  1.7  2.0  0.6  3.6  0.6
  5.9  5.3  0.6  2.0  3.9 10.3 17.9 10.1  2.2  1.7 57.0 98.3  1.1186.6  6.4
  2.8  0.0  0.0  0.0  0.0  0.0  0.0  0.0  0.0  0.0  0.0  0.0  0.0  0.0  0.0
  0.0  0.0  0.0  3.4  0.8  1.4  0.8  0.0  0.0  0.0  0.0  0.0  0.0  0.0  0.6
  0.3  0.6  0.3  0.8  0.0  0.0  0.0  0.3  0.0  0.0  0.0  0.0  2.2  1.1  0.0
  6.4  0.0  0.0  6.4  2.5  0.3  2.8  3.4  0.0  0.0  0.0  0.0  0.0  0.0  0.0
  0.0  0.0  0.0  0.0  0.0  0.0  0.0 10.6  2.5  1.4  7.0 23.7  7.5  3.1 21.5
  3.9  1.4  0.8  4.2  0.0  0.3  0.3 39.9 19.3 14.8  2.0  6.4 14.8  8.1  0.0
     -4.16      6.38     -4.48     -1.82     -0.41  0.0  0.0  0.0  0.0  0.0
                                4000_story_3305_llm_free.txt 38.5  4.5 3209
 17.1  6.5  6.5 40.2  8.1  0.9  3.4  1.6 12.5 13.4  0.3  1.2  0.9  3.7  0.6
  0.3  2.5  3.1  6.5  1.6  1.6277.3 80.4 32.1118.7 61.7 10.0  9.3  0.6  0.0
  0.3  1.2 24.3  6.9 11.5 32.4  5.3  3.4  2.8  1.2  0.9  1.9  3.7  7.5  0.6
  6.9  6.5  0.9  1.9  3.4  7.5 16.8 15.0  4.1  0.9 61.7 82.3  2.5174.8  6.9
  2.8  0.0  0.0  0.0  0.0  0.0  0.0  0.0  0.0  0.0  0.0  0.0  0.0  0.0  0.0
  0.0  0.0  0.0  2.2  0.3  2.2  4.7  0.0  0.0  0.0  0.0  0.0  0.0  0.3  0.0
  0.6  1.2  0.6  0.9  0.0  0.0  0.0  0.0  0.0  0.6  0.0  0.0  3.7  1.6  0.0
  9.3  0.0  0.3  9.7  3.4  0.0  4.1  5.3  0.0  0.0  0.0  0.0  0.0  0.0  0.0
  0.3  0.9  0.0  0.0  0.3  0.0  0.0 12.8  3.4  0.6 11.5 35.5  5.6  5.6 12.8
  2.2  0.9  1.9  2.5  0.3  0.9  0.3 30.2 17.1 25.2  1.2  6.2 14.6 11.8  0.0
     -1.38      4.57     -3.42     -3.12      2.53  0.0  0.0  0.0  0.0  0.0
                                4000_story_3306_llm_free.txt 34.3  4.6 3498
 18.0  6.6  5.4 40.0  6.0  1.1  3.7  0.6 10.9 15.2  0.3  1.4  0.6  4.3  0.9
  0.0  1.4  4.9 11.1  0.6  1.4287.0 80.9 34.3118.4 61.7 14.9  8.9  0.0  0.9
  0.3  1.1 36.6  7.7 14.9 24.9  6.6  3.1  1.7  2.9  2.3  1.4  1.1  9.1  0.0
  5.4  5.7  1.4  3.7  3.7 10.3 22.3 14.6  2.0  1.1 56.6 78.6  2.0179.2  5.4
  1.7  0.0  0.0  0.0  0.0  0.0  0.0  0.0  0.0  0.0  0.0  0.0  0.0  0.0  0.0
  0.0  0.0  0.0  3.1  1.7  2.9  0.6  0.0  0.0  0.0  0.0  0.0  0.0  0.0  0.6
  0.3  0.6  0.0  0.6  0.0  0.9  0.0  0.0  0.0  0.3  0.0  0.0  1.7  0.9  0.0
  8.3  0.0  0.0  8.3  2.0  0.9  3.1  2.6  0.0  0.0  0.0  0.0  0.0  0.0  0.0
  0.0  0.0  0.0  0.0  0.0  0.0  0.0 10.3  2.6  0.9  8.3 28.3  3.1  3.7 33.2
  2.9  0.6  2.3  4.3  0.3  1.1  0.3 40.6 16.0 19.7  0.9  7.1  9.4 10.3  0.0
     -3.15      5.41     -3.36     -2.34      0.23  0.0  0.0  0.0  0.0  0.0
                                4000_story_3309_llm_free.txt 35.3  4.5 3426
 20.1  7.0  7.0 36.2 14.3  1.8  2.9  0.3 11.7 28.0  0.6  0.9  0.9  3.5  0.3
  0.3  0.9  4.7  9.9  1.2  1.8254.8 81.4 30.4129.0 66.0 14.3  8.2  0.3  0.6
  0.0  2.0 20.4  7.9 15.2 32.7  7.0  5.5  2.3  3.2  0.9  2.3  3.5  4.4  0.0
  3.8  6.7  1.5  2.9  2.3 11.1 22.8  8.2  2.0  0.9 63.3 91.9  1.8177.2  6.4
  0.9  0.0  0.0  0.0  0.0  0.0  0.0  0.0  0.0  0.0  0.0  0.0  0.0  0.0  0.0
  0.0  0.0  0.0  1.5  0.3  5.8  0.6  0.0  0.0  0.0  0.0  0.0  0.0  0.0  0.6
  0.3  1.8  0.9  0.3  0.0  0.0  0.0  0.0  0.0  0.9  0.0  0.0  0.9  0.6  0.0
  8.2  0.0  0.0  8.2  3.8  0.0  4.7  1.5  0.0  0.0  0.0  0.0  0.0  0.0  0.0
  0.0  1.2  0.0  0.0  0.0  0.0  0.0  5.5  0.9  2.9  5.5 28.6  5.5 11.1  7.9
  0.9  1.8  1.5  5.3  0.3  1.8  0.0 41.7 14.3 21.6  1.5  9.9  9.6 12.8  0.0
     -0.43      5.71     -4.96     -1.72      0.45  0.3  0.0  0.0  0.0  0.0
                                4000_story_3310_llm_free.txt 33.5  4.5 3100
 20.6  4.5  7.4 27.1  4.8  0.3  3.5  0.6 12.6 20.0  0.6  0.3  0.0  4.5  1.0
  0.3  1.3  2.6  8.7  0.6  3.2288.1 92.9 27.4139.0 53.5 12.6 11.3  0.0  1.0
  0.0  2.9 25.2 10.6 16.1 26.8  4.8  0.6  1.0  0.6  1.0  1.3  2.9  1.9  0.0
  3.9  6.8  1.3  2.3  4.5  4.2 19.4  5.8  1.9  1.0 60.3 71.0  1.9183.5  8.4
  1.0  0.3  0.0  0.0  0.0  0.0  0.0  0.0  0.0  0.0  0.0  0.0  0.0  0.0  0.0
  0.0  0.0  0.0  2.9  1.3  1.6  1.0  0.3  0.0  0.0  0.0  0.0  0.0  0.0  0.0
  0.6  0.3  1.0  1.0  0.0  0.0  0.0  0.0  0.0  0.3  0.0  0.0  1.3  1.0  0.0
  6.8  0.3  0.0  7.1  2.9  0.0  3.2  2.3  0.0  0.0  0.0  0.0  0.0  0.0  0.0
  0.3  0.3  0.0  0.0  0.0  0.0  0.0  8.7  0.6  0.0  4.8 36.1  2.3  6.1 20.3
  1.6  0.6  2.6  2.6  0.0  0.6  0.0 37.1 20.0 22.9  0.3 11.0  9.7 10.3  0.0
     -4.28      5.74     -5.03     -4.87     -0.27  0.0  0.0  0.0  0.0  0.0
                                4000_story_3311_llm_free.txt 38.8  4.5 3653
 20.5  5.7  6.8 42.2 11.5  0.8  2.2  0.8 13.1 17.8  1.6  1.4  0.0  7.7  0.5
  0.5  1.9  5.7 11.2  1.9  0.8265.3 80.2 27.9115.8 67.3 11.2 13.1  0.0  1.4
  0.0  0.3 26.0  7.7 10.7 26.8  6.8  4.1  3.3  1.6  3.0  1.6  2.7  5.5  0.3
  5.2  5.7  0.3  1.6  2.5 12.9 20.3 10.9  3.8  1.4 60.5 92.0  1.9178.5  7.4
  3.0  0.0  0.0  0.0  0.0  0.0  0.0  0.0  0.0  0.0  0.0  0.0  0.0  0.0  0.0
  0.0  0.0  0.0  3.6  0.3  2.2  0.5  0.0  0.0  0.0  0.0  0.0  0.0  0.3  0.8
  0.3  1.6  0.8  0.3  0.0  0.0  0.0  0.0  0.0  0.0  0.0  0.0  1.6  0.3  0.0
  6.6  0.0  0.3  6.8  3.8  0.0  3.8  1.9  0.0  0.0  0.0  0.0  0.0  0.0  0.0
  0.0  0.0  0.0  0.0  0.0  0.0  0.0  9.6  1.6  5.7  6.0 20.0  4.7  4.9  9.9
  2.2  3.0  1.6  1.9  0.0  1.1  0.0 37.5 19.7 21.9  1.6  6.8 11.8 10.1  0.0
      2.50      5.67     -3.29     -1.73      0.80  0.3  0.0  0.0  0.0  0.0
                                4000_story_3315_llm_free.txt 36.0  4.6 3117
 15.7  5.8  8.3 37.9  9.9  1.0  2.2  0.3 10.3 22.8  0.0  1.3  0.0  7.1  0.6
  0.6  1.3  2.6  8.7  0.6  1.3267.2 92.4 29.8121.6 54.9 12.2  7.7  0.0  0.0
  0.3  1.9 19.9  7.7 16.4 30.5  3.8  1.9  1.3  1.0  1.9  1.3  3.2  5.5  0.6
  6.4  6.4  1.6  1.9  4.8  6.4 19.2 12.5  1.9  0.3 66.7 75.1  1.3180.6  9.6
  1.9  0.0  0.0  0.0  0.0  0.0  0.0  0.0  0.0  0.0  0.0  0.0  0.0  0.0  0.0
  0.0  0.0  0.0  0.6  0.3  6.1  0.3  0.0  0.0  0.0  0.0  0.0  0.3  0.0  0.3
  0.0  0.6  0.3  0.0  0.0  0.0  0.0  0.0  0.0  0.0  0.0  0.3  0.6  1.0  0.0
  7.4  0.0  0.3  7.7  1.3  0.0  1.3  1.9  0.0  0.0  0.0  0.0  0.0  0.0  0.0
  0.0  0.3  0.0  0.0  0.0  0.0  0.0  6.4  1.6  0.3  4.8 28.9  4.5  4.5 12.2
  0.0  1.3  0.6  2.9  1.3  0.3  0.0 37.5 11.5 19.6  2.2  9.3 10.6  9.6  0.0
     -2.44      4.48     -5.38     -3.87      1.77  0.0  0.0  0.0  0.0  0.0
                                4000_story_3319_llm_free.txt 38.5  4.5 3162
 18.7  5.7  5.4 46.5  9.8  1.6  4.1  1.6 12.3 19.9  0.3  1.6  0.0  7.0  0.6
  0.3  1.9  6.0 10.4  0.9  1.3265.0 78.1 36.4119.2 57.2 15.2  9.2  0.0  3.2
  0.3  1.9 22.8  8.9 10.8 33.8  5.7  4.4  3.8  2.5  0.9  2.2  2.8  4.7  0.6
  8.2  4.4  0.6  2.2  4.1 11.4 20.9 13.6  2.8  3.5 67.4 79.4  1.9183.1  7.0
  0.3  0.0  0.0  0.0  0.0  0.0  0.0  0.0  0.0  0.0  0.0  0.0  0.0  0.0  0.0
  0.0  0.0  0.0  1.6  0.0  2.8  1.6  0.0  0.0  0.0  0.0  0.0  0.0  0.0  0.3
  0.0  1.3  0.9  0.0  0.0  0.0  0.0  0.0  0.0  0.3  0.3  0.0  2.5  1.6  0.0
  6.0  0.0  0.0  6.0  2.5  0.0  2.8  4.4  0.0  0.0  0.0  0.0  0.0  0.0  0.0
  0.0  0.6  0.0  0.0  0.0  0.0  0.0 13.6  3.5  3.5  8.5 25.0  3.2 17.1 14.5
  4.1  0.9  0.6  5.4  0.3  0.3  0.0 38.9 15.2 21.5  2.5  7.3 10.8  8.2  0.0
      1.51      5.36     -2.49     -1.84      2.01  0.0  0.0  0.0  0.0  0.0
                                4000_story_3321_llm_free.txt 33.8  4.5 3252
 12.3  3.1 11.4 40.0 10.8  0.3  2.8  1.2 15.7 17.8  1.2  1.8  0.6  5.8  0.0
  0.6  1.2  6.2  6.5  0.3  2.2254.9 75.0 30.1128.5 61.5 16.6 10.5  0.0  1.8
  0.0  3.7 18.5  9.2 11.1 30.1  3.7  2.8  1.2  0.9  2.2  1.5  4.0  5.2  0.0
  6.5  6.5  0.3  1.8  4.9 11.1 19.4 11.7  1.5  1.8 73.2 87.9  4.0182.0  6.8
  2.5  0.0  0.0  0.0  0.0  0.0  0.0  0.0  0.0  0.0  0.0  0.0  0.0  0.0  0.0
  0.0  0.0  0.0  1.8  0.0  1.8  0.0  0.0  0.0  0.0  0.0  0.0  0.3  0.0  0.0
  0.0  1.8  0.0  0.0  0.0  0.0  0.0  0.3  0.0  0.0  0.0  0.3  0.9  0.6  0.0
  3.7  0.0  0.3  4.0  1.8  0.3  2.2  1.8  0.0  0.0  0.0  0.0  0.0  0.0  0.0
  0.0  0.3  0.0  0.0  0.0  0.0  0.0 11.7  1.5  0.9  5.8 22.4  4.9  5.5  6.8
  1.5  1.2  1.8  4.6  0.3  0.0  0.0 41.5 15.1 20.6  1.2  9.5 10.8  9.5  0.0
     -2.20      6.36     -3.06     -3.49      1.75  0.0  0.0  0.0  0.0  0.0
                                4000_story_3322_llm_free.txt 39.3  4.5 3135
 14.7  5.4  7.0 44.3 12.8  1.0  3.8  1.0 19.5 15.6  1.3  1.0  0.0  4.5  0.0
  1.3  3.2  6.7  9.3  0.0  0.6259.0 77.5 28.1125.7 67.6 14.4 11.2  0.0  1.3
  0.3  2.2 22.3  7.0 14.7 35.4  7.0  5.1  2.6  1.6  1.3  1.6  5.1  7.0  0.3
  4.1  7.3  1.6  2.9  6.7 13.1 21.4 11.5  3.2  1.6 57.7 99.8  2.9186.9  7.0
  2.6  0.0  0.0  0.0  0.0  0.0  0.0  0.0  0.0  0.0  0.0  0.0  0.0  0.0  0.0
  0.0  0.0  0.0  4.5  0.0  1.6  2.2  0.0  0.0  0.0  0.0  0.0  0.0  0.6  0.6
  0.3  1.9  0.6  1.0  0.0  0.0  0.0  0.0  0.0  0.6  0.0  0.0  3.8  1.0  0.0
  8.3  0.0  0.6  8.9  4.5  0.0  5.1  4.8  0.0  0.0  0.0  0.0  0.0  0.0  0.0
  0.6  0.0  0.0  0.0  0.0  0.0  0.0 18.5  2.2  3.2 10.2 31.3  4.1  8.6 15.0
  2.9  0.3  0.3  3.8  0.0  1.0  0.0 43.1 20.4 17.2  0.6  8.6 10.5  7.3  0.0
      0.68      6.24     -4.05     -2.60      2.21  0.3  0.0  0.0  0.0  0.0
                                4000_story_3323_llm_free.txt 36.5  4.6 3358
 11.9  1.5  6.3 33.4  3.9  1.5  1.2  0.6  9.2 20.0  0.9  0.6  1.8  5.7  0.3
  0.0  2.4  3.9 10.1  1.5  2.7280.2 89.9 30.4131.3 45.9 14.6 10.4  0.6  0.6
  0.0  1.8 23.5 10.1 16.7 29.2  4.8  1.8  3.3  0.9  1.2  1.5  1.5  4.2  0.6
  3.3  3.0  0.9  2.4  5.4  6.8 16.4  8.0  3.9  1.2 65.2 59.0  2.4180.2  6.8
  2.1  0.0  0.0  0.0  0.0  0.0  0.0  0.0  0.0  0.0  0.0  0.0  0.0  0.0  0.0
  0.0  0.0  0.0  0.3  0.3  0.9  0.3  0.0  0.0  0.0  0.0  0.0  0.0  0.0  0.0
  0.3  0.9  0.0  0.3  0.0  0.0  0.0  0.0  0.0  0.0  0.0  0.0  1.5  0.9  0.0
  1.8  0.0  0.0  1.8  1.5  0.0  1.5  2.4  0.0  0.0  0.0  0.0  0.0  0.0  0.0
  0.0  0.0  0.0  0.0  0.3  0.0  0.0  6.3  0.3  0.3  5.4 27.4  6.3  4.8  8.9
  1.2  1.8  2.7  3.9  0.0  0.6  1.2 40.5 20.5 15.8  0.9  7.4 11.0 11.6  0.0
     -2.29      5.37     -5.54     -3.55     -0.55  0.6  0.0  0.3  0.0  0.0
                                4000_story_3326_llm_free.txt 34.3  4.4 3504
 18.0  5.4  8.6 38.8 10.3  0.9  1.4  0.6 16.6 24.5  0.3  0.9  0.0  3.7  1.1
  0.3  0.3  5.1  5.7  1.1  2.9253.1 79.3 25.1128.1 66.8 16.8  8.6  0.0  0.9
  0.0  2.6 14.3 11.1 12.3 28.0  4.6  4.3  2.9  2.6  1.1  1.4  3.7  2.6  0.6
  5.1  8.3  1.1  3.7  6.8 10.6 20.0  8.3  1.4  0.9 59.4 93.6  0.9181.5  6.6
  1.1  0.0  0.0  0.0  0.0  0.0  0.0  0.0  0.0  0.0  0.0  0.0  0.0  0.0  0.0
  0.0  0.0  0.0  2.3  0.9  2.6  1.4  0.0  0.0  0.0  0.0  0.0  0.0  0.0  0.6
  0.3  0.3  0.3  0.0  0.0  0.0  0.0  0.3  0.0  0.0  0.0  0.0  1.7  1.4  0.0
  7.1  0.0  0.0  7.1  1.4  0.3  1.7  3.1  0.0  0.0  0.0  0.0  0.0  0.0  0.0
  0.0  0.3  0.0  0.0  0.0  0.0  0.3  5.7  2.3  1.7  8.0 36.8  2.6  9.1  6.8
  4.9  2.3  1.7  1.1  0.0  0.6  0.0 38.0 14.3 22.0  2.6  8.0 10.6  9.1  0.0
     -2.54      6.28     -5.03     -2.38      1.18  0.0  0.0  0.0  0.0  0.0
                                4000_story_3327_llm_free.txt 34.8  4.4 3298
 12.7  4.5  1.8 28.2  6.1  0.3  1.8  0.6  7.6 23.7  0.0  1.8  0.6  4.9  0.3
  0.0  1.2  0.6  7.6  0.3  1.8288.7 85.2 26.4124.9 57.6 14.9  7.9  0.3  0.6
  0.0  1.5 16.1  7.0 15.2 30.6  5.2  3.6  2.4  2.7  1.2  1.5  1.8  4.5  0.6
  4.5  4.9  0.6  2.1  3.3  5.5 18.5  9.7  1.5  0.9 66.7 71.3  1.5174.3  7.3
  1.2  0.0  0.0  0.0  0.0  0.0  0.0  0.0  0.0  0.0  0.0  0.0  0.0  0.0  0.0
  0.0  0.0  0.0  2.1  1.2  1.5  0.6  0.0  0.0  0.0  0.0  0.0  0.0  0.0  0.3
  0.3  0.0  0.9  0.3  0.0  0.0  0.0  0.0  0.0  0.0  0.0  0.0  2.4  0.3  0.0
  5.5  0.0  0.0  5.5  1.8  0.0  1.8  2.7  0.0  0.0  0.0  0.0  0.0  0.0  0.0
  0.0  0.0  0.0  0.0  0.0  0.0  0.0 11.2  2.7  3.3  8.8 32.4  4.2  5.2  9.1
  0.9  1.2  1.5  2.4  0.6  0.9  0.6 38.5 16.1 16.7  0.3 10.0 10.9  9.4  0.0
     -5.94      5.26     -5.06     -2.53      0.13  0.3  0.0  0.0  0.0  0.0
                                4000_story_3333_llm_free.txt 36.5  4.4 3057
 20.6  3.6  0.7 35.0  8.5  0.7  1.0  0.7 12.4 16.0  0.0  0.7  0.7  5.9  0.0
  0.7  2.3  4.3  6.5  0.7  1.6265.6 87.0 25.5115.5 70.7 11.4  8.2  0.3  0.3
  0.0  1.0 23.2  8.2 13.4 34.0  7.9  4.3  2.0  2.0  1.6  1.3  1.6  4.6  0.0
  4.6  7.5  1.0  2.9  2.0 10.1 17.7  9.2  2.9  0.7 54.6 91.6  2.3171.7  6.5
  2.0  0.0  0.0  0.0  0.0  0.0  0.0  0.0  0.0  0.0  0.0  0.0  0.0  0.0  0.0
  0.0  0.0  0.0  1.0  1.0  2.9  0.0  0.0  0.0  0.0  0.0  0.0  0.0  0.0  0.0
  0.3  0.7  2.0  0.0  0.0  0.0  0.0  0.0  0.0  0.3  0.0  0.0  5.2  0.0  0.0
  4.9  0.0  0.0  4.9  2.9  0.0  3.3  5.2  0.0  0.0  0.0  0.0  0.0  0.0  0.0
  0.0  0.0  0.0  0.0  0.0  0.0  0.0 16.7  1.3  4.3 11.4 34.0  8.5  6.5  9.2
  2.0  0.0  1.3  1.6  0.0  0.3  0.3 37.0 16.4 20.9  2.0 11.1 11.1  6.5  0.0
     -2.65      4.93     -4.91     -2.77     -0.43  0.3  0.0  0.0  0.0  0.0
                                4000_story_3335_llm_free.txt 37.8  4.4 3197
 17.5  3.4 12.2 58.8 16.9  2.2  5.6  1.6 20.0 16.6  0.6  1.9  0.6  5.9  0.0
  1.3  3.4  4.7  5.9  1.3  0.9244.9 75.1 33.5106.7 71.3 12.8 11.3  0.3  1.3
  0.0  1.3 23.8  8.8 12.5 28.8  7.5  4.7  5.0  1.9  1.9  0.9  2.8  4.1  0.0
  5.6  6.6  0.6  4.1  5.6 11.3 17.5  9.7  4.7  1.6 65.4108.2  1.9178.9  5.0
  1.3  0.0  0.0  0.0  0.0  0.0  0.0  0.0  0.0  0.0  0.0  0.0  0.0  0.0  0.0
  0.0  0.0  0.0  1.3  0.9  1.3  1.6  0.0  0.0  0.0  0.0  0.0  0.0  0.0  1.6
  0.3  1.6  0.0  0.3  0.0  0.3  0.0  0.0  0.0  0.3  0.0  0.3  1.9  0.6  0.0
  5.0  0.0  0.0  5.0  3.8  0.3  4.4  2.8  0.0  0.0  0.0  0.0  0.0  0.0  0.0
  0.0  0.6  0.0  0.0  0.0  0.0  0.0 15.3  4.4  1.6 10.3 33.8  1.6 11.6 12.8
  2.5  2.2  2.8  3.1  0.6  1.3  0.0 34.7 22.5 25.3  1.3  5.9 12.2  8.8  0.0
      4.82      5.50     -3.92     -1.75      0.57  0.3  0.0  0.0  0.0  0.0
                                4000_story_3336_llm_free.txt 35.3  4.4 3674
 18.2  7.1  8.4 55.5 16.6  1.4  2.2  1.4 17.1 18.2  1.1  2.7  0.3  6.5  0.0
  1.1  1.6  5.7  9.0  1.6  0.5245.0 76.5 24.2126.8 64.8 16.3 14.7  0.3  0.3
  0.0  1.4 22.0  6.3 12.5 34.8  7.3  5.2  3.8  1.6  1.9  2.2  1.1  4.4  0.5
  3.8  6.5  2.2  2.4  5.2 12.8 21.2  8.7  3.3  0.5 53.3 98.5  1.1193.2  6.0
  1.4  0.0  0.0  0.0  0.0  0.0  0.0  0.0  0.0  0.0  0.0  0.0  0.0  0.0  0.0
  0.0  0.0  0.0  4.1  0.5  3.3  1.4  0.3  0.0  0.0  0.0  0.0  0.0  0.0  0.3
  0.0  2.2  0.3  0.5  0.0  0.0  0.5  0.0  0.0  0.0  0.3  0.0  3.5  1.4  0.0
  9.3  0.3  0.0  9.5  3.3  0.5  3.8  5.2  0.0  0.0  0.0  0.0  0.0  0.0  0.0
  0.0  0.5  0.3  0.0  0.0  0.0  0.0  7.6  1.6  1.6  7.6 34.0  1.9  4.9  9.3
  1.9  1.1  3.0  1.9  0.0  1.6  0.0 34.0 22.9 31.0  2.4 11.4 12.0 10.9  0.0
      3.94      7.19     -4.15     -1.62     -0.64  0.3  0.0  0.0  0.0  0.0
                                4000_story_3338_llm_free.txt 36.3  4.5 3563
 15.4  4.8  3.4 33.1  8.7  0.6  1.7  0.8  9.5 20.8  0.3  1.7  0.0  5.6  1.1
  0.6  2.8  3.6  8.4  1.1  0.8259.9 78.3 37.3128.8 61.5 14.9  9.3  0.3  1.1
  0.0  1.4 18.0 10.4 11.2 32.3 10.4  3.4  2.0  1.7  1.4  2.2  3.9  5.6  0.6
  5.1  6.7  0.6  3.1  3.6  8.4 19.9 11.2  3.9  1.4 67.9 79.7  2.2181.6  5.9
  2.2  0.3  0.0  0.0  0.0  0.0  0.0  0.0  0.0  0.0  0.0  0.0  0.0  0.0  0.0
  0.0  0.0  0.0  2.5  1.1  2.2  2.2  0.6  0.0  0.0  0.0  0.0  0.0  0.0  0.0
  1.1  3.4  1.1  1.1  0.0  0.0  0.3  0.3  0.0  0.6  0.3  0.0  3.6  0.6  0.0
  8.1  0.6  0.0  8.7  6.7  0.6  7.9  4.5  0.0  0.0  0.0  0.0  0.0  0.0  0.0
  0.6  0.6  0.0  0.3  0.3  0.0  0.0 12.3  2.0  1.4  9.5 30.0  6.2  6.5 15.2
  0.3  1.4  1.7  2.0  0.0  3.4  0.0 35.4 16.3 21.9  2.0  8.1 10.7 12.6  0.0
     -0.11      5.82     -4.64     -2.84      1.74  0.3  0.0  0.6  0.3  0.0
                                4000_story_3342_llm_free.txt 36.3  4.5 3712
 15.6  5.4  6.2 50.4  9.7  0.3  4.3  1.6 11.3 24.8  0.5  1.3  0.0  4.8  0.0
  1.3  2.2  6.2 11.3  0.5  3.0267.5 81.9 34.5112.3 50.1 12.4  9.7  0.5  1.6
  0.3  0.5 25.1  7.3 13.2 33.7  5.4  2.7  2.2  2.4  0.5  2.7  4.6  6.5  0.0
  6.7  4.6  1.1  2.2  5.9  9.4 20.2 13.2  2.7  2.4 63.6 71.1  2.2176.5  5.1
  1.3  0.0  0.0  0.0  0.0  0.0  0.0  0.0  0.0  0.0  0.0  0.0  0.0  0.0  0.0
  0.0  0.0  0.0  2.4  0.3  2.4  1.9  0.0  0.0  0.0  0.0  0.0  0.0  0.0  0.5
  0.3  1.1  0.5  0.3  0.0  0.0  0.0  0.0  0.0  0.0  0.0  0.0  3.2  0.8  0.0
  7.0  0.0  0.0  7.0  2.7  0.0  2.7  4.0  0.0  0.0  0.0  0.0  0.0  0.0  0.0
  0.5  0.5  0.3  0.0  0.0  0.0  0.3  7.3  2.4  1.6  6.7 26.4 11.6  5.1 17.0
  1.3  1.6  0.5  6.5  0.5  0.8  0.5 35.8 18.3 18.6  2.7  6.7 11.9  5.7  0.0
      1.29      4.37     -3.59     -2.83      2.39  0.3  0.0  0.0  0.0  0.0
                                4000_story_3343_llm_free.txt 33.5  4.4 3950
 18.0  7.1  4.3 54.7 11.6  3.8  6.3  1.0 17.7 26.8  0.5  1.5  0.5  8.9  0.3
  0.3  2.8  7.3  5.8  1.3  1.0240.8 75.9 29.6118.7 64.3 14.9 10.4  0.0  0.8
  0.0  1.3 20.8  8.9 13.2 31.9  5.6  6.8  3.8  2.0  1.3  1.5  3.3  4.1  0.3
  2.5  6.3  0.8  2.5  4.3 15.4 17.0  6.8  4.1  0.8 58.0 93.7  2.8184.6  6.1
  2.3  0.3  0.0  0.0  0.0  0.0  0.0  0.0  0.0  0.0  0.0  0.0  0.0  0.0  0.0
  0.0  0.0  0.0  2.3  1.0  3.0  1.8  0.3  0.0  0.0  0.0  0.0  0.0  0.0  0.8
  0.0  1.8  0.3  0.3  0.0  0.0  0.0  0.0  0.0  0.3  0.0  0.0  2.8  0.3  0.0
  8.1  0.3  0.0  8.4  3.0  0.0  3.3  3.0  0.0  0.0  0.0  0.0  0.0  0.0  0.0
  0.0  1.3  0.0  0.0  0.0  0.0  0.0 13.9  1.3  2.5  7.3 34.7  1.0 11.6 10.4
  1.8  3.5  1.3  1.8  0.3  0.8  0.0 41.0 19.5 21.3  3.0  6.3 10.6 10.6  0.0
      7.58      5.83     -4.95     -1.62      0.06  0.3  0.0  0.3  0.0  0.0
                                4000_story_3344_llm_free.txt 38.3  4.5 3468
 16.4  5.5  5.2 44.1  8.4  2.0  2.3  0.9 10.4 20.5  0.9  0.9  0.3  7.2  0.0
  0.3  1.7  4.9  7.2  0.9  0.9258.1 75.8 30.6131.8 51.6 16.7 11.5  0.3  0.9
  0.0  1.7 23.6  7.2 11.0 30.3  7.2  4.9  2.0  2.0  1.4  2.0  2.9  6.1  0.9
  5.2  4.0  0.6  2.9  5.2 11.2 15.9 12.1  2.6  1.2 64.0 70.4  1.7192.0  5.2
  2.0  0.0  0.0  0.0  0.0  0.0  0.0  0.0  0.0  0.0  0.0  0.0  0.0  0.0  0.0
  0.0  0.0  0.0  2.3  0.6  3.2  1.2  0.0  0.0  0.0  0.0  0.0  0.0  0.0  0.0
  0.6  0.6  1.7  0.6  0.0  0.3  0.0  0.0  0.0  0.0  0.0  0.0  3.2  0.9  0.0
  7.2  0.0  0.0  7.2  3.5  0.3  3.7  4.0  0.0  0.0  0.0  0.0  0.0  0.0  0.0
  0.0  0.3  0.3  0.0  0.0  0.0  0.0 12.1  2.3  0.6  5.2 37.5  5.8 11.5 11.5
  1.7  0.9  2.9  2.6  0.3  1.4  0.0 39.5 17.6 18.5  2.6 12.7  8.7 11.2  0.0
     -0.89      6.25     -3.14     -2.38      1.43  0.0  0.3  0.0  0.0  0.0
                                4000_story_3346_llm_free.txt 35.8  4.4 3155
 14.9  5.4  6.0 33.9  9.8  1.3  3.2  0.6  8.6 26.9  1.3  2.2  0.3  4.8  0.3
  0.3  0.3  3.2  8.2  0.0  0.6262.1 88.1 37.7122.7 64.0 13.3  8.6  0.3  0.6
  0.3  1.3 21.2  5.1 10.1 27.9  5.4  5.1  1.3  1.0  2.5  2.2  2.2  6.7  0.0
  5.7  3.8  0.6  2.5  3.5 10.8 16.5 12.4  0.3  1.3 71.3 82.4  2.9173.7  7.0
  2.5  0.0  0.0  0.0  0.0  0.0  0.0  0.0  0.0  0.0  0.0  0.0  0.0  0.0  0.0
  0.0  0.0  0.0  1.9  0.6  2.5  1.0  0.0  0.0  0.0  0.0  0.0  0.0  0.0  0.0
  0.0  2.2  0.3  0.0  0.0  0.0  0.0  0.0  0.0  0.0  0.0  0.0  3.2  0.6  0.0
  6.0  0.0  0.0  6.0  2.5  0.0  2.5  3.8  0.0  0.0  0.0  0.0  0.0  0.0  0.0
  0.0  0.0  0.0  0.0  0.0  0.0  0.0 17.1  1.6  1.0  7.9 35.8  7.3 15.5 15.5
  1.3  2.5  1.0  4.8  0.6  1.9  0.0 40.3 14.9 17.7  1.3  5.7 16.2 11.7  0.0
     -4.85      5.30     -2.31     -2.46      0.61  0.3  0.0  0.0  0.0  0.0
                                4000_story_3347_llm_free.txt 34.0  4.4 2960
 19.3  6.4  4.7 40.9 12.5  0.3  3.4  1.4 14.5 17.9  0.7  0.7  0.0  5.7  0.7
  0.7  0.7  2.7 11.1  2.0  0.7276.7 81.8 28.7123.0 57.8 11.5 13.2  0.0  0.3
  0.0  1.7 26.4  6.1 14.9 23.3  5.1  4.1  1.4  2.7  1.4  1.0  4.1  2.7  0.7
  5.4  4.1  1.0  2.0  4.4  8.1 20.3  8.8  2.7  0.3 58.4 84.8  2.7179.4  7.4
  1.7  0.0  0.0  0.0  0.0  0.0  0.0  0.0  0.0  0.0  0.0  0.0  0.0  0.0  0.0
  0.0  0.0  0.0  1.7  0.7  3.4  1.4  0.0  0.0  0.0  0.0  0.0  0.0  0.0  0.3
  0.3  1.7  1.0  0.0  0.0  0.0  0.0  0.0  0.0  0.3  0.0  0.3  1.7  0.7  0.0
  7.1  0.0  0.0  7.1  3.4  0.0  3.7  2.7  0.0  0.0  0.0  0.0  0.0  0.0  0.0
  0.0  0.3  0.0  0.0  0.0  0.0  0.0  7.1  1.0  0.3  7.4 33.8  5.7  5.1 24.7
  4.1  1.7  1.4  6.1  0.0  0.3  0.0 40.2 20.3 25.3  2.0  6.8  9.1  6.1  0.0
     -1.76      5.53     -3.84     -2.93      1.58  0.3  0.0  0.0  0.0  0.0
                                4000_story_3351_llm_free.txt 33.3  4.7 3471
 15.3  3.5  6.3 46.7 13.8  0.6  4.9  1.7 14.1 23.9  0.0  0.9  0.9  4.6  0.0
  0.9  2.3  4.3  7.8  1.4  0.9274.0 75.2 36.3120.1 44.4 14.7  7.8  0.3  0.9
  0.0  1.4 30.3  7.2 11.2 30.0  9.2  2.9  2.9  0.3  0.9  2.9  3.2  5.2  0.0
  6.3  4.6  0.6  3.2  3.7  8.1 15.0 11.5  3.7  1.2 67.7 72.3  2.3184.1  8.9
  2.0  0.0  0.0  0.0  0.0  0.0  0.0  0.0  0.0  0.0  0.0  0.0  0.0  0.0  0.0
  0.0  0.0  0.0  0.6  0.3  0.9  2.3  0.0  0.0  0.0  0.0  0.0  0.0  0.0  0.0
  0.3  0.9  1.7  0.9  0.0  0.0  0.0  0.0  0.0  0.0  0.0  0.0  3.7  0.3  0.0
  4.0  0.0  0.0  4.0  3.7  0.0  3.7  4.0  0.0  0.0  0.0  0.0  0.0  0.0  0.0
  0.0  0.6  0.3  0.0  0.0  0.0  0.0 11.5  4.3  2.0  6.9 35.4  3.2  6.9 13.0
  0.9  1.4  1.4  2.0  0.3  0.9  0.3 36.3 17.3 20.2  3.2  7.8 11.5  9.2  0.0
     -0.60      4.46     -2.86     -3.29      1.18  0.6  0.0  0.0  0.0  0.0
                                4000_story_3362_llm_free.txt 36.0  4.4 3453
 17.4  5.8  7.5 51.8  9.6  2.9  4.6  2.6 19.1 14.2  0.0  2.6  0.0  5.2  0.6
  0.9  2.3  6.7  6.1  0.9  0.6255.1 77.6 26.9117.0 71.0 11.9 11.6  0.0  0.9
  0.0  1.7 20.6  8.7 14.2 31.9  5.8  5.5  3.2  2.3  0.9  2.6  2.3  7.5  0.6
  4.6  5.8  1.7  3.8  5.2 13.0 18.5 12.7  3.2  0.9 57.6 99.6  1.7183.9  8.7
  0.6  0.0  0.0  0.0  0.0  0.0  0.0  0.0  0.0  0.0  0.0  0.0  0.0  0.0  0.0
  0.0  0.0  0.0  2.9  0.9  2.6  1.4  0.0  0.0  0.0  0.0  0.0  0.0  0.0  0.3
  0.3  1.4  0.6  0.0  0.0  0.0  0.0  0.0  0.0  0.0  0.0  0.3  3.5  1.2  0.0
  7.8  0.0  0.0  7.8  2.6  0.0  2.6  4.9  0.0  0.0  0.0  0.0  0.0  0.0  0.0
  0.0  0.6  0.0  0.0  0.0  0.0  0.0 16.2  3.2  2.3 10.1 32.7  1.4 13.3  8.7
  3.2  1.4  2.6  1.7  1.4  1.2  0.0 44.3 20.6 25.2  0.9  3.5  8.1 10.1  0.0
      2.49      5.70     -4.99     -1.76      0.90  0.3  0.0  0.0  0.0  0.0
                                4000_story_3365_llm_free.txt 35.0  4.5 3398
 16.5  4.7  5.9 39.7 12.1  0.0  4.4  0.0 18.0 15.9  0.3  0.9  0.3  3.8  0.6
  1.5  1.2  5.0 10.0  0.9  3.2271.3 85.3 28.5125.4 57.4  9.1 11.8  0.0  0.3
  0.0  1.8 14.1  7.9 15.9 33.5  6.2  3.2  2.1  2.4  0.3  1.8  3.2  5.3  0.3
  4.4  5.6  0.3  3.5  2.6  8.5 20.6 10.0  2.1  0.3 57.4 87.4  1.5181.3  8.5
  0.3  0.0  0.0  0.0  0.0  0.0  0.0  0.0  0.0  0.0  0.0  0.0  0.0  0.0  0.0
  0.0  0.0  0.0  2.4  0.6  2.6  0.6  0.0  0.0  0.0  0.0  0.0  0.0  0.0  0.3
  0.3  1.2  0.6  0.0  0.0  0.3  0.0  0.0  0.0  0.6  0.0  0.3  1.5  1.8  0.0
  6.2  0.0  0.0  6.2  2.4  0.3  3.2  3.5  0.0  0.0  0.0  0.0  0.0  0.0  0.0
  0.0  0.6  0.0  0.0  0.0  0.0  0.0 17.4  0.6  1.5  7.4 24.4  5.9  5.3 16.5
  1.5  1.2  1.8  5.0  0.0  1.8  0.0 47.4 19.7 23.8  1.8  7.4 15.0 11.2  0.0
     -2.29      4.88     -6.09     -3.25      0.85  0.6  0.0  0.0  0.0  0.0
                                4000_story_3369_llm_free.txt 36.0  4.5 3346
 13.7  4.8  6.0 33.2  6.6  0.3  1.8  0.3 13.7 17.0  0.9  0.6  0.6  5.7  0.9
  0.0  1.2  3.0  7.5  0.3  2.1277.0 90.3 28.1118.9 65.8 15.2 12.3  0.0  1.5
  0.3  2.4 21.8  5.1 14.3 31.1  5.4  5.1  1.2  0.6  1.2  2.4  3.9  5.7  0.3
  5.1  5.4  0.6  2.1  3.0  9.3 16.4 11.1  1.5  1.8 65.5 86.1  2.1169.8  6.9
  2.4  0.0  0.0  0.0  0.0  0.0  0.0  0.0  0.0  0.0  0.0  0.0  0.0  0.0  0.0
  0.0  0.0  0.0  2.1  1.2  2.1  0.0  0.0  0.0  0.0  0.0  0.0  0.0  0.0  0.0
  0.6  0.6  0.6  0.0  0.0  0.0  0.0  0.0  0.0  0.3  0.0  0.0  2.4  1.2  0.0
  5.4  0.0  0.0  5.4  1.8  0.0  2.1  3.6  0.0  0.0  0.0  0.0  0.0  0.0  0.0
  0.0  0.3  0.0  0.0  0.0  0.0  0.0 13.4  3.6  0.9  7.2 29.9  3.9 10.2 12.0
  3.0  2.1  2.1  2.1  0.0  0.6  0.3 35.3 17.9 15.2  1.5  8.7 10.8 10.2  0.0
     -5.38      6.31     -3.04     -3.21      1.53  0.3  0.0  0.0  0.3  0.0
                                4000_story_3374_llm_free.txt 33.3  4.4 3214
 14.9  5.0  8.1 33.6 11.2  0.6  1.6  1.2 10.3 14.9  0.6  1.2  0.3  5.6  0.6
  0.0  0.3  2.5  9.0  0.9  2.2275.7 88.7 29.6129.7 63.2 12.8 12.1  0.0  0.9
  0.3  1.9 18.0  8.4 13.1 32.0  6.5  2.2  2.8  0.6  0.9  0.9  3.1  4.0  0.0
  4.7  5.9  0.0  2.8  3.7  5.6 18.7  8.7  1.2  1.2 59.4 84.6  2.2178.9  5.3
  0.9  0.0  0.0  0.0  0.0  0.0  0.0  0.0  0.0  0.0  0.0  0.0  0.0  0.0  0.0
  0.0  0.0  0.0  1.6  0.3  2.8  1.2  0.0  0.0  0.0  0.0  0.0  0.0  0.0  0.0
  0.3  1.2  0.0  0.6  0.0  0.0  0.0  0.3  0.0  0.0  0.0  0.0  1.6  0.0  0.0
  5.9  0.0  0.0  5.9  2.2  0.3  2.5  1.6  0.0  0.0  0.0  0.0  0.0  0.0  0.0
  0.0  0.6  0.0  0.0  0.0  0.0  0.0 17.4  2.2  1.6  5.6 35.5  1.9  4.0  6.2
  9.3  3.1  2.8  2.8  0.0  0.9  0.0 39.2 21.2 17.4  0.6  8.7 14.3  9.6  0.0
     -5.39      6.05     -4.40     -4.08      0.44  0.3  0.0  0.3  0.0  0.0
                                4000_story_3377_llm_free.txt 35.8  4.5 2900
 15.9  4.5  4.1 30.0  5.5  0.3  1.4  1.0  8.6 21.7  2.1  0.3  0.0  4.8  0.7
  0.0  0.3  3.1  6.9  0.3  1.4275.9 84.1 36.9126.6 65.9 13.1  8.3  0.0  1.0
  0.0  1.7 19.3  6.6 13.8 29.7  5.5  3.8  3.1  1.7  0.7  1.7  3.8  4.1  0.7
  4.5  7.6  1.7  2.1  3.1  7.6 18.3  9.3  0.7  1.0 69.7 80.0  1.0171.7  4.8
  1.7  0.0  0.0  0.0  0.0  0.0  0.0  0.0  0.0  0.0  0.0  0.0  0.0  0.0  0.0
  0.0  0.0  0.0  0.7  0.3  3.4  1.4  0.0  0.0  0.0  0.0  0.0  0.0  0.0  0.0
  0.0  1.0  0.7  0.3  0.0  0.3  0.0  0.0  0.0  0.3  0.3  0.0  1.0  0.0  0.0
  5.9  0.0  0.0  5.9  2.1  0.3  2.8  1.4  0.0  0.0  0.0  0.0  0.0  0.0  0.0
  0.0  0.3  0.0  0.0  0.0  0.0  0.0 12.4  3.4  1.0  6.2 27.9  4.5  3.4  9.7
  0.7  3.1  2.1  3.1  0.7  0.3  0.3 35.2 18.6 19.3  1.4 10.3 13.4  7.6  0.0
     -7.65      5.41     -4.14     -2.90      1.35  0.3  0.0  0.0  0.0  0.0
                                4000_story_3378_llm_free.txt 35.3  4.4 3279
 15.9  4.3 10.1 35.7  9.1  1.8  3.0  0.6 10.1 26.5  0.9  0.3  0.6  5.5  1.2
  0.3  0.6  2.4  6.4  0.9  2.7272.0 81.1 30.2130.2 60.4 15.6  8.5  0.0  1.2
  0.3  1.5 16.2  9.8 12.5 31.1  2.1  2.1  1.8  1.8  2.1  1.5  3.4  5.8  0.0
  4.3  6.1  0.6  2.1  3.4  6.7 16.2 10.1  1.5  1.5 62.5 79.6  1.8178.4  6.1
  1.2  0.0  0.0  0.0  0.0  0.0  0.0  0.0  0.0  0.0  0.0  0.0  0.0  0.0  0.0
  0.0  0.0  0.0  1.5  0.3  2.7  0.6  0.0  0.0  0.0  0.0  0.0  0.0  0.0  0.3
  0.0  0.3  0.3  0.0  0.0  0.0  0.0  0.0  0.0  0.0  0.0  0.0  2.1  0.9  0.0
  5.2  0.0  0.0  5.2  0.9  0.0  0.9  3.0  0.0  0.0  0.0  0.0  0.0  0.0  0.0
  0.0  0.3  0.0  0.0  0.0  0.0  0.0 13.1  4.0  2.4  7.6 31.1  1.8  4.9  9.1
  2.1  1.5  2.1  4.3  0.0  1.5  0.0 45.1 15.9 18.6  1.2  7.9 11.9  8.2  0.0
     -2.69      5.81     -4.69     -3.05      0.73  0.0  0.0  0.0  0.0  0.0
                                4000_story_3380_llm_free.txt 35.5  4.5 3374
 18.7  7.4  6.2 48.0 12.7  2.1  2.7  0.6 18.1 18.1  0.3  2.4  0.6  5.6  0.3
  0.6  1.5  9.8  8.9  2.4  0.3256.1 86.5 30.5111.1 66.7 16.9  8.9  0.6  1.5
  0.0  2.1 25.2  5.6 14.8 27.0  3.3  3.6  2.7  1.5  1.8  2.7  1.8  6.2  0.0
  6.5  3.9  3.3  3.3  6.2 15.1 18.7 12.7  3.9  2.1 61.6 97.5  1.8178.7  7.4
  1.5  0.0  0.0  0.0  0.0  0.0  0.0  0.0  0.0  0.0  0.0  0.0  0.0  0.0  0.0
  0.0  0.0  0.0  3.0  1.5  4.7  1.8  0.0  0.0  0.0  0.0  0.0  0.0  0.0  0.0
  0.3  0.3  0.6  0.3  0.0  0.0  0.0  0.0  0.0  0.0  0.0  0.0  3.3  0.9  0.0
 11.0  0.0  0.0 11.0  1.5  0.0  1.5  4.1  0.0  0.0  0.0  0.0  0.0  0.0  0.0
  0.0  0.6  0.0  0.0  0.0  0.0  0.0 13.9  3.3  1.2  7.4 21.6  7.1 15.1  8.9
  0.6  1.2  1.8  1.5  0.0  1.8  0.0 41.2 19.6 22.8  0.9  2.7  9.8  7.7  0.0
      3.14      5.79     -2.92     -2.31      0.53  0.0  0.0  0.6  0.0  0.0
                                4000_story_3382_llm_free.txt 34.0  4.3 3315
 17.2  3.9  3.9 37.7 13.6  1.2  1.8  1.2 14.2 21.7  0.0  2.1  0.3  4.2  0.0
  0.3  1.8  3.9  7.5  2.1  2.7255.5 81.7 40.1123.1 64.6 11.5  9.4  0.6  0.9
  0.3  1.5 17.5  6.0 14.8 31.1  4.8  3.0  3.3  2.7  2.1  1.5  1.8  3.6  0.6
  3.6  5.7  0.3  1.8  6.3  9.0 19.6  7.8  3.9  1.8 75.7 92.3  1.5176.8  8.1
  0.9  0.3  0.0  0.0  0.0  0.0  0.0  0.0  0.0  0.0  0.0  0.0  0.0  0.0  0.0
  0.0  0.0  0.0  2.4  0.6  1.5  0.6  0.6  0.0  0.0  0.0  0.0  0.0  0.0  0.0
  0.3  1.2  0.9  0.0  0.0  0.0  0.3  0.0  0.0  0.3  0.0  0.0  1.5  1.2  0.0
  5.1  0.6  0.0  5.7  2.4  0.3  3.0  2.7  0.0  0.0  0.0  0.0  0.0  0.0  0.0
  0.0  0.6  0.0  0.0  0.0  0.0  0.0 27.5  3.9  1.8  7.2 36.5  1.8 15.1 14.8
  2.1  1.8  7.8  7.2  0.0  1.5  0.0 41.3 16.3 21.1  1.5 10.0 11.5  9.0  0.0
     -0.12      5.13     -4.01     -1.97     -0.31  0.0  0.0  0.0  0.0  0.0
                                4000_story_3383_llm_free.txt 34.5  4.4 3700
 13.5  3.5  6.5 43.0 11.6  0.5  4.1  0.5 17.0 18.9  0.3  1.4  0.3  6.8  0.3
  0.8  1.4  4.6 11.4  1.1  2.4257.6 95.1 31.4118.1 64.1 11.9  9.5  0.3  0.3
  0.0  1.9 23.5  7.3 16.2 35.1  6.5  2.7  2.4  1.4  0.8  3.5  4.1  7.0  0.3
  3.8  4.1  0.5  2.4  4.6  8.1 20.0 11.1  2.4  0.5 60.0 92.7  2.2175.9  7.6
  3.0  0.0  0.0  0.0  0.0  0.0  0.0  0.0  0.0  0.0  0.0  0.0  0.0  0.0  0.0
  0.0  0.0  0.0  1.4  0.8  1.4  0.8  0.0  0.0  0.0  0.0  0.0  0.0  0.0  0.8
  0.3  1.1  0.5  0.3  0.0  0.0  0.0  0.0  0.0  0.3  0.0  0.0  2.4  1.1  0.0
  4.3  0.0  0.0  4.3  3.0  0.0  3.2  3.5  0.0  0.0  0.0  0.0  0.0  0.0  0.0
  0.8  0.0  0.0  0.0  0.0  0.0  0.0 16.2  2.2  2.4  5.1 28.1  3.8  2.4 26.5
  1.1  0.8  0.5  5.7  0.0  0.0  0.0 36.2 17.6 18.4  1.4  5.9 11.1  8.9  0.0
     -0.57      5.04     -5.25     -2.77      1.40  0.5  0.0  0.0  0.0  0.3
                                4000_story_3384_llm_free.txt 36.8  4.4 3486
 13.5  4.3  6.9 45.0 13.2  0.3  2.6  0.3 13.2 18.4  0.9  0.6  0.3  4.3  0.6
  0.0  1.7  4.3  6.9  0.6  3.2259.9 89.2 29.5119.0 57.7 12.0 10.3  0.0  0.0
  0.0  2.0 18.1  6.3 16.4 31.0  8.6  4.9  2.0  4.0  1.7  2.0  2.3  5.2  0.3
  3.7  4.0  0.6  1.7  3.7 10.9 17.5  9.2  2.3  0.0 58.8 84.1  2.0184.2  8.3
  0.9  0.0  0.0  0.0  0.0  0.0  0.0  0.0  0.0  0.0  0.0  0.0  0.0  0.0  0.0
  0.0  0.0  0.0  2.3  1.1  1.1  0.3  0.0  0.0  0.0  0.0  0.0  0.0  0.0  0.3
  0.6  0.9  0.6  0.3  0.0  0.0  0.0  0.0  0.0  0.0  0.0  0.0  2.9  0.6  0.0
  4.9  0.0  0.0  4.9  2.6  0.0  2.6  3.4  0.0  0.0  0.0  0.0  0.0  0.0  0.0
  0.3  0.0  0.0  0.0  0.0  0.0  0.0 10.6  2.0  0.9  5.7 20.7  6.3  3.2 17.2
  0.9  2.6  2.0  2.9  0.3  0.3  0.0 40.7 16.6 16.6  2.3  6.6 13.2  8.6  0.0
     -3.01      4.98     -5.40     -1.35      0.01  0.3  0.0  0.0  0.0  0.0
                                4000_story_3385_llm_free.txt 35.0  4.5 3175
 16.4  5.4  5.0 33.4 10.4  0.6  2.2  1.3  9.1 18.6  0.6  1.3  0.6  6.0  0.6
  0.0  0.9  2.2  9.4  0.9  1.9281.6 88.5 33.1117.2 60.8 14.2  9.8  0.0  0.0
  0.3  2.5 25.8  7.6 14.2 30.6  3.8  2.8  0.6  1.6  1.6  1.3  4.7  4.7  0.3
  4.4  6.6  0.6  1.6  2.5  6.6 21.4  9.4  1.9  0.3 66.1 80.3  1.9166.9  5.4
  0.6  0.3  0.0  0.0  0.0  0.0  0.0  0.0  0.0  0.0  0.0  0.0  0.0  0.0  0.0
  0.0  0.0  0.0  3.5  0.0  3.8  0.3  0.3  0.0  0.0  0.0  0.0  0.0  0.0  0.3
  0.6  0.9  0.0  0.0  0.0  0.0  0.0  0.0  0.0  0.0  0.3  0.0  2.5  0.3  0.0
  7.6  0.3  0.0  7.9  1.9  0.0  1.9  3.1  0.0  0.0  0.0  0.0  0.0  0.0  0.0
  0.0  0.0  0.0  0.0  0.0  0.0  0.0  8.5  3.1  0.0  5.7 27.4 10.1  4.1 11.7
  1.3  0.9  2.5  3.5  0.0  1.3  0.3 42.2 16.4 19.5  1.9  7.6  9.4  7.6  0.0
     -3.89      5.36     -4.08     -3.76      1.71  0.6  0.0  0.0  0.0  0.0
                                4000_story_3388_llm_free.txt 35.5  4.5 3349
 18.2  6.9  6.9 38.8 12.5  0.6  3.6  0.0 11.9 20.0  0.6  1.8  0.0  6.0  1.2
  0.3  1.2  6.0  6.9  2.1  0.6259.8 78.5 30.2120.0 74.9 11.0  9.0  0.3  0.9
  0.0  1.5 20.0  8.7 13.1 26.0  9.0  3.3  2.7  0.9  1.5  2.4  4.2  3.3  0.9
  6.9  5.7  2.7  2.1  3.3 10.7 16.7 11.0  3.3  1.2 61.8 99.4  1.5182.7  6.9
  0.3  0.0  0.0  0.0  0.0  0.0  0.0  0.0  0.0  0.0  0.0  0.0  0.0  0.0  0.0
  0.0  0.0  0.0  2.4  0.6  4.8  0.6  0.3  0.0  0.0  0.0  0.0  0.0  0.0  0.6
  0.3  1.2  0.6  0.3  0.0  0.0  0.3  0.0  0.0  0.0  0.0  0.0  2.7  1.5  0.0
  8.4  0.3  0.0  8.7  3.0  0.3  3.3  4.2  0.0  0.0  0.0  0.0  0.0  0.0  0.0
  0.0  0.0  0.0  0.0  0.3  0.0  0.0 15.5  3.6  3.3  4.2 28.7  3.3  4.5  4.8
  0.9  2.1  2.1  4.5  0.3  1.5  0.3 34.6 17.6 24.5  2.1  5.7 13.4  6.6  0.0
      0.60      5.34     -4.27     -2.88      2.39  0.3  0.0  0.0  0.0  0.0
                                4000_story_3397_llm_free.txt 37.0  4.5 3558
 14.6  2.5  2.5 30.6  3.4  0.3  1.4  1.1  5.6 20.2  0.0  1.4  0.8  4.5  0.0
  0.6  1.1  3.9 12.6  0.3  2.8276.6 92.7 34.0125.4 43.0 14.1  9.6  0.0  1.4
  0.0  2.5 20.8  5.6 20.8 28.7  6.2  1.7  1.7  2.5  0.8  1.1  3.1  6.2  0.3
  4.8  5.9  0.6  0.8  2.8  6.5 25.0 11.2  1.4  1.4 66.0 52.0  1.4173.7  7.6
  1.4  0.0  0.0  0.0  0.0  0.0  0.0  0.0  0.0  0.0  0.0  0.0  0.0  0.0  0.0
  0.0  0.0  0.0  0.8  0.3  1.4  0.3  0.0  0.3  0.0  0.0  0.0  0.0  0.0  1.1
  0.0  0.3  0.8  0.0  0.0  0.0  0.0  0.3  0.0  0.0  0.0  0.0  1.4  0.6  0.0
  2.8  0.3  0.0  3.1  2.2  0.3  2.5  2.0  0.0  0.0  0.0  0.0  0.0  0.0  0.0
  0.0  0.0  0.0  0.0  0.0  0.0  0.0  5.9  2.0  0.6  6.5 38.2  8.2  3.4 13.2
  1.1  3.4  1.1  5.1  0.0  0.8  0.0 40.2 16.9 13.8  1.7  7.9 12.6  8.2  0.0
     -5.57      4.78     -5.29     -3.66      1.00  0.0  0.0  0.0  0.0  0.0
                                4000_story_3400_llm_free.txt 36.5  4.5 3642
 15.9  3.8  5.2 43.4 11.5  0.3  2.2  0.3 12.4 18.9  0.0  1.9  0.0  5.2  0.0
  0.8  2.2  3.6  8.0  0.8  2.2266.3 89.8 28.8121.4 50.2  9.3 10.2  0.5  0.0
  0.3  2.5 21.1 11.5 13.2 31.9  5.8  3.8  2.2  0.3  1.1  1.9  1.1  8.0  0.0
  3.8  3.8  1.6  2.5  6.0  8.5 16.5 11.8  3.0  0.8 64.8 74.1  1.6178.2  2.5
  2.5  0.0  0.0  0.0  0.0  0.0  0.0  0.0  0.0  0.0  0.0  0.0  0.0  0.0  0.0
  0.0  0.0  0.0  1.6  1.4  1.6  1.9  0.0  0.0  0.0  0.0  0.0  0.0  0.0  0.0
  1.1  1.1  0.3  0.5  0.0  0.0  0.0  0.0  0.0  0.0  0.5  0.0  2.5  0.3  0.0
  6.6  0.0  0.0  6.6  3.0  0.0  3.0  3.3  0.0  0.0  0.0  0.0  0.0  0.0  0.0
  0.5  0.8  0.0  0.0  0.0  0.0  0.0 12.4  3.3  1.1  8.0 30.2  5.8 11.0  6.9
  1.1  1.9  1.1  3.6  0.3  1.4  0.0 40.6 16.2 19.5  1.9  8.0 11.5  8.0  0.0
     -1.84      4.17     -5.05     -3.56     -0.49  0.3  0.0  0.0  0.0  0.0
                                4000_story_3403_llm_free.txt 34.0  4.5 4048
 13.8  3.5  3.2 29.2  8.2  0.0  1.7  1.0 11.4 25.0  0.2  1.0  0.5  4.7  0.5
  0.2  0.5  3.2 10.6  0.2  1.2262.8 84.5 32.1126.5 57.6 14.1  9.9  0.0  0.5
  0.0  3.0 19.3  8.6 15.1 33.3  6.4  2.0  0.7  0.2  2.0  2.0  3.0  6.2  0.2
  4.0  6.4  1.0  2.0  3.0  7.2 21.2 10.4  0.7  0.5 66.2 77.1  1.0173.9  5.9
  1.0  0.0  0.0  0.0  0.0  0.0  0.0  0.0  0.0  0.0  0.0  0.0  0.0  0.0  0.0
  0.0  0.0  0.0  1.7  0.5  2.2  1.0  0.0  0.0  0.0  0.0  0.2  0.0  0.0  0.5
  0.5  0.7  0.2  1.0  0.0  0.2  0.0  0.0  0.0  0.0  0.0  0.0  1.5  0.0  0.0
  5.4  0.0  0.2  5.7  3.0  0.2  3.2  1.5  0.0  0.0  0.0  0.0  0.0  0.0  0.0
  0.0  0.2  0.0  0.0  0.0  0.0  0.0  8.9  1.0  0.7  8.6 34.8  4.7  4.9  4.7
  1.2  3.7  1.7  2.5  0.7  0.2  0.0 36.8 17.5 16.8  2.7  6.9 10.9  7.9  0.0
     -5.64      5.53     -5.14     -4.05      0.63  0.0  0.0  0.0  0.0  0.0
                                4000_story_3409_llm_free.txt 36.0  4.5 2979
 14.4  5.7  8.1 39.9 20.5  0.7  5.0  2.0 13.4 16.1  0.7  1.7  0.0  5.7  0.7
  1.0  1.7  6.0  8.7  0.7  1.7262.5 76.9 28.2130.9 56.7 10.4  9.7  0.3  0.3
  0.3  2.7 37.3  8.4 13.1 30.5  4.4  4.0  1.7  1.0  2.3  0.7  1.7  4.7  0.3
  6.0  4.4  0.7  3.4  4.0 12.4 18.5 11.1  2.3  1.0 57.7 90.6  1.3187.3  6.0
  1.3  0.0  0.0  0.0  0.0  0.0  0.0  0.0  0.0  0.0  0.0  0.0  0.0  0.0  0.0
  0.0  0.0  0.0  2.0  1.0  2.3  1.7  0.0  0.0  0.0  0.0  0.0  0.0  0.0  0.0
  0.0  0.7  0.3  0.7  0.0  0.0  0.0  0.0  0.0  0.3  0.3  0.0  1.7  0.7  0.0
  7.0  0.0  0.0  7.0  1.7  0.0  2.0  2.7  0.0  0.0  0.0  0.0  0.0  0.0  0.0
  0.3  1.0  0.0  0.0  0.0  0.0  0.0 11.7  6.7  4.0  6.7 31.6  3.4 13.8 13.1
  1.3  1.0  1.3  3.4  0.7  0.7  0.0 36.9 17.1 17.1  3.7  7.4 12.4  8.4  0.0
      0.84      4.90     -2.76     -3.26      0.34  0.0  0.0  0.0  0.0  0.0
                                4000_story_3412_llm_free.txt 33.0  4.3 3434
 17.2  5.8  8.4 52.1 15.1  0.6  2.3  0.6 16.9 19.5  2.0  0.9  0.9  6.1  0.6
  0.3  1.7  6.1 10.8  0.9  1.2250.7 89.7 26.5106.3 69.6 15.1  8.7  0.0  0.9
  0.0  1.7 19.8  8.4 15.1 29.1  8.4  5.5  2.6  3.5  0.9  2.6  2.0  2.6  0.0
  4.4  5.0  1.7  2.6  3.8 12.5 21.8  7.0  2.6  0.9 59.4101.6  2.0175.9  6.4
  0.6  0.3  0.0  0.0  0.0  0.0  0.0  0.0  0.0  0.0  0.0  0.0  0.0  0.0  0.0
  0.0  0.0  0.0  2.0  0.6  4.7  1.7  0.3  0.0  0.0  0.0  0.0  0.0  0.0  0.6
  0.0  2.0  0.6  1.5  0.0  0.0  0.0  0.0  0.0  0.6  0.0  0.0  1.5  0.3  0.0
  9.0  0.3  0.0  9.3  4.7  0.0  5.2  1.7  0.0  0.0  0.0  0.0  0.0  0.0  0.0
  0.3  0.0  0.0  0.0  0.0  0.0  0.0 13.1  1.7  0.3  8.2 27.1  4.1  8.7  6.7
  2.6  1.7  2.0  2.9  0.0  1.2  0.0 41.9 17.5 23.3  2.0  4.7 12.2  6.7  0.0
      1.92      5.39     -5.09     -1.39     -0.55  0.6  0.0  0.6  0.0  0.0
                                4000_story_3413_llm_free.txt 36.0  4.4 3133
 18.2  5.4  4.1 46.3 14.7  0.3  3.2  0.6 20.7 16.0  1.3  1.0  1.0  4.8  0.6
  0.0  1.3  4.5  9.6  1.3  1.9260.5 86.2 34.2121.0 61.9 16.6  8.9  0.3  1.3
  0.3  1.3 19.5  9.9 14.0 28.7  7.3  4.1  1.9  0.6  1.3  1.9  2.9  5.1  1.0
  6.7  4.8  0.3  2.9  5.4  9.9 17.2 12.8  2.6  1.9 59.4 97.4  2.9184.8  4.5
  1.0  0.0  0.0  0.0  0.0  0.0  0.0  0.0  0.0  0.0  0.0  0.0  0.0  0.0  0.0
  0.0  0.0  0.0  1.3  1.3  2.2  1.9  0.0  0.0  0.0  0.0  0.0  0.0  0.0  0.0
  0.0  2.6  0.0  1.0  0.0  0.0  0.0  0.0  0.0  1.3  0.3  0.0  1.6  0.0  0.0
  6.7  0.0  0.0  6.7  3.5  0.0  4.8  1.9  0.0  0.0  0.0  0.0  0.0  0.0  0.0
  0.0  0.3  0.0  0.0  0.0  0.0  0.0 14.7  0.6  1.9 10.2 32.9  3.8  4.5 19.8
  1.3  2.6  2.6  5.1  0.3  0.3  0.0 38.9 16.0 26.2  1.0  9.6 10.5  8.9  0.0
     -1.10      5.85     -4.67     -3.34      1.84  0.0  0.3  0.3  0.0  0.0
                                4000_story_3415_llm_free.txt 38.3  4.6 2991
  9.0  5.0  5.7 37.8  8.7  0.7  2.0  0.7 12.7 20.1  0.3  0.7  0.3  4.3  0.0
  1.0  1.3  3.3  9.0  0.7  2.3275.8 87.9 24.4120.7 41.8 14.0 13.4  0.0  2.0
  0.0  3.0 26.4  9.7 15.0 32.1  5.3  4.0  3.3  2.7  1.7  2.7  3.3  4.3  0.3
  5.3  6.4  0.7  2.3  2.3  9.0 21.7 10.0  2.0  2.0 59.2 63.2  1.0176.5  8.7
  1.7  0.0  0.0  0.0  0.0  0.0  0.0  0.0  0.0  0.0  0.0  0.0  0.0  0.0  0.0
  0.0  0.0  0.0  3.3  0.3  1.0  1.7  0.0  0.0  0.0  0.0  0.0  0.0  0.0  0.0
  0.3  0.7  0.0  0.0  0.0  0.0  0.0  0.0  0.0  0.0  0.0  0.3  3.3  1.0  0.0
  6.4  0.0  0.0  6.4  1.0  0.0  1.0  4.7  0.0  0.0  0.0  0.0  0.0  0.0  0.0
  0.0  0.0  0.0  0.0  0.0  0.0  0.0  3.3  2.3  1.3  8.4 19.7  4.3  5.7 17.1
  1.7  2.3  3.3  2.7  0.0  1.3  0.3 38.1 24.4 19.4  0.7 11.4 14.4  8.4  0.0
     -4.74      5.28     -4.09     -1.49      1.10  0.3  0.3  0.0  0.0  0.0
                                4000_story_3416_llm_free.txt 36.8  4.6 3116
 15.4  5.1 10.9 43.3  6.7  1.3  2.6  1.9 12.8 20.9  1.0  1.0  0.3  6.4  0.0
  1.0  1.9  2.6 12.2  1.0  1.0274.4 82.2 45.6119.4 53.0  9.6 11.2  0.3  0.6
  0.3  0.6 29.8  6.4 10.3 26.3  6.1  4.8  3.2  1.6  1.9  1.3  2.6  5.8  1.3
  5.1  3.9  0.0  1.3  6.7  9.3 19.3 12.2  2.9  1.3 86.0 72.5  1.9180.7  5.8
  1.6  0.3  0.0  0.0  0.0  0.0  0.0  0.0  0.0  0.0  0.0  0.0  0.0  0.0  0.0
  0.0  0.0  0.0  3.9  1.6  0.6  0.6  0.3  0.0  0.0  0.0  0.0  0.0  0.0  0.6
  1.0  0.6  1.3  0.0  0.0  0.0  0.0  0.0  0.0  0.3  0.0  0.0  1.3  0.0  0.0
  6.7  0.3  0.0  7.1  3.5  0.0  3.9  1.3  0.0  0.0  0.0  0.0  0.0  0.0  0.0
  0.0  0.0  0.0  0.0  0.3  0.0  0.0  7.1  0.3  0.3 12.2 26.0  0.3  2.9 17.0
  0.0  2.2  2.9  3.2  0.0  1.3  0.0 31.8 19.6 20.9  1.0  9.0  6.4  7.4  0.0
     -1.50      4.48     -2.26     -2.26      1.50  1.0  0.0  0.3  0.0  0.0
                                4000_story_3418_llm_free.txt 36.5  4.5 3158
 17.7  4.1  8.2 38.6 13.6  0.3  2.5  0.9 15.5 13.3  0.3  1.3  0.6  5.7  0.6
  0.6  1.9  2.5  7.0  0.0  2.5266.6 83.9 26.0125.7 65.9  9.8 12.3  0.3  0.9
  0.0  0.6 20.3  8.9 13.6 31.0  8.9  3.2  3.2  0.9  0.6  1.3  2.8  5.4  0.6
  4.4  2.8  1.6  3.2  6.3  6.3 12.7 10.4  1.9  1.3 57.9 95.0  1.3181.8  7.0
  1.3  0.0  0.0  0.0  0.0  0.0  0.0  0.0  0.0  0.0  0.0  0.0  0.0  0.0  0.0
  0.0  0.0  0.0  1.9  0.0  3.5  0.6  0.0  0.0  0.0  0.0  0.0  0.0  0.0  0.6
  0.3  1.6  1.6  0.3  0.0  0.0  0.0  0.0  0.0  0.0  0.3  0.3  2.5  0.6  0.0
  6.0  0.0  0.0  6.0  4.4  0.0  4.4  3.8  0.0  0.0  0.0  0.0  0.0  0.0  0.0
  0.3  0.6  0.0  0.0  0.0  0.0  0.0  9.8  2.8  0.6  6.3 27.9  6.6  5.1  7.9
  1.9  1.9  1.3  2.5  0.0  0.6  0.0 40.5 23.4 18.7  2.8  7.0 10.8  6.6  0.0
     -2.64      5.51     -5.02     -3.59      0.89  0.6  0.0  0.0  0.0  0.0
                                4000_story_3419_llm_free.txt 37.8  4.5 3087
 15.2  4.5  2.6 40.5 13.0  1.3  2.6  1.0 14.9 20.7  0.3  1.9  0.0  6.5  0.6
  0.0  1.3  6.5 10.0  0.6  1.6274.4 89.4 31.4118.2 50.5 11.3  8.7  0.3  1.3
  0.0  1.6 19.8  6.2 11.7 25.3  6.8  1.9  1.9  1.9  1.9  2.6  4.2  6.8  0.3
  6.2  3.6  1.3  4.2  3.9 10.4 19.1 13.3  1.9  1.6 63.2 78.4  2.9178.8  5.5
  1.6  0.0  0.0  0.0  0.0  0.0  0.0  0.0  0.0  0.0  0.0  0.0  0.0  0.0  0.0
  0.0  0.0  0.0  2.3  0.3  2.6  1.0  0.0  0.0  0.0  0.0  0.0  0.0  0.0  0.0
  0.0  1.9  0.6  0.6  0.0  0.0  0.0  0.3  0.0  0.0  0.0  0.3  1.9  0.3  0.0
  6.2  0.0  0.0  6.2  3.2  0.3  3.6  2.6  0.0  0.0  0.0  0.0  0.0  0.0  0.0
  0.0  0.3  0.0  0.0  0.0  0.0  0.0 11.7  1.9  0.6  7.8 31.7  3.2  4.5  5.5
  7.1  1.0  0.6  2.3  0.6  0.6  0.0 33.7 16.8 20.4  2.3  9.4 11.0  8.1  0.0
     -1.03      4.21     -2.84     -2.67      2.27  0.0  0.0  0.0  0.0  0.0
                                4000_story_3421_llm_free.txt 36.5  4.5 3697
 13.8  3.5  7.3 33.0  8.7  1.4  1.9  0.5  9.2 16.8  0.8  0.3  0.5  4.3  0.0
  0.0  1.1  3.5 10.8  0.8  2.2285.4 96.8 35.2124.4 50.3 12.4  7.3  0.0  0.5
  0.8  1.4 26.5  9.7 19.5 29.8  3.0  1.9  1.4  0.8  2.4  1.4  2.4  3.8  0.5
  4.9  7.0  1.1  2.7  5.1  7.8 20.3  9.2  1.9  1.4 69.8 68.2  0.5173.1  7.3
  1.4  0.0  0.0  0.0  0.0  0.0  0.0  0.0  0.0  0.0  0.0  0.0  0.0  0.0  0.0
  0.0  0.0  0.0  2.7  0.5  1.1  0.0  0.0  0.0  0.0  0.0  0.0  0.0  0.0  0.0
  0.0  0.5  0.3  0.0  0.0  0.0  0.0  0.0  0.0  0.0  0.0  0.3  1.4  0.8  0.0
  4.3  0.0  0.0  4.3  0.8  0.0  0.8  2.4  0.0  0.0  0.0  0.0  0.0  0.0  0.0
  0.0  0.8  0.3  0.0  0.0  0.0  0.3  9.2  2.2  1.1  6.8 28.4  5.1  5.4 18.4
  1.1  1.9  3.5  5.1  0.3  1.1  0.0 42.2 12.7 14.1  0.8  8.1 11.6 10.8  0.0
     -6.65      4.35     -5.88     -3.65      0.46  0.0  0.0  0.0  0.0  0.0
                                4000_story_3424_llm_free.txt 36.0  4.4 3096
 18.7  5.5  3.2 33.6  8.1  1.0  1.3  0.6  6.1 17.4  1.0  0.3  1.3  2.9  0.3
  0.3  0.3  3.6  9.4  1.3  1.0280.0 81.7 33.9120.5 58.8 14.9  8.7  0.0  1.0
  0.0  3.2 17.4  7.1 12.6 27.8  4.8  3.6  1.9  1.3  1.0  1.6  2.6  7.4  0.0
  7.1  7.1  1.0  2.6  4.2  8.1 21.3 14.5  1.6  1.0 65.2 73.0  1.0174.1  6.5
  1.3  0.3  0.0  0.0  0.0  0.0  0.0  0.0  0.0  0.0  0.0  0.0  0.0  0.0  0.0
  0.0  0.0  0.0  3.6  0.0  1.3  2.9  0.0  0.3  0.0  0.0  0.0  0.0  0.6  0.3
  0.0  1.0  1.3  1.0  0.0  0.0  0.0  0.0  0.0  0.3  0.0  0.0  1.3  0.3  0.0
  7.8  0.3  0.6  8.7  3.6  0.0  3.9  1.6  0.0  0.0  0.0  0.0  0.0  0.0  0.0
  0.0  0.3  0.0  0.0  0.0  0.0  0.0 15.5  1.9  1.0  9.0 31.7  5.5  6.1 14.2
 11.0  2.6  1.0  3.9  0.0  1.3  0.3 33.6 15.8 27.1  2.3  4.8 10.3  7.4  0.0
     -6.49      5.32     -3.45     -3.44      1.41  1.0  0.0  0.3  0.0  0.0
                                4000_story_3426_llm_free.txt 34.3  4.5 3560
 14.9  7.6  3.1 41.3 18.5  0.0  2.5  0.6 21.1 17.4  0.6  1.4  0.3  4.2  0.3
  0.0  0.3  5.3  7.3  0.6  2.8259.6 87.1 36.8119.7 53.4 15.7 14.6  0.6  0.3
  0.0  2.0 27.8  8.7 14.3 31.2  5.3  3.9  2.5  2.5  0.6  2.2  2.2  3.9  0.8
  5.3  5.6  1.7  2.0  4.5  9.8 18.8 10.1  0.8  0.8 64.3 93.0  2.0172.2  3.9
  1.1  0.3  0.0  0.0  0.0  0.0  0.0  0.0  0.0  0.0  0.0  0.0  0.0  0.0  0.0
  0.0  0.0  0.0  3.7  0.8  2.8  2.8  0.3  0.0  0.0  0.0  0.0  0.0  0.0  0.6
  0.6  1.4  0.3  0.3  0.0  0.3  0.0  0.0  0.0  0.3  0.0  0.0  2.5  1.7  0.0
 10.1  0.3  0.0 10.4  3.1  0.3  3.7  4.2  0.0  0.0  0.0  0.0  0.0  0.0  0.0
  0.3  0.0  0.0  0.0  0.0  0.0  0.3  5.9  1.7  1.4  9.6 34.3  3.4  4.2  8.4
  1.1  0.8  2.5  2.8  0.3  0.3  0.0 34.3 21.3 21.3  1.7  6.7 12.4  5.6  0.0
     -4.18      6.31     -4.37     -2.54      0.74  0.0  0.0  0.0  0.0  0.0
                                4000_story_3429_llm_free.txt 34.5  4.5 3243
 19.1  5.6  9.9 52.7 12.6  0.6  4.6  0.6 16.0 21.6  1.5  3.1  0.6  7.7  0.9
  0.6  1.2  6.5 10.2  1.9  0.3245.5 83.3 25.9112.6 58.6 15.7 13.3  0.3  1.2
  0.0  1.2 27.1  6.2 10.8 31.1  7.7  6.5  3.1  1.9  2.5  2.5  3.4  6.2  0.6
  4.3  6.2  3.7  2.5  5.2 15.4 22.5 11.1  3.1  1.5 55.2 87.3  1.5184.1  6.2
  1.5  0.0  0.0  0.0  0.0  0.0  0.0  0.0  0.0  0.0  0.0  0.0  0.0  0.0  0.0
  0.0  0.0  0.0  4.9  0.9  3.1  0.9  0.0  0.0  0.0  0.0  0.0  0.0  0.0  0.6
  0.6  4.3  0.3  0.6  0.0  0.0  0.0  0.0  0.0  0.9  0.0  0.3  2.8  0.0  0.0
  9.9  0.0  0.0  9.9  6.5  0.0  7.4  3.1  0.0  0.0  0.0  0.0  0.0  0.0  0.0
  0.0  0.3  0.0  0.0  0.0  0.0  0.0  8.3  2.2  0.6  5.9 34.2  6.2  4.3 15.4
  2.5  0.0  1.9  2.5  0.6  0.6  0.3 34.2 26.8 27.1  1.9  7.4 12.3  8.0  0.0
      4.75      6.06     -2.59     -1.07      1.29  0.9  0.0  0.3  0.0  0.0
                                4000_story_3430_llm_free.txt 35.8  4.4 3507
 12.8  3.4  2.3 51.0  8.0  0.6  4.3  0.6 12.3 18.8  0.6  0.3  0.6  3.7  0.9
  0.3  4.0  4.3 10.6  1.1  1.1269.7 88.4 42.8113.5 57.9  9.1 13.1  0.0  0.9
  0.9  2.0 24.5  7.4 18.8 33.1  6.8  2.6  2.9  0.9  2.3  1.1  2.0  6.0  0.0
  4.0  3.1  0.6  2.0  4.0  9.1 16.8 10.0  5.1  1.7 65.6 78.1  0.6178.8  6.0
  0.6  0.0  0.0  0.0  0.0  0.0  0.0  0.0  0.0  0.0  0.0  0.0  0.0  0.0  0.0
  0.0  0.0  0.0  1.4  0.6  1.7  0.6  0.0  0.0  0.0  0.0  0.0  0.0  0.0  0.0
  0.0  0.6  0.9  0.0  0.0  0.3  0.0  0.0  0.0  0.3  0.3  0.0  1.1  2.0  0.0
  4.3  0.0  0.0  4.3  1.4  0.3  2.0  3.4  0.0  0.0  0.0  0.0  0.0  0.0  0.0
  0.0  0.3  0.3  0.0  0.0  0.0  0.0 11.1  1.4  0.9 10.3 22.8  4.6  2.0 23.7
  2.3  2.0  5.7  4.0  0.0  0.6  0.0 38.5 19.1 14.3  2.6  6.6 11.1  8.3  0.0
      0.13      4.76     -4.91     -3.14     -0.18  0.0  0.0  0.0  0.0  0.0
                                4000_story_3433_llm_free.txt 34.8  4.4 3311
 14.8  4.8  9.4 44.4 13.9  0.3  2.1  0.6 15.4 17.8  0.0  0.9  0.3  5.7  0.0
  0.3  0.9  3.9 10.3  1.2  1.5268.5 91.2 28.4116.6 65.2 12.1 10.0  0.0  0.3
  0.0  1.8 12.1  9.4 16.0 24.2  2.7  6.3  1.5  1.2  2.7  2.1  1.5  4.5  0.3
  3.3  6.3  0.6  2.4  5.1 13.0 20.5  8.2  2.1  0.3 61.3 94.5  2.4176.1  9.1
  1.2  0.0  0.0  0.0  0.0  0.0  0.0  0.0  0.0  0.0  0.0  0.0  0.0  0.0  0.0
  0.0  0.0  0.0  2.1  0.3  3.0  0.3  0.0  0.0  0.0  0.0  0.0  0.0  0.0  0.0
  0.3  0.9  0.3  0.0  0.0  0.0  0.0  0.0  0.0  0.0  0.0  0.3  2.7  0.0  0.0
  5.7  0.0  0.0  5.7  1.5  0.0  1.5  3.0  0.0  0.0  0.0  0.0  0.0  0.0  0.0
  0.0  0.3  0.0  0.0  0.0  0.0  0.3  9.7  1.2  0.3  5.4 35.6  8.2  5.1  6.0
  2.7  2.1  1.2  2.7  0.0  0.6  0.0 36.2 17.5 20.8  2.1  6.3 13.0  7.6  0.0
     -2.97      5.18     -6.12     -1.92     -0.69  0.0  0.0  0.0  0.3  0.0
                                4000_story_3434_llm_free.txt 37.0  4.5 3425
 12.8  3.8  7.3 35.6  8.5  0.6  4.1  0.3 13.1 24.5  0.6  0.6  0.9  3.2  0.6
  0.3  1.2  3.5 10.8  0.9  1.8274.2 93.7 32.7117.4 49.3 14.3  9.9  0.0  0.6
  0.0  1.2 21.6  8.8 16.4 29.5  5.3  3.5  1.8  2.0  1.2  0.9  3.5  7.3  0.3
  5.8  6.1  1.2  1.8  2.9  8.2 20.7 13.4  2.0  0.6 62.8 70.9  1.8172.6  7.3
  1.2  0.0  0.0  0.0  0.0  0.0  0.0  0.0  0.0  0.0  0.0  0.0  0.0  0.0  0.0
  0.0  0.0  0.0  2.0  0.0  2.6  0.9  0.0  0.0  0.0  0.0  0.0  0.0  0.0  1.5
  0.6  0.9  0.0  0.0  0.0  0.0  0.0  0.0  0.0  0.3  0.0  0.0  0.6  0.9  0.0
  5.5  0.0  0.0  5.5  2.9  0.0  3.2  1.5  0.0  0.0  0.0  0.0  0.0  0.0  0.0
  0.0  0.6  0.0  0.0  0.0  0.0  0.0  6.4  0.6  0.0  5.3 37.1  3.8  3.5 13.7
  2.9  0.9  4.4  2.6  0.0  0.3  0.0 34.2 15.2 16.6  2.0  7.3 11.4  6.4  0.0
     -4.24      4.92     -5.79     -3.37      1.78  0.6  0.0  0.0  0.0  0.0
                                4000_story_3435_llm_free.txt 36.8  4.4 3150
 13.7  4.1  6.3 41.9 11.1  1.0  1.6  0.6 14.0 20.3  1.3  3.2  0.3  6.0  0.3
  0.6  1.9  4.8  8.6  0.6  0.6255.9 81.0 24.1122.2 58.4 13.0 12.1  0.0  1.3
  1.0  1.0 19.4 10.2 10.5 33.3  4.4  4.4  1.9  1.9  2.5  2.5  3.5  4.1  0.3
  5.7  5.7  1.9  1.9  3.8 11.7 20.3 10.2  2.5  2.2 61.3 83.5  1.0179.7  9.5
  2.2  0.3  0.0  0.0  0.0  0.0  0.0  0.0  0.0  0.0  0.0  0.0  0.0  0.0  0.0
  0.0  0.0  0.0  2.5  0.6  2.9  0.6  0.3  0.0  0.0  0.0  0.0  0.0  0.0  0.0
  0.0  0.6  0.3  1.0  0.0  0.0  0.0  0.0  0.0  0.0  0.3  0.0  1.0  0.3  0.0
  6.7  0.3  0.0  7.0  1.9  0.0  1.9  1.6  0.0  0.0  0.0  0.0  0.0  0.0  0.0
  0.0  0.3  0.0  0.0  0.0  0.0  0.0 16.2  2.9  3.2  5.1 24.1  4.4  9.2  8.3
  1.0  1.6  2.9  3.2  0.0  0.6  0.0 38.4 19.0 16.2  3.2  9.2 14.6 10.5  0.0
      0.23      5.63     -3.71     -1.84      1.27  0.0  0.0  0.0  0.0  0.0
                                4000_story_3436_llm_free.txt 37.3  4.5 3287
 11.9  3.0  9.7 45.9  7.6  1.2  4.6  0.3 18.6 24.0  0.6  0.6  0.3  5.5  0.3
  0.3  2.1  5.5  9.7  0.9  1.2262.2 75.8 42.9125.3 47.8 11.6 11.0  0.3  0.3
  0.0  1.2 22.2  7.6 13.4 28.3  5.2  4.0  4.0  1.5  2.4  2.4  2.1  4.0  0.9
  5.5  4.9  0.9  2.7  5.5 11.9 17.9 10.3  3.0  0.6 70.9 73.9  2.1188.3  7.3
  1.5  0.0  0.0  0.0  0.0  0.0  0.0  0.0  0.0  0.0  0.0  0.0  0.0  0.0  0.0
  0.0  0.0  0.0  2.7  0.0  1.5  0.0  0.0  0.0  0.0  0.0  0.0  0.0  0.0  0.6
  0.0  1.5  0.6  0.3  0.0  0.0  0.0  0.0  0.0  0.0  0.0  0.3  2.1  0.6  0.0
  4.3  0.0  0.0  4.3  3.0  0.0  3.0  3.0  0.0  0.0  0.0  0.0  0.0  0.0  0.0
  0.0  0.3  0.0  0.0  0.0  0.0  0.0 15.2  1.5  0.6 10.3 32.6  4.0  7.9 15.2
  0.6  0.9  1.5  3.3  0.0  2.4  0.0 33.8 20.4 16.4  2.7 11.6 10.0 10.3  0.0
     -0.80      4.77     -4.42     -1.56      0.77  0.9  0.3  0.0  0.0  0.0
                                4000_story_3438_llm_free.txt 35.8  4.5 3455
 18.8  2.9  6.4 38.5  5.8  0.9  1.7  0.9 14.2 11.9  0.6  1.7  0.3  5.2  0.3
  0.6  1.2  4.3 13.3  2.0  0.9281.9 80.2 34.7118.4 58.8 14.5 11.0  0.0  1.2
  0.6  1.4 29.5  9.0 14.2 29.8  4.6  2.9  2.0  3.2  2.0  1.4  2.3  5.5  0.3
  5.8  9.0  0.9  1.4  1.7  9.3 28.7 11.6  3.2  1.7 65.7 78.7  1.7174.2  6.4
  0.9  0.0  0.0  0.0  0.0  0.0  0.0  0.0  0.0  0.0  0.0  0.0  0.0  0.0  0.0
  0.0  0.0  0.0  0.6  1.2  0.6  2.3  0.0  0.0  0.0  0.0  0.0  0.0  0.0  0.6
  0.3  1.2  0.3  0.6  0.0  0.0  0.0  0.0  0.0  0.3  0.0  0.0  2.0  1.7  0.0
  4.6  0.0  0.0  4.6  2.9  0.0  3.2  3.8  0.0  0.0  0.0  0.0  0.0  0.0  0.0
  0.0  0.0  0.3  0.0  0.0  0.0  0.0  9.3  1.7  2.6  7.5 28.1  3.5  5.8 14.5
  2.6  1.4  1.2  2.9  0.9  1.2  0.3 33.3 18.8 20.8  0.6  9.0 14.2  8.4  0.0
     -3.04      5.60     -3.76     -2.27      0.74  0.6  0.0  0.0  0.0  0.0
                                4000_story_3440_llm_free.txt 34.0  4.4 3887
 20.8  6.9  4.1 43.2 16.2  0.8  2.3  1.8 16.0 20.8  0.8  1.3  0.0  3.6  0.3
  0.8  2.6  3.3  9.5  1.0  2.3249.8 82.3 29.1129.7 64.1 13.9 11.1  0.0  1.3
  0.0  2.3 14.7  7.2 13.6 31.4  8.2  3.6  3.3  1.8  0.8  1.5  4.4  3.9  0.3
  4.4  7.5  2.1  3.3  5.4  7.7 22.4  8.5  3.6  1.3 59.4 96.2  2.3187.8  7.2
  1.3  0.0  0.0  0.0  0.0  0.0  0.0  0.0  0.0  0.0  0.0  0.0  0.0  0.0  0.0
  0.0  0.0  0.0  2.1  0.5  4.9  3.1  0.0  0.0  0.0  0.0  0.0  0.0  0.0  0.3
  0.5  1.3  0.8  0.8  0.0  0.5  0.0  0.0  0.0  0.3  0.0  0.0  2.8  0.3  0.0
 10.5  0.0  0.0 10.5  3.6  0.5  4.4  3.1  0.0  0.0  0.0  0.0  0.0  0.0  0.0
  0.3  0.0  0.0  0.0  0.0  0.0  0.0  7.2  4.6  1.3  4.9 27.0  6.9  6.7  8.7
  0.8  2.1  2.1  1.5  0.3  0.0  0.0 39.1 20.6 23.4  2.6  9.3 11.3  8.5  0.0
      1.78      6.10     -4.36     -2.87      1.30  0.3  0.0  0.0  0.0  0.0
                                4000_story_3441_llm_free.txt 35.8  4.4 3259
 11.0  3.1  5.5 37.4  4.9  1.8  1.8  1.2  7.1 26.1  0.3  0.3  0.6  5.8  0.3
  0.3  0.9  4.6  9.8  0.0  1.2277.1 91.4 35.0114.1 41.7 13.5 11.7  0.0  1.2
  0.0  1.8 23.9 10.1 15.0 31.9  6.1  4.0  2.8  2.1  2.8  1.2  2.1  4.0  0.3
  4.0  4.3  0.9  1.2  3.7 11.4 18.4  8.3  0.9  1.2 65.4 53.7  1.5168.5  7.7
  1.5  0.0  0.0  0.0  0.0  0.0  0.0  0.0  0.0  0.0  0.0  0.0  0.0  0.0  0.0
  0.0  0.0  0.0  1.8  0.3  1.2  1.8  0.0  0.0  0.0  0.0  0.0  0.0  0.0  0.6
  0.0  1.8  0.3  0.3  0.0  0.3  0.0  0.0  0.0  0.0  0.0  0.0  1.5  0.3  0.0
  5.2  0.0  0.0  5.2  3.1  0.3  3.4  1.8  0.0  0.0  0.0  0.0  0.0  0.0  0.0
  0.6  0.3  0.0  0.0  0.0  0.0  0.0  8.9  2.5  1.8  7.1 31.0  7.1  6.1 16.9
  2.1  3.1  3.1  2.1  0.0  0.3  0.0 37.7 21.5 12.6  1.5  8.0 12.3  9.5  0.0
     -5.22      4.64     -5.20     -1.98     -0.16  0.3  0.0  0.0  0.0  0.0
                                4000_story_3445_llm_free.txt 37.8  4.4 3447
 14.8  5.8 13.3 58.0 20.3  0.9  4.9  2.0 27.9 13.6  1.2  0.9  0.0  6.7  0.6
  0.3  2.3  4.9  9.6  0.9  1.7255.0 83.3 30.2124.7 59.5  7.5 13.9  0.0  0.6
  0.6  0.6 21.5 10.2 14.5 33.1  7.0  4.9  3.2  2.6  2.0  1.5  5.2  4.4  0.0
  3.8  6.1  0.6  0.3  5.2 11.9 19.7  8.1  3.2  1.2 54.3107.6  2.0193.2  7.0
  0.6  0.0  0.0  0.0  0.0  0.0  0.0  0.0  0.0  0.0  0.0  0.0  0.0  0.0  0.0
  0.0  0.0  0.0  2.0  0.3  2.9  1.2  0.0  0.0  0.0  0.0  0.0  0.0  0.0  0.6
  0.0  1.2  1.5  0.3  0.0  0.6  0.0  0.3  0.0  0.9  0.0  0.0  1.5  2.0  0.0
  6.4  0.0  0.0  6.4  3.5  0.9  5.2  3.5  0.0  0.0  0.0  0.0  0.0  0.0  0.0
  0.3  0.6  0.0  0.0  0.0  0.0  0.0  8.7  2.3  2.3  4.6 36.6  3.2 11.9  8.7
  2.0  0.3  1.2  3.8  0.0  0.6  0.3 45.0 23.5 18.0  2.0  7.8 12.5  9.9  0.0
      3.08      5.05     -5.55     -1.67      1.51  0.3  0.0  0.0  0.0  0.3
                                4000_story_3449_llm_free.txt 35.0  4.4 3428
 14.9  4.7  7.6 49.0 20.1  1.8  3.2  1.2 17.2 20.1  0.6  1.5  0.0  2.6  0.6
  0.3  3.2  6.7  7.6  1.8  0.9252.0 72.1 26.0121.6 78.5 10.2 10.8  0.0  0.6
  0.3  2.6 16.9 10.8 14.9 33.5  5.5  3.8  1.8  1.8  2.9  0.9  2.6  3.2  0.6
  4.1  5.3  0.9  3.2  3.2 13.4 18.7  7.9  5.0  0.9 57.2115.8  0.9183.2  7.3
  0.9  0.0  0.0  0.0  0.0  0.0  0.0  0.0  0.0  0.0  0.0  0.0  0.0  0.0  0.0
  0.0  0.0  0.0  2.0  1.5  2.0  0.9  0.0  0.3  0.0  0.0  0.0  0.0  0.0  0.3
  0.0  0.9  0.9  1.5  0.0  0.0  0.0  0.3  0.0  0.0  0.0  0.0  0.9  0.9  0.0
  6.4  0.3  0.0  6.7  3.5  0.3  3.8  1.8  0.0  0.0  0.0  0.0  0.0  0.0  0.0
  0.6  0.6  0.0  0.0  0.0  0.0  0.0 19.0  1.5  2.3  9.0 34.4  1.2 16.6 11.4
  3.2  1.2  2.3  4.1  0.0  0.3  0.0 42.6 17.8 17.5  2.3  7.9 13.4 12.0  0.0
      3.55      5.72     -5.69     -2.60      0.27  0.0  0.0  0.0  0.3  0.0
                                4000_story_3451_llm_free.txt 34.8  4.5 3257
 12.3  4.9  4.3 34.4  6.4  0.6  1.8  0.3  8.3 17.8  1.2  0.6  0.3  4.0  0.0
  0.3  0.9  3.1 10.7  1.5  2.5288.3 91.5 34.1119.4 50.4 11.4 12.0  0.3  0.9
  0.3  2.1 22.1  7.7 12.6 27.6  6.4  2.8  3.4  1.5  1.2  2.8  3.4  5.5  0.9
  6.1  5.8  3.1  3.7  7.4  7.1 20.9 12.6  2.5  1.5 61.4 65.1  1.5170.1  5.5
  1.8  0.0  0.0  0.0  0.0  0.0  0.0  0.0  0.0  0.0  0.0  0.0  0.0  0.0  0.0
  0.0  0.0  0.0  4.6  0.3  3.4  0.3  0.0  0.0  0.0  0.0  0.0  0.0  0.0  0.3
  0.0  0.9  0.9  0.3  0.0  0.0  0.0  0.0  0.0  0.0  0.3  0.0  2.8  0.9  0.0
  8.6  0.0  0.0  8.6  2.5  0.0  2.5  4.0  0.0  0.0  0.0  0.0  0.0  0.0  0.0
  0.0  0.6  0.0  0.0  0.0  0.0  0.0  8.0  1.5  2.5  7.1 41.4  6.8  6.8 17.2
  2.5  1.8  0.9  2.5  0.0  0.9  0.6 35.6 22.4 13.8  1.5  9.8  8.9  7.1  0.0
     -6.17      4.84     -3.24     -2.47      2.01  0.0  0.0  0.0  0.0  0.0
                                4000_story_3453_llm_free.txt 35.8  4.5 3325
 20.5  6.3  3.6 26.2  9.0  0.0  2.1  1.2 13.2 20.5  0.9  1.2  0.6  4.5  0.3
  0.3  0.9  6.3 12.3  1.2  1.2265.6 87.8 32.2132.0 57.4 16.2  9.0  0.3  0.6
  0.6  0.6 25.0 10.8 11.1 29.5  7.5  2.7  1.5  0.9  0.0  1.8  2.7  5.7  0.6
  5.4  5.7  1.2  2.4  4.5  9.0 20.8 11.7  2.1  1.5 62.9 79.7  0.9176.5  4.2
  0.3  0.0  0.0  0.0  0.0  0.0  0.0  0.0  0.0  0.0  0.0  0.0  0.0  0.0  0.0
  0.0  0.0  0.0  1.8  0.9  3.6  2.1  0.0  0.0  0.0  0.0  0.0  0.0  0.0  0.3
  0.6  2.1  0.9  0.3  0.0  0.0  0.3  0.3  0.0  0.9  0.0  0.0  0.6  1.5  0.0
  8.4  0.0  0.0  8.4  4.2  0.6  5.7  2.1  0.0  0.0  0.0  0.0  0.0  0.0  0.0
  0.0  0.6  0.0  0.0  0.0  0.0  0.0 13.2  2.1  4.5  9.6 25.6  3.0 15.3 14.4
  0.9  1.8  3.6  1.2  0.0  2.1  0.3 37.3 15.0 25.6  2.4  8.4 10.8  6.6  0.0
     -2.12      5.96     -4.09     -4.34      1.14  0.6  0.3  0.0  0.0  0.0
                                4000_story_3457_llm_free.txt 36.0  4.4 3013
 14.9  6.3 11.0 48.8 14.3  1.0  3.3  1.0 15.9 21.6  1.0  0.3  0.7  4.0  1.3
  0.0  1.3  6.0  9.0  0.7  3.0242.0 85.6 23.9124.8 69.4 11.9 11.6  0.0  1.0
  0.7  1.7 15.3 10.6 14.3 30.5  7.6  5.0  2.3  1.3  1.0  1.3  3.3  4.0  0.3
  5.6  8.6  1.3  2.0  6.0 11.9 20.9 10.0  2.0  1.7 50.8 99.6  2.0185.9  5.3
  1.3  0.0  0.0  0.0  0.0  0.0  0.0  0.0  0.0  0.0  0.0  0.0  0.0  0.0  0.0
  0.0  0.0  0.0  4.6  0.7  2.3  1.7  0.0  0.0  0.3  0.0  0.0  0.0  0.0  0.3
  0.7  1.3  0.3  0.7  0.3  0.3  0.0  0.3  0.0  0.0  0.0  0.0  2.0  1.7  0.0
  9.3  0.3  0.0  9.6  3.3  1.0  4.3  3.7  0.0  0.0  0.0  0.0  0.0  0.0  0.0
  0.0  0.7  0.0  0.0  0.0  0.0  0.0  8.3  4.3  0.3  7.3 30.9  2.7  8.3  7.3
  0.0  1.7  1.3  2.0  0.0  0.3  0.0 36.2 17.6 20.2  1.7  5.0 13.3  6.6  0.0
      1.00      5.91     -5.22     -3.06      1.13  0.7  0.0  0.0  0.0  0.0
                                4000_story_3459_llm_free.txt 34.5  4.4 2770
 22.7  6.1  4.7 37.9 11.6  0.4  1.4  1.1 17.3 15.2  0.0  2.5  1.1  6.5  1.1
  0.4  1.1  5.4  9.4  1.1  2.2262.8 91.0 31.4123.5 54.2 17.3 11.9  0.7  1.4
  0.4  0.7 17.7  7.2 10.1 33.6  5.8  3.2  3.6  2.5  1.4  0.7  2.5  3.2  1.1
  3.2  4.3  1.1  1.1  1.8 10.1 19.5  7.6  2.2  2.5 61.0 83.0  1.8177.6  6.9
  1.4  0.0  0.0  0.0  0.0  0.0  0.0  0.0  0.0  0.0  0.0  0.0  0.0  0.0  0.0
  0.0  0.0  0.0  4.3  0.0  2.2  1.8  0.0  0.0  0.0  0.0  0.0  0.0  0.0  0.4
  0.4  1.4  0.4  0.4  0.0  0.4  0.0  0.0  0.0  0.4  0.0  0.0  1.8  0.7  0.0
  8.3  0.0  0.0  8.3  2.9  0.4  3.6  2.5  0.0  0.0  0.0  0.0  0.0  0.0  0.0
  0.0  0.4  0.0  0.0  0.0  0.0  0.0 11.2  0.4  1.4  7.6 35.7  1.8 10.8 16.6
  8.7  1.1  1.4  4.3  0.7  0.7  0.4 35.0 19.9 25.6  2.5  5.8 15.5  4.7  0.0
      0.26      6.28     -3.00     -2.54      0.33  0.0  0.0  0.4  0.0  0.0
                                4000_story_3460_llm_free.txt 34.0  4.6 3094
 17.5  5.2  2.3 23.9  4.8  1.0  3.6  1.3  8.4 21.7  0.6  1.3  0.0  6.1  0.0
  1.0  1.6  2.6 11.0  1.0  1.6290.6100.2 36.2124.8 53.0 12.3  9.4  0.3  0.6
  0.0  1.9 21.7  5.8 16.2 27.1  5.5  0.6  1.9  0.3  1.0  0.6  3.6  5.8  0.3
  6.8  7.8  1.0  2.6  3.2  4.2 22.3 12.9  2.6  1.0 66.9 66.3  0.6172.3  7.1
  2.9  0.0  0.0  0.0  0.0  0.0  0.0  0.0  0.0  0.0  0.0  0.0  0.0  0.0  0.0
  0.0  0.0  0.0  1.0  1.6  2.6  1.0  0.0  0.0  0.0  0.0  0.0  0.0  0.0  0.6
  0.0  1.0  0.3  0.0  0.0  0.0  0.0  0.0  0.0  0.3  0.0  0.0  1.0  0.3  0.0
  6.1  0.0  0.0  6.1  1.9  0.0  2.3  1.3  0.0  0.0  0.0  0.0  0.0  0.0  0.0
  0.0  0.6  0.0  0.0  0.0  0.0  0.0  8.7  1.0  0.3 13.3 38.8  2.9  6.5 23.9
  0.3  1.3  2.9  3.2  0.0  0.6  0.0 35.2 15.8 19.7  2.6 11.6  8.7  5.8  0.0
     -3.80      4.83     -4.25     -4.96      1.92  0.3  0.0  0.3  0.0  0.0
                                4000_story_3462_llm_free.txt 34.5  4.5 3350
 14.6  3.0  4.8 24.5  7.2  0.3  2.1  1.5  6.9 19.7  0.3  0.9  1.2  4.8  0.6
  0.6  0.3  4.2  8.7  1.5  2.1282.7 81.2 30.7127.8 47.8 15.5  7.5  0.3  2.1
  0.0  2.4 24.8  8.4 14.0 33.7  7.5  0.9  0.6  0.6  2.4  1.8  1.5  6.0  0.3
  4.5  6.0  0.9  2.1  3.6  7.5 18.5 10.7  1.8  2.4 60.6 61.8  2.4168.7  5.1
  1.2  0.0  0.0  0.0  0.0  0.0  0.0  0.0  0.0  0.0  0.0  0.0  0.0  0.0  0.0
  0.0  0.0  0.0  1.5  0.6  1.8  0.6  0.0  0.0  0.0  0.0  0.0  0.0  0.0  0.0
  0.9  0.9  0.9  0.0  0.0  0.0  0.0  0.0  0.0  0.3  0.6  0.3  1.5  0.0  0.0
  4.5  0.0  0.0  4.5  2.7  0.0  3.0  2.4  0.0  0.0  0.0  0.0  0.0  0.0  0.0
  0.3  0.6  0.0  0.0  0.0  0.0  0.0  8.7  2.4  0.6  7.2 25.4  5.1  3.9  6.6
  1.2  3.6  4.2  3.3  0.0  0.9  0.0 38.8 12.2 17.0  1.8  4.8 16.7 12.2  0.0
     -5.39      4.96     -3.63     -4.07     -0.11  0.0  0.0  0.0  0.0  0.0
                                4000_story_3464_llm_free.txt 34.3  4.5 3014
 14.3  3.6  3.0 38.2  6.6  1.0  2.0  0.7  8.3 18.2  0.3  0.7  0.0  4.0  0.3
  0.0  1.0  3.0 10.3  2.3  1.0288.3 94.2 36.8109.2 49.8 16.3  6.3  0.0  1.3
  0.0  2.3 20.6  9.3 18.2 27.9  2.3  3.3  2.0  1.0  1.7  2.7  3.0  4.6  0.3
  6.6  4.6  1.0  2.0  4.3  8.0 18.9 11.6  3.3  1.3 67.4 64.7  0.3160.9  8.3
  0.7  0.0  0.0  0.0  0.0  0.0  0.0  0.0  0.0  0.0  0.0  0.0  0.0  0.0  0.0
  0.0  0.0  0.0  2.3  0.3  0.7  1.7  0.0  0.0  0.0  0.0  0.0  0.0  0.0  0.0
  0.0  1.3  1.7  0.3  0.0  0.0  0.0  0.0  0.3  0.0  0.0  0.0  3.0  0.7  0.0
  5.0  0.0  0.0  5.0  3.3  0.3  3.6  3.6  0.0  0.0  0.0  0.0  0.0  0.0  0.0
  0.0  0.3  0.0  0.0  0.0  0.0  0.0 11.3  1.0  0.7  6.6 33.2  2.3  6.0 23.9
  0.0  0.7  3.6  2.7  0.0  0.3  0.0 27.5 13.9 16.3  3.0 10.0  9.3  6.3  0.0
     -6.07      4.37     -5.68     -2.87      1.34  0.7  0.0  0.0  0.0  0.0
                                4000_story_3469_llm_free.txt 34.5  4.4 3170
 15.5  3.2  9.5 40.7  5.0  0.3  3.5  0.6 14.5 20.2  0.9  0.0  0.0  4.4  1.3
  0.0  0.3  4.1  8.5  0.9  0.3281.7 83.9 36.3128.1 61.2 14.5 12.0  0.3  0.0
  0.0  1.3 23.7  7.3 17.7 27.4  4.1  2.8  2.5  1.6  2.5  1.6  3.8  5.4  0.3
  3.8  3.8  0.3  1.6  2.5  9.5 15.1  9.5  1.3  0.3 63.1 80.8  1.6182.0  8.2
  2.5  0.0  0.0  0.0  0.0  0.0  0.0  0.0  0.0  0.0  0.0  0.0  0.0  0.0  0.0
  0.0  0.0  0.0  1.3  1.3  0.6  0.6  0.0  0.0  0.0  0.0  0.0  0.0  0.0  0.0
  0.3  0.9  0.6  0.3  0.0  0.0  0.0  0.0  0.0  0.3  0.0  0.0  2.2  1.3  0.0
  3.8  0.0  0.0  3.8  2.2  0.0  2.5  3.5  0.0  0.0  0.0  0.0  0.0  0.0  0.0
  0.3  0.6  0.0  0.0  0.0  0.0  0.0  9.5  0.9  0.6  4.7 37.9  6.0  5.7 24.0
  0.6  1.6  2.8  2.8  0.0  2.8  0.3 38.2 15.8 18.9  0.6  5.7 11.0 10.4  0.0
     -6.45      6.22     -5.56     -2.57      1.02  0.3  0.0  0.0  0.0  0.0
                                4000_story_3471_llm_free.txt 36.3  4.5 3035
 14.8  3.6  4.3 38.6  4.0  1.3  5.3  1.0  7.2 14.5  1.6  0.7  0.3  7.6  0.0
  0.0  1.6  6.3 14.2  1.0  2.0301.8 80.7 26.7104.8 42.5  9.6 10.9  0.0  1.0
  0.3  1.3 30.6 10.9 18.8 28.3  6.3  4.6  3.6  2.6  1.0  1.3  2.6  6.3  0.3
  5.6  4.9  2.3  2.3  3.3 11.9 23.7 12.2  2.6  1.3 61.3 53.7  1.6163.4  6.3
  1.6  0.0  0.0  0.0  0.0  0.0  0.0  0.0  0.0  0.0  0.0  0.0  0.0  0.0  0.0
  0.0  0.0  0.0  2.0  0.7  2.3  2.6  0.0  0.0  0.0  0.0  0.0  0.0  0.0  0.7
  0.3  0.7  0.3  1.0  0.0  0.3  0.0  0.0  0.0  0.0  0.3  0.0  0.7  1.0  0.0
  7.6  0.0  0.0  7.6  3.0  0.3  3.3  2.0  0.0  0.0  0.0  0.0  0.0  0.0  0.0
  0.0  0.7  0.0  0.0  0.3  0.0  0.0  6.6  2.0  0.7  9.6 24.7  8.9  3.0 16.1
  1.0  2.3  3.3  2.3  0.0  1.0  0.0 32.0 17.8 20.8  1.0  5.9 11.2  9.9  0.0
     -1.49      3.46     -5.86     -2.14      1.03  0.0  0.0  0.0  0.0  0.0
                                4000_story_3475_llm_free.txt 34.5  4.6 3016
 17.2  4.6  4.6 29.5  4.3  0.0  1.7  1.3  4.6 16.2  0.0  0.7  0.0  5.3  1.3
  0.3  1.0  2.7 10.6  0.7  1.3307.0 86.5 30.8121.0 54.7 12.3  7.0  0.0  1.3
  0.3  2.7 22.9  8.0 16.6 29.5  5.0  3.6  2.0  0.3  1.0  0.7  3.0  3.6  0.0
  6.0  3.6  0.3  2.3  4.3  7.3 17.9  9.6  1.7  1.7 61.7 63.7  1.7169.8  8.0
  0.3  0.0  0.0  0.0  0.0  0.0  0.0  0.0  0.0  0.0  0.0  0.0  0.0  0.0  0.0
  0.0  0.0  0.0  2.0  0.0  2.3  0.0  0.0  0.3  0.0  0.0  0.0  0.0  0.0  0.0
  0.0  1.3  0.3  0.0  0.0  0.0  0.0  0.3  0.0  0.3  0.0  0.0  1.0  1.0  0.0
  4.3  0.3  0.0  4.6  1.7  0.3  2.3  2.0  0.0  0.0  0.0  0.0  0.0  0.0  0.0
  0.0  0.3  0.0  0.0  0.0  0.0  0.0  6.6  1.3  3.0 10.3 34.5  7.6  3.3  5.6
  2.3  2.3  0.7  4.3  0.0  1.3  0.0 35.1 17.2 19.2  1.3  9.6  7.6  7.3  0.0
     -6.64      4.33     -4.32     -4.21      0.72  0.0  0.0  0.0  0.0  0.0
                                4000_story_3476_llm_free.txt 36.8  4.5 3193
 17.5  5.3  7.5 39.8 13.5  1.3  3.8  1.6  8.5 14.4  0.9  1.6  0.6  5.0  0.0
  0.0  1.6  3.4  8.5  0.9  0.6272.2 87.4 30.7129.3 73.0 12.2 12.5  0.9  1.6
  0.0  1.9 29.8  6.3 16.6 23.8  5.0  1.9  3.4  1.9  1.6  1.3  2.5  4.7  0.6
  4.4  6.3  0.9  2.5  4.1  6.9 20.0  9.7  2.5  2.5 60.1 94.9  1.6180.7  3.8
  1.3  0.0  0.0  0.0  0.0  0.0  0.0  0.0  0.0  0.0  0.0  0.0  0.0  0.0  0.0
  0.0  0.0  0.0  3.4  0.3  2.2  0.3  0.0  0.0  0.0  0.0  0.0  0.0  0.3  0.3
  0.0  1.6  0.3  0.3  0.0  0.0  0.0  0.0  0.0  0.0  0.0  0.0  0.6  0.6  0.0
  6.3  0.0  0.3  6.6  2.5  0.0  2.5  1.3  0.0  0.0  0.0  0.0  0.0  0.0  0.0
  0.3  0.6  0.0  0.0  0.0  0.0  0.0 13.2  3.1  1.6  8.5 27.9  7.8  4.4 21.6
  2.5  1.3  2.8  2.2  0.0  0.0  0.9 39.5 19.7 21.3  0.6  6.9 11.3  7.5  0.0
     -2.91      6.44     -2.95     -2.95      0.55  0.3  0.0  0.0  0.0  0.0
                                4000_story_3479_llm_free.txt 36.8  4.5 3374
 19.3  5.0  5.6 46.8 11.6  0.6  3.3  0.3 12.7 17.2  0.9  1.5  0.0  7.1  0.6
  0.3  2.4  3.9  9.2  1.2  1.2262.6 85.4 28.2126.6 60.8 11.3 12.7  0.0  0.6
  0.3  0.9 21.0  9.8 17.8 28.2  4.4  2.1  2.4  2.4  2.1  1.8  3.6  8.0  0.0
  5.0  5.0  1.2  2.7  4.1  8.0 19.0 13.0  3.6  0.9 64.3 85.1  2.1189.1  6.8
  3.0  0.0  0.0  0.0  0.0  0.0  0.0  0.0  0.0  0.0  0.0  0.0  0.0  0.0  0.0
  0.0  0.0  0.0  2.1  1.2  2.7  0.6  0.0  0.0  0.0  0.0  0.0  0.0  0.0  0.6
  0.3  1.2  0.3  0.3  0.0  0.0  0.0  0.0  0.0  0.9  0.0  0.0  1.5  1.2  0.0
  6.5  0.0  0.0  6.5  2.7  0.0  3.6  2.7  0.0  0.0  0.0  0.0  0.0  0.0  0.0
  0.3  0.9  0.0  0.0  0.0  0.0  0.0 10.4  2.4  0.6  8.3 29.9  3.9  4.4 21.3
  2.7  1.5  2.7  2.4  0.0  0.3  0.0 41.2 21.6 21.9  2.1  7.4 13.3  8.0  0.0
      1.01      5.66     -6.29     -2.57      1.43  0.3  0.0  0.0  0.0  0.0
                                4000_story_3481_llm_free.txt 34.8  4.7 3330
 11.1  3.9  3.6 40.8  7.2  0.6  2.7  1.2  9.6 21.0  0.0  0.6  0.3  3.3  0.3
  0.0  1.5  2.7  9.6  1.8  1.2303.9 87.7 47.4110.5 40.5 11.4  7.5  0.3  0.3
  0.0  0.9 31.8  9.0 13.8 24.9  5.4  2.1  2.1  2.1  2.4  1.5  2.1  7.2  0.3
  2.4  3.9  0.0  2.1  4.2  7.2 17.1  9.9  3.3  0.6 73.0 57.4  1.2163.7  5.7
  1.2  0.0  0.0  0.0  0.0  0.0  0.0  0.0  0.0  0.0  0.0  0.0  0.0  0.0  0.0
  0.0  0.0  0.0  1.8  0.3  1.8  0.6  0.0  0.0  0.0  0.3  0.0  0.0  0.0  0.3
  0.0  0.3  1.8  0.3  0.0  0.0  0.0  0.0  0.0  0.0  0.0  0.3  1.2  1.5  0.0
  4.5  0.0  0.3  4.8  2.7  0.0  2.7  3.0  0.0  0.0  0.0  0.0  0.0  0.0  0.0
  0.0  0.3  0.0  0.0  0.0  0.0  0.0  8.4  3.3  1.2  7.2 39.0  8.1  5.1 15.6
  0.9  3.9  2.1  2.1  0.0  1.5  0.9 28.2 13.5 16.5  3.3 10.8  6.9  6.9  0.0
     -6.79      3.29     -4.21     -2.73     -0.21  0.3  0.0  0.3  0.0  0.0
                                4000_story_3483_llm_free.txt 34.8  4.5 3619
 17.1  4.4  0.8 30.7  5.5  0.3  2.8  1.7  5.0 19.3  0.3  0.6  0.8  6.1  0.0
  0.8  0.6  4.7  6.9  0.8  1.9281.0 91.2 34.8122.1 57.8  9.9 10.8  0.0  2.5
  0.0  1.4 22.7  7.7 15.5 27.9  5.8  2.8  1.9  2.8  0.3  1.4  3.0  4.7  0.6
  4.1  5.5  1.9  1.1  6.1  7.7 17.1  9.4  1.4  2.5 69.4 68.3  1.1170.5  5.0
  1.7  0.0  0.0  0.0  0.0  0.0  0.0  0.0  0.0  0.0  0.0  0.0  0.0  0.0  0.0
  0.0  0.0  0.0  2.2  0.0  3.0  1.4  0.0  0.0  0.0  0.0  0.0  0.0  0.0  0.8
  0.3  1.4  0.3  0.6  0.0  0.3  0.0  0.0  0.0  0.0  0.0  0.0  1.4  0.0  0.0
  6.6  0.0  0.0  6.6  3.3  0.3  3.6  1.4  0.0  0.0  0.0  0.0  0.0  0.0  0.0
  0.0  0.0  0.0  0.0  0.0  0.0  0.0  8.3  2.5  0.6  6.9 35.1  5.5  5.3 12.4
  0.6  2.5  0.3  3.6  0.3  1.4  0.3 38.1 16.6 16.9  2.5  8.0 13.3  9.7  0.0
     -5.98      4.77     -4.05     -3.38      0.75  0.3  0.0  0.0  0.0  0.0
                                4000_story_3485_llm_free.txt 35.8  4.5 3695
 13.3  3.5  5.1 40.1 11.9  1.1  3.0  1.6  9.2 23.3  0.5  1.1  0.0  7.8  0.5
  0.0  1.1  3.2  7.0  1.6  1.9264.4 91.7 28.1119.1 59.0 17.9  9.5  0.8  1.6
  0.0  0.8 24.1  7.6 15.7 28.7  3.2  3.0  2.7  1.4  1.1  1.9  2.2  5.7  0.3
  3.8  6.5  0.5  2.7  3.2  7.3 16.8  9.7  2.7  2.4 59.8 80.1  0.0171.3  7.3
  0.8  0.0  0.0  0.0  0.0  0.0  0.0  0.0  0.0  0.0  0.0  0.0  0.0  0.0  0.0
  0.0  0.0  0.0  1.9  1.1  1.1  0.3  0.0  0.0  0.0  0.0  0.0  0.0  0.0  0.3
  0.3  0.8  0.5  0.5  0.0  0.0  0.0  0.0  0.0  0.0  0.0  0.0  2.7  0.5  0.0
  4.3  0.0  0.0  4.3  2.4  0.0  2.4  3.2  0.0  0.0  0.0  0.0  0.0  0.0  0.0
  0.3  0.0  0.3  0.0  0.0  0.0  0.0  8.4  4.1  0.5  5.7 33.6  8.7  7.8  9.5
  1.4  1.1  0.3  3.0  0.0  1.1  0.0 37.1 17.1 18.9  2.4  6.2 11.9  8.1  0.0
     -1.44      6.00     -4.18     -3.13      0.02  0.5  0.0  0.0  0.3  0.0
                                4000_story_3488_llm_free.txt 36.8  4.4 2744
 14.9  2.9  8.0 49.6 15.3  1.8  2.2  0.4 18.6 17.9  0.4  0.7  0.0  6.6  0.4
  1.1  1.1  9.1 11.7  2.2  1.1238.3 68.5 23.3123.9 67.4 11.3  8.7  0.4  0.7
  0.0  2.2 20.8 12.4  6.2 36.8  6.6  2.6  4.0  1.5  1.1  2.6  3.3  5.5  0.4
  3.3  2.6  4.0  2.9  6.9 12.8 18.6  9.1  3.3  1.1 59.8101.3  2.2182.6  5.1
  0.4  0.0  0.0  0.0  0.0  0.0  0.0  0.0  0.0  0.0  0.0  0.0  0.0  0.0  0.0
  0.0  0.0  0.0  1.8  0.4  2.6  1.8  0.4  0.0  0.0  0.0  0.0  0.0  0.0  0.0
  0.0  1.8  0.7  0.4  0.0  0.0  0.4  0.0  0.0  0.0  0.4  0.0  1.8  0.7  0.0
  6.6  0.4  0.0  6.9  2.9  0.4  3.3  2.9  0.0  0.0  0.0  0.0  0.0  0.0  0.0
  0.0  0.4  0.0  0.0  0.0  0.0  0.0  9.5  2.2  1.1 10.9 32.8  4.0 18.6  9.5
  0.7  0.4  0.4  1.5  0.4  1.5  0.0 41.9 17.9 22.2  1.8  9.1  8.7 13.8  0.0
      2.86      5.14     -3.65     -2.50      0.59  0.7  0.0  0.0  0.0  0.0
                                4000_story_3489_llm_free.txt 35.3  4.4 3262
 15.6  5.5  8.9 45.1 18.7  1.2  5.2  0.9 22.7 19.9  0.9  0.3  1.2  8.0  0.9
  0.9  2.1  3.7  4.3  0.9  0.9247.7 78.5 38.9121.4 55.5 12.9  9.8  0.0  0.3
  0.0  0.9 22.1  9.5 10.7 30.7  7.1  2.1  0.9  0.9  1.8  2.8  2.1  4.6  0.0
  3.7  4.6  1.5  3.4  7.7  7.7 11.0  8.3  3.1  0.3 71.4 96.9  2.8177.8  5.5
  0.3  0.0  0.0  0.0  0.0  0.0  0.0  0.0  0.0  0.0  0.0  0.0  0.0  0.0  0.0
  0.0  0.0  0.0  2.1  1.2  3.1  0.6  0.0  0.0  0.0  0.0  0.0  0.0  0.0  0.0
  0.0  1.5  1.2  0.3  0.0  0.0  0.0  0.0  0.0  0.0  0.0  0.0  2.1  1.2  0.0
  7.1  0.0  0.0  7.1  3.1  0.0  3.1  3.4  0.0  0.0  0.0  0.0  0.0  0.0  0.0
  0.0  0.6  0.3  0.0  0.0  0.0  0.0 16.9  2.8  1.5  8.3 33.4  2.5  6.4  7.7
  2.5  1.2  8.0  4.9  0.3  0.0  0.0 38.9 16.6 19.6  1.5  3.1 11.6 11.0  0.0
      2.21      5.02     -4.61     -3.40     -0.40  0.3  0.0  0.0  0.0  0.0
                                4000_story_3491_llm_free.txt 37.3  4.5 3021
 16.6  7.6  4.0 25.5  5.6  0.7  2.3  1.3  5.0 24.2  0.3  1.3  0.7  6.0  0.3
  0.7  1.0  3.3  9.9  0.7  2.3273.8 89.4 38.1121.5 53.3 12.9  5.3  0.0  0.7
  0.7  2.6 18.2  7.9 10.6 28.5  4.6  2.3  1.3  2.3  1.3  1.7  3.0  6.0  0.3
  4.0  4.3  2.3  4.6  4.3  7.0 20.5 10.3  1.7  1.3 71.2 63.9  2.3164.8  6.6
  1.7  0.0  0.0  0.0  0.0  0.0  0.0  0.0  0.0  0.0  0.0  0.0  0.0  0.0  0.0
  0.0  0.0  0.0  3.3  0.7  5.3  1.7  0.0  0.0  0.0  0.0  0.0  0.0  0.0  0.3
  0.7  0.3  0.3  0.7  0.0  0.0  0.0  0.3  0.0  0.0  0.0  0.0  1.0  0.7  0.0
 10.9  0.0  0.0 10.9  2.3  0.3  2.6  1.7  0.0  0.0  0.0  0.0  0.0  0.0  0.0
  0.3  0.3  0.0  0.0  0.0  0.0  0.0  8.3  3.3  3.0  8.9 27.5  4.0  7.6  9.6
  2.0  2.0  1.7  4.6  0.0  0.3  0.0 35.7 10.3 18.9  0.7  8.3 10.6  9.6  0.0
     -2.92      4.10     -2.85     -3.28      0.67  0.7  0.0  0.3  0.0  0.0
                                4000_story_3492_llm_free.txt 36.5  4.4 3240
 19.8  4.6  5.9 45.7 12.3  0.3  3.7  0.3 21.9 16.7  0.9  0.3  0.3  6.2  0.9
  0.3  0.9  4.0  9.0  2.2  0.9248.5 77.2 26.5119.8 69.8 13.3  7.7  0.6  1.2
  0.3  1.9 21.6  9.9 12.0 31.8  8.0  2.8  1.9  2.5  2.2  1.9  2.8  6.2  0.0
  3.7  6.2  2.5  1.5  4.6  9.0 19.8  9.9  3.1  2.2 59.9104.0  2.2181.5  5.6
  1.9  0.3  0.0  0.0  0.0  0.0  0.0  0.0  0.0  0.0  0.0  0.0  0.0  0.0  0.0
  0.0  0.0  0.0  2.5  0.0  3.4  1.2  0.6  0.3  0.0  0.0  0.0  0.0  0.3  0.9
  0.0  0.9  2.2  0.6  0.0  0.0  0.6  0.0  0.0  0.6  0.0  0.3  3.4  1.5  0.0
  7.1  0.9  0.3  8.3  4.6  0.6  5.9  5.2  0.0  0.0  0.0  0.0  0.0  0.0  0.0
  0.0  0.3  0.0  0.0  0.0  0.0  0.0 13.0  0.9  1.2  5.6 37.7  4.6  7.7 12.3
  1.5  2.5  1.9  1.5  0.0  0.6  0.0 42.9 17.6 23.5  1.5  9.0 14.2 11.4  0.0
     -0.11      5.29     -3.75     -2.45      0.24  0.6  0.0  0.0  0.3  0.0
                                4000_story_3493_llm_free.txt 34.0  4.5 3104
 19.0  5.8  4.5 39.6  9.3  0.6  4.5  1.3  8.1 14.2  0.6  0.3  0.3  3.5  0.6
  0.3  3.5  1.9 11.0  0.3  2.6280.9 88.9 35.4117.3 53.5 13.2  9.0  0.6  0.3
  0.3  1.9 29.0  7.7 19.3 29.0  6.8  4.5  3.2  1.3  0.6  2.6  2.9 11.9  0.0
  7.4  4.2  0.6  1.6  3.9  7.1 18.7 19.3  3.9  1.3 62.5 70.9  1.0175.9  6.4
  1.6  0.0  0.0  0.0  0.0  0.0  0.0  0.0  0.0  0.0  0.0  0.0  0.0  0.0  0.0
  0.0  0.0  0.0  2.3  1.6  2.3  1.0  0.0  0.3  0.0  0.0  0.0  0.0  0.0  0.6
  0.6  1.0  0.6  0.3  0.0  0.6  0.0  0.3  0.0  0.3  0.3  0.0  2.6  0.6  0.0
  7.1  0.3  0.0  7.4  3.2  1.0  4.5  3.5  0.0  0.0  0.0  0.0  0.0  0.0  0.0
  0.6  0.0  0.0  0.0  0.0  0.0  0.0 12.6  2.9  1.0 11.9 21.6  1.9  4.8 20.9
  1.3  0.6  2.6  2.9  0.0  1.0  0.3 34.1 20.6 20.6  1.0  9.3 11.0  6.1  0.0
     -1.51      4.72     -5.01     -2.57      2.38  0.0  0.0  0.0  0.0  0.0
                                4000_story_3494_llm_free.txt 35.3  4.4 3412
 14.1  2.3  6.4 41.9 10.0  1.8  2.1  1.8 11.7 16.7  0.9  1.2  0.3  5.9  0.3
  1.2  1.2  3.8  8.2  1.5  2.1264.9 87.0 29.9120.2 63.0 14.9  6.4  0.0  1.8
  0.0  1.8 18.5  8.2 10.6 34.3  5.3  3.5  1.8  1.2  2.3  1.2  2.9  5.0  0.3
  4.1  5.9  0.3  1.5  2.3  9.7 18.2  9.4  2.6  1.8 63.6 84.7  2.3178.8  6.2
  0.6  0.0  0.0  0.0  0.0  0.0  0.0  0.0  0.0  0.0  0.0  0.0  0.0  0.0  0.0
  0.0  0.0  0.0  0.9  0.0  1.5  0.6  0.0  0.0  0.0  0.0  0.0  0.0  0.0  0.3
  0.3  0.0  0.0  0.6  0.0  0.3  0.0  0.0  0.0  0.3  0.0  0.0  1.8  0.6  0.0
  2.9  0.0  0.0  2.9  1.2  0.3  1.8  2.3  0.0  0.0  0.0  0.0  0.0  0.0  0.0
  0.0  0.3  0.3  0.0  0.0  0.0  0.0 10.3  4.1  0.9  4.4 36.0  1.5  6.4 17.6
  0.3  1.8  3.2  2.1  0.0  0.6  0.0 42.2 14.1 19.1  1.5  6.2 15.2 14.9  0.0
     -2.38      5.09     -3.61     -3.08      0.51  0.0  0.0  0.3  0.0  0.0
                                4000_story_3495_llm_free.txt 35.0  4.5 3031
 14.8  4.9  6.3 34.0  6.3  1.3  3.3  0.3 15.5 30.4  1.3  0.7  1.0  6.6  0.0
  0.0  2.0  2.6 10.2  1.0  1.6278.1 80.2 26.1136.6 56.4 10.9 10.9  0.0  0.7
  0.0  1.3 27.7 10.6 11.9 30.4  4.0  0.7  3.3  0.3  2.6  1.3  2.6  4.0  0.0
  4.9  4.6  1.3  3.6  2.6  5.9 17.2  8.9  3.0  0.7 54.8 78.2  1.0183.1  5.9
  1.3  0.0  0.0  0.0  0.0  0.0  0.0  0.0  0.0  0.0  0.0  0.0  0.0  0.0  0.0
  0.0  0.0  0.0  2.6  1.0  2.6  0.3  0.0  0.0  0.0  0.0  0.0  0.0  0.0  0.0
  0.0  0.7  0.3  0.0  0.0  0.0  0.0  0.0  0.0  0.3  0.0  0.7  2.0  1.3  0.0
  6.6  0.0  0.0  6.6  1.0  0.0  1.3  4.0  0.0  0.0  0.0  0.0  0.0  0.0  0.0
  0.0  0.7  0.0  0.0  0.0  0.0  0.0 15.8  2.6  1.0  7.6 32.0  4.0 16.2  8.9
  2.6  3.0  2.6  1.3  0.0  2.0  0.0 35.0 18.8 18.5  2.0  7.9 12.9 10.6  0.0
      0.11      5.38     -4.52     -3.45      0.22  0.3  0.0  0.0  0.0  0.0
                                4000_story_3496_llm_free.txt 37.3  4.6 3503
 20.6  4.0  4.6 28.8  4.0  0.6  1.4  1.4  8.3 23.1  0.3  0.6  0.0  8.0  0.6
  0.0  1.4  2.0  8.0  0.9  1.4287.2 87.6 28.8120.5 56.0 14.3  8.6  0.9  1.1
  0.3  1.4 28.5  6.9 14.6 26.3  5.7  2.6  4.0  2.3  0.9  1.7  2.3  2.9  0.3
  7.7  6.0  1.1  2.9  3.1  5.4 18.3 10.8  2.3  2.3 55.7 68.2  0.3170.7  6.0
  1.7  0.0  0.0  0.0  0.0  0.0  0.0  0.0  0.0  0.0  0.0  0.0  0.0  0.0  0.0
  0.0  0.0  0.0  1.4  0.3  2.3  1.4  0.0  0.0  0.0  0.0  0.0  0.0  0.0  0.6
  0.0  0.9  0.3  0.0  0.0  0.0  0.0  0.0  0.0  0.6  0.0  0.0  1.1  0.6  0.0
  5.4  0.0  0.0  5.4  1.7  0.0  2.3  1.7  0.0  0.0  0.0  0.0  0.0  0.0  0.0
  0.0  0.3  0.0  0.0  0.0  0.0  0.0  9.1  3.4  2.6  4.6 29.1  9.4  5.1 12.6
  1.4  1.7  1.1  4.0  0.3  1.1  0.3 34.8 19.4 23.4  1.1  7.7  7.7  8.0  0.0
     -3.75      5.05     -2.91     -2.57      0.94  0.3  0.0  0.0  0.0  0.0
                                4000_story_3498_llm_free.txt 35.3  4.5 2819
 13.1  3.5  5.7 31.2  6.4  0.4  2.8  1.1  6.4 24.5  0.7  0.7  0.4  2.5  0.0
  0.4  0.4  5.0  9.2  0.7  2.8287.0 91.5 35.8118.1 54.6  9.6  7.8  0.0  1.4
  0.0  2.1 22.3  6.4 13.5 24.5  5.7  4.3  0.7  2.1  2.5  1.1  3.2  4.6  0.0
  4.6  7.4  0.0  2.1  3.5 11.7 21.6  9.2  1.1  1.4 71.7 67.4  1.4166.4  6.7
  2.1  0.0  0.0  0.0  0.0  0.0  0.0  0.0  0.0  0.0  0.0  0.0  0.0  0.0  0.0
  0.0  0.0  0.0  1.8  1.1  2.1  0.0  0.0  0.0  0.0  0.0  0.0  0.0  0.0  0.0
  0.4  1.1  0.4  0.0  0.0  0.0  0.0  0.0  0.0  0.4  0.0  0.0  1.1  0.4  0.0
  5.0  0.0  0.0  5.0  1.8  0.0  2.1  1.4  0.0  0.0  0.0  0.0  0.0  0.0  0.0
  0.0  0.7  0.0  0.0  0.0  0.0  0.0 13.8  2.8  0.4  5.7 31.6  9.2  5.0  9.6
  1.1  3.2  2.1  2.5  0.0  2.8  0.0 39.0 12.8 14.5  1.4  5.7 11.0 12.1  0.0
     -7.30      3.87     -3.16     -2.79      0.56  0.4  0.0  0.0  0.0  0.0
                                4000_story_3500_llm_free.txt 38.5  4.5 3479
 21.8  5.7  5.7 46.9 20.1  0.9  3.2  0.0 17.2 18.7  0.3  0.9  0.3  4.9  0.0
  0.3  1.4  7.2  6.9  1.4  2.6263.6 74.4 30.2122.7 61.8 12.4  7.8  0.0  2.0
  0.3  2.0 21.8  7.2  8.9 31.9  7.2  5.5  2.3  2.6  1.1  1.1  3.2  6.3  0.9
  3.4  3.2  1.7  3.4  3.2 13.8 15.5 10.6  2.9  2.3 56.1 99.2  2.3185.7  3.4
  2.9  0.0  0.0  0.0  0.0  0.0  0.0  0.0  0.0  0.0  0.0  0.0  0.0  0.0  0.0
  0.0  0.0  0.0  0.6  0.0  4.9  1.4  0.0  0.0  0.0  0.0  0.0  0.0  0.0  0.9
  0.3  1.1  0.9  0.3  0.0  0.3  0.0  0.0  0.0  0.0  0.3  0.0  2.6  1.1  0.0
  6.9  0.0  0.0  6.9  3.4  0.3  3.7  4.0  0.0  0.0  0.0  0.0  0.0  0.0  0.0
  0.0  0.6  0.0  0.0  0.0  0.0  0.0 16.7  3.2  2.9  9.5 26.4  0.6 19.8  6.9
  1.7  1.4  1.1  2.3  0.0  0.9  0.3 36.5 15.8 28.2  2.0  8.3  9.5  5.5  0.0
      0.52      4.87     -1.98     -2.38      1.08  0.3  0.0  0.3  0.0  0.0
                                4000_story_3504_llm_free.txt 34.0  4.5 3752
 18.1  2.7  5.9 37.0  6.1  0.5  2.4  1.1  8.0 20.5  0.3  1.3  0.8  4.5  0.3
  0.5  2.1  3.2  8.5  2.1  1.6265.7 84.0 25.6119.7 60.0 21.6  6.4  0.0  1.3
  0.5  2.1 28.0  7.7 10.4 35.7  5.1  2.1  4.0  1.9  1.6  3.5  2.9  5.6  0.5
  4.3  5.3  0.8  4.0  1.9  6.9 19.2 10.4  4.3  1.9 54.1 74.1  4.5173.0  6.7
  2.1  0.0  0.0  0.0  0.0  0.0  0.0  0.0  0.0  0.0  0.0  0.0  0.0  0.0  0.0
  0.0  0.0  0.0  1.6  0.3  1.9  0.3  0.0  0.0  0.0  0.0  0.0  0.0  0.0  0.5
  0.5  0.5  0.3  0.5  0.0  0.0  0.0  0.0  0.0  0.0  0.0  0.0  4.3  1.3  0.0
  4.0  0.0  0.0  4.0  2.4  0.0  2.4  5.6  0.0  0.0  0.0  0.0  0.0  0.0  0.0
  0.3  1.1  0.3  0.0  0.0  0.0  0.0 12.3  5.3  1.6  6.4 30.7  2.7 12.3 11.5
  0.8  1.6  1.6  2.9  0.0  1.1  0.3 39.4 15.2 21.6  1.3  8.8 11.7  9.3  0.0
     -0.91      6.21     -2.44     -1.81      0.84  0.3  0.0  0.0  0.0  0.0
                                4000_story_3509_llm_free.txt 35.0  4.5 3018
  9.3  3.3  7.0 42.7  7.6  0.7  4.0  1.0  8.9 22.5  1.0  0.7  0.3  7.0  0.0
  0.7  3.3  1.3  7.3  1.0  2.7272.4 95.1 32.5116.0 50.4 10.9 10.9  0.0  0.0
  0.0  2.7 21.5  6.6 17.9 30.5  4.3  1.7  2.0  4.0  1.0  2.7  4.0  5.0  0.7
  3.6  7.0  0.7  2.3  5.0  4.0 21.5  9.3  4.3  0.0 65.9 66.9  1.7173.3 10.3
  2.0  0.0  0.0  0.0  0.0  0.0  0.0  0.0  0.0  0.0  0.0  0.0  0.0  0.0  0.0
  0.0  0.0  0.0  2.3  1.0  1.0  0.7  0.0  0.0  0.0  0.0  0.0  0.0  0.0  0.0
  0.7  1.0  1.0  0.0  0.0  0.0  0.0  0.0  0.0  0.7  0.0  0.0  1.7  1.0  0.0
  5.0  0.0  0.0  5.0  2.7  0.0  3.3  2.7  0.0  0.0  0.0  0.0  0.0  0.0  0.0
  0.3  0.0  0.0  0.0  0.0  0.0  0.0 10.6  1.3  0.7  8.6 31.1  4.0  3.3 17.9
  1.3  2.3  2.3  5.3  0.0  1.7  0.0 44.1 17.9 10.6  0.7  8.6 12.3  9.6  0.0
     -0.66      4.45     -5.44     -2.23      1.30  0.0  0.0  0.0  0.0  0.0
                                4000_story_3510_llm_free.txt 34.8  4.5 3383
 14.5  2.4  8.0 49.7  6.5  0.3  5.9  1.5 13.6 23.9  0.6  1.8  0.6  6.8  1.2
  0.6  1.8  4.4  9.5  0.9  0.9272.8 81.3 30.7104.9 37.8 18.0  9.5  0.3  1.5
  0.0  0.9 28.4  5.9 12.1 35.2  7.7  5.9  2.7  0.3  1.8  3.8  3.8  6.8  0.6
  3.5  3.3  1.2  3.3  4.1 12.1 15.7 10.9  2.7  1.8 58.8 57.9  1.5170.6  8.9
  1.8  0.0  0.0  0.0  0.0  0.0  0.0  0.0  0.0  0.0  0.0  0.0  0.0  0.0  0.0
  0.0  0.0  0.0  0.9  0.9  2.1  0.6  0.0  0.0  0.3  0.0  0.0  0.0  0.0  0.0
  0.3  3.3  0.3  0.0  0.3  0.0  0.0  0.0  0.0  0.6  0.0  0.6  1.8  2.1  0.0
  4.4  0.3  0.0  4.7  3.8  0.3  4.7  4.4  0.0  0.0  0.0  0.0  0.0  0.0  0.0
  0.0  0.6  0.0  0.0  0.0  0.0  0.0  7.7  2.1  0.6  6.8 30.7  3.5  3.8 22.5
  6.5  0.9  0.3  2.1  0.0  0.9  0.3 32.2 16.8 18.6  3.0  7.4 12.4  9.8  0.0
      0.69      4.62     -3.07     -1.82      1.40  0.9  0.0  0.0  0.3  0.0
                                4000_story_3513_llm_free.txt 35.3  4.5 2981
 15.1  3.7  7.4 31.9  5.4  0.7  2.0  0.7 11.7 20.5  1.7  1.0  0.0  5.4  0.3
  0.3  1.0  3.4  8.1  0.7  1.0275.4 84.9 35.9121.8 54.7 16.8 10.1  0.3  0.0
  0.0  1.0 22.8  9.1 13.1 28.5  5.4  3.0  2.7  1.3  2.3  1.0  2.0  5.4  1.0
  7.7  6.7  1.7  4.0  3.7  8.7 18.1 14.1  1.7  0.3 65.7 71.8  1.7171.1  7.4
  0.3  0.3  0.0  0.0  0.0  0.0  0.0  0.0  0.0  0.0  0.0  0.0  0.0  0.0  0.0
  0.0  0.0  0.0  1.3  1.3  2.7  0.7  0.3  0.3  0.0  0.0  0.0  0.0  0.0  0.0
  0.3  1.7  0.3  0.0  0.0  0.0  0.0  0.0  0.0  0.0  0.0  0.0  1.7  0.3  0.0
  6.0  0.7  0.0  6.7  2.3  0.0  2.3  2.0  0.0  0.0  0.0  0.0  0.0  0.0  0.0
  0.3  0.0  0.3  0.0  0.0  0.0  0.0 11.4  4.4  1.0  5.4 34.6  4.7  7.4 11.1
  1.3  3.0  2.3  2.3  0.0  1.0  0.3 31.5 16.1 16.8  1.3  8.7 13.1  8.4  0.0
     -5.69      5.80     -4.93     -2.89      1.71  0.3  0.3  0.0  0.3  0.0
                                4000_story_3520_llm_free.txt 35.8  4.5 2829
 15.2  3.2  8.8 33.2  4.2  1.1  2.1  0.0  9.9 19.1  1.8  0.4  0.4  6.4  0.0
  0.4  1.1  4.6  9.2  1.1  2.8273.9 84.5 27.2127.6 49.1 13.4  9.5  0.0  0.4
  0.0  2.1 22.6  6.7 18.0 29.0  5.3  3.2  2.8  0.7  1.4  2.5  2.5  3.9  0.0
  7.4  5.3  0.4  4.2  4.6  9.2 17.7 11.3  2.1  0.4 66.5 63.3  1.8176.4  7.4
  0.4  0.0  0.0  0.0  0.0  0.0  0.0  0.0  0.0  0.0  0.0  0.0  0.0  0.0  0.0
  0.0  0.0  0.0  1.1  0.0  1.4  1.4  0.0  0.0  0.0  0.0  0.0  0.4  0.0  0.4
  0.4  1.1  0.0  0.0  0.0  0.0  0.0  0.0  0.0  0.0  0.0  0.4  1.1  1.4  0.0
  3.9  0.0  0.4  4.2  1.8  0.0  1.8  2.8  0.0  0.0  0.0  0.0  0.0  0.0  0.0
  0.0  0.7  0.0  0.0  0.0  0.0  0.0 10.3  2.1  0.0  6.0 25.1  3.2  6.0  9.2
  1.4  2.8  1.8  2.8  0.0  0.0  0.0 38.9 17.3 17.7  1.1  9.5 12.4  6.7  0.0
     -3.67      5.00     -5.36     -2.95      0.90  0.4  0.0  0.0  0.0  0.0
                                4000_story_3523_llm_free.txt 39.5  4.6 2999
 19.7  6.0 10.3 45.0  7.0  0.3  3.0  1.3 12.0 17.7  0.7  1.0  0.3  5.3  1.0
  0.0  2.7  4.3 11.7  1.0  1.3269.8 82.4 37.7126.7 55.4 14.3  8.7  0.3  0.3
  0.3  1.0 23.7  6.3 19.7 30.7  2.3  2.0  3.0  1.0  1.7  1.7  0.7  3.0  0.3
  5.3  4.7  1.3  3.3  3.7  8.0 19.3  8.7  3.7  1.0 64.0 74.4  1.7182.7  5.3
  1.7  0.0  0.0  0.0  0.0  0.0  0.0  0.0  0.0  0.0  0.0  0.0  0.0  0.0  0.0
  0.0  0.0  0.0  2.7  0.0  3.0  1.3  0.0  0.0  0.0  0.0  0.0  0.0  0.0  0.0
  0.0  0.7  0.3  0.3  0.0  0.0  0.0  0.0  0.0  0.0  0.0  0.0  1.0  0.0  0.0
  7.0  0.0  0.0  7.0  1.3  0.0  1.3  1.0  0.0  0.0  0.0  0.0  0.0  0.0  0.0
  0.0  0.3  0.0  0.0  0.0  0.0  0.0 10.0  3.0  1.7 12.7 29.0  5.7  5.0 17.7
  1.3  2.3  1.0  3.0  0.0  0.7  0.0 41.0 16.3 22.0  0.3 11.3  8.3  7.7  0.0
      0.48      5.26     -5.69     -3.25     -0.78  0.0  0.0  0.3  0.3  0.0
                                4000_story_3525_llm_free.txt 36.8  4.6 3107
 21.6  8.0  6.1 30.9  6.1  0.6  1.6  0.6  6.8 17.4  0.6  1.3  0.3  2.6  0.6
  0.0  1.0  3.2  8.0  1.6  3.2292.9 80.5 38.3123.9 57.3 12.2  9.0  0.3  0.3
  0.0  2.9 28.0  7.1 11.9 30.6  6.4  4.5  1.9  1.3  1.3  0.3  5.1  3.2  0.0
  6.1  7.7  1.3  2.6  4.8  9.0 21.2  9.3  2.6  0.6 63.4 70.2  2.6176.4  6.4
  1.9  0.0  0.0  0.0  0.0  0.0  0.0  0.0  0.0  0.0  0.0  0.0  0.0  0.0  0.0
  0.0  0.0  0.0  2.9  0.6  4.5  1.3  0.0  0.3  0.0  0.0  0.0  0.0  0.0  0.0
  0.0  0.6  1.3  0.0  0.0  0.0  0.0  0.3  0.0  0.0  0.0  0.0  0.6  0.6  0.0
  9.3  0.3  0.0  9.7  1.9  0.3  2.3  1.3  0.0  0.0  0.0  0.0  0.0  0.0  0.0
  0.6  0.0  0.0  0.0  0.0  0.0  0.0 11.3  5.5  3.2  5.8 25.7  6.8  5.5 12.2
  2.6  2.6  3.5  2.6  0.0  0.6  0.3 35.4 17.1 22.5  2.3  7.7 12.2  8.0  0.0
     -4.79      4.92     -2.92     -3.58      2.05  0.0  0.0  0.0  0.0  0.3
                                4000_story_3529_llm_free.txt 35.3  4.6 2856
 14.7  5.3  3.5 24.5  5.3  0.0  1.8  2.1  5.3 20.0  0.0  0.4  0.4  4.6  0.0
  0.7  1.4  1.1 12.3  0.7  1.8285.0 94.2 32.6131.7 44.1 16.1  8.8  0.0  0.4
  0.0  2.8 21.0  7.4 17.5 34.7  4.6  2.1  2.1  1.1  2.1  4.2  4.6  5.6  0.7
  3.5  3.2  0.4  1.1  3.5  5.3 19.6  9.8  2.1  0.4 76.0 54.6  0.4171.2 10.2
  0.7  0.0  0.0  0.0  0.0  0.0  0.0  0.0  0.0  0.0  0.0  0.0  0.0  0.0  0.0
  0.0  0.0  0.0  1.1  0.7  2.1  1.4  0.0  0.0  0.0  0.0  0.0  0.0  0.0  0.0
  0.0  0.4  0.7  0.0  0.0  0.0  0.0  0.0  0.0  0.0  0.0  0.0  3.5  0.4  0.0
  5.3  0.0  0.0  5.3  1.1  0.0  1.1  3.9  0.0  0.0  0.0  0.0  0.0  0.0  0.0
  0.0  0.0  0.0  0.0  0.0  0.0  0.0  8.1  0.0  0.0  7.7 26.3  7.7  3.5 16.1
  7.0  2.1  2.1  2.5  0.0  0.4  0.0 38.2 15.4 16.5  1.8  9.1 10.2  9.5  0.0
     -6.38      5.28     -5.57     -2.27      1.74  0.4  0.0  0.0  0.0  0.0
                                4000_story_3532_llm_free.txt 35.3  4.5 3320
 16.6  4.5  5.1 34.6  6.3  0.0  3.0  0.6 10.5 18.4  1.2  1.2  0.6  4.8  0.6
  0.3  0.6  6.3  8.1  0.6  1.8271.1 89.2 28.9117.5 53.3 15.1  8.7  0.0  1.2
  0.3  1.5 20.2  9.0 18.1 31.3  7.5  3.6  1.5  2.4  1.8  1.8  3.0  5.1  0.6
  5.4  6.3  2.1  1.8  4.5 11.7 19.6 11.1  1.2  1.5 63.9 70.2  1.8173.8  6.0
  0.3  0.0  0.0  0.0  0.0  0.0  0.0  0.0  0.0  0.0  0.0  0.0  0.0  0.0  0.0
  0.0  0.0  0.0  0.9  0.6  2.1  2.4  0.0  0.0  0.0  0.0  0.0  0.0  0.0  0.3
  0.0  0.9  0.3  0.6  0.0  0.3  0.0  0.3  0.0  0.3  0.0  0.3  0.6  1.5  0.0
  6.0  0.0  0.0  6.0  2.1  0.6  3.0  2.4  0.0  0.0  0.0  0.0  0.0  0.0  0.0
  0.0  0.3  0.0  0.0  0.0  0.0  0.0  6.3  3.0  1.5  5.7 25.0  6.9  5.4 14.8
  1.2  1.5  1.5  4.5  0.0  0.3  0.0 42.5 14.2 21.1  1.8  5.1 12.3  8.1  0.0
     -4.59      5.02     -5.87     -2.58      1.24  0.3  0.0  0.0  0.0  0.0
                                4000_story_3533_llm_free.txt 34.5  4.5 2770
 18.4  4.3  6.9 38.6  9.0  1.8  1.8  0.7 19.5 12.6  0.7  0.4  0.0  6.9  0.4
  0.0  1.8  4.7  7.9  0.7  2.2266.4 83.4 36.8123.5 72.2 14.1 12.3  0.0  0.7
  0.0  1.4 31.0  7.9 12.6 28.2  7.6  2.5  2.2  0.7  2.5  1.8  3.6  5.8  0.7
  4.7  2.9  0.7  2.2  3.2  9.7 13.4 11.2  2.5  0.7 60.6100.7  2.2179.1  9.7
  0.4  0.0  0.0  0.0  0.0  0.0  0.0  0.0  0.0  0.0  0.0  0.0  0.0  0.0  0.0
  0.0  0.0  0.0  2.5  0.7  2.2  1.1  0.0  0.0  0.0  0.0  0.0  0.0  0.0  0.0
  0.0  1.8  1.1  0.4  0.0  0.4  0.0  0.0  0.0  0.4  0.0  0.0  2.2  0.7  0.0
  6.5  0.0  0.0  6.5  3.2  0.4  4.0  2.9  0.0  0.0  0.0  0.0  0.0  0.0  0.0
  0.0  0.0  0.0  0.0  0.0  0.0  0.0 13.7  1.8  4.3  8.7 34.7  3.2  5.8 11.6
  1.4  1.1  1.8  2.5  0.4  1.1  0.0 39.4 22.7 23.8  2.9  6.1 12.3  5.1  0.0
     -2.61      6.52     -3.56     -3.05      1.57  0.0  0.0  0.4  0.0  0.0
                                4000_story_3543_llm_free.txt 32.8  4.5 3844
 15.6  4.4  4.4 32.3  6.0  0.8  2.3  0.8 10.9 20.6  0.5  1.0  0.5  7.3  0.5
  0.3  2.1  4.7 10.7  0.5  1.6280.4 92.6 33.0118.6 48.6 11.4 10.1  0.0  0.5
  0.0  1.8 23.2  9.6 12.2 23.9  5.2  1.6  3.6  0.3  1.6  2.1  2.6  5.5  0.8
  2.9  6.8  0.5  2.1  5.5  7.8 20.6  9.1  2.6  0.5 63.5 65.6  1.3162.3  4.7
  3.1  0.0  0.0  0.0  0.0  0.0  0.0  0.0  0.0  0.0  0.0  0.0  0.0  0.0  0.0
  0.0  0.0  0.0  2.6  0.3  2.1  0.3  0.0  0.0  0.0  0.0  0.0  0.0  0.0  0.0
  0.3  1.0  0.0  0.3  0.0  0.0  0.0  0.0  0.0  0.0  0.0  0.0  2.6  0.8  0.0
  5.2  0.0  0.0  5.2  1.6  0.0  1.6  3.4  0.0  0.0  0.0  0.0  0.0  0.0  0.0
  0.3  0.0  0.0  0.0  0.0  0.0  0.0  6.5  3.6  3.6  9.9 30.4  5.7  7.0  7.0
  0.8  2.3  2.6  3.9  0.0  0.3  0.3 28.6 22.6 20.3  1.8  8.3 14.3  6.8  0.0
     -1.65      4.42     -4.19     -3.36      0.35  0.0  0.0  0.0  0.0  0.0
                                4000_story_3545_llm_free.txt 39.3  4.3 3182
 16.0  7.2 11.3 50.0 19.5  0.9  4.4  1.3 27.3 21.7  0.0  1.3  0.3  6.9  0.9
  0.9  2.5  8.8 11.0  0.3  0.9232.6 73.2 24.8127.6 65.1  7.2 13.2  0.0  0.9
  0.0  2.5 14.1  8.5 11.6 33.0  7.2  4.7  2.5  3.1  1.9  0.6  2.8  4.1  0.0
  3.8  5.0  1.9  3.5  2.8 15.4 22.9  7.9  2.8  0.9 63.8111.9  0.9192.3  4.7
  1.6  0.3  0.0  0.0  0.0  0.0  0.0  0.0  0.0  0.0  0.0  0.0  0.0  0.0  0.0
  0.0  0.0  0.0  5.0  0.9  2.8  0.3  0.0  0.3  0.0  0.0  0.0  0.0  0.0  0.0
  0.6  1.3  1.6  0.0  0.0  0.3  0.0  0.0  0.9  0.6  0.0  0.0  2.2  1.6  0.0
  9.1  0.3  0.0  9.4  3.5  1.3  5.3  3.8  0.0  0.0  0.0  0.0  0.0  0.0  0.0
  0.3  1.3  0.0  0.0  0.0  0.0  0.0 12.3  3.8  2.5  5.3 35.2  1.3 11.6 12.6
  3.8  0.3  0.6  3.5  0.0  0.6  0.6 47.1 22.0 20.1  1.9 11.0 12.9 10.7  0.0
      7.18      5.19     -4.36     -2.09     -0.02  0.0  0.0  0.0  0.0  0.0
                                4000_story_3547_llm_free.txt 35.8  4.4 3447
 19.1  5.8  5.5 35.7 11.3  0.3  3.2  2.0 13.1 18.6  0.6  1.5  0.3  6.7  1.2
  0.0  1.2  4.9 12.8  1.2  1.5273.0 89.9 29.0125.0 68.5 12.5  7.8  0.3  0.6
  0.3  1.5 15.7 10.2 16.5 28.4  5.8  3.8  1.7  0.9  0.9  3.5  3.2  5.8  0.0
  4.1  6.1  1.7  1.2  4.1  9.6 22.6  9.9  2.3  1.2 54.3 92.8  1.2177.0  5.8
  0.3  0.3  0.0  0.0  0.0  0.0  0.0  0.0  0.0  0.0  0.0  0.0  0.0  0.0  0.0
  0.0  0.0  0.0  3.5  0.3  3.5  0.6  0.3  0.3  0.0  0.0  0.0  0.0  0.0  0.6
  0.0  1.7  0.6  0.6  0.0  0.0  0.3  0.0  0.0  0.0  0.0  0.0  4.1  0.3  0.0
  7.8  0.6  0.0  8.4  3.5  0.3  3.8  4.4  0.0  0.0  0.0  0.0  0.0  0.0  0.0
  0.3  0.3  0.0  0.0  0.0  0.0  0.0 23.5  2.3  2.3  8.1 36.8  2.3  4.9 12.8
  7.5  1.5  1.7  2.0  0.0  0.6  0.0 36.6 17.4 26.7  1.7  9.3 13.9  8.4  0.0
      0.28      5.28     -6.06     -2.94      0.56  0.3  0.0  0.0  0.0  0.0
                                4000_story_3550_llm_free.txt 32.5  4.5 3344
 18.8  5.7  5.4 34.4  8.4  1.5  1.8  0.3  9.6 19.1  1.2  0.6  0.3  6.9  0.6
  0.6  1.2  4.5  8.1  1.2  0.9275.4 80.1 33.8123.8 56.8 15.0  7.8  0.3  0.6
  0.3  2.4 25.4  9.0 12.0 31.4  6.0  2.7  3.0  1.2  1.8  0.9  2.7  4.8  0.9
  4.5  5.7  0.9  2.7  5.1  9.0 17.9 10.2  2.4  1.2 63.7 74.8  0.6178.2  8.7
  0.9  0.0  0.0  0.0  0.0  0.0  0.0  0.0  0.0  0.0  0.0  0.0  0.0  0.0  0.0
  0.0  0.0  0.0  3.3  0.3  2.1  0.9  0.0  0.0  0.0  0.0  0.0  0.0  0.0  0.6
  0.0  0.9  0.9  0.6  0.0  0.0  0.0  0.0  0.0  0.0  0.0  0.0  2.4  0.9  0.0
  6.6  0.0  0.0  6.6  3.0  0.0  3.0  3.3  0.0  0.0  0.0  0.0  0.0  0.0  0.0
  0.0  0.6  0.0  0.0  0.0  0.0  0.0 10.8  2.4  1.2  9.3 30.8  6.3  6.6 20.0
  0.3  0.3  0.9  1.2  0.0  1.8  0.6 34.1 18.8 23.6  1.2 12.3 12.6  7.5  0.0
     -2.51      5.19     -3.49     -3.24      0.92  0.0  0.0  0.0  0.0  0.0
                                4000_story_3552_llm_free.txt 36.5  4.5 3213
 16.8  2.8  5.0 36.7 13.7  0.0  2.5  0.6 10.9 19.3  1.9  1.6  0.3  4.7  0.3
  0.6  0.6  5.9  7.2  0.6  0.9278.2 90.3 34.9118.0 46.7 13.7  8.4  0.3  0.9
  0.0  1.6 21.2  8.1 14.3 30.8  6.5  6.8  0.9  1.6  1.2  0.6  4.4  3.7  0.9
  5.3  3.4  0.3  2.5  4.4 14.0 15.3 10.0  1.2  1.2 63.2 71.3  2.5175.2  6.2
  0.6  0.0  0.0  0.0  0.0  0.0  0.0  0.0  0.0  0.0  0.0  0.0  0.0  0.0  0.0
  0.0  0.0  0.0  0.6  0.0  2.2  0.9  0.3  0.0  0.0  0.0  0.0  0.0  0.0  0.0
  0.0  1.9  0.3  0.6  0.0  0.0  0.3  0.0  0.0  0.0  0.0  0.3  2.5  0.0  0.0
  3.7  0.3  0.0  4.0  2.8  0.3  3.1  2.8  0.0  0.0  0.0  0.0  0.0  0.0  0.0
  0.3  0.6  0.0  0.0  0.0  0.0  0.0 19.6  2.2  4.0  6.8 27.1  1.9  7.8  9.0
 10.9  0.3  2.2  2.5  0.3  0.6  0.0 39.8 14.6 18.4  3.7  7.2 14.6  7.5  0.0
     -5.61      4.42     -4.60     -3.12      2.09  0.6  0.0  0.0  0.0  0.0
                                4000_story_3553_llm_free.txt 35.8  4.5 3439
 17.2  4.1  3.2 40.7 10.8  0.9  2.0  1.2 13.1 18.6  0.0  0.3  0.6  5.8  0.6
  0.6  0.9  4.9  8.7  0.3  1.7273.6 82.3 30.8121.3 60.2 12.2  9.3  0.9  1.2
  0.9  1.5 29.7  7.9 13.4 32.0  7.0  4.1  1.7  0.9  0.9  1.7  2.6  6.7  0.0
  3.8  6.7  0.9  2.9  3.2  9.9 18.0 10.5  1.2  2.9 61.1 84.0  1.7178.8  7.6
  1.5  0.0  0.0  0.0  0.0  0.0  0.0  0.0  0.0  0.0  0.0  0.0  0.0  0.0  0.0
  0.0  0.0  0.0  2.3  0.6  2.6  0.6  0.3  0.0  0.0  0.0  0.0  0.0  0.0  0.6
  0.6  0.9  0.9  0.3  0.0  0.3  0.3  0.0  0.0  0.6  0.0  0.0  2.3  0.0  0.0
  6.1  0.3  0.0  6.4  3.2  0.6  4.4  2.3  0.0  0.0  0.0  0.0  0.0  0.0  0.0
  0.0  0.3  0.0  0.0  0.0  0.0  0.0  9.9  3.2  2.3  7.9 35.8  2.9  8.7 13.1
  2.3  0.6  0.9  4.7  0.3  1.5  0.3 43.9 15.7 20.1  1.2  7.6  9.9  8.7  0.0
     -4.15      5.01     -2.54     -3.56      0.24  0.3  0.3  0.0  0.0  0.0
                                4000_story_3554_llm_free.txt 33.8  4.5 3241
 17.3  6.2  7.4 48.4  9.9  1.2  4.6  1.2 17.6 11.4  1.2  1.5  0.6  8.3  0.3
  0.6  0.9  5.9  9.3  1.2  2.8258.3 80.2 27.8122.5 76.5 13.6 14.2  0.3  0.6
  0.3  0.6 29.0  9.6  9.9 30.5  6.5  3.1  3.7  2.2  2.5  2.5  3.1  6.2  0.0
  3.7  6.5  2.5  3.7  4.9 11.4 20.1  9.9  2.2  1.2 53.4104.0  2.8182.0  6.5
  1.5  0.0  0.0  0.0  0.0  0.0  0.0  0.0  0.0  0.0  0.0  0.0  0.0  0.0  0.0
  0.0  0.0  0.0  4.6  0.0  1.5  1.2  0.0  0.0  0.0  0.0  0.0  0.0  0.0  0.3
  0.9  0.9  0.9  0.0  0.0  0.0  0.0  0.0  0.0  0.0  0.0  0.0  2.5  1.2  0.0
  7.4  0.0  0.0  7.4  3.1  0.0  3.1  3.7  0.0  0.0  0.0  0.0  0.0  0.0  0.0
  0.6  1.2  0.0  0.0  0.0  0.0  0.0  8.3  3.7  1.2  7.4 35.2  0.3 12.0  6.5
  3.4  0.9  1.2  2.8  0.3  0.3  0.0 34.6 25.3 23.4  2.8  7.1 11.4  7.1  0.0
      1.14      6.94     -3.39     -1.53      0.43  0.0  0.0  0.0  0.0  0.0
                                4000_story_3557_llm_free.txt 35.8  4.5 2903
 21.0  5.5  5.5 26.5  9.6  0.3  1.0  0.3  7.6 15.5  0.3  1.7  0.0  4.8  0.0
  0.3  1.7  4.5 11.4  1.7  3.8284.2 92.0 28.2131.6 66.1 13.1  9.6  0.3  0.3
  0.0  2.1 20.0  6.9 13.4 29.3  6.5  3.1  2.4  2.1  0.7  2.1  3.4  4.1  0.0
  5.5  3.8  0.3  3.1  2.8  8.3 21.0  9.6  3.4  0.7 58.9 83.4  0.3174.3  5.9
  1.7  0.0  0.0  0.0  0.0  0.0  0.0  0.0  0.0  0.0  0.0  0.0  0.0  0.0  0.0
  0.0  0.0  0.0  2.8  1.0  1.4  2.1  0.0  0.0  0.0  0.0  0.0  0.0  0.0  0.7
  0.3  2.1  0.3  0.7  0.0  0.3  0.0  0.3  0.0  0.3  0.0  0.0  3.1  1.0  0.0
  7.2  0.0  0.0  7.2  4.1  0.7  5.2  4.1  0.0  0.0  0.0  0.0  0.0  0.0  0.0
  0.0  0.7  0.0  0.0  0.0  0.0  0.0  7.2  1.0  0.3  7.2 25.5 10.0  4.5  9.0
  0.7  0.7  2.1  4.5  0.3  1.7  0.0 30.7 17.2 25.1  1.7  9.3 14.5  6.9  0.0
     -1.90      5.84     -4.08     -2.99      0.93  0.3  0.0  0.0  0.0  0.0
                                4000_story_3583_llm_free.txt 33.5  4.5 3969
 15.4  6.0  3.0 33.3  8.3  0.8  3.0  0.5  6.8 21.4  0.3  1.5  0.3  6.3  0.8
  0.3  2.5  2.8 11.3  0.3  1.5282.4 83.4 24.7136.6 59.7 18.6 13.9  0.3  0.8
  0.0  1.5 17.9  8.6 13.9 29.2  7.1  0.8  2.8  0.5  1.8  3.5  2.8  5.0  0.3
  3.3  5.5  1.0  1.8  4.0  5.3 20.4  8.6  2.8  1.0 54.2 74.8  1.0185.9  7.8
  1.0  0.0  0.0  0.0  0.0  0.0  0.0  0.0  0.0  0.0  0.0  0.0  0.0  0.0  0.0
  0.0  0.0  0.0  3.5  0.3  2.5  2.0  0.0  0.0  0.0  0.0  0.0  0.0  0.0  0.5
  0.5  1.5  0.8  0.5  0.0  0.0  0.0  0.0  0.0  0.0  0.0  0.0  3.3  0.0  0.0
  8.3  0.0  0.0  8.3  3.8  0.0  3.8  3.3  0.0  0.0  0.0  0.0  0.0  0.0  0.0
  0.0  0.5  0.0  0.0  0.0  0.0  0.0 10.8  1.0  1.0  6.3 34.5  3.0  4.8  7.3
  6.3  1.3  3.0  2.3  0.0  0.5  0.0 36.3 24.2 19.4  1.3  8.1 13.1 11.8  0.0
     -0.47      7.57     -4.88     -3.05      0.12  0.3  0.3  0.0  0.0  0.0
                                4000_story_3597_llm_free.txt 35.3  4.4 3136
 12.8  3.8  9.6 52.9 14.3  2.2  4.1  0.3 20.4 22.0  0.0  1.9  0.6  5.1  0.0
  0.6  3.8  3.5  7.3  0.0  2.6248.1 74.9 30.6112.2 47.8 14.3  7.7  0.0  1.3
  0.6  1.0 21.7  7.7 10.5 34.8  6.1  5.7  3.5  1.9  0.6  2.9  2.6  6.1  0.0
  4.1  3.5  1.0  3.5  3.5  9.9 15.6 10.2  3.8  1.9 65.1 82.6  3.5178.6  7.0
  2.2  0.0  0.0  0.0  0.0  0.0  0.0  0.0  0.0  0.0  0.0  0.0  0.0  0.0  0.0
  0.0  0.0  0.0  1.6  0.3  1.6  1.9  0.0  0.0  0.0  0.0  0.0  0.0  0.0  0.0
  1.0  0.3  0.3  0.6  0.0  0.0  0.0  0.3  0.0  0.0  0.3  0.3  3.2  0.3  0.0
  5.4  0.0  0.0  5.4  2.2  0.3  2.6  4.1  0.0  0.0  0.0  0.0  0.0  0.0  0.0
  0.0  0.6  0.0  0.0  0.0  0.0  0.0 13.1  3.2  1.6  8.9 23.3  2.2 13.1 16.9
  1.6  1.0  2.6  1.9  0.3  1.0  0.0 37.3 14.0 21.0  2.2  9.6 12.4  9.2  0.0
      3.40      4.27     -3.21     -1.79      0.22  0.0  0.3  0.0  0.0  0.0
                                4000_story_3624_llm_free.txt 35.8  4.4 3649
 19.7  8.5  9.6 49.3 17.3  0.0  3.0  1.4 18.6 16.4  0.8  1.4  0.3  6.9  0.8
  0.0  1.1  7.4 11.5  1.9  1.9240.9 77.8 27.7126.3 75.6 17.5 11.5  0.3  2.2
  0.5  2.7 24.7  7.7  9.9 30.1  7.4  6.9  3.3  1.6  1.4  1.1  2.5  4.9  0.3
  4.9  4.9  0.8  3.3  3.6 15.6 22.2 10.1  3.0  3.0 52.9111.5  1.6189.6  7.1
  2.5  0.0  0.0  0.0  0.0  0.0  0.0  0.0  0.0  0.0  0.0  0.0  0.0  0.0  0.0
  0.0  0.0  0.0  2.7  0.5  4.9  1.4  0.0  0.0  0.0  0.0  0.0  0.0  0.0  0.5
  0.0  3.3  0.8  0.3  0.0  0.0  0.0  0.0  0.0  0.3  0.0  0.0  4.4  0.5  0.0
  9.6  0.0  0.0  9.6  4.9  0.0  5.2  4.9  0.0  0.0  0.0  0.0  0.0  0.0  0.0
  0.0  0.3  0.0  0.0  0.0  0.0  0.0  9.0  3.6  3.3  7.9 14.3  2.2 14.5  5.2
  0.3  1.1  1.6  2.2  0.0  1.4  0.0 39.7 18.1 30.1  3.0  6.9 10.7  7.1  0.0
      4.06      7.29     -1.35     -2.07      0.46  0.5  0.0  0.3  0.3  0.0
                                4000_story_3626_llm_free.txt 36.3  4.3 3262
 17.8  4.0  8.6 51.5 15.3  1.2  4.3  1.2 15.3 16.9  0.6  0.9  0.6  4.9  1.2
  0.0  2.8  4.9  7.1  2.1  0.9246.5 84.6 24.2116.5 65.9 12.9  8.9  0.0  1.2
  0.0  2.5 14.1  9.8 13.5 29.1  8.0  5.2  2.5  1.5  1.5  1.5  3.4  3.1  0.0
  3.4  5.5  0.6  2.1  4.6 11.6 17.5  6.4  4.9  1.2 64.7 96.6  2.5179.0  6.4
  1.8  0.0  0.0  0.0  0.0  0.0  0.0  0.0  0.0  0.0  0.0  0.0  0.0  0.0  0.0
  0.0  0.0  0.0  1.8  0.0  3.1  1.2  0.0  0.0  0.0  0.0  0.0  0.0  0.0  0.6
  0.6  0.6  1.2  0.0  0.0  0.0  0.0  0.3  0.0  0.9  0.0  0.0  2.1  0.6  0.0
  6.1  0.0  0.0  6.1  3.1  0.3  4.3  2.8  0.0  0.0  0.0  0.0  0.0  0.0  0.0
  0.3  0.3  0.0  0.0  0.3  0.0  0.0 11.6  1.5  3.4  8.0 31.9  4.6  6.1 12.3
  1.5  1.8  0.3  1.2  0.0  0.3  0.0 37.7 15.9 23.3  1.2  9.8 13.2  8.6  0.0
      3.38      5.16     -4.95     -2.53      0.03  0.0  0.0  0.0  0.0  0.0
                                4000_story_3638_llm_free.txt 34.8  4.4 3550
 13.5  2.5  3.7 33.2  6.5  0.3  2.0  0.0 10.1 18.3  0.3  0.8  0.0  4.8  0.0
  0.3  0.6  2.5 11.8  0.6  1.4275.8 94.9 29.3118.3 60.6  9.6 10.4  0.3  0.8
  0.3  2.3 17.7  9.6 20.0 25.6  4.8  5.6  0.6  1.7  0.8  1.4  2.8  3.7  0.6
  5.4  5.4  1.4  2.8  3.4  9.0 22.0  9.6  1.1  1.4 65.9 77.2  1.7166.5  4.5
  1.4  0.0  0.0  0.0  0.0  0.0  0.0  0.0  0.0  0.0  0.0  0.0  0.0  0.0  0.0
  0.0  0.0  0.0  1.7  0.3  2.3  0.3  0.0  0.0  0.0  0.0  0.0  0.0  0.0  0.6
  0.3  0.8  0.8  0.0  0.0  0.0  0.0  0.0  0.0  0.0  0.0  0.0  1.4  0.0  0.0
  4.5  0.0  0.0  4.5  2.5  0.0  2.5  1.4  0.0  0.0  0.0  0.0  0.0  0.0  0.0
  0.0  0.6  0.0  0.0  0.0  0.0  0.0 14.1  1.7  0.6  4.2 42.0  4.2  3.1 12.1
  0.3  1.4  1.7  4.5  0.3  0.0  0.3 38.0 17.2 16.9  1.7  8.2 10.4  5.6  0.0
     -7.52      4.63     -6.19     -3.35      0.85  0.6  0.0  0.0  0.0  0.0
                                4000_story_3641_llm_free.txt 36.8  4.6 2971
 11.4  2.4  4.7 50.8  9.8  1.7  3.4  1.7 10.1 16.8  0.3  0.3  0.3  5.0  1.0
  1.3  1.3  4.4 10.4  0.3  1.7282.1 87.2 40.1114.4 49.1 12.5 10.8  0.7  1.0
  0.0  1.7 25.9  9.8 13.5 25.9  4.7  7.1  2.0  2.7  1.3  2.0  5.0  7.1  1.0
  4.4  4.4  1.0  3.4  1.7 12.8 19.5 12.5  1.7  1.7 63.3 69.0  1.0177.0  2.7
  1.3  0.0  0.0  0.0  0.0  0.0  0.0  0.0  0.0  0.0  0.0  0.0  0.0  0.0  0.0
  0.0  0.0  0.0  1.3  0.0  1.3  1.0  0.0  0.0  0.0  0.0  0.0  0.0  0.0  0.0
  0.3  1.0  0.7  0.0  0.0  0.0  0.0  0.0  0.0  0.3  0.3  0.0  2.4  0.0  0.0
  3.7  0.0  0.0  3.7  2.0  0.0  2.4  2.7  0.0  0.0  0.0  0.0  0.0  0.0  0.0
  0.0  0.3  0.0  0.0  0.0  0.0  0.0  9.1  1.7  0.3  5.4 32.0  4.0  3.7 16.5
  1.3  2.0  1.3  3.7  0.7  0.0  0.0 39.4 17.5 13.8  2.0  9.1  9.4  6.7  0.0
     -4.47      4.61     -3.92     -1.60      2.79  0.0  0.0  0.0  0.0  0.0
                                4000_story_3654_llm_free.txt 36.8  4.4 3126
 16.0  4.8  5.1 46.4 10.6  1.0  4.8  1.6 15.0 20.2  0.6  1.0  0.0  4.8  1.0
  0.3  1.6  8.3  9.9  0.6  1.9244.1 80.9 24.3121.9 73.6 16.3 11.8  0.3  1.0
  0.0  1.3 17.3 11.2 13.4 28.8  7.7  3.8  2.9  3.8  1.9  3.5  3.2  2.6  0.3
  4.5  4.8  2.2  4.8  6.4 14.1 20.8  7.4  2.2  1.3 60.5 99.2  2.6185.9  6.4
  0.6  0.0  0.0  0.0  0.0  0.0  0.0  0.0  0.0  0.0  0.0  0.0  0.0  0.0  0.0
  0.0  0.0  0.0  2.6  0.3  1.6  2.6  0.3  0.0  0.0  0.0  0.0  0.0  0.0  1.6
  0.3  1.0  1.0  0.3  0.0  0.0  0.3  0.0  0.0  1.0  0.0  0.0  4.2  0.6  0.0
  7.0  0.3  0.0  7.4  4.2  0.3  5.4  4.8  0.0  0.0  0.0  0.0  0.0  0.0  0.0
  1.0  0.3  0.0  0.0  0.0  0.0  0.0 14.1  2.6  2.2  5.4 26.9  1.3 15.4  8.3
  1.9  1.6  1.9  1.9  0.0  1.0  0.0 40.0 19.2 24.3  1.0  8.6  9.0  8.3  0.0
      1.52      6.88     -5.47     -0.70      0.45  0.3  0.0  0.0  0.0  0.0
                                4000_story_3659_llm_free.txt 36.0  4.4 3167
 15.2  4.1  8.2 42.3 14.2  1.3  3.5  1.6 15.8 19.3  0.0  1.6  0.0  5.1  0.3
  0.3  0.9  3.5  8.5  0.6  1.6277.9 91.9 32.2110.5 56.8 12.3  7.3  0.3  1.6
  0.6  1.6 26.8  7.6 13.9 28.4  5.4  2.2  1.9  1.9  1.6  1.6  1.6  6.6  0.6
  4.7  4.4  1.6  1.9  1.9  7.3 18.0 12.0  1.6  2.5 56.8 86.8  1.9171.8  8.5
  1.6  0.0  0.0  0.0  0.0  0.0  0.0  0.0  0.0  0.0  0.0  0.0  0.0  0.0  0.0
  0.0  0.0  0.0  0.3  1.3  3.8  0.0  0.0  0.0  0.0  0.0  0.0  0.0  0.0  0.0
  0.0  1.9  0.9  0.0  0.0  0.0  0.0  0.0  0.0  0.3  0.0  0.6  2.5  0.0  0.0
  5.4  0.0  0.0  5.4  2.8  0.0  3.2  3.2  0.0  0.0  0.0  0.0  0.0  0.0  0.0
  0.3  0.6  0.0  0.0  0.0  0.0  0.0 12.9  2.8  0.6  9.2 31.6  7.3  5.7 18.9
  9.5  0.3  2.8  2.5  0.3  0.3  0.0 36.9 13.6 17.7  0.6  8.2 13.3  9.8  0.0
     -3.65      4.15     -2.89     -3.22      0.38  0.3  0.0  0.0  0.0  0.0
                                4000_story_3660_llm_free.txt 33.5  4.5 3142
 14.6  3.8  3.5 31.5  5.4  0.6  3.5  0.3  8.6 16.5  0.6  1.0  0.0  5.1  0.3
  0.0  1.6  3.2  8.9  0.6  1.9293.1102.2 32.5114.6 41.4 13.7  8.9  0.3  1.9
  0.0  1.0 33.4  7.3 15.9 30.2  4.1  1.9  2.9  1.9  1.9  1.6  2.9  7.6  1.0
  7.6  4.8  1.6  2.2  3.8  7.0 17.5 16.2  2.2  2.2 62.1 55.4  1.0163.3  6.0
  1.3  0.0  0.0  0.0  0.0  0.0  0.0  0.0  0.0  0.0  0.0  0.0  0.0  0.0  0.0
  0.0  0.0  0.0  2.2  0.3  1.3  0.3  0.6  0.0  0.3  0.0  0.0  0.0  0.0  0.0
  0.0  0.3  0.3  0.0  0.3  0.0  0.6  0.0  0.0  0.3  0.0  0.0  2.5  1.3  0.0
  4.1  1.0  0.0  5.1  0.6  1.0  1.9  3.8  0.0  0.0  0.0  0.0  0.0  0.0  0.0
  0.0  0.0  0.0  0.0  0.0  0.0  0.0  7.0  0.6  0.6  5.7 29.3  2.5  1.9 25.5
  2.9  0.6  2.9  2.9  0.0  1.6  0.0 36.3 16.5 14.6  0.6  8.0 10.2 10.5  0.0
     -6.36      4.16     -3.70     -2.81      2.52  0.0  0.0  0.0  0.0  0.0
                                4000_story_3666_llm_free.txt 34.5  4.4 3443
 20.3  4.9 11.0 48.8  9.0  1.5  2.9  0.9 20.0 17.7  0.3  0.9  0.0  7.3  1.2
  0.9  1.2  4.1 11.6  1.7  1.2265.8 80.5 30.2109.2 60.1 12.5 11.6  0.0  0.3
  0.0  1.2 24.7  6.1 13.1 37.2  6.1  6.4  1.2  2.9  1.2  1.2  3.2  3.5  0.3
  3.8  6.4  0.6  2.9  2.3 11.6 22.9  7.6  2.9  0.3 61.9 89.2  1.5172.2  8.1
  0.9  0.0  0.0  0.0  0.0  0.0  0.0  0.0  0.0  0.0  0.0  0.0  0.0  0.0  0.0
  0.0  0.0  0.0  2.6  0.6  2.3  1.2  0.0  0.0  0.0  0.0  0.0  0.0  0.0  0.6
  0.3  2.3  0.3  0.6  0.0  0.6  0.0  0.0  0.0  0.0  0.0  0.0  2.6  2.6  0.0
  6.7  0.0  0.0  6.7  4.1  0.6  4.6  5.2  0.0  0.0  0.0  0.0  0.0  0.0  0.0
  0.0  0.3  0.3  0.0  0.0  0.0  0.0  5.8  2.0  2.6 11.3 28.5  4.4  7.3  6.1
  2.3  1.7  1.7  2.0  0.3  0.9  0.0 36.6 20.3 24.1  1.5  8.4 12.5  8.4  0.0
      1.35      5.09     -4.44     -2.37      0.34  0.0  0.0  0.0  0.0  0.0
                                4000_story_3695_llm_free.txt 36.8  4.5 3025
 15.9  4.0  7.9 41.7 11.2  2.0  2.3  1.0  9.3 18.5  0.7  1.7  0.3  6.9  0.7
  0.7  2.3  3.6  8.9  0.7  2.3267.1 90.9 33.1123.3 64.5 14.2  8.9  0.0  0.3
  0.0  3.0 19.8  6.3 17.5 26.8  5.6  2.3  3.0  2.3  0.7  2.3  2.6  3.3  1.3
  4.3  3.6  1.0  2.6  3.3  6.6 19.5  8.9  3.0  0.3 64.8 85.0  0.3179.8  6.6
  1.7  0.0  0.0  0.0  0.0  0.0  0.0  0.0  0.0  0.0  0.0  0.0  0.0  0.0  0.0
  0.0  0.0  0.0  2.3  0.0  1.7  0.7  0.0  0.0  0.0  0.0  0.0  0.0  0.0  0.0
  0.0  1.3  1.3  0.0  0.0  0.0  0.0  0.0  0.0  0.0  0.0  0.0  1.7  0.7  0.0
  4.6  0.0  0.0  4.6  2.6  0.0  2.6  2.3  0.0  0.0  0.0  0.0  0.0  0.0  0.0
  0.0  0.3  0.0  0.0  0.0  0.0  0.0  6.6  3.3  3.0 11.6 22.8  5.6  4.0  7.9
  1.3  2.3  3.3  2.6  0.0  0.3  0.3 34.7 17.2 18.8  3.0  8.9 15.5  7.9  0.0
      0.02      5.58     -4.85     -2.80      0.93  0.7  0.0  0.3  0.0  0.0
                                4000_story_3719_llm_free.txt 35.8  4.5 3577
 14.3  5.6  3.1 41.7 12.6  1.7  1.7  0.6 18.5 13.1  0.8  0.8  0.0  6.2  0.0
  0.0  2.0  4.2 10.6  0.3  1.4273.4 86.4 31.9117.7 52.3 12.3 10.1  0.3  0.6
  0.0  2.0 28.5  8.9 15.4 29.9  4.8  2.0  2.0  0.8  0.8  1.4  2.5  4.8  0.0
  5.0  4.5  0.6  2.5  3.4  7.0 18.7  9.8  2.2  0.8 59.3 83.3  2.5171.4  6.4
  2.5  0.0  0.0  0.0  0.0  0.0  0.0  0.0  0.0  0.0  0.0  0.0  0.0  0.0  0.0
  0.0  0.0  0.0  2.8  0.6  1.7  1.7  0.0  0.0  0.0  0.0  0.0  0.0  0.0  0.0
  0.0  2.2  0.6  0.0  0.0  0.0  0.0  0.0  0.0  0.6  0.0  0.0  2.5  1.1  0.0
  6.7  0.0  0.0  6.7  2.8  0.0  3.4  3.6  0.0  0.0  0.0  0.0  0.0  0.0  0.0
  0.3  0.6  0.0  0.0  0.0  0.0  0.0  7.0  3.1  0.6  5.6 36.9  4.8  6.2 11.2
  2.2  1.7  1.1  2.0  0.0  1.4  0.0 38.9 16.2 18.5  2.5  5.3  8.9  8.1  0.0
     -3.10      4.70     -4.66     -4.17      0.29  0.3  0.0  0.0  0.0  0.3
                                4000_story_3726_llm_free.txt 35.0  4.6 3234
 16.7  6.8  6.5 46.7  8.0  0.9  2.5  0.3 11.4 22.3  1.5  2.2  0.6  4.3  0.3
  1.2  0.9  2.5  9.3  0.6  0.9255.1 78.2 27.5120.6 55.3 15.5 12.7  0.0  0.3
  0.0  2.8 20.7  9.6 16.1 34.6  9.3  4.3  2.5  0.9  2.2  1.9  2.5  6.8  0.3
  3.4  5.6  1.5  1.9  3.4  9.0 20.7 10.5  1.5  0.3 62.5 74.8  1.2184.6  9.0
  1.2  0.0  0.0  0.0  0.0  0.0  0.0  0.0  0.0  0.0  0.0  0.0  0.0  0.0  0.0
  0.0  0.0  0.0  3.1  0.9  1.2  4.0  0.0  0.0  0.0  0.0  0.0  0.0  0.0  0.6
  0.0  1.2  0.6  1.2  0.0  0.3  0.0  0.0  0.0  0.3  0.0  0.0  1.9  1.5  0.0
  9.3  0.0  0.0  9.3  3.7  0.3  4.3  3.4  0.0  0.0  0.0  0.0  0.0  0.0  0.0
  0.6  0.3  0.0  0.0  0.0  0.0  0.0  9.0  1.5  0.3  7.7 22.0  4.3  4.3 17.9
  2.8  3.1  1.5  2.8  0.0  0.6  0.3 33.4 17.3 24.4  2.8  7.4 15.2  8.3  0.0
     -2.10      6.02     -5.84     -2.58      0.29  0.3  0.0  0.0  0.3  0.0
                                4000_story_3737_llm_free.txt 34.3  4.5 3328
 18.9  7.5  5.7 35.8  5.7  0.0  4.8  1.2  9.3 25.5  1.5  1.5  1.2  7.2  1.2
  0.6  1.8  3.0  9.6  0.9  0.6262.3 84.1 36.4123.8 60.4 15.3  8.7  0.3  1.2
  0.6  1.5 18.6  8.7 11.1 29.1  7.5  3.9  3.6  4.2  1.2  1.8  1.5  6.3  1.2
  3.6  6.3  0.9  2.4  2.7  8.1 23.1 11.1  2.7  2.1 61.0 75.4  3.0174.9  5.1
  1.2  0.3  0.0  0.0  0.0  0.0  0.0  0.0  0.0  0.0  0.0  0.0  0.0  0.0  0.0
  0.0  0.0  0.0  1.8  0.3  3.9  2.4  0.0  0.3  0.0  0.0  0.0  0.0  0.0  1.2
  0.3  1.5  0.6  0.6  0.0  0.3  0.0  0.3  0.0  0.0  0.0  0.0  1.8  1.8  0.0
  8.4  0.3  0.0  8.7  4.2  0.6  4.8  3.6  0.0  0.0  0.0  0.0  0.0  0.0  0.0
  0.0  0.3  0.0  0.0  0.0  0.0  0.0 24.9  3.6  2.4  8.7 29.7  3.0  7.8 10.5
  1.5  1.2  1.2  0.6  0.0  1.5  0.0 35.8 16.2 22.5  1.2  5.4 11.1  8.4  0.0
      1.44      5.59     -3.27     -1.31      0.36  0.0  0.0  0.0  0.0  0.0
                                4000_story_3749_llm_free.txt 35.3  4.4 3640
 19.5  4.9 11.0 33.2 11.5  0.5  2.2  0.8 18.7 20.3  0.3  1.1  0.3  4.9  0.3
  0.0  0.8  5.2  7.1  0.5  2.7259.3 82.7 26.1136.3 75.8 15.4  8.2  0.0  0.3
  0.0  1.6 12.9  8.2 17.3 31.3  5.2  2.2  1.9  1.1  1.1  1.4  1.9  2.7  0.8
  4.4  6.6  1.6  1.9  3.3  8.5 17.6  8.0  1.4  0.3 58.2106.0  1.6181.9  4.7
  1.6  0.0  0.0  0.0  0.0  0.0  0.0  0.0  0.0  0.0  0.0  0.0  0.0  0.0  0.0
  0.0  0.0  0.0  0.8  1.4  3.3  0.5  0.0  0.0  0.0  0.0  0.0  0.0  0.0  0.3
  0.3  0.3  1.1  0.3  0.0  0.3  0.0  0.0  0.0  0.3  0.0  0.0  3.6  0.3  0.0
  6.0  0.0  0.0  6.0  2.2  0.3  2.7  3.8  0.0  0.0  0.0  0.0  0.0  0.0  0.0
  0.3  0.3  0.0  0.0  0.0  0.0  0.0  8.5  1.9  0.3  4.7 27.5  4.7  5.8 13.5
  3.3  2.2  1.4  3.0  0.0  0.8  0.0 47.5 14.8 20.6  1.4  7.1 12.4 10.4  0.0
     -2.31      6.61     -6.61     -3.89      0.04  0.0  0.0  0.0  0.0  0.0
                                4000_story_3758_llm_free.txt 34.8  4.5 2942
 26.2  6.8  5.1 40.1 18.0  1.0  3.4  1.4 11.9 19.0  0.0  1.0  0.3  5.1  0.3
  0.3  2.0  5.4 10.9  1.0  2.7261.4 78.5 20.4125.1 78.2 13.3  8.8  0.0  1.7
  0.0  1.4 23.8  7.8 14.6 25.5  6.8  5.8  3.7  3.1  1.0  1.7  1.4  3.7  0.0
  6.1  5.1  2.0  1.7  5.4 12.2 21.4  9.9  3.1  1.7 51.0108.1  2.4185.6  5.4
  1.0  0.0  0.0  0.0  0.0  0.0  0.0  0.0  0.0  0.0  0.0  0.0  0.0  0.0  0.0
  0.0  0.0  0.0  2.4  1.7  3.4  0.3  0.0  0.3  0.0  0.0  0.0  0.0  0.0  0.7
  0.0  1.4  0.7  0.3  0.0  0.0  0.0  0.3  0.0  0.0  0.0  0.0  2.0  0.7  0.0
  7.8  0.3  0.0  8.2  3.1  0.3  3.4  2.7  0.0  0.0  0.0  0.0  0.0  0.0  0.0
  0.0  0.0  0.0  0.0  0.0  0.0  0.0 21.4  3.1  3.4  8.5 28.2  6.1  6.1  7.8
  2.0  0.7  2.4  4.4  0.0  1.4  0.0 37.4 19.7 27.2  1.0  8.5 13.3  7.8  0.0
      2.95      6.05     -4.00     -1.47     -0.24  0.0  0.0  0.3  0.0  0.0
                                4000_story_3760_llm_free.txt 38.0  4.3 3693
 15.4  6.2  6.5 37.6  8.9  0.5  2.2  1.1 14.9 18.1  0.3  1.6  0.5  5.4  0.3
  0.0  0.5  3.8  9.5  2.4  0.3261.8 79.3 38.5131.9 69.3 13.5  8.1  0.3  0.5
  0.0  1.6 17.3  7.6 13.5 29.0  8.1  1.4  1.9  1.1  0.5  0.8  3.0  6.5  0.3
  3.8  4.9  0.5  3.0  5.1  5.7 18.7 10.6  3.0  0.8 60.9 93.1  0.8181.2  5.7
  2.2  0.0  0.0  0.0  0.0  0.0  0.0  0.0  0.0  0.0  0.0  0.0  0.0  0.0  0.0
  0.0  0.0  0.0  2.4  0.5  3.8  1.1  0.3  0.0  0.0  0.0  0.0  0.0  0.0  0.5
  0.5  1.6  0.3  0.3  0.0  0.0  0.3  0.0  0.0  0.8  0.0  0.0  1.4  0.3  0.0
  7.9  0.3  0.0  8.1  3.2  0.3  4.3  1.6  0.0  0.0  0.0  0.0  0.0  0.0  0.0
  0.3  0.3  0.0  0.0  0.0  0.0  0.0 18.4  1.4  3.0  8.1 41.4  1.9  8.1 11.1
  4.6  1.6  2.4  4.3  0.0  0.5  0.0 37.4 17.9 20.0  1.9  7.3 15.7  8.9  0.0
     -2.33      5.80     -4.59     -4.60      0.65  0.0  0.0  0.0  0.0  0.0
                                4000_story_3766_llm_free.txt 36.0  4.6 2928
 14.7  5.5  6.8 38.3  7.9  0.3  3.1  1.4 11.3 16.7  0.3  0.7  0.3  5.8  0.7
  0.0  2.4  2.4  9.6  2.0  1.4254.4 79.2 36.9127.0 61.1 15.4 12.3  1.7  1.4
  0.0  1.7 15.4  8.5 10.6 34.2  7.2  3.1  1.7  1.0  2.7  2.7  2.0  5.5  0.7
  5.8  4.8  1.0  2.7  2.7  8.2 17.8 12.0  4.4  3.1 73.8 80.3  3.1179.3  4.4
  1.4  0.3  0.0  0.0  0.0  0.0  0.0  0.0  0.0  0.0  0.0  0.0  0.0  0.0  0.0
  0.0  0.0  0.0  2.7  0.3  1.7  3.1  0.3  0.0  0.0  0.0  0.0  0.0  0.3  0.7
  0.3  1.0  1.7  0.0  0.3  0.0  0.0  0.0  0.0  0.3  0.0  0.3  2.4  1.0  0.0
  7.9  0.3  0.3  8.5  3.8  0.3  4.4  3.8  0.0  0.0  0.0  0.0  0.0  0.0  0.0
  0.0  0.0  0.0  0.0  0.0  0.0  0.0 12.6  0.7  1.7  7.5 27.7  1.4  4.8 16.4
  2.0  0.0  2.0  4.1  0.0  1.0  0.0 40.3 18.8 18.4  2.7  5.8 14.0 11.6  0.0
     -0.51      6.40     -3.13     -2.46      0.88  0.0  0.0  0.3  0.0  0.0
                                4000_story_3770_llm_free.txt 38.5  4.5 3010
 22.3  4.7 11.0 57.8 15.6  1.7  5.3  1.3 19.6 21.6  0.7  1.0  0.3  4.3  1.0
  1.0  1.3  5.0  8.0  3.0  1.0259.5 82.4 26.2116.6 53.5  9.3 10.6  0.7  1.3
  0.7  2.0 26.2  6.6 15.3 27.2  8.0  6.0  3.0  3.7  1.7  1.3  3.0  3.7  1.0
  3.7  3.0  2.0  3.7  4.7 12.6 17.6  8.3  4.3  2.7 65.8 88.7  1.7185.0  6.3
  2.0  0.0  0.0  0.0  0.0  0.0  0.0  0.0  0.0  0.0  0.0  0.0  0.0  0.0  0.0
  0.0  0.0  0.0  2.0  0.3  3.0  1.7  0.0  0.0  0.0  0.0  0.0  0.0  0.0  0.7
  1.0  1.3  1.0  0.0  0.0  0.3  0.0  0.0  0.0  0.0  0.0  0.0  1.3  1.7  0.0
  7.0  0.0  0.0  7.0  4.0  0.3  4.3  3.0  0.0  0.0  0.0  0.0  0.0  0.0  0.0
  0.7  1.0  0.3  0.0  0.0  0.0  0.0 10.0  0.7  2.0  7.0 32.9  5.0 12.6 10.0
  0.7  1.0  1.0  3.3  0.0  1.7  0.0 36.5 17.3 25.9  1.7  7.6 11.3  6.3  0.0
      3.28      4.24     -2.75     -1.23      0.74  0.0  0.7  0.0  0.0  0.0
                                4000_story_3780_llm_free.txt 35.0  4.6 3159
 13.6  0.9  3.2 26.9  5.7  0.3  2.5  0.3  5.7 24.4  0.9  0.9  0.0  6.0  0.3
  0.3  0.9  1.9  9.2  1.3  1.3297.2 93.1 29.8127.6 40.2 10.8  8.5  0.9  0.6
  0.0  1.3 21.8  7.3 16.8 29.8  2.5  2.8  2.2  1.6  0.9  1.3  2.5  3.8  0.0
  6.3  3.2  0.0  0.9  3.5  5.7 16.1 10.1  2.2  1.6 64.9 51.6  0.9171.6  7.9
  0.9  0.0  0.0  0.0  0.0  0.0  0.0  0.0  0.0  0.0  0.0  0.0  0.0  0.0  0.0
  0.0  0.0  0.0  0.6  0.0  0.6  0.3  0.0  0.0  0.0  0.0  0.0  0.0  0.0  0.3
  0.0  0.3  0.6  0.0  0.0  0.0  0.0  0.0  0.0  0.0  0.0  0.0  2.2  0.9  0.0
  1.6  0.0  0.0  1.6  1.3  0.0  1.3  3.2  0.0  0.0  0.0  0.0  0.0  0.0  0.0
  0.0  0.3  0.0  0.0  0.0  0.0  0.0  6.0  1.3  0.6  7.3 40.2  3.5  5.1 13.3
  1.3  0.6  1.9  3.2  0.0  0.9  0.3 37.4 15.5 15.5  1.3  7.3 13.9 11.1  0.0
     -6.77      3.91     -4.87     -3.53      0.57  0.3  0.0  0.0  0.0  0.0
                                4000_story_3784_llm_free.txt 36.8  4.4 3376
 16.3  3.3  8.3 50.7 13.6  0.9  3.9  0.6 13.0 17.5  0.9  1.2  0.3  6.2  0.3
  0.6  1.2  4.1 10.1  1.2  0.6244.7 85.6 26.4116.7 69.3 12.7 11.3  0.3  0.9
  0.3  1.2 23.7  7.1  8.9 32.9  7.4  5.0  1.5  1.8  1.8  1.8  4.1  4.7  0.3
  4.1  3.6  1.2  1.5  4.1 11.0 17.8  9.2  2.4  1.5 60.4 96.0  2.1183.6  5.9
  1.2  0.0  0.0  0.0  0.0  0.0  0.0  0.0  0.0  0.0  0.0  0.0  0.0  0.0  0.0
  0.0  0.0  0.0  1.8  0.3  2.1  1.2  0.0  0.0  0.0  0.0  0.0  0.0  0.0  0.0
  0.6  1.8  0.9  0.3  0.0  0.0  0.0  0.0  0.0  1.2  0.0  0.3  3.0  0.3  0.0
  5.3  0.0  0.0  5.3  3.6  0.0  4.7  3.6  0.0  0.0  0.0  0.0  0.0  0.0  0.0
  0.3  0.3  0.3  0.0  0.0  0.0  0.0 26.1  3.3  2.4  8.3 29.9  1.5 13.3  7.4
  0.0  0.0  2.4  2.7  0.0  1.2  0.0 36.4 17.2 22.8  1.8  7.4 12.1 10.1  0.0
     -0.90      5.73     -2.57     -2.56      1.25  0.0  0.0  0.0  0.0  0.0
                                4000_story_3785_llm_free.txt 37.8  4.4 3848
 16.1  4.7  3.6 42.1  8.1  0.8  1.6  0.5 15.9 14.8  1.6  1.8  0.5  4.7  0.5
  0.0  0.8  4.4  9.6  0.0  1.0281.2 79.8 32.0121.9 60.8 13.8  8.8  0.3  0.8
  0.0  0.5 17.9  8.6 15.1 32.2  3.6  2.1  3.1  1.8  2.1  2.9  2.3  4.9  1.0
  5.2  7.0  0.3  3.1  2.9  8.6 20.8 11.2  0.8  1.0 54.6 84.7  0.5176.2  6.2
  2.3  0.0  0.0  0.0  0.0  0.0  0.0  0.0  0.0  0.0  0.0  0.0  0.0  0.0  0.0
  0.0  0.0  0.0  1.0  0.0  1.8  1.8  0.0  0.0  0.0  0.0  0.0  0.0  0.3  0.0
  0.0  0.3  1.0  0.3  0.0  0.3  0.0  0.0  0.0  0.3  0.3  0.0  2.3  1.3  0.0
  4.7  0.0  0.3  4.9  1.6  0.3  2.1  3.9  0.0  0.0  0.0  0.0  0.0  0.0  0.0
  0.0  0.8  0.0  0.0  0.0  0.0  0.0 12.5  1.6  1.0  9.1 29.4  4.9  5.2 21.0
  4.7  1.0  3.4  1.6  0.0  1.6  0.0 45.0 16.6 19.2  0.8  6.8 13.3  8.8  0.0
     -5.36      5.27     -5.76     -2.14      1.06  0.0  0.3  0.0  0.0  0.0
                                4000_story_3786_llm_free.txt 34.3  4.4 3753
 16.0  6.7  3.7 45.3 11.7  0.3  3.5  1.9 19.5 15.7  0.3  1.6  0.3  4.5  0.3
  1.1  1.9  3.5  5.1  1.1  2.4256.6 90.6 28.8127.1 67.1 13.9 11.2  0.0  0.5
  0.3  2.1 30.4  7.5 13.3 31.2  5.6  2.1  2.9  1.3  1.9  3.2  2.7  7.7  0.3
  3.7  3.7  0.5  1.3  4.5  7.5 13.9 11.7  2.9  0.8 58.9 98.3  2.9182.3  4.0
  1.3  0.0  0.0  0.0  0.0  0.0  0.0  0.0  0.0  0.0  0.0  0.0  0.0  0.0  0.0
  0.0  0.0  0.0  3.2  0.3  2.7  1.3  0.0  0.0  0.0  0.0  0.0  0.0  0.0  0.0
  0.3  1.9  0.5  0.5  0.0  0.0  0.0  0.3  0.3  0.5  0.5  0.0  3.5  0.8  0.0
  7.5  0.0  0.0  7.5  3.2  0.5  4.3  4.8  0.0  0.0  0.0  0.0  0.0  0.0  0.0
  0.5  1.1  0.0  0.0  0.0  0.0  0.0 10.7  1.6  0.5  9.6 35.4  8.8  6.7  9.9
  0.5  0.8  1.6  4.0  0.0  1.1  0.0 33.3 25.0 22.9  1.9  4.8  9.6  7.7  0.0
     -1.32      6.17     -3.44     -2.38      0.62  0.5  0.0  0.0  0.3  0.0
                                4000_story_3800_llm_free.txt 37.3  4.6 3181
 17.3  6.0  8.5 45.0  7.2  0.9  2.5  1.3 16.7 21.1  0.0  2.8  0.0  6.3  0.6
  0.6  2.5  6.0  8.2  0.9  0.9269.4 74.5 24.5133.9 56.9 13.5 13.5  0.0  0.6
  0.3  0.6 22.9  9.1  9.1 25.5  6.3  7.2  4.1  2.2  0.6  2.5  1.6  7.2  0.6
  5.7  5.3  1.9  1.9  6.3 13.8 19.2 13.5  3.5  0.9 56.0 80.8  1.3193.3  4.7
  1.6  0.3  0.0  0.0  0.0  0.0  0.0  0.0  0.0  0.0  0.0  0.0  0.0  0.0  0.0
  0.0  0.0  0.0  3.1  0.6  3.5  0.9  0.0  0.0  0.0  0.0  0.0  0.0  0.0  1.6
  0.3  1.9  0.6  0.0  0.0  0.0  0.0  0.0  0.0  0.9  0.0  0.0  3.1  0.9  0.0
  8.2  0.0  0.0  8.2  4.4  0.0  5.3  4.1  0.0  0.0  0.0  0.0  0.0  0.0  0.0
  0.0  0.3  0.3  0.0  0.0  0.0  0.0 12.9  2.5  1.6  6.0 19.5  6.0  6.3  8.2
  1.6  0.6  1.6  1.6  0.0  1.3  0.0 34.0 22.0 24.5  2.2 11.3  8.8 12.3  0.0
      2.59      6.31     -3.33     -1.26      0.76  0.0  0.0  0.0  0.0  0.0
                                4000_story_3809_llm_free.txt 34.3  4.6 3427
 13.7  3.2  5.3 40.0  4.7  0.9  2.6  0.6 11.1 15.5  0.3  0.3  0.0  3.5  0.0
  0.3  1.2  5.5  9.9  1.2  1.2295.0 82.6 31.8117.6 44.1 10.8 11.7  0.0  0.9
  0.0  1.8 32.4  9.3 17.8 33.3  3.5  5.0  1.5  1.8  1.8  2.3  2.0  7.6  0.6
  4.1  6.1  0.6  2.0  3.2 12.3 19.8 12.3  2.3  0.9 57.2 59.8  0.3169.2  5.3
  1.5  0.0  0.0  0.0  0.0  0.0  0.0  0.0  0.0  0.0  0.0  0.0  0.0  0.0  0.0
  0.0  0.0  0.0  2.0  0.3  0.9  1.5  0.0  0.0  0.0  0.0  0.0  0.0  0.0  0.0
  0.0  0.9  0.3  0.0  0.0  0.0  0.0  0.0  0.0  0.0  0.0  0.0  2.0  1.2  0.0
  4.7  0.0  0.0  4.7  1.2  0.0  1.2  3.2  0.0  0.0  0.0  0.0  0.0  0.0  0.0
  0.3  0.9  0.0  0.0  0.0  0.0  0.0 10.8  4.7  1.5  8.5 26.0  4.7  5.5 15.8
  0.9  2.6  1.5  2.3  0.0  0.9  0.3 33.6 17.5 16.3  1.2  7.9 12.5 10.2  0.0
     -6.80      4.34     -5.48     -2.39      0.57  0.0  0.0  0.0  0.0  0.0
                                4000_story_3820_llm_free.txt 36.0  4.5 3380
 15.7  5.3  4.4 42.6  7.7  0.0  2.7  0.3 13.3 18.9  0.6  1.8  0.0  7.7  0.0
  0.0  2.4  5.0  8.0  1.2  2.1266.9 87.6 29.3122.8 61.8 11.2 10.4  0.0  1.8
  0.0  0.9 24.0  5.9 13.0 29.6  8.0  3.0  3.8  2.4  0.6  2.7  3.8  3.8  0.6
  4.1  5.6  1.8  4.4  4.1  8.6 18.6  8.6  3.6  1.8 55.3 82.8  0.6186.1  9.8
  3.8  0.0  0.0  0.0  0.0  0.0  0.0  0.0  0.0  0.0  0.0  0.0  0.0  0.0  0.0
  0.0  0.0  0.0  3.8  0.0  3.3  0.9  0.0  0.0  0.0  0.0  0.0  0.0  0.0  1.5
  0.3  1.5  0.9  0.6  0.0  0.0  0.0  0.3  0.0  0.3  0.0  0.3  3.0  0.6  0.0
  8.0  0.0  0.0  8.0  4.7  0.3  5.3  3.8  0.0  0.0  0.0  0.0  0.0  0.0  0.0
  0.0  0.0  0.0  0.0  0.0  0.0  0.0 13.3  2.1  0.9 10.7 31.7  4.7 15.1 20.1
  0.9  0.9  1.2  2.7  0.0  1.8  0.3 39.3 18.6 18.6  2.7 10.7 13.6 12.4  0.0
      0.11      5.14     -3.35     -2.24      1.15  0.3  0.0  0.0  0.3  0.0
                                4000_story_3823_llm_free.txt 34.8  4.5 3651
 15.9  3.3  4.9 31.8  8.8  1.6  1.9  1.1  9.6 22.2  0.3  0.8  0.8  6.3  0.8
  0.5  2.2  3.6  8.5  2.2  1.6273.6 83.8 26.0122.2 61.9 13.1  9.6  0.0  0.0
  0.0  1.9 19.7  6.0 12.9 25.5  6.0  2.5  2.2  1.6  0.8  3.0  2.2  4.7  0.3
  4.4  5.2  1.4  3.0  3.6  6.8 18.1  9.3  4.4  0.0 58.9 80.3  1.4170.6  6.0
  1.4  0.0  0.0  0.0  0.0  0.0  0.0  0.0  0.0  0.0  0.0  0.0  0.0  0.0  0.0
  0.0  0.0  0.0  1.6  0.3  2.5  1.6  0.0  0.0  0.0  0.0  0.0  0.3  0.3  0.3
  0.3  1.6  0.5  0.8  0.0  0.0  0.0  0.3  0.0  0.0  0.0  0.0  3.3  1.1  0.0
  6.0  0.0  0.5  6.6  3.6  0.3  3.8  4.4  0.0  0.0  0.0  0.0  0.0  0.0  0.0
  0.0  0.3  0.0  0.0  0.0  0.0  0.0 14.2  1.9  2.2  6.8 24.1  5.5  3.6  8.8
  1.6  1.1  2.2  2.5  0.0  0.5  0.0 33.1 18.4 18.9  1.6  7.7 14.2  8.8  0.0
      0.64      5.35     -3.90     -2.97      0.07  0.5  0.0  0.0  0.0  0.0
                                4000_story_3830_llm_free.txt 37.5  4.6 2939
 15.3  4.8  3.1 43.6  8.2  0.0  5.1  1.7 15.7 16.7  1.0  2.0  0.3  6.5  1.0
  0.0  0.7  4.4  9.2  1.0  2.4277.6 87.1 36.7114.3 49.7 15.0  8.5  0.3  1.7
  0.0  1.7 35.7  9.2  8.8 26.5  7.5  3.4  3.1  2.4  2.4  3.1  1.4  8.8  0.3
  5.4  6.5  2.0  4.1  4.8 10.2 21.8 14.6  1.7  2.0 63.6 73.5  2.0171.8  2.7
  0.3  0.0  0.0  0.0  0.0  0.0  0.0  0.0  0.0  0.0  0.0  0.0  0.0  0.0  0.0
  0.0  0.0  0.0  1.7  0.7  1.7  1.4  0.0  0.0  0.0  0.0  0.0  0.0  0.0  1.0
  0.0  1.0  0.7  0.3  0.0  0.7  0.0  0.0  0.0  0.3  0.0  0.0  3.7  0.0  0.0
  5.4  0.0  0.0  5.4  3.1  0.7  4.1  3.7  0.0  0.0  0.0  0.0  0.0  0.0  0.0
  0.0  0.7  0.0  0.0  0.0  0.0  0.0 10.9  3.1  2.7  7.1 32.3 10.2  5.4 19.1
  1.7  0.7  2.7  3.7  0.3  0.3  0.7 31.6 20.8 20.8  1.4  7.1  9.5  7.8  0.0
     -2.60      4.70     -1.60     -1.37      0.58  0.3  0.0  0.0  0.0  0.0
                                4000_story_3832_llm_free.txt 33.5  4.4 3224
 17.1  5.0  5.3 40.3  8.1  0.9  1.2  0.3 13.3 18.3  0.6  1.2  0.6  3.1  0.0
  0.0  0.6  5.0  9.6  0.3  0.3276.7 89.0 32.6121.3 53.0 14.6 12.4  0.3  0.3
  0.6  0.9 16.4  5.6 18.9 27.9  6.5  3.4  2.5  2.8  1.6  1.9  3.4  9.3  0.6
  5.9  5.3  1.2  1.6  2.2  9.9 19.9 15.8  0.9  1.2 53.0 74.4  0.9180.8  9.0
  0.6  0.0  0.0  0.0  0.0  0.0  0.0  0.0  0.0  0.0  0.0  0.0  0.0  0.0  0.0
  0.0  0.0  0.0  2.8  0.6  2.5  1.2  0.0  0.0  0.0  0.0  0.0  0.0  0.0  0.6
  0.0  1.2  0.6  0.3  0.0  0.0  0.0  0.0  0.0  0.3  0.0  0.0  1.2  0.9  0.0
  7.1  0.0  0.0  7.1  2.8  0.0  3.1  2.2  0.0  0.0  0.0  0.0  0.0  0.0  0.0
  0.3  0.3  0.0  0.0  0.0  0.0  0.0 12.4  2.8  0.3  6.5 40.3  5.9  5.6 12.7
  2.8  0.6  2.5  2.5  0.0  0.9  0.9 33.5 18.3 16.7  2.5  6.2  8.4  9.6  0.0
     -6.70      5.72     -5.38     -2.24      2.29  0.0  0.0  0.0  0.0  0.0
                                4000_story_3835_llm_free.txt 35.5  4.5 2740
 16.1  2.2  3.6 26.6  1.5  0.0  0.7  0.7  7.7 17.2  0.7  0.7  0.0  4.4  0.4
  0.4  1.8  2.9 11.3  0.4  0.7298.9 92.0 34.7127.0 49.3 15.0 12.4  0.7  1.1
  0.0  1.8 20.8  7.3 17.2 28.8  5.5  1.8  1.5  1.8  1.1  1.8  2.6  4.7  0.4
  5.5  4.4  1.5  1.1  2.6  5.8 20.1 10.6  2.2  1.8 63.9 58.4  2.6169.7  5.5
  1.1  0.0  0.0  0.0  0.0  0.0  0.0  0.0  0.0  0.0  0.0  0.0  0.0  0.0  0.0
  0.0  0.0  0.0  0.4  0.4  1.5  1.1  0.0  0.0  0.0  0.0  0.0  0.0  0.0  0.4
  0.0  1.1  0.4  0.4  0.0  0.0  0.0  0.4  0.0  0.0  0.4  0.0  1.5  0.7  0.0
  3.3  0.0  0.0  3.3  2.2  0.4  2.6  2.6  0.0  0.0  0.0  0.0  0.0  0.0  0.0
  0.0  0.0  0.0  0.0  0.0  0.0  0.0  6.6  1.5  1.1  6.6 27.7 12.8  4.4 13.1
  1.1  1.1  1.1  3.6  0.0  0.4  0.0 39.4 17.5 19.0  1.5  9.1  9.1  8.0  0.0
     -7.75      5.82     -4.70     -3.62      0.74  1.5  0.0  0.0  0.4  0.0
                                4000_story_3855_llm_free.txt 33.5  4.4 2568
 14.0  3.9  3.9 37.0 12.5  0.4  2.3  1.2 11.7 19.5  0.4  0.8  0.0  3.1  0.8
  0.8  0.8  3.1  9.7  1.9  3.1255.5 86.8 31.2123.1 62.7 16.0  7.4  0.0  0.0
  0.0  0.4 18.7  9.0 16.0 31.9  3.9  3.5  1.6  1.6  0.4  1.9  3.1  5.8  0.8
  4.3  5.5  0.8  2.7  3.9  7.0 17.9 10.9  2.7  0.0 67.0 86.8  1.6174.5  6.6
  0.4  0.0  0.0  0.0  0.0  0.0  0.0  0.0  0.0  0.0  0.0  0.0  0.0  0.0  0.0
  0.0  0.0  0.0  1.6  0.8  3.1  0.0  0.0  0.0  0.0  0.0  0.0  0.0  0.0  0.0
  0.4  0.4  0.0  0.0  0.0  0.0  0.0  0.0  0.0  0.0  0.0  0.0  3.5  0.4  0.0
  5.5  0.0  0.0  5.5  0.8  0.0  0.8  3.9  0.0  0.0  0.0  0.0  0.0  0.0  0.0
  0.0  0.4  0.0  0.0  0.0  0.0  0.0 10.9  1.2  0.8  4.7 26.5 11.3  2.7  8.2
  1.9  1.9  4.7  3.5  0.0  1.9  0.0 38.9 16.4 23.0  0.8  7.4  9.0 10.5  0.0
     -3.24      5.55     -6.65     -3.60      1.19  0.0  0.4  0.0  0.0  0.0
                                4000_story_3856_llm_free.txt 37.0  4.6 3040
  9.2  1.6  5.3 36.2  6.3  1.0  2.0  0.7  6.6 14.1  2.0  1.6  0.3  7.9  0.3
  0.0  0.7  6.6  7.9  0.0  1.6289.5 81.6 30.6119.7 54.6  9.9  8.6  0.3  0.7
  0.3  2.3 31.6 11.8 16.4 27.0  6.6  3.6  2.0  1.0  1.0  1.0  2.3  5.3  0.7
  2.6  5.3  0.7  2.6  3.3 11.2 18.1  8.6  0.7  1.3 63.8 67.4  1.3170.4  8.2
  0.3  0.0  0.0  0.0  0.0  0.0  0.0  0.0  0.0  0.0  0.0  0.0  0.0  0.0  0.0
  0.0  0.0  0.0  1.6  0.0  0.7  0.0  0.0  0.0  0.0  0.0  0.0  0.0  0.0  0.3
  0.3  1.6  1.0  0.0  0.0  0.0  0.0  0.0  0.0  0.0  0.0  0.0  1.0  1.0  0.0
  2.3  0.0  0.0  2.3  3.3  0.0  3.3  2.0  0.0  0.0  0.0  0.0  0.0  0.0  0.0
  0.0  0.3  0.0  0.0  0.0  0.0  0.0  7.9  3.0  0.7  4.9 24.7  4.3  4.9 13.2
  0.3  2.3  3.3  4.3  0.0  0.7  0.0 37.8 14.1 14.5  1.6  8.2 11.2  8.2  0.0
     -6.36      4.12     -4.91     -3.79     -0.03  0.7  0.0  0.0  0.0  0.0
                                4000_story_3858_llm_free.txt 32.0  4.6 3387
 15.1  3.0  9.2 41.3 11.5  0.6  3.5  1.2  9.2 12.4  0.0  0.6  0.0  5.0  0.3
  0.0  1.2  4.1 13.9  0.6  1.2280.5 89.8 31.0118.4 60.2 14.5 10.9  0.3  1.2
  0.0  0.6 40.7  5.9 15.9 30.4  4.7  2.4  0.9  3.0  0.6  2.7  4.1  3.5  0.6
  7.4  6.5  2.4  3.0  5.0  7.1 24.5 11.5  1.8  1.5 59.6 80.9  0.9177.4  8.9
  1.5  0.0  0.0  0.0  0.0  0.0  0.0  0.0  0.0  0.0  0.0  0.0  0.0  0.0  0.0
  0.0  0.0  0.0  2.4  0.9  1.5  1.5  0.3  0.0  0.0  0.0  0.0  0.0  0.0  0.3
  0.0  1.2  0.6  0.3  0.0  0.0  0.3  0.0  0.0  0.3  0.3  0.0  2.1  0.9  0.0
  6.2  0.3  0.0  6.5  2.4  0.3  3.0  3.2  0.0  0.0  0.0  0.0  0.0  0.0  0.0
  0.0  0.3  0.0  0.0  0.0  0.0  0.0 13.9  2.1  1.8  6.8 34.2  3.0  5.6 32.2
  5.3  0.6  4.1  5.0  0.3  0.9  0.9 37.5 19.2 20.1  1.8  7.4 10.6  8.0  0.0
     -5.17      5.65     -3.32     -3.07      2.33  0.0  0.3  0.3  0.0  0.0
                                4000_story_3859_llm_free.txt 34.0  4.4 2919
 15.8  4.8  3.4 40.4 15.4  1.4  2.1  0.3 12.7 14.0  0.0  1.0  0.7  4.5  0.3
  0.7  2.7  5.1  8.9  0.7  1.7258.3 81.9 32.2116.1 57.2 14.7  9.2  0.0  1.0
  0.0  2.1 23.3  6.5 14.0 32.5  7.9  5.8  1.0  2.1  1.4  2.1  3.8  7.9  0.0
  3.1  6.5  1.4  3.1  3.8 12.3 20.6 11.0  3.4  1.0 59.6 85.3  1.4170.3  5.8
  1.0  0.0  0.0  0.0  0.0  0.0  0.0  0.0  0.0  0.0  0.0  0.0  0.0  0.0  0.0
  0.0  0.0  0.0  1.0  0.3  4.5  1.0  0.0  0.0  0.0  0.0  0.0  0.0  0.0  0.7
  0.7  0.7  2.1  0.3  0.0  0.3  0.0  0.0  0.0  0.0  0.0  0.0  2.4  1.4  0.0
  6.9  0.0  0.0  6.9  4.5  0.3  4.8  3.8  0.0  0.0  0.0  0.0  0.0  0.0  0.0
  0.3  0.7  0.0  0.0  0.0  0.0  0.0 13.7  2.7  0.7  8.6 25.0  8.2  8.9 14.0
  0.3  1.7  3.1  4.8  0.0  1.0  0.0 37.7 17.1 18.8  2.1  6.9  8.9 10.3  0.0
     -0.42      5.18     -3.97     -2.48      0.92  0.0  0.0  0.3  0.0  0.0
                                4000_story_3860_llm_free.txt 35.5  4.6 3338
 16.5  3.0  5.1 44.3  8.7  0.6  2.4  0.9  8.1 13.5  0.6  0.0  0.0  5.4  0.0
  0.3  1.8  5.7 10.5  0.9  1.8281.6 87.5 36.5120.1 61.7 11.7 10.2  0.0  0.6
  0.3  1.2 32.7  7.8 19.8 26.1  5.1  0.9  2.7  3.0  3.3  2.4  2.4  5.4  1.5
  6.0  4.5  0.9  2.1  3.9  9.9 19.2 12.9  2.7  0.9 55.7 78.5  1.8181.2 10.5
  1.2  0.0  0.0  0.0  0.0  0.0  0.0  0.0  0.0  0.0  0.0  0.0  0.0  0.0  0.0
  0.0  0.0  0.0  1.2  0.3  1.2  1.5  0.0  0.0  0.0  0.0  0.0  0.0  0.0  0.6
  0.3  0.3  0.6  0.0  0.0  0.0  0.0  0.0  0.0  0.3  0.3  0.0  0.6  0.6  0.0
  4.2  0.0  0.0  4.2  1.8  0.0  2.1  1.5  0.0  0.0  0.0  0.0  0.0  0.0  0.0
  0.3  0.3  0.0  0.0  0.0  0.0  0.0  7.8  3.3  1.8 10.5 24.6  2.4  6.0 19.5
  2.4  1.8  1.5  4.8  0.0  0.0  0.6 37.7 18.9 20.1  0.9  6.9 17.7 11.4  0.0
     -4.64      5.10     -5.26     -1.63      1.77  0.3  0.0  0.0  0.0  0.0
                                4000_story_3863_llm_free.txt 36.5  4.5 2689
 13.8  4.5  3.3 34.6 15.2  0.4  1.9  1.1 15.6 23.8  0.7  1.9  0.4  3.7  0.0
  0.0  0.7  4.1  8.9  0.7  1.1261.1 80.0 27.5125.7 60.2 14.5  6.7  0.0  0.4
  0.0  3.0 17.9  6.3 11.5 35.3  6.3  1.9  1.9  1.5  0.4  2.2  4.8  6.7  0.4
  4.8  7.4  0.4  1.5  5.2  6.3 22.7 11.9  1.5  0.4 63.2 91.1  3.0179.2  7.8
  1.9  0.0  0.0  0.0  0.0  0.0  0.0  0.0  0.0  0.0  0.0  0.0  0.0  0.0  0.0
  0.0  0.0  0.0  0.7  0.0  3.0  1.1  0.0  0.4  0.0  0.0  0.0  0.0  0.0  0.0
  0.7  1.1  0.7  0.7  0.0  0.0  0.0  0.4  0.0  0.4  0.0  0.0  2.6  0.4  0.0
  4.8  0.4  0.0  5.2  3.3  0.4  4.1  3.0  0.0  0.0  0.0  0.0  0.0  0.0  0.0
  0.0  1.1  0.0  0.0  0.0  0.0  0.0 11.2  4.8  0.7  6.7 30.1  7.1  4.5  7.1
  0.7  1.5  0.7  5.6  0.0  1.9  0.0 42.4 13.8 21.9  0.7  5.2 14.9  8.9  0.0
     -3.76      5.11     -3.70     -3.82      2.26  0.0  0.0  0.0  0.0  0.0
                                4000_story_3865_llm_free.txt 37.0  4.5 3341
 14.4  1.8  4.8 35.6  6.3  0.6  3.3  0.9  7.8 20.1  0.0  0.3  0.0  3.9  0.3
  0.3  1.8  4.2 11.4  2.7  1.8285.5 97.6 35.9118.2 52.7 13.5  8.1  0.3  2.4
  0.0  1.8 26.3  7.5 16.2 23.9  6.0  2.7  2.7  1.8  1.2  0.9  3.0  4.8  0.0
  7.2  5.4  0.9  0.9  2.4  8.1 20.7 12.0  4.5  2.7 66.7 66.7  0.9173.0  6.3
  1.8  0.0  0.0  0.0  0.0  0.0  0.0  0.0  0.0  0.0  0.0  0.0  0.0  0.0  0.0
  0.0  0.0  0.0  0.9  0.3  1.2  0.6  0.0  0.0  0.0  0.0  0.0  0.0  0.0  0.3
  0.0  0.3  0.6  0.0  0.0  0.0  0.0  0.3  0.0  0.0  0.0  0.0  2.1  0.9  0.0
  3.0  0.0  0.0  3.0  1.2  0.3  1.5  3.0  0.0  0.0  0.0  0.0  0.0  0.0  0.0
  0.3  0.3  0.0  0.0  0.0  0.0  0.0  6.9  1.2  1.2  9.3 38.6  3.9  4.2 12.0
  1.5  1.5  1.8  2.1  0.0  0.3  0.3 33.8 17.1 20.1  1.8  5.4  9.6  6.9  0.0
     -3.64      4.59     -3.41     -3.35      1.29  0.0  0.0  0.0  0.0  0.0
                                4000_story_3866_llm_free.txt 38.5  4.5 3228
 14.6  5.3  6.8 51.4  8.7  0.9  2.2  0.6  9.3 18.6  0.9  0.9  0.6  5.0  1.9
  0.3  1.5  5.9 12.7  2.8  1.9264.6 83.0 41.8113.7 74.7 11.8 14.9  0.3  0.3
  0.3  1.9 15.5 12.1 11.5 27.6  8.1  4.0  3.1  2.2  1.2  2.5  1.2  5.9  0.0
  5.0  6.2  0.9  2.8  2.8 11.2 23.9 10.8  4.3  0.9 69.4 92.6  2.2182.8  5.6
  1.9  0.0  0.0  0.0  0.0  0.0  0.0  0.0  0.0  0.0  0.0  0.0  0.0  0.0  0.0
  0.0  0.0  0.0  3.7  0.9  1.2  1.2  0.0  0.0  0.0  0.0  0.0  0.0  0.0  0.9
  0.0  1.9  0.9  0.3  0.0  0.6  0.6  0.0  0.0  0.6  0.0  0.0  2.5  1.5  0.0
  7.1  0.0  0.0  7.1  4.0  1.2  5.9  4.0  0.0  0.0  0.0  0.0  0.0  0.0  0.0
  0.0  0.0  0.0  0.0  0.0  0.0  0.0 10.2  1.9  1.9  6.8 41.2  2.8 11.5 13.6
  2.8  0.9  2.2  2.2  0.3  1.9  0.0 38.1 25.7 18.0  1.5  8.7  9.9  6.8  0.0
      1.54      6.35     -5.03     -2.08     -0.36  0.6  0.0  0.0  0.0  0.0
                                4000_story_3870_llm_free.txt 35.0  4.7 3631
 12.4  4.4  4.7 45.7  4.1  0.6  3.6  0.6  6.9 15.1  1.4  0.3  0.3  7.4  0.6
  1.4  0.0  6.3 10.2  1.4  0.8277.9 80.4 23.4111.8 52.3  8.5 11.3  0.0  1.7
  0.0  2.5 27.5  9.6  9.6 28.4  7.7  4.4  2.2  2.2  1.4  2.2  2.5  5.0  0.3
  6.9  6.3  0.8  1.1  6.1 12.1 21.5 12.1  1.4  1.7 59.5 63.3  2.2178.2  4.7
  0.6  0.0  0.0  0.0  0.0  0.0  0.0  0.0  0.0  0.0  0.0  0.0  0.0  0.0  0.0
  0.0  0.0  0.0  2.2  0.3  2.8  0.6  0.0  0.0  0.0  0.0  0.0  0.0  0.0  0.0
  0.3  1.4  0.0  0.6  0.0  0.6  0.0  0.0  0.0  0.3  0.0  0.0  1.4  0.6  0.0
  5.8  0.0  0.0  5.8  2.2  0.6  3.0  1.9  0.0  0.0  0.0  0.0  0.0  0.0  0.0
  0.0  0.6  0.0  0.0  0.0  0.0  0.0  8.3  6.9  1.7  8.0 28.4  4.7 12.1 11.8
  2.2  0.8  0.8  1.7  0.0  1.1  0.0 38.6 15.4 16.5  2.5  7.4 11.8 11.0  0.0
     -4.29      4.01     -2.57     -2.31      1.11  0.0  0.0  0.0  0.0  0.0
                                4000_story_3872_llm_free.txt 37.3  4.6 3015
 14.6  4.0  3.6 32.2  2.7  0.3  2.7  1.0 11.9 24.2  0.3  1.0  0.0  6.0  0.0
  0.0  2.0  1.3  8.0  1.7  2.0288.2 93.2 28.5123.1 40.5 13.9 10.6  0.3  1.3
  0.0  3.0 26.2  7.6 12.9 28.5  5.6  3.0  2.3  1.7  1.0  1.3  1.3  8.0  1.3
  4.3  4.6  0.3  0.7  1.7  5.3 18.2 13.6  3.6  1.7 59.0 55.1  0.7172.5  9.0
  1.7  0.0  0.0  0.0  0.0  0.0  0.0  0.0  0.0  0.0  0.0  0.0  0.0  0.0  0.0
  0.0  0.0  0.0  1.0  0.3  2.3  1.7  0.0  0.0  0.0  0.0  0.0  0.0  0.0  0.0
  0.0  1.0  0.7  0.7  0.0  0.3  0.0  0.0  0.0  0.0  0.0  0.0  1.3  1.0  0.0
  5.3  0.0  0.0  5.3  2.3  0.3  2.7  2.3  0.0  0.0  0.0  0.0  0.0  0.0  0.0
  0.0  0.3  0.0  0.0  0.0  0.0  0.0  8.0  1.7  0.7  5.6 35.5  7.0  5.0 16.9
  3.3  1.3  3.6  1.0  0.0  1.0  0.0 41.5 14.9 17.6  2.3  6.3 10.9 13.3  0.0
     -3.68      4.76     -2.85     -3.39      0.82  0.0  0.0  0.0  0.0  0.0
                                4000_story_3878_llm_free.txt 34.8  4.5 3201
 13.1  4.7  3.4 43.1  9.1  0.0  2.2  1.2 11.9 17.2  0.0  1.9  0.6  5.6  0.0
  0.3  0.9  3.1  8.7  1.2  1.6276.5 85.3 35.9128.1 59.0 11.9 10.9  0.0  0.6
  0.0  1.2 24.4  7.8 13.1 25.9  5.9  1.6  2.5  0.9  2.5  2.2  2.5  2.5  0.6
  5.3  5.0  0.3  1.9  4.1  7.2 17.8  8.4  2.2  0.6 70.9 80.0  3.1184.3  4.4
  1.2  0.0  0.0  0.0  0.0  0.0  0.0  0.0  0.0  0.0  0.0  0.0  0.0  0.0  0.0
  0.0  0.0  0.0  2.2  0.9  1.2  1.6  0.3  0.0  0.0  0.0  0.0  0.0  0.0  0.9
  0.6  0.3  0.3  0.3  0.0  0.0  0.3  0.0  0.0  1.2  0.0  0.0  2.2  0.9  0.0
  5.9  0.3  0.0  6.2  2.5  0.3  4.1  3.1  0.0  0.0  0.0  0.0  0.0  0.0  0.0
  0.3  0.3  0.0  0.0  0.0  0.0  0.0  9.1  5.9  1.2  9.1 27.8  2.5  4.4 10.6
  0.3  3.1  0.9  5.0  0.0  1.9  0.0 43.7 18.7 17.5  2.5  8.1 10.0 10.3  0.0
     -4.49      5.42     -4.12     -2.94      0.51  0.6  0.0  0.0  0.0  0.0
                                4000_story_3879_llm_free.txt 33.3  4.4 3387
 12.7  4.7  7.1 42.2 14.2  0.6  3.0  1.2 13.3 14.2  0.9  1.8  0.3  5.0  0.3
  0.3  1.8  5.3 10.0  0.3  2.7263.1 88.3 23.6118.7 63.2 11.8  7.7  0.0  0.3
  1.5  1.2 18.6  9.4 13.9 26.3  5.3  2.1  3.0  2.1  2.4  0.9  3.8  3.5  0.0
  3.2  6.2  0.6  2.1  4.4  9.7 21.3  6.8  2.1  1.8 56.4 90.6  1.5174.2  4.1
  1.2  0.0  0.0  0.0  0.0  0.0  0.0  0.0  0.0  0.0  0.0  0.0  0.0  0.0  0.0
  0.0  0.0  0.0  1.2  0.6  1.8  1.2  0.0  0.0  0.0  0.0  0.0  0.3  0.0  0.0
  0.0  0.3  0.9  0.3  0.0  0.6  0.0  0.0  0.0  0.0  0.0  0.0  1.5  0.0  0.0
  4.7  0.0  0.3  5.0  1.5  0.6  2.1  1.5  0.0  0.0  0.0  0.0  0.0  0.0  0.0
  0.3  0.0  0.0  0.0  0.0  0.0  0.0 19.2  2.7  3.0  5.9 34.2  6.5  6.5  8.6
  5.6  1.2  1.2  3.0  0.0  0.9  0.3 41.3 15.1 18.6  2.4 10.0 13.6  8.9  0.0
     -1.32      4.68     -4.08     -2.74      0.36  0.0  0.0  0.0  0.0  0.0
                                4000_story_3884_llm_free.txt 35.5  4.5 3090
 15.2  5.8  6.8 38.2  8.1  1.0  2.3  0.3 10.7 23.9  0.3  2.6  0.3  9.1  0.3
  0.3  1.0  6.1 12.3  0.3  1.3266.0 83.8 26.9123.3 64.4 11.3 12.3  0.6  1.9
  0.0  1.9 13.6  8.7 15.9 29.8  5.2  1.6  1.6  2.3  1.3  1.3  2.3  3.2  0.3
  4.2  7.4  1.3  2.6  4.5  9.1 26.5  7.8  1.3  2.6 61.5 83.2  3.9175.4  5.8
  1.0  0.0  0.0  0.0  0.0  0.0  0.0  0.0  0.0  0.0  0.0  0.0  0.0  0.0  0.0
  0.0  0.0  0.0  2.9  0.3  3.6  0.6  0.0  0.0  0.0  0.0  0.0  0.0  0.0  0.3
  0.3  1.0  0.3  0.0  0.0  0.0  0.0  0.0  0.0  0.3  0.0  0.3  2.3  1.9  0.0
  7.4  0.0  0.0  7.4  1.9  0.0  2.3  4.5  0.0  0.0  0.0  0.0  0.0  0.0  0.0
  0.0  0.6  0.0  0.0  0.0  0.0  0.0 15.9  1.9  1.0  7.4 34.3  3.9  4.5 17.8
  7.1  0.3  0.3  3.6  0.0  0.6  0.6 38.8 18.8 16.5  1.9  8.1 11.3  7.1  0.0
      0.83      5.65     -4.86     -3.53     -0.11  0.6  0.3  0.0  0.0  0.0
                                4000_story_3885_llm_free.txt 33.5  4.3 2471
 15.8  4.0  1.6 33.2  6.1  0.0  2.0  0.4 13.0 25.9  1.2  0.8  0.8  2.0  0.4
  0.0  0.8  3.6 12.1  0.8  2.4265.9 85.8 25.1114.1 67.2 19.0  5.7  0.8  0.4
  0.4  1.2 17.8  8.1 20.2 31.6  4.9  6.1  0.4  1.2  0.8  2.0  3.6  4.0  0.4
  4.0  6.5  1.2  2.4  4.0 10.5 21.9  8.5  1.6  1.6 66.8 86.2  0.4161.1  5.7
  0.0  0.4  0.0  0.0  0.0  0.0  0.0  0.0  0.0  0.0  0.0  0.0  0.0  0.0  0.0
  0.0  0.0  0.0  2.0  0.4  1.6  1.2  0.4  0.0  0.0  0.0  0.0  0.0  0.0  0.4
  0.0  0.8  0.4  0.0  0.0  0.4  0.4  0.0  0.0  0.4  0.0  0.0  1.2  0.0  0.0
  5.3  0.4  0.0  5.7  1.6  0.8  2.8  1.2  0.0  0.0  0.0  0.0  0.0  0.0  0.0
  0.0  0.4  0.0  0.0  0.0  0.0  0.0 16.6  1.6  0.4  6.9 37.6 12.1  6.1  5.7
  2.4  1.2  0.8  4.0  0.4  0.8  0.0 38.9 12.1 18.2  1.6  5.7 14.2  8.5  0.0
     -4.18      5.72     -6.35     -3.28      0.88  0.0  0.0  0.0  0.0  0.0
                                4000_story_3891_llm_free.txt 35.0  4.6 2912
 13.4  2.1  1.7 27.5  2.7  0.3  2.1  0.3  4.8 22.0  0.3  0.7  1.0  5.2  0.3
  1.4  1.4  3.8 10.6  0.0  1.7281.9 99.2 34.3122.3 49.1 12.7  4.8  0.0  0.3
  0.0  2.1 23.4  7.6 16.8 27.8  5.5  3.1  1.7  0.7  1.0  2.4  1.4  5.8  0.7
  4.5  3.1  0.3  2.1  3.4  7.9 17.2 11.0  1.4  0.3 65.6 56.7  1.7167.9  5.2
  1.4  0.3  0.0  0.0  0.0  0.0  0.0  0.0  0.0  0.0  0.0  0.0  0.0  0.0  0.0
  0.0  0.0  0.0  0.7  1.0  1.0  0.7  0.0  0.0  0.0  0.0  0.0  0.0  0.0  0.3
  0.7  0.7  0.7  0.7  0.0  0.0  0.0  0.0  0.0  0.0  0.0  0.0  1.0  0.7  0.0
  3.4  0.0  0.0  3.4  3.1  0.0  3.1  1.7  0.0  0.0  0.0  0.0  0.0  0.0  0.0
  0.0  0.3  0.0  0.0  0.0  0.0  0.0  5.8  2.1  1.0  9.6 31.9  4.8  5.8  8.2
  0.0  1.0  1.7  3.8  0.0  1.0  0.3 32.6 10.6 15.1  2.1  8.9 10.6  6.2  0.0
     -6.56      3.81     -5.16     -3.55      0.09  0.3  0.0  0.0  0.0  0.0
                                4000_story_3895_llm_free.txt 34.8  4.5 3249
 16.3  3.7  2.5 27.7  7.7  0.0  2.2  0.3  6.5 15.1  0.0  0.0  1.5  6.5  0.0
  0.3  1.2  3.1  9.5  0.3  1.5281.3 94.5 31.1119.4 63.4 12.6  5.8  0.3  0.0
  0.0  2.8 23.1  7.4 18.2 32.6  5.2  1.8  1.2  1.8  1.2  2.5  2.8  7.7  0.6
  5.2  3.4  0.3  3.1  2.8  6.2 17.5 13.5  1.5  0.3 66.5 77.6  1.5166.8  4.6
  0.3  0.0  0.0  0.0  0.0  0.0  0.0  0.0  0.0  0.0  0.0  0.0  0.0  0.0  0.0
  0.0  0.0  0.0  0.6  0.0  2.8  0.6  0.0  0.0  0.0  0.0  0.0  0.0  0.0  0.3
  0.0  0.6  1.2  0.3  0.0  0.0  0.0  0.0  0.0  0.3  0.0  0.0  2.2  0.0  0.0
  4.0  0.0  0.0  4.0  2.5  0.0  2.8  2.2  0.0  0.0  0.0  0.0  0.0  0.0  0.0
  0.0  0.3  0.0  0.0  0.0  0.0  0.0 14.5  1.5  2.5  8.6 26.8  6.5  3.4 13.5
  1.5  1.2  1.5  6.2  0.0  0.6  0.3 36.6 13.2 17.9  2.2 11.4 12.6  8.6  0.0
     -6.55      4.53     -5.52     -3.36      1.43  0.3  0.6  0.0  0.3  0.0
                                4000_story_3897_llm_free.txt 35.3  4.5 3477
 11.2  5.5  2.0 34.5  6.6  0.3  1.7  0.6  4.3 17.3  1.2  0.9  0.3  4.3  0.3
  0.3  0.3  4.3 13.2  0.9  2.6282.7 94.3 37.4123.1 57.5 10.9 11.5  0.0  1.4
  0.0  1.4 22.7  6.9 10.9 26.2  8.1  4.0  2.9  0.6  0.9  0.9  3.5  3.2  0.3
  4.9  4.9  1.7  1.4  4.6  9.2 21.0  8.3  1.2  1.4 69.3 68.4  0.6176.9  4.3
  2.6  0.0  0.0  0.0  0.0  0.0  0.0  0.0  0.0  0.0  0.0  0.0  0.0  0.0  0.0
  0.0  0.0  0.0  2.3  0.6  3.2  1.2  0.0  0.0  0.0  0.0  0.0  0.0  0.0  0.0
  0.0  1.4  0.9  0.6  0.0  0.0  0.0  0.0  0.0  0.3  0.0  0.3  3.5  0.3  0.0
  7.2  0.0  0.0  7.2  2.9  0.0  3.2  4.0  0.0  0.0  0.0  0.0  0.0  0.0  0.0
  0.0  1.2  0.0  0.0  0.0  0.0  0.0 10.4  0.9  1.2  8.6 32.8  8.1  8.3 15.2
  1.7  0.6  1.7  2.9  0.9  0.6  0.3 33.4 20.7 13.8  0.6  8.1 11.2  9.5  0.0
     -6.83      5.11     -2.87     -3.70      0.81  0.0  0.0  0.3  0.0  0.0
                                4000_story_3898_llm_free.txt 37.5  4.4 3283
 13.7  4.6  6.7 50.6 14.3  1.2  5.5  0.9 21.0 24.7  0.3  0.3  0.3  4.0  0.3
  0.3  2.1  8.8 12.2  0.6  1.5253.4 75.8 25.9117.6 49.6  8.5  9.7  0.0  0.3
  1.2  1.5 17.4  9.7  8.2 34.7  7.9  4.3  2.4  1.5  2.4  2.1  2.1  9.4  0.0
  4.9  4.6  2.7  1.2  4.0 15.5 20.1 14.3  2.7  1.5 61.8 85.0  1.8183.4  5.5
  2.1  0.0  0.0  0.0  0.0  0.0  0.0  0.0  0.0  0.0  0.0  0.0  0.0  0.0  0.0
  0.0  0.0  0.0  2.4  0.6  3.0  1.2  0.0  0.0  0.0  0.0  0.0  0.0  0.0  0.6
  0.6  1.5  0.9  0.0  0.0  0.0  0.0  0.0  0.0  0.0  0.0  0.3  2.7  0.3  0.0
  7.3  0.0  0.0  7.3  3.7  0.0  3.7  3.4  0.0  0.0  0.0  0.0  0.0  0.0  0.0
  0.3  0.9  0.0  0.0  0.0  0.0  0.0 14.3  2.4  1.5  7.9 34.4  4.6 17.7  8.5
  2.1  0.6  1.2  2.4  0.3  0.9  0.3 39.9 16.4 21.0  1.5  9.7 11.0  9.4  0.0
      2.67      3.79     -3.17     -2.10      0.71  0.0  0.0  0.0  0.0  0.0
                                4000_story_3912_llm_free.txt 37.0  4.3 3948
 19.0  8.1 13.2 62.3 15.5  1.5  4.8  1.3 25.1 20.3  1.3  0.8  0.8  7.1  1.0
  0.3  1.8  9.4  7.3  2.0  0.3234.8 78.5 21.5118.3 74.5 16.7 11.1  0.0  1.3
  0.5  1.3 18.5 11.1  9.9 33.2  8.1  5.1  2.5  3.3  0.8  3.3  3.0  8.1  0.0
  3.3  6.3  1.3  2.5  4.8 15.2 19.0 11.4  3.8  1.8 49.9115.0  2.3192.0  4.8
  0.8  0.0  0.0  0.0  0.0  0.0  0.0  0.0  0.0  0.0  0.0  0.0  0.0  0.0  0.0
  0.0  0.0  0.0  3.0  1.0  3.8  2.0  0.0  0.0  0.0  0.0  0.0  0.0  0.0  0.3
  0.5  1.0  0.8  0.3  0.0  0.3  0.0  0.0  0.0  0.8  0.0  0.0  2.5  1.3  0.0
  9.9  0.0  0.0  9.9  2.8  0.3  3.8  3.8  0.0  0.0  0.0  0.0  0.0  0.0  0.0
  0.3  1.3  0.5  0.0  0.0  0.0  0.0 15.5  3.5  5.3  9.1 18.7  1.8 12.9  9.4
  1.8  1.0  0.3  1.8  0.0  1.0  0.3 38.0 18.7 29.4  1.0  7.6 11.9  9.4  0.0
      7.29      6.75     -4.15     -1.41      0.56  0.0  0.0  0.0  0.0  0.0
                                4000_story_3913_llm_free.txt 35.8  4.5 3814
 16.8  5.0  6.3 35.1  6.8  0.3  1.3  0.8  8.9 16.8  1.0  0.8  0.3  5.5  0.3
  0.5  0.5  4.5  6.6  0.0  1.8283.7 88.6 34.9114.3 60.0 12.8  5.2  0.0  0.5
  0.0  0.5 23.1  6.8 16.3 32.5  4.2  4.5  2.1  2.1  1.6  1.8  3.4  4.7  0.3
  5.5  5.0  0.5  3.4  3.4 10.5 14.9 10.5  0.5  0.5 67.4 75.8  2.4166.0  9.2
  0.5  0.0  0.0  0.0  0.0  0.0  0.0  0.0  0.0  0.0  0.0  0.0  0.0  0.0  0.0
  0.0  0.0  0.0  2.4  0.5  2.1  1.3  0.0  0.0  0.0  0.0  0.0  0.0  0.0  0.3
  0.5  0.3  0.8  0.3  0.0  0.0  0.0  0.0  0.0  0.3  0.3  0.0  2.4  0.8  0.0
  6.3  0.0  0.0  6.3  2.1  0.0  2.4  3.4  0.0  0.0  0.0  0.0  0.0  0.0  0.0
  0.0  0.5  0.0  0.0  0.0  0.0  0.0 15.2  1.8  0.5 11.3 33.8  3.9  7.3  7.9
  2.1  2.1  1.8  4.5  0.3  1.0  0.3 38.3 12.1 16.3  2.4  5.8  8.7  8.7  0.0
     -7.28      4.14     -5.54     -2.43      1.20  0.0  0.0  0.0  0.3  0.0
                                4000_story_3915_llm_free.txt 38.0  4.6 3200
 15.9  3.4  5.3 40.6  5.3  0.9  3.8  1.6 13.4 18.4  0.6  0.0  0.0  5.3  0.0
  0.0  1.3  3.1  9.7  0.9  1.3283.8 86.6 25.0124.7 63.4 13.1 13.1  0.3  0.3
  0.0  0.9 22.2  5.9 13.8 29.7  6.9  4.1  3.8  0.9  1.3  2.2  2.5  3.8  0.0
  4.4  5.0  0.9  3.4  2.8  8.4 16.6  8.1  2.2  0.6 47.8 82.2  1.3180.9  6.6
  1.9  0.0  0.0  0.0  0.0  0.0  0.0  0.0  0.0  0.0  0.0  0.0  0.0  0.0  0.0
  0.0  0.0  0.0  1.3  0.6  1.9  0.3  0.0  0.0  0.0  0.0  0.0  0.0  0.0  0.3
  0.0  1.9  0.6  0.0  0.3  0.0  0.0  0.0  0.0  0.0  0.3  0.0  2.2  0.3  0.0
  4.1  0.0  0.0  4.1  2.8  0.3  3.1  2.8  0.0  0.0  0.0  0.0  0.0  0.0  0.0
  0.0  0.6  0.0  0.0  0.0  0.0  0.0 12.8  2.5  2.2  5.3 31.9 12.8  7.2 13.4
  1.3  0.3  1.9  1.6  0.3  0.6  0.6 37.5 20.3 23.4  0.6  9.1  7.5  7.2  0.0
     -4.94      6.15     -4.23     -2.53     -0.08  0.6  0.3  0.0  0.0  0.0
                                4000_story_3916_llm_free.txt 35.3  4.6 2927
 20.5  7.5  3.4 37.9  9.6  0.7  3.1  0.3  9.9 14.3  1.4  2.7  0.0  6.1  0.0
  0.3  0.7  4.8 11.3  0.3  1.0291.1 84.7 30.1124.4 44.1 10.9  9.2  0.3  1.0
  0.0  1.7 24.9  6.1 12.0 28.4  6.1  3.4  2.0  1.7  0.7  2.0  3.4  8.5  0.0
  4.1  7.5  2.4  1.4  4.8  8.9 24.9 12.6  1.0  1.4 63.9 63.5  0.7173.2  5.1
  2.0  0.0  0.0  0.0  0.0  0.0  0.0  0.0  0.0  0.0  0.0  0.0  0.0  0.0  0.0
  0.0  0.0  0.0  4.4  1.0  2.7  2.4  0.0  0.0  0.0  0.0  0.0  0.0  0.0  0.0
  0.7  0.7  1.4  0.3  0.0  0.0  0.0  0.0  0.0  0.0  0.0  0.0  2.0  0.3  0.0
 10.6  0.0  0.0 10.6  3.1  0.0  3.1  2.4  0.0  0.0  0.0  0.0  0.0  0.0  0.0
  0.3  0.3  0.0  0.3  0.0  0.0  0.0 12.3  1.4  1.0  6.8 26.3  4.4  4.1  9.9
  2.0  2.0  3.1  1.7  0.0  1.4  0.0 31.8 18.1 24.3  1.0  6.5  8.2  8.9  0.0
     -3.60      4.13     -2.83     -3.21      1.13  1.0  0.3  0.3  0.3  0.0
                                4000_story_3918_llm_free.txt 36.5  4.5 3488
 21.2  5.7  5.4 32.1 11.5  0.6  3.4  0.9 11.5 15.8  0.6  2.3  0.0  6.3  0.6
  0.0  2.9  4.0  9.5  1.1  0.6256.9 87.4 31.0127.6 77.4 16.3 11.2  0.9  2.0
  0.6  1.7 30.1  6.0 11.2 28.4 10.3  5.2  3.2  1.7  1.7  2.3  2.0  4.3  0.3
  3.4  4.6  1.7  2.0  4.3 10.9 19.8  8.0  4.0  3.4 59.3100.3  1.1179.2  8.0
  1.4  0.0  0.0  0.0  0.0  0.0  0.0  0.0  0.0  0.0  0.0  0.0  0.0  0.0  0.0
  0.0  0.0  0.0  3.4  1.1  3.2  1.1  0.0  0.0  0.0  0.0  0.0  0.0  0.0  0.6
  1.4  1.1  2.0  0.3  0.0  0.0  0.0  0.0  0.0  0.0  0.0  0.3  3.2  0.3  0.0
  8.9  0.0  0.0  8.9  5.4  0.0  5.4  3.7  0.0  0.0  0.0  0.0  0.0  0.0  0.0
  0.3  0.3  0.0  0.0  0.3  0.0  0.0 12.6  4.9  1.7  7.2 28.1  4.9 18.6  8.6
  3.2  0.9  1.4  1.7  0.3  2.6  0.0 42.1 19.5 25.8  3.4  7.7 11.8  8.3  0.0
      1.17      7.12     -0.89     -1.84     -0.39  0.0  0.3  0.3  0.0  0.0
                                4000_story_3919_llm_free.txt 34.5  4.7 3003
 12.0  1.7  3.3 39.0  4.7  0.3  2.0  1.3  5.7 21.6  1.0  1.0  0.3  3.7  0.3
  0.7  1.3  5.0 11.7  0.3  2.0280.4 85.6 45.3110.2 55.3 11.0  9.0  0.7  2.0
  0.7  2.7 28.6  8.0 11.0 25.0 10.0  3.0  2.0  1.0  1.3  1.3  3.0  3.7  0.3
  8.0  5.7  1.7  3.3  5.7  9.3 22.0 12.0  1.7  3.3 77.9 65.6  1.7178.5  9.0
  1.0  0.0  0.0  0.0  0.0  0.0  0.0  0.0  0.0  0.0  0.0  0.0  0.0  0.0  0.0
  0.0  0.0  0.0  2.0  0.7  0.7  0.3  0.0  0.0  0.0  0.0  0.0  0.0  0.0  0.3
  0.3  2.0  3.0  0.0  0.0  0.0  0.0  0.3  0.7  0.7  0.0  0.0  0.7  1.3  0.0
  3.7  0.0  0.0  3.7  5.7  1.0  7.3  2.0  0.0  0.0  0.0  0.0  0.0  0.0  0.0
  0.0  0.7  0.0  0.0  0.0  0.0  0.0 17.6  1.3  0.7  6.7 36.3  3.0 12.0 12.0
  1.3  1.7  2.3  3.7  0.7  1.0  0.0 38.6 12.7 17.3  3.0  8.3  8.0 11.7  0.0
     -6.45      4.13     -0.99     -3.63      1.64  0.0  0.0  0.0  0.3  0.0
                                4000_story_3920_llm_free.txt 40.3  4.5 3642
 19.2  6.6  4.7 42.0 15.7  1.1  2.5  1.4 13.5 16.2  1.1  1.6  0.0  4.4  0.8
  0.5  1.9  6.3  8.5  0.5  1.1262.2 86.5 28.0117.2 65.6 12.6  6.3  0.0  1.6
  0.3  1.6 20.9  6.3 13.7 29.4  5.5  4.1  2.2  0.8  1.9  1.6  2.7  5.2  0.8
  4.1  5.2  1.1  2.5  4.1 12.4 17.8 10.2  2.5  1.9 61.8 94.7  1.6175.5  4.9
  1.1  0.0  0.0  0.0  0.0  0.0  0.0  0.0  0.0  0.0  0.0  0.0  0.0  0.0  0.0
  0.0  0.0  0.0  2.5  1.1  3.3  1.6  0.0  0.0  0.0  0.0  0.0  0.0  0.0  0.5
  0.8  0.0  0.3  0.5  0.0  0.3  0.0  0.0  0.0  0.3  0.0  0.0  1.6  1.1  0.0
  8.5  0.0  0.0  8.5  2.2  0.3  2.7  2.7  0.0  0.0  0.0  0.0  0.0  0.0  0.0
  0.0  0.8  0.0  0.0  0.0  0.0  0.0 13.7  1.9  2.5  8.5 24.2  6.0 14.6 11.8
  1.6  0.8  2.2  1.4  0.0  0.8  0.3 36.2 13.5 23.1  1.6 10.2 11.0  8.8  0.0
     -0.31      4.64     -3.41     -2.97      0.84  0.5  0.0  0.0  0.0  0.0
                                4000_story_3921_llm_free.txt 36.8  4.5 3104
 14.5  3.5  7.4 34.1  8.4  0.3  3.5  0.0  6.1 22.2  0.6  0.6  0.3  4.5  0.6
  0.6  2.3  4.2 10.0  1.0  1.6278.4 95.0 27.4119.2 50.9 15.1  7.1  0.0  0.6
  0.0  1.3 24.8  6.8 20.3 30.0  6.4  3.5  2.3  2.3  1.6  2.3  1.9  2.9  0.0
  4.5  6.8  0.6  1.6  3.2  9.3 20.9  7.4  3.2  0.6 55.1 65.4  1.3168.2  6.1
  1.9  0.0  0.0  0.0  0.0  0.0  0.0  0.0  0.0  0.0  0.0  0.0  0.0  0.0  0.0
  0.0  0.0  0.0  1.6  0.6  2.6  0.6  0.0  0.0  0.0  0.0  0.0  0.0  0.0  0.6
  1.0  0.6  0.3  0.3  0.0  0.0  0.0  0.3  0.0  0.0  0.0  0.3  1.0  0.6  0.0
  5.5  0.0  0.0  5.5  2.9  0.3  3.2  1.9  0.0  0.0  0.0  0.0  0.0  0.0  0.0
  0.0  0.0  0.0  0.0  0.0  0.0  0.0  6.4  1.3  0.3  3.9 21.3  3.5  4.8 10.6
  2.9  1.6  1.9  5.2  0.0  0.3  0.6 40.3 13.2 15.5  1.6  6.4 11.9  9.3  0.0
     -2.38      4.68     -6.11     -2.34     -0.52  0.0  0.0  0.0  0.0  0.0
                                4000_story_3922_llm_free.txt 35.0  4.5 3634
 13.8  3.9  8.8 37.4  7.2  0.8  2.8  0.6 10.2 20.6  0.8  0.8  0.6  6.3  1.9
  0.3  2.8  4.1  9.1  1.4  1.4265.5 86.4 33.6126.3 60.0 12.7  9.9  0.0  0.0
  0.0  1.4 28.6  6.9 13.8 30.8  3.9  1.4  1.7  2.5  1.4  1.4  2.2  5.8  0.3
  3.3  7.4  0.8  2.8  3.6  6.9 21.2  9.4  4.1  0.0 64.4 77.3  1.4172.5  7.4
  0.8  0.0  0.0  0.0  0.0  0.0  0.0  0.0  0.0  0.0  0.0  0.0  0.0  0.0  0.0
  0.0  0.0  0.0  1.4  0.3  1.1  2.5  0.0  0.0  0.0  0.0  0.0  0.0  0.0  0.6
  0.0  1.4  0.0  0.3  0.0  0.0  0.0  0.0  0.0  0.0  0.0  0.0  0.8  1.7  0.0
  5.2  0.0  0.0  5.2  2.2  0.0  2.2  2.5  0.0  0.0  0.0  0.0  0.0  0.0  0.0
  0.0  0.0  0.3  0.0  0.0  0.0  0.0  6.9  2.2  0.8  5.8 23.1  8.0  5.0 16.8
  1.4  1.9  1.7  3.9  0.0  0.3  0.3 43.5 14.9 19.3  1.4  7.7 14.0 10.7  0.0
      1.16      5.36     -4.29     -3.41     -0.10  0.6  0.0  0.0  0.0  0.0
                                4000_story_3923_llm_free.txt 35.0  4.5 3440
 20.1  6.4  3.5 29.4  7.8  0.3  2.3  0.0 12.2 20.6  0.9  1.2  1.2  6.4  0.0
  0.6  0.9  6.1 12.5  1.2  2.0274.1 83.4 31.4124.1 61.0 14.5  7.0  0.0  0.9
  0.0  2.0 17.7  9.6 12.8 30.8  6.4  2.6  3.5  0.9  0.0  3.2  2.9  5.2  0.3
  6.1  3.2  0.6  2.0  3.5  8.7 19.8 11.6  2.0  0.9 63.1 81.1  0.6171.5  7.3
  0.6  0.0  0.0  0.0  0.0  0.0  0.0  0.0  0.0  0.0  0.0  0.0  0.0  0.0  0.0
  0.0  0.0  0.0  2.9  0.0  3.8  0.6  0.3  0.0  0.0  0.0  0.0  0.0  0.0  0.6
  0.0  0.9  1.2  0.3  0.0  0.3  0.3  0.0  0.0  0.3  0.0  0.0  1.7  0.6  0.0
  7.3  0.3  0.0  7.6  2.9  0.6  3.8  2.3  0.0  0.0  0.0  0.0  0.0  0.0  0.0
  0.0  0.6  0.6  0.0  0.0  0.0  0.0 16.9  1.7  4.4  7.8 27.0  8.4  8.1 14.5
  4.7  4.1  2.0  2.0  0.0  0.3  0.0 43.3 15.7 21.5  1.7  5.2  9.9  5.5  0.0
     -1.08      5.16     -4.86     -3.18      1.18  0.0  0.0  0.0  0.0  0.0
                                4000_story_3924_llm_free.txt 35.3  4.7 2658
 18.4  5.6  2.3 24.5  3.4  0.0  0.8  0.0  3.8 20.7  0.4  0.0  0.8  6.0  0.4
  0.0  0.8  6.4  9.8  0.4  0.8294.2 97.8 26.0129.0 53.0  8.7 11.3  0.0  0.4
  0.0  1.9 39.1  9.4 11.3 24.8  4.1  0.8  0.8  0.0  1.1  1.1  2.3  6.4  0.8
  7.1  3.8  4.1  3.0  1.9  8.3 15.4 14.3  1.1  0.4 54.9 60.2  0.8169.3  7.1
  1.1  0.0  0.0  0.0  0.0  0.0  0.0  0.0  0.0  0.0  0.0  0.0  0.0  0.0  0.0
  0.0  0.0  0.0  7.5  0.8  1.9  0.4  0.0  0.0  0.0  0.0  0.0  0.0  0.0  0.4
  0.0  2.3  0.4  0.0  0.0  0.0  0.0  0.0  0.0  0.0  0.0  0.0  1.1  0.8  0.0
 10.5  0.0  0.0 10.5  3.0  0.0  3.0  1.9  0.0  0.0  0.0  0.0  0.0  0.0  0.0
  0.0  0.8  0.0  0.0  0.0  0.0  0.0 11.7  2.6  0.8  5.3 22.2  4.5  5.6 17.3
  0.0  1.1  1.9  1.9  0.4  1.5  0.8 36.1 17.3 19.9  1.9  6.4  7.9  8.3  0.0
     -7.04      4.63     -2.84     -5.19      1.64  0.4  0.0  0.4  0.0  0.0
                                4000_story_3925_llm_free.txt 37.0  4.6 3400
 12.9  2.4  3.5 47.9  7.4  0.9  3.2  0.6  8.5 18.5  0.9  0.9  0.0  4.7  0.0
  0.3  1.8  4.7 12.4  1.8  1.5286.8 81.5 36.5112.1 45.0 13.5  9.7  0.0  0.9
  0.0  1.5 31.8  6.2 16.8 29.7  5.9  3.8  2.9  1.5  0.9  2.9  3.5  7.6  0.3
  9.4  6.5  0.3  2.6  5.3  9.4 22.6 17.4  3.5  0.9 69.4 60.9  1.5178.5  4.1
  1.2  0.0  0.0  0.0  0.0  0.0  0.0  0.0  0.0  0.0  0.0  0.0  0.0  0.0  0.0
  0.0  0.0  0.0  1.5  0.0  1.2  0.0  0.0  0.0  0.0  0.0  0.0  0.0  0.0  0.6
  0.3  0.6  0.3  0.0  0.0  0.0  0.0  0.6  0.0  0.0  0.3  0.0  1.2  0.9  0.0
  2.6  0.0  0.0  2.6  1.8  0.6  2.4  2.4  0.0  0.0  0.0  0.0  0.0  0.0  0.0
  0.3  0.6  0.0  0.0  0.0  0.0  0.0  7.6  1.8  1.2  4.7 30.9  6.8  3.8 26.5
  2.1  1.8  2.6  1.8  0.3  2.1  0.9 29.4 17.9 19.1  0.6  9.1  9.7  7.9  0.0
     -3.15      4.36     -4.22     -2.48      3.00  0.3  0.0  0.0  0.0  0.0
                                4000_story_3926_llm_free.txt 36.8  4.4 3628
 15.4  5.5  5.0 45.2 13.8  1.4  5.0  0.8 16.8 14.3  0.8  0.3  0.0  5.8  0.6
  0.3  3.0  6.1  8.5  1.1  0.6252.5 87.7 31.1129.5 65.6  9.4 13.0  0.3  0.6
  0.0  2.8 20.4  7.7 12.1 30.3  4.7  5.2  3.0  1.4  0.8  0.8  3.3  4.1  0.0
  5.5  4.7  1.7  3.3  4.1 12.1 17.6  9.6  4.1  0.8 57.6 96.2  4.4191.0  4.7
  0.8  0.0  0.0  0.0  0.0  0.0  0.0  0.0  0.0  0.0  0.0  0.0  0.0  0.0  0.0
  0.0  0.0  0.0  2.2  1.7  1.7  1.4  0.3  0.0  0.0  0.0  0.0  0.0  0.0  0.6
  0.0  0.6  0.8  0.3  0.0  0.0  0.3  0.0  0.0  0.0  0.3  0.0  2.8  1.1  0.0
  6.9  0.3  0.0  7.2  2.2  0.3  2.5  4.1  0.0  0.0  0.0  0.0  0.0  0.0  0.0
  0.3  0.3  0.0  0.0  0.0  0.0  0.0 12.1  1.7  2.5  6.9 34.2  2.5 10.7 19.8
  3.6  0.8  1.1  4.4  0.0  1.7  0.3 42.4 19.0 16.8  2.5  5.5 10.5 11.0  0.0
      1.34      5.65     -3.65     -3.03      0.85  0.3  0.0  0.0  0.0  0.0
                                4000_story_3927_llm_free.txt 34.0  4.5 3742
 17.1  5.6  1.6 32.3  8.0  0.8  1.9  0.5 13.1 20.0  0.3  0.3  0.3  5.1  0.5
  1.3  0.8  3.5 11.8  0.5  2.4265.1 90.1 24.9120.0 56.4 14.7  8.8  0.0  0.3
  0.3  2.4 25.1  8.3 17.1 28.9  5.1  2.7  1.3  1.3  1.3  0.8  2.7  6.1  0.5
  7.7  5.6  0.8  2.1  4.0  7.5 21.4 14.4  1.3  0.5 59.3 77.5  0.8171.3  5.3
  1.9  0.0  0.0  0.0  0.0  0.0  0.0  0.0  0.0  0.0  0.0  0.0  0.0  0.0  0.0
  0.0  0.0  0.0  2.7  0.8  2.7  1.3  0.0  0.0  0.0  0.0  0.0  0.0  0.0  0.3
  0.3  0.8  0.5  0.5  0.0  0.0  0.0  0.0  0.0  0.0  0.0  0.0  1.1  0.5  0.0
  7.5  0.0  0.0  7.5  2.4  0.0  2.4  1.6  0.0  0.0  0.0  0.0  0.0  0.0  0.0
  0.0  0.3  0.0  0.0  0.0  0.0  0.0  8.0  3.5  1.1  5.9 25.4  4.3  5.6 11.5
  0.5  1.9  2.7  1.3  0.0  0.8  0.3 43.0 12.8 17.9  2.4  6.7 11.0  8.3  0.0
     -3.70      5.19     -5.05     -3.97      1.89  0.0  0.3  0.0  0.0  0.0
                                4000_story_3928_llm_free.txt 38.8  4.8 3238
 14.2  2.8  8.0 39.5  8.0  0.6  2.8  1.5 10.8 19.8  1.2  0.9  0.3  5.3  0.6
  0.0  1.5  2.8  6.8  0.9  1.9289.7 94.2 41.4116.1 46.0 13.3  8.3  0.3  1.5
  0.3  1.2 33.0  8.3 13.9 25.0  7.4  4.9  3.7  0.9  1.5  2.2  1.5  4.9  0.6
  7.1  4.9  1.5  1.2  4.9  9.3 14.8 12.7  2.5  2.2 70.1 64.9  1.2175.7  4.9
  2.2  0.0  0.0  0.0  0.0  0.0  0.0  0.0  0.0  0.0  0.0  0.0  0.0  0.0  0.0
  0.0  0.0  0.0  1.9  0.0  2.2  1.5  0.0  0.0  0.0  0.0  0.0  0.0  0.3  0.9
  0.3  1.9  0.9  0.3  0.0  0.0  0.0  0.0  0.0  0.0  0.3  0.0  0.6  0.3  0.0
  5.6  0.0  0.3  5.9  4.3  0.0  4.3  1.2  0.0  0.0  0.0  0.0  0.0  0.0  0.0
  0.0  0.6  0.0  0.0  0.0  0.0  0.0  5.3  2.8  1.5 10.5 30.3  2.2  7.1 18.8
  1.9  1.2  1.5  2.5  0.0  0.6  0.6 27.8 17.0 18.8  2.8 10.8  9.9  8.0  0.0
     -5.84      4.24     -2.93     -2.21      0.85  0.3  0.0  0.0  0.0  0.0
                                4000_story_3929_llm_free.txt 34.3  4.3 3080
 15.3  5.2  8.8 34.7 17.5  1.3  1.0  1.0 23.4 19.2  0.3  1.0  1.0  4.9  0.3
  0.0  1.0  6.8  6.2  1.0  1.0244.5 89.6 25.0140.3 71.8 19.5  8.4  0.3  2.6
  0.0  1.6 14.9  9.1 14.9 26.3  7.8  3.6  1.9  1.3  1.3  1.6  1.9  4.2  0.0
  2.3  8.8  0.6  2.3  3.2 11.7 18.8  6.5  1.9  2.9 48.1112.7  1.6191.6  9.7
  0.6  0.0  0.0  0.0  0.0  0.0  0.0  0.0  0.0  0.0  0.0  0.0  0.0  0.0  0.0
  0.0  0.0  0.0  2.9  0.0  2.3  2.3  0.0  0.0  0.0  0.0  0.0  0.0  0.0  1.3
  0.6  2.6  0.6  0.6  0.0  0.0  0.0  0.0  0.0  0.0  0.0  0.0  2.9  0.3  0.0
  7.5  0.0  0.0  7.5  5.8  0.0  5.8  3.2  0.0  0.0  0.0  0.0  0.0  0.0  0.0
  0.3  0.3  0.0  0.0  0.0  0.0  0.0  7.5  1.9  0.6  6.2 36.0  2.3  7.8  9.1
  2.3  2.6  1.3  2.6  0.0  0.6  0.3 45.8 17.2 21.1  1.9  8.8 11.0 10.4  0.0
     -1.41      7.38     -4.38     -3.27     -1.04  0.0  0.0  0.0  0.0  0.0
                                4000_story_3930_llm_free.txt 38.8  4.6 2837
 16.2  3.9  4.2 43.0  9.5  0.0  3.5  1.8  7.0 19.4  0.0  0.4  0.4  4.2  0.0
  0.4  2.1  5.3  8.1  0.7  1.4290.4 90.2 34.2110.7 56.4 11.3  5.6  0.4  1.4
  0.4  2.5 28.9  5.3 12.0 30.0  4.2  2.1  2.8  1.1  1.1  2.1  1.8  4.9  0.0
  8.1  4.6  0.7  2.8  2.5  8.5 16.6 13.0  2.8  2.1 63.1 73.0  2.1168.8  6.7
  1.1  0.0  0.0  0.0  0.0  0.0  0.0  0.0  0.0  0.0  0.0  0.0  0.0  0.0  0.0
  0.0  0.0  0.0  1.1  1.4  2.1  0.7  0.0  0.0  0.0  0.0  0.0  0.0  0.0  0.0
  0.0  1.4  0.4  0.4  0.0  0.4  0.0  0.0  0.0  0.4  0.0  0.0  4.2  0.4  0.0
  5.3  0.0  0.0  5.3  2.1  0.4  2.8  4.6  0.0  0.0  0.0  0.0  0.0  0.0  0.0
  0.0  0.7  0.0  0.0  0.0  0.0  0.0 14.5  4.6  3.5  7.0 24.7  4.2  6.3  6.7
  1.4  1.1  2.5  3.9  0.0  1.1  0.0 30.0 14.1 19.4  2.8  9.2  7.8  9.2  0.0
     -4.39      3.63     -1.61     -3.36      0.84  0.4  0.0  0.0  0.4  0.0
                                4000_story_3934_llm_free.txt 37.8  4.4 3245
 16.0  6.8  8.6 38.2 12.0  0.9  1.8  0.3 14.2 18.8  0.3  0.9  0.3  4.9  0.0
  0.3  2.2  5.2  8.3  1.5  0.9264.4 83.2 35.1122.3 74.0 14.2  9.6  0.0  0.3
  0.0  1.8 19.1  8.0 15.4 25.6  6.2  6.2  2.2  1.5  1.8  1.8  4.0  6.5  0.0
  4.9  4.0  1.2  2.2  3.7 13.3 16.6 11.4  3.7  0.3 67.5100.2  1.8175.3  6.2
  0.3  0.0  0.0  0.0  0.0  0.0  0.0  0.0  0.0  0.0  0.0  0.0  0.0  0.0  0.0
  0.0  0.0  0.0  4.6  1.2  2.2  0.6  0.3  0.0  0.0  0.0  0.0  0.0  0.0  1.2
  0.0  1.2  0.3  0.3  0.0  0.0  0.3  0.0  0.0  0.0  0.0  0.0  2.2  0.6  0.0
  8.6  0.3  0.0  8.9  3.1  0.3  3.4  2.8  0.0  0.0  0.0  0.0  0.0  0.0  0.0
  0.0  0.3  0.0  0.0  0.0  0.0  0.0  8.3  1.8  4.3  7.7 33.0  6.8  8.3  6.8
  1.2  2.8  3.4  4.0  0.0  0.3  0.0 39.4 18.5 25.9  0.3  8.0 10.5  5.9  0.0
     -0.78      6.08     -5.13     -2.12      1.45  0.3  0.0  0.3  0.0  0.0
                                4000_story_3936_llm_free.txt 35.8  4.5 3252
 17.5  4.3  7.7 35.4  6.5  0.3  2.8  2.5 14.1 16.9  0.0  0.3  0.3  4.6  0.3
  0.0  1.5  4.0 12.3  0.9  1.2282.9 80.9 31.1121.2 60.3 16.3 11.7  0.0  0.0
  0.0  1.5 30.1  7.7 16.9 30.1  6.8  2.2  4.0  1.5  1.5  3.4  3.7  7.7  0.3
  6.5  5.2  1.5  4.0  4.3  7.7 20.9 14.5  2.5  0.0 56.3 80.9  1.5178.4  8.0
  0.9  0.0  0.0  0.0  0.0  0.0  0.0  0.0  0.0  0.0  0.0  0.0  0.0  0.0  0.0
  0.0  0.0  0.0  3.4  0.9  1.5  0.3  0.0  0.0  0.0  0.0  0.0  0.0  0.0  0.3
  0.3  1.8  0.6  0.3  0.0  0.0  0.0  0.0  0.0  0.3  0.0  0.0  2.8  0.6  0.0
  6.2  0.0  0.0  6.2  3.4  0.0  3.7  3.4  0.0  0.0  0.0  0.0  0.0  0.0  0.0
  0.0  0.0  0.3  0.0  0.0  0.0  0.0 11.4  1.8  1.5  9.8 31.1  3.7  7.4 25.8
  1.2  1.5  1.8  1.8  0.3  0.3  0.0 32.6 21.5 21.8  0.9  8.6 11.4  9.2  0.0
     -3.35      6.23     -5.25     -2.02      2.16  0.3  0.0  0.0  0.3  0.0
                                4000_story_3937_llm_free.txt 33.8  4.4 3052
 13.8  2.3  8.2 31.1 14.4  1.0  1.3  1.3 16.7 11.1  0.3  1.3  0.7  3.9  1.0
  0.3  0.7  2.3 11.5  0.7  3.6252.9 87.2 28.2133.4 68.8 16.4  9.5  0.0  0.3
  0.0  1.0 18.3  9.5 13.4 35.1  6.9  0.7  1.0  1.6  2.0  1.6  6.2  3.3  0.0
  3.3  7.9  0.7  3.9  4.3  4.9 23.3  6.6  1.3  0.3 60.3 99.9  1.6182.5  5.6
  1.3  0.0  0.0  0.0  0.0  0.0  0.0  0.0  0.0  0.0  0.0  0.0  0.0  0.0  0.0
  0.0  0.0  0.0  0.7  0.7  2.0  1.0  0.0  0.0  0.0  0.0  0.0  0.0  0.0  0.0
  0.7  0.7  0.7  1.0  0.0  0.3  0.0  0.0  0.0  0.0  0.0  0.0  2.9  1.3  0.0
  4.3  0.0  0.0  4.3  2.9  0.3  3.3  4.3  0.0  0.0  0.0  0.0  0.0  0.0  0.0
  0.3  1.0  0.0  0.0  0.0  0.3  0.3  9.8  2.0  0.7  6.6 33.1  0.7  8.8 16.4
  4.3  1.0  3.3  1.6  0.0  0.3  0.0 36.0 18.0 21.0  1.6  6.2 18.3 10.8  0.0
     -4.38      6.63     -5.88     -3.80      1.82  0.0  0.0  0.0  0.0  0.0
                                4000_story_3938_llm_free.txt 35.0  4.5 3101
 13.9  5.2  4.2 35.1  5.8  0.6  0.6  1.0  8.1 24.8  0.6  0.3  0.0  4.8  0.3
  0.6  2.3  1.9  9.0  1.0  1.0285.7 87.4 36.1130.6 48.0 11.6 11.9  1.3  0.6
  0.0  2.3 21.0  7.1 11.9 29.0  2.9  1.9  2.3  1.3  0.6  3.9  2.6  5.5  0.3
  5.8  5.2  1.6  1.9  5.5  4.5 18.1 11.6  3.2  1.9 70.6 61.9  1.0180.3  5.2
  1.6  0.0  0.0  0.0  0.0  0.0  0.0  0.0  0.0  0.0  0.0  0.0  0.0  0.0  0.0
  0.0  0.0  0.0  3.9  0.3  1.9  1.0  0.0  0.0  0.0  0.0  0.0  0.0  0.0  0.3
  0.3  1.3  0.3  0.0  0.0  0.0  0.0  0.0  0.0  0.6  0.3  0.0  3.9  0.6  0.0
  7.1  0.0  0.0  7.1  2.3  0.0  2.9  4.8  0.0  0.0  0.0  0.0  0.0  0.0  0.0
  0.3  0.0  0.0  0.0  0.0  0.0  0.0  7.4  0.3  0.3 12.9 45.1  3.5  3.5 11.9
  1.6  0.3  1.3  3.5  0.0  1.0  0.0 31.0 18.7 17.7  1.3  9.0  9.7 11.9  0.0
     -4.14      5.15     -2.84     -2.97      0.94  0.0  0.3  0.0  0.0  0.0
                                4000_story_3940_llm_free.txt 33.0  4.5 3006
 16.0  4.0  5.7 43.2  8.6  1.7  2.3  1.0 11.6 14.0  0.3  1.0  0.7  5.7  0.7
  0.3  1.3  5.3  9.0  2.0  1.0262.1 83.8 30.9126.7 59.9 12.6 11.3  0.0  0.7
  0.3  3.7 18.6  5.0 11.3 32.6  6.3  1.0  1.3  0.7  1.0  2.0  5.3  4.0  1.0
  3.0  5.7  0.7  2.7  4.3  7.3 20.0  8.0  3.3  1.0 67.9 80.2  1.7184.3  8.3
  2.0  0.3  0.0  0.0  0.0  0.0  0.0  0.0  0.0  0.0  0.0  0.0  0.0  0.0  0.0
  0.0  0.0  0.0  1.7  0.3  2.3  1.3  0.3  0.0  0.0  0.0  0.0  0.0  0.0  0.3
  0.0  0.3  0.7  0.7  0.0  0.0  0.0  0.0  0.0  0.3  0.0  0.3  3.7  0.7  0.0
  5.7  0.3  0.0  6.0  2.0  0.0  2.3  4.7  0.0  0.0  0.0  0.0  0.0  0.0  0.0
  0.0  1.0  0.0  0.0  0.0  0.0  0.0 10.6  5.0  1.7  5.7 24.6  4.7 11.0 11.0
  3.7  2.3  2.3  3.3  0.0  1.3  0.3 41.9 18.0 18.0  1.3 12.6 14.0 10.3  0.0
     -1.60      5.63     -2.35     -4.36      2.04  0.3  0.0  0.3  0.0  0.0
                                4000_story_3942_llm_free.txt 38.3  4.5 3218
 17.4  4.0  4.4 41.0 14.3  0.0  2.5  1.6 16.8 18.6  0.0  2.2  0.3  6.2  1.2
  0.6  0.3  6.5  9.3  0.0  0.3248.9 83.6 24.2115.9 71.2 12.1  7.1  0.0  0.6
  0.3  1.9 22.1  8.4 11.2 34.8  5.9  5.6  2.5  0.6  0.9  1.9  4.7  3.7  0.0
  4.7  6.5  0.3  2.8  3.7 13.1 20.5  8.4  0.3  0.9 63.7102.2  2.8176.2  8.7
  1.9  0.0  0.0  0.0  0.0  0.0  0.0  0.0  0.0  0.0  0.0  0.0  0.0  0.0  0.0
  0.0  0.0  0.0  1.9  0.9  1.2  0.9  0.0  0.0  0.0  0.0  0.0  0.0  0.0  0.0
  0.3  1.6  0.9  0.6  0.0  0.0  0.0  0.3  0.3  0.3  0.0  0.3  2.2  0.9  0.0
  5.0  0.0  0.0  5.0  3.4  0.6  4.4  3.4  0.0  0.0  0.0  0.0  0.0  0.0  0.0
  0.0  0.3  0.3  0.0  0.0  0.0  0.0 11.5  3.1  5.3  5.0 20.8  5.3  4.0  8.4
  1.6  2.2  2.2  1.9  0.3  0.6  0.0 37.0 16.5 23.6  3.1 14.3 12.1  7.8  0.0
     -2.09      4.90     -3.88     -3.00      1.36  0.3  0.0  0.3  0.0  0.0
                                4000_story_3944_llm_free.txt 35.5  4.3 4152
 18.1  5.1 10.1 57.3 14.5  1.9  1.4  0.7 17.6 21.4  0.5  1.0  0.2  5.5  0.2
  0.2  1.4  7.5 11.3  1.2  0.5252.2 74.7 24.3104.5 76.3 11.3  9.6  0.0  0.5
  0.7  2.2 18.1  6.7 10.1 26.0  9.2  5.8  3.1  2.6  1.7  1.9  3.6  6.0  0.5
  5.5  6.5  1.9  3.4  5.5 14.9 23.6 12.0  2.6  1.2 56.4108.4  3.1181.4  6.7
  1.2  0.0  0.0  0.0  0.0  0.0  0.0  0.0  0.0  0.0  0.0  0.0  0.0  0.0  0.0
  0.0  0.0  0.0  2.4  1.0  1.9  2.2  0.0  0.0  0.0  0.0  0.0  0.0  0.0  0.0
  0.5  2.4  1.7  0.5  0.0  0.0  0.0  0.0  0.0  0.7  0.0  0.2  2.4  0.5  0.0
  7.5  0.0  0.0  7.5  5.1  0.0  5.8  3.1  0.0  0.0  0.0  0.0  0.0  0.0  0.0
  0.2  0.7  0.2  0.0  0.0  0.0  0.0 22.9  3.4  3.4  9.4 21.4  2.2 11.8  8.7
  0.2  1.4  2.6  2.4  0.0  1.2  0.0 34.7 19.7 25.5  3.1  6.5 12.3  7.9  0.0
      2.24      5.06     -2.45     -1.44      1.70  0.0  0.0  0.0  0.2  0.0
                                4000_story_3945_llm_free.txt 35.8  4.5 3242
 14.2  3.4  5.9 35.8  6.8  0.3  1.9  0.3  8.6 18.8  0.9  0.9  0.6  7.7  0.0
  0.3  1.5  3.4 10.5  0.6  1.2262.2 88.2 23.1116.3 61.4 17.3  6.5  0.3  0.6
  0.3  1.5 20.0 10.2 12.0 33.6  6.5  3.7  1.9  0.9  2.2  3.4  3.1  3.1  0.3
  5.9  4.6  0.3  2.8  3.7  9.3 18.5  9.3  2.2  1.2 65.4 76.8  3.1173.7  7.7
  1.9  0.3  0.0  0.0  0.0  0.0  0.0  0.0  0.0  0.0  0.0  0.0  0.0  0.0  0.0
  0.0  0.0  0.0  2.5  0.0  1.2  0.3  0.3  0.0  0.0  0.0  0.0  0.0  0.0  1.2
  0.0  0.6  0.3  0.0  0.0  0.0  0.0  0.0  0.0  0.3  0.0  0.0  4.6  0.9  0.0
  4.0  0.3  0.0  4.3  2.2  0.0  2.5  5.6  0.0  0.0  0.0  0.0  0.0  0.0  0.0
  0.0  0.6  0.0  0.0  0.0  0.0  0.0  5.9  1.9  0.3  7.7 31.5  4.3  6.2 17.0
  0.9  0.6  1.5  1.5  0.0  2.5  0.0 37.0 14.5 19.7  2.5  9.3 14.5 11.7  0.0
     -2.78      5.35     -4.65     -2.32      0.90  0.6  0.0  0.0  0.3  0.0
                                4000_story_3947_llm_free.txt 34.5  4.4 3151
 20.9  6.0  8.3 44.7 10.2  0.3  2.5  0.6 10.2 18.4  1.3  0.3  0.0  4.1  0.3
  0.0  1.3  4.8  8.3  1.0  2.5261.5 81.6 31.7128.5 65.7 14.9 11.1  0.3  1.3
  0.0  2.5 19.4  7.6 17.1 31.1  5.7  2.9  2.5  1.6  1.9  1.9  4.1  4.1  0.6
  2.9  4.8  1.0  4.1  6.0  9.5 17.5  7.6  2.2  1.6 60.9 86.0  1.3184.4  6.7
  2.5  0.0  0.0  0.0  0.0  0.0  0.0  0.0  0.0  0.0  0.0  0.0  0.0  0.0  0.0
  0.0  0.0  0.0  2.5  0.6  1.0  1.6  0.0  0.0  0.0  0.0  0.0  0.0  0.0  0.0
  0.0  1.3  1.3  0.0  0.0  0.0  0.0  0.0  0.0  0.6  0.0  0.0  1.3  0.6  0.0
  5.7  0.0  0.0  5.7  2.5  0.0  3.2  1.9  0.0  0.0  0.0  0.0  0.0  0.0  0.0
  0.0  0.3  0.0  0.0  0.0  0.0  0.0 15.9  2.5  1.0  8.3 27.6  4.4  3.5 20.0
  1.9  1.0  1.9  3.8  0.0  1.0  0.0 38.4 20.0 22.8  1.3  9.2 11.4  9.2  0.0
     -2.54      6.35     -4.90     -2.72      0.99  0.6  0.0  0.0  0.0  0.0
                                4000_story_3948_llm_free.txt 34.0  4.6 4087
 16.1  4.4  5.4 37.9 10.3  0.7  2.4  0.5 17.1 21.5  0.2  1.5  0.5  6.4  0.0
  0.0  1.7  5.4  8.8  1.0  1.5275.5 82.9 25.4121.8 59.0 12.7 10.3  0.0  1.7
  0.0  1.2 22.5  9.3 12.0 27.9  7.1  2.7  3.4  2.0  1.7  1.5  1.7  3.7  0.5
  3.2  6.6  1.2  2.4  2.7  9.8 20.1  7.3  2.7  1.7 54.3 86.4  2.0175.4  7.6
  2.0  0.0  0.0  0.0  0.0  0.0  0.0  0.0  0.0  0.0  0.0  0.0  0.0  0.0  0.0
  0.0  0.0  0.0  3.2  0.0  2.2  1.7  0.0  0.2  0.0  0.0  0.0  0.0  0.2  1.0
  0.2  0.7  1.2  1.0  0.0  0.0  0.0  0.2  0.0  0.0  0.0  0.0  1.5  0.0  0.0
  7.1  0.2  0.2  7.6  4.2  0.2  4.4  1.5  0.0  0.0  0.0  0.0  0.0  0.0  0.0
  0.0  0.2  0.2  0.0  0.0  0.0  0.0  9.8  3.4  2.9  5.4 24.2  4.6  7.6  7.8
  0.7  1.5  1.5  3.2  0.2  1.0  0.2 36.7 18.4 20.6  1.5  6.4 12.0  7.3  0.0
     -1.13      5.25     -3.92     -2.57     -0.60  0.2  0.0  0.0  0.2  0.0
                                4000_story_3957_llm_free.txt 34.3  4.6 3245
 10.8  2.2  1.5 13.6  0.9  0.6  0.6  0.9  2.2 17.6  0.0  0.6  0.9  4.6  0.0
  0.0  0.0  2.2  8.0  0.3  0.9283.5100.2 38.8119.6 57.3 17.6  4.3  0.0  0.3
  0.0  2.8 19.7  9.6 16.3 29.0  4.9  1.2  0.6  0.9  0.6  1.8  2.2  4.3  0.0
  5.2  5.5  0.9  3.1  3.1  4.0 17.9  9.6  0.3  0.3 79.5 60.4  0.0151.3  7.1
  0.9  0.0  0.0  0.0  0.0  0.0  0.0  0.0  0.0  0.0  0.0  0.0  0.0  0.0  0.0
  0.0  0.0  0.0  0.9  0.6  0.6  0.9  0.0  0.0  0.0  0.0  0.0  0.0  0.0  0.0
  0.0  0.6  1.8  0.3  0.0  0.0  0.0  0.0  0.0  0.0  0.3  0.0  1.5  0.3  0.0
  3.1  0.0  0.0  3.1  2.8  0.0  2.8  2.2  0.0  0.0  0.0  0.0  0.0  0.0  0.0
  0.3  0.3  0.0  0.0  0.0  0.0  0.0 13.6  1.2  0.3  8.9 31.7  9.6  4.3  8.0
  4.6  1.2  2.5  4.6  0.3  0.6  0.0 37.3 10.8 14.2  0.9  6.8 12.0  7.4  0.0
    -12.90      4.93     -5.65     -4.66      0.07  0.3  0.0  0.0  0.0  0.0
                                4000_story_3958_llm_free.txt 38.0  4.6 3289
 12.2  3.3  0.9 42.0  9.4  1.2  0.9  0.3 15.8 15.2  0.0  1.8  0.3  3.6  0.0
  0.3  2.1  3.0 10.0  1.2  1.5300.4 82.7 31.3123.4 47.4 11.9 11.2  0.6  0.6
  0.3  1.5 28.6  4.9 11.9 36.8  6.4  1.5  2.1  0.9  2.1  1.2  2.7  7.6  0.3
  5.5  3.6  0.9  1.8  4.3  6.7 17.9 13.4  3.3  1.5 53.2 72.7  2.4181.2  2.7
  1.2  0.0  0.0  0.0  0.0  0.0  0.0  0.0  0.0  0.0  0.0  0.0  0.0  0.0  0.0
  0.0  0.0  0.0  2.7  0.6  1.8  0.6  0.0  0.0  0.0  0.0  0.0  0.0  0.0  0.3
  0.3  1.2  0.9  0.6  0.0  0.0  0.0  0.0  0.0  0.6  0.3  0.3  2.4  0.3  0.0
  5.8  0.0  0.0  5.8  3.3  0.0  4.0  3.3  0.0  0.0  0.0  0.0  0.0  0.0  0.0
  0.0  1.2  0.3  0.0  0.0  0.0  0.3 20.1  2.7  1.2 10.6 30.1  5.5  3.6 15.2
  0.3  0.3  4.0  3.0  0.3  1.2  0.3 35.3 19.2 14.6  1.2 11.6 10.0  8.8  0.0
     -4.79      4.80     -2.51     -3.64      1.23  0.9  0.0  0.0  0.3  0.0
                                4000_story_3972_llm_free.txt 33.8  4.5 3879
 18.8  7.5 10.3 40.0 15.5  0.3  2.3  0.3 20.6 19.3  0.0  1.8  0.5  4.4  1.0
  0.5  0.3  3.4  8.5  1.8  2.6263.0 84.6 26.3124.8 62.4 18.6 11.9  0.0  1.3
  0.0  1.3 28.1 11.9 14.7 32.0  5.4  3.4  2.6  1.3  1.3  1.3  3.9  4.4  0.5
  5.4  6.2  1.5  3.4  4.6  8.0 19.1 10.3  2.1  1.3 58.8 98.5  2.1181.2  6.7
  1.5  0.0  0.0  0.0  0.0  0.0  0.0  0.0  0.0  0.0  0.0  0.0  0.0  0.0  0.0
  0.0  0.0  0.0  2.6  0.3  4.4  1.8  0.0  0.0  0.0  0.0  0.0  0.0  0.0  0.0
  0.0  1.5  0.8  0.0  0.0  0.0  0.0  0.5  0.3  0.3  0.0  0.3  1.8  1.0  0.0
  9.0  0.0  0.0  9.0  2.3  0.8  3.4  3.1  0.0  0.0  0.0  0.0  0.0  0.0  0.0
  0.0  0.5  0.0  0.0  0.0  0.0  0.3 15.2  1.8  0.3  4.9 26.6  2.8  2.8 10.8
  1.5  2.1  1.8  2.1  0.0  1.0  0.5 38.2 19.6 22.9  2.3  7.2 10.6  7.0  0.0
     -1.09      6.92     -5.48     -3.26      1.60  0.8  0.0  0.0  0.0  0.0
                                4000_story_3973_llm_free.txt 36.8  4.6 3330
 16.5  6.0  6.3 41.7  6.9  0.9  2.1  1.2  9.6 21.9  0.0  1.2  0.9  5.4  0.9
  0.0  2.1  4.5  8.1  0.3  0.6287.1 84.1 30.3122.5 61.3 12.3 13.2  0.6  1.8
  0.3  0.9 20.4  7.8 12.3 28.8  5.7  3.0  2.7  0.9  1.8  1.5  0.6  5.4  0.0
  7.8  6.0  1.8  1.2  2.7  9.3 17.1 13.2  2.4  2.7 59.2 77.8  0.6187.4  7.2
  0.9  0.0  0.0  0.0  0.0  0.0  0.0  0.0  0.0  0.0  0.0  0.0  0.0  0.0  0.0
  0.0  0.0  0.0  3.0  0.6  3.3  0.9  0.0  0.0  0.0  0.0  0.0  0.0  0.0  0.3
  0.0  1.2  0.3  0.6  0.0  0.3  0.0  0.0  0.0  0.3  0.3  0.0  3.6  0.6  0.0
  7.8  0.0  0.0  7.8  2.4  0.3  3.0  4.5  0.0  0.0  0.0  0.0  0.0  0.0  0.0
  0.0  0.3  0.0  0.0  0.0  0.0  0.0 16.5  3.3  1.2  6.6 29.1  5.7 12.0  6.0
  1.2  0.9  2.4  1.5  0.3  1.5  0.0 34.2 21.0 24.3  1.8  9.6 10.2 12.9  0.0
     -2.17      5.84     -3.24     -3.15      0.09  0.0  0.0  0.0  0.0  0.0
                                4000_story_3975_llm_free.txt 34.3  4.6 3057
 10.5  2.0  8.2 33.7  6.2  0.3  3.9  1.0  4.9 21.3  0.7  0.3  0.0  4.6  0.0
  0.3  2.0  4.6  7.2  1.0  1.0288.5 92.6 26.2116.8 53.0 11.4  9.2  0.0  2.0
  0.0  0.3 26.2 11.1 17.7 33.0  5.2  2.3  3.6  0.7  0.7  1.3  1.6  3.3  0.3
  3.3  5.2  1.6  3.3  2.6  7.5 13.7  6.9  2.9  2.0 54.0 64.1  2.0169.1  9.8
  0.7  0.3  0.0  0.0  0.0  0.0  0.0  0.0  0.0  0.0  0.0  0.0  0.0  0.0  0.0
  0.0  0.0  0.0  1.0  0.3  2.3  1.0  0.0  0.3  0.0  0.0  0.3  0.0  0.0  0.3
  0.3  1.0  0.3  0.3  0.0  0.0  0.0  0.0  0.0  0.0  0.0  0.0  2.3  0.3  0.0
  4.6  0.3  0.3  5.2  2.3  0.0  2.3  2.6  0.0  0.0  0.0  0.0  0.0  0.0  0.0
  0.0  1.0  0.0  0.0  0.0  0.0  0.0  9.8  4.6  0.7  6.2 33.0  4.6  5.6  9.5
  3.3  1.3  1.3  2.9  0.0  0.3  0.3 36.0 16.0 15.0  1.3  6.9 13.7  8.5  0.0
     -5.54      4.37     -6.36     -3.77     -0.80  0.3  0.0  0.0  0.0  0.0
                                4000_story_3976_llm_free.txt 31.0  4.5 2996
 21.0  7.3  3.3 35.7  5.0  0.3  3.0  0.7  9.0 18.0  0.0  1.0  0.0  6.0  0.3
  0.3  1.3  4.0 13.0  1.0  0.7282.4 84.4 31.0119.8 55.4 15.0  9.0  0.0  0.7
  0.0  1.3 32.7  6.0 16.0 27.7  7.3  2.3  3.0  0.7  1.3  1.7  3.3  6.7  0.0
  6.3  4.0  0.7  1.0  3.7  7.7 20.0 13.0  2.3  0.7 57.4 69.4  1.3175.2  7.7
  1.3  0.3  0.0  0.0  0.0  0.0  0.0  0.0  0.0  0.0  0.0  0.0  0.0  0.0  0.0
  0.0  0.0  0.0  3.7  0.7  1.3  3.7  0.0  0.3  0.0  0.0  0.0  0.0  0.0  0.3
  0.7  0.7  0.3  0.3  0.3  0.0  0.0  0.0  0.0  0.3  0.7  0.0  1.0  0.3  0.0
  9.3  0.3  0.0  9.7  2.3  0.3  3.0  2.0  0.0  0.0  0.0  0.0  0.0  0.0  0.0
  0.3  1.3  0.0  0.0  0.3  0.0  0.3  7.3  2.7  0.7  8.0 39.7  3.7  8.0 16.4
  2.0  0.7  4.3  0.7  0.7  0.0  0.0 39.1 13.4 26.0  1.7  6.0  9.0  6.7  0.0
     -2.35      5.23     -3.93     -3.47      1.52  0.3  0.0  0.3  0.0  0.0
                                4000_story_3977_llm_free.txt 36.0  4.5 3240
 15.7  3.4  3.7 42.9  7.4  1.5  1.9  0.3 12.7 17.9  0.6  1.9  0.0  5.9  0.0
  0.3  2.2  4.3  8.3  1.9  1.9261.4 84.9 23.8118.5 57.7  9.3  4.9  0.0  0.6
  0.3  2.2 21.0  7.4 13.0 38.9  6.5  3.7  2.8  2.8  2.5  2.2  2.5  6.5  0.3
  4.0  4.3  0.3  1.5  5.6 10.5 19.4 10.8  4.0  0.9 61.1 77.8  1.5176.2  4.6
  2.2  0.3  0.0  0.0  0.0  0.0  0.0  0.0  0.0  0.0  0.0  0.0  0.0  0.0  0.0
  0.0  0.0  0.0  1.9  0.3  1.5  0.9  0.3  0.0  0.0  0.0  0.0  0.0  0.0  0.6
  0.0  0.6  0.0  0.3  0.0  0.0  0.0  0.0  0.0  0.6  0.0  0.0  1.5  0.3  0.0
  4.6  0.3  0.0  4.9  1.5  0.0  2.2  1.9  0.0  0.0  0.0  0.0  0.0  0.0  0.0
  0.3  0.3  0.0  0.0  0.0  0.0  0.0 10.5  4.6  0.0  7.4 35.5  5.9 15.4 12.0
  1.2  2.5  0.6  1.2  0.0  0.3  0.0 46.3 11.1 17.3  3.1  7.4 11.1 12.3  0.0
     -0.34      3.43     -4.32     -1.52      0.43  0.6  0.0  0.0  0.3  0.0
                                4000_story_3984_llm_free.txt 36.0  4.5 3374
 15.4  4.1  4.4 38.2 10.7  0.3  2.1  0.6 11.6 22.2  0.0  0.3  0.0  4.4  0.3
  0.0  3.0  3.0  9.8  0.6  2.7282.8 92.5 31.4118.9 61.6 12.7  8.9  0.3  0.3
  0.0  0.9 25.5  8.6 18.1 28.5  6.2  2.4  3.0  1.5  1.2  1.5  2.1  3.3  0.3
  4.4  5.3  1.8  3.0  3.6  6.5 17.8  8.0  3.6  0.6 61.9 83.9  2.7175.5  7.1
  1.5  0.0  0.0  0.0  0.0  0.0  0.0  0.0  0.0  0.0  0.0  0.0  0.0  0.0  0.0
  0.0  0.0  0.0  1.2  0.9  2.7  1.5  0.0  0.0  0.0  0.0  0.3  0.0  0.0  0.3
  0.3  0.9  0.3  0.9  0.0  0.0  0.0  0.0  0.3  0.0  0.0  0.0  3.0  0.3  0.0
  6.2  0.0  0.3  6.5  2.7  0.3  3.0  3.3  0.0  0.0  0.0  0.0  0.0  0.0  0.0
  0.3  0.3  0.0  0.0  0.0  0.0  0.0  6.5  1.2  1.2  4.7 37.6  5.3  3.9 15.1
  0.3  1.5  3.0  3.6  0.0  0.9  0.3 37.0 18.7 19.6  2.1  8.3 14.2 10.7  0.0
     -2.27      5.02     -5.99     -3.25     -0.17  0.3  0.3  0.0  0.0  0.0
                                4000_story_3985_llm_free.txt 35.5  4.4 3354
 14.0  4.8  5.1 34.9  9.8  0.9  2.1  0.9 12.8 20.6  0.3  0.6  0.6  3.6  0.6
  0.3  1.8  6.3 10.1  1.2  1.2271.3 84.1 33.4120.8 56.1 12.8  8.6  0.0  1.2
  0.0  1.8 18.8  8.6 15.8 28.9  6.0  2.4  2.7  1.8  1.2  1.5  3.0  4.5  0.0
  3.9  6.0  0.9  3.6  3.3  9.8 20.3  8.3  3.0  1.2 61.7 78.7  0.9172.0  7.5
  0.6  0.0  0.0  0.0  0.0  0.0  0.0  0.0  0.0  0.0  0.0  0.0  0.0  0.0  0.0
  0.0  0.0  0.0  1.2  0.0  3.0  1.8  0.0  0.3  0.0  0.0  0.0  0.0  0.0  0.9
  0.0  0.9  0.6  0.3  0.0  0.0  0.0  0.3  0.0  0.0  0.0  0.3  2.1  0.0  0.0
  6.0  0.3  0.0  6.3  2.7  0.3  3.0  2.4  0.0  0.0  0.0  0.0  0.0  0.0  0.0
  0.0  0.6  0.0  0.0  0.0  0.0  0.0 12.2  1.8  2.1  7.5 36.7  3.9  5.7  8.6
  1.2  2.1  1.8  6.0  0.0  0.3  0.3 39.7 16.1 18.2  0.9  9.2 11.9  9.8  0.0
     -2.01      4.80     -5.22     -3.19      0.16  0.0  0.3  0.0  0.0  0.0
                                4000_story_3992_llm_free.txt 35.3  4.7 3349
 15.8  3.9  5.7 38.8 11.3  0.9  3.0  0.9  7.8 17.3  0.6  1.2  0.0  3.6  0.3
  1.2  1.5  3.0  9.0  0.6  0.3291.7 85.7 37.6122.1 55.8 10.7  6.9  0.0  1.2
  0.0  1.8 26.3  6.3 20.0 25.1  5.4  3.9  3.3  1.5  1.2  1.5  2.4  6.3  1.2
  5.7  2.7  1.2  1.5  3.6  8.1 16.1 13.1  2.1  1.2 62.1 74.9  1.2178.0  4.5
  1.8  0.0  0.0  0.0  0.0  0.0  0.0  0.0  0.0  0.0  0.0  0.0  0.0  0.0  0.0
  0.0  0.0  0.0  1.8  0.6  1.8  1.8  0.0  0.0  0.0  0.0  0.0  0.0  0.0  0.3
  0.3  0.3  1.2  0.3  0.0  0.0  0.0  0.3  0.0  0.3  0.3  0.0  2.4  0.9  0.0
  6.0  0.0  0.0  6.0  2.4  0.3  3.0  3.6  0.0  0.0  0.0  0.0  0.0  0.0  0.0
  0.3  0.6  0.0  0.0  0.0  0.0  0.0 12.2  3.6  0.0  9.6 37.9  3.3  6.6 17.0
  0.6  1.8  1.5  1.5  0.0  1.2  0.6 35.2 13.4 18.2  2.4 10.2 10.7  7.2  0.0
     -6.21      4.11     -5.04     -2.78      1.57  0.3  0.0  0.0  0.0  0.0
                                4000_story_3996_llm_free.txt 33.3  4.5 3270
 19.0  3.1  7.3 38.5 10.4  0.3  2.8  0.9 11.9 22.9  0.6  0.3  0.0  6.4  0.3
  0.6  1.2  3.1  8.3  0.9  1.8260.9 85.0 30.6125.4 60.2 11.9  8.6  0.0  1.5
  0.0  0.9 19.9  8.6 17.4 33.6  4.9  4.9  1.5  2.1  1.8  3.1  5.5  5.2  0.3
  2.8  7.0  1.8  1.8  3.4  9.8 18.7  8.3  2.1  1.5 63.9 82.6  1.8173.4  6.7
  0.9  0.0  0.0  0.0  0.0  0.0  0.0  0.0  0.0  0.0  0.0  0.0  0.0  0.0  0.0
  0.0  0.0  0.0  1.5  0.3  2.8  0.9  0.0  0.0  0.0  0.0  0.0  0.0  0.3  0.6
  0.0  0.6  1.5  0.6  0.0  0.0  0.0  0.0  0.0  0.0  0.0  0.0  1.8  0.9  0.0
  5.5  0.0  0.3  5.8  3.4  0.0  3.4  2.8  0.0  0.0  0.0  0.0  0.0  0.0  0.0
  0.0  0.6  0.3  0.0  0.0  0.0  0.0 15.6  0.9  1.5  4.9 28.7  4.9  2.8 17.1
  2.8  2.1  2.4  2.1  0.0  1.2  0.3 40.7 15.3 20.5  1.5  8.9 13.5 11.0  0.0
     -2.76      4.95     -6.03     -1.88      1.72  0.9  0.0  0.0  0.0  0.0
                                4000_story_4001_llm_free.txt 35.8  4.5 3619
 16.9  4.1  7.7 52.2 10.5  1.4  5.3  1.1 14.1 28.2  0.8  0.3  0.0  5.0  0.3
  0.0  1.1  5.0  9.4  0.8  1.7279.6 87.0 32.3108.3 47.3 11.9  9.1  0.3  1.4
  0.0  1.4 24.9  9.1 16.6 31.5  6.1  4.7  2.5  2.2  1.7  2.8  3.6  5.8  0.8
  6.1  5.3  0.8  3.6  1.9 11.3 18.5 12.7  1.9  1.7 55.5 71.8  2.8178.8  7.7
  1.1  0.0  0.0  0.0  0.0  0.0  0.0  0.0  0.0  0.0  0.0  0.0  0.0  0.0  0.0
  0.0  0.0  0.0  1.7  0.0  2.2  1.1  0.0  0.0  0.0  0.0  0.0  0.0  0.0  0.3
  0.0  0.8  0.0  0.0  0.0  0.0  0.0  0.6  0.0  0.6  0.0  0.0  2.2  0.6  0.0
  5.0  0.0  0.0  5.0  1.1  0.6  2.2  2.8  0.0  0.0  0.0  0.0  0.0  0.0  0.0
  0.3  0.8  0.0  0.0  0.0  0.0  0.0  8.6  1.1  3.0  9.7 26.0  1.7  4.4 28.2
  1.9  0.8  3.3  1.9  0.0  0.3  0.3 37.3 19.1 20.2  1.4  5.8 11.3  4.1  0.0
     -1.80      3.91     -5.21     -1.78      2.10  0.3  0.0  0.0  0.0  0.0
                                4000_story_4003_llm_free.txt 36.3  4.5 3558
 14.6  5.3  5.3 43.0  9.3  0.6  2.8  0.8 16.6 21.6  0.6  1.7  0.3  8.2  0.3
  0.3  1.4  6.5 11.8  0.3  2.2252.7 89.4 30.4120.3 53.7 11.8 12.1  0.0  0.6
  0.3  1.1 21.6  6.7 11.8 28.1  7.3  2.5  3.4  2.0  0.6  0.6  3.7  7.9  0.3
  6.5  5.9  0.6  3.7  2.8  9.6 22.5 14.6  1.7  0.8 64.9 79.5  1.7178.5  6.5
  1.1  0.0  0.0  0.0  0.0  0.0  0.0  0.0  0.0  0.0  0.0  0.0  0.0  0.0  0.0
  0.0  0.0  0.0  1.7  0.8  2.0  0.8  0.0  0.0  0.0  0.0  0.0  0.0  0.0  0.0
  0.3  2.2  1.1  0.6  0.0  0.3  0.0  0.0  0.0  0.0  0.3  0.0  1.7  0.3  0.0
  5.3  0.0  0.0  5.3  4.2  0.3  4.5  2.2  0.0  0.0  0.0  0.0  0.0  0.0  0.0
  0.0  0.3  0.0  0.0  0.0  0.0  0.3  7.6  2.8  3.7  7.3 29.2  4.2  7.3 11.5
  0.8  1.4  3.1  3.7  0.3  1.1  0.0 37.4 19.1 20.5  1.4  7.3 10.1  8.7  0.0
      0.78      5.12     -3.57     -3.53      2.15  0.3  0.0  0.0  0.0  0.0
                                4000_story_4004_llm_free.txt 34.5  4.6 3343
 17.3  3.0  5.1 35.3 12.9  1.8  1.8  1.8  7.8 18.8  0.0  1.2  0.0  5.1  0.0
  0.3  1.5  1.8 10.8  1.5  1.5297.0 90.3 26.6124.1 58.0 10.8  7.5  0.0  1.2
  0.3  1.5 31.7  7.8 17.9 25.1  4.5  3.9  3.0  2.1  0.9  0.3  3.0  4.2  0.6
  6.3  6.9  0.9  2.1  2.1  6.6 22.4 11.1  3.0  1.5 50.9 78.7  1.8177.4  7.2
  2.4  0.0  0.0  0.0  0.0  0.0  0.0  0.0  0.0  0.0  0.0  0.0  0.0  0.0  0.0
  0.0  0.0  0.0  0.6  0.3  2.7  0.6  0.6  0.0  0.0  0.0  0.0  0.0  0.0  0.9
  0.0  0.6  0.0  0.6  0.0  0.0  0.6  0.0  0.0  0.3  0.0  0.0  1.8  0.9  0.0
  4.2  0.6  0.0  4.8  2.1  0.6  3.0  2.7  0.0  0.0  0.0  0.0  0.0  0.0  0.0
  0.0  0.3  0.0  0.0  0.0  0.0  0.0  6.9  1.5  2.4  5.4 30.2  5.7  2.1 23.6
  3.3  1.8  0.9  5.1  0.0  0.6  0.0 38.9 17.3 18.5  1.2  6.6 12.6 11.1  0.0
     -3.94      4.39     -4.33     -3.22      1.36  0.0  0.0  0.0  0.0  0.0
                                4000_story_4006_llm_free.txt 36.5  4.5 4176
 13.4  2.4  3.8 42.1 12.2  0.2  2.9  0.7 12.7 15.1  0.5  0.7  0.0  5.7  0.2
  0.0  2.4  2.4 10.3  0.5  0.7276.1 84.5 28.0126.9 61.5 12.9 10.1  0.0  0.5
  0.0  0.7 26.1  8.9 18.2 29.5  3.8  3.1  3.1  1.9  2.4  1.2  2.9  6.2  0.5
  6.9  4.8  0.5  2.6  5.3  7.9 18.4 13.6  2.9  0.5 53.9 86.4  1.9182.2  6.5
  2.6  0.2  0.0  0.0  0.0  0.0  0.0  0.0  0.0  0.0  0.0  0.0  0.0  0.0  0.0
  0.0  0.0  0.0  1.2  0.5  0.7  1.0  0.0  0.2  0.0  0.0  0.0  0.0  0.2  0.5
  0.0  0.7  0.0  0.5  0.0  0.0  0.0  0.0  0.0  0.5  0.0  0.2  1.2  0.5  0.0
  3.4  0.2  0.2  3.8  1.7  0.0  2.2  1.9  0.0  0.0  0.0  0.0  0.0  0.0  0.0
  0.5  0.5  0.0  0.0  0.0  0.0  0.0 11.5  2.4  3.1  6.9 28.7  2.4  6.9 23.7
  4.3  1.2  3.4  3.6  0.2  0.2  0.0 37.1 18.0 17.0  1.0  9.6 14.6  7.9  0.0
     -3.88      5.53     -6.27     -2.37      1.72  0.2  0.0  0.0  0.0  0.0
                                4000_story_4008_llm_free.txt 36.3  4.5 3931
 14.0  3.6  7.6 45.0 12.0  1.0  2.8  0.5 16.0 19.6  1.0  1.3  0.5  6.6  0.3
  0.8  0.8  5.6  9.4  0.3  2.0258.5 82.9 32.8108.9 52.9 14.5 12.7  0.0  0.5
  0.0  2.0 17.6  9.7 11.7 35.1  5.3  3.1  2.3  1.3  2.0  1.8  3.8  6.4  0.5
  5.9  5.3  0.5  2.3  4.8 10.7 19.3 12.7  1.0  0.5 75.3 80.9  1.5170.9  9.2
  1.0  0.0  0.0  0.0  0.0  0.0  0.0  0.0  0.0  0.0  0.0  0.0  0.0  0.0  0.0
  0.0  0.0  0.0  2.8  0.3  1.5  0.3  0.0  0.0  0.0  0.0  0.0  0.0  0.0  0.5
  0.0  1.3  0.0  0.5  0.0  0.0  0.0  0.0  0.0  0.3  0.0  0.3  2.8  0.8  0.0
  4.8  0.0  0.0  4.8  2.3  0.0  2.5  3.8  0.0  0.0  0.0  0.0  0.0  0.0  0.0
  0.0  0.0  0.0  0.0  0.0  0.0  0.0 12.2  1.3  0.3  6.4 32.6  2.8 12.0 13.7
  3.1  2.0  1.8  3.3  0.0  0.8  0.0 35.9 19.3 16.8  1.8  5.9 12.2  7.6  0.0
     -2.27      5.35     -5.00     -2.88      2.00  0.3  0.0  0.0  0.0  0.0
                                4000_story_4014_llm_free.txt 37.0  4.6 3378
 17.5  5.3 10.1 58.3 16.6  1.2  3.3  0.9 17.2 13.9  0.6  3.0  0.0  6.8  0.6
  0.3  1.8  6.2  7.7  0.9  0.9252.5 78.4 26.1106.6 63.6 14.2  9.5  0.3  1.2
  0.0  1.2 24.3  9.8 11.5 35.8  6.8  9.5  3.0  1.2  1.2  3.0  2.4  3.6  0.6
  5.3  5.6  0.6  2.7  4.1 16.9 18.7  9.5  2.7  1.5 61.9 97.4  3.0180.9  6.5
  1.5  0.0  0.0  0.0  0.0  0.0  0.0  0.0  0.0  0.0  0.0  0.0  0.0  0.0  0.0
  0.0  0.0  0.0  2.1  1.5  2.1  1.2  0.3  0.0  0.0  0.0  0.0  0.0  0.0  1.2
  0.0  1.5  0.3  0.6  0.0  0.0  0.3  0.0  0.0  0.6  0.0  0.0  3.6  0.9  0.0
  6.8  0.3  0.0  7.1  3.6  0.3  4.4  4.4  0.0  0.0  0.0  0.0  0.0  0.0  0.0
  0.0  0.9  0.3  0.0  0.0  0.0  0.0 14.5  5.0  1.8 10.1 26.1  0.9 15.1  9.8
  2.4  1.5  0.9  1.5  0.0  0.6  0.0 38.5 17.8 23.1  2.7 10.1 12.1  9.2  0.0
      1.89      5.09     -4.36     -1.11      0.57  0.3  0.3  0.0  0.0  0.0
                                4000_story_4015_llm_free.txt 34.3  4.5 3700
 11.4  3.0  4.1 40.5  9.5  0.5  4.3  0.3 11.1 15.1  0.8  0.5  0.5  6.5  0.5
  1.1  1.6  3.2  9.2  0.5  1.1288.6 86.5 33.8107.8 53.2 14.6  7.6  0.3  1.4
  0.0  0.3 25.4  6.8 13.2 35.9  5.4  4.1  2.4  3.5  2.2  2.4  4.3  5.4  0.8
  4.1  4.1  0.8  3.0  4.6  9.5 17.6 10.3  2.2  1.6 68.9 73.8  1.9164.1  4.9
  1.6  0.0  0.0  0.0  0.0  0.0  0.0  0.0  0.0  0.0  0.0  0.0  0.0  0.0  0.0
  0.0  0.0  0.0  2.4  0.5  0.5  1.4  0.0  0.0  0.0  0.0  0.0  0.0  0.0  0.5
  0.3  1.4  0.5  0.5  0.0  0.5  0.0  0.0  0.0  0.0  0.3  0.0  2.4  1.4  0.0
  4.9  0.0  0.0  4.9  3.2  0.5  3.8  4.1  0.0  0.0  0.0  0.0  0.0  0.0  0.0
  0.0  0.8  0.0  0.0  0.0  0.0  0.0  7.0  2.2  0.5  8.4 44.6  8.1  5.9  8.6
  1.1  2.4  1.9  3.2  0.0  0.3  0.0 35.4 18.6 18.4  1.1  5.7 11.6  5.4  0.0
     -4.46      4.39     -4.20     -1.26      1.83  0.0  0.0  0.0  0.3  0.0
                                4000_story_4016_llm_free.txt 34.5  4.5 3701
 16.2  4.6  5.4 33.0  8.4  0.3  1.9  0.8 10.0 22.4  0.5  1.4  0.3  5.9  1.1
  0.8  1.1  4.1  8.6  1.4  2.2270.7 82.1 26.7130.2 60.3 14.1  7.8  0.3  0.3
  0.0  1.9 18.1 10.0 12.7 27.6  7.0  3.2  3.5  1.6  0.8  1.6  2.2  5.4  0.3
  6.5  6.2  1.4  1.9  4.1  8.1 19.7 12.2  2.4  0.5 58.4 78.6  0.8181.6  8.9
  2.2  0.0  0.0  0.0  0.0  0.0  0.0  0.0  0.0  0.0  0.0  0.0  0.0  0.0  0.0
  0.0  0.0  0.0  1.4  0.8  3.2  1.4  0.0  0.0  0.0  0.0  0.0  0.0  0.0  0.0
  0.5  1.4  0.8  1.1  0.0  0.0  0.0  0.0  0.0  0.3  0.0  0.0  2.7  0.8  0.0
  6.8  0.0  0.0  6.8  3.8  0.0  4.1  3.5  0.0  0.0  0.0  0.0  0.0  0.0  0.0
  0.3  0.8  0.0  0.0  0.0  0.0  0.0 11.3  3.2  2.4  8.4 31.6  2.4  6.5 12.7
  3.2  1.9  2.2  2.4  0.0  0.0  0.0 44.6 14.6 20.3  1.6  7.8 12.2  9.2  0.0
     -1.43      5.39     -4.93     -2.93      0.84  0.0  0.0  0.0  0.0  0.0
                                4000_story_4018_llm_free.txt 36.0  4.5 3476
 19.3  5.2  3.5 36.5 10.1  0.6  1.2  0.9 14.7 17.0  0.9  0.6  0.3  4.9  0.6
  0.0  1.7  3.7  8.3  0.9  0.9275.0 92.1 33.1115.7 57.5 12.9  7.5  0.6  0.6
  0.6  1.7 17.0  9.8 16.1 29.9  5.8  5.8  2.3  2.0  2.0  1.4  2.3  7.2  0.6
  4.6  3.5  1.4  2.3  3.2 11.5 16.1 12.4  2.6  1.7 62.7 82.3  0.6171.2  5.2
  1.4  0.0  0.0  0.0  0.0  0.0  0.0  0.0  0.0  0.0  0.0  0.0  0.0  0.0  0.0
  0.0  0.0  0.0  2.6  1.2  2.3  0.9  0.0  0.0  0.0  0.0  0.0  0.0  0.0  0.6
  0.0  0.9  1.2  0.0  0.0  0.0  0.0  0.0  0.0  0.3  0.0  0.0  2.0  0.3  0.0
  6.9  0.0  0.0  6.9  2.6  0.0  2.9  2.3  0.0  0.0  0.0  0.0  0.0  0.0  0.0
  0.3  0.9  0.0  0.0  0.0  0.0  0.0  8.6  1.2  3.5  4.9 29.3  3.7  6.9  4.0
  2.0  2.6  1.2  4.3  0.3  0.9  0.0 33.1 16.1 22.4  2.9  7.5 10.9  7.8  0.0
     -4.12      4.51     -5.29     -2.04      0.83  0.6  0.0  0.0  0.3  0.0
                                4000_story_4019_llm_free.txt 36.8  4.5 3402
 11.5  3.5  5.6 31.5  3.5  0.9  1.8  1.5  7.1 25.3  0.6  0.6  0.0  5.6  0.3
  0.6  0.9  1.8  7.6  0.0  4.1278.4101.1 33.2118.5 37.3 14.7 11.2  0.0  0.3
  0.0  1.2 20.3 10.0 17.6 30.9  4.4  2.6  2.1  1.2  1.8  1.8  2.4  8.2  0.9
  4.1  6.2  0.9  2.1  2.6  6.2 16.8 13.2  0.9  0.3 65.0 47.9  1.2164.9  5.3
  0.3  0.0  0.0  0.0  0.0  0.0  0.0  0.0  0.0  0.0  0.0  0.0  0.0  0.0  0.0
  0.0  0.0  0.0  2.4  0.3  1.5  0.9  0.0  0.0  0.0  0.0  0.0  0.0  0.0  0.3
  0.0  1.2  0.3  0.6  0.0  0.6  0.0  0.0  0.0  0.0  0.0  0.0  2.4  0.6  0.0
  5.0  0.0  0.0  5.0  2.4  0.6  2.9  2.9  0.0  0.0  0.0  0.0  0.0  0.0  0.0
  0.6  0.6  0.0  0.0  0.0  0.0  0.0  5.6  1.8  0.3  7.9 34.7  9.7  5.0 13.8
  0.9  2.4  1.8  1.8  0.0  0.9  0.3 37.0 17.9 15.0  0.6  6.5 11.8  9.1  0.0
     -6.50      4.72     -6.83     -3.23      1.10  0.0  0.0  0.0  0.0  0.0
                                4000_story_4020_llm_free.txt 36.5  4.7 3205
 15.6  4.1  7.8 33.7  5.0  1.2  1.6  0.9  8.7 20.9  0.0  1.2  0.3  5.6  0.3
  0.0  0.3  4.1  6.6  0.9  2.2287.1 86.4 40.9130.7 51.2 16.8  9.0  0.0  0.6
  0.3  1.2 28.7  6.2 10.3 24.3  5.3  0.9  3.1  1.2  1.2  0.9  3.1  2.5  0.3
  3.7  5.0  0.0  1.6  3.7  6.2 15.3  6.6  1.2  0.9 72.7 64.9  1.6177.5  3.7
  2.5  0.0  0.0  0.0  0.0  0.0  0.0  0.0  0.0  0.0  0.0  0.0  0.0  0.0  0.0
  0.0  0.0  0.0  2.2  0.0  1.6  1.6  0.0  0.0  0.0  0.0  0.0  0.0  0.0  0.3
  0.9  0.0  0.9  0.3  0.0  0.0  0.0  0.0  0.0  0.0  0.0  0.0  1.6  0.6  0.0
  5.3  0.0  0.0  5.3  2.5  0.0  2.5  2.2  0.0  0.0  0.0  0.0  0.0  0.0  0.0
  0.3  0.3  0.0  0.0  0.0  0.0  0.0 10.9  2.5  1.9  5.9 30.9  6.6  3.7  9.7
  1.2  2.8  1.6  3.1  0.0  1.2  0.0 37.1 18.1 18.1  2.5  8.1 13.7 10.9  0.0
     -6.85      5.76     -2.17     -3.84      0.15  0.0  0.0  0.0  0.0  0.0
                                4000_story_4021_llm_free.txt 38.5  4.5 3441
 16.3  5.5  2.9 42.7  7.3  0.9  4.9  0.3 11.6 16.9  0.3  0.6  0.0  4.6  0.0
  1.5  1.2  4.4 12.2  0.9  0.9272.6 83.1 32.0114.8 54.1 12.2  9.6  0.3  0.9
  0.0  1.7 18.3  6.7 11.0 30.2  7.6  2.3  2.9  1.2  2.6  0.9  2.6  4.6  0.0
  4.9  6.4  1.2  3.2  4.1  9.3 22.1  9.6  2.0  1.2 67.4 72.9  2.0173.2  4.1
  2.3  0.0  0.0  0.0  0.0  0.0  0.0  0.0  0.0  0.0  0.0  0.0  0.0  0.0  0.0
  0.0  0.0  0.0  0.3  1.2  4.9  1.2  0.0  0.0  0.0  0.0  0.0  0.0  0.0  0.0
  0.3  1.7  0.9  0.6  0.0  0.6  0.0  0.0  0.0  0.3  0.0  0.0  1.7  0.6  0.0
  7.6  0.0  0.0  7.6  3.5  0.6  4.4  2.3  0.0  0.0  0.0  0.0  0.0  0.0  0.0
  0.0  0.3  0.3  0.0  0.0  0.0  0.0  7.6  2.6  2.0  6.7 36.9  5.8 11.9  8.7
  2.0  0.9  2.0  2.0  0.0  1.5  0.0 38.4 15.7 16.9  1.5  9.3  9.6  8.7  0.0
     -3.49      4.57     -3.38     -2.99      0.31  0.3  0.0  0.3  0.0  0.0
                                4000_story_4023_llm_free.txt 34.8  4.5 3559
 14.9  2.5  3.9 26.1  3.1  0.0  2.0  0.0  5.9 19.9  0.6  0.3  0.8  4.5  0.0
  0.0  1.7  2.2  8.7  0.8  2.2303.5 94.4 29.2114.6 45.5 13.5  6.5  0.0  1.1
  0.0  0.6 24.7  7.0 15.7 26.7  4.2  2.5  1.7  1.7  2.5  1.1  3.1  3.9  0.8
  4.8  5.3  0.8  3.1  4.2  7.3 16.6  9.6  2.5  1.1 62.4 54.5  1.7155.1  5.3
  0.6  0.0  0.0  0.0  0.0  0.0  0.0  0.0  0.0  0.0  0.0  0.0  0.0  0.0  0.0
  0.0  0.0  0.0  1.1  0.3  2.0  0.8  0.0  0.0  0.0  0.0  0.0  0.0  0.0  0.0
  0.3  0.8  0.8  0.3  0.0  0.0  0.0  0.3  0.0  0.0  0.0  0.0  0.8  0.3  0.0
  4.2  0.0  0.0  4.2  2.2  0.3  2.5  1.1  0.0  0.0  0.0  0.0  0.0  0.0  0.0
  0.0  0.8  0.0  0.0  0.0  0.0  0.0 11.0  2.2  0.3  6.2 35.7  9.3  5.6 10.7
  1.7  1.7  1.4  3.1  0.0  0.6  0.3 32.0 11.8 18.3  0.8  5.6 11.2  8.1  0.0
     -7.34      3.86     -4.69     -3.04      1.09  0.0  0.0  0.0  0.0  0.0
                                4000_story_4024_llm_free.txt 36.8  4.4 3374
 16.6  6.5  7.4 54.2 13.0  1.2  3.6  0.9 20.7 20.7  0.9  0.9  0.3  5.0  0.9
  0.3  1.8  5.6 10.4  0.6  2.7265.9 80.9 29.3121.2 62.5  9.5 14.5  0.0  0.3
  0.0  0.9 20.2 10.1 13.0 32.3  4.1  2.1  2.7  1.5  0.6  1.5  4.7  6.5  0.0
  5.9  4.7  0.3  2.1  3.3  8.3 18.4 12.4  2.4  0.3 56.9 96.3  2.7189.1  5.6
  0.0  0.0  0.0  0.0  0.0  0.0  0.0  0.0  0.0  0.0  0.0  0.0  0.0  0.0  0.0
  0.0  0.0  0.0  3.0  0.6  2.1  1.5  0.0  0.0  0.0  0.0  0.0  0.0  0.0  0.0
  0.0  0.3  1.8  0.0  0.0  0.0  0.0  0.0  0.0  0.3  0.3  0.0  1.5  1.2  0.0
  7.1  0.0  0.0  7.1  2.1  0.0  2.4  3.0  0.0  0.0  0.0  0.0  0.0  0.0  0.0
  0.3  0.3  0.0  0.0  0.0  0.0  0.3  9.8  2.7  1.8  5.9 37.0  5.3 10.4 15.1
  2.7  1.8  1.5  4.1  0.0  0.9  0.0 44.8 21.0 20.7  0.9  7.4 10.1  9.2  0.0
      1.49      5.55     -5.70     -3.70      2.24  0.6  0.0  0.0  0.0  0.0
                                4000_story_4025_llm_free.txt 34.8  4.4 2949
 17.0  5.4  4.1 40.7  9.5  1.0  4.1  0.3 13.9 20.7  0.7  1.7  0.3  5.4  1.0
  0.7  1.0  3.1 11.2  1.0  1.7262.1 83.1 27.5118.0 54.9 15.3  9.5  0.0  1.0
  0.7  1.7 22.4  8.5 14.2 37.0  7.1  3.7  3.4  2.0  3.1  3.4  2.0  4.4  0.0
  4.1  6.1  1.7  4.7  3.7  9.8 22.7  8.5  2.0  1.7 54.9 78.3  1.4174.3  8.5
  0.7  0.0  0.0  0.0  0.0  0.0  0.0  0.0  0.0  0.0  0.0  0.0  0.0  0.0  0.0
  0.0  0.0  0.0  2.4  0.3  2.7  1.7  0.0  0.0  0.0  0.0  0.0  0.0  0.3  0.3
  0.0  1.0  1.4  0.0  0.0  0.3  0.0  0.0  0.0  0.0  0.3  0.0  2.0  1.7  0.0
  7.1  0.0  0.3  7.5  2.7  0.3  3.1  4.1  0.0  0.0  0.0  0.0  0.0  0.0  0.0
  0.0  0.0  0.0  0.0  0.0  0.0  0.0 10.9  3.1  1.4  5.1 23.4  4.7  5.8 14.2
  1.0  2.0  2.0  4.7  0.0  0.7  0.7 41.0 16.3 19.7  1.7  7.8 12.2 11.2  0.0
     -0.71      5.29     -4.43     -0.89     -0.37  0.3  0.0  0.0  0.0  0.0
                                4000_story_4027_llm_free.txt 33.5  4.4 3022
 13.9  3.3  4.6 40.7 11.3  0.7  1.3  0.7  9.3 13.9  0.3  1.0  0.0  3.6  0.0
  0.3  0.7  3.6  8.6  0.3  1.7279.3 95.0 29.1109.5 64.9  9.9  7.6  0.3  1.3
  0.0  1.7 19.2  7.3 13.9 27.1  8.6  6.3  1.7  1.7  1.3  0.3  2.6  3.3  0.0
  3.3  6.3  1.3  2.6  4.0 11.3 19.2  6.6  1.0  1.7 52.9 85.4  2.0166.1  4.3
  1.3  0.0  0.0  0.0  0.0  0.0  0.0  0.0  0.0  0.0  0.0  0.0  0.0  0.0  0.0
  0.0  0.0  0.0  2.0  0.3  2.0  0.7  0.7  0.0  0.3  0.0  0.0  0.0  0.0  1.3
  0.0  1.7  0.3  0.3  0.3  0.0  0.7  0.0  0.0  0.3  0.0  0.3  0.7  0.7  0.0
  5.0  1.0  0.0  6.0  3.6  1.0  5.0  1.7  0.0  0.0  0.0  0.0  0.0  0.0  0.0
  0.0  0.7  0.0  0.0  0.0  0.0  0.0 14.6  3.3  0.7  7.6 30.8  7.9  9.9 16.2
  3.3  3.0  2.3  3.6  0.0  1.7  0.0 47.0 14.2 20.2  3.6  8.3  7.6  8.3  0.0
     -7.99      4.08     -3.93     -3.06     -0.40  0.0  0.0  0.0  0.0  0.0
                                4000_story_4030_llm_free.txt 35.8  4.6 4145
 11.6  3.1  7.5 35.9  8.4  1.0  1.4  0.7 11.6 18.8  1.2  0.7  0.2  2.7  0.5
  0.5  0.5  4.3  6.0  0.5  3.6274.1 80.3 29.2123.5 53.6 12.1  8.4  0.0  0.0
  0.0  2.4 26.1 11.3 16.6 30.2  6.5  5.5  2.2  1.0  1.7  1.2  1.2  3.6  0.0
  4.6  3.4  0.2  2.4  2.2 11.6 13.5  8.2  1.0  0.0 63.0 73.6  1.0178.0  7.5
  1.0  0.0  0.0  0.0  0.0  0.0  0.0  0.0  0.0  0.0  0.0  0.0  0.0  0.0  0.0
  0.0  0.0  0.0  1.4  0.5  0.7  1.4  0.0  0.0  0.0  0.0  0.0  0.0  0.0  0.2
  0.5  1.2  0.2  0.7  0.0  0.0  0.0  0.0  0.0  0.0  0.0  0.0  1.2  0.7  0.0
  4.1  0.0  0.0  4.1  2.9  0.0  2.9  1.9  0.0  0.0  0.0  0.0  0.0  0.0  0.0
  0.2  0.5  0.0  0.0  0.0  0.0  0.0  4.6  2.2  0.5  8.2 29.9  5.5  6.8 12.8
  0.0  1.2  3.9  2.7  0.2  0.7  0.0 42.0 14.5 14.7  1.4  4.6 14.2  7.2  0.0
     -7.12      4.60     -6.17     -2.86     -0.85  0.5  0.0  0.0  0.0  0.0
                                4000_story_4032_llm_free.txt 36.5  4.6 2757
 13.8  1.8  9.1 38.8 10.2  1.1  3.3  0.0  9.8 18.5  0.4  0.4  0.7  4.7  0.4
  0.0  1.5  2.5  6.2  0.7  2.9289.8 86.7 24.3128.4 48.6 13.4  6.9  0.0  0.7
  0.0  2.5 27.2 10.2 14.9 25.4  2.9  1.5  1.1  0.7  1.1  0.7  4.0  5.4  0.4
  3.6  3.6  2.5  2.5  4.0  5.1 13.4  9.4  2.2  0.7 59.8 68.6  2.2177.4  7.3
  2.2  0.0  0.0  0.0  0.0  0.0  0.0  0.0  0.0  0.0  0.0  0.0  0.0  0.0  0.0
  0.0  0.0  0.0  1.5  0.0  2.2  0.4  0.0  0.0  0.0  0.0  0.0  0.0  0.0  0.7
  0.0  0.7  0.4  0.4  0.0  0.4  0.0  0.0  0.0  0.4  0.0  0.4  1.1  0.7  0.0
  4.0  0.0  0.0  4.0  2.2  0.4  2.9  2.2  0.0  0.0  0.0  0.0  0.0  0.0  0.0
  0.4  0.7  0.0  0.0  0.0  0.0  0.0  9.1  2.9  0.7  6.2 29.4  6.2  9.1  6.9
  1.1  1.5  1.1  1.8  0.0  1.5  0.0 38.4 14.1 16.0  1.1  7.3 11.2  9.4  0.0
     -5.49      4.51     -4.55     -4.77      1.14  0.0  0.0  0.0  0.0  0.0
                                4000_story_4033_llm_free.txt 35.5  4.7 2977
 17.1  2.0  2.0 35.9  6.0  0.7  1.3  1.3  7.7 16.8  0.7  0.0  0.3  4.4  1.0
  1.0  2.0  3.4  8.4  0.7  0.7294.3 96.7 41.0112.9 44.3 12.1  8.4  0.0  1.0
  0.0  2.0 30.9  5.0 10.1 25.5  8.1  1.3  3.0  0.3  1.7  2.4  3.4  7.7  1.0
  4.7  4.4  2.4  2.4  5.4  6.4 15.1 13.4  2.7  1.0 66.8 58.1  2.0169.3  9.1
  2.4  0.0  0.0  0.0  0.0  0.0  0.0  0.0  0.0  0.0  0.0  0.0  0.0  0.0  0.0
  0.0  0.0  0.0  2.7  0.7  1.7  0.7  0.0  0.0  0.0  0.0  0.0  0.0  0.0  1.0
  0.7  1.0  1.3  0.7  0.0  0.0  0.0  0.0  0.3  0.0  0.3  0.3  3.0  0.0  0.0
  5.7  0.0  0.0  5.7  4.7  0.3  5.0  3.7  0.0  0.0  0.0  0.0  0.0  0.0  0.0
  0.0  0.0  0.0  0.0  0.3  0.0  0.0  3.4  2.7  0.3  6.4 34.3  4.0  5.0 17.1
  1.7  0.7  2.7  3.4  0.3  1.0  1.0 28.6 15.1 16.8  2.7 13.1  8.7  7.4  0.0
     -6.90      3.84     -1.48     -3.42      1.94  0.7  0.0  0.0  0.0  0.3
                                4000_story_4036_llm_free.txt 32.8  4.5 3149
 13.0  3.8  4.4 43.5  7.6  0.6  1.6  0.6 10.2 20.0  0.6  0.6  0.0  4.1  0.0
  0.6  1.3  4.4  9.2  0.6  1.9282.6 86.7 36.5113.1 50.8 15.9  7.0  0.0  0.6
  0.0  1.9 29.2 11.1 19.7 28.3  5.4  6.7  1.3  3.5  1.9  0.6  2.5  4.1  0.3
  2.9  5.7  1.0  1.9  3.5 13.0 21.0  7.3  1.9  0.6 62.2 68.6  0.6164.5  7.3
  2.2  0.0  0.0  0.0  0.0  0.0  0.0  0.0  0.0  0.0  0.0  0.0  0.0  0.0  0.0
  0.0  0.0  0.0  1.6  0.3  2.5  1.3  0.3  0.0  0.0  0.0  0.0  0.0  0.0  0.0
  0.6  0.0  0.3  0.3  0.0  0.0  0.3  0.0  0.0  0.0  0.0  0.0  0.3  0.0  0.0
  5.7  0.3  0.0  6.0  1.3  0.3  1.6  0.3  0.0  0.0  0.0  0.0  0.0  0.0  0.0
  0.0  0.0  0.3  0.0  0.0  0.0  0.0  5.4  1.9  1.0  7.9 25.7 12.4  6.7  8.6
  1.0  4.1  0.6  4.1  0.0  0.3  0.0 31.4 14.6 16.8  1.9  9.8 14.0  8.3  0.0
     -5.77      4.60     -6.55     -1.86     -0.25  0.0  0.0  0.0  0.0  0.0
                                4000_story_4041_llm_free.txt 33.8  4.6 3739
 17.4  4.8  3.5 31.0  4.5  0.5  2.4  0.8 13.9 21.4  1.1  1.1  0.0  7.5  0.0
  0.3  0.8  2.7 11.0  1.3  0.3288.0 88.3 36.1133.7 43.9 11.2  9.9  0.0  0.8
  0.5  2.4 23.0  7.2 14.7 27.0  5.3  1.3  2.9  1.6  1.1  0.5  3.2  5.9  0.0
  6.2  5.1  1.3  1.1  4.0  5.1 21.1 12.0  2.1  1.3 65.3 62.3  1.1182.1  7.2
  1.3  0.0  0.0  0.0  0.0  0.0  0.0  0.0  0.0  0.0  0.0  0.0  0.0  0.0  0.0
  0.0  0.0  0.0  1.3  0.3  2.7  1.3  0.0  0.0  0.0  0.0  0.0  0.0  0.0  0.3
  0.3  0.5  0.3  0.0  0.0  0.0  0.0  0.0  0.0  0.0  0.0  0.0  1.9  0.3  0.0
  5.6  0.0  0.0  5.6  1.3  0.0  1.3  2.1  0.0  0.0  0.0  0.0  0.0  0.0  0.0
  0.0  0.3  0.0  0.0  0.0  0.0  0.0 13.4  2.9  2.4  8.6 38.5  3.2  4.0 16.8
  0.8  0.5  2.7  1.3  0.3  0.8  1.3 32.9 17.1 19.5  2.1 11.2 11.5  7.5  0.0
     -4.71      4.61     -3.57     -3.88      1.26  0.3  0.5  0.0  0.0  0.0
                                4000_story_4042_llm_free.txt 36.8  4.4 3128
 15.3  5.1  6.7 38.0 10.5  0.3  2.9  1.0 15.0 22.4  1.0  1.6  0.3  7.0  0.6
  0.3  0.6  5.1  8.3  0.3  3.2265.3 89.5 33.2123.4 60.1 10.9 10.2  0.0  0.0
  0.0  1.9 16.3  6.4 15.7 24.0  4.5  3.2  0.6  2.9  1.6  1.0  1.9  4.8  0.6
  3.8  5.1  0.3  2.2  2.9  9.9 19.8  9.3  1.0  0.0 70.7 85.7  2.2177.1  7.7
  1.9  0.0  0.0  0.0  0.0  0.0  0.0  0.0  0.0  0.0  0.0  0.0  0.0  0.0  0.0
  0.0  0.0  0.0  1.9  0.0  3.5  0.3  0.0  0.0  0.0  0.0  0.0  0.0  0.0  0.3
  0.6  0.0  1.3  0.0  0.0  0.0  0.0  0.0  0.0  0.0  0.0  0.0  0.6  0.3  0.0
  5.8  0.0  0.0  5.8  2.2  0.0  2.2  1.0  0.0  0.0  0.0  0.0  0.0  0.0  0.0
  0.3  0.0  0.3  0.0  0.0  0.0  0.0  7.7  1.6  1.3  9.3 34.2  6.1  5.1  7.7
  2.2  2.6  1.0  8.0  0.0  0.6  0.0 33.9 16.0 19.2  1.6  6.4 12.1 10.2  0.0
     -1.86      4.99     -4.98     -3.19      0.03  0.3  0.0  0.0  0.0  0.0
                                4000_story_4045_llm_free.txt 36.5  4.4 3710
 18.3  4.9  5.9 52.3 15.9  1.1  4.3  0.3 18.3 19.4  0.3  0.8  0.3  4.0  0.8
  0.0  1.3  6.2  8.1  0.5  1.6251.2 79.8 30.2123.2 62.3 14.0 11.3  0.3  1.6
  0.0  1.3 22.9  5.7 10.5 34.5  4.6  3.0  2.2  2.7  2.2  1.6  2.7  6.5  0.0
  4.9  5.9  1.9  3.0  3.5 11.3 18.9 11.3  1.9  1.9 65.0 96.5  2.4188.9  5.1
  1.3  0.3  0.0  0.0  0.0  0.0  0.0  0.0  0.0  0.0  0.0  0.0  0.0  0.0  0.0
  0.0  0.0  0.0  1.6  0.8  3.5  1.1  0.0  0.3  0.0  0.0  0.0  0.0  0.3  0.0
  0.5  1.3  0.5  0.0  0.0  0.5  0.0  0.0  0.0  0.0  0.0  0.0  1.9  0.8  0.0
  7.0  0.3  0.3  7.5  2.4  0.5  3.0  2.7  0.0  0.0  0.0  0.0  0.0  0.0  0.0
  0.0  0.5  0.5  0.0  0.0  0.0  0.0 11.9  3.8  1.6  8.9 26.1  3.5 15.1 13.5
  0.3  1.3  1.1  1.9  0.0  0.8  0.3 38.3 17.8 21.3  2.2  8.4 12.9 11.3  0.0
     -0.88      5.88     -2.64     -2.30      0.60  0.0  0.0  0.0  0.0  0.0
                                4000_story_4046_llm_free.txt 35.3  4.5 3725
 15.0  3.2  9.9 38.9 14.2  0.5  1.9  1.6 14.2 16.6  0.8  2.1  0.3  7.2  0.5
  0.8  1.3  3.5  7.5  0.8  2.1270.9 83.0 28.7121.3 67.4 11.8 11.3  0.0  0.0
  0.5  2.7 18.5  6.4 16.9 30.1  5.6  3.0  3.5  1.6  1.9  1.9  3.0  4.0  0.8
  5.1  4.0  0.5  2.1  4.0  8.3 18.0  9.9  2.1  0.5 63.6 95.8  3.0176.6  6.4
  0.5  0.0  0.0  0.0  0.0  0.0  0.0  0.0  0.0  0.0  0.0  0.0  0.0  0.0  0.0
  0.0  0.0  0.0  1.3  0.5  2.1  0.5  0.3  0.0  0.0  0.0  0.0  0.0  0.0  0.8
  0.3  0.3  1.6  0.3  0.0  0.0  0.3  0.0  0.0  0.5  0.0  0.0  1.9  0.5  0.0
  4.6  0.3  0.0  4.8  3.2  0.3  4.0  2.4  0.0  0.0  0.0  0.0  0.0  0.0  0.0
  0.3  0.8  0.0  0.0  0.0  0.0  0.0 13.2  2.4  3.2  9.7 31.9  3.5  6.7  8.1
  8.3  1.1  1.9  2.1  0.0  0.8  0.0 33.8 20.7 14.8  2.7  9.9 12.3 10.7  0.0
     -1.30      5.62     -4.78     -2.40      1.09  0.3  0.0  0.0  0.0  0.0
                                4000_story_4047_llm_free.txt 31.5  4.5 3257
 14.1  4.3  7.7 29.5  5.5  0.0  3.1  0.6  6.8 22.1  0.3  0.0  0.0  6.1  0.9
  0.0  1.2  2.1  8.6  0.6  3.4285.5 86.9 27.9125.9 60.2 12.9 12.0  0.3  0.6
  0.0  2.8 24.3 10.1 17.2 27.6  5.2  0.6  1.8  1.2  0.3  0.3  1.8  3.4  0.0
  4.9  6.1  1.2  3.1  2.8  3.1 18.7  8.3  1.8  0.9 64.2 72.5  0.9170.7  8.6
  2.5  0.0  0.0  0.0  0.0  0.0  0.0  0.0  0.0  0.0  0.0  0.0  0.0  0.0  0.0
  0.0  0.0  0.0  3.7  0.0  1.5  0.6  0.0  0.6  0.0  0.0  0.0  0.0  0.0  0.0
  0.0  0.6  0.6  0.3  0.0  0.0  0.0  0.0  0.0  0.0  0.0  0.0  1.5  0.9  0.0
  5.8  0.6  0.0  6.4  1.5  0.0  1.5  2.5  0.0  0.0  0.0  0.0  0.0  0.0  0.0
  0.0  0.3  0.0  0.0  0.0  0.0  0.0 19.0  1.5  0.6  6.4 43.0  3.4  6.4  6.8
  1.2  2.8  3.1  2.1  0.0  0.3  0.3 36.5 19.0 16.0  1.5  7.1  9.8  6.4  0.0
     -4.46      5.79     -5.35     -5.04     -0.38  0.0  0.0  0.0  0.0  0.0
                                4000_story_4049_llm_free.txt 36.0  4.4 3106
 15.5  4.8 10.0 39.9 16.4  0.6  4.5  1.0 17.7 12.6  1.0  1.3  0.6  2.6  0.3
  0.0  0.3  5.2 10.3  0.3  2.9265.3 80.8 36.4124.6 69.9 16.7 10.0  0.0  1.0
  0.3  1.3 17.7  7.1 16.1 32.2  6.1  4.8  3.2  1.6  1.6  1.3  2.6  4.5  0.0
  4.5  2.9  1.6  2.3  4.2 11.6 17.4  9.0  0.6  1.3 66.3104.0  1.6180.3  6.1
  1.3  0.0  0.0  0.0  0.0  0.0  0.0  0.0  0.0  0.0  0.0  0.0  0.0  0.0  0.0
  0.0  0.0  0.0  1.3  0.0  2.6  2.6  0.0  0.0  0.0  0.0  0.0  0.0  0.3  0.6
  0.0  1.3  0.6  0.6  0.0  0.3  0.0  0.0  0.0  0.3  0.0  0.3  2.3  0.6  0.0
  6.4  0.0  0.3  6.8  3.2  0.3  3.9  3.2  0.0  0.0  0.0  0.0  0.0  0.0  0.0
  0.3  0.6  0.0  0.0  0.0  0.0  0.0 13.2  1.6  3.2  6.8 37.0  3.9  9.7  6.8
  1.9  0.6  4.2  2.9  0.3  0.6  0.6 40.2 18.4 17.7  3.5  6.1 11.6  7.1  0.0
     -4.61      6.54     -5.13     -2.40      0.12  0.6  0.0  0.0  0.0  0.0
                                4000_story_4052_llm_free.txt 36.0  4.5 3414
 14.1  3.2  5.3 46.3  7.9  0.6  4.1  1.2 13.5 26.1  0.0  0.6  0.3  4.7  0.3
  0.0  3.5  4.1 12.0  1.2  2.1275.3 83.8 32.8120.7 49.5 14.9 10.3  0.3  1.5
  0.3  1.2 27.8  7.3 16.1 33.1  6.2  1.5  2.1  2.6  2.1  2.1  5.0  5.9  0.9
  7.3  7.3  2.1  2.1  3.5  7.6 23.7 14.1  4.7  2.1 60.6 70.9  1.2184.8  6.7
  2.3  0.0  0.0  0.0  0.0  0.0  0.0  0.0  0.0  0.0  0.0  0.0  0.0  0.0  0.0
  0.0  0.0  0.0  1.8  0.9  2.3  0.3  0.0  0.0  0.0  0.0  0.0  0.3  0.0  0.0
  0.9  1.2  0.6  0.0  0.0  0.0  0.0  0.0  0.0  0.0  0.0  0.0  2.1  0.9  0.0
  5.3  0.0  0.3  5.6  2.6  0.0  2.6  2.9  0.0  0.0  0.0  0.0  0.0  0.0  0.0
  0.6  0.9  0.0  0.0  0.0  0.0  0.0 10.3  1.2  2.3  5.3 42.2  3.8  5.0  9.7
  1.5  1.2  2.6  1.5  0.0  0.3  0.0 36.9 16.1 18.7  1.8 11.4 10.0 11.7  0.0
      1.56      5.21     -4.20     -2.60      3.41  0.0  0.3  0.0  0.0  0.0
                                4000_story_4056_llm_free.txt 37.5  4.5 3451
 16.8  4.9  1.4 45.8 11.6  2.0  2.9  1.7 14.5 16.8  1.4  0.9  0.0  5.5  0.3
  0.3  1.4  4.6 10.7  0.3  0.6263.7 76.8 35.9125.5 49.8 12.2 17.4  0.3  0.3
  0.3  1.2 31.3 11.3 15.9 32.2  9.6  4.1  4.1  2.0  1.2  1.7  4.1  5.8  0.6
  4.9  4.6  1.4  2.3  3.5  9.9 19.4 11.3  1.7  0.9 62.0 75.9  0.3190.7  7.2
  3.2  0.0  0.0  0.0  0.0  0.0  0.0  0.0  0.0  0.0  0.0  0.0  0.0  0.0  0.0
  0.0  0.0  0.0  1.4  1.4  3.2  2.3  0.6  0.0  0.0  0.0  0.0  0.0  0.0  0.0
  0.6  1.7  0.9  0.9  0.0  0.0  0.6  0.6  0.0  0.0  0.0  0.0  2.0  0.9  0.0
  8.4  0.6  0.0  9.0  4.1  1.2  5.2  2.9  0.0  0.0  0.0  0.0  0.0  0.0  0.0
  0.3  1.2  0.0  0.0  0.0  0.0  0.0 12.7  0.9  1.4  6.4 20.3  2.6  4.6 23.5
  0.9  0.6  2.0  3.5  0.3  0.3  0.0 40.6 24.9 21.2  1.4 10.4 13.6  7.0  0.0
     -2.48      6.17     -5.59     -2.16      1.82  0.3  0.0  0.0  0.0  0.0
                                4000_story_4057_llm_free.txt 35.0  4.5 3457
 17.6  3.8  2.6 32.7  6.1  1.2  1.4  0.3 12.1 18.5  0.3  1.2  0.0  3.5  0.0
  0.9  2.0  6.1  9.5  0.6  1.4276.0 92.6 27.8126.1 74.6 10.1  9.0  0.3  0.9
  0.0  1.2 23.4  8.4 16.2 25.7  6.1  3.8  3.2  1.4  0.9  2.0  3.2  4.6  0.3
  4.3  5.2  2.3  2.0  2.9 10.7 18.5  9.3  2.6  1.2 58.7 92.9  1.4174.4  5.2
  1.4  0.0  0.0  0.0  0.0  0.0  0.0  0.0  0.0  0.0  0.0  0.0  0.0  0.0  0.0
  0.0  0.0  0.0  1.7  2.3  2.9  0.3  0.0  0.0  0.0  0.0  0.0  0.0  0.0  0.6
  0.3  1.2  0.6  0.0  0.0  0.3  0.0  0.0  0.0  0.3  0.3  0.0  1.7  0.3  0.0
  7.2  0.0  0.0  7.2  2.6  0.3  3.2  2.3  0.0  0.0  0.0  0.0  0.0  0.0  0.0
  0.3  0.3  0.0  0.0  0.0  0.0  0.0 15.0  1.7  3.8  5.5 37.3  3.5  2.6 13.9
  2.9  2.0  1.7  2.3  0.0  0.0  0.0 31.8 17.4 21.7  2.3  8.4  8.4  6.1  0.0
     -3.88      5.35     -4.99     -2.80      0.69  0.0  0.3  0.0  0.0  0.0
                                4000_story_4064_llm_free.txt 33.0  4.5 3812
 14.7  4.2  1.8 38.3 11.3  0.3  2.4  0.8  8.1 12.9  1.0  1.8  0.0  5.2  0.5
  0.3  2.4  6.3 10.0  1.0  2.6282.3 88.7 38.3117.5 58.0 11.5  7.6  0.3  1.3
  0.0  1.0 23.6  8.1 15.0 23.1  7.9  2.6  2.9  0.8  0.8  1.3  1.8  6.3  0.3
  4.7  3.7  0.8  2.9  2.9  9.7 17.3 11.3  3.4  1.6 63.2 77.4  1.0171.8  4.7
  2.4  0.0  0.0  0.0  0.0  0.0  0.0  0.0  0.0  0.0  0.0  0.0  0.0  0.0  0.0
  0.0  0.0  0.0  2.1  1.3  2.4  1.0  0.0  0.0  0.0  0.0  0.0  0.0  0.0  0.8
  0.5  1.3  1.3  0.3  0.0  0.0  0.0  0.0  0.0  1.0  0.0  0.0  1.6  0.8  0.0
  6.8  0.0  0.0  6.8  4.2  0.0  5.2  2.4  0.0  0.0  0.0  0.0  0.0  0.0  0.0
  0.0  1.0  0.0  0.0  0.0  0.0  0.0 12.3  2.4  1.6  7.9 29.1  3.7  4.5 28.1
  2.9  2.4  3.9  5.0  0.3  0.8  0.3 33.1 14.7 19.2  1.6  6.6 10.8  8.7  0.0
     -1.87      4.34     -4.22     -3.79      0.20  0.5  0.0  0.0  0.3  0.0
                                cont_story_0001_llm_free.txt 36.3  4.5 3386
 14.2  2.7  4.4 27.2  6.5  0.3  2.1  0.9  7.4 19.2  0.3  0.9  0.0  4.7  0.3
  0.6  1.2  4.7  7.4  0.3  2.7282.9 88.0 35.1129.9 52.3 13.0 10.3  0.0  1.2
  0.3  3.0 21.9  8.0 18.0 26.9  5.6  2.7  2.4  1.5  0.6  1.2  2.7  4.7  0.0
  5.9  5.9  1.8  1.5  2.4  8.0 18.6 10.6  1.5  1.5 69.1 66.2  1.8176.9  9.2
  0.9  0.0  0.0  0.0  0.0  0.0  0.0  0.0  0.0  0.0  0.0  0.0  0.0  0.0  0.0
  0.0  0.0  0.0  1.2  0.6  2.7  0.6  0.0  0.0  0.0  0.0  0.0  0.0  0.0  0.0
  0.3  1.2  0.6  0.0  0.0  1.2  0.0  0.0  0.0  0.0  0.0  0.3  1.2  0.9  0.0
  5.0  0.0  0.0  5.0  2.1  1.2  3.2  2.4  0.0  0.0  0.0  0.0  0.0  0.0  0.0
  0.0  1.2  0.0  0.0  0.0  0.0  0.0  6.5  2.7  1.2  7.7 25.7  6.2  5.0 10.0
  0.3  2.4  3.0  3.0  0.0  0.0  0.0 36.6 16.5 17.4  2.1  6.2 13.0 10.0  0.0
     -6.62      5.28     -4.66     -3.79      0.66  0.0  0.3  0.0  0.0  0.0
                                cont_story_0002_llm_free.txt 34.8  4.5 3075
 12.4  2.9  6.5 38.7  9.8  0.0  2.3  0.3  9.4 16.6  1.3  2.0  0.7  4.6  0.0
  0.0  0.7  3.6  6.8  0.7  1.0282.6 90.4 25.7120.7 49.4 15.9 10.7  0.0  0.7
  0.0  2.3 24.4  6.5 16.6 31.9  6.8  3.9  2.0  2.0  1.3  1.6  1.6  3.6  0.0
  6.5  7.5  0.7  2.6  3.6  8.8 20.5 10.1  1.3  0.7 53.3 68.6  1.0177.6  5.2
  1.3  0.0  0.0  0.0  0.0  0.0  0.0  0.0  0.0  0.0  0.0  0.0  0.0  0.0  0.0
  0.0  0.0  0.0  1.3  0.3  2.3  0.3  0.0  0.0  0.0  0.0  0.0  0.0  0.0  0.3
  0.3  1.0  1.0  0.3  0.0  0.0  0.3  0.0  0.0  0.3  0.0  0.0  1.6  1.3  0.0
  4.2  0.0  0.0  4.2  2.9  0.3  3.6  2.9  0.0  0.0  0.0  0.0  0.0  0.0  0.0
  0.0  0.7  0.0  0.0  0.0  0.0  0.0 13.7  3.3  0.0  6.8 27.6  3.3 11.7 11.1
  2.0  1.3  2.0  3.6  0.0  0.7  0.0 41.3 19.5 14.6  1.6  8.8  8.8 10.4  0.0
     -7.16      5.49     -4.71     -2.89      0.03  0.3  0.3  0.0  0.0  0.0
                                cont_story_0003_llm_free.txt 34.3  4.5 3495
 16.3  5.2 10.3 50.1  9.2  1.4  3.4  1.1  8.3 23.7  0.6  0.3  0.3  5.4  0.6
  0.3  0.9  5.4 10.3  1.4  1.1289.8 84.4 30.3100.7 49.2  9.7 11.7  0.0  0.3
  0.0  1.4 28.0 10.9 16.3 33.2  4.3  4.3  3.7  1.7  0.9  1.1  2.0  2.0  0.3
  6.9  5.7  0.9  3.4  4.6 10.6 19.5  9.2  2.3  0.3 59.8 66.7  1.7169.7  6.0
  0.9  0.3  0.0  0.0  0.0  0.0  0.0  0.0  0.0  0.0  0.0  0.0  0.0  0.0  0.0
  0.0  0.0  0.0  4.0  0.0  0.9  1.7  0.0  0.3  0.0  0.0  0.0  0.0  0.0  0.6
  0.3  0.0  0.0  0.9  0.0  0.0  0.3  0.0  0.0  0.0  0.0  0.0  2.3  1.7  0.0
  6.6  0.3  0.0  6.9  1.7  0.3  2.0  4.0  0.0  0.0  0.0  0.0  0.0  0.0  0.0
  0.0  1.1  0.0  0.0  0.3  0.0  0.3  9.4  3.7  0.3  9.2 27.5  7.4  4.6 12.9
  2.0  1.7  4.0  2.3  0.0  1.1  0.9 36.6 20.3 18.9  1.7  6.6 12.6  5.7  0.0
     -1.90      3.82     -6.20     -2.74      0.36  0.0  0.0  0.0  0.0  0.0
                                cont_story_0004_llm_free.txt 35.0  4.5 3742
 19.2  3.2  3.7 48.4 11.5  1.1  2.9  1.1 11.0 19.5  0.8  1.6  0.0  4.8  0.0
  0.3  1.1  3.7  6.4  0.8  2.4269.1 93.0 31.5112.8 64.7 11.2  9.6  0.0  0.8
  0.3  1.1 25.1  8.6 12.0 29.4  7.5  2.9  1.1  0.5  1.9  2.7  4.5  4.0  0.5
  7.7  4.0  0.5  3.7  4.3  8.6 13.6 12.3  1.9  1.1 58.8 87.1  2.1180.9  8.0
  1.9  0.0  0.0  0.0  0.0  0.0  0.0  0.0  0.0  0.0  0.0  0.0  0.0  0.0  0.0
  0.0  0.0  0.0  1.1  0.3  1.6  1.3  0.0  0.0  0.0  0.0  0.0  0.0  0.0  0.3
  0.0  1.6  0.5  0.5  0.0  0.0  0.0  0.3  0.0  0.8  0.0  0.3  2.7  0.5  0.0
  4.3  0.0  0.0  4.3  2.9  0.3  4.0  3.5  0.0  0.0  0.0  0.0  0.0  0.0  0.0
  0.0  0.3  0.0  0.0  0.0  0.0  0.0 14.4  3.2  2.4  8.8 34.2  3.5  4.8 14.7
  1.9  0.5  1.6  4.0  0.5  0.3  0.5 34.2 13.6 23.0  1.6  6.7 12.8  8.0  0.0
     -4.06      4.80     -3.89     -3.36      2.73  0.3  0.0  0.0  0.0  0.0
                                cont_story_0005_llm_free.txt 38.3  4.7 3152
 14.9  8.6  1.3 38.1  6.0  0.6  2.2  1.0  8.6 21.3  0.3  0.3  0.3  7.0  0.3
  0.6  1.3  4.8 10.8  1.3  1.3293.5 80.6 34.6124.7 51.7 10.8 14.0  0.3  1.3
  0.3  0.6 27.3  5.4 10.5 29.8  7.6  7.0  3.5  1.6  0.3  2.2  3.2  7.0  1.0
  4.1  3.8  0.3  3.5  5.4 12.1 17.1 12.1  2.5  1.9 60.9 66.3  1.3177.0  3.5
  1.0  0.0  0.0  0.0  0.0  0.0  0.0  0.0  0.0  0.0  0.0  0.0  0.0  0.0  0.0
  0.0  0.0  0.0  4.8  1.3  1.0  3.8  0.0  0.0  0.0  0.0  0.0  0.0  0.0  0.6
  0.6  2.5  0.0  0.3  0.0  0.0  0.0  0.0  0.0  0.3  0.0  0.3  3.2  0.6  0.0
 10.8  0.0  0.0 10.8  4.1  0.0  4.4  4.1  0.0  0.0  0.0  0.0  0.0  0.0  0.0
  0.0  1.0  0.0  0.0  0.0  0.0  0.0  7.0  3.2  0.6  7.9 35.2  8.2  5.7 14.0
  1.9  1.6  2.2  1.3  0.0  1.6  0.0 30.5 21.3 20.6  1.0  7.9  8.2  6.0  0.0
     -2.48      5.33     -2.10     -2.06      1.48  0.3  0.0  0.0  0.0  0.0
                                cont_story_0006_llm_free.txt 38.0  4.4 3324
 17.4  5.7  6.0 35.5  7.5  1.2  3.3  0.9 11.4 15.0  0.6  0.9  0.3  4.8  0.6
  0.9  1.8  3.9  8.4  0.6  3.3272.3 88.1 35.5117.6 66.8 14.1 10.8  0.0  0.9
  0.3  1.5 23.2  6.6 18.7 27.1  5.4  2.7  2.4  0.9  0.3  2.1  2.1  5.1  0.3
  3.9  4.5  1.2  1.8  2.4  6.9 16.2  9.3  2.4  1.2 63.8 85.7  1.8170.0  8.1
  2.7  0.0  0.0  0.0  0.0  0.0  0.0  0.0  0.0  0.0  0.0  0.0  0.0  0.0  0.0
  0.0  0.0  0.0  2.1  0.6  2.4  1.5  0.0  0.0  0.0  0.0  0.0  0.0  0.0  0.0
  0.3  1.8  0.3  0.3  0.0  0.0  0.0  0.0  0.0  0.0  0.3  0.0  1.2  1.5  0.0
  6.6  0.0  0.0  6.6  2.7  0.0  2.7  3.0  0.0  0.0  0.0  0.0  0.0  0.0  0.0
  0.3  0.3  0.0  0.0  0.0  0.0  0.0 15.3  2.4  0.0 11.7 34.0  6.0  4.5 20.2
  3.0  1.5  2.1  3.6  0.9  1.2  0.0 33.4 19.6 20.8  1.2  6.3 10.8  9.3  0.0
     -2.27      5.83     -5.05     -3.79     -0.04  0.3  0.0  0.3  0.0  0.0
                                cont_story_0007_llm_free.txt 35.0  4.3 3799
 19.5  7.1  9.2 54.5 13.2  0.0  2.9  1.1 15.3 17.6  0.3  0.3  0.0  8.2  0.3
  0.3  2.9  7.9  8.9  1.3  2.9251.9 89.8 20.3114.2 69.2 13.7  9.2  0.3  0.5
  0.0  2.1 15.8 10.0 12.6 33.2  6.6  6.6  3.7  1.6  0.5  2.4  2.6  6.3  0.5
  3.7  4.2  1.3  2.4  2.9 15.0 17.1 10.5  4.2  0.8 52.6 97.7  2.6182.4  7.1
  1.1  0.0  0.0  0.0  0.0  0.0  0.0  0.0  0.0  0.0  0.0  0.0  0.0  0.0  0.0
  0.0  0.0  0.0  2.6  0.3  4.7  0.8  0.0  0.0  0.0  0.0  0.0  0.0  0.0  1.1
  0.0  0.8  1.1  0.0  0.0  0.0  0.0  0.0  0.0  0.3  0.0  0.0  3.4  0.0  0.0
  8.4  0.0  0.0  8.4  2.9  0.0  3.2  3.4  0.0  0.0  0.0  0.0  0.0  0.0  0.0
  0.0  0.0  0.0  0.0  0.0  0.0  0.0  8.7  4.2  1.3  6.3 25.3  2.6  5.8  9.5
  1.1  1.1  1.8  2.4  0.0  0.8  0.3 39.7 20.3 25.5  1.1  7.9 13.4  9.7  0.0
      5.20      5.45     -5.19     -1.93      0.57  1.3  0.0  0.0  0.0  0.0
                                cont_story_0008_llm_free.txt 36.5  4.4 2917
 18.9  4.1  8.2 47.3 14.1  2.1  3.1  0.3 15.1 24.7  0.7  2.1  0.3  8.6  1.0
  0.3  2.1  3.8  7.5  1.4  3.1255.7 80.2 25.4125.5 51.8 16.1 12.7  0.0  0.7
  0.0  0.3 25.4  8.2 13.0 31.2  5.8  4.1  3.1  3.1  1.4  2.1  2.1  4.5  0.7
  3.8  5.5  2.1  3.8  3.8  9.3 18.5  8.9  3.4  0.7 57.6 80.9  1.7184.1  7.5
  1.0  0.0  0.0  0.0  0.0  0.0  0.0  0.0  0.0  0.0  0.0  0.0  0.0  0.0  0.0
  0.0  0.0  0.0  1.7  0.3  3.1  1.7  0.0  0.0  0.0  0.0  0.0  0.0  0.0  0.0
  1.0  0.7  0.3  0.7  0.0  0.0  0.0  0.0  0.0  0.3  0.3  0.0  2.7  1.0  0.0
  6.9  0.0  0.0  6.9  2.7  0.0  3.1  4.1  0.0  0.0  0.0  0.0  0.0  0.0  0.0
  0.0  0.7  0.3  0.0  0.0  0.0  0.0  9.9  1.4  2.1  6.2 22.3  7.2  4.8 10.3
  1.4  2.1  3.8  2.7  0.0  1.0  0.0 33.9 20.9 24.3  1.4 10.3 12.7 10.3  0.0
      4.73      6.15     -4.75     -1.75      0.08  0.3  0.3  0.0  0.0  0.0
                                cont_story_0009_llm_free.txt 34.8  4.5 3511
 15.4  2.6  5.1 49.0 11.1  0.3  2.6  0.9 15.9 20.8  1.1  0.9  0.6  8.0  0.9
  0.6  1.7  5.4 10.3  1.1  0.3273.1 80.3 26.8123.6 56.1 13.1 13.7  0.0  1.1
  0.0  1.1 27.1  5.1  8.3 32.2  7.1  4.3  3.1  2.6  1.4  2.3  2.3  5.7  0.0
  5.7  6.8  1.4  0.9  5.4 11.1 21.6 11.4  2.8  1.1 61.2 83.2  2.8189.4  6.3
  0.9  0.0  0.0  0.0  0.0  0.0  0.0  0.0  0.0  0.0  0.0  0.0  0.0  0.0  0.0
  0.0  0.0  0.0  2.0  0.6  1.7  0.9  0.0  0.0  0.0  0.0  0.0  0.0  0.0  0.6
  0.0  2.0  0.6  0.0  0.0  0.0  0.0  0.0  0.0  0.3  0.0  0.0  2.0  0.3  0.0
  5.1  0.0  0.0  5.1  3.1  0.0  3.4  2.3  0.0  0.0  0.0  0.0  0.0  0.0  0.0
  0.0  0.6  0.0  0.0  0.0  0.0  0.0  8.5  1.4  1.1 11.7 25.1  2.0 13.4  5.1
  1.7  1.7  1.7  2.0  0.0  2.6  0.9 41.9 23.4 19.4  1.4  8.0 10.0  9.7  0.0
      0.25      5.88     -1.88     -1.82      0.50  0.0  0.0  0.0  0.0  0.0
                                cont_story_0010_llm_free.txt 36.0  4.6 3350
 15.8  2.7  5.1 40.3  6.6  0.6  2.7  1.2 15.2 16.7  0.3  1.2  0.6  5.4  0.0
  0.3  2.1  5.1 10.1  1.2  0.3283.6 81.8 29.3121.5 53.1 11.9 13.1  0.0  1.8
  0.3  0.9 27.5  6.9 16.7 28.7  4.2  1.5  4.2  1.8  0.9  1.8  2.1  5.7  1.2
  4.5  5.1  0.6  2.1  3.6  7.5 19.1 11.3  3.3  2.1 58.5 74.9  0.9181.8  9.0
  1.2  0.3  0.0  0.0  0.0  0.0  0.0  0.0  0.0  0.0  0.0  0.0  0.0  0.0  0.0
  0.0  0.0  0.0  0.9  0.6  1.2  1.2  0.0  0.3  0.0  0.0  0.0  0.0  0.0  0.3
  0.0  0.9  0.6  0.0  0.0  0.0  0.0  0.0  0.0  0.0  0.3  0.0  1.8  0.9  0.0
  3.9  0.3  0.0  4.2  1.8  0.0  1.8  3.0  0.0  0.0  0.0  0.0  0.0  0.0  0.0
  0.0  0.6  0.0  0.0  0.0  0.0  0.0 14.9  0.9  1.8  8.4 26.6  4.5  4.5 18.5
  3.3  1.2  2.4  2.1  0.3  0.6  0.0 27.8 24.2 19.1  0.9  7.8 14.0  9.9  0.0
     -2.65      5.36     -4.13     -2.94      0.90  0.3  0.0  0.3  0.0  0.0
                                cont_story_0011_llm_free.txt 34.0  4.6 3563
 14.0  2.5  4.2 38.5 10.9  0.3  1.7  0.8 12.1 16.6  0.0  0.8  0.3  5.6  0.8
  0.3  0.8  5.1  6.5  0.3  4.5291.6 90.4 27.8117.0 43.8 12.3  6.5  0.0  0.3
  0.0  2.5 27.5 10.9 15.2 21.3  3.6  0.3  2.0  1.4  0.8  1.1  1.7  3.4  0.3
  2.2  4.5  0.6  3.4  2.8  6.2 15.7  5.9  1.1  0.3 63.4 66.8  2.5163.9  7.0
  0.0  0.0  0.0  0.0  0.0  0.0  0.0  0.0  0.0  0.0  0.0  0.0  0.0  0.0  0.0
  0.0  0.0  0.0  0.8  0.0  1.1  0.6  0.0  0.0  0.0  0.0  0.0  0.0  0.3  0.0
  0.0  1.1  0.6  0.3  0.0  0.0  0.0  0.0  0.0  0.0  0.0  0.0  0.6  0.3  0.0
  2.5  0.0  0.3  2.8  2.0  0.0  2.0  0.8  0.0  0.0  0.0  0.0  0.0  0.0  0.0
  0.0  0.0  0.0  0.0  0.0  0.0  0.0  7.3  4.5  0.3  9.3 27.5  5.9  4.2  6.2
  0.3  1.4  1.4  3.4  0.3  0.6  0.0 33.1 12.9 17.1  1.1  7.6 10.7  9.0  0.0
     -5.52      3.64     -4.84     -4.42     -1.12  0.0  0.3  0.0  0.0  0.0
                                cont_story_0012_llm_free.txt 32.5  4.4 3403
 13.8  3.5  7.3 47.3  8.5  0.9  3.5  0.9 16.2 20.6  2.4  0.3  0.3  6.8  0.3
  0.9  2.4  5.6 10.0  0.0  2.6263.9 78.8 25.3123.1 62.0 18.5 12.0  0.3  0.6
  0.6  1.8 24.4  7.1 13.8 31.1  3.8  3.2  2.4  2.4  1.8  2.4  2.9  7.3  0.0
  3.2  6.8  1.2  2.4  5.9 10.6 21.2 10.6  2.4  1.5 55.5 86.7  1.8181.9  4.7
  2.4  0.3  0.0  0.0  0.0  0.0  0.0  0.0  0.0  0.0  0.0  0.0  0.0  0.0  0.0
  0.0  0.0  0.0  1.5  0.3  2.4  1.5  0.0  0.3  0.0  0.0  0.0  0.0  0.3  0.3
  0.3  1.8  0.3  0.3  0.0  0.3  0.0  0.0  0.0  0.0  0.0  0.3  3.2  1.8  0.0
  5.6  0.3  0.3  6.2  2.9  0.3  3.2  5.3  0.0  0.0  0.0  0.0  0.0  0.0  0.0
  0.0  0.0  0.0  0.0  0.0  0.0  0.0 12.9  0.3  0.3  2.9 23.5  4.1  3.8 23.5
  2.6  0.9  1.2  3.5  0.0  0.3  0.0 34.4 19.4 18.2  1.5  6.8 10.6  7.3  0.0
      0.73      6.87     -3.53     -2.23      0.37  0.0  0.0  0.0  0.3  0.0
                                cont_story_0013_llm_free.txt 36.3  4.6 3322
 14.8  3.6  5.4 42.1  8.4  0.9  3.6  0.3 12.6 21.4  0.9  1.5  0.3  4.8  1.5
  1.2  0.6  3.6  6.3  0.3  2.1276.6 77.7 32.8116.2 50.6 13.8 10.2  0.0  1.2
  0.3  2.1 27.4 13.5 12.0 30.1  5.1  3.9  2.4  1.2  0.6  2.1  3.3  4.8  0.0
  4.5  6.9  0.3  2.1  3.6  8.1 18.1  9.3  0.9  1.5 70.1 71.6  2.1172.5  5.7
  0.6  0.0  0.0  0.0  0.0  0.0  0.0  0.0  0.0  0.0  0.0  0.0  0.0  0.0  0.0
  0.0  0.0  0.0  1.8  0.9  1.5  0.3  0.0  0.0  0.0  0.0  0.0  0.0  0.0  0.0
  0.3  0.9  0.9  0.0  0.0  0.0  0.0  0.0  0.0  0.6  0.0  0.0  1.5  0.6  0.0
  4.5  0.0  0.0  4.5  2.1  0.0  2.7  2.1  0.0  0.0  0.0  0.0  0.0  0.0  0.0
  0.0  0.0  0.0  0.0  0.0  0.0  0.0  9.0  3.0  1.5  5.7 38.8  6.0 16.9  5.4
  0.3  2.1  0.9  1.8  0.0  1.8  0.0 40.9 15.4 18.4  2.1  6.6 12.6  9.6  0.0
     -4.15      4.90     -4.59     -3.22      0.63  0.6  0.0  0.0  0.0  0.0
                                cont_story_0014_llm_free.txt 36.8  4.3 3374
 17.8  5.9  5.9 37.0 10.7  1.2  1.8  0.3 15.1 16.6  0.3  0.0  0.0  5.6  0.6
  0.6  1.5  2.7 11.6  0.6  0.0266.4 88.6 31.7124.5 63.4 15.7 13.3  0.0  0.3
  0.0  1.2 13.6  6.2 17.8 28.2  7.7  3.3  3.0  1.5  0.9  1.5  2.4  5.6  0.3
  3.3  5.0  1.5  2.4  4.1  6.8 19.3  9.2  2.1  0.3 57.8 89.2  2.4175.5  4.4
  1.5  0.0  0.0  0.0  0.0  0.0  0.0  0.0  0.0  0.0  0.0  0.0  0.0  0.0  0.0
  0.0  0.0  0.0  3.0  0.6  2.4  2.1  0.0  0.0  0.0  0.0  0.0  0.0  0.0  0.3
  0.6  1.2  1.5  0.6  0.0  0.6  0.0  0.0  0.0  0.0  0.0  0.3  1.5  0.3  0.0
  8.0  0.0  0.0  8.0  4.1  0.6  4.7  2.1  0.0  0.0  0.0  0.0  0.0  0.0  0.0
  0.0  0.3  0.0  0.0  0.0  0.0  0.0  6.2  2.4  0.9  5.3 34.7  3.9  4.1 13.0
  3.6  1.2  3.6  2.7  0.0  0.9  0.0 33.8 23.1 19.9  2.4  6.8 15.1 11.6  0.0
     -3.37      6.68     -6.10     -3.18     -0.01  0.0  0.0  0.0  0.0  0.0
                                cont_story_0015_llm_free.txt 35.8  4.4 3324
 19.3  6.6  8.1 49.3 17.4  1.2  3.3  0.9 19.3 22.0  0.6  1.2  0.3  5.4  0.9
  0.9  1.8  4.8  6.9  1.5  1.5252.7 78.8 34.0130.3 66.5 11.4 11.1  0.0  0.9
  0.0  1.2 19.0  7.8 13.2 27.1  7.8  2.4  2.7  0.9  0.9  1.5  3.3  4.8  0.3
  5.1  4.8  0.6  2.1  7.2  8.1 15.0 10.2  3.3  0.9 61.7103.2  2.4194.6  8.1
  1.5  0.3  0.0  0.0  0.0  0.0  0.0  0.0  0.0  0.0  0.0  0.0  0.0  0.0  0.0
  0.0  0.0  0.0  1.8  1.2  2.4  2.1  0.0  0.6  0.0  0.0  0.0  0.0  0.0  0.6
  0.3  1.2  1.2  0.3  0.0  0.0  0.0  0.0  0.0  0.9  0.0  0.0  1.5  0.6  0.0
  7.5  0.6  0.0  8.1  3.6  0.0  4.5  2.1  0.0  0.0  0.0  0.0  0.0  0.0  0.0
  0.0  0.6  0.0  0.0  0.0  0.0  0.0 15.0  1.8  1.5  6.0 29.2  3.3  3.9 27.1
  0.9  1.2  2.7  3.3  0.0  1.2  0.0 37.9 19.3 25.0  3.0  8.1 13.8  9.6  0.0
      2.49      5.77     -4.48     -3.72      1.05  0.0  0.0  0.3  0.0  0.0
                                cont_story_0016_llm_free.txt 34.8  4.4 3268
 13.2  4.3  8.3 34.6  8.6  0.0  1.2  0.6  9.8 22.9  0.3  1.5  0.0  6.1  0.6
  0.6  1.8  2.8  9.2  0.3  0.6270.8 85.1 31.5119.0 56.9 14.1 11.0  0.0  0.6
  0.0  2.1 23.9  7.0 13.5 28.2  5.2  4.9  0.9  2.1  1.8  0.9  1.8  5.8  0.3
  4.0  8.3  1.2  2.1  3.4  9.5 23.3 10.1  2.1  0.6 60.3 75.3  1.2168.0  8.3
  0.6  0.0  0.0  0.0  0.0  0.0  0.0  0.0  0.0  0.0  0.0  0.0  0.0  0.0  0.0
  0.0  0.0  0.0  2.8  0.3  2.1  0.6  0.0  0.0  0.0  0.0  0.0  0.0  0.0  0.0
  0.3  1.5  1.2  0.3  0.3  0.3  0.0  0.0  0.0  0.3  0.0  0.0  0.9  0.6  0.0
  5.8  0.0  0.0  5.8  3.4  0.6  4.3  1.5  0.0  0.0  0.0  0.0  0.0  0.0  0.0
  0.0  1.5  0.0  0.3  0.0  0.0  0.0  9.2  2.4  0.6  5.2 34.0  5.2  4.6  5.8
  2.1  2.1  4.3  2.1  0.3  0.6  0.6 37.9 18.1 17.7  1.5  6.7 11.3  7.3  0.0
     -3.04      5.46     -3.84     -2.93     -0.08  0.3  0.0  0.0  0.0  0.0
                                cont_story_0017_llm_free.txt 32.5  4.5 2861
 11.5  2.4  5.6 27.6  7.0  0.3  3.1  1.0 17.1 21.3  0.0  1.7  0.3  6.6  0.3
  0.0  1.4  1.7  8.0  0.3  2.4273.0 87.4 34.6126.2 41.9 15.4  5.6  0.7  1.4
  0.0  1.4 25.5  9.4 17.5 24.1  7.0  2.1  0.3  0.7  0.3  2.8  2.8  8.7  0.7
  4.9  3.8  1.0  2.4  4.2  4.2 15.7 14.3  1.7  2.1 65.7 66.1  2.4171.3  7.3
  1.4  0.0  0.0  0.0  0.0  0.0  0.0  0.0  0.0  0.0  0.0  0.0  0.0  0.0  0.0
  0.0  0.0  0.0  0.7  0.0  1.7  1.7  0.0  0.0  0.0  0.0  0.0  0.0  0.0  0.7
  0.3  0.7  0.0  1.4  0.0  0.0  0.0  0.0  0.0  0.3  0.0  0.0  1.4  0.3  0.0
  4.2  0.0  0.0  4.2  3.1  0.0  3.5  1.7  0.0  0.0  0.0  0.0  0.0  0.0  0.0
  0.3  0.0  0.0  0.0  0.0  0.0  0.0  7.7  2.8  0.7  6.6 28.7  6.3  3.8  8.0
  3.1  2.4  3.1  2.4  0.3  0.0  0.3 34.6 12.6 16.1  2.1  8.4 11.2 10.1  0.0
     -4.29      4.28     -4.83     -4.39      1.56  0.0  0.0  0.0  0.0  0.0
                                cont_story_0018_llm_free.txt 35.3  4.6 2830
 14.5  2.1  4.9 39.2  7.4  0.0  2.5  0.7 10.2 11.7  0.7  0.7  0.4  3.2  0.0
  0.0  1.4  4.9  8.5  0.4  1.8288.7 89.4 33.2118.7 61.5 11.7 11.0  0.7  0.7
  0.0  2.8 33.9  9.5 12.0 29.3  4.2  1.4  1.1  0.4  1.8  1.8  2.5  5.3  0.0
  6.0  5.7  1.8  0.7  3.9  8.1 18.0 11.3  1.8  1.4 66.1 79.2  3.9174.9  6.4
  1.8  0.0  0.0  0.0  0.0  0.0  0.0  0.0  0.0  0.0  0.0  0.0  0.0  0.0  0.0
  0.0  0.0  0.0  0.4  0.4  2.5  0.0  0.0  0.0  0.0  0.0  0.0  0.0  0.0  0.0
  0.0  0.4  0.4  0.4  0.0  0.0  0.0  0.0  0.0  0.0  0.0  0.0  0.7  0.0  0.0
  3.2  0.0  0.0  3.2  1.1  0.0  1.1  0.7  0.0  0.0  0.0  0.0  0.0  0.0  0.0
  0.0  0.0  0.0  0.0  0.4  0.0  0.0 17.3  1.4  2.1  7.4 25.1  2.1  5.7 11.7
  7.8  0.4  3.2  3.9  0.4  0.4  0.0 37.8 18.0 15.2  2.5  6.4 10.6  9.2  0.0
     -8.28      5.18     -2.78     -4.22      0.66  0.4  1.1  0.0  0.0  0.0
                                cont_story_0019_llm_free.txt 35.3  4.6 3410
 13.8  4.1  6.5 40.8  6.5  0.9  2.9  1.2 11.1 20.8  0.6  0.6  0.6  5.9  0.9
  0.3  0.9  4.1  8.8  1.5  2.3291.5 85.0 32.0119.9 49.9 11.4 11.7  0.3  0.0
  0.0  1.2 20.8  9.7 16.4 35.8  5.6  2.6  2.6  0.9  1.8  2.3  3.2  5.6  0.6
  5.3  4.1  1.5  2.3  3.5  8.5 15.5 11.4  2.3  0.3 63.0 67.4  0.9178.9  6.2
  0.3  0.0  0.0  0.0  0.0  0.0  0.0  0.0  0.0  0.0  0.0  0.0  0.0  0.0  0.0
  0.0  0.0  0.0  2.3  0.0  2.6  0.9  0.0  0.0  0.0  0.0  0.0  0.0  0.0  0.3
  0.6  0.6  0.9  0.6  0.0  0.0  0.0  0.0  0.0  0.0  0.0  0.3  4.7  2.1  0.0
  5.9  0.0  0.0  5.9  2.9  0.0  2.9  7.0  0.0  0.0  0.0  0.0  0.0  0.0  0.0
  0.0  0.0  0.3  0.0  0.0  0.0  0.0 14.1  5.3  1.5  6.2 26.4  6.5  2.9 19.9
  0.3  0.6  2.1  1.8  0.0  0.0  0.9 31.4 16.7 18.8  2.6  6.5 10.0  8.8  0.0
     -3.53      4.81     -6.60     -2.95      1.39  0.6  0.0  0.0  0.3  0.0
                                cont_story_0020_llm_free.txt 34.3  4.6 3218
 13.1  1.9  4.4 26.7  5.3  0.3  0.6  0.3  5.9 16.8  0.6  0.9  0.0  3.4  0.0
  0.0  0.0  2.2 13.1  0.3  1.6288.7 89.2 35.1120.0 50.0 15.8  5.3  0.3  0.6
  0.3  2.8 32.0  7.8 17.4 28.6  4.4  1.6  1.2  2.2  1.2  1.6  2.2  6.8  1.2
  7.5  5.3  0.6  2.2  3.7  5.0 24.2 15.5  0.3  1.2 69.0 61.2  0.9167.8  6.8
  0.3  0.0  0.0  0.0  0.0  0.0  0.0  0.0  0.0  0.0  0.0  0.0  0.0  0.0  0.0
  0.0  0.0  0.0  0.6  0.3  1.2  0.6  0.0  0.0  0.0  0.0  0.0  0.0  0.0  0.3
  0.0  1.2  0.6  0.6  0.0  0.0  0.0  0.0  0.0  0.0  0.3  0.0  0.9  0.0  0.0
  2.8  0.0  0.0  2.8  2.8  0.0  2.8  1.2  0.0  0.0  0.0  0.0  0.0  0.0  0.0
  0.3  0.3  0.0  0.0  0.0  0.0  0.0  9.9  2.2  0.9  6.2 33.3 10.6  5.6  9.0
  1.2  2.2  3.4  3.4  0.0  1.2  0.3 44.4 11.2 12.4  1.2  7.1  9.6  7.8  0.0
    -11.24      4.47     -3.95     -3.63      2.13  0.0  0.0  0.0  0.3  0.0
