prompt,source,filename,f1,f2,f3,f4
human,human,4000_story_0004.txt,-5.948999829,-1.655649516,-12.98726939,-3.873550645
llm_free,ai,4000_story_0004_llm_free.txt,-16.78843664,-8.03142603,5.9056965055,-1.701932216
human,human,4000_story_0005.txt,4.4652379219,15.78370814,-9.990802431,-1.845659081
llm_free,ai,4000_story_0005_llm_free.txt,-6.910692925,-7.293079072,8.3170063503,0.5781726063
human,human,4000_story_0007.txt,-1.210256525,-10.80870028,-13.99855752,0.0445041774
llm_free,ai,4000_story_0007_llm_free.txt,-10.21992474,-10.32212799,6.245481991,-1.411777917
human,human,4000_story_0008.txt,17.867865688,-1.647874755,-3.631328045,-2.113927275
llm_free,ai,4000_story_0008_llm_free.txt,-16.21616886,-2.096408232,4.5075798708,-1.25386299
human,human,4000_story_0009.txt,2.547151083,36.943807658,-8.082391778,-0.239768394
llm_free,ai,4000_story_0009_llm_free.txt,-13.74868917,-12.08140782,-1.60122131,-1.578767939
human,human,4000_story_0010.txt,2.6472993886,31.926874261,-5.825522117,0.0046939539
llm_free,ai,4000_story_0010_llm_free.txt,-9.630606401,-5.998079255,3.9152340354,-0.225359547
human,human,4000_story_0013.txt,-5.473973699,9.9303722964,-12.25277077,-3.939018403
llm_free,ai,4000_story_0013_llm_free.txt,-11.09373819,-3.193789297,-1.775629486,-1.404549368
human,human,4000_story_0014.txt,16.753189304,4.3408436587,3.9356294817,-1.385224364
llm_free,ai,4000_story_0014_llm_free.txt,-15.12311001,-10.02919595,0.3510582412,-0.433968514
human,human,4000_story_0016.txt,7.6322293028,3.7360061901,-0.80515443,-1.136830787
llm_free,ai,4000_story_0016_llm_free.txt,-12.23714553,-12.70426021,0.0702154034,2.014130919
human,human,4000_story_0018.txt,16.394720477,26.127635261,3.6673206209,-1.184876457
llm_free,ai,4000_story_0018_llm_free.txt,-7.363966998,-4.754606816,11.651572649,4.1793731827
human,human,4000_story_0019.txt,18.405921893,5.9922156964,3.8395613555,0.6473845407
llm_free,ai,4000_story_0019_llm_free.txt,-13.5413356,-7.904019403,5.5241191829,1.1396164596
human,human,4000_story_0020.txt,-5.856887687,22.258462893,-12.8192186,-2.902698446
llm_free,ai,4000_story_0020_llm_free.txt,-14.74044144,-3.131451864,3.9808721609,0.4778833097
human,human,4000_story_0022.txt,0.0466578172,9.4931262159,-12.51114657,0.3513374186
llm_free,ai,4000_story_0022_llm_free.txt,-15.38969616,-7.472488979,2.0082257916,1.4130389483
human,human,4000_story_0188.txt,14.516137711,-3.734639114,-2.331610378,-0.643792427
llm_free,ai,4000_story_0188_llm_free.txt,-13.4763335,-15.49662482,-0.208270548,0.7168264932
human,human,4000_story_0190.txt,4.3798114858,14.80996812,-21.7217814,-2.351110515
llm_free,ai,4000_story_0190_llm_free.txt,-14.81914837,-8.187586194,-1.17150717,-0.149297338
human,human,4000_story_0198.txt,3.4632852158,5.8773468866,-10.50635231,-3.330784484
llm_free,ai,4000_story_0198_llm_free.txt,-10.63833383,-12.77961279,3.6726825219,-0.046945996
human,human,4000_story_0199.txt,19.493877755,2.6612788465,-1.909495722,-1.983212545
llm_free,ai,4000_story_0199_llm_free.txt,-12.62838396,-11.71570152,-0.688269828,-0.199651453
human,human,4000_story_0201.txt,27.117509966,8.5113254279,-5.537989756,-1.966203579
llm_free,ai,4000_story_0201_llm_free.txt,-13.70231283,-11.9795699,9.0583318713,2.9813941227
human,human,4000_story_0203.txt,14.859496592,-5.287073817,-1.965179779,-2.355174287
llm_free,ai,4000_story_0203_llm_free.txt,-5.836009287,-11.25979903,8.3384249799,-0.38891047
human,human,4000_story_0205.txt,13.941040509,2.2375817298,0.3864273655,-0.834641689
llm_free,ai,4000_story_0205_llm_free.txt,-12.14016959,-2.495120151,3.7147888853,2.2699768067
human,human,4000_story_0208.txt,14.443208275,4.6526438739,2.855462534,-1.189724034
llm_free,ai,4000_story_0208_llm_free.txt,-10.98035971,-12.88404573,9.0672088764,2.1932649782
human,human,4000_story_0209.txt,30.285348197,-8.186251557,-7.882031533,-0.564648398
llm_free,ai,4000_story_0209_llm_free.txt,-6.212217809,-8.34056449,4.3729614583,-1.183500073
human,human,4000_story_0213.txt,22.399812374,3.1706978193,-3.191262741,-1.327500591
llm_free,ai,4000_story_0213_llm_free.txt,-16.76800876,-6.171697528,-2.286346851,-1.178315548
human,human,4000_story_0215.txt,18.498967186,14.166011233,0.0266476245,-1.841662249
llm_free,ai,4000_story_0215_llm_free.txt,-17.3197806,-11.53676317,1.2340114477,0.1901582353
human,human,4000_story_0218.txt,28.896100279,1.8292039594,3.0405214766,2.5324039323
llm_free,ai,4000_story_0218_llm_free.txt,-20.04955659,-6.330949901,-4.648145318,-1.919968939
human,human,4000_story_0219.txt,12.829387331,12.219225379,-8.465183363,-1.308754318
llm_free,ai,4000_story_0219_llm_free.txt,-9.768982833,0.3711816624,7.3186772051,0.7335490704
human,human,4000_story_0220.txt,-1.661614745,1.6060702158,-12.22794779,-2.25985037
llm_free,ai,4000_story_0220_llm_free.txt,-11.92186616,-11.17345792,5.8505153999,2.2464951728
human,human,4000_story_0222.txt,11.219481816,14.772493822,-11.63180304,-2.082246237
llm_free,ai,4000_story_0222_llm_free.txt,-15.57517075,-10.42662537,2.3843947907,-0.820567482
human,human,4000_story_0223.txt,1.5363736715,4.033084081,-9.776371332,-3.876969414
llm_free,ai,4000_story_0223_llm_free.txt,-8.270178777,-1.445307311,3.1651799559,-0.944784599
human,human,4000_story_0224.txt,17.956540611,21.541141336,0.0488321166,0.1255225324
llm_free,ai,4000_story_0224_llm_free.txt,-8.410175662,-10.41397251,11.073735482,0.3615919443
human,human,4000_story_0225.txt,10.510144089,-8.165833241,-10.14259593,-0.24771976
llm_free,ai,4000_story_0225_llm_free.txt,-14.35095192,-6.895407935,0.0985490799,0.7670487322
human,human,4000_story_0226.txt,27.472829825,-3.154016762,-0.124115201,-0.480616802
llm_free,ai,4000_story_0226_llm_free.txt,-10.60921698,-11.73868057,0.9461660003,0.783438309
human,human,4000_story_0230.txt,27.003771455,-1.549799135,-1.708761676,-1.123669951
llm_free,ai,4000_story_0230_llm_free.txt,-14.10466548,-12.61072612,3.2062854936,0.097435105
human,human,4000_story_0237.txt,24.622967741,-2.737527264,-3.025394983,-0.588385664
llm_free,ai,4000_story_0237_llm_free.txt,-6.040697695,-7.35966628,3.3806505189,0.4913335113
human,human,4000_story_0238.txt,16.574092506,13.226566543,1.5367909047,0.8452898183
llm_free,ai,4000_story_0238_llm_free.txt,-13.57219963,-3.891597831,5.5940656658,1.3101954763
human,human,4000_story_0242.txt,6.2886015706,-2.454536078,-10.75814912,-3.30647608
llm_free,ai,4000_story_0242_llm_free.txt,-13.58003552,-7.582126939,-1.582027998,1.6684130352
human,human,4000_story_0249.txt,21.367635547,13.07594045,1.2253710794,2.0468375442
llm_free,ai,4000_story_0249_llm_free.txt,-14.33789895,-13.19630594,2.9983850131,-1.625936279
human,human,4000_story_0250.txt,10.398161343,8.0062108138,-4.0385448,-1.158803493
llm_free,ai,4000_story_0250_llm_free.txt,-13.17870618,-11.7202499,5.3036936428,1.6227739524
human,human,4000_story_0254.txt,8.5434245037,1.0578962044,-9.612362359,3.1302218877
llm_free,ai,4000_story_0254_llm_free.txt,-9.763952145,-4.535555799,5.5547826956,0.5714338786
human,human,4000_story_0256.txt,31.600905628,10.125911551,11.785853377,1.0712929509
llm_free,ai,4000_story_0256_llm_free.txt,-13.12007593,-10.29844203,5.7161130707,0.5951228933
human,human,4000_story_0268.txt,20.349988175,5.7933744887,-1.269501216,1.7232863423
llm_free,ai,4000_story_0268_llm_free.txt,-14.59264016,-17.32943349,-2.983192706,-1.117767895
human,human,4000_story_0271.txt,1.9846703839,-5.810869465,-5.048053659,-0.24493259
llm_free,ai,4000_story_0271_llm_free.txt,-12.25137036,-4.887008884,5.0024382875,-1.261004938
human,human,4000_story_0276.txt,-2.817332366,10.143417462,-6.285565365,1.0021798274
llm_free,ai,4000_story_0276_llm_free.txt,-9.909784619,-6.139509149,8.2776352231,-0.098286679
human,human,4000_story_0277.txt,-5.625886447,3.990778132,-7.082393837,0.1245405808
llm_free,ai,4000_story_0277_llm_free.txt,-6.124373137,-8.816041867,13.278273982,2.6688336674
human,human,4000_story_0278.txt,-7.493670216,8.2822747745,-17.23694002,-1.360700986
llm_free,ai,4000_story_0278_llm_free.txt,-15.25583378,-13.17808031,4.2449159118,-1.650744406
human,human,4000_story_0279.txt,22.212559215,-5.755705638,8.472067197,-0.659149493
llm_free,ai,4000_story_0279_llm_free.txt,-13.54395236,-0.829752673,5.649065818,-0.773939523
human,human,4000_story_0280.txt,19.934042201,-4.991579894,16.221058109,-1.129828308
llm_free,ai,4000_story_0280_llm_free.txt,-13.32206241,-10.91710318,-3.453569602,-0.226052133
human,human,4000_story_0282.txt,-4.202754078,0.8752037382,5.0249924284,0.008110415
llm_free,ai,4000_story_0282_llm_free.txt,-11.80671692,-8.195175887,8.0079472027,1.6238291008
human,human,4000_story_0284.txt,5.2889130864,2.6526872355,-4.865493988,2.7693762879
llm_free,ai,4000_story_0284_llm_free.txt,-3.058023903,8.2912894442,17.827567445,4.7023152849
human,human,4000_story_0286.txt,-2.201506503,20.116701417,-5.385406303,-1.09816693
llm_free,ai,4000_story_0286_llm_free.txt,-12.54141811,-13.20694253,1.9398041706,-0.377392747
human,human,4000_story_0290.txt,13.270604883,14.773342581,4.8274387688,2.3904224938
llm_free,ai,4000_story_0290_llm_free.txt,-11.51073068,-10.30463621,1.0119434726,1.2256211913
human,human,4000_story_0293.txt,17.453600735,9.0357322302,11.400217861,-0.115757018
llm_free,ai,4000_story_0293_llm_free.txt,-15.49242368,-7.887444082,-0.18876059,-1.268748255
human,human,4000_story_0295.txt,8.745843184,40.763351051,-6.436911302,-0.058252693
llm_free,ai,4000_story_0295_llm_free.txt,-9.767742736,-9.803007679,5.9125720973,1.5687093945
human,human,4000_story_0298.txt,7.8162689579,11.713224181,-6.587475087,-0.07551796
llm_free,ai,4000_story_0298_llm_free.txt,-9.35518988,-8.58982165,6.9054227592,-0.13878718
human,human,4000_story_0314.txt,30.600896553,10.951563417,6.2147363737,-4.205691736
llm_free,ai,4000_story_0314_llm_free.txt,-8.239693891,-5.518138728,6.4984028789,2.1748330164
human,human,4000_story_0315.txt,8.0279510286,9.3202936542,-11.61015651,-1.383038562
llm_free,ai,4000_story_0315_llm_free.txt,-11.10988788,-12.32235742,3.1872085636,2.7405840647
human,human,4000_story_0317.txt,22.840093833,21.111403791,-2.364182934,-0.609105073
llm_free,ai,4000_story_0317_llm_free.txt,-13.06093471,-8.343619458,5.2488169307,0.9490083117
human,human,4000_story_0319.txt,23.465271073,33.728194875,12.825025084,1.0545680655
llm_free,ai,4000_story_0319_llm_free.txt,-18.59458598,-14.14667601,5.3961168245,-0.386820503
human,human,4000_story_0323.txt,23.524114389,24.477023024,-2.58031516,-1.991186548
llm_free,ai,4000_story_0323_llm_free.txt,-17.24587142,-9.764552688,-2.254571272,1.9764566064
human,human,4000_story_0336.txt,8.5138872238,18.074061972,-5.025735288,-1.00142597
llm_free,ai,4000_story_0336_llm_free.txt,-10.89148947,-10.61899196,6.3615409909,0.643952367
human,human,4000_story_0337.txt,14.87787244,21.391148058,-6.362001757,0.8906192066
llm_free,ai,4000_story_0337_llm_free.txt,-8.70992634,-11.64320917,7.8931483813,0.2311305375
human,human,4000_story_0339.txt,12.839404237,21.970163383,-10.0613808,-0.390227062
llm_free,ai,4000_story_0339_llm_free.txt,-8.63357825,-1.059208476,7.4916650374,0.9297449634
human,human,4000_story_0344.txt,11.505786842,37.999124845,-5.895946394,0.7763695577
llm_free,ai,4000_story_0344_llm_free.txt,-8.153650519,-14.71639588,1.2933342878,1.5123393686
human,human,4000_story_0348.txt,11.581110987,24.091598998,1.3911674076,-1.609209086
llm_free,ai,4000_story_0348_llm_free.txt,-8.682475713,-10.2392044,9.1628394403,2.4082297814
human,human,4000_story_0350.txt,17.807505869,12.424586866,1.9415262844,1.7860791452
llm_free,ai,4000_story_0350_llm_free.txt,-16.79150034,-9.043225862,1.4881443982,1.0487549188
human,human,4000_story_0352.txt,7.4670614795,10.599097909,-3.917074371,1.5374391695
llm_free,ai,4000_story_0352_llm_free.txt,-11.4534627,-13.75627071,-2.300101664,-1.479242117
human,human,4000_story_0354.txt,19.216955309,21.05353418,-4.413167574,3.0438899667
llm_free,ai,4000_story_0354_llm_free.txt,-14.39486858,-11.19497444,8.9690742016,1.7488776046
human,human,4000_story_0358.txt,17.191289102,-3.557661191,1.3949232659,2.3579901901
llm_free,ai,4000_story_0358_llm_free.txt,-10.16715071,-6.272042862,3.6006106036,0.5302407912
human,human,4000_story_0359.txt,15.631058649,3.4267661499,-3.52370617,1.8260159594
llm_free,ai,4000_story_0359_llm_free.txt,-13.41658429,-10.66290932,4.7852917057,0.6155506286
human,human,4000_story_0360.txt,14.225421573,11.570352188,2.5764400456,-5.011978521
llm_free,ai,4000_story_0360_llm_free.txt,-11.10345775,-7.029497604,7.1913970947,1.3885707464
human,human,4000_story_0361.txt,14.332543294,29.839171275,1.2128359385,-1.576682587
llm_free,ai,4000_story_0361_llm_free.txt,-16.11647212,-10.16569489,4.8688056263,-0.608608326
human,human,4000_story_0362.txt,8.9516808918,14.972221544,-2.655253319,1.5050271948
llm_free,ai,4000_story_0362_llm_free.txt,-8.041190014,-2.219559741,10.05950462,2.3605896401
human,human,4000_story_0363.txt,8.1379666266,13.987654215,-4.823023734,1.600288788
llm_free,ai,4000_story_0363_llm_free.txt,-11.58134455,-7.514819959,4.2431862878,-1.688035828
human,human,4000_story_0366.txt,2.1484558868,14.532894428,-8.083759704,-1.422420619
llm_free,ai,4000_story_0366_llm_free.txt,-18.90641028,-12.72293423,1.654085658,-0.662718159
human,human,4000_story_0367.txt,9.3977382302,3.8120549644,-4.483593731,-0.71376486
llm_free,ai,4000_story_0367_llm_free.txt,-4.342767678,-1.136840957,14.970092022,2.196519333
human,human,4000_story_0420.txt,19.326690656,6.7304487179,3.7931640072,0.9952180063
llm_free,ai,4000_story_0420_llm_free.txt,-13.75814961,-14.59772434,-1.129914361,-2.739886052
human,human,4000_story_0422.txt,5.597169694,18.092557694,-9.173537467,1.4461406747
llm_free,ai,4000_story_0422_llm_free.txt,-6.801269315,-9.662134238,8.7068192736,2.6188118845
human,human,4000_story_0425.txt,12.206577281,34.279406134,1.7375235008,2.3737261992
llm_free,ai,4000_story_0425_llm_free.txt,-13.6461061,-10.01596807,2.0119100853,-0.276969266
human,human,4000_story_0427.txt,14.028056977,15.773086621,-2.59576286,3.3017874725
llm_free,ai,4000_story_0427_llm_free.txt,-13.42241653,-4.790511093,5.7137095977,0.7780690409
human,human,4000_story_0428.txt,11.923542529,26.505088174,-7.999681735,1.4095824977
llm_free,ai,4000_story_0428_llm_free.txt,-11.38354447,-15.16963202,1.967744206,-0.455048177
human,human,4000_story_0429.txt,22.42141703,17.51981516,1.8243985665,7.2699867206
llm_free,ai,4000_story_0429_llm_free.txt,-20.43537753,-12.81412936,2.6994616963,0.0785569564
human,human,4000_story_0440.txt,11.128562202,38.366807277,-13.37820304,1.5669826576
llm_free,ai,4000_story_0440_llm_free.txt,-9.656122685,-7.619455131,6.8482549758,-0.531023785
human,human,4000_story_0445.txt,11.367503159,8.1542490784,-7.769959306,4.4176651068
llm_free,ai,4000_story_0445_llm_free.txt,-16.59164588,-17.66256505,0.3379654643,-2.218001406
human,human,4000_story_0447.txt,12.738544037,19.771250355,-9.662085686,1.7532540485
llm_free,ai,4000_story_0447_llm_free.txt,-12.94461206,-14.04825243,2.2688345807,-1.363645646
human,human,4000_story_0449.txt,14.297512483,13.809320094,0.0167585974,3.7829688523
llm_free,ai,4000_story_0449_llm_free.txt,-16.31575615,-12.0139741,-3.209936299,-0.739026767
human,human,4000_story_0452.txt,11.81264788,28.908528876,-3.543268895,0.1907399432
llm_free,ai,4000_story_0452_llm_free.txt,-11.26264027,-6.827018565,1.5078189019,0.5682933787
human,human,4000_story_0454.txt,2.1730928375,31.647628882,-9.538751629,0.0733068282
llm_free,ai,4000_story_0454_llm_free.txt,-16.42665865,-11.50164638,-1.254767066,-0.622081165
human,human,4000_story_0456.txt,19.73533901,12.4531215,-6.232428369,1.5257623164
llm_free,ai,4000_story_0456_llm_free.txt,-12.31781394,-10.17515622,5.2700471658,-0.112071521
human,human,4000_story_0458.txt,16.347378333,15.595963103,-2.837278322,3.8693797812
llm_free,ai,4000_story_0458_llm_free.txt,-5.642711081,-9.536420168,8.7760193505,-1.905623387
human,human,4000_story_0461.txt,13.425768351,2.7374783508,-2.730973798,-0.111374318
llm_free,ai,4000_story_0461_llm_free.txt,-11.29130416,-4.484716109,2.9780231684,-1.076750318
human,human,4000_story_0462.txt,35.532689064,-5.180191894,9.9116424415,8.2820080322
llm_free,ai,4000_story_0462_llm_free.txt,-11.2989853,-8.882004894,0.1146695063,-0.980303341
human,human,4000_story_0463.txt,21.256400831,-10.3207891,12.247208701,1.3138274375
llm_free,ai,4000_story_0463_llm_free.txt,-12.09497665,-9.699194607,3.8293878618,0.3663958857
human,human,4000_story_0464.txt,-1.318662327,-0.950232901,-13.47163051,-0.450465021
llm_free,ai,4000_story_0464_llm_free.txt,-16.66451835,-15.28301839,0.2762047385,-1.748786245
human,human,4000_story_0466.txt,31.298045799,-15.30794959,2.9762689276,4.1279773238
llm_free,ai,4000_story_0466_llm_free.txt,-16.85653437,-11.28927643,-3.886455404,-2.841633718
human,human,4000_story_0470.txt,10.921115076,14.473600149,2.4885093456,-1.956834502
llm_free,ai,4000_story_0470_llm_free.txt,-13.01113441,-8.853501702,1.3659709645,-2.803358037
human,human,4000_story_0471.txt,8.7055572787,4.8950839375,-1.037510586,-2.059728534
llm_free,ai,4000_story_0471_llm_free.txt,-15.20799722,-14.01359204,3.6591029027,-2.012065755
human,human,4000_story_0473.txt,20.541457626,7.1876539174,3.486094747,-0.850967971
llm_free,ai,4000_story_0473_llm_free.txt,-13.51637104,-9.480724631,-1.736185824,-1.862969622
human,human,4000_story_0475.txt,29.759234657,-1.39160636,9.4706965356,3.4237548238
llm_free,ai,4000_story_0475_llm_free.txt,-11.32175134,-9.00859328,5.7592697465,-0.247806361
human,human,4000_story_0478.txt,14.506967037,-2.514914282,2.8424251207,-0.527742176
llm_free,ai,4000_story_0478_llm_free.txt,-14.83379455,-10.71129258,-1.474866699,-1.593901911
human,human,4000_story_0479.txt,30.476613983,-0.36504469,16.270405221,2.0298865886
llm_free,ai,4000_story_0479_llm_free.txt,-6.33751725,-8.682995052,-2.02916822,-1.873564073
human,human,4000_story_0480.txt,11.918213888,6.1301200591,0.8862935406,-1.687541389
llm_free,ai,4000_story_0480_llm_free.txt,-15.00353086,-10.24809364,3.9391871215,1.10840953
human,human,4000_story_0481.txt,1.2158858366,8.0309821862,-8.597663191,0.0511440942
llm_free,ai,4000_story_0481_llm_free.txt,-6.076289147,-6.33669029,4.3902456857,1.2169848326
human,human,4000_story_0483.txt,17.403989111,21.681907498,6.1664967574,1.9741225475
llm_free,ai,4000_story_0483_llm_free.txt,-8.144145035,-13.43938908,3.2896223812,3.029861034
human,human,4000_story_0487.txt,3.1191059126,7.5375808779,-16.22064161,-1.58960812
llm_free,ai,4000_story_0487_llm_free.txt,-13.46487114,-3.226936191,9.6401094378,1.9565662756
human,human,4000_story_0489.txt,20.06994362,10.813108108,10.604224342,3.9071626637
llm_free,ai,4000_story_0489_llm_free.txt,-13.12097813,-7.989685715,-1.335883908,-0.462167488
human,human,4000_story_0492.txt,7.6221395104,15.072567987,-11.53239087,-2.626108204
llm_free,ai,4000_story_0492_llm_free.txt,-10.94243822,-9.844672623,-0.834585597,-1.364431758
human,human,4000_story_0493.txt,19.962668504,12.463401299,1.4824369517,0.9883850842
llm_free,ai,4000_story_0493_llm_free.txt,-8.803025765,-3.257804149,7.7987404912,0.5093389468
human,human,4000_story_0497.txt,18.316949278,6.1699850046,2.6912820672,0.3123063823
llm_free,ai,4000_story_0497_llm_free.txt,-11.3958212,-11.07371674,4.235832584,2.2028042806
human,human,4000_story_0500.txt,24.560015353,9.7865031221,0.6529041151,-1.854264683
llm_free,ai,4000_story_0500_llm_free.txt,-13.08679837,-13.41646506,-2.273661667,-0.960816899
human,human,4000_story_0501.txt,9.8657105769,17.179358929,-2.712254748,-0.312016207
llm_free,ai,4000_story_0501_llm_free.txt,-13.03339936,-8.421181506,6.0453605864,0.3541583224
human,human,4000_story_0503.txt,13.409326522,7.8368788426,-5.969765189,0.6657751759
llm_free,ai,4000_story_0503_llm_free.txt,-10.31064108,-12.55963319,7.1694378006,2.9241414822
human,human,4000_story_0511.txt,11.885628868,20.346303312,8.3314099893,-0.10675512
llm_free,ai,4000_story_0511_llm_free.txt,-13.01668981,-7.620028922,0.4869865952,0.7175673306
human,human,4000_story_0514.txt,15.552860401,10.265376838,2.1707570574,-0.732092199
llm_free,ai,4000_story_0514_llm_free.txt,-12.29615318,-8.200611385,2.4322343057,-0.362258775
human,human,4000_story_0520.txt,8.9407741986,13.259415476,1.9589625582,0.513354468
llm_free,ai,4000_story_0520_llm_free.txt,-8.066529775,-10.5928234,12.433569993,-0.11696668
human,human,4000_story_0522.txt,9.5838691969,12.060836622,2.8546959057,0.9127766555
llm_free,ai,4000_story_0522_llm_free.txt,-16.67597414,-5.285139127,3.2976253525,-0.603224014
human,human,4000_story_0529.txt,9.9553668664,14.695703256,-5.64455393,-0.748408579
llm_free,ai,4000_story_0529_llm_free.txt,-8.291585213,-10.10234407,1.5193993267,0.8439633251
human,human,4000_story_0531.txt,11.679278764,20.515296997,-1.012689436,-1.835894377
llm_free,ai,4000_story_0531_llm_free.txt,-9.875264459,-10.74636194,1.5305774284,-1.908542433
human,human,4000_story_0532.txt,17.819721746,1.7563501094,-0.105496872,-0.132073398
llm_free,ai,4000_story_0532_llm_free.txt,-18.18553645,-8.143939463,-3.542317939,-1.968775775
human,human,4000_story_0537.txt,24.103339301,-1.18324794,-2.696571031,0.8050153872
llm_free,ai,4000_story_0537_llm_free.txt,-10.45170862,-7.231028958,4.7624056214,-0.190715827
human,human,4000_story_0542.txt,13.919576798,-0.698063517,1.3710009428,-0.637502195
llm_free,ai,4000_story_0542_llm_free.txt,-10.41312985,-16.72278685,2.5107806666,2.9211584721
human,human,4000_story_0544.txt,10.971737729,-2.802575974,-5.077597243,-0.468701143
llm_free,ai,4000_story_0544_llm_free.txt,-12.25453353,-3.759402376,2.6720809865,0.4066952624
human,human,4000_story_0548.txt,4.4243752207,4.3056755144,-2.239540557,0.2602980589
llm_free,ai,4000_story_0548_llm_free.txt,-13.94049142,-4.669043078,7.5215479152,0.9261303544
human,human,4000_story_0549.txt,7.8742938649,19.083328819,1.5362427191,-1.290363683
llm_free,ai,4000_story_0549_llm_free.txt,-8.793412838,-14.36242318,6.8335170696,2.2029158273
human,human,4000_story_0550.txt,11.704133969,-4.621621866,3.4849418145,1.6989477079
llm_free,ai,4000_story_0550_llm_free.txt,-13.28810675,-8.935071502,3.8480337774,1.0048432414
human,human,4000_story_0552.txt,20.645071424,1.7407101835,3.8970247909,1.8993461739
llm_free,ai,4000_story_0552_llm_free.txt,-14.25522741,-9.083731464,-0.727382661,-0.892117423
human,human,4000_story_0554.txt,-0.16394365,4.8058949451,-5.832010825,0.2087726325
llm_free,ai,4000_story_0554_llm_free.txt,-8.844266481,-7.630395793,12.365381784,-0.235885417
human,human,4000_story_0564.txt,14.280123058,1.2012419294,-4.462300407,0.5582852523
llm_free,ai,4000_story_0564_llm_free.txt,-10.18021013,-5.097877794,6.792553542,-0.575138226
human,human,4000_story_0565.txt,15.448604694,15.991732087,4.1744975014,0.6124514554
llm_free,ai,4000_story_0565_llm_free.txt,-10.664279,-11.26258878,3.2338258151,-0.805298657
human,human,4000_story_0571.txt,11.363413949,-11.92720141,-7.828747954,3.0789322905
llm_free,ai,4000_story_0571_llm_free.txt,-10.44370193,-12.3772611,2.3918078707,1.462814332
human,human,4000_story_0575.txt,8.78549743,-11.64711251,-14.71324848,-1.024524713
llm_free,ai,4000_story_0575_llm_free.txt,-16.44462017,-6.248495625,2.5398494748,0.0164121336
human,human,4000_story_0579.txt,20.530661968,-2.824491068,0.2545166672,-1.428284326
llm_free,ai,4000_story_0579_llm_free.txt,-5.97779481,-12.62266733,11.676043737,-0.000180876
human,human,4000_story_0582.txt,19.205742929,-4.325689721,-3.466192345,-0.192021991
llm_free,ai,4000_story_0582_llm_free.txt,-17.71063405,-13.34203235,5.0909249611,-0.379209062
human,human,4000_story_0585.txt,15.592315173,-1.476572481,0.0025123366,1.0329103397
llm_free,ai,4000_story_0585_llm_free.txt,-9.954165607,-2.217786413,10.554168573,1.7873340812
human,human,4000_story_0586.txt,5.0767354503,-3.743363185,-14.69747818,-0.73260235
llm_free,ai,4000_story_0586_llm_free.txt,-14.03003844,-6.234931859,-3.316027853,-0.513218805
human,human,4000_story_0587.txt,0.984503649,0.3647376257,-13.67281517,-0.007538993
llm_free,ai,4000_story_0587_llm_free.txt,-13.03224767,-10.10731561,3.1712561188,1.1019647843
human,human,4000_story_0588.txt,9.6778889064,-5.047345608,2.0483525203,6.3501165904
llm_free,ai,4000_story_0588_llm_free.txt,-13.83929058,-18.0111945,-1.627686575,-0.865625526
human,human,4000_story_0589.txt,5.0850287327,-13.41390535,-8.996946204,1.3087144701
llm_free,ai,4000_story_0589_llm_free.txt,-13.87502972,-12.91145696,8.9553181583,0.7126721715
human,human,4000_story_0592.txt,19.472976556,11.800038045,9.0576353828,-0.684023224
llm_free,ai,4000_story_0592_llm_free.txt,-13.39826154,-12.80368739,3.0122624577,-0.516744505
human,human,4000_story_0594.txt,12.837029575,17.489010045,-1.217277872,0.7644689427
llm_free,ai,4000_story_0594_llm_free.txt,-16.66781195,-11.39671175,3.4314402135,0.5560581236
human,human,4000_story_0596.txt,13.484826778,11.634043515,-0.418459356,-0.383926402
llm_free,ai,4000_story_0596_llm_free.txt,-10.48264002,-12.71184022,-0.213351054,1.6174552438
human,human,4000_story_0597.txt,23.559509181,7.4626943943,1.2863195263,2.8834992036
llm_free,ai,4000_story_0597_llm_free.txt,-5.468659792,-9.4283735,6.8251356741,0.88989639
human,human,4000_story_0598.txt,11.8161289,16.923692499,-4.92271315,0.0929484515
llm_free,ai,4000_story_0598_llm_free.txt,-11.13656005,-14.00285942,3.9475398806,-1.677167724
human,human,4000_story_0602.txt,13.223301251,32.745360521,-5.463227836,0.2649655081
llm_free,ai,4000_story_0602_llm_free.txt,-10.01157866,-9.127116112,4.9024279107,-0.220393499
human,human,4000_story_0605.txt,12.004186048,17.511342605,-3.35027688,0.6155076622
llm_free,ai,4000_story_0605_llm_free.txt,-15.10649602,-13.8017276,1.1989468403,-1.589321732
human,human,4000_story_0606.txt,13.022847227,11.420786016,7.9275871934,1.907827351
llm_free,ai,4000_story_0606_llm_free.txt,-11.92652488,-10.6002255,4.7717070434,-1.966061801
human,human,4000_story_0608.txt,14.908573499,15.772614694,1.0489058474,0.1006464935
llm_free,ai,4000_story_0608_llm_free.txt,-14.91921461,-8.056639845,1.0666668513,-0.665906241
human,human,4000_story_0610.txt,11.358785724,17.152770367,-3.26011381,0.2502137588
llm_free,ai,4000_story_0610_llm_free.txt,-12.12908748,-9.236749261,-0.156597462,1.3434237934
human,human,4000_story_0612.txt,13.772136102,10.094597906,-0.68739189,3.0363750286
llm_free,ai,4000_story_0612_llm_free.txt,-11.94671535,-10.70312912,-1.651021699,0.0880096576
human,human,4000_story_0613.txt,15.562721071,9.8250888517,-0.424099276,0.1589972488
llm_free,ai,4000_story_0613_llm_free.txt,-12.3596375,-9.396094081,3.2180730137,-1.739064508
human,human,4000_story_0614.txt,12.071634557,8.1288625304,-10.54665148,-1.337962497
llm_free,ai,4000_story_0614_llm_free.txt,-8.265816368,-6.396418507,7.2547133252,0.2395943624
human,human,4000_story_0615.txt,19.644396143,14.883737822,0.313144143,0.6951158996
llm_free,ai,4000_story_0615_llm_free.txt,-6.884854822,-13.69580929,11.909106647,1.3492828833
human,human,4000_story_0617.txt,6.1437453275,9.4454132948,-10.09571092,0.4360412711
llm_free,ai,4000_story_0617_llm_free.txt,-15.51563423,-5.713678847,0.3052170093,-1.926304446
human,human,4000_story_0628.txt,16.32670678,12.108313454,12.248612897,-0.636361114
llm_free,ai,4000_story_0628_llm_free.txt,-18.25387748,-10.23554065,1.286703788,2.3987974092
human,human,4000_story_0631.txt,7.4924258155,23.228752672,-5.304940995,-1.555486761
llm_free,ai,4000_story_0631_llm_free.txt,-7.623397999,-14.93074542,6.4108527697,1.3200973411
human,human,4000_story_0634.txt,18.200218932,11.661143608,11.967605316,-0.450942107
llm_free,ai,4000_story_0634_llm_free.txt,-14.21415263,-14.90475582,0.5941025303,-1.550320257
human,human,4000_story_0640.txt,0.1541028558,8.7824665255,-7.654884222,-2.701696304
llm_free,ai,4000_story_0640_llm_free.txt,-5.901797279,-4.863233788,4.0858431491,0.3342453543
human,human,4000_story_0647.txt,7.9482951924,31.406214645,-4.580033156,-3.767138507
llm_free,ai,4000_story_0647_llm_free.txt,-14.0460659,-7.696251586,5.5238588239,-0.855117676
human,human,4000_story_0666.txt,10.341782079,30.171611051,-0.646172182,-1.431944209
llm_free,ai,4000_story_0666_llm_free.txt,-15.78027928,-7.865310128,1.0593522651,-0.92071731
human,human,4000_story_0668.txt,5.6398324182,17.186671953,-1.030639933,-1.683163306
llm_free,ai,4000_story_0668_llm_free.txt,-10.41962877,-4.966223566,7.2702534188,-1.488223017
human,human,4000_story_0672.txt,-3.817282363,11.735559738,-6.028058206,-0.889065833
llm_free,ai,4000_story_0672_llm_free.txt,-17.44950104,-13.04240181,0.0012650461,0.8322201999
human,human,4000_story_0683.txt,9.2807421003,12.193216683,-7.522454811,-2.493495842
llm_free,ai,4000_story_0683_llm_free.txt,-8.518237321,1.827680997,4.6462596649,0.2811290146
human,human,4000_story_0688.txt,-4.966947665,27.538981379,-9.773226186,-3.281104935
llm_free,ai,4000_story_0688_llm_free.txt,-17.09263479,-15.80011685,-0.180536864,-1.536809069
human,human,4000_story_0693.txt,-3.807474906,27.651422748,-5.783277362,-2.190750651
llm_free,ai,4000_story_0693_llm_free.txt,-11.7850683,-10.54915143,5.0340623021,-1.623963143
human,human,4000_story_0696.txt,-1.134734189,34.233531132,-5.181941951,0.0803483257
llm_free,ai,4000_story_0696_llm_free.txt,-7.913143768,-15.10056217,0.5430318867,-0.10118078
human,human,4000_story_0698.txt,1.9331137747,24.391821331,-0.730566021,-1.130276803
llm_free,ai,4000_story_0698_llm_free.txt,-14.0097634,-11.02321146,1.3972632348,-2.032019381
human,human,4000_story_0708.txt,4.0427639232,14.864512144,-6.228462402,1.1364103562
llm_free,ai,4000_story_0708_llm_free.txt,-1.321291125,-8.335392749,12.255231026,2.409505715
human,human,4000_story_0710.txt,5.6896986715,-6.38968711,-6.970053632,-0.367780248
llm_free,ai,4000_story_0710_llm_free.txt,-12.57560063,-6.793483251,5.2507220781,2.7995594943
human,human,4000_story_0711.txt,10.184413316,11.593660693,-4.156907307,-0.570890379
llm_free,ai,4000_story_0711_llm_free.txt,-12.44010251,-8.437291257,6.6265244798,-1.622456523
human,human,4000_story_0715.txt,15.707991768,2.317387927,-6.669512533,-0.560366817
llm_free,ai,4000_story_0715_llm_free.txt,-7.455852687,-8.494926055,8.8863391589,1.4807059126
human,human,4000_story_0719.txt,11.250152299,2.055045043,-11.99460556,1.4188596883
llm_free,ai,4000_story_0719_llm_free.txt,-11.12961287,-8.090273076,6.2937841962,0.2263265961
human,human,4000_story_0721.txt,7.1494926676,5.309692585,-0.757811874,-0.623176972
llm_free,ai,4000_story_0721_llm_free.txt,-14.01233858,-6.885678573,4.7446265541,0.9115640172
human,human,4000_story_0725.txt,3.8817594922,-6.897983154,-4.973499564,2.8265580398
llm_free,ai,4000_story_0725_llm_free.txt,-13.15686096,-8.277539201,2.93282085,-0.352607926
human,human,4000_story_0726.txt,12.597214537,22.818886576,3.3240534847,0.2422949316
llm_free,ai,4000_story_0726_llm_free.txt,-12.67128029,-8.740843623,6.7935183489,1.024687629
human,human,4000_story_0727.txt,18.026017968,12.651348628,-3.520173312,5.0749818232
llm_free,ai,4000_story_0727_llm_free.txt,-13.72612479,-2.186569473,2.872159038,-1.576434549
human,human,4000_story_0728.txt,3.1714893702,6.5830165404,-13.14891425,-0.546934636
llm_free,ai,4000_story_0728_llm_free.txt,-8.142941981,-7.145748167,0.1065581851,-0.175875837
human,human,4000_story_0730.txt,19.504821866,22.410950557,5.3102800181,-2.92973601
llm_free,ai,4000_story_0730_llm_free.txt,-7.532708626,-16.11723236,6.769717087,1.9890137658
human,human,4000_story_0731.txt,11.672642121,16.207309963,-13.91939727,-1.609705832
llm_free,ai,4000_story_0731_llm_free.txt,-11.22266867,-6.743845035,4.3538310921,-0.002423049
human,human,4000_story_0733.txt,-0.633236127,9.6655247245,-18.01481404,-2.87450178
llm_free,ai,4000_story_0733_llm_free.txt,-13.46999632,-9.639746401,3.9646664618,1.4154891704
human,human,4000_story_0735.txt,6.3575381851,24.109014281,-12.16801242,-0.773104491
llm_free,ai,4000_story_0735_llm_free.txt,-13.15671384,-12.33721749,-4.685476837,-1.102950542
human,human,4000_story_0736.txt,22.703005672,47.610593124,18.363925731,5.6498463162
llm_free,ai,4000_story_0736_llm_free.txt,-11.31068985,-14.74732456,1.997669042,-2.236480951
human,human,4000_story_0737.txt,12.84154787,-7.64243552,1.1343258527,-0.558365758
llm_free,ai,4000_story_0737_llm_free.txt,-12.76064141,-14.94275261,0.154609737,-1.185678282
human,human,4000_story_0738.txt,12.755266634,-10.44330928,-2.570161747,-1.318897297
llm_free,ai,4000_story_0738_llm_free.txt,-10.69255046,-11.49374216,-1.075071601,-1.879897272
human,human,4000_story_0743.txt,7.7029040812,18.007330748,18.103098306,-4.815359079
llm_free,ai,4000_story_0743_llm_free.txt,-13.50989822,-11.12746032,2.7392279371,0.0037729894
human,human,4000_story_0744.txt,10.496065092,-1.485738433,-2.036816873,-0.09334096
llm_free,ai,4000_story_0744_llm_free.txt,-14.22030266,-10.76659313,1.9090952196,0.8326280369
human,human,4000_story_0748.txt,22.348970094,11.727548973,17.882855109,-1.128373887
llm_free,ai,4000_story_0748_llm_free.txt,-8.185766344,-5.442350882,6.3784778672,-0.260827728
human,human,4000_story_0750.txt,13.922069279,22.634867154,-5.615474076,-0.706718746
llm_free,ai,4000_story_0750_llm_free.txt,-12.7687662,-9.195687414,10.78961523,1.503406051
human,human,4000_story_0751.txt,14.765866478,5.5479920213,2.6510787577,1.543384192
llm_free,ai,4000_story_0751_llm_free.txt,-3.694264498,-9.674263867,2.3894926756,-1.364003592
human,human,4000_story_0752.txt,14.997678117,10.78824195,4.9696171024,1.1650509006
llm_free,ai,4000_story_0752_llm_free.txt,-2.458911403,-5.284127253,10.269479447,1.1113285761
human,human,4000_story_0753.txt,16.274377668,-5.674942869,9.0378968,-0.508754789
llm_free,ai,4000_story_0753_llm_free.txt,-13.89153297,-7.274428468,0.4686676302,-1.970193486
human,human,4000_story_0754.txt,7.318680248,-13.83599208,-11.38356333,-2.536301812
llm_free,ai,4000_story_0754_llm_free.txt,-16.1599589,-9.929152916,4.301619473,-1.487165561
human,human,4000_story_0755.txt,13.062127212,11.123464259,2.5830086824,-3.81466941
llm_free,ai,4000_story_0755_llm_free.txt,-13.1987855,-9.936779427,6.3426276158,2.4725082069
human,human,4000_story_0757.txt,-4.356893869,3.1655832372,-3.735327534,-1.022553885
llm_free,ai,4000_story_0757_llm_free.txt,-11.46968743,-12.12728751,3.9637299351,2.097087037
human,human,4000_story_0758.txt,10.638687523,6.9746106923,7.2827358535,0.2287216421
llm_free,ai,4000_story_0758_llm_free.txt,-11.96664606,-13.74529771,6.9376097999,0.6519217538
human,human,4000_story_0759.txt,11.963681298,-2.068376037,9.9143423701,1.9402905538
llm_free,ai,4000_story_0759_llm_free.txt,-10.18995261,-5.31418921,2.0295366535,-0.204074811
human,human,4000_story_0760.txt,10.382149612,-11.82855002,-6.619599996,-0.186043762
llm_free,ai,4000_story_0760_llm_free.txt,-14.89213857,-12.70130156,-3.784312726,-2.123575816
human,human,4000_story_0761.txt,21.938059,-0.410473281,9.6477353578,-1.977985054
llm_free,ai,4000_story_0761_llm_free.txt,-14.07670655,-9.764676648,-0.001206344,-1.130924115
human,human,4000_story_0762.txt,20.602207695,-1.10330842,6.8343049198,-0.321737944
llm_free,ai,4000_story_0762_llm_free.txt,-10.95233871,-7.596814904,9.0111105254,-0.49056461
human,human,4000_story_0764.txt,12.39376383,-2.273573211,8.0354429622,-1.082297405
llm_free,ai,4000_story_0764_llm_free.txt,-10.62483739,-4.881151533,2.1220805889,0.4751693362
human,human,4000_story_0766.txt,13.825355602,4.9436377004,4.823310505,-1.213654162
llm_free,ai,4000_story_0766_llm_free.txt,-12.74721444,-12.81567192,-2.325008396,-1.601125844
human,human,4000_story_0767.txt,6.7040492519,8.772168791,-13.09669858,-1.962759195
llm_free,ai,4000_story_0767_llm_free.txt,-13.7125624,-8.734804456,1.2779312061,3.1084141229
human,human,4000_story_0768.txt,12.427894751,4.3245785524,2.3036974631,1.8730344033
llm_free,ai,4000_story_0768_llm_free.txt,-8.55546206,-16.05177988,8.4712371032,0.2280766389
human,human,4000_story_0769.txt,-0.913839428,8.6828405701,-7.665223784,-0.329818878
llm_free,ai,4000_story_0769_llm_free.txt,-8.711958521,-10.60239587,3.9369281602,-0.414142147
human,human,4000_story_0774.txt,20.409490138,7.4848228653,3.2854199606,2.2986295609
llm_free,ai,4000_story_0774_llm_free.txt,-15.70648867,-12.0825191,-0.644720089,-1.215381568
human,human,4000_story_0775.txt,11.26025604,-0.817509555,-3.947883799,0.6599091613
llm_free,ai,4000_story_0775_llm_free.txt,-9.625031789,-3.245916465,1.9605365098,-1.103579833
human,human,4000_story_0776.txt,5.154893308,19.987612873,-8.39662896,0.8088117629
llm_free,ai,4000_story_0776_llm_free.txt,-13.01984309,-15.58795279,1.528591164,-0.545275811
human,human,4000_story_0777.txt,6.2779406262,8.0665698082,-10.17509882,-2.156578732
llm_free,ai,4000_story_0777_llm_free.txt,-13.52984256,-13.00552317,4.5328352297,-1.526815986
human,human,4000_story_0778.txt,8.8981422832,23.396291405,-10.22885384,2.2209997447
llm_free,ai,4000_story_0778_llm_free.txt,-13.30115868,-4.198914348,8.1089872482,0.2452959625
human,human,4000_story_0779.txt,23.673023163,8.0149488796,-0.108139625,2.2768933533
llm_free,ai,4000_story_0779_llm_free.txt,-5.206965118,-9.557657158,2.4851462517,1.15943821
human,human,4000_story_0783.txt,-6.057982691,-15.22530627,-13.99098857,-0.556544827
llm_free,ai,4000_story_0783_llm_free.txt,-15.51880101,-11.01421405,-0.822492916,-0.252589974
human,human,4000_story_0794.txt,11.19148704,25.687131739,-5.839440534,-0.037173699
llm_free,ai,4000_story_0794_llm_free.txt,-8.859755722,-13.73215802,-2.63209682,-0.416143205
human,human,4000_story_0798.txt,6.6052853245,21.108648266,-6.996826338,-0.205462291
llm_free,ai,4000_story_0798_llm_free.txt,-16.31769717,-11.4442667,-2.066729072,-1.63298701
human,human,4000_story_0801.txt,16.885056034,8.232812003,-7.609813899,-1.823861886
llm_free,ai,4000_story_0801_llm_free.txt,-14.51105214,-5.200142696,2.8423987377,-0.393151393
human,human,4000_story_0804.txt,10.882608712,11.047969966,-4.331778816,-1.231616632
llm_free,ai,4000_story_0804_llm_free.txt,-10.98985198,-5.09431764,0.7524907613,-0.645115944
human,human,4000_story_0806.txt,13.110246715,8.4412089693,-5.550658408,0.2635477972
llm_free,ai,4000_story_0806_llm_free.txt,-11.52466126,-5.880418689,0.3439587537,-1.434772038
human,human,4000_story_0813.txt,6.9854607412,8.4829346933,-7.488780681,0.2398680154
llm_free,ai,4000_story_0813_llm_free.txt,-15.22246849,-12.67416365,-1.297471003,-2.308860639
human,human,4000_story_0817.txt,6.1602127069,8.1758105649,-16.98190656,-0.216642398
llm_free,ai,4000_story_0817_llm_free.txt,-17.09045832,-15.95479149,-1.963014154,-1.561076814
human,human,4000_story_0825.txt,-5.262896721,28.674639634,-9.851444904,-0.438250095
llm_free,ai,4000_story_0825_llm_free.txt,-12.86314668,-12.12443273,2.0218908039,-0.44667557
human,human,4000_story_0831.txt,7.2450453869,11.228934123,2.4368638804,4.3236066954
llm_free,ai,4000_story_0831_llm_free.txt,-12.60127244,-9.795801241,3.5489864927,-0.545727283
human,human,4000_story_0833.txt,9.1087319884,-5.737767807,1.3742049888,2.6827556699
llm_free,ai,4000_story_0833_llm_free.txt,-13.24302268,-8.308470503,2.0041013375,-0.383591762
human,human,4000_story_0838.txt,3.6063828604,7.3025676044,-0.071338622,3.4556002771
llm_free,ai,4000_story_0838_llm_free.txt,-17.58682503,-12.8658027,1.7701492428,0.539196746
human,human,4000_story_0839.txt,-1.945400117,-5.658891595,-10.59118257,2.2559781045
llm_free,ai,4000_story_0839_llm_free.txt,-13.2811085,-10.88370462,1.1510903205,1.2509696997
human,human,4000_story_0842.txt,10.439293862,27.947109915,0.1903468858,-1.310395122
llm_free,ai,4000_story_0842_llm_free.txt,-7.249088506,-7.83778149,6.0935948779,-1.328509796
human,human,4000_story_0852.txt,9.4805348891,1.8822505586,-5.382558675,-0.191184651
llm_free,ai,4000_story_0852_llm_free.txt,-16.16134876,-7.393476312,-1.424839465,-2.153233159
human,human,4000_story_0853.txt,4.3412541977,9.1772527709,-8.206309723,0.0517048045
llm_free,ai,4000_story_0853_llm_free.txt,-12.71704704,-10.73265011,1.0728409833,1.8793373717
human,human,4000_story_0854.txt,7.0511255494,0.27170458,-3.456355875,0.4134323504
llm_free,ai,4000_story_0854_llm_free.txt,-12.12240749,-13.57993113,4.4985439249,-1.409533436
human,human,4000_story_0858.txt,7.5877737129,8.4087838235,-1.214527214,-1.383309906
llm_free,ai,4000_story_0858_llm_free.txt,-9.886027106,-1.330895809,9.0492689491,-0.240286138
human,human,4000_story_0872.txt,-2.487439148,-0.625585184,-14.2504345,0.008404397
llm_free,ai,4000_story_0872_llm_free.txt,-18.73683793,-17.20753175,0.6225065896,-0.965372133
human,human,4000_story_0879.txt,11.382135264,33.448461007,-9.359801464,-1.185279678
llm_free,ai,4000_story_0879_llm_free.txt,-15.61875321,-11.06330155,-4.461017831,-1.457218852
human,human,4000_story_0887.txt,17.883071949,3.6384900313,-5.583626739,0.6099402462
llm_free,ai,4000_story_0887_llm_free.txt,-14.83990669,-3.948037869,2.105684987,2.3758764856
human,human,4000_story_0888.txt,1.5093569871,-1.027375906,-14.20971347,-2.455752281
llm_free,ai,4000_story_0888_llm_free.txt,-12.00640007,-12.35775286,6.8488765513,0.5990488365
human,human,4000_story_0889.txt,16.674343989,3.1211885889,-2.660367086,-0.573094202
llm_free,ai,4000_story_0889_llm_free.txt,-16.43694462,-8.365711293,-0.360651531,1.0964839695
human,human,4000_story_0890.txt,10.818790716,-4.131564073,-4.031557685,0.4334545569
llm_free,ai,4000_story_0890_llm_free.txt,-11.59524258,-14.30564769,1.7813235142,-0.586653642
human,human,4000_story_0891.txt,20.624483279,0.0976172256,4.3530311562,1.5711799456
llm_free,ai,4000_story_0891_llm_free.txt,-9.641677068,-12.40343947,3.0187505281,1.1203531113
human,human,4000_story_0894.txt,7.3672534413,20.708040218,-9.595285293,0.9565790944
llm_free,ai,4000_story_0894_llm_free.txt,-10.15152423,-15.97298207,3.205595429,-0.16269698
human,human,4000_story_0895.txt,3.6714321969,11.162273703,-4.332806797,0.4614071317
llm_free,ai,4000_story_0895_llm_free.txt,-11.8420741,-11.25867144,-3.293611206,-1.655504713
human,human,4000_story_0896.txt,6.0572697665,2.6862953339,-9.889399665,-1.196161186
llm_free,ai,4000_story_0896_llm_free.txt,-15.39524767,-14.20317173,0.9146385023,0.4929260642
human,human,4000_story_0898.txt,5.9097446343,0.7544506758,-3.638150027,0.8654032425
llm_free,ai,4000_story_0898_llm_free.txt,-12.54342844,-9.948408487,2.878966424,0.6607887992
human,human,4000_story_0899.txt,5.5746060841,14.288125567,-5.367039534,-1.245259696
llm_free,ai,4000_story_0899_llm_free.txt,-13.79817727,-6.147022935,-1.407333572,-0.156657763
human,human,4000_story_0920.txt,5.3757530631,6.0902729927,0.1744240297,-0.131401141
llm_free,ai,4000_story_0920_llm_free.txt,-13.16337315,-2.151566664,2.2011344139,-2.334026044
human,human,4000_story_0921.txt,15.517413723,-1.627585688,-2.588090635,0.2821388885
llm_free,ai,4000_story_0921_llm_free.txt,-8.743773811,-14.33707095,10.29671973,-0.329707331
human,human,4000_story_0922.txt,11.134328953,35.895174323,12.126163841,-2.543872594
llm_free,ai,4000_story_0922_llm_free.txt,-16.24470674,-2.359702816,2.3626963601,4.142598837
human,human,4000_story_0924.txt,-0.699319165,32.078264568,-20.66594885,-5.099581091
llm_free,ai,4000_story_0924_llm_free.txt,-15.31273971,-17.12809626,1.8268213719,-1.68024426
human,human,4000_story_0925.txt,4.3771391332,20.822682987,-3.07248766,-0.888571395
llm_free,ai,4000_story_0925_llm_free.txt,-12.04551323,-6.090140223,6.9900713651,3.3472480679
human,human,4000_story_0926.txt,4.1530662689,-0.53783461,-16.40342745,0.6700666583
llm_free,ai,4000_story_0926_llm_free.txt,-9.980373473,-6.14070924,5.4302676251,2.1108266042
human,human,4000_story_0928.txt,8.4202457863,-0.530043602,-4.958137318,1.3807362122
llm_free,ai,4000_story_0928_llm_free.txt,-13.15937904,-14.13387799,1.1148131715,-0.702094931
human,human,4000_story_0929.txt,0.1640084816,13.842704437,-11.04222448,-1.514218169
llm_free,ai,4000_story_0929_llm_free.txt,-14.31398326,-12.69400803,10.722274755,-1.40589619
human,human,4000_story_0931.txt,-0.161031074,2.45126412,-19.22775351,-2.160010237
llm_free,ai,4000_story_0931_llm_free.txt,-17.15561025,-14.35676897,-2.237948201,-1.948550804
human,human,4000_story_0932.txt,4.7454656665,2.712727101,-15.65514009,-0.728090083
llm_free,ai,4000_story_0932_llm_free.txt,-19.01390839,-13.43478578,-0.334070399,-1.678065382
human,human,4000_story_0935.txt,-5.744577184,1.8129013322,-19.42774826,-4.017459945
llm_free,ai,4000_story_0935_llm_free.txt,-9.357993597,-12.83052504,2.6850840782,1.1760764943
human,human,4000_story_0936.txt,7.3641491934,31.564589002,-5.23456983,-3.001843685
llm_free,ai,4000_story_0936_llm_free.txt,-16.92297854,-7.410958531,0.5166442055,-0.194330436
human,human,4000_story_0938.txt,22.973295432,-11.51076565,-6.119748369,-2.125163753
llm_free,ai,4000_story_0938_llm_free.txt,-9.71954787,-4.245992667,5.7310447839,-0.269180007
human,human,4000_story_0939.txt,7.3776077178,2.9205891354,-7.048037894,0.6495883635
llm_free,ai,4000_story_0939_llm_free.txt,-12.09772942,-7.265647242,-0.166890568,0.4311461121
human,human,4000_story_0943.txt,3.1801563204,13.399271967,-12.78708471,2.0715207203
llm_free,ai,4000_story_0943_llm_free.txt,-12.529984,-16.49854458,-4.753747695,-1.834567884
human,human,4000_story_0945.txt,-3.010818805,19.995043014,-18.33639804,-5.51698146
llm_free,ai,4000_story_0945_llm_free.txt,-12.55810062,-11.22187473,3.5731028246,0.5133997426
human,human,4000_story_0951.txt,18.381880702,3.6035018586,8.7246022768,1.4063990316
llm_free,ai,4000_story_0951_llm_free.txt,-16.23696027,-9.54274566,2.4873318891,-1.139880069
human,human,4000_story_0952.txt,22.244064831,1.4605722309,3.2988795688,-0.965465659
llm_free,ai,4000_story_0952_llm_free.txt,-14.34444781,-6.901534784,7.3115244645,0.7013322668
human,human,4000_story_0953.txt,16.997688445,4.7968506965,-0.634923145,3.3479203249
llm_free,ai,4000_story_0953_llm_free.txt,-16.70949425,-6.371632601,1.4496681537,-1.865774813
human,human,4000_story_0954.txt,26.256623394,-0.297804821,5.2926204544,0.2488466075
llm_free,ai,4000_story_0954_llm_free.txt,-13.75969083,-6.386985538,0.3143381448,-0.008594141
human,human,4000_story_0955.txt,12.027753967,7.7420874116,-0.323956815,0.6601874308
llm_free,ai,4000_story_0955_llm_free.txt,-10.38878248,-11.40334974,1.7985614247,0.5466716946
human,human,4000_story_0957.txt,1.9495898808,8.8972454094,-3.315200619,1.3205714502
llm_free,ai,4000_story_0957_llm_free.txt,-13.11015269,-8.659871292,5.4172408517,-1.252696295
human,human,4000_story_0968.txt,5.3011328563,14.678705586,-1.395467764,1.6866717947
llm_free,ai,4000_story_0968_llm_free.txt,-10.68497261,-5.043085145,4.3035399279,1.2809413538
human,human,4000_story_0969.txt,6.5901576414,8.7485162556,0.4984013917,2.9574157424
llm_free,ai,4000_story_0969_llm_free.txt,-11.24384664,-15.28835887,5.4787161008,-0.681099561
human,human,4000_story_0972.txt,19.334302624,24.231251943,-0.132794483,9.2149674413
llm_free,ai,4000_story_0972_llm_free.txt,-13.38780861,-6.188522754,7.0840126214,2.5144874063
human,human,4000_story_0973.txt,16.012636561,8.9045373702,1.4003911643,2.9536466204
llm_free,ai,4000_story_0973_llm_free.txt,-18.17587093,-14.87094986,3.4974505314,-0.846204688
human,human,4000_story_0976.txt,15.766267981,1.0285652081,-0.495829796,0.2593544571
llm_free,ai,4000_story_0976_llm_free.txt,-11.72239728,-4.580343696,15.948676152,3.1406988383
human,human,4000_story_0979.txt,22.520077154,8.503241358,4.7614881059,3.6963394464
llm_free,ai,4000_story_0979_llm_free.txt,-18.40162577,-11.5282405,1.8765918782,-0.18225431
human,human,4000_story_0980.txt,28.784966911,11.510629005,11.943939424,4.2835960157
llm_free,ai,4000_story_0980_llm_free.txt,-17.75423141,-13.36633992,-0.585371877,-1.015236426
human,human,4000_story_0983.txt,22.935832717,2.6510456198,2.8314152254,0.9440265515
llm_free,ai,4000_story_0983_llm_free.txt,-14.53817204,-10.72050507,2.7062721452,-0.074531392
human,human,4000_story_0986.txt,22.165837935,-4.54072941,13.627797569,1.0122699386
llm_free,ai,4000_story_0986_llm_free.txt,-8.580078105,-11.76236121,-0.493132458,-0.731638419
human,human,4000_story_0987.txt,23.327839484,-11.32131092,10.263891499,1.8969012368
llm_free,ai,4000_story_0987_llm_free.txt,-7.594043449,-11.44278381,4.0625901038,1.5552871152
human,human,4000_story_0989.txt,2.739641944,-19.48379408,-10.188917,-0.096980515
llm_free,ai,4000_story_0989_llm_free.txt,-7.977103254,-4.676625332,9.6660092732,-0.330381896
human,human,4000_story_0996.txt,11.382897189,0.3384501818,12.399241761,0.0142325877
llm_free,ai,4000_story_0996_llm_free.txt,-13.14748833,-8.963903209,8.3274751785,-0.863421703
human,human,4000_story_0997.txt,7.4102804648,-7.074976725,-2.375175353,-0.359562822
llm_free,ai,4000_story_0997_llm_free.txt,-14.22180161,-3.629828195,8.4524238131,0.1378919715
human,human,4000_story_1000.txt,13.770855792,-8.25610397,0.6363740039,-0.509647831
llm_free,ai,4000_story_1000_llm_free.txt,-12.89726395,-7.291942806,-1.223239019,-0.353528221
human,human,4000_story_1009.txt,6.0834696507,26.602430243,-10.19928264,-0.822613815
llm_free,ai,4000_story_1009_llm_free.txt,-14.07763402,-7.202606941,-0.066010723,-1.623896871
human,human,4000_story_1014.txt,14.053995113,11.193792266,-8.690952678,-1.900149496
llm_free,ai,4000_story_1014_llm_free.txt,-11.67901923,-6.023062257,1.1928384792,-2.13976032
human,human,4000_story_1017.txt,7.7193455894,60.585208168,-10.5374772,-2.660305068
llm_free,ai,4000_story_1017_llm_free.txt,-13.40228644,-12.57546253,3.9477596664,0.2479006975
human,human,4000_story_1028.txt,18.942133767,32.342682456,3.5423665411,1.3053439521
llm_free,ai,4000_story_1028_llm_free.txt,-12.09176103,-8.923670349,3.8330324055,0.3687066387
human,human,4000_story_1030.txt,9.2001805391,23.218451861,-15.92170465,-2.891609557
llm_free,ai,4000_story_1030_llm_free.txt,-16.81306505,1.374661303,6.4044803966,-0.534253194
human,human,4000_story_1031.txt,11.570857938,48.284377763,0.5666037025,-0.81104784
llm_free,ai,4000_story_1031_llm_free.txt,-15.25021743,-11.94831256,2.4211819767,-1.01424755
human,human,4000_story_1032.txt,10.671931258,32.311063629,-10.70536896,-1.509350263
llm_free,ai,4000_story_1032_llm_free.txt,-9.742352473,-5.027615834,2.9915905895,0.9989841515
human,human,4000_story_1045.txt,13.117055483,11.091630269,-2.921818569,-1.505398706
llm_free,ai,4000_story_1045_llm_free.txt,-9.305892357,-10.04897698,7.0332074255,0.7295312409
human,human,4000_story_1049.txt,20.450199545,20.966474183,-4.048232613,4.0454726776
llm_free,ai,4000_story_1049_llm_free.txt,-14.49379781,-4.202138598,12.272169467,0.0533433005
human,human,4000_story_1052.txt,4.7576020155,17.339594698,-13.25938438,-1.657990308
llm_free,ai,4000_story_1052_llm_free.txt,-7.700946901,-7.485680196,7.4674089693,0.58858693
human,human,4000_story_1055.txt,13.748056657,38.925578807,-16.28210812,-3.547390092
llm_free,ai,4000_story_1055_llm_free.txt,-12.91809193,-13.59037458,4.6778806251,0.9746681543
human,human,4000_story_1060.txt,17.238694867,13.19479321,0.5193796481,0.684090306
llm_free,ai,4000_story_1060_llm_free.txt,-11.32886316,-5.789000803,7.5887641137,0.4775713069
human,human,4000_story_1064.txt,25.55627324,4.5615752172,5.565288237,9.3217322401
llm_free,ai,4000_story_1064_llm_free.txt,-17.70516273,-8.250915036,-0.879671086,0.0733904526
human,human,4000_story_1070.txt,25.992110872,1.824762398,11.612315384,-0.906556501
llm_free,ai,4000_story_1070_llm_free.txt,-11.80694881,-6.413649642,2.061270745,0.3429119436
human,human,4000_story_1071.txt,9.8456946493,13.299830361,-7.734423143,-0.408145896
llm_free,ai,4000_story_1071_llm_free.txt,-12.2325509,-13.05847407,-2.69163568,-1.009869466
human,human,4000_story_1075.txt,11.021116164,21.727113331,-3.13576213,-0.202240475
llm_free,ai,4000_story_1075_llm_free.txt,-12.44384291,-9.831458139,2.4210200062,-2.183540122
human,human,4000_story_1091.txt,13.588890956,24.632467938,-4.608733627,3.6568418942
llm_free,ai,4000_story_1091_llm_free.txt,-11.29147898,-8.469257624,5.8094786225,0.1758992845
human,human,4000_story_1096.txt,20.299001777,8.2236617001,2.7250751018,-1.347892284
llm_free,ai,4000_story_1096_llm_free.txt,-10.99674074,-8.261016292,3.9745522194,-0.184362299
human,human,4000_story_1103.txt,12.506469621,12.911125966,1.578699624,-0.613419192
llm_free,ai,4000_story_1103_llm_free.txt,-10.55340565,-8.723029594,9.1352902589,1.4714100327
human,human,4000_story_1104.txt,10.485897215,18.777886057,1.3278381099,1.6340249476
llm_free,ai,4000_story_1104_llm_free.txt,-16.8333372,-0.386197756,3.5372760669,-1.829563486
human,human,4000_story_1105.txt,11.267671323,2.6289941628,-1.271061161,1.8005408603
llm_free,ai,4000_story_1105_llm_free.txt,-11.43417195,-1.096082221,2.6383592094,-1.110313944
human,human,4000_story_1106.txt,11.109547825,5.7454887062,2.5836027379,0.3817762571
llm_free,ai,4000_story_1106_llm_free.txt,-13.88934086,-8.599111814,-0.309856377,-1.394264611
human,human,4000_story_1107.txt,9.6740649375,19.889798856,-7.695028512,-0.93075105
llm_free,ai,4000_story_1107_llm_free.txt,-15.20721659,-14.93315939,-0.096218369,-1.390766834
human,human,4000_story_1108.txt,12.752680398,20.888998231,4.3193820902,1.4519741505
llm_free,ai,4000_story_1108_llm_free.txt,-11.27756362,-6.4049798,1.1821197163,0.0303974314
human,human,4000_story_1111.txt,-3.483278346,-7.314662654,-15.00389958,-1.963684776
llm_free,ai,4000_story_1111_llm_free.txt,-15.32879382,-15.41437383,0.7812747131,1.1915887414
human,human,4000_story_1112.txt,6.2424705269,-7.696696167,-15.03211189,-2.418821114
llm_free,ai,4000_story_1112_llm_free.txt,-15.90565686,-12.06100362,-3.896002518,1.2435610232
human,human,4000_story_1114.txt,7.1366216707,1.7654132661,-8.621376817,-3.815631032
llm_free,ai,4000_story_1114_llm_free.txt,-10.09021426,-10.896202,-2.245759252,-1.19596073
human,human,4000_story_1116.txt,1.628501563,1.1828185673,-16.07416301,-3.65001047
llm_free,ai,4000_story_1116_llm_free.txt,-14.96868823,-8.939288924,0.2598933294,-0.554817421
human,human,4000_story_1117.txt,5.2832641677,6.8716816115,-8.184461457,-1.413509939
llm_free,ai,4000_story_1117_llm_free.txt,-9.114223273,-9.275636199,3.7747713969,0.4553452775
human,human,4000_story_1121.txt,4.384362312,-9.086941074,-15.25190396,-0.942580777
llm_free,ai,4000_story_1121_llm_free.txt,-19.79270286,-5.831751754,-1.413993766,-1.148170692
human,human,4000_story_1128.txt,10.843116689,12.234138624,-10.01508173,-2.112938399
llm_free,ai,4000_story_1128_llm_free.txt,-12.34417423,-13.10577718,2.4863469826,-0.342414387
human,human,4000_story_1130.txt,4.7762307202,30.405080614,-7.542381634,-3.042947863
llm_free,ai,4000_story_1130_llm_free.txt,-12.84378123,-9.867269685,-2.285834986,-0.517325544
human,human,4000_story_1132.txt,6.6472993263,7.9231242897,-5.669723662,0.4704316669
llm_free,ai,4000_story_1132_llm_free.txt,-16.12896625,-13.8671174,-2.46331509,-3.455232288
human,human,4000_story_1133.txt,12.84039843,-1.808034476,-0.97563708,-1.123266731
llm_free,ai,4000_story_1133_llm_free.txt,-11.99886294,-6.136402695,3.2232500875,-0.49426746
human,human,4000_story_1136.txt,4.2747944238,-4.798495851,-6.642877772,-1.589790556
llm_free,ai,4000_story_1136_llm_free.txt,-6.512310873,-12.76401489,8.2450791213,-0.168756526
human,human,4000_story_1137.txt,22.373649684,-1.344369356,10.914069701,-0.870097135
llm_free,ai,4000_story_1137_llm_free.txt,-15.32711055,-4.124118772,9.5801979478,1.7077694787
human,human,4000_story_1138.txt,18.264766873,-10.44772252,-3.154615977,-2.700869534
llm_free,ai,4000_story_1138_llm_free.txt,-15.32012883,-8.10429574,4.2681510943,-0.169210306
human,human,4000_story_1139.txt,14.074728686,-3.486735346,4.6785331065,0.5587674807
llm_free,ai,4000_story_1139_llm_free.txt,-10.85684506,-1.44727738,5.0245313635,-1.22586678
human,human,4000_story_1141.txt,11.182231418,-8.043428806,0.9180351869,-1.868044908
llm_free,ai,4000_story_1141_llm_free.txt,-9.565196111,-5.423947224,8.6770281856,2.7890562611
human,human,4000_story_1143.txt,15.706974742,1.5873712211,-1.891192304,0.2768155635
llm_free,ai,4000_story_1143_llm_free.txt,-10.65407552,-5.352251064,2.1851658402,1.6221656593
human,human,4000_story_1144.txt,3.6532085755,-1.38827215,-7.123835359,-1.788857912
llm_free,ai,4000_story_1144_llm_free.txt,-15.58255544,-10.59300385,-1.015545357,-1.321415431
human,human,4000_story_1145.txt,6.159899037,-5.511274818,-3.396149297,0.5955214973
llm_free,ai,4000_story_1145_llm_free.txt,-18.222213,-9.553425562,0.704734298,-0.001771121
human,human,4000_story_1146.txt,17.328460201,1.5591254104,2.7574792697,-0.07547961
llm_free,ai,4000_story_1146_llm_free.txt,-13.92117702,-2.824284148,5.2754103967,1.2537975281
human,human,4000_story_1148.txt,10.937423932,-9.921592861,-7.931772387,2.0458555926
llm_free,ai,4000_story_1148_llm_free.txt,-7.025269463,-10.76677012,9.4544157838,1.3756382887
human,human,4000_story_1150.txt,7.9679607812,-1.157150323,-1.18923018,-0.279665219
llm_free,ai,4000_story_1150_llm_free.txt,-15.78585589,-14.34781645,2.805207754,-0.750587457
human,human,4000_story_1151.txt,6.1322497989,3.464060342,-3.697104117,-0.692170429
llm_free,ai,4000_story_1151_llm_free.txt,-11.53967056,-19.51055214,1.8322464185,0.1744635528
human,human,4000_story_1158.txt,16.47653497,-1.594806246,-0.067534074,-1.121587577
llm_free,ai,4000_story_1158_llm_free.txt,-16.04892918,-11.71940573,4.0257940809,-0.015757087
human,human,4000_story_1160.txt,22.22872076,-0.793980544,6.5303816773,-1.030419318
llm_free,ai,4000_story_1160_llm_free.txt,-9.819488231,-10.38307356,11.369434359,2.294249169
human,human,4000_story_1161.txt,0.7027971344,-10.42945297,-16.5933774,-2.700709736
llm_free,ai,4000_story_1161_llm_free.txt,-19.42705466,-14.96098479,-1.200584435,-2.762718066
human,human,4000_story_1171.txt,7.1459922714,-7.69984033,-11.25428921,-5.715107523
llm_free,ai,4000_story_1171_llm_free.txt,-10.7438183,-9.05753222,8.7958619242,0.9805958246
human,human,4000_story_1181.txt,-2.133728791,6.4761015892,-9.479205168,1.8709903785
llm_free,ai,4000_story_1181_llm_free.txt,-4.674637286,-12.34053301,10.016913761,4.7222968334
human,human,4000_story_1182.txt,11.759998438,-5.086941415,-3.022443259,1.4126403443
llm_free,ai,4000_story_1182_llm_free.txt,-13.44293736,-11.21487403,-1.593525787,1.0193462832
human,human,4000_story_1186.txt,34.640838667,10.062721981,12.877823154,5.0514676506
llm_free,ai,4000_story_1186_llm_free.txt,-12.97717473,-10.34829737,4.7170932012,-1.111571857
human,human,4000_story_1193.txt,10.247549494,3.9907456543,-3.836147228,4.3604856631
llm_free,ai,4000_story_1193_llm_free.txt,-14.26365867,-14.28971467,-0.258600489,1.2139948978
human,human,4000_story_1194.txt,24.891962782,-7.839933023,2.5320728856,7.7212027024
llm_free,ai,4000_story_1194_llm_free.txt,-9.626636747,-14.67488858,6.1821141946,3.1666812538
human,human,4000_story_1197.txt,19.19773637,4.1499305314,0.0728078413,3.9857413667
llm_free,ai,4000_story_1197_llm_free.txt,-14.10314132,-10.98532044,-1.551346912,-0.485649122
human,human,4000_story_1199.txt,24.355348902,2.0281756556,6.4202789562,5.1334325841
llm_free,ai,4000_story_1199_llm_free.txt,-15.12516361,-12.67944403,5.2909274906,-1.789309384
human,human,4000_story_1205.txt,21.906801054,-6.075257,6.2279280683,2.6878762306
llm_free,ai,4000_story_1205_llm_free.txt,-7.866170378,-3.80726744,4.4061928256,0.5518834729
human,human,4000_story_1212.txt,7.0855777958,17.496562123,-5.456486042,0.3477664445
llm_free,ai,4000_story_1212_llm_free.txt,-11.55968388,-5.334165386,3.9884344377,-0.457092202
human,human,4000_story_1216.txt,14.765755074,-10.44297434,-4.074339376,8.1302228712
llm_free,ai,4000_story_1216_llm_free.txt,-13.24783728,-0.97408523,4.3410019076,-1.240280913
human,human,4000_story_1218.txt,11.557670474,-3.98568687,-2.658343455,2.8470927053
llm_free,ai,4000_story_1218_llm_free.txt,-12.86565497,-15.14628712,4.0420753655,0.9119219632
human,human,4000_story_1227.txt,18.600105603,8.052084204,-8.15160626,1.1792216106
llm_free,ai,4000_story_1227_llm_free.txt,-10.68319395,-11.22951441,4.5572028138,0.6974515981
human,human,4000_story_1228.txt,3.5709625496,7.4630258958,-8.0786305,2.8753172935
llm_free,ai,4000_story_1228_llm_free.txt,-9.388093748,-8.371412637,2.1101458354,3.0798805087
human,human,4000_story_1239.txt,8.0945899214,0.2601852983,1.0825562259,4.7569382449
llm_free,ai,4000_story_1239_llm_free.txt,-14.30887306,-13.90997321,2.920169747,2.1560188316
human,human,4000_story_1244.txt,11.41920319,13.773509864,-11.46728347,-0.082835419
llm_free,ai,4000_story_1244_llm_free.txt,-9.423850795,-11.77996778,0.6384046513,-1.049517583
human,human,4000_story_1250.txt,14.934584384,5.8106775093,2.6064876471,-2.910066465
llm_free,ai,4000_story_1250_llm_free.txt,-10.55346854,-9.652867535,-0.055679901,-1.024978493
human,human,4000_story_1252.txt,20.989144855,-0.953808729,-1.500155341,-0.832777123
llm_free,ai,4000_story_1252_llm_free.txt,-17.93487808,-11.72633461,-3.252522575,-1.001403333
human,human,4000_story_1258.txt,15.559709118,22.778457663,2.9901154147,0.5943141441
llm_free,ai,4000_story_1258_llm_free.txt,-15.03446503,-10.05387876,-4.619900409,-1.633681904
human,human,4000_story_1260.txt,9.3164329617,27.607512689,-6.81864198,0.0052592807
llm_free,ai,4000_story_1260_llm_free.txt,-13.67649471,-12.90643386,-2.772591953,-1.845458625
human,human,4000_story_1262.txt,15.29375128,29.146630787,-5.457595751,-0.357274706
llm_free,ai,4000_story_1262_llm_free.txt,-14.77815141,-5.023167347,9.0384612724,-1.101469536
human,human,4000_story_1267.txt,12.361576674,22.540608076,-5.029103812,1.1772251686
llm_free,ai,4000_story_1267_llm_free.txt,-15.01541145,-12.67134634,-1.269969952,-1.017009106
human,human,4000_story_1269.txt,21.445444078,15.697026392,-2.343017484,0.309216442
llm_free,ai,4000_story_1269_llm_free.txt,-11.08277746,-14.70689743,3.8773816897,-0.540945979
human,human,4000_story_1270.txt,9.7146539994,20.729795462,-5.906675679,1.5883609193
llm_free,ai,4000_story_1270_llm_free.txt,-11.46266537,-15.19943293,-2.550839065,-0.177514333
human,human,4000_story_1271.txt,28.959770893,32.360715923,3.7989980316,-0.038996938
llm_free,ai,4000_story_1271_llm_free.txt,-12.57138331,-11.27828971,7.1734535299,-0.743582001
human,human,4000_story_1273.txt,13.485867391,21.356066263,8.9289758087,1.6494076273
llm_free,ai,4000_story_1273_llm_free.txt,-6.214719975,-8.189946389,10.627413037,1.153084682
human,human,4000_story_1274.txt,23.874900822,6.8971086408,21.288516363,4.588423582
llm_free,ai,4000_story_1274_llm_free.txt,-8.219686049,-11.36388218,6.9099996578,0.0448132035
human,human,4000_story_1275.txt,18.005363093,6.5930814277,0.780734189,-0.905697192
llm_free,ai,4000_story_1275_llm_free.txt,-4.545289744,-5.0107644,9.9161069829,2.2235945783
human,human,4000_story_1279.txt,26.992210704,8.8640279622,20.818074826,4.6747548344
llm_free,ai,4000_story_1279_llm_free.txt,-8.15001231,-10.96936156,3.4720908759,-0.794389896
human,human,4000_story_1280.txt,25.407057864,6.7787582497,5.8211691643,-1.519767564
llm_free,ai,4000_story_1280_llm_free.txt,-11.20144627,-13.72121498,0.9027301653,-1.108538287
human,human,4000_story_1284.txt,9.8365108668,10.965663701,-1.206858988,1.1262830897
llm_free,ai,4000_story_1284_llm_free.txt,-10.22162949,-9.24450979,5.4012985538,0.7330133056
human,human,4000_story_1285.txt,16.861529874,32.800262959,5.3505253194,0.2356834632
llm_free,ai,4000_story_1285_llm_free.txt,-10.08800996,-9.092164418,0.0315303837,-2.156015713
human,human,4000_story_1286.txt,3.4723251795,14.375177316,2.8936547132,3.104804799
llm_free,ai,4000_story_1286_llm_free.txt,-16.65506035,-5.565075744,1.6744034188,-1.258600659
human,human,4000_story_1287.txt,18.315094788,27.769372351,4.7159205604,2.6888581822
llm_free,ai,4000_story_1287_llm_free.txt,-18.23754453,-7.691107408,-0.71889797,-1.096734175
human,human,4000_story_1288.txt,23.579495982,-3.23716363,1.5475082817,-0.184925318
llm_free,ai,4000_story_1288_llm_free.txt,-10.76523594,-9.392610058,9.3291785637,1.9521911688
human,human,4000_story_1292.txt,6.3229934816,16.769444665,-6.583833401,-1.21513286
llm_free,ai,4000_story_1292_llm_free.txt,-8.002316312,-4.186606002,13.963113818,4.4426323634
human,human,4000_story_1302.txt,30.593566559,4.8259412786,11.906036191,1.4115986002
llm_free,ai,4000_story_1302_llm_free.txt,-8.758908472,-4.048179829,2.3679530695,0.463426211
human,human,4000_story_1304.txt,15.690411409,1.5037389271,-4.385455096,-1.893864549
llm_free,ai,4000_story_1304_llm_free.txt,-11.58383215,-8.953053476,2.0351337067,-0.122173842
human,human,4000_story_1308.txt,15.678656989,2.963211112,0.7012722214,-0.281125896
llm_free,ai,4000_story_1308_llm_free.txt,-11.24934971,-4.503933624,5.2610812458,-0.230252398
human,human,4000_story_1310.txt,23.1390421,20.191043491,-2.766320287,-2.579008444
llm_free,ai,4000_story_1310_llm_free.txt,-13.47000681,-9.413503393,3.9452010325,0.8947026396
human,human,4000_story_1312.txt,25.401239036,-2.226742564,-1.958401308,-0.97260299
llm_free,ai,4000_story_1312_llm_free.txt,-14.86144176,-14.05136503,-1.700152784,-1.759494551
human,human,4000_story_1314.txt,10.298056926,2.9626150675,-11.22741026,-2.650938968
llm_free,ai,4000_story_1314_llm_free.txt,-15.20528352,-12.42742391,-1.589036322,-1.802328443
human,human,4000_story_1319.txt,16.685893369,4.2883973779,-2.507833165,-0.345556526
llm_free,ai,4000_story_1319_llm_free.txt,-8.895405777,-10.58515406,7.3607727447,2.1480244994
human,human,4000_story_1320.txt,14.878956962,11.015867323,5.6707244665,-0.271472739
llm_free,ai,4000_story_1320_llm_free.txt,-13.26022371,-10.71434508,1.1697424412,1.5523680691
human,human,4000_story_1321.txt,22.650538252,11.567491258,-7.70580726,-2.199998279
llm_free,ai,4000_story_1321_llm_free.txt,-11.18307064,-6.5918397,4.3623522983,-1.073876547
human,human,4000_story_1322.txt,17.614119424,8.0855493344,-10.29182133,-1.973675551
llm_free,ai,4000_story_1322_llm_free.txt,-10.5597453,-10.59763416,0.3609811481,-1.159389148
human,human,4000_story_1324.txt,4.982046156,7.9056086735,-4.303486795,-2.05278935
llm_free,ai,4000_story_1324_llm_free.txt,-18.06363252,-15.23104838,-2.734257701,1.6631832361
human,human,4000_story_1325.txt,6.1326695437,2.6015449152,-2.726947619,-0.568691173
llm_free,ai,4000_story_1325_llm_free.txt,-4.320068515,-8.652918164,11.770126334,2.4224637867
human,human,4000_story_1326.txt,-2.206972115,4.1439398449,-8.593921955,-2.546071801
llm_free,ai,4000_story_1326_llm_free.txt,-11.11174193,-13.83981709,4.3164320301,1.686420779
human,human,4000_story_1327.txt,3.6272075345,7.1423682735,-3.751226254,-0.590985782
llm_free,ai,4000_story_1327_llm_free.txt,-12.45629823,-8.776477644,-0.168211107,-1.30235023
human,human,4000_story_1329.txt,3.9618609963,4.9566583412,-7.311936192,-3.383814223
llm_free,ai,4000_story_1329_llm_free.txt,-16.34923923,-3.004938653,3.252916082,0.5944709654
human,human,4000_story_1330.txt,6.0707306279,-4.740959304,0.1114861348,-2.431911061
llm_free,ai,4000_story_1330_llm_free.txt,-14.25324824,-10.30617953,-1.440243592,-1.621084087
human,human,4000_story_1331.txt,13.606433842,4.5932255374,-2.553843981,-0.261864856
llm_free,ai,4000_story_1331_llm_free.txt,-8.579489186,-0.030094232,6.6626272503,1.4042608124
human,human,4000_story_1332.txt,8.3939417598,-4.557944954,-1.098890142,-1.755880611
llm_free,ai,4000_story_1332_llm_free.txt,-4.744056459,-8.107162396,4.8464746544,2.8189186767
human,human,4000_story_1333.txt,13.466044598,3.6162236907,0.654940879,-0.705934942
llm_free,ai,4000_story_1333_llm_free.txt,-7.847329405,-5.793959995,8.7119654218,2.9183713017
human,human,4000_story_1334.txt,7.2317732653,3.2522390817,-2.472409828,-3.350567885
llm_free,ai,4000_story_1334_llm_free.txt,-14.41381685,-7.689560539,4.4103305367,0.4755702484
human,human,4000_story_1337.txt,-1.433520509,30.191984898,-17.35180363,-1.093563445
llm_free,ai,4000_story_1337_llm_free.txt,-13.30162394,-9.387659052,5.9962334635,0.4001826049
human,human,4000_story_1342.txt,-2.441245587,27.451037893,-18.95006045,0.2961747459
llm_free,ai,4000_story_1342_llm_free.txt,-8.874972568,-6.222729763,7.2810486512,1.1807026168
human,human,4000_story_1343.txt,9.5363297354,18.114665894,-13.50788337,-2.132153496
llm_free,ai,4000_story_1343_llm_free.txt,-8.218736896,-14.2273788,10.140151397,1.0770247815
human,human,4000_story_1345.txt,-2.57478966,25.694076965,-15.37799526,-4.566607556
llm_free,ai,4000_story_1345_llm_free.txt,-14.59751271,-12.487648,2.6630492199,-0.459225136
human,human,4000_story_1346.txt,3.429802917,21.386737901,-11.26685221,-2.378028939
llm_free,ai,4000_story_1346_llm_free.txt,-15.78542293,-13.55883826,1.6692647149,-3.05949493
human,human,4000_story_1348.txt,7.1140856569,17.501680611,-10.7444783,-1.138801615
llm_free,ai,4000_story_1348_llm_free.txt,-14.19913273,-11.0086403,3.166493582,-2.593623033
human,human,4000_story_1354.txt,8.3200279785,32.397605482,-11.83599253,0.3106295364
llm_free,ai,4000_story_1354_llm_free.txt,-6.062217087,-4.329326358,9.998248419,2.9476683906
human,human,4000_story_1357.txt,7.0693217425,8.4687436748,-9.332524543,0.2842265482
llm_free,ai,4000_story_1357_llm_free.txt,-8.662704824,-6.373582534,9.0920235407,2.1185036486
human,human,4000_story_1361.txt,8.9742157249,15.621458973,-4.124187039,1.3925682468
llm_free,ai,4000_story_1361_llm_free.txt,-7.045490499,-14.55391683,4.9531615493,-1.037460147
human,human,4000_story_1363.txt,3.6045196312,2.7920609349,-7.975486047,0.909250956
llm_free,ai,4000_story_1363_llm_free.txt,-7.048505221,-10.83521874,5.2915107035,1.3881169663
human,human,4000_story_1369.txt,10.496176609,32.259538432,-13.25087182,-1.507397456
llm_free,ai,4000_story_1369_llm_free.txt,-13.85765541,-10.93609934,0.8020290823,-0.572889129
human,human,4000_story_1375.txt,19.278075902,7.2178561798,8.2087046689,-0.068408551
llm_free,ai,4000_story_1375_llm_free.txt,-13.07674657,-11.83389131,4.3233468976,-0.294145624
human,human,4000_story_1380.txt,10.73781783,10.357674947,-10.10800284,-1.160419351
llm_free,ai,4000_story_1380_llm_free.txt,-7.445987383,-6.079785796,9.4998292019,-0.466608867
human,human,4000_story_1386.txt,2.7153790261,11.091220936,-19.21095603,-2.100989533
llm_free,ai,4000_story_1386_llm_free.txt,-12.43126168,-6.343199367,6.2515049672,-0.575988302
human,human,4000_story_1393.txt,18.374044556,11.696620168,2.3274511086,-0.613642954
llm_free,ai,4000_story_1393_llm_free.txt,-15.50612099,-8.461278221,4.3662099308,-0.138809818
human,human,4000_story_1399.txt,7.7106903184,34.430536158,-14.89977696,-0.890501565
llm_free,ai,4000_story_1399_llm_free.txt,-6.709750674,-9.860703971,-2.99007286,-1.962493136
human,human,4000_story_1402.txt,5.3075448111,23.93729512,-13.08012683,-3.299490953
llm_free,ai,4000_story_1402_llm_free.txt,-13.45324965,-8.071980821,-0.061834062,-2.812448175
human,human,4000_story_1405.txt,3.0033481968,26.411081004,-9.389546226,-1.691939133
llm_free,ai,4000_story_1405_llm_free.txt,-15.60165569,-7.399656305,-0.642046964,-3.139574968
human,human,4000_story_1412.txt,12.797704585,4.5519179507,-10.90734672,-2.60183815
llm_free,ai,4000_story_1412_llm_free.txt,-13.22023079,-5.225864906,1.9816008605,-0.74789612
human,human,4000_story_1414.txt,6.2304185609,18.260101632,-8.224980242,3.3593950821
llm_free,ai,4000_story_1414_llm_free.txt,-15.11433523,-12.21209092,-3.221981946,-2.270287999
human,human,4000_story_1418.txt,2.4183232787,12.404316049,-16.6961691,-1.931846248
llm_free,ai,4000_story_1418_llm_free.txt,-11.38772788,-14.31974243,4.2204066158,-0.062186898
human,human,4000_story_1420.txt,15.881889855,29.127292672,-10.24266194,-3.093372866
llm_free,ai,4000_story_1420_llm_free.txt,-13.16094221,-11.86999749,-0.909495223,-1.466446152
human,human,4000_story_1434.txt,1.0929728601,7.0618243496,-21.41389144,-5.613451075
llm_free,ai,4000_story_1434_llm_free.txt,-14.57517356,-11.92404564,-0.027058908,-0.375348722
human,human,4000_story_1446.txt,7.4213951594,10.223153755,-12.07983924,-1.651466554
llm_free,ai,4000_story_1446_llm_free.txt,-14.40423726,-3.67670543,9.4687645141,1.7719543783
human,human,4000_story_1474.txt,-0.676690978,19.254579871,-16.85285943,-1.066599746
llm_free,ai,4000_story_1474_llm_free.txt,-13.50792445,-10.01310214,4.3010974923,-0.123005897
human,human,4000_story_1479.txt,15.454978091,37.156891908,-11.1269234,-2.068123778
llm_free,ai,4000_story_1479_llm_free.txt,-11.87804987,-13.6719645,-0.134912308,0.2404897128
human,human,4000_story_1480.txt,0.897751145,23.979915628,-13.13757403,-1.885106742
llm_free,ai,4000_story_1480_llm_free.txt,-9.28073214,-10.43804558,16.396669347,1.2040470899
human,human,4000_story_1483.txt,14.189584187,26.350980186,-14.64363048,-0.705007053
llm_free,ai,4000_story_1483_llm_free.txt,-15.94050778,-5.790098819,5.0775604039,-1.222298114
human,human,4000_story_1487.txt,3.6822235435,8.8949554742,-9.451604435,-1.246025479
llm_free,ai,4000_story_1487_llm_free.txt,-12.81003521,-13.63910256,2.2696083215,-1.188126196
human,human,4000_story_1490.txt,12.777148727,-11.03327293,1.709212316,-0.062006771
llm_free,ai,4000_story_1490_llm_free.txt,-14.48794967,-14.07736493,-1.858179712,-0.897030603
human,human,4000_story_1515.txt,-3.399902412,1.2204055394,-18.61941036,-2.221973293
llm_free,ai,4000_story_1515_llm_free.txt,-8.424474219,-8.425949823,5.7513535283,-0.771849555
human,human,4000_story_1525.txt,14.76278402,-9.80066341,-1.468937357,-0.971167927
llm_free,ai,4000_story_1525_llm_free.txt,-10.85343798,-13.55392438,2.036391291,0.9339701737
human,human,4000_story_1533.txt,-3.036403495,23.458028043,-17.04209995,-2.557365762
llm_free,ai,4000_story_1533_llm_free.txt,-9.18305348,-16.9669755,-0.069404713,-0.283144975
human,human,4000_story_1557.txt,4.2040442297,-4.899399605,-5.559191969,-0.03024144
llm_free,ai,4000_story_1557_llm_free.txt,-10.46112415,-16.39005006,4.1522960399,0.3960735578
human,human,4000_story_1595.txt,1.0863182959,-1.654308609,-9.624207739,-0.425796363
llm_free,ai,4000_story_1595_llm_free.txt,-15.80122505,-13.62004687,-5.564085516,-3.134278896
human,human,4000_story_1596.txt,12.651416164,4.9979551885,-5.019600528,-1.61621685
llm_free,ai,4000_story_1596_llm_free.txt,-17.2184588,-4.039223801,2.6429895388,1.148617689
human,human,4000_story_1634.txt,8.4465216061,-1.530584905,-1.757209715,1.8261937783
llm_free,ai,4000_story_1634_llm_free.txt,-13.9822307,-6.51735495,3.9396326373,0.0831378043
human,human,4000_story_1637.txt,4.4781706031,12.043217752,-5.291327567,-1.067299925
llm_free,ai,4000_story_1637_llm_free.txt,-12.84974937,-13.51688585,-3.006737656,1.8325292854
human,human,4000_story_1652.txt,11.931091346,-0.450953695,-3.91350681,0.983941397
llm_free,ai,4000_story_1652_llm_free.txt,-10.09393227,-16.11595769,5.3939486617,0.9845270528
human,human,4000_story_1659.txt,10.799603825,-9.346877812,-15.39026129,-1.00589758
llm_free,ai,4000_story_1659_llm_free.txt,-11.10058528,-6.536052936,5.7496431371,1.5853250414
human,human,4000_story_1696.txt,9.6864396696,-6.699217306,0.9542150234,1.2681181346
llm_free,ai,4000_story_1696_llm_free.txt,-8.674959943,-14.8099021,5.5934939849,0.8352078264
human,human,4000_story_1707.txt,9.6644348254,11.063837993,-2.535321636,-1.365314372
llm_free,ai,4000_story_1707_llm_free.txt,-12.47996611,-9.34225486,-3.70580818,-1.290076625
human,human,4000_story_1719.txt,13.897208111,-0.945645551,-0.592201802,3.3565067926
llm_free,ai,4000_story_1719_llm_free.txt,-9.251583337,-5.362251879,6.9431287297,-0.232677006
human,human,4000_story_1757.txt,28.813827495,13.036481581,6.9468801805,5.9072974927
llm_free,ai,4000_story_1757_llm_free.txt,-12.86786841,-13.2815269,2.382232691,-1.287652017
human,human,4000_story_1761.txt,23.57163507,20.346864226,-0.712880295,0.3067895258
llm_free,ai,4000_story_1761_llm_free.txt,-18.95488493,-13.22526136,-5.826947373,-2.860965646
human,human,4000_story_1764.txt,29.174445464,29.915577407,5.7109539184,0.874197091
llm_free,ai,4000_story_1764_llm_free.txt,-13.76884204,-11.72464987,3.2110302715,-1.717038934
human,human,4000_story_1770.txt,33.413862457,-8.069250514,-2.072043345,2.7837149152
llm_free,ai,4000_story_1770_llm_free.txt,-12.44580095,-12.66184964,2.9678126445,-2.15653048
human,human,4000_story_1779.txt,0.4294899535,25.019590294,-9.264068448,0.9249486152
llm_free,ai,4000_story_1779_llm_free.txt,-13.00876729,-13.23635308,9.3707041805,1.9998742764
human,human,4000_story_1796.txt,26.727248133,11.991061415,11.577515662,1.4679529135
llm_free,ai,4000_story_1796_llm_free.txt,-10.93525121,-2.058159469,-1.630181382,0.5238419886
human,human,4000_story_1797.txt,0.8139776861,19.160093261,-8.736652284,1.2881571673
llm_free,ai,4000_story_1797_llm_free.txt,-16.70492287,-8.002213408,2.8823486367,0.4231947462
human,human,4000_story_1799.txt,23.843002342,4.0024159382,4.9968661761,1.5387807067
llm_free,ai,4000_story_1799_llm_free.txt,-12.97176499,-6.50656311,6.9790262027,0.4493926618
human,human,4000_story_1808.txt,-2.06846277,6.4836159689,-13.53106362,-2.002407313
llm_free,ai,4000_story_1808_llm_free.txt,-15.64790585,-13.20153567,-1.179502839,-1.612468057
human,human,4000_story_1812.txt,0.5807749902,30.706765244,-7.466051733,-0.435244447
llm_free,ai,4000_story_1812_llm_free.txt,-11.91164385,-15.26817685,-0.704215226,-0.504146687
human,human,4000_story_1818.txt,45.063873466,-3.045104687,8.5908711994,2.1988067802
llm_free,ai,4000_story_1818_llm_free.txt,-11.75126463,-16.87389219,-2.297063807,-0.18467661
human,human,4000_story_1819.txt,36.009036564,-3.80854407,15.021599301,2.1870003596
llm_free,ai,4000_story_1819_llm_free.txt,-13.59457568,-9.81618989,3.5382815346,1.4040121049
human,human,4000_story_1823.txt,4.2034034298,26.426768136,-11.91483092,-3.108322095
llm_free,ai,4000_story_1823_llm_free.txt,-11.63974025,-10.20763494,2.8370853407,0.0524479501
human,human,4000_story_1831.txt,2.3967317941,15.531244254,-4.60977314,-4.469909563
llm_free,ai,4000_story_1831_llm_free.txt,-11.0560242,-3.302960822,10.871813373,-0.412234614
human,human,4000_story_1834.txt,23.011599024,-3.101044305,23.362102133,1.752895434
llm_free,ai,4000_story_1834_llm_free.txt,-7.530520919,-5.320295634,-3.036880381,1.660040428
human,human,4000_story_1836.txt,19.022867383,28.426071064,-0.293353056,0.4938447205
llm_free,ai,4000_story_1836_llm_free.txt,-11.65006682,-8.176956357,10.267765716,0.8404399338
human,human,4000_story_1837.txt,12.098866991,23.698087157,-2.736061355,-1.655413495
llm_free,ai,4000_story_1837_llm_free.txt,-17.5435369,-10.18511266,6.5196851393,0.5859845032
human,human,4000_story_1838.txt,18.558040587,-5.14753552,-3.065164244,-1.993385754
llm_free,ai,4000_story_1838_llm_free.txt,-14.49089107,-14.35079399,6.4244971485,1.1644019495
human,human,4000_story_1840.txt,8.3063348873,-1.759898229,-5.963854507,0.0729262449
llm_free,ai,4000_story_1840_llm_free.txt,-6.955410281,-6.374300382,4.1203115545,-0.274747423
human,human,4000_story_1841.txt,4.4235624364,10.546711419,-17.92985818,-2.335484413
llm_free,ai,4000_story_1841_llm_free.txt,-13.79896965,-15.7936817,0.3163614198,-1.762368323
human,human,4000_story_1843.txt,-3.012129618,19.175668881,-21.44343062,-3.156235889
llm_free,ai,4000_story_1843_llm_free.txt,-1.930683743,-14.68501729,17.73419197,2.4141318376
human,human,4000_story_1844.txt,-3.378033621,13.894114085,-22.37210473,-4.859651339
llm_free,ai,4000_story_1844_llm_free.txt,-15.65227995,-11.14167785,5.8397458113,0.3088538796
human,human,4000_story_1846.txt,4.0495359919,25.001453422,-21.61747057,-3.090881986
llm_free,ai,4000_story_1846_llm_free.txt,-10.73560929,-8.457772109,5.7186913019,0.1238637073
human,human,4000_story_1847.txt,9.4495138538,36.148731782,-15.19472109,-4.637482932
llm_free,ai,4000_story_1847_llm_free.txt,-13.98710591,-5.210179575,-2.183376575,-0.722885229
human,human,4000_story_1848.txt,1.1428608476,18.810399299,-11.96163012,2.7130446119
llm_free,ai,4000_story_1848_llm_free.txt,-8.257737063,-3.606927106,-1.422859971,-0.718192834
human,human,4000_story_1854.txt,1.2075004081,14.37746027,-19.07173211,-3.672619391
llm_free,ai,4000_story_1854_llm_free.txt,-13.70549951,-9.960597568,5.0952501452,2.1671077206
human,human,4000_story_1855.txt,5.3579082287,12.044414808,-20.35554687,-2.597503701
llm_free,ai,4000_story_1855_llm_free.txt,-18.43807908,-13.2881449,4.5144291563,-0.80327727
human,human,4000_story_1856.txt,0.9930934309,29.946717241,-22.68782273,-0.130413904
llm_free,ai,4000_story_1856_llm_free.txt,-10.14194632,-16.54985913,6.9251340432,0.1564400965
human,human,4000_story_1857.txt,2.0560710662,17.987004085,-13.58486913,-0.416117591
llm_free,ai,4000_story_1857_llm_free.txt,-10.02722116,-13.57182029,-1.073867982,-2.229833441
human,human,4000_story_1860.txt,0.0365864077,-1.226600402,-18.03428484,-0.987932802
llm_free,ai,4000_story_1860_llm_free.txt,-12.44621216,-13.93334368,0.7004798599,-2.312720979
human,human,4000_story_1863.txt,4.6803354365,8.6945603574,-10.61104777,-2.413032913
llm_free,ai,4000_story_1863_llm_free.txt,-6.619819027,-6.764538558,10.0051357,0.7262565571
human,human,4000_story_1864.txt,2.3810743175,25.768258908,-17.48823868,-2.688608665
llm_free,ai,4000_story_1864_llm_free.txt,-22.34416358,-16.91137367,-6.309913605,-0.472333104
human,human,4000_story_1879.txt,12.682062581,4.7587076241,-1.937969308,0.5766916
llm_free,ai,4000_story_1879_llm_free.txt,-5.293117296,-10.97506816,6.0502449255,1.6055523206
human,human,4000_story_1886.txt,12.486910387,-3.193119723,-11.16422629,-1.20952017
llm_free,ai,4000_story_1886_llm_free.txt,-11.06446625,-2.724370458,3.2568971147,0.3253783089
human,human,4000_story_1894.txt,23.5724673,-6.524441556,13.972444202,-3.240700936
llm_free,ai,4000_story_1894_llm_free.txt,-8.251583,-7.085551296,6.151643429,1.8992300107
human,human,4000_story_1911.txt,24.362115239,-4.728280053,6.3120782864,2.2008741108
llm_free,ai,4000_story_1911_llm_free.txt,-10.84682734,-9.643605864,-0.134453055,-2.559273295
human,human,4000_story_1914.txt,15.780765181,-0.851368963,3.1068222065,0.4463184341
llm_free,ai,4000_story_1914_llm_free.txt,-15.23345412,-14.10105869,3.6071552711,0.6263960951
human,human,4000_story_1915.txt,31.900497116,-2.309984422,7.3449875438,-1.867573107
llm_free,ai,4000_story_1915_llm_free.txt,-8.565639232,-12.99027444,-3.63250811,0.3900576467
human,human,4000_story_1921.txt,12.077312615,-5.686769788,-7.193912069,0.2511143942
llm_free,ai,4000_story_1921_llm_free.txt,-10.28981416,-5.738024626,6.8813979888,1.1389622234
human,human,4000_story_1930.txt,7.349919751,-1.656608484,-3.146295203,-0.139616259
llm_free,ai,4000_story_1930_llm_free.txt,-9.539323288,-6.124213399,3.4848502136,-0.279553672
human,human,4000_story_1932.txt,19.743264921,-4.682205338,4.3147720972,-0.005837202
llm_free,ai,4000_story_1932_llm_free.txt,-13.02041694,-7.668447477,8.4701705843,1.84757204
human,human,4000_story_1934.txt,12.132932803,6.458313313,-1.882240667,0.5479981878
llm_free,ai,4000_story_1934_llm_free.txt,-19.41882312,-10.45070051,3.2952598694,-0.579896893
human,human,4000_story_1943.txt,22.151759293,-5.730895885,11.934998299,-1.021863607
llm_free,ai,4000_story_1943_llm_free.txt,-14.23403037,-12.56759274,1.9705726767,-1.487416576
human,human,4000_story_1952.txt,28.052423387,-7.945027652,8.8308332485,-0.965354112
llm_free,ai,4000_story_1952_llm_free.txt,-12.81683705,-12.75219508,-0.085483246,-2.464442176
human,human,4000_story_1999.txt,14.372373667,8.6196201597,-2.006249544,0.5100135121
llm_free,ai,4000_story_1999_llm_free.txt,-14.51878432,-16.21040084,0.3408533214,-0.183059112
human,human,4000_story_2016.txt,26.612101718,13.760471629,10.243505091,1.4186470225
llm_free,ai,4000_story_2016_llm_free.txt,-10.75340599,-7.281351542,2.7536060782,-0.50052977
human,human,4000_story_2017.txt,10.74977167,18.333771737,-9.627252398,-2.199726934
llm_free,ai,4000_story_2017_llm_free.txt,1.0501224376,-14.45133793,14.725373336,4.496534815
human,human,4000_story_2019.txt,6.8286539125,25.024525707,-0.308483529,0.3807850726
llm_free,ai,4000_story_2019_llm_free.txt,-12.94818979,-7.9633051,1.5292119707,-1.756085683
human,human,4000_story_2020.txt,4.2927264845,23.603201958,-7.314910853,-1.573423616
llm_free,ai,4000_story_2020_llm_free.txt,-7.517179711,-7.191885177,8.826968849,1.5682195728
human,human,4000_story_2025.txt,14.485071425,15.805502941,-1.195939972,-2.839391545
llm_free,ai,4000_story_2025_llm_free.txt,-18.13440853,-12.67456308,-1.990127861,-1.938448483
human,human,4000_story_2026.txt,15.583884536,31.372402278,1.4787888174,0.8651748641
llm_free,ai,4000_story_2026_llm_free.txt,-13.93755003,-13.30875185,0.1246668846,1.7043146678
human,human,4000_story_2027.txt,20.122605367,37.771916033,6.3849901938,-1.450982156
llm_free,ai,4000_story_2027_llm_free.txt,-11.02504674,-9.197496894,6.3842050771,2.1218265837
human,human,4000_story_2029.txt,30.364058957,14.47409592,11.566639752,-1.570846803
llm_free,ai,4000_story_2029_llm_free.txt,-16.83537473,-10.31385997,2.0861902744,-1.597650704
human,human,4000_story_2034.txt,15.68246809,30.479585196,3.3975689872,6.5316276748
llm_free,ai,4000_story_2034_llm_free.txt,-16.78227597,-9.487685238,-1.491274807,-0.143073378
human,human,4000_story_2035.txt,15.529101169,16.185827197,1.944665926,5.4946144636
llm_free,ai,4000_story_2035_llm_free.txt,-6.463261302,-12.52246192,11.178537483,-1.244726908
human,human,4000_story_2036.txt,18.927210975,4.9987051615,-5.069782237,3.4048586544
llm_free,ai,4000_story_2036_llm_free.txt,-14.83792504,-11.65741813,1.2835980253,-1.907553556
human,human,4000_story_2038.txt,15.317721415,19.880181356,-2.515978988,2.7406323161
llm_free,ai,4000_story_2038_llm_free.txt,-6.017648529,-4.149753077,1.8779633545,-0.208789843
human,human,4000_story_2043.txt,11.337246893,1.1099978923,-3.900634991,-1.765041638
llm_free,ai,4000_story_2043_llm_free.txt,-15.1957685,-9.735408636,-5.882754434,-2.855981578
human,human,4000_story_2046.txt,16.313052626,20.296116475,2.825655905,3.7706167655
llm_free,ai,4000_story_2046_llm_free.txt,-11.79273373,-10.98071194,6.9678388157,-0.926378252
human,human,4000_story_2047.txt,10.57286733,11.271516268,1.3771206893,1.4514767356
llm_free,ai,4000_story_2047_llm_free.txt,-12.96283833,-8.688600775,3.3121462286,-0.600527393
human,human,4000_story_2051.txt,7.3516291113,18.137650309,-4.384530215,-0.255506712
llm_free,ai,4000_story_2051_llm_free.txt,-5.035223505,-12.23793442,1.9339002884,-1.113948214
human,human,4000_story_2053.txt,22.022526555,13.131813046,12.33210165,2.0161250527
llm_free,ai,4000_story_2053_llm_free.txt,-13.7164505,-13.6659722,-0.6623313,1.3949016371
human,human,4000_story_2054.txt,11.327123232,7.5755169723,-5.65525097,3.0031483511
llm_free,ai,4000_story_2054_llm_free.txt,-10.45915728,0.1928105688,7.4217630343,-0.826563064
human,human,4000_story_2056.txt,9.8724349185,27.394161169,0.6000820242,0.1106645214
llm_free,ai,4000_story_2056_llm_free.txt,-10.18119952,-14.93589907,4.0631954497,-1.499291577
human,human,4000_story_2057.txt,9.9730715697,13.581062562,-3.91664794,-0.471747448
llm_free,ai,4000_story_2057_llm_free.txt,-8.784680847,-7.68306477,5.4071495283,0.4346891639
human,human,4000_story_2063.txt,21.545778794,3.3011442976,10.200226452,11.009756222
llm_free,ai,4000_story_2063_llm_free.txt,-19.87283647,-14.1518461,0.774958927,-2.332478765
human,human,4000_story_2064.txt,9.5692785606,25.552390449,-13.36016528,-0.511714493
llm_free,ai,4000_story_2064_llm_free.txt,-4.00059548,-7.257889101,4.5032092954,0.4693991558
human,human,4000_story_2067.txt,23.75664569,-3.373150103,6.2408457982,-1.015416553
llm_free,ai,4000_story_2067_llm_free.txt,-17.39326942,-14.53979518,-5.378308711,-1.159526309
human,human,4000_story_2068.txt,21.272007375,-1.212921011,-2.002587003,0.9256818594
llm_free,ai,4000_story_2068_llm_free.txt,-12.02831592,-13.25558993,3.0137458472,0.7200605189
human,human,4000_story_2069.txt,27.234490564,5.4390049527,2.4535993229,0.9891711962
llm_free,ai,4000_story_2069_llm_free.txt,-12.75520878,-10.20081163,0.1007847178,-1.990331856
human,human,4000_story_2070.txt,10.552709192,24.831999306,-16.86007069,-4.268706964
llm_free,ai,4000_story_2070_llm_free.txt,-11.08415668,-14.07770782,-0.682689693,-0.59300717
human,human,4000_story_2073.txt,28.182925111,9.9763831016,3.6878780275,2.2766672831
llm_free,ai,4000_story_2073_llm_free.txt,-19.55844489,-11.70374657,-1.621071669,-0.075791613
human,human,4000_story_2074.txt,30.876830196,3.0763758966,-2.662449714,-0.786397872
llm_free,ai,4000_story_2074_llm_free.txt,-15.97581109,-12.10336317,4.0078122898,0.4991250792
human,human,4000_story_2075.txt,4.4061119427,14.737705366,-16.06026082,-3.040525563
llm_free,ai,4000_story_2075_llm_free.txt,-9.393878312,-8.468752792,3.1061162828,0.1261970976
human,human,4000_story_2076.txt,3.4173634104,6.2043051709,-15.52756977,-2.943802624
llm_free,ai,4000_story_2076_llm_free.txt,-6.935259977,-2.534160814,5.6241369342,-0.514162407
human,human,4000_story_2077.txt,6.8013334701,5.2273963694,4.0094665638,2.0507530599
llm_free,ai,4000_story_2077_llm_free.txt,-12.03597487,-16.50182245,3.2569089327,1.337225447
human,human,4000_story_2078.txt,6.9022473917,9.3295318682,-2.046512096,4.355953735
llm_free,ai,4000_story_2078_llm_free.txt,-14.80325042,-17.04638002,1.8131655625,-0.398675174
human,human,4000_story_2079.txt,11.409421643,4.3517600557,-5.969641349,2.4643524369
llm_free,ai,4000_story_2079_llm_free.txt,-1.522353189,-7.374509006,15.498367346,2.2936152619
human,human,4000_story_2080.txt,-5.662233152,21.609513985,-12.46150385,4.465180297
llm_free,ai,4000_story_2080_llm_free.txt,-16.15288337,-9.708460518,-4.049890787,-2.917181159
human,human,4000_story_2081.txt,-3.626511559,6.541536649,-5.982718886,4.0739633255
llm_free,ai,4000_story_2081_llm_free.txt,-8.984348991,-5.734495154,6.0865949972,2.4221970584
human,human,4000_story_2082.txt,15.902007447,13.946443071,0.4374866753,7.996938921
llm_free,ai,4000_story_2082_llm_free.txt,-14.16582253,-8.449077146,-0.576412308,-1.236775542
human,human,4000_story_2083.txt,0.8831796792,-0.832916796,-5.472742664,1.7159695521
llm_free,ai,4000_story_2083_llm_free.txt,-11.56454297,-3.264056292,9.4650476448,0.5501055079
human,human,4000_story_2086.txt,14.272381856,-4.637193893,-1.291105657,2.3617999701
llm_free,ai,4000_story_2086_llm_free.txt,-12.34541471,-11.63237489,1.6931526727,0.5229849881
human,human,4000_story_2087.txt,6.7225754467,18.752026956,-6.367858521,2.0886331136
llm_free,ai,4000_story_2087_llm_free.txt,-7.720730648,-7.015578663,5.2736999289,0.7388044836
human,human,4000_story_2089.txt,9.1214422229,4.0525350278,1.0713194166,3.2153486212
llm_free,ai,4000_story_2089_llm_free.txt,-5.915173602,-9.375822642,9.3714230838,1.2619719874
human,human,4000_story_2090.txt,-1.155450633,6.8595971776,-7.723392467,4.1529824042
llm_free,ai,4000_story_2090_llm_free.txt,-9.270445393,-12.35354228,4.0716698298,-0.227868448
human,human,4000_story_2091.txt,16.959440958,3.1306577215,1.3552449481,-2.49199153
llm_free,ai,4000_story_2091_llm_free.txt,-8.562912626,-8.728899096,1.141148458,-0.782667099
human,human,4000_story_2092.txt,17.411663163,36.269491616,6.6250824643,-0.921523751
llm_free,ai,4000_story_2092_llm_free.txt,-10.66160744,-5.927861006,6.1926347957,2.0009746994
human,human,4000_story_2094.txt,27.420863188,35.916311372,1.2574555434,-2.902165658
llm_free,ai,4000_story_2094_llm_free.txt,-17.58070722,-8.053083017,0.0257328109,0.6257441672
human,human,4000_story_2098.txt,15.607434758,51.581528463,-7.416698643,-3.101367199
llm_free,ai,4000_story_2098_llm_free.txt,-10.13279532,-6.938742767,11.76882774,2.3547515479
human,human,4000_story_2100.txt,24.245215954,19.161341305,10.603849991,2.5656096122
llm_free,ai,4000_story_2100_llm_free.txt,-14.70456777,-10.47730772,4.640328662,1.0095379443
human,human,4000_story_2102.txt,15.820140782,34.410810258,-2.195042408,4.5584299592
llm_free,ai,4000_story_2102_llm_free.txt,-11.29427628,-6.649589185,1.9702384805,-2.000274378
human,human,4000_story_2103.txt,23.306339308,9.7374259128,-0.863130329,-1.875430279
llm_free,ai,4000_story_2103_llm_free.txt,-9.530867878,-4.50282028,12.799658786,3.8931501121
human,human,4000_story_2107.txt,10.777871132,14.145351524,-9.469592557,0.9588672102
llm_free,ai,4000_story_2107_llm_free.txt,-15.622506,-10.03505477,-2.639992915,-1.61655149
human,human,4000_story_2118.txt,10.254777819,6.0802834456,-9.641103087,-2.209744962
llm_free,ai,4000_story_2118_llm_free.txt,-8.400123603,-8.454863238,7.8460770986,-0.001368569
human,human,4000_story_2133.txt,20.908803784,14.69840114,6.8789550301,1.0120265162
llm_free,ai,4000_story_2133_llm_free.txt,-14.66139662,-8.023327866,1.0114925269,-0.723755634
human,human,4000_story_2136.txt,12.668478871,6.5810014647,3.8194149534,-0.39836548
llm_free,ai,4000_story_2136_llm_free.txt,-6.605478015,-7.201432343,8.0696051407,0.4586245778
human,human,4000_story_2143.txt,9.0835195012,5.8247909512,-8.091793931,-0.172370467
llm_free,ai,4000_story_2143_llm_free.txt,-10.3885702,-11.79702674,4.5289915656,1.427475718
human,human,4000_story_2148.txt,17.761637279,-16.97627916,10.147659814,-1.802982679
llm_free,ai,4000_story_2148_llm_free.txt,-6.177037501,-8.40480097,8.1374749495,-0.021258231
human,human,4000_story_2178.txt,2.4575936773,31.418602284,-5.469631275,0.5852397179
llm_free,ai,4000_story_2178_llm_free.txt,-12.42518871,-7.771339055,-0.801376641,1.4620032746
human,human,4000_story_2186.txt,15.018174736,-8.107485128,5.3293211776,-0.470088623
llm_free,ai,4000_story_2186_llm_free.txt,-7.784943,4.0384210382,2.2153707763,2.3526156369
human,human,4000_story_2199.txt,0.6456050448,5.9866485894,-3.723191264,-3.090970896
llm_free,ai,4000_story_2199_llm_free.txt,-16.12067451,-13.9251423,-2.686308263,-1.928321217
human,human,4000_story_2222.txt,11.758589303,-6.923497855,-1.62775028,-1.818474597
llm_free,ai,4000_story_2222_llm_free.txt,-12.06159408,-12.24258036,3.8871567202,-0.118602867
human,human,4000_story_2245.txt,6.9005090097,7.3406445622,0.0634317845,-1.168124318
llm_free,ai,4000_story_2245_llm_free.txt,-14.9891934,-9.258813327,-3.16031727,-2.287758339
human,human,4000_story_2254.txt,19.876452395,-12.65519322,-8.702701538,-1.726945416
llm_free,ai,4000_story_2254_llm_free.txt,-16.23589617,-13.41966851,2.3113395635,-1.301548406
human,human,4000_story_2259.txt,28.06874347,-11.54044927,9.5879912519,-2.193984676
llm_free,ai,4000_story_2259_llm_free.txt,-7.124989824,-7.280603098,14.040458882,0.1623195154
human,human,4000_story_2286.txt,19.650202711,19.060948502,0.6812608782,4.498825239
llm_free,ai,4000_story_2286_llm_free.txt,-12.63959952,-11.30112291,9.1079050414,-1.562986655
human,human,4000_story_2287.txt,9.5840277729,5.5611937765,-11.05535452,-0.806779664
llm_free,ai,4000_story_2287_llm_free.txt,-12.45583386,-8.864412652,1.8560176546,1.4814693873
human,human,4000_story_2288.txt,12.629083258,18.119140029,-7.821394725,0.2803888458
llm_free,ai,4000_story_2288_llm_free.txt,-13.64815775,-9.753318027,-1.290321222,-0.891424837
human,human,4000_story_2289.txt,6.1131146828,17.621054406,-10.84707635,-1.680064133
llm_free,ai,4000_story_2289_llm_free.txt,-10.53266112,-4.702684129,9.8931298116,-0.25463169
human,human,4000_story_2290.txt,12.492204857,20.519223511,-9.518979594,-1.232869259
llm_free,ai,4000_story_2290_llm_free.txt,-14.41159666,-6.063701448,5.2521460151,0.5334288738
human,human,4000_story_2291.txt,4.4434472488,-2.980270935,-16.36956185,0.387143217
llm_free,ai,4000_story_2291_llm_free.txt,-7.723148834,-5.033498151,6.4920309565,-0.086563883
human,human,4000_story_2292.txt,11.879103314,16.953289335,-8.317875394,0.701852319
llm_free,ai,4000_story_2292_llm_free.txt,-11.21010387,-13.96130794,3.0893165466,-0.296121068
human,human,4000_story_2293.txt,6.4051051838,28.701318123,-10.67282802,-4.431856975
llm_free,ai,4000_story_2293_llm_free.txt,-15.97377135,4.5121700896,-2.962363716,-1.817911578
human,human,4000_story_2294.txt,19.694892052,15.090511353,-4.945096296,-0.365517746
llm_free,ai,4000_story_2294_llm_free.txt,-11.49028481,-12.0722788,5.1177228807,-0.165798462
human,human,4000_story_2295.txt,20.422965518,2.6184426124,-7.466718517,0.7548820575
llm_free,ai,4000_story_2295_llm_free.txt,-6.102560153,-2.309416221,8.3110759953,2.1886411639
human,human,4000_story_2296.txt,10.53524812,17.769658104,-9.145052512,-0.000495187
llm_free,ai,4000_story_2296_llm_free.txt,-9.018315886,-5.79633894,7.9511250975,0.5401403477
human,human,4000_story_2297.txt,17.192613621,-1.970794316,-5.991437778,-0.750721641
llm_free,ai,4000_story_2297_llm_free.txt,-5.55324055,-3.573656682,13.657677571,1.4858015278
human,human,4000_story_2302.txt,20.183318353,10.063971643,6.9044490954,3.0694661849
llm_free,ai,4000_story_2302_llm_free.txt,-10.8258624,-13.1033902,-3.124141001,-0.72384916
human,human,4000_story_2305.txt,28.172711036,-8.703768883,8.3777516587,8.4263507834
llm_free,ai,4000_story_2305_llm_free.txt,-9.951023722,-7.891507485,5.3627975464,-0.229666742
human,human,4000_story_2311.txt,4.9057323659,-12.56360101,-5.577817009,3.3487907298
llm_free,ai,4000_story_2311_llm_free.txt,-11.76070142,-5.910148414,6.6786267668,0.2839371826
human,human,4000_story_2312.txt,11.057281851,-15.73203565,2.1414485402,3.3401816248
llm_free,ai,4000_story_2312_llm_free.txt,-12.25092458,-8.269473596,5.4100021484,-0.860306817
human,human,4000_story_2314.txt,9.9042377469,-6.600377346,-4.010611242,1.3311705175
llm_free,ai,4000_story_2314_llm_free.txt,-10.74671655,-12.0212573,3.9469343282,-1.059797723
human,human,4000_story_2316.txt,10.856772059,4.4931283169,-5.509496469,1.3315511007
llm_free,ai,4000_story_2316_llm_free.txt,-11.71987435,-11.59919985,4.5064367916,-2.080787868
human,human,4000_story_2317.txt,6.5545490354,-9.17190486,-11.52072742,0.025174557
llm_free,ai,4000_story_2317_llm_free.txt,-8.981592405,-4.8339353,2.7437782796,2.1696694894
human,human,4000_story_2320.txt,30.02673643,-2.129087818,8.8126926034,2.017029636
llm_free,ai,4000_story_2320_llm_free.txt,-15.05776236,-7.756537043,6.056444547,-0.231553945
human,human,4000_story_2321.txt,10.095432789,-3.165481533,-1.601126583,1.9421161016
llm_free,ai,4000_story_2321_llm_free.txt,-9.565062346,-8.384206833,10.648148084,-0.013468971
human,human,4000_story_2322.txt,13.479565469,-9.802524803,3.2001333773,5.2477896082
llm_free,ai,4000_story_2322_llm_free.txt,-18.4653458,-10.27457167,2.2311780096,-0.560273291
human,human,4000_story_2325.txt,22.345239381,3.7305449567,5.3273381707,-1.919971247
llm_free,ai,4000_story_2325_llm_free.txt,-8.225730966,-13.11640418,5.9462022635,-0.416076933
human,human,4000_story_2326.txt,14.77466948,-13.37968628,-5.475771396,-2.536938027
llm_free,ai,4000_story_2326_llm_free.txt,-16.27849714,-9.94662094,5.575832458,0.8594093001
human,human,4000_story_2327.txt,10.173954368,26.252202386,-7.403484365,3.3417046262
llm_free,ai,4000_story_2327_llm_free.txt,-9.843411922,-1.657309506,10.210119272,2.5079990257
human,human,4000_story_2328.txt,20.031880861,3.4203033241,2.262239827,-0.625046154
llm_free,ai,4000_story_2328_llm_free.txt,-8.966166411,-5.93058841,8.6725271132,0.2695660165
human,human,4000_story_2330.txt,4.8991213207,2.5234879102,-13.09377872,0.6205626193
llm_free,ai,4000_story_2330_llm_free.txt,-18.68215716,-10.84063885,-2.02378288,0.7456065066
human,human,4000_story_2339.txt,21.7434434,-7.682609649,3.0811798206,4.5566309966
llm_free,ai,4000_story_2339_llm_free.txt,-15.11307315,-3.542398476,4.5461223179,-0.433968514
human,human,4000_story_2341.txt,13.15919381,-2.182664129,-6.86052447,-3.780096579
llm_free,ai,4000_story_2341_llm_free.txt,-12.30763388,-13.5364313,-0.479655322,1.7227006865
human,human,4000_story_2343.txt,22.669630749,-9.710765172,-6.5832882,-0.2219687
llm_free,ai,4000_story_2343_llm_free.txt,-11.68486525,-15.37227651,2.9398984831,0.4242498946
human,human,4000_story_2347.txt,5.1345088776,-3.946574556,-7.09463318,-1.969764651
llm_free,ai,4000_story_2347_llm_free.txt,-11.60987681,-13.35590301,-0.45414,2.2864779302
human,human,4000_story_2350.txt,4.4899803557,-2.214228059,-3.376787267,-0.141143208
llm_free,ai,4000_story_2350_llm_free.txt,-15.85229983,-6.313144922,0.1133127568,-2.417834546
human,human,4000_story_2351.txt,17.241588881,6.5307699909,1.9104599935,-2.06183883
llm_free,ai,4000_story_2351_llm_free.txt,-10.21957978,-4.875023596,2.7170871928,0.5122104102
human,human,4000_story_2352.txt,23.564082597,2.0736782731,5.2901883704,1.843444972
llm_free,ai,4000_story_2352_llm_free.txt,-18.87901597,-8.6225713,2.4915025904,-1.83748693
human,human,4000_story_2353.txt,24.625673728,4.9576799655,-7.86048971,0.3811016919
llm_free,ai,4000_story_2353_llm_free.txt,-14.17254356,-11.89450282,1.9273661031,0.0458434064
human,human,4000_story_2369.txt,6.5816066146,0.8967144039,-8.45825189,-0.951178786
llm_free,ai,4000_story_2369_llm_free.txt,-10.81719445,-8.297757407,0.6482219513,-1.32166183
human,human,4000_story_2370.txt,4.0418300195,43.445346798,-9.463228672,-2.666651672
llm_free,ai,4000_story_2370_llm_free.txt,-11.96613331,-11.03525436,2.8967375062,0.1547992922
human,human,4000_story_2371.txt,8.7487366275,-4.667463996,-0.225409377,-0.772072649
llm_free,ai,4000_story_2371_llm_free.txt,-10.51245999,-7.207066343,1.028666268,0.9608154008
human,human,4000_story_2373.txt,8.215170408,30.462124153,-14.39238175,-1.63011093
llm_free,ai,4000_story_2373_llm_free.txt,-11.36221481,-5.887703914,8.7454129472,-1.198431281
human,human,4000_story_2376.txt,25.186924021,-0.59364554,3.8725131187,-1.198552729
llm_free,ai,4000_story_2376_llm_free.txt,-17.55704971,-9.813465956,-1.803708296,0.6977183264
human,human,4000_story_2387.txt,13.946661549,40.234230487,-12.58672397,-0.903972095
llm_free,ai,4000_story_2387_llm_free.txt,-16.3574177,0.9014503124,5.8898265497,-0.741250919
human,human,4000_story_2388.txt,15.533399613,-10.45514557,-4.039588273,25.491004966
llm_free,ai,4000_story_2388_llm_free.txt,-12.34860663,-12.06537844,-2.742091961,-0.581958939
human,human,4000_story_2389.txt,9.3821241665,4.6835375517,-10.06174254,-1.280537323
llm_free,ai,4000_story_2389_llm_free.txt,-7.851446452,-12.34109337,3.7713322344,-0.428806627
human,human,4000_story_2391.txt,20.910242569,-15.56085499,1.6954777851,32.006738251
llm_free,ai,4000_story_2391_llm_free.txt,-14.05243008,-14.39198045,0.1187468113,1.328421697
human,human,4000_story_2392.txt,5.7604217589,-1.560598524,-5.964969832,-0.671514316
llm_free,ai,4000_story_2392_llm_free.txt,-4.960842886,-7.683482172,6.2423845186,1.887646015
human,human,4000_story_2396.txt,10.107140827,17.961475745,-13.22807586,0.629850906
llm_free,ai,4000_story_2396_llm_free.txt,-13.41114145,-13.52797172,-0.620535987,0.7094840889
human,human,4000_story_2397.txt,1.2136359482,17.561093913,-18.0610187,0.0682089048
llm_free,ai,4000_story_2397_llm_free.txt,-10.33048761,-6.568845638,8.2847417046,-0.417781701
human,human,4000_story_2400.txt,4.2473588656,-2.255916185,-18.61115981,-0.758039099
llm_free,ai,4000_story_2400_llm_free.txt,-15.64888705,-10.31754424,-0.157762595,-0.188313856
human,human,4000_story_2402.txt,11.809034281,33.962732182,-10.37100556,-1.703639292
llm_free,ai,4000_story_2402_llm_free.txt,-14.78903741,-8.770011673,-1.505114855,-1.94255753
human,human,4000_story_2405.txt,19.791077064,-0.720074127,0.9259625597,19.17038748
llm_free,ai,4000_story_2405_llm_free.txt,-18.96524284,-2.750206567,3.0570454798,-1.980701336
human,human,4000_story_2408.txt,10.02100831,-10.67514038,-2.15800113,24.113976139
llm_free,ai,4000_story_2408_llm_free.txt,-12.43396734,-6.260239394,7.679003814,0.078354192
human,human,4000_story_2409.txt,5.9382454318,4.496869491,-12.07347298,0.4918762008
llm_free,ai,4000_story_2409_llm_free.txt,-12.47601787,-6.809788672,1.6830548416,0.3592562458
human,human,4000_story_2410.txt,10.63772643,17.465011571,-15.89821931,-1.834879886
llm_free,ai,4000_story_2410_llm_free.txt,-12.96520514,-4.804636158,4.0485936321,-0.095862071
human,human,4000_story_2412.txt,7.5055850117,15.599150254,-0.426196936,-2.395562573
llm_free,ai,4000_story_2412_llm_free.txt,-5.46371775,-9.597087197,7.875682582,2.8047735808
human,human,4000_story_2432.txt,8.9768593932,-1.036130976,-2.01707691,0.687346969
llm_free,ai,4000_story_2432_llm_free.txt,-12.42294087,-8.141028854,1.4232741066,0.6551987458
human,human,4000_story_2453.txt,10.014158636,-6.776082363,-7.201667866,-3.665862642
llm_free,ai,4000_story_2453_llm_free.txt,-11.26762298,-8.232832134,5.4001795271,-0.905245721
human,human,4000_story_2461.txt,9.5438850334,6.1280758205,-5.986592317,-2.074406417
llm_free,ai,4000_story_2461_llm_free.txt,-11.12016396,-4.308892939,10.177299194,-0.667993901
human,human,4000_story_2479.txt,5.93578787,-9.75553301,-3.413320777,-0.366504314
llm_free,ai,4000_story_2479_llm_free.txt,-5.600361545,-9.7872798,0.1559739156,-1.114039431
human,human,4000_story_2489.txt,7.5055850117,15.599150254,-0.426196936,-2.395562573
llm_free,ai,4000_story_2489_llm_free.txt,-10.373141,-9.761502601,2.5767984165,1.7185463649
human,human,4000_story_2490.txt,2.2164058313,2.1319091245,-8.707717868,-1.492354702
llm_free,ai,4000_story_2490_llm_free.txt,-13.19684548,-10.00460237,-0.358140461,-0.410776246
human,human,4000_story_2497.txt,13.78521404,-1.062792046,-6.501759599,-3.555471025
llm_free,ai,4000_story_2497_llm_free.txt,-12.66827963,-7.155026869,-0.231419902,-0.529783893
human,human,4000_story_2519.txt,13.205261242,1.2978914916,-2.631645438,-2.131205278
llm_free,ai,4000_story_2519_llm_free.txt,-14.00458461,-6.469346398,2.8352257103,2.021156704
human,human,4000_story_2544.txt,9.8276079453,5.5644221133,-4.107670379,-2.199526478
llm_free,ai,4000_story_2544_llm_free.txt,-13.67624581,-5.114985472,0.9461106052,-0.16269698
human,human,4000_story_2559.txt,6.4469641496,4.6165434548,-5.291611765,-2.216814382
llm_free,ai,4000_story_2559_llm_free.txt,-15.44211573,-1.336478784,3.774577891,-0.291568142
human,human,4000_story_2573.txt,10.089023767,-1.019046498,-7.161741795,-4.441578713
llm_free,ai,4000_story_2573_llm_free.txt,-11.89728906,-11.60170091,-0.832697793,-0.315113072
human,human,4000_story_2582.txt,9.403628628,-4.242830404,-6.370055073,-3.580461587
llm_free,ai,4000_story_2582_llm_free.txt,-11.93288812,-11.29451317,3.4850923614,0.9634450814
human,human,4000_story_2588.txt,19.867839669,24.468470983,-4.07247016,-1.384299451
llm_free,ai,4000_story_2588_llm_free.txt,-11.45421905,-4.887625245,5.6238636283,-1.049606493
human,human,4000_story_2594.txt,0.8757121671,25.725888928,-12.78924613,-3.898165909
llm_free,ai,4000_story_2594_llm_free.txt,-10.14395735,-14.19709508,8.320676635,0.6220609778
human,human,4000_story_2597.txt,8.0815887256,22.040944393,-2.900511675,-0.871131955
llm_free,ai,4000_story_2597_llm_free.txt,-9.837386132,-13.75166931,5.233632167,1.76477572
human,human,4000_story_2599.txt,4.2292144779,36.840603538,-15.44342342,-4.128414581
llm_free,ai,4000_story_2599_llm_free.txt,-10.27518377,-3.404664626,10.110365594,1.43789235
human,human,4000_story_2609.txt,5.7223091605,8.7920473415,-13.04497367,-1.259878901
llm_free,ai,4000_story_2609_llm_free.txt,-13.91385824,-10.28354665,4.3494496216,-1.070779682
human,human,4000_story_2611.txt,9.4839923104,37.74218691,-15.1334325,-4.375643771
llm_free,ai,4000_story_2611_llm_free.txt,-14.05999377,-10.73359075,1.7247953835,-0.967593976
human,human,4000_story_2613.txt,0.5832888912,23.887049221,-19.17158363,-4.116582546
llm_free,ai,4000_story_2613_llm_free.txt,-15.06744197,-7.526550903,3.3711568244,-1.75581203
human,human,4000_story_2616.txt,1.7541634223,4.2409178234,-17.62379983,-5.837219628
llm_free,ai,4000_story_2616_llm_free.txt,-16.8600106,-9.758364149,3.4442037599,-0.232385332
human,human,4000_story_2630.txt,-1.722958476,-5.158019222,-17.67521886,-2.110577086
llm_free,ai,4000_story_2630_llm_free.txt,-10.33278309,-5.197980768,5.5065180666,0.6144954801
human,human,4000_story_2632.txt,4.1077362154,9.5660413775,-13.05692853,-3.71456024
llm_free,ai,4000_story_2632_llm_free.txt,-12.93301616,-13.35997776,2.1115209481,1.2667096567
human,human,4000_story_2633.txt,0.3393743151,-11.90106666,-13.79134395,-1.968871609
llm_free,ai,4000_story_2633_llm_free.txt,-11.75821972,-14.71455477,-3.251180075,-1.612556966
human,human,4000_story_2639.txt,-1.31110723,3.8300546794,-19.22468351,-2.204444275
llm_free,ai,4000_story_2639_llm_free.txt,-12.60106247,-7.001620015,7.9517461169,-0.814013498
human,human,4000_story_2644.txt,1.6804807557,29.44863918,-18.92611714,-4.079812817
llm_free,ai,4000_story_2644_llm_free.txt,-16.64016943,-12.70827333,0.837305862,-0.860349783
human,human,4000_story_2648.txt,-0.275547334,24.372659972,-17.52632007,-5.493700282
llm_free,ai,4000_story_2648_llm_free.txt,-15.06300715,-9.012977148,3.5660567502,0.0144203081
human,human,4000_story_2654.txt,-4.622020084,61.333832768,-23.42191334,-3.218758987
llm_free,ai,4000_story_2654_llm_free.txt,-12.98991702,-14.58857429,-0.34749634,0.9268026114
human,human,4000_story_2655.txt,28.075937222,8.2723070972,8.8163488151,4.5364309712
llm_free,ai,4000_story_2655_llm_free.txt,-15.63135553,-15.55769506,-5.22708471,-1.839105097
human,human,4000_story_2656.txt,14.867782379,-9.535572494,-2.462730882,-0.971675101
llm_free,ai,4000_story_2656_llm_free.txt,-9.696985828,-8.92146083,4.2397434784,1.6563805445
human,human,4000_story_2659.txt,19.37468105,-5.91137949,0.2578698897,0.00285731
llm_free,ai,4000_story_2659_llm_free.txt,-8.252937828,1.3113714589,-0.958465976,-0.844789285
human,human,4000_story_2663.txt,17.034813077,-6.477192984,0.8746268837,2.8952092639
llm_free,ai,4000_story_2663_llm_free.txt,-10.56844696,-5.010045943,1.4395977117,-0.915398601
human,human,4000_story_2666.txt,20.202850963,6.2658318698,13.034851651,3.1356537827
llm_free,ai,4000_story_2666_llm_free.txt,-10.98106897,-5.75249145,6.4402523393,1.6061379764
human,human,4000_story_2667.txt,26.220508674,1.685670604,11.538742899,4.1864058924
llm_free,ai,4000_story_2667_llm_free.txt,-15.40716126,-7.964199994,1.0212941214,0.0884814584
human,human,4000_story_2670.txt,27.655194279,-8.210965433,1.9783406769,2.9682175741
llm_free,ai,4000_story_2670_llm_free.txt,-13.03320022,-1.731845401,10.898099164,4.7676006076
human,human,4000_story_2671.txt,7.9526732785,-5.994689245,1.6484476957,3.0337516042
llm_free,ai,4000_story_2671_llm_free.txt,-10.99381424,-16.36348274,3.7908534996,1.3163688772
human,human,4000_story_2672.txt,6.0731465793,-13.46820347,-5.919676678,0.3474950998
llm_free,ai,4000_story_2672_llm_free.txt,-13.56913362,-4.825753637,2.0912436253,-1.929041057
human,human,4000_story_2675.txt,14.903409536,-7.188473061,4.1766581759,5.4577128587
llm_free,ai,4000_story_2675_llm_free.txt,-12.22054504,-0.483048769,1.4554617019,2.2576549504
human,human,4000_story_2676.txt,9.3163104556,1.3128885087,5.0067256499,-0.914115074
llm_free,ai,4000_story_2676_llm_free.txt,-11.80354985,-7.849581496,-2.021518262,-0.359544801
human,human,4000_story_2678.txt,45.065268346,-12.31726852,12.069972656,3.3512153378
llm_free,ai,4000_story_2678_llm_free.txt,-15.72638861,-13.39940435,-4.515099174,-1.005605906
human,human,4000_story_2682.txt,25.640633008,-5.267533688,4.7483299306,2.0141837868
llm_free,ai,4000_story_2682_llm_free.txt,-14.26228059,-11.99620485,4.6434547004,2.3828383067
human,human,4000_story_2689.txt,15.491555368,6.2767318639,-4.773059965,2.1320706819
llm_free,ai,4000_story_2689_llm_free.txt,-12.53489741,-8.111419977,-0.667100469,-0.125339287
human,human,4000_story_2704.txt,19.218352576,20.743322359,5.8370069184,2.8781903965
llm_free,ai,4000_story_2704_llm_free.txt,-9.782414082,-4.809001218,4.4450850871,0.575047819
human,human,4000_story_2718.txt,8.8118154612,15.387433718,-0.28829539,-2.871699566
llm_free,ai,4000_story_2718_llm_free.txt,-11.25396943,-6.913004041,3.6985318501,-1.964735308
human,human,4000_story_2746.txt,7.6463798367,9.9324055198,-0.28444771,-1.538759567
llm_free,ai,4000_story_2746_llm_free.txt,-14.88079707,-10.09888262,-1.014655626,-1.373930402
human,human,4000_story_2748.txt,17.822027848,12.665214517,1.341292317,-0.54460817
llm_free,ai,4000_story_2748_llm_free.txt,-12.16355882,-7.073531824,4.7067435833,-3.113848853
human,human,4000_story_2770.txt,18.504464193,13.924363686,-0.193631707,1.062674613
llm_free,ai,4000_story_2770_llm_free.txt,-11.39153459,-1.717857928,6.4988057835,-0.310758294
human,human,4000_story_2772.txt,6.393278856,17.591871824,-9.661661013,-2.958381171
llm_free,ai,4000_story_2772_llm_free.txt,-9.319573833,-4.518334691,8.4442224679,2.7628809827
human,human,4000_story_2775.txt,12.694692003,22.56860161,0.6019270924,-1.000043106
llm_free,ai,4000_story_2775_llm_free.txt,-10.80058601,-10.21647622,5.1497258721,0.8405491723
human,human,4000_story_2779.txt,6.0396366275,11.795417974,-5.039047732,-3.842891021
llm_free,ai,4000_story_2779_llm_free.txt,-12.89290879,-11.09996443,2.0868954631,-1.125176572
human,human,4000_story_2816.txt,10.561451757,0.4129625597,-9.060742004,1.6585007429
llm_free,ai,4000_story_2816_llm_free.txt,-9.940752906,-16.08649366,3.1805885337,-0.282361172
human,human,4000_story_2823.txt,5.541368039,11.128032862,-9.91760532,-0.476758771
llm_free,ai,4000_story_2823_llm_free.txt,-11.04067571,-13.14667252,-3.537041393,-1.33134291
human,human,4000_story_2860.txt,27.766644183,8.4107236489,11.342024231,0.4446602776
llm_free,ai,4000_story_2860_llm_free.txt,-15.91130482,-13.78932302,-8.575150534,-1.945162265
human,human,4000_story_2870.txt,14.313107694,14.171421148,-10.15483452,-0.291763313
llm_free,ai,4000_story_2870_llm_free.txt,-21.35478592,-2.173293607,-2.710273828,-3.302075359
human,human,4000_story_2877.txt,2.0670928515,21.221249392,-9.909408615,-2.784073691
llm_free,ai,4000_story_2877_llm_free.txt,-10.05966145,-6.874249981,8.2730282348,1.7820380099
human,human,4000_story_2878.txt,7.9874676645,13.272786343,-13.64607372,-3.865649839
llm_free,ai,4000_story_2878_llm_free.txt,-13.49239986,-7.21143319,-0.224246042,0.6490253449
human,human,4000_story_2879.txt,8.9200864807,21.63572394,-3.826486044,-1.972549513
llm_free,ai,4000_story_2879_llm_free.txt,-8.256101826,-9.146168111,-2.654845352,-0.728295824
human,human,4000_story_2880.txt,19.547304729,6.6294035704,0.6835771983,-2.655007357
llm_free,ai,4000_story_2880_llm_free.txt,-9.779849812,-4.801633154,3.0758084829,-0.994535038
human,human,4000_story_2881.txt,15.550184037,9.1471346427,-1.147164801,-1.986522075
llm_free,ai,4000_story_2881_llm_free.txt,-14.64303664,-6.81618483,1.4264739347,-0.272885833
human,human,4000_story_2883.txt,16.593551679,-5.63831996,2.2291391591,-1.493594594
llm_free,ai,4000_story_2883_llm_free.txt,-13.33302958,-8.746268609,7.3025038038,-0.198753794
human,human,4000_story_2884.txt,-5.215538448,27.73751865,-11.3187175,-4.131308682
llm_free,ai,4000_story_2884_llm_free.txt,-14.76974758,-6.451914004,9.9211285003,1.5760314697
human,human,4000_story_2887.txt,0.1788829743,10.183376175,-17.06208718,-4.450172105
llm_free,ai,4000_story_2887_llm_free.txt,-17.4344648,-12.91003655,2.7022462976,0.0141443469
human,human,4000_story_2890.txt,10.278888483,5.2350721011,-15.28427086,-3.103206151
llm_free,ai,4000_story_2890_llm_free.txt,-13.45443352,-2.310573037,1.697524054,0.9197315519
human,human,4000_story_2891.txt,20.01097382,2.8136962914,-6.457475664,-0.433661128
llm_free,ai,4000_story_2891_llm_free.txt,-15.0556071,-10.82140986,0.3049803852,-1.024664182
human,human,4000_story_2893.txt,5.078461575,11.138519004,-9.237605523,-4.357161918
llm_free,ai,4000_story_2893_llm_free.txt,-15.95966061,-16.01983031,0.4786781075,-0.612067754
human,human,4000_story_2894.txt,4.8929997692,-2.467543295,-12.25076582,-2.88285175
llm_free,ai,4000_story_2894_llm_free.txt,-10.0353601,-13.18849021,0.0115018715,-0.004802382
human,human,4000_story_2895.txt,-3.061956793,9.4328122678,-17.84450047,-4.741853354
llm_free,ai,4000_story_2895_llm_free.txt,-10.04311014,-10.60142293,9.3199943199,1.1098016268
human,human,4000_story_2896.txt,15.77117395,16.71347161,-9.64306833,-1.714258689
llm_free,ai,4000_story_2896_llm_free.txt,-10.72392999,-9.726674502,2.9663513112,-0.472964703
human,human,4000_story_2897.txt,9.9530672727,22.267338298,-15.10463181,-3.695451405
llm_free,ai,4000_story_2897_llm_free.txt,-7.23279611,-12.65656422,-1.489377398,0.2501022121
human,human,4000_story_2898.txt,19.747551259,-4.842386158,-0.926195658,-1.399552563
llm_free,ai,4000_story_2898_llm_free.txt,-6.812137405,2.0269794984,9.4157247661,0.4070735373
human,human,4000_story_2899.txt,7.2622607154,-2.672710058,-2.452057577,-1.646822411
llm_free,ai,4000_story_2899_llm_free.txt,-14.54861963,-12.26123036,1.6735005599,-1.975354705
human,human,4000_story_2900.txt,4.9680595118,3.9457675672,-17.23417512,-4.222259132
llm_free,ai,4000_story_2900_llm_free.txt,-17.09445808,-8.449773645,-0.084368751,-1.842156687
human,human,4000_story_2901.txt,15.222662031,-7.036390836,-4.095584231,-3.959542641
llm_free,ai,4000_story_2901_llm_free.txt,-9.691108098,-9.35746433,4.9860574275,1.1937420046
human,human,4000_story_2902.txt,11.07811003,3.9612610167,-4.280814584,0.4699831719
llm_free,ai,4000_story_2902_llm_free.txt,-13.99017333,-11.32783685,-6.111400904,-2.074343122
human,human,4000_story_2903.txt,7.6548054644,37.772683024,-14.53720511,-2.810763736
llm_free,ai,4000_story_2903_llm_free.txt,-12.15690561,-3.898402496,5.1059046692,-0.136499064
human,human,4000_story_2907.txt,20.665584575,-0.914091457,10.125314323,-0.513736549
llm_free,ai,4000_story_2907_llm_free.txt,-12.5177672,-7.224737385,3.1398503933,-0.239117135
human,human,4000_story_2908.txt,24.673526141,8.9604254807,5.9699218472,1.1531073193
llm_free,ai,4000_story_2908_llm_free.txt,-13.53702818,-12.74810386,0.1484298487,-0.981558945
human,human,4000_story_2910.txt,22.205149081,3.1384893332,3.9039557537,1.8364598451
llm_free,ai,4000_story_2910_llm_free.txt,-2.290650438,-3.053009411,9.7695794368,0.5469197335
human,human,4000_story_2911.txt,30.279742149,0.2132621608,11.553687846,0.3587158645
llm_free,ai,4000_story_2911_llm_free.txt,-11.59048417,-11.99954606,2.0730134526,1.6128947249
human,human,4000_story_2912.txt,25.408757953,3.6124846007,4.84514455,0.8808515257
llm_free,ai,4000_story_2912_llm_free.txt,-20.27843771,-13.58292396,-0.149967261,-0.772031991
human,human,4000_story_2916.txt,22.390287695,-9.491147378,4.4601286357,-0.305303093
llm_free,ai,4000_story_2916_llm_free.txt,-7.843580487,-8.928657267,5.0927787185,-0.245561881
human,human,4000_story_2919.txt,10.204532729,13.585786026,-5.358614571,1.8437802807
llm_free,ai,4000_story_2919_llm_free.txt,-12.34982494,-5.948955481,8.1743169461,1.6242985935
human,human,4000_story_2920.txt,29.915271906,11.407003977,6.5768267438,1.5823367464
llm_free,ai,4000_story_2920_llm_free.txt,-12.78733839,-10.41223977,3.7952744064,-1.000665472
human,human,4000_story_2921.txt,14.971620282,26.645347509,12.312801699,2.7656175935
llm_free,ai,4000_story_2921_llm_free.txt,-13.09174284,-14.45290599,1.2187885105,-1.341599744
human,human,4000_story_2924.txt,22.21673896,9.7215446961,2.2811127497,2.6590689634
llm_free,ai,4000_story_2924_llm_free.txt,-10.05893967,-13.55594837,1.2011092016,1.285271186
human,human,4000_story_2926.txt,9.8560981842,7.4079537271,-0.880391582,0.5067085977
llm_free,ai,4000_story_2926_llm_free.txt,-12.24150637,-5.355970433,6.326739909,-0.183195604
human,human,4000_story_2927.txt,21.225099753,-6.156834829,10.251257687,-1.20132769
llm_free,ai,4000_story_2927_llm_free.txt,-8.712036464,-9.983848551,6.6009045626,1.0692535426
human,human,4000_story_2929.txt,18.835202849,9.2209657095,6.1381559706,1.6351893346
llm_free,ai,4000_story_2929_llm_free.txt,-12.44613342,-14.63452145,6.130000694,0.8793019391
human,human,4000_story_2933.txt,13.789119843,10.069511171,8.4467207671,-2.985705124
llm_free,ai,4000_story_2933_llm_free.txt,-16.79546716,-10.76305815,6.3148540304,4.4076510267
human,human,4000_story_2934.txt,8.6413576089,31.987901767,6.942606887,-0.368683191
llm_free,ai,4000_story_2934_llm_free.txt,-10.94163817,-1.604885124,2.8809908711,-1.22065731
human,human,4000_story_2935.txt,13.413256411,35.356333584,-2.212137543,-0.470263465
llm_free,ai,4000_story_2935_llm_free.txt,-10.38201516,-12.13147112,4.1673485132,0.2438375935
human,human,4000_story_2936.txt,9.5285176619,26.679846916,-7.436582811,-3.3004595
llm_free,ai,4000_story_2936_llm_free.txt,-9.773745516,-12.91416716,6.6980076571,0.4109798201
human,human,4000_story_2937.txt,5.8179582404,28.020055124,-17.19259523,-0.252764816
llm_free,ai,4000_story_2937_llm_free.txt,-5.615880593,-1.010478944,6.3973580538,0.0167717192
human,human,4000_story_2938.txt,5.4331150642,16.099402223,-4.466775322,-0.276809468
llm_free,ai,4000_story_2938_llm_free.txt,-15.33097402,-7.584706607,3.3282851094,-2.5735073
human,human,4000_story_2939.txt,-1.175446151,33.940686036,-10.98552719,-0.772409597
llm_free,ai,4000_story_2939_llm_free.txt,-17.19289818,-15.82772484,-4.071335656,-2.691327923
human,human,4000_story_2940.txt,11.660766052,10.927309962,-7.339068875,-1.138596543
llm_free,ai,4000_story_2940_llm_free.txt,-8.976546331,-16.71971694,0.2773999861,1.0833277499
human,human,4000_story_2941.txt,14.802871862,6.2496637068,3.1036118183,2.1366416284
llm_free,ai,4000_story_2941_llm_free.txt,-15.89025558,-11.96574383,-6.599366708,0.7018040677
human,human,4000_story_2943.txt,15.909274891,16.450787096,1.168506759,-1.494758981
llm_free,ai,4000_story_2943_llm_free.txt,-13.22145076,-4.386053992,5.7471121139,2.1170656087
human,human,4000_story_2944.txt,-2.927518943,12.810824886,-19.16387498,-2.498743662
llm_free,ai,4000_story_2944_llm_free.txt,-12.64219888,-14.25899378,-3.121881791,0.9415996353
human,human,4000_story_2945.txt,10.189473708,11.817930041,-8.158697927,0.8783862597
llm_free,ai,4000_story_2945_llm_free.txt,-10.72938288,-13.77925607,8.213153703,0.6583438621
human,human,4000_story_2946.txt,7.4993397011,13.677766177,-7.618671345,-0.664688987
llm_free,ai,4000_story_2946_llm_free.txt,-11.23088052,-7.36971774,5.3558121978,1.0513619621
human,human,4000_story_2950.txt,22.584773583,33.168952942,5.9494927791,0.3980903288
llm_free,ai,4000_story_2950_llm_free.txt,-19.60620506,-11.75308305,1.8744159734,-0.825752007
human,human,4000_story_2965.txt,10.7209591,39.487347238,-11.25979163,-1.642095169
llm_free,ai,4000_story_2965_llm_free.txt,-18.00041969,-11.61402914,-5.94435069,-3.327578381
human,human,4000_story_2968.txt,8.3212015149,27.357776398,-3.181777983,-0.594803156
llm_free,ai,4000_story_2968_llm_free.txt,-17.43517404,-4.988629353,-0.208702201,-0.777079354
human,human,4000_story_2979.txt,10.735135697,23.430100415,-10.6239515,-3.392772486
llm_free,ai,4000_story_2979_llm_free.txt,-11.42336298,-14.24043187,1.9931209412,-2.282099705
human,human,4000_story_2980.txt,4.5069311874,25.815886215,-8.745858604,-2.875803328
llm_free,ai,4000_story_2980_llm_free.txt,-11.88293868,-7.023282368,0.7982392839,-2.395025169
human,human,4000_story_3020.txt,2.644858853,12.784559425,-6.716692661,-0.722096809
llm_free,ai,4000_story_3020_llm_free.txt,-14.23897154,-7.988203442,4.0040313631,-0.21860049
human,human,4000_story_3027.txt,5.8104645646,19.976842388,-5.447896378,-0.089264452
llm_free,ai,4000_story_3027_llm_free.txt,-9.105842979,-9.278341365,7.3351441264,2.4020744013
human,human,4000_story_3031.txt,6.6554836745,18.00947504,-12.00785232,0.6764608444
llm_free,ai,4000_story_3031_llm_free.txt,-5.626157988,-3.255701182,8.9790019793,1.1285682287
human,human,4000_story_3032.txt,3.4719924508,21.436697987,-7.932554176,-2.0626656
llm_free,ai,4000_story_3032_llm_free.txt,-14.56912831,-10.27000435,-0.067265995,-1.031712604
human,human,4000_story_3052.txt,6.938063945,21.56862781,-6.643667842,-1.259767354
llm_free,ai,4000_story_3052_llm_free.txt,-13.77902844,-15.01985315,3.934241699,-0.642600118
human,human,4000_story_3054.txt,7.2011107068,13.90956435,-18.59696843,-2.721657523
llm_free,ai,4000_story_3054_llm_free.txt,-8.636327005,-6.546351845,5.0573865584,3.03365577
human,human,4000_story_3061.txt,8.5572754463,14.681607184,-7.332108093,-1.935975624
llm_free,ai,4000_story_3061_llm_free.txt,-11.56815613,-9.598109111,4.4093506854,2.4708440968
human,human,4000_story_3069.txt,24.017972202,15.487230688,-6.952067076,-0.909671387
llm_free,ai,4000_story_3069_llm_free.txt,-13.7212538,-10.20403446,-1.133712807,-1.206514523
human,human,4000_story_3074.txt,16.011845927,-6.401328724,-2.319345387,-1.152409307
llm_free,ai,4000_story_3074_llm_free.txt,-13.2883702,-18.06646598,-2.243365975,-0.825819919
human,human,4000_story_3078.txt,10.212427228,4.3334952217,-2.109385076,5.3946484085
llm_free,ai,4000_story_3078_llm_free.txt,-7.494889208,-5.21902784,3.0358562508,0.6509118799
human,human,4000_story_3079.txt,22.787127806,-8.546527826,0.5622760437,-1.427092016
llm_free,ai,4000_story_3079_llm_free.txt,-10.71283833,-10.24687969,3.0037543759,-1.559659104
human,human,4000_story_3080.txt,6.4658526118,4.2554798638,-8.431784678,-3.256723334
llm_free,ai,4000_story_3080_llm_free.txt,-11.97128223,-12.39714208,3.2691763479,-0.890859511
human,human,4000_story_3082.txt,11.272614095,-3.692959444,-3.172496248,-2.319277271
llm_free,ai,4000_story_3082_llm_free.txt,-10.68658135,-4.113101625,0.3329161263,2.6968728435
human,human,4000_story_3083.txt,11.810698172,8.1914935086,-3.934826854,-2.619802927
llm_free,ai,4000_story_3083_llm_free.txt,-13.5131417,-6.886744837,4.1381523626,0.5239988099
human,human,4000_story_3084.txt,12.911154982,-5.020502301,-6.77006047,-1.340052465
llm_free,ai,4000_story_3084_llm_free.txt,-11.44992827,-10.24490084,3.6478140734,-0.781500404
human,human,4000_story_3087.txt,9.4760608945,2.8060651727,-7.298114134,-2.588096275
llm_free,ai,4000_story_3087_llm_free.txt,-4.872726739,-4.676698417,8.0714985552,0.8554833569
human,human,4000_story_3088.txt,22.313484184,-8.795412634,-4.951463227,-0.883364233
llm_free,ai,4000_story_3088_llm_free.txt,-9.128704189,-10.18598174,6.2362232209,-0.247806361
human,human,4000_story_3089.txt,6.3308074847,30.971698343,-4.237734701,-4.122332398
llm_free,ai,4000_story_3089_llm_free.txt,-13.99100441,-10.61010799,2.577139688,0.5486245017
human,human,4000_story_3091.txt,11.340512357,-0.495066438,17.062703863,4.8963346089
llm_free,ai,4000_story_3091_llm_free.txt,-11.10187712,-12.0597075,-2.13441197,-0.564113301
human,human,4000_story_3094.txt,14.335134443,6.1560392543,8.2704484254,6.1947017764
llm_free,ai,4000_story_3094_llm_free.txt,-10.11681118,-10.73489269,2.2766663824,-0.986702812
human,human,4000_story_3098.txt,59.735858375,4.0498843549,40.948656388,9.8970561007
llm_free,ai,4000_story_3098_llm_free.txt,-15.17077817,-8.496498368,0.9071331568,-0.504531887
human,human,4000_story_3099.txt,21.255709999,21.678283671,-9.369958793,-1.160530898
llm_free,ai,4000_story_3099_llm_free.txt,-15.86868182,-6.455217059,1.2735138181,-0.786890001
human,human,4000_story_3106.txt,12.689340879,14.542851559,-9.778599055,-1.572746743
llm_free,ai,4000_story_3106_llm_free.txt,-9.861295578,-15.5981218,3.7873288671,0.7320930097
human,human,4000_story_3107.txt,6.181560415,9.2909199795,-7.907582864,-0.968894855
llm_free,ai,4000_story_3107_llm_free.txt,-12.38494684,-14.09496791,5.5363163881,1.8185666249
human,human,4000_story_3115.txt,18.164396453,-4.777650911,-4.131826164,-0.469391421
llm_free,ai,4000_story_3115_llm_free.txt,-12.35144303,-15.27159852,3.4777080032,-0.673089516
human,human,4000_story_3117.txt,12.718703114,9.6124439182,-6.289016556,-0.883361925
llm_free,ai,4000_story_3117_llm_free.txt,-13.0826897,-17.97382322,4.1340076096,0.4520886145
human,human,4000_story_3119.txt,8.3791332391,27.587325132,-3.256316562,-1.378440361
llm_free,ai,4000_story_3119_llm_free.txt,-9.996069561,-3.754378903,5.7559222031,0.7445310291
human,human,4000_story_3120.txt,5.6220374074,-2.301274013,-15.1386462,1.4505843619
llm_free,ai,4000_story_3120_llm_free.txt,-15.30546735,-14.61945829,-4.154136063,-1.231256378
human,human,4000_story_3121.txt,1.4943624053,7.6157013314,-11.91885947,1.0279285795
llm_free,ai,4000_story_3121_llm_free.txt,-9.029192877,0.8267910012,4.650063291,2.1351396246
human,human,4000_story_3123.txt,4.9636633609,19.136509191,-15.29044941,0.1291440661
llm_free,ai,4000_story_3123_llm_free.txt,-7.892375607,-3.312829289,5.135368314,1.856908578
human,human,4000_story_3124.txt,16.2496981,11.745131011,5.2683681114,1.2954210897
llm_free,ai,4000_story_3124_llm_free.txt,-14.91065509,-4.906281693,5.5269678586,-0.564605431
human,human,4000_story_3126.txt,-4.037629019,-2.989639923,-7.011337467,1.2629412033
llm_free,ai,4000_story_3126_llm_free.txt,-17.59589439,-14.18454297,5.1599335477,-0.628434693
human,human,4000_story_3127.txt,16.165361793,18.174117326,-1.134171153,-0.964141474
llm_free,ai,4000_story_3127_llm_free.txt,-15.71309734,-9.397923617,0.3276701223,-0.876919487
human,human,4000_story_3133.txt,18.301708548,0.033707819,-3.583621854,4.9791263124
llm_free,ai,4000_story_3133_llm_free.txt,-12.96189913,-5.236346619,4.0794334297,0.9308680237
human,human,4000_story_3136.txt,6.4253412318,12.475104638,-4.788572728,1.5411263067
llm_free,ai,4000_story_3136_llm_free.txt,-7.849614749,-13.61657624,13.900525281,2.6780655835
human,human,4000_story_3138.txt,6.4465179649,5.8231166034,-8.047717637,-0.278227179
llm_free,ai,4000_story_3138_llm_free.txt,-10.86913707,-12.5183045,0.2166583726,0.9231706502
human,human,4000_story_3140.txt,10.272662805,38.45531147,-4.665398814,-1.979334184
llm_free,ai,4000_story_3140_llm_free.txt,-12.18419488,-7.451876406,2.1396261067,1.0846339141
human,human,4000_story_3144.txt,24.724321797,2.2218195643,20.913478713,5.3288040153
llm_free,ai,4000_story_3144_llm_free.txt,-16.51794078,-7.992465075,-5.588782387,-1.804169703
human,human,4000_story_3145.txt,22.394673805,3.3736442344,10.850424811,5.7214188947
llm_free,ai,4000_story_3145_llm_free.txt,-14.8734713,0.8263789441,3.3751534696,-0.927745403
human,human,4000_story_3150.txt,22.090967286,-1.59657658,10.259770313,3.8611919175
llm_free,ai,4000_story_3150_llm_free.txt,-9.361217279,-6.919593919,12.907929166,0.060239518
human,human,4000_story_3152.txt,25.789351977,1.6313085269,6.7668445539,6.4106990907
llm_free,ai,4000_story_3152_llm_free.txt,-16.13138117,-13.16783926,-3.752135967,-3.147680847
human,human,4000_story_3162.txt,3.8765482326,7.8851575104,-18.12543724,-4.32633788
llm_free,ai,4000_story_3162_llm_free.txt,-7.070171821,-9.012333536,5.302401688,1.9034249904
human,human,4000_story_3164.txt,5.1491132409,25.967731518,-8.127006346,-2.792040769
llm_free,ai,4000_story_3164_llm_free.txt,-10.13211273,-9.440608613,4.5503101614,-0.78119071
human,human,4000_story_3166.txt,0.2986195392,25.046510214,-23.18409599,-3.440795518
llm_free,ai,4000_story_3166_llm_free.txt,-7.275641959,-9.928462736,5.3703793785,2.4073524518
human,human,4000_story_3172.txt,7.2572893848,54.966435184,-4.597258414,-2.131171544
llm_free,ai,4000_story_3172_llm_free.txt,-10.4194105,-2.492594882,3.1109601659,0.2438602308
human,human,4000_story_3173.txt,0.8216604957,21.021009533,-23.5830342,-2.609743573
llm_free,ai,4000_story_3173_llm_free.txt,-0.852989807,-3.777207402,9.0644962346,0.2934508709
human,human,4000_story_3177.txt,15.807844569,24.136922063,1.3065175562,1.2217155771
llm_free,ai,4000_story_3177_llm_free.txt,-9.147275625,-3.882029444,5.0441156071,1.2307394437
human,human,4000_story_3183.txt,9.171408795,18.380749474,-9.362649189,-1.2980303
llm_free,ai,4000_story_3183_llm_free.txt,-13.78454004,-12.92775444,-3.32246387,0.1186745663
human,human,4000_story_3188.txt,8.7009834421,7.8464402389,-9.224454683,-2.175347642
llm_free,ai,4000_story_3188_llm_free.txt,-11.07618756,-11.44607894,5.7502749151,-0.886256025
human,human,4000_story_3189.txt,10.54397462,11.473645975,-19.99969969,-3.172219937
llm_free,ai,4000_story_3189_llm_free.txt,-6.254129003,-15.01169955,0.8686134391,-0.345488615
human,human,4000_story_3190.txt,3.662011644,54.785161304,-14.12780737,-4.41578171
llm_free,ai,4000_story_3190_llm_free.txt,-5.544592064,-2.393609257,4.3318269762,0.2344098378
human,human,4000_story_3196.txt,6.7740888787,23.16057228,-13.99665044,-3.762874947
llm_free,ai,4000_story_3196_llm_free.txt,-11.5576608,-7.870745421,7.9907549395,1.330871919
human,human,4000_story_3218.txt,11.572282863,-9.796279384,-3.803454711,2.578733293
llm_free,ai,4000_story_3218_llm_free.txt,-13.89887229,-11.60297791,-1.714367147,0.184812273
human,human,4000_story_3220.txt,16.861461078,12.19156485,-2.23344587,-0.583670632
llm_free,ai,4000_story_3220_llm_free.txt,-15.69076336,-12.97588549,-0.982636697,-0.356828519
human,human,4000_story_3221.txt,4.8778876983,3.2347289449,3.3028043981,0.5595815149
llm_free,ai,4000_story_3221_llm_free.txt,-11.23876459,-14.99133112,1.5259671239,-0.247897579
human,human,4000_story_3222.txt,6.8015401452,16.51760725,-4.132760024,-0.84202706
llm_free,ai,4000_story_3222_llm_free.txt,-13.37705057,-7.33923084,2.2360461213,-0.001413843
human,human,4000_story_3223.txt,13.795797703,4.2994047588,-2.596489052,-0.706427072
llm_free,ai,4000_story_3223_llm_free.txt,-11.12400617,-3.868937135,7.0950305547,1.7071628253
human,human,4000_story_3225.txt,5.564636995,1.6331289903,-0.266184293,-1.050862097
llm_free,ai,4000_story_3225_llm_free.txt,-7.249768445,-4.076315088,8.6201332342,1.8935254339
human,human,4000_story_3226.txt,8.2807220831,7.1898190949,-2.574523215,1.8006018475
llm_free,ai,4000_story_3226_llm_free.txt,-11.3370955,-9.786082917,4.3809392075,0.5228298065
human,human,4000_story_3227.txt,1.8083257665,-4.83168278,-8.047800865,-0.537778225
llm_free,ai,4000_story_3227_llm_free.txt,-11.43668673,-11.38596395,0.5636554793,-2.193824878
human,human,4000_story_3229.txt,14.686907965,-5.126961725,-0.267920524,0.8684315271
llm_free,ai,4000_story_3229_llm_free.txt,-18.10048404,-10.14934249,1.3259466441,-0.397889062
human,human,4000_story_3231.txt,-0.097589416,27.865290068,-8.694305871,-0.894902286
llm_free,ai,4000_story_3231_llm_free.txt,-13.87705307,-8.863444225,3.1964258184,0.2695456875
human,human,4000_story_3232.txt,3.4699229551,22.643839954,-6.555865057,-0.887197319
llm_free,ai,4000_story_3232_llm_free.txt,-11.96863766,-4.213171967,4.2940374256,1.0332426716
human,human,4000_story_3233.txt,15.85782031,6.0748319216,4.9465692822,-0.901656726
llm_free,ai,4000_story_3233_llm_free.txt,-10.42003907,-4.104502895,3.9647169854,-1.574567674
human,human,4000_story_3235.txt,2.0488945135,22.839282668,-4.503923379,-1.377095847
llm_free,ai,4000_story_3235_llm_free.txt,-11.54004307,-11.15122531,8.7766382946,-0.478801156
human,human,4000_story_3236.txt,4.4724582213,4.8100713604,-9.876574255,-0.296255252
llm_free,ai,4000_story_3236_llm_free.txt,-10.73601277,-15.5389725,3.2785770946,-0.616176801
human,human,4000_story_3237.txt,5.4612541223,33.930396976,-9.310205858,-2.460645132
llm_free,ai,4000_story_3237_llm_free.txt,-12.0911903,-10.64878016,8.6593992556,2.2241575968
human,human,4000_story_3238.txt,8.5176672597,-5.311442556,-5.521849466,-0.521702959
llm_free,ai,4000_story_3238_llm_free.txt,-12.10936088,-13.63967828,0.6286836267,-0.864212431
human,human,4000_story_3248.txt,2.4761105457,-5.956750496,-8.923317442,-1.241804885
llm_free,ai,4000_story_3248_llm_free.txt,-17.53024311,-6.445331012,-0.267103785,-3.881208029
human,human,4000_story_3250.txt,8.7555277591,-4.704314312,-5.595237269,-0.515349431
llm_free,ai,4000_story_3250_llm_free.txt,-11.42586017,-8.381347191,6.226058884,-0.232588096
human,human,4000_story_3253.txt,23.090464499,1.5206239623,2.0213814115,-1.473613714
llm_free,ai,4000_story_3253_llm_free.txt,-9.732002943,-1.993357341,7.4942010683,0.0077222385
human,human,4000_story_3256.txt,11.990469046,27.370400183,-6.409866054,-2.375677528
llm_free,ai,4000_story_3256_llm_free.txt,-9.702717284,-10.8534371,-1.934716673,0.4032184827
human,human,4000_story_3257.txt,-1.113155064,20.40359883,-5.910700895,-0.082074252
llm_free,ai,4000_story_3257_llm_free.txt,-11.69578818,-14.34924376,1.8943858809,0.6456774643
human,human,4000_story_3258.txt,1.0035068602,16.023205317,-9.509515122,-1.561500364
llm_free,ai,4000_story_3258_llm_free.txt,-11.05515762,-12.67456902,3.9385947529,1.8110440935
human,human,4000_story_3259.txt,6.452250802,24.180387191,-6.577901816,-0.514900268
llm_free,ai,4000_story_3259_llm_free.txt,-10.98727841,-7.305371709,4.3894134778,0.1554715492
human,human,4000_story_3260.txt,4.5352234584,13.260565267,-7.261779266,0.4084919168
llm_free,ai,4000_story_3260_llm_free.txt,-11.64289594,-4.087563148,10.170005624,0.633355608
human,human,4000_story_3262.txt,8.5045924995,26.542829329,-5.190663301,0.8815651094
llm_free,ai,4000_story_3262_llm_free.txt,-8.572507914,-14.623889,12.653923016,1.9014285485
human,human,4000_story_3263.txt,4.5851145315,12.924540491,-9.906463853,0.3268396547
llm_free,ai,4000_story_3263_llm_free.txt,-13.1985124,-10.55548342,-4.305816267,-0.476241695
human,human,4000_story_3266.txt,17.807897266,1.5423895279,4.1348497839,0.2039361523
llm_free,ai,4000_story_3266_llm_free.txt,-12.90904593,-12.29025447,1.4350888472,-0.947054694
human,human,4000_story_3271.txt,10.210527342,-2.551123264,-3.629403256,-1.308845536
llm_free,ai,4000_story_3271_llm_free.txt,-3.749529634,1.4696650867,10.99883294,2.4608969575
human,human,4000_story_3275.txt,3.7648377701,2.9364431429,-11.05312127,-4.120219793
llm_free,ai,4000_story_3275_llm_free.txt,-13.79402263,-11.08489903,4.3803749889,-0.524467492
human,human,4000_story_3277.txt,11.016394356,3.9172848884,-4.682826309,1.0406333272
llm_free,ai,4000_story_3277_llm_free.txt,-10.59679173,-4.581179615,5.9850226241,0.4540873647
human,human,4000_story_3281.txt,15.526491888,0.0039468399,-0.687774352,-0.357576281
llm_free,ai,4000_story_3281_llm_free.txt,-6.29475918,-4.258602563,6.2251685607,2.5247924915
human,human,4000_story_3285.txt,16.234460528,0.8014562231,5.6655880027,0.3917640545
llm_free,ai,4000_story_3285_llm_free.txt,-13.54927448,-8.656493295,7.4379552193,1.1672268011
human,human,4000_story_3290.txt,18.529453697,0.9882765749,-0.356830543,2.0735601285
llm_free,ai,4000_story_3290_llm_free.txt,-14.01020384,-15.73712089,-4.93351844,-3.081249158
human,human,4000_story_3291.txt,14.846588462,-0.898586251,-9.25519119,-0.694353923
llm_free,ai,4000_story_3291_llm_free.txt,-13.60411749,-10.74118001,-2.679072122,-1.658040868
human,human,4000_story_3298.txt,4.4039708042,-11.24384639,-12.92405149,-2.377285793
llm_free,ai,4000_story_3298_llm_free.txt,-13.97231059,-11.06726912,-3.314535867,-0.70521741
human,human,4000_story_3302.txt,5.6617041942,-9.133553654,-3.474835339,0.084035463
llm_free,ai,4000_story_3302_llm_free.txt,-15.61305741,-12.73141752,2.1403981377,0.7067421931
human,human,4000_story_3303.txt,10.968771718,-7.894879071,-8.823768473,-1.158092886
llm_free,ai,4000_story_3303_llm_free.txt,-14.41074147,-12.23279182,0.9782338018,1.5501688627
human,human,4000_story_3305.txt,8.4957973909,6.7538261226,-4.72371655,-1.592311666
llm_free,ai,4000_story_3305_llm_free.txt,-12.3348312,-0.903291356,2.7524156876,1.1635239513
human,human,4000_story_3306.txt,25.284834431,-10.57537777,7.5560621551,1.5356635127
llm_free,ai,4000_story_3306_llm_free.txt,-15.7260571,-5.056493356,3.1877260459,1.7350474883
human,human,4000_story_3309.txt,14.579859027,6.5153017746,0.1070695361,2.5173401802
llm_free,ai,4000_story_3309_llm_free.txt,-9.588318261,-10.87514849,8.7831495581,1.2508574844
human,human,4000_story_3310.txt,24.307064305,1.4778998519,7.1233391022,0.662067041
llm_free,ai,4000_story_3310_llm_free.txt,-14.00932316,-14.35720428,-1.379092576,0.1569072809
human,human,4000_story_3311.txt,15.801401679,-6.165988063,-1.028924334,-1.981191157
llm_free,ai,4000_story_3311_llm_free.txt,-11.76195558,-8.02846679,7.9033212675,1.980590599
human,human,4000_story_3315.txt,18.32086472,5.9171983667,-3.13713965,-1.348498269
llm_free,ai,4000_story_3315_llm_free.txt,-14.05081595,-15.35452272,5.9333840934,-0.518337726
human,human,4000_story_3319.txt,25.611171803,-3.273454204,9.8774799708,1.3130413256
llm_free,ai,4000_story_3319_llm_free.txt,-14.51427171,-5.804667865,8.0161342493,0.1683127892
human,human,4000_story_3321.txt,26.845982069,-2.474482913,5.0913517225,4.4039202546
llm_free,ai,4000_story_3321_llm_free.txt,-9.722036034,-15.37095529,4.7838792805,-0.605353972
human,human,4000_story_3322.txt,11.110617654,13.193134942,11.161480419,0.3222331926
llm_free,ai,4000_story_3322_llm_free.txt,-10.98259796,-3.262907928,5.188718383,2.3921092411
human,human,4000_story_3323.txt,29.47818094,11.68889003,-4.964607794,1.1958250478
llm_free,ai,4000_story_3323_llm_free.txt,-11.36471817,-14.47360295,-0.397194764,-3.190694865
human,human,4000_story_3326.txt,13.923285628,15.792830696,-5.153763514,-2.45903225
llm_free,ai,4000_story_3326_llm_free.txt,-7.17547291,-12.68883579,2.1095368212,1.053652386
human,human,4000_story_3327.txt,16.673216416,5.4729268732,-12.63800053,-2.017990448
llm_free,ai,4000_story_3327_llm_free.txt,-9.636877924,-9.857641002,-0.749775003,-0.050826665
human,human,4000_story_3333.txt,13.76143789,28.451850177,-1.078079126,-1.960111494
llm_free,ai,4000_story_3333_llm_free.txt,-9.734198221,-10.75466578,2.2563084233,-0.265226141
human,human,4000_story_3335.txt,14.16408532,17.696182422,0.5387915204,-0.570626627
llm_free,ai,4000_story_3335_llm_free.txt,-8.92958574,-8.128175011,8.1407470454,-0.14105199
human,human,4000_story_3336.txt,13.31860493,24.886997743,-4.373219066,0.329467027
llm_free,ai,4000_story_3336_llm_free.txt,-6.995723906,-7.050799621,12.997516746,2.741124446
human,human,4000_story_3338.txt,14.48675199,19.572065323,-7.961808925,1.9601582473
llm_free,ai,4000_story_3338_llm_free.txt,-13.03130039,1.7244991774,6.3624322619,0.5653743326
human,human,4000_story_3342.txt,13.188973419,9.0962315067,-4.158632317,-2.804790791
llm_free,ai,4000_story_3342_llm_free.txt,-14.00391382,-8.333790081,6.3806472211,0.051141786
human,human,4000_story_3343.txt,13.31890333,-2.5401297,3.1577600056,0.5046691894
llm_free,ai,4000_story_3343_llm_free.txt,-5.340464962,-9.370809178,13.909672487,1.6558424714
human,human,4000_story_3344.txt,6.412227576,-0.010043643,-13.10773101,-0.778646962
llm_free,ai,4000_story_3344_llm_free.txt,-13.46719711,-9.792211382,5.9316264212,0.1326825014
human,human,4000_story_3346.txt,17.752051317,17.136085887,-5.435986277,-0.083271178
llm_free,ai,4000_story_3346_llm_free.txt,-15.19243918,-9.966395632,4.2524378113,0.6416393058
human,human,4000_story_3347.txt,0.6702570705,18.210624754,-12.54483235,-0.731770295
llm_free,ai,4000_story_3347_llm_free.txt,-16.584553,-14.81924883,6.4053281542,0.5783271193
human,human,4000_story_3351.txt,22.075978598,26.072730978,5.4221954459,0.9660317956
llm_free,ai,4000_story_3351_llm_free.txt,-10.91038025,-7.267088655,5.5182160238,-2.215084669
human,human,4000_story_3362.txt,5.8092577671,-20.59250352,-7.060885768,-1.981528106
llm_free,ai,4000_story_3362_llm_free.txt,-5.743591732,-6.741568164,8.8509863365,1.8507374853
human,human,4000_story_3365.txt,27.072321708,8.2890654549,15.141094609,1.404491499
llm_free,ai,4000_story_3365_llm_free.txt,-11.79191498,-12.9469514,4.3282417891,0.2015847412
human,human,4000_story_3369.txt,13.627598508,22.759686311,-10.32774564,-2.075644001
llm_free,ai,4000_story_3369_llm_free.txt,-10.82458075,-10.06229749,-2.523626952,0.6044617396
human,human,4000_story_3374.txt,9.1276016747,13.797290916,-4.227871265,-3.083448364
llm_free,ai,4000_story_3374_llm_free.txt,-9.990020586,-15.15960791,0.3443556728,0.2361598806
human,human,4000_story_3377.txt,15.459599883,2.6775044002,-5.818618518,4.5739054962
llm_free,ai,4000_story_3377_llm_free.txt,-13.01283755,-9.920723044,-2.060099053,-0.34288388
human,human,4000_story_3378.txt,18.420691469,-4.67291497,0.658317016,0.8719844804
llm_free,ai,4000_story_3378_llm_free.txt,-8.349345796,-11.19026989,2.5342166795,-0.313632065
human,human,4000_story_3380.txt,12.896784186,-4.975623347,5.0930187642,0.9666558013
llm_free,ai,4000_story_3380_llm_free.txt,-11.69293092,-5.216791091,11.58377783,2.3523262713
human,human,4000_story_3382.txt,25.142864186,6.1524935736,5.2491966627,-0.016162616
llm_free,ai,4000_story_3382_llm_free.txt,-11.08679769,-7.367209063,4.3147134442,0.3009077987
human,human,4000_story_3383.txt,15.762325748,3.7245478081,0.5092706224,3.2773848741
llm_free,ai,4000_story_3383_llm_free.txt,-12.42734357,-11.69669037,4.9269638507,-0.495211062
human,human,4000_story_3384.txt,11.696133222,4.9984799952,-0.818405323,-0.609937128
llm_free,ai,4000_story_3384_llm_free.txt,-8.249735638,-16.20473782,-0.367742725,-0.016948728
human,human,4000_story_3385.txt,26.898306789,2.5307522104,10.692492818,6.6690485944
llm_free,ai,4000_story_3385_llm_free.txt,-12.3076982,-11.20000921,2.3048867528,1.3747835964
human,human,4000_story_3388.txt,16.434004347,28.184146248,-2.756020895,-3.424159542
llm_free,ai,4000_story_3388_llm_free.txt,-13.96658021,-6.871624999,11.245227764,2.298312273
human,human,4000_story_3397.txt,2.8007566075,12.701484867,-15.02602041,-5.071630824
llm_free,ai,4000_story_3397_llm_free.txt,-15.45296989,-15.16783853,-4.38147624,-2.634640609
human,human,4000_story_3400.txt,2.1862668643,-7.626664685,-8.08534181,1.6176353709
llm_free,ai,4000_story_3400_llm_free.txt,-13.39481055,-5.148636488,2.0188561058,-1.126995195
human,human,4000_story_3403.txt,15.028495081,30.337789468,-3.000417518,0.3482463647
llm_free,ai,4000_story_3403_llm_free.txt,-10.20746289,-14.82677984,-2.054891404,-0.732604658
human,human,4000_story_3409.txt,31.063466634,6.1656155369,9.4931618412,8.1522165742
llm_free,ai,4000_story_3409_llm_free.txt,-11.60006734,-3.864604485,8.0697990563,0.3706594458
human,human,4000_story_3412.txt,7.9766223982,14.360908835,-4.828508828,-0.42094417
llm_free,ai,4000_story_3412_llm_free.txt,-6.407627223,-9.935255047,8.0050118196,1.2350309262
human,human,4000_story_3413.txt,5.4211694689,18.635790108,5.287565789,1.4239093604
llm_free,ai,4000_story_3413_llm_free.txt,-14.52099593,-5.1793756,5.0569584639,0.1570437731
human,human,4000_story_3415.txt,4.9875731218,33.046350198,-13.53179565,-0.183033498
llm_free,ai,4000_story_3415_llm_free.txt,-9.912634775,-9.486106065,-1.886938013,-0.128509349
human,human,4000_story_3416.txt,25.664431169,30.965528239,6.4275514712,0.9509588106
llm_free,ai,4000_story_3416_llm_free.txt,-10.86774793,-5.118248503,-0.494018119,0.9790236007
human,human,4000_story_3418.txt,9.6325822191,25.907580596,-6.66083027,1.4893958077
llm_free,ai,4000_story_3418_llm_free.txt,-11.10264956,-12.78820166,3.5571862265,0.1803935313
human,human,4000_story_3419.txt,29.866723747,44.864314186,11.642745839,0.155623754
llm_free,ai,4000_story_3419_llm_free.txt,-11.8498129,-11.29726921,7.7184385279,-0.384870004
human,human,4000_story_3421.txt,20.185009458,20.273334142,6.3455992162,0.3542698691
llm_free,ai,4000_story_3421_llm_free.txt,-14.01328825,-14.27818044,-3.689745285,-0.61112646
human,human,4000_story_3424.txt,6.3313605578,11.311577464,-8.059818223,-2.4546112
llm_free,ai,4000_story_3424_llm_free.txt,-15.20487541,-3.498025338,-3.791255819,1.3510079805
human,human,4000_story_3426.txt,23.758556279,9.5863335911,3.0769001233,-1.471074582
llm_free,ai,4000_story_3426_llm_free.txt,-8.891460683,-5.89683977,3.8494966553,2.0065398072
human,human,4000_story_3429.txt,12.236652301,8.8099250775,-8.603057799,-2.617872758
llm_free,ai,4000_story_3429_llm_free.txt,-8.929781574,-5.817768435,19.23364157,2.1439387581
human,human,4000_story_3430.txt,14.95192157,0.8776891344,-3.230161464,0.6800068729
llm_free,ai,4000_story_3430_llm_free.txt,-14.12691794,-11.4142831,-0.875685745,-0.933896167
human,human,4000_story_3433.txt,3.223680484,20.000836463,-8.947437638,0.1410853391
llm_free,ai,4000_story_3433_llm_free.txt,-9.620224315,-18.68926073,2.9086079862,0.5663405716
human,human,4000_story_3434.txt,10.783092216,10.743762974,-7.095318589,-0.769672986
llm_free,ai,4000_story_3434_llm_free.txt,-12.85266559,-17.11224841,2.4304625344,-0.95006265
human,human,4000_story_3435.txt,20.997012513,3.6710782942,7.451208815,-1.994864452
llm_free,ai,4000_story_3435_llm_free.txt,-10.6810852,-6.301007479,7.2557305354,0.0550503769
human,human,4000_story_3436.txt,15.972659091,14.518073893,-9.50149007,1.4586507774
llm_free,ai,4000_story_3436_llm_free.txt,-13.4779881,-11.17118496,5.5507911088,-0.993796508
human,human,4000_story_3438.txt,23.314700793,-3.146171769,4.795201227,8.2104354537
llm_free,ai,4000_story_3438_llm_free.txt,-9.906289663,-6.294130296,1.4507279152,-1.568774856
human,human,4000_story_3440.txt,34.616012607,0.6545088203,2.6777837337,0.315808776
llm_free,ai,4000_story_3440_llm_free.txt,-7.785976243,-10.67646782,5.5677647268,1.4365455278
human,human,4000_story_3441.txt,30.708799989,30.13388607,-5.997277889,-2.367977177
llm_free,ai,4000_story_3441_llm_free.txt,-11.45486431,-13.25104262,-1.51104954,-1.863352513
human,human,4000_story_3445.txt,23.05249591,-0.289360443,-3.70589215,0.9515904095
llm_free,ai,4000_story_3445_llm_free.txt,-7.457416644,-10.35621324,9.2643994013,0.5933245992
human,human,4000_story_3449.txt,21.878291199,-8.955080622,-0.995982407,4.333232599
llm_free,ai,4000_story_3449_llm_free.txt,-10.32880926,-11.63859049,7.6032447136,1.3080648504
human,human,4000_story_3451.txt,30.407876609,6.1716589281,-1.522957608,-1.598997526
llm_free,ai,4000_story_3451_llm_free.txt,-15.1407163,-6.424539535,-0.380185169,1.1339991526
human,human,4000_story_3453.txt,14.438424562,7.8192695287,-13.41123824,-2.143622968
llm_free,ai,4000_story_3453_llm_free.txt,-13.2501321,0.1939991404,6.4932101701,0.5666752117
human,human,4000_story_3457.txt,20.617715728,-5.275779348,-1.177922445,5.1240251574
llm_free,ai,4000_story_3457_llm_free.txt,-7.450968865,-8.804148199,4.6980525286,2.9678986465
human,human,4000_story_3459.txt,26.257377053,-3.888028569,-0.592076782,5.772042046
llm_free,ai,4000_story_3459_llm_free.txt,-7.226720837,-9.987780688,5.9196657925,1.7370439303
human,human,4000_story_3460.txt,29.78807167,-4.951198787,5.8626995809,10.010393715
llm_free,ai,4000_story_3460_llm_free.txt,-18.6889207,-11.60530521,1.8582140714,-0.67353868
human,human,4000_story_3462.txt,20.237484889,11.564305616,-9.582672812,-2.29610764
llm_free,ai,4000_story_3462_llm_free.txt,-9.347313932,-8.222106794,-0.024233781,-1.696139398
human,human,4000_story_3464.txt,22.928578366,-4.893343664,-3.596509905,-1.278335808
llm_free,ai,4000_story_3464_llm_free.txt,-15.55105019,-14.74900898,-1.007220112,-0.832242027
human,human,4000_story_3469.txt,9.7252017627,1.1947724575,5.2363750619,-1.880348744
llm_free,ai,4000_story_3469_llm_free.txt,-15.02824382,-11.39523186,-0.783001336,-0.872291057
human,human,4000_story_3471.txt,20.777176582,1.0539640745,0.429825945,8.8420847343
llm_free,ai,4000_story_3471_llm_free.txt,-14.78416547,-7.506062009,4.7333364949,-1.471635293
human,human,4000_story_3475.txt,-1.600178533,19.102181173,-14.71886352,-0.442584544
llm_free,ai,4000_story_3475_llm_free.txt,-17.40061474,-12.46598383,-2.094197645,-0.248841181
human,human,4000_story_3476.txt,9.493943364,34.642487712,-16.37859978,-1.770423642
llm_free,ai,4000_story_3476_llm_free.txt,-17.11739,-8.622968852,4.1962325309,2.0466190673
human,human,4000_story_3479.txt,15.907102842,41.72092939,-11.0488186,-3.153745009
llm_free,ai,4000_story_3479_llm_free.txt,-14.52591129,-11.02873947,7.1175757392,0.3763180795
human,human,4000_story_3481.txt,3.41251958,13.479999644,8.3353806237,2.3202036623
llm_free,ai,4000_story_3481_llm_free.txt,-15.69077447,-8.890179686,-3.452447404,-1.581463892
human,human,4000_story_3483.txt,16.905868305,12.55126556,-7.43748931,-0.698259537
llm_free,ai,4000_story_3483_llm_free.txt,-12.45657488,-10.52285891,1.7730334381,-0.024357404
human,human,4000_story_3485.txt,1.3588056451,12.280372972,-8.960467431,2.8357620335
llm_free,ai,4000_story_3485_llm_free.txt,-14.8115012,-11.08123964,5.3867517827,-0.526598118
human,human,4000_story_3488.txt,10.492172363,8.7201100828,-9.557424254,-0.889621927
llm_free,ai,4000_story_3488_llm_free.txt,-9.173925243,-1.743601176,11.765867872,-0.32002856
human,human,4000_story_3489.txt,4.0785033109,19.469943765,-1.009498798,1.1999915792
llm_free,ai,4000_story_3489_llm_free.txt,-9.233761216,-11.86331478,8.1341961985,0.2634129447
human,human,4000_story_3491.txt,18.221137179,14.756842461,4.0253269993,1.0734538074
llm_free,ai,4000_story_3491_llm_free.txt,-11.78759804,-7.691966578,2.0842745832,1.7660719826
human,human,4000_story_3492.txt,8.9480179191,5.6530576275,-6.138500891,0.8279409272
llm_free,ai,4000_story_3492_llm_free.txt,-9.576515929,-4.543970039,6.104483536,1.0031844163
human,human,4000_story_3493.txt,2.7872607208,4.8438997461,-17.20662984,-4.049681365
llm_free,ai,4000_story_3493_llm_free.txt,-11.82679679,-0.842929781,-1.301930596,0.3876986423
human,human,4000_story_3494.txt,9.3359164341,8.0647654583,-12.64453061,-2.704460837
llm_free,ai,4000_story_3494_llm_free.txt,-8.533585561,-13.4181032,1.0718120216,-1.394939177
human,human,4000_story_3495.txt,6.7101596565,1.2659147577,-9.285232644,-0.70220417
llm_free,ai,4000_story_3495_llm_free.txt,-10.03536934,-10.41745152,4.7778211039,0.344639349
human,human,4000_story_3496.txt,9.803030233,7.3395150713,3.8096282349,-0.172960739
llm_free,ai,4000_story_3496_llm_free.txt,-19.98159746,-8.431708705,1.2498680384,-0.78601498
human,human,4000_story_3498.txt,-7.234718942,9.7577555223,-16.63994349,-1.008629574
llm_free,ai,4000_story_3498_llm_free.txt,-12.07108711,-11.35067631,-1.464452986,-0.864681924
human,human,4000_story_3500.txt,4.9923781226,14.117313306,-6.820029394,-0.225039951
llm_free,ai,4000_story_3500_llm_free.txt,-6.905690166,-4.557955243,10.060779716,-0.124710665
human,human,4000_story_3504.txt,9.6109178485,2.9447718931,0.6096797601,1.3450216314
llm_free,ai,4000_story_3504_llm_free.txt,-7.083071529,-6.528427959,2.6604125214,-0.996779519
human,human,4000_story_3509.txt,13.227810447,14.163939465,-3.053703632,1.6211151273
llm_free,ai,4000_story_3509_llm_free.txt,-11.31617454,-10.41310219,-0.074132057,-0.928419968
human,human,4000_story_3510.txt,5.6645034353,7.3620373935,-19.61339948,-3.490971814
llm_free,ai,4000_story_3510_llm_free.txt,-10.13577306,-3.253914923,11.297201717,-2.95126186
human,human,4000_story_3513.txt,17.43237509,7.7868341864,-1.530904144,0.65986091
llm_free,ai,4000_story_3513_llm_free.txt,-15.228123,-6.325364109,1.021372493,-1.061438527
human,human,4000_story_3520.txt,2.6413749107,-11.37809593,-13.85741506,-3.675383924
llm_free,ai,4000_story_3520_llm_free.txt,-12.66366333,-15.6788923,0.4306494358,-1.758125092
human,human,4000_story_3523.txt,13.97333288,15.326095498,1.3087651921,1.1854356696
llm_free,ai,4000_story_3523_llm_free.txt,-17.63150279,-12.73097066,2.3751924709,0.8320627101
human,human,4000_story_3525.txt,22.45253049,3.4682892437,9.7372716097,3.1498477984
llm_free,ai,4000_story_3525_llm_free.txt,-13.43803013,-8.945114446,-0.204530716,1.9651642845
human,human,4000_story_3529.txt,14.713400355,-1.26501035,2.0920254295,1.6191826492
llm_free,ai,4000_story_3529_llm_free.txt,-9.961586665,-13.74303835,-4.685665853,-1.135707727
human,human,4000_story_3532.txt,5.2248319337,25.952346242,-4.21950658,1.6212749253
llm_free,ai,4000_story_3532_llm_free.txt,-13.71092608,-9.979662017,2.6553384576,-1.026371258
human,human,4000_story_3533.txt,14.841695985,0.9823134743,9.2655151889,3.0680763964
llm_free,ai,4000_story_3533_llm_free.txt,-10.66050892,-6.164106712,1.7289508618,1.0213699789
human,human,4000_story_3543.txt,23.320321585,2.9348506452,-0.079611241,0.4298376397
llm_free,ai,4000_story_3543_llm_free.txt,-12.01857876,-9.46906753,0.8485094826,-0.374767683
human,human,4000_story_3545.txt,16.55657623,22.177378017,1.052625706,1.2908868534
llm_free,ai,4000_story_3545_llm_free.txt,-7.601020293,-7.307348425,12.208307691,3.331708567
human,human,4000_story_3547.txt,5.6423232793,25.191040344,8.8075775881,2.6640913817
llm_free,ai,4000_story_3547_llm_free.txt,-9.495387673,-8.699672105,7.550177853,2.0430707305
human,human,4000_story_3550.txt,7.4471540688,13.075589172,-6.882995457,-2.711506951
llm_free,ai,4000_story_3550_llm_free.txt,-12.89423572,-8.346142081,3.012714655,1.1378844377
human,human,4000_story_3552.txt,1.9359333526,30.244455639,-6.398282807,-1.219330817
llm_free,ai,4000_story_3552_llm_free.txt,-9.094448949,-12.02555734,5.20650228,-2.382318113
human,human,4000_story_3553.txt,11.868388404,-9.679893527,-1.280081007,1.8780568216
llm_free,ai,4000_story_3553_llm_free.txt,-12.07862917,-3.336972045,2.2703608204,0.0523567325
human,human,4000_story_3554.txt,20.656871492,60.100714304,4.108050838,1.6588035128
llm_free,ai,4000_story_3554_llm_free.txt,-3.840676355,-9.600748365,7.7838620779,3.3742327641
human,human,4000_story_3557.txt,-9.330255159,10.126658697,-15.03096288,-3.539803596
llm_free,ai,4000_story_3557_llm_free.txt,-13.20759192,-10.85275141,3.349770653,1.3465869306
human,human,4000_story_3583.txt,31.955163365,-3.189904381,12.718755508,-0.529405618
llm_free,ai,4000_story_3583_llm_free.txt,-10.40109233,-12.91283191,5.1210015767,1.5734930068
human,human,4000_story_3597.txt,18.531041703,-0.331272612,6.3970064744,0.3064699297
llm_free,ai,4000_story_3597_llm_free.txt,-5.843528177,-6.157691032,4.5952796434,-1.279479866
human,human,4000_story_3624.txt,12.734799006,6.2477910639,4.0073877246,-0.680637662
llm_free,ai,4000_story_3624_llm_free.txt,-3.760163251,-6.13937161,14.439830393,3.2346346068
human,human,4000_story_3626.txt,13.78517817,26.413786844,-4.883784038,-3.9387064
llm_free,ai,4000_story_3626_llm_free.txt,-9.113652583,-13.10777868,6.5522397326,0.0770985874
human,human,4000_story_3638.txt,16.103063107,28.061100411,-6.052290239,-3.090567675
llm_free,ai,4000_story_3638_llm_free.txt,-15.61664357,-17.96606849,-1.838132823,-0.989662516
human,human,4000_story_3641.txt,19.265367462,15.723202135,-9.791220946,0.0630703233
llm_free,ai,4000_story_3641_llm_free.txt,-9.542476362,-10.88810382,-1.427196422,-1.999198901
human,human,4000_story_3654.txt,21.367243603,17.53916895,-0.723852379,0.5219524769
llm_free,ai,4000_story_3654_llm_free.txt,-5.132331442,-6.388222341,7.1659845768,1.3926797935
human,human,4000_story_3659.txt,24.753414449,1.4357349914,5.0523613489,-1.15901385
llm_free,ai,4000_story_3659_llm_free.txt,-14.12009041,-8.73270873,6.440519045,-1.334234702
human,human,4000_story_3660.txt,15.147852362,22.159033661,7.6791301559,-1.705865752
llm_free,ai,4000_story_3660_llm_free.txt,-15.02233111,-3.944079527,-1.46429806,-1.334934213
human,human,4000_story_3666.txt,7.9751061476,7.6405257491,-6.902991142,-0.977650354
llm_free,ai,4000_story_3666_llm_free.txt,-4.675069528,-10.82862564,6.6636117554,0.5797198846
human,human,4000_story_3695.txt,20.657464032,8.6215001114,-2.120887202,-2.305946209
llm_free,ai,4000_story_3695_llm_free.txt,-11.44193684,-11.00337646,1.8024260019,0.2807920663
human,human,4000_story_3719.txt,26.162997398,11.084430183,3.0369726528,-0.134234255
llm_free,ai,4000_story_3719_llm_free.txt,-14.86417208,-10.95887705,0.8060426765,0.5145664377
human,human,4000_story_3726.txt,19.008737787,9.4910212119,-2.939595573,-0.426969983
llm_free,ai,4000_story_3726_llm_free.txt,-10.53813882,-8.880897075,1.35326034,1.4179544364
human,human,4000_story_3737.txt,26.465529926,-13.42731685,-4.996598984,-0.219006019
llm_free,ai,4000_story_3737_llm_free.txt,-6.337549691,-2.023278854,7.8731472515,1.294477488
human,human,4000_story_3749.txt,5.285191561,13.868765715,-15.21719553,-1.098976348
llm_free,ai,4000_story_3749_llm_free.txt,-10.41842867,-15.22081421,3.2476418194,0.5237094443
human,human,4000_story_3758.txt,-2.598602643,-1.327955747,-22.86708763,-3.565958546
llm_free,ai,4000_story_3758_llm_free.txt,-11.6929911,-6.909149303,9.3789348537,2.463212327
human,human,4000_story_3760.txt,7.3775937944,10.031074093,-14.7035068,-4.746233745
llm_free,ai,4000_story_3760_llm_free.txt,-15.13852348,-10.22254861,6.768295752,1.6291501176
human,human,4000_story_3766.txt,6.0584134502,10.075486224,-11.23233,-4.407586921
llm_free,ai,4000_story_3766_llm_free.txt,-12.17189662,-2.859921239,3.2362864657,0.9703819569
human,human,4000_story_3770.txt,9.3630785485,18.279645638,-7.201271939,-2.285853114
llm_free,ai,4000_story_3770_llm_free.txt,-10.27360779,-8.415369303,11.270926715,-0.280317147
human,human,4000_story_3780.txt,7.4403052921,27.148469381,-8.226400017,0.8993067934
llm_free,ai,4000_story_3780_llm_free.txt,-16.71985851,-16.86542094,0.5263900617,-3.645858457
human,human,4000_story_3784.txt,12.578437059,7.775210647,-2.182975849,-2.064081003
llm_free,ai,4000_story_3784_llm_free.txt,-7.323710681,-5.735599179,8.0695425645,-0.020246049
human,human,4000_story_3785.txt,6.2074716142,-7.003345311,-6.104500118,-1.233683294
llm_free,ai,4000_story_3785_llm_free.txt,-13.56019288,-6.18062249,0.4113730861,-0.401795345
human,human,4000_story_3786.txt,15.545050989,18.519380975,-6.559744829,-2.328958351
llm_free,ai,4000_story_3786_llm_free.txt,-10.88662542,-5.079837983,5.0937320534,2.1814329436
human,human,4000_story_3800.txt,10.597366457,8.7487642067,-1.521800101,-2.181343224
llm_free,ai,4000_story_3800_llm_free.txt,-11.82790313,-4.998731863,12.300902064,1.1614799265
human,human,4000_story_3809.txt,-0.641791572,21.3642714,-24.78730257,-3.057473542
llm_free,ai,4000_story_3809_llm_free.txt,-11.9146986,-7.751078058,-2.062084485,-1.549044324
human,human,4000_story_3820.txt,12.583508064,17.983245565,-7.689096935,-3.579992095
llm_free,ai,4000_story_3820_llm_free.txt,-13.65239514,-7.466626785,8.6551823844,1.569138229
human,human,4000_story_3823.txt,10.366164682,8.3813454585,1.0600932925,1.9995216155
llm_free,ai,4000_story_3823_llm_free.txt,-10.52281879,-8.33580469,5.9249391776,-0.607464268
human,human,4000_story_3830.txt,18.564646,7.4154680454,6.7237255034,-0.238355968
llm_free,ai,4000_story_3830_llm_free.txt,-15.47642597,-1.230390215,5.2729759894,-0.652570563
human,human,4000_story_3832.txt,7.6209448472,8.2306103267,0.7779699267,-2.321590332
llm_free,ai,4000_story_3832_llm_free.txt,-13.50143572,-9.098817578,1.0293298436,0.2904429154
human,human,4000_story_3835.txt,17.924082426,-9.804297967,2.5974730557,-0.339568538
llm_free,ai,4000_story_3835_llm_free.txt,-19.44252487,-11.85420687,-4.304622862,-2.602781752
human,human,4000_story_3855.txt,13.511320131,7.1728754578,3.99277025,2.2011018207
llm_free,ai,4000_story_3855_llm_free.txt,-11.41530848,-14.10365805,2.5616314342,-0.288037826
human,human,4000_story_3856.txt,13.852852138,-2.460906913,1.5359805657,-1.978910635
llm_free,ai,4000_story_3856_llm_free.txt,-15.40964794,-14.52268369,1.4358174138,-1.832300097
human,human,4000_story_3858.txt,16.484098349,-1.173493887,-2.412332107,1.262261353
llm_free,ai,4000_story_3858_llm_free.txt,-16.35083502,-2.290054948,1.7037870711,-0.38154476
human,human,4000_story_3859.txt,-0.218778903,1.490317569,-20.24705218,-2.698307765
llm_free,ai,4000_story_3859_llm_free.txt,-10.04473,-10.91946136,2.8358389736,-0.585755983
human,human,4000_story_3860.txt,13.434337034,-1.899681912,-2.769781524,-1.240283221
llm_free,ai,4000_story_3860_llm_free.txt,-14.5611915,-5.627731309,-1.490934091,-0.98858473
human,human,4000_story_3863.txt,16.940452111,13.719148148,-2.096243987,-1.422359632
llm_free,ai,4000_story_3863_llm_free.txt,-14.1891513,-7.269371788,4.5362397861,-0.705034975
human,human,4000_story_3865.txt,17.162842701,5.6830945402,-2.647026965,0.5681388657
llm_free,ai,4000_story_3865_llm_free.txt,-15.59644892,-13.66517279,0.3449881193,-2.273184408
human,human,4000_story_3866.txt,3.525554457,1.5079532992,-10.26010841,-1.304766719
llm_free,ai,4000_story_3866_llm_free.txt,-12.54497099,-6.870883271,5.1756609664,2.3302147655
human,human,4000_story_3870.txt,12.043811202,-5.094403988,-6.627938188,0.965020282
llm_free,ai,4000_story_3870_llm_free.txt,-13.50552139,-5.752616721,6.0903781302,-0.373801444
human,human,4000_story_3872.txt,22.190840262,-0.746823698,6.9223234235,1.2756633033
llm_free,ai,4000_story_3872_llm_free.txt,-17.05325342,-9.694205327,1.5668746398,-2.004926115
human,human,4000_story_3878.txt,2.9167697719,-8.047370073,-20.15757569,0.0725433535
llm_free,ai,4000_story_3878_llm_free.txt,-12.25477794,-3.3583288,0.3839291655,0.1861840407
human,human,4000_story_3879.txt,4.7625836352,-3.251637343,-7.241357035,-1.795302658
llm_free,ai,4000_story_3879_llm_free.txt,-8.962646384,-9.136256699,3.0564327812,-0.132253525
human,human,4000_story_3884.txt,9.6823955462,15.340184111,-5.250670051,4.6203172866
llm_free,ai,4000_story_3884_llm_free.txt,-13.86569476,-13.72207291,9.9799211693,1.431404638
human,human,4000_story_3885.txt,8.7564040572,15.807755446,1.1610066102,1.9056107924
llm_free,ai,4000_story_3885_llm_free.txt,-12.04428426,-10.46500945,-0.143081723,0.2767515996
human,human,4000_story_3891.txt,7.5810749629,15.206368079,-1.477060359,-1.299615928
llm_free,ai,4000_story_3891_llm_free.txt,-13.8871341,-9.895615324,-3.365216771,-2.484669455
human,human,4000_story_3895.txt,20.362121267,1.7381193922,4.5548567366,3.622491488
llm_free,ai,4000_story_3895_llm_free.txt,-13.3987013,-11.69232338,-2.503461473,-0.918381611
human,human,4000_story_3897.txt,21.989900885,28.915259354,8.8697666853,3.6411971028
llm_free,ai,4000_story_3897_llm_free.txt,-13.35832776,-12.05170428,1.2779326486,0.5075406527
human,human,4000_story_3898.txt,16.666176125,8.8901056393,-1.010607795,-0.511826708
llm_free,ai,4000_story_3898_llm_free.txt,-9.048799178,-6.745149797,10.382331622,-0.338756812
human,human,4000_story_3912.txt,27.449804694,14.711029855,15.299954026,0.574774166
llm_free,ai,4000_story_3912_llm_free.txt,-3.980056117,-0.040314372,14.738566839,3.1612660425
human,human,4000_story_3913.txt,17.364550289,13.569146528,7.2804289507,1.5495855152
llm_free,ai,4000_story_3913_llm_free.txt,-11.01317709,-10.27958986,-2.355599494,0.5010755781
human,human,4000_story_3915.txt,17.955676335,4.0136872971,-6.233660995,-0.83639404
llm_free,ai,4000_story_3915_llm_free.txt,-17.43694057,-11.39172386,3.6737268279,-0.642980701
human,human,4000_story_3916.txt,5.8810377937,2.1453209076,-3.797621044,1.2185298027
llm_free,ai,4000_story_3916_llm_free.txt,-12.77501046,-7.694886239,3.9790504796,1.7805953535
human,human,4000_story_3918.txt,6.8506138497,11.390643527,-5.255796156,-0.335609387
llm_free,ai,4000_story_3918_llm_free.txt,-10.78013367,-2.605492058,6.7721789422,2.5052397777
human,human,4000_story_3919.txt,8.6911878427,6.7516563485,-13.12176717,-0.462789185
llm_free,ai,4000_story_3919_llm_free.txt,-15.57090652,-7.809978041,-1.957870267,-1.508944735
human,human,4000_story_3920.txt,18.247794202,12.035911738,-0.839750289,0.6083243874
llm_free,ai,4000_story_3920_llm_free.txt,-13.89731037,-7.032595309,4.1377781462,1.631663635
human,human,4000_story_3921.txt,8.8794973829,0.6002254287,-3.929907212,3.8197884725
llm_free,ai,4000_story_3921_llm_free.txt,-13.06949294,-17.32407025,2.1929231099,-1.216819608
human,human,4000_story_3922.txt,8.9375486228,-0.428003788,-6.339659985,-0.215272939
llm_free,ai,4000_story_3922_llm_free.txt,-13.91690399,-12.65163012,2.5220345817,-0.57664023
human,human,4000_story_3923.txt,5.1716256332,1.8601101345,-6.385320384,-2.798505844
llm_free,ai,4000_story_3923_llm_free.txt,-13.89584044,-9.721642947,3.8831834779,1.4839829047
human,human,4000_story_3924.txt,6.6835706551,-1.176766808,-9.068892339,-1.100728699
llm_free,ai,4000_story_3924_llm_free.txt,-18.15203467,-5.933702914,0.8683435104,3.3098841185
human,human,4000_story_3925.txt,3.8055523977,2.9345464341,-8.545049945,-0.907228758
llm_free,ai,4000_story_3925_llm_free.txt,-19.80921491,-7.636299094,1.9721204194,-2.1426364
human,human,4000_story_3926.txt,14.27924688,16.480643155,1.1846066307,3.3111233419
llm_free,ai,4000_story_3926_llm_free.txt,-15.13543121,-6.652410015,4.0551901018,0.9636478457
human,human,4000_story_3927.txt,4.9370268544,-2.889727813,-5.147077816,-0.296996089
llm_free,ai,4000_story_3927_llm_free.txt,-11.70411124,-11.95009248,-0.525907573,0.7165325112
human,human,4000_story_3928.txt,3.863713351,3.2884152951,-12.78155165,-0.632408888
llm_free,ai,4000_story_3928_llm_free.txt,-17.9671693,-3.762315365,1.545255388,-1.665921345
human,human,4000_story_3929.txt,18.23307358,16.260532439,24.14181048,-2.224154478
llm_free,ai,4000_story_3929_llm_free.txt,-7.62119184,-14.22234807,6.2296096164,1.632967491
human,human,4000_story_3930.txt,24.227336541,-1.680173523,1.3879972726,0.3786288326
llm_free,ai,4000_story_3930_llm_free.txt,-14.51972695,-4.883375887,1.2168072096,-0.98095296
human,human,4000_story_3934.txt,41.798680857,4.7445719606,-4.222525659,-0.018769659
llm_free,ai,4000_story_3934_llm_free.txt,-13.16779559,-10.75340769,2.2061015017,3.4839927826
human,human,4000_story_3936.txt,11.933303374,-4.729641868,-11.18584208,-1.981234124
llm_free,ai,4000_story_3936_llm_free.txt,-12.67842051,-9.936176117,1.1997237078,0.7920573155
human,human,4000_story_3937.txt,18.214114376,3.3428292936,-0.736246415,1.6332358589
llm_free,ai,4000_story_3937_llm_free.txt,-1.829759935,-16.18728184,-0.275528787,-1.143491702
human,human,4000_story_3938.txt,2.6391900607,-10.07807448,-8.100443368,-0.438657932
llm_free,ai,4000_story_3938_llm_free.txt,-15.52803482,-6.374049143,-0.809364642,0.7061135709
human,human,4000_story_3940.txt,29.42463155,24.003881399,3.2911331837,-0.409834952
llm_free,ai,4000_story_3940_llm_free.txt,-8.61076182,-6.179253901,1.5172051759,-0.362641666
human,human,4000_story_3942.txt,18.244982392,4.6039040888,2.6881306567,1.4474316524
llm_free,ai,4000_story_3942_llm_free.txt,-10.19616606,-9.191099717,5.2420480787,0.472364145
human,human,4000_story_3944.txt,-0.197121739,-4.367115332,-16.5827024,-0.405361034
llm_free,ai,4000_story_3944_llm_free.txt,-7.364830025,-3.334793898,7.9826685145,1.58146701
human,human,4000_story_3945.txt,17.74388044,3.0803186763,-1.008138085,0.4175437057
llm_free,ai,4000_story_3945_llm_free.txt,-10.38279353,-9.132677167,1.8527992525,-0.067708371
human,human,4000_story_3947.txt,24.985836775,13.076600696,18.430642372,0.2577316737
llm_free,ai,4000_story_3947_llm_free.txt,-11.65709098,-10.5551668,0.8901391755,1.3694189447
human,human,4000_story_3948.txt,16.829402642,14.337203584,4.1349072863,-0.029072436
llm_free,ai,4000_story_3948_llm_free.txt,-10.5838186,-8.060075149,5.7579876921,0.637170673
human,human,4000_story_3957.txt,24.231115013,24.213485839,8.8091361283,0.2384683254
llm_free,ai,4000_story_3957_llm_free.txt,-18.04974527,-14.8488028,-8.896363577,-1.801856642
human,human,4000_story_3958.txt,20.683554107,19.409354876,5.5796243959,1.8192411901
llm_free,ai,4000_story_3958_llm_free.txt,-13.66415376,-5.18245171,1.5822227362,-0.884911511
human,human,4000_story_3972.txt,10.453162433,16.864946996,-6.666954353,0.3945745308
llm_free,ai,4000_story_3972_llm_free.txt,-6.834471076,-10.22672693,7.8875000866,1.8897766409
human,human,4000_story_3973.txt,11.331552845,10.510374513,0.0938914627,-1.21906178
llm_free,ai,4000_story_3973_llm_free.txt,-13.09030141,-7.33583466,4.6837338479,1.3825065839
human,human,4000_story_3975.txt,12.78380236,15.405898298,5.1418899508,1.4595350317
llm_free,ai,4000_story_3975_llm_free.txt,-14.35392067,-10.97203848,3.2718107827,-2.106062511
human,human,4000_story_3976.txt,23.556994422,1.542624344,12.853378973,2.5670174216
llm_free,ai,4000_story_3976_llm_free.txt,-12.88858663,-3.807113895,2.057411289,1.9993112579
human,human,4000_story_3977.txt,7.0702387464,7.7826989179,-6.703129837,-0.610695317
llm_free,ai,4000_story_3977_llm_free.txt,-10.40364171,-9.341172257,3.2902927453,-0.653960352
human,human,4000_story_3984.txt,11.544067734,22.678204949,-2.620109986,-0.308761852
llm_free,ai,4000_story_3984_llm_free.txt,-14.85343465,-13.42369539,0.5872685328,-0.502508191
human,human,4000_story_3985.txt,8.0516531153,9.612511284,-0.236953297,-1.210557298
llm_free,ai,4000_story_3985_llm_free.txt,-12.88349493,-12.85640806,2.2121641386,-0.538587643
human,human,4000_story_3992.txt,14.897810185,16.985922346,2.4554088022,0.7458801596
llm_free,ai,4000_story_3992_llm_free.txt,-15.85408131,-5.629530477,-1.215258234,-0.609374109
human,human,4000_story_3996.txt,19.149181407,15.455879873,6.2817456711,1.9697067826
llm_free,ai,4000_story_3996_llm_free.txt,-8.166035446,-10.82016082,2.6882745295,-0.863535558
human,human,4000_story_4001.txt,18.444877597,-11.43205493,6.6551703808,0.7286358905
llm_free,ai,4000_story_4001_llm_free.txt,-12.05507717,-7.948350481,5.8792731613,-1.118419823
human,human,4000_story_4003.txt,15.946421885,-6.325253242,-0.891548547,-1.551154621
llm_free,ai,4000_story_4003_llm_free.txt,-11.98204977,-7.842358241,7.7527909925,-0.174597595
human,human,4000_story_4004.txt,18.469083803,20.86448707,5.973958447,0.9528030478
llm_free,ai,4000_story_4004_llm_free.txt,-17.89487564,-11.26133149,2.1950406977,-1.574836711
human,human,4000_story_4006.txt,3.7501458668,9.3709208773,-17.96911698,-2.680033293
llm_free,ai,4000_story_4006_llm_free.txt,-16.13879301,-9.535807225,0.4672828668,-1.269890004
human,human,4000_story_4008.txt,14.145630523,16.386930517,1.4589965655,-4.358691175
llm_free,ai,4000_story_4008_llm_free.txt,-9.858276896,-14.55324978,3.0976251206,-0.342639789
human,human,4000_story_4014.txt,16.256038205,-0.772264241,-8.023505762,-0.162808527
llm_free,ai,4000_story_4014_llm_free.txt,-7.878010008,-3.645980196,9.8869502309,0.6885159724
human,human,4000_story_4015.txt,15.353391106,-13.03702784,1.3226374408,3.2792924066
llm_free,ai,4000_story_4015_llm_free.txt,-9.870950148,-8.776872526,0.2788828441,-0.826291719
human,human,4000_story_4016.txt,4.6051270608,-10.45738813,1.8890503363,0.5643900728
llm_free,ai,4000_story_4016_llm_free.txt,-11.83834177,-10.99559525,5.9378045741,-0.244215058
human,human,4000_story_4018.txt,6.390757517,-11.22846224,-12.33371024,0.600467216
llm_free,ai,4000_story_4018_llm_free.txt,-10.60147514,-9.690213079,-1.625725927,0.548827266
human,human,4000_story_4019.txt,-1.65180423,-0.384516192,-9.951526607,-2.047308535
llm_free,ai,4000_story_4019_llm_free.txt,-13.16256408,-11.72708506,-3.290559457,-1.612670821
human,human,4000_story_4020.txt,6.7957205538,-10.01108836,-6.982492139,0.1108446485
llm_free,ai,4000_story_4020_llm_free.txt,-15.78968777,-12.92750106,-1.606951311,-0.577989361
human,human,4000_story_4021.txt,6.1496521857,-0.481554317,-13.1028721,-2.804950589
llm_free,ai,4000_story_4021_llm_free.txt,-14.09607863,-9.41775033,6.2173986074,-0.879050782
human,human,4000_story_4023.txt,20.860708579,-12.32546817,-2.79305047,4.639303034
llm_free,ai,4000_story_4023_llm_free.txt,-14.63178054,-14.10671177,-2.612161771,-2.300216687
human,human,4000_story_4024.txt,1.5885034785,10.774213363,-7.018490374,0.0141949064
llm_free,ai,4000_story_4024_llm_free.txt,-12.75768331,-10.90694526,4.5257215616,1.6825807684
human,human,4000_story_4025.txt,1.1432003285,1.6281058025,-6.641006799,-2.081726184
llm_free,ai,4000_story_4025_llm_free.txt,-9.312961373,-5.573943461,5.1001078339,0.3561111295
human,human,4000_story_4027.txt,7.2521544256,-3.468778459,5.1347806114,0.7416165995
llm_free,ai,4000_story_4027_llm_free.txt,-14.44829152,-7.292135163,-2.653488402,-0.182744132
human,human,4000_story_4030.txt,14.013497463,-13.39328055,15.324208907,-0.828695998
llm_free,ai,4000_story_4030_llm_free.txt,-12.37834794,-15.90075997,-1.803571547,-1.341396979
human,human,4000_story_4032.txt,4.3110463491,15.957144379,-11.5403331,0.0315740281
llm_free,ai,4000_story_4032_llm_free.txt,-12.65075503,-11.62027579,0.4737569948,-2.182507611
human,human,4000_story_4033.txt,8.0234118649,17.435459884,-13.89043902,-2.034286499
llm_free,ai,4000_story_4033_llm_free.txt,-15.85003269,-3.528362771,-4.344984627,-1.663833685
human,human,4000_story_4036.txt,0.2822267699,17.115542256,-14.14039338,-2.057592623
llm_free,ai,4000_story_4036_llm_free.txt,-12.58348855,-14.79607165,-4.055865846,-1.088874027
human,human,4000_story_4041.txt,8.0970531697,25.734551256,-6.742163106,1.6150539417
llm_free,ai,4000_story_4041_llm_free.txt,-15.42015245,-9.129275866,2.8339504593,-1.255189483
human,human,4000_story_4042.txt,14.129735559,20.13490741,-10.24519171,2.1111009257
llm_free,ai,4000_story_4042_llm_free.txt,-14.68011602,-16.98401245,3.4812323889,0.259552605
human,human,4000_story_4045.txt,4.0707677122,11.321144191,-14.85427979,-1.752507116
llm_free,ai,4000_story_4045_llm_free.txt,-9.367738111,-3.078252705,7.1957787226,0.1342117589
human,human,4000_story_4046.txt,5.0981419388,17.371660404,-14.64709263,-0.783967979
llm_free,ai,4000_story_4046_llm_free.txt,-8.958837061,-9.594450567,3.4143153684,-0.478372321
human,human,4000_story_4047.txt,-2.607950218,14.446744748,-17.13554885,-2.322686139
llm_free,ai,4000_story_4047_llm_free.txt,-13.04784592,-15.92184619,-2.323553866,0.9612895099
human,human,4000_story_4049.txt,5.3919343614,9.4282319304,-10.02297736,-2.143260406
llm_free,ai,4000_story_4049_llm_free.txt,-7.478442967,-8.817593614,3.7140310404,0.396727794
human,human,4000_story_4052.txt,10.755430061,20.626484025,-6.257540005,-1.112312026
llm_free,ai,4000_story_4052_llm_free.txt,-10.30289729,-9.05677824,5.3961942507,-1.323010961
human,human,4000_story_4056.txt,3.4748853209,26.87361894,-13.54369722,-1.932743906
llm_free,ai,4000_story_4056_llm_free.txt,-13.07156048,-6.557089637,5.2747312449,-0.777036388
human,human,4000_story_4057.txt,5.6557291459,30.926546117,-11.39744139,-1.113610597
llm_free,ai,4000_story_4057_llm_free.txt,-14.08157701,-8.11106171,1.3957755269,0.4817942089
human,human,4000_story_4064.txt,1.301929921,17.78147031,-15.29096928,-0.967165142
llm_free,ai,4000_story_4064_llm_free.txt,-17.8710446,-7.745338914,2.909194435,-0.159711662
human,human,cont_story_0001.txt,6.4756748437,-7.856839139,2.9139459873,0.6537886282
llm_free,ai,cont_story_0001_llm_free.txt,-15.14309631,-13.53290357,-0.780456088,-1.72011547
human,human,cont_story_0002.txt,-5.35012486,5.3863890578,-2.378257232,-0.381473872
llm_free,ai,cont_story_0002_llm_free.txt,-13.02857454,-15.40417341,2.3542632408,-1.756306468
human,human,cont_story_0003.txt,23.423162127,10.383150799,8.5493139651,2.4389875474
llm_free,ai,cont_story_0003_llm_free.txt,-12.44325683,-9.298934442,1.9643061232,0.840884481
human,human,cont_story_0004.txt,7.0742979399,3.0557145616,-0.927649509,0.7517799075
llm_free,ai,cont_story_0004_llm_free.txt,-13.75523886,-6.850172811,4.1524747038,-0.766974725
human,human,cont_story_0005.txt,11.513959832,-12.47316225,7.4864976119,0.5325289069
llm_free,ai,cont_story_0005_llm_free.txt,-14.71704195,-2.200073496,4.4230629713,2.9900078441
human,human,cont_story_0006.txt,24.421015171,-7.3440399,16.080340207,0.2718081892
llm_free,ai,cont_story_0006_llm_free.txt,-15.21986563,-9.876656381,1.2533564251,1.0708943469
human,human,cont_story_0007.txt,25.179222799,4.6718370703,10.544896072,1.807672907
llm_free,ai,cont_story_0007_llm_free.txt,-5.878575973,-10.10235475,9.4384022037,2.1427510654
human,human,cont_story_0008.txt,22.554009668,15.710409147,21.090477074,-0.600626204
llm_free,ai,cont_story_0008_llm_free.txt,-8.743334032,-8.603200938,10.855273311,-0.832511064
human,human,cont_story_0009.txt,24.869008133,6.3894126996,6.4440949098,-2.203952813
llm_free,ai,cont_story_0009_llm_free.txt,-7.886017759,-4.172253585,7.8864675109,-1.055219183
human,human,cont_story_0010.txt,25.384327732,3.9802301921,10.176429625,1.0924963706
llm_free,ai,cont_story_0010_llm_free.txt,-14.19713422,-6.788932826,3.3656415594,-1.844872969
human,human,cont_story_0011.txt,29.814128566,21.094267857,12.496345126,2.9096866917
llm_free,ai,cont_story_0011_llm_free.txt,-12.31748527,-12.73909863,-0.79598524,-2.583812385
human,human,cont_story_0012.txt,2.2036221403,2.1749946986,7.9330328127,4.515376922
llm_free,ai,cont_story_0012_llm_free.txt,-7.604292343,-10.05175792,5.4854781113,-0.570106575
human,human,cont_story_0013.txt,1.1889450174,-2.439020755,-3.694877173,1.5335585008
llm_free,ai,cont_story_0013_llm_free.txt,-13.06961946,-9.062300993,1.4761564241,-1.074056674
human,human,cont_story_0014.txt,14.343328249,4.9370716348,11.928040236,-0.4943866
llm_free,ai,cont_story_0014_llm_free.txt,-14.24890376,-13.74234491,-0.236082852,1.471164302
human,human,cont_story_0015.txt,20.773613194,1.0964267362,3.2288834873,1.3151312934
llm_free,ai,cont_story_0015_llm_free.txt,-15.30122529,-5.994473759,8.2027815451,1.2791453679
human,human,cont_story_0016.txt,10.680698088,-5.660226154,5.9435429398,-0.551966956
llm_free,ai,cont_story_0016_llm_free.txt,-11.42349222,-12.42623574,0.9868142102,0.224865919
human,human,cont_story_0017.txt,8.7741147457,14.437715167,1.1162748422,1.2383312241
llm_free,ai,cont_story_0017_llm_free.txt,-12.96425328,-9.509134562,0.4510687703,-2.807824361
human,human,cont_story_0018.txt,2.135580836,0.1396265448,24.844570823,6.2052666653
llm_free,ai,cont_story_0018_llm_free.txt,-14.17242409,-12.1032851,-2.296534068,-1.872417707
human,human,cont_story_0019.txt,-4.93650723,11.330679007,-5.344501638,3.3259640006
llm_free,ai,cont_story_0019_llm_free.txt,-10.27487227,-10.99202804,4.0897282108,-0.60205665
human,human,cont_story_0020.txt,3.3112376965,-5.262319523,12.430880932,3.5341667703
llm_free,ai,cont_story_0020_llm_free.txt,-19.10276785,-8.845470238,-6.205941804,-2.575549017
